date,close,high,low,open,volume,predictor
2000-01-03,206.5800018310547,206.5800018310547,206.5800018310547,206.5800018310547,0,Energy_Index
2000-01-04,202.3800048828125,202.3800048828125,202.3800048828125,202.3800048828125,0,Energy_Index
2000-01-05,208.55999755859375,208.55999755859375,208.55999755859375,208.55999755859375,0,Energy_Index
2000-01-06,218.13999938964844,218.13999938964844,218.13999938964844,218.13999938964844,0,Energy_Index
2000-01-07,220.85000610351562,220.85000610351562,220.85000610351562,220.85000610351562,0,Energy_Index
2000-01-10,217.6999969482422,217.6999969482422,217.6999969482422,217.6999969482422,0,Energy_Index
2000-01-11,219.11000061035156,219.11000061035156,219.11000061035156,219.11000061035156,0,Energy_Index
2000-01-12,216.1199951171875,216.1199951171875,216.1199951171875,216.1199951171875,0,Energy_Index
2000-01-13,219.6199951171875,219.6199951171875,219.6199951171875,219.6199951171875,0,Energy_Index
2000-01-14,217.02000427246094,217.02000427246094,217.02000427246094,217.02000427246094,0,Energy_Index
2000-01-18,220.6699981689453,220.6699981689453,220.6699981689453,220.6699981689453,0,Energy_Index
2000-01-19,221.11000061035156,221.11000061035156,221.11000061035156,221.11000061035156,0,Energy_Index
2000-01-20,216.3800048828125,216.3800048828125,216.3800048828125,216.3800048828125,0,Energy_Index
2000-01-21,220.5800018310547,220.5800018310547,220.5800018310547,220.5800018310547,0,Energy_Index
2000-01-24,216.6199951171875,216.6199951171875,216.6199951171875,216.6199951171875,0,Energy_Index
2000-01-25,215.52999877929688,215.52999877929688,215.52999877929688,215.52999877929688,0,Energy_Index
2000-01-26,213.08999633789062,213.08999633789062,213.08999633789062,213.08999633789062,0,Energy_Index
2000-01-27,207.38999938964844,207.38999938964844,207.38999938964844,207.38999938964844,0,Energy_Index
2000-01-28,202.49000549316406,202.49000549316406,202.49000549316406,202.49000549316406,0,Energy_Index
2000-01-31,209.22000122070312,209.22000122070312,209.22000122070312,209.22000122070312,0,Energy_Index
2000-02-01,209.1199951171875,209.1199951171875,209.1199951171875,209.1199951171875,0,Energy_Index
2000-02-02,209.6300048828125,209.6300048828125,209.6300048828125,209.6300048828125,0,Energy_Index
2000-02-03,206.82000732421875,206.82000732421875,206.82000732421875,206.82000732421875,0,Energy_Index
2000-02-04,201.39999389648438,201.39999389648438,201.39999389648438,201.39999389648438,0,Energy_Index
2000-02-07,202.75,202.75,202.75,202.75,0,Energy_Index
2000-02-08,200.32000732421875,200.32000732421875,200.32000732421875,200.32000732421875,0,Energy_Index
2000-02-09,192.25999450683594,192.25999450683594,192.25999450683594,192.25999450683594,0,Energy_Index
2000-02-10,196.0800018310547,196.0800018310547,196.0800018310547,196.0800018310547,0,Energy_Index
2000-02-11,191.64999389648438,191.64999389648438,191.64999389648438,191.64999389648438,0,Energy_Index
2000-02-14,196.14999389648438,196.14999389648438,196.14999389648438,196.14999389648438,0,Energy_Index
2000-02-15,203.83999633789062,203.83999633789062,203.83999633789062,203.83999633789062,0,Energy_Index
2000-02-16,205.1300048828125,205.1300048828125,205.1300048828125,205.1300048828125,0,Energy_Index
2000-02-17,203.8699951171875,203.8699951171875,203.8699951171875,203.8699951171875,0,Energy_Index
2000-02-18,198.27999877929688,198.27999877929688,198.27999877929688,198.27999877929688,0,Energy_Index
2000-02-22,196.19000244140625,196.19000244140625,196.19000244140625,196.19000244140625,0,Energy_Index
2000-02-23,191.72999572753906,191.72999572753906,191.72999572753906,191.72999572753906,0,Energy_Index
2000-02-24,188.3000030517578,188.3000030517578,188.3000030517578,188.3000030517578,0,Energy_Index
2000-02-25,186.08999633789062,186.08999633789062,186.08999633789062,186.08999633789062,0,Energy_Index
2000-02-28,191.8000030517578,191.8000030517578,191.8000030517578,191.8000030517578,0,Energy_Index
2000-02-29,196.10000610351562,196.10000610351562,196.10000610351562,196.10000610351562,0,Energy_Index
2000-03-01,200.4199981689453,200.4199981689453,200.4199981689453,200.4199981689453,0,Energy_Index
2000-03-02,202.82000732421875,202.82000732421875,202.82000732421875,202.82000732421875,0,Energy_Index
2000-03-03,200.2899932861328,200.2899932861328,200.2899932861328,200.2899932861328,0,Energy_Index
2000-03-06,196.47000122070312,196.47000122070312,196.47000122070312,196.47000122070312,0,Energy_Index
2000-03-07,212.7100067138672,212.7100067138672,212.7100067138672,212.7100067138672,0,Energy_Index
2000-03-08,209.5,209.5,209.5,209.5,0,Energy_Index
2000-03-09,212.0500030517578,212.0500030517578,212.0500030517578,212.0500030517578,0,Energy_Index
2000-03-10,207.1300048828125,207.1300048828125,207.1300048828125,207.1300048828125,0,Energy_Index
2000-03-13,204.2100067138672,204.2100067138672,204.2100067138672,204.2100067138672,0,Energy_Index
2000-03-14,206.17999267578125,206.17999267578125,206.17999267578125,206.17999267578125,0,Energy_Index
2000-03-15,207.49000549316406,207.49000549316406,207.49000549316406,207.49000549316406,0,Energy_Index
2000-03-16,215.0500030517578,215.0500030517578,215.0500030517578,215.0500030517578,0,Energy_Index
2000-03-17,207.61000061035156,207.61000061035156,207.61000061035156,207.61000061035156,0,Energy_Index
2000-03-20,203.42999267578125,203.42999267578125,203.42999267578125,203.42999267578125,0,Energy_Index
2000-03-21,209.47000122070312,209.47000122070312,209.47000122070312,209.47000122070312,0,Energy_Index
2000-03-22,206.49000549316406,206.49000549316406,206.49000549316406,206.49000549316406,0,Energy_Index
2000-03-23,207.5800018310547,207.5800018310547,207.5800018310547,207.5800018310547,0,Energy_Index
2000-03-24,209.36000061035156,209.36000061035156,209.36000061035156,209.36000061035156,0,Energy_Index
2000-03-27,207.92999267578125,207.92999267578125,207.92999267578125,207.92999267578125,0,Energy_Index
2000-03-28,207.00999450683594,207.00999450683594,207.00999450683594,207.00999450683594,0,Energy_Index
2000-03-29,218.0399932861328,218.0399932861328,218.0399932861328,218.0399932861328,0,Energy_Index
2000-03-30,218.1199951171875,218.1199951171875,218.1199951171875,218.1199951171875,0,Energy_Index
2000-03-31,216.6199951171875,216.6199951171875,216.6199951171875,216.6199951171875,0,Energy_Index
2000-04-03,221.36000061035156,221.36000061035156,221.36000061035156,221.36000061035156,0,Energy_Index
2000-04-04,221.5399932861328,221.5399932861328,221.5399932861328,221.5399932861328,0,Energy_Index
2000-04-05,214.52999877929688,214.52999877929688,214.52999877929688,214.52999877929688,0,Energy_Index
2000-04-06,219.38999938964844,219.38999938964844,219.38999938964844,219.38999938964844,0,Energy_Index
2000-04-07,214.92999267578125,214.92999267578125,214.92999267578125,214.92999267578125,0,Energy_Index
2000-04-10,211.75,211.75,211.75,211.75,0,Energy_Index
2000-04-11,215.32000732421875,215.32000732421875,215.32000732421875,215.32000732421875,0,Energy_Index
2000-04-12,217.36000061035156,217.36000061035156,217.36000061035156,217.36000061035156,0,Energy_Index
2000-04-13,215.82000732421875,215.82000732421875,215.82000732421875,215.82000732421875,0,Energy_Index
2000-04-14,212.1300048828125,212.1300048828125,212.1300048828125,212.1300048828125,0,Energy_Index
2000-04-17,206.6199951171875,206.6199951171875,206.6199951171875,206.6199951171875,0,Energy_Index
2000-04-18,209.19000244140625,209.19000244140625,209.19000244140625,209.19000244140625,0,Energy_Index
2000-04-19,211.5399932861328,211.5399932861328,211.5399932861328,211.5399932861328,0,Energy_Index
2000-04-20,214.1199951171875,214.1199951171875,214.1199951171875,214.1199951171875,0,Energy_Index
2000-04-24,215.6300048828125,215.6300048828125,215.6300048828125,215.6300048828125,0,Energy_Index
2000-04-25,217.0500030517578,217.0500030517578,217.0500030517578,217.0500030517578,0,Energy_Index
2000-04-26,217.57000732421875,217.57000732421875,217.57000732421875,217.57000732421875,0,Energy_Index
2000-04-27,220.08999633789062,220.08999633789062,220.08999633789062,220.08999633789062,0,Energy_Index
2000-04-28,214.80999755859375,214.80999755859375,214.80999755859375,214.80999755859375,0,Energy_Index
2000-05-01,215.88999938964844,215.88999938964844,215.88999938964844,215.88999938964844,0,Energy_Index
2000-05-02,219.30999755859375,219.30999755859375,219.30999755859375,219.30999755859375,0,Energy_Index
2000-05-03,214.1699981689453,214.1699981689453,214.1699981689453,214.1699981689453,0,Energy_Index
2000-05-04,219.02999877929688,219.02999877929688,219.02999877929688,219.02999877929688,0,Energy_Index
2000-05-05,221.9600067138672,221.9600067138672,221.9600067138672,221.9600067138672,0,Energy_Index
2000-05-08,223.83999633789062,223.83999633789062,223.83999633789062,223.83999633789062,0,Energy_Index
2000-05-09,223.19000244140625,223.19000244140625,223.19000244140625,223.19000244140625,0,Energy_Index
2000-05-10,225.2899932861328,225.2899932861328,225.2899932861328,225.2899932861328,0,Energy_Index
2000-05-11,230.91000366210938,230.91000366210938,230.91000366210938,230.91000366210938,0,Energy_Index
2000-05-12,231.72000122070312,231.72000122070312,231.72000122070312,231.72000122070312,0,Energy_Index
2000-05-15,236.0,236.0,236.0,236.0,0,Energy_Index
2000-05-16,232.72000122070312,232.72000122070312,232.72000122070312,232.72000122070312,0,Energy_Index
2000-05-17,232.0800018310547,232.0800018310547,232.0800018310547,232.0800018310547,0,Energy_Index
2000-05-18,230.77000427246094,230.77000427246094,230.77000427246094,230.77000427246094,0,Energy_Index
2000-05-19,232.41000366210938,232.41000366210938,232.41000366210938,232.41000366210938,0,Energy_Index
2000-05-22,232.6300048828125,232.6300048828125,232.6300048828125,232.6300048828125,0,Energy_Index
2000-05-23,231.97000122070312,231.97000122070312,231.97000122070312,231.97000122070312,0,Energy_Index
2000-05-24,231.13999938964844,231.13999938964844,231.13999938964844,231.13999938964844,0,Energy_Index
2000-05-25,227.74000549316406,227.74000549316406,227.74000549316406,227.74000549316406,0,Energy_Index
2000-05-26,228.1199951171875,228.1199951171875,228.1199951171875,228.1199951171875,0,Energy_Index
2000-05-30,230.64999389648438,230.64999389648438,230.64999389648438,230.64999389648438,0,Energy_Index
2000-05-31,234.16000366210938,234.16000366210938,234.16000366210938,234.16000366210938,0,Energy_Index
2000-06-01,232.6699981689453,232.6699981689453,232.6699981689453,232.6699981689453,0,Energy_Index
2000-06-02,224.5500030517578,224.5500030517578,224.5500030517578,224.5500030517578,0,Energy_Index
2000-06-05,223.35000610351562,223.35000610351562,223.35000610351562,223.35000610351562,0,Energy_Index
2000-06-06,230.97000122070312,230.97000122070312,230.97000122070312,230.97000122070312,0,Energy_Index
2000-06-07,228.77000427246094,228.77000427246094,228.77000427246094,228.77000427246094,0,Energy_Index
2000-06-08,227.88999938964844,227.88999938964844,227.88999938964844,227.88999938964844,0,Energy_Index
2000-06-09,225.97000122070312,225.97000122070312,225.97000122070312,225.97000122070312,0,Energy_Index
2000-06-12,230.99000549316406,230.99000549316406,230.99000549316406,230.99000549316406,0,Energy_Index
2000-06-13,232.0,232.0,232.0,232.0,0,Energy_Index
2000-06-14,233.0399932861328,233.0399932861328,233.0399932861328,233.0399932861328,0,Energy_Index
2000-06-15,230.27999877929688,230.27999877929688,230.27999877929688,230.27999877929688,0,Energy_Index
2000-06-16,235.07000732421875,235.07000732421875,235.07000732421875,235.07000732421875,0,Energy_Index
2000-06-19,232.0399932861328,232.0399932861328,232.0399932861328,232.0399932861328,0,Energy_Index
2000-06-20,230.49000549316406,230.49000549316406,230.49000549316406,230.49000549316406,0,Energy_Index
2000-06-21,234.17999267578125,234.17999267578125,234.17999267578125,234.17999267578125,0,Energy_Index
2000-06-22,229.3300018310547,229.3300018310547,229.3300018310547,229.3300018310547,0,Energy_Index
2000-06-23,230.5,230.5,230.5,230.5,0,Energy_Index
2000-06-26,229.83999633789062,229.83999633789062,229.83999633789062,229.83999633789062,0,Energy_Index
2000-06-27,228.41000366210938,228.41000366210938,228.41000366210938,228.41000366210938,0,Energy_Index
2000-06-28,226.30999755859375,226.30999755859375,226.30999755859375,226.30999755859375,0,Energy_Index
2000-06-29,226.14999389648438,226.14999389648438,226.14999389648438,226.14999389648438,0,Energy_Index
2000-06-30,221.75999450683594,221.75999450683594,221.75999450683594,221.75999450683594,0,Energy_Index
2000-07-03,224.6199951171875,224.6199951171875,224.6199951171875,224.6199951171875,0,Energy_Index
2000-07-05,215.6199951171875,215.6199951171875,215.6199951171875,215.6199951171875,0,Energy_Index
2000-07-06,218.24000549316406,218.24000549316406,218.24000549316406,218.24000549316406,0,Energy_Index
2000-07-07,219.47000122070312,219.47000122070312,219.47000122070312,219.47000122070312,0,Energy_Index
2000-07-10,218.7100067138672,218.7100067138672,218.7100067138672,218.7100067138672,0,Energy_Index
2000-07-11,227.39999389648438,227.39999389648438,227.39999389648438,227.39999389648438,0,Energy_Index
2000-07-12,222.52000427246094,222.52000427246094,222.52000427246094,222.52000427246094,0,Energy_Index
2000-07-13,220.6699981689453,220.6699981689453,220.6699981689453,220.6699981689453,0,Energy_Index
2000-07-14,219.3800048828125,219.3800048828125,219.3800048828125,219.3800048828125,0,Energy_Index
2000-07-17,217.22999572753906,217.22999572753906,217.22999572753906,217.22999572753906,0,Energy_Index
2000-07-18,218.0800018310547,218.0800018310547,218.0800018310547,218.0800018310547,0,Energy_Index
2000-07-19,218.86000061035156,218.86000061035156,218.86000061035156,218.86000061035156,0,Energy_Index
2000-07-20,216.5500030517578,216.5500030517578,216.5500030517578,216.5500030517578,0,Energy_Index
2000-07-21,212.42999267578125,212.42999267578125,212.42999267578125,212.42999267578125,0,Energy_Index
2000-07-24,208.97000122070312,208.97000122070312,208.97000122070312,208.97000122070312,0,Energy_Index
2000-07-25,207.99000549316406,207.99000549316406,207.99000549316406,207.99000549316406,0,Energy_Index
2000-07-26,208.77000427246094,208.77000427246094,208.77000427246094,208.77000427246094,0,Energy_Index
2000-07-27,217.6199951171875,217.6199951171875,217.6199951171875,217.6199951171875,0,Energy_Index
2000-07-28,217.6300048828125,217.6300048828125,217.6300048828125,217.6300048828125,0,Energy_Index
2000-07-31,216.69000244140625,216.69000244140625,216.69000244140625,216.69000244140625,0,Energy_Index
2000-08-01,217.55999755859375,217.55999755859375,217.55999755859375,217.55999755859375,0,Energy_Index
2000-08-02,223.0800018310547,223.0800018310547,223.0800018310547,223.0800018310547,0,Energy_Index
2000-08-03,220.74000549316406,220.74000549316406,220.74000549316406,220.74000549316406,0,Energy_Index
2000-08-04,221.10000610351562,221.10000610351562,221.10000610351562,221.10000610351562,0,Energy_Index
2000-08-07,222.16000366210938,222.16000366210938,222.16000366210938,222.16000366210938,0,Energy_Index
2000-08-08,221.88999938964844,221.88999938964844,221.88999938964844,221.88999938964844,0,Energy_Index
2000-08-09,225.52000427246094,225.52000427246094,225.52000427246094,225.52000427246094,0,Energy_Index
2000-08-10,227.38999938964844,227.38999938964844,227.38999938964844,227.38999938964844,0,Energy_Index
2000-08-11,225.7899932861328,225.7899932861328,225.7899932861328,225.7899932861328,0,Energy_Index
2000-08-14,229.75999450683594,229.75999450683594,229.75999450683594,229.75999450683594,0,Energy_Index
2000-08-15,228.39999389648438,228.39999389648438,228.39999389648438,228.39999389648438,0,Energy_Index
2000-08-16,232.30999755859375,232.30999755859375,232.30999755859375,232.30999755859375,0,Energy_Index
2000-08-17,236.66000366210938,236.66000366210938,236.66000366210938,236.66000366210938,0,Energy_Index
2000-08-18,233.35000610351562,233.35000610351562,233.35000610351562,233.35000610351562,0,Energy_Index
2000-08-21,234.52999877929688,234.52999877929688,234.52999877929688,234.52999877929688,0,Energy_Index
2000-08-22,234.14999389648438,234.14999389648438,234.14999389648438,234.14999389648438,0,Energy_Index
2000-08-23,239.72999572753906,239.72999572753906,239.72999572753906,239.72999572753906,0,Energy_Index
2000-08-24,234.1699981689453,234.1699981689453,234.1699981689453,234.1699981689453,0,Energy_Index
2000-08-25,234.57000732421875,234.57000732421875,234.57000732421875,234.57000732421875,0,Energy_Index
2000-08-28,235.4600067138672,235.4600067138672,235.4600067138672,235.4600067138672,0,Energy_Index
2000-08-29,235.13999938964844,235.13999938964844,235.13999938964844,235.13999938964844,0,Energy_Index
2000-08-30,232.50999450683594,232.50999450683594,232.50999450683594,232.50999450683594,0,Energy_Index
2000-08-31,232.3000030517578,232.3000030517578,232.3000030517578,232.3000030517578,0,Energy_Index
2000-09-01,234.97000122070312,234.97000122070312,234.97000122070312,234.97000122070312,0,Energy_Index
2000-09-05,235.3000030517578,235.3000030517578,235.3000030517578,235.3000030517578,0,Energy_Index
2000-09-06,239.63999938964844,239.63999938964844,239.63999938964844,239.63999938964844,0,Energy_Index
2000-09-07,239.05999755859375,239.05999755859375,239.05999755859375,239.05999755859375,0,Energy_Index
2000-09-08,236.6300048828125,236.6300048828125,236.6300048828125,236.6300048828125,0,Energy_Index
2000-09-11,242.4499969482422,242.4499969482422,242.4499969482422,242.4499969482422,0,Energy_Index
2000-09-12,242.66000366210938,242.66000366210938,242.66000366210938,242.66000366210938,0,Energy_Index
2000-09-13,240.0500030517578,240.0500030517578,240.0500030517578,240.0500030517578,0,Energy_Index
2000-09-14,238.2899932861328,238.2899932861328,238.2899932861328,238.2899932861328,0,Energy_Index
2000-09-15,246.3300018310547,246.3300018310547,246.3300018310547,246.3300018310547,0,Energy_Index
2000-09-18,246.0,246.0,246.0,246.0,0,Energy_Index
2000-09-19,240.5399932861328,240.5399932861328,240.5399932861328,240.5399932861328,0,Energy_Index
2000-09-20,237.07000732421875,237.07000732421875,237.07000732421875,237.07000732421875,0,Energy_Index
2000-09-21,235.41000366210938,235.41000366210938,235.41000366210938,235.41000366210938,0,Energy_Index
2000-09-22,233.35000610351562,233.35000610351562,233.35000610351562,233.35000610351562,0,Energy_Index
2000-09-25,231.05999755859375,231.05999755859375,231.05999755859375,231.05999755859375,0,Energy_Index
2000-09-26,233.92999267578125,233.92999267578125,233.92999267578125,233.92999267578125,0,Energy_Index
2000-09-27,239.89999389648438,239.89999389648438,239.89999389648438,239.89999389648438,0,Energy_Index
2000-09-28,238.5500030517578,238.5500030517578,238.5500030517578,238.5500030517578,0,Energy_Index
2000-09-29,239.5800018310547,239.5800018310547,239.5800018310547,239.5800018310547,0,Energy_Index
2000-10-02,244.86000061035156,244.86000061035156,244.86000061035156,244.86000061035156,0,Energy_Index
2000-10-03,244.1999969482422,244.1999969482422,244.1999969482422,244.1999969482422,0,Energy_Index
2000-10-04,238.75999450683594,238.75999450683594,238.75999450683594,238.75999450683594,0,Energy_Index
2000-10-05,238.38999938964844,238.38999938964844,238.38999938964844,238.38999938964844,0,Energy_Index
2000-10-06,237.24000549316406,237.24000549316406,237.24000549316406,237.24000549316406,0,Energy_Index
2000-10-09,241.82000732421875,241.82000732421875,241.82000732421875,241.82000732421875,0,Energy_Index
2000-10-10,247.4199981689453,247.4199981689453,247.4199981689453,247.4199981689453,0,Energy_Index
2000-10-11,249.16000366210938,249.16000366210938,249.16000366210938,249.16000366210938,0,Energy_Index
2000-10-12,253.0399932861328,253.0399932861328,253.0399932861328,253.0399932861328,0,Energy_Index
2000-10-13,243.72000122070312,243.72000122070312,243.72000122070312,243.72000122070312,0,Energy_Index
2000-10-16,239.6199951171875,239.6199951171875,239.6199951171875,239.6199951171875,0,Energy_Index
2000-10-17,240.19000244140625,240.19000244140625,240.19000244140625,240.19000244140625,0,Energy_Index
2000-10-18,236.9600067138672,236.9600067138672,236.9600067138672,236.9600067138672,0,Energy_Index
2000-10-19,237.0500030517578,237.0500030517578,237.0500030517578,237.0500030517578,0,Energy_Index
2000-10-20,242.07000732421875,242.07000732421875,242.07000732421875,242.07000732421875,0,Energy_Index
2000-10-23,239.99000549316406,239.99000549316406,239.99000549316406,239.99000549316406,0,Energy_Index
2000-10-24,235.0800018310547,235.0800018310547,235.0800018310547,235.0800018310547,0,Energy_Index
2000-10-25,231.61000061035156,231.61000061035156,231.61000061035156,231.61000061035156,0,Energy_Index
2000-10-26,232.52000427246094,232.52000427246094,232.52000427246094,232.52000427246094,0,Energy_Index
2000-10-27,230.47000122070312,230.47000122070312,230.47000122070312,230.47000122070312,0,Energy_Index
2000-10-30,234.33999633789062,234.33999633789062,234.33999633789062,234.33999633789062,0,Energy_Index
2000-10-31,234.74000549316406,234.74000549316406,234.74000549316406,234.74000549316406,0,Energy_Index
2000-11-01,242.25999450683594,242.25999450683594,242.25999450683594,242.25999450683594,0,Energy_Index
2000-11-02,232.66000366210938,232.66000366210938,232.66000366210938,232.66000366210938,0,Energy_Index
2000-11-03,232.5500030517578,232.5500030517578,232.5500030517578,232.5500030517578,0,Energy_Index
2000-11-06,234.4199981689453,234.4199981689453,234.4199981689453,234.4199981689453,0,Energy_Index
2000-11-07,235.16000366210938,235.16000366210938,235.16000366210938,235.16000366210938,0,Energy_Index
2000-11-08,238.32000732421875,238.32000732421875,238.32000732421875,238.32000732421875,0,Energy_Index
2000-11-09,236.6699981689453,236.6699981689453,236.6699981689453,236.6699981689453,0,Energy_Index
2000-11-10,236.08999633789062,236.08999633789062,236.08999633789062,236.08999633789062,0,Energy_Index
2000-11-13,234.67999267578125,234.67999267578125,234.67999267578125,234.67999267578125,0,Energy_Index
2000-11-14,236.77000427246094,236.77000427246094,236.77000427246094,236.77000427246094,0,Energy_Index
2000-11-15,240.17999267578125,240.17999267578125,240.17999267578125,240.17999267578125,0,Energy_Index
2000-11-16,241.1699981689453,241.1699981689453,241.1699981689453,241.1699981689453,0,Energy_Index
2000-11-17,239.5500030517578,239.5500030517578,239.5500030517578,239.5500030517578,0,Energy_Index
2000-11-20,238.89999389648438,238.89999389648438,238.89999389648438,238.89999389648438,0,Energy_Index
2000-11-21,243.19000244140625,243.19000244140625,243.19000244140625,243.19000244140625,0,Energy_Index
2000-11-22,242.5500030517578,242.5500030517578,242.5500030517578,242.5500030517578,0,Energy_Index
2000-11-24,243.3699951171875,243.3699951171875,243.3699951171875,243.3699951171875,0,Energy_Index
2000-11-27,242.61000061035156,242.61000061035156,242.61000061035156,242.61000061035156,0,Energy_Index
2000-11-28,242.61000061035156,242.61000061035156,242.61000061035156,242.61000061035156,0,Energy_Index
2000-11-29,232.97999572753906,232.97999572753906,232.97999572753906,232.97999572753906,0,Energy_Index
2000-11-30,227.7100067138672,227.7100067138672,227.7100067138672,227.7100067138672,0,Energy_Index
2000-12-01,231.05999755859375,231.05999755859375,231.05999755859375,231.05999755859375,0,Energy_Index
2000-12-04,234.9499969482422,234.9499969482422,234.9499969482422,234.9499969482422,0,Energy_Index
2000-12-05,230.24000549316406,230.24000549316406,230.24000549316406,230.24000549316406,0,Energy_Index
2000-12-06,226.6199951171875,226.6199951171875,226.6199951171875,226.6199951171875,0,Energy_Index
2000-12-07,228.97000122070312,228.97000122070312,228.97000122070312,228.97000122070312,0,Energy_Index
2000-12-08,229.55999755859375,229.55999755859375,229.55999755859375,229.55999755859375,0,Energy_Index
2000-12-11,227.25999450683594,227.25999450683594,227.25999450683594,227.25999450683594,0,Energy_Index
2000-12-12,229.9199981689453,229.9199981689453,229.9199981689453,229.9199981689453,0,Energy_Index
2000-12-13,231.83999633789062,231.83999633789062,231.83999633789062,231.83999633789062,0,Energy_Index
2000-12-14,224.94000244140625,224.94000244140625,224.94000244140625,224.94000244140625,0,Energy_Index
2000-12-15,224.80999755859375,224.80999755859375,224.80999755859375,224.80999755859375,0,Energy_Index
2000-12-18,232.27999877929688,232.27999877929688,232.27999877929688,232.27999877929688,0,Energy_Index
2000-12-19,235.7100067138672,235.7100067138672,235.7100067138672,235.7100067138672,0,Energy_Index
2000-12-20,229.6999969482422,229.6999969482422,229.6999969482422,229.6999969482422,0,Energy_Index
2000-12-21,230.52999877929688,230.52999877929688,230.52999877929688,230.52999877929688,0,Energy_Index
2000-12-22,234.69000244140625,234.69000244140625,234.69000244140625,234.69000244140625,0,Energy_Index
2000-12-26,242.1999969482422,242.1999969482422,242.1999969482422,242.1999969482422,0,Energy_Index
2000-12-27,242.67999267578125,242.67999267578125,242.67999267578125,242.67999267578125,0,Energy_Index
2000-12-28,243.69000244140625,243.69000244140625,243.69000244140625,243.69000244140625,0,Energy_Index
2000-12-29,240.8699951171875,240.8699951171875,240.8699951171875,240.8699951171875,0,Energy_Index
2001-01-02,245.13999938964844,245.13999938964844,245.13999938964844,245.13999938964844,0,Energy_Index
2001-01-03,236.32000732421875,236.32000732421875,236.32000732421875,236.32000732421875,0,Energy_Index
2001-01-04,230.27000427246094,230.27000427246094,230.27000427246094,230.27000427246094,0,Energy_Index
2001-01-05,233.1699981689453,233.1699981689453,233.1699981689453,233.1699981689453,0,Energy_Index
2001-01-08,232.75,232.75,232.75,232.75,0,Energy_Index
2001-01-09,229.4199981689453,229.4199981689453,229.4199981689453,229.4199981689453,0,Energy_Index
2001-01-10,228.72999572753906,228.72999572753906,228.72999572753906,228.72999572753906,0,Energy_Index
2001-01-11,231.6199951171875,231.6199951171875,231.6199951171875,231.6199951171875,0,Energy_Index
2001-01-12,232.47999572753906,232.47999572753906,232.47999572753906,232.47999572753906,0,Energy_Index
2001-01-16,232.5500030517578,232.5500030517578,232.5500030517578,232.5500030517578,0,Energy_Index
2001-01-17,227.2899932861328,227.2899932861328,227.2899932861328,227.2899932861328,0,Energy_Index
2001-01-18,222.99000549316406,222.99000549316406,222.99000549316406,222.99000549316406,0,Energy_Index
2001-01-19,222.89999389648438,222.89999389648438,222.89999389648438,222.89999389648438,0,Energy_Index
2001-01-22,224.6999969482422,224.6999969482422,224.6999969482422,224.6999969482422,0,Energy_Index
2001-01-23,227.17999267578125,227.17999267578125,227.17999267578125,227.17999267578125,0,Energy_Index
2001-01-24,227.72999572753906,227.72999572753906,227.72999572753906,227.72999572753906,0,Energy_Index
2001-01-25,233.1699981689453,233.1699981689453,233.1699981689453,233.1699981689453,0,Energy_Index
2001-01-26,229.61000061035156,229.61000061035156,229.61000061035156,229.61000061035156,0,Energy_Index
2001-01-29,227.25,227.25,227.25,227.25,0,Energy_Index
2001-01-30,229.5399932861328,229.5399932861328,229.5399932861328,229.5399932861328,0,Energy_Index
2001-01-31,233.57000732421875,233.57000732421875,233.57000732421875,233.57000732421875,0,Energy_Index
2001-02-01,231.67999267578125,231.67999267578125,231.67999267578125,231.67999267578125,0,Energy_Index
2001-02-02,232.74000549316406,232.74000549316406,232.74000549316406,232.74000549316406,0,Energy_Index
2001-02-05,237.16000366210938,237.16000366210938,237.16000366210938,237.16000366210938,0,Energy_Index
2001-02-06,238.4600067138672,238.4600067138672,238.4600067138672,238.4600067138672,0,Energy_Index
2001-02-07,238.22999572753906,238.22999572753906,238.22999572753906,238.22999572753906,0,Energy_Index
2001-02-08,238.44000244140625,238.44000244140625,238.44000244140625,238.44000244140625,0,Energy_Index
2001-02-09,243.0800018310547,243.0800018310547,243.0800018310547,243.0800018310547,0,Energy_Index
2001-02-12,240.5,240.5,240.5,240.5,0,Energy_Index
2001-02-13,237.5500030517578,237.5500030517578,237.5500030517578,237.5500030517578,0,Energy_Index
2001-02-14,236.57000732421875,236.57000732421875,236.57000732421875,236.57000732421875,0,Energy_Index
2001-02-15,232.94000244140625,232.94000244140625,232.94000244140625,232.94000244140625,0,Energy_Index
2001-02-16,235.7899932861328,235.7899932861328,235.7899932861328,235.7899932861328,0,Energy_Index
2001-02-20,235.2899932861328,235.2899932861328,235.2899932861328,235.2899932861328,0,Energy_Index
2001-02-21,232.9199981689453,232.9199981689453,232.9199981689453,232.9199981689453,0,Energy_Index
2001-02-22,232.7100067138672,232.7100067138672,232.7100067138672,232.7100067138672,0,Energy_Index
2001-02-23,230.22999572753906,230.22999572753906,230.22999572753906,230.22999572753906,0,Energy_Index
2001-02-26,232.97000122070312,232.97000122070312,232.97000122070312,232.97000122070312,0,Energy_Index
2001-02-27,231.86000061035156,231.86000061035156,231.86000061035156,231.86000061035156,0,Energy_Index
2001-02-28,228.3300018310547,228.3300018310547,228.3300018310547,228.3300018310547,0,Energy_Index
2001-03-01,230.1699981689453,230.1699981689453,230.1699981689453,230.1699981689453,0,Energy_Index
2001-03-02,235.10000610351562,235.10000610351562,235.10000610351562,235.10000610351562,0,Energy_Index
2001-03-05,237.57000732421875,237.57000732421875,237.57000732421875,237.57000732421875,0,Energy_Index
2001-03-06,238.47999572753906,238.47999572753906,238.47999572753906,238.47999572753906,0,Energy_Index
2001-03-07,242.14999389648438,242.14999389648438,242.14999389648438,242.14999389648438,0,Energy_Index
2001-03-08,245.22999572753906,245.22999572753906,245.22999572753906,245.22999572753906,0,Energy_Index
2001-03-09,244.35000610351562,244.35000610351562,244.35000610351562,244.35000610351562,0,Energy_Index
2001-03-12,238.5399932861328,238.5399932861328,238.5399932861328,238.5399932861328,0,Energy_Index
2001-03-13,235.33999633789062,235.33999633789062,235.33999633789062,235.33999633789062,0,Energy_Index
2001-03-14,232.85000610351562,232.85000610351562,232.85000610351562,232.85000610351562,0,Energy_Index
2001-03-15,231.85000610351562,231.85000610351562,231.85000610351562,231.85000610351562,0,Energy_Index
2001-03-16,228.22000122070312,228.22000122070312,228.22000122070312,228.22000122070312,0,Energy_Index
2001-03-19,230.3000030517578,230.3000030517578,230.3000030517578,230.3000030517578,0,Energy_Index
2001-03-20,231.66000366210938,231.66000366210938,231.66000366210938,231.66000366210938,0,Energy_Index
2001-03-21,227.7899932861328,227.7899932861328,227.7899932861328,227.7899932861328,0,Energy_Index
2001-03-22,221.5500030517578,221.5500030517578,221.5500030517578,221.5500030517578,0,Energy_Index
2001-03-23,221.32000732421875,221.32000732421875,221.32000732421875,221.32000732421875,0,Energy_Index
2001-03-26,224.10000610351562,224.10000610351562,224.10000610351562,224.10000610351562,0,Energy_Index
2001-03-27,227.35000610351562,227.35000610351562,227.35000610351562,227.35000610351562,0,Energy_Index
2001-03-28,221.92999267578125,221.92999267578125,221.92999267578125,221.92999267578125,0,Energy_Index
2001-03-29,219.67999267578125,219.67999267578125,219.67999267578125,219.67999267578125,0,Energy_Index
2001-03-30,224.75999450683594,224.75999450683594,224.75999450683594,224.75999450683594,0,Energy_Index
2001-04-02,219.6300048828125,219.6300048828125,219.6300048828125,219.6300048828125,0,Energy_Index
2001-04-03,214.72000122070312,214.72000122070312,214.72000122070312,214.72000122070312,0,Energy_Index
2001-04-04,218.52999877929688,218.52999877929688,218.52999877929688,218.52999877929688,0,Energy_Index
2001-04-05,224.55999755859375,224.55999755859375,224.55999755859375,224.55999755859375,0,Energy_Index
2001-04-06,226.41000366210938,226.41000366210938,226.41000366210938,226.41000366210938,0,Energy_Index
2001-04-09,230.41000366210938,230.41000366210938,230.41000366210938,230.41000366210938,0,Energy_Index
2001-04-10,234.38999938964844,234.38999938964844,234.38999938964844,234.38999938964844,0,Energy_Index
2001-04-11,229.25999450683594,229.25999450683594,229.25999450683594,229.25999450683594,0,Energy_Index
2001-04-12,230.67999267578125,230.67999267578125,230.67999267578125,230.67999267578125,0,Energy_Index
2001-04-16,236.67999267578125,236.67999267578125,236.67999267578125,236.67999267578125,0,Energy_Index
2001-04-17,237.4600067138672,237.4600067138672,237.4600067138672,237.4600067138672,0,Energy_Index
2001-04-18,236.25999450683594,236.25999450683594,236.25999450683594,236.25999450683594,0,Energy_Index
2001-04-19,232.7100067138672,232.7100067138672,232.7100067138672,232.7100067138672,0,Energy_Index
2001-04-20,235.30999755859375,235.30999755859375,235.30999755859375,235.30999755859375,0,Energy_Index
2001-04-23,241.44000244140625,241.44000244140625,241.44000244140625,241.44000244140625,0,Energy_Index
2001-04-24,241.19000244140625,241.19000244140625,241.19000244140625,241.19000244140625,0,Energy_Index
2001-04-25,245.2100067138672,245.2100067138672,245.2100067138672,245.2100067138672,0,Energy_Index
2001-04-26,248.11000061035156,248.11000061035156,248.11000061035156,248.11000061035156,0,Energy_Index
2001-04-27,248.25999450683594,248.25999450683594,248.25999450683594,248.25999450683594,0,Energy_Index
2001-04-30,247.02000427246094,247.02000427246094,247.02000427246094,247.02000427246094,0,Energy_Index
2001-05-01,246.75999450683594,246.75999450683594,246.75999450683594,246.75999450683594,0,Energy_Index
2001-05-02,237.63999938964844,237.63999938964844,237.63999938964844,237.63999938964844,0,Energy_Index
2001-05-03,236.22000122070312,236.22000122070312,236.22000122070312,236.22000122070312,0,Energy_Index
2001-05-04,240.5399932861328,240.5399932861328,240.5399932861328,240.5399932861328,0,Energy_Index
2001-05-07,241.30999755859375,241.30999755859375,241.30999755859375,241.30999755859375,0,Energy_Index
2001-05-08,241.55999755859375,241.55999755859375,241.55999755859375,241.55999755859375,0,Energy_Index
2001-05-09,245.72000122070312,245.72000122070312,245.72000122070312,245.72000122070312,0,Energy_Index
2001-05-10,243.27000427246094,243.27000427246094,243.27000427246094,243.27000427246094,0,Energy_Index
2001-05-11,241.41000366210938,241.41000366210938,241.41000366210938,241.41000366210938,0,Energy_Index
2001-05-14,245.1699981689453,245.1699981689453,245.1699981689453,245.1699981689453,0,Energy_Index
2001-05-15,248.11000061035156,248.11000061035156,248.11000061035156,248.11000061035156,0,Energy_Index
2001-05-16,249.44000244140625,249.44000244140625,249.44000244140625,249.44000244140625,0,Energy_Index
2001-05-17,250.25999450683594,250.25999450683594,250.25999450683594,250.25999450683594,0,Energy_Index
2001-05-18,254.66000366210938,254.66000366210938,254.66000366210938,254.66000366210938,0,Energy_Index
2001-05-21,253.1300048828125,253.1300048828125,253.1300048828125,253.1300048828125,0,Energy_Index
2001-05-22,250.83999633789062,250.83999633789062,250.83999633789062,250.83999633789062,0,Energy_Index
2001-05-23,246.25,246.25,246.25,246.25,0,Energy_Index
2001-05-24,246.3800048828125,246.3800048828125,246.3800048828125,246.3800048828125,0,Energy_Index
2001-05-25,246.3800048828125,246.3800048828125,246.3800048828125,246.3800048828125,0,Energy_Index
2001-05-29,246.25999450683594,246.25999450683594,246.25999450683594,246.25999450683594,0,Energy_Index
2001-05-30,246.83999633789062,246.83999633789062,246.83999633789062,246.83999633789062,0,Energy_Index
2001-05-31,247.3699951171875,247.3699951171875,247.3699951171875,247.3699951171875,0,Energy_Index
2001-06-01,247.25999450683594,247.25999450683594,247.25999450683594,247.25999450683594,0,Energy_Index
2001-06-04,252.13999938964844,252.13999938964844,252.13999938964844,252.13999938964844,0,Energy_Index
2001-06-05,253.1199951171875,253.1199951171875,253.1199951171875,253.1199951171875,0,Energy_Index
2001-06-06,245.83999633789062,245.83999633789062,245.83999633789062,245.83999633789062,0,Energy_Index
2001-06-07,244.67999267578125,244.67999267578125,244.67999267578125,244.67999267578125,0,Energy_Index
2001-06-08,245.25,245.25,245.25,245.25,0,Energy_Index
2001-06-11,245.67999267578125,245.67999267578125,245.67999267578125,245.67999267578125,0,Energy_Index
2001-06-12,247.6300048828125,247.6300048828125,247.6300048828125,247.6300048828125,0,Energy_Index
2001-06-13,246.02000427246094,246.02000427246094,246.02000427246094,246.02000427246094,0,Energy_Index
2001-06-14,242.69000244140625,242.69000244140625,242.69000244140625,242.69000244140625,0,Energy_Index
2001-06-15,243.67999267578125,243.67999267578125,243.67999267578125,243.67999267578125,0,Energy_Index
2001-06-18,241.3300018310547,241.3300018310547,241.3300018310547,241.3300018310547,0,Energy_Index
2001-06-19,240.97000122070312,240.97000122070312,240.97000122070312,240.97000122070312,0,Energy_Index
2001-06-20,238.27000427246094,238.27000427246094,238.27000427246094,238.27000427246094,0,Energy_Index
2001-06-21,236.38999938964844,236.38999938964844,236.38999938964844,236.38999938964844,0,Energy_Index
2001-06-22,238.10000610351562,238.10000610351562,238.10000610351562,238.10000610351562,0,Energy_Index
2001-06-25,237.64999389648438,237.64999389648438,237.64999389648438,237.64999389648438,0,Energy_Index
2001-06-26,238.0399932861328,238.0399932861328,238.0399932861328,238.0399932861328,0,Energy_Index
2001-06-27,231.92999267578125,231.92999267578125,231.92999267578125,231.92999267578125,0,Energy_Index
2001-06-28,227.39999389648438,227.39999389648438,227.39999389648438,227.39999389648438,0,Energy_Index
2001-06-29,230.55999755859375,230.55999755859375,230.55999755859375,230.55999755859375,0,Energy_Index
2001-07-02,230.0800018310547,230.0800018310547,230.0800018310547,230.0800018310547,0,Energy_Index
2001-07-03,229.07000732421875,229.07000732421875,229.07000732421875,229.07000732421875,0,Energy_Index
2001-07-05,230.22999572753906,230.22999572753906,230.22999572753906,230.22999572753906,0,Energy_Index
2001-07-06,229.30999755859375,229.30999755859375,229.30999755859375,229.30999755859375,0,Energy_Index
2001-07-09,227.33999633789062,227.33999633789062,227.33999633789062,227.33999633789062,0,Energy_Index
2001-07-10,225.13999938964844,225.13999938964844,225.13999938964844,225.13999938964844,0,Energy_Index
2001-07-11,222.94000244140625,222.94000244140625,222.94000244140625,222.94000244140625,0,Energy_Index
2001-07-12,222.9499969482422,222.9499969482422,222.9499969482422,222.9499969482422,0,Energy_Index
2001-07-13,224.47000122070312,224.47000122070312,224.47000122070312,224.47000122070312,0,Energy_Index
2001-07-16,221.30999755859375,221.30999755859375,221.30999755859375,221.30999755859375,0,Energy_Index
2001-07-17,220.1699981689453,220.1699981689453,220.1699981689453,220.1699981689453,0,Energy_Index
2001-07-18,217.7100067138672,217.7100067138672,217.7100067138672,217.7100067138672,0,Energy_Index
2001-07-19,221.61000061035156,221.61000061035156,221.61000061035156,221.61000061035156,0,Energy_Index
2001-07-20,225.74000549316406,225.74000549316406,225.74000549316406,225.74000549316406,0,Energy_Index
2001-07-23,223.2100067138672,223.2100067138672,223.2100067138672,223.2100067138672,0,Energy_Index
2001-07-24,216.83999633789062,216.83999633789062,216.83999633789062,216.83999633789062,0,Energy_Index
2001-07-25,225.2100067138672,225.2100067138672,225.2100067138672,225.2100067138672,0,Energy_Index
2001-07-26,228.39999389648438,228.39999389648438,228.39999389648438,228.39999389648438,0,Energy_Index
2001-07-27,230.0800018310547,230.0800018310547,230.0800018310547,230.0800018310547,0,Energy_Index
2001-07-30,229.19000244140625,229.19000244140625,229.19000244140625,229.19000244140625,0,Energy_Index
2001-07-31,226.74000549316406,226.74000549316406,226.74000549316406,226.74000549316406,0,Energy_Index
2001-08-01,225.55999755859375,225.55999755859375,225.55999755859375,225.55999755859375,0,Energy_Index
2001-08-02,225.80999755859375,225.80999755859375,225.80999755859375,225.80999755859375,0,Energy_Index
2001-08-03,222.3800048828125,222.3800048828125,222.3800048828125,222.3800048828125,0,Energy_Index
2001-08-06,221.30999755859375,221.30999755859375,221.30999755859375,221.30999755859375,0,Energy_Index
2001-08-07,222.50999450683594,222.50999450683594,222.50999450683594,222.50999450683594,0,Energy_Index
2001-08-08,218.99000549316406,218.99000549316406,218.99000549316406,218.99000549316406,0,Energy_Index
2001-08-09,218.74000549316406,218.74000549316406,218.74000549316406,218.74000549316406,0,Energy_Index
2001-08-10,221.13999938964844,221.13999938964844,221.13999938964844,221.13999938964844,0,Energy_Index
2001-08-13,221.3699951171875,221.3699951171875,221.3699951171875,221.3699951171875,0,Energy_Index
2001-08-14,222.17999267578125,222.17999267578125,222.17999267578125,222.17999267578125,0,Energy_Index
2001-08-15,225.97000122070312,225.97000122070312,225.97000122070312,225.97000122070312,0,Energy_Index
2001-08-16,225.77000427246094,225.77000427246094,225.77000427246094,225.77000427246094,0,Energy_Index
2001-08-17,222.1199951171875,222.1199951171875,222.1199951171875,222.1199951171875,0,Energy_Index
2001-08-20,221.47000122070312,221.47000122070312,221.47000122070312,221.47000122070312,0,Energy_Index
2001-08-21,220.5800018310547,220.5800018310547,220.5800018310547,220.5800018310547,0,Energy_Index
2001-08-22,222.02999877929688,222.02999877929688,222.02999877929688,222.02999877929688,0,Energy_Index
2001-08-23,222.4600067138672,222.4600067138672,222.4600067138672,222.4600067138672,0,Energy_Index
2001-08-24,225.5399932861328,225.5399932861328,225.5399932861328,225.5399932861328,0,Energy_Index
2001-08-27,223.25999450683594,223.25999450683594,223.25999450683594,223.25999450683594,0,Energy_Index
2001-08-28,220.6699981689453,220.6699981689453,220.6699981689453,220.6699981689453,0,Energy_Index
2001-08-29,220.7899932861328,220.7899932861328,220.7899932861328,220.7899932861328,0,Energy_Index
2001-08-30,218.1699981689453,218.1699981689453,218.1699981689453,218.1699981689453,0,Energy_Index
2001-08-31,217.8800048828125,217.8800048828125,217.8800048828125,217.8800048828125,0,Energy_Index
2001-09-04,220.0800018310547,220.0800018310547,220.0800018310547,220.0800018310547,0,Energy_Index
2001-09-05,221.22000122070312,221.22000122070312,221.22000122070312,221.22000122070312,0,Energy_Index
2001-09-06,220.57000732421875,220.57000732421875,220.57000732421875,220.57000732421875,0,Energy_Index
2001-09-07,219.9499969482422,219.9499969482422,219.9499969482422,219.9499969482422,0,Energy_Index
2001-09-10,219.97000122070312,219.97000122070312,219.97000122070312,219.97000122070312,0,Energy_Index
2001-09-17,213.52999877929688,213.52999877929688,213.52999877929688,213.52999877929688,0,Energy_Index
2001-09-18,207.94000244140625,207.94000244140625,207.94000244140625,207.94000244140625,0,Energy_Index
2001-09-19,199.74000549316406,199.74000549316406,199.74000549316406,199.74000549316406,0,Energy_Index
2001-09-20,193.7899932861328,193.7899932861328,193.7899932861328,193.7899932861328,0,Energy_Index
2001-09-21,191.42999267578125,191.42999267578125,191.42999267578125,191.42999267578125,0,Energy_Index
2001-09-24,188.07000732421875,188.07000732421875,188.07000732421875,188.07000732421875,0,Energy_Index
2001-09-25,188.13999938964844,188.13999938964844,188.13999938964844,188.13999938964844,0,Energy_Index
2001-09-26,186.92999267578125,186.92999267578125,186.92999267578125,186.92999267578125,0,Energy_Index
2001-09-27,196.8699951171875,196.8699951171875,196.8699951171875,196.8699951171875,0,Energy_Index
2001-09-28,203.11000061035156,203.11000061035156,203.11000061035156,203.11000061035156,0,Energy_Index
2001-10-01,200.25999450683594,200.25999450683594,200.25999450683594,200.25999450683594,0,Energy_Index
2001-10-02,204.75999450683594,204.75999450683594,204.75999450683594,204.75999450683594,0,Energy_Index
2001-10-03,204.25,204.25,204.25,204.25,0,Energy_Index
2001-10-04,209.47999572753906,209.47999572753906,209.47999572753906,209.47999572753906,0,Energy_Index
2001-10-05,210.36000061035156,210.36000061035156,210.36000061035156,210.36000061035156,0,Energy_Index
2001-10-08,210.89999389648438,210.89999389648438,210.89999389648438,210.89999389648438,0,Energy_Index
2001-10-09,212.39999389648438,212.39999389648438,212.39999389648438,212.39999389648438,0,Energy_Index
2001-10-10,219.86000061035156,219.86000061035156,219.86000061035156,219.86000061035156,0,Energy_Index
2001-10-11,218.9600067138672,218.9600067138672,218.9600067138672,218.9600067138672,0,Energy_Index
2001-10-12,219.07000732421875,219.07000732421875,219.07000732421875,219.07000732421875,0,Energy_Index
2001-10-15,214.47000122070312,214.47000122070312,214.47000122070312,214.47000122070312,0,Energy_Index
2001-10-16,216.44000244140625,216.44000244140625,216.44000244140625,216.44000244140625,0,Energy_Index
2001-10-17,215.11000061035156,215.11000061035156,215.11000061035156,215.11000061035156,0,Energy_Index
2001-10-18,208.50999450683594,208.50999450683594,208.50999450683594,208.50999450683594,0,Energy_Index
2001-10-19,209.49000549316406,209.49000549316406,209.49000549316406,209.49000549316406,0,Energy_Index
2001-10-22,212.4600067138672,212.4600067138672,212.4600067138672,212.4600067138672,0,Energy_Index
2001-10-23,211.92999267578125,211.92999267578125,211.92999267578125,211.92999267578125,0,Energy_Index
2001-10-24,209.86000061035156,209.86000061035156,209.86000061035156,209.86000061035156,0,Energy_Index
2001-10-25,213.91000366210938,213.91000366210938,213.91000366210938,213.91000366210938,0,Energy_Index
2001-10-26,218.16000366210938,218.16000366210938,218.16000366210938,218.16000366210938,0,Energy_Index
2001-10-29,216.9600067138672,216.9600067138672,216.9600067138672,216.9600067138672,0,Energy_Index
2001-10-30,210.38999938964844,210.38999938964844,210.38999938964844,210.38999938964844,0,Energy_Index
2001-10-31,209.52000427246094,209.52000427246094,209.52000427246094,209.52000427246094,0,Energy_Index
2001-11-01,213.72000122070312,213.72000122070312,213.72000122070312,213.72000122070312,0,Energy_Index
2001-11-02,209.02000427246094,209.02000427246094,209.02000427246094,209.02000427246094,0,Energy_Index
2001-11-05,207.60000610351562,207.60000610351562,207.60000610351562,207.60000610351562,0,Energy_Index
2001-11-06,207.02999877929688,207.02999877929688,207.02999877929688,207.02999877929688,0,Energy_Index
2001-11-07,207.52999877929688,207.52999877929688,207.52999877929688,207.52999877929688,0,Energy_Index
2001-11-08,209.50999450683594,209.50999450683594,209.50999450683594,209.50999450683594,0,Energy_Index
2001-11-09,214.33999633789062,214.33999633789062,214.33999633789062,214.33999633789062,0,Energy_Index
2001-11-12,212.50999450683594,212.50999450683594,212.50999450683594,212.50999450683594,0,Energy_Index
2001-11-13,214.97000122070312,214.97000122070312,214.97000122070312,214.97000122070312,0,Energy_Index
2001-11-14,204.02999877929688,204.02999877929688,204.02999877929688,204.02999877929688,0,Energy_Index
2001-11-15,194.9600067138672,194.9600067138672,194.9600067138672,194.9600067138672,0,Energy_Index
2001-11-16,197.80999755859375,197.80999755859375,197.80999755859375,197.80999755859375,0,Energy_Index
2001-11-19,196.89999389648438,196.89999389648438,196.89999389648438,196.89999389648438,0,Energy_Index
2001-11-20,203.6999969482422,203.6999969482422,203.6999969482422,203.6999969482422,0,Energy_Index
2001-11-21,202.02999877929688,202.02999877929688,202.02999877929688,202.02999877929688,0,Energy_Index
2001-11-23,204.83999633789062,204.83999633789062,204.83999633789062,204.83999633789062,0,Energy_Index
2001-11-26,201.08999633789062,201.08999633789062,201.08999633789062,201.08999633789062,0,Energy_Index
2001-11-27,200.5399932861328,200.5399932861328,200.5399932861328,200.5399932861328,0,Energy_Index
2001-11-28,198.38999938964844,198.38999938964844,198.38999938964844,198.38999938964844,0,Energy_Index
2001-11-29,201.05999755859375,201.05999755859375,201.05999755859375,201.05999755859375,0,Energy_Index
2001-11-30,200.72999572753906,200.72999572753906,200.72999572753906,200.72999572753906,0,Energy_Index
2001-12-03,203.13999938964844,203.13999938964844,203.13999938964844,203.13999938964844,0,Energy_Index
2001-12-04,205.9199981689453,205.9199981689453,205.9199981689453,205.9199981689453,0,Energy_Index
2001-12-05,209.94000244140625,210.1300048828125,206.36000061035156,206.36000061035156,68631500,Energy_Index
2001-12-06,203.1699981689453,209.86000061035156,202.9499969482422,209.86000061035156,54481400,Energy_Index
2001-12-07,204.77999877929688,205.17999267578125,201.5500030517578,203.5500030517578,99707900,Energy_Index
2001-12-10,201.88999938964844,204.64999389648438,201.75999450683594,204.64999389648438,79649500,Energy_Index
2001-12-11,199.19000244140625,202.9600067138672,198.9600067138672,201.91000366210938,56179300,Energy_Index
2001-12-12,200.3000030517578,200.5500030517578,198.82000732421875,200.16000366210938,52626500,Energy_Index
2001-12-13,196.41000366210938,200.52000427246094,196.02999877929688,200.52000427246094,48364100,Energy_Index
2001-12-14,198.91000366210938,199.82000732421875,196.42999267578125,196.42999267578125,42681500,Energy_Index
2001-12-17,200.25,201.42999267578125,197.2100067138672,198.91000366210938,46930100,Energy_Index
2001-12-18,201.41000366210938,202.0399932861328,200.27000427246094,200.3000030517578,46338800,Energy_Index
2001-12-19,204.75,205.05999755859375,200.72000122070312,201.41000366210938,54754600,Energy_Index
2001-12-20,204.1300048828125,206.4600067138672,203.85000610351562,204.8699951171875,47274600,Energy_Index
2001-12-21,205.86000061035156,208.63999938964844,204.7899932861328,204.80999755859375,65813100,Energy_Index
2001-12-24,208.3000030517578,209.77999877929688,206.80999755859375,206.80999755859375,18068700,Energy_Index
2001-12-26,211.7100067138672,213.9600067138672,208.85000610351562,208.85000610351562,38578000,Energy_Index
2001-12-27,212.52999877929688,213.27000427246094,210.85000610351562,211.9600067138672,37805800,Energy_Index
2001-12-28,213.5,215.1699981689453,212.7899932861328,212.9600067138672,38394400,Energy_Index
2001-12-31,211.3000030517578,214.1699981689453,210.97000122070312,213.52999877929688,40105200,Energy_Index
2002-01-02,211.00999450683594,211.2899932861328,207.7899932861328,211.27999877929688,50136400,Energy_Index
2002-01-03,210.0500030517578,212.1199951171875,209.6699981689453,210.9499969482422,61298600,Energy_Index
2002-01-04,211.42999267578125,211.75999450683594,210.22999572753906,210.8699951171875,80181100,Energy_Index
2002-01-07,210.64999389648438,212.1199951171875,210.0800018310547,210.9199981689453,45754800,Energy_Index
2002-01-08,209.77999877929688,211.14999389648438,209.14999389648438,210.92999267578125,38220700,Energy_Index
2002-01-09,208.22999572753906,210.4600067138672,207.42999267578125,209.5800018310547,66788600,Energy_Index
2002-01-10,207.9600067138672,209.1999969482422,206.97000122070312,208.22999572753906,45481700,Energy_Index
2002-01-11,204.05999755859375,208.25999450683594,203.94000244140625,208.19000244140625,51341800,Energy_Index
2002-01-14,203.0,204.97999572753906,202.8800048828125,204.27000427246094,52817900,Energy_Index
2002-01-15,206.80999755859375,207.50999450683594,203.72999572753906,203.7899932861328,48082100,Energy_Index
2002-01-16,201.9199981689453,206.72999572753906,201.85000610351562,206.72999572753906,46031700,Energy_Index
2002-01-17,202.35000610351562,204.0399932861328,202.08999633789062,202.36000061035156,39841400,Energy_Index
2002-01-18,200.97999572753906,203.1699981689453,200.85000610351562,202.35000610351562,43233200,Energy_Index
2002-01-22,199.7100067138672,202.8800048828125,199.49000549316406,201.74000549316406,34258800,Energy_Index
2002-01-23,205.00999450683594,205.86000061035156,199.77999877929688,199.77999877929688,48782800,Energy_Index
2002-01-24,206.83999633789062,207.25,204.27999877929688,204.92999267578125,67775500,Energy_Index
2002-01-25,208.35000610351562,209.5500030517578,206.97999572753906,207.0,57760200,Energy_Index
2002-01-28,207.0399932861328,209.1199951171875,206.10000610351562,208.99000549316406,43458700,Energy_Index
2002-01-29,201.85000610351562,206.91000366210938,201.85000610351562,206.91000366210938,51853900,Energy_Index
2002-01-30,204.1699981689453,204.1699981689453,199.5800018310547,201.74000549316406,77300700,Energy_Index
2002-01-31,207.27000427246094,207.27999877929688,203.80999755859375,203.80999755859375,55045600,Energy_Index
2002-02-01,208.1199951171875,208.8699951171875,206.67999267578125,207.39999389648438,47909000,Energy_Index
2002-02-04,204.22000122070312,208.39999389648438,203.8800048828125,208.39999389648438,41978000,Energy_Index
2002-02-05,203.22000122070312,205.0800018310547,202.0500030517578,204.8699951171875,44334700,Energy_Index
2002-02-06,205.5500030517578,206.35000610351562,202.8000030517578,203.22000122070312,44932700,Energy_Index
2002-02-07,202.1999969482422,204.86000061035156,201.72000122070312,204.86000061035156,37783700,Energy_Index
2002-02-08,202.72000122070312,202.72999572753906,200.89999389648438,201.63999938964844,39105600,Energy_Index
2002-02-11,205.32000732421875,206.25,201.2100067138672,202.61000061035156,45841500,Energy_Index
2002-02-12,204.00999450683594,205.8300018310547,203.88999938964844,205.66000366210938,39397600,Energy_Index
2002-02-13,205.1199951171875,205.19000244140625,202.4499969482422,203.8800048828125,42423500,Energy_Index
2002-02-14,206.3300018310547,208.0800018310547,205.11000061035156,205.2100067138672,39554600,Energy_Index
2002-02-15,206.83999633789062,208.3800048828125,206.3800048828125,206.80999755859375,56587400,Energy_Index
2002-02-19,204.74000549316406,207.27000427246094,204.33999633789062,206.6699981689453,37134500,Energy_Index
2002-02-20,204.77999877929688,204.91000366210938,202.63999938964844,204.6300048828125,31105600,Energy_Index
2002-02-21,206.38999938964844,209.0399932861328,204.7899932861328,204.7899932861328,46512900,Energy_Index
2002-02-22,212.74000549316406,213.5500030517578,206.1999969482422,206.8699951171875,55339100,Energy_Index
2002-02-25,215.24000549316406,215.8300018310547,213.00999450683594,213.00999450683594,51473000,Energy_Index
2002-02-26,214.13999938964844,215.6999969482422,213.0800018310547,215.1999969482422,45981300,Energy_Index
2002-02-27,214.5399932861328,216.72999572753906,212.99000549316406,214.13999938964844,42286600,Energy_Index
2002-02-28,215.44000244140625,217.3000030517578,214.5,214.50999450683594,45006200,Energy_Index
2002-03-01,218.67999267578125,218.67999267578125,216.07000732421875,216.5500030517578,49301300,Energy_Index
2002-03-04,221.77999877929688,221.8000030517578,219.00999450683594,219.00999450683594,52554300,Energy_Index
2002-03-05,221.19000244140625,222.49000549316406,219.72999572753906,221.7899932861328,40580900,Energy_Index
2002-03-06,225.38999938964844,225.86000061035156,220.42999267578125,221.14999389648438,54889900,Energy_Index
2002-03-07,225.3800048828125,226.69000244140625,224.22999572753906,225.4600067138672,55734700,Energy_Index
2002-03-08,224.19000244140625,227.2100067138672,223.39999389648438,225.39999389648438,48073100,Energy_Index
2002-03-11,227.4600067138672,228.3800048828125,224.9199981689453,225.00999450683594,46933700,Energy_Index
2002-03-12,229.72999572753906,229.72999572753906,226.77999877929688,227.6699981689453,52244900,Energy_Index
2002-03-13,227.1699981689453,230.75999450683594,226.86000061035156,229.7100067138672,62794800,Energy_Index
2002-03-14,226.9199981689453,227.63999938964844,225.77999877929688,227.14999389648438,45523000,Energy_Index
2002-03-15,229.08999633789062,230.14999389648438,227.33999633789062,227.58999633789062,55523200,Energy_Index
2002-03-18,230.47000122070312,230.8699951171875,228.25999450683594,229.22000122070312,45026600,Energy_Index
2002-03-19,231.50999450683594,231.72000122070312,230.32000732421875,230.50999450683594,44155900,Energy_Index
2002-03-20,229.19000244140625,231.4600067138672,228.74000549316406,231.4600067138672,41710700,Energy_Index
2002-03-21,229.4499969482422,229.86000061035156,227.05999755859375,229.4499969482422,37098000,Energy_Index
2002-03-22,226.4499969482422,229.27999877929688,225.8300018310547,229.27999877929688,42309400,Energy_Index
2002-03-25,224.13999938964844,226.5,224.13999938964844,226.42999267578125,35370600,Energy_Index
2002-03-26,226.8300018310547,227.32000732421875,224.3699951171875,224.3699951171875,40876000,Energy_Index
2002-03-27,230.0500030517578,230.77000427246094,226.52999877929688,226.52999877929688,44358600,Energy_Index
2002-03-28,229.74000549316406,231.4600067138672,229.16000366210938,230.19000244140625,35387400,Energy_Index
2002-04-01,230.42999267578125,232.10000610351562,229.7100067138672,230.64999389648438,38668600,Energy_Index
2002-04-02,232.72000122070312,233.42999267578125,230.42999267578125,230.42999267578125,45507200,Energy_Index
2002-04-03,228.8699951171875,232.61000061035156,227.85000610351562,232.61000061035156,47415600,Energy_Index
2002-04-04,224.75,230.00999450683594,223.75,229.75999450683594,49711200,Energy_Index
2002-04-05,222.25,225.47999572753906,221.33999633789062,224.64999389648438,41220400,Energy_Index
2002-04-08,225.14999389648438,227.0500030517578,223.7899932861328,223.7899932861328,44659400,Energy_Index
2002-04-09,222.52000427246094,225.10000610351562,221.35000610351562,225.10000610351562,43812000,Energy_Index
2002-04-10,224.8300018310547,224.83999633789062,221.8000030517578,222.50999450683594,40724600,Energy_Index
2002-04-11,221.83999633789062,224.7899932861328,221.80999755859375,224.7899932861328,38222600,Energy_Index
2002-04-12,215.1699981689453,221.63999938964844,215.00999450683594,221.63999938964844,60617800,Energy_Index
2002-04-15,220.27999877929688,220.77000427246094,215.25999450683594,215.25999450683594,33858800,Energy_Index
2002-04-16,222.4499969482422,223.4199981689453,219.75999450683594,219.75999450683594,41965000,Energy_Index
2002-04-17,223.97999572753906,225.52000427246094,222.6699981689453,222.72000122070312,48800000,Energy_Index
2002-04-18,224.89999389648438,225.97999572753906,222.47000122070312,224.0399932861328,45712000,Energy_Index
2002-04-19,225.75,225.85000610351562,222.77000427246094,224.89999389648438,40723400,Energy_Index
2002-04-22,222.7100067138672,225.8000030517578,221.77000427246094,225.75,37510600,Energy_Index
2002-04-23,221.9600067138672,222.75,218.44000244140625,222.6699981689453,49973200,Energy_Index
2002-04-24,217.39999389648438,221.42999267578125,217.08999633789062,221.42999267578125,44606000,Energy_Index
2002-04-25,219.2899932861328,220.02999877929688,216.44000244140625,217.44000244140625,45720000,Energy_Index
2002-04-26,218.02000427246094,219.9199981689453,217.05999755859375,219.3300018310547,28666600,Energy_Index
2002-04-29,216.9600067138672,218.8000030517578,215.88999938964844,217.07000732421875,32409000,Energy_Index
2002-04-30,218.00999450683594,219.83999633789062,217.3000030517578,217.3000030517578,45734400,Energy_Index
2002-05-01,220.75,220.75999450683594,216.41000366210938,217.4199981689453,43802000,Energy_Index
2002-05-02,222.61000061035156,222.61000061035156,219.6199951171875,220.41000366210938,44339200,Energy_Index
2002-05-03,223.19000244140625,225.02999877929688,221.88999938964844,222.97999572753906,47919400,Energy_Index
2002-05-06,215.89999389648438,223.1199951171875,215.5800018310547,223.1199951171875,42841200,Energy_Index
2002-05-07,215.8000030517578,217.27999877929688,214.99000549316406,215.86000061035156,38006800,Energy_Index
2002-05-08,220.5500030517578,220.75999450683594,215.97999572753906,215.97999572753906,45509000,Energy_Index
2002-05-09,217.77000427246094,219.97999572753906,217.33999633789062,219.97999572753906,32727600,Energy_Index
2002-05-10,216.99000549316406,219.0800018310547,216.58999633789062,218.77999877929688,36525400,Energy_Index
2002-05-13,222.11000061035156,222.3800048828125,215.66000366210938,217.0,36882600,Energy_Index
2002-05-14,223.38999938964844,223.83999633789062,222.11000061035156,222.13999938964844,44326400,Energy_Index
2002-05-15,219.25,221.7899932861328,218.85000610351562,221.50999450683594,52411400,Energy_Index
2002-05-16,222.08999633789062,222.60000610351562,219.2899932861328,219.2899932861328,34470400,Energy_Index
2002-05-17,221.22000122070312,221.5500030517578,218.6999969482422,221.5,42728400,Energy_Index
2002-05-20,218.69000244140625,221.14999389648438,218.5,221.14999389648438,29592000,Energy_Index
2002-05-21,218.1699981689453,221.1699981689453,218.13999938964844,219.07000732421875,38907800,Energy_Index
2002-05-22,221.4600067138672,221.77999877929688,217.9499969482422,218.75,41634000,Energy_Index
2002-05-23,223.47999572753906,223.88999938964844,220.5800018310547,221.4600067138672,51154800,Energy_Index
2002-05-24,220.85000610351562,223.72000122070312,220.11000061035156,223.41000366210938,32110800,Energy_Index
2002-05-28,219.0399932861328,220.66000366210938,218.35000610351562,220.50999450683594,32826200,Energy_Index
2002-05-29,219.85000610351562,220.27000427246094,216.75,218.69000244140625,47202600,Energy_Index
2002-05-30,216.0800018310547,218.9199981689453,214.52999877929688,218.66000366210938,49599600,Energy_Index
2002-05-31,218.2100067138672,221.2100067138672,215.8800048828125,215.8800048828125,41598800,Energy_Index
2002-06-03,214.0,218.88999938964844,213.74000549316406,218.3000030517578,40643400,Energy_Index
2002-06-04,213.83999633789062,215.38999938964844,211.8800048828125,214.0,45973600,Energy_Index
2002-06-05,214.00999450683594,214.4499969482422,211.08999633789062,213.72000122070312,51393600,Energy_Index
2002-06-06,212.2899932861328,217.3000030517578,211.44000244140625,214.9600067138672,52331000,Energy_Index
2002-06-07,214.08999633789062,214.9600067138672,211.82000732421875,212.47000122070312,47011000,Energy_Index
2002-06-10,210.9499969482422,214.69000244140625,210.6999969482422,214.05999755859375,37346000,Energy_Index
2002-06-11,209.6199951171875,213.25,209.17999267578125,212.41000366210938,45972600,Energy_Index
2002-06-12,211.7100067138672,212.5500030517578,209.2100067138672,210.11000061035156,48116800,Energy_Index
2002-06-13,211.22999572753906,213.97999572753906,209.8000030517578,210.9499969482422,45224400,Energy_Index
2002-06-14,210.3699951171875,211.2100067138672,206.88999938964844,211.2100067138672,43993000,Energy_Index
2002-06-17,215.9199981689453,216.4499969482422,211.24000549316406,211.24000549316406,42275800,Energy_Index
2002-06-18,215.19000244140625,216.5500030517578,214.1300048828125,215.9199981689453,36012600,Energy_Index
2002-06-19,212.14999389648438,215.66000366210938,212.0,215.14999389648438,39737200,Energy_Index
2002-06-20,213.39999389648438,215.6199951171875,212.3000030517578,212.3000030517578,48057600,Energy_Index
2002-06-21,211.91000366210938,214.5500030517578,210.24000549316406,213.30999755859375,69161200,Energy_Index
2002-06-24,213.61000061035156,214.13999938964844,210.97999572753906,211.88999938964844,44959600,Energy_Index
2002-06-25,212.4199981689453,216.9600067138672,212.0,213.8699951171875,45003000,Energy_Index
2002-06-26,212.25999450683594,212.67999267578125,209.47999572753906,212.39999389648438,51524400,Energy_Index
2002-06-27,215.13999938964844,215.1699981689453,211.07000732421875,212.9499969482422,45296400,Energy_Index
2002-06-28,217.5800018310547,218.25,214.67999267578125,214.7899932861328,57048200,Energy_Index
2002-07-01,216.4499969482422,218.33999633789062,215.7899932861328,217.52999877929688,44436600,Energy_Index
2002-07-02,212.57000732421875,217.60000610351562,211.47999572753906,216.86000061035156,53440600,Energy_Index
2002-07-03,212.42999267578125,214.41000366210938,210.17999267578125,212.52999877929688,50228400,Energy_Index
2002-07-05,217.47999572753906,217.47999572753906,212.88999938964844,212.88999938964844,24946000,Energy_Index
2002-07-08,215.7899932861328,217.44000244140625,214.75,216.8000030517578,40924200,Energy_Index
2002-07-09,212.88999938964844,216.05999755859375,212.5500030517578,215.63999938964844,40206600,Energy_Index
2002-07-10,203.64999389648438,214.41000366210938,202.3699951171875,214.2100067138672,72004400,Energy_Index
2002-07-11,198.77000427246094,203.86000061035156,198.32000732421875,203.86000061035156,76390800,Energy_Index
2002-07-12,195.88999938964844,200.0399932861328,193.88999938964844,199.2899932861328,64262600,Energy_Index
2002-07-15,190.9199981689453,195.7899932861328,182.67999267578125,195.75,77241200,Energy_Index
2002-07-16,187.66000366210938,191.14999389648438,184.6300048828125,190.6999969482422,73635600,Energy_Index
2002-07-17,189.97000122070312,194.27999877929688,187.75,187.75,71614400,Energy_Index
2002-07-18,188.11000061035156,193.6199951171875,188.11000061035156,189.99000549316406,43047200,Energy_Index
2002-07-19,176.08999633789062,186.69000244140625,175.02000427246094,185.30999755859375,254309400,Energy_Index
2002-07-22,164.77999877929688,177.22999572753906,163.58999633789062,176.08999633789062,87334400,Energy_Index
2002-07-23,163.8300018310547,168.6199951171875,162.67999267578125,164.8000030517578,79575800,Energy_Index
2002-07-24,176.61000061035156,177.17999267578125,161.4199981689453,163.80999755859375,101901600,Energy_Index
2002-07-25,175.52999877929688,178.64999389648438,171.6999969482422,176.60000610351562,81050800,Energy_Index
2002-07-26,179.64999389648438,179.8300018310547,174.4499969482422,175.38999938964844,50352400,Energy_Index
2002-07-29,188.10000610351562,188.24000549316406,179.75999450683594,179.75999450683594,47859000,Energy_Index
2002-07-30,185.77000427246094,188.07000732421875,183.38999938964844,187.97999572753906,56009600,Energy_Index
2002-07-31,189.69000244140625,189.91000366210938,183.41000366210938,185.38999938964844,56020000,Energy_Index
2002-08-01,176.63999938964844,189.80999755859375,176.3000030517578,189.80999755859375,59270700,Energy_Index
2002-08-02,175.16000366210938,179.02000427246094,172.02000427246094,177.33999633789062,53095800,Energy_Index
2002-08-05,168.8699951171875,177.47999572753906,168.19000244140625,176.58999633789062,44441600,Energy_Index
2002-08-06,174.47000122070312,177.97000122070312,168.99000549316406,168.99000549316406,44899400,Energy_Index
2002-08-07,177.6999969482422,178.00999450683594,172.14999389648438,174.50999450683594,45353200,Energy_Index
2002-08-08,185.6199951171875,185.7100067138672,177.5,178.0399932861328,51697800,Energy_Index
2002-08-09,187.8800048828125,188.3699951171875,180.92999267578125,184.47999572753906,43579200,Energy_Index
2002-08-12,187.17999267578125,188.1999969482422,183.0399932861328,185.7100067138672,36633300,Energy_Index
2002-08-13,183.82000732421875,188.27999877929688,183.72999572753906,186.97999572753906,32822400,Energy_Index
2002-08-14,190.83999633789062,191.13999938964844,183.77999877929688,185.5,44756000,Energy_Index
2002-08-15,195.1699981689453,195.33999633789062,191.3800048828125,191.5500030517578,53887800,Energy_Index
2002-08-16,193.17999267578125,194.86000061035156,191.74000549316406,194.86000061035156,43863600,Energy_Index
2002-08-19,194.17999267578125,195.3300018310547,190.83999633789062,192.30999755859375,40239600,Energy_Index
2002-08-20,189.16000366210938,193.42999267578125,186.99000549316406,193.3800048828125,41781600,Energy_Index
2002-08-21,190.77000427246094,191.02000427246094,186.88999938964844,189.14999389648438,44993600,Energy_Index
2002-08-22,195.17999267578125,195.89999389648438,190.5800018310547,190.89999389648438,45072000,Energy_Index
2002-08-23,191.97000122070312,195.11000061035156,190.97999572753906,195.10000610351562,32129200,Energy_Index
2002-08-26,194.52000427246094,195.3000030517578,190.52000427246094,191.97000122070312,31447800,Energy_Index
2002-08-27,194.33999633789062,198.55999755859375,192.7899932861328,196.72000122070312,41779000,Energy_Index
2002-08-28,189.27000427246094,193.10000610351562,187.8800048828125,193.05999755859375,35325200,Energy_Index
2002-08-29,187.60000610351562,189.22000122070312,184.5800018310547,189.22000122070312,39701000,Energy_Index
2002-08-30,188.97999572753906,192.11000061035156,185.97999572753906,187.57000732421875,36519600,Energy_Index
2002-09-03,180.10000610351562,188.74000549316406,179.50999450683594,188.74000549316406,49781800,Energy_Index
2002-09-04,180.9199981689453,181.60000610351562,174.97000122070312,180.25999450683594,53393800,Energy_Index
2002-09-05,180.6300048828125,181.85000610351562,177.41000366210938,180.82000732421875,44029400,Energy_Index
2002-09-06,183.6300048828125,185.74000549316406,181.94000244140625,182.0800018310547,37403800,Energy_Index
2002-09-09,182.72999572753906,183.99000549316406,180.7100067138672,183.63999938964844,35860600,Energy_Index
2002-09-10,186.60000610351562,186.7100067138672,183.64999389648438,183.8800048828125,35241600,Energy_Index
2002-09-11,185.77000427246094,189.49000549316406,185.5,186.60000610351562,27984200,Energy_Index
2002-09-12,181.25,185.72000122070312,180.67999267578125,185.72000122070312,37544000,Energy_Index
2002-09-13,183.02000427246094,183.5399932861328,178.8699951171875,181.24000549316406,30466000,Energy_Index
2002-09-16,184.5,184.83999633789062,181.75999450683594,182.27999877929688,28060600,Energy_Index
2002-09-17,177.97000122070312,184.42999267578125,177.5399932861328,184.42999267578125,42717600,Energy_Index
2002-09-18,178.3699951171875,181.0500030517578,176.1199951171875,178.05999755859375,34083200,Energy_Index
2002-09-19,174.16000366210938,178.97000122070312,173.74000549316406,178.0500030517578,44254200,Energy_Index
2002-09-20,175.13999938964844,176.39999389648438,174.11000061035156,174.1999969482422,52162400,Energy_Index
2002-09-23,174.3800048828125,176.66000366210938,173.10000610351562,174.6999969482422,39948600,Energy_Index
2002-09-24,170.3000030517578,174.35000610351562,170.11000061035156,174.35000610351562,44701200,Energy_Index
2002-09-25,174.14999389648438,175.11000061035156,169.22999572753906,170.30999755859375,46783800,Energy_Index
2002-09-26,181.75,182.22000122070312,175.5,175.64999389648438,36248000,Energy_Index
2002-09-27,176.58999633789062,183.00999450683594,176.38999938964844,181.75,42999800,Energy_Index
2002-09-30,172.6199951171875,176.50999450683594,169.4600067138672,176.50999450683594,51264400,Energy_Index
2002-10-01,180.61000061035156,180.6199951171875,172.57000732421875,172.57000732421875,55249600,Energy_Index
2002-10-02,176.49000549316406,183.8699951171875,175.5500030517578,178.52999877929688,63241800,Energy_Index
2002-10-03,178.49000549316406,181.08999633789062,176.0500030517578,176.52999877929688,54572800,Energy_Index
2002-10-04,176.05999755859375,180.25,174.39999389648438,179.08999633789062,48627400,Energy_Index
2002-10-07,174.9600067138672,180.49000549316406,174.91000366210938,176.0500030517578,43828600,Energy_Index
2002-10-08,172.9600067138672,176.6199951171875,170.88999938964844,174.89999389648438,52289000,Energy_Index
2002-10-09,170.64999389648438,174.17999267578125,170.2100067138672,172.89999389648438,49931600,Energy_Index
2002-10-10,175.3300018310547,175.35000610351562,169.0800018310547,171.17999267578125,56908400,Energy_Index
2002-10-11,178.5800018310547,179.52999877929688,175.32000732421875,175.36000061035156,50783400,Energy_Index
2002-10-14,182.00999450683594,182.1300048828125,177.69000244140625,178.55999755859375,36538800,Energy_Index
2002-10-15,188.0500030517578,188.05999755859375,182.8300018310547,182.8300018310547,42558200,Energy_Index
2002-10-16,184.5,188.77000427246094,184.07000732421875,188.0500030517578,39901800,Energy_Index
2002-10-17,188.52000427246094,188.9600067138672,184.5500030517578,184.5500030517578,41248800,Energy_Index
2002-10-18,188.27000427246094,189.9600067138672,186.33999633789062,187.8800048828125,33485400,Energy_Index
2002-10-21,188.2100067138672,189.5,185.72999572753906,187.4499969482422,36491200,Energy_Index
2002-10-22,183.35000610351562,186.67999267578125,180.57000732421875,186.67999267578125,45703600,Energy_Index
2002-10-23,185.50999450683594,185.72000122070312,179.97999572753906,182.30999755859375,44516600,Energy_Index
2002-10-24,182.77000427246094,187.22999572753906,181.58999633789062,185.52999877929688,50056000,Energy_Index
2002-10-25,182.0500030517578,182.77000427246094,179.74000549316406,182.77000427246094,49747400,Energy_Index
2002-10-28,181.27999877929688,183.9199981689453,178.92999267578125,181.41000366210938,40295400,Energy_Index
2002-10-29,174.75999450683594,181.2899932861328,172.32000732421875,181.2899932861328,48784000,Energy_Index
2002-10-30,180.38999938964844,180.94000244140625,174.9499969482422,174.9499969482422,58124400,Energy_Index
2002-10-31,177.55999755859375,184.24000549316406,175.49000549316406,180.35000610351562,63059400,Energy_Index
2002-11-01,182.11000061035156,182.6699981689453,177.6699981689453,177.82000732421875,46829800,Energy_Index
2002-11-04,179.8000030517578,182.63999938964844,178.8699951171875,182.17999267578125,48690600,Energy_Index
2002-11-05,184.44000244140625,184.8699951171875,179.27000427246094,180.47000122070312,44176200,Energy_Index
2002-11-06,184.5800018310547,185.25,180.6300048828125,183.8300018310547,56782000,Energy_Index
2002-11-07,181.0399932861328,184.77000427246094,179.7899932861328,183.99000549316406,43788600,Energy_Index
2002-11-08,181.08999633789062,182.4199981689453,180.42999267578125,181.66000366210938,36377000,Energy_Index
2002-11-11,177.91000366210938,182.27999877929688,177.02999877929688,181.14999389648438,29598200,Energy_Index
2002-11-12,178.02999877929688,180.1999969482422,177.0500030517578,177.99000549316406,32047600,Energy_Index
2002-11-13,174.22000122070312,179.41000366210938,172.25,178.1999969482422,49100800,Energy_Index
2002-11-14,179.47999572753906,180.3300018310547,174.41000366210938,174.5399932861328,55140000,Energy_Index
2002-11-15,180.94000244140625,181.27000427246094,178.25999450683594,178.72000122070312,39109000,Energy_Index
2002-11-18,181.7100067138672,182.5399932861328,179.88999938964844,180.92999267578125,33254800,Energy_Index
2002-11-19,181.67999267578125,183.4600067138672,180.77999877929688,181.7899932861328,30730400,Energy_Index
2002-11-20,184.1199951171875,184.16000366210938,180.8800048828125,180.8800048828125,39875000,Energy_Index
2002-11-21,183.8699951171875,184.89999389648438,182.67999267578125,184.14999389648438,49665400,Energy_Index
2002-11-22,180.5,183.8699951171875,179.94000244140625,183.8699951171875,49366600,Energy_Index
2002-11-25,181.97000122070312,182.6199951171875,178.9499969482422,180.50999450683594,30296600,Energy_Index
2002-11-26,178.33999633789062,181.07000732421875,177.9199981689453,180.92999267578125,39423000,Energy_Index
2002-11-27,182.64999389648438,182.92999267578125,179.64999389648438,179.9499969482422,33456400,Energy_Index
2002-11-29,183.19000244140625,183.77000427246094,182.02999877929688,182.47000122070312,22502200,Energy_Index
2002-12-02,183.55999755859375,184.74000549316406,181.33999633789062,184.0800018310547,43849200,Energy_Index
2002-12-03,185.14999389648438,186.50999450683594,183.14999389648438,183.30999755859375,48980000,Energy_Index
2002-12-04,184.9199981689453,185.2100067138672,183.25,184.5399932861328,37764200,Energy_Index
2002-12-05,184.64999389648438,185.16000366210938,183.24000549316406,184.75999450683594,38469400,Energy_Index
2002-12-06,186.52999877929688,186.8000030517578,182.64999389648438,184.4199981689453,37131400,Energy_Index
2002-12-09,183.49000549316406,188.1999969482422,183.1699981689453,186.39999389648438,42600600,Energy_Index
2002-12-10,186.08999633789062,186.14999389648438,182.52999877929688,184.0399932861328,37472600,Energy_Index
2002-12-11,185.42999267578125,186.64999389648438,183.47000122070312,186.05999755859375,41344800,Energy_Index
2002-12-12,185.9499969482422,186.5500030517578,184.36000061035156,185.25999450683594,58308800,Energy_Index
2002-12-13,185.47000122070312,187.38999938964844,184.89999389648438,185.02000427246094,53398800,Energy_Index
2002-12-16,189.3000030517578,189.6300048828125,186.4499969482422,186.63999938964844,46597600,Energy_Index
2002-12-17,187.5399932861328,189.85000610351562,186.6199951171875,189.3000030517578,39248800,Energy_Index
2002-12-18,186.30999755859375,187.4499969482422,184.5800018310547,187.02999877929688,50718200,Energy_Index
2002-12-19,184.57000732421875,186.72999572753906,183.69000244140625,185.5399932861328,44378600,Energy_Index
2002-12-20,187.39999389648438,187.6199951171875,184.60000610351562,184.60000610351562,61091400,Energy_Index
2002-12-23,187.25,188.39999389648438,186.42999267578125,186.67999267578125,32629000,Energy_Index
2002-12-24,186.4199981689453,188.30999755859375,186.41000366210938,187.92999267578125,12620200,Energy_Index
2002-12-26,185.52000427246094,188.47000122070312,185.22000122070312,186.92999267578125,20744400,Energy_Index
2002-12-27,181.97000122070312,186.25,181.75999450683594,185.97999572753906,26971800,Energy_Index
2002-12-30,182.69000244140625,184.17999267578125,182.22000122070312,182.5800018310547,32349000,Energy_Index
2002-12-31,183.1300048828125,183.2100067138672,180.10000610351562,182.69000244140625,33196200,Energy_Index
2003-01-02,186.8000030517578,186.8000030517578,183.1300048828125,183.1300048828125,35313600,Energy_Index
2003-01-03,186.67999267578125,187.44000244140625,185.8000030517578,186.22999572753906,31107000,Energy_Index
2003-01-06,189.64999389648438,190.3300018310547,186.47000122070312,186.52000427246094,40968600,Energy_Index
2003-01-07,183.0500030517578,188.75,182.94000244140625,188.75,54415200,Energy_Index
2003-01-08,182.16000366210938,183.47999572753906,181.33999633789062,183.1699981689453,46406600,Energy_Index
2003-01-09,185.2899932861328,185.6199951171875,182.5500030517578,182.5500030517578,42814000,Energy_Index
2003-01-10,183.19000244140625,185.0800018310547,182.67999267578125,183.6699981689453,43050600,Energy_Index
2003-01-13,182.5,183.64999389648438,181.17999267578125,182.97999572753906,45009400,Energy_Index
2003-01-14,183.36000061035156,183.3699951171875,181.7899932861328,181.94000244140625,44639200,Energy_Index
2003-01-15,182.85000610351562,183.41000366210938,182.10000610351562,183.25999450683594,50960600,Energy_Index
2003-01-16,184.2899932861328,185.41000366210938,182.91000366210938,182.91000366210938,47147400,Energy_Index
2003-01-17,182.41000366210938,184.02999877929688,182.3000030517578,183.99000549316406,39372400,Energy_Index
2003-01-21,178.24000549316406,181.74000549316406,178.24000549316406,181.74000549316406,43310400,Energy_Index
2003-01-22,176.89999389648438,178.8800048828125,174.89999389648438,178.1999969482422,60905200,Energy_Index
2003-01-23,177.0500030517578,177.8300018310547,175.66000366210938,176.5800018310547,44993000,Energy_Index
2003-01-24,173.3699951171875,176.75999450683594,172.52999877929688,176.50999450683594,42203200,Energy_Index
2003-01-27,168.2899932861328,173.4199981689453,167.1699981689453,173.35000610351562,48835600,Energy_Index
2003-01-28,171.8300018310547,172.82000732421875,168.52999877929688,168.52999877929688,43952600,Energy_Index
2003-01-29,177.72999572753906,179.16000366210938,171.77000427246094,171.82000732421875,42358800,Energy_Index
2003-01-30,174.9499969482422,180.1999969482422,174.58999633789062,177.77999877929688,60932000,Energy_Index
2003-01-31,178.3800048828125,179.1699981689453,173.0399932861328,174.57000732421875,56418600,Energy_Index
2003-02-03,180.5,180.89999389648438,177.80999755859375,178.27999877929688,44769000,Energy_Index
2003-02-04,181.4499969482422,182.22000122070312,177.3000030517578,180.14999389648438,50704600,Energy_Index
2003-02-05,179.69000244140625,182.6699981689453,179.02999877929688,181.4600067138672,48040000,Energy_Index
2003-02-06,177.97999572753906,178.60000610351562,175.88999938964844,178.57000732421875,44161000,Energy_Index
2003-02-07,176.2100067138672,179.07000732421875,175.27999877929688,178.05999755859375,34955000,Energy_Index
2003-02-10,178.35000610351562,178.50999450683594,175.9600067138672,176.75999450683594,39457600,Energy_Index
2003-02-11,177.24000549316406,179.8000030517578,176.0,178.97999572753906,41271600,Energy_Index
2003-02-12,173.52000427246094,177.27999877929688,173.5,176.92999267578125,39648600,Energy_Index
2003-02-13,174.1199951171875,175.10000610351562,171.4499969482422,173.52999877929688,44350000,Energy_Index
2003-02-14,175.8300018310547,175.91000366210938,172.58999633789062,173.88999938964844,41625000,Energy_Index
2003-02-18,178.0,178.83999633789062,176.1199951171875,176.22000122070312,41312400,Energy_Index
2003-02-19,178.17999267578125,178.77000427246094,177.11000061035156,177.9600067138672,35942600,Energy_Index
2003-02-20,177.44000244140625,179.9199981689453,176.97999572753906,178.19000244140625,41853800,Energy_Index
2003-02-21,180.85000610351562,181.49000549316406,177.89999389648438,178.27000427246094,59592400,Energy_Index
2003-02-24,181.49000549316406,182.72999572753906,180.17999267578125,180.83999633789062,58797800,Energy_Index
2003-02-25,180.99000549316406,183.33999633789062,179.22999572753906,180.67999267578125,76086000,Energy_Index
2003-02-26,180.8000030517578,182.33999633789062,179.82000732421875,180.8699951171875,48327000,Energy_Index
2003-02-27,180.44000244140625,182.49000549316406,179.58999633789062,181.5,50338200,Energy_Index
2003-02-28,181.05999755859375,182.83999633789062,180.5399932861328,180.8699951171875,45862400,Energy_Index
2003-03-03,182.52999877929688,183.61000061035156,181.6999969482422,182.1300048828125,47497000,Energy_Index
2003-03-04,181.52000427246094,183.35000610351562,181.38999938964844,183.1199951171875,41296600,Energy_Index
2003-03-05,183.8800048828125,183.89999389648438,181.4600067138672,181.7899932861328,43605400,Energy_Index
2003-03-06,183.22000122070312,184.00999450683594,182.1999969482422,183.22000122070312,44190200,Energy_Index
2003-03-07,183.6699981689453,184.47000122070312,181.36000061035156,182.02999877929688,50449000,Energy_Index
2003-03-10,181.13999938964844,183.94000244140625,181.10000610351562,183.6300048828125,40973000,Energy_Index
2003-03-11,180.66000366210938,183.24000549316406,180.5399932861328,182.1199951171875,47006600,Energy_Index
2003-03-12,177.85000610351562,180.5399932861328,174.50999450683594,180.50999450683594,65326400,Energy_Index
2003-03-13,179.44000244140625,180.08999633789062,177.77000427246094,178.72000122070312,50480800,Energy_Index
2003-03-14,179.19000244140625,180.41000366210938,177.64999389648438,179.58999633789062,52042200,Energy_Index
2003-03-17,181.60000610351562,182.19000244140625,179.2100067138672,179.36000061035156,58162200,Energy_Index
2003-03-18,183.88999938964844,183.88999938964844,179.3699951171875,181.22000122070312,62926000,Energy_Index
2003-03-19,184.69000244140625,185.1199951171875,183.24000549316406,183.91000366210938,47248000,Energy_Index
2003-03-20,185.67999267578125,186.5399932861328,183.41000366210938,184.2899932861328,54203600,Energy_Index
2003-03-21,185.52999877929688,187.17999267578125,184.5800018310547,187.13999938964844,56353600,Energy_Index
2003-03-24,182.3000030517578,186.13999938964844,182.1199951171875,185.5500030517578,42539000,Energy_Index
2003-03-25,184.30999755859375,186.39999389648438,183.4499969482422,183.4499969482422,46876600,Energy_Index
2003-03-26,184.50999450683594,185.52999877929688,183.88999938964844,184.32000732421875,49496600,Energy_Index
2003-03-27,185.6699981689453,186.99000549316406,183.5,184.0399932861328,48490000,Energy_Index
2003-03-28,186.83999633789062,187.60000610351562,184.9199981689453,184.9199981689453,43126200,Energy_Index
2003-03-31,183.11000061035156,185.4499969482422,182.8800048828125,185.32000732421875,50894400,Energy_Index
2003-04-01,186.32000732421875,186.8800048828125,183.8800048828125,183.9600067138672,43607400,Energy_Index
2003-04-02,185.91000366210938,187.30999755859375,185.0800018310547,186.32000732421875,41046800,Energy_Index
2003-04-03,182.72000122070312,186.42999267578125,182.3000030517578,185.89999389648438,43912400,Energy_Index
2003-04-04,184.3000030517578,184.63999938964844,182.72000122070312,182.72000122070312,40064800,Energy_Index
2003-04-07,182.30999755859375,186.1300048828125,182.25999450683594,184.36000061035156,45542400,Energy_Index
2003-04-08,180.35000610351562,182.25999450683594,179.91000366210938,182.25999450683594,39140200,Energy_Index
2003-04-09,180.14999389648438,182.91000366210938,179.85000610351562,181.16000366210938,40070400,Energy_Index
2003-04-10,181.82000732421875,181.8699951171875,179.99000549316406,179.99000549316406,42386400,Energy_Index
2003-04-11,180.4199981689453,182.08999633789062,179.6199951171875,181.67999267578125,37784400,Energy_Index
2003-04-14,182.10000610351562,182.22999572753906,180.0800018310547,180.30999755859375,31311800,Energy_Index
2003-04-15,182.02999877929688,182.32000732421875,180.75,182.11000061035156,38424800,Energy_Index
2003-04-16,180.10000610351562,182.7100067138672,179.39999389648438,182.19000244140625,38320000,Energy_Index
2003-04-17,182.66000366210938,182.80999755859375,179.52999877929688,179.5399932861328,40012000,Energy_Index
2003-04-21,182.8000030517578,183.5399932861328,181.6699981689453,182.74000549316406,30716200,Energy_Index
2003-04-22,185.11000061035156,185.75999450683594,181.25999450683594,181.80999755859375,39108800,Energy_Index
2003-04-23,185.07000732421875,185.4199981689453,183.19000244140625,184.5,50731200,Energy_Index
2003-04-24,184.0399932861328,185.4499969482422,183.5800018310547,184.1999969482422,39710000,Energy_Index
2003-04-25,182.17999267578125,183.6199951171875,180.82000732421875,183.6199951171875,39662200,Energy_Index
2003-04-28,183.89999389648438,184.99000549316406,182.11000061035156,182.11000061035156,38946600,Energy_Index
2003-04-29,180.97999572753906,183.52999877929688,180.58999633789062,183.4199981689453,46279600,Energy_Index
2003-04-30,182.22000122070312,182.75,180.64999389648438,180.75,58348200,Energy_Index
2003-05-01,183.0500030517578,184.14999389648438,181.10000610351562,182.77000427246094,42705600,Energy_Index
2003-05-02,186.6300048828125,186.86000061035156,183.4199981689453,183.44000244140625,46204800,Energy_Index
2003-05-05,186.16000366210938,187.52999877929688,185.39999389648438,186.82000732421875,46456800,Energy_Index
2003-05-06,185.5800018310547,187.30999755859375,184.9600067138672,186.3000030517578,46712400,Energy_Index
2003-05-07,186.8699951171875,187.77999877929688,184.66000366210938,185.6199951171875,53546000,Energy_Index
2003-05-08,186.82000732421875,188.32000732421875,185.86000061035156,186.86000061035156,44335600,Energy_Index
2003-05-09,187.7899932861328,188.07000732421875,185.9499969482422,186.27999877929688,39927800,Energy_Index
2003-05-12,188.60000610351562,189.19000244140625,186.82000732421875,187.52999877929688,46626400,Energy_Index
2003-05-13,189.8000030517578,190.60000610351562,187.72999572753906,188.61000061035156,47640800,Energy_Index
2003-05-14,189.22999572753906,190.30999755859375,188.4199981689453,190.10000610351562,49598800,Energy_Index
2003-05-15,189.5,190.11000061035156,188.52000427246094,189.27000427246094,40532200,Energy_Index
2003-05-16,190.25999450683594,190.61000061035156,188.86000061035156,189.5,44316000,Energy_Index
2003-05-19,187.80999755859375,189.5,187.8000030517578,189.5,34819200,Energy_Index
2003-05-20,188.17999267578125,189.05999755859375,187.13999938964844,188.2100067138672,40599000,Energy_Index
2003-05-21,192.4499969482422,192.72000122070312,187.24000549316406,187.72999572753906,59871200,Energy_Index
2003-05-22,192.66000366210938,193.16000366210938,191.72999572753906,192.25999450683594,34293000,Energy_Index
2003-05-23,193.72000122070312,194.60000610351562,191.64999389648438,192.3699951171875,38104000,Energy_Index
2003-05-27,197.85000610351562,198.1699981689453,192.8800048828125,193.27000427246094,51198200,Energy_Index
2003-05-28,196.16000366210938,197.92999267578125,195.33999633789062,197.3300018310547,45586800,Energy_Index
2003-05-29,193.8000030517578,196.47999572753906,193.1199951171875,196.27000427246094,48527000,Energy_Index
2003-05-30,197.0,197.2899932861328,193.97999572753906,193.97999572753906,46625800,Energy_Index
2003-06-02,198.1699981689453,199.57000732421875,196.97000122070312,196.97000122070312,42920400,Energy_Index
2003-06-03,199.6699981689453,199.6999969482422,197.27000427246094,198.11000061035156,46069200,Energy_Index
2003-06-04,201.13999938964844,201.42999267578125,199.0399932861328,199.66000366210938,56856600,Energy_Index
2003-06-05,200.5500030517578,201.1300048828125,199.0500030517578,201.1300048828125,47536400,Energy_Index
2003-06-06,200.3300018310547,202.55999755859375,199.5500030517578,200.52999877929688,59022000,Energy_Index
2003-06-09,200.0500030517578,200.58999633789062,199.0,200.0399932861328,39474200,Energy_Index
2003-06-10,201.1199951171875,201.57000732421875,199.75,200.32000732421875,36010800,Energy_Index
2003-06-11,205.9499969482422,205.9600067138672,201.13999938964844,201.13999938964844,53023600,Energy_Index
2003-06-12,204.80999755859375,207.25,203.22999572753906,205.9499969482422,51334200,Energy_Index
2003-06-13,202.42999267578125,204.72999572753906,200.4499969482422,204.7100067138672,45390800,Energy_Index
2003-06-16,203.05999755859375,203.07000732421875,200.55999755859375,202.41000366210938,52636000,Energy_Index
2003-06-17,200.52999877929688,203.05999755859375,200.13999938964844,203.05999755859375,47458600,Energy_Index
2003-06-18,199.66000366210938,200.82000732421875,198.27000427246094,200.47000122070312,49668000,Energy_Index
2003-06-19,198.97999572753906,200.19000244140625,198.52000427246094,199.52999877929688,45690400,Energy_Index
2003-06-20,198.5399932861328,200.25,198.25999450683594,199.17999267578125,56111400,Energy_Index
2003-06-23,198.57000732421875,199.07000732421875,197.25,198.5,37115200,Energy_Index
2003-06-24,198.41000366210938,198.91000366210938,197.82000732421875,198.55999755859375,48109000,Energy_Index
2003-06-25,198.0800018310547,200.83999633789062,197.94000244140625,198.39999389648438,52618000,Energy_Index
2003-06-26,197.47999572753906,198.3800048828125,196.60000610351562,198.0800018310547,54082800,Energy_Index
2003-06-27,196.22000122070312,198.1699981689453,195.8300018310547,197.27999877929688,36334200,Energy_Index
2003-06-30,194.82000732421875,197.4199981689453,194.8000030517578,196.3800048828125,43178800,Energy_Index
2003-07-01,195.42999267578125,195.83999633789062,192.4600067138672,194.7899932861328,44788800,Energy_Index
2003-07-02,195.64999389648438,195.6699981689453,193.7899932861328,195.00999450683594,47616200,Energy_Index
2003-07-03,194.72000122070312,195.64999389648438,193.75999450683594,195.64999389648438,29633800,Energy_Index
2003-07-07,194.24000549316406,195.5399932861328,194.02999877929688,194.86000061035156,48006000,Energy_Index
2003-07-08,193.3800048828125,194.16000366210938,192.6199951171875,194.16000366210938,48582200,Energy_Index
2003-07-09,194.2899932861328,194.92999267578125,192.5,193.38999938964844,48693400,Energy_Index
2003-07-10,191.72000122070312,194.32000732421875,190.97999572753906,194.32000732421875,58766800,Energy_Index
2003-07-11,192.9499969482422,193.72000122070312,191.24000549316406,191.27000427246094,39343600,Energy_Index
2003-07-14,190.8699951171875,193.6699981689453,190.6999969482422,193.07000732421875,40807600,Energy_Index
2003-07-15,189.55999755859375,191.2100067138672,188.8699951171875,190.8800048828125,46401400,Energy_Index
2003-07-16,188.17999267578125,190.39999389648438,188.0800018310547,189.72000122070312,51846200,Energy_Index
2003-07-17,189.44000244140625,190.30999755859375,187.72000122070312,188.1999969482422,59106200,Energy_Index
2003-07-18,193.6199951171875,193.75999450683594,189.64999389648438,189.64999389648438,56016000,Energy_Index
2003-07-21,191.55999755859375,193.9499969482422,191.16000366210938,193.4499969482422,41478000,Energy_Index
2003-07-22,192.02000427246094,193.25999450683594,190.4600067138672,191.91000366210938,39666800,Energy_Index
2003-07-23,191.0800018310547,192.92999267578125,189.3699951171875,192.07000732421875,40618600,Energy_Index
2003-07-24,189.1300048828125,192.94000244140625,189.0500030517578,191.36000061035156,45054000,Energy_Index
2003-07-25,191.4600067138672,191.58999633789062,188.6999969482422,189.14999389648438,45551400,Energy_Index
2003-07-28,191.19000244140625,192.07000732421875,190.32000732421875,191.27999877929688,53098400,Energy_Index
2003-07-29,188.5800018310547,191.19000244140625,188.27999877929688,190.99000549316406,52581200,Energy_Index
2003-07-30,188.4499969482422,189.75,188.38999938964844,189.50999450683594,48966200,Energy_Index
2003-07-31,189.91000366210938,192.75,188.88999938964844,189.8800048828125,64352600,Energy_Index
2003-08-01,188.8000030517578,189.91000366210938,187.8800048828125,189.91000366210938,44529200,Energy_Index
2003-08-04,188.44000244140625,189.2100067138672,186.61000061035156,189.14999389648438,0,Energy_Index
2003-08-05,187.39999389648438,189.75,187.39999389648438,188.4499969482422,0,Energy_Index
2003-08-06,189.80999755859375,190.66000366210938,187.16000366210938,187.49000549316406,0,Energy_Index
2003-08-07,193.6699981689453,193.9199981689453,189.4600067138672,189.4600067138672,0,Energy_Index
2003-08-08,194.69000244140625,195.00999450683594,193.58999633789062,193.75,0,Energy_Index
2003-08-11,195.44000244140625,196.5399932861328,194.38999938964844,194.38999938964844,0,Energy_Index
2003-08-12,196.61000061035156,196.61000061035156,194.60000610351562,196.00999450683594,0,Energy_Index
2003-08-13,196.17999267578125,197.27000427246094,195.80999755859375,196.91000366210938,0,Energy_Index
2003-08-14,197.5399932861328,197.5399932861328,195.86000061035156,196.94000244140625,0,Energy_Index
2003-08-15,196.75999450683594,197.1199951171875,196.16000366210938,197.0500030517578,0,Energy_Index
2003-08-18,197.27000427246094,197.85000610351562,196.9600067138672,196.9600067138672,0,Energy_Index
2003-08-19,196.3699951171875,197.8300018310547,195.3699951171875,197.22999572753906,0,Energy_Index
2003-08-20,197.35000610351562,197.85000610351562,195.4499969482422,196.35000610351562,0,Energy_Index
2003-08-21,198.49000549316406,198.9199981689453,197.3300018310547,197.49000549316406,0,Energy_Index
2003-08-22,195.77999877929688,199.25999450683594,195.6300048828125,198.97999572753906,0,Energy_Index
2003-08-25,196.2899932861328,196.52000427246094,195.13999938964844,195.3300018310547,0,Energy_Index
2003-08-26,196.2899932861328,196.72000122070312,194.1999969482422,196.2100067138672,0,Energy_Index
2003-08-27,197.47999572753906,198.17999267578125,196.22000122070312,196.22999572753906,0,Energy_Index
2003-08-28,200.22000122070312,201.8699951171875,196.57000732421875,197.75999450683594,0,Energy_Index
2003-08-29,200.6699981689453,200.75,199.35000610351562,199.8000030517578,0,Energy_Index
2003-09-02,202.00999450683594,202.05999755859375,199.2899932861328,200.5500030517578,0,Energy_Index
2003-09-03,202.3800048828125,202.69000244140625,201.6199951171875,201.99000549316406,0,Energy_Index
2003-09-04,202.02000427246094,202.72999572753906,201.72000122070312,202.17999267578125,0,Energy_Index
2003-09-05,201.05999755859375,202.00999450683594,200.3300018310547,202.00999450683594,0,Energy_Index
2003-09-08,203.97000122070312,204.02000427246094,201.39999389648438,201.39999389648438,0,Energy_Index
2003-09-09,202.00999450683594,203.4600067138672,201.35000610351562,203.36000061035156,0,Energy_Index
2003-09-10,200.6999969482422,202.1699981689453,200.02999877929688,201.83999633789062,0,Energy_Index
2003-09-11,200.47000122070312,201.97999572753906,200.2899932861328,201.24000549316406,0,Energy_Index
2003-09-12,199.77999877929688,200.67999267578125,198.72000122070312,200.47000122070312,0,Energy_Index
2003-09-15,198.5800018310547,199.77999877929688,198.42999267578125,199.77999877929688,0,Energy_Index
2003-09-16,199.47999572753906,199.49000549316406,197.8300018310547,198.52999877929688,0,Energy_Index
2003-09-17,195.9199981689453,199.49000549316406,195.8699951171875,199.49000549316406,0,Energy_Index
2003-09-18,197.22999572753906,197.39999389648438,195.3699951171875,195.6999969482422,0,Energy_Index
2003-09-19,198.0,198.22999572753906,196.5800018310547,196.64999389648438,0,Energy_Index
2003-09-22,197.16000366210938,197.88999938964844,195.66000366210938,197.88999938964844,0,Energy_Index
2003-09-23,198.0800018310547,198.3699951171875,197.02000427246094,197.3699951171875,0,Energy_Index
2003-09-24,198.3000030517578,200.8800048828125,198.1300048828125,198.14999389648438,0,Energy_Index
2003-09-25,197.52000427246094,199.47999572753906,197.42999267578125,198.27999877929688,0,Energy_Index
2003-09-26,195.58999633789062,197.1199951171875,194.75,197.11000061035156,0,Energy_Index
2003-09-29,196.60000610351562,196.80999755859375,194.8300018310547,195.57000732421875,0,Energy_Index
2003-09-30,195.64999389648438,197.02000427246094,194.05999755859375,196.52999877929688,0,Energy_Index
2003-10-01,199.47000122070312,199.47999572753906,196.14999389648438,196.47000122070312,0,Energy_Index
2003-10-02,200.22999572753906,200.57000732421875,197.99000549316406,199.4199981689453,0,Energy_Index
2003-10-03,201.3800048828125,203.3800048828125,200.2899932861328,200.2899932861328,0,Energy_Index
2003-10-06,202.8000030517578,203.0399932861328,201.80999755859375,201.80999755859375,0,Energy_Index
2003-10-07,203.80999755859375,203.89999389648438,200.9499969482422,202.7100067138672,0,Energy_Index
2003-10-08,202.3800048828125,203.7899932861328,201.44000244140625,203.6199951171875,0,Energy_Index
2003-10-09,202.00999450683594,203.38999938964844,201.49000549316406,202.38999938964844,0,Energy_Index
2003-10-10,203.64999389648438,204.35000610351562,202.4600067138672,202.4600067138672,0,Energy_Index
2003-10-13,204.35000610351562,205.22999572753906,203.69000244140625,204.0,0,Energy_Index
2003-10-14,204.72999572753906,204.75999450683594,202.66000366210938,204.2100067138672,0,Energy_Index
2003-10-15,202.39999389648438,204.7899932861328,201.60000610351562,204.7899932861328,0,Energy_Index
2003-10-16,204.25,204.60000610351562,202.4499969482422,202.4499969482422,0,Energy_Index
2003-10-17,202.89999389648438,204.4199981689453,202.27000427246094,204.4199981689453,0,Energy_Index
2003-10-20,202.8300018310547,203.0800018310547,201.64999389648438,203.0,0,Energy_Index
2003-10-21,202.89999389648438,203.75999450683594,202.49000549316406,202.75999450683594,0,Energy_Index
2003-10-22,199.00999450683594,201.7899932861328,198.80999755859375,201.52999877929688,0,Energy_Index
2003-10-23,199.75999450683594,199.75999450683594,197.02999877929688,198.9600067138672,0,Energy_Index
2003-10-24,199.6699981689453,199.74000549316406,197.83999633789062,198.52000427246094,0,Energy_Index
2003-10-27,199.07000732421875,200.52999877929688,198.66000366210938,199.67999267578125,0,Energy_Index
2003-10-28,200.0399932861328,200.10000610351562,198.4499969482422,199.67999267578125,0,Energy_Index
2003-10-29,199.14999389648438,200.8000030517578,198.61000061035156,199.8800048828125,0,Energy_Index
2003-10-30,194.41000366210938,198.05999755859375,193.82000732421875,197.97999572753906,0,Energy_Index
2003-10-31,197.22999572753906,198.22000122070312,194.44000244140625,194.44000244140625,0,Energy_Index
2003-11-03,196.75999450683594,198.5,196.5,197.30999755859375,0,Energy_Index
2003-11-04,195.72999572753906,196.7899932861328,195.4499969482422,196.58999633789062,0,Energy_Index
2003-11-05,195.38999938964844,196.14999389648438,194.61000061035156,195.72000122070312,0,Energy_Index
2003-11-06,195.6699981689453,196.05999755859375,194.19000244140625,195.38999938964844,0,Energy_Index
2003-11-07,195.16000366210938,196.02000427246094,194.7100067138672,195.07000732421875,0,Energy_Index
2003-11-10,194.9199981689453,195.6300048828125,194.57000732421875,195.13999938964844,0,Energy_Index
2003-11-11,195.35000610351562,196.22000122070312,194.83999633789062,194.88999938964844,0,Energy_Index
2003-11-12,196.0800018310547,196.50999450683594,195.36000061035156,195.44000244140625,0,Energy_Index
2003-11-13,198.07000732421875,198.17999267578125,196.00999450683594,196.02000427246094,0,Energy_Index
2003-11-14,197.17999267578125,198.2899932861328,196.2899932861328,197.75999450683594,0,Energy_Index
2003-11-17,195.0,196.17999267578125,193.9499969482422,196.0800018310547,0,Energy_Index
2003-11-18,193.38999938964844,195.50999450683594,193.3699951171875,194.8699951171875,0,Energy_Index
2003-11-19,194.33999633789062,194.86000061035156,193.10000610351562,193.33999633789062,0,Energy_Index
2003-11-20,193.75999450683594,195.02999877929688,193.17999267578125,194.24000549316406,0,Energy_Index
2003-11-21,193.0399932861328,194.66000366210938,192.52999877929688,194.66000366210938,0,Energy_Index
2003-11-24,194.27999877929688,194.69000244140625,193.4499969482422,193.49000549316406,0,Energy_Index
2003-11-25,195.66000366210938,196.2899932861328,194.1300048828125,194.1300048828125,0,Energy_Index
2003-11-26,197.52999877929688,197.94000244140625,195.9600067138672,195.9600067138672,0,Energy_Index
2003-11-28,196.9600067138672,197.75,196.74000549316406,197.75,0,Energy_Index
2003-12-01,198.72000122070312,199.16000366210938,197.72999572753906,198.10000610351562,0,Energy_Index
2003-12-02,199.97000122070312,200.4499969482422,198.60000610351562,198.6300048828125,0,Energy_Index
2003-12-03,199.47999572753906,200.6699981689453,199.47999572753906,200.0399932861328,0,Energy_Index
2003-12-04,203.52000427246094,203.72999572753906,199.0399932861328,199.0399932861328,0,Energy_Index
2003-12-05,203.91000366210938,204.35000610351562,203.10000610351562,203.60000610351562,0,Energy_Index
2003-12-08,206.42999267578125,206.5,204.08999633789062,204.1699981689453,0,Energy_Index
2003-12-09,207.27000427246094,208.3300018310547,206.4600067138672,206.4600067138672,0,Energy_Index
2003-12-10,207.5500030517578,207.89999389648438,206.75999450683594,207.55999755859375,0,Energy_Index
2003-12-11,208.39999389648438,208.72000122070312,207.11000061035156,207.8699951171875,0,Energy_Index
2003-12-12,210.11000061035156,210.36000061035156,208.1999969482422,208.6300048828125,0,Energy_Index
2003-12-15,207.91000366210938,209.67999267578125,207.88999938964844,209.64999389648438,0,Energy_Index
2003-12-16,211.16000366210938,211.5500030517578,208.1199951171875,208.1199951171875,0,Energy_Index
2003-12-17,213.22000122070312,213.3300018310547,210.8800048828125,211.5,0,Energy_Index
2003-12-18,218.3300018310547,219.0800018310547,213.3000030517578,213.30999755859375,0,Energy_Index
2003-12-19,218.35000610351562,218.77000427246094,217.4600067138672,218.44000244140625,0,Energy_Index
2003-12-22,218.44000244140625,218.44000244140625,217.25,217.9199981689453,0,Energy_Index
2003-12-23,218.02999877929688,218.1999969482422,216.72000122070312,217.9499969482422,0,Energy_Index
2003-12-24,219.5800018310547,220.58999633789062,217.75999450683594,217.75999450683594,0,Energy_Index
2003-12-26,220.52000427246094,220.94000244140625,219.69000244140625,219.69000244140625,0,Energy_Index
2003-12-29,223.39999389648438,223.47999572753906,220.77999877929688,220.77999877929688,0,Energy_Index
2003-12-30,223.94000244140625,225.33999633789062,223.19000244140625,223.36000061035156,0,Energy_Index
2003-12-31,224.13999938964844,225.3800048828125,222.9600067138672,224.1199951171875,0,Energy_Index
2004-01-02,222.88999938964844,225.2100067138672,222.0,224.24000549316406,0,Energy_Index
2004-01-05,227.7899932861328,227.83999633789062,224.19000244140625,224.57000732421875,0,Energy_Index
2004-01-06,226.66000366210938,227.63999938964844,225.5,227.58999633789062,0,Energy_Index
2004-01-07,224.58999633789062,226.42999267578125,223.1199951171875,226.42999267578125,0,Energy_Index
2004-01-08,224.9600067138672,224.9600067138672,222.0800018310547,224.17999267578125,0,Energy_Index
2004-01-09,224.00999450683594,225.3800048828125,222.27000427246094,224.8699951171875,0,Energy_Index
2004-01-12,225.17999267578125,225.66000366210938,224.27999877929688,224.88999938964844,0,Energy_Index
2004-01-13,224.86000061035156,226.72000122070312,224.27999877929688,225.22000122070312,0,Energy_Index
2004-01-14,224.85000610351562,225.14999389648438,223.58999633789062,224.4499969482422,0,Energy_Index
2004-01-15,219.14999389648438,223.07000732421875,219.08999633789062,222.47000122070312,0,Energy_Index
2004-01-16,223.61000061035156,223.61000061035156,221.47000122070312,221.94000244140625,0,Energy_Index
2004-01-20,227.61000061035156,228.00999450683594,223.97000122070312,223.97000122070312,0,Energy_Index
2004-01-21,229.8699951171875,230.2100067138672,227.58999633789062,227.58999633789062,0,Energy_Index
2004-01-22,228.7100067138672,230.82000732421875,227.4499969482422,229.92999267578125,0,Energy_Index
2004-01-23,229.89999389648438,230.8699951171875,228.85000610351562,228.91000366210938,0,Energy_Index
2004-01-26,232.07000732421875,232.1199951171875,228.42999267578125,229.69000244140625,0,Energy_Index
2004-01-27,230.8800048828125,233.27000427246094,230.7100067138672,231.8699951171875,0,Energy_Index
2004-01-28,228.44000244140625,231.77000427246094,227.27999877929688,231.19000244140625,0,Energy_Index
2004-01-29,229.77999877929688,230.61000061035156,228.3300018310547,228.52999877929688,0,Energy_Index
2004-01-30,226.94000244140625,229.02999877929688,226.22999572753906,228.88999938964844,0,Energy_Index
2004-02-02,227.22999572753906,228.57000732421875,225.50999450683594,226.1199951171875,60157200,Energy_Index
2004-02-03,226.2100067138672,227.38999938964844,225.60000610351562,226.83999633789062,48098600,Energy_Index
2004-02-04,225.0,226.3000030517578,224.0,225.07000732421875,51137200,Energy_Index
2004-02-05,223.74000549316406,225.4499969482422,222.14999389648438,225.0,52866200,Energy_Index
2004-02-06,224.9600067138672,225.08999633789062,222.88999938964844,223.74000549316406,44832200,Energy_Index
2004-02-09,226.89999389648438,227.7100067138672,224.33999633789062,224.9600067138672,49698800,Energy_Index
2004-02-10,229.60000610351562,230.22999572753906,226.22000122070312,226.89999389648438,59129400,Energy_Index
2004-02-11,233.08999633789062,233.3699951171875,229.02999877929688,229.60000610351562,65073200,Energy_Index
2004-02-12,233.55999755859375,234.2899932861328,232.0,233.08999633789062,50621600,Energy_Index
2004-02-13,232.85000610351562,233.88999938964844,231.47999572753906,233.55999755859375,48075400,Energy_Index
2004-02-17,234.75999450683594,235.36000061035156,232.85000610351562,232.85000610351562,43932400,Energy_Index
2004-02-18,232.1300048828125,234.80999755859375,232.11000061035156,234.75999450683594,44378600,Energy_Index
2004-02-19,232.5,234.42999267578125,232.1300048828125,232.1300048828125,45919200,Energy_Index
2004-02-20,232.6300048828125,234.50999450683594,231.75,232.5,49158800,Energy_Index
2004-02-23,234.80999755859375,235.22999572753906,232.6300048828125,232.6300048828125,38685000,Energy_Index
2004-02-24,234.66000366210938,235.82000732421875,233.92999267578125,234.80999755859375,48949800,Energy_Index
2004-02-25,235.7899932861328,236.30999755859375,234.30999755859375,234.66000366210938,46967800,Energy_Index
2004-02-26,235.72999572753906,236.58999633789062,235.4199981689453,235.7899932861328,50027200,Energy_Index
2004-02-27,236.0399932861328,237.66000366210938,235.38999938964844,235.72999572753906,52140000,Energy_Index
2004-03-01,240.0800018310547,240.44000244140625,236.0399932861328,236.0399932861328,60414400,Energy_Index
2004-03-02,237.6999969482422,240.10000610351562,237.5500030517578,240.0800018310547,60490200,Energy_Index
2004-03-03,237.4499969482422,237.83999633789062,235.4199981689453,237.6999969482422,49260000,Energy_Index
2004-03-04,236.42999267578125,237.4600067138672,235.9499969482422,237.4499969482422,42944000,Energy_Index
2004-03-05,239.36000061035156,239.92999267578125,236.13999938964844,236.42999267578125,54879000,Energy_Index
2004-03-08,239.8699951171875,241.75999450683594,239.36000061035156,239.36000061035156,40209200,Energy_Index
2004-03-09,239.27999877929688,240.1699981689453,238.44000244140625,239.8699951171875,55368000,Energy_Index
2004-03-10,235.7899932861328,240.58999633789062,235.52000427246094,239.27999877929688,64681800,Energy_Index
2004-03-11,230.49000549316406,235.7899932861328,229.9600067138672,235.7899932861328,74882200,Energy_Index
2004-03-12,234.2100067138672,234.27999877929688,230.49000549316406,230.49000549316406,51047400,Energy_Index
2004-03-15,233.49000549316406,236.16000366210938,233.1999969482422,234.2100067138672,50578000,Energy_Index
2004-03-16,234.0399932861328,234.92999267578125,232.5500030517578,233.49000549316406,41304200,Energy_Index
2004-03-17,237.00999450683594,238.38999938964844,234.0399932861328,234.0399932861328,48249200,Energy_Index
2004-03-18,238.7899932861328,239.3300018310547,236.33999633789062,237.00999450683594,48167400,Energy_Index
2004-03-19,233.97999572753906,238.7899932861328,233.94000244140625,238.7899932861328,58717400,Energy_Index
2004-03-22,231.27000427246094,233.97999572753906,231.02000427246094,233.97999572753906,50178800,Energy_Index
2004-03-23,230.07000732421875,232.24000549316406,228.3300018310547,231.27000427246094,56835400,Energy_Index
2004-03-24,225.6199951171875,230.88999938964844,225.0,230.07000732421875,66351800,Energy_Index
2004-03-25,225.27000427246094,226.38999938964844,224.33999633789062,225.6199951171875,68650000,Energy_Index
2004-03-26,227.63999938964844,229.5500030517578,225.25999450683594,225.27000427246094,66478800,Energy_Index
2004-03-29,228.97000122070312,230.36000061035156,227.63999938964844,227.63999938964844,49385400,Energy_Index
2004-03-30,233.10000610351562,233.6699981689453,228.97000122070312,228.97000122070312,58443800,Energy_Index
2004-03-31,234.4499969482422,235.55999755859375,232.3000030517578,233.10000610351562,65531400,Energy_Index
2004-04-01,232.4199981689453,235.8000030517578,232.13999938964844,234.4499969482422,68940000,Energy_Index
2004-04-02,233.74000549316406,234.1199951171875,232.4199981689453,232.4199981689453,55934000,Energy_Index
2004-04-05,235.30999755859375,235.4600067138672,233.74000549316406,233.74000549316406,42450600,Energy_Index
2004-04-06,234.99000549316406,236.25,234.36000061035156,235.30999755859375,39350000,Energy_Index
2004-04-07,234.64999389648438,236.10000610351562,233.39999389648438,234.99000549316406,62015100,Energy_Index
2004-04-08,237.27000427246094,238.82000732421875,234.64999389648438,234.64999389648438,47962200,Energy_Index
2004-04-12,241.42999267578125,242.52999877929688,237.27000427246094,237.27000427246094,50219600,Energy_Index
2004-04-13,239.2100067138672,242.86000061035156,239.1699981689453,241.42999267578125,52442600,Energy_Index
2004-04-14,240.64999389648438,240.89999389648438,237.57000732421875,239.2100067138672,51054400,Energy_Index
2004-04-15,243.27999877929688,243.6699981689453,238.25999450683594,240.64999389648438,50418000,Energy_Index
2004-04-16,244.88999938964844,244.9499969482422,243.1199951171875,243.27999877929688,47064200,Energy_Index
2004-04-19,244.47999572753906,245.5500030517578,243.4600067138672,244.88999938964844,44028600,Energy_Index
2004-04-20,238.9600067138672,244.47999572753906,238.9600067138672,244.47999572753906,44822000,Energy_Index
2004-04-21,239.02000427246094,239.4499969482422,236.75,238.9600067138672,49948200,Energy_Index
2004-04-22,242.60000610351562,243.25999450683594,237.99000549316406,239.02000427246094,50475800,Energy_Index
2004-04-23,241.02000427246094,242.66000366210938,240.1199951171875,242.60000610351562,44565000,Energy_Index
2004-04-26,242.0399932861328,243.72999572753906,241.02000427246094,241.02000427246094,44561000,Energy_Index
2004-04-27,246.13999938964844,247.58999633789062,242.0399932861328,242.0399932861328,69444200,Energy_Index
2004-04-28,242.7100067138672,246.35000610351562,242.69000244140625,246.13999938964844,58579000,Energy_Index
2004-04-29,237.5800018310547,243.92999267578125,236.7100067138672,242.7100067138672,69075200,Energy_Index
2004-04-30,238.30999755859375,241.22999572753906,237.5800018310547,237.5800018310547,61294400,Energy_Index
2004-05-03,244.33999633789062,244.39999389648438,238.30999755859375,238.30999755859375,71232600,Energy_Index
2004-05-04,243.82000732421875,245.6999969482422,242.69000244140625,244.33999633789062,72212000,Energy_Index
2004-05-05,245.47999572753906,245.83999633789062,241.13999938964844,243.82000732421875,95587000,Energy_Index
2004-05-06,243.9499969482422,245.75,242.25,245.47999572753906,63441400,Energy_Index
2004-05-07,239.32000732421875,243.9499969482422,239.0,243.9499969482422,53874800,Energy_Index
2004-05-10,232.55999755859375,239.32000732421875,230.52000427246094,239.32000732421875,91354600,Energy_Index
2004-05-11,236.2100067138672,236.27000427246094,232.5399932861328,232.55999755859375,70928200,Energy_Index
2004-05-12,237.9499969482422,238.16000366210938,234.80999755859375,236.2100067138672,73819200,Energy_Index
2004-05-13,237.0,239.1699981689453,236.44000244140625,237.9499969482422,65989000,Energy_Index
2004-05-14,240.00999450683594,241.64999389648438,237.0,237.0,58754200,Energy_Index
2004-05-17,239.1300048828125,241.02000427246094,238.7100067138672,240.00999450683594,58635600,Energy_Index
2004-05-18,236.10000610351562,239.1300048828125,235.3300018310547,239.1300048828125,63629600,Energy_Index
2004-05-19,235.05999755859375,238.1999969482422,234.72999572753906,236.10000610351562,69660600,Energy_Index
2004-05-20,234.92999267578125,237.02999877929688,234.88999938964844,235.05999755859375,48567000,Energy_Index
2004-05-21,234.27999877929688,237.0800018310547,233.42999267578125,234.92999267578125,62236800,Energy_Index
2004-05-24,237.8300018310547,238.64999389648438,233.77999877929688,234.27999877929688,72496000,Energy_Index
2004-05-25,242.63999938964844,242.6699981689453,237.8300018310547,237.8300018310547,77098200,Energy_Index
2004-05-26,240.6199951171875,243.08999633789062,240.07000732421875,242.63999938964844,58384800,Energy_Index
2004-05-27,237.9600067138672,240.8300018310547,236.9600067138672,240.6199951171875,70568800,Energy_Index
2004-05-28,238.5399932861328,239.3000030517578,237.02000427246094,237.9600067138672,61302800,Energy_Index
2004-06-01,241.69000244140625,242.10000610351562,238.5399932861328,238.5399932861328,66421000,Energy_Index
2004-06-02,241.33999633789062,242.83999633789062,241.1199951171875,241.69000244140625,69404400,Energy_Index
2004-06-03,239.6699981689453,242.94000244140625,239.58999633789062,241.33999633789062,60989600,Energy_Index
2004-06-04,238.5500030517578,239.72000122070312,237.6300048828125,239.6699981689453,56515000,Energy_Index
2004-06-07,242.77999877929688,242.7899932861328,238.5500030517578,238.5500030517578,58367200,Energy_Index
2004-06-08,241.55999755859375,243.94000244140625,240.55999755859375,242.77999877929688,68303200,Energy_Index
2004-06-09,239.2899932861328,241.55999755859375,237.32000732421875,241.55999755859375,70062000,Energy_Index
2004-06-10,242.4499969482422,242.8699951171875,239.2899932861328,239.2899932861328,53867200,Energy_Index
2004-06-14,240.8000030517578,242.4499969482422,240.47000122070312,242.4499969482422,49319800,Energy_Index
2004-06-15,243.5800018310547,244.50999450683594,240.8000030517578,240.8000030517578,65201400,Energy_Index
2004-06-16,247.8699951171875,248.27999877929688,243.5800018310547,243.5800018310547,65525200,Energy_Index
2004-06-17,249.2899932861328,249.9600067138672,247.74000549316406,247.8699951171875,63883000,Energy_Index
2004-06-18,250.1699981689453,250.30999755859375,248.97000122070312,249.2899932861328,68155400,Energy_Index
2004-06-21,249.25999450683594,250.42999267578125,249.0800018310547,250.1699981689453,52969600,Energy_Index
2004-06-22,250.52999877929688,250.82000732421875,248.02000427246094,249.25999450683594,54116400,Energy_Index
2004-06-23,254.75,254.92999267578125,250.52999877929688,250.52999877929688,70706600,Energy_Index
2004-06-24,253.08999633789062,255.0500030517578,253.08999633789062,254.75,56848000,Energy_Index
2004-06-25,250.1699981689453,253.86000061035156,250.16000366210938,253.08999633789062,75541800,Energy_Index
2004-06-28,248.38999938964844,250.97000122070312,247.07000732421875,250.1699981689453,64751800,Energy_Index
2004-06-29,249.4499969482422,249.94000244140625,247.8800048828125,248.38999938964844,58237800,Energy_Index
2004-06-30,250.82000732421875,251.3000030517578,248.97999572753906,249.4499969482422,64335600,Energy_Index
2004-07-01,251.2899932861328,251.5,249.3699951171875,250.82000732421875,61678000,Energy_Index
2004-07-02,251.77000427246094,252.6199951171875,250.19000244140625,251.2899932861328,46260400,Energy_Index
2004-07-06,253.1199951171875,254.0500030517578,251.77000427246094,251.77000427246094,56131200,Energy_Index
2004-07-07,254.44000244140625,254.44000244140625,251.72000122070312,253.1199951171875,62083800,Energy_Index
2004-07-08,253.36000061035156,254.99000549316406,252.5500030517578,254.44000244140625,59682600,Energy_Index
2004-07-09,254.5500030517578,254.8300018310547,253.14999389648438,253.36000061035156,48001600,Energy_Index
2004-07-12,253.75999450683594,254.5500030517578,252.5399932861328,254.5500030517578,38921400,Energy_Index
2004-07-13,253.02000427246094,253.75999450683594,251.08999633789062,253.75999450683594,42329800,Energy_Index
2004-07-14,255.6199951171875,255.6199951171875,252.22999572753906,253.02000427246094,53360200,Energy_Index
2004-07-15,256.54998779296875,257.489990234375,255.14999389648438,255.6199951171875,61319800,Energy_Index
2004-07-16,259.17999267578125,259.8900146484375,256.54998779296875,256.54998779296875,67356600,Energy_Index
2004-07-19,258.7799987792969,260.0400085449219,257.75,257.75,53649200,Energy_Index
2004-07-20,258.45001220703125,259.1300048828125,257.8500061035156,258.7799987792969,49674400,Energy_Index
2004-07-21,254.0500030517578,260.0,254.0500030517578,258.45001220703125,65296000,Energy_Index
2004-07-22,254.99000549316406,256.04998779296875,253.25,254.0500030517578,61985600,Energy_Index
2004-07-23,253.85000610351562,254.99000549316406,253.0399932861328,254.99000549316406,46454200,Energy_Index
2004-07-26,252.27000427246094,254.97999572753906,251.02000427246094,253.85000610351562,54387200,Energy_Index
2004-07-27,254.24000549316406,254.8000030517578,251.1300048828125,252.27000427246094,57424600,Energy_Index
2004-07-28,256.0,256.5899963378906,253.44000244140625,254.24000549316406,57003800,Energy_Index
2004-07-29,257.8399963378906,258.3699951171875,255.61000061035156,256.0,62868800,Energy_Index
2004-07-30,259.1499938964844,259.4100036621094,257.8399963378906,257.8399963378906,52637400,Energy_Index
2004-08-02,258.92999267578125,259.5299987792969,256.17999267578125,259.1499938964844,53856000,Energy_Index
2004-08-03,262.0299987792969,262.4100036621094,258.92999267578125,258.92999267578125,53220400,Energy_Index
2004-08-04,256.760009765625,262.0299987792969,256.5199890136719,262.0299987792969,72352800,Energy_Index
2004-08-05,253.6999969482422,257.6700134277344,253.42999267578125,256.760009765625,77159700,Energy_Index
2004-08-06,248.8800048828125,253.6999969482422,248.42999267578125,253.6999969482422,66499600,Energy_Index
2004-08-09,252.25,254.3300018310547,248.8800048828125,248.8800048828125,56549000,Energy_Index
2004-08-10,251.02999877929688,252.77000427246094,250.30999755859375,252.25,58931000,Energy_Index
2004-08-11,249.75999450683594,251.13999938964844,247.13999938964844,251.02999877929688,78150800,Energy_Index
2004-08-12,246.77000427246094,251.3300018310547,246.6999969482422,249.75999450683594,61233400,Energy_Index
2004-08-13,249.1999969482422,250.2100067138672,246.77000427246094,246.77000427246094,54867600,Energy_Index
2004-08-16,250.69000244140625,250.91000366210938,248.77000427246094,249.1999969482422,55911400,Energy_Index
2004-08-17,245.41000366210938,250.69000244140625,245.0,250.69000244140625,83907400,Energy_Index
2004-08-18,248.16000366210938,248.3699951171875,245.41000366210938,245.41000366210938,77043000,Energy_Index
2004-08-19,249.0399932861328,250.2899932861328,247.89999389648438,248.16000366210938,69759000,Energy_Index
2004-08-20,251.02000427246094,253.13999938964844,249.0399932861328,249.0399932861328,73813400,Energy_Index
2004-08-23,248.5500030517578,251.8699951171875,248.1999969482422,251.02000427246094,58105600,Energy_Index
2004-08-24,247.6300048828125,248.57000732421875,245.77000427246094,248.5500030517578,60477200,Energy_Index
2004-08-25,249.25,249.49000549316406,247.6300048828125,247.6300048828125,59028600,Energy_Index
2004-08-26,250.77000427246094,251.3000030517578,247.6999969482422,249.25,55454200,Energy_Index
2004-08-27,252.19000244140625,252.6300048828125,250.77000427246094,250.77000427246094,41428200,Energy_Index
2004-08-30,250.9199981689453,253.88999938964844,250.5800018310547,252.19000244140625,45356600,Energy_Index
2004-08-31,255.55999755859375,255.6300048828125,250.9199981689453,250.9199981689453,55808800,Energy_Index
2004-09-01,258.9100036621094,259.32000732421875,255.27999877929688,255.55999755859375,70640400,Energy_Index
2004-09-02,261.17999267578125,261.260009765625,258.9100036621094,258.9100036621094,60160400,Energy_Index
2004-09-03,261.9800109863281,262.54998779296875,260.6700134277344,261.17999267578125,51278000,Energy_Index
2004-09-07,261.9700012207031,262.20001220703125,259.45001220703125,261.9800109863281,70221400,Energy_Index
2004-09-08,261.79998779296875,262.6400146484375,260.70001220703125,261.9700012207031,57279000,Energy_Index
2004-09-09,265.1700134277344,265.5799865722656,261.79998779296875,261.79998779296875,61842400,Energy_Index
2004-09-10,263.7099914550781,265.489990234375,262.7799987792969,265.1700134277344,49709600,Energy_Index
2004-09-13,265.6700134277344,266.1400146484375,263.7099914550781,263.7099914550781,54543200,Energy_Index
2004-09-14,266.239990234375,267.42999267578125,265.2099914550781,265.6700134277344,57973400,Energy_Index
2004-09-15,265.6199951171875,267.6199951171875,265.239990234375,266.239990234375,66129400,Energy_Index
2004-09-16,266.2200012207031,266.6499938964844,264.8999938964844,265.6199951171875,48790400,Energy_Index
2004-09-17,270.67999267578125,271.239990234375,266.2200012207031,266.2200012207031,77711200,Energy_Index
2004-09-20,270.510009765625,272.6099853515625,270.2699890136719,270.67999267578125,68329000,Energy_Index
2004-09-21,277.5199890136719,278.0199890136719,270.510009765625,270.510009765625,82521400,Energy_Index
2004-09-22,275.1000061035156,277.5199890136719,274.0299987792969,277.5199890136719,79802800,Energy_Index
2004-09-23,271.510009765625,275.1000061035156,270.5,275.1000061035156,75611200,Energy_Index
2004-09-24,273.6600036621094,274.8299865722656,271.4100036621094,271.510009765625,74967400,Energy_Index
2004-09-27,274.1499938964844,275.69000244140625,272.6300048828125,273.6600036621094,64959200,Energy_Index
2004-09-28,278.1700134277344,279.1199951171875,274.1499938964844,274.1499938964844,85136000,Energy_Index
2004-09-29,275.32000732421875,278.1700134277344,273.1600036621094,278.1700134277344,89329000,Energy_Index
2004-09-30,276.95001220703125,277.17999267578125,275.2900085449219,275.32000732421875,74731200,Energy_Index
2004-10-01,280.2300109863281,280.4100036621094,276.5400085449219,276.95001220703125,74694600,Energy_Index
2004-10-04,279.8999938964844,281.4200134277344,278.7300109863281,280.2300109863281,63296200,Energy_Index
2004-10-05,282.8399963378906,283.760009765625,279.8999938964844,279.8999938964844,72538200,Energy_Index
2004-10-06,287.75,287.7799987792969,282.8399963378906,282.8399963378906,81900800,Energy_Index
2004-10-07,285.80999755859375,290.75,285.1099853515625,287.75,80306000,Energy_Index
2004-10-08,286.44000244140625,288.2699890136719,284.95001220703125,285.80999755859375,65019200,Energy_Index
2004-10-11,284.3999938964844,287.4200134277344,282.8599853515625,286.44000244140625,60771400,Energy_Index
2004-10-12,281.4700012207031,285.489990234375,281.45001220703125,284.3999938964844,64386000,Energy_Index
2004-10-13,275.55999755859375,281.4800109863281,273.7699890136719,281.4700012207031,103667600,Energy_Index
2004-10-14,277.7300109863281,279.9700012207031,275.55999755859375,275.55999755859375,73484600,Energy_Index
2004-10-15,278.8599853515625,279.7300109863281,277.45001220703125,277.7300109863281,62483800,Energy_Index
2004-10-18,275.94000244140625,279.67999267578125,275.80999755859375,278.8599853515625,62303600,Energy_Index
2004-10-19,274.55999755859375,276.5299987792969,274.05999755859375,275.94000244140625,67978800,Energy_Index
2004-10-20,279.6099853515625,279.6199951171875,274.55999755859375,274.55999755859375,78938600,Energy_Index
2004-10-21,280.5400085449219,282.1199951171875,278.989990234375,279.6099853515625,69512600,Energy_Index
2004-10-22,280.0299987792969,283.0400085449219,279.739990234375,280.5400085449219,66366200,Energy_Index
2004-10-25,280.25,281.2799987792969,278.6099853515625,280.0299987792969,63391300,Energy_Index
2004-10-26,283.5400085449219,283.5400085449219,279.760009765625,280.25,72084800,Energy_Index
2004-10-27,278.7699890136719,284.05999755859375,277.0199890136719,283.5400085449219,116544400,Energy_Index
2004-10-28,274.8999938964844,279.19000244140625,273.4700012207031,278.7699890136719,111775600,Energy_Index
2004-10-29,278.6600036621094,278.69000244140625,274.1000061035156,274.8999938964844,80170400,Energy_Index
2004-11-01,276.7099914550781,281.0,275.29998779296875,278.6600036621094,81390000,Energy_Index
2004-11-02,273.25,277.0,272.8299865722656,276.7099914550781,85514200,Energy_Index
2004-11-03,278.8299865722656,279.6400146484375,273.25,273.25,94585600,Energy_Index
2004-11-04,283.05999755859375,283.07000732421875,278.7699890136719,278.8299865722656,89454800,Energy_Index
2004-11-05,284.57000732421875,285.2200012207031,282.5299987792969,283.05999755859375,80750000,Energy_Index
2004-11-08,280.5299987792969,284.57000732421875,280.260009765625,284.57000732421875,77485400,Energy_Index
2004-11-09,277.45001220703125,280.5299987792969,277.2099914550781,280.5299987792969,84308400,Energy_Index
2004-11-10,280.1000061035156,280.6199951171875,275.5,277.45001220703125,96244000,Energy_Index
2004-11-11,280.0199890136719,280.8900146484375,278.7699890136719,280.1000061035156,67283600,Energy_Index
2004-11-12,285.54998779296875,285.55999755859375,279.2300109863281,280.0199890136719,72604200,Energy_Index
2004-11-15,279.6099853515625,285.54998779296875,278.010009765625,285.54998779296875,86830500,Energy_Index
2004-11-16,279.07000732421875,281.4800109863281,279.04998779296875,279.6099853515625,64809600,Energy_Index
2004-11-17,282.7200012207031,283.32000732421875,279.07000732421875,279.07000732421875,76151200,Energy_Index
2004-11-18,284.5,284.760009765625,282.42999267578125,282.7200012207031,81717600,Energy_Index
2004-11-19,287.57000732421875,287.8800048828125,284.5,284.5,91674000,Energy_Index
2004-11-22,291.2200012207031,291.3699951171875,287.55999755859375,287.57000732421875,77877200,Energy_Index
2004-11-23,292.6499938964844,294.1000061035156,291.17999267578125,291.2200012207031,86037800,Energy_Index
2004-11-24,294.9100036621094,295.0400085449219,291.20001220703125,292.6499938964844,74736000,Energy_Index
2004-11-26,296.5,298.2699890136719,294.9100036621094,294.9100036621094,35591000,Energy_Index
2004-11-29,294.6300048828125,297.2099914550781,291.7699890136719,296.5,76862400,Energy_Index
2004-11-30,294.6099853515625,295.9700012207031,294.25,294.6300048828125,74786200,Energy_Index
2004-12-01,289.6199951171875,294.94000244140625,289.0199890136719,294.6099853515625,108172600,Energy_Index
2004-12-02,282.54998779296875,289.6199951171875,280.7799987792969,289.6199951171875,128871000,Energy_Index
2004-12-03,284.4599914550781,285.2200012207031,280.7699890136719,282.54998779296875,92413800,Energy_Index
2004-12-06,284.239990234375,286.07000732421875,282.5799865722656,284.4599914550781,53886200,Energy_Index
2004-12-07,279.510009765625,284.32000732421875,279.3999938964844,284.239990234375,77177400,Energy_Index
2004-12-08,281.3500061035156,282.010009765625,275.57000732421875,279.510009765625,86942400,Energy_Index
2004-12-09,283.45001220703125,283.45001220703125,279.3500061035156,281.3500061035156,73537400,Energy_Index
2004-12-10,281.94000244140625,284.75,281.0299987792969,283.45001220703125,66210800,Energy_Index
2004-12-13,286.17999267578125,286.2200012207031,281.94000244140625,281.94000244140625,65674000,Energy_Index
2004-12-14,286.6400146484375,287.3800048828125,285.1099853515625,286.17999267578125,65976200,Energy_Index
2004-12-15,287.989990234375,288.8299865722656,285.3399963378906,286.6400146484375,79786800,Energy_Index
2004-12-16,285.2900085449219,287.989990234375,283.6400146484375,287.989990234375,68695200,Energy_Index
2004-12-17,284.6300048828125,286.42999267578125,283.45001220703125,285.2900085449219,105767800,Energy_Index
2004-12-20,289.04998779296875,289.6000061035156,284.6300048828125,284.6300048828125,66625800,Energy_Index
2004-12-21,291.760009765625,292.0400085449219,288.3599853515625,289.04998779296875,64207600,Energy_Index
2004-12-22,288.3399963378906,292.44000244140625,285.7799987792969,291.760009765625,81435200,Energy_Index
2004-12-23,290.7900085449219,291.1700134277344,288.32000732421875,288.3399963378906,47506600,Energy_Index
2004-12-27,285.5,290.8800048828125,285.5,290.7900085449219,57306400,Energy_Index
2004-12-28,287.0799865722656,288.29998779296875,285.5,285.5,51503600,Energy_Index
2004-12-29,288.82000732421875,289.0199890136719,286.3800048828125,287.0799865722656,52788900,Energy_Index
2004-12-30,287.8299865722656,289.25,287.760009765625,288.82000732421875,39956600,Energy_Index
2004-12-31,288.6300048828125,289.5899963378906,287.6700134277344,287.8299865722656,35697200,Energy_Index
2005-01-03,279.5400085449219,288.6300048828125,279.1000061035156,288.6300048828125,107795000,Energy_Index
2005-01-04,277.7699890136719,282.1199951171875,277.54998779296875,279.5400085449219,90050000,Energy_Index
2005-01-05,276.7099914550781,279.6600036621094,276.1600036621094,277.7699890136719,88068000,Energy_Index
2005-01-06,281.2699890136719,282.55999755859375,276.0799865722656,276.7099914550781,106713200,Energy_Index
2005-01-07,279.0,281.29998779296875,276.9100036621094,281.2699890136719,86798800,Energy_Index
2005-01-10,280.6600036621094,283.510009765625,279.0,279.0,81349000,Energy_Index
2005-01-11,280.489990234375,281.739990234375,278.8900146484375,280.6600036621094,63713400,Energy_Index
2005-01-12,285.25,285.3500061035156,280.25,280.489990234375,88297200,Energy_Index
2005-01-13,286.3399963378906,288.5299987792969,285.25,285.25,94504600,Energy_Index
2005-01-14,288.8399963378906,289.0799865722656,286.05999755859375,286.3399963378906,72540800,Energy_Index
2005-01-18,291.67999267578125,291.67999267578125,288.8399963378906,288.8399963378906,90337000,Energy_Index
2005-01-19,290.20001220703125,292.3399963378906,290.0299987792969,291.67999267578125,67414800,Energy_Index
2005-01-20,287.5899963378906,290.20001220703125,285.70001220703125,290.20001220703125,82843000,Energy_Index
2005-01-21,287.3599853515625,290.8999938964844,287.3599853515625,287.5899963378906,83646600,Energy_Index
2005-01-24,290.30999755859375,292.29998779296875,287.3599853515625,287.3599853515625,80646200,Energy_Index
2005-01-25,291.67999267578125,292.8299865722656,290.0400085449219,290.30999755859375,81578000,Energy_Index
2005-01-26,294.3500061035156,295.1000061035156,291.6499938964844,291.67999267578125,94459600,Energy_Index
2005-01-27,296.3500061035156,297.4800109863281,293.1199951171875,294.3500061035156,85589400,Energy_Index
2005-01-28,293.3900146484375,296.3500061035156,292.1700134277344,296.3500061035156,80929200,Energy_Index
2005-01-31,296.4700012207031,297.70001220703125,292.3900146484375,293.3900146484375,102878600,Energy_Index
2005-02-01,302.70001220703125,302.70001220703125,296.4700012207031,296.4700012207031,98025600,Energy_Index
2005-02-02,306.69000244140625,307.010009765625,302.70001220703125,302.70001220703125,101156600,Energy_Index
2005-02-03,308.5899963378906,308.8299865722656,304.4800109863281,306.69000244140625,68099000,Energy_Index
2005-02-04,311.19000244140625,311.2300109863281,307.94000244140625,308.94000244140625,90223000,Energy_Index
2005-02-07,309.6199951171875,311.739990234375,307.0899963378906,311.19000244140625,59975000,Energy_Index
2005-02-08,311.5899963378906,312.1300048828125,307.5899963378906,309.6099853515625,69888600,Energy_Index
2005-02-09,310.92999267578125,313.2799987792969,308.2699890136719,311.5899963378906,79726800,Energy_Index
2005-02-10,318.0400085449219,318.5299987792969,310.92999267578125,310.92999267578125,94124600,Energy_Index
2005-02-11,319.3299865722656,321.94000244140625,316.79998779296875,318.0400085449219,86197800,Energy_Index
2005-02-14,320.94000244140625,321.2300109863281,319.1700134277344,319.3299865722656,76944600,Energy_Index
2005-02-15,321.44000244140625,321.80999755859375,319.1600036621094,320.94000244140625,78966000,Energy_Index
2005-02-16,330.2099914550781,330.82000732421875,321.44000244140625,321.44000244140625,113374400,Energy_Index
2005-02-17,326.5199890136719,332.6000061035156,326.3500061035156,330.2099914550781,114845600,Energy_Index
2005-02-18,333.70001220703125,335.5799865722656,326.45001220703125,326.5199890136719,115858000,Energy_Index
2005-02-22,330.1600036621094,338.8699951171875,330.1600036621094,333.70001220703125,132748400,Energy_Index
2005-02-23,335.2799987792969,335.5299987792969,330.1400146484375,330.1600036621094,90819500,Energy_Index
2005-02-24,342.5899963378906,342.6400146484375,335.2799987792969,335.2799987792969,109884400,Energy_Index
2005-02-25,351.739990234375,353.94000244140625,342.5899963378906,342.5899963378906,133567200,Energy_Index
2005-02-28,350.67999267578125,355.75,342.739990234375,351.739990234375,149436600,Energy_Index
2005-03-01,343.4800109863281,350.67999267578125,343.1300048828125,350.67999267578125,128068200,Energy_Index
2005-03-02,347.7099914550781,348.4599914550781,342.75,343.4800109863281,116526200,Energy_Index
2005-03-03,352.1300048828125,352.54998779296875,347.6700134277344,347.7099914550781,128825200,Energy_Index
2005-03-04,356.0400085449219,357.510009765625,350.5899963378906,352.1300048828125,113449000,Energy_Index
2005-03-07,353.2699890136719,356.04998779296875,349.8399963378906,356.0400085449219,103170200,Energy_Index
2005-03-08,352.8999938964844,355.739990234375,352.1300048828125,353.2699890136719,100005200,Energy_Index
2005-03-09,342.19000244140625,358.04998779296875,342.0299987792969,352.8999938964844,182943200,Energy_Index
2005-03-10,336.4599914550781,342.3699951171875,333.3500061035156,342.19000244140625,142408400,Energy_Index
2005-03-11,339.2099914550781,342.20001220703125,335.82000732421875,336.9800109863281,116913000,Energy_Index
2005-03-14,341.7300109863281,342.45001220703125,334.3599853515625,339.2099914550781,114661600,Energy_Index
2005-03-15,336.7699890136719,345.1499938964844,336.5899963378906,341.7300109863281,101999200,Energy_Index
2005-03-16,337.5,341.2900085449219,333.32000732421875,336.7699890136719,114790400,Energy_Index
2005-03-17,343.2699890136719,343.8999938964844,337.5,337.5,117635200,Energy_Index
2005-03-18,348.1300048828125,348.4599914550781,343.2699890136719,343.2699890136719,148329600,Energy_Index
2005-03-21,345.20001220703125,349.1000061035156,342.80999755859375,348.1300048828125,97916600,Energy_Index
2005-03-22,340.25,349.8500061035156,340.1199951171875,345.20001220703125,92452400,Energy_Index
2005-03-23,334.5199890136719,340.25,332.3299865722656,340.25,115379600,Energy_Index
2005-03-24,332.6700134277344,338.4599914550781,329.9599914550781,334.5199890136719,105958800,Energy_Index
2005-03-28,332.7099914550781,334.7900085449219,329.9700012207031,332.6700134277344,91332000,Energy_Index
2005-03-29,328.1000061035156,336.989990234375,327.4599914550781,332.7099914550781,109925400,Energy_Index
2005-03-30,332.9200134277344,333.1700134277344,323.3999938964844,328.1000061035156,137787200,Energy_Index
2005-03-31,337.9100036621094,339.4599914550781,332.9200134277344,332.9200134277344,120862800,Energy_Index
2005-04-01,345.2699890136719,345.7099914550781,337.9100036621094,337.9100036621094,119213200,Energy_Index
2005-04-04,343.1499938964844,349.3699951171875,340.5799865722656,345.2699890136719,172420400,Energy_Index
2005-04-05,338.8800048828125,344.6600036621094,337.2099914550781,343.1499938964844,120170400,Energy_Index
2005-04-06,344.760009765625,345.6199951171875,338.04998779296875,338.8800048828125,123792000,Energy_Index
2005-04-07,343.3699951171875,347.75,339.8900146484375,344.760009765625,135856400,Energy_Index
2005-04-08,337.82000732421875,343.8399963378906,337.739990234375,343.3699951171875,96340600,Energy_Index
2005-04-11,339.80999755859375,340.4700012207031,334.79998779296875,337.82000732421875,107388000,Energy_Index
2005-04-12,336.3800048828125,339.80999755859375,334.0299987792969,339.80999755859375,119102800,Energy_Index
2005-04-13,328.55999755859375,337.7300109863281,328.0,336.3800048828125,137799400,Energy_Index
2005-04-14,327.07000732421875,332.1000061035156,326.3800048828125,328.55999755859375,153829000,Energy_Index
2005-04-15,314.5,327.07000732421875,314.0799865722656,327.07000732421875,166110000,Energy_Index
2005-04-18,320.0299987792969,320.45001220703125,311.4599914550781,314.5,127633100,Energy_Index
2005-04-19,327.32000732421875,329.3800048828125,320.0299987792969,320.0299987792969,121269000,Energy_Index
2005-04-20,320.6099853515625,329.8999938964844,320.1199951171875,327.32000732421875,120193800,Energy_Index
2005-04-21,331.0899963378906,331.1099853515625,320.6099853515625,320.6099853515625,101861200,Energy_Index
2005-04-22,332.5299987792969,335.7300109863281,327.8500061035156,331.0899963378906,101396400,Energy_Index
2005-04-25,336.4700012207031,338.8299865722656,332.5299987792969,332.5299987792969,99851800,Energy_Index
2005-04-26,331.4599914550781,337.1499938964844,331.4599914550781,336.4700012207031,89252400,Energy_Index
2005-04-27,324.1199951171875,331.4599914550781,323.6099853515625,331.4599914550781,129438000,Energy_Index
2005-04-28,315.7300109863281,324.1199951171875,315.5199890136719,324.1199951171875,142318000,Energy_Index
2005-04-29,319.9700012207031,321.510009765625,315.6000061035156,315.7300109863281,131444800,Energy_Index
2005-05-02,325.54998779296875,325.5899963378906,317.2300109863281,319.9700012207031,103591400,Energy_Index
2005-05-03,318.1700134277344,325.54998779296875,316.7699890136719,325.54998779296875,110178200,Energy_Index
2005-05-04,321.8500061035156,321.8500061035156,315.739990234375,318.1700134277344,121219600,Energy_Index
2005-05-05,324.8599853515625,326.6400146484375,321.4599914550781,321.8500061035156,94632800,Energy_Index
2005-05-06,324.0299987792969,328.79998779296875,323.6300048828125,324.8599853515625,77653000,Energy_Index
2005-05-09,327.8399963378906,327.9100036621094,324.0299987792969,324.0299987792969,82401600,Energy_Index
2005-05-10,322.80999755859375,327.8399963378906,321.8299865722656,327.8399963378906,84580800,Energy_Index
2005-05-11,324.2300109863281,324.510009765625,320.32000732421875,322.80999755859375,87913600,Energy_Index
2005-05-12,310.2099914550781,324.2300109863281,309.8500061035156,324.2300109863281,143911600,Energy_Index
2005-05-13,304.95001220703125,311.5799865722656,303.5,310.2099914550781,143731000,Energy_Index
2005-05-16,303.0199890136719,304.95001220703125,298.45001220703125,304.95001220703125,170336000,Energy_Index
2005-05-17,307.6499938964844,308.0299987792969,302.75,303.0199890136719,124067000,Energy_Index
2005-05-18,306.9800109863281,312.3399963378906,305.3299865722656,307.6499938964844,145365600,Energy_Index
2005-05-19,312.7099914550781,312.7300109863281,306.260009765625,306.9800109863281,109549800,Energy_Index
2005-05-20,309.6600036621094,313.6300048828125,309.510009765625,312.7099914550781,90947200,Energy_Index
2005-05-23,314.3399963378906,315.9100036621094,309.6600036621094,309.6600036621094,96068200,Energy_Index
2005-05-24,316.4800109863281,316.75,314.3399963378906,314.3399963378906,80142800,Energy_Index
2005-05-25,320.1499938964844,321.82000732421875,314.5199890136719,316.4800109863281,99494000,Energy_Index
2005-05-26,322.3900146484375,323.0899963378906,320.1499938964844,320.1499938964844,74674600,Energy_Index
2005-05-27,327.0299987792969,327.3599853515625,322.3900146484375,322.3900146484375,61340400,Energy_Index
2005-05-31,324.3299865722656,327.3500061035156,323.19000244140625,327.0299987792969,96811200,Energy_Index
2005-06-01,330.3599853515625,331.5799865722656,324.3299865722656,324.3299865722656,87004200,Energy_Index
2005-06-02,330.5,332.0,327.6099853515625,330.29998779296875,80787200,Energy_Index
2005-06-03,331.17999267578125,333.4100036621094,329.7099914550781,330.5,83213400,Energy_Index
2005-06-06,332.80999755859375,333.2200012207031,330.010009765625,331.17999267578125,71768800,Energy_Index
2005-06-07,330.3800048828125,335.29998779296875,330.30999755859375,332.80999755859375,85494200,Energy_Index
2005-06-08,329.6400146484375,335.3699951171875,327.9800109863281,330.3800048828125,115009400,Energy_Index
2005-06-09,339.1400146484375,339.6000061035156,329.6400146484375,329.6400146484375,104633600,Energy_Index
2005-06-10,339.010009765625,339.7799987792969,335.0199890136719,339.1400146484375,83806200,Energy_Index
2005-06-13,339.8500061035156,341.2799987792969,336.17999267578125,339.010009765625,71134800,Energy_Index
2005-06-14,341.32000732421875,342.44000244140625,338.8500061035156,339.8500061035156,71201200,Energy_Index
2005-06-15,345.3800048828125,345.44000244140625,341.32000732421875,341.32000732421875,91243000,Energy_Index
2005-06-16,350.7099914550781,350.79998779296875,345.3800048828125,345.3800048828125,83418800,Energy_Index
2005-06-17,356.3500061035156,356.42999267578125,350.7099914550781,350.7099914550781,117156200,Energy_Index
2005-06-20,356.5,358.4599914550781,353.9800109863281,356.2099914550781,93846000,Energy_Index
2005-06-21,349.25,356.5,349.1400146484375,356.5,101431000,Energy_Index
2005-06-22,350.7300109863281,352.95001220703125,346.6000061035156,349.25,122080400,Energy_Index
2005-06-23,349.42999267578125,356.29998779296875,349.3999938964844,350.7300109863281,129834000,Energy_Index
2005-06-24,346.7200012207031,351.9700012207031,346.70001220703125,349.42999267578125,98069000,Energy_Index
2005-06-27,352.489990234375,353.45001220703125,346.7200012207031,346.7200012207031,95948600,Energy_Index
2005-06-28,347.7799987792969,353.4200134277344,347.45001220703125,352.489990234375,103785800,Energy_Index
2005-06-29,346.07000732421875,348.5,343.5400085449219,347.7799987792969,96861200,Energy_Index
2005-06-30,343.07000732421875,349.6499938964844,342.8900146484375,346.07000732421875,109374400,Energy_Index
2005-07-01,349.5899963378906,349.8800048828125,343.07000732421875,343.07000732421875,81429700,Energy_Index
2005-07-05,360.3699951171875,360.6700134277344,349.5899963378906,349.5899963378906,110663000,Energy_Index
2005-07-06,353.9800109863281,363.5400085449219,353.5,360.3699951171875,100923000,Energy_Index
2005-07-07,357.8699951171875,358.010009765625,349.6600036621094,353.9800109863281,105262000,Energy_Index
2005-07-08,355.95001220703125,360.8299865722656,353.5,357.8699951171875,94460600,Energy_Index
2005-07-11,358.67999267578125,359.04998779296875,351.8599853515625,355.95001220703125,85397600,Energy_Index
2005-07-12,360.94000244140625,362.6700134277344,357.239990234375,358.67999267578125,90075200,Energy_Index
2005-07-13,359.3399963378906,362.3500061035156,357.92999267578125,360.94000244140625,82013000,Energy_Index
2005-07-14,351.2900085449219,361.6600036621094,349.4599914550781,359.3399963378906,127054800,Energy_Index
2005-07-15,349.3599853515625,353.6499938964844,348.17999267578125,351.2900085449219,102054800,Energy_Index
2005-07-18,348.07000732421875,349.8800048828125,345.8999938964844,349.3599853515625,79550000,Energy_Index
2005-07-19,354.5199890136719,354.54998779296875,348.07000732421875,348.07000732421875,93033000,Energy_Index
2005-07-20,355.32000732421875,356.1700134277344,350.19000244140625,354.5199890136719,99542800,Energy_Index
2005-07-21,350.8599853515625,355.9100036621094,349.9200134277344,355.32000732421875,91355400,Energy_Index
2005-07-22,362.6000061035156,362.9100036621094,350.8599853515625,350.8599853515625,135987800,Energy_Index
2005-07-25,365.9100036621094,368.67999267578125,361.69000244140625,362.6000061035156,129342800,Energy_Index
2005-07-26,364.3699951171875,366.2799987792969,363.2900085449219,365.9100036621094,95834800,Energy_Index
2005-07-27,365.70001220703125,366.010009765625,360.8299865722656,364.3699951171875,96559000,Energy_Index
2005-07-28,367.6600036621094,368.6600036621094,363.1600036621094,365.70001220703125,104875200,Energy_Index
2005-07-29,362.6300048828125,368.8699951171875,362.6300048828125,367.6600036621094,93161000,Energy_Index
2005-08-01,365.9200134277344,368.2099914550781,362.6099853515625,362.6300048828125,85687600,Energy_Index
2005-08-02,371.75,371.75,365.9200134277344,365.9200134277344,128848200,Energy_Index
2005-08-03,369.7799987792969,373.70001220703125,368.79998779296875,371.75,125971800,Energy_Index
2005-08-04,369.6499938964844,373.1300048828125,369.4200134277344,369.7799987792969,99074000,Energy_Index
2005-08-05,366.92999267578125,370.5299987792969,364.5,369.6499938964844,90673200,Energy_Index
2005-08-08,371.739990234375,375.45001220703125,366.92999267578125,366.92999267578125,104881400,Energy_Index
2005-08-09,371.9100036621094,374.05999755859375,370.30999755859375,371.739990234375,85610200,Energy_Index
2005-08-10,377.3399963378906,377.70001220703125,371.9100036621094,371.9100036621094,113441800,Energy_Index
2005-08-11,381.5799865722656,382.05999755859375,375.0899963378906,377.3399963378906,108282200,Energy_Index
2005-08-12,380.7699890136719,382.70001220703125,378.92999267578125,381.5799865722656,81615000,Energy_Index
2005-08-15,377.04998779296875,380.7699890136719,376.2699890136719,380.7699890136719,77471600,Energy_Index
2005-08-16,368.8900146484375,377.20001220703125,368.8500061035156,377.04998779296875,92674200,Energy_Index
2005-08-17,360.79998779296875,371.510009765625,359.0799865722656,368.8900146484375,137497600,Energy_Index
2005-08-18,360.29998779296875,362.1099853515625,356.7300109863281,360.79998779296875,113288000,Energy_Index
2005-08-19,365.7300109863281,366.5400085449219,360.29998779296875,360.29998779296875,89085200,Energy_Index
2005-08-22,366.6400146484375,371.0299987792969,363.2699890136719,365.7300109863281,91367200,Energy_Index
2005-08-23,366.2099914550781,368.55999755859375,362.17999267578125,366.6400146484375,87416300,Energy_Index
2005-08-24,368.010009765625,371.239990234375,366.2099914550781,366.2099914550781,103929200,Energy_Index
2005-08-25,368.19000244140625,368.30999755859375,366.1000061035156,368.010009765625,72820800,Energy_Index
2005-08-26,363.6499938964844,369.1300048828125,363.6499938964844,368.19000244140625,75294200,Energy_Index
2005-08-29,366.1099853515625,370.5799865722656,363.5400085449219,363.6499938964844,106900200,Energy_Index
2005-08-30,371.4599914550781,373.0400085449219,366.1099853515625,366.1099853515625,128167800,Energy_Index
2005-08-31,381.1099853515625,382.8399963378906,371.4599914550781,371.4599914550781,203318000,Energy_Index
2005-09-01,391.3699951171875,392.07000732421875,381.1099853515625,381.1099853515625,184129000,Energy_Index
2005-09-02,384.0899963378906,391.3800048828125,383.3800048828125,391.3699951171875,120960800,Energy_Index
2005-09-06,386.75,386.8299865722656,380.6000061035156,384.1000061035156,119080800,Energy_Index
2005-09-07,387.5199890136719,391.0799865722656,385.0799865722656,386.75,134649600,Energy_Index
2005-09-08,387.32000732421875,390.1300048828125,386.17999267578125,387.5199890136719,103513200,Energy_Index
2005-09-09,398.1700134277344,398.2300109863281,387.32000732421875,387.32000732421875,126565800,Energy_Index
2005-09-12,391.0400085449219,398.1700134277344,390.2900085449219,398.1700134277344,120158800,Energy_Index
2005-09-13,387.32000732421875,393.4800109863281,387.0199890136719,391.0400085449219,119436800,Energy_Index
2005-09-14,391.3800048828125,393.1700134277344,387.32000732421875,387.32000732421875,104418400,Energy_Index
2005-09-15,391.510009765625,395.2300109863281,386.8800048828125,391.3800048828125,115645000,Energy_Index
2005-09-16,396.29998779296875,396.3699951171875,391.510009765625,391.510009765625,146788200,Energy_Index
2005-09-19,405.1600036621094,407.4100036621094,396.29998779296875,396.29998779296875,134709000,Energy_Index
2005-09-20,402.1700134277344,405.80999755859375,400.05999755859375,405.1600036621094,113112000,Energy_Index
2005-09-21,406.8800048828125,409.25,402.1700134277344,402.1700134277344,135731800,Energy_Index
2005-09-22,404.55999755859375,412.1700134277344,397.6400146484375,406.8800048828125,151161200,Energy_Index
2005-09-23,397.760009765625,404.55999755859375,395.989990234375,404.55999755859375,104382000,Energy_Index
2005-09-26,404.2699890136719,405.42999267578125,395.94000244140625,397.760009765625,116720400,Energy_Index
2005-09-27,404.510009765625,404.7099914550781,399.8900146484375,404.2699890136719,95952600,Energy_Index
2005-09-28,407.7799987792969,408.2300109863281,401.2799987792969,404.510009765625,115154200,Energy_Index
2005-09-29,410.5299987792969,411.1400146484375,406.2799987792969,407.7799987792969,119911700,Energy_Index
2005-09-30,403.9599914550781,410.5299987792969,403.42999267578125,410.5299987792969,96432800,Energy_Index
2005-10-03,401.57000732421875,407.44000244140625,400.67999267578125,403.9599914550781,107640000,Energy_Index
2005-10-04,387.8299865722656,401.57000732421875,387.3299865722656,401.57000732421875,135339000,Energy_Index
2005-10-05,374.760009765625,389.5,374.5400085449219,387.8299865722656,194078600,Energy_Index
2005-10-06,367.2900085449219,374.760009765625,361.760009765625,374.760009765625,243834800,Energy_Index
2005-10-07,375.0199890136719,375.7200012207031,367.2900085449219,367.2900085449219,138220000,Energy_Index
2005-10-10,369.2900085449219,375.0199890136719,366.94000244140625,375.0199890136719,108545600,Energy_Index
2005-10-11,376.9800109863281,379.260009765625,369.2900085449219,369.2900085449219,113458900,Energy_Index
2005-10-12,371.04998779296875,378.8500061035156,369.0899963378906,376.9800109863281,114638800,Energy_Index
2005-10-13,362.260009765625,371.04998779296875,355.8399963378906,371.04998779296875,177697000,Energy_Index
2005-10-14,366.989990234375,367.8800048828125,354.8500061035156,362.260009765625,159231200,Energy_Index
2005-10-17,370.3999938964844,373.3999938964844,366.989990234375,366.989990234375,113076400,Energy_Index
2005-10-18,354.0299987792969,370.3999938964844,354.0,370.3999938964844,184927000,Energy_Index
2005-10-19,360.9200134277344,361.57000732421875,347.29998779296875,354.0299987792969,186128000,Energy_Index
2005-10-20,346.0400085449219,360.9200134277344,341.44000244140625,360.9200134277344,190889200,Energy_Index
2005-10-21,348.42999267578125,354.04998779296875,344.55999755859375,346.0400085449219,160019200,Energy_Index
2005-10-24,359.8999938964844,360.1199951171875,347.3900146484375,348.42999267578125,127283600,Energy_Index
2005-10-25,366.69000244140625,367.6600036621094,358.6600036621094,359.8999938964844,159822200,Energy_Index
2005-10-26,363.1499938964844,374.6499938964844,362.9100036621094,366.69000244140625,167989000,Energy_Index
2005-10-27,354.9100036621094,366.94000244140625,354.3999938964844,363.1499938964844,136910800,Energy_Index
2005-10-28,363.3999938964844,364.4200134277344,349.9100036621094,354.9100036621094,156299600,Energy_Index
2005-10-31,366.0199890136719,371.4800109863281,362.4599914550781,363.3999938964844,151502400,Energy_Index
2005-11-01,368.29998779296875,369.55999755859375,364.5299987792969,366.0199890136719,120819800,Energy_Index
2005-11-02,374.8599853515625,375.2799987792969,367.2699890136719,368.29998779296875,136462000,Energy_Index
2005-11-03,382.0199890136719,383.7699890136719,374.8599853515625,374.8599853515625,136645400,Energy_Index
2005-11-04,372.80999755859375,382.0199890136719,371.6300048828125,382.0199890136719,149424200,Energy_Index
2005-11-07,366.7099914550781,372.80999755859375,364.8999938964844,372.80999755859375,152181400,Energy_Index
2005-11-08,369.010009765625,371.20001220703125,364.0299987792969,366.7099914550781,119026600,Energy_Index
2005-11-09,366.3900146484375,374.1499938964844,363.1300048828125,369.010009765625,162264400,Energy_Index
2005-11-10,356.6099853515625,366.3900146484375,353.2099914550781,366.3900146484375,181736600,Energy_Index
2005-11-11,358.6600036621094,360.2900085449219,355.7799987792969,356.6099853515625,113397600,Energy_Index
2005-11-14,360.4100036621094,363.0299987792969,357.3299865722656,358.6600036621094,106918800,Energy_Index
2005-11-15,360.0899963378906,368.04998779296875,359.1499938964844,360.4100036621094,137903600,Energy_Index
2005-11-16,367.42999267578125,367.760009765625,359.1300048828125,360.0899963378906,130499800,Energy_Index
2005-11-17,367.8800048828125,371.32000732421875,365.3900146484375,367.42999267578125,138364600,Energy_Index
2005-11-18,369.44000244140625,370.4700012207031,364.6400146484375,367.8800048828125,127195400,Energy_Index
2005-11-21,377.3399963378906,377.3500061035156,369.44000244140625,369.44000244140625,116337400,Energy_Index
2005-11-22,382.45001220703125,382.9100036621094,377.3399963378906,377.3399963378906,116476000,Energy_Index
2005-11-23,381.5,384.7300109863281,377.6099853515625,382.45001220703125,100734800,Energy_Index
2005-11-25,382.5799865722656,384.04998779296875,381.4100036621094,381.5,32877800,Energy_Index
2005-11-28,370.7300109863281,382.5799865722656,370.489990234375,382.5799865722656,119850800,Energy_Index
2005-11-29,370.6000061035156,375.3800048828125,369.760009765625,370.7300109863281,121335200,Energy_Index
2005-11-30,370.95001220703125,374.9599914550781,370.0199890136719,370.6000061035156,128849600,Energy_Index
2005-12-01,381.5899963378906,381.7099914550781,370.95001220703125,370.95001220703125,120523200,Energy_Index
2005-12-02,381.7300109863281,383.6700134277344,378.3900146484375,381.5899963378906,101755200,Energy_Index
2005-12-05,384.3900146484375,388.0299987792969,381.7300109863281,381.7300109863281,120771600,Energy_Index
2005-12-06,386.2900085449219,389.7799987792969,383.1700134277344,384.3900146484375,111699400,Energy_Index
2005-12-07,383.8599853515625,390.6000061035156,381.54998779296875,386.2900085449219,118974200,Energy_Index
2005-12-08,389.6600036621094,389.6600036621094,383.8599853515625,383.8599853515625,121057200,Energy_Index
2005-12-09,384.3800048828125,389.6600036621094,383.739990234375,389.6600036621094,102674800,Energy_Index
2005-12-12,388.2799987792969,388.92999267578125,384.3800048828125,384.3800048828125,131232400,Energy_Index
2005-12-13,387.1499938964844,393.3500061035156,386.6700134277344,388.2799987792969,206316400,Energy_Index
2005-12-14,392.0899963378906,392.1400146484375,386.5799865722656,387.1499938964844,144459400,Energy_Index
2005-12-15,389.010009765625,392.0899963378906,386.489990234375,392.0899963378906,121973600,Energy_Index
2005-12-16,379.8800048828125,389.8800048828125,379.8599853515625,389.010009765625,151794800,Energy_Index
2005-12-19,377.6600036621094,383.4700012207031,377.25,379.8800048828125,129309400,Energy_Index
2005-12-20,380.82000732421875,382.1499938964844,377.6499938964844,377.6600036621094,116578200,Energy_Index
2005-12-21,381.2799987792969,384.95001220703125,379.6700134277344,380.82000732421875,108363400,Energy_Index
2005-12-22,380.2099914550781,383.8999938964844,379.1000061035156,381.2799987792969,94780200,Energy_Index
2005-12-23,379.44000244140625,381.1700134277344,374.32000732421875,380.2099914550781,71405400,Energy_Index
2005-12-27,369.4599914550781,379.44000244140625,367.2699890136719,379.44000244140625,115881000,Energy_Index
2005-12-28,374.1000061035156,376.05999755859375,369.4599914550781,369.4599914550781,93441800,Energy_Index
2005-12-29,371.7300109863281,377.42999267578125,371.4599914550781,374.1000061035156,84092200,Energy_Index
2005-12-30,372.7300109863281,375.4599914550781,368.7200012207031,371.7300109863281,80166000,Energy_Index
2006-01-03,389.5400085449219,389.5400085449219,372.7300109863281,372.7300109863281,161785600,Energy_Index
2006-01-04,390.8399963378906,391.7699890136719,385.5400085449219,389.5400085449219,133148200,Energy_Index
2006-01-05,386.760009765625,390.9599914550781,383.5199890136719,390.8399963378906,143813000,Energy_Index
2006-01-06,395.4800109863281,396.6099853515625,386.760009765625,386.760009765625,128605800,Energy_Index
2006-01-09,395.4599914550781,397.7799987792969,392.4200134277344,395.4800109863281,112679600,Energy_Index
2006-01-10,398.94000244140625,400.8599853515625,394.4700012207031,395.4599914550781,126743400,Energy_Index
2006-01-11,401.07000732421875,402.5,393.6099853515625,398.94000244140625,137981000,Energy_Index
2006-01-12,397.6000061035156,406.4800109863281,397.2300109863281,401.07000732421875,148830400,Energy_Index
2006-01-13,403.29998779296875,404.1199951171875,396.9200134277344,397.6000061035156,111040800,Energy_Index
2006-01-17,411.3900146484375,411.92999267578125,403.29998779296875,403.29998779296875,136052000,Energy_Index
2006-01-18,406.0,411.7799987792969,401.4100036621094,411.3900146484375,133678600,Energy_Index
2006-01-19,414.54998779296875,415.4200134277344,405.3800048828125,406.0,147327700,Energy_Index
2006-01-20,415.32000732421875,423.0,412.3999938964844,414.54998779296875,194733000,Energy_Index
2006-01-23,419.9599914550781,421.8500061035156,411.8500061035156,415.32000732421875,145755600,Energy_Index
2006-01-24,417.2900085449219,420.9200134277344,416.3800048828125,419.9599914550781,143181200,Energy_Index
2006-01-25,409.82000732421875,421.0400085449219,405.239990234375,417.2900085449219,175474200,Energy_Index
2006-01-26,409.760009765625,411.04998779296875,403.57000732421875,409.82000732421875,167471400,Energy_Index
2006-01-27,417.45001220703125,418.4200134277344,409.739990234375,409.760009765625,158062600,Energy_Index
2006-01-30,427.2200012207031,429.7799987792969,417.45001220703125,417.45001220703125,162468600,Energy_Index
2006-01-31,424.3599853515625,427.2200012207031,422.3900146484375,427.2200012207031,146527200,Energy_Index
2006-02-01,416.25,427.1099853515625,415.8800048828125,424.3599853515625,162716200,Energy_Index
2006-02-02,412.82000732421875,417.79998779296875,407.5199890136719,416.25,170852400,Energy_Index
2006-02-03,409.2900085449219,413.3599853515625,407.2300109863281,412.82000732421875,145924400,Energy_Index
2006-02-06,415.5199890136719,418.70001220703125,409.2900085449219,409.2900085449219,133717600,Energy_Index
2006-02-07,400.2799987792969,415.5199890136719,399.2699890136719,415.5199890136719,173450400,Energy_Index
2006-02-08,400.4700012207031,401.75,392.6099853515625,400.2799987792969,177086600,Energy_Index
2006-02-09,392.7099914550781,406.9100036621094,391.5299987792969,400.4700012207031,178322200,Energy_Index
2006-02-10,390.8900146484375,395.7200012207031,384.0799865722656,392.7099914550781,215225000,Energy_Index
2006-02-13,390.239990234375,396.510009765625,387.8299865722656,390.8900146484375,138117200,Energy_Index
2006-02-14,386.3399963378906,390.239990234375,382.8399963378906,390.239990234375,203092400,Energy_Index
2006-02-15,385.1300048828125,390.6199951171875,382.0,386.3399963378906,190621600,Energy_Index
2006-02-16,392.2099914550781,392.2099914550781,385.1300048828125,385.1300048828125,177285000,Energy_Index
2006-02-17,395.0,396.1400146484375,392.2099914550781,392.2099914550781,153331600,Energy_Index
2006-02-21,401.30999755859375,404.6400146484375,395.0,395.0,154310600,Energy_Index
2006-02-22,395.6000061035156,401.30999755859375,393.489990234375,401.30999755859375,131864200,Energy_Index
2006-02-23,394.1000061035156,398.92999267578125,390.8699951171875,395.6000061035156,141934400,Energy_Index
2006-02-24,398.8999938964844,401.45001220703125,394.1000061035156,394.1000061035156,108818800,Energy_Index
2006-02-27,393.17999267578125,398.8999938964844,393.1300048828125,398.8999938964844,102884600,Energy_Index
2006-02-28,389.79998779296875,393.17999267578125,387.05999755859375,393.17999267578125,159733200,Energy_Index
2006-03-01,396.1000061035156,396.5400085449219,389.79998779296875,389.79998779296875,120257200,Energy_Index
2006-03-02,401.3900146484375,402.44000244140625,395.6000061035156,396.1000061035156,145722800,Energy_Index
2006-03-03,401.739990234375,405.2099914550781,400.54998779296875,401.3900146484375,121148600,Energy_Index
2006-03-06,390.3599853515625,401.739990234375,390.17999267578125,401.739990234375,147917400,Energy_Index
2006-03-07,385.7300109863281,390.3999938964844,383.3699951171875,390.3599853515625,157414600,Energy_Index
2006-03-08,386.07000732421875,389.1199951171875,379.67999267578125,385.7300109863281,178957200,Energy_Index
2006-03-09,381.9599914550781,389.3999938964844,381.69000244140625,386.07000732421875,145064300,Energy_Index
2006-03-10,383.45001220703125,385.45001220703125,378.32000732421875,381.9599914550781,136747000,Energy_Index
2006-03-13,389.6600036621094,390.4200134277344,383.45001220703125,383.45001220703125,130789000,Energy_Index
2006-03-14,397.010009765625,397.510009765625,388.0,389.6600036621094,136105400,Energy_Index
2006-03-15,398.6400146484375,399.19000244140625,394.19000244140625,397.010009765625,102260400,Energy_Index
2006-03-16,404.4200134277344,405.9100036621094,397.2300109863281,398.6400146484375,144747600,Energy_Index
2006-03-17,400.6000061035156,405.4200134277344,399.9200134277344,404.4200134277344,132371400,Energy_Index
2006-03-20,393.6499938964844,402.19000244140625,392.82000732421875,400.6000061035156,127750000,Energy_Index
2006-03-21,392.9100036621094,397.7799987792969,390.8999938964844,393.6499938964844,131734200,Energy_Index
2006-03-22,395.0400085449219,399.4599914550781,392.6400146484375,392.9100036621094,126233800,Energy_Index
2006-03-23,399.3399963378906,400.2200012207031,395.0400085449219,395.0400085449219,119878600,Energy_Index
2006-03-24,401.6300048828125,405.0400085449219,399.2099914550781,399.3399963378906,117775000,Energy_Index
2006-03-27,403.6600036621094,404.7799987792969,398.54998779296875,401.6300048828125,103685800,Energy_Index
2006-03-28,405.4200134277344,410.0,403.6600036621094,403.6600036621094,137046800,Energy_Index
2006-03-29,409.6199951171875,410.4599914550781,405.260009765625,405.4200134277344,132141200,Energy_Index
2006-03-30,409.4200134277344,413.239990234375,408.07000732421875,409.6199951171875,129194600,Energy_Index
2006-03-31,404.7799987792969,409.4200134277344,403.0400085449219,409.4200134277344,131062200,Energy_Index
2006-04-03,406.69000244140625,413.989990234375,404.7799987792969,404.7799987792969,122797000,Energy_Index
2006-04-04,412.260009765625,412.9800109863281,404.4700012207031,406.69000244140625,114608400,Energy_Index
2006-04-05,418.07000732421875,418.07000732421875,410.510009765625,412.260009765625,131071000,Energy_Index
2006-04-06,418.4700012207031,421.739990234375,415.0199890136719,418.07000732421875,127255000,Energy_Index
2006-04-07,411.5299987792969,419.1700134277344,410.9100036621094,418.4700012207031,115487600,Energy_Index
2006-04-10,417.57000732421875,418.67999267578125,411.5299987792969,411.5299987792969,111908200,Energy_Index
2006-04-11,415.2300109863281,423.04998779296875,413.9599914550781,417.57000732421875,130606600,Energy_Index
2006-04-12,412.3500061035156,417.4700012207031,410.8599853515625,415.2300109863281,104829800,Energy_Index
2006-04-13,413.80999755859375,414.3299865722656,407.3699951171875,412.3500061035156,96001400,Energy_Index
2006-04-17,420.1099853515625,420.19000244140625,413.80999755859375,413.80999755859375,100811600,Energy_Index
2006-04-18,430.57000732421875,431.32000732421875,420.1099853515625,420.1099853515625,159745400,Energy_Index
2006-04-19,436.80999755859375,437.3699951171875,427.6099853515625,430.55999755859375,150154400,Energy_Index
2006-04-20,433.04998779296875,437.95001220703125,426.92999267578125,436.80999755859375,166063600,Energy_Index
2006-04-21,441.8900146484375,442.0,433.04998779296875,433.04998779296875,160899800,Energy_Index
2006-04-24,435.7699890136719,441.8900146484375,433.9700012207031,441.8900146484375,137889800,Energy_Index
2006-04-25,431.0199890136719,441.7699890136719,426.5400085449219,435.7699890136719,180259000,Energy_Index
2006-04-26,425.0400085449219,438.260009765625,424.4599914550781,431.0199890136719,186089200,Energy_Index
2006-04-27,420.7300109863281,427.7900085449219,412.79998779296875,425.0400085449219,190339800,Energy_Index
2006-04-28,425.4800109863281,429.8999938964844,420.7300109863281,420.7300109863281,135071200,Energy_Index
2006-05-01,431.04998779296875,435.760009765625,425.4800109863281,425.4800109863281,130755800,Energy_Index
2006-05-02,440.82000732421875,441.0199890136719,431.04998779296875,431.04998779296875,151965000,Energy_Index
2006-05-03,434.4200134277344,440.8599853515625,430.95001220703125,440.82000732421875,151697600,Energy_Index
2006-05-04,431.6300048828125,436.2799987792969,425.0299987792969,434.4200134277344,170614600,Energy_Index
2006-05-05,435.9800109863281,437.94000244140625,431.6300048828125,431.6300048828125,151736600,Energy_Index
2006-05-08,434.3999938964844,435.9800109863281,428.42999267578125,435.9800109863281,128162600,Energy_Index
2006-05-09,437.4200134277344,439.1300048828125,433.0899963378906,434.3999938964844,125630200,Energy_Index
2006-05-10,439.6300048828125,439.75,433.7799987792969,436.7099914550781,129482600,Energy_Index
2006-05-11,434.6099853515625,443.7900085449219,433.6400146484375,439.6300048828125,143730600,Energy_Index
2006-05-12,422.1099853515625,434.6099853515625,421.32000732421875,434.6099853515625,159316600,Energy_Index
2006-05-15,414.8800048828125,422.0400085449219,409.8999938964844,422.0400085449219,173936200,Energy_Index
2006-05-16,415.8999938964844,421.19000244140625,412.0199890136719,414.8800048828125,152980000,Energy_Index
2006-05-17,404.95001220703125,415.55999755859375,402.19000244140625,415.489990234375,172739800,Energy_Index
2006-05-18,400.0199890136719,408.239990234375,400.0199890136719,404.739990234375,179326600,Energy_Index
2006-05-19,402.6600036621094,406.3800048828125,393.55999755859375,400.0199890136719,215958200,Energy_Index
2006-05-22,401.1400146484375,404.8699951171875,391.4800109863281,402.6600036621094,195070000,Energy_Index
2006-05-23,401.17999267578125,412.6499938964844,400.07000732421875,401.1400146484375,220321800,Energy_Index
2006-05-24,397.04998779296875,404.2300109863281,390.2900085449219,401.17999267578125,215212000,Energy_Index
2006-05-25,409.3999938964844,411.4200134277344,397.04998779296875,397.04998779296875,188512600,Energy_Index
2006-05-26,411.1700134277344,412.30999755859375,406.9700012207031,409.3999938964844,112837200,Energy_Index
2006-05-30,403.8299865722656,415.4599914550781,403.8299865722656,411.1499938964844,151443200,Energy_Index
2006-05-31,411.95001220703125,412.07000732421875,402.7699890136719,403.82000732421875,172840000,Energy_Index
2006-06-01,413.7900085449219,414.9800109863281,406.07000732421875,411.95001220703125,154137600,Energy_Index
2006-06-02,419.0799865722656,419.9599914550781,412.5299987792969,413.7900085449219,147573200,Energy_Index
2006-06-05,406.6499938964844,422.2699890136719,406.4200134277344,419.0199890136719,164889600,Energy_Index
2006-06-06,407.1099853515625,410.7200012207031,403.3399963378906,406.6499938964844,174799200,Energy_Index
2006-06-07,393.6199951171875,407.0299987792969,393.510009765625,407.0299987792969,197689400,Energy_Index
2006-06-08,397.19000244140625,397.6199951171875,381.489990234375,393.6199951171875,292699600,Energy_Index
2006-06-09,393.4599914550781,399.79998779296875,390.05999755859375,397.19000244140625,167694000,Energy_Index
2006-06-12,386.239990234375,397.3900146484375,385.55999755859375,393.44000244140625,155745800,Energy_Index
2006-06-13,375.4700012207031,386.95001220703125,374.2200012207031,386.2099914550781,231057400,Energy_Index
2006-06-14,384.3900146484375,384.760009765625,375.3999938964844,375.4599914550781,187594600,Energy_Index
2006-06-15,397.989990234375,399.989990234375,384.3900146484375,384.3900146484375,200734400,Energy_Index
2006-06-16,395.6099853515625,398.989990234375,389.7799987792969,397.989990234375,166997200,Energy_Index
2006-06-19,383.2200012207031,395.6099853515625,382.04998779296875,395.6099853515625,157207200,Energy_Index
2006-06-20,380.9700012207031,389.2699890136719,380.2900085449219,383.2200012207031,144281800,Energy_Index
2006-06-21,388.29998779296875,393.07000732421875,380.9700012207031,380.9700012207031,158803600,Energy_Index
2006-06-22,389.9599914550781,391.7799987792969,386.1499938964844,388.29998779296875,131545200,Energy_Index
2006-06-23,395.8299865722656,399.04998779296875,389.7799987792969,389.9599914550781,215954200,Energy_Index
2006-06-26,400.3500061035156,401.1700134277344,393.1499938964844,395.8299865722656,134273700,Energy_Index
2006-06-27,402.3900146484375,407.010009765625,400.3500061035156,400.3500061035156,172991800,Energy_Index
2006-06-28,410.3299865722656,410.8299865722656,402.3800048828125,402.3800048828125,162213900,Energy_Index
2006-06-29,421.2300109863281,421.260009765625,410.32000732421875,410.32000732421875,177476700,Energy_Index
2006-06-30,420.3500061035156,423.8800048828125,419.3299865722656,421.2300109863281,154683200,Energy_Index
2006-07-03,425.489990234375,426.75,420.3500061035156,420.3500061035156,59271600,Energy_Index
2006-07-05,427.3699951171875,428.8299865722656,419.489990234375,425.489990234375,153910200,Energy_Index
2006-07-06,427.8800048828125,431.30999755859375,426.6199951171875,427.3699951171875,140517500,Energy_Index
2006-07-07,422.510009765625,432.70001220703125,421.0400085449219,427.8800048828125,147344600,Energy_Index
2006-07-10,423.989990234375,428.17999267578125,421.25,422.510009765625,106999600,Energy_Index
2006-07-11,431.510009765625,432.8299865722656,423.989990234375,423.989990234375,129653500,Energy_Index
2006-07-12,430.7799987792969,434.04998779296875,428.5,431.510009765625,143085900,Energy_Index
2006-07-13,427.8599853515625,433.2799987792969,427.3399963378906,430.7799987792969,153997300,Energy_Index
2006-07-14,433.0299987792969,433.6199951171875,424.3699951171875,427.8599853515625,156624600,Energy_Index
2006-07-17,421.1400146484375,433.0299987792969,418.6400146484375,433.0299987792969,168060800,Energy_Index
2006-07-18,422.29998779296875,426.17999267578125,416.8500061035156,421.1400146484375,170737800,Energy_Index
2006-07-19,425.3299865722656,426.8999938964844,418.67999267578125,422.2900085449219,159467100,Energy_Index
2006-07-20,417.489990234375,426.82000732421875,417.2900085449219,425.3299865722656,164074200,Energy_Index
2006-07-21,411.55999755859375,419.3299865722656,411.5400085449219,417.489990234375,228394300,Energy_Index
2006-07-24,423.6600036621094,424.8500061035156,411.55999755859375,411.55999755859375,176309800,Energy_Index
2006-07-25,430.2099914550781,431.4700012207031,423.6600036621094,423.6600036621094,169625700,Energy_Index
2006-07-26,437.3399963378906,440.7900085449219,428.2699890136719,430.2099914550781,219487900,Energy_Index
2006-07-27,435.6199951171875,443.1700134277344,434.42999267578125,437.0899963378906,193631800,Energy_Index
2006-07-28,435.4800109863281,436.9200134277344,429.489990234375,435.6199951171875,157674700,Energy_Index
2006-07-31,441.2099914550781,443.3599853515625,435.29998779296875,435.4800109863281,164209800,Energy_Index
2006-08-01,442.8299865722656,443.510009765625,437.4100036621094,441.2099914550781,158759200,Energy_Index
2006-08-02,443.9700012207031,451.1000061035156,441.3800048828125,442.8299865722656,192587000,Energy_Index
2006-08-03,441.2200012207031,445.8299865722656,439.8500061035156,443.95001220703125,177652400,Energy_Index
2006-08-04,438.67999267578125,444.32000732421875,434.67999267578125,441.2099914550781,156082000,Energy_Index
2006-08-07,442.0799865722656,445.1199951171875,437.8699951171875,438.67999267578125,147921700,Energy_Index
2006-08-08,440.94000244140625,445.94000244140625,440.25,442.0799865722656,151442100,Energy_Index
2006-08-09,443.2200012207031,449.4700012207031,440.94000244140625,440.94000244140625,169011300,Energy_Index
2006-08-10,441.07000732421875,442.5299987792969,436.9100036621094,442.5299987792969,150968500,Energy_Index
2006-08-11,441.0199890136719,441.8399963378906,437.42999267578125,441.05999755859375,111082400,Energy_Index
2006-08-14,434.260009765625,440.95001220703125,431.55999755859375,440.95001220703125,134322800,Energy_Index
2006-08-15,434.57000732421875,437.4700012207031,431.8900146484375,434.260009765625,134658300,Energy_Index
2006-08-16,430.7699890136719,438.04998779296875,428.3399963378906,434.1499938964844,146918800,Energy_Index
2006-08-17,429.5899963378906,430.7699890136719,425.69000244140625,430.7699890136719,152013400,Energy_Index
2006-08-18,436.0299987792969,436.05999755859375,427.45001220703125,429.5899963378906,132048800,Energy_Index
2006-08-21,439.2699890136719,440.8800048828125,436.0299987792969,436.0299987792969,112180700,Energy_Index
2006-08-22,441.4800109863281,441.5299987792969,438.29998779296875,439.2699890136719,115998100,Energy_Index
2006-08-23,435.1400146484375,441.4599914550781,433.1700134277344,441.4599914550781,103142600,Energy_Index
2006-08-24,439.9700012207031,440.1600036621094,434.07000732421875,435.1400146484375,114602500,Energy_Index
2006-08-25,441.5400085449219,446.0799865722656,439.9700012207031,439.9700012207031,111311800,Energy_Index
2006-08-28,435.94000244140625,441.5400085449219,435.5400085449219,441.5400085449219,111936600,Energy_Index
2006-08-29,433.3599853515625,435.94000244140625,429.7200012207031,435.94000244140625,136804100,Energy_Index
2006-08-30,426.42999267578125,433.510009765625,422.7200012207031,433.32000732421875,156476600,Energy_Index
2006-08-31,423.25,427.3800048828125,422.2699890136719,426.42999267578125,137572300,Energy_Index
2006-09-01,427.7900085449219,428.3599853515625,423.19000244140625,423.19000244140625,117550200,Energy_Index
2006-09-05,432.1600036621094,432.9100036621094,425.70001220703125,427.7900085449219,181927700,Energy_Index
2006-09-06,419.29998779296875,432.0899963378906,418.8999938964844,432.0899963378906,209894700,Energy_Index
2006-09-07,419.739990234375,421.94000244140625,416.5799865722656,419.29998779296875,190548400,Energy_Index
2006-09-08,411.8599853515625,421.69000244140625,411.8500061035156,419.739990234375,167383300,Energy_Index
2006-09-11,398.989990234375,411.8399963378906,397.25,411.8399963378906,266543900,Energy_Index
2006-09-12,396.44000244140625,402.1300048828125,393.739990234375,398.989990234375,215532000,Energy_Index
2006-09-13,403.1499938964844,405.95001220703125,396.4200134277344,396.4200134277344,195808300,Energy_Index
2006-09-14,396.30999755859375,405.19000244140625,394.5199890136719,403.1499938964844,205933200,Energy_Index
2006-09-15,396.30999755859375,399.20001220703125,394.1300048828125,396.30999755859375,224759700,Energy_Index
2006-09-18,406.44000244140625,408.2300109863281,396.30999755859375,396.30999755859375,188033200,Energy_Index
2006-09-19,399.7799987792969,408.2099914550781,397.0,406.44000244140625,185053300,Energy_Index
2006-09-20,390.3900146484375,401.05999755859375,390.010009765625,399.7799987792969,235729300,Energy_Index
2006-09-21,396.0799865722656,399.19000244140625,390.3900146484375,390.3900146484375,194301000,Energy_Index
2006-09-22,394.2699890136719,398.6300048828125,391.69000244140625,396.0799865722656,171431200,Energy_Index
2006-09-25,394.8699951171875,397.3800048828125,386.4100036621094,394.2699890136719,244989700,Energy_Index
2006-09-26,403.4100036621094,403.8699951171875,394.0899963378906,394.8699951171875,209696000,Energy_Index
2006-09-27,409.5799865722656,411.010009765625,402.07000732421875,403.3999938964844,239155700,Energy_Index
2006-09-28,409.82000732421875,414.1300048828125,408.2799987792969,409.5799865722656,218847600,Energy_Index
2006-09-29,411.3800048828125,413.2699890136719,406.4200134277344,409.82000732421875,163880700,Energy_Index
2006-10-02,407.17999267578125,414.1400146484375,407.0,411.3800048828125,166091500,Energy_Index
2006-10-03,393.8599853515625,407.17999267578125,393.260009765625,407.17999267578125,251868000,Energy_Index
2006-10-04,399.94000244140625,400.45001220703125,388.1700134277344,393.8599853515625,279890500,Energy_Index
2006-10-05,405.55999755859375,407.2099914550781,399.94000244140625,399.94000244140625,215291400,Energy_Index
2006-10-06,406.1600036621094,406.55999755859375,399.6300048828125,405.55999755859375,176236100,Energy_Index
2006-10-09,400.95001220703125,410.1199951171875,400.3599853515625,406.1600036621094,0,Energy_Index
2006-10-10,406.7300109863281,407.989990234375,398.8900146484375,400.95001220703125,220450800,Energy_Index
2006-10-11,401.4599914550781,406.7300109863281,400.1000061035156,406.7300109863281,190190900,Energy_Index
2006-10-12,408.8399963378906,409.0299987792969,401.4599914550781,401.4599914550781,196931700,Energy_Index
2006-10-13,414.44000244140625,417.82000732421875,408.8299865722656,408.8299865722656,188870000,Energy_Index
2006-10-16,423.3900146484375,423.75,414.44000244140625,414.44000244140625,176940500,Energy_Index
2006-10-17,420.5799865722656,423.5199890136719,417.6199951171875,423.3900146484375,162524700,Energy_Index
2006-10-18,417.760009765625,423.8500061035156,415.2200012207031,420.5799865722656,175694300,Energy_Index
2006-10-19,425.3500061035156,425.3699951171875,417.739990234375,417.739990234375,183183900,Energy_Index
2006-10-20,421.3500061035156,426.2200012207031,419.4599914550781,425.3500061035156,182249000,Energy_Index
2006-10-23,422.1300048828125,423.010009765625,416.54998779296875,421.3500061035156,172108000,Energy_Index
2006-10-24,428.3699951171875,428.9700012207031,420.75,422.1300048828125,199079000,Energy_Index
2006-10-25,435.8399963378906,438.1700134277344,425.7099914550781,428.3699951171875,250932300,Energy_Index
2006-10-26,435.7200012207031,440.5799865722656,432.17999267578125,435.8399963378906,193418200,Energy_Index
2006-10-27,431.8900146484375,438.04998779296875,431.17999267578125,435.4700012207031,173027700,Energy_Index
2006-10-30,425.55999755859375,431.8900146484375,424.04998779296875,431.8900146484375,169281100,Energy_Index
2006-10-31,429.739990234375,430.1000061035156,420.1099853515625,425.55999755859375,211939300,Energy_Index
2006-11-01,426.2300109863281,431.5899963378906,422.1400146484375,429.739990234375,184661700,Energy_Index
2006-11-02,427.0199890136719,429.32000732421875,422.0799865722656,426.2099914550781,172425700,Energy_Index
2006-11-03,435.010009765625,436.7300109863281,427.0199890136719,427.0199890136719,172911600,Energy_Index
2006-11-06,439.5299987792969,440.45001220703125,432.9100036621094,434.9800109863281,161798300,Energy_Index
2006-11-07,435.8399963378906,439.5899963378906,433.3399963378906,439.5299987792969,164678900,Energy_Index
2006-11-08,443.55999755859375,444.19000244140625,434.05999755859375,435.8299865722656,196510500,Energy_Index
2006-11-09,447.0400085449219,450.75,442.8599853515625,442.8599853515625,205096100,Energy_Index
2006-11-10,442.9800109863281,443.8399963378906,440.57000732421875,442.3500061035156,137040300,Energy_Index
2006-11-13,443.1499938964844,446.3800048828125,439.20001220703125,442.9800109863281,151366400,Energy_Index
2006-11-14,444.5199890136719,445.7300109863281,441.5899963378906,443.1000061035156,143084400,Energy_Index
2006-11-15,447.9800109863281,449.92999267578125,443.510009765625,444.1000061035156,180342700,Energy_Index
2006-11-16,435.3299865722656,450.1400146484375,435.2799987792969,447.9800109863281,205319500,Energy_Index
2006-11-17,439.1300048828125,439.9200134277344,430.4800109863281,435.3299865722656,190619800,Energy_Index
2006-11-20,437.2099914550781,441.3599853515625,434.6700134277344,439.1300048828125,165653800,Energy_Index
2006-11-21,445.2300109863281,445.8599853515625,437.2099914550781,437.2099914550781,156760400,Energy_Index
2006-11-22,442.7300109863281,446.1600036621094,438.2799987792969,445.2300109863281,144850900,Energy_Index
2006-11-24,440.8599853515625,444.8800048828125,440.1199951171875,442.7300109863281,50047000,Energy_Index
2006-11-27,439.489990234375,445.0400085449219,438.1199951171875,440.8599853515625,142499200,Energy_Index
2006-11-28,447.79998779296875,448.7200012207031,439.489990234375,439.489990234375,161230400,Energy_Index
2006-11-29,460.5899963378906,463.0199890136719,447.760009765625,447.760009765625,224240400,Energy_Index
2006-11-30,464.3599853515625,467.4800109863281,459.5899963378906,460.5899963378906,220212900,Energy_Index
2006-12-01,466.5400085449219,467.32000732421875,457.6099853515625,464.3599853515625,181235000,Energy_Index
2006-12-04,467.0299987792969,467.0299987792969,461.8699951171875,466.489990234375,136693200,Energy_Index
2006-12-05,468.5799865722656,471.3800048828125,464.2200012207031,467.0299987792969,162696000,Energy_Index
2006-12-06,465.0199890136719,471.6600036621094,464.8699951171875,468.489990234375,184060200,Energy_Index
2006-12-07,462.69000244140625,466.1499938964844,460.4100036621094,465.0199890136719,149480000,Energy_Index
2006-12-08,462.1099853515625,467.3399963378906,460.5899963378906,460.5899963378906,167335000,Energy_Index
2006-12-11,461.5199890136719,464.2900085449219,458.80999755859375,462.0899963378906,145508600,Energy_Index
2006-12-12,462.7200012207031,465.8500061035156,459.9100036621094,461.5199890136719,168454200,Energy_Index
2006-12-13,467.5799865722656,468.95001220703125,462.2699890136719,462.69000244140625,167812200,Energy_Index
2006-12-14,476.0299987792969,477.94000244140625,467.5799865722656,467.5799865722656,185416000,Energy_Index
2006-12-15,470.3599853515625,476.1000061035156,469.8699951171875,476.0299987792969,200665800,Energy_Index
2006-12-18,457.760009765625,470.3599853515625,457.29998779296875,470.3599853515625,197664200,Energy_Index
2006-12-19,464.8299865722656,465.94000244140625,452.6400146484375,457.760009765625,181431700,Energy_Index
2006-12-20,459.1700134277344,465.1400146484375,458.92999267578125,464.8299865722656,157028800,Energy_Index
2006-12-21,456.55999755859375,461.7200012207031,453.0,459.1700134277344,149426000,Energy_Index
2006-12-22,452.9100036621094,457.4700012207031,452.9100036621094,456.55999755859375,109178400,Energy_Index
2006-12-26,453.7099914550781,457.3900146484375,450.6000061035156,452.9100036621094,102443400,Energy_Index
2006-12-27,458.8900146484375,459.260009765625,452.6400146484375,453.69000244140625,107577500,Energy_Index
2006-12-28,459.8500061035156,460.67999267578125,457.5799865722656,458.8800048828125,102828700,Energy_Index
2006-12-29,455.5299987792969,459.8500061035156,454.1000061035156,459.8500061035156,112808100,Energy_Index
2007-01-03,438.79998779296875,455.5299987792969,435.94000244140625,455.5299987792969,304460900,Energy_Index
2007-01-04,430.2799987792969,438.79998779296875,428.8599853515625,438.79998779296875,312759400,Energy_Index
2007-01-05,433.57000732421875,434.8999938964844,428.25,430.2799987792969,259783800,Energy_Index
2007-01-08,433.45001220703125,438.8699951171875,429.05999755859375,433.57000732421875,226611400,Energy_Index
2007-01-09,428.7799987792969,433.45001220703125,424.75,433.45001220703125,263699200,Energy_Index
2007-01-10,421.79998779296875,428.7799987792969,419.739990234375,428.7799987792969,259840200,Energy_Index
2007-01-11,418.5799865722656,431.4700012207031,417.6600036621094,421.79998779296875,282764600,Energy_Index
2007-01-12,429.3699951171875,430.0899963378906,418.5799865722656,418.5799865722656,233205700,Energy_Index
2007-01-16,424.6099853515625,430.55999755859375,422.6099853515625,429.3699951171875,206606100,Energy_Index
2007-01-17,429.75,430.989990234375,424.5,424.6099853515625,221914200,Energy_Index
2007-01-18,426.5799865722656,434.1300048828125,423.3800048828125,429.7300109863281,208511000,Energy_Index
2007-01-19,437.1700134277344,437.57000732421875,426.5799865722656,426.5799865722656,231345600,Energy_Index
2007-01-22,434.6700134277344,439.94000244140625,432.45001220703125,437.1700134277344,219112900,Energy_Index
2007-01-23,445.2300109863281,447.6400146484375,434.6700134277344,434.6700134277344,236408500,Energy_Index
2007-01-24,447.5299987792969,448.1700134277344,439.8299865722656,445.2300109863281,190072800,Energy_Index
2007-01-25,438.3999938964844,447.5299987792969,437.5400085449219,447.5299987792969,198738900,Energy_Index
2007-01-26,439.1600036621094,442.82000732421875,438.07000732421875,438.3999938964844,184451600,Energy_Index
2007-01-29,437.010009765625,442.5199890136719,435.6400146484375,439.1300048828125,170429900,Energy_Index
2007-01-30,446.1700134277344,447.0400085449219,437.010009765625,437.010009765625,203822100,Energy_Index
2007-01-31,447.1099853515625,449.5299987792969,442.8299865722656,446.1700134277344,207132100,Energy_Index
2007-02-01,451.95001220703125,452.8599853515625,445.9599914550781,447.0899963378906,217374400,Energy_Index
2007-02-02,453.5199890136719,455.2799987792969,447.94000244140625,451.94000244140625,184196800,Energy_Index
2007-02-05,452.6300048828125,455.8599853515625,451.1199951171875,451.94000244140625,159837600,Energy_Index
2007-02-06,451.5,454.75,448.8399963378906,452.6300048828125,161599200,Energy_Index
2007-02-07,448.1000061035156,454.2200012207031,446.2300109863281,450.82000732421875,162528700,Energy_Index
2007-02-08,452.5799865722656,453.5400085449219,445.7200012207031,448.1000061035156,178040600,Energy_Index
2007-02-09,450.5799865722656,454.5299987792969,448.9100036621094,452.57000732421875,153303200,Energy_Index
2007-02-12,445.20001220703125,450.54998779296875,443.2699890136719,450.54998779296875,153584100,Energy_Index
2007-02-13,450.95001220703125,451.0799865722656,445.20001220703125,445.20001220703125,151367900,Energy_Index
2007-02-14,451.75,455.29998779296875,448.80999755859375,450.5,169169900,Energy_Index
2007-02-15,447.19000244140625,451.510009765625,444.6499938964844,451.510009765625,188324200,Energy_Index
2007-02-16,446.6499938964844,448.1300048828125,445.6199951171875,447.07000732421875,154095600,Energy_Index
2007-02-20,443.30999755859375,446.6499938964844,440.70001220703125,446.6499938964844,149140000,Energy_Index
2007-02-21,446.4599914550781,447.4700012207031,439.8999938964844,443.30999755859375,191535300,Energy_Index
2007-02-22,450.7200012207031,451.45001220703125,444.44000244140625,446.4599914550781,192180200,Energy_Index
2007-02-23,451.6600036621094,454.0,450.3999938964844,450.7200012207031,172372500,Energy_Index
2007-02-26,454.2300109863281,457.7699890136719,451.6600036621094,451.6600036621094,176557200,Energy_Index
2007-02-27,436.3699951171875,454.20001220703125,433.57000732421875,454.20001220703125,264217400,Energy_Index
2007-02-28,436.8299865722656,443.19000244140625,436.2200012207031,436.3599853515625,264565500,Energy_Index
2007-03-01,435.7699890136719,440.0299987792969,428.70001220703125,436.8299865722656,243959500,Energy_Index
2007-03-02,428.9200134277344,435.8800048828125,426.6400146484375,435.7699890136719,199120300,Energy_Index
2007-03-05,425.8399963378906,431.489990234375,423.0400085449219,428.9200134277344,218766500,Energy_Index
2007-03-06,433.57000732421875,433.9100036621094,425.8399963378906,425.8399963378906,197350100,Energy_Index
2007-03-07,439.6099853515625,446.32000732421875,432.989990234375,433.4800109863281,264544000,Energy_Index
2007-03-08,441.3399963378906,443.4599914550781,438.510009765625,439.6099853515625,205431700,Energy_Index
2007-03-09,440.1700134277344,444.260009765625,438.1400146484375,441.3399963378906,196199600,Energy_Index
2007-03-12,438.5799865722656,440.6400146484375,436.2900085449219,440.1499938964844,159100600,Energy_Index
2007-03-13,432.92999267578125,443.5799865722656,432.32000732421875,438.54998779296875,214597000,Energy_Index
2007-03-14,438.9800109863281,439.0299987792969,430.1700134277344,432.9200134277344,223056900,Energy_Index
2007-03-15,437.32000732421875,440.45001220703125,435.7900085449219,438.9800109863281,167935000,Energy_Index
2007-03-16,433.25,438.95001220703125,431.5299987792969,437.32000732421875,224436900,Energy_Index
2007-03-19,440.8699951171875,441.45001220703125,433.25,433.25,183677500,Energy_Index
2007-03-20,443.70001220703125,443.9599914550781,438.9599914550781,440.8699951171875,292493700,Energy_Index
2007-03-21,451.45001220703125,453.2699890136719,443.70001220703125,443.70001220703125,228186800,Energy_Index
2007-03-22,459.3500061035156,462.1199951171875,451.45001220703125,451.45001220703125,257670200,Energy_Index
2007-03-23,462.17999267578125,463.8900146484375,459.3500061035156,459.3500061035156,188520200,Energy_Index
2007-03-26,465.7900085449219,466.239990234375,459.3699951171875,462.17999267578125,203252600,Energy_Index
2007-03-27,465.9599914550781,466.8699951171875,462.8699951171875,465.7900085449219,202144900,Energy_Index
2007-03-28,464.9599914550781,468.5299987792969,463.32000732421875,465.94000244140625,225259500,Energy_Index
2007-03-29,469.19000244140625,469.989990234375,464.95001220703125,464.95001220703125,228247700,Energy_Index
2007-03-30,463.3699951171875,469.20001220703125,461.6499938964844,469.19000244140625,182815400,Energy_Index
2007-04-02,468.510009765625,469.3900146484375,463.3699951171875,463.3699951171875,182300700,Energy_Index
2007-04-03,470.45001220703125,471.6000061035156,464.8699951171875,468.510009765625,201077600,Energy_Index
2007-04-04,472.55999755859375,472.8999938964844,466.5199890136719,470.45001220703125,182491300,Energy_Index
2007-04-05,474.04998779296875,475.1400146484375,471.5899963378906,472.55999755859375,161722700,Energy_Index
2007-04-09,473.30999755859375,478.7099914550781,472.2900085449219,474.04998779296875,181327600,Energy_Index
2007-04-10,479.94000244140625,480.5899963378906,473.30999755859375,473.30999755859375,183222200,Energy_Index
2007-04-11,476.5299987792969,481.9100036621094,475.4700012207031,479.94000244140625,217543400,Energy_Index
2007-04-12,483.3299865722656,483.3699951171875,475.510009765625,476.5299987792969,198864200,Energy_Index
2007-04-13,483.6600036621094,484.5,481.1400146484375,483.3299865722656,155057000,Energy_Index
2007-04-16,487.17999267578125,487.19000244140625,480.3500061035156,483.6600036621094,186305500,Energy_Index
2007-04-17,485.489990234375,489.260009765625,483.2799987792969,487.17999267578125,198481100,Energy_Index
2007-04-18,482.239990234375,485.489990234375,480.3500061035156,485.489990234375,202665200,Energy_Index
2007-04-19,477.3999938964844,482.2200012207031,475.67999267578125,482.2200012207031,164771300,Energy_Index
2007-04-20,487.54998779296875,487.8500061035156,477.3999938964844,477.3999938964844,242190000,Energy_Index
2007-04-23,486.17999267578125,491.1300048828125,485.8599853515625,487.54998779296875,200510600,Energy_Index
2007-04-24,483.70001220703125,486.739990234375,482.32000732421875,486.17999267578125,188952000,Energy_Index
2007-04-25,493.5199890136719,495.8399963378906,483.69000244140625,483.69000244140625,231169800,Energy_Index
2007-04-26,493.8500061035156,495.5299987792969,489.32000732421875,493.489990234375,219527900,Energy_Index
2007-04-27,493.3599853515625,496.3399963378906,489.9100036621094,493.8500061035156,177789800,Energy_Index
2007-04-30,487.5,497.3699951171875,487.4599914550781,493.3599853515625,206750200,Energy_Index
2007-05-01,489.2900085449219,490.55999755859375,484.5,487.5,216255100,Energy_Index
2007-05-02,492.7699890136719,494.1000061035156,488.8299865722656,489.2900085449219,192533100,Energy_Index
2007-05-03,497.69000244140625,498.9599914550781,492.1000061035156,492.760009765625,196874200,Energy_Index
2007-05-04,497.19000244140625,504.260009765625,495.1499938964844,497.67999267578125,204828100,Energy_Index
2007-05-07,497.79998779296875,498.3900146484375,494.4599914550781,497.1700134277344,142013700,Energy_Index
2007-05-08,498.6499938964844,499.25,491.9599914550781,497.79998779296875,166684100,Energy_Index
2007-05-09,498.989990234375,499.6300048828125,492.2200012207031,498.5899963378906,215678500,Energy_Index
2007-05-10,488.989990234375,498.92999267578125,488.5,498.2699890136719,209287000,Energy_Index
2007-05-11,499.510009765625,500.0799865722656,488.989990234375,488.989990234375,173379700,Energy_Index
2007-05-14,501.3299865722656,502.92999267578125,498.75,499.42999267578125,177877200,Energy_Index
2007-05-15,501.1000061035156,505.8399963378906,499.8500061035156,501.3299865722656,171208500,Energy_Index
2007-05-16,503.760009765625,503.760009765625,495.7900085449219,500.6400146484375,209556600,Energy_Index
2007-05-17,510.2099914550781,513.2999877929688,500.8399963378906,503.5199890136719,207494500,Energy_Index
2007-05-18,518.8499755859375,518.8599853515625,510.2099914550781,510.2099914550781,219805900,Energy_Index
2007-05-21,522.77001953125,527.3800048828125,518.8499755859375,518.8499755859375,262329900,Energy_Index
2007-05-22,518.2899780273438,526.1900024414062,518.0,522.77001953125,191351800,Energy_Index
2007-05-23,519.75,525.3200073242188,518.27001953125,518.27001953125,214609400,Energy_Index
2007-05-24,511.70001220703125,524.52001953125,509.5799865722656,519.75,224119300,Energy_Index
2007-05-25,518.8499755859375,519.0999755859375,511.70001220703125,511.70001220703125,135027400,Energy_Index
2007-05-29,514.4199829101562,518.8499755859375,510.6700134277344,518.8499755859375,163936900,Energy_Index
2007-05-30,524.8300170898438,525.1699829101562,511.7300109863281,514.3800048828125,212228200,Energy_Index
2007-05-31,522.8099975585938,527.2899780273438,519.7000122070312,524.8300170898438,133205000,Energy_Index
2007-06-01,526.52001953125,527.9400024414062,520.75,520.75,159989900,Energy_Index
2007-06-04,532.8599853515625,533.7000122070312,525.22998046875,526.4400024414062,187749300,Energy_Index
2007-06-05,531.0800170898438,533.1300048828125,527.6799926757812,532.8599853515625,166733700,Energy_Index
2007-06-06,525.2899780273438,531.010009765625,522.5700073242188,531.010009765625,190765600,Energy_Index
2007-06-07,515.1199951171875,528.5800170898438,514.760009765625,525.2899780273438,154699300,Energy_Index
2007-06-08,519.0499877929688,519.1500244140625,509.9700012207031,515.1199951171875,179954900,Energy_Index
2007-06-11,522.510009765625,526.3800048828125,517.3699951171875,519.030029296875,115973300,Energy_Index
2007-06-12,516.1900024414062,524.3200073242188,515.9600219726562,522.510009765625,161776000,Energy_Index
2007-06-13,526.0599975585938,526.760009765625,516.1500244140625,516.1500244140625,191477000,Energy_Index
2007-06-14,535.9600219726562,537.0,526.0599975585938,526.0599975585938,179737600,Energy_Index
2007-06-15,542.7100219726562,544.5399780273438,535.9600219726562,535.9600219726562,197399600,Energy_Index
2007-06-18,544.489990234375,546.260009765625,542.4299926757812,542.7100219726562,155839900,Energy_Index
2007-06-19,543.1400146484375,546.3800048828125,540.72998046875,544.489990234375,0,Energy_Index
2007-06-20,527.2000122070312,544.8900146484375,526.5599975585938,543.1400146484375,214585900,Energy_Index
2007-06-21,537.5599975585938,538.5399780273438,527.2000122070312,527.2000122070312,202518500,Energy_Index
2007-06-22,532.8300170898438,537.9500122070312,527.510009765625,537.5599975585938,300971300,Energy_Index
2007-06-25,528.7000122070312,536.0800170898438,526.4000244140625,532.8300170898438,217671100,Energy_Index
2007-06-26,520.719970703125,530.4000244140625,518.9199829101562,528.7000122070312,229834400,Energy_Index
2007-06-27,528.6500244140625,529.0,513.3699951171875,520.7000122070312,233352600,Energy_Index
2007-06-28,526.8400268554688,533.719970703125,525.5499877929688,528.6400146484375,181836700,Energy_Index
2007-06-29,529.7100219726562,535.6099853515625,525.8099975585938,526.8400268554688,184663200,Energy_Index
2007-07-02,537.1199951171875,537.1300048828125,529.7100219726562,529.7100219726562,155445300,Energy_Index
2007-07-03,541.3499755859375,542.52001953125,537.1199951171875,537.1199951171875,78972400,Energy_Index
2007-07-05,541.2999877929688,545.3099975585938,535.219970703125,541.3499755859375,167439000,Energy_Index
2007-07-06,546.8599853515625,548.72998046875,541.2999877929688,541.2999877929688,147345600,Energy_Index
2007-07-09,553.3599853515625,555.4000244140625,546.489990234375,546.8599853515625,161571000,Energy_Index
2007-07-10,549.02001953125,557.1900024414062,547.3400268554688,553.3599853515625,202022900,Energy_Index
2007-07-11,552.0800170898438,552.5599975585938,545.6900024414062,549.02001953125,183355800,Energy_Index
2007-07-12,564.1799926757812,564.4400024414062,552.0800170898438,552.0800170898438,197307000,Energy_Index
2007-07-13,568.4400024414062,571.0900268554688,563.2000122070312,564.1699829101562,197760600,Energy_Index
2007-07-16,561.27001953125,568.4400024414062,555.5800170898438,568.4400024414062,132801500,Energy_Index
2007-07-17,556.4400024414062,566.469970703125,554.9099731445312,561.27001953125,189871700,Energy_Index
2007-07-18,567.8400268554688,568.9099731445312,555.0599975585938,556.4400024414062,217775100,Energy_Index
2007-07-19,573.1699829101562,574.4099731445312,567.8200073242188,567.8200073242188,183151200,Energy_Index
2007-07-20,570.6599731445312,576.3200073242188,566.8900146484375,573.1699829101562,234192900,Energy_Index
2007-07-23,573.969970703125,576.1300048828125,566.7999877929688,570.6599731445312,239241600,Energy_Index
2007-07-24,557.0499877929688,573.969970703125,555.75,573.969970703125,195534000,Energy_Index
2007-07-25,566.75,568.6900024414062,550.5999755859375,557.0499877929688,246160300,Energy_Index
2007-07-26,545.9500122070312,566.75,535.0800170898438,566.75,310249800,Energy_Index
2007-07-27,532.4500122070312,547.4400024414062,529.8099975585938,545.7000122070312,282067200,Energy_Index
2007-07-30,538.5800170898438,540.8300170898438,525.6099853515625,532.4500122070312,227009400,Energy_Index
2007-07-31,533.4500122070312,547.1799926757812,532.719970703125,538.5800170898438,222436600,Energy_Index
2007-08-01,533.9500122070312,541.219970703125,519.6199951171875,533.4500122070312,301480000,Energy_Index
2007-08-02,528.969970703125,536.25,520.9199829101562,533.9400024414062,263211500,Energy_Index
2007-08-03,510.2799987792969,533.2999877929688,508.989990234375,528.969970703125,267254800,Energy_Index
2007-08-06,514.8099975585938,515.2100219726562,496.6300048828125,510.239990234375,310344600,Energy_Index
2007-08-07,525.8400268554688,530.3200073242188,508.67999267578125,514.8099975585938,275184200,Energy_Index
2007-08-08,537.0700073242188,540.9600219726562,525.8400268554688,525.8400268554688,281382200,Energy_Index
2007-08-09,518.739990234375,536.3400268554688,518.739990234375,536.3400268554688,307003500,Energy_Index
2007-08-10,525.02001953125,527.6699829101562,507.95001220703125,518.72998046875,270103400,Energy_Index
2007-08-13,520.8200073242188,529.9500122070312,519.260009765625,525.010009765625,182171400,Energy_Index
2007-08-14,516.9600219726562,525.760009765625,515.510009765625,520.760009765625,186017500,Energy_Index
2007-08-15,505.6700134277344,522.3300170898438,503.989990234375,516.4500122070312,210946900,Energy_Index
2007-08-16,491.42999267578125,505.6700134277344,484.8999938964844,505.6700134277344,246311600,Energy_Index
2007-08-17,518.6099853515625,522.1799926757812,500.8299865722656,500.8299865722656,264371800,Energy_Index
2007-08-20,520.9099731445312,523.8300170898438,509.44000244140625,518.6099853515625,183652600,Energy_Index
2007-08-21,513.4099731445312,521.4199829101562,509.80999755859375,520.9099731445312,168104000,Energy_Index
2007-08-22,518.72998046875,520.469970703125,513.3900146484375,513.3900146484375,171060300,Energy_Index
2007-08-23,522.1599731445312,524.2000122070312,516.5599975585938,518.72998046875,176372400,Energy_Index
2007-08-24,533.0900268554688,533.8699951171875,522.0399780273438,522.1599731445312,145746700,Energy_Index
2007-08-27,528.8200073242188,533.1199951171875,526.0999755859375,533.0900268554688,118698700,Energy_Index
2007-08-28,515.6099853515625,528.8200073242188,515.6099853515625,528.8200073242188,150782900,Energy_Index
2007-08-29,531.8900146484375,534.0700073242188,515.5800170898438,515.5800170898438,164400000,Energy_Index
2007-08-30,531.5499877929688,535.5599975585938,527.1400146484375,531.8900146484375,152176100,Energy_Index
2007-08-31,536.3499755859375,542.239990234375,531.47998046875,531.47998046875,140610600,Energy_Index
2007-09-04,547.7100219726562,551.469970703125,535.7000122070312,536.3499755859375,165338600,Energy_Index
2007-09-05,546.8699951171875,547.7000122070312,542.2899780273438,547.7000122070312,167743800,Energy_Index
2007-09-06,550.3800048828125,553.7000122070312,546.5999755859375,546.7899780273438,131105500,Energy_Index
2007-09-07,542.2100219726562,550.3800048828125,539.1500244140625,550.3800048828125,166835200,Energy_Index
2007-09-10,538.7999877929688,543.3499755859375,529.72998046875,542.1900024414062,176738000,Energy_Index
2007-09-11,548.469970703125,550.27001953125,536.3200073242188,538.7999877929688,189510800,Energy_Index
2007-09-12,552.8300170898438,556.0999755859375,548.280029296875,548.4299926757812,194915900,Energy_Index
2007-09-13,557.4400024414062,560.22998046875,552.7999877929688,552.8300170898438,155965700,Energy_Index
2007-09-14,558.5999755859375,561.8900146484375,553.5499877929688,557.4400024414062,137119000,Energy_Index
2007-09-17,558.8300170898438,563.1699829101562,556.6199951171875,558.5999755859375,130980600,Energy_Index
2007-09-18,576.1400146484375,577.4299926757812,558.1900024414062,558.8300170898438,183403600,Energy_Index
2007-09-19,580.5599975585938,585.6400146484375,576.1400146484375,576.1400146484375,195314100,Energy_Index
2007-09-20,581.6500244140625,583.7100219726562,578.530029296875,580.5599975585938,136459300,Energy_Index
2007-09-21,584.9199829101562,589.010009765625,581.6500244140625,581.6500244140625,193981700,Energy_Index
2007-09-24,580.7999877929688,585.5599975585938,578.8200073242188,584.9199829101562,147363300,Energy_Index
2007-09-25,575.7999877929688,580.7999877929688,570.4500122070312,580.7999877929688,154300900,Energy_Index
2007-09-26,576.9000244140625,581.47998046875,569.7899780273438,575.7899780273438,171138300,Energy_Index
2007-09-27,582.0499877929688,583.469970703125,576.8900146484375,576.8900146484375,96011400,Energy_Index
2007-09-28,579.469970703125,587.6300048828125,576.6799926757812,582.0499877929688,147428600,Energy_Index
2007-10-01,587.2999877929688,587.6500244140625,578.3300170898438,579.469970703125,156072100,Energy_Index
2007-10-02,579.8599853515625,587.2999877929688,573.4500122070312,587.2999877929688,164892700,Energy_Index
2007-10-03,574.22998046875,579.8599853515625,570.6599731445312,579.8599853515625,151000600,Energy_Index
2007-10-04,576.4299926757812,577.6400146484375,567.510009765625,574.22998046875,160890100,Energy_Index
2007-10-05,578.0499877929688,579.530029296875,573.6199951171875,576.4299926757812,140641300,Energy_Index
2007-10-08,573.47998046875,578.0499877929688,571.5,578.0499877929688,124356600,Energy_Index
2007-10-09,583.9400024414062,584.5399780273438,573.47998046875,573.47998046875,168494200,Energy_Index
2007-10-10,590.260009765625,592.780029296875,577.219970703125,583.9400024414062,195737500,Energy_Index
2007-10-11,588.47998046875,600.1599731445312,582.6599731445312,590.260009765625,220696000,Energy_Index
2007-10-12,593.1199951171875,595.239990234375,588.47998046875,588.47998046875,135069800,Energy_Index
2007-10-15,599.489990234375,603.0399780273438,593.1099853515625,593.1099853515625,168462800,Energy_Index
2007-10-16,601.2899780273438,603.5700073242188,598.0399780273438,599.489990234375,167194700,Energy_Index
2007-10-17,598.2100219726562,604.1900024414062,591.739990234375,601.2899780273438,177816400,Energy_Index
2007-10-18,598.1500244140625,601.260009765625,595.3400268554688,598.1900024414062,110740000,Energy_Index
2007-10-19,574.739990234375,600.8099975585938,574.010009765625,600.8099975585938,312436600,Energy_Index
2007-10-22,567.2999877929688,574.739990234375,559.2899780273438,574.739990234375,227576900,Energy_Index
2007-10-23,573.2000122070312,576.239990234375,564.4500122070312,567.2999877929688,184075100,Energy_Index
2007-10-24,578.239990234375,579.6099853515625,567.6699829101562,573.2000122070312,209718400,Energy_Index
2007-10-25,581.780029296875,584.2000122070312,574.719970703125,578.239990234375,212522200,Energy_Index
2007-10-26,588.2999877929688,591.5900268554688,581.780029296875,581.780029296875,203652500,Energy_Index
2007-10-29,592.4500122070312,595.3400268554688,588.0599975585938,588.0599975585938,155575200,Energy_Index
2007-10-30,574.6799926757812,592.4500122070312,573.6400146484375,592.4500122070312,186614900,Energy_Index
2007-10-31,585.4600219726562,587.7000122070312,574.6799926757812,574.6799926757812,231032300,Energy_Index
2007-11-01,569.8699951171875,585.8300170898438,567.9000244140625,585.4400024414062,239473900,Energy_Index
2007-11-02,575.5599975585938,577.5700073242188,566.0999755859375,569.8699951171875,214384800,Energy_Index
2007-11-05,573.3300170898438,577.1599731445312,567.5700073242188,575.510009765625,169110000,Energy_Index
2007-11-06,589.0399780273438,589.469970703125,573.3300170898438,573.3300170898438,219479300,Energy_Index
2007-11-07,570.1799926757812,589.010009765625,569.9000244140625,588.3200073242188,215239400,Energy_Index
2007-11-08,578.7899780273438,586.2000122070312,568.530029296875,570.1799926757812,249394400,Energy_Index
2007-11-09,566.75,578.7899780273438,565.760009765625,578.7899780273438,200014200,Energy_Index
2007-11-12,545.4600219726562,566.75,544.9299926757812,566.75,241768400,Energy_Index
2007-11-13,557.8699951171875,558.030029296875,539.1300048828125,545.4600219726562,237795100,Energy_Index
2007-11-14,555.52001953125,567.510009765625,553.1799926757812,557.3599853515625,180449000,Energy_Index
2007-11-15,542.72998046875,556.75,538.22998046875,555.52001953125,198688700,Energy_Index
2007-11-16,551.9500122070312,555.1099853515625,542.72998046875,542.72998046875,214882900,Energy_Index
2007-11-19,544.27001953125,553.4600219726562,542.5700073242188,551.8800048828125,174531400,Energy_Index
2007-11-20,561.6799926757812,566.010009765625,544.27001953125,544.27001953125,210982200,Energy_Index
2007-11-21,552.1900024414062,562.5999755859375,551.3499755859375,561.6799926757812,174889100,Energy_Index
2007-11-23,561.9500122070312,562.4099731445312,552.1400146484375,552.1900024414062,64817600,Energy_Index
2007-11-26,546.280029296875,566.1300048828125,545.4299926757812,561.9500122070312,210042400,Energy_Index
2007-11-27,543.6699829101562,545.3400268554688,531.5399780273438,545.3400268554688,246111500,Energy_Index
2007-11-28,552.8699951171875,554.8300170898438,543.6699829101562,543.6699829101562,236444400,Energy_Index
2007-11-29,558.530029296875,563.010009765625,552.8400268554688,552.8400268554688,195217800,Energy_Index
2007-11-30,562.1300048828125,563.6099853515625,557.030029296875,558.530029296875,210360800,Energy_Index
2007-12-03,563.8300170898438,565.72998046875,557.5399780273438,562.0499877929688,162518000,Energy_Index
2007-12-04,558.9199829101562,563.8300170898438,557.6699829101562,563.8300170898438,162723800,Energy_Index
2007-12-05,569.239990234375,573.3200073242188,558.9099731445312,558.9099731445312,205872300,Energy_Index
2007-12-06,583.1500244140625,584.4199829101562,568.1599731445312,569.1599731445312,203578800,Energy_Index
2007-12-07,581.9000244140625,585.2899780273438,578.27001953125,583.1500244140625,138893100,Energy_Index
2007-12-10,585.8599853515625,588.1799926757812,581.8800048828125,581.8800048828125,126670800,Energy_Index
2007-12-11,573.969970703125,591.3400268554688,572.489990234375,585.8599853515625,174720700,Energy_Index
2007-12-12,587.719970703125,592.5800170898438,573.9099731445312,573.9099731445312,212811700,Energy_Index
2007-12-13,591.5900268554688,592.1500244140625,581.7100219726562,587.719970703125,154812900,Energy_Index
2007-12-14,582.5900268554688,591.5800170898438,582.4600219726562,591.5800170898438,171140700,Energy_Index
2007-12-17,570.5,582.5800170898438,567.1900024414062,582.5800170898438,195808600,Energy_Index
2007-12-18,578.719970703125,580.4600219726562,567.3699951171875,570.5,179492000,Energy_Index
2007-12-19,581.280029296875,585.7000122070312,577.969970703125,578.719970703125,165142000,Energy_Index
2007-12-20,586.6599731445312,586.9500122070312,579.0800170898438,581.280029296875,140441700,Energy_Index
2007-12-21,600.6699829101562,601.989990234375,586.6599731445312,586.6599731445312,230030600,Energy_Index
2007-12-24,604.0399780273438,604.8699951171875,599.760009765625,600.6699829101562,60990200,Energy_Index
2007-12-26,611.1699829101562,612.7100219726562,603.9299926757812,604.0399780273438,110544400,Energy_Index
2007-12-27,604.8099975585938,611.9400024414062,604.8099975585938,611.1500244140625,115785100,Energy_Index
2007-12-28,610.7999877929688,612.3099975585938,604.7999877929688,604.7999877929688,108620400,Energy_Index
2007-12-31,603.0399780273438,610.7999877929688,602.3699951171875,610.7999877929688,99460000,Energy_Index
2008-01-02,606.8099975585938,610.6099853515625,602.780029296875,603.0399780273438,179483500,Energy_Index
2008-01-03,610.010009765625,613.6199951171875,606.7100219726562,606.8099975585938,181943200,Energy_Index
2008-01-04,594.1099853515625,610.010009765625,593.22998046875,610.010009765625,199497100,Energy_Index
2008-01-07,582.6799926757812,599.1500244140625,582.4000244140625,594.1099853515625,144172600,Energy_Index
2008-01-08,579.8599853515625,595.3099975585938,577.9600219726562,587.2899780273438,215710500,Energy_Index
2008-01-09,588.4299926757812,589.3599853515625,577.0900268554688,579.8599853515625,231146500,Energy_Index
2008-01-10,585.3300170898438,588.4299926757812,576.6199951171875,588.4299926757812,227356500,Energy_Index
2008-01-11,576.8099975585938,586.9000244140625,574.8099975585938,585.3300170898438,204861900,Energy_Index
2008-01-14,585.5999755859375,587.0499877929688,576.8099975585938,576.8099975585938,183015500,Energy_Index
2008-01-15,564.9199829101562,585.5900268554688,564.010009765625,585.5900268554688,248356700,Energy_Index
2008-01-16,547.530029296875,564.9199829101562,542.239990234375,564.9199829101562,318716400,Energy_Index
2008-01-17,526.4099731445312,557.2100219726562,524.9099731445312,547.510009765625,308741700,Energy_Index
2008-01-18,528.5,534.1699829101562,512.8699951171875,526.4099731445312,387386800,Energy_Index
2008-01-22,514.0700073242188,528.5,498.8800048828125,528.5,357700000,Energy_Index
2008-01-23,516.9000244140625,517.3400268554688,481.3500061035156,514.0700073242188,403809000,Energy_Index
2008-01-24,533.3200073242188,535.8599853515625,516.9000244140625,516.9000244140625,305836500,Energy_Index
2008-01-25,525.47998046875,544.5999755859375,522.0599975585938,533.3200073242188,204390100,Energy_Index
2008-01-28,534.5999755859375,535.5900268554688,518.3900146484375,525.47998046875,205733100,Energy_Index
2008-01-29,537.0900268554688,541.739990234375,533.0900268554688,534.5999755859375,229532700,Energy_Index
2008-01-30,535.3900146484375,548.6400146484375,532.6300048828125,537.0900268554688,245621100,Energy_Index
2008-01-31,537.1500244140625,538.0499877929688,521.6300048828125,535.3699951171875,308950800,Energy_Index
2008-02-01,540.8099975585938,544.6199951171875,534.2899780273438,537.1500244140625,238388700,Energy_Index
2008-02-04,541.2999877929688,544.4099731445312,535.1500244140625,540.8099975585938,188020800,Energy_Index
2008-02-05,521.0,541.2899780273438,521.0,541.2899780273438,243536500,Energy_Index
2008-02-06,512.7899780273438,527.1400146484375,511.260009765625,520.989990234375,243061600,Energy_Index
2008-02-07,518.8300170898438,523.5900268554688,507.8500061035156,512.0999755859375,234499500,Energy_Index
2008-02-08,525.3900146484375,527.1799926757812,518.8300170898438,518.8300170898438,213836800,Energy_Index
2008-02-11,538.3599853515625,538.5,522.2899780273438,525.3599853515625,251449800,Energy_Index
2008-02-12,539.27001953125,549.030029296875,533.7999877929688,538.3599853515625,235443000,Energy_Index
2008-02-13,551.510009765625,552.6400146484375,538.780029296875,538.780029296875,210292000,Energy_Index
2008-02-14,551.3499755859375,559.4299926757812,550.8400268554688,551.5,208733500,Energy_Index
2008-02-15,550.1199951171875,551.8200073242188,541.22998046875,551.2000122070312,228548700,Energy_Index
2008-02-19,563.6099853515625,568.3599853515625,550.1199951171875,550.1199951171875,220711000,Energy_Index
2008-02-20,567.760009765625,568.3800048828125,559.1900024414062,563.6099853515625,126049500,Energy_Index
2008-02-21,560.2100219726562,572.219970703125,558.5499877929688,571.9099731445312,230447400,Energy_Index
2008-02-22,564.7999877929688,565.969970703125,552.489990234375,560.2100219726562,192294100,Energy_Index
2008-02-25,574.3800048828125,575.260009765625,564.6699829101562,564.7999877929688,124618300,Energy_Index
2008-02-26,587.1900024414062,588.52001953125,573.8900146484375,578.8900146484375,230461300,Energy_Index
2008-02-27,582.52001953125,588.1599731445312,581.3699951171875,587.1900024414062,196146600,Energy_Index
2008-02-28,592.219970703125,592.4000244140625,581.0999755859375,582.489990234375,189512200,Energy_Index
2008-02-29,572.9299926757812,590.6599731445312,569.0999755859375,590.6599731445312,217363900,Energy_Index
2008-03-03,577.7000122070312,583.739990234375,568.9600219726562,572.9299926757812,209446400,Energy_Index
2008-03-04,568.9299926757812,577.8599853515625,559.1199951171875,577.7000122070312,263559600,Energy_Index
2008-03-05,579.1400146484375,579.969970703125,568.9199829101562,568.9199829101562,247211100,Energy_Index
2008-03-06,565.75,579.6799926757812,565.4600219726562,579.0599975585938,241266800,Energy_Index
2008-03-07,553.7999877929688,565.75,548.3099975585938,565.75,232033100,Energy_Index
2008-03-10,547.3099975585938,557.1400146484375,546.2899780273438,553.7899780273438,232611700,Energy_Index
2008-03-11,572.469970703125,572.719970703125,547.3099975585938,547.3099975585938,260886000,Energy_Index
2008-03-12,563.7100219726562,573.780029296875,563.0399780273438,572.4299926757812,216189100,Energy_Index
2008-03-13,571.2999877929688,573.760009765625,553.9600219726562,563.6799926757812,263214300,Energy_Index
2008-03-14,558.3099975585938,573.719970703125,555.1599731445312,571.2999877929688,150626000,Energy_Index
2008-03-17,547.7999877929688,562.0599975585938,537.25,562.0599975585938,300093100,Energy_Index
2008-03-18,567.72998046875,567.72998046875,547.7999877929688,547.7999877929688,259336100,Energy_Index
2008-03-19,536.9099731445312,567.72998046875,536.9099731445312,567.72998046875,295434000,Energy_Index
2008-03-20,539.989990234375,541.7899780273438,523.3699951171875,536.9099731445312,335637400,Energy_Index
2008-03-24,546.739990234375,553.6400146484375,539.989990234375,539.989990234375,189633900,Energy_Index
2008-03-25,550.1799926757812,552.739990234375,543.8699951171875,546.739990234375,250218800,Energy_Index
2008-03-26,562.0800170898438,564.5999755859375,550.1799926757812,550.1799926757812,254102500,Energy_Index
2008-03-27,557.6599731445312,568.2000122070312,557.239990234375,562.0599975585938,241569700,Energy_Index
2008-03-28,557.1300048828125,564.1500244140625,554.760009765625,557.6500244140625,136842700,Energy_Index
2008-03-31,557.6500244140625,564.780029296875,552.7000122070312,555.3499755859375,238498800,Energy_Index
2008-04-01,569.1099853515625,569.1099853515625,553.4600219726562,557.6500244140625,228145300,Energy_Index
2008-04-02,576.9099731445312,581.280029296875,564.219970703125,569.1099853515625,222775400,Energy_Index
2008-04-03,577.6900024414062,584.3099975585938,573.5399780273438,576.9099731445312,208847800,Energy_Index
2008-04-04,583.489990234375,588.6300048828125,577.6900024414062,577.6900024414062,208844300,Energy_Index
2008-04-07,584.6500244140625,594.5399780273438,583.030029296875,583.489990234375,216553300,Energy_Index
2008-04-08,589.219970703125,592.1199951171875,581.8099975585938,584.6500244140625,171752700,Energy_Index
2008-04-09,591.9199829101562,597.3400268554688,589.219970703125,589.219970703125,214493000,Energy_Index
2008-04-10,592.3300170898438,595.010009765625,586.27001953125,591.9199829101562,207598200,Energy_Index
2008-04-11,583.9299926757812,592.4199829101562,583.6599731445312,592.3300170898438,166770500,Energy_Index
2008-04-14,594.1900024414062,596.030029296875,583.9199829101562,583.9199829101562,189504200,Energy_Index
2008-04-15,600.010009765625,600.47998046875,592.5399780273438,594.1900024414062,206606800,Energy_Index
2008-04-16,616.3099975585938,616.8099975585938,600.010009765625,600.010009765625,261071400,Energy_Index
2008-04-17,616.7999877929688,620.5,611.8800048828125,616.3099975585938,204939900,Energy_Index
2008-04-18,626.7899780273438,628.8200073242188,616.0499877929688,616.780029296875,272595300,Energy_Index
2008-04-21,634.4299926757812,635.7000122070312,626.1599731445312,628.760009765625,215714000,Energy_Index
2008-04-22,635.5999755859375,639.8499755859375,632.0499877929688,634.4299926757812,254414600,Energy_Index
2008-04-23,630.969970703125,635.760009765625,626.3099975585938,635.5999755859375,235763100,Energy_Index
2008-04-24,616.8200073242188,630.969970703125,612.280029296875,630.969970703125,236466400,Energy_Index
2008-04-25,623.47998046875,623.8400268554688,615.7899780273438,616.8200073242188,201005800,Energy_Index
2008-04-28,622.02001953125,629.47998046875,621.0,623.47998046875,176920800,Energy_Index
2008-04-29,612.8300170898438,622.0900268554688,612.8300170898438,622.02001953125,231572100,Energy_Index
2008-04-30,618.239990234375,623.489990234375,612.3699951171875,612.8300170898438,265254900,Energy_Index
2008-05-01,604.8400268554688,618.219970703125,591.6799926757812,618.219970703125,309704400,Energy_Index
2008-05-02,612.0499877929688,615.27001953125,604.8300170898438,604.8300170898438,216626700,Energy_Index
2008-05-05,617.989990234375,623.510009765625,612.0499877929688,612.0499877929688,183732800,Energy_Index
2008-05-06,631.2999877929688,633.239990234375,617.97998046875,617.97998046875,254280100,Energy_Index
2008-05-07,622.5999755859375,633.3499755859375,622.3300170898438,631.280029296875,160403800,Energy_Index
2008-05-08,634.6799926757812,634.8400268554688,622.1300048828125,622.5999755859375,249436800,Energy_Index
2008-05-09,629.25,634.9600219726562,622.8499755859375,634.6799926757812,170917800,Energy_Index
2008-05-12,628.9099731445312,630.1099853515625,620.4299926757812,629.97998046875,207457400,Energy_Index
2008-05-13,636.1400146484375,637.0900268554688,622.8300170898438,628.9099731445312,235902400,Energy_Index
2008-05-14,630.3300170898438,640.6500244140625,629.8499755859375,636.0700073242188,233258200,Energy_Index
2008-05-15,640.8699951171875,640.8699951171875,628.0999755859375,629.8400268554688,271981400,Energy_Index
2008-05-16,657.0900268554688,657.0900268554688,640.8699951171875,640.8699951171875,277787700,Energy_Index
2008-05-19,663.6599731445312,668.8300170898438,656.8200073242188,657.030029296875,234365800,Energy_Index
2008-05-20,668.8099975585938,671.0399780273438,662.8599853515625,663.6599731445312,252775400,Energy_Index
2008-05-21,660.8499755859375,678.8400268554688,660.1500244140625,668.8099975585938,249308600,Energy_Index
2008-05-22,653.7999877929688,665.2000122070312,650.9000244140625,660.5800170898438,273005600,Energy_Index
2008-05-23,641.4199829101562,657.9199829101562,637.8200073242188,653.77001953125,224699300,Energy_Index
2008-05-27,637.0,641.4199829101562,631.2899780273438,641.4199829101562,218041400,Energy_Index
2008-05-28,646.6699829101562,647.1599731445312,629.469970703125,637.0,234721800,Energy_Index
2008-05-29,633.5900268554688,646.6300048828125,632.469970703125,646.6300048828125,251789000,Energy_Index
2008-05-30,637.780029296875,657.030029296875,633.5900268554688,657.030029296875,270585400,Energy_Index
2008-06-02,638.0900268554688,644.6699829101562,632.3599853515625,637.6900024414062,250155900,Energy_Index
2008-06-03,626.6199951171875,643.5900268554688,626.1900024414062,638.0900268554688,286644600,Energy_Index
2008-06-04,618.9000244140625,630.219970703125,617.530029296875,626.6099853515625,287368800,Energy_Index
2008-06-05,646.0800170898438,646.219970703125,618.9000244140625,618.9000244140625,256245200,Energy_Index
2008-06-06,635.8800048828125,661.7999877929688,634.7899780273438,645.989990234375,350154800,Energy_Index
2008-06-09,652.7899780273438,655.1500244140625,635.8699951171875,635.8699951171875,243303000,Energy_Index
2008-06-10,638.3599853515625,652.7899780273438,630.0399780273438,652.7899780273438,276802400,Energy_Index
2008-06-11,643.260009765625,648.0,636.4500122070312,638.3300170898438,248223500,Energy_Index
2008-06-12,631.719970703125,643.2100219726562,629.9600219726562,643.2100219726562,266584100,Energy_Index
2008-06-13,638.6400146484375,640.1199951171875,628.4000244140625,631.719970703125,206801700,Energy_Index
2008-06-16,640.219970703125,644.9400024414062,638.6400146484375,638.6400146484375,198744600,Energy_Index
2008-06-17,651.0700073242188,652.1699829101562,639.2899780273438,640.219970703125,217413000,Energy_Index
2008-06-18,650.3599853515625,652.7899780273438,642.739990234375,651.0700073242188,240636000,Energy_Index
2008-06-19,636.6699829101562,657.6099853515625,636.6400146484375,650.3599853515625,292920900,Energy_Index
2008-06-20,631.9500122070312,643.9299926757812,629.6500244140625,636.6699829101562,269205300,Energy_Index
2008-06-23,655.489990234375,655.5599975585938,631.9500122070312,631.9500122070312,269946700,Energy_Index
2008-06-24,645.5,655.489990234375,644.8400268554688,655.489990234375,267163500,Energy_Index
2008-06-25,642.3699951171875,648.5499877929688,629.3699951171875,645.5,311514900,Energy_Index
2008-06-26,635.4500122070312,648.3200073242188,630.0599975585938,642.3400268554688,285982300,Energy_Index
2008-06-27,640.7999877929688,646.3300170898438,635.4400024414062,635.4400024414062,295782600,Energy_Index
2008-06-30,652.0,655.27001953125,640.7999877929688,640.7999877929688,276099700,Energy_Index
2008-07-01,656.0800170898438,656.1099853515625,643.8599853515625,652.0,292923900,Energy_Index
2008-07-02,634.8800048828125,663.739990234375,634.8200073242188,656.0800170898438,398872100,Energy_Index
2008-07-03,631.9299926757812,642.530029296875,621.0800170898438,634.8800048828125,244774100,Energy_Index
2008-07-07,617.4199829101562,635.27001953125,610.6400146484375,631.9299926757812,322735500,Energy_Index
2008-07-08,607.8800048828125,617.4199829101562,594.030029296875,617.4199829101562,396115500,Energy_Index
2008-07-09,595.030029296875,618.5,594.7999877929688,607.8800048828125,316305200,Energy_Index
2008-07-10,610.969970703125,611.0599975585938,588.5999755859375,595.030029296875,321243100,Energy_Index
2008-07-11,606.52001953125,615.5,597.75,610.969970703125,302656300,Energy_Index
2008-07-14,611.1199951171875,617.6400146484375,603.4199829101562,606.52001953125,224536900,Energy_Index
2008-07-15,585.52001953125,611.1099853515625,584.9099731445312,611.1099853515625,324396400,Energy_Index
2008-07-16,573.4000244140625,585.8300170898438,564.8099975585938,585.52001953125,387207500,Energy_Index
2008-07-17,564.280029296875,582.530029296875,553.3599853515625,573.4000244140625,436576800,Energy_Index
2008-07-18,572.8300170898438,578.4099731445312,564.260009765625,564.260009765625,352648800,Energy_Index
2008-07-21,589.6400146484375,589.6599731445312,571.7100219726562,572.8300170898438,291409100,Energy_Index
2008-07-22,576.7000122070312,589.6400146484375,571.52001953125,589.6400146484375,370956100,Energy_Index
2008-07-23,554.5999755859375,577.1300048828125,551.7999877929688,576.7000122070312,441797500,Energy_Index
2008-07-24,551.3900146484375,561.5,542.1300048828125,554.5999755859375,500459800,Energy_Index
2008-07-25,556.8800048828125,564.5,550.6099853515625,551.3900146484375,310370000,Energy_Index
2008-07-28,554.3300170898438,565.8900146484375,554.2899780273438,556.8800048828125,273220500,Energy_Index
2008-07-29,549.8499755859375,554.9299926757812,543.1199951171875,554.0700073242188,333570700,Energy_Index
2008-07-30,580.5999755859375,581.3099975585938,546.72998046875,549.8499755859375,408294000,Energy_Index
2008-07-31,560.760009765625,580.5800170898438,559.97998046875,580.5800170898438,366608200,Energy_Index
2008-08-01,558.6400146484375,570.9299926757812,555.3599853515625,560.760009765625,287720100,Energy_Index
2008-08-04,531.5399780273438,558.719970703125,528.0800170898438,558.6199951171875,380232600,Energy_Index
2008-08-05,537.1199951171875,538.6799926757812,525.1699829101562,531.530029296875,394479000,Energy_Index
2008-08-06,547.3699951171875,548.25,535.469970703125,537.1199951171875,347091600,Energy_Index
2008-08-07,539.3599853515625,553.7899780273438,539.1300048828125,547.3499755859375,302097600,Energy_Index
2008-08-08,536.3400268554688,539.3599853515625,524.510009765625,539.3599853515625,304825600,Energy_Index
2008-08-11,534.2000122070312,540.0499877929688,524.7100219726562,535.5700073242188,319194800,Energy_Index
2008-08-12,530.7899780273438,539.1900024414062,530.5999755859375,534.2000122070312,299044400,Energy_Index
2008-08-13,548.6300048828125,550.1300048828125,530.739990234375,530.739990234375,322858300,Energy_Index
2008-08-14,541.7000122070312,548.77001953125,534.989990234375,548.6099853515625,261440900,Energy_Index
2008-08-15,532.1500244140625,541.2100219726562,526.1599731445312,541.2100219726562,276724500,Energy_Index
2008-08-18,525.8400268554688,539.8200073242188,524.1500244140625,532.0900268554688,230481600,Energy_Index
2008-08-19,540.719970703125,542.6799926757812,525.3300170898438,525.8400268554688,258515500,Energy_Index
2008-08-20,555.7100219726562,557.5700073242188,540.6699829101562,540.7000122070312,313480500,Energy_Index
2008-08-21,568.510009765625,572.3699951171875,555.7100219726562,555.7100219726562,285150000,Energy_Index
2008-08-22,559.7000122070312,568.510009765625,553.8699951171875,568.510009765625,200583100,Energy_Index
2008-08-25,551.27001953125,563.239990234375,549.1699829101562,559.7000122070312,191378200,Energy_Index
2008-08-26,561.0599975585938,563.9600219726562,551.27001953125,551.27001953125,211466500,Energy_Index
2008-08-27,567.8499755859375,571.030029296875,561.0599975585938,561.0599975585938,230326600,Energy_Index
2008-08-28,563.5800170898438,572.5700073242188,554.6400146484375,567.8200073242188,230280400,Energy_Index
2008-08-29,556.0700073242188,566.219970703125,556.0700073242188,563.489990234375,191976500,Energy_Index
2008-09-02,530.3800048828125,556.0700073242188,530.1500244140625,556.0700073242188,347661600,Energy_Index
2008-09-03,528.5499877929688,536.6699829101562,521.5800170898438,530.3699951171875,360728700,Energy_Index
2008-09-04,517.1900024414062,533.239990234375,510.80999755859375,528.5499877929688,347751300,Energy_Index
2008-09-05,514.8800048828125,518.7000122070312,502.760009765625,517.1900024414062,232689400,Energy_Index
2008-09-08,512.280029296875,526.030029296875,506.8900146484375,514.77001953125,353632700,Energy_Index
2008-09-09,479.45001220703125,512.280029296875,479.44000244140625,512.280029296875,512201400,Energy_Index
2008-09-10,496.79998779296875,501.0899963378906,479.44000244140625,479.44000244140625,429784500,Energy_Index
2008-09-11,504.1400146484375,504.5299987792969,484.7300109863281,496.79998779296875,416230100,Energy_Index
2008-09-12,518.25,519.7999877929688,504.1000061035156,504.1000061035156,364480200,Energy_Index
2008-09-15,482.6499938964844,518.25,482.6499938964844,518.25,405911000,Energy_Index
2008-09-16,501.2799987792969,501.94000244140625,465.2099914550781,482.6499938964844,505567700,Energy_Index
2008-09-17,489.1000061035156,512.780029296875,485.1700134277344,501.2799987792969,466949600,Energy_Index
2008-09-18,503.6499938964844,508.6700134277344,483.0,489.1000061035156,479423800,Energy_Index
2008-09-19,536.9299926757812,539.780029296875,503.6499938964844,503.6499938964844,453806400,Energy_Index
2008-09-22,531.0499877929688,548.7100219726562,529.719970703125,536.9299926757812,317092400,Energy_Index
2008-09-23,515.8499755859375,538.27001953125,514.6199951171875,531.0499877929688,336048300,Energy_Index
2008-09-24,516.1300048828125,523.780029296875,513.25,515.8499755859375,269589700,Energy_Index
2008-09-25,528.489990234375,531.9400024414062,516.1300048828125,516.1300048828125,308276000,Energy_Index
2008-09-26,519.2899780273438,528.4600219726562,504.8500061035156,528.4600219726562,276332600,Energy_Index
2008-09-29,462.5199890136719,519.280029296875,456.5899963378906,519.280029296875,474160800,Energy_Index
2008-09-30,489.3500061035156,492.8699951171875,462.5199890136719,462.5199890136719,357999800,Energy_Index
2008-10-01,481.1099853515625,489.3500061035156,462.6600036621094,489.3500061035156,346137800,Energy_Index
2008-10-02,452.6199951171875,481.1099853515625,450.6600036621094,481.1099853515625,457008200,Energy_Index
2008-10-03,451.7799987792969,480.05999755859375,449.760009765625,452.6199951171875,412663100,Energy_Index
2008-10-06,435.55999755859375,451.7799987792969,404.4200134277344,451.7799987792969,632118900,Energy_Index
2008-10-07,412.2200012207031,449.6400146484375,409.07000732421875,435.55999755859375,546261600,Energy_Index
2008-10-08,415.82000732421875,432.0400085449219,392.3399963378906,412.2200012207031,710160300,Energy_Index
2008-10-09,368.3500061035156,427.239990234375,368.3500061035156,415.82000732421875,565990300,Energy_Index
2008-10-10,338.67999267578125,368.3500061035156,309.2099914550781,368.3500061035156,933333800,Energy_Index
2008-10-13,401.2799987792969,403.0899963378906,338.67999267578125,338.67999267578125,605530400,Energy_Index
2008-10-14,400.8299865722656,418.95001220703125,382.1300048828125,401.2799987792969,592908600,Energy_Index
2008-10-15,338.55999755859375,400.82000732421875,334.4700012207031,400.82000732421875,559685300,Energy_Index
2008-10-16,364.95001220703125,366.9700012207031,319.6600036621094,338.55999755859375,707189300,Energy_Index
2008-10-17,363.3299865722656,390.92999267578125,346.57000732421875,364.95001220703125,602569000,Energy_Index
2008-10-20,403.8500061035156,404.0,363.32000732421875,363.32000732421875,465987600,Energy_Index
2008-10-21,386.510009765625,403.8500061035156,378.30999755859375,403.8500061035156,272980000,Energy_Index
2008-10-22,346.42999267578125,386.510009765625,337.8699951171875,386.510009765625,498481600,Energy_Index
2008-10-23,369.2200012207031,370.92999267578125,337.6600036621094,346.42999267578125,561125300,Energy_Index
2008-10-24,355.0199890136719,369.2200012207031,337.0799865722656,369.2200012207031,435414700,Energy_Index
2008-10-27,334.8699951171875,363.30999755859375,331.5299987792969,355.0199890136719,402370300,Energy_Index
2008-10-28,374.8500061035156,375.5400085449219,331.3999938964844,334.8699951171875,494462900,Energy_Index
2008-10-29,383.3399963378906,402.1000061035156,374.5899963378906,374.5899963378906,498741600,Energy_Index
2008-10-30,398.8299865722656,399.95001220703125,376.6600036621094,383.30999755859375,449691400,Energy_Index
2008-10-31,401.2099914550781,414.7300109863281,387.8699951171875,398.8299865722656,447004900,Energy_Index
2008-11-03,393.05999755859375,403.760009765625,387.510009765625,401.20001220703125,320750000,Energy_Index
2008-11-04,418.19000244140625,419.67999267578125,393.05999755859375,393.05999755859375,410745000,Energy_Index
2008-11-05,399.07000732421875,418.9100036621094,396.6300048828125,418.19000244140625,424229400,Energy_Index
2008-11-06,374.7900085449219,399.04998779296875,371.5,399.04998779296875,427776300,Energy_Index
2008-11-07,392.9100036621094,394.2699890136719,374.010009765625,374.010009765625,318980500,Energy_Index
2008-11-10,394.92999267578125,407.6700134277344,387.0799865722656,392.9100036621094,285184800,Energy_Index
2008-11-11,382.57000732421875,394.92999267578125,376.3399963378906,394.92999267578125,302436000,Energy_Index
2008-11-12,354.8399963378906,382.5,354.1300048828125,382.5,347871900,Energy_Index
2008-11-13,394.2200012207031,396.2799987792969,343.30999755859375,354.8399963378906,489824100,Energy_Index
2008-11-14,378.6499938964844,401.0899963378906,373.2799987792969,393.739990234375,386394800,Energy_Index
2008-11-17,372.7799987792969,389.5299987792969,372.07000732421875,378.5899963378906,333004300,Energy_Index
2008-11-18,385.2200012207031,387.0299987792969,367.4800109863281,372.7799987792969,387381600,Energy_Index
2008-11-19,365.29998779296875,390.4100036621094,364.3999938964844,385.2200012207031,389241400,Energy_Index
2008-11-20,324.5400085449219,365.29998779296875,324.17999267578125,365.29998779296875,567184600,Energy_Index
2008-11-21,362.3699951171875,363.6400146484375,324.5400085449219,324.5400085449219,574209200,Energy_Index
2008-11-24,384.4700012207031,394.1199951171875,362.3699951171875,362.3699951171875,455915500,Energy_Index
2008-11-25,386.94000244140625,392.17999267578125,377.07000732421875,384.4700012207031,374105300,Energy_Index
2008-11-26,409.0299987792969,409.55999755859375,381.1000061035156,386.94000244140625,335513300,Energy_Index
2008-11-28,402.79998779296875,409.0299987792969,394.3599853515625,409.0299987792969,163664000,Energy_Index
2008-12-01,361.4200134277344,402.69000244140625,361.4200134277344,402.69000244140625,380371400,Energy_Index
2008-12-02,374.9100036621094,375.9100036621094,361.4200134277344,361.4200134277344,390990800,Energy_Index
2008-12-03,376.0400085449219,377.44000244140625,361.4700012207031,374.8999938964844,396432100,Energy_Index
2008-12-04,352.8699951171875,376.0400085449219,346.5400085449219,376.0400085449219,443701600,Energy_Index
2008-12-05,357.4599914550781,360.79998779296875,332.44000244140625,352.8699951171875,501256800,Energy_Index
2008-12-08,377.7300109863281,381.8599853515625,357.3599853515625,357.3599853515625,436618600,Energy_Index
2008-12-09,375.6499938964844,385.7799987792969,371.80999755859375,377.7300109863281,358414400,Energy_Index
2008-12-10,393.3399963378906,396.1000061035156,375.6199951171875,375.6199951171875,365992800,Energy_Index
2008-12-11,391.6099853515625,406.30999755859375,387.57000732421875,393.30999755859375,405370000,Energy_Index
2008-12-12,388.0,392.1300048828125,375.9700012207031,391.6099853515625,325006900,Energy_Index
2008-12-15,386.9200134277344,398.4800109863281,380.260009765625,388.0,320471100,Energy_Index
2008-12-16,400.6099853515625,402.0799865722656,386.9200134277344,386.9200134277344,368529500,Energy_Index
2008-12-17,394.260009765625,405.3299865722656,393.7300109863281,400.6000061035156,335940300,Energy_Index
2008-12-18,371.79998779296875,394.260009765625,368.4599914550781,394.260009765625,485055000,Energy_Index
2008-12-19,370.239990234375,382.1700134277344,369.19000244140625,371.79998779296875,413995600,Energy_Index
2008-12-22,361.6300048828125,373.67999267578125,355.2200012207031,370.239990234375,293694200,Energy_Index
2008-12-23,360.3699951171875,367.6499938964844,357.8999938964844,361.6300048828125,237583300,Energy_Index
2008-12-24,361.4200134277344,362.6400146484375,356.9200134277344,360.3699951171875,86249400,Energy_Index
2008-12-26,367.7699890136719,368.4200134277344,361.4200134277344,361.4200134277344,109724600,Energy_Index
2008-12-29,374.739990234375,375.5199890136719,367.75,367.75,187314100,Energy_Index
2008-12-30,381.489990234375,382.67999267578125,371.3800048828125,374.7300109863281,217810800,Energy_Index
2008-12-31,386.3500061035156,394.260009765625,379.1700134277344,394.260009765625,225446500,Energy_Index
2009-01-02,403.1199951171875,406.05999755859375,386.3500061035156,386.3500061035156,253263100,Energy_Index
2009-01-05,408.6099853515625,414.82000732421875,400.8800048828125,403.1199951171875,373287600,Energy_Index
2009-01-06,410.6499938964844,420.94000244140625,408.1000061035156,408.6099853515625,407736600,Energy_Index
2009-01-07,394.8599853515625,410.6499938964844,391.30999755859375,410.6499938964844,304846700,Energy_Index
2009-01-08,399.44000244140625,399.989990234375,391.95001220703125,394.8599853515625,285495600,Energy_Index
2009-01-09,387.239990234375,399.44000244140625,386.07000732421875,399.44000244140625,280173700,Energy_Index
2009-01-12,375.3500061035156,387.239990234375,372.760009765625,387.239990234375,276280800,Energy_Index
2009-01-13,383.4200134277344,385.2699890136719,375.0199890136719,375.3500061035156,316777900,Energy_Index
2009-01-14,366.9599914550781,383.4100036621094,362.8900146484375,383.4100036621094,340533500,Energy_Index
2009-01-15,370.9800109863281,371.45001220703125,355.6499938964844,366.9599914550781,387459900,Energy_Index
2009-01-16,375.239990234375,380.6600036621094,367.2099914550781,370.9800109863281,351148600,Energy_Index
2009-01-20,358.19000244140625,377.29998779296875,357.0799865722656,375.2200012207031,356159900,Energy_Index
2009-01-21,379.1300048828125,379.94000244140625,358.19000244140625,358.19000244140625,355300000,Energy_Index
2009-01-22,370.2200012207031,379.1300048828125,362.3999938964844,379.1300048828125,347296900,Energy_Index
2009-01-23,378.3800048828125,382.3900146484375,359.510009765625,370.2200012207031,357782200,Energy_Index
2009-01-26,384.0199890136719,392.739990234375,378.3800048828125,378.3800048828125,348130400,Energy_Index
2009-01-27,384.82000732421875,387.4800109863281,378.5899963378906,384.0199890136719,333698200,Energy_Index
2009-01-28,393.6300048828125,394.79998779296875,383.1099853515625,384.82000732421875,366504500,Energy_Index
2009-01-29,378.8500061035156,393.6199951171875,377.9100036621094,393.6199951171875,318598300,Energy_Index
2009-01-30,374.1400146484375,386.6099853515625,373.489990234375,378.8500061035156,357575100,Energy_Index
2009-02-02,370.6099853515625,374.1400146484375,366.6300048828125,374.1400146484375,308728500,Energy_Index
2009-02-03,377.5400085449219,379.3900146484375,370.1099853515625,370.6099853515625,309966600,Energy_Index
2009-02-04,378.75,384.3900146484375,375.8500061035156,377.5400085449219,336442500,Energy_Index
2009-02-05,388.79998779296875,389.760009765625,373.7799987792969,378.7200012207031,363627300,Energy_Index
2009-02-06,394.5799865722656,395.6300048828125,383.17999267578125,388.04998779296875,312681900,Energy_Index
2009-02-09,395.05999755859375,401.55999755859375,391.0199890136719,394.54998779296875,300841300,Energy_Index
2009-02-10,376.4200134277344,398.69000244140625,373.5400085449219,395.05999755859375,372548400,Energy_Index
2009-02-11,371.6199951171875,381.42999267578125,365.17999267578125,376.3599853515625,338837300,Energy_Index
2009-02-12,371.8699951171875,372.3399963378906,359.9200134277344,371.1199951171875,336080400,Energy_Index
2009-02-13,371.30999755859375,376.82000732421875,369.6300048828125,371.7200012207031,271741800,Energy_Index
2009-02-17,347.8699951171875,371.30999755859375,347.79998779296875,371.30999755859375,361396700,Energy_Index
2009-02-18,347.239990234375,352.2900085449219,344.0,347.8699951171875,359017800,Energy_Index
2009-02-19,347.8900146484375,353.4200134277344,346.0799865722656,346.9800109863281,354449800,Energy_Index
2009-02-20,339.3500061035156,347.8900146484375,332.739990234375,347.8900146484375,422714200,Energy_Index
2009-02-23,325.5899963378906,346.989990234375,324.57000732421875,339.3500061035156,242468500,Energy_Index
2009-02-24,340.8599853515625,341.9800109863281,325.5899963378906,325.5899963378906,417754100,Energy_Index
2009-02-25,338.4100036621094,346.010009765625,331.6199951171875,340.8599853515625,634293300,Energy_Index
2009-02-26,337.6700134277344,349.7799987792969,337.30999755859375,338.3999938964844,342948500,Energy_Index
2009-02-27,327.5400085449219,338.9100036621094,326.739990234375,337.6400146484375,399074200,Energy_Index
2009-03-02,306.5299987792969,327.5400085449219,306.29998779296875,327.5400085449219,410474000,Energy_Index
2009-03-03,307.32000732421875,316.0199890136719,304.9599914550781,306.5299987792969,392870900,Energy_Index
2009-03-04,320.010009765625,325.70001220703125,307.30999755859375,307.30999755859375,393248500,Energy_Index
2009-03-05,304.80999755859375,320.010009765625,302.7799987792969,320.010009765625,366231700,Energy_Index
2009-03-06,309.3500061035156,317.2900085449219,299.07000732421875,304.7200012207031,377589900,Energy_Index
2009-03-09,310.9200134277344,319.82000732421875,305.6600036621094,309.3299865722656,336580300,Energy_Index
2009-03-10,327.1499938964844,329.20001220703125,310.9200134277344,310.9200134277344,397341600,Energy_Index
2009-03-11,323.2900085449219,331.260009765625,318.54998779296875,327.1199951171875,314013100,Energy_Index
2009-03-12,332.4800109863281,333.5799865722656,321.9100036621094,323.25,337333300,Energy_Index
2009-03-13,330.0899963378906,334.5,325.82000732421875,332.4700012207031,329636400,Energy_Index
2009-03-16,332.760009765625,339.9100036621094,328.1300048828125,330.0899963378906,304098400,Energy_Index
2009-03-17,344.29998779296875,344.44000244140625,329.3900146484375,332.760009765625,293959400,Energy_Index
2009-03-18,347.2099914550781,350.760009765625,331.9800109863281,344.29998779296875,369729800,Energy_Index
2009-03-19,351.94000244140625,360.7900085449219,347.2099914550781,347.2099914550781,405730500,Energy_Index
2009-03-20,339.1099853515625,354.5400085449219,337.8299865722656,351.94000244140625,403104600,Energy_Index
2009-03-23,365.54998779296875,365.8299865722656,339.1099853515625,339.1099853515625,372360400,Energy_Index
2009-03-24,357.6400146484375,365.54998779296875,355.6400146484375,365.54998779296875,287353400,Energy_Index
2009-03-25,359.4200134277344,364.67999267578125,349.9800109863281,357.6400146484375,339325300,Energy_Index
2009-03-26,362.70001220703125,366.7300109863281,357.5299987792969,359.4200134277344,442244600,Energy_Index
2009-03-27,352.9800109863281,362.6700134277344,350.54998779296875,362.6700134277344,272168500,Energy_Index
2009-03-30,341.3500061035156,352.9700012207031,335.989990234375,352.9700012207031,284902500,Energy_Index
2009-03-31,339.67999267578125,346.8999938964844,338.79998779296875,341.3500061035156,316278200,Energy_Index
2009-04-01,346.3999938964844,347.760009765625,331.8399963378906,339.67999267578125,291248000,Energy_Index
2009-04-02,358.30999755859375,363.55999755859375,346.3999938964844,346.3999938964844,330029600,Energy_Index
2009-04-03,363.4800109863281,365.80999755859375,355.5299987792969,358.30999755859375,288000800,Energy_Index
2009-04-06,357.3999938964844,363.4800109863281,352.0199890136719,363.4800109863281,255452700,Energy_Index
2009-04-07,347.5899963378906,357.3999938964844,345.3299865722656,357.3999938964844,227910800,Energy_Index
2009-04-08,351.32000732421875,354.0400085449219,341.45001220703125,347.5899963378906,256734500,Energy_Index
2009-04-09,359.20001220703125,360.92999267578125,351.32000732421875,351.32000732421875,255863400,Energy_Index
2009-04-13,354.6499938964844,359.20001220703125,348.0899963378906,359.20001220703125,238854600,Energy_Index
2009-04-14,352.5299987792969,357.05999755859375,348.5899963378906,354.6300048828125,293080500,Energy_Index
2009-04-15,349.260009765625,354.6300048828125,348.4100036621094,352.5299987792969,178107200,Energy_Index
2009-04-16,354.1400146484375,356.7900085449219,347.9599914550781,353.5,264748400,Energy_Index
2009-04-17,356.07000732421875,358.489990234375,352.5400085449219,354.1400146484375,291131000,Energy_Index
2009-04-20,340.489990234375,356.04998779296875,339.82000732421875,356.04998779296875,291059100,Energy_Index
2009-04-21,347.7799987792969,348.010009765625,337.2799987792969,340.489990234375,319117600,Energy_Index
2009-04-22,342.8999938964844,349.45001220703125,342.0199890136719,347.7799987792969,314391400,Energy_Index
2009-04-23,349.1300048828125,349.260009765625,342.2699890136719,342.8999938964844,320637800,Energy_Index
2009-04-24,358.3699951171875,360.6600036621094,349.1300048828125,349.1300048828125,326280700,Energy_Index
2009-04-27,351.9599914550781,358.3699951171875,348.42999267578125,358.3699951171875,262015700,Energy_Index
2009-04-28,353.79998779296875,357.92999267578125,347.55999755859375,351.95001220703125,250187400,Energy_Index
2009-04-29,363.5899963378906,366.30999755859375,353.75,353.75,295170000,Energy_Index
2009-04-30,356.0299987792969,365.5899963378906,351.8299865722656,363.57000732421875,315508000,Energy_Index
2009-05-01,366.3500061035156,368.6400146484375,355.3399963378906,356.0199890136719,171476500,Energy_Index
2009-05-04,377.6600036621094,378.1600036621094,366.8699951171875,366.8699951171875,306376000,Energy_Index
2009-05-05,372.69000244140625,377.6600036621094,368.17999267578125,377.6600036621094,269851700,Energy_Index
2009-05-06,386.1400146484375,387.3800048828125,372.69000244140625,372.69000244140625,320794000,Energy_Index
2009-05-07,382.19000244140625,393.7099914550781,377.5,386.1199951171875,344018200,Energy_Index
2009-05-08,398.0400085449219,400.8399963378906,382.19000244140625,382.19000244140625,336195600,Energy_Index
2009-05-11,386.0299987792969,397.2699890136719,382.760009765625,397.2699890136719,154364700,Energy_Index
2009-05-12,389.75,391.6600036621094,382.4100036621094,385.4700012207031,322956100,Energy_Index
2009-05-13,378.2699890136719,389.6700134277344,376.1000061035156,389.6700134277344,307783300,Energy_Index
2009-05-14,379.4200134277344,382.1099853515625,373.19000244140625,378.2699890136719,255273100,Energy_Index
2009-05-15,370.9599914550781,379.3299865722656,368.25,378.92999267578125,259735100,Energy_Index
2009-05-18,382.4200134277344,382.8900146484375,370.8999938964844,370.8999938964844,240282800,Energy_Index
2009-05-19,383.760009765625,387.17999267578125,381.1099853515625,382.4200134277344,239842400,Energy_Index
2009-05-20,383.79998779296875,394.0400085449219,382.8999938964844,383.760009765625,287052700,Energy_Index
2009-05-21,372.8699951171875,383.5400085449219,369.8599853515625,383.5400085449219,244483500,Energy_Index
2009-05-22,373.69000244140625,379.7200012207031,372.8399963378906,372.8399963378906,181972200,Energy_Index
2009-05-26,381.57000732421875,381.92999267578125,367.17999267578125,373.69000244140625,174553300,Energy_Index
2009-05-27,376.4700012207031,386.94000244140625,375.6600036621094,381.57000732421875,239703500,Energy_Index
2009-05-28,387.7699890136719,390.75,375.989990234375,376.4700012207031,284957800,Energy_Index
2009-05-29,391.3399963378906,394.8800048828125,387.7699890136719,387.7699890136719,163799000,Energy_Index
2009-06-01,407.5199890136719,409.2200012207031,392.1199951171875,392.1199951171875,306583200,Energy_Index
2009-06-02,407.69000244140625,409.3500061035156,403.7799987792969,407.5199890136719,296446900,Energy_Index
2009-06-03,394.07000732421875,407.67999267578125,389.25,407.67999267578125,351984900,Energy_Index
2009-06-04,401.9800109863281,403.1099853515625,394.07000732421875,394.07000732421875,332405900,Energy_Index
2009-06-05,398.25,405.9200134277344,394.8699951171875,401.9800109863281,189395700,Energy_Index
2009-06-08,399.29998779296875,402.0199890136719,391.94000244140625,399.19000244140625,240083000,Energy_Index
2009-06-09,402.69000244140625,405.19000244140625,398.6199951171875,399.29998779296875,233014800,Energy_Index
2009-06-10,405.5799865722656,409.57000732421875,399.30999755859375,402.6600036621094,276695600,Energy_Index
2009-06-11,416.32000732421875,418.25,405.54998779296875,405.54998779296875,188269700,Energy_Index
2009-06-12,408.760009765625,412.7300109863281,404.25,412.7300109863281,232105200,Energy_Index
2009-06-15,399.3399963378906,408.760009765625,394.92999267578125,408.760009765625,247052300,Energy_Index
2009-06-16,391.4700012207031,403.9700012207031,390.9800109863281,399.3399963378906,262652300,Energy_Index
2009-06-17,386.010009765625,391.4700012207031,381.8999938964844,391.4700012207031,312305400,Energy_Index
2009-06-18,385.3699951171875,390.1199951171875,383.5400085449219,386.010009765625,235523300,Energy_Index
2009-06-19,382.05999755859375,388.5199890136719,379.07000732421875,385.3699951171875,329407300,Energy_Index
2009-06-22,364.4599914550781,382.05999755859375,364.2300109863281,382.05999755859375,310863400,Energy_Index
2009-06-23,367.2200012207031,369.760009765625,362.1600036621094,364.4599914550781,274383200,Energy_Index
2009-06-24,367.32000732421875,373.80999755859375,365.6700134277344,367.2200012207031,258604600,Energy_Index
2009-06-25,375.489990234375,376.4599914550781,366.239990234375,367.32000732421875,286392000,Energy_Index
2009-06-26,371.7799987792969,375.4700012207031,370.760009765625,375.4700012207031,290126800,Energy_Index
2009-06-29,375.92999267578125,379.1700134277344,371.760009765625,371.760009765625,135195800,Energy_Index
2009-06-30,373.8399963378906,380.260009765625,368.4599914550781,376.7300109863281,280963000,Energy_Index
2009-07-01,374.6700134277344,381.94000244140625,373.8399963378906,373.8399963378906,240176600,Energy_Index
2009-07-02,361.260009765625,374.6700134277344,360.17999267578125,374.6700134277344,242461000,Energy_Index
2009-07-06,357.0799865722656,361.260009765625,348.6400146484375,361.260009765625,314355600,Energy_Index
2009-07-07,348.30999755859375,357.1600036621094,347.7799987792969,357.0799865722656,280476700,Energy_Index
2009-07-08,347.8800048828125,351.9700012207031,342.25,348.30999755859375,346303500,Energy_Index
2009-07-09,351.6300048828125,355.6000061035156,347.8800048828125,347.8800048828125,272558500,Energy_Index
2009-07-10,347.6400146484375,351.6300048828125,343.4100036621094,351.6300048828125,234363100,Energy_Index
2009-07-13,350.3800048828125,350.8599853515625,342.1499938964844,347.6400146484375,172053200,Energy_Index
2009-07-14,357.5899963378906,358.55999755859375,353.1000061035156,353.2300109863281,237596900,Energy_Index
2009-07-15,370.05999755859375,370.54998779296875,357.5799865722656,357.5799865722656,268916300,Energy_Index
2009-07-16,373.69000244140625,375.4100036621094,365.80999755859375,370.05999755859375,242597700,Energy_Index
2009-07-17,375.989990234375,376.8800048828125,370.07000732421875,373.69000244140625,177156100,Energy_Index
2009-07-20,381.2200012207031,382.32000732421875,375.010009765625,375.07000732421875,259328200,Energy_Index
2009-07-21,385.3399963378906,386.6099853515625,379.0,381.2200012207031,260764300,Energy_Index
2009-07-22,381.3900146484375,385.45001220703125,379.510009765625,385.3399963378906,239762900,Energy_Index
2009-07-23,392.44000244140625,393.20001220703125,380.8699951171875,381.3900146484375,262882800,Energy_Index
2009-07-24,396.19000244140625,396.4700012207031,389.4800109863281,392.44000244140625,216594500,Energy_Index
2009-07-27,397.45001220703125,399.45001220703125,393.1000061035156,396.19000244140625,222309300,Energy_Index
2009-07-28,389.82000732421875,397.45001220703125,384.989990234375,397.45001220703125,199186000,Energy_Index
2009-07-29,383.2200012207031,391.04998779296875,378.8699951171875,391.04998779296875,269147900,Energy_Index
2009-07-30,387.3599853515625,390.7300109863281,381.989990234375,383.1499938964844,259595900,Energy_Index
2009-07-31,389.9200134277344,391.4599914550781,382.25,387.3599853515625,250810700,Energy_Index
2009-08-03,398.7799987792969,401.0899963378906,389.9200134277344,389.9200134277344,271241400,Energy_Index
2009-08-04,397.94000244140625,399.45001220703125,393.8900146484375,398.7699890136719,241737100,Energy_Index
2009-08-05,393.79998779296875,397.92999267578125,391.8699951171875,397.92999267578125,249844800,Energy_Index
2009-08-06,390.79998779296875,394.7900085449219,388.3599853515625,393.7900085449219,230660400,Energy_Index
2009-08-07,392.6099853515625,395.2699890136719,389.04998779296875,390.7799987792969,155835900,Energy_Index
2009-08-10,391.489990234375,393.5199890136719,388.55999755859375,390.4800109863281,185868900,Energy_Index
2009-08-11,384.94000244140625,390.7200012207031,383.9200134277344,390.7200012207031,193896800,Energy_Index
2009-08-12,392.19000244140625,392.19000244140625,384.75,384.8800048828125,146471700,Energy_Index
2009-08-13,392.69000244140625,393.1499938964844,387.20001220703125,389.8299865722656,246115700,Energy_Index
2009-08-14,387.2799987792969,392.69000244140625,383.760009765625,392.69000244140625,212001300,Energy_Index
2009-08-17,375.2900085449219,386.7099914550781,373.239990234375,386.7099914550781,220649300,Energy_Index
2009-08-18,378.6199951171875,379.7699890136719,374.7200012207031,375.2900085449219,185225800,Energy_Index
2009-08-19,385.82000732421875,388.1499938964844,374.4599914550781,378.6199951171875,221897200,Energy_Index
2009-08-20,389.239990234375,389.7799987792969,385.82000732421875,385.82000732421875,191067800,Energy_Index
2009-08-21,399.67999267578125,400.3999938964844,389.239990234375,389.239990234375,260164200,Energy_Index
2009-08-24,404.9100036621094,407.2799987792969,399.67999267578125,399.67999267578125,225985900,Energy_Index
2009-08-25,399.4200134277344,408.1600036621094,398.07000732421875,404.9100036621094,216097900,Energy_Index
2009-08-26,401.54998779296875,402.29998779296875,394.7300109863281,399.3999938964844,191826800,Energy_Index
2009-08-27,400.04998779296875,401.54998779296875,392.07000732421875,401.54998779296875,196291000,Energy_Index
2009-08-28,398.8500061035156,403.0,396.8900146484375,400.0400085449219,132460300,Energy_Index
2009-08-31,391.30999755859375,398.4800109863281,389.3999938964844,398.4800109863281,312039400,Energy_Index
2009-09-01,385.1300048828125,395.0400085449219,384.3800048828125,391.30999755859375,287013900,Energy_Index
2009-09-02,383.2300109863281,387.79998779296875,383.0799865722656,385.1099853515625,246699600,Energy_Index
2009-09-03,384.80999755859375,386.7799987792969,382.55999755859375,383.2300109863281,205245500,Energy_Index
2009-09-04,390.6400146484375,391.1499938964844,384.1300048828125,384.7900085449219,176674600,Energy_Index
2009-09-08,400.6400146484375,401.95001220703125,390.5400085449219,390.5400085449219,169339200,Energy_Index
2009-09-09,401.19000244140625,404.7300109863281,398.5,400.70001220703125,236338700,Energy_Index
2009-09-10,407.19000244140625,407.5,400.2799987792969,401.19000244140625,258207200,Energy_Index
2009-09-11,406.2799987792969,412.5,404.5899963378906,407.1499938964844,207670900,Energy_Index
2009-09-14,409.5199890136719,409.8599853515625,402.3399963378906,407.32000732421875,226311700,Energy_Index
2009-09-15,412.42999267578125,413.3999938964844,407.7900085449219,409.5199890136719,262107700,Energy_Index
2009-09-16,421.7200012207031,421.95001220703125,412.4200134277344,412.4200134277344,301927500,Energy_Index
2009-09-17,419.0899963378906,424.1099853515625,417.3299865722656,421.7200012207031,304205100,Energy_Index
2009-09-18,419.57000732421875,422.3599853515625,415.5899963378906,419.0899963378906,190248500,Energy_Index
2009-09-21,415.1099853515625,418.8999938964844,410.3800048828125,418.8999938964844,199678900,Energy_Index
2009-09-22,420.8599853515625,421.9200134277344,415.1099853515625,415.1099853515625,195104900,Energy_Index
2009-09-23,421.0400085449219,421.94000244140625,412.6099853515625,420.8599853515625,141618500,Energy_Index
2009-09-24,407.32000732421875,413.20001220703125,404.54998779296875,412.8399963378906,224805500,Energy_Index
2009-09-25,406.9100036621094,411.9100036621094,404.3800048828125,407.32000732421875,219884400,Energy_Index
2009-09-28,413.82000732421875,414.79998779296875,406.8800048828125,406.8800048828125,160477500,Energy_Index
2009-09-29,411.4700012207031,414.7799987792969,409.239990234375,413.79998779296875,195208900,Energy_Index
2009-09-30,409.30999755859375,413.6600036621094,404.3900146484375,411.4700012207031,275650800,Energy_Index
2009-10-01,397.9700012207031,409.30999755859375,397.5899963378906,409.30999755859375,266237300,Energy_Index
2009-10-02,395.32000732421875,398.07000732421875,391.54998779296875,397.9700012207031,239622000,Energy_Index
2009-10-05,404.0400085449219,405.1600036621094,394.6700134277344,395.32000732421875,233493100,Energy_Index
2009-10-06,411.7099914550781,415.2900085449219,404.0400085449219,404.0400085449219,169389600,Energy_Index
2009-10-07,415.2099914550781,415.2699890136719,409.3900146484375,412.6499938964844,212975700,Energy_Index
2009-10-08,424.6099853515625,425.8299865722656,415.2099914550781,415.2099914550781,282885900,Energy_Index
2009-10-09,425.1400146484375,426.1400146484375,421.7799987792969,424.6099853515625,180935400,Energy_Index
2009-10-12,429.55999755859375,432.8800048828125,425.1400146484375,425.1400146484375,112949100,Energy_Index
2009-10-13,430.5,431.4100036621094,424.5799865722656,430.3900146484375,215950400,Energy_Index
2009-10-14,438.3399963378906,438.6499938964844,430.489990234375,430.489990234375,236020400,Energy_Index
2009-10-15,446.92999267578125,447.0,435.8399963378906,438.3399963378906,311045100,Energy_Index
2009-10-16,446.7200012207031,447.95001220703125,442.3900146484375,446.92999267578125,255518000,Energy_Index
2009-10-19,452.2300109863281,453.3699951171875,445.5,446.7200012207031,215492700,Energy_Index
2009-10-20,448.3699951171875,453.0,442.7799987792969,452.2099914550781,232743800,Energy_Index
2009-10-21,447.3399963378906,456.9700012207031,444.8399963378906,448.3699951171875,283474700,Energy_Index
2009-10-22,450.75,451.739990234375,440.80999755859375,447.3399963378906,236881100,Energy_Index
2009-10-23,441.69000244140625,452.1700134277344,438.4700012207031,450.75,245247100,Energy_Index
2009-10-26,435.2300109863281,451.3299865722656,434.5299987792969,441.69000244140625,259320000,Energy_Index
2009-10-27,439.8500061035156,443.75,435.2300109863281,435.2300109863281,289705200,Energy_Index
2009-10-28,427.1499938964844,439.57000732421875,426.3800048828125,439.57000732421875,306223700,Energy_Index
2009-10-29,437.489990234375,437.5299987792969,424.80999755859375,427.0799865722656,261992300,Energy_Index
2009-10-30,422.2200012207031,437.489990234375,418.5199890136719,437.489990234375,313324600,Energy_Index
2009-11-02,424.17999267578125,430.5400085449219,417.7200012207031,422.2099914550781,270199700,Energy_Index
2009-11-03,428.8399963378906,430.8900146484375,417.69000244140625,424.1700134277344,250318600,Energy_Index
2009-11-04,428.2900085449219,435.510009765625,427.0199890136719,428.8399963378906,273834300,Energy_Index
2009-11-05,435.17999267578125,436.2900085449219,428.2699890136719,428.2699890136719,209691100,Energy_Index
2009-11-06,434.260009765625,437.6400146484375,430.0,435.1400146484375,213088300,Energy_Index
2009-11-09,440.95001220703125,441.7099914550781,433.510009765625,433.510009765625,226982400,Energy_Index
2009-11-10,441.1199951171875,443.3500061035156,437.4599914550781,440.8699951171875,204050400,Energy_Index
2009-11-11,441.3599853515625,446.57000732421875,439.1700134277344,441.1199951171875,191912200,Energy_Index
2009-11-12,431.7799987792969,441.3599853515625,431.4200134277344,441.3599853515625,168850500,Energy_Index
2009-11-13,435.30999755859375,438.5899963378906,429.70001220703125,432.3599853515625,204118800,Energy_Index
2009-11-16,445.9700012207031,448.30999755859375,434.7300109863281,434.7300109863281,230604500,Energy_Index
2009-11-17,445.80999755859375,446.9200134277344,442.82000732421875,445.9700012207031,231503600,Energy_Index
2009-11-18,444.5899963378906,447.5400085449219,441.5899963378906,445.80999755859375,248032400,Energy_Index
2009-11-19,435.3999938964844,444.5899963378906,433.0899963378906,444.5899963378906,235094600,Energy_Index
2009-11-20,431.54998779296875,435.3999938964844,428.8900146484375,435.3999938964844,253363500,Energy_Index
2009-11-23,438.3999938964844,443.9100036621094,431.54998779296875,431.54998779296875,216259700,Energy_Index
2009-11-24,440.2699890136719,440.67999267578125,432.8800048828125,438.3999938964844,200053100,Energy_Index
2009-11-25,444.57000732421875,445.0400085449219,437.7300109863281,440.2699890136719,183646800,Energy_Index
2009-11-27,433.8399963378906,444.57000732421875,430.2900085449219,444.57000732421875,121498700,Energy_Index
2009-11-30,434.25,437.4700012207031,430.7900085449219,433.7300109863281,219092800,Energy_Index
2009-12-01,440.510009765625,442.8699951171875,434.2200012207031,434.2200012207031,200685700,Energy_Index
2009-12-02,437.17999267578125,441.4599914550781,435.2099914550781,440.510009765625,191208400,Energy_Index
2009-12-03,430.9200134277344,437.95001220703125,430.32000732421875,437.1700134277344,202502200,Energy_Index
2009-12-04,427.4700012207031,439.5400085449219,424.82000732421875,430.9200134277344,265039500,Energy_Index
2009-12-07,425.9700012207031,430.6000061035156,425.42999267578125,427.45001220703125,146794500,Energy_Index
2009-12-08,418.75,426.05999755859375,416.69000244140625,426.05999755859375,218920200,Energy_Index
2009-12-09,419.2900085449219,422.55999755859375,414.17999267578125,418.7099914550781,220491000,Energy_Index
2009-12-10,422.9700012207031,424.7300109863281,419.2900085449219,419.2900085449219,246915800,Energy_Index
2009-12-11,423.3500061035156,425.6099853515625,420.7099914550781,422.94000244140625,189633800,Energy_Index
2009-12-14,424.07000732421875,427.739990234375,420.989990234375,423.3500061035156,427703300,Energy_Index
2009-12-15,424.42999267578125,427.2099914550781,422.92999267578125,424.07000732421875,292062500,Energy_Index
2009-12-16,426.42999267578125,431.1000061035156,424.42999267578125,424.42999267578125,279334400,Energy_Index
2009-12-17,423.42999267578125,426.79998779296875,422.260009765625,426.4200134277344,253012300,Energy_Index
2009-12-18,424.6000061035156,428.1700134277344,422.3900146484375,423.42999267578125,328616800,Energy_Index
2009-12-21,429.1400146484375,430.57000732421875,424.6000061035156,424.6000061035156,136005300,Energy_Index
2009-12-22,431.05999755859375,432.5899963378906,429.1400146484375,429.1400146484375,243217500,Energy_Index
2009-12-23,433.1099853515625,434.3800048828125,431.0400085449219,431.05999755859375,150008900,Energy_Index
2009-12-24,435.20001220703125,435.739990234375,433.1099853515625,433.1099853515625,59276600,Energy_Index
2009-12-28,436.42999267578125,438.3399963378906,434.70001220703125,435.20001220703125,128291700,Energy_Index
2009-12-29,434.0400085449219,438.04998779296875,432.95001220703125,436.3999938964844,93469000,Energy_Index
2009-12-30,433.6700134277344,433.8699951171875,430.9700012207031,433.4599914550781,123412100,Energy_Index
2009-12-31,429.95001220703125,435.1700134277344,429.7300109863281,433.6700134277344,113674400,Energy_Index
2010-01-04,442.0799865722656,442.1099853515625,429.95001220703125,429.95001220703125,232188400,Energy_Index
2010-01-05,445.6000061035156,445.69000244140625,440.69000244140625,442.0799865722656,260360000,Energy_Index
2010-01-06,450.20001220703125,451.1700134277344,444.510009765625,445.6000061035156,276306700,Energy_Index
2010-01-07,449.20001220703125,450.20001220703125,445.1199951171875,450.20001220703125,202070700,Energy_Index
2010-01-08,451.4700012207031,451.4700012207031,446.2200012207031,449.20001220703125,209658700,Energy_Index
2010-01-11,451.989990234375,455.4700012207031,448.5400085449219,451.4700012207031,230907700,Energy_Index
2010-01-12,445.739990234375,451.989990234375,443.7300109863281,451.989990234375,155382600,Energy_Index
2010-01-13,447.489990234375,448.6000061035156,440.1700134277344,445.7200012207031,218747700,Energy_Index
2010-01-14,448.260009765625,448.8900146484375,445.3800048828125,447.489990234375,180446900,Energy_Index
2010-01-15,444.7799987792969,448.4100036621094,441.75,448.260009765625,238339000,Energy_Index
2010-01-19,448.5799865722656,448.82000732421875,442.5199890136719,444.7799987792969,235509000,Energy_Index
2010-01-20,440.7900085449219,448.55999755859375,438.0799865722656,448.55999755859375,247196500,Energy_Index
2010-01-21,432.0,442.2699890136719,431.1700134277344,440.7900085449219,309696100,Energy_Index
2010-01-22,422.55999755859375,432.8599853515625,422.0,432.0,320593900,Energy_Index
2010-01-25,425.1700134277344,429.1199951171875,422.55999755859375,422.55999755859375,230624500,Energy_Index
2010-01-26,423.1199951171875,429.5899963378906,420.3800048828125,425.1700134277344,275023400,Energy_Index
2010-01-27,420.6700134277344,424.9599914550781,415.0899963378906,423.1199951171875,301659900,Energy_Index
2010-01-28,416.4100036621094,424.07000732421875,411.82000732421875,420.6499938964844,281487400,Energy_Index
2010-01-29,410.57000732421875,423.3500061035156,408.1700134277344,416.4100036621094,318762000,Energy_Index
2010-02-01,422.6700134277344,423.1099853515625,410.57000732421875,410.57000732421875,235350200,Energy_Index
2010-02-02,427.1199951171875,428.05999755859375,421.67999267578125,422.6700134277344,164954800,Energy_Index
2010-02-03,425.4100036621094,430.4200134277344,424.0899963378906,428.6499938964844,216373800,Energy_Index
2010-02-04,408.8299865722656,425.3900146484375,408.3500061035156,425.3900146484375,298097600,Energy_Index
2010-02-05,408.3500061035156,409.8900146484375,397.70001220703125,408.82000732421875,351607500,Energy_Index
2010-02-08,404.6499938964844,412.79998779296875,404.5299987792969,407.5899963378906,232728200,Energy_Index
2010-02-09,412.7300109863281,417.2200012207031,404.6499938964844,404.6499938964844,282480100,Energy_Index
2010-02-10,410.57000732421875,412.7200012207031,404.80999755859375,412.6199951171875,230876500,Energy_Index
2010-02-11,417.05999755859375,417.5199890136719,408.20001220703125,410.55999755859375,223126300,Energy_Index
2010-02-12,414.739990234375,416.3699951171875,408.7699890136719,416.3699951171875,213340000,Energy_Index
2010-02-16,425.7699890136719,426.67999267578125,414.739990234375,414.739990234375,240760300,Energy_Index
2010-02-17,424.29998779296875,427.20001220703125,422.05999755859375,425.7699890136719,220075700,Energy_Index
2010-02-18,426.42999267578125,427.239990234375,421.57000732421875,424.0199890136719,229109500,Energy_Index
2010-02-19,427.1300048828125,428.8399963378906,423.0199890136719,426.42999267578125,272520500,Energy_Index
2010-02-22,421.510009765625,427.1700134277344,420.69000244140625,427.1300048828125,425314500,Energy_Index
2010-02-23,415.1700134277344,421.510009765625,413.79998779296875,421.510009765625,318629600,Energy_Index
2010-02-24,418.3699951171875,419.5,414.3500061035156,415.1700134277344,256554800,Energy_Index
2010-02-25,417.6199951171875,418.3699951171875,409.2799987792969,418.3699951171875,243467700,Energy_Index
2010-02-26,418.2699890136719,419.9200134277344,415.3800048828125,417.5899963378906,220174700,Energy_Index
2010-03-01,422.25,423.0,418.2699890136719,418.2699890136719,225588400,Energy_Index
2010-03-02,425.5799865722656,427.9700012207031,422.25,422.25,256088100,Energy_Index
2010-03-03,426.3900146484375,429.92999267578125,425.5799865722656,425.5799865722656,243179100,Energy_Index
2010-03-04,424.7699890136719,428.0899963378906,422.7699890136719,426.3900146484375,244304600,Energy_Index
2010-03-05,432.4599914550781,432.8299865722656,424.7699890136719,424.7699890136719,249418100,Energy_Index
2010-03-08,431.7699890136719,434.2900085449219,429.9100036621094,432.3399963378906,206622000,Energy_Index
2010-03-09,432.0400085449219,434.4100036621094,429.6400146484375,431.7699890136719,305186500,Energy_Index
2010-03-10,434.7699890136719,435.7900085449219,430.5400085449219,431.989990234375,269575600,Energy_Index
2010-03-11,434.70001220703125,435.17999267578125,432.6600036621094,434.7300109863281,197182400,Energy_Index
2010-03-12,434.4200134277344,436.54998779296875,432.5899963378906,434.70001220703125,203220300,Energy_Index
2010-03-15,430.2699890136719,434.4200134277344,426.2699890136719,434.4200134277344,214152300,Energy_Index
2010-03-16,433.9599914550781,434.3299865722656,429.2900085449219,430.2699890136719,250686700,Energy_Index
2010-03-17,438.739990234375,441.30999755859375,433.9599914550781,433.9599914550781,296863700,Energy_Index
2010-03-18,433.6400146484375,439.45001220703125,431.1300048828125,438.739990234375,270275100,Energy_Index
2010-03-19,429.5400085449219,434.7799987792969,425.4100036621094,433.6400146484375,353771300,Energy_Index
2010-03-22,428.20001220703125,429.80999755859375,422.6700134277344,429.5400085449219,259896000,Energy_Index
2010-03-23,429.6199951171875,429.7699890136719,426.2300109863281,428.20001220703125,252957000,Energy_Index
2010-03-24,426.7900085449219,430.2699890136719,425.9800109863281,429.6199951171875,264344800,Energy_Index
2010-03-25,420.45001220703125,430.29998779296875,420.1499938964844,426.7900085449219,290810500,Energy_Index
2010-03-26,421.2200012207031,423.489990234375,418.54998779296875,420.45001220703125,328576400,Energy_Index
2010-03-29,428.6199951171875,429.2300109863281,421.19000244140625,421.19000244140625,262601900,Energy_Index
2010-03-30,428.6300048828125,429.5899963378906,426.55999755859375,428.6000061035156,226476100,Energy_Index
2010-03-31,430.30999755859375,432.0400085449219,427.489990234375,428.6300048828125,264411400,Energy_Index
2010-04-01,437.3399963378906,437.94000244140625,430.30999755859375,430.30999755859375,234863900,Energy_Index
2010-04-05,444.5299987792969,445.1300048828125,437.3399963378906,437.3399963378906,227085500,Energy_Index
2010-04-06,444.5899963378906,445.9100036621094,442.3999938964844,444.5299987792969,240050500,Energy_Index
2010-04-07,440.1499938964844,444.5899963378906,438.07000732421875,444.5899963378906,280675200,Energy_Index
2010-04-08,442.80999755859375,443.8900146484375,435.6300048828125,440.1499938964844,238957800,Energy_Index
2010-04-09,447.7200012207031,448.2200012207031,442.80999755859375,442.80999755859375,219422800,Energy_Index
2010-04-12,449.04998779296875,451.30999755859375,447.1199951171875,447.7200012207031,190999700,Energy_Index
2010-04-13,446.9700012207031,449.19000244140625,442.9100036621094,449.04998779296875,219720500,Energy_Index
2010-04-14,451.17999267578125,451.260009765625,445.7200012207031,446.9599914550781,215414800,Energy_Index
2010-04-15,451.1400146484375,452.3599853515625,449.2799987792969,451.17999267578125,216406900,Energy_Index
2010-04-16,444.25,451.1400146484375,441.8699951171875,451.1400146484375,319042600,Energy_Index
2010-04-19,445.04998779296875,445.3999938964844,439.7799987792969,444.25,242236900,Energy_Index
2010-04-20,453.57000732421875,454.8999938964844,445.0299987792969,445.0299987792969,242603400,Energy_Index
2010-04-21,452.82000732421875,456.1400146484375,449.67999267578125,453.57000732421875,217014000,Energy_Index
2010-04-22,452.510009765625,453.20001220703125,446.239990234375,452.82000732421875,229067400,Energy_Index
2010-04-23,462.8900146484375,463.0,452.3900146484375,452.510009765625,276692500,Energy_Index
2010-04-26,461.8900146484375,464.739990234375,461.239990234375,462.8900146484375,218744100,Energy_Index
2010-04-27,449.0400085449219,462.7200012207031,448.2799987792969,461.8900146484375,321531500,Energy_Index
2010-04-28,453.8800048828125,455.1000061035156,448.260009765625,449.0400085449219,270138100,Energy_Index
2010-04-29,454.3800048828125,459.4800109863281,452.3699951171875,453.8399963378906,436034400,Energy_Index
2010-04-30,449.3699951171875,455.7200012207031,447.1000061035156,454.3900146484375,472123700,Energy_Index
2010-05-03,453.6199951171875,457.1400146484375,446.2799987792969,449.3699951171875,343842400,Energy_Index
2010-05-04,441.82000732421875,453.6199951171875,437.5400085449219,453.6199951171875,299337700,Energy_Index
2010-05-05,435.29998779296875,441.82000732421875,432.4800109863281,441.82000732421875,325316100,Energy_Index
2010-05-06,420.4599914550781,436.1300048828125,395.4800109863281,435.25,465005000,Energy_Index
2010-05-07,414.0400085449219,424.9800109863281,409.5899963378906,420.4599914550781,469619100,Energy_Index
2010-05-10,430.4100036621094,432.1099853515625,414.0400085449219,414.0400085449219,375271800,Energy_Index
2010-05-11,427.010009765625,433.260009765625,425.80999755859375,429.6300048828125,322422000,Energy_Index
2010-05-12,432.42999267578125,433.55999755859375,426.92999267578125,426.92999267578125,260350300,Energy_Index
2010-05-13,429.0899963378906,434.6000061035156,427.7900085449219,432.42999267578125,253909400,Energy_Index
2010-05-14,420.6400146484375,429.0799865722656,415.1199951171875,429.0799865722656,293958400,Energy_Index
2010-05-17,416.6400146484375,422.5299987792969,408.5299987792969,420.0199890136719,308927700,Energy_Index
2010-05-18,413.5899963378906,425.2900085449219,411.69000244140625,416.6400146484375,298459200,Energy_Index
2010-05-19,409.4800109863281,414.54998779296875,403.4700012207031,413.5899963378906,330237300,Energy_Index
2010-05-20,391.3299865722656,409.1700134277344,391.0899963378906,409.1700134277344,455645800,Energy_Index
2010-05-21,398.0299987792969,398.3699951171875,384.45001220703125,391.3299865722656,412808600,Energy_Index
2010-05-24,389.3900146484375,398.0299987792969,389.010009765625,398.0299987792969,273089700,Energy_Index
2010-05-25,382.5799865722656,389.3900146484375,377.07000732421875,389.3900146484375,253763400,Energy_Index
2010-05-26,388.1000061035156,396.75,387.0,389.1199951171875,327418100,Energy_Index
2010-05-27,404.3900146484375,404.6700134277344,388.07000732421875,388.07000732421875,337112600,Energy_Index
2010-05-28,396.30999755859375,404.29998779296875,394.2099914550781,404.29998779296875,349743200,Energy_Index
2010-06-01,379.4700012207031,396.30999755859375,379.30999755859375,396.30999755859375,468359300,Energy_Index
2010-06-02,395.7200012207031,395.7200012207031,379.4700012207031,379.4700012207031,404777300,Energy_Index
2010-06-03,400.0199890136719,400.69000244140625,391.1000061035156,395.7200012207031,390004800,Energy_Index
2010-06-04,386.2200012207031,400.0199890136719,383.55999755859375,400.0199890136719,407148300,Energy_Index
2010-06-07,383.1600036621094,391.7900085449219,382.7300109863281,386.20001220703125,300705000,Energy_Index
2010-06-08,390.3599853515625,391.3699951171875,381.20001220703125,383.04998779296875,374507900,Energy_Index
2010-06-09,385.3699951171875,398.7699890136719,383.94000244140625,390.30999755859375,377949300,Energy_Index
2010-06-10,404.2900085449219,404.739990234375,385.3699951171875,385.3699951171875,319421800,Energy_Index
2010-06-11,406.04998779296875,406.1400146484375,399.94000244140625,404.260009765625,217336400,Energy_Index
2010-06-14,403.989990234375,413.3999938964844,403.6700134277344,406.0299987792969,264572800,Energy_Index
2010-06-15,414.92999267578125,415.2200012207031,403.989990234375,403.989990234375,243913400,Energy_Index
2010-06-16,414.32000732421875,416.7300109863281,410.239990234375,414.92999267578125,243003800,Energy_Index
2010-06-17,414.5299987792969,415.2799987792969,410.239990234375,414.32000732421875,221759900,Energy_Index
2010-06-18,417.0899963378906,417.79998779296875,412.010009765625,414.5299987792969,269948400,Energy_Index
2010-06-21,416.1099853515625,425.0899963378906,413.55999755859375,417.0899963378906,245489900,Energy_Index
2010-06-22,404.8599853515625,416.2799987792969,403.8999938964844,416.1099853515625,274187300,Energy_Index
2010-06-23,400.9599914550781,404.8599853515625,399.25,404.8599853515625,259597700,Energy_Index
2010-06-24,392.7099914550781,401.20001220703125,391.42999267578125,400.9599914550781,271385300,Energy_Index
2010-06-25,392.5,396.44000244140625,388.6300048828125,392.7099914550781,455140800,Energy_Index
2010-06-28,387.4700012207031,393.80999755859375,387.4599914550781,392.5,223794600,Energy_Index
2010-06-29,375.6499938964844,387.45001220703125,373.489990234375,387.45001220703125,312718800,Energy_Index
2010-06-30,373.3599853515625,380.5,372.5400085449219,375.6499938964844,293269200,Energy_Index
2010-07-01,371.82000732421875,375.989990234375,365.739990234375,373.3599853515625,338783500,Energy_Index
2010-07-02,371.0799865722656,375.239990234375,367.8599853515625,371.82000732421875,224896300,Energy_Index
2010-07-06,375.0299987792969,380.3500061035156,370.8999938964844,371.0799865722656,255184100,Energy_Index
2010-07-07,387.1499938964844,387.1600036621094,374.7699890136719,375.0299987792969,286828600,Energy_Index
2010-07-08,392.2200012207031,392.8900146484375,385.739990234375,387.1499938964844,263354700,Energy_Index
2010-07-09,393.94000244140625,394.45001220703125,390.2200012207031,392.2200012207031,189828600,Energy_Index
2010-07-12,393.3999938964844,395.4800109863281,389.8299865722656,393.94000244140625,181398400,Energy_Index
2010-07-13,398.1499938964844,400.4100036621094,393.3999938964844,393.3999938964844,221751500,Energy_Index
2010-07-14,397.1300048828125,399.2699890136719,393.67999267578125,398.1300048828125,185378500,Energy_Index
2010-07-15,397.2699890136719,398.5400085449219,390.95001220703125,397.1300048828125,205853300,Energy_Index
2010-07-16,386.7699890136719,397.3399963378906,385.42999267578125,397.2699890136719,259616000,Energy_Index
2010-07-19,390.5299987792969,392.5899963378906,386.7699890136719,386.7699890136719,218219100,Energy_Index
2010-07-20,397.9700012207031,398.79998779296875,385.6000061035156,390.510009765625,230324100,Energy_Index
2010-07-21,392.6000061035156,400.05999755859375,389.1400146484375,397.9700012207031,230177300,Energy_Index
2010-07-22,401.2099914550781,404.1199951171875,392.6000061035156,392.6000061035156,227114300,Energy_Index
2010-07-23,402.29998779296875,402.4100036621094,395.54998779296875,401.2099914550781,237607500,Energy_Index
2010-07-26,406.57000732421875,406.6600036621094,401.7099914550781,402.29998779296875,182518100,Energy_Index
2010-07-27,405.07000732421875,407.9700012207031,401.7799987792969,406.57000732421875,244293700,Energy_Index
2010-07-28,404.510009765625,406.8999938964844,403.3900146484375,405.07000732421875,207312000,Energy_Index
2010-07-29,404.1600036621094,410.3999938964844,400.8999938964844,404.1600036621094,244894500,Energy_Index
2010-07-30,403.1400146484375,405.1700134277344,399.3299865722656,404.1600036621094,225160100,Energy_Index
2010-08-02,417.4800109863281,418.4100036621094,403.1400146484375,403.1400146484375,237108700,Energy_Index
2010-08-03,418.2799987792969,420.1700134277344,414.4700012207031,417.4800109863281,253466900,Energy_Index
2010-08-04,420.44000244140625,421.2300109863281,416.7099914550781,418.2799987792969,226085800,Energy_Index
2010-08-05,420.80999755859375,420.8900146484375,415.7699890136719,420.42999267578125,179811400,Energy_Index
2010-08-06,415.95001220703125,420.80999755859375,410.4700012207031,420.80999755859375,206555200,Energy_Index
2010-08-09,418.3299865722656,419.2799987792969,415.95001220703125,415.95001220703125,143397900,Energy_Index
2010-08-10,415.0199890136719,418.3299865722656,411.0400085449219,418.3299865722656,194671600,Energy_Index
2010-08-11,402.79998779296875,414.1099853515625,401.67999267578125,414.1099853515625,215011800,Energy_Index
2010-08-12,400.82000732421875,403.54998779296875,397.94000244140625,402.7799987792969,177970800,Energy_Index
2010-08-13,399.4599914550781,403.2699890136719,398.9200134277344,400.82000732421875,155261000,Energy_Index
2010-08-16,399.739990234375,400.54998779296875,395.32000732421875,399.3699951171875,155677400,Energy_Index
2010-08-17,405.5899963378906,407.6099853515625,399.20001220703125,399.20001220703125,183896100,Energy_Index
2010-08-18,401.2300109863281,405.5799865722656,398.0400085449219,405.5799865722656,171242500,Energy_Index
2010-08-19,395.20001220703125,401.2300109863281,392.9700012207031,401.2300109863281,183954700,Energy_Index
2010-08-20,390.4100036621094,395.20001220703125,387.760009765625,395.20001220703125,182699400,Energy_Index
2010-08-23,391.19000244140625,394.7300109863281,390.4100036621094,390.4100036621094,177024600,Energy_Index
2010-08-24,385.57000732421875,391.19000244140625,384.79998779296875,391.19000244140625,230146900,Energy_Index
2010-08-25,384.55999755859375,385.7799987792969,379.1000061035156,385.5400085449219,200960600,Energy_Index
2010-08-26,380.6000061035156,387.95001220703125,379.32000732421875,384.55999755859375,202265800,Energy_Index
2010-08-27,391.04998779296875,391.6400146484375,378.1400146484375,380.6000061035156,198301700,Energy_Index
2010-08-30,385.010009765625,391.4800109863281,384.8900146484375,390.9200134277344,148625500,Energy_Index
2010-08-31,384.1400146484375,386.7099914550781,381.3299865722656,385.010009765625,192481400,Energy_Index
2010-09-01,398.1300048828125,398.7799987792969,384.1400146484375,384.1400146484375,205988900,Energy_Index
2010-09-02,401.6099853515625,401.6099853515625,396.3800048828125,398.1300048828125,166602900,Energy_Index
2010-09-03,405.42999267578125,406.6000061035156,401.5899963378906,401.5899963378906,147779800,Energy_Index
2010-09-07,400.2900085449219,405.42999267578125,398.3399963378906,405.42999267578125,105046200,Energy_Index
2010-09-08,402.4100036621094,404.2099914550781,398.8900146484375,398.8900146484375,146361700,Energy_Index
2010-09-09,403.260009765625,407.6499938964844,402.2799987792969,402.4100036621094,136737200,Energy_Index
2010-09-10,407.4100036621094,407.92999267578125,403.260009765625,403.260009765625,107062200,Energy_Index
2010-09-13,409.45001220703125,410.4200134277344,407.0199890136719,407.1400146484375,170068900,Energy_Index
2010-09-14,408.3599853515625,411.57000732421875,407.0899963378906,409.44000244140625,155282200,Energy_Index
2010-09-15,407.6000061035156,408.3599853515625,403.8699951171875,408.3599853515625,156983700,Energy_Index
2010-09-16,406.0899963378906,407.5899963378906,403.739990234375,407.5899963378906,171325900,Energy_Index
2010-09-17,404.25,408.1700134277344,403.55999755859375,406.0899963378906,223590300,Energy_Index
2010-09-20,411.29998779296875,412.5199890136719,404.25,404.25,165571900,Energy_Index
2010-09-21,410.8900146484375,413.4100036621094,408.1499938964844,411.29998779296875,192979000,Energy_Index
2010-09-22,408.80999755859375,414.94000244140625,408.3999938964844,410.8900146484375,165339900,Energy_Index
2010-09-23,405.6499938964844,409.1499938964844,404.1300048828125,408.80999755859375,159813400,Energy_Index
2010-09-24,414.5199890136719,416.1000061035156,405.6499938964844,405.6499938964844,185016500,Energy_Index
2010-09-27,412.7099914550781,416.3900146484375,412.7099914550781,414.5199890136719,139245600,Energy_Index
2010-09-28,415.8999938964844,417.05999755859375,409.30999755859375,412.7099914550781,163931000,Energy_Index
2010-09-29,418.8599853515625,420.67999267578125,414.0799865722656,415.8800048828125,194814700,Energy_Index
2010-09-30,419.2699890136719,424.1300048828125,415.5,418.8599853515625,211007400,Energy_Index
2010-10-01,424.760009765625,425.67999267578125,419.2699890136719,419.2699890136719,204333400,Energy_Index
2010-10-04,420.1199951171875,425.45001220703125,417.2099914550781,424.760009765625,162326700,Energy_Index
2010-10-05,429.8699951171875,430.8999938964844,420.1199951171875,420.1199951171875,209464500,Energy_Index
2010-10-06,433.30999755859375,434.3800048828125,429.6499938964844,429.8699951171875,182752500,Energy_Index
2010-10-07,430.989990234375,435.05999755859375,428.6700134277344,433.30999755859375,108080300,Energy_Index
2010-10-08,436.6199951171875,437.6700134277344,430.4599914550781,431.70001220703125,172373300,Energy_Index
2010-10-11,437.2900085449219,439.260009765625,435.8299865722656,436.6199951171875,132567000,Energy_Index
2010-10-12,436.7799987792969,438.6600036621094,431.3500061035156,437.2900085449219,180816200,Energy_Index
2010-10-13,441.5199890136719,443.6499938964844,436.55999755859375,436.7699890136719,240612700,Energy_Index
2010-10-14,441.2799987792969,443.9100036621094,437.9800109863281,441.5199890136719,171805900,Energy_Index
2010-10-15,442.4700012207031,443.8299865722656,438.0199890136719,441.2799987792969,202000800,Energy_Index
2010-10-18,446.04998779296875,447.4100036621094,440.1300048828125,442.4700012207031,182818600,Energy_Index
2010-10-19,435.3999938964844,446.04998779296875,431.9599914550781,446.04998779296875,244363400,Energy_Index
2010-10-20,441.4700012207031,443.75,435.3800048828125,435.3800048828125,189186400,Energy_Index
2010-10-21,440.8599853515625,445.80999755859375,436.6400146484375,441.4700012207031,205858400,Energy_Index
2010-10-22,444.07000732421875,445.260009765625,440.8599853515625,440.8599853515625,169527200,Energy_Index
2010-10-25,444.489990234375,450.57000732421875,444.07000732421875,444.07000732421875,191735500,Energy_Index
2010-10-26,445.6499938964844,446.30999755859375,442.6700134277344,444.489990234375,196570200,Energy_Index
2010-10-27,442.9599914550781,445.3500061035156,437.1400146484375,445.3500061035156,216181000,Energy_Index
2010-10-28,442.8399963378906,446.8399963378906,441.2300109863281,442.9100036621094,279322500,Energy_Index
2010-10-29,442.5899963378906,443.1700134277344,439.5199890136719,442.8399963378906,219323200,Energy_Index
2010-11-01,443.8699951171875,449.29998779296875,441.6700134277344,442.5899963378906,204310100,Energy_Index
2010-11-02,448.79998779296875,450.6199951171875,443.8599853515625,443.8599853515625,200625700,Energy_Index
2010-11-03,449.67999267578125,450.25,443.42999267578125,448.7900085449219,270571800,Energy_Index
2010-11-04,462.95001220703125,463.45001220703125,449.6600036621094,449.6600036621094,283123600,Energy_Index
2010-11-05,465.1199951171875,465.260009765625,461.75,462.95001220703125,231012100,Energy_Index
2010-11-08,466.69000244140625,467.1300048828125,462.7300109863281,465.1199951171875,207234700,Energy_Index
2010-11-09,465.239990234375,471.260009765625,462.95001220703125,465.7699890136719,260604500,Energy_Index
2010-11-10,471.3399963378906,471.3599853515625,462.42999267578125,465.239990234375,229687300,Energy_Index
2010-11-11,474.8299865722656,475.07000732421875,469.6099853515625,471.3399963378906,150386900,Energy_Index
2010-11-12,469.55999755859375,476.05999755859375,465.80999755859375,476.05999755859375,214235000,Energy_Index
2010-11-15,467.3800048828125,472.3699951171875,467.260009765625,469.4800109863281,181004900,Energy_Index
2010-11-16,457.6099853515625,466.8399963378906,454.3699951171875,466.8399963378906,232737200,Energy_Index
2010-11-17,459.42999267578125,462.05999755859375,455.489990234375,457.6099853515625,165376900,Energy_Index
2010-11-18,469.2900085449219,470.19000244140625,459.42999267578125,459.42999267578125,194112600,Energy_Index
2010-11-19,472.25,472.45001220703125,464.1499938964844,469.2900085449219,189238500,Energy_Index
2010-11-22,470.42999267578125,472.25,461.6600036621094,472.25,183443600,Energy_Index
2010-11-23,461.54998779296875,470.42999267578125,457.5799865722656,470.42999267578125,192612500,Energy_Index
2010-11-24,469.6000061035156,470.0199890136719,461.54998779296875,461.54998779296875,148662000,Energy_Index
2010-11-26,464.20001220703125,469.6000061035156,462.9200134277344,469.6000061035156,60340400,Energy_Index
2010-11-29,464.7200012207031,464.7200012207031,457.5,464.1000061035156,105934800,Energy_Index
2010-11-30,465.2099914550781,468.70001220703125,459.8299865722656,466.6000061035156,217503400,Energy_Index
2010-12-01,478.75,480.0299987792969,465.1600036621094,465.1600036621094,211288800,Energy_Index
2010-12-02,485.07000732421875,485.5199890136719,478.7300109863281,478.75,196450600,Energy_Index
2010-12-03,487.239990234375,487.7900085449219,483.489990234375,485.07000732421875,186260200,Energy_Index
2010-12-06,488.5299987792969,489.8599853515625,486.3900146484375,487.2300109863281,163598200,Energy_Index
2010-12-07,487.32000732421875,495.2699890136719,486.5899963378906,488.5299987792969,223816400,Energy_Index
2010-12-08,485.7699890136719,490.3800048828125,483.0,487.17999267578125,193902400,Energy_Index
2010-12-09,487.20001220703125,488.9800109863281,483.0299987792969,485.7699890136719,147673800,Energy_Index
2010-12-10,488.94000244140625,489.260009765625,486.1300048828125,487.20001220703125,146076600,Energy_Index
2010-12-13,496.2200012207031,496.7200012207031,488.9100036621094,488.9100036621094,125162800,Energy_Index
2010-12-14,491.25,494.739990234375,489.5199890136719,492.79998779296875,159449600,Energy_Index
2010-12-15,488.010009765625,492.45001220703125,487.489990234375,491.25,176361800,Energy_Index
2010-12-16,491.4599914550781,491.4800109863281,485.45001220703125,488.0,161416000,Energy_Index
2010-12-17,490.75,491.92999267578125,488.94000244140625,491.4599914550781,219698000,Energy_Index
2010-12-20,494.2200012207031,495.5299987792969,490.3399963378906,490.75,188362000,Energy_Index
2010-12-21,498.5199890136719,499.32000732421875,494.2200012207031,494.2200012207031,147378200,Energy_Index
2010-12-22,500.5199890136719,500.7799987792969,498.5199890136719,498.5199890136719,118376400,Energy_Index
2010-12-23,501.9800109863281,502.3699951171875,499.79998779296875,500.5199890136719,98267200,Energy_Index
2010-12-27,500.1600036621094,501.9800109863281,498.6499938964844,501.9800109863281,76612200,Energy_Index
2010-12-28,502.5899963378906,503.0799865722656,499.8500061035156,500.1600036621094,56756600,Energy_Index
2010-12-29,506.3800048828125,508.0899963378906,502.3599853515625,502.3599853515625,105427400,Energy_Index
2010-12-30,507.04998779296875,509.05999755859375,505.25,506.3699951171875,75034800,Energy_Index
2010-12-31,506.75,509.2699890136719,505.44000244140625,506.9599914550781,99524400,Energy_Index
2011-01-03,513.3599853515625,514.4299926757812,506.75,506.75,98846400,Energy_Index
2011-01-04,508.4100036621094,513.469970703125,503.7200012207031,511.5400085449219,191928000,Energy_Index
2011-01-05,508.9599914550781,510.3599853515625,503.6499938964844,508.4100036621094,132136400,Energy_Index
2011-01-06,505.79998779296875,511.0199890136719,503.7699890136719,509.4800109863281,198522600,Energy_Index
2011-01-07,506.9200134277344,510.4800109863281,504.739990234375,505.79998779296875,117571000,Energy_Index
2011-01-10,507.0299987792969,509.1000061035156,503.5400085449219,509.1000061035156,170364800,Energy_Index
2011-01-11,514.97998046875,515.1199951171875,507.0299987792969,507.0299987792969,182428400,Energy_Index
2011-01-12,521.1400146484375,521.719970703125,514.9600219726562,514.9600219726562,186398600,Energy_Index
2011-01-13,520.0800170898438,523.010009765625,518.010009765625,521.1400146484375,241287600,Energy_Index
2011-01-14,524.2899780273438,524.3900146484375,517.4400024414062,520.0800170898438,117812600,Energy_Index
2011-01-18,529.6799926757812,530.030029296875,524.6099853515625,526.0800170898438,178927600,Energy_Index
2011-01-19,525.1300048828125,530.6599731445312,524.7000122070312,529.6599731445312,134867600,Energy_Index
2011-01-20,520.6400146484375,524.2899780273438,513.6300048828125,524.2899780273438,244829000,Energy_Index
2011-01-21,524.4299926757812,527.010009765625,520.6400146484375,520.6400146484375,149029200,Energy_Index
2011-01-24,525.4099731445312,526.5800170898438,521.6500244140625,524.22998046875,193207800,Energy_Index
2011-01-25,520.4199829101562,525.4099731445312,518.6300048828125,525.4099731445312,167113600,Energy_Index
2011-01-26,535.3400268554688,536.6900024414062,523.9299926757812,523.9299926757812,254866800,Energy_Index
2011-01-27,532.5700073242188,536.3499755859375,530.1400146484375,535.3400268554688,160652800,Energy_Index
2011-01-28,530.3099975585938,534.3699951171875,528.97998046875,532.9400024414062,272400400,Energy_Index
2011-01-31,541.6199951171875,543.0399780273438,530.3099975585938,530.3099975585938,194611800,Energy_Index
2011-02-01,554.1300048828125,554.75,543.8400268554688,543.8400268554688,280193200,Energy_Index
2011-02-02,555.719970703125,557.1199951171875,550.719970703125,554.1099853515625,137252600,Energy_Index
2011-02-03,554.2000122070312,554.5700073242188,547.1799926757812,553.8900146484375,204957000,Energy_Index
2011-02-04,552.510009765625,555.3300170898438,549.739990234375,554.1900024414062,203234600,Energy_Index
2011-02-07,556.489990234375,559.4099731445312,552.510009765625,552.510009765625,144432400,Energy_Index
2011-02-08,552.7100219726562,554.989990234375,548.9000244140625,554.8900146484375,190742400,Energy_Index
2011-02-09,544.1199951171875,552.7000122070312,543.030029296875,552.7000122070312,117048600,Energy_Index
2011-02-10,551.280029296875,552.0900268554688,542.72998046875,546.239990234375,204332600,Energy_Index
2011-02-11,550.1699829101562,554.6599731445312,547.6599731445312,551.260009765625,123142600,Energy_Index
2011-02-14,562.7000122070312,563.4199829101562,550.2899780273438,550.3400268554688,215563000,Energy_Index
2011-02-15,556.3699951171875,562.7000122070312,554.0599975585938,562.7000122070312,197018600,Energy_Index
2011-02-16,561.5700073242188,563.7999877929688,556.3699951171875,556.3699951171875,155564000,Energy_Index
2011-02-17,568.0,568.97998046875,561.8699951171875,563.02001953125,284909200,Energy_Index
2011-02-18,569.3800048828125,572.0800170898438,565.7899780273438,568.0,151048000,Energy_Index
2011-02-22,568.0999755859375,579.97998046875,564.5499877929688,571.280029296875,224275000,Energy_Index
2011-02-23,578.5499877929688,582.52001953125,567.510009765625,567.510009765625,317604400,Energy_Index
2011-02-24,570.4600219726562,580.530029296875,567.4000244140625,578.5499877929688,286830800,Energy_Index
2011-02-25,577.5,577.530029296875,570.3599853515625,570.4600219726562,145110000,Energy_Index
2011-02-28,580.6699829101562,583.0,576.4600219726562,577.3400268554688,215492800,Energy_Index
2011-03-01,574.2999877929688,585.0499877929688,573.2100219726562,580.6699829101562,178985200,Energy_Index
2011-03-02,574.6500244140625,575.6500244140625,566.02001953125,571.7899780273438,206923000,Energy_Index
2011-03-03,582.719970703125,582.9000244140625,574.6500244140625,574.6500244140625,133799600,Energy_Index
2011-03-04,579.780029296875,584.1699829101562,575.5800170898438,583.52001953125,188570400,Energy_Index
2011-03-07,576.4500122070312,586.530029296875,573.8599853515625,579.77001953125,121717600,Energy_Index
2011-03-08,571.9000244140625,576.1799926757812,566.780029296875,575.4099731445312,168323400,Energy_Index
2011-03-09,569.2000122070312,573.3800048828125,566.1900024414062,571.8599853515625,102687600,Energy_Index
2011-03-10,547.6400146484375,568.2899780273438,546.3099975585938,568.2899780273438,260218400,Energy_Index
2011-03-11,556.5700073242188,560.4500122070312,542.0999755859375,547.6099853515625,186092600,Energy_Index
2011-03-14,555.280029296875,557.9099731445312,550.6199951171875,556.5700073242188,150682200,Energy_Index
2011-03-15,554.3599853515625,558.8900146484375,540.4099731445312,558.8900146484375,244888000,Energy_Index
2011-03-16,542.280029296875,559.2100219726562,540.469970703125,554.3599853515625,198250400,Energy_Index
2011-03-17,560.8200073242188,563.0999755859375,544.2100219726562,544.2100219726562,227851800,Energy_Index
2011-03-18,558.6300048828125,568.780029296875,557.7100219726562,560.8200073242188,272352800,Energy_Index
2011-03-21,573.760009765625,574.8699951171875,558.6300048828125,558.6300048828125,118927200,Energy_Index
2011-03-22,573.2999877929688,576.530029296875,571.6799926757812,574.8699951171875,165177600,Energy_Index
2011-03-23,573.6799926757812,574.8400268554688,569.9000244140625,573.2999877929688,98669200,Energy_Index
2011-03-24,576.1099853515625,577.7999877929688,571.7999877929688,574.6300048828125,180074200,Energy_Index
2011-03-25,581.4199829101562,583.1500244140625,575.5399780273438,576.1099853515625,191357400,Energy_Index
2011-03-28,584.219970703125,586.5,579.4099731445312,581.4199829101562,114390600,Energy_Index
2011-03-29,586.6699829101562,588.02001953125,577.760009765625,580.6799926757812,194334600,Energy_Index
2011-03-30,592.6799926757812,593.760009765625,586.6599731445312,586.6599731445312,135183000,Energy_Index
2011-03-31,589.3099975585938,597.8499755859375,589.0999755859375,591.3400268554688,194455200,Energy_Index
2011-04-01,592.1699829101562,595.3400268554688,589.3099975585938,589.3099975585938,114186600,Energy_Index
2011-04-04,591.5499877929688,594.4099731445312,590.5499877929688,591.6599731445312,144863200,Energy_Index
2011-04-05,595.6500244140625,596.030029296875,590.280029296875,591.5499877929688,95970400,Energy_Index
2011-04-06,587.969970703125,597.3300170898438,586.030029296875,593.5700073242188,165636400,Energy_Index
2011-04-07,589.1300048828125,590.780029296875,583.9400024414062,587.969970703125,172718000,Energy_Index
2011-04-08,591.1799926757812,594.8699951171875,588.0399780273438,589.1300048828125,180939200,Energy_Index
2011-04-11,584.6799926757812,592.3900146484375,583.8900146484375,591.1799926757812,91978400,Energy_Index
2011-04-12,562.9299926757812,580.27001953125,559.6500244140625,580.27001953125,254926200,Energy_Index
2011-04-13,564.4099731445312,569.010009765625,560.4000244140625,562.9099731445312,124768000,Energy_Index
2011-04-14,567.8800048828125,569.8300170898438,559.530029296875,564.469970703125,192384600,Energy_Index
2011-04-15,573.0599975585938,573.9199829101562,565.8200073242188,567.8800048828125,186779800,Energy_Index
2011-04-18,564.3499755859375,573.0599975585938,558.6799926757812,573.0599975585938,187968000,Energy_Index
2011-04-19,569.9199829101562,571.3900146484375,564.010009765625,564.3300170898438,123844600,Energy_Index
2011-04-20,582.97998046875,583.27001953125,570.5,570.5,185568600,Energy_Index
2011-04-21,585.1500244140625,586.9500122070312,582.3900146484375,582.97998046875,124444800,Energy_Index
2011-04-25,583.3900146484375,586.7899780273438,580.1500244140625,586.739990234375,125209600,Energy_Index
2011-04-26,588.1300048828125,590.02001953125,583.1699829101562,583.3900146484375,106882600,Energy_Index
2011-04-27,590.0399780273438,591.6199951171875,580.52001953125,590.1099853515625,214791400,Energy_Index
2011-04-28,587.5,590.1300048828125,584.1099853515625,590.02001953125,134989200,Energy_Index
2011-04-29,598.02001953125,598.0999755859375,588.8699951171875,589.0999755859375,194142600,Energy_Index
2011-05-02,590.2000122070312,599.7000122070312,586.719970703125,598.02001953125,203304400,Energy_Index
2011-05-03,575.030029296875,590.2000122070312,573.5999755859375,590.2000122070312,160885400,Energy_Index
2011-05-04,567.25,576.3099975585938,561.9299926757812,576.3099975585938,255835200,Energy_Index
2011-05-05,552.260009765625,567.2000122070312,549.8499755859375,567.2000122070312,220652200,Energy_Index
2011-05-06,556.4600219726562,568.6900024414062,551.219970703125,554.4400024414062,238157000,Energy_Index
2011-05-09,566.3400268554688,566.969970703125,556.4600219726562,556.4600219726562,115668200,Energy_Index
2011-05-10,568.0599975585938,570.489990234375,561.280029296875,565.4000244140625,177872000,Energy_Index
2011-05-11,551.3400268554688,567.1099853515625,547.5800170898438,567.1099853515625,239426800,Energy_Index
2011-05-12,550.989990234375,554.8200073242188,540.6900024414062,551.3400268554688,233808600,Energy_Index
2011-05-13,548.6400146484375,555.510009765625,543.530029296875,550.97998046875,214091400,Energy_Index
2011-05-16,544.22998046875,554.2100219726562,542.8699951171875,548.5499877929688,194961200,Energy_Index
2011-05-17,543.1500244140625,546.02001953125,537.22998046875,543.6400146484375,183041000,Energy_Index
2011-05-18,554.0800170898438,557.8800048828125,543.3599853515625,543.3599853515625,211357200,Energy_Index
2011-05-19,551.219970703125,558.77001953125,549.9400024414062,553.72998046875,122875200,Energy_Index
2011-05-20,553.3200073242188,557.8200073242188,547.0999755859375,554.77001953125,215176200,Energy_Index
2011-05-23,547.4199829101562,553.3200073242188,542.0,553.3200073242188,123384000,Energy_Index
2011-05-24,552.4400024414062,557.9199829101562,545.1400146484375,545.1400146484375,235502400,Energy_Index
2011-05-25,560.469970703125,563.3400268554688,549.9299926757812,552.4400024414062,233375400,Energy_Index
2011-05-26,563.4500122070312,564.6799926757812,556.1599731445312,560.469970703125,126993000,Energy_Index
2011-05-27,562.760009765625,570.0399780273438,562.0700073242188,563.2999877929688,100533200,Energy_Index
2011-05-31,570.469970703125,573.97998046875,564.5399780273438,564.5999755859375,209495000,Energy_Index
2011-06-01,557.3099975585938,571.1099853515625,555.8800048828125,570.469970703125,217306000,Energy_Index
2011-06-02,556.3200073242188,561.0,550.72998046875,557.3099975585938,201266800,Energy_Index
2011-06-03,556.489990234375,561.5599975585938,547.9600219726562,556.3200073242188,184044000,Energy_Index
2011-06-06,545.219970703125,557.219970703125,543.8800048828125,556.47998046875,183209000,Energy_Index
2011-06-07,544.5399780273438,551.9000244140625,544.25,545.219970703125,179964000,Energy_Index
2011-06-08,546.8400268554688,553.030029296875,544.3400268554688,544.3400268554688,186441600,Energy_Index
2011-06-09,553.5999755859375,556.7100219726562,546.8400268554688,546.8400268554688,169047600,Energy_Index
2011-06-10,543.2000122070312,553.5999755859375,542.5800170898438,553.5999755859375,189714200,Energy_Index
2011-06-13,535.780029296875,547.719970703125,531.1799926757812,543.1699829101562,198350200,Energy_Index
2011-06-14,548.530029296875,548.989990234375,535.77001953125,535.77001953125,124225800,Energy_Index
2011-06-15,534.239990234375,546.4299926757812,531.5,546.4299926757812,213215400,Energy_Index
2011-06-16,535.6400146484375,539.8300170898438,530.6400146484375,534.239990234375,208744800,Energy_Index
2011-06-17,534.6599731445312,540.8599853515625,532.6599731445312,535.6400146484375,143018600,Energy_Index
2011-06-20,536.239990234375,537.510009765625,530.5999755859375,534.25,177972800,Energy_Index
2011-06-21,546.030029296875,548.6400146484375,536.239990234375,536.239990234375,175265000,Energy_Index
2011-06-22,543.6799926757812,550.6699829101562,542.3200073242188,546.030029296875,172302000,Energy_Index
2011-06-23,537.4000244140625,543.6799926757812,524.3800048828125,543.6799926757812,245595400,Energy_Index
2011-06-24,527.0499877929688,538.1900024414062,526.8099975585938,537.4000244140625,274073000,Energy_Index
2011-06-27,530.7999877929688,533.8499755859375,524.9000244140625,527.0499877929688,179321000,Energy_Index
2011-06-28,545.1300048828125,545.4199829101562,530.7999877929688,530.7999877929688,183892600,Energy_Index
2011-06-29,551.1400146484375,554.6199951171875,544.5,545.1099853515625,211164000,Energy_Index
2011-06-30,559.4600219726562,559.7999877929688,551.1400146484375,551.1400146484375,186456600,Energy_Index
2011-07-01,564.8599853515625,565.280029296875,553.7899780273438,559.4600219726562,169709400,Energy_Index
2011-07-05,567.4299926757812,569.739990234375,563.5999755859375,564.8599853515625,178113000,Energy_Index
2011-07-06,566.4199829101562,567.4299926757812,561.9400024414062,567.4299926757812,170997000,Energy_Index
2011-07-07,574.1099853515625,575.5599975585938,566.4199829101562,566.4199829101562,197673200,Energy_Index
2011-07-08,569.0499877929688,574.1099853515625,564.8300170898438,574.1099853515625,127636800,Energy_Index
2011-07-11,558.5,570.1500244140625,556.25,570.1500244140625,177086600,Energy_Index
2011-07-12,556.77001953125,564.2999877929688,556.3400268554688,558.5,181547600,Energy_Index
2011-07-13,560.5800170898438,568.3900146484375,556.75,556.75,183278800,Energy_Index
2011-07-14,557.7999877929688,568.1099853515625,557.1599731445312,560.5800170898438,263653600,Energy_Index
2011-07-15,570.8400268554688,571.0700073242188,557.7999877929688,557.7999877929688,312049600,Energy_Index
2011-07-18,568.2999877929688,570.8400268554688,564.5900268554688,570.8400268554688,228813200,Energy_Index
2011-07-19,577.8699951171875,578.2999877929688,568.2999877929688,568.2999877929688,194616200,Energy_Index
2011-07-20,575.989990234375,579.239990234375,575.4199829101562,577.8499755859375,166071600,Energy_Index
2011-07-21,587.3400268554688,588.1300048828125,575.6400146484375,575.6400146484375,223758400,Energy_Index
2011-07-22,590.0900268554688,590.8099975585938,584.52001953125,587.3400268554688,162770200,Energy_Index
2011-07-25,587.27001953125,591.260009765625,582.8900146484375,590.0900268554688,168974600,Energy_Index
2011-07-26,584.2899780273438,589.5,582.7899780273438,587.27001953125,197600400,Energy_Index
2011-07-27,573.6199951171875,584.2899780273438,572.510009765625,584.2899780273438,242610000,Energy_Index
2011-07-28,569.5999755859375,576.3800048828125,568.6199951171875,573.6199951171875,224387400,Energy_Index
2011-07-29,563.02001953125,569.5999755859375,561.3400268554688,569.5999755859375,249652600,Energy_Index
2011-08-01,562.5399780273438,571.5900268554688,557.2100219726562,563.02001953125,212013800,Energy_Index
2011-08-02,553.2000122070312,564.52001953125,551.25,562.530029296875,166756800,Energy_Index
2011-08-03,544.4000244140625,547.969970703125,532.780029296875,547.469970703125,315660800,Energy_Index
2011-08-04,515.280029296875,544.3499755859375,514.6799926757812,544.3499755859375,252799400,Energy_Index
2011-08-05,506.80999755859375,518.5700073242188,486.9100036621094,507.44000244140625,473511800,Energy_Index
2011-08-08,464.8800048828125,506.80999755859375,463.57000732421875,506.80999755859375,533082400,Energy_Index
2011-08-09,486.3900146484375,486.510009765625,454.2900085449219,464.8699951171875,469189800,Energy_Index
2011-08-10,468.0,486.6400146484375,465.8399963378906,485.4800109863281,431633200,Energy_Index
2011-08-11,488.6099853515625,490.57000732421875,467.9800109863281,467.9800109863281,233534200,Energy_Index
2011-08-12,495.5299987792969,501.5199890136719,492.20001220703125,492.20001220703125,247560800,Energy_Index
2011-08-15,511.3999938964844,512.3599853515625,495.45001220703125,495.45001220703125,140452600,Energy_Index
2011-08-16,503.6499938964844,512.3400268554688,498.4599914550781,512.3400268554688,248608800,Energy_Index
2011-08-17,505.67999267578125,513.9000244140625,502.55999755859375,503.07000732421875,129935600,Energy_Index
2011-08-18,477.2200012207031,505.9599914550781,472.3399963378906,505.9599914550781,366544800,Energy_Index
2011-08-19,469.3299865722656,485.2099914550781,468.010009765625,477.2200012207031,302550600,Energy_Index
2011-08-22,466.75,480.989990234375,464.8399963378906,469.3299865722656,273584800,Energy_Index
2011-08-23,488.1300048828125,488.1300048828125,466.75,466.75,289519000,Energy_Index
2011-08-24,490.239990234375,490.69000244140625,480.6000061035156,488.0799865722656,214700000,Energy_Index
2011-08-25,479.2699890136719,495.3500061035156,476.8999938964844,490.239990234375,239797200,Energy_Index
2011-08-26,487.6199951171875,489.8299865722656,468.9100036621094,479.2699890136719,223119200,Energy_Index
2011-08-29,501.57000732421875,501.8800048828125,487.6199951171875,487.6199951171875,181058400,Energy_Index
2011-08-30,503.2099914550781,506.54998779296875,493.70001220703125,501.4100036621094,232192400,Energy_Index
2011-08-31,506.5199890136719,513.030029296875,501.9700012207031,503.2099914550781,252856200,Energy_Index
2011-09-01,502.1199951171875,513.5800170898438,501.8299865722656,506.5199890136719,223269200,Energy_Index
2011-09-02,489.3999938964844,502.1199951171875,485.3999938964844,502.1199951171875,189628000,Energy_Index
2011-09-06,483.8399963378906,489.3999938964844,470.6199951171875,489.3999938964844,236872200,Energy_Index
2011-09-07,501.5,501.5,483.69000244140625,483.69000244140625,218764200,Energy_Index
2011-09-08,495.3800048828125,505.6600036621094,492.8900146484375,501.5,228801000,Energy_Index
2011-09-09,479.2799987792969,495.3800048828125,476.3399963378906,495.3800048828125,258765600,Energy_Index
2011-09-12,481.82000732421875,481.8900146484375,468.5799865722656,479.260009765625,248208600,Energy_Index
2011-09-13,485.0299987792969,485.9599914550781,475.0299987792969,481.7900085449219,161663600,Energy_Index
2011-09-14,489.2099914550781,496.04998779296875,477.05999755859375,483.010009765625,269380200,Energy_Index
2011-09-15,499.0,499.07000732421875,489.20001220703125,489.20001220703125,201250800,Energy_Index
2011-09-16,496.19000244140625,502.3800048828125,492.6000061035156,499.0,155166400,Energy_Index
2011-09-19,491.32000732421875,498.6099853515625,482.010009765625,498.6099853515625,214382200,Energy_Index
2011-09-20,488.2900085449219,498.94000244140625,487.75,491.32000732421875,209246200,Energy_Index
2011-09-21,468.8599853515625,488.69000244140625,468.489990234375,488.2900085449219,307881000,Energy_Index
2011-09-22,444.0199890136719,468.8599853515625,436.4100036621094,468.8599853515625,427601000,Energy_Index
2011-09-23,440.57000732421875,446.7099914550781,437.2300109863281,444.0199890136719,294167200,Energy_Index
2011-09-26,456.239990234375,456.989990234375,436.42999267578125,440.57000732421875,291997400,Energy_Index
2011-09-27,463.1199951171875,474.1600036621094,456.239990234375,456.239990234375,274269600,Energy_Index
2011-09-28,449.20001220703125,467.7900085449219,448.489990234375,463.1199951171875,253627800,Energy_Index
2011-09-29,455.4700012207031,460.80999755859375,446.17999267578125,449.1700134277344,271449600,Energy_Index
2011-09-30,442.7900085449219,455.4700012207031,442.760009765625,455.4700012207031,285959800,Energy_Index
2011-10-03,431.3999938964844,442.7900085449219,429.67999267578125,442.7900085449219,200267800,Energy_Index
2011-10-04,441.75,442.7200012207031,412.7200012207031,428.25,388550200,Energy_Index
2011-10-05,451.92999267578125,453.6600036621094,438.94000244140625,441.75,233140200,Energy_Index
2011-10-06,463.7699890136719,464.2699890136719,450.489990234375,456.5,291824200,Energy_Index
2011-10-07,459.44000244140625,467.04998779296875,454.2799987792969,463.7699890136719,165688800,Energy_Index
2011-10-10,478.5400085449219,478.5400085449219,458.1000061035156,458.1000061035156,209232000,Energy_Index
2011-10-11,478.17999267578125,482.94000244140625,475.42999267578125,478.5400085449219,146638800,Energy_Index
2011-10-12,482.4599914550781,488.6600036621094,478.7699890136719,478.7699890136719,249180600,Energy_Index
2011-10-13,479.1700134277344,482.1099853515625,472.44000244140625,482.1099853515625,142913600,Energy_Index
2011-10-14,498.1700134277344,498.29998779296875,480.9700012207031,480.9700012207031,211849400,Energy_Index
2011-10-17,490.1300048828125,499.6700134277344,489.5199890136719,498.1700134277344,234278800,Energy_Index
2011-10-18,504.5,507.739990234375,484.45001220703125,489.739990234375,326185000,Energy_Index
2011-10-19,500.3999938964844,509.239990234375,500.3399963378906,504.4800109863281,179516400,Energy_Index
2011-10-20,503.1700134277344,505.30999755859375,493.92999267578125,499.8500061035156,269069400,Energy_Index
2011-10-21,509.3900146484375,513.9299926757812,503.1700134277344,503.1700134277344,174428000,Energy_Index
2011-10-24,518.25,519.4299926757812,512.2899780273438,512.3599853515625,241692800,Energy_Index
2011-10-25,507.8599853515625,518.25,505.67999267578125,518.25,278265200,Energy_Index
2011-10-26,515.0800170898438,516.4600219726562,505.2300109863281,507.8599853515625,174213600,Energy_Index
2011-10-27,539.3200073242188,543.8499755859375,519.27001953125,519.27001953125,374287600,Energy_Index
2011-10-28,540.3099975585938,543.510009765625,532.8400268554688,539.2899780273438,162014200,Energy_Index
2011-10-31,517.8499755859375,541.8499755859375,517.8499755859375,541.8499755859375,275161800,Energy_Index
2011-11-01,506.69000244140625,517.8499755859375,496.2699890136719,517.8499755859375,256822000,Energy_Index
2011-11-02,516.0499877929688,517.1099853515625,501.7300109863281,501.7300109863281,243319800,Energy_Index
2011-11-03,526.989990234375,527.6900024414062,516.0,516.0,168317000,Energy_Index
2011-11-04,528.1500244140625,529.280029296875,519.1900024414062,528.9000244140625,256028000,Energy_Index
2011-11-07,529.2899780273438,534.52001953125,522.5,528.1500244140625,131128200,Energy_Index
2011-11-08,539.1500244140625,539.8400268554688,528.4199829101562,531.010009765625,235089200,Energy_Index
2011-11-09,517.5499877929688,539.1500244140625,516.22998046875,539.1500244140625,159930000,Energy_Index
2011-11-10,525.260009765625,528.5499877929688,515.5900268554688,516.1900024414062,234170200,Energy_Index
2011-11-11,534.6500244140625,536.969970703125,525.25,525.25,140899200,Energy_Index
2011-11-14,528.4000244140625,534.7899780273438,524.0,534.7899780273438,185291000,Energy_Index
2011-11-15,527.5399780273438,532.2100219726562,524.1699829101562,528.4000244140625,129744200,Energy_Index
2011-11-16,519.5499877929688,532.1099853515625,518.6300048828125,527.0,286052200,Energy_Index
2011-11-17,508.29998779296875,522.25,504.8900146484375,519.5499877929688,203355400,Energy_Index
2011-11-18,506.0899963378906,514.1099853515625,503.04998779296875,508.5299987792969,239779400,Energy_Index
2011-11-21,497.55999755859375,506.0899963378906,490.760009765625,506.0899963378906,226974800,Energy_Index
2011-11-22,492.80999755859375,499.42999267578125,489.9700012207031,497.55999755859375,213373600,Energy_Index
2011-11-23,478.5199890136719,492.80999755859375,478.5199890136719,492.80999755859375,227256600,Energy_Index
2011-11-25,474.510009765625,482.8299865722656,474.510009765625,478.5199890136719,88063400,Energy_Index
2011-11-28,491.8599853515625,495.4700012207031,474.510009765625,474.510009765625,127345000,Energy_Index
2011-11-29,498.989990234375,503.25,491.3599853515625,491.3599853515625,209901800,Energy_Index
2011-11-30,520.5,524.5499877929688,498.94000244140625,498.94000244140625,184946400,Energy_Index
2011-12-01,522.760009765625,528.5900268554688,519.9000244140625,526.4099731445312,196491000,Energy_Index
2011-12-02,524.510009765625,529.3499755859375,522.760009765625,522.760009765625,156213200,Energy_Index
2011-12-05,528.469970703125,534.5999755859375,522.3200073242188,522.3200073242188,214936400,Energy_Index
2011-12-06,528.8599853515625,530.3300170898438,525.260009765625,528.469970703125,129479400,Energy_Index
2011-12-07,523.510009765625,528.6599731445312,521.3499755859375,528.6599731445312,143119600,Energy_Index
2011-12-08,511.5799865722656,525.030029296875,509.82000732421875,525.030029296875,248377400,Energy_Index
2011-12-09,523.5499877929688,523.9400024414062,511.5799865722656,511.5799865722656,138435800,Energy_Index
2011-12-12,510.6099853515625,522.9000244140625,504.3399963378906,522.9000244140625,205279800,Energy_Index
2011-12-13,512.469970703125,521.4500122070312,510.5799865722656,510.5799865722656,133307200,Energy_Index
2011-12-14,494.17999267578125,507.9800109863281,492.04998779296875,507.9800109863281,271683800,Energy_Index
2011-12-15,493.0299987792969,501.0799865722656,492.9599914550781,494.17999267578125,138324800,Energy_Index
2011-12-16,496.3900146484375,500.1099853515625,492.69000244140625,493.010009765625,158695800,Energy_Index
2011-12-19,489.20001220703125,498.05999755859375,488.19000244140625,497.3999938964844,186896200,Energy_Index
2011-12-20,507.260009765625,508.260009765625,489.20001220703125,489.20001220703125,117798800,Energy_Index
2011-12-21,514.4199829101562,515.5,506.239990234375,508.5199890136719,187989600,Energy_Index
2011-12-22,520.9000244140625,521.2000122070312,514.4199829101562,514.4199829101562,104919000,Energy_Index
2011-12-23,524.469970703125,524.5599975585938,520.0399780273438,520.2899780273438,98903400,Energy_Index
2011-12-27,526.4500122070312,527.5499877929688,523.7000122070312,524.469970703125,66412800,Energy_Index
2011-12-28,515.6199951171875,526.7000122070312,515.27001953125,525.489990234375,134516000,Energy_Index
2011-12-29,519.3800048828125,520.8800048828125,515.6199951171875,515.6199951171875,75633000,Energy_Index
2011-12-30,520.8099975585938,523.25,520.469970703125,521.6199951171875,120782400,Energy_Index
2012-01-03,533.77001953125,536.2999877929688,520.8099975585938,520.8099975585938,163157200,Energy_Index
2012-01-04,535.1599731445312,535.9500122070312,529.4099731445312,534.3800048828125,222425400,Energy_Index
2012-01-05,530.9299926757812,535.1599731445312,526.5399780273438,535.1599731445312,165563200,Energy_Index
2012-01-06,529.0399780273438,533.1199951171875,528.3699951171875,531.9099731445312,200091200,Energy_Index
2012-01-09,531.4099731445312,532.6300048828125,528.8599853515625,529.0399780273438,126811800,Energy_Index
2012-01-10,535.8900146484375,539.969970703125,532.0599975585938,532.0599975585938,228081200,Energy_Index
2012-01-11,528.3900146484375,535.8900146484375,527.0900268554688,535.8900146484375,186345800,Energy_Index
2012-01-12,524.3599853515625,529.030029296875,522.1400146484375,528.7999877929688,277166400,Energy_Index
2012-01-13,519.3499755859375,524.3599853515625,516.989990234375,524.3599853515625,144139400,Energy_Index
2012-01-17,526.2999877929688,529.4099731445312,522.469970703125,522.469970703125,250657000,Energy_Index
2012-01-18,532.1599731445312,532.2899780273438,522.9299926757812,526.2999877929688,176980000,Energy_Index
2012-01-19,536.4299926757812,537.8900146484375,533.6300048828125,534.219970703125,257999600,Energy_Index
2012-01-20,533.9400024414062,538.3099975585938,533.010009765625,536.4299926757812,186122800,Energy_Index
2012-01-23,540.5399780273438,541.9000244140625,537.0,537.0,278509600,Energy_Index
2012-01-24,537.8099975585938,540.5399780273438,534.260009765625,540.5399780273438,175333800,Energy_Index
2012-01-25,544.780029296875,545.8400268554688,531.7899780273438,539.0999755859375,287781600,Energy_Index
2012-01-26,538.4199829101562,547.8699951171875,537.6500244140625,544.780029296875,183204200,Energy_Index
2012-01-27,535.3400268554688,537.77001953125,533.8900146484375,537.5599975585938,223996000,Energy_Index
2012-01-30,531.2899780273438,535.3400268554688,525.9199829101562,535.3400268554688,131111400,Energy_Index
2012-01-31,528.530029296875,535.5499877929688,526.219970703125,533.0599975585938,289621600,Energy_Index
2012-02-01,532.8599853515625,534.780029296875,528.530029296875,528.530029296875,169713000,Energy_Index
2012-02-02,533.510009765625,535.4400024414062,529.1900024414062,530.9099731445312,244228800,Energy_Index
2012-02-03,543.2899780273438,543.5999755859375,533.5,533.5,244008200,Energy_Index
2012-02-06,549.3400268554688,549.4299926757812,539.5599975585938,543.2899780273438,209700200,Energy_Index
2012-02-07,552.030029296875,553.02001953125,543.010009765625,549.3300170898438,241027400,Energy_Index
2012-02-08,549.010009765625,553.1400146484375,545.72998046875,551.1199951171875,226247000,Energy_Index
2012-02-09,550.0999755859375,551.3599853515625,545.25,548.97998046875,161613400,Energy_Index
2012-02-10,542.97998046875,548.7000122070312,540.0700073242188,548.7000122070312,245971200,Energy_Index
2012-02-13,547.2999877929688,548.239990234375,542.9400024414062,542.9400024414062,153529400,Energy_Index
2012-02-14,548.530029296875,549.280029296875,543.9500122070312,547.3300170898438,197855200,Energy_Index
2012-02-15,546.77001953125,550.4299926757812,545.030029296875,547.9099731445312,246237600,Energy_Index
2012-02-16,553.3300170898438,553.989990234375,544.6799926757812,546.4400024414062,149205200,Energy_Index
2012-02-17,555.030029296875,557.4600219726562,552.010009765625,553.3900146484375,229819000,Energy_Index
2012-02-21,559.6199951171875,562.1599731445312,555.030029296875,555.030029296875,234124200,Energy_Index
2012-02-22,561.3699951171875,564.1799926757812,559.52001953125,559.6199951171875,172172000,Energy_Index
2012-02-23,563.489990234375,563.9600219726562,557.6300048828125,560.72998046875,205667800,Energy_Index
2012-02-24,565.8499755859375,567.2899780273438,563.489990234375,563.489990234375,144076800,Energy_Index
2012-02-27,563.97998046875,567.0399780273438,560.2999877929688,565.6599731445312,207286000,Energy_Index
2012-02-28,563.1400146484375,566.47998046875,560.4299926757812,563.97998046875,240637800,Energy_Index
2012-02-29,557.3599853515625,566.25,556.1799926757812,563.1400146484375,260982600,Energy_Index
2012-03-01,562.469970703125,563.4199829101562,557.3599853515625,557.3599853515625,211092800,Energy_Index
2012-03-02,555.989990234375,562.469970703125,554.3099975585938,562.469970703125,141381800,Energy_Index
2012-03-05,554.4099731445312,556.1599731445312,548.75,556.1599731445312,207860800,Energy_Index
2012-03-06,545.3699951171875,554.4099731445312,542.1500244140625,554.4099731445312,251452400,Energy_Index
2012-03-07,548.8300170898438,550.3800048828125,543.4000244140625,545.1500244140625,211002000,Energy_Index
2012-03-08,551.5599975585938,553.3599853515625,548.4000244140625,548.8300170898438,196878200,Energy_Index
2012-03-09,553.02001953125,555.5700073242188,551.5599975585938,551.5599975585938,117202800,Energy_Index
2012-03-12,549.1799926757812,550.780029296875,546.9600219726562,550.780029296875,184620200,Energy_Index
2012-03-13,556.1599731445312,556.5,547.1400146484375,549.1500244140625,212238000,Energy_Index
2012-03-14,550.5900268554688,557.0999755859375,549.2899780273438,556.1300048828125,197991600,Energy_Index
2012-03-15,551.0700073242188,553.260009765625,547.4000244140625,550.5900268554688,146596400,Energy_Index
2012-03-16,557.6900024414062,559.5700073242188,551.3099975585938,551.3099975585938,300215400,Energy_Index
2012-03-19,561.530029296875,562.1099853515625,556.5399780273438,557.6900024414062,117255800,Energy_Index
2012-03-20,552.969970703125,560.97998046875,552.3200073242188,560.97998046875,209325600,Energy_Index
2012-03-21,547.4000244140625,552.989990234375,546.0999755859375,552.969970703125,142955000,Energy_Index
2012-03-22,535.8400268554688,547.2100219726562,533.7000122070312,547.2100219726562,263151800,Energy_Index
2012-03-23,541.010009765625,542.760009765625,534.4000244140625,535.8400268554688,228250400,Energy_Index
2012-03-26,545.9500122070312,546.4000244140625,541.010009765625,541.010009765625,209313400,Energy_Index
2012-03-27,540.8300170898438,546.9299926757812,540.5999755859375,545.9500122070312,212015000,Energy_Index
2012-03-28,534.1900024414062,540.8300170898438,530.2100219726562,540.8300170898438,237215000,Energy_Index
2012-03-29,534.4199829101562,534.9600219726562,526.77001953125,534.1900024414062,239005200,Energy_Index
2012-03-30,538.5700073242188,538.6199951171875,533.5800170898438,534.4199829101562,135810800,Energy_Index
2012-04-02,543.4099731445312,547.1099853515625,535.52001953125,538.4299926757812,202483600,Energy_Index
2012-04-03,538.0599975585938,543.4099731445312,532.9400024414062,543.4099731445312,239010400,Energy_Index
2012-04-04,531.52001953125,538.0599975585938,528.7100219726562,538.0599975585938,205068400,Energy_Index
2012-04-05,528.719970703125,535.1500244140625,527.9000244140625,531.52001953125,197991800,Energy_Index
2012-04-09,521.989990234375,528.719970703125,520.3800048828125,528.719970703125,169347800,Energy_Index
2012-04-10,512.760009765625,521.989990234375,511.6600036621094,521.989990234375,171065200,Energy_Index
2012-04-11,512.0,518.7000122070312,511.3800048828125,511.8900146484375,227361000,Energy_Index
2012-04-12,522.2999877929688,523.3699951171875,511.9599914550781,511.9599914550781,153201800,Energy_Index
2012-04-13,514.3900146484375,522.6400146484375,514.1599731445312,522.6400146484375,215609000,Energy_Index
2012-04-16,515.3200073242188,518.6500244140625,511.1000061035156,514.3900146484375,155125200,Energy_Index
2012-04-17,522.0399780273438,523.8099975585938,513.0399780273438,513.0399780273438,205180600,Energy_Index
2012-04-18,520.3200073242188,523.7000122070312,519.3499755859375,522.0399780273438,207543400,Energy_Index
2012-04-19,519.530029296875,524.1300048828125,517.760009765625,520.97998046875,236874400,Energy_Index
2012-04-20,519.7000122070312,525.9199829101562,519.469970703125,519.530029296875,159264800,Energy_Index
2012-04-23,518.5,519.77001953125,509.95001220703125,519.0599975585938,223639600,Energy_Index
2012-04-24,521.4000244140625,523.2999877929688,518.47998046875,518.5,128572000,Energy_Index
2012-04-25,526.8800048828125,526.9400024414062,521.8900146484375,522.3200073242188,277152800,Energy_Index
2012-04-26,530.1099853515625,530.4500122070312,522.9099731445312,526.8800048828125,181838200,Energy_Index
2012-04-27,530.489990234375,532.8099975585938,528.5999755859375,530.739990234375,217047200,Energy_Index
2012-04-30,533.1500244140625,533.4099731445312,528.8499755859375,530.489990234375,245043200,Energy_Index
2012-05-01,543.2999877929688,544.25,533.1500244140625,533.1500244140625,211366000,Energy_Index
2012-05-02,532.0,540.6799926757812,530.780029296875,540.6799926757812,370175800,Energy_Index
2012-05-03,523.4299926757812,532.260009765625,522.6099853515625,531.9500122070312,191362600,Energy_Index
2012-05-04,512.760009765625,524.1099853515625,510.760009765625,524.1099853515625,285768800,Energy_Index
2012-05-07,511.95001220703125,514.2999877929688,506.92999267578125,512.760009765625,167200200,Energy_Index
2012-05-08,509.7699890136719,511.6499938964844,499.8800048828125,511.6499938964844,314150000,Energy_Index
2012-05-09,508.2799987792969,509.8599853515625,500.20001220703125,509.67999267578125,207222000,Energy_Index
2012-05-10,508.0299987792969,512.8800048828125,505.1499938964844,505.1499938964844,286027600,Energy_Index
2012-05-11,506.7799987792969,511.3699951171875,503.95001220703125,508.0199890136719,139055200,Energy_Index
2012-05-14,496.5899963378906,504.32000732421875,495.44000244140625,504.32000732421875,296586000,Energy_Index
2012-05-15,491.5299987792969,498.67999267578125,491.239990234375,496.5799865722656,194333800,Energy_Index
2012-05-16,486.95001220703125,497.19000244140625,486.9100036621094,488.54998779296875,301409400,Energy_Index
2012-05-17,487.9700012207031,490.67999267578125,483.3999938964844,486.6300048828125,194391000,Energy_Index
2012-05-18,480.2699890136719,489.1199951171875,478.67999267578125,483.6300048828125,307706000,Energy_Index
2012-05-21,486.9100036621094,488.7300109863281,480.239990234375,480.239990234375,155302600,Energy_Index
2012-05-22,488.8699951171875,497.05999755859375,485.9200134277344,490.45001220703125,283683400,Energy_Index
2012-05-23,484.1499938964844,488.8699951171875,478.54998779296875,488.8699951171875,181538400,Energy_Index
2012-05-24,490.4800109863281,492.45001220703125,485.20001220703125,490.7699890136719,333494200,Energy_Index
2012-05-25,488.1099853515625,492.6499938964844,488.07000732421875,490.4800109863281,148039600,Energy_Index
2012-05-29,495.3800048828125,498.7200012207031,488.8999938964844,488.8999938964844,253494000,Energy_Index
2012-05-30,480.989990234375,495.239990234375,479.6300048828125,495.239990234375,164306000,Energy_Index
2012-05-31,476.510009765625,481.6700134277344,469.3399963378906,480.6499938964844,342111400,Energy_Index
2012-06-01,467.80999755859375,476.510009765625,465.6199951171875,476.510009765625,220404800,Energy_Index
2012-06-04,466.2699890136719,468.95001220703125,459.95001220703125,466.4100036621094,298526400,Energy_Index
2012-06-05,467.8299865722656,471.82000732421875,464.9800109863281,466.2699890136719,164720800,Energy_Index
2012-06-06,483.8399963378906,483.8399963378906,468.8500061035156,468.8500061035156,373747000,Energy_Index
2012-06-07,488.3699951171875,493.3299865722656,483.8399963378906,483.8399963378906,190955600,Energy_Index
2012-06-08,484.7300109863281,485.20001220703125,477.2799987792969,484.7099914550781,232264600,Energy_Index
2012-06-11,483.2699890136719,491.0400085449219,482.2900085449219,484.7099914550781,139616200,Energy_Index
2012-06-12,485.2699890136719,486.6300048828125,479.07000732421875,479.07000732421875,241628200,Energy_Index
2012-06-13,482.4599914550781,487.5199890136719,480.989990234375,485.2200012207031,203726800,Energy_Index
2012-06-14,487.9700012207031,489.489990234375,479.5199890136719,479.95001220703125,248107200,Energy_Index
2012-06-15,493.1700134277344,493.260009765625,487.9700012207031,487.9700012207031,156664200,Energy_Index
2012-06-18,492.5400085449219,496.7099914550781,489.7300109863281,496.7099914550781,227571600,Energy_Index
2012-06-19,500.3299865722656,501.7200012207031,492.5400085449219,492.5400085449219,148540200,Energy_Index
2012-06-20,498.0,502.7900085449219,493.5400085449219,499.5199890136719,275430000,Energy_Index
2012-06-21,481.1700134277344,498.2900085449219,480.07000732421875,498.0,228871600,Energy_Index
2012-06-22,480.1700134277344,483.1600036621094,476.3900146484375,478.1199951171875,399556000,Energy_Index
2012-06-25,470.70001220703125,480.1700134277344,466.9700012207031,480.1700134277344,176520600,Energy_Index
2012-06-26,476.3800048828125,478.2099914550781,469.0400085449219,471.1300048828125,262743200,Energy_Index
2012-06-27,483.57000732421875,486.20001220703125,476.3800048828125,476.3800048828125,176195000,Energy_Index
2012-06-28,488.25,489.0899963378906,480.1700134277344,485.3399963378906,276659200,Energy_Index
2012-06-29,500.510009765625,501.20001220703125,488.25,488.25,185427000,Energy_Index
2012-07-02,503.1300048828125,504.760009765625,498.0299987792969,503.2699890136719,211645400,Energy_Index
2012-07-03,514.0399780273438,514.0399780273438,503.1300048828125,503.1300048828125,161883400,Energy_Index
2012-07-05,506.989990234375,514.0399780273438,506.010009765625,514.0399780273438,211459600,Energy_Index
2012-07-06,501.5199890136719,506.989990234375,497.739990234375,506.989990234375,195548600,Energy_Index
2012-07-09,498.6700134277344,501.5199890136719,495.3599853515625,501.5199890136719,221317800,Energy_Index
2012-07-10,491.7699890136719,502.7099914550781,489.44000244140625,498.6700134277344,239025000,Energy_Index
2012-07-11,498.5899963378906,500.32000732421875,491.7699890136719,491.7699890136719,226948000,Energy_Index
2012-07-12,496.489990234375,499.1199951171875,491.44000244140625,498.57000732421875,242794200,Energy_Index
2012-07-13,505.17999267578125,505.5400085449219,496.4800109863281,496.4800109863281,190658800,Energy_Index
2012-07-16,508.44000244140625,508.5299987792969,501.010009765625,505.17999267578125,143651800,Energy_Index
2012-07-17,512.5700073242188,512.8400268554688,501.4599914550781,506.6700134277344,229782000,Energy_Index
2012-07-18,516.0700073242188,516.8499755859375,509.82000732421875,512.5700073242188,143287400,Energy_Index
2012-07-19,517.780029296875,518.780029296875,514.5700073242188,516.4299926757812,265990800,Energy_Index
2012-07-20,516.7000122070312,518.0399780273438,514.1599731445312,517.780029296875,210515200,Energy_Index
2012-07-23,513.1099853515625,518.1099853515625,505.1199951171875,518.1099853515625,160880600,Energy_Index
2012-07-24,500.7300109863281,513.5900268554688,500.7099914550781,513.1099853515625,147682400,Energy_Index
2012-07-25,506.6400146484375,509.5799865722656,502.57000732421875,505.94000244140625,240826000,Energy_Index
2012-07-26,517.6099853515625,518.2000122070312,506.6400146484375,506.6400146484375,164683000,Energy_Index
2012-07-27,528.22998046875,529.989990234375,518.6199951171875,520.0999755859375,280744200,Energy_Index
2012-07-30,529.5499877929688,531.030029296875,526.1400146484375,528.2100219726562,207270000,Energy_Index
2012-07-31,527.030029296875,530.1799926757812,524.280029296875,529.5499877929688,165565400,Energy_Index
2012-08-01,526.6799926757812,528.8900146484375,520.9299926757812,523.7000122070312,260022200,Energy_Index
2012-08-02,514.2100219726562,526.1799926757812,513.2899780273438,526.1799926757812,178255800,Energy_Index
2012-08-03,529.719970703125,532.2999877929688,517.510009765625,517.510009765625,222106400,Energy_Index
2012-08-06,532.6099853515625,533.27001953125,529.7100219726562,529.7100219726562,116499600,Energy_Index
2012-08-07,537.5,539.6599731445312,530.47998046875,530.47998046875,251467200,Energy_Index
2012-08-08,536.7000122070312,539.7899780273438,535.1599731445312,537.4099731445312,161791600,Energy_Index
2012-08-09,540.3599853515625,542.4600219726562,535.5399780273438,537.4000244140625,223212000,Energy_Index
2012-08-10,539.0800170898438,540.3599853515625,533.9199829101562,540.3599853515625,131536000,Energy_Index
2012-08-13,539.3800048828125,542.0700073242188,537.1400146484375,542.0700073242188,170166200,Energy_Index
2012-08-14,539.510009765625,542.2899780273438,538.8900146484375,539.2899780273438,117592200,Energy_Index
2012-08-15,537.2899780273438,539.2000122070312,536.0499877929688,538.1799926757812,173544000,Energy_Index
2012-08-16,542.5700073242188,542.5999755859375,537.2899780273438,537.2899780273438,115484200,Energy_Index
2012-08-17,541.3200073242188,543.1900024414062,540.0599975585938,542.489990234375,170664200,Energy_Index
2012-08-20,540.1900024414062,541.3499755859375,538.1300048828125,541.3200073242188,93237600,Energy_Index
2012-08-21,538.010009765625,544.4600219726562,537.010009765625,539.97998046875,194640000,Energy_Index
2012-08-22,537.489990234375,537.9400024414062,534.5900268554688,537.9400024414062,114901000,Energy_Index
2012-08-23,534.1400146484375,539.7999877929688,533.22998046875,539.4500122070312,159883600,Energy_Index
2012-08-24,536.3099975585938,537.6799926757812,530.780029296875,534.1400146484375,94847200,Energy_Index
2012-08-27,537.0,540.6599731445312,535.77001953125,537.6400146484375,146076600,Energy_Index
2012-08-28,538.4099731445312,539.3300170898438,535.8300170898438,537.0,105827000,Energy_Index
2012-08-29,534.8200073242188,537.9500122070312,534.2100219726562,537.780029296875,153305200,Energy_Index
2012-08-30,529.3099975585938,534.8200073242188,527.9000244140625,534.8200073242188,95484000,Energy_Index
2012-08-31,533.5399780273438,536.5599975585938,529.030029296875,529.030029296875,204551400,Energy_Index
2012-09-04,529.0800170898438,533.6699829101562,526.1099853515625,533.5399780273438,133553400,Energy_Index
2012-09-05,528.260009765625,531.3400268554688,527.219970703125,529.8300170898438,176098400,Energy_Index
2012-09-06,538.8699951171875,542.0,528.0700073242188,528.0700073242188,212960000,Energy_Index
2012-09-07,547.6599731445312,547.6699829101562,538.8699951171875,538.8699951171875,232137600,Energy_Index
2012-09-10,547.8699951171875,549.77001953125,547.0700073242188,547.6400146484375,133431000,Energy_Index
2012-09-11,550.1699829101562,551.4500122070312,545.2000122070312,545.2000122070312,197424400,Energy_Index
2012-09-12,552.530029296875,553.8599853515625,550.1199951171875,550.1199951171875,164834600,Energy_Index
2012-09-13,562.5399780273438,564.9000244140625,550.3099975585938,552.3099975585938,258539200,Energy_Index
2012-09-14,569.0399780273438,574.5399780273438,562.5399780273438,562.5399780273438,193125400,Energy_Index
2012-09-17,565.4400024414062,571.1900024414062,563.9500122070312,569.9000244140625,222065800,Energy_Index
2012-09-18,559.5700073242188,565.4400024414062,558.4099731445312,565.4400024414062,140658200,Energy_Index
2012-09-19,556.1199951171875,561.4600219726562,556.1199951171875,561.3699951171875,206846800,Energy_Index
2012-09-20,557.510009765625,558.1900024414062,550.239990234375,556.1199951171875,141787400,Energy_Index
2012-09-21,559.5700073242188,562.5800170898438,558.530029296875,558.530029296875,269844800,Energy_Index
2012-09-24,557.3400268554688,559.5700073242188,555.0599975585938,559.5700073242188,116049600,Energy_Index
2012-09-25,551.6900024414062,559.3800048828125,551.3699951171875,556.6599731445312,211099200,Energy_Index
2012-09-26,547.1799926757812,551.6900024414062,545.6199951171875,551.6900024414062,147164200,Energy_Index
2012-09-27,553.9299926757812,555.0900268554688,546.7999877929688,546.7999877929688,182339600,Energy_Index
2012-09-28,551.0700073242188,553.9299926757812,548.0800170898438,553.9299926757812,107822200,Energy_Index
2012-10-01,554.1799926757812,558.75,551.1900024414062,551.1900024414062,236359400,Energy_Index
2012-10-02,552.3099975585938,556.5999755859375,551.3900146484375,554.1799926757812,102999200,Energy_Index
2012-10-03,548.239990234375,554.4199829101562,545.8900146484375,554.4199829101562,196896600,Energy_Index
2012-10-04,553.239990234375,554.3699951171875,548.239990234375,548.239990234375,126607000,Energy_Index
2012-10-05,552.9299926757812,557.47998046875,551.1900024414062,553.75,156267200,Energy_Index
2012-10-08,552.5999755859375,552.9299926757812,549.52001953125,552.9299926757812,78601800,Energy_Index
2012-10-09,553.75,558.7000122070312,553.7000122070312,553.7000122070312,168191000,Energy_Index
2012-10-10,543.6699829101562,553.75,542.7999877929688,553.75,133362600,Energy_Index
2012-10-11,547.0800170898438,551.5499877929688,543.4600219726562,543.4600219726562,184986800,Energy_Index
2012-10-12,544.5499877929688,547.8800048828125,540.97998046875,547.0800170898438,127501600,Energy_Index
2012-10-15,547.0399780273438,547.8900146484375,540.0,544.219970703125,162188800,Energy_Index
2012-10-16,554.4099731445312,556.1400146484375,547.0399780273438,547.0399780273438,121204800,Energy_Index
2012-10-17,562.02001953125,562.3900146484375,555.4600219726562,555.4600219726562,191768400,Energy_Index
2012-10-18,562.1900024414062,563.4099731445312,559.780029296875,562.0,201477800,Energy_Index
2012-10-19,553.760009765625,562.72998046875,551.9400024414062,562.1900024414062,208328000,Energy_Index
2012-10-22,548.0,555.0599975585938,545.469970703125,553.760009765625,124096000,Energy_Index
2012-10-23,538.3499755859375,551.3800048828125,535.22998046875,551.3800048828125,206520400,Energy_Index
2012-10-24,538.3200073242188,541.7999877929688,535.5399780273438,538.3499755859375,117325800,Energy_Index
2012-10-25,539.9299926757812,540.52001953125,534.030029296875,534.97998046875,179441600,Energy_Index
2012-10-26,540.010009765625,543.3499755859375,537.8300170898438,539.9299926757812,97274800,Energy_Index
2012-10-31,539.9400024414062,544.239990234375,536.1300048828125,540.4099731445312,205594600,Energy_Index
2012-11-01,541.3300170898438,543.3099975585938,537.7000122070312,539.8900146484375,134492400,Energy_Index
2012-11-02,533.8699951171875,545.6300048828125,532.1900024414062,543.1400146484375,226418600,Energy_Index
2012-11-05,536.27001953125,536.5399780273438,532.6799926757812,533.8699951171875,100871200,Energy_Index
2012-11-06,546.1599731445312,547.9000244140625,537.739990234375,537.739990234375,199570200,Energy_Index
2012-11-07,531.1900024414062,545.0599975585938,526.5999755859375,545.0599975585938,161729200,Energy_Index
2012-11-08,520.7100219726562,531.4099731445312,520.7000122070312,529.4400024414062,210799600,Energy_Index
2012-11-09,522.5800170898438,526.2000122070312,517.760009765625,520.7100219726562,130724600,Energy_Index
2012-11-12,521.5399780273438,522.969970703125,519.6199951171875,520.8200073242188,132977600,Energy_Index
2012-11-13,524.7000122070312,525.75,516.9600219726562,521.5399780273438,107334600,Energy_Index
2012-11-14,511.9599914550781,520.469970703125,510.8800048828125,517.8800048828125,119991000,Energy_Index
2012-11-15,511.8399963378906,516.77001953125,509.1700134277344,511.9599914550781,142995800,Energy_Index
2012-11-16,514.3499755859375,515.219970703125,506.1499938964844,512.489990234375,235824200,Energy_Index
2012-11-19,522.780029296875,526.25,514.219970703125,514.219970703125,117780600,Energy_Index
2012-11-20,523.719970703125,526.1799926757812,520.0800170898438,525.7999877929688,162498600,Energy_Index
2012-11-21,525.6300048828125,526.7999877929688,523.280029296875,523.719970703125,71611400,Energy_Index
2012-11-23,533.5800170898438,533.5999755859375,526.6099853515625,526.6099853515625,69427000,Energy_Index
2012-11-26,527.469970703125,533.5800170898438,525.5599975585938,533.5800170898438,90650400,Energy_Index
2012-11-27,524.2000122070312,529.6099853515625,523.5900268554688,529.2100219726562,162812200,Energy_Index
2012-11-28,526.5499877929688,527.4000244140625,518.2100219726562,524.1900024414062,116014400,Energy_Index
2012-11-29,530.3800048828125,534.3400268554688,528.6500244140625,529.739990234375,101374800,Energy_Index
2012-11-30,529.22998046875,532.5800170898438,528.9199829101562,530.3800048828125,103412000,Energy_Index
2012-12-03,526.969970703125,533.9000244140625,526.280029296875,530.2100219726562,160992200,Energy_Index
2012-12-04,525.9400024414062,529.280029296875,524.8800048828125,526.9400024414062,112898800,Energy_Index
2012-12-05,528.6199951171875,531.530029296875,524.8599853515625,524.8599853515625,179758800,Energy_Index
2012-12-06,528.989990234375,529.6400146484375,526.5599975585938,528.4199829101562,100867600,Energy_Index
2012-12-07,533.6900024414062,533.7899780273438,529.52001953125,530.22998046875,147635000,Energy_Index
2012-12-10,532.8099975585938,535.4600219726562,532.3699951171875,533.6799926757812,95481400,Energy_Index
2012-12-11,536.0900268554688,538.0499877929688,533.1599731445312,533.1599731445312,156860400,Energy_Index
2012-12-12,541.3099975585938,543.1699829101562,536.0599975585938,536.0599975585938,120206400,Energy_Index
2012-12-13,533.4500122070312,538.2100219726562,531.280029296875,538.2100219726562,221978000,Energy_Index
2012-12-14,531.0499877929688,533.4500122070312,529.0,533.4500122070312,204864400,Energy_Index
2012-12-17,533.3800048828125,535.280029296875,531.0499877929688,531.0499877929688,105168600,Energy_Index
2012-12-18,544.760009765625,545.780029296875,534.8800048828125,535.739990234375,212139800,Energy_Index
2012-12-19,542.72998046875,545.8400268554688,542.030029296875,544.75,104736800,Energy_Index
2012-12-20,544.3499755859375,544.3499755859375,539.530029296875,540.4199829101562,163345800,Energy_Index
2012-12-21,538.030029296875,544.3499755859375,535.0399780273438,544.3499755859375,246340800,Energy_Index
2012-12-24,534.1500244140625,538.030029296875,533.489990234375,538.030029296875,56807400,Energy_Index
2012-12-26,532.1599731445312,537.260009765625,531.22998046875,534.1500244140625,100953800,Energy_Index
2012-12-27,527.22998046875,533.010009765625,524.97998046875,532.1599731445312,88914000,Energy_Index
2012-12-28,522.030029296875,531.4299926757812,521.6599731445312,531.4299926757812,128575400,Energy_Index
2012-12-31,527.75,528.1799926757812,519.9600219726562,522.030029296875,95333200,Energy_Index
2013-01-02,545.3900146484375,545.4400024414062,532.9600219726562,532.9600219726562,201635400,Energy_Index
2013-01-03,545.3300170898438,549.0700073242188,542.260009765625,545.3900146484375,123108800,Energy_Index
2013-01-04,550.5599975585938,551.1199951171875,544.8499755859375,544.8499755859375,157331400,Energy_Index
2013-01-07,546.0599975585938,550.5599975585938,544.02001953125,550.5599975585938,165848300,Energy_Index
2013-01-08,545.1900024414062,546.0599975585938,541.4199829101562,546.0599975585938,182595800,Energy_Index
2013-01-09,544.0800170898438,547.0499877929688,542.2000122070312,545.1900024414062,178793300,Energy_Index
2013-01-10,549.239990234375,550.1500244140625,544.0800170898438,544.0800170898438,189043500,Energy_Index
2013-01-11,550.4600219726562,550.6199951171875,547.9400024414062,549.219970703125,149205900,Energy_Index
2013-01-14,550.4099731445312,551.5599975585938,548.510009765625,550.4600219726562,42010300,Energy_Index
2013-01-15,552.489990234375,552.489990234375,552.489990234375,552.489990234375,0,Energy_Index
2013-01-16,554.2000122070312,554.2000122070312,554.2000122070312,554.2000122070312,0,Energy_Index
2013-01-17,558.030029296875,558.030029296875,558.030029296875,558.030029296875,0,Energy_Index
2013-01-18,563.0700073242188,563.0700073242188,563.0700073242188,563.0700073242188,0,Energy_Index
2013-01-22,567.97998046875,567.97998046875,567.97998046875,567.97998046875,0,Energy_Index
2013-01-23,565.8900146484375,565.8900146484375,565.8900146484375,565.8900146484375,0,Energy_Index
2013-01-24,568.3099975585938,568.3099975585938,568.3099975585938,568.3099975585938,0,Energy_Index
2013-01-25,573.260009765625,573.260009765625,573.260009765625,573.260009765625,0,Energy_Index
2013-01-28,571.3800048828125,571.3800048828125,571.3800048828125,571.3800048828125,0,Energy_Index
2013-01-29,580.3300170898438,580.3300170898438,580.3300170898438,580.3300170898438,0,Energy_Index
2013-01-30,576.469970703125,576.469970703125,576.469970703125,576.469970703125,0,Energy_Index
2013-01-31,573.4099731445312,573.4099731445312,573.4099731445312,573.4099731445312,0,Energy_Index
2013-02-01,578.719970703125,578.719970703125,578.719970703125,578.719970703125,0,Energy_Index
2013-02-04,573.22998046875,578.3599853515625,572.6599731445312,578.3599853515625,0,Energy_Index
2013-02-05,577.4099731445312,579.1199951171875,573.72998046875,573.72998046875,0,Energy_Index
2013-02-06,577.5700073242188,577.6099853515625,572.6799926757812,576.8800048828125,0,Energy_Index
2013-02-07,574.530029296875,577.5800170898438,570.6599731445312,577.5800170898438,0,Energy_Index
2013-02-08,579.27001953125,579.27001953125,574.8300170898438,574.8300170898438,0,Energy_Index
2013-02-11,576.0399780273438,579.1699829101562,575.5499877929688,579.1699829101562,0,Energy_Index
2013-02-12,578.1599731445312,578.6500244140625,574.3499755859375,576.489990234375,0,Energy_Index
2013-02-13,579.0700073242188,579.1199951171875,577.010009765625,578.030029296875,0,Energy_Index
2013-02-14,582.9199829101562,583.0399780273438,575.6900024414062,578.4000244140625,0,Energy_Index
2013-02-15,575.9600219726562,582.2999877929688,572.9500122070312,582.1500244140625,0,Energy_Index
2013-02-19,582.6099853515625,582.9600219726562,576.4299926757812,576.4299926757812,0,Energy_Index
2013-02-20,577.3499755859375,582.510009765625,576.1799926757812,582.510009765625,0,Energy_Index
2013-02-21,568.2000122070312,571.4500122070312,564.9099731445312,571.4299926757812,0,Energy_Index
2013-02-22,571.4099731445312,572.47998046875,567.219970703125,568.510009765625,0,Energy_Index
2013-02-25,559.1500244140625,579.280029296875,559.1500244140625,574.1900024414062,0,Energy_Index
2013-02-26,563.8699951171875,564.239990234375,556.5499877929688,559.6599731445312,0,Energy_Index
2013-02-27,572.9600219726562,574.0999755859375,563.6500244140625,564.0900268554688,0,Energy_Index
2013-02-28,576.219970703125,576.3800048828125,571.4400024414062,572.77001953125,0,Energy_Index
2013-03-01,572.1300048828125,573.3599853515625,567.4099731445312,572.8099975585938,0,Energy_Index
2013-03-04,568.4000244140625,571.989990234375,565.6300048828125,571.989990234375,0,Energy_Index
2013-03-05,574.8699951171875,576.77001953125,571.280029296875,571.280029296875,0,Energy_Index
2013-03-06,573.8599853515625,577.2000122070312,572.8300170898438,575.1599731445312,0,Energy_Index
2013-03-07,576.6099853515625,577.4600219726562,573.7000122070312,575.4600219726562,0,Energy_Index
2013-03-08,578.3599853515625,579.1599731445312,575.5599975585938,578.0800170898438,0,Energy_Index
2013-03-11,579.4199829101562,580.5800170898438,575.2000122070312,578.780029296875,0,Energy_Index
2013-03-12,579.489990234375,583.3400268554688,578.9400024414062,579.75,0,Energy_Index
2013-03-13,579.0700073242188,580.8499755859375,577.760009765625,579.8499755859375,0,Energy_Index
2013-03-14,584.9199829101562,585.7000122070312,579.5,579.5,0,Energy_Index
2013-03-15,585.72998046875,587.75,583.4299926757812,586.4299926757812,0,Energy_Index
2013-03-18,584.010009765625,585.5999755859375,578.9199829101562,585.5999755859375,0,Energy_Index
2013-03-19,575.1099853515625,581.7999877929688,570.52001953125,580.969970703125,0,Energy_Index
2013-03-20,579.6799926757812,580.0,575.25,575.7000122070312,0,Energy_Index
2013-03-21,575.4099731445312,579.6599731445312,575.0700073242188,577.6300048828125,0,Energy_Index
2013-03-22,579.4400024414062,581.030029296875,576.010009765625,576.010009765625,0,Energy_Index
2013-03-25,577.9299926757812,584.5399780273438,575.72998046875,580.760009765625,0,Energy_Index
2013-03-26,582.4600219726562,582.8900146484375,579.010009765625,579.010009765625,0,Energy_Index
2013-03-27,585.8099975585938,586.6400146484375,579.5700073242188,583.5800170898438,0,Energy_Index
2013-03-28,587.6199951171875,587.9199829101562,584.5900268554688,585.719970703125,0,Energy_Index
2013-04-01,583.8800048828125,586.0499877929688,580.1500244140625,584.010009765625,0,Energy_Index
2013-04-02,581.1400146484375,585.1099853515625,579.3499755859375,583.8200073242188,0,Energy_Index
2013-04-03,571.780029296875,581.6699829101562,570.02001953125,581.1900024414062,0,Energy_Index
2013-04-04,570.1300048828125,574.030029296875,567.4600219726562,571.6699829101562,0,Energy_Index
2013-04-05,571.1599731445312,571.4099731445312,563.0700073242188,568.4099731445312,0,Energy_Index
2013-04-08,572.1900024414062,573.5700073242188,569.2100219726562,571.3699951171875,0,Energy_Index
2013-04-09,578.3099975585938,580.5399780273438,572.760009765625,574.3800048828125,0,Energy_Index
2013-04-10,582.719970703125,583.1599731445312,578.27001953125,578.8400268554688,0,Energy_Index
2013-04-11,583.8699951171875,585.7000122070312,579.9199829101562,582.1099853515625,0,Energy_Index
2013-04-12,575.7100219726562,583.3200073242188,572.6900024414062,583.3200073242188,0,Energy_Index
2013-04-15,553.7899780273438,575.719970703125,553.6599731445312,575.719970703125,0,Energy_Index
2013-04-16,558.5599975585938,560.510009765625,552.969970703125,554.6799926757812,0,Energy_Index
2013-04-17,548.8699951171875,559.27001953125,544.5599975585938,559.27001953125,0,Energy_Index
2013-04-18,551.5800170898438,555.9500122070312,545.52001953125,549.3800048828125,0,Energy_Index
2013-04-19,552.5599975585938,557.9299926757812,549.3699951171875,553.3599853515625,0,Energy_Index
2013-04-22,557.9199829101562,558.0399780273438,550.969970703125,553.239990234375,0,Energy_Index
2013-04-23,564.6900024414062,565.0999755859375,558.0499877929688,558.6199951171875,0,Energy_Index
2013-04-24,572.77001953125,573.1099853515625,565.5999755859375,565.5999755859375,0,Energy_Index
2013-04-25,570.4500122070312,576.9600219726562,568.3599853515625,571.6900024414062,0,Energy_Index
2013-04-26,570.1699829101562,570.75,566.5599975585938,570.3499755859375,0,Energy_Index
2013-04-29,575.9400024414062,578.010009765625,571.0800170898438,571.0800170898438,0,Energy_Index
2013-04-30,578.8400268554688,578.8400268554688,571.6500244140625,575.739990234375,0,Energy_Index
2013-05-01,569.3599853515625,578.5399780273438,569.010009765625,578.5399780273438,0,Energy_Index
2013-05-02,576.8900146484375,577.8499755859375,569.7000122070312,569.9099731445312,0,Energy_Index
2013-05-03,587.0700073242188,588.0499877929688,577.3300170898438,577.3300170898438,0,Energy_Index
2013-05-06,591.739990234375,591.739990234375,587.1900024414062,587.260009765625,0,Energy_Index
2013-05-07,594.3300170898438,596.1500244140625,590.4400024414062,590.8099975585938,0,Energy_Index
2013-05-08,592.6900024414062,596.0,592.6900024414062,594.0800170898438,0,Energy_Index
2013-05-09,593.9500122070312,596.6400146484375,591.2899780273438,595.4199829101562,0,Energy_Index
2013-05-10,589.1300048828125,593.47998046875,586.5999755859375,593.47998046875,0,Energy_Index
2013-05-13,591.0599975585938,591.0599975585938,587.5499877929688,590.3300170898438,0,Energy_Index
2013-05-14,596.9400024414062,597.989990234375,591.1099853515625,591.1099853515625,0,Energy_Index
2013-05-15,596.4400024414062,598.22998046875,591.6500244140625,598.22998046875,0,Energy_Index
2013-05-16,596.5999755859375,597.739990234375,593.2999877929688,595.489990234375,0,Energy_Index
2013-05-17,602.6300048828125,602.760009765625,593.5399780273438,593.5399780273438,0,Energy_Index
2013-05-20,610.0800170898438,611.3800048828125,602.239990234375,602.5,0,Energy_Index
2013-05-21,610.1400146484375,614.510009765625,608.1799926757812,610.530029296875,0,Energy_Index
2013-05-22,603.27001953125,614.6900024414062,602.6300048828125,610.030029296875,0,Energy_Index
2013-05-23,601.4299926757812,602.6799926757812,593.9500122070312,602.0999755859375,0,Energy_Index
2013-05-24,599.4099731445312,599.6500244140625,594.5800170898438,599.6500244140625,0,Energy_Index
2013-05-28,605.3900146484375,610.1500244140625,599.7899780273438,599.7899780273438,0,Energy_Index
2013-05-29,604.25,605.989990234375,600.1599731445312,604.739990234375,0,Energy_Index
2013-05-30,604.219970703125,604.77001953125,599.530029296875,604.010009765625,0,Energy_Index
2013-05-31,590.8599853515625,602.5800170898438,590.8599853515625,602.1199951171875,0,Energy_Index
2013-06-03,593.5700073242188,596.0700073242188,590.7999877929688,591.3800048828125,0,Energy_Index
2013-06-04,592.0900268554688,597.1599731445312,588.1599731445312,596.2100219726562,0,Energy_Index
2013-06-05,586.1500244140625,592.47998046875,586.1500244140625,591.6300048828125,0,Energy_Index
2013-06-06,589.280029296875,589.280029296875,580.6400146484375,585.4000244140625,0,Energy_Index
2013-06-07,593.3699951171875,596.5900268554688,589.780029296875,589.9600219726562,0,Energy_Index
2013-06-10,594.5999755859375,598.530029296875,593.0900268554688,597.219970703125,0,Energy_Index
2013-06-11,587.469970703125,594.1400146484375,586.0,594.1400146484375,0,Energy_Index
2013-06-12,581.8499755859375,592.0499877929688,580.9600219726562,586.719970703125,0,Energy_Index
2013-06-13,587.2999877929688,587.4600219726562,581.4199829101562,581.7100219726562,0,Energy_Index
2013-06-14,586.239990234375,592.5900268554688,585.3400268554688,592.1799926757812,0,Energy_Index
2013-06-17,593.9500122070312,595.3200073242188,587.280029296875,587.280029296875,0,Energy_Index
2013-06-18,597.22998046875,598.6199951171875,593.530029296875,593.8900146484375,0,Energy_Index
2013-06-19,599.1099853515625,599.9299926757812,595.1500244140625,597.3400268554688,0,Energy_Index
2013-06-20,575.1300048828125,591.0,573.4299926757812,591.0,0,Energy_Index
2013-06-21,576.989990234375,580.469970703125,570.47998046875,575.1300048828125,0,Energy_Index
2013-06-24,568.1799926757812,576.5700073242188,562.1099853515625,576.5700073242188,0,Energy_Index
2013-06-25,574.489990234375,576.5700073242188,569.989990234375,569.989990234375,0,Energy_Index
2013-06-26,578.0800170898438,579.510009765625,573.4600219726562,574.780029296875,0,Energy_Index
2013-06-27,579.780029296875,584.7000122070312,579.4600219726562,579.4600219726562,0,Energy_Index
2013-06-28,580.6599731445312,582.0800170898438,576.0499877929688,579.3800048828125,0,Energy_Index
2013-07-01,581.760009765625,586.47998046875,579.6099853515625,579.6099853515625,0,Energy_Index
2013-07-02,581.4600219726562,587.5700073242188,580.8099975585938,581.760009765625,0,Energy_Index
2013-07-03,583.2100219726562,583.75,578.3499755859375,582.469970703125,0,Energy_Index
2013-07-05,588.760009765625,590.0499877929688,581.9299926757812,583.969970703125,0,Energy_Index
2013-07-08,593.719970703125,596.9400024414062,590.8300170898438,590.8300170898438,0,Energy_Index
2013-07-09,599.47998046875,599.8800048828125,594.6599731445312,594.6599731445312,0,Energy_Index
2013-07-10,596.5599975585938,601.5599975585938,595.5499877929688,600.4199829101562,0,Energy_Index
2013-07-11,599.0999755859375,603.0700073242188,596.7999877929688,596.7999877929688,0,Energy_Index
2013-07-12,604.47998046875,604.5,599.9400024414062,601.8599853515625,0,Energy_Index
2013-07-15,604.0499877929688,605.4199829101562,602.8599853515625,604.219970703125,0,Energy_Index
2013-07-16,600.6699829101562,605.3200073242188,597.1799926757812,604.27001953125,0,Energy_Index
2013-07-17,603.3599853515625,604.9199829101562,601.4099731445312,601.4099731445312,0,Energy_Index
2013-07-18,609.030029296875,610.6500244140625,603.719970703125,603.719970703125,0,Energy_Index
2013-07-19,617.280029296875,617.3400268554688,609.0999755859375,609.4600219726562,0,Energy_Index
2013-07-22,616.6300048828125,618.1699829101562,615.4199829101562,617.2100219726562,0,Energy_Index
2013-07-23,616.9600219726562,618.8400268554688,616.260009765625,616.3499755859375,0,Energy_Index
2013-07-24,610.52001953125,617.280029296875,607.989990234375,617.0999755859375,0,Energy_Index
2013-07-25,614.239990234375,615.0900268554688,608.760009765625,610.6400146484375,0,Energy_Index
2013-07-26,610.6199951171875,613.77001953125,607.5499877929688,613.77001953125,0,Energy_Index
2013-07-29,607.3699951171875,611.4500122070312,605.239990234375,611.4500122070312,0,Energy_Index
2013-07-30,605.6500244140625,608.9400024414062,602.760009765625,607.8499755859375,0,Energy_Index
2013-07-31,607.4600219726562,611.8499755859375,606.22998046875,606.22998046875,0,Energy_Index
2013-08-01,614.5599975585938,614.719970703125,607.5800170898438,607.9400024414062,0,Energy_Index
2013-08-02,610.9600219726562,612.97998046875,607.3699951171875,612.97998046875,0,Energy_Index
2013-08-05,609.260009765625,610.47998046875,606.3200073242188,610.47998046875,0,Energy_Index
2013-08-06,606.25,610.7000122070312,604.8300170898438,608.8900146484375,0,Energy_Index
2013-08-07,604.1500244140625,606.1400146484375,602.1300048828125,605.6799926757812,0,Energy_Index
2013-08-08,607.5399780273438,608.530029296875,602.719970703125,604.8599853515625,0,Energy_Index
2013-08-09,604.5599975585938,607.5399780273438,601.5499877929688,607.4000244140625,0,Energy_Index
2013-08-12,601.3300170898438,603.6400146484375,599.9199829101562,603.1599731445312,0,Energy_Index
2013-08-13,602.3400268554688,603.9199829101562,599.0800170898438,601.510009765625,0,Energy_Index
2013-08-14,599.9199829101562,603.3599853515625,599.5,602.25,0,Energy_Index
2013-08-15,595.9400024414062,598.8900146484375,593.77001953125,598.8900146484375,0,Energy_Index
2013-08-16,593.489990234375,595.780029296875,591.1799926757812,595.6199951171875,0,Energy_Index
2013-08-19,584.3699951171875,592.8800048828125,583.9299926757812,592.8800048828125,0,Energy_Index
2013-08-20,587.0399780273438,590.3900146484375,584.010009765625,584.5999755859375,0,Energy_Index
2013-08-21,583.8699951171875,588.969970703125,583.0800170898438,586.510009765625,0,Energy_Index
2013-08-22,591.72998046875,593.760009765625,584.5599975585938,584.5599975585938,0,Energy_Index
2013-08-23,596.1199951171875,596.8200073242188,590.219970703125,592.0800170898438,0,Energy_Index
2013-08-26,594.6400146484375,599.3400268554688,593.530029296875,596.6500244140625,0,Energy_Index
2013-08-27,591.0499877929688,595.2899780273438,590.8499755859375,593.969970703125,0,Energy_Index
2013-08-28,601.530029296875,603.3400268554688,592.0999755859375,592.0999755859375,0,Energy_Index
2013-08-29,594.989990234375,600.25,594.1199951171875,600.25,0,Energy_Index
2013-08-30,594.8400268554688,597.510009765625,593.0,595.1099853515625,0,Energy_Index
2013-09-03,598.3300170898438,601.6199951171875,595.4400024414062,597.0700073242188,0,Energy_Index
2013-09-04,601.47998046875,603.3400268554688,596.3699951171875,598.010009765625,0,Energy_Index
2013-09-05,602.97998046875,605.4500122070312,601.9199829101562,601.9199829101562,0,Energy_Index
2013-09-06,603.1099853515625,607.1900024414062,598.8699951171875,603.510009765625,0,Energy_Index
2013-09-09,609.27001953125,610.0,603.5900268554688,603.5900268554688,0,Energy_Index
2013-09-10,609.3699951171875,609.5,604.469970703125,609.260009765625,0,Energy_Index
2013-09-11,613.97998046875,613.97998046875,607.3400268554688,609.9500122070312,0,Energy_Index
2013-09-12,610.3300170898438,614.1400146484375,609.9299926757812,613.8400268554688,0,Energy_Index
2013-09-13,610.6199951171875,613.1300048828125,609.6099853515625,610.5399780273438,0,Energy_Index
2013-09-16,610.719970703125,614.6599731445312,609.9099731445312,611.6400146484375,0,Energy_Index
2013-09-17,613.3099975585938,615.219970703125,610.8699951171875,610.8699951171875,0,Energy_Index
2013-09-18,620.75,623.030029296875,611.5900268554688,613.4299926757812,0,Energy_Index
2013-09-19,619.4199829101562,623.0800170898438,618.3699951171875,621.0499877929688,0,Energy_Index
2013-09-20,614.5800170898438,621.3099975585938,613.6599731445312,619.4000244140625,0,Energy_Index
2013-09-23,611.530029296875,614.6900024414062,610.4500122070312,613.77001953125,0,Energy_Index
2013-09-24,611.760009765625,616.1699829101562,609.9199829101562,611.1199951171875,0,Energy_Index
2013-09-25,611.4500122070312,614.7000122070312,611.3800048828125,612.6500244140625,0,Energy_Index
2013-09-26,611.8300170898438,613.6599731445312,609.4500122070312,611.8400268554688,0,Energy_Index
2013-09-27,609.9400024414062,611.239990234375,607.9000244140625,611.239990234375,0,Energy_Index
2013-09-30,604.8599853515625,609.5599975585938,601.77001953125,609.5599975585938,0,Energy_Index
2013-10-01,608.1400146484375,609.7000122070312,603.7999877929688,604.5700073242188,0,Energy_Index
2013-10-02,609.719970703125,610.1900024414062,602.8099975585938,607.4600219726562,0,Energy_Index
2013-10-03,604.5999755859375,609.3099975585938,601.7999877929688,609.3099975585938,0,Energy_Index
2013-10-04,609.760009765625,611.22998046875,603.0999755859375,604.77001953125,0,Energy_Index
2013-10-07,605.4500122070312,608.97998046875,603.4299926757812,608.760009765625,0,Energy_Index
2013-10-08,599.3200073242188,606.5800170898438,599.1900024414062,605.3599853515625,0,Energy_Index
2013-10-09,597.3699951171875,600.0499877929688,593.8300170898438,599.27001953125,0,Energy_Index
2013-10-10,607.6500244140625,607.6500244140625,597.5,597.5,0,Energy_Index
2013-10-11,613.9199829101562,615.1799926757812,604.739990234375,607.0599975585938,0,Energy_Index
2013-10-14,617.739990234375,618.4099731445312,609.3900146484375,613.2100219726562,0,Energy_Index
2013-10-15,615.0800170898438,619.1699829101562,613.52001953125,616.9500122070312,0,Energy_Index
2013-10-16,623.489990234375,624.9600219726562,615.7899780273438,615.7899780273438,0,Energy_Index
2013-10-17,624.8300170898438,624.8400268554688,621.2100219726562,623.1400146484375,0,Energy_Index
2013-10-18,630.27001953125,630.280029296875,624.9199829101562,624.9199829101562,0,Energy_Index
2013-10-21,627.8599853515625,632.2100219726562,626.47998046875,630.4400024414062,0,Energy_Index
2013-10-22,632.1099853515625,634.72998046875,628.1400146484375,628.1400146484375,0,Energy_Index
2013-10-23,623.5999755859375,631.7000122070312,621.719970703125,631.7000122070312,0,Energy_Index
2013-10-24,627.239990234375,628.280029296875,621.6199951171875,623.8499755859375,0,Energy_Index
2013-10-25,629.8200073242188,631.4400024414062,626.3099975585938,627.5700073242188,0,Energy_Index
2013-10-28,630.7100219726562,632.010009765625,627.3300170898438,629.97998046875,0,Energy_Index
2013-10-29,634.8599853515625,634.9299926757812,631.1500244140625,631.1500244140625,0,Energy_Index
2013-10-30,630.8900146484375,637.0599975585938,626.8300170898438,634.9000244140625,0,Energy_Index
2013-10-31,629.489990234375,635.6599731445312,628.25,631.9199829101562,0,Energy_Index
2013-11-01,627.5499877929688,630.02001953125,620.6699829101562,629.7000122070312,0,Energy_Index
2013-11-04,635.7899780273438,636.4400024414062,628.5,628.5,0,Energy_Index
2013-11-05,630.9000244140625,635.1599731445312,630.5599975585938,635.1599731445312,0,Energy_Index
2013-11-06,634.6400146484375,637.5900268554688,631.489990234375,631.489990234375,0,Energy_Index
2013-11-07,625.1900024414062,635.8499755859375,623.5599975585938,634.9299926757812,0,Energy_Index
2013-11-08,634.0800170898438,634.2000122070312,625.0399780273438,625.2999877929688,0,Energy_Index
2013-11-11,635.1199951171875,636.8300170898438,633.3599853515625,634.0800170898438,0,Energy_Index
2013-11-12,629.6300048828125,634.8400268554688,627.9199829101562,634.5599975585938,0,Energy_Index
2013-11-13,633.7000122070312,633.8300170898438,626.6799926757812,628.2999877929688,0,Energy_Index
2013-11-14,637.1099853515625,637.5,633.030029296875,633.77001953125,0,Energy_Index
2013-11-15,641.5599975585938,641.5900268554688,636.5999755859375,637.1400146484375,0,Energy_Index
2013-11-18,637.5900268554688,644.030029296875,635.8400268554688,643.5399780273438,0,Energy_Index
2013-11-19,638.7100219726562,640.6599731445312,633.9400024414062,637.4299926757812,0,Energy_Index
2013-11-20,636.8200073242188,642.8800048828125,635.1900024414062,639.219970703125,0,Energy_Index
2013-11-21,642.1300048828125,643.3300170898438,637.22998046875,637.22998046875,0,Energy_Index
2013-11-22,645.7100219726562,645.8300170898438,639.2100219726562,642.4500122070312,0,Energy_Index
2013-11-25,640.3699951171875,645.6099853515625,638.4199829101562,645.6099853515625,0,Energy_Index
2013-11-26,638.1699829101562,641.97998046875,636.1199951171875,639.7999877929688,0,Energy_Index
2013-11-27,633.6699829101562,639.0,630.7999877929688,637.6099853515625,0,Energy_Index
2013-11-29,632.6599731445312,638.0399780273438,631.6400146484375,633.780029296875,0,Energy_Index
2013-12-02,632.9600219726562,637.0999755859375,629.8099975585938,632.4400024414062,0,Energy_Index
2013-12-03,635.0499877929688,636.0599975585938,630.239990234375,632.4500122070312,0,Energy_Index
2013-12-04,632.3400268554688,635.760009765625,628.0599975585938,634.7999877929688,0,Energy_Index
2013-12-05,629.6099853515625,632.7999877929688,628.760009765625,631.9500122070312,0,Energy_Index
2013-12-06,632.9299926757812,635.4600219726562,630.1500244140625,630.1500244140625,0,Energy_Index
2013-12-09,633.489990234375,635.8499755859375,631.5599975585938,632.9400024414062,0,Energy_Index
2013-12-10,631.75,634.9000244140625,630.9000244140625,633.760009765625,0,Energy_Index
2013-12-11,622.72998046875,631.5800170898438,621.5900268554688,631.5499877929688,0,Energy_Index
2013-12-12,625.6900024414062,628.4400024414062,621.4000244140625,623.02001953125,0,Energy_Index
2013-12-13,623.2999877929688,625.1400146484375,620.6799926757812,625.1400146484375,0,Energy_Index
2013-12-16,629.280029296875,631.989990234375,623.530029296875,623.530029296875,0,Energy_Index
2013-12-17,625.47998046875,629.25,623.5499877929688,629.2100219726562,0,Energy_Index
2013-12-18,635.8099975585938,636.6300048828125,623.0399780273438,625.5800170898438,0,Energy_Index
2013-12-19,637.22998046875,637.7000122070312,632.8300170898438,635.530029296875,0,Energy_Index
2013-12-20,638.0399780273438,640.260009765625,636.77001953125,637.27001953125,0,Energy_Index
2013-12-23,638.260009765625,642.6099853515625,637.8200073242188,638.6599731445312,0,Energy_Index
2013-12-24,642.3200073242188,642.75,638.469970703125,638.469970703125,0,Energy_Index
2013-12-26,647.8300170898438,648.3699951171875,642.8499755859375,642.8499755859375,0,Energy_Index
2013-12-27,650.969970703125,651.780029296875,648.010009765625,648.010009765625,0,Energy_Index
2013-12-30,645.77001953125,652.0800170898438,645.77001953125,651.4600219726562,0,Energy_Index
2013-12-31,651.6699829101562,652.4600219726562,645.77001953125,646.510009765625,0,Energy_Index
2014-01-02,643.1599731445312,651.22998046875,640.8699951171875,651.22998046875,0,Energy_Index
2014-01-03,641.530029296875,646.27001953125,639.9099731445312,643.8900146484375,0,Energy_Index
2014-01-06,641.9299926757812,644.1699829101562,638.9000244140625,642.0700073242188,0,Energy_Index
2014-01-07,647.6599731445312,647.8200073242188,640.989990234375,642.2000122070312,0,Energy_Index
2014-01-08,643.239990234375,647.530029296875,640.780029296875,647.530029296875,0,Energy_Index
2014-01-09,640.8800048828125,644.0,636.0900268554688,643.8300170898438,0,Energy_Index
2014-01-10,641.8300170898438,642.030029296875,637.22998046875,641.1699829101562,0,Energy_Index
2014-01-13,629.6300048828125,641.510009765625,628.7899780273438,641.510009765625,0,Energy_Index
2014-01-14,636.5,636.5999755859375,630.3699951171875,630.3699951171875,0,Energy_Index
2014-01-15,634.469970703125,637.0700073242188,633.75,636.7999877929688,0,Energy_Index
2014-01-16,634.9600219726562,635.0,630.3800048828125,634.4000244140625,0,Energy_Index
2014-01-17,634.6199951171875,640.4000244140625,633.5,634.9600219726562,0,Energy_Index
2014-01-21,637.8400268554688,639.6300048828125,633.3400268554688,633.7999877929688,0,Energy_Index
2014-01-22,639.8900146484375,641.0599975585938,636.8400268554688,638.489990234375,0,Energy_Index
2014-01-23,632.7100219726562,638.9600219726562,629.5800170898438,638.9600219726562,0,Energy_Index
2014-01-24,619.6500244140625,631.739990234375,619.6500244140625,631.739990234375,0,Energy_Index
2014-01-27,617.5399780273438,622.1300048828125,614.3099975585938,619.5700073242188,0,Energy_Index
2014-01-28,622.3499755859375,623.0999755859375,617.5800170898438,617.739990234375,0,Energy_Index
2014-01-29,618.6599731445312,622.9099731445312,614.0900268554688,621.0599975585938,0,Energy_Index
2014-01-30,619.6300048828125,622.4400024414062,615.7899780273438,619.010009765625,0,Energy_Index
2014-01-31,610.4400024414062,619.030029296875,608.0800170898438,619.030029296875,0,Energy_Index
2014-02-03,599.5800170898438,612.1400146484375,598.47998046875,610.5599975585938,0,Energy_Index
2014-02-04,603.97998046875,605.6900024414062,599.97998046875,599.97998046875,0,Energy_Index
2014-02-05,598.77001953125,603.6599731445312,597.9099731445312,603.6599731445312,0,Energy_Index
2014-02-06,606.5700073242188,607.5700073242188,599.3900146484375,599.3900146484375,0,Energy_Index
2014-02-07,613.2100219726562,613.6400146484375,606.5,607.27001953125,0,Energy_Index
2014-02-10,609.3499755859375,612.97998046875,607.4600219726562,612.97998046875,0,Energy_Index
2014-02-11,618.0399780273438,619.6099853515625,609.5499877929688,609.5499877929688,0,Energy_Index
2014-02-12,615.760009765625,620.25,615.2899780273438,618.52001953125,0,Energy_Index
2014-02-13,618.1199951171875,619.5700073242188,610.9199829101562,614.77001953125,0,Energy_Index
2014-02-14,627.1099853515625,628.4600219726562,618.3400268554688,618.3900146484375,0,Energy_Index
2014-02-18,629.1099853515625,630.4299926757812,626.219970703125,627.3599853515625,0,Energy_Index
2014-02-19,629.4199829101562,636.3300170898438,628.4000244140625,628.4000244140625,0,Energy_Index
2014-02-20,634.219970703125,635.5399780273438,628.8900146484375,628.9500122070312,0,Energy_Index
2014-02-21,629.8099975585938,634.3499755859375,629.760009765625,634.239990234375,0,Energy_Index
2014-02-24,639.3599853515625,644.5800170898438,630.6599731445312,630.6599731445312,0,Energy_Index
2014-02-25,639.27001953125,640.75,634.6099853515625,639.1699829101562,0,Energy_Index
2014-02-26,635.3599853515625,640.6199951171875,633.5999755859375,639.3699951171875,0,Energy_Index
2014-02-27,635.2899780273438,636.5700073242188,631.5999755859375,635.219970703125,0,Energy_Index
2014-02-28,638.3599853515625,641.1599731445312,635.0499877929688,635.47998046875,0,Energy_Index
2014-03-03,634.510009765625,641.0399780273438,631.9099731445312,637.9400024414062,0,Energy_Index
2014-03-04,640.9600219726562,643.0700073242188,635.1599731445312,635.1599731445312,0,Energy_Index
2014-03-05,634.0700073242188,641.02001953125,632.5800170898438,640.7999877929688,0,Energy_Index
2014-03-06,637.6099853515625,638.1900024414062,633.8800048828125,634.3599853515625,0,Energy_Index
2014-03-07,640.1599731445312,641.0800170898438,637.27001953125,638.1199951171875,0,Energy_Index
2014-03-10,641.47998046875,641.7100219726562,636.0900268554688,639.9199829101562,0,Energy_Index
2014-03-11,633.989990234375,642.0700073242188,632.2100219726562,641.3200073242188,0,Energy_Index
2014-03-12,634.280029296875,635.9400024414062,629.6599731445312,633.0499877929688,0,Energy_Index
2014-03-13,628.1099853515625,635.22998046875,626.239990234375,634.469970703125,0,Energy_Index
2014-03-14,628.97998046875,631.0700073242188,627.3499755859375,628.0,0,Energy_Index
2014-03-17,633.010009765625,633.9299926757812,629.4199829101562,629.4199829101562,0,Energy_Index
2014-03-18,637.9400024414062,639.7000122070312,633.0999755859375,633.3300170898438,0,Energy_Index
2014-03-19,632.1300048828125,638.2899780273438,628.7899780273438,637.739990234375,0,Energy_Index
2014-03-20,635.3200073242188,636.1199951171875,627.719970703125,631.719970703125,0,Energy_Index
2014-03-21,636.9600219726562,641.9500122070312,635.3200073242188,635.3200073242188,0,Energy_Index
2014-03-24,636.2100219726562,641.6199951171875,635.3099975585938,637.2899780273438,0,Energy_Index
2014-03-25,641.5499877929688,642.4299926757812,636.8900146484375,636.8900146484375,0,Energy_Index
2014-03-26,639.489990234375,645.75,638.9400024414062,642.1300048828125,0,Energy_Index
2014-03-27,645.0,646.2100219726562,637.989990234375,639.6799926757812,0,Energy_Index
2014-03-28,652.97998046875,654.1500244140625,645.5999755859375,645.5999755859375,0,Energy_Index
2014-03-31,652.9000244140625,656.9299926757812,651.3900146484375,653.72998046875,0,Energy_Index
2014-04-01,656.3800048828125,656.4000244140625,653.0999755859375,653.2100219726562,0,Energy_Index
2014-04-02,658.469970703125,659.3300170898438,654.77001953125,656.22998046875,0,Energy_Index
2014-04-03,662.1900024414062,664.510009765625,658.5,658.8400268554688,0,Energy_Index
2014-04-04,659.5,667.52001953125,658.6099853515625,663.25,0,Energy_Index
2014-04-07,649.97998046875,658.97998046875,649.9400024414062,658.97998046875,0,Energy_Index
2014-04-08,655.8699951171875,657.2000122070312,650.22998046875,650.22998046875,0,Energy_Index
2014-04-09,659.030029296875,659.3200073242188,652.5900268554688,656.3099975585938,0,Energy_Index
2014-04-10,650.25,660.5900268554688,649.22998046875,657.260009765625,0,Energy_Index
2014-04-11,648.7999877929688,652.5499877929688,648.1500244140625,649.6199951171875,0,Energy_Index
2014-04-14,657.3099975585938,658.5599975585938,649.5700073242188,649.5700073242188,0,Energy_Index
2014-04-15,665.5499877929688,665.6300048828125,654.8900146484375,657.3200073242188,0,Energy_Index
2014-04-16,673.5800170898438,673.5800170898438,665.9199829101562,665.9199829101562,0,Energy_Index
2014-04-17,679.1199951171875,680.7899780273438,673.1699829101562,673.5499877929688,0,Energy_Index
2014-04-21,683.5599975585938,683.7100219726562,678.0800170898438,679.3400268554688,0,Energy_Index
2014-04-22,682.0499877929688,683.97998046875,678.780029296875,683.1799926757812,0,Energy_Index
2014-04-23,685.280029296875,687.010009765625,681.9600219726562,682.0399780273438,0,Energy_Index
2014-04-24,684.6199951171875,687.760009765625,683.7899780273438,685.6799926757812,0,Energy_Index
2014-04-25,681.6199951171875,685.280029296875,679.8499755859375,684.260009765625,0,Energy_Index
2014-04-28,683.4500122070312,685.1300048828125,677.9600219726562,682.0999755859375,0,Energy_Index
2014-04-29,686.3400268554688,692.3499755859375,683.7899780273438,683.7899780273438,0,Energy_Index
2014-04-30,686.2899780273438,686.7000122070312,681.4299926757812,685.8900146484375,0,Energy_Index
2014-05-01,683.8400268554688,686.47998046875,682.3400268554688,686.469970703125,0,Energy_Index
2014-05-02,686.030029296875,690.6799926757812,681.97998046875,683.8400268554688,0,Energy_Index
2014-05-05,689.2000122070312,690.4600219726562,682.5399780273438,685.25,0,Energy_Index
2014-05-06,690.2000122070312,693.3699951171875,688.6300048828125,689.22998046875,0,Energy_Index
2014-05-07,695.510009765625,696.530029296875,689.6900024414062,691.489990234375,0,Energy_Index
2014-05-08,686.5700073242188,695.6599731445312,685.8900146484375,695.1799926757812,0,Energy_Index
2014-05-09,685.3499755859375,687.4500122070312,682.6599731445312,686.760009765625,0,Energy_Index
2014-05-12,689.5599975585938,689.8400268554688,686.0700073242188,686.27001953125,0,Energy_Index
2014-05-13,691.7999877929688,692.510009765625,689.77001953125,690.1500244140625,0,Energy_Index
2014-05-14,692.0900268554688,694.0999755859375,691.1799926757812,691.8499755859375,0,Energy_Index
2014-05-15,683.030029296875,691.5499877929688,678.530029296875,691.5499877929688,0,Energy_Index
2014-05-16,681.1300048828125,683.02001953125,678.760009765625,683.02001953125,0,Energy_Index
2014-05-19,683.1400146484375,684.760009765625,680.1699829101562,680.8499755859375,0,Energy_Index
2014-05-20,681.489990234375,684.47998046875,680.469970703125,682.8499755859375,0,Energy_Index
2014-05-21,688.8800048828125,689.719970703125,682.5,682.5,0,Energy_Index
2014-05-22,687.75,691.0999755859375,687.3400268554688,688.8900146484375,0,Energy_Index
2014-05-23,686.9000244140625,690.47998046875,686.6400146484375,687.989990234375,0,Energy_Index
2014-05-27,688.469970703125,690.0399780273438,686.02001953125,688.2899780273438,0,Energy_Index
2014-05-28,689.280029296875,691.6799926757812,687.47998046875,688.97998046875,0,Energy_Index
2014-05-29,694.260009765625,694.4600219726562,688.5999755859375,689.7000122070312,0,Energy_Index
2014-05-30,693.4600219726562,693.9299926757812,690.0900268554688,693.739990234375,0,Energy_Index
2014-06-02,691.7999877929688,695.0999755859375,690.52001953125,693.8099975585938,0,Energy_Index
2014-06-03,694.0999755859375,694.8300170898438,690.5700073242188,691.5999755859375,0,Energy_Index
2014-06-04,693.1599731445312,694.0800170898438,691.010009765625,693.27001953125,0,Energy_Index
2014-06-05,697.3599853515625,698.1099853515625,691.489990234375,693.2899780273438,0,Energy_Index
2014-06-06,703.1300048828125,703.6300048828125,697.719970703125,697.719970703125,0,Energy_Index
2014-06-09,703.8499755859375,707.1400146484375,702.0999755859375,703.1300048828125,0,Energy_Index
2014-06-10,703.1400146484375,704.3400268554688,701.4099731445312,703.969970703125,0,Energy_Index
2014-06-11,705.4199829101562,706.5,700.219970703125,702.1699829101562,0,Energy_Index
2014-06-12,707.6900024414062,712.3300170898438,705.9400024414062,705.9400024414062,0,Energy_Index
2014-06-13,714.8300170898438,714.8300170898438,706.02001953125,708.1300048828125,0,Energy_Index
2014-06-16,718.5599975585938,720.0,714.010009765625,714.8300170898438,0,Energy_Index
2014-06-17,717.3400268554688,718.3599853515625,713.0999755859375,718.3599853515625,0,Energy_Index
2014-06-18,722.75,723.1300048828125,715.5700073242188,717.4400024414062,0,Energy_Index
2014-06-19,727.22998046875,727.22998046875,721.1400146484375,722.8400268554688,0,Energy_Index
2014-06-20,734.1599731445312,734.6799926757812,727.02001953125,727.22998046875,0,Energy_Index
2014-06-23,737.0900268554688,738.7100219726562,734.510009765625,734.510009765625,0,Energy_Index
2014-06-24,722.5,737.0399780273438,721.3800048828125,736.8400268554688,0,Energy_Index
2014-06-25,727.2999877929688,727.6599731445312,718.7000122070312,722.3499755859375,0,Energy_Index
2014-06-26,727.8699951171875,728.219970703125,721.219970703125,727.0999755859375,0,Energy_Index
2014-06-27,727.52001953125,728.0499877929688,723.5900268554688,727.260009765625,0,Energy_Index
2014-06-30,727.6300048828125,728.6300048828125,724.3499755859375,727.5900268554688,0,Energy_Index
2014-07-01,728.3400268554688,731.239990234375,726.530029296875,728.0,0,Energy_Index
2014-07-02,727.530029296875,729.6500244140625,725.9099731445312,728.260009765625,0,Energy_Index
2014-07-03,730.3699951171875,731.4500122070312,726.9199829101562,727.9299926757812,0,Energy_Index
2014-07-07,726.22998046875,729.3300170898438,724.7100219726562,729.3300170898438,0,Energy_Index
2014-07-08,725.0800170898438,726.9000244140625,723.0399780273438,725.719970703125,0,Energy_Index
2014-07-09,729.6900024414062,730.219970703125,725.5900268554688,725.6199951171875,0,Energy_Index
2014-07-10,722.760009765625,729.3400268554688,719.4099731445312,729.3400268554688,0,Energy_Index
2014-07-11,717.239990234375,722.0,715.5999755859375,721.72998046875,0,Energy_Index
2014-07-14,723.510009765625,724.3099975585938,717.9600219726562,717.9600219726562,0,Energy_Index
2014-07-15,720.3400268554688,723.3200073242188,716.0499877929688,723.3200073242188,0,Energy_Index
2014-07-16,731.5900268554688,731.6599731445312,721.2999877929688,721.2999877929688,0,Energy_Index
2014-07-17,719.8699951171875,732.3800048828125,719.4199829101562,731.1900024414062,0,Energy_Index
2014-07-18,721.9099731445312,723.5800170898438,718.030029296875,720.0499877929688,0,Energy_Index
2014-07-21,723.030029296875,723.6699829101562,718.969970703125,721.3099975585938,0,Energy_Index
2014-07-22,728.5499877929688,730.52001953125,724.4099731445312,724.4099731445312,0,Energy_Index
2014-07-23,732.6199951171875,732.9600219726562,727.530029296875,728.9500122070312,0,Energy_Index
2014-07-24,733.4400024414062,736.0900268554688,731.3099975585938,732.9500122070312,0,Energy_Index
2014-07-25,727.8099975585938,732.6599731445312,727.1199951171875,732.6599731445312,0,Energy_Index
2014-07-28,726.969970703125,728.52001953125,722.3499755859375,728.0399780273438,0,Energy_Index
2014-07-29,724.0700073242188,728.9099731445312,724.0700073242188,726.75,0,Energy_Index
2014-07-30,720.3300170898438,729.6900024414062,718.010009765625,724.72998046875,0,Energy_Index
2014-07-31,702.8699951171875,718.5800170898438,702.8599853515625,718.5800170898438,0,Energy_Index
2014-08-01,697.8699951171875,703.22998046875,692.489990234375,702.3300170898438,0,Energy_Index
2014-08-04,709.0999755859375,710.6900024414062,695.6699829101562,698.1400146484375,0,Energy_Index
2014-08-05,693.9400024414062,708.77001953125,690.1500244140625,708.77001953125,0,Energy_Index
2014-08-06,696.6599731445312,703.760009765625,691.9400024414062,692.9299926757812,0,Energy_Index
2014-08-07,691.9000244140625,700.8400268554688,688.469970703125,697.52001953125,0,Energy_Index
2014-08-08,703.5,703.8900146484375,692.6199951171875,692.969970703125,0,Energy_Index
2014-08-11,702.4500122070312,708.760009765625,701.8099975585938,704.760009765625,0,Energy_Index
2014-08-12,697.780029296875,701.8599853515625,694.8800048828125,701.8599853515625,0,Energy_Index
2014-08-13,700.0999755859375,703.4199829101562,697.3699951171875,698.4600219726562,0,Energy_Index
2014-08-14,696.5800170898438,701.6799926757812,695.5700073242188,700.8400268554688,0,Energy_Index
2014-08-15,700.1500244140625,701.3800048828125,694.9099731445312,696.760009765625,0,Energy_Index
2014-08-18,702.1199951171875,703.9500122070312,699.3499755859375,701.1599731445312,0,Energy_Index
2014-08-19,707.22998046875,708.3800048828125,702.7000122070312,702.7000122070312,0,Energy_Index
2014-08-20,708.6500244140625,709.489990234375,703.760009765625,706.6199951171875,0,Energy_Index
2014-08-21,708.6699829101562,709.719970703125,706.6699829101562,708.8400268554688,0,Energy_Index
2014-08-22,704.0599975585938,707.6900024414062,701.3499755859375,707.6900024414062,0,Energy_Index
2014-08-25,709.6099853515625,710.1099853515625,705.3300170898438,705.3300170898438,0,Energy_Index
2014-08-26,713.2899780273438,716.8699951171875,709.8400268554688,709.8400268554688,0,Energy_Index
2014-08-27,712.5900268554688,715.0999755859375,710.5999755859375,713.5900268554688,0,Energy_Index
2014-08-28,712.27001953125,713.2100219726562,709.6799926757812,711.780029296875,0,Energy_Index
2014-08-29,715.719970703125,715.8900146484375,711.1599731445312,712.75,0,Energy_Index
2014-09-02,706.7999877929688,715.5399780273438,703.5,715.5399780273438,0,Energy_Index
2014-09-03,709.0,713.1900024414062,708.3300170898438,708.3300170898438,0,Energy_Index
2014-09-04,699.8300170898438,710.6900024414062,696.77001953125,709.5900268554688,0,Energy_Index
2014-09-05,704.6400146484375,704.6699829101562,695.7999877929688,699.739990234375,0,Energy_Index
2014-09-08,693.469970703125,704.0499877929688,690.4600219726562,704.0499877929688,0,Energy_Index
2014-09-09,690.1799926757812,696.6599731445312,686.3400268554688,693.8900146484375,0,Energy_Index
2014-09-10,688.0999755859375,689.8200073242188,680.3800048828125,689.8200073242188,0,Energy_Index
2014-09-11,688.7000122070312,689.5,680.2100219726562,687.4500122070312,0,Energy_Index
2014-09-12,678.3300170898438,687.4299926757812,676.5599975585938,687.4299926757812,0,Energy_Index
2014-09-15,683.2899780273438,684.8300170898438,674.6099853515625,677.6400146484375,0,Energy_Index
2014-09-16,691.3900146484375,695.5999755859375,682.1300048828125,682.8200073242188,0,Energy_Index
2014-09-17,688.0800170898438,693.3200073242188,686.3599853515625,692.0,0,Energy_Index
2014-09-18,684.7999877929688,689.3599853515625,683.3099975585938,688.739990234375,0,Energy_Index
2014-09-19,684.8200073242188,689.5,684.6500244140625,684.8099975585938,0,Energy_Index
2014-09-22,675.52001953125,684.0999755859375,673.530029296875,684.0999755859375,0,Energy_Index
2014-09-23,673.3900146484375,679.8300170898438,673.2999877929688,675.1699829101562,0,Energy_Index
2014-09-24,673.6300048828125,677.280029296875,663.8800048828125,673.030029296875,0,Energy_Index
2014-09-25,663.2899780273438,673.7100219726562,663.2899780273438,673.3800048828125,0,Energy_Index
2014-09-26,671.9500122070312,674.3699951171875,661.1300048828125,663.219970703125,0,Energy_Index
2014-09-29,669.1099853515625,671.6400146484375,661.469970703125,671.6400146484375,0,Energy_Index
2014-09-30,661.0499877929688,669.9000244140625,657.7100219726562,668.47998046875,0,Energy_Index
2014-10-01,648.7100219726562,663.6900024414062,646.72998046875,661.0999755859375,0,Energy_Index
2014-10-02,646.25,649.9400024414062,635.4400024414062,647.969970703125,0,Energy_Index
2014-10-03,646.260009765625,648.6099853515625,640.1599731445312,646.8900146484375,0,Energy_Index
2014-10-06,647.0900268554688,653.0700073242188,642.5999755859375,646.969970703125,0,Energy_Index
2014-10-07,638.47998046875,651.22998046875,638.3499755859375,646.2999877929688,0,Energy_Index
2014-10-08,644.9099731445312,645.4099731445312,627.4299926757812,637.6799926757812,0,Energy_Index
2014-10-09,621.0399780273438,643.6599731445312,620.2899780273438,643.6599731445312,0,Energy_Index
2014-10-10,613.72998046875,626.3499755859375,607.77001953125,621.010009765625,0,Energy_Index
2014-10-13,596.2100219726562,619.1699829101562,595.8599853515625,613.1300048828125,0,Energy_Index
2014-10-14,588.9000244140625,605.4299926757812,586.1400146484375,596.8300170898438,0,Energy_Index
2014-10-15,591.4199829101562,593.0700073242188,571.0399780273438,588.719970703125,0,Energy_Index
2014-10-16,601.3900146484375,606.469970703125,580.280029296875,591.1500244140625,0,Energy_Index
2014-10-17,606.9000244140625,617.969970703125,601.3900146484375,601.3900146484375,0,Energy_Index
2014-10-20,611.510009765625,612.3099975585938,603.260009765625,606.77001953125,0,Energy_Index
2014-10-21,629.4000244140625,630.739990234375,611.9000244140625,611.9000244140625,0,Energy_Index
2014-10-22,618.969970703125,634.6199951171875,618.530029296875,629.8599853515625,0,Energy_Index
2014-10-23,630.02001953125,635.989990234375,619.6599731445312,619.6599731445312,0,Energy_Index
2014-10-24,628.22998046875,629.8699951171875,620.27001953125,629.8699951171875,0,Energy_Index
2014-10-27,615.47998046875,627.989990234375,609.7999877929688,627.989990234375,0,Energy_Index
2014-10-28,629.4400024414062,630.219970703125,615.5,616.0,0,Energy_Index
2014-10-29,630.4500122070312,639.9199829101562,624.4299926757812,629.6799926757812,0,Energy_Index
2014-10-30,628.5,630.780029296875,621.1400146484375,630.0900268554688,0,Energy_Index
2014-10-31,641.3200073242188,641.77001953125,624.1699829101562,628.77001953125,0,Energy_Index
2014-11-03,630.1599731445312,646.4000244140625,628.4199829101562,641.780029296875,0,Energy_Index
2014-11-04,617.989990234375,629.2899780273438,613.2999877929688,629.2899780273438,0,Energy_Index
2014-11-05,628.7899780273438,631.2100219726562,618.2999877929688,618.2999877929688,0,Energy_Index
2014-11-06,636.8400268554688,636.8400268554688,623.469970703125,627.969970703125,0,Energy_Index
2014-11-07,642.7999877929688,646.9400024414062,636.8300170898438,636.8300170898438,0,Energy_Index
2014-11-10,637.4500122070312,650.1699829101562,635.7999877929688,643.239990234375,0,Energy_Index
2014-11-11,639.1199951171875,640.3300170898438,632.2899780273438,637.5,0,Energy_Index
2014-11-12,633.2100219726562,640.9299926757812,632.1799926757812,638.4000244140625,0,Energy_Index
2014-11-13,624.6900024414062,631.77001953125,615.6400146484375,631.77001953125,0,Energy_Index
2014-11-14,629.8800048828125,630.25,623.219970703125,624.5700073242188,0,Energy_Index
2014-11-17,627.1500244140625,630.1099853515625,623.8300170898438,629.2100219726562,0,Energy_Index
2014-11-18,627.4199829101562,631.8900146484375,624.77001953125,627.1799926757812,0,Energy_Index
2014-11-19,630.9299926757812,632.4099731445312,622.969970703125,628.0999755859375,0,Energy_Index
2014-11-20,637.8200073242188,638.4299926757812,630.6699829101562,630.6699829101562,0,Energy_Index
2014-11-21,645.5999755859375,650.0499877929688,638.469970703125,638.469970703125,0,Energy_Index
2014-11-24,640.8800048828125,646.6500244140625,638.219970703125,644.6699829101562,0,Energy_Index
2014-11-25,630.6199951171875,642.9400024414062,629.8699951171875,641.6900024414062,0,Energy_Index
2014-11-26,623.6500244140625,630.4000244140625,622.8099975585938,630.4000244140625,0,Energy_Index
2014-11-28,584.5800170898438,623.6500244140625,583.0999755859375,623.6500244140625,0,Energy_Index
2014-12-01,588.739990234375,590.0999755859375,578.75,584.3599853515625,0,Energy_Index
2014-12-02,596.5800170898438,600.6699829101562,584.969970703125,588.52001953125,0,Energy_Index
2014-12-03,603.530029296875,607.219970703125,597.1500244140625,597.1500244140625,0,Energy_Index
2014-12-04,599.72998046875,601.8400268554688,592.5999755859375,601.8400268554688,0,Energy_Index
2014-12-05,591.530029296875,598.0900268554688,589.2100219726562,597.97998046875,0,Energy_Index
2014-12-08,568.4299926757812,591.3099975585938,567.260009765625,591.3099975585938,0,Energy_Index
2014-12-09,572.030029296875,575.9500122070312,565.3599853515625,568.2899780273438,0,Energy_Index
2014-12-10,552.75,572.010009765625,552.3499755859375,572.010009765625,0,Energy_Index
2014-12-11,555.8200073242188,569.8300170898438,554.77001953125,555.6199951171875,0,Energy_Index
2014-12-12,543.9000244140625,555.5499877929688,543.9000244140625,555.5499877929688,0,Energy_Index
2014-12-15,540.030029296875,553.9400024414062,538.52001953125,544.1300048828125,0,Energy_Index
2014-12-16,543.7899780273438,560.260009765625,534.010009765625,539.489990234375,0,Energy_Index
2014-12-17,566.75,571.0700073242188,543.989990234375,543.989990234375,0,Energy_Index
2014-12-18,578.7899780273438,579.7100219726562,562.7999877929688,566.77001953125,0,Energy_Index
2014-12-19,596.8499755859375,596.8499755859375,577.0800170898438,578.8099975585938,0,Energy_Index
2014-12-22,591.010009765625,596.719970703125,585.3300170898438,596.719970703125,0,Energy_Index
2014-12-23,598.4400024414062,600.5499877929688,591.030029296875,591.510009765625,0,Energy_Index
2014-12-24,593.5999755859375,597.739990234375,587.3699951171875,597.739990234375,0,Energy_Index
2014-12-26,593.1900024414062,598.4400024414062,590.9099731445312,594.7899780273438,0,Energy_Index
2014-12-29,594.760009765625,599.2899780273438,591.9000244140625,593.8400268554688,0,Energy_Index
2014-12-30,591.0499877929688,595.2999877929688,588.75,594.3300170898438,0,Energy_Index
2014-12-31,586.5900268554688,592.489990234375,583.489990234375,590.1500244140625,0,Energy_Index
2015-01-02,589.1199951171875,590.72998046875,581.1099853515625,586.5900268554688,0,Energy_Index
2015-01-05,565.5999755859375,589.1199951171875,563.22998046875,589.1199951171875,0,Energy_Index
2015-01-06,558.1900024414062,569.7000122070312,554.4400024414062,565.5999755859375,0,Energy_Index
2015-01-07,560.0900268554688,567.22998046875,556.3099975585938,558.1900024414062,0,Energy_Index
2015-01-08,572.4400024414062,572.780029296875,560.0900268554688,560.0900268554688,0,Energy_Index
2015-01-09,567.9199829101562,573.2100219726562,562.9099731445312,572.4400024414062,0,Energy_Index
2015-01-12,552.0,567.9199829101562,549.2999877929688,567.9199829101562,0,Energy_Index
2015-01-13,547.989990234375,558.1099853515625,542.8200073242188,552.0,0,Energy_Index
2015-01-14,548.6799926757812,549.5999755859375,533.6300048828125,547.989990234375,0,Energy_Index
2015-01-15,542.0599975585938,555.1799926757812,541.6799926757812,548.6799926757812,0,Energy_Index
2015-01-16,559.3599853515625,559.6300048828125,542.0599975585938,542.0599975585938,0,Energy_Index
2015-01-20,559.9000244140625,560.1900024414062,550.280029296875,559.3599853515625,0,Energy_Index
2015-01-21,570.1500244140625,570.530029296875,559.9000244140625,559.9000244140625,0,Energy_Index
2015-01-22,573.4400024414062,573.6199951171875,563.489990234375,570.1500244140625,0,Energy_Index
2015-01-23,568.280029296875,576.1699829101562,568.0499877929688,573.4400024414062,0,Energy_Index
2015-01-26,576.1799926757812,577.3699951171875,565.1799926757812,568.280029296875,0,Energy_Index
2015-01-27,575.1799926757812,577.8599853515625,570.3800048828125,576.1799926757812,0,Energy_Index
2015-01-28,552.9099731445312,575.1799926757812,551.8499755859375,575.1799926757812,0,Energy_Index
2015-01-29,553.8599853515625,556.989990234375,542.0499877929688,552.9099731445312,0,Energy_Index
2015-01-30,557.9500122070312,564.1199951171875,545.7000122070312,553.8599853515625,0,Energy_Index
2015-02-02,574.6799926757812,574.6799926757812,557.9500122070312,557.9500122070312,0,Energy_Index
2015-02-03,590.6400146484375,592.8300170898438,574.6799926757812,574.6799926757812,0,Energy_Index
2015-02-04,581.1199951171875,590.6400146484375,576.3599853515625,590.6400146484375,0,Energy_Index
2015-02-05,589.530029296875,592.010009765625,581.1199951171875,581.1199951171875,0,Energy_Index
2015-02-06,587.97998046875,593.6300048828125,585.6799926757812,589.530029296875,0,Energy_Index
2015-02-09,589.030029296875,595.1199951171875,587.5599975585938,587.97998046875,0,Energy_Index
2015-02-10,587.8900146484375,589.2000122070312,578.1599731445312,589.030029296875,0,Energy_Index
2015-02-11,584.030029296875,587.8900146484375,577.8900146484375,587.8900146484375,0,Energy_Index
2015-02-12,591.8400268554688,594.2000122070312,584.030029296875,584.030029296875,0,Energy_Index
2015-02-13,603.4000244140625,603.6699829101562,591.8400268554688,591.8400268554688,0,Energy_Index
2015-02-17,604.280029296875,604.97998046875,596.8499755859375,603.4000244140625,0,Energy_Index
2015-02-18,595.47998046875,604.280029296875,594.3800048828125,604.280029296875,0,Energy_Index
2015-02-19,590.8300170898438,595.47998046875,580.6799926757812,595.47998046875,0,Energy_Index
2015-02-20,589.0700073242188,592.4600219726562,584.010009765625,590.8300170898438,0,Energy_Index
2015-02-23,586.5999755859375,590.5800170898438,581.8499755859375,589.0700073242188,0,Energy_Index
2015-02-24,587.72998046875,590.0399780273438,584.7000122070312,586.5999755859375,0,Energy_Index
2015-02-25,590.1799926757812,591.0499877929688,585.510009765625,587.72998046875,0,Energy_Index
2015-02-26,579.760009765625,590.1799926757812,576.8699951171875,590.1799926757812,0,Energy_Index
2015-02-27,577.510009765625,582.1300048828125,577.0700073242188,579.760009765625,0,Energy_Index
2015-03-02,573.510009765625,577.510009765625,568.2899780273438,577.510009765625,0,Energy_Index
2015-03-03,574.8099975585938,577.9400024414062,570.7999877929688,573.510009765625,0,Energy_Index
2015-03-04,573.6300048828125,574.9199829101562,568.219970703125,574.8099975585938,0,Energy_Index
2015-03-05,570.0800170898438,573.6300048828125,569.8300170898438,573.6300048828125,0,Energy_Index
2015-03-06,560.6599731445312,570.0800170898438,559.0700073242188,570.0800170898438,0,Energy_Index
2015-03-09,556.7899780273438,565.8699951171875,556.780029296875,560.6599731445312,0,Energy_Index
2015-03-10,548.8699951171875,556.7899780273438,548.8699951171875,556.7899780273438,0,Energy_Index
2015-03-11,549.969970703125,552.52001953125,546.989990234375,548.8699951171875,0,Energy_Index
2015-03-12,547.4199829101562,552.75,547.1799926757812,550.0999755859375,0,Energy_Index
2015-03-13,544.8699951171875,547.4199829101562,539.260009765625,547.4199829101562,0,Energy_Index
2015-03-16,552.2000122070312,552.52001953125,540.510009765625,544.8699951171875,0,Energy_Index
2015-03-17,549.3200073242188,552.2000122070312,546.22998046875,552.2000122070312,0,Energy_Index
2015-03-18,565.25,567.9500122070312,545.5,549.3200073242188,0,Energy_Index
2015-03-19,555.6799926757812,565.25,554.530029296875,565.25,0,Energy_Index
2015-03-20,563.2999877929688,566.6099853515625,555.6799926757812,555.6799926757812,0,Energy_Index
2015-03-23,562.2999877929688,568.4600219726562,562.1900024414062,563.2999877929688,0,Energy_Index
2015-03-24,557.75,564.0499877929688,557.6900024414062,562.2999877929688,0,Energy_Index
2015-03-25,564.5499877929688,568.5700073242188,557.75,557.75,0,Energy_Index
2015-03-26,563.4099731445312,571.47998046875,561.469970703125,564.5499877929688,0,Energy_Index
2015-03-27,559.22998046875,563.4099731445312,557.5999755859375,563.4099731445312,0,Energy_Index
2015-03-30,571.0,572.1900024414062,559.22998046875,559.22998046875,0,Energy_Index
2015-03-31,565.760009765625,571.0,564.52001953125,571.0,0,Energy_Index
2015-04-01,566.7999877929688,571.9199829101562,565.760009765625,565.760009765625,0,Energy_Index
2015-04-02,567.7899780273438,571.0,563.1400146484375,566.7999877929688,0,Energy_Index
2015-04-06,577.8400268554688,581.22998046875,567.7899780273438,567.7899780273438,0,Energy_Index
2015-04-07,579.6199951171875,582.3699951171875,575.9400024414062,577.8400268554688,0,Energy_Index
2015-04-08,573.6500244140625,582.6900024414062,573.47998046875,579.6199951171875,0,Energy_Index
2015-04-09,582.4299926757812,583.6099853515625,573.6500244140625,573.6500244140625,0,Energy_Index
2015-04-10,585.3599853515625,586.6400146484375,582.1400146484375,582.4299926757812,0,Energy_Index
2015-04-13,580.4299926757812,588.7899780273438,579.6699829101562,585.3599853515625,0,Energy_Index
2015-04-14,590.72998046875,592.5999755859375,580.4299926757812,580.4299926757812,0,Energy_Index
2015-04-15,604.3400268554688,605.52001953125,590.72998046875,590.72998046875,0,Energy_Index
2015-04-16,602.6699829101562,607.489990234375,597.9299926757812,604.3400268554688,0,Energy_Index
2015-04-17,597.8099975585938,602.6699829101562,593.2899780273438,602.6699829101562,0,Energy_Index
2015-04-20,600.47998046875,606.7899780273438,597.8099975585938,597.8099975585938,0,Energy_Index
2015-04-21,594.4000244140625,601.4099731445312,592.4500122070312,600.47998046875,0,Energy_Index
2015-04-22,598.1699829101562,600.3200073242188,591.8699951171875,594.4000244140625,0,Energy_Index
2015-04-23,601.8599853515625,605.989990234375,598.1699829101562,598.1699829101562,0,Energy_Index
2015-04-24,597.97998046875,601.8599853515625,595.5399780273438,601.8599853515625,0,Energy_Index
2015-04-27,597.6099853515625,601.989990234375,596.77001953125,597.97998046875,0,Energy_Index
2015-04-28,600.7899780273438,601.1500244140625,595.6900024414062,597.6099853515625,0,Energy_Index
2015-04-29,605.0700073242188,605.6599731445312,596.75,600.7899780273438,0,Energy_Index
2015-04-30,602.8900146484375,608.27001953125,600.2999877929688,605.0700073242188,0,Energy_Index
2015-05-01,604.75,605.4199829101562,600.010009765625,602.8900146484375,0,Energy_Index
2015-05-04,603.3599853515625,608.1799926757812,601.1099853515625,604.75,0,Energy_Index
2015-05-05,596.719970703125,610.8200073242188,596.6199951171875,603.3599853515625,0,Energy_Index
2015-05-06,594.9299926757812,604.4400024414062,592.0,596.719970703125,0,Energy_Index
2015-05-07,588.3900146484375,594.9299926757812,584.25,594.9299926757812,0,Energy_Index
2015-05-08,597.8099975585938,598.3699951171875,587.0599975585938,588.3900146484375,0,Energy_Index
2015-05-11,585.5700073242188,597.8099975585938,585.0599975585938,597.8099975585938,0,Energy_Index
2015-05-12,588.1300048828125,590.9600219726562,583.8699951171875,585.5700073242188,0,Energy_Index
2015-05-13,586.3200073242188,593.4600219726562,584.3400268554688,588.1300048828125,0,Energy_Index
2015-05-14,586.5999755859375,591.7000122070312,585.6599731445312,586.3200073242188,0,Energy_Index
2015-05-15,587.9299926757812,589.739990234375,581.7100219726562,586.5999755859375,0,Energy_Index
2015-05-18,587.4400024414062,588.25,584.25,587.9299926757812,0,Energy_Index
2015-05-19,580.2100219726562,587.4400024414062,579.3300170898438,587.4400024414062,0,Energy_Index
2015-05-20,581.1300048828125,583.02001953125,578.1300048828125,580.2100219726562,0,Energy_Index
2015-05-21,586.02001953125,587.0499877929688,581.1300048828125,581.1300048828125,0,Energy_Index
2015-05-22,583.4400024414062,586.219970703125,581.3499755859375,586.02001953125,0,Energy_Index
2015-05-26,574.2100219726562,583.4400024414062,572.3499755859375,583.4400024414062,0,Energy_Index
2015-05-27,573.5999755859375,578.7100219726562,570.8400268554688,574.2100219726562,0,Energy_Index
2015-05-28,571.77001953125,573.5999755859375,568.4199829101562,573.5999755859375,0,Energy_Index
2015-05-29,571.4099731445312,574.739990234375,569.8099975585938,571.77001953125,0,Energy_Index
2015-06-01,570.1400146484375,572.3900146484375,568.9600219726562,571.4099731445312,0,Energy_Index
2015-06-02,573.0,575.8400268554688,568.7100219726562,570.1400146484375,0,Energy_Index
2015-06-03,569.260009765625,575.760009765625,568.989990234375,573.0,0,Energy_Index
2015-06-04,562.1799926757812,569.260009765625,561.6599731445312,569.260009765625,0,Energy_Index
2015-06-05,565.8800048828125,570.7899780273438,560.4199829101562,562.1799926757812,0,Energy_Index
2015-06-08,563.0999755859375,566.510009765625,562.010009765625,565.8800048828125,0,Energy_Index
2015-06-09,562.8200073242188,569.4400024414062,562.7000122070312,563.0999755859375,0,Energy_Index
2015-06-10,569.4500122070312,570.75,562.8200073242188,562.8200073242188,0,Energy_Index
2015-06-11,567.1900024414062,571.3699951171875,566.489990234375,569.4500122070312,0,Energy_Index
2015-06-12,560.5999755859375,567.1900024414062,559.5499877929688,567.1900024414062,0,Energy_Index
2015-06-15,558.8800048828125,561.7899780273438,555.0,560.5999755859375,0,Energy_Index
2015-06-16,563.4299926757812,563.780029296875,557.489990234375,558.8800048828125,0,Energy_Index
2015-06-17,562.6199951171875,568.77001953125,559.8499755859375,563.4299926757812,0,Energy_Index
2015-06-18,563.0,566.52001953125,562.510009765625,562.6199951171875,0,Energy_Index
2015-06-19,558.010009765625,563.0,557.7000122070312,563.0,0,Energy_Index
2015-06-22,563.5,563.8800048828125,557.9500122070312,558.010009765625,0,Energy_Index
2015-06-23,565.27001953125,566.0800170898438,562.2100219726562,563.5,0,Energy_Index
2015-06-24,561.719970703125,566.8699951171875,561.7100219726562,565.27001953125,0,Energy_Index
2015-06-25,555.97998046875,562.3099975585938,555.9600219726562,561.719970703125,0,Energy_Index
2015-06-26,557.3200073242188,557.9199829101562,552.7999877929688,555.97998046875,0,Energy_Index
2015-06-29,547.5399780273438,557.3200073242188,547.3300170898438,557.3200073242188,0,Energy_Index
2015-06-30,551.1099853515625,553.5599975585938,547.5399780273438,547.5399780273438,0,Energy_Index
2015-07-01,543.9099731445312,552.0399780273438,541.9099731445312,551.1099853515625,0,Energy_Index
2015-07-02,546.280029296875,549.219970703125,543.9099731445312,543.9099731445312,0,Energy_Index
2015-07-06,539.3800048828125,546.280029296875,537.280029296875,546.280029296875,0,Energy_Index
2015-07-07,544.1400146484375,545.9099731445312,531.8099975585938,539.3800048828125,0,Energy_Index
2015-07-08,533.489990234375,544.1400146484375,531.6400146484375,544.1400146484375,0,Energy_Index
2015-07-09,535.530029296875,542.5800170898438,533.489990234375,533.489990234375,0,Energy_Index
2015-07-10,538.25,541.5900268554688,535.530029296875,535.530029296875,0,Energy_Index
2015-07-13,541.6400146484375,543.010009765625,538.25,538.25,0,Energy_Index
2015-07-14,546.1599731445312,547.5,541.1699829101562,541.6400146484375,0,Energy_Index
2015-07-15,537.3300170898438,546.1599731445312,535.4199829101562,546.1599731445312,0,Energy_Index
2015-07-16,537.6199951171875,541.3499755859375,536.469970703125,537.3300170898438,0,Energy_Index
2015-07-17,531.8599853515625,537.6199951171875,529.5599975585938,537.6199951171875,0,Energy_Index
2015-07-20,525.010009765625,531.8599853515625,524.52001953125,531.8599853515625,0,Energy_Index
2015-07-21,525.510009765625,530.1699829101562,523.9199829101562,525.010009765625,0,Energy_Index
2015-07-22,522.1300048828125,526.7100219726562,521.0399780273438,525.510009765625,0,Energy_Index
2015-07-23,520.5599975585938,524.6900024414062,517.27001953125,522.1300048828125,0,Energy_Index
2015-07-24,510.239990234375,520.5599975585938,508.57000732421875,520.5599975585938,0,Energy_Index
2015-07-27,503.3299865722656,510.239990234375,501.1600036621094,510.239990234375,0,Energy_Index
2015-07-28,518.3599853515625,520.7100219726562,503.3299865722656,503.3299865722656,0,Energy_Index
2015-07-29,525.0,525.3300170898438,515.239990234375,518.3599853515625,0,Energy_Index
2015-07-30,521.5999755859375,525.5,519.280029296875,525.0,0,Energy_Index
2015-07-31,508.04998779296875,521.5999755859375,507.42999267578125,521.5999755859375,0,Energy_Index
2015-08-03,497.8500061035156,508.04998779296875,496.8599853515625,508.04998779296875,0,Energy_Index
2015-08-04,495.54998779296875,503.4599914550781,493.7200012207031,497.8500061035156,0,Energy_Index
2015-08-05,491.8399963378906,504.30999755859375,491.6600036621094,495.54998779296875,0,Energy_Index
2015-08-06,499.6300048828125,500.75,486.1000061035156,491.8399963378906,0,Energy_Index
2015-08-07,490.3500061035156,501.04998779296875,488.9599914550781,499.6300048828125,0,Energy_Index
2015-08-10,505.6099853515625,505.6400146484375,490.3500061035156,490.3500061035156,0,Energy_Index
2015-08-11,504.6600036621094,505.6099853515625,494.1300048828125,505.6099853515625,0,Energy_Index
2015-08-12,514.030029296875,515.239990234375,500.6199951171875,504.6600036621094,0,Energy_Index
2015-08-13,507.1099853515625,514.030029296875,506.6700134277344,514.030029296875,0,Energy_Index
2015-08-14,506.04998779296875,511.4700012207031,504.9599914550781,507.1099853515625,0,Energy_Index
2015-08-17,505.80999755859375,508.5400085449219,500.9700012207031,506.04998779296875,0,Energy_Index
2015-08-18,503.7900085449219,505.92999267578125,501.3299865722656,505.80999755859375,0,Energy_Index
2015-08-19,489.75,503.7900085449219,487.7200012207031,503.7900085449219,0,Energy_Index
2015-08-20,478.94000244140625,491.4700012207031,478.92999267578125,489.75,0,Energy_Index
2015-08-21,462.2900085449219,479.3999938964844,462.2900085449219,478.94000244140625,0,Energy_Index
2015-08-24,438.3599853515625,462.2900085449219,434.42999267578125,462.2900085449219,0,Energy_Index
2015-08-25,432.3999938964844,451.3699951171875,432.1099853515625,438.3599853515625,0,Energy_Index
2015-08-26,447.54998779296875,448.0799865722656,432.3999938964844,432.3999938964844,0,Energy_Index
2015-08-27,469.5299987792969,470.1199951171875,447.54998779296875,447.54998779296875,0,Energy_Index
2015-08-28,479.1600036621094,484.0199890136719,468.8900146484375,469.5299987792969,0,Energy_Index
2015-08-31,484.2099914550781,486.07000732421875,467.07000732421875,479.1600036621094,0,Energy_Index
2015-09-01,466.5,484.2099914550781,462.69000244140625,484.2099914550781,0,Energy_Index
2015-09-02,470.79998779296875,472.2900085449219,460.7900085449219,466.5,0,Energy_Index
2015-09-03,472.3500061035156,481.9599914550781,469.57000732421875,470.79998779296875,0,Energy_Index
2015-09-04,464.17999267578125,472.3500061035156,462.42999267578125,472.3500061035156,0,Energy_Index
2015-09-08,471.0299987792969,471.4700012207031,463.67999267578125,464.17999267578125,0,Energy_Index
2015-09-09,461.8900146484375,479.6099853515625,461.0400085449219,471.0299987792969,0,Energy_Index
2015-09-10,464.3900146484375,466.8599853515625,457.69000244140625,461.8900146484375,0,Energy_Index
2015-09-11,460.95001220703125,464.3900146484375,454.92999267578125,464.3900146484375,0,Energy_Index
2015-09-14,457.239990234375,460.95001220703125,454.8399963378906,460.95001220703125,0,Energy_Index
2015-09-15,462.2300109863281,463.989990234375,457.239990234375,457.239990234375,0,Energy_Index
2015-09-16,475.0299987792969,475.6000061035156,462.2900085449219,462.2900085449219,0,Energy_Index
2015-09-17,474.8599853515625,482.9599914550781,471.6600036621094,475.0299987792969,0,Energy_Index
2015-09-18,462.4100036621094,474.8599853515625,459.4800109863281,474.8599853515625,0,Energy_Index
2015-09-21,465.05999755859375,467.9800109863281,462.1099853515625,462.4100036621094,0,Energy_Index
2015-09-22,460.0199890136719,465.05999755859375,457.0,465.05999755859375,0,Energy_Index
2015-09-23,453.7099914550781,463.05999755859375,453.70001220703125,460.0199890136719,0,Energy_Index
2015-09-24,455.5799865722656,458.7799987792969,448.0199890136719,453.6199951171875,0,Energy_Index
2015-09-25,456.8500061035156,459.92999267578125,453.04998779296875,455.5799865722656,0,Energy_Index
2015-09-28,440.489990234375,456.8500061035156,440.2300109863281,456.8500061035156,0,Energy_Index
2015-09-29,440.54998779296875,445.739990234375,437.25,440.489990234375,0,Energy_Index
2015-09-30,451.3299865722656,451.9700012207031,440.54998779296875,440.54998779296875,0,Energy_Index
2015-10-01,451.5799865722656,461.6099853515625,447.760009765625,451.5199890136719,0,Energy_Index
2015-10-02,469.69000244140625,469.70001220703125,446.0299987792969,451.5799865722656,0,Energy_Index
2015-10-05,483.0899963378906,484.2300109863281,469.69000244140625,469.69000244140625,0,Energy_Index
2015-10-06,493.8599853515625,497.3500061035156,482.05999755859375,483.0899963378906,0,Energy_Index
2015-10-07,500.4100036621094,505.9200134277344,490.3399963378906,493.8599853515625,0,Energy_Index
2015-10-08,509.8800048828125,511.3999938964844,496.4800109863281,500.4100036621094,0,Energy_Index
2015-10-09,506.17999267578125,510.8800048828125,503.3399963378906,509.8800048828125,0,Energy_Index
2015-10-12,500.69000244140625,506.55999755859375,496.3299865722656,506.17999267578125,0,Energy_Index
2015-10-13,496.20001220703125,502.79998779296875,494.7099914550781,500.69000244140625,0,Energy_Index
2015-10-14,500.8999938964844,502.6499938964844,494.42999267578125,496.20001220703125,0,Energy_Index
2015-10-15,509.04998779296875,509.29998779296875,496.6700134277344,500.8999938964844,0,Energy_Index
2015-10-16,509.95001220703125,512.4199829101562,503.32000732421875,509.04998779296875,0,Energy_Index
2015-10-19,500.1199951171875,509.95001220703125,497.8500061035156,509.95001220703125,0,Energy_Index
2015-10-20,500.9599914550781,503.4800109863281,496.54998779296875,500.1199951171875,0,Energy_Index
2015-10-21,495.7699890136719,501.92999267578125,495.1099853515625,500.9599914550781,0,Energy_Index
2015-10-22,505.8500061035156,506.760009765625,495.7699890136719,495.7699890136719,0,Energy_Index
2015-10-23,504.8500061035156,508.6499938964844,500.0199890136719,505.8500061035156,0,Energy_Index
2015-10-26,492.1300048828125,504.8500061035156,492.0199890136719,504.8500061035156,0,Energy_Index
2015-10-27,486.44000244140625,492.1300048828125,481.2699890136719,492.1300048828125,0,Energy_Index
2015-10-28,497.2300109863281,500.0199890136719,486.3699951171875,486.44000244140625,0,Energy_Index
2015-10-29,498.7099914550781,503.55999755859375,493.9700012207031,497.2300109863281,0,Energy_Index
2015-10-30,502.1099853515625,507.5,495.75,498.7099914550781,0,Energy_Index
2015-11-02,514.3599853515625,516.9099731445312,498.55999755859375,502.1099853515625,0,Energy_Index
2015-11-03,527.3800048828125,530.6099853515625,514.3599853515625,514.3599853515625,0,Energy_Index
2015-11-04,521.8699951171875,528.3200073242188,518.4600219726562,527.3800048828125,0,Energy_Index
2015-11-05,516.4299926757812,524.739990234375,514.7999877929688,521.8699951171875,0,Energy_Index
2015-11-06,514.2100219726562,516.4299926757812,506.44000244140625,516.4299926757812,0,Energy_Index
2015-11-09,506.7300109863281,516.6400146484375,505.3299865722656,514.2100219726562,0,Energy_Index
2015-11-10,508.0299987792969,511.6000061035156,503.260009765625,506.7300109863281,0,Energy_Index
2015-11-11,498.3399963378906,508.6700134277344,497.0199890136719,508.0299987792969,0,Energy_Index
2015-11-12,486.4100036621094,498.3399963378906,485.70001220703125,498.3399963378906,0,Energy_Index
2015-11-13,483.5199890136719,487.5,478.6700134277344,486.4100036621094,0,Energy_Index
2015-11-16,499.260009765625,499.4599914550781,483.1099853515625,483.5199890136719,0,Energy_Index
2015-11-17,493.489990234375,499.6499938964844,492.1600036621094,499.260009765625,0,Energy_Index
2015-11-18,501.4200134277344,502.17999267578125,492.57000732421875,493.489990234375,0,Energy_Index
2015-11-19,495.0,501.4200134277344,491.6499938964844,501.4200134277344,0,Energy_Index
2015-11-20,489.8599853515625,497.5199890136719,489.20001220703125,495.0,0,Energy_Index
2015-11-23,493.1099853515625,495.67999267578125,486.2200012207031,489.8599853515625,0,Energy_Index
2015-11-24,503.8999938964844,506.010009765625,493.1099853515625,493.1099853515625,0,Energy_Index
2015-11-25,499.7300109863281,503.8999938964844,497.0199890136719,503.8999938964844,0,Energy_Index
2015-11-27,496.3399963378906,499.7300109863281,494.7900085449219,499.7300109863281,0,Energy_Index
2015-11-30,498.260009765625,502.8900146484375,496.3399963378906,496.3399963378906,0,Energy_Index
2015-12-01,501.80999755859375,502.2200012207031,497.67999267578125,498.2799987792969,0,Energy_Index
2015-12-02,486.2099914550781,501.80999755859375,484.9700012207031,501.80999755859375,0,Energy_Index
2015-12-03,476.42999267578125,489.69000244140625,474.1499938964844,486.2099914550781,0,Energy_Index
2015-12-04,473.94000244140625,476.42999267578125,464.8900146484375,476.42999267578125,0,Energy_Index
2015-12-07,456.55999755859375,473.94000244140625,450.1499938964844,473.94000244140625,0,Energy_Index
2015-12-08,449.75,456.8599853515625,441.0,456.55999755859375,0,Energy_Index
2015-12-09,455.739990234375,465.5799865722656,449.75,449.75,0,Energy_Index
2015-12-10,458.54998779296875,465.8500061035156,453.4599914550781,455.739990234375,0,Energy_Index
2015-12-11,443.1400146484375,458.54998779296875,442.760009765625,458.54998779296875,0,Energy_Index
2015-12-14,446.7300109863281,448.94000244140625,437.239990234375,443.1400146484375,0,Energy_Index
2015-12-15,459.45001220703125,461.510009765625,446.7300109863281,446.7300109863281,0,Energy_Index
2015-12-16,457.0899963378906,462.1099853515625,451.6199951171875,459.45001220703125,0,Energy_Index
2015-12-17,445.739990234375,457.9700012207031,445.6499938964844,457.0899963378906,0,Energy_Index
2015-12-18,438.4800109863281,445.8299865722656,438.4599914550781,445.739990234375,0,Energy_Index
2015-12-21,438.67999267578125,442.3900146484375,434.6300048828125,438.4800109863281,0,Energy_Index
2015-12-22,444.0299987792969,446.4100036621094,438.4200134277344,438.67999267578125,0,Energy_Index
2015-12-23,462.8800048828125,462.95001220703125,444.0299987792969,444.0299987792969,0,Energy_Index
2015-12-24,458.6700134277344,463.67999267578125,457.0299987792969,462.8800048828125,0,Energy_Index
2015-12-28,450.45001220703125,458.6700134277344,448.3599853515625,458.6700134277344,0,Energy_Index
2015-12-29,453.5799865722656,459.32000732421875,450.45001220703125,450.45001220703125,0,Energy_Index
2015-12-30,446.92999267578125,453.5799865722656,446.6300048828125,453.5799865722656,0,Energy_Index
2015-12-31,448.44000244140625,450.9599914550781,443.6400146484375,446.92999267578125,0,Energy_Index
2016-01-04,447.75,450.95001220703125,440.6700134277344,448.44000244140625,0,Energy_Index
2016-01-05,450.010009765625,450.19000244140625,442.55999755859375,447.75,0,Energy_Index
2016-01-06,433.7099914550781,450.010009765625,430.6499938964844,450.010009765625,0,Energy_Index
2016-01-07,423.45001220703125,435.239990234375,421.6300048828125,433.7099914550781,0,Energy_Index
2016-01-08,417.7699890136719,427.4800109863281,416.3599853515625,423.45001220703125,0,Energy_Index
2016-01-11,409.0199890136719,418.8900146484375,403.92999267578125,417.7699890136719,0,Energy_Index
2016-01-12,410.54998779296875,416.25,399.70001220703125,409.0199890136719,0,Energy_Index
2016-01-13,403.260009765625,418.8699951171875,399.0799865722656,410.54998779296875,0,Energy_Index
2016-01-14,421.29998779296875,424.7099914550781,401.5199890136719,403.260009765625,0,Energy_Index
2016-01-15,409.20001220703125,421.29998779296875,401.9200134277344,421.29998779296875,0,Energy_Index
2016-01-19,400.32000732421875,413.510009765625,394.1099853515625,409.20001220703125,0,Energy_Index
2016-01-20,388.5799865722656,400.32000732421875,376.1300048828125,400.32000732421875,0,Energy_Index
2016-01-21,399.7900085449219,404.5199890136719,385.7799987792969,388.5799865722656,0,Energy_Index
2016-01-22,417.0299987792969,418.70001220703125,399.7900085449219,399.7900085449219,0,Energy_Index
2016-01-25,398.19000244140625,418.82000732421875,397.9599914550781,417.0299987792969,0,Energy_Index
2016-01-26,413.239990234375,413.3800048828125,398.19000244140625,398.19000244140625,0,Energy_Index
2016-01-27,410.6099853515625,422.07000732421875,405.95001220703125,413.239990234375,0,Energy_Index
2016-01-28,423.55999755859375,426.6499938964844,410.6099853515625,410.6099853515625,0,Energy_Index
2016-01-29,434.6700134277344,434.70001220703125,421.5899963378906,423.6099853515625,0,Energy_Index
2016-02-01,426.5299987792969,434.6700134277344,420.4100036621094,434.6700134277344,0,Energy_Index
2016-02-02,412.6300048828125,426.5299987792969,410.7799987792969,426.5299987792969,0,Energy_Index
2016-02-03,428.989990234375,429.07000732421875,405.0400085449219,412.6300048828125,0,Energy_Index
2016-02-04,428.8299865722656,436.260009765625,426.54998779296875,428.989990234375,0,Energy_Index
2016-02-05,420.1099853515625,428.8299865722656,416.4700012207031,428.8299865722656,0,Energy_Index
2016-02-08,420.3900146484375,422.989990234375,407.3399963378906,420.1099853515625,0,Energy_Index
2016-02-09,410.0,420.3900146484375,403.510009765625,420.3900146484375,0,Energy_Index
2016-02-10,407.95001220703125,417.2699890136719,404.5899963378906,410.0,0,Energy_Index
2016-02-11,406.2200012207031,409.1600036621094,395.4800109863281,407.95001220703125,0,Energy_Index
2016-02-12,416.70001220703125,417.8900146484375,406.2200012207031,406.2200012207031,0,Energy_Index
2016-02-16,420.0400085449219,421.44000244140625,414.0400085449219,416.70001220703125,0,Energy_Index
2016-02-17,432.29998779296875,434.239990234375,420.0400085449219,420.0400085449219,0,Energy_Index
2016-02-18,428.260009765625,436.3599853515625,426.1099853515625,432.29998779296875,0,Energy_Index
2016-02-19,426.7699890136719,428.260009765625,418.7900085449219,428.260009765625,0,Energy_Index
2016-02-22,436.30999755859375,438.19000244140625,426.7699890136719,426.7699890136719,0,Energy_Index
2016-02-23,422.2799987792969,436.30999755859375,421.29998779296875,436.30999755859375,0,Energy_Index
2016-02-24,426.0799865722656,426.760009765625,413.17999267578125,422.2799987792969,0,Energy_Index
2016-02-25,426.8699951171875,427.0400085449219,417.9700012207031,426.0799865722656,0,Energy_Index
2016-02-26,428.489990234375,434.0899963378906,426.8699951171875,426.8699951171875,0,Energy_Index
2016-02-29,423.5400085449219,430.8599853515625,422.5799865722656,428.489990234375,0,Energy_Index
2016-03-01,432.95001220703125,434.04998779296875,422.010009765625,423.5400085449219,0,Energy_Index
2016-03-02,443.55999755859375,443.6499938964844,428.4100036621094,432.95001220703125,0,Energy_Index
2016-03-03,449.239990234375,449.8299865722656,441.3599853515625,443.55999755859375,0,Energy_Index
2016-03-04,453.30999755859375,459.20001220703125,446.739990234375,449.239990234375,0,Energy_Index
2016-03-07,464.0199890136719,464.25,451.760009765625,453.30999755859375,0,Energy_Index
2016-03-08,444.8599853515625,464.0199890136719,444.6300048828125,464.0199890136719,0,Energy_Index
2016-03-09,451.70001220703125,457.4800109863281,444.8599853515625,444.8599853515625,0,Energy_Index
2016-03-10,451.80999755859375,452.0,443.7300109863281,451.70001220703125,0,Energy_Index
2016-03-11,461.8999938964844,463.3900146484375,451.80999755859375,451.80999755859375,0,Energy_Index
2016-03-14,459.04998779296875,461.8999938964844,454.260009765625,461.8999938964844,0,Energy_Index
2016-03-15,458.3900146484375,459.04998779296875,450.4599914550781,459.04998779296875,0,Energy_Index
2016-03-16,465.75,466.67999267578125,457.92999267578125,458.3900146484375,0,Energy_Index
2016-03-17,472.42999267578125,476.1000061035156,465.5199890136719,465.75,0,Energy_Index
2016-03-18,473.3500061035156,476.0,469.29998779296875,472.42999267578125,0,Energy_Index
2016-03-21,470.9800109863281,474.5400085449219,467.1600036621094,473.3500061035156,0,Energy_Index
2016-03-22,469.44000244140625,473.1199951171875,467.5899963378906,470.9800109863281,0,Energy_Index
2016-03-23,459.5799865722656,469.44000244140625,459.2099914550781,469.44000244140625,0,Energy_Index
2016-03-24,461.8399963378906,461.8599853515625,452.3900146484375,459.5799865722656,0,Energy_Index
2016-03-28,460.260009765625,462.6300048828125,457.1499938964844,461.8399963378906,0,Energy_Index
2016-03-29,461.8699951171875,462.239990234375,452.54998779296875,460.260009765625,0,Energy_Index
2016-03-30,463.1400146484375,467.7200012207031,460.6499938964844,461.8699951171875,0,Energy_Index
2016-03-31,462.4100036621094,466.6300048828125,460.6600036621094,463.1400146484375,0,Energy_Index
2016-04-01,456.0,462.4100036621094,453.29998779296875,462.4100036621094,0,Energy_Index
2016-04-04,453.6700134277344,460.260009765625,452.2799987792969,456.0,0,Energy_Index
2016-04-05,450.1600036621094,453.6700134277344,448.8800048828125,453.6700134277344,0,Energy_Index
2016-04-06,459.6199951171875,460.1000061035156,450.1600036621094,450.1600036621094,0,Energy_Index
2016-04-07,456.79998779296875,460.45001220703125,453.489990234375,459.6199951171875,0,Energy_Index
2016-04-08,466.0299987792969,467.8699951171875,456.79998779296875,456.79998779296875,0,Energy_Index
2016-04-11,464.1700134277344,470.5799865722656,464.1700134277344,466.0299987792969,0,Energy_Index
2016-04-12,477.3399963378906,479.4200134277344,464.1700134277344,464.1700134277344,0,Energy_Index
2016-04-13,479.29998779296875,480.4200134277344,473.9700012207031,477.3399963378906,0,Energy_Index
2016-04-14,481.30999755859375,481.5899963378906,477.9200134277344,479.29998779296875,0,Energy_Index
2016-04-15,475.25,481.30999755859375,474.55999755859375,481.30999755859375,0,Energy_Index
2016-04-18,482.7900085449219,483.3699951171875,467.69000244140625,475.25,0,Energy_Index
2016-04-19,491.8800048828125,491.8800048828125,482.75,482.7900085449219,0,Energy_Index
2016-04-20,495.8399963378906,499.6199951171875,488.1199951171875,491.8800048828125,0,Energy_Index
2016-04-21,493.3999938964844,499.0199890136719,492.4200134277344,495.8399963378906,0,Energy_Index
2016-04-22,499.9599914550781,501.2699890136719,493.3999938964844,493.3999938964844,0,Energy_Index
2016-04-25,494.55999755859375,499.9599914550781,490.9599914550781,499.9599914550781,0,Energy_Index
2016-04-26,501.4700012207031,501.760009765625,494.55999755859375,494.55999755859375,0,Energy_Index
2016-04-27,509.7900085449219,511.1600036621094,501.4700012207031,501.4700012207031,0,Energy_Index
2016-04-28,502.9200134277344,511.4100036621094,501.1400146484375,509.7900085449219,0,Energy_Index
2016-04-29,502.4200134277344,509.3399963378906,495.82000732421875,502.9200134277344,0,Energy_Index
2016-05-02,502.57000732421875,504.1099853515625,496.7300109863281,502.4200134277344,0,Energy_Index
2016-05-03,491.3299865722656,502.57000732421875,488.489990234375,502.57000732421875,0,Energy_Index
2016-05-04,484.94000244140625,494.8699951171875,482.6300048828125,491.3299865722656,0,Energy_Index
2016-05-05,488.5299987792969,495.2799987792969,484.5299987792969,484.94000244140625,0,Energy_Index
2016-05-06,487.5899963378906,492.9100036621094,485.05999755859375,488.5299987792969,0,Energy_Index
2016-05-09,481.5199890136719,487.5899963378906,475.42999267578125,487.5899963378906,0,Energy_Index
2016-05-10,489.9599914550781,489.989990234375,481.5199890136719,481.5199890136719,0,Energy_Index
2016-05-11,489.29998779296875,493.5899963378906,483.92999267578125,489.9599914550781,0,Energy_Index
2016-05-12,491.2699890136719,497.0199890136719,487.9800109863281,489.29998779296875,0,Energy_Index
2016-05-13,485.1499938964844,492.2699890136719,484.19000244140625,491.2699890136719,0,Energy_Index
2016-05-16,492.8399963378906,494.25,485.1499938964844,485.1499938964844,0,Energy_Index
2016-05-17,493.9599914550781,497.5799865722656,490.5799865722656,492.8399963378906,0,Energy_Index
2016-05-18,489.2099914550781,494.9700012207031,486.3500061035156,493.9599914550781,0,Energy_Index
2016-05-19,490.42999267578125,491.0299987792969,480.760009765625,489.2099914550781,0,Energy_Index
2016-05-20,492.5,493.9200134277344,488.9599914550781,490.42999267578125,0,Energy_Index
2016-05-23,491.2799987792969,493.2699890136719,487.9700012207031,492.5,0,Energy_Index
2016-05-24,493.739990234375,496.4599914550781,491.2799987792969,491.2799987792969,0,Energy_Index
2016-05-25,501.19000244140625,501.8599853515625,493.739990234375,493.739990234375,0,Energy_Index
2016-05-26,499.1400146484375,504.9800109863281,497.5799865722656,501.19000244140625,0,Energy_Index
2016-05-27,499.3800048828125,499.45001220703125,494.57000732421875,499.1400146484375,0,Energy_Index
2016-05-31,496.5400085449219,503.75,494.4700012207031,499.3800048828125,0,Energy_Index
2016-06-01,497.29998779296875,497.989990234375,490.5199890136719,496.5400085449219,0,Energy_Index
2016-06-02,495.7099914550781,497.29998779296875,490.510009765625,497.29998779296875,0,Energy_Index
2016-06-03,494.30999755859375,497.8399963378906,491.0,495.7099914550781,0,Energy_Index
2016-06-06,504.1600036621094,504.4100036621094,494.30999755859375,494.30999755859375,0,Energy_Index
2016-06-07,514.9299926757812,516.239990234375,504.1600036621094,504.1600036621094,0,Energy_Index
2016-06-08,513.8900146484375,519.8400268554688,512.6799926757812,514.9299926757812,0,Energy_Index
2016-06-09,511.29998779296875,513.8900146484375,508.2099914550781,513.8900146484375,0,Energy_Index
2016-06-10,501.1499938964844,511.29998779296875,499.8500061035156,511.29998779296875,0,Energy_Index
2016-06-13,499.6300048828125,506.0400085449219,497.989990234375,501.1499938964844,0,Energy_Index
2016-06-14,499.3800048828125,501.1700134277344,494.260009765625,499.6300048828125,0,Energy_Index
2016-06-15,497.7099914550781,503.4800109863281,494.8999938964844,499.3800048828125,0,Energy_Index
2016-06-16,496.6499938964844,497.7099914550781,486.79998779296875,497.7099914550781,0,Energy_Index
2016-06-17,500.82000732421875,501.75,496.6499938964844,496.6499938964844,0,Energy_Index
2016-06-20,505.1000061035156,508.9200134277344,500.82000732421875,500.82000732421875,0,Energy_Index
2016-06-21,510.44000244140625,511.4700012207031,502.489990234375,505.1000061035156,0,Energy_Index
2016-06-22,507.4100036621094,512.5900268554688,507.1300048828125,510.44000244140625,0,Energy_Index
2016-06-23,515.8400268554688,515.8400268554688,507.4100036621094,507.4100036621094,0,Energy_Index
2016-06-24,497.7200012207031,515.8400268554688,495.92999267578125,515.8400268554688,0,Energy_Index
2016-06-27,485.07000732421875,497.7200012207031,481.3399963378906,497.7200012207031,0,Energy_Index
2016-06-28,497.8599853515625,497.8599853515625,485.07000732421875,485.07000732421875,0,Energy_Index
2016-06-29,507.92999267578125,510.489990234375,497.8599853515625,497.8599853515625,0,Energy_Index
2016-06-30,512.3900146484375,512.6199951171875,505.1199951171875,507.92999267578125,0,Energy_Index
2016-07-01,514.7899780273438,515.9199829101562,511.7099914550781,512.3900146484375,0,Energy_Index
2016-07-05,505.0400085449219,514.7899780273438,500.1199951171875,514.7899780273438,0,Energy_Index
2016-07-06,507.8500061035156,508.0299987792969,499.1700134277344,505.0400085449219,0,Energy_Index
2016-07-07,502.5299987792969,512.72998046875,499.1600036621094,507.8500061035156,0,Energy_Index
2016-07-08,509.010009765625,510.19000244140625,502.5299987792969,502.5299987792969,0,Energy_Index
2016-07-11,509.8399963378906,513.6099853515625,509.010009765625,509.010009765625,0,Energy_Index
2016-07-12,521.3300170898438,523.2100219726562,509.8399963378906,509.8399963378906,0,Energy_Index
2016-07-13,517.6300048828125,522.239990234375,512.8300170898438,521.3300170898438,0,Energy_Index
2016-07-14,519.75,522.1599731445312,517.6300048828125,517.6300048828125,0,Energy_Index
2016-07-15,519.6199951171875,522.510009765625,517.6900024414062,519.75,0,Energy_Index
2016-07-18,519.3300170898438,519.6199951171875,514.9099731445312,519.6199951171875,0,Energy_Index
2016-07-19,516.6300048828125,519.3300170898438,515.010009765625,519.3300170898438,0,Energy_Index
2016-07-20,515.760009765625,517.97998046875,510.8800048828125,516.6300048828125,0,Energy_Index
2016-07-21,511.1099853515625,518.5399780273438,509.75,515.760009765625,0,Energy_Index
2016-07-22,512.8200073242188,513.469970703125,510.0299987792969,511.1099853515625,0,Energy_Index
2016-07-25,502.6000061035156,512.8200073242188,500.989990234375,512.8200073242188,0,Energy_Index
2016-07-26,504.6499938964844,504.989990234375,499.3599853515625,502.6000061035156,0,Energy_Index
2016-07-27,499.44000244140625,508.2799987792969,497.8699951171875,504.6499938964844,0,Energy_Index
2016-07-28,498.6300048828125,500.989990234375,495.3399963378906,499.44000244140625,0,Energy_Index
2016-07-29,502.2300109863281,502.57000732421875,489.17999267578125,498.6300048828125,0,Energy_Index
2016-08-01,485.5,502.2300109863281,484.04998779296875,502.2300109863281,0,Energy_Index
2016-08-02,489.8399963378906,492.2300109863281,481.57000732421875,485.5,0,Energy_Index
2016-08-03,498.4700012207031,498.4700012207031,488.2200012207031,489.8399963378906,0,Energy_Index
2016-08-04,497.7099914550781,500.70001220703125,495.1099853515625,498.4700012207031,0,Energy_Index
2016-08-05,501.9200134277344,502.1000061035156,496.9100036621094,497.7099914550781,0,Energy_Index
2016-08-08,508.04998779296875,511.010009765625,501.989990234375,501.989990234375,0,Energy_Index
2016-08-09,505.5199890136719,509.2900085449219,503.67999267578125,508.04998779296875,0,Energy_Index
2016-08-10,498.3800048828125,506.7300109863281,497.3599853515625,505.5199890136719,0,Energy_Index
2016-08-11,504.8699951171875,507.260009765625,498.3800048828125,498.3800048828125,0,Energy_Index
2016-08-12,508.1600036621094,509.4700012207031,504.8699951171875,504.8699951171875,0,Energy_Index
2016-08-15,511.1400146484375,512.7000122070312,508.1600036621094,508.1600036621094,0,Energy_Index
2016-08-16,512.219970703125,513.9099731445312,507.82000732421875,511.1400146484375,0,Energy_Index
2016-08-17,513.2899780273438,513.5999755859375,508.8500061035156,512.219970703125,0,Energy_Index
2016-08-18,522.4400024414062,522.4400024414062,513.2899780273438,513.2899780273438,0,Energy_Index
2016-08-19,518.1500244140625,522.4400024414062,516.5900268554688,522.4400024414062,0,Energy_Index
2016-08-22,513.5900268554688,518.1500244140625,510.2699890136719,518.1500244140625,0,Energy_Index
2016-08-23,515.8499755859375,517.260009765625,513.3599853515625,513.5900268554688,0,Energy_Index
2016-08-24,514.4600219726562,516.72998046875,513.27001953125,515.8499755859375,0,Energy_Index
2016-08-25,512.9600219726562,515.0599975585938,511.45001220703125,514.4600219726562,0,Energy_Index
2016-08-26,511.2200012207031,517.6900024414062,509.1099853515625,512.9600219726562,0,Energy_Index
2016-08-29,514.6199951171875,515.0599975585938,510.07000732421875,511.2200012207031,0,Energy_Index
2016-08-30,512.469970703125,517.6599731445312,511.0299987792969,514.6199951171875,0,Energy_Index
2016-08-31,505.45001220703125,512.469970703125,502.2300109863281,512.469970703125,0,Energy_Index
2016-09-01,504.1099853515625,505.45001220703125,499.95001220703125,505.45001220703125,0,Energy_Index
2016-09-02,508.3500061035156,510.0299987792969,504.1099853515625,504.1099853515625,0,Energy_Index
2016-09-06,516.0700073242188,516.4500122070312,508.3500061035156,508.3500061035156,0,Energy_Index
2016-09-07,517.780029296875,518.8200073242188,515.219970703125,516.0700073242188,0,Energy_Index
2016-09-08,526.4199829101562,527.4199829101562,517.780029296875,517.780029296875,0,Energy_Index
2016-09-09,511.67999267578125,526.4199829101562,511.67999267578125,526.4199829101562,0,Energy_Index
2016-09-12,516.1799926757812,518.469970703125,507.4700012207031,511.67999267578125,0,Energy_Index
2016-09-13,501.4100036621094,516.1799926757812,500.04998779296875,516.1799926757812,0,Energy_Index
2016-09-14,495.6499938964844,506.0899963378906,494.05999755859375,501.4100036621094,0,Energy_Index
2016-09-15,501.07000732421875,504.55999755859375,495.6499938964844,495.6499938964844,0,Energy_Index
2016-09-16,496.7900085449219,501.07000732421875,494.4599914550781,501.07000732421875,0,Energy_Index
2016-09-19,496.19000244140625,501.6099853515625,496.1000061035156,496.7900085449219,0,Energy_Index
2016-09-20,492.1000061035156,498.6099853515625,492.0799865722656,496.19000244140625,0,Energy_Index
2016-09-21,502.5299987792969,502.7200012207031,492.1000061035156,492.1000061035156,0,Energy_Index
2016-09-22,503.6199951171875,509.70001220703125,502.5299987792969,502.5299987792969,0,Energy_Index
2016-09-23,497.2699890136719,505.6300048828125,494.7900085449219,503.6199951171875,0,Energy_Index
2016-09-26,495.0,501.6400146484375,494.489990234375,497.2699890136719,0,Energy_Index
2016-09-27,492.7200012207031,495.0,487.1000061035156,495.0,0,Energy_Index
2016-09-28,514.1199951171875,514.7999877929688,491.739990234375,492.7200012207031,0,Energy_Index
2016-09-29,513.6799926757812,518.5499877929688,509.19000244140625,514.1199951171875,0,Energy_Index
2016-09-30,520.3499755859375,523.0,513.6799926757812,513.6799926757812,0,Energy_Index
2016-10-03,519.530029296875,520.97998046875,515.75,520.3499755859375,0,Energy_Index
2016-10-04,514.5499877929688,521.4500122070312,512.4400024414062,519.530029296875,0,Energy_Index
2016-10-05,521.7899780273438,523.9400024414062,514.5499877929688,514.5499877929688,0,Energy_Index
2016-10-06,522.6699829101562,524.9400024414062,518.1300048828125,521.7899780273438,0,Energy_Index
2016-10-07,520.280029296875,524.9000244140625,518.739990234375,522.6699829101562,0,Energy_Index
2016-10-10,528.1099853515625,530.1199951171875,520.280029296875,520.280029296875,0,Energy_Index
2016-10-11,521.9600219726562,528.1099853515625,519.75,528.1099853515625,0,Energy_Index
2016-10-12,519.8200073242188,521.9600219726562,515.7899780273438,521.9600219726562,0,Energy_Index
2016-10-13,516.3900146484375,519.8200073242188,509.9599914550781,519.8200073242188,0,Energy_Index
2016-10-14,514.27001953125,521.219970703125,513.739990234375,516.3900146484375,0,Energy_Index
2016-10-17,512.0,515.6199951171875,509.45001220703125,514.27001953125,0,Energy_Index
2016-10-18,513.9000244140625,516.5499877929688,511.7300109863281,512.0,0,Energy_Index
2016-10-19,520.8900146484375,524.739990234375,513.9000244140625,513.9000244140625,0,Energy_Index
2016-10-20,520.4099731445312,522.2000122070312,515.219970703125,520.8900146484375,0,Energy_Index
2016-10-21,516.8400268554688,520.4099731445312,513.5399780273438,520.4099731445312,0,Energy_Index
2016-10-24,516.010009765625,518.6799926757812,510.510009765625,516.8400268554688,0,Energy_Index
2016-10-25,513.2899780273438,521.1300048828125,512.9299926757812,516.010009765625,0,Energy_Index
2016-10-26,514.75,516.9099731445312,508.57000732421875,513.2899780273438,0,Energy_Index
2016-10-27,513.0499877929688,517.719970703125,512.8499755859375,514.75,0,Energy_Index
2016-10-28,510.7699890136719,518.780029296875,507.9700012207031,513.0499877929688,0,Energy_Index
2016-10-31,504.8900146484375,511.1499938964844,504.010009765625,510.7699890136719,0,Energy_Index
2016-11-01,505.3699951171875,510.0199890136719,499.9800109863281,504.8900146484375,0,Energy_Index
2016-11-02,500.260009765625,505.3699951171875,494.67999267578125,505.3699951171875,0,Energy_Index
2016-11-03,502.1099853515625,503.2900085449219,498.0299987792969,500.260009765625,0,Energy_Index
2016-11-04,499.67999267578125,504.0199890136719,496.8299865722656,502.1099853515625,0,Energy_Index
2016-11-07,510.5799865722656,510.6700134277344,499.67999267578125,499.67999267578125,0,Energy_Index
2016-11-08,510.489990234375,513.3099975585938,506.69000244140625,510.5799865722656,0,Energy_Index
2016-11-09,518.22998046875,521.6599731445312,506.9700012207031,510.489990234375,0,Energy_Index
2016-11-10,519.8300170898438,524.0599975585938,516.3200073242188,518.22998046875,0,Energy_Index
2016-11-11,511.2099914550781,519.8300170898438,507.4100036621094,519.8300170898438,0,Energy_Index
2016-11-14,513.0,513.27001953125,506.0799865722656,511.2099914550781,0,Energy_Index
2016-11-15,526.77001953125,526.969970703125,513.0,513.0,0,Energy_Index
2016-11-16,522.1599731445312,527.8099975585938,520.7999877929688,526.77001953125,0,Energy_Index
2016-11-17,518.6300048828125,529.3499755859375,517.3800048828125,522.1599731445312,0,Energy_Index
2016-11-18,521.02001953125,523.489990234375,517.9500122070312,518.6300048828125,0,Energy_Index
2016-11-21,532.47998046875,533.4199829101562,521.02001953125,521.02001953125,0,Energy_Index
2016-11-22,532.4099731445312,535.489990234375,526.219970703125,532.47998046875,0,Energy_Index
2016-11-23,534.7899780273438,536.1900024414062,529.8900146484375,532.4099731445312,0,Energy_Index
2016-11-25,532.6900024414062,534.7899780273438,529.7000122070312,534.7899780273438,0,Energy_Index
2016-11-28,525.7100219726562,534.8099975585938,525.0399780273438,532.6900024414062,0,Energy_Index
2016-11-29,519.6400146484375,525.7100219726562,514.4299926757812,525.7100219726562,0,Energy_Index
2016-11-30,544.6699829101562,549.4199829101562,519.6400146484375,519.6400146484375,0,Energy_Index
2016-12-01,546.1500244140625,555.9199829101562,544.6699829101562,544.6699829101562,0,Energy_Index
2016-12-02,546.739990234375,549.6400146484375,543.530029296875,546.1500244140625,0,Energy_Index
2016-12-05,550.6699829101562,555.0999755859375,546.739990234375,546.739990234375,0,Energy_Index
2016-12-06,550.1099853515625,551.77001953125,544.0499877929688,550.6699829101562,0,Energy_Index
2016-12-07,553.780029296875,553.9299926757812,548.4600219726562,550.1099853515625,0,Energy_Index
2016-12-08,556.4199829101562,557.3300170898438,550.9500122070312,553.780029296875,0,Energy_Index
2016-12-09,558.7100219726562,559.0800170898438,555.4299926757812,556.4199829101562,0,Energy_Index
2016-12-12,562.72998046875,572.489990234375,558.7100219726562,558.7100219726562,0,Energy_Index
2016-12-13,569.8499755859375,573.7000122070312,562.3099975585938,562.72998046875,0,Energy_Index
2016-12-14,557.75,569.8499755859375,556.6099853515625,569.8499755859375,0,Energy_Index
2016-12-15,560.030029296875,561.5399780273438,552.8499755859375,557.75,0,Energy_Index
2016-12-16,563.1799926757812,563.7000122070312,560.030029296875,560.030029296875,0,Energy_Index
2016-12-19,560.4199829101562,563.719970703125,559.3599853515625,563.1799926757812,0,Energy_Index
2016-12-20,559.239990234375,563.8200073242188,558.0399780273438,560.4199829101562,0,Energy_Index
2016-12-21,560.1500244140625,562.719970703125,558.8200073242188,559.239990234375,0,Energy_Index
2016-12-22,562.6799926757812,563.6799926757812,559.239990234375,560.1500244140625,0,Energy_Index
2016-12-23,561.5599975585938,562.6799926757812,560.530029296875,562.6799926757812,0,Energy_Index
2016-12-27,562.8800048828125,564.7999877929688,561.5599975585938,561.5599975585938,0,Energy_Index
2016-12-28,557.3800048828125,563.9600219726562,556.9099731445312,562.8800048828125,0,Energy_Index
2016-12-29,556.030029296875,558.0900268554688,554.5900268554688,557.3800048828125,0,Energy_Index
2016-12-30,554.5,558.6199951171875,553.1199951171875,556.030029296875,0,Energy_Index
2017-01-03,560.9000244140625,564.7999877929688,554.5,554.5,0,Energy_Index
2017-01-04,559.2999877929688,561.9400024414062,557.6699829101562,560.9000244140625,0,Energy_Index
2017-01-05,557.47998046875,561.77001953125,554.9199829101562,559.2999877929688,0,Energy_Index
2017-01-06,557.5700073242188,559.0499877929688,553.8900146484375,557.47998046875,0,Energy_Index
2017-01-09,549.3300170898438,557.5700073242188,548.77001953125,557.5700073242188,0,Energy_Index
2017-01-10,544.1099853515625,550.3800048828125,544.010009765625,549.3300170898438,0,Energy_Index
2017-01-11,550.6500244140625,551.3400268554688,544.010009765625,544.1099853515625,0,Energy_Index
2017-01-12,548.0,552.9600219726562,546.02001953125,550.6500244140625,0,Energy_Index
2017-01-13,546.9600219726562,548.77001953125,545.5800170898438,548.0,0,Energy_Index
2017-01-17,550.3900146484375,551.6199951171875,546.9600219726562,546.9600219726562,0,Energy_Index
2017-01-18,548.530029296875,550.3900146484375,546.6699829101562,550.3900146484375,0,Energy_Index
2017-01-19,544.5499877929688,548.530029296875,543.6199951171875,548.530029296875,0,Energy_Index
2017-01-20,547.4099731445312,550.1099853515625,544.5499877929688,544.5499877929688,0,Energy_Index
2017-01-23,541.2899780273438,547.4099731445312,539.0800170898438,547.4099731445312,0,Energy_Index
2017-01-24,546.6099853515625,549.1400146484375,541.2899780273438,541.2899780273438,0,Energy_Index
2017-01-25,549.6799926757812,551.530029296875,546.6099853515625,546.6099853515625,0,Energy_Index
2017-01-26,549.6099853515625,551.969970703125,548.760009765625,549.6799926757812,0,Energy_Index
2017-01-27,544.4199829101562,549.6099853515625,542.72998046875,549.6099853515625,0,Energy_Index
2017-01-30,534.8599853515625,544.4199829101562,531.3900146484375,544.4199829101562,0,Energy_Index
2017-01-31,534.3400268554688,536.0900268554688,529.1300048828125,534.8599853515625,0,Energy_Index
2017-02-01,530.3300170898438,538.2100219726562,527.3300170898438,534.3400268554688,0,Energy_Index
2017-02-02,533.4500122070312,534.280029296875,527.1300048828125,530.3300170898438,0,Energy_Index
2017-02-03,538.0399780273438,540.25,532.280029296875,533.4500122070312,0,Energy_Index
2017-02-06,533.27001953125,538.9600219726562,531.7100219726562,538.0399780273438,0,Energy_Index
2017-02-07,525.9500122070312,533.280029296875,523.4400024414062,533.27001953125,0,Energy_Index
2017-02-08,525.5800170898438,526.4199829101562,517.1599731445312,525.9500122070312,0,Energy_Index
2017-02-09,530.4600219726562,531.8200073242188,525.5800170898438,525.5800170898438,0,Energy_Index
2017-02-10,534.4199829101562,536.9600219726562,530.4600219726562,530.4600219726562,0,Energy_Index
2017-02-13,534.5700073242188,534.9500122070312,531.8099975585938,534.4199829101562,0,Energy_Index
2017-02-14,535.25,535.4500122070312,528.8800048828125,534.5700073242188,0,Energy_Index
2017-02-15,533.3599853515625,535.9299926757812,531.6400146484375,535.25,0,Energy_Index
2017-02-16,526.0700073242188,534.4500122070312,525.5499877929688,533.3599853515625,0,Energy_Index
2017-02-17,523.2999877929688,526.0700073242188,521.5399780273438,526.0700073242188,0,Energy_Index
2017-02-21,526.8800048828125,529.2999877929688,523.3400268554688,523.3400268554688,0,Energy_Index
2017-02-22,518.5499877929688,526.8599853515625,518.3300170898438,526.8599853515625,0,Energy_Index
2017-02-23,521.1699829101562,524.9500122070312,518.27001953125,518.5499877929688,0,Energy_Index
2017-02-24,516.530029296875,520.989990234375,513.989990234375,520.989990234375,0,Energy_Index
2017-02-27,521.010009765625,522.6799926757812,516.1900024414062,516.530029296875,0,Energy_Index
2017-02-28,519.739990234375,521.9500122070312,518.1300048828125,521.010009765625,0,Energy_Index
2017-03-01,530.4000244140625,532.27001953125,519.739990234375,519.739990234375,0,Energy_Index
2017-03-02,525.9000244140625,530.719970703125,525.719970703125,530.4000244140625,0,Energy_Index
2017-03-03,523.97998046875,527.9199829101562,523.0599975585938,525.9000244140625,0,Energy_Index
2017-03-06,525.530029296875,526.0,521.5999755859375,523.97998046875,0,Energy_Index
2017-03-07,520.780029296875,526.9099731445312,520.1900024414062,525.530029296875,0,Energy_Index
2017-03-08,507.5400085449219,520.9400024414062,507.1700134277344,520.780029296875,0,Energy_Index
2017-03-09,510.5400085449219,511.010009765625,502.4599914550781,507.5400085449219,0,Energy_Index
2017-03-10,510.1499938964844,514.6900024414062,507.30999755859375,510.5400085449219,0,Energy_Index
2017-03-13,510.3699951171875,512.6300048828125,508.3399963378906,510.1499938964844,0,Energy_Index
2017-03-14,504.7300109863281,510.3699951171875,500.57000732421875,510.3699951171875,0,Energy_Index
2017-03-15,515.22998046875,516.3200073242188,504.7300109863281,504.7300109863281,0,Energy_Index
2017-03-16,512.239990234375,515.77001953125,510.6199951171875,515.22998046875,0,Energy_Index
2017-03-17,511.82000732421875,514.8699951171875,511.5899963378906,512.239990234375,0,Energy_Index
2017-03-20,511.17999267578125,511.8399963378906,506.989990234375,511.82000732421875,0,Energy_Index
2017-03-21,507.5799865722656,513.2000122070312,505.9800109863281,511.17999267578125,0,Energy_Index
2017-03-22,507.04998779296875,509.0899963378906,504.30999755859375,507.5799865722656,0,Energy_Index
2017-03-23,505.239990234375,509.07000732421875,504.6499938964844,507.04998779296875,0,Energy_Index
2017-03-24,502.9200134277344,506.79998779296875,502.0299987792969,505.239990234375,0,Energy_Index
2017-03-27,500.8699951171875,502.9200134277344,498.29998779296875,502.9200134277344,0,Energy_Index
2017-03-28,507.32000732421875,508.54998779296875,500.20001220703125,500.8699951171875,0,Energy_Index
2017-03-29,513.510009765625,514.0900268554688,505.82000732421875,507.32000732421875,0,Energy_Index
2017-03-30,515.9199829101562,518.9400024414062,512.9099731445312,513.510009765625,0,Energy_Index
2017-03-31,514.010009765625,516.989990234375,511.5299987792969,515.9199829101562,0,Energy_Index
2017-04-03,513.1300048828125,514.9400024414062,507.9200134277344,514.010009765625,0,Energy_Index
2017-04-04,516.780029296875,516.9099731445312,509.1199951171875,513.1300048828125,0,Energy_Index
2017-04-05,515.0399780273438,525.260009765625,514.5599975585938,516.780029296875,0,Energy_Index
2017-04-06,519.1400146484375,520.47998046875,515.0399780273438,515.0399780273438,0,Energy_Index
2017-04-07,517.1300048828125,520.760009765625,516.4000244140625,519.1400146484375,0,Energy_Index
2017-04-10,521.1199951171875,523.3400268554688,517.1300048828125,517.1300048828125,0,Energy_Index
2017-04-11,520.6799926757812,521.1199951171875,515.5999755859375,521.1199951171875,0,Energy_Index
2017-04-12,518.9000244140625,524.5800170898438,517.3200073242188,520.6799926757812,0,Energy_Index
2017-04-13,509.3999938964844,518.9000244140625,508.3699951171875,518.9000244140625,0,Energy_Index
2017-04-17,510.3800048828125,511.1199951171875,508.1600036621094,509.3999938964844,0,Energy_Index
2017-04-18,505.94000244140625,511.4800109863281,504.8900146484375,510.3800048828125,0,Energy_Index
2017-04-19,498.7200012207031,507.8900146484375,497.17999267578125,505.94000244140625,0,Energy_Index
2017-04-20,500.6700134277344,504.6300048828125,498.7200012207031,498.7200012207031,0,Energy_Index
2017-04-21,498.5299987792969,500.92999267578125,496.0199890136719,500.6700134277344,0,Energy_Index
2017-04-24,501.2300109863281,503.3299865722656,498.5299987792969,498.5299987792969,0,Energy_Index
2017-04-25,505.94000244140625,506.760009765625,501.1000061035156,501.2300109863281,0,Energy_Index
2017-04-26,503.9100036621094,510.5,503.2799987792969,505.94000244140625,0,Energy_Index
2017-04-27,498.30999755859375,503.9100036621094,493.6499938964844,503.9100036621094,0,Energy_Index
2017-04-28,498.95001220703125,503.4100036621094,498.2699890136719,498.30999755859375,0,Energy_Index
2017-05-01,497.8399963378906,500.20001220703125,496.5299987792969,498.95001220703125,0,Energy_Index
2017-05-02,495.3699951171875,500.29998779296875,493.2900085449219,497.8399963378906,0,Energy_Index
2017-05-03,496.989990234375,499.04998779296875,492.95001220703125,495.3699951171875,0,Energy_Index
2017-05-04,487.5400085449219,496.989990234375,484.80999755859375,496.989990234375,0,Energy_Index
2017-05-05,495.45001220703125,495.9599914550781,487.5400085449219,487.5400085449219,0,Energy_Index
2017-05-08,498.95001220703125,499.5299987792969,494.8599853515625,495.45001220703125,0,Energy_Index
2017-05-09,494.6700134277344,499.3699951171875,493.2200012207031,498.95001220703125,0,Energy_Index
2017-05-10,499.94000244140625,502.1300048828125,494.6700134277344,494.6700134277344,0,Energy_Index
2017-05-11,498.94000244140625,502.260009765625,498.04998779296875,499.94000244140625,0,Energy_Index
2017-05-12,497.3500061035156,499.32000732421875,495.8299865722656,498.94000244140625,0,Energy_Index
2017-05-15,500.45001220703125,505.0799865722656,497.3500061035156,497.3500061035156,0,Energy_Index
2017-05-16,498.239990234375,502.2699890136719,496.6000061035156,500.45001220703125,0,Energy_Index
2017-05-17,492.6099853515625,498.739990234375,492.3699951171875,498.239990234375,0,Energy_Index
2017-05-18,492.04998779296875,494.7900085449219,488.57000732421875,492.6099853515625,0,Energy_Index
2017-05-19,498.1499938964844,499.25,492.04998779296875,492.04998779296875,0,Energy_Index
2017-05-22,497.30999755859375,500.3399963378906,495.5400085449219,498.1499938964844,0,Energy_Index
2017-05-23,498.1300048828125,499.19000244140625,495.9800109863281,497.30999755859375,0,Energy_Index
2017-05-24,495.9599914550781,499.19000244140625,493.69000244140625,498.1300048828125,0,Energy_Index
2017-05-25,487.0899963378906,499.44000244140625,485.4599914550781,495.9599914550781,0,Energy_Index
2017-05-26,487.489990234375,488.2799987792969,484.8500061035156,487.0899963378906,0,Energy_Index
2017-05-30,481.1099853515625,487.489990234375,481.0899963378906,487.489990234375,0,Energy_Index
2017-05-31,479.19000244140625,481.1099853515625,476.760009765625,481.1099853515625,0,Energy_Index
2017-06-01,482.3699951171875,483.7699890136719,477.8399963378906,479.19000244140625,0,Energy_Index
2017-06-02,476.6700134277344,482.3699951171875,474.6199951171875,482.3699951171875,0,Energy_Index
2017-06-05,477.4599914550781,479.1400146484375,474.9700012207031,476.6700134277344,0,Energy_Index
2017-06-06,483.20001220703125,483.8500061035156,476.1700134277344,477.4599914550781,0,Energy_Index
2017-06-07,476.04998779296875,483.20001220703125,472.95001220703125,483.20001220703125,0,Energy_Index
2017-06-08,474.7300109863281,478.2099914550781,474.1099853515625,476.04998779296875,0,Energy_Index
2017-06-09,486.489990234375,487.6499938964844,474.7300109863281,474.7300109863281,0,Energy_Index
2017-06-12,489.7699890136719,494.3599853515625,486.489990234375,486.489990234375,0,Energy_Index
2017-06-13,493.0199890136719,493.7900085449219,488.7900085449219,489.7699890136719,0,Energy_Index
2017-06-14,483.989990234375,493.0199890136719,480.67999267578125,493.0199890136719,0,Energy_Index
2017-06-15,480.70001220703125,484.4599914550781,478.7200012207031,483.989990234375,0,Energy_Index
2017-06-16,488.95001220703125,488.95001220703125,480.69000244140625,480.70001220703125,0,Energy_Index
2017-06-19,485.6000061035156,488.95001220703125,484.489990234375,488.95001220703125,0,Energy_Index
2017-06-20,479.54998779296875,485.6000061035156,474.3599853515625,485.6000061035156,0,Energy_Index
2017-06-21,471.8800048828125,480.7900085449219,469.6000061035156,479.54998779296875,0,Energy_Index
2017-06-22,471.2799987792969,475.6000061035156,469.79998779296875,471.8800048828125,0,Energy_Index
2017-06-23,474.8299865722656,475.2200012207031,470.45001220703125,471.2799987792969,0,Energy_Index
2017-06-26,473.69000244140625,476.9100036621094,471.739990234375,474.8299865722656,0,Energy_Index
2017-06-27,472.8800048828125,477.42999267578125,472.8399963378906,473.69000244140625,0,Energy_Index
2017-06-28,475.57000732421875,478.2699890136719,472.9200134277344,472.9200134277344,0,Energy_Index
2017-06-29,476.1600036621094,481.489990234375,475.32000732421875,475.57000732421875,0,Energy_Index
2017-06-30,477.9100036621094,480.4200134277344,475.4599914550781,476.1600036621094,0,Energy_Index
2017-07-03,487.489990234375,489.5299987792969,477.9100036621094,477.9100036621094,0,Energy_Index
2017-07-05,477.6700134277344,487.489990234375,476.0299987792969,487.489990234375,0,Energy_Index
2017-07-06,472.3999938964844,479.739990234375,471.70001220703125,477.6700134277344,0,Energy_Index
2017-07-07,471.95001220703125,472.69000244140625,466.94000244140625,472.3999938964844,0,Energy_Index
2017-07-10,473.20001220703125,474.4800109863281,470.3399963378906,471.95001220703125,0,Energy_Index
2017-07-11,475.69000244140625,477.3999938964844,471.3500061035156,473.20001220703125,0,Energy_Index
2017-07-12,477.0899963378906,481.6400146484375,475.3900146484375,475.69000244140625,0,Energy_Index
2017-07-13,479.19000244140625,479.3900146484375,475.1400146484375,477.0899963378906,0,Energy_Index
2017-07-14,481.7799987792969,482.6400146484375,478.79998779296875,479.19000244140625,0,Energy_Index
2017-07-17,481.1300048828125,484.30999755859375,480.4700012207031,481.7699890136719,0,Energy_Index
2017-07-18,478.7799987792969,482.9700012207031,476.9800109863281,481.1300048828125,0,Energy_Index
2017-07-19,485.4599914550781,485.70001220703125,478.19000244140625,478.7799987792969,0,Energy_Index
2017-07-20,483.7200012207031,489.54998779296875,482.69000244140625,485.4599914550781,0,Energy_Index
2017-07-21,479.45001220703125,484.4700012207031,478.5799865722656,483.7200012207031,0,Energy_Index
2017-07-24,478.0299987792969,480.2799987792969,477.260009765625,479.45001220703125,0,Energy_Index
2017-07-25,484.07000732421875,487.4200134277344,478.0299987792969,478.0299987792969,0,Energy_Index
2017-07-26,484.55999755859375,489.9200134277344,483.3900146484375,484.07000732421875,0,Energy_Index
2017-07-27,489.3800048828125,489.510009765625,482.3999938964844,484.55999755859375,0,Energy_Index
2017-07-28,488.44000244140625,492.57000732421875,486.4700012207031,489.3800048828125,0,Energy_Index
2017-07-31,489.57000732421875,492.3299865722656,487.5199890136719,488.44000244140625,0,Energy_Index
2017-08-01,489.8699951171875,492.5199890136719,487.8500061035156,489.57000732421875,0,Energy_Index
2017-08-02,488.3299865722656,490.260009765625,483.6300048828125,489.8699951171875,0,Energy_Index
2017-08-03,481.7699890136719,488.3299865722656,479.80999755859375,488.3299865722656,0,Energy_Index
2017-08-04,483.44000244140625,484.4700012207031,480.989990234375,481.7699890136719,0,Energy_Index
2017-08-07,479.2699890136719,483.44000244140625,478.2300109863281,483.44000244140625,0,Energy_Index
2017-08-08,478.6700134277344,482.5299987792969,477.2699890136719,479.2699890136719,0,Energy_Index
2017-08-09,479.2300109863281,481.8599853515625,477.32000732421875,478.6700134277344,0,Energy_Index
2017-08-10,472.82000732421875,479.30999755859375,472.1499938964844,479.2300109863281,0,Energy_Index
2017-08-11,469.54998779296875,474.0400085449219,469.30999755859375,472.82000732421875,0,Energy_Index
2017-08-14,468.2900085449219,472.5,467.75,469.54998779296875,0,Energy_Index
2017-08-15,466.44000244140625,468.2900085449219,463.94000244140625,468.2900085449219,0,Energy_Index
2017-08-16,461.17999267578125,466.6600036621094,460.3299865722656,466.44000244140625,0,Energy_Index
2017-08-17,454.5199890136719,461.17999267578125,454.5199890136719,461.17999267578125,0,Energy_Index
2017-08-18,457.0899963378906,460.010009765625,453.2900085449219,454.5199890136719,0,Energy_Index
2017-08-21,454.57000732421875,457.0899963378906,453.20001220703125,457.0899963378906,0,Energy_Index
2017-08-22,457.7200012207031,458.6199951171875,454.57000732421875,454.57000732421875,0,Energy_Index
2017-08-23,459.4700012207031,461.6300048828125,456.3999938964844,457.7200012207031,0,Energy_Index
2017-08-24,459.3900146484375,460.7099914550781,457.6600036621094,459.4700012207031,0,Energy_Index
2017-08-25,461.7799987792969,463.55999755859375,459.3900146484375,459.3900146484375,0,Energy_Index
2017-08-28,459.6099853515625,463.32000732421875,457.3399963378906,461.7799987792969,0,Energy_Index
2017-08-29,459.05999755859375,459.6600036621094,455.8699951171875,459.6099853515625,0,Energy_Index
2017-08-30,459.2099914550781,460.5199890136719,456.2099914550781,459.05999755859375,0,Energy_Index
2017-08-31,461.6099853515625,462.4800109863281,459.2099914550781,459.2099914550781,0,Energy_Index
2017-09-01,465.3599853515625,466.7699890136719,460.7099914550781,461.6099853515625,0,Energy_Index
2017-09-05,467.9800109863281,470.04998779296875,464.760009765625,465.3599853515625,0,Energy_Index
2017-09-06,475.6499938964844,477.1700134277344,467.9800109863281,467.9800109863281,0,Energy_Index
2017-09-07,476.4800109863281,477.8299865722656,473.4599914550781,475.6499938964844,0,Energy_Index
2017-09-08,471.42999267578125,476.4800109863281,469.5,476.4800109863281,0,Energy_Index
2017-09-11,476.2300109863281,476.6300048828125,471.42999267578125,471.42999267578125,0,Energy_Index
2017-09-12,478.70001220703125,479.80999755859375,476.17999267578125,476.2300109863281,0,Energy_Index
2017-09-13,484.6300048828125,484.7300109863281,478.70001220703125,478.70001220703125,0,Energy_Index
2017-09-14,486.5,489.8699951171875,484.6300048828125,484.6300048828125,0,Energy_Index
2017-09-15,487.760009765625,487.760009765625,484.6199951171875,486.5,0,Energy_Index
2017-09-18,489.8900146484375,490.0299987792969,486.42999267578125,487.760009765625,0,Energy_Index
2017-09-19,491.7300109863281,492.4200134277344,489.8900146484375,489.8900146484375,0,Energy_Index
2017-09-20,495.1099853515625,496.1199951171875,491.7300109863281,491.7300109863281,0,Energy_Index
2017-09-21,494.7799987792969,496.20001220703125,492.82000732421875,495.1099853515625,0,Energy_Index
2017-09-22,497.4100036621094,498.6199951171875,493.8599853515625,494.7799987792969,0,Energy_Index
2017-09-25,504.739990234375,505.67999267578125,497.4100036621094,497.4100036621094,0,Energy_Index
2017-09-26,503.7699890136719,504.9100036621094,501.80999755859375,504.739990234375,0,Energy_Index
2017-09-27,506.1700134277344,506.260009765625,501.8399963378906,503.7699890136719,0,Energy_Index
2017-09-28,506.92999267578125,509.70001220703125,505.6099853515625,506.1700134277344,0,Energy_Index
2017-09-29,506.7200012207031,506.92999267578125,503.6199951171875,506.92999267578125,0,Energy_Index
2017-10-02,506.6300048828125,506.7200012207031,499.82000732421875,506.7200012207031,0,Energy_Index
2017-10-03,506.2099914550781,507.7900085449219,505.07000732421875,506.6300048828125,0,Energy_Index
2017-10-04,505.8900146484375,507.489990234375,504.0400085449219,506.2099914550781,0,Energy_Index
2017-10-05,507.94000244140625,508.760009765625,505.8299865722656,505.8900146484375,0,Energy_Index
2017-10-06,503.7900085449219,507.94000244140625,502.1099853515625,507.94000244140625,0,Energy_Index
2017-10-09,505.04998779296875,506.3500061035156,503.7900085449219,503.7900085449219,0,Energy_Index
2017-10-10,505.57000732421875,510.239990234375,504.9700012207031,505.04998779296875,0,Energy_Index
2017-10-11,506.7799987792969,506.989990234375,503.04998779296875,505.57000732421875,0,Energy_Index
2017-10-12,504.8699951171875,506.7799987792969,502.3500061035156,506.7799987792969,0,Energy_Index
2017-10-13,504.510009765625,509.1300048828125,504.239990234375,504.8699951171875,0,Energy_Index
2017-10-16,505.6099853515625,508.5299987792969,504.510009765625,504.510009765625,0,Energy_Index
2017-10-17,506.0299987792969,506.9200134277344,503.3800048828125,505.6099853515625,0,Energy_Index
2017-10-18,502.5,507.7699890136719,501.9700012207031,506.0299987792969,0,Energy_Index
2017-10-19,500.92999267578125,503.1000061035156,499.69000244140625,502.5,0,Energy_Index
2017-10-20,502.260009765625,502.260009765625,498.6700134277344,500.92999267578125,0,Energy_Index
2017-10-23,499.32000732421875,504.0400085449219,499.25,502.260009765625,0,Energy_Index
2017-10-24,500.6700134277344,502.7799987792969,499.32000732421875,499.32000732421875,0,Energy_Index
2017-10-25,497.25,501.19000244140625,495.8999938964844,500.6700134277344,0,Energy_Index
2017-10-26,498.4599914550781,500.0199890136719,495.55999755859375,497.25,0,Energy_Index
2017-10-27,499.45001220703125,501.8999938964844,491.8900146484375,498.4599914550781,0,Energy_Index
2017-10-30,501.260009765625,502.739990234375,498.8299865722656,499.45001220703125,0,Energy_Index
2017-10-31,503.07000732421875,504.70001220703125,499.4800109863281,501.260009765625,0,Energy_Index
2017-11-01,508.5400085449219,510.6700134277344,503.07000732421875,503.07000732421875,0,Energy_Index
2017-11-02,506.9599914550781,509.760009765625,504.0199890136719,508.5400085449219,0,Energy_Index
2017-11-03,508.1400146484375,510.0400085449219,506.05999755859375,506.9599914550781,0,Energy_Index
2017-11-06,519.3300170898438,519.8200073242188,508.1400146484375,508.1400146484375,0,Energy_Index
2017-11-07,518.4099731445312,520.760009765625,515.8599853515625,519.3300170898438,0,Energy_Index
2017-11-08,516.3499755859375,518.510009765625,513.3599853515625,518.4099731445312,0,Energy_Index
2017-11-09,517.8400268554688,518.6099853515625,513.510009765625,516.3499755859375,0,Energy_Index
2017-11-10,513.6699829101562,517.8400268554688,510.0,517.8400268554688,0,Energy_Index
2017-11-13,510.8800048828125,514.25,510.42999267578125,513.6699829101562,0,Energy_Index
2017-11-14,503.0,510.8800048828125,502.4599914550781,510.8800048828125,0,Energy_Index
2017-11-15,497.0899963378906,503.0,495.510009765625,503.0,0,Energy_Index
2017-11-16,494.20001220703125,497.0899963378906,492.95001220703125,497.0899963378906,0,Energy_Index
2017-11-17,496.3299865722656,497.4100036621094,493.9700012207031,494.20001220703125,0,Energy_Index
2017-11-20,495.29998779296875,496.3299865722656,493.260009765625,496.3299865722656,0,Energy_Index
2017-11-21,496.4100036621094,499.1300048828125,495.29998779296875,495.29998779296875,0,Energy_Index
2017-11-22,498.5799865722656,500.45001220703125,496.4100036621094,496.4100036621094,0,Energy_Index
2017-11-24,499.94000244140625,501.4200134277344,498.5799865722656,498.5799865722656,0,Energy_Index
2017-11-27,494.79998779296875,499.94000244140625,493.92999267578125,499.94000244140625,0,Energy_Index
2017-11-28,498.8699951171875,499.4800109863281,494.79998779296875,494.79998779296875,0,Energy_Index
2017-11-29,501.510009765625,502.2699890136719,497.70001220703125,498.8699951171875,0,Energy_Index
2017-11-30,509.2799987792969,509.9200134277344,501.510009765625,501.510009765625,0,Energy_Index
2017-12-01,513.3300170898438,516.469970703125,507.6199951171875,509.2799987792969,0,Energy_Index
2017-12-04,513.1799926757812,520.8699951171875,511.510009765625,513.3300170898438,0,Energy_Index
2017-12-05,510.4599914550781,514.5700073242188,509.9200134277344,513.1799926757812,0,Energy_Index
2017-12-06,503.8800048828125,511.5199890136719,503.44000244140625,510.4599914550781,0,Energy_Index
2017-12-07,505.4700012207031,506.19000244140625,503.0199890136719,503.8800048828125,0,Energy_Index
2017-12-08,509.7699890136719,509.80999755859375,505.42999267578125,505.4700012207031,0,Energy_Index
2017-12-11,513.4000244140625,515.7899780273438,509.7699890136719,509.7699890136719,0,Energy_Index
2017-12-12,511.739990234375,515.3699951171875,511.2699890136719,513.4000244140625,0,Energy_Index
2017-12-13,511.0400085449219,512.9400024414062,509.6400146484375,511.739990234375,0,Energy_Index
2017-12-14,509.3800048828125,513.02001953125,509.3399963378906,511.0400085449219,0,Energy_Index
2017-12-15,509.239990234375,512.5599975585938,508.42999267578125,509.3800048828125,0,Energy_Index
2017-12-18,512.760009765625,515.3099975585938,509.239990234375,509.239990234375,0,Energy_Index
2017-12-19,513.3200073242188,516.2899780273438,512.4500122070312,512.760009765625,0,Energy_Index
2017-12-20,520.3800048828125,521.22998046875,513.3200073242188,513.3200073242188,0,Energy_Index
2017-12-21,531.2100219726562,532.7100219726562,520.3699951171875,520.3800048828125,0,Energy_Index
2017-12-22,532.3599853515625,534.2899780273438,529.6799926757812,531.2100219726562,0,Energy_Index
2017-12-26,536.75,537.5999755859375,532.3599853515625,532.3599853515625,0,Energy_Index
2017-12-27,535.030029296875,537.010009765625,534.010009765625,536.75,0,Energy_Index
2017-12-28,535.52001953125,535.8699951171875,534.0499877929688,535.030029296875,0,Energy_Index
2017-12-29,533.4099731445312,536.8900146484375,533.4099731445312,535.52001953125,0,Energy_Index
2018-01-02,542.9299926757812,543.530029296875,533.4099731445312,533.4099731445312,0,Energy_Index
2018-01-03,551.219970703125,552.5599975585938,542.9299926757812,542.9299926757812,0,Energy_Index
2018-01-04,554.510009765625,554.719970703125,549.0,551.219970703125,0,Energy_Index
2018-01-05,554.4099731445312,554.6599731445312,549.6300048828125,554.510009765625,0,Energy_Index
2018-01-08,557.6400146484375,557.760009765625,552.6199951171875,554.4099731445312,0,Energy_Index
2018-01-09,555.8699951171875,558.75,555.3200073242188,557.6400146484375,0,Energy_Index
2018-01-10,555.3200073242188,557.8099975585938,555.1199951171875,555.8699951171875,0,Energy_Index
2018-01-11,566.5599975585938,568.4600219726562,555.3200073242188,555.3200073242188,0,Energy_Index
2018-01-12,572.02001953125,572.3499755859375,566.5599975585938,566.5599975585938,0,Energy_Index
2018-01-16,564.9600219726562,572.6799926757812,563.8800048828125,572.02001953125,0,Energy_Index
2018-01-17,569.780029296875,572.2000122070312,562.989990234375,564.9600219726562,0,Energy_Index
2018-01-18,565.239990234375,569.780029296875,564.469970703125,569.780029296875,0,Energy_Index
2018-01-19,564.6599731445312,565.239990234375,560.8900146484375,565.239990234375,0,Energy_Index
2018-01-22,576.52001953125,576.5900268554688,564.6599731445312,564.6599731445312,0,Energy_Index
2018-01-23,575.6400146484375,578.0900268554688,572.8099975585938,576.52001953125,0,Energy_Index
2018-01-24,574.2100219726562,579.1900024414062,572.3099975585938,575.6400146484375,0,Energy_Index
2018-01-25,569.760009765625,576.0999755859375,568.8800048828125,574.2100219726562,0,Energy_Index
2018-01-26,573.239990234375,573.7000122070312,569.760009765625,569.760009765625,0,Energy_Index
2018-01-29,564.3699951171875,573.239990234375,563.530029296875,573.239990234375,0,Energy_Index
2018-01-30,552.969970703125,564.3699951171875,552.6599731445312,564.3699951171875,0,Energy_Index
2018-01-31,553.4500122070312,555.4199829101562,549.6300048828125,552.969970703125,0,Energy_Index
2018-02-01,559.5399780273438,559.6599731445312,551.5700073242188,553.4500122070312,0,Energy_Index
2018-02-02,536.4299926757812,559.5399780273438,532.77001953125,559.5399780273438,0,Energy_Index
2018-02-05,513.0700073242188,536.4299926757812,504.80999755859375,536.4299926757812,0,Energy_Index
2018-02-06,516.52001953125,520.3200073242188,502.2799987792969,513.0700073242188,0,Energy_Index
2018-02-07,507.8999938964844,524.3599853515625,507.8699951171875,516.52001953125,0,Energy_Index
2018-02-08,492.7799987792969,510.5,492.760009765625,507.8999938964844,0,Energy_Index
2018-02-09,491.0400085449219,497.42999267578125,475.1199951171875,492.7799987792969,0,Energy_Index
2018-02-12,499.1499938964844,504.5199890136719,491.0400085449219,491.0400085449219,0,Energy_Index
2018-02-13,496.9200134277344,499.1499938964844,493.95001220703125,499.1499938964844,0,Energy_Index
2018-02-14,503.8900146484375,505.3399963378906,491.0299987792969,496.9200134277344,0,Energy_Index
2018-02-15,501.760009765625,505.0400085449219,494.0299987792969,503.8900146484375,0,Energy_Index
2018-02-16,500.5199890136719,505.1700134277344,497.6499938964844,501.760009765625,0,Energy_Index
2018-02-20,497.69000244140625,505.0400085449219,495.510009765625,500.5199890136719,0,Energy_Index
2018-02-21,489.44000244140625,500.8399963378906,489.4200134277344,497.69000244140625,0,Energy_Index
2018-02-22,494.7300109863281,501.92999267578125,489.44000244140625,489.44000244140625,0,Energy_Index
2018-02-23,505.5899963378906,505.94000244140625,494.7300109863281,494.7300109863281,0,Energy_Index
2018-02-26,508.9100036621094,509.760009765625,505.5899963378906,505.5899963378906,0,Energy_Index
2018-02-27,502.1499938964844,513.8599853515625,502.1199951171875,508.9100036621094,0,Energy_Index
2018-02-28,490.6700134277344,506.489990234375,490.5400085449219,502.1499938964844,0,Energy_Index
2018-03-01,489.8699951171875,497.3900146484375,486.260009765625,490.6700134277344,0,Energy_Index
2018-03-02,491.8599853515625,493.5799865722656,482.6000061035156,489.8699951171875,0,Energy_Index
2018-03-05,497.1099853515625,498.54998779296875,489.6199951171875,491.8599853515625,0,Energy_Index
2018-03-06,497.30999755859375,501.92999267578125,494.8900146484375,497.1099853515625,0,Energy_Index
2018-03-07,493.17999267578125,497.30999755859375,488.6300048828125,497.30999755859375,0,Energy_Index
2018-03-08,492.6000061035156,495.45001220703125,489.2799987792969,493.17999267578125,0,Energy_Index
2018-03-09,502.17999267578125,502.3999938964844,492.6000061035156,492.6000061035156,0,Energy_Index
2018-03-12,501.8900146484375,505.5899963378906,499.6099853515625,502.17999267578125,0,Energy_Index
2018-03-13,498.2699890136719,505.75,496.29998779296875,501.8900146484375,0,Energy_Index
2018-03-14,495.0400085449219,501.3399963378906,494.2300109863281,498.2699890136719,0,Energy_Index
2018-03-15,492.95001220703125,499.2200012207031,489.25,495.0400085449219,0,Energy_Index
2018-03-16,497.92999267578125,499.3399963378906,492.260009765625,492.95001220703125,0,Energy_Index
2018-03-19,489.5,497.92999267578125,486.8900146484375,497.92999267578125,0,Energy_Index
2018-03-20,493.6099853515625,496.92999267578125,489.5,489.5,0,Energy_Index
2018-03-21,506.5799865722656,509.7200012207031,493.6099853515625,493.6099853515625,0,Energy_Index
2018-03-22,496.2699890136719,506.5799865722656,495.32000732421875,506.5799865722656,0,Energy_Index
2018-03-23,493.30999755859375,504.3900146484375,492.17999267578125,496.2699890136719,0,Energy_Index
2018-03-26,502.07000732421875,502.7900085449219,493.30999755859375,493.30999755859375,0,Energy_Index
2018-03-27,497.6700134277344,506.3599853515625,494.80999755859375,502.07000732421875,0,Energy_Index
2018-03-28,487.7799987792969,499.3299865722656,487.1700134277344,497.6700134277344,0,Energy_Index
2018-03-29,498.2900085449219,500.1000061035156,487.7799987792969,487.7799987792969,0,Energy_Index
2018-04-02,488.3500061035156,498.2900085449219,479.8999938964844,498.2900085449219,0,Energy_Index
2018-04-03,498.7900085449219,499.0899963378906,485.489990234375,488.3500061035156,0,Energy_Index
2018-04-04,498.1000061035156,499.07000732421875,487.7900085449219,498.7900085449219,0,Energy_Index
2018-04-05,507.1400146484375,510.0400085449219,498.1000061035156,498.1000061035156,0,Energy_Index
2018-04-06,497.79998779296875,507.1400146484375,491.2799987792969,507.1400146484375,0,Energy_Index
2018-04-09,500.1300048828125,506.489990234375,497.79998779296875,497.79998779296875,0,Energy_Index
2018-04-10,516.72998046875,520.739990234375,500.1300048828125,500.1300048828125,0,Energy_Index
2018-04-11,522.1099853515625,523.2000122070312,515.3800048828125,516.72998046875,0,Energy_Index
2018-04-12,522.0800170898438,526.0399780273438,520.219970703125,522.1099853515625,0,Energy_Index
2018-04-13,527.75,529.739990234375,522.0800170898438,522.0800170898438,0,Energy_Index
2018-04-16,533.0999755859375,535.47998046875,526.2000122070312,527.75,0,Energy_Index
2018-04-17,535.22998046875,537.5599975585938,531.5900268554688,533.0999755859375,0,Energy_Index
2018-04-18,543.5,548.260009765625,535.22998046875,535.22998046875,0,Energy_Index
2018-04-19,544.260009765625,548.1099853515625,540.9099731445312,543.5,0,Energy_Index
2018-04-20,541.47998046875,544.260009765625,538.0499877929688,544.260009765625,0,Energy_Index
2018-04-23,544.780029296875,544.780029296875,536.9500122070312,541.47998046875,0,Energy_Index
2018-04-24,538.9299926757812,549.8499755859375,536.0499877929688,544.780029296875,0,Energy_Index
2018-04-25,543.3200073242188,543.989990234375,533.9199829101562,538.9299926757812,0,Energy_Index
2018-04-26,551.489990234375,551.6599731445312,543.3200073242188,543.3200073242188,0,Energy_Index
2018-04-27,544.780029296875,551.489990234375,542.739990234375,551.489990234375,0,Energy_Index
2018-04-30,544.5599975585938,550.8499755859375,544.1900024414062,544.780029296875,0,Energy_Index
2018-05-01,541.5399780273438,544.5599975585938,534.6699829101562,544.5599975585938,0,Energy_Index
2018-05-02,543.6799926757812,547.75,539.9199829101562,541.5399780273438,0,Energy_Index
2018-05-03,542.4099731445312,543.6799926757812,535.0999755859375,543.6799926757812,0,Energy_Index
2018-05-04,544.8400268554688,546.9000244140625,538.5599975585938,542.4099731445312,0,Energy_Index
2018-05-07,545.8400268554688,557.6599731445312,544.739990234375,544.8400268554688,0,Energy_Index
2018-05-08,550.0999755859375,550.1900024414062,536.4000244140625,545.8400268554688,0,Energy_Index
2018-05-09,561.2899780273438,567.3400268554688,550.0999755859375,550.0999755859375,0,Energy_Index
2018-05-10,565.8699951171875,566.9500122070312,561.1400146484375,561.2899780273438,0,Energy_Index
2018-05-11,565.280029296875,568.9199829101562,563.9000244140625,565.8699951171875,0,Energy_Index
2018-05-14,568.8499755859375,571.6699829101562,565.280029296875,565.280029296875,0,Energy_Index
2018-05-15,568.9199829101562,569.9299926757812,564.75,568.8499755859375,0,Energy_Index
2018-05-16,571.02001953125,571.2000122070312,565.2899780273438,568.9199829101562,0,Energy_Index
2018-05-17,578.510009765625,579.2100219726562,571.02001953125,571.02001953125,0,Energy_Index
2018-05-18,573.8499755859375,578.510009765625,573.4600219726562,578.510009765625,0,Energy_Index
2018-05-21,579.4000244140625,579.6500244140625,573.8499755859375,573.8499755859375,0,Energy_Index
2018-05-22,571.989990234375,583.4299926757812,570.5499877929688,579.4000244140625,0,Energy_Index
2018-05-23,571.97998046875,572.2999877929688,564.1099853515625,571.989990234375,0,Energy_Index
2018-05-24,562.4400024414062,571.97998046875,560.0499877929688,571.97998046875,0,Energy_Index
2018-05-25,547.77001953125,562.4400024414062,542.4000244140625,562.4400024414062,0,Energy_Index
2018-05-29,546.010009765625,549.25,540.969970703125,547.77001953125,0,Energy_Index
2018-05-30,563.010009765625,565.1699829101562,546.010009765625,546.010009765625,0,Energy_Index
2018-05-31,558.3499755859375,565.0599975585938,557.4000244140625,563.010009765625,0,Energy_Index
2018-06-01,561.3699951171875,564.9199829101562,558.260009765625,558.3499755859375,0,Energy_Index
2018-06-04,556.2100219726562,567.25,554.9199829101562,561.3699951171875,0,Energy_Index
2018-06-05,554.2999877929688,558.9600219726562,552.3400268554688,556.2100219726562,0,Energy_Index
2018-06-06,557.4299926757812,558.77001953125,552.5399780273438,554.2999877929688,0,Energy_Index
2018-06-07,566.260009765625,569.030029296875,557.4299926757812,557.4299926757812,0,Energy_Index
2018-06-08,565.02001953125,567.719970703125,561.1900024414062,566.260009765625,0,Energy_Index
2018-06-11,567.0499877929688,570.0599975585938,563.3200073242188,565.02001953125,0,Energy_Index
2018-06-12,562.7899780273438,568.8300170898438,561.5599975585938,567.0499877929688,0,Energy_Index
2018-06-13,560.5,564.2000122070312,558.6799926757812,562.7899780273438,0,Energy_Index
2018-06-14,559.2999877929688,564.030029296875,558.7100219726562,560.5,0,Energy_Index
2018-06-15,547.510009765625,559.2999877929688,546.8900146484375,559.2999877929688,0,Energy_Index
2018-06-18,553.6599731445312,557.0900268554688,546.9099731445312,547.510009765625,0,Energy_Index
2018-06-19,552.1699829101562,554.260009765625,545.4600219726562,553.6599731445312,0,Energy_Index
2018-06-20,554.52001953125,556.47998046875,550.22998046875,552.1699829101562,0,Energy_Index
2018-06-21,543.8400268554688,554.52001953125,541.8300170898438,554.52001953125,0,Energy_Index
2018-06-22,555.8200073242188,561.2899780273438,543.8400268554688,543.8400268554688,0,Energy_Index
2018-06-25,543.5999755859375,555.8200073242188,540.5800170898438,555.8200073242188,0,Energy_Index
2018-06-26,551.2000122070312,553.0999755859375,543.5999755859375,543.5999755859375,0,Energy_Index
2018-06-27,558.5800170898438,565.3300170898438,551.2000122070312,551.2000122070312,0,Energy_Index
2018-06-28,557.9299926757812,561.2100219726562,553.6599731445312,558.5800170898438,0,Energy_Index
2018-06-29,561.5399780273438,567.3200073242188,557.9299926757812,557.9299926757812,0,Energy_Index
2018-07-02,552.8599853515625,561.5399780273438,550.25,561.5399780273438,0,Energy_Index
2018-07-03,556.8400268554688,565.3499755859375,552.8599853515625,552.8599853515625,0,Energy_Index
2018-07-05,555.969970703125,561.8800048828125,554.5499877929688,556.8400268554688,0,Energy_Index
2018-07-06,559.6699829101562,561.1400146484375,551.75,555.969970703125,0,Energy_Index
2018-07-09,567.9299926757812,568.4199829101562,559.6699829101562,559.6699829101562,0,Energy_Index
2018-07-10,572.1300048828125,576.5800170898438,567.9299926757812,567.9299926757812,0,Energy_Index
2018-07-11,559.8400268554688,572.1300048828125,556.2899780273438,572.1300048828125,0,Energy_Index
2018-07-12,560.9600219726562,564.3300170898438,557.0999755859375,559.8400268554688,0,Energy_Index
2018-07-13,564.0800170898438,567.3900146484375,560.5,560.9600219726562,0,Energy_Index
2018-07-16,557.4199829101562,564.0800170898438,552.6699829101562,564.0800170898438,0,Energy_Index
2018-07-17,555.2999877929688,558.27001953125,552.1799926757812,557.4199829101562,0,Energy_Index
2018-07-18,555.469970703125,556.4600219726562,547.22998046875,555.2999877929688,0,Energy_Index
2018-07-19,555.3699951171875,557.969970703125,553.469970703125,555.469970703125,0,Energy_Index
2018-07-20,553.4099731445312,556.6599731445312,551.8499755859375,555.3699951171875,0,Energy_Index
2018-07-23,551.22998046875,555.3200073242188,550.3800048828125,553.4099731445312,0,Energy_Index
2018-07-24,558.47998046875,561.52001953125,551.22998046875,551.22998046875,0,Energy_Index
2018-07-25,563.52001953125,564.2899780273438,556.3699951171875,558.47998046875,0,Energy_Index
2018-07-26,569.1199951171875,569.9199829101562,563.22998046875,563.52001953125,0,Energy_Index
2018-07-27,566.219970703125,569.2000122070312,562.2000122070312,569.1199951171875,0,Energy_Index
2018-07-30,570.97998046875,572.9299926757812,566.219970703125,566.219970703125,0,Energy_Index
2018-07-31,569.1599731445312,573.1500244140625,568.469970703125,570.97998046875,0,Energy_Index
2018-08-01,561.5800170898438,569.1599731445312,558.8699951171875,569.1599731445312,0,Energy_Index
2018-08-02,558.6599731445312,561.5800170898438,554.1900024414062,561.5800170898438,0,Energy_Index
2018-08-03,556.0599975585938,558.6599731445312,553.0,558.6599731445312,0,Energy_Index
2018-08-06,557.9299926757812,560.2999877929688,554.0900268554688,556.0599975585938,0,Energy_Index
2018-08-07,561.9299926757812,565.0900268554688,557.9299926757812,557.9299926757812,0,Energy_Index
2018-08-08,557.6500244140625,561.9299926757812,554.469970703125,561.9299926757812,0,Energy_Index
2018-08-09,552.7000122070312,559.1799926757812,551.8800048828125,557.6500244140625,0,Energy_Index
2018-08-10,554.1799926757812,554.47998046875,549.010009765625,552.7000122070312,0,Energy_Index
2018-08-13,547.4400024414062,555.4400024414062,547.3400268554688,554.1799926757812,0,Energy_Index
2018-08-14,548.8699951171875,552.510009765625,546.7899780273438,547.4400024414062,0,Energy_Index
2018-08-15,529.5900268554688,548.8699951171875,528.22998046875,548.8699951171875,0,Energy_Index
2018-08-16,532.8499755859375,535.72998046875,529.5900268554688,529.5900268554688,0,Energy_Index
2018-08-17,534.27001953125,535.530029296875,532.2000122070312,532.8499755859375,0,Energy_Index
2018-08-20,537.7999877929688,539.5,534.010009765625,534.27001953125,0,Energy_Index
2018-08-21,540.4600219726562,544.6900024414062,537.7999877929688,537.7999877929688,0,Energy_Index
2018-08-22,546.9299926757812,548.530029296875,540.4600219726562,540.4600219726562,0,Energy_Index
2018-08-23,544.0700073242188,546.9299926757812,542.1099853515625,546.9299926757812,0,Energy_Index
2018-08-24,548.4000244140625,551.4600219726562,544.0700073242188,544.0700073242188,0,Energy_Index
2018-08-27,552.4400024414062,552.9299926757812,548.4000244140625,548.4000244140625,0,Energy_Index
2018-08-28,549.9400024414062,555.5800170898438,549.5399780273438,552.4400024414062,0,Energy_Index
2018-08-29,553.3900146484375,555.6599731445312,549.9400024414062,549.9400024414062,0,Energy_Index
2018-08-30,551.6300048828125,554.27001953125,548.97998046875,553.3900146484375,0,Energy_Index
2018-08-31,547.5800170898438,551.6300048828125,545.3200073242188,551.6300048828125,0,Energy_Index
2018-09-04,546.02001953125,550.2100219726562,544.010009765625,547.5800170898438,0,Energy_Index
2018-09-05,545.5800170898438,546.02001953125,538.22998046875,546.02001953125,0,Energy_Index
2018-09-06,535.0599975585938,545.5800170898438,533.8499755859375,545.5800170898438,0,Energy_Index
2018-09-07,534.9299926757812,535.9600219726562,527.3599853515625,535.0599975585938,0,Energy_Index
2018-09-10,534.8300170898438,540.0599975585938,534.739990234375,534.9299926757812,0,Energy_Index
2018-09-11,540.0599975585938,543.030029296875,532.9099731445312,534.8300170898438,0,Energy_Index
2018-09-12,542.8200073242188,548.1099853515625,540.0599975585938,540.0599975585938,0,Energy_Index
2018-09-13,542.8300170898438,543.9400024414062,538.280029296875,542.8200073242188,0,Energy_Index
2018-09-14,545.8699951171875,547.8400268554688,542.8300170898438,542.8300170898438,0,Energy_Index
2018-09-17,546.77001953125,550.4199829101562,545.5999755859375,545.8699951171875,0,Energy_Index
2018-09-18,550.5800170898438,554.1400146484375,546.77001953125,546.77001953125,0,Energy_Index
2018-09-19,552.6799926757812,554.510009765625,550.3900146484375,550.5800170898438,0,Energy_Index
2018-09-20,552.3599853515625,556.9099731445312,551.9099731445312,552.6799926757812,0,Energy_Index
2018-09-21,556.3400268554688,557.989990234375,551.47998046875,552.3599853515625,0,Energy_Index
2018-09-24,564.510009765625,566.6500244140625,556.3400268554688,556.3400268554688,0,Energy_Index
2018-09-25,567.739990234375,570.3499755859375,564.510009765625,564.510009765625,0,Energy_Index
2018-09-26,562.1099853515625,567.739990234375,561.6400146484375,567.739990234375,0,Energy_Index
2018-09-27,562.3699951171875,565.280029296875,560.969970703125,562.1099853515625,0,Energy_Index
2018-09-28,560.9099731445312,566.739990234375,559.5499877929688,562.3699951171875,0,Energy_Index
2018-10-01,569.1300048828125,570.8699951171875,560.9099731445312,560.9099731445312,0,Energy_Index
2018-10-02,569.8599853515625,571.3900146484375,565.510009765625,569.1300048828125,0,Energy_Index
2018-10-03,574.5499877929688,575.6500244140625,569.8599853515625,569.8599853515625,0,Energy_Index
2018-10-04,571.6099853515625,575.4199829101562,568.2999877929688,574.5499877929688,0,Energy_Index
2018-10-05,571.3599853515625,573.22998046875,568.010009765625,571.6099853515625,0,Energy_Index
2018-10-08,571.0900268554688,572.030029296875,565.2000122070312,571.3599853515625,0,Energy_Index
2018-10-09,576.719970703125,580.3499755859375,570.6400146484375,571.0900268554688,0,Energy_Index
2018-10-10,556.0399780273438,578.0599975585938,555.9299926757812,576.719970703125,0,Energy_Index
2018-10-11,538.8699951171875,556.0399780273438,535.3800048828125,556.0399780273438,0,Energy_Index
2018-10-12,540.510009765625,545.77001953125,532.4400024414062,538.8699951171875,0,Energy_Index
2018-10-15,536.0800170898438,542.5900268554688,536.0700073242188,540.510009765625,0,Energy_Index
2018-10-16,540.77001953125,541.25,535.6400146484375,536.0800170898438,0,Energy_Index
2018-10-17,537.010009765625,541.02001953125,532.5700073242188,540.77001953125,0,Energy_Index
2018-10-18,534.4099731445312,539.4000244140625,531.3400268554688,537.010009765625,0,Energy_Index
2018-10-19,530.02001953125,537.8900146484375,529.760009765625,534.4099731445312,0,Energy_Index
2018-10-22,524.1900024414062,530.5499877929688,520.9400024414062,530.02001953125,0,Energy_Index
2018-10-23,510.1700134277344,524.1900024414062,503.2799987792969,524.1900024414062,0,Energy_Index
2018-10-24,490.8299865722656,512.4500122070312,490.3599853515625,510.1700134277344,0,Energy_Index
2018-10-25,496.4700012207031,501.3599853515625,490.8299865722656,490.8299865722656,0,Energy_Index
2018-10-26,492.5899963378906,498.6600036621094,484.7099914550781,496.4700012207031,0,Energy_Index
2018-10-29,483.30999755859375,496.8299865722656,477.3299865722656,492.5899963378906,0,Energy_Index
2018-10-30,494.4100036621094,495.6499938964844,482.1099853515625,483.30999755859375,0,Energy_Index
2018-10-31,497.3699951171875,505.69000244140625,494.4100036621094,494.4100036621094,0,Energy_Index
2018-11-01,501.5199890136719,503.95001220703125,493.4599914550781,497.3699951171875,0,Energy_Index
2018-11-02,500.989990234375,510.6700134277344,495.32000732421875,501.5199890136719,0,Energy_Index
2018-11-05,509.05999755859375,510.5299987792969,500.989990234375,500.989990234375,0,Energy_Index
2018-11-06,510.7699890136719,511.8299865722656,505.07000732421875,509.05999755859375,0,Energy_Index
2018-11-07,519.0,520.6199951171875,510.7699890136719,510.7699890136719,0,Energy_Index
2018-11-08,507.55999755859375,520.8800048828125,506.2099914550781,519.0,0,Energy_Index
2018-11-09,505.67999267578125,508.92999267578125,497.1600036621094,507.55999755859375,0,Energy_Index
2018-11-12,494.8599853515625,511.04998779296875,494.2699890136719,505.67999267578125,0,Energy_Index
2018-11-13,483.0299987792969,496.2300109863281,481.29998779296875,494.8599853515625,0,Energy_Index
2018-11-14,482.5199890136719,492.9200134277344,478.5199890136719,483.0299987792969,0,Energy_Index
2018-11-15,489.6499938964844,489.69000244140625,474.8399963378906,482.5199890136719,0,Energy_Index
2018-11-16,495.0299987792969,496.3999938964844,489.6300048828125,489.6499938964844,0,Energy_Index
2018-11-19,494.54998779296875,496.4700012207031,490.239990234375,495.0299987792969,0,Energy_Index
2018-11-20,478.2699890136719,494.54998779296875,474.7300109863281,494.54998779296875,0,Energy_Index
2018-11-21,485.82000732421875,490.8399963378906,478.2699890136719,478.2699890136719,0,Energy_Index
2018-11-23,469.9599914550781,485.82000732421875,466.9200134277344,485.82000732421875,0,Energy_Index
2018-11-26,478.0299987792969,480.70001220703125,469.9599914550781,469.9599914550781,0,Energy_Index
2018-11-27,476.45001220703125,479.5799865722656,473.6499938964844,478.0299987792969,0,Energy_Index
2018-11-28,484.760009765625,484.7699890136719,472.94000244140625,476.45001220703125,0,Energy_Index
2018-11-29,487.6000061035156,491.44000244140625,484.1700134277344,484.760009765625,0,Energy_Index
2018-11-30,486.4200134277344,488.010009765625,480.95001220703125,487.6000061035156,0,Energy_Index
2018-12-03,497.5199890136719,500.45001220703125,486.4200134277344,486.4200134277344,0,Energy_Index
2018-12-04,482.92999267578125,499.1400146484375,482.20001220703125,497.5199890136719,0,Energy_Index
2018-12-06,474.3900146484375,482.92999267578125,464.1600036621094,482.92999267578125,0,Energy_Index
2018-12-07,471.3399963378906,489.95001220703125,470.5,474.3900146484375,0,Energy_Index
2018-12-10,463.7200012207031,471.3399963378906,453.1400146484375,471.3399963378906,0,Energy_Index
2018-12-11,463.8599853515625,471.5400085449219,458.9200134277344,463.7200012207031,0,Energy_Index
2018-12-12,465.3699951171875,474.3699951171875,463.8599853515625,463.8599853515625,0,Energy_Index
2018-12-13,467.04998779296875,469.6199951171875,462.2699890136719,465.3699951171875,0,Energy_Index
2018-12-14,455.92999267578125,467.04998779296875,453.8299865722656,467.04998779296875,0,Energy_Index
2018-12-17,447.4599914550781,458.489990234375,444.6000061035156,455.92999267578125,0,Energy_Index
2018-12-18,436.9599914550781,448.3299865722656,434.57000732421875,447.4599914550781,0,Energy_Index
2018-12-19,431.5,446.95001220703125,428.260009765625,436.9599914550781,0,Energy_Index
2018-12-20,419.45001220703125,432.80999755859375,417.0199890136719,431.5,0,Energy_Index
2018-12-21,415.05999755859375,426.4700012207031,412.0899963378906,419.45001220703125,0,Energy_Index
2018-12-24,398.3900146484375,415.05999755859375,398.3900146484375,415.05999755859375,0,Energy_Index
2018-12-26,423.260009765625,423.2799987792969,395.1400146484375,398.3900146484375,0,Energy_Index
2018-12-27,425.9700012207031,426.0,409.1300048828125,423.260009765625,0,Energy_Index
2018-12-28,422.1600036621094,429.0400085449219,419.6300048828125,425.9700012207031,0,Energy_Index
2018-12-31,424.07000732421875,427.3699951171875,419.3999938964844,422.1600036621094,0,Energy_Index
2019-01-02,432.8500061035156,435.44000244140625,416.1000061035156,424.07000732421875,0,Energy_Index
2019-01-03,428.07000732421875,435.2200012207031,423.7200012207031,432.8500061035156,0,Energy_Index
2019-01-04,443.4100036621094,444.20001220703125,428.07000732421875,428.07000732421875,0,Energy_Index
2019-01-07,449.1400146484375,452.5400085449219,440.3399963378906,443.4100036621094,0,Energy_Index
2019-01-08,452.8699951171875,456.6099853515625,449.1400146484375,449.1400146484375,0,Energy_Index
2019-01-09,459.6700134277344,461.2200012207031,452.8699951171875,452.8699951171875,0,Energy_Index
2019-01-10,461.1700134277344,461.4599914550781,453.8999938964844,459.6700134277344,0,Energy_Index
2019-01-11,458.2799987792969,461.1700134277344,454.1600036621094,461.1700134277344,0,Energy_Index
2019-01-14,457.42999267578125,458.9100036621094,453.5400085449219,458.2799987792969,0,Energy_Index
2019-01-15,458.79998779296875,463.0,456.5,457.42999267578125,0,Energy_Index
2019-01-16,458.1000061035156,461.8699951171875,456.67999267578125,458.79998779296875,0,Energy_Index
2019-01-17,462.5799865722656,464.2099914550781,453.57000732421875,458.1000061035156,0,Energy_Index
2019-01-18,471.5299987792969,472.8299865722656,462.5799865722656,462.5799865722656,0,Energy_Index
2019-01-22,461.1499938964844,471.5299987792969,460.1499938964844,471.5299987792969,0,Energy_Index
2019-01-23,456.5400085449219,463.4200134277344,452.9700012207031,461.1499938964844,0,Energy_Index
2019-01-24,459.260009765625,462.8500061035156,453.8299865722656,456.5400085449219,0,Energy_Index
2019-01-25,464.69000244140625,467.4100036621094,459.260009765625,459.260009765625,0,Energy_Index
2019-01-28,459.8999938964844,464.69000244140625,454.95001220703125,464.69000244140625,0,Energy_Index
2019-01-29,461.3599853515625,464.5799865722656,459.8999938964844,459.8999938964844,0,Energy_Index
2019-01-30,467.489990234375,469.1199951171875,461.3599853515625,461.3599853515625,0,Energy_Index
2019-01-31,470.80999755859375,472.7300109863281,467.2200012207031,467.489990234375,0,Energy_Index
2019-02-01,479.44000244140625,482.07000732421875,470.80999755859375,470.80999755859375,0,Energy_Index
2019-02-04,480.260009765625,480.2799987792969,472.5899963378906,479.44000244140625,0,Energy_Index
2019-02-05,481.04998779296875,481.8299865722656,478.42999267578125,480.260009765625,0,Energy_Index
2019-02-06,477.3699951171875,481.04998779296875,477.20001220703125,481.04998779296875,0,Energy_Index
2019-02-07,467.2099914550781,477.3699951171875,462.95001220703125,477.3699951171875,0,Energy_Index
2019-02-08,463.8399963378906,467.2099914550781,455.8500061035156,467.2099914550781,0,Energy_Index
2019-02-11,465.9700012207031,466.6300048828125,460.32000732421875,463.8399963378906,0,Energy_Index
2019-02-12,471.489990234375,474.1099853515625,465.9700012207031,465.9700012207031,0,Energy_Index
2019-02-13,477.57000732421875,481.1499938964844,471.489990234375,471.489990234375,0,Energy_Index
2019-02-14,478.29998779296875,481.6199951171875,474.0899963378906,477.57000732421875,0,Energy_Index
2019-02-15,485.8900146484375,486.04998779296875,478.29998779296875,478.29998779296875,0,Energy_Index
2019-02-19,487.29998779296875,489.1700134277344,482.6600036621094,485.8900146484375,0,Energy_Index
2019-02-20,489.3800048828125,491.75,486.9100036621094,487.29998779296875,0,Energy_Index
2019-02-21,481.80999755859375,489.3800048828125,480.1400146484375,489.3800048828125,0,Energy_Index
2019-02-22,483.4100036621094,486.9200134277344,480.8699951171875,481.80999755859375,0,Energy_Index
2019-02-25,484.1300048828125,485.739990234375,482.6099853515625,483.4100036621094,0,Energy_Index
2019-02-26,482.7900085449219,486.9700012207031,482.5899963378906,484.1300048828125,0,Energy_Index
2019-02-27,484.6499938964844,489.57000732421875,482.4100036621094,482.7900085449219,0,Energy_Index
2019-02-28,479.94000244140625,485.0899963378906,477.0199890136719,484.6499938964844,0,Energy_Index
2019-03-01,488.6499938964844,488.67999267578125,479.94000244140625,479.94000244140625,0,Energy_Index
2019-03-04,489.6400146484375,491.6000061035156,482.260009765625,488.6499938964844,0,Energy_Index
2019-03-05,488.1099853515625,489.8299865722656,484.7099914550781,489.6400146484375,0,Energy_Index
2019-03-06,481.8800048828125,488.1099853515625,479.2799987792969,488.1099853515625,0,Energy_Index
2019-03-07,479.1300048828125,482.2799987792969,477.1499938964844,481.8800048828125,0,Energy_Index
2019-03-08,469.7699890136719,479.1300048828125,465.5,479.1300048828125,0,Energy_Index
2019-03-11,476.989990234375,478.19000244140625,469.7699890136719,469.7699890136719,0,Energy_Index
2019-03-12,476.989990234375,482.4599914550781,476.989990234375,476.989990234375,0,Energy_Index
2019-03-13,484.9599914550781,485.1199951171875,479.75,479.75,0,Energy_Index
2019-03-14,485.239990234375,487.7099914550781,484.7699890136719,484.9599914550781,0,Energy_Index
2019-03-15,484.8399963378906,486.4599914550781,483.75,485.239990234375,0,Energy_Index
2019-03-18,491.57000732421875,492.45001220703125,484.8399963378906,484.8399963378906,0,Energy_Index
2019-03-19,490.1499938964844,496.6400146484375,488.4599914550781,491.57000732421875,0,Energy_Index
2019-03-20,494.510009765625,498.8699951171875,488.510009765625,490.1499938964844,0,Energy_Index
2019-03-21,497.9200134277344,498.7699890136719,492.260009765625,494.510009765625,0,Energy_Index
2019-03-22,484.8599853515625,497.9200134277344,483.0799865722656,497.9200134277344,0,Energy_Index
2019-03-25,484.8299865722656,485.6600036621094,480.5299987792969,484.8599853515625,0,Energy_Index
2019-03-26,491.8399963378906,494.8599853515625,484.8299865722656,484.8299865722656,0,Energy_Index
2019-03-27,488.3900146484375,493.44000244140625,484.6000061035156,491.8399963378906,0,Energy_Index
2019-03-28,490.2099914550781,490.6400146484375,485.9599914550781,488.3900146484375,0,Energy_Index
2019-03-29,489.45001220703125,495.95001220703125,487.8699951171875,490.2099914550781,0,Energy_Index
2019-04-01,496.1400146484375,496.8599853515625,489.45001220703125,489.45001220703125,0,Energy_Index
2019-04-02,492.6600036621094,497.6000061035156,491.4200134277344,496.1400146484375,0,Energy_Index
2019-04-03,487.92999267578125,494.9200134277344,486.19000244140625,492.6600036621094,0,Energy_Index
2019-04-04,492.1099853515625,492.3999938964844,486.04998779296875,487.92999267578125,0,Energy_Index
2019-04-05,500.45001220703125,500.989990234375,492.1099853515625,492.1099853515625,0,Energy_Index
2019-04-08,502.8999938964844,505.1300048828125,500.45001220703125,500.45001220703125,0,Energy_Index
2019-04-09,496.4200134277344,502.8999938964844,495.2300109863281,502.8999938964844,0,Energy_Index
2019-04-10,498.510009765625,500.5199890136719,496.4200134277344,496.4200134277344,0,Energy_Index
2019-04-11,498.67999267578125,501.9800109863281,494.8900146484375,498.510009765625,0,Energy_Index
2019-04-12,499.6000061035156,504.0799865722656,498.3999938964844,498.67999267578125,0,Energy_Index
2019-04-15,496.760009765625,500.1400146484375,495.8800048828125,499.6000061035156,0,Energy_Index
2019-04-16,499.94000244140625,500.67999267578125,496.760009765625,496.760009765625,0,Energy_Index
2019-04-17,499.510009765625,503.8999938964844,498.82000732421875,499.94000244140625,0,Energy_Index
2019-04-18,496.8800048828125,501.6300048828125,495.95001220703125,499.510009765625,0,Energy_Index
2019-04-22,507.0799865722656,507.9599914550781,496.8800048828125,496.8800048828125,0,Energy_Index
2019-04-23,507.260009765625,509.0199890136719,503.67999267578125,507.0799865722656,0,Energy_Index
2019-04-24,497.8900146484375,507.4800109863281,497.7799987792969,507.260009765625,0,Energy_Index
2019-04-25,496.5,500.69000244140625,495.3900146484375,497.8900146484375,0,Energy_Index
2019-04-26,490.4700012207031,496.5,485.5400085449219,496.5,0,Energy_Index
2019-04-29,489.239990234375,491.6199951171875,488.1300048828125,490.4700012207031,0,Energy_Index
2019-04-30,489.3800048828125,493.8699951171875,488.239990234375,489.239990234375,0,Energy_Index
2019-05-01,478.739990234375,490.30999755859375,478.7300109863281,489.3800048828125,0,Energy_Index
2019-05-02,470.5400085449219,478.8399963378906,470.510009765625,478.739990234375,0,Energy_Index
2019-05-03,474.5,478.57000732421875,470.5400085449219,470.5400085449219,0,Energy_Index
2019-05-06,474.19000244140625,476.739990234375,470.75,474.5,0,Energy_Index
2019-05-07,471.2300109863281,474.19000244140625,465.2099914550781,474.19000244140625,0,Energy_Index
2019-05-08,470.95001220703125,474.760009765625,470.1400146484375,471.2300109863281,0,Energy_Index
2019-05-09,471.2699890136719,472.760009765625,465.0299987792969,470.95001220703125,0,Energy_Index
2019-05-10,471.6600036621094,472.94000244140625,463.0199890136719,471.2699890136719,0,Energy_Index
2019-05-13,464.19000244140625,471.6600036621094,461.6499938964844,471.6600036621094,0,Energy_Index
2019-05-14,469.260009765625,473.1099853515625,464.19000244140625,464.19000244140625,0,Energy_Index
2019-05-15,471.4200134277344,472.4599914550781,465.1000061035156,469.260009765625,0,Energy_Index
2019-05-16,473.19000244140625,474.7099914550781,471.4200134277344,471.4200134277344,0,Energy_Index
2019-05-17,468.2300109863281,473.19000244140625,467.6099853515625,473.19000244140625,0,Energy_Index
2019-05-20,468.54998779296875,470.5,467.3699951171875,468.2300109863281,0,Energy_Index
2019-05-21,473.5799865722656,474.8399963378906,468.54998779296875,468.54998779296875,0,Energy_Index
2019-05-22,466.1000061035156,473.5799865722656,464.8900146484375,473.5799865722656,0,Energy_Index
2019-05-23,451.5299987792969,466.1000061035156,448.1099853515625,466.1000061035156,0,Energy_Index
2019-05-24,452.2200012207031,456.1099853515625,448.6400146484375,451.5299987792969,0,Energy_Index
2019-05-28,447.239990234375,453.5,446.95001220703125,452.2200012207031,0,Energy_Index
2019-05-29,444.45001220703125,447.239990234375,438.8500061035156,447.239990234375,0,Energy_Index
2019-05-30,439.19000244140625,444.5899963378906,437.8399963378906,444.45001220703125,0,Energy_Index
2019-05-31,432.1000061035156,439.19000244140625,431.6400146484375,439.19000244140625,0,Energy_Index
2019-06-03,438.010009765625,439.17999267578125,432.1300048828125,432.1300048828125,0,Energy_Index
2019-06-04,445.05999755859375,445.5199890136719,438.010009765625,438.010009765625,0,Energy_Index
2019-06-05,440.25,445.8500061035156,437.1700134277344,445.05999755859375,0,Energy_Index
2019-06-06,447.8500061035156,449.30999755859375,440.25,440.25,0,Energy_Index
2019-06-07,449.69000244140625,452.29998779296875,447.8500061035156,447.8500061035156,0,Energy_Index
2019-06-10,451.19000244140625,454.8500061035156,449.69000244140625,449.69000244140625,0,Energy_Index
2019-06-11,451.75,456.29998779296875,451.19000244140625,451.19000244140625,0,Energy_Index
2019-06-12,445.260009765625,451.75,444.010009765625,451.75,0,Energy_Index
2019-06-13,450.80999755859375,452.6700134277344,445.260009765625,445.260009765625,0,Energy_Index
2019-06-14,447.4800109863281,451.04998779296875,446.6300048828125,450.80999755859375,0,Energy_Index
2019-06-17,451.54998779296875,452.6000061035156,445.260009765625,447.4800109863281,135399800,Energy_Index
2019-06-18,457.6700134277344,460.2799987792969,451.54998779296875,451.54998779296875,160733500,Energy_Index
2019-06-19,456.6499938964844,459.5199890136719,454.5799865722656,457.6700134277344,148674600,Energy_Index
2019-06-20,466.739990234375,467.75,456.6499938964844,456.6499938964844,191282100,Energy_Index
2019-06-21,470.57000732421875,472.010009765625,466.739990234375,466.739990234375,240825000,Energy_Index
2019-06-24,466.2099914550781,471.4800109863281,465.6000061035156,470.57000732421875,139242700,Energy_Index
2019-06-25,462.3599853515625,466.2099914550781,462.0,466.2099914550781,136140300,Energy_Index
2019-06-26,469.4599914550781,472.8999938964844,462.3599853515625,462.3599853515625,162710200,Energy_Index
2019-06-27,465.7300109863281,470.5299987792969,464.989990234375,469.4599914550781,129502100,Energy_Index
2019-06-28,471.2799987792969,471.2799987792969,471.2799987792969,471.2799987792969,203939800,Energy_Index
2019-07-01,471.739990234375,471.739990234375,471.739990234375,471.739990234375,151863100,Energy_Index
2019-07-02,463.5400085449219,463.5400085449219,463.5400085449219,463.5400085449219,178358300,Energy_Index
2019-07-03,463.5400085449219,463.5400085449219,463.5400085449219,463.5400085449219,82408100,Energy_Index
2019-07-05,466.8399963378906,467.05999755859375,463.3599853515625,465.3599853515625,108071500,Energy_Index
2019-07-08,467.29998779296875,469.92999267578125,464.80999755859375,466.8399963378906,134744100,Energy_Index
2019-07-09,467.70001220703125,468.1600036621094,463.69000244140625,466.9800109863281,133127000,Energy_Index
2019-07-10,474.260009765625,474.260009765625,474.260009765625,474.260009765625,138809800,Energy_Index
2019-07-11,475.1300048828125,475.1300048828125,475.1300048828125,475.1300048828125,124586100,Energy_Index
2019-07-12,476.8900146484375,478.2699890136719,463.69000244140625,466.9800109863281,115799000,Energy_Index
2019-07-15,472.4700012207031,478.2699890136719,463.69000244140625,466.9800109863281,132018500,Energy_Index
2019-07-16,467.1499938964844,472.0299987792969,465.4700012207031,471.6700134277344,153065400,Energy_Index
2019-07-17,461.7900085449219,468.17999267578125,461.7900085449219,467.0199890136719,149712200,Energy_Index
2019-07-18,461.75,462.0299987792969,457.1000061035156,460.20001220703125,171891100,Energy_Index
2019-07-19,464.010009765625,478.2699890136719,457.1000061035156,466.9800109863281,149238900,Energy_Index
2019-07-22,466.07000732421875,467.3800048828125,462.260009765625,464.8800048828125,137954000,Energy_Index
2019-07-23,467.32000732421875,468.5,464.5799865722656,466.29998779296875,134298400,Energy_Index
2019-07-24,469.2099914550781,472.2200012207031,466.1199951171875,467.19000244140625,131230600,Energy_Index
2019-07-25,463.7699890136719,471.0799865722656,462.5799865722656,470.80999755859375,140298900,Energy_Index
2019-07-26,461.4599914550781,463.9100036621094,459.739990234375,463.1499938964844,159199900,Energy_Index
2019-07-29,459.9200134277344,461.3900146484375,456.6099853515625,461.30999755859375,152727800,Energy_Index
2019-07-30,464.95001220703125,465.8999938964844,457.1000061035156,457.95001220703125,174490800,Energy_Index
2019-07-31,462.4700012207031,468.6300048828125,459.54998779296875,464.95001220703125,205434500,Energy_Index
2019-08-01,451.92999267578125,460.2099914550781,449.8800048828125,456.19000244140625,264287200,Energy_Index
2019-08-02,445.8500061035156,457.0400085449219,441.57000732421875,453.3399963378906,209154500,Energy_Index
2019-08-05,432.6300048828125,439.8900146484375,429.6300048828125,439.8900146484375,222423300,Energy_Index
2019-08-06,432.3500061035156,436.3500061035156,427.8500061035156,433.5899963378906,197748400,Energy_Index
2019-08-07,429.0799865722656,431.17999267578125,422.4800109863281,424.7300109863281,241899500,Energy_Index
2019-08-08,441.489990234375,441.6000061035156,430.17999267578125,431.2099914550781,254554900,Energy_Index
2019-08-09,435.9599914550781,442.4599914550781,434.5400085449219,441.1700134277344,141903500,Energy_Index
2019-08-12,429.7300109863281,434.4100036621094,427.94000244140625,434.4100036621094,106322700,Energy_Index
2019-08-13,434.1499938964844,437.69000244140625,425.7799987792969,429.6499938964844,182001800,Energy_Index
2019-08-14,416.2699890136719,425.5299987792969,416.2699890136719,424.9800109863281,203261200,Energy_Index
2019-08-15,414.1199951171875,415.67999267578125,409.7300109863281,414.32000732421875,179759400,Energy_Index
2019-08-16,419.0299987792969,419.9599914550781,414.1199951171875,414.1199951171875,0,Energy_Index
2019-08-19,428.010009765625,429.2900085449219,419.0299987792969,419.0299987792969,0,Energy_Index
2019-08-20,423.8900146484375,428.010009765625,422.6000061035156,428.010009765625,0,Energy_Index
2019-08-21,427.0799865722656,429.3800048828125,423.8900146484375,423.8900146484375,0,Energy_Index
2019-08-22,425.0199890136719,429.95001220703125,424.82000732421875,427.0799865722656,0,Energy_Index
2019-08-23,410.67999267578125,425.0199890136719,408.5,425.0199890136719,0,Energy_Index
2019-08-26,412.5299987792969,416.1600036621094,410.67999267578125,410.67999267578125,0,Energy_Index
2019-08-27,409.9599914550781,416.45001220703125,407.80999755859375,412.5299987792969,0,Energy_Index
2019-08-28,415.7099914550781,417.54998779296875,409.9599914550781,409.9599914550781,136973500,Energy_Index
2019-08-29,421.739990234375,423.3999938964844,415.7099914550781,415.7099914550781,139362100,Energy_Index
2019-08-30,422.0899963378906,426.989990234375,419.30999755859375,421.739990234375,138505200,Energy_Index
2019-09-03,419.760009765625,422.0899963378906,413.6300048828125,422.0899963378906,148136800,Energy_Index
2019-09-04,425.6000061035156,427.0799865722656,419.760009765625,419.760009765625,126202500,Energy_Index
2019-09-05,431.010009765625,435.2300109863281,425.6000061035156,425.6000061035156,159312400,Energy_Index
2019-09-06,433.239990234375,433.5199890136719,427.6000061035156,431.010009765625,142059400,Energy_Index
2019-09-09,441.2699890136719,442.32000732421875,433.239990234375,433.239990234375,174180400,Energy_Index
2019-09-10,446.9800109863281,452.69000244140625,441.2699890136719,441.2699890136719,196677100,Energy_Index
2019-09-11,447.0799865722656,452.2799987792969,444.3999938964844,446.9800109863281,175131500,Energy_Index
2019-09-12,444.25,447.0799865722656,437.6199951171875,447.0799865722656,217267500,Energy_Index
2019-09-13,447.80999755859375,449.5199890136719,444.25,444.25,157096700,Energy_Index
2019-09-16,462.54998779296875,464.8399963378906,447.80999755859375,447.80999755859375,360595100,Energy_Index
2019-09-17,455.5400085449219,462.54998779296875,452.8299865722656,462.54998779296875,227645900,Energy_Index
2019-09-18,453.6400146484375,455.5400085449219,450.55999755859375,455.5400085449219,151875500,Energy_Index
2019-09-19,451.8900146484375,457.0299987792969,451.0799865722656,453.6400146484375,136485900,Energy_Index
2019-09-20,452.25,454.3900146484375,450.6000061035156,451.8900146484375,233867000,Energy_Index
2019-09-23,452.760009765625,453.80999755859375,449.0299987792969,452.25,127683100,Energy_Index
2019-09-24,445.3800048828125,452.760009765625,442.9700012207031,452.760009765625,167026800,Energy_Index
2019-09-25,446.3999938964844,446.82000732421875,442.7300109863281,445.3800048828125,149472600,Energy_Index
2019-09-26,440.45001220703125,446.3999938964844,438.3399963378906,446.3999938964844,151645600,Energy_Index
2019-09-27,440.45001220703125,443.75,437.42999267578125,440.45001220703125,173094900,Energy_Index
2019-09-30,437.1300048828125,440.45001220703125,436.9100036621094,440.45001220703125,136349800,Energy_Index
2019-10-01,427.07000732421875,440.2799987792969,427.0,437.1300048828125,151338100,Energy_Index
2019-10-02,415.92999267578125,427.07000732421875,415.2099914550781,427.07000732421875,168602500,Energy_Index
2019-10-03,421.1600036621094,421.260009765625,410.739990234375,415.92999267578125,140552600,Energy_Index
2019-10-04,423.760009765625,424.260009765625,418.44000244140625,421.1600036621094,125005300,Energy_Index
2019-10-07,419.8599853515625,425.92999267578125,419.8399963378906,423.760009765625,143891500,Energy_Index
2019-10-08,412.3699951171875,419.8599853515625,412.2900085449219,419.8599853515625,161919100,Energy_Index
2019-10-09,416.7699890136719,418.75,412.3699951171875,412.3699951171875,136198400,Energy_Index
2019-10-10,422.1099853515625,422.9200134277344,416.7699890136719,416.7699890136719,133870200,Energy_Index
2019-10-11,428.0400085449219,431.4200134277344,422.1099853515625,422.1099853515625,150679200,Energy_Index
2019-10-14,427.5400085449219,428.8299865722656,423.0299987792969,428.0400085449219,134091100,Energy_Index
2019-10-15,429.2200012207031,433.3800048828125,426.04998779296875,427.5400085449219,136618900,Energy_Index
2019-10-16,422.80999755859375,430.3699951171875,422.760009765625,429.2200012207031,144574500,Energy_Index
2019-10-17,422.9700012207031,425.8299865722656,421.82000732421875,422.80999755859375,149315200,Energy_Index
2019-10-18,420.6700134277344,425.1600036621094,420.6700134277344,422.9700012207031,186014500,Energy_Index
2019-10-21,428.489990234375,428.6400146484375,420.6700134277344,420.6700134277344,162460400,Energy_Index
2019-10-22,434.1000061035156,438.6199951171875,428.4200134277344,428.489990234375,91457200,Energy_Index
2019-10-23,437.3599853515625,438.1000061035156,431.3299865722656,434.1000061035156,143431600,Energy_Index
2019-10-24,435.5,440.1099853515625,433.1400146484375,437.3599853515625,145363200,Energy_Index
2019-10-25,438.8699951171875,439.8299865722656,434.70001220703125,435.5,153749000,Energy_Index
2019-10-28,436.1400146484375,442.5400085449219,435.3900146484375,438.8699951171875,149012300,Energy_Index
2019-10-29,437.9700012207031,441.45001220703125,432.989990234375,436.1400146484375,171165300,Energy_Index
2019-10-30,428.67999267578125,438.80999755859375,427.04998779296875,437.9700012207031,169599200,Energy_Index
2019-10-31,426.6600036621094,428.67999267578125,422.8999938964844,428.67999267578125,192937300,Energy_Index
2019-11-01,437.3599853515625,437.55999755859375,426.6600036621094,426.6600036621094,160356200,Energy_Index
2019-11-04,451.1199951171875,452.1600036621094,437.3599853515625,437.3599853515625,196905800,Energy_Index
2019-11-05,453.1700134277344,455.70001220703125,450.5199890136719,451.1199951171875,204378200,Energy_Index
2019-11-06,442.7900085449219,453.1700134277344,441.6600036621094,453.1700134277344,184943400,Energy_Index
2019-11-07,449.7799987792969,450.760009765625,442.7900085449219,442.7900085449219,178498800,Energy_Index
2019-11-08,446.1300048828125,449.7799987792969,441.2699890136719,449.7799987792969,151769500,Energy_Index
2019-11-11,443.6499938964844,446.1300048828125,440.3299865722656,446.1300048828125,123467800,Energy_Index
2019-11-12,441.04998779296875,447.1300048828125,438.7200012207031,443.6499938964844,149249400,Energy_Index
2019-11-13,438.7900085449219,441.04998779296875,437.25,441.04998779296875,142904900,Energy_Index
2019-11-14,437.5,441.1000061035156,436.0899963378906,438.7900085449219,138111900,Energy_Index
2019-11-15,440.42999267578125,441.7099914550781,437.5,437.5,154707800,Energy_Index
2019-11-18,434.57000732421875,437.489990234375,433.010009765625,437.3500061035156,155486800,Energy_Index
2019-11-19,428.1700134277344,433.57000732421875,427.7099914550781,433.57000732421875,155103900,Energy_Index
2019-11-20,432.6099853515625,435.6499938964844,425.4700012207031,428.2799987792969,180265400,Energy_Index
2019-11-21,439.67999267578125,440.2099914550781,432.5899963378906,433.44000244140625,160224000,Energy_Index
2019-11-22,438.1499938964844,442.5299987792969,437.70001220703125,440.260009765625,137918100,Energy_Index
2019-11-25,438.8599853515625,439.42999267578125,436.1300048828125,437.8599853515625,160210400,Energy_Index
2019-11-26,434.4200134277344,438.8399963378906,433.3500061035156,438.7799987792969,219775400,Energy_Index
2019-11-27,435.7799987792969,436.760009765625,432.3800048828125,434.79998779296875,126802600,Energy_Index
2019-11-29,431.3699951171875,433.8599853515625,430.07000732421875,432.57000732421875,81178900,Energy_Index
2019-12-02,431.489990234375,435.8599853515625,431.2300109863281,433.54998779296875,172468500,Energy_Index
2019-12-03,424.80999755859375,427.8800048828125,423.57000732421875,427.4700012207031,184598600,Energy_Index
2019-12-04,431.4800109863281,432.7300109863281,427.4200134277344,427.6400146484375,166088700,Energy_Index
2019-12-05,429.3399963378906,433.6600036621094,428.0400085449219,431.4800109863281,147067000,Energy_Index
2019-12-06,437.9100036621094,438.8500061035156,429.3399963378906,429.3399963378906,164474400,Energy_Index
2019-12-09,436.8299865722656,438.9100036621094,433.92999267578125,437.9100036621094,149525600,Energy_Index
2019-12-10,437.489990234375,439.2099914550781,435.6000061035156,436.8299865722656,145503700,Energy_Index
2019-12-11,436.80999755859375,439.80999755859375,435.9599914550781,437.489990234375,144767500,Energy_Index
2019-12-12,445.3999938964844,446.1400146484375,436.7900085449219,436.80999755859375,172687200,Energy_Index
2019-12-13,441.3500061035156,448.9200134277344,440.989990234375,445.3999938964844,146914000,Energy_Index
2019-12-16,447.6400146484375,448.67999267578125,441.3500061035156,441.3500061035156,176721100,Energy_Index
2019-12-17,447.4700012207031,451.239990234375,445.6000061035156,447.6400146484375,174984300,Energy_Index
2019-12-18,448.8299865722656,451.6499938964844,446.7300109863281,447.4700012207031,177143800,Energy_Index
2019-12-19,448.54998779296875,449.95001220703125,447.8299865722656,448.8299865722656,150368600,Energy_Index
2019-12-20,452.4800109863281,453.32000732421875,448.54998779296875,448.54998779296875,284772400,Energy_Index
2019-12-23,457.2799987792969,457.6300048828125,451.6700134277344,452.4800109863281,155110800,Energy_Index
2019-12-24,457.05999755859375,459.0299987792969,456.2699890136719,457.2799987792969,58785100,Energy_Index
2019-12-26,457.1099853515625,460.54998779296875,456.3800048828125,457.05999755859375,98162200,Energy_Index
2019-12-27,454.9599914550781,458.760009765625,454.8299865722656,457.1099853515625,103859100,Energy_Index
2019-12-30,453.3900146484375,457.5799865722656,452.989990234375,454.9599914550781,114706500,Energy_Index
2019-12-31,456.4599914550781,456.54998779296875,449.95001220703125,453.3900146484375,120898700,Energy_Index
2020-01-02,460.3399963378906,460.92999267578125,456.4599914550781,456.4599914550781,132730700,Energy_Index
2020-01-03,458.7699890136719,465.5400085449219,456.80999755859375,460.3399963378906,171553700,Energy_Index
2020-01-06,462.3399963378906,464.80999755859375,458.7699890136719,458.7699890136719,189040000,Energy_Index
2020-01-07,461.3900146484375,462.3399963378906,455.75,462.3399963378906,194792700,Energy_Index
2020-01-08,453.3599853515625,461.3900146484375,452.8399963378906,461.3900146484375,185514800,Energy_Index
2020-01-09,456.7900085449219,457.19000244140625,447.94000244140625,453.3599853515625,183661100,Energy_Index
2020-01-10,453.8699951171875,456.7900085449219,453.6000061035156,456.7900085449219,145489800,Energy_Index
2020-01-13,454.25,455.6600036621094,451.2300109863281,453.8699951171875,141031300,Energy_Index
2020-01-14,454.260009765625,454.760009765625,450.4200134277344,454.25,169201600,Energy_Index
2020-01-15,451.2099914550781,454.260009765625,449.739990234375,454.260009765625,133133500,Energy_Index
2020-01-16,451.739990234375,455.0,451.2099914550781,451.2099914550781,147529900,Energy_Index
2020-01-17,448.7699890136719,453.19000244140625,448.0899963378906,451.739990234375,160975400,Energy_Index
2020-01-21,440.32000732421875,448.7699890136719,440.1000061035156,448.7699890136719,200129300,Energy_Index
2020-01-22,436.3900146484375,440.32000732421875,435.3800048828125,440.32000732421875,172650900,Energy_Index
2020-01-23,434.80999755859375,436.3900146484375,428.7200012207031,436.3900146484375,195496200,Energy_Index
2020-01-24,429.7099914550781,434.80999755859375,426.70001220703125,434.80999755859375,165924000,Energy_Index
2020-01-27,417.8699951171875,429.7099914550781,417.6499938964844,429.7099914550781,196947000,Energy_Index
2020-01-28,419.5899963378906,422.3500061035156,417.8699951171875,417.8699951171875,167047000,Energy_Index
2020-01-29,415.1199951171875,423.5799865722656,414.989990234375,419.5899963378906,164021300,Energy_Index
2020-01-30,418.7900085449219,419.2099914550781,410.1400146484375,415.1199951171875,197687500,Energy_Index
2020-01-31,405.45001220703125,418.7900085449219,403.32000732421875,418.7900085449219,264589800,Energy_Index
2020-02-03,400.0199890136719,405.45001220703125,398.55999755859375,405.45001220703125,186604900,Energy_Index
2020-02-04,400.80999755859375,408.57000732421875,400.0199890136719,400.0199890136719,195870900,Energy_Index
2020-02-05,415.9700012207031,417.25,400.80999755859375,400.80999755859375,192181900,Energy_Index
2020-02-06,411.6400146484375,417.44000244140625,410.9100036621094,415.9700012207031,131414900,Energy_Index
2020-02-07,408.54998779296875,411.6400146484375,406.7200012207031,411.6400146484375,132893800,Energy_Index
2020-02-10,405.239990234375,408.54998779296875,402.7900085449219,408.54998779296875,152126500,Energy_Index
2020-02-11,409.4700012207031,410.8900146484375,405.239990234375,405.239990234375,144664100,Energy_Index
2020-02-12,415.0299987792969,417.20001220703125,409.4700012207031,409.4700012207031,169566200,Energy_Index
2020-02-13,413.1499938964844,415.739990234375,410.9700012207031,415.0299987792969,183727300,Energy_Index
2020-02-14,409.82000732421875,413.7099914550781,407.5299987792969,413.1499938964844,140957500,Energy_Index
2020-02-18,406.4200134277344,409.82000732421875,402.6499938964844,409.82000732421875,163401900,Energy_Index
2020-02-19,411.7900085449219,413.2900085449219,406.4200134277344,406.4200134277344,157760500,Energy_Index
2020-02-20,411.1099853515625,415.67999267578125,410.05999755859375,411.7900085449219,171279900,Energy_Index
2020-02-21,405.92999267578125,411.1099853515625,402.8900146484375,411.1099853515625,175366900,Energy_Index
2020-02-24,386.70001220703125,405.92999267578125,386.3399963378906,405.92999267578125,230421500,Energy_Index
2020-02-25,369.9200134277344,388.5199890136719,367.9200134277344,386.70001220703125,282045400,Energy_Index
2020-02-26,358.94000244140625,373.20001220703125,358.94000244140625,369.9200134277344,277178300,Energy_Index
2020-02-27,339.29998779296875,358.94000244140625,339.20001220703125,358.94000244140625,369774300,Energy_Index
2020-02-28,343.5299987792969,343.54998779296875,325.989990234375,339.29998779296875,457394000,Energy_Index
2020-03-02,353.67999267578125,353.75,336.989990234375,343.5299987792969,338165100,Energy_Index
2020-03-03,342.6400146484375,359.75,338.6700134277344,353.67999267578125,331541100,Energy_Index
2020-03-04,350.25,350.45001220703125,342.3299865722656,342.6400146484375,241307800,Energy_Index
2020-03-05,337.5899963378906,350.25,331.75,350.25,285705200,Energy_Index
2020-03-06,318.6400146484375,337.5899963378906,314.0199890136719,337.5899963378906,423046600,Energy_Index
2020-03-09,254.64999389648438,318.6400146484375,253.1199951171875,318.6400146484375,879812000,Energy_Index
2020-03-10,267.3699951171875,275.5,250.6999969482422,254.64999389648438,703393500,Energy_Index
2020-03-11,252.77000427246094,267.3699951171875,249.1300048828125,267.3699951171875,538919300,Energy_Index
2020-03-12,221.69000244140625,252.77000427246094,220.67999267578125,252.77000427246094,590275200,Energy_Index
2020-03-13,241.2899932861328,241.2899932861328,215.8300018310547,221.69000244140625,564137700,Energy_Index
2020-03-16,208.41000366210938,241.2899932861328,207.52999877929688,241.2899932861328,449578900,Energy_Index
2020-03-17,209.9199981689453,218.9199981689453,202.11000061035156,208.41000366210938,460465300,Energy_Index
2020-03-18,179.94000244140625,209.9199981689453,172.4499969482422,209.9199981689453,528159900,Energy_Index
2020-03-19,192.0800018310547,193.25999450683594,173.17999267578125,179.94000244140625,476819200,Energy_Index
2020-03-20,193.92999267578125,201.47999572753906,186.25999450683594,192.0800018310547,585916500,Energy_Index
2020-03-23,181.02999877929688,193.92999267578125,178.0399932861328,193.92999267578125,414414500,Energy_Index
2020-03-24,210.55999755859375,211.67999267578125,181.02999877929688,181.02999877929688,462386600,Energy_Index
2020-03-25,220.02000427246094,230.5800018310547,205.8300018310547,210.55999755859375,466204400,Energy_Index
2020-03-26,233.75999450683594,237.74000549316406,219.72000122070312,220.02000427246094,440953400,Energy_Index
2020-03-27,217.55999755859375,233.75999450683594,216.3300018310547,233.75999450683594,386710900,Energy_Index
2020-03-30,219.80999755859375,221.9600067138672,208.25999450683594,217.55999755859375,422931000,Energy_Index
2020-03-31,223.39999389648438,230.6300048828125,219.0500030517578,219.80999755859375,417278100,Energy_Index
2020-04-01,213.0399932861328,223.39999389648438,209.97000122070312,223.39999389648438,366217600,Energy_Index
2020-04-02,232.3699951171875,243.25,213.0399932861328,213.0399932861328,601596300,Energy_Index
2020-04-03,229.25999450683594,241.05999755859375,223.16000366210938,232.3699951171875,528830400,Energy_Index
2020-04-06,241.07000732421875,242.7899932861328,229.25999450683594,229.25999450683594,412710000,Energy_Index
2020-04-07,245.89999389648438,259.4700012207031,241.07000732421875,241.07000732421875,483125700,Energy_Index
2020-04-08,262.4599914550781,263.1400146484375,245.89999389648438,245.89999389648438,367686900,Energy_Index
2020-04-09,259.6300048828125,279.0,250.0500030517578,262.4599914550781,660523900,Energy_Index
2020-04-13,258.57000732421875,268.7699890136719,254.61000061035156,259.6300048828125,366291300,Energy_Index
2020-04-14,257.3699951171875,263.1499938964844,256.05999755859375,258.57000732421875,341411500,Energy_Index
2020-04-15,245.33999633789062,257.3699951171875,237.91000366210938,257.3699951171875,355297300,Energy_Index
2020-04-16,235.58999633789062,245.33999633789062,235.0500030517578,245.33999633789062,306608800,Energy_Index
2020-04-17,260.1700134277344,260.54998779296875,235.58999633789062,235.58999633789062,405968100,Energy_Index
2020-04-20,251.60000610351562,260.8800048828125,243.82000732421875,260.1700134277344,417776400,Energy_Index
2020-04-21,247.3800048828125,252.0399932861328,240.4600067138672,251.60000610351562,405523200,Energy_Index
2020-04-22,256.239990234375,259.7300109863281,247.3800048828125,247.3800048828125,344199900,Energy_Index
2020-04-23,263.9599914550781,270.25,256.239990234375,256.239990234375,418398000,Energy_Index
2020-04-24,264.510009765625,271.3299865722656,260.69000244140625,263.9599914550781,393588900,Energy_Index
2020-04-27,270.07000732421875,272.1499938964844,256.8900146484375,264.510009765625,298613600,Energy_Index
2020-04-28,275.989990234375,278.04998779296875,270.0400085449219,270.07000732421875,297652100,Energy_Index
2020-04-29,296.2799987792969,296.9700012207031,275.989990234375,275.989990234375,400087800,Energy_Index
2020-04-30,289.6499938964844,296.760009765625,285.5799865722656,296.2799987792969,455707100,Energy_Index
2020-05-01,272.2799987792969,289.6499938964844,270.0400085449219,289.6499938964844,318691600,Energy_Index
2020-05-04,282.3800048828125,282.4700012207031,266.989990234375,272.2799987792969,306952500,Energy_Index
2020-05-05,283.1199951171875,296.2099914550781,281.9599914550781,282.3800048828125,349941700,Energy_Index
2020-05-06,275.6700134277344,286.3599853515625,275.42999267578125,283.1199951171875,272170900,Energy_Index
2020-05-07,282.489990234375,287.8800048828125,275.6700134277344,275.6700134277344,280886100,Energy_Index
2020-05-08,294.75,294.8800048828125,282.489990234375,282.489990234375,256508900,Energy_Index
2020-05-11,289.7799987792969,294.75,288.5400085449219,294.75,223236700,Energy_Index
2020-05-12,282.92999267578125,291.54998779296875,282.92999267578125,289.7799987792969,269638600,Energy_Index
2020-05-13,270.5199890136719,282.92999267578125,268.32000732421875,282.92999267578125,322084500,Energy_Index
2020-05-14,273.07000732421875,275.67999267578125,259.4599914550781,270.5199890136719,264303100,Energy_Index
2020-05-15,272.30999755859375,278.7099914550781,270.0199890136719,273.07000732421875,257741200,Energy_Index
2020-05-18,292.8699951171875,294.70001220703125,272.30999755859375,272.30999755859375,347825000,Energy_Index
2020-05-19,284.3999938964844,292.9800109863281,284.3599853515625,292.8699951171875,257175900,Energy_Index
2020-05-20,295.260009765625,296.1099853515625,284.3999938964844,284.3999938964844,277102000,Energy_Index
2020-05-21,290.8800048828125,297.70001220703125,288.760009765625,295.260009765625,281473800,Energy_Index
2020-05-22,288.94000244140625,290.8800048828125,283.1700134277344,290.8800048828125,183587100,Energy_Index
2020-05-26,297.3399963378906,300.04998779296875,288.94000244140625,288.94000244140625,240598200,Energy_Index
2020-05-27,300.7900085449219,303.17999267578125,292.70001220703125,297.3399963378906,251491600,Energy_Index
2020-05-28,292.0400085449219,301.29998779296875,291.0199890136719,300.7900085449219,267444300,Energy_Index
2020-05-29,291.5899963378906,293.3900146484375,285.3299865722656,292.0400085449219,546781800,Energy_Index
2020-06-01,296.5,298.0400085449219,287.20001220703125,291.5899963378906,269775600,Energy_Index
2020-06-02,304.3699951171875,304.7200012207031,296.5,296.5,269618600,Energy_Index
2020-06-03,313.6499938964844,314.8299865722656,304.3699951171875,304.3699951171875,267730000,Energy_Index
2020-06-04,313.1700134277344,314.3399963378906,307.3599853515625,313.6499938964844,277375800,Energy_Index
2020-06-05,336.5199890136719,339.3299865722656,313.1700134277344,313.1700134277344,482394200,Energy_Index
2020-06-08,351.05999755859375,351.1099853515625,336.5199890136719,336.5199890136719,486962600,Energy_Index
2020-06-09,338.4599914550781,351.05999755859375,334.0199890136719,351.05999755859375,342279300,Energy_Index
2020-06-10,321.80999755859375,338.4599914550781,321.80999755859375,338.4599914550781,313866400,Energy_Index
2020-06-11,291.3900146484375,321.80999755859375,290.9100036621094,321.80999755859375,372484300,Energy_Index
2020-06-12,299.2799987792969,306.80999755859375,291.19000244140625,291.3900146484375,311762200,Energy_Index
2020-06-15,299.5400085449219,302.760009765625,283.6000061035156,299.2799987792969,295713100,Energy_Index
2020-06-16,307.989990234375,314.2099914550781,299.5400085449219,299.5400085449219,297821500,Energy_Index
2020-06-17,297.8900146484375,307.989990234375,297.8500061035156,307.989990234375,227554900,Energy_Index
2020-06-18,301.45001220703125,304.4800109863281,293.1199951171875,297.8900146484375,217294000,Energy_Index
2020-06-19,296.3999938964844,310.5299987792969,296.3999938964844,301.45001220703125,455343200,Energy_Index
2020-06-22,298.2699890136719,298.94000244140625,291.7900085449219,296.3999938964844,207957800,Energy_Index
2020-06-23,298.5,303.25,297.55999755859375,298.2699890136719,229725100,Energy_Index
2020-06-24,281.9700012207031,298.5,280.3399963378906,298.5,271260900,Energy_Index
2020-06-25,287.3900146484375,288.3599853515625,278.17999267578125,281.9700012207031,224171200,Energy_Index
2020-06-26,277.29998779296875,287.3900146484375,276.2900085449219,287.3900146484375,295458300,Energy_Index
2020-06-29,281.260009765625,283.5899963378906,276.95001220703125,277.29998779296875,222403100,Energy_Index
2020-06-30,287.4599914550781,289.1700134277344,276.1099853515625,281.260009765625,249361100,Energy_Index
2020-07-01,280.29998779296875,292.489990234375,280.1600036621094,287.4599914550781,237922900,Energy_Index
2020-07-02,283.4599914550781,290.1400146484375,280.29998779296875,280.29998779296875,214094800,Energy_Index
2020-07-06,284.510009765625,290.2300109863281,281.0799865722656,283.4599914550781,238679500,Energy_Index
2020-07-07,275.4599914550781,284.510009765625,275.1199951171875,284.510009765625,206806100,Energy_Index
2020-07-08,275.1700134277344,279.8500061035156,273.239990234375,275.4599914550781,212337300,Energy_Index
2020-07-09,261.80999755859375,275.1700134277344,261.6400146484375,275.1700134277344,250624300,Energy_Index
2020-07-10,270.32000732421875,270.5199890136719,260.7799987792969,261.80999755859375,212902500,Energy_Index
2020-07-13,268.8699951171875,273.7900085449219,266.8800048828125,270.32000732421875,214657100,Energy_Index
2020-07-14,278.55999755859375,278.95001220703125,266.4800109863281,268.8699951171875,222124100,Energy_Index
2020-07-15,284.0199890136719,286.1099853515625,278.55999755859375,278.55999755859375,217043800,Energy_Index
2020-07-16,282.57000732421875,286.25,278.6700134277344,284.0199890136719,162722700,Energy_Index
2020-07-17,278.2699890136719,286.3500061035156,277.2699890136719,282.57000732421875,185348400,Energy_Index
2020-07-20,273.4599914550781,280.3900146484375,273.45001220703125,278.2699890136719,295076600,Energy_Index
2020-07-21,290.2799987792969,292.239990234375,273.4599914550781,273.4599914550781,339844500,Energy_Index
2020-07-22,286.3900146484375,290.2799987792969,282.44000244140625,290.2799987792969,222182000,Energy_Index
2020-07-23,285.7900085449219,287.260009765625,282.3900146484375,286.3900146484375,210893300,Energy_Index
2020-07-24,284.1099853515625,290.0799865722656,283.260009765625,285.7900085449219,182938400,Energy_Index
2020-07-27,284.7099914550781,285.8800048828125,280.4700012207031,284.1099853515625,193815700,Energy_Index
2020-07-28,279.7300109863281,285.6199951171875,279.17999267578125,284.7099914550781,187984300,Energy_Index
2020-07-29,285.70001220703125,285.739990234375,278.7799987792969,279.7300109863281,195164900,Energy_Index
2020-07-30,273.989990234375,285.70001220703125,271.67999267578125,285.70001220703125,275777300,Energy_Index
2020-07-31,272.0899963378906,273.989990234375,266.5799865722656,273.989990234375,284378700,Energy_Index
2020-08-03,272.80999755859375,274.2900085449219,269.8800048828125,272.0899963378906,251407400,Energy_Index
2020-08-04,279.510009765625,280.1600036621094,271.8800048828125,272.80999755859375,234587500,Energy_Index
2020-08-05,282.4599914550781,285.8299865722656,279.510009765625,279.510009765625,245487800,Energy_Index
2020-08-06,280.45001220703125,283.45001220703125,279.3999938964844,282.4599914550781,187021600,Energy_Index
2020-08-07,280.5899963378906,281.20001220703125,274.7699890136719,280.45001220703125,191578600,Energy_Index
2020-08-10,289.239990234375,289.3500061035156,280.5899963378906,280.5899963378906,219256500,Energy_Index
2020-08-11,288.54998779296875,298.489990234375,287.30999755859375,289.239990234375,272674500,Energy_Index
2020-08-12,290.07000732421875,293.30999755859375,287.0,288.54998779296875,225020200,Energy_Index
2020-08-13,284.30999755859375,290.07000732421875,283.7799987792969,290.07000732421875,181003400,Energy_Index
2020-08-14,286.989990234375,287.29998779296875,281.1600036621094,284.30999755859375,150599400,Energy_Index
2020-08-17,285.17999267578125,286.989990234375,283.489990234375,286.989990234375,192970300,Energy_Index
2020-08-18,280.2900085449219,285.7300109863281,279.6000061035156,285.17999267578125,170538800,Energy_Index
2020-08-19,277.04998779296875,281.4200134277344,276.3399963378906,280.2900085449219,164197500,Energy_Index
2020-08-20,271.1499938964844,277.04998779296875,271.1499938964844,277.04998779296875,174057500,Energy_Index
2020-08-21,269.45001220703125,271.1499938964844,267.010009765625,271.1499938964844,188241000,Energy_Index
2020-08-24,276.8699951171875,278.7099914550781,269.45001220703125,269.45001220703125,184564500,Energy_Index
2020-08-25,272.94000244140625,278.5,271.6499938964844,276.8699951171875,172447700,Energy_Index
2020-08-26,266.8500061035156,272.94000244140625,266.7099914550781,272.94000244140625,172694600,Energy_Index
2020-08-27,267.5199890136719,269.1300048828125,264.1499938964844,266.8500061035156,188919000,Energy_Index
2020-08-28,272.4800109863281,272.94000244140625,267.1000061035156,267.5199890136719,172626100,Energy_Index
2020-08-31,266.5,272.760009765625,266.44000244140625,272.4800109863281,204315800,Energy_Index
2020-09-01,264.04998779296875,266.5,261.1300048828125,266.5,185564100,Energy_Index
2020-09-02,262.95001220703125,265.760009765625,261.3599853515625,264.04998779296875,217109200,Energy_Index
2020-09-03,261.17999267578125,267.82000732421875,259.4800109863281,262.95001220703125,275126000,Energy_Index
2020-09-04,260.32000732421875,265.4800109863281,257.1099853515625,261.17999267578125,238803700,Energy_Index
2020-09-08,250.6699981689453,260.32000732421875,247.85000610351562,260.32000732421875,337283800,Energy_Index
2020-09-09,252.2100067138672,255.07000732421875,250.6699981689453,250.6699981689453,243539900,Energy_Index
2020-09-10,242.9600067138672,253.19000244140625,242.88999938964844,252.2100067138672,303824000,Energy_Index
2020-09-11,243.5800018310547,245.02000427246094,241.4600067138672,242.9600067138672,259485600,Energy_Index
2020-09-14,245.08999633789062,247.2100067138672,242.3000030517578,243.5800018310547,227116500,Energy_Index
2020-09-15,243.22000122070312,248.94000244140625,242.5800018310547,245.08999633789062,229305400,Energy_Index
2020-09-16,253.05999755859375,256.2699890136719,243.22000122070312,243.22000122070312,298937400,Energy_Index
2020-09-17,253.5800018310547,253.6699981689453,246.57000732421875,253.05999755859375,235732000,Energy_Index
2020-09-18,250.64999389648438,253.5800018310547,248.11000061035156,253.5800018310547,364464400,Energy_Index
2020-09-21,242.4499969482422,250.64999389648438,238.44000244140625,250.64999389648438,265958500,Energy_Index
2020-09-22,239.9600067138672,246.33999633789062,239.52999877929688,242.4499969482422,194574300,Energy_Index
2020-09-23,229.0500030517578,241.5800018310547,228.92999267578125,239.9600067138672,238281600,Energy_Index
2020-09-24,229.24000549316406,233.25999450683594,224.25999450683594,229.0500030517578,246704600,Energy_Index
2020-09-25,229.08999633789062,230.80999755859375,225.5399932861328,229.24000549316406,250481100,Energy_Index
2020-09-28,234.4199981689453,237.02000427246094,229.08999633789062,229.08999633789062,260874600,Energy_Index
2020-09-29,228.02999877929688,234.4199981689453,225.6300048828125,234.4199981689453,242896400,Energy_Index
2020-09-30,227.49000549316406,231.8699951171875,226.25,228.02999877929688,241233800,Energy_Index
2020-10-01,220.36000061035156,227.49000549316406,219.0500030517578,227.49000549316406,301588300,Energy_Index
2020-10-02,222.5500030517578,224.27999877929688,214.35000610351562,220.36000061035156,275022300,Energy_Index
2020-10-05,229.00999450683594,229.0399932861328,222.5500030517578,222.5500030517578,208041100,Energy_Index
2020-10-06,225.5399932861328,233.63999938964844,225.19000244140625,229.0500030517578,248891000,Energy_Index
2020-10-07,228.77999877929688,229.38999938964844,224.38999938964844,225.55999755859375,203409700,Energy_Index
2020-10-08,237.4600067138672,237.63999938964844,228.82000732421875,228.82000732421875,218970700,Energy_Index
2020-10-09,233.7100067138672,240.13999938964844,233.33999633789062,237.4600067138672,219187100,Energy_Index
2020-10-12,234.41000366210938,235.16000366210938,230.57000732421875,233.67999267578125,183840900,Energy_Index
2020-10-13,230.75999450683594,235.6699981689453,230.0500030517578,234.41000366210938,192767300,Energy_Index
2020-10-14,231.47000122070312,236.80999755859375,230.75999450683594,230.75999450683594,220547800,Energy_Index
2020-10-15,234.17999267578125,234.27000427246094,225.5399932861328,231.47000122070312,216864200,Energy_Index
2020-10-16,228.77999877929688,234.17999267578125,228.5800018310547,234.17999267578125,240839200,Energy_Index
2020-10-19,223.97000122070312,230.80999755859375,223.85000610351562,228.77999877929688,257123800,Energy_Index
2020-10-20,226.50999450683594,228.38999938964844,223.75,223.97000122070312,248190200,Energy_Index
2020-10-21,222.00999450683594,226.50999450683594,221.99000549316406,226.50999450683594,253789100,Energy_Index
2020-10-22,231.24000549316406,231.6199951171875,221.1300048828125,222.00999450683594,282818100,Energy_Index
2020-10-23,229.9600067138672,233.83999633789062,227.38999938964844,231.24000549316406,242955700,Energy_Index
2020-10-26,221.99000549316406,229.9600067138672,219.75999450683594,229.9600067138672,248798800,Energy_Index
2020-10-27,218.9199981689453,221.99000549316406,218.55999755859375,221.99000549316406,236084100,Energy_Index
2020-10-28,209.69000244140625,218.9199981689453,208.74000549316406,218.9199981689453,320561600,Energy_Index
2020-10-29,216.41000366210938,217.07000732421875,204.50999450683594,209.69000244140625,286016100,Energy_Index
2020-10-30,216.82000732421875,217.1699981689453,211.94000244140625,216.41000366210938,298983700,Energy_Index
2020-11-02,224.77000427246094,227.4499969482422,215.9499969482422,216.82000732421875,282446500,Energy_Index
2020-11-03,223.08999633789062,228.42999267578125,221.1999969482422,224.77000427246094,231568600,Energy_Index
2020-11-04,223.4499969482422,228.8000030517578,217.69000244140625,223.08999633789062,296169400,Energy_Index
2020-11-05,223.36000061035156,227.9199981689453,223.25999450683594,223.4499969482422,278925200,Energy_Index
2020-11-06,218.5800018310547,226.63999938964844,217.77999877929688,223.36000061035156,244340700,Energy_Index
2020-11-09,249.6699981689453,254.94000244140625,218.5800018310547,218.5800018310547,533195100,Energy_Index
2020-11-10,255.97000122070312,256.0400085449219,247.72000122070312,249.6699981689453,343248000,Energy_Index
2020-11-11,253.82000732421875,258.8599853515625,251.4600067138672,255.97000122070312,265496900,Energy_Index
2020-11-12,245.2100067138672,253.82000732421875,243.02999877929688,253.82000732421875,227959100,Energy_Index
2020-11-13,254.5500030517578,255.58999633789062,245.2100067138672,245.2100067138672,208857100,Energy_Index
2020-11-16,271.0899963378906,271.4700012207031,254.5500030517578,254.5500030517578,313028600,Energy_Index
2020-11-17,272.44000244140625,272.6199951171875,262.8500061035156,271.0899963378906,253995000,Energy_Index
2020-11-18,264.6000061035156,275.69000244140625,264.5799865722656,272.44000244140625,295398400,Energy_Index
2020-11-19,268.6499938964844,269.2900085449219,260.0199890136719,264.6000061035156,233089700,Energy_Index
2020-11-20,267.239990234375,269.29998779296875,265.55999755859375,268.6499938964844,200468100,Energy_Index
2020-11-23,286.17999267578125,286.5799865722656,267.239990234375,267.239990234375,303874700,Energy_Index
2020-11-24,300.95001220703125,301.70001220703125,286.17999267578125,286.17999267578125,363418800,Energy_Index
2020-11-25,293.6600036621094,300.95001220703125,292.4200134277344,300.95001220703125,242466400,Energy_Index
2020-11-27,289.989990234375,294.5299987792969,288.010009765625,293.6600036621094,117756600,Energy_Index
2020-11-30,274.4200134277344,289.989990234375,273.82000732421875,289.989990234375,387771500,Energy_Index
2020-12-01,275.6199951171875,283.29998779296875,274.4200134277344,274.4200134277344,249170300,Energy_Index
2020-12-02,284.29998779296875,288.69000244140625,273.7799987792969,275.6199951171875,252309600,Energy_Index
2020-12-03,287.3399963378906,290.82000732421875,282.739990234375,284.29998779296875,264594600,Energy_Index
2020-12-04,302.94000244140625,302.9599914550781,287.3399963378906,287.3399963378906,307681100,Energy_Index
2020-12-07,295.54998779296875,302.94000244140625,293.2099914550781,302.94000244140625,241045900,Energy_Index
2020-12-08,300.19000244140625,303.1000061035156,292.510009765625,295.54998779296875,244448200,Energy_Index
2020-12-09,301.1400146484375,308.0199890136719,297.239990234375,300.19000244140625,308181000,Energy_Index
2020-12-10,309.95001220703125,313.3999938964844,300.3599853515625,301.1400146484375,308564400,Energy_Index
2020-12-11,306.3800048828125,309.95001220703125,302.239990234375,309.95001220703125,225173200,Energy_Index
2020-12-14,295.54998779296875,310.8500061035156,294.7099914550781,306.3800048828125,270672700,Energy_Index
2020-12-15,301.2300109863281,302.739990234375,294.5400085449219,295.54998779296875,227461900,Energy_Index
2020-12-16,300.0400085449219,303.2900085449219,297.8999938964844,301.2300109863281,213824000,Energy_Index
2020-12-17,298.3299865722656,302.6099853515625,296.92999267578125,300.0400085449219,199467500,Energy_Index
2020-12-18,293.3299865722656,299.6099853515625,291.3299865722656,298.3299865722656,389471000,Energy_Index
2020-12-21,288.05999755859375,293.3299865722656,279.6700134277344,293.3299865722656,231182500,Energy_Index
2020-12-22,283.0400085449219,288.2200012207031,282.79998779296875,288.05999755859375,186534700,Energy_Index
2020-12-23,289.20001220703125,293.2300109863281,283.0400085449219,283.0400085449219,184673400,Energy_Index
2020-12-24,287.3800048828125,289.20001220703125,284.95001220703125,289.20001220703125,78477000,Energy_Index
2020-12-28,285.82000732421875,292.4200134277344,285.0899963378906,287.3800048828125,150176200,Energy_Index
2020-12-29,283.92999267578125,288.5299987792969,282.7799987792969,285.82000732421875,154136200,Energy_Index
2020-12-30,288.4800109863281,291.1499938964844,283.57000732421875,283.92999267578125,154258000,Energy_Index
2020-12-31,286.1400146484375,288.4800109863281,284.79998779296875,288.4800109863281,154425900,Energy_Index
2021-01-04,286.5,291.6700134277344,283.29998779296875,286.1400146484375,206634000,Energy_Index
2021-01-05,299.489990234375,307.1400146484375,286.5,286.5,321557900,Energy_Index
2021-01-06,308.45001220703125,308.45001220703125,308.45001220703125,308.45001220703125,0,Energy_Index
2021-01-07,313.05999755859375,316.1000061035156,308.1300048828125,308.45001220703125,243836600,Energy_Index
2021-01-08,312.7799987792969,316.8999938964844,310.3699951171875,313.05999755859375,221778900,Energy_Index
2021-01-11,317.8599853515625,319.0199890136719,304.6000061035156,312.7799987792969,223647000,Energy_Index
2021-01-12,328.9800109863281,330.4700012207031,317.8599853515625,317.8599853515625,317723300,Energy_Index
2021-01-13,326.3299865722656,329.45001220703125,323.8900146484375,328.9800109863281,222868100,Energy_Index
2021-01-14,336.1400146484375,339.8500061035156,326.3299865722656,326.3299865722656,270975600,Energy_Index
2021-01-15,322.5799865722656,336.1400146484375,319.7300109863281,336.1400146484375,286534300,Energy_Index
2021-01-19,329.29998779296875,331.3900146484375,322.5799865722656,322.5799865722656,237455700,Energy_Index
2021-01-20,330.4700012207031,332.6099853515625,327.30999755859375,329.29998779296875,205190000,Energy_Index
2021-01-21,319.1199951171875,330.4700012207031,316.20001220703125,330.4700012207031,250811800,Energy_Index
2021-01-22,317.5400085449219,319.1199951171875,309.7099914550781,319.1199951171875,216573800,Energy_Index
2021-01-25,314.1700134277344,317.5400085449219,308.55999755859375,317.5400085449219,226909900,Energy_Index
2021-01-26,307.5,321.5400085449219,307.4700012207031,314.1700134277344,214492100,Energy_Index
2021-01-27,303.2200012207031,311.6400146484375,298.2200012207031,307.5,283150800,Energy_Index
2021-01-28,306.9200134277344,310.510009765625,303.1499938964844,303.2200012207031,230503100,Energy_Index
2021-01-29,296.5199890136719,306.9200134277344,295.3399963378906,306.9200134277344,257851300,Energy_Index
2021-02-01,298.5899963378906,301.45001220703125,293.5899963378906,296.5199890136719,184050000,Energy_Index
2021-02-02,301.8500061035156,309.0,298.5899963378906,298.5899963378906,216189700,Energy_Index
2021-02-03,314.75,315.489990234375,301.8500061035156,301.8500061035156,213853100,Energy_Index
2021-02-04,318.1600036621094,318.25,311.4800109863281,314.75,186578300,Energy_Index
2021-02-05,321.1000061035156,324.3299865722656,318.1600036621094,318.1600036621094,210328700,Energy_Index
2021-02-08,334.5,336.1000061035156,321.1000061035156,321.1000061035156,258475500,Energy_Index
2021-02-09,329.4100036621094,334.5,325.2799987792969,334.5,225524500,Energy_Index
2021-02-10,335.4800109863281,335.8999938964844,328.5199890136719,329.4100036621094,226895500,Energy_Index
2021-02-11,330.3599853515625,335.4800109863281,323.3399963378906,335.4800109863281,314305400,Energy_Index
2021-02-12,334.989990234375,335.3800048828125,327.3299865722656,330.3599853515625,161381000,Energy_Index
2021-02-16,342.57000732421875,346.1700134277344,334.989990234375,334.989990234375,223997500,Energy_Index
2021-02-17,347.54998779296875,349.67999267578125,341.0199890136719,342.57000732421875,186941300,Energy_Index
2021-02-18,339.6600036621094,347.54998779296875,338.80999755859375,347.54998779296875,174767800,Energy_Index
2021-02-19,345.2300109863281,346.42999267578125,339.6099853515625,339.6600036621094,170764600,Energy_Index
2021-02-22,357.2200012207031,362.239990234375,345.2300109863281,345.2300109863281,261982800,Energy_Index
2021-02-23,362.9700012207031,364.20001220703125,348.2699890136719,357.2200012207031,270514900,Energy_Index
2021-02-24,376.20001220703125,378.1099853515625,362.4700012207031,362.9700012207031,290329700,Energy_Index
2021-02-25,368.6600036621094,379.29998779296875,366.3299865722656,376.20001220703125,256195800,Energy_Index
2021-02-26,360.19000244140625,368.6600036621094,349.8800048828125,368.6600036621094,279359300,Energy_Index
2021-03-01,369.4700012207031,374.6099853515625,360.19000244140625,360.19000244140625,215602900,Energy_Index
2021-03-02,367.30999755859375,373.5799865722656,367.1199951171875,369.4700012207031,191627600,Energy_Index
2021-03-03,372.54998779296875,381.19000244140625,367.30999755859375,367.30999755859375,232791000,Energy_Index
2021-03-04,381.760009765625,388.6400146484375,372.54998779296875,372.54998779296875,354854100,Energy_Index
2021-03-05,396.5400085449219,397.17999267578125,381.760009765625,381.760009765625,370572700,Energy_Index
2021-03-08,397.1300048828125,402.04998779296875,391.3500061035156,396.5400085449219,271773900,Energy_Index
2021-03-09,389.5400085449219,400.55999755859375,387.9200134277344,397.1300048828125,254578900,Energy_Index
2021-03-10,399.79998779296875,401.3900146484375,389.010009765625,389.5400085449219,244237000,Energy_Index
2021-03-11,400.1099853515625,406.80999755859375,399.2799987792969,399.79998779296875,197125500,Energy_Index
2021-03-12,400.82000732421875,404.3500061035156,397.8399963378906,400.1099853515625,167833600,Energy_Index
2021-03-15,395.80999755859375,400.82000732421875,391.2799987792969,400.82000732421875,183549700,Energy_Index
2021-03-16,384.6199951171875,395.80999755859375,382.3900146484375,395.80999755859375,210838600,Energy_Index
2021-03-17,388.2300109863281,389.489990234375,380.45001220703125,384.6199951171875,197699400,Energy_Index
2021-03-18,370.05999755859375,388.2300109863281,368.6400146484375,388.2300109863281,253760200,Energy_Index
2021-03-19,370.1099853515625,376.1600036621094,365.239990234375,370.05999755859375,416271800,Energy_Index
2021-03-22,366.3900146484375,370.6300048828125,365.9100036621094,370.1099853515625,195187700,Energy_Index
2021-03-23,361.3999938964844,369.29998779296875,356.95001220703125,366.3900146484375,250453500,Energy_Index
2021-03-24,370.510009765625,375.2900085449219,361.3999938964844,361.3999938964844,205058500,Energy_Index
2021-03-25,371.44000244140625,372.7699890136719,358.4700012207031,370.510009765625,210716700,Energy_Index
2021-03-26,381.17999267578125,381.489990234375,371.44000244140625,371.44000244140625,198265100,Energy_Index
2021-03-29,376.3699951171875,381.17999267578125,371.92999267578125,381.17999267578125,161767800,Energy_Index
2021-03-30,373.3500061035156,377.0,370.4200134277344,376.3699951171875,145539100,Energy_Index
2021-03-31,369.8900146484375,373.82000732421875,369.07000732421875,373.3500061035156,171447700,Energy_Index
2021-04-01,379.7099914550781,379.7699890136719,369.8900146484375,369.8900146484375,234665100,Energy_Index
2021-04-05,370.57000732421875,379.7099914550781,368.6000061035156,379.7099914550781,202558900,Energy_Index
2021-04-06,369.6000061035156,377.4700012207031,369.239990234375,370.57000732421875,171649900,Energy_Index
2021-04-07,371.2300109863281,372.7699890136719,368.6300048828125,369.6000061035156,156739200,Energy_Index
2021-04-08,366.1700134277344,371.2300109863281,362.1600036621094,371.2300109863281,174878300,Energy_Index
2021-04-09,364.3500061035156,369.25,362.239990234375,366.1700134277344,150748200,Energy_Index
2021-04-12,360.9100036621094,369.5899963378906,359.8599853515625,364.3500061035156,153869200,Energy_Index
2021-04-13,361.260009765625,363.3699951171875,357.94000244140625,360.9100036621094,144504500,Energy_Index
2021-04-14,371.7799987792969,376.3999938964844,361.260009765625,361.260009765625,212120800,Energy_Index
2021-04-15,368.5,371.7799987792969,367.0400085449219,371.7799987792969,157173000,Energy_Index
2021-04-16,365.19000244140625,371.9599914550781,364.07000732421875,368.5,155437300,Energy_Index
2021-04-19,364.9800109863281,368.79998779296875,361.5799865722656,365.19000244140625,145354000,Energy_Index
2021-04-20,355.260009765625,364.9800109863281,351.8299865722656,364.9800109863281,195961800,Energy_Index
2021-04-21,360.5,361.1400146484375,349.3299865722656,355.260009765625,178191000,Energy_Index
2021-04-22,355.4200134277344,361.1300048828125,354.69000244140625,360.5,192191300,Energy_Index
2021-04-23,358.739990234375,360.25,353.9700012207031,355.4200134277344,151398100,Energy_Index
2021-04-26,361.0299987792969,363.7099914550781,358.20001220703125,358.739990234375,149180700,Energy_Index
2021-04-27,365.57000732421875,366.80999755859375,360.9800109863281,361.0299987792969,166516700,Energy_Index
2021-04-28,377.79998779296875,379.3800048828125,365.57000732421875,365.57000732421875,213854900,Energy_Index
2021-04-29,381.9800109863281,386.6000061035156,377.4599914550781,377.79998779296875,195876700,Energy_Index
2021-04-30,371.6000061035156,381.9800109863281,371.2699890136719,381.9800109863281,201633500,Energy_Index
2021-05-03,382.42999267578125,383.19000244140625,371.6000061035156,371.6000061035156,218802900,Energy_Index
2021-05-04,382.510009765625,385.6600036621094,378.3399963378906,382.42999267578125,206395300,Energy_Index
2021-05-05,395.239990234375,396.3500061035156,382.510009765625,382.510009765625,174805400,Energy_Index
2021-05-06,397.1499938964844,397.2300109863281,387.8699951171875,395.239990234375,197325700,Energy_Index
2021-05-07,404.6499938964844,405.0199890136719,392.0299987792969,397.1499938964844,219105800,Energy_Index
2021-05-10,404.45001220703125,415.7300109863281,404.3399963378906,404.6499938964844,221109500,Energy_Index
2021-05-11,394.0899963378906,404.45001220703125,390.9700012207031,404.45001220703125,232143100,Energy_Index
2021-05-12,394.3299865722656,405.9800109863281,392.69000244140625,394.0899963378906,243725900,Energy_Index
2021-05-13,389.010009765625,396.4200134277344,384.239990234375,394.3299865722656,201175500,Energy_Index
2021-05-14,401.2900085449219,402.6199951171875,389.010009765625,389.010009765625,199382600,Energy_Index
2021-05-17,410.5299987792969,410.6600036621094,399.29998779296875,401.2900085449219,201228100,Energy_Index
2021-05-18,399.7200012207031,410.80999755859375,399.1300048828125,410.5299987792969,205654200,Energy_Index
2021-05-19,389.6300048828125,399.7200012207031,384.6600036621094,399.7200012207031,208311700,Energy_Index
2021-05-20,389.1700134277344,390.94000244140625,383.8900146484375,389.6300048828125,170237300,Energy_Index
2021-05-21,389.9100036621094,395.5299987792969,389.1700134277344,389.1700134277344,159298100,Energy_Index
2021-05-24,393.760009765625,394.6700134277344,388.2900085449219,389.9100036621094,195009000,Energy_Index
2021-05-25,385.7300109863281,393.760009765625,385.1300048828125,393.760009765625,197675400,Energy_Index
2021-05-26,389.32000732421875,390.5,384.30999755859375,385.7300109863281,182053800,Energy_Index
2021-05-27,389.5400085449219,394.19000244140625,387.04998779296875,389.32000732421875,274893400,Energy_Index
2021-05-28,389.82000732421875,391.44000244140625,388.0,389.5400085449219,146932500,Energy_Index
2021-06-01,405.1400146484375,405.7300109863281,389.82000732421875,389.82000732421875,274933300,Energy_Index
2021-06-02,412.19000244140625,414.1099853515625,402.67999267578125,405.1400146484375,241115200,Energy_Index
2021-06-03,413.4700012207031,415.6300048828125,408.1700134277344,412.19000244140625,238792500,Energy_Index
2021-06-04,415.8500061035156,417.760009765625,410.0899963378906,413.4700012207031,171827300,Energy_Index
2021-06-07,414.25,418.44000244140625,413.7200012207031,415.8500061035156,137818800,Energy_Index
2021-06-08,417.8900146484375,418.80999755859375,408.19000244140625,414.25,189583300,Energy_Index
2021-06-09,415.55999755859375,421.0299987792969,415.4200134277344,417.8900146484375,184641200,Energy_Index
2021-06-10,415.0199890136719,423.1199951171875,410.8599853515625,415.55999755859375,183685100,Energy_Index
2021-06-11,413.4700012207031,418.7200012207031,413.1000061035156,415.0199890136719,146131100,Energy_Index
2021-06-14,411.8500061035156,417.70001220703125,408.7099914550781,413.4700012207031,169233200,Energy_Index
2021-06-15,420.3399963378906,421.0299987792969,411.8500061035156,411.8500061035156,180892900,Energy_Index
2021-06-16,418.30999755859375,422.760009765625,414.4200134277344,420.3399963378906,202052200,Energy_Index
2021-06-17,403.7099914550781,420.4100036621094,398.6000061035156,418.30999755859375,254140000,Energy_Index
2021-06-18,391.9200134277344,403.7099914550781,391.7699890136719,403.7099914550781,317188400,Energy_Index
2021-06-21,408.7300109863281,409.3999938964844,391.9200134277344,391.9200134277344,183196400,Energy_Index
2021-06-22,411.4599914550781,413.1700134277344,403.5799865722656,408.7300109863281,148120700,Energy_Index
2021-06-23,412.54998779296875,419.9200134277344,411.4599914550781,411.4599914550781,171724300,Energy_Index
2021-06-24,416.07000732421875,416.4700012207031,410.760009765625,412.54998779296875,141140400,Energy_Index
2021-06-25,418.0299987792969,418.44000244140625,414.9800109863281,416.07000732421875,195050900,Energy_Index
2021-06-28,404.1300048828125,418.0299987792969,402.75,418.0299987792969,178839600,Energy_Index
2021-06-29,402.1000061035156,408.79998779296875,401.80999755859375,404.1300048828125,144972900,Energy_Index
2021-06-30,407.3699951171875,408.3900146484375,402.1000061035156,402.1000061035156,175450700,Energy_Index
2021-07-01,414.3599853515625,417.8500061035156,407.3699951171875,407.3699951171875,197061900,Energy_Index
2021-07-02,413.5199890136719,414.95001220703125,409.2799987792969,414.3599853515625,127062000,Energy_Index
2021-07-06,400.2799987792969,413.5199890136719,398.7099914550781,413.5199890136719,202825300,Energy_Index
2021-07-07,393.3699951171875,403.260009765625,389.4800109863281,400.2799987792969,176856200,Energy_Index
2021-07-08,391.54998779296875,395.1199951171875,385.6199951171875,393.3699951171875,168454600,Energy_Index
2021-07-09,399.4200134277344,400.0,391.54998779296875,391.54998779296875,150317100,Energy_Index
2021-07-12,398.9800109863281,401.4599914550781,392.54998779296875,399.4200134277344,132687700,Energy_Index
2021-07-13,396.1499938964844,399.70001220703125,393.7900085449219,398.9800109863281,131574400,Energy_Index
2021-07-14,384.510009765625,401.9700012207031,383.1099853515625,396.1499938964844,189516100,Energy_Index
2021-07-15,379.0799865722656,384.9599914550781,377.54998779296875,384.510009765625,177063100,Energy_Index
2021-07-16,368.6000061035156,381.7799987792969,367.739990234375,379.0799865722656,190516300,Energy_Index
2021-07-19,355.3599853515625,368.6000061035156,350.69000244140625,368.6000061035156,276234200,Energy_Index
2021-07-20,360.260009765625,363.9200134277344,352.9100036621094,355.3599853515625,208235500,Energy_Index
2021-07-21,372.9800109863281,375.8900146484375,360.260009765625,360.260009765625,205604800,Energy_Index
2021-07-22,368.7699890136719,372.9800109863281,365.79998779296875,372.9800109863281,147906000,Energy_Index
2021-07-23,367.1700134277344,368.7699890136719,363.57000732421875,368.7699890136719,156066900,Energy_Index
2021-07-26,376.3399963378906,377.6400146484375,367.1700134277344,367.1700134277344,162147300,Energy_Index
2021-07-27,372.5400085449219,376.3399963378906,368.4100036621094,376.3399963378906,156758700,Energy_Index
2021-07-28,376.1499938964844,379.0400085449219,370.4800109863281,372.5400085449219,151168700,Energy_Index
2021-07-29,379.6700134277344,382.260009765625,376.1499938964844,376.1499938964844,144133800,Energy_Index
2021-07-30,372.989990234375,379.9599914550781,371.010009765625,379.6700134277344,189516900,Energy_Index
2021-08-02,370.3299865722656,382.5,369.9800109863281,372.989990234375,179761400,Energy_Index
2021-08-03,377.1099853515625,377.44000244140625,365.8399963378906,370.3299865722656,184655700,Energy_Index
2021-08-04,366.05999755859375,377.1099853515625,365.95001220703125,377.1099853515625,215490400,Energy_Index
2021-08-05,370.75,374.9800109863281,366.05999755859375,366.05999755859375,163037200,Energy_Index
2021-08-06,374.19000244140625,376.69000244140625,370.75,370.75,137023400,Energy_Index
2021-08-09,368.6600036621094,374.19000244140625,366.2099914550781,374.19000244140625,147569200,Energy_Index
2021-08-10,375.0,375.94000244140625,368.6600036621094,368.6600036621094,157670100,Energy_Index
2021-08-11,377.82000732421875,378.510009765625,371.8900146484375,375.0,138221200,Energy_Index
2021-08-12,375.9700012207031,378.1199951171875,371.6700134277344,377.82000732421875,120219600,Energy_Index
2021-08-13,371.1400146484375,375.9700012207031,370.69000244140625,375.9700012207031,128157700,Energy_Index
2021-08-16,364.3500061035156,371.1400146484375,361.55999755859375,371.1400146484375,156146700,Energy_Index
2021-08-17,361.0,366.5400085449219,357.6499938964844,364.3500061035156,152389400,Energy_Index
2021-08-18,352.3399963378906,362.4200134277344,351.94000244140625,361.0,161565000,Energy_Index
2021-08-19,342.989990234375,352.3399963378906,338.3900146484375,352.3399963378906,245727000,Energy_Index
2021-08-20,343.95001220703125,346.04998779296875,338.7300109863281,342.989990234375,168375000,Energy_Index
2021-08-23,356.9200134277344,357.8399963378906,343.95001220703125,343.95001220703125,164988100,Energy_Index
2021-08-24,362.67999267578125,364.3999938964844,356.9200134277344,356.9200134277344,155085300,Energy_Index
2021-08-25,365.2799987792969,367.2099914550781,359.5299987792969,362.67999267578125,134732900,Energy_Index
2021-08-26,359.7699890136719,365.2799987792969,359.20001220703125,365.2799987792969,129974500,Energy_Index
2021-08-27,369.2099914550781,371.7099914550781,359.7699890136719,359.7699890136719,165407100,Energy_Index
2021-08-30,364.9200134277344,371.9599914550781,364.8500061035156,369.2099914550781,125918800,Energy_Index
2021-08-31,362.260009765625,366.19000244140625,361.44000244140625,364.9200134277344,205853300,Energy_Index
2021-09-01,356.79998779296875,363.69000244140625,355.6000061035156,362.260009765625,191480000,Energy_Index
2021-09-02,365.82000732421875,368.739990234375,356.79998779296875,356.79998779296875,185572000,Energy_Index
2021-09-03,363.8800048828125,367.79998779296875,362.1600036621094,365.82000732421875,128907900,Energy_Index
2021-09-07,361.79998779296875,366.44000244140625,360.30999755859375,363.8800048828125,135155500,Energy_Index
2021-09-08,357.1099853515625,365.9700012207031,357.0,361.79998779296875,155238000,Energy_Index
2021-09-09,357.54998779296875,363.1499938964844,352.94000244140625,357.1099853515625,160078400,Energy_Index
2021-09-10,357.3900146484375,363.6099853515625,356.4800109863281,357.54998779296875,131166300,Energy_Index
2021-09-13,367.8999938964844,370.20001220703125,357.3900146484375,357.3900146484375,196110400,Energy_Index
2021-09-14,362.20001220703125,371.1600036621094,360.8900146484375,367.8999938964844,171574300,Energy_Index
2021-09-15,376.0199890136719,376.260009765625,362.20001220703125,362.20001220703125,249031900,Energy_Index
2021-09-16,372.0400085449219,376.0199890136719,369.8800048828125,376.0199890136719,160729100,Energy_Index
2021-09-17,369.2300109863281,375.80999755859375,368.2900085449219,372.0400085449219,378107700,Energy_Index
2021-09-20,358.0,369.2300109863281,352.29998779296875,369.2300109863281,218172700,Energy_Index
2021-09-21,359.3399963378906,364.0899963378906,355.510009765625,358.0,164128500,Energy_Index
2021-09-22,370.7099914550781,374.8699951171875,359.3399963378906,359.3399963378906,211460600,Energy_Index
2021-09-23,383.3500061035156,384.45001220703125,370.7099914550781,370.7099914550781,195066000,Energy_Index
2021-09-24,386.57000732421875,388.3800048828125,380.9800109863281,383.3500061035156,158123800,Energy_Index
2021-09-27,399.8299865722656,401.4200134277344,386.57000732421875,386.57000732421875,249483100,Energy_Index
2021-09-28,401.6700134277344,408.1199951171875,399.8299865722656,399.8299865722656,285285600,Energy_Index
2021-09-29,401.6600036621094,403.9700012207031,396.3599853515625,401.6700134277344,232745400,Energy_Index
2021-09-30,395.8800048828125,402.7699890136719,395.8800048828125,401.6600036621094,245447900,Energy_Index
2021-10-01,408.94000244140625,409.45001220703125,395.8800048828125,395.8800048828125,205868000,Energy_Index
2021-10-04,415.6000061035156,420.19000244140625,408.94000244140625,408.94000244140625,371581900,Energy_Index
2021-10-05,418.0,425.57000732421875,413.70001220703125,415.6000061035156,260941600,Energy_Index
2021-10-06,413.6000061035156,418.0,406.489990234375,418.0,231327000,Energy_Index
2021-10-07,416.45001220703125,418.70001220703125,412.4200134277344,413.6000061035156,209674600,Energy_Index
2021-10-08,429.4599914550781,430.489990234375,416.45001220703125,416.45001220703125,203842800,Energy_Index
2021-10-11,427.7099914550781,436.75,427.2799987792969,429.4599914550781,216172900,Energy_Index
2021-10-12,427.6000061035156,431.7900085449219,425.0400085449219,427.7099914550781,192164900,Energy_Index
2021-10-13,427.19000244140625,429.510009765625,420.0,427.6000061035156,169657400,Energy_Index
2021-10-14,432.42999267578125,433.94000244140625,427.19000244140625,427.19000244140625,167508700,Energy_Index
2021-10-15,434.44000244140625,438.7300109863281,432.42999267578125,432.42999267578125,173944200,Energy_Index
2021-10-18,434.8900146484375,441.0799865722656,432.57000732421875,434.44000244140625,214362100,Energy_Index
2021-10-19,439.8699951171875,441.3999938964844,434.4700012207031,434.8900146484375,174813200,Energy_Index
2021-10-20,443.5299987792969,443.6199951171875,435.1600036621094,439.8699951171875,173294800,Energy_Index
2021-10-21,435.5,443.5299987792969,432.1000061035156,443.5299987792969,203653100,Energy_Index
2021-10-22,439.55999755859375,440.0400085449219,433.2699890136719,435.5,159882200,Energy_Index
2021-10-25,445.9100036621094,448.6300048828125,439.55999755859375,439.55999755859375,176246000,Energy_Index
2021-10-26,448.94000244140625,450.8299865722656,445.9100036621094,445.9100036621094,160394800,Energy_Index
2021-10-27,436.1000061035156,448.94000244140625,435.19000244140625,448.94000244140625,189787900,Energy_Index
2021-10-28,439.1199951171875,439.5400085449219,434.42999267578125,436.1000061035156,139080200,Energy_Index
2021-10-29,436.19000244140625,442.0400085449219,434.54998779296875,439.1199951171875,179660900,Energy_Index
2021-11-01,443.1099853515625,444.3999938964844,436.19000244140625,436.19000244140625,178647200,Energy_Index
2021-11-02,438.6499938964844,443.8500061035156,437.55999755859375,443.1099853515625,161595400,Energy_Index
2021-11-03,434.989990234375,439.4100036621094,432.07000732421875,438.6499938964844,184830700,Energy_Index
2021-11-04,435.8299865722656,442.5299987792969,432.1700134277344,434.989990234375,196660300,Energy_Index
2021-11-05,442.0,443.8699951171875,435.8299865722656,435.8299865722656,170349000,Energy_Index
2021-11-08,445.9100036621094,450.5400085449219,442.0,442.0,146843400,Energy_Index
2021-11-09,447.6700134277344,447.82000732421875,440.30999755859375,445.9100036621094,151938700,Energy_Index
2021-11-10,434.3800048828125,447.6700134277344,432.0,447.6700134277344,166692300,Energy_Index
2021-11-11,435.7300109863281,438.79998779296875,434.3800048828125,434.3800048828125,126193200,Energy_Index
2021-11-12,434.6000061035156,436.3399963378906,432.07000732421875,435.7300109863281,126316000,Energy_Index
2021-11-15,438.2099914550781,440.760009765625,430.7099914550781,434.6000061035156,146232400,Energy_Index
2021-11-16,438.6199951171875,442.3399963378906,436.7799987792969,438.2099914550781,138847300,Energy_Index
2021-11-17,430.9700012207031,439.6700134277344,429.70001220703125,438.6199951171875,159576200,Energy_Index
2021-11-18,428.6600036621094,433.45001220703125,423.67999267578125,430.9700012207031,152151200,Energy_Index
2021-11-19,411.9100036621094,428.6600036621094,411.1600036621094,428.6600036621094,233634800,Energy_Index
2021-11-22,419.3800048828125,425.6700134277344,411.7099914550781,411.9100036621094,191230700,Energy_Index
2021-11-23,432.1400146484375,433.55999755859375,419.3800048828125,419.3800048828125,188910000,Energy_Index
2021-11-24,436.3699951171875,438.8299865722656,430.1000061035156,432.1400146484375,142660100,Energy_Index
2021-11-26,418.739990234375,436.3699951171875,408.29998779296875,436.3699951171875,195224100,Energy_Index
2021-11-29,421.2200012207031,432.3299865722656,418.739990234375,418.739990234375,190434400,Energy_Index
2021-11-30,410.70001220703125,421.2200012207031,409.3900146484375,421.2200012207031,391511800,Energy_Index
2021-12-01,406.82000732421875,424.45001220703125,406.75,410.70001220703125,229338600,Energy_Index
2021-12-02,418.4100036621094,420.0799865722656,402.44000244140625,406.82000732421875,210698300,Energy_Index
2021-12-03,415.2799987792969,425.9800109863281,411.45001220703125,418.4100036621094,181170400,Energy_Index
2021-12-06,421.6400146484375,426.5299987792969,415.2799987792969,415.2799987792969,168165600,Energy_Index
2021-12-07,431.239990234375,435.55999755859375,421.6400146484375,421.6400146484375,174885000,Energy_Index
2021-12-08,431.2799987792969,435.7900085449219,430.25,431.239990234375,147213100,Energy_Index
2021-12-09,427.3699951171875,431.2799987792969,424.92999267578125,431.2799987792969,144248400,Energy_Index
2021-12-10,430.6099853515625,432.0199890136719,423.1300048828125,427.3699951171875,148596700,Energy_Index
2021-12-13,418.6700134277344,430.6099853515625,416.7699890136719,430.6099853515625,158083200,Energy_Index
2021-12-14,417.0899963378906,423.30999755859375,415.6600036621094,418.6700134277344,174901900,Energy_Index
2021-12-15,415.3299865722656,417.5400085449219,405.9200134277344,417.0899963378906,177380300,Energy_Index
2021-12-16,418.05999755859375,426.25,415.3299865722656,415.3299865722656,169687400,Energy_Index
2021-12-17,408.67999267578125,418.05999755859375,405.6099853515625,418.05999755859375,343538000,Energy_Index
2021-12-20,403.8999938964844,408.67999267578125,393.8900146484375,408.67999267578125,206696100,Energy_Index
2021-12-21,415.57000732421875,416.9200134277344,403.8999938964844,403.8999938964844,160069200,Energy_Index
2021-12-22,417.9599914550781,420.92999267578125,411.010009765625,415.57000732421875,125421000,Energy_Index
2021-12-23,418.3699951171875,424.04998779296875,417.9599914550781,417.9599914550781,104480800,Energy_Index
2021-12-27,427.739990234375,427.92999267578125,413.69000244140625,418.3699951171875,112600200,Energy_Index
2021-12-28,427.25,431.30999755859375,424.989990234375,427.739990234375,104594700,Energy_Index
2021-12-29,424.54998779296875,428.55999755859375,422.6199951171875,427.25,115573700,Energy_Index
2021-12-30,421.67999267578125,427.8500061035156,421.44000244140625,424.54998779296875,105279000,Energy_Index
2021-12-31,422.739990234375,424.9800109863281,420.2300109863281,421.67999267578125,102588200,Energy_Index
2022-01-03,435.8299865722656,436.32000732421875,422.739990234375,422.739990234375,180887400,Energy_Index
2022-01-04,450.8999938964844,452.5400085449219,435.8299865722656,435.8299865722656,255425500,Energy_Index
2022-01-05,450.57000732421875,460.1099853515625,450.07000732421875,450.8999938964844,231818400,Energy_Index
2022-01-06,460.8900146484375,463.2699890136719,450.57000732421875,450.57000732421875,201806300,Energy_Index
2022-01-07,467.5799865722656,468.7699890136719,459.7099914550781,460.8900146484375,197983400,Energy_Index
2022-01-10,466.32000732421875,469.3999938964844,460.239990234375,467.5799865722656,206619900,Energy_Index
2022-01-11,482.239990234375,482.9200134277344,466.32000732421875,466.32000732421875,230828500,Energy_Index
2022-01-12,483.1499938964844,485.80999755859375,479.57000732421875,482.239990234375,200423000,Energy_Index
2022-01-13,480.239990234375,486.6099853515625,478.489990234375,483.1499938964844,179100600,Energy_Index
2022-01-14,491.9800109863281,492.57000732421875,480.239990234375,480.239990234375,201783600,Energy_Index
2022-01-18,493.9700012207031,499.8699951171875,486.7200012207031,491.9800109863281,242135800,Energy_Index
2022-01-19,490.7200012207031,498.30999755859375,486.8699951171875,493.9700012207031,196042600,Energy_Index
2022-01-20,486.30999755859375,499.260009765625,485.489990234375,490.7200012207031,206697600,Energy_Index
2022-01-21,476.80999755859375,486.30999755859375,471.75,486.30999755859375,244824300,Energy_Index
2022-01-24,479.42999267578125,481.3399963378906,456.9800109863281,476.80999755859375,283951600,Energy_Index
2022-01-25,498.4200134277344,500.1600036621094,469.3800048828125,479.42999267578125,290492300,Energy_Index
2022-01-26,497.55999755859375,507.4200134277344,492.5400085449219,498.4200134277344,280659100,Energy_Index
2022-01-27,503.75,511.3800048828125,495.3800048828125,497.55999755859375,252601600,Energy_Index
2022-01-28,500.7200012207031,505.4800109863281,490.7099914550781,503.75,232364600,Energy_Index
2022-01-31,502.92999267578125,506.010009765625,491.8599853515625,500.7200012207031,221149700,Energy_Index
2022-02-01,520.75,522.5800170898438,499.0899963378906,502.92999267578125,258167400,Energy_Index
2022-02-02,522.719970703125,523.7899780273438,511.69000244140625,520.75,207575800,Energy_Index
2022-02-03,517.2899780273438,522.719970703125,512.030029296875,522.719970703125,200635800,Energy_Index
2022-02-04,525.4500122070312,534.22998046875,517.2899780273438,517.2899780273438,233634000,Energy_Index
2022-02-07,532.3099975585938,537.27001953125,519.1699829101562,525.4500122070312,218437400,Energy_Index
2022-02-08,521.010009765625,532.3099975585938,517.27001953125,532.3099975585938,197000900,Energy_Index
2022-02-09,523.6699829101562,527.8300170898438,519.7000122070312,521.010009765625,187018300,Energy_Index
2022-02-10,520.1199951171875,530.260009765625,516.9600219726562,523.6699829101562,189458500,Energy_Index
2022-02-11,534.6500244140625,535.510009765625,520.1199951171875,520.1199951171875,246958600,Energy_Index
2022-02-14,522.6599731445312,534.6500244140625,516.0399780273438,534.6500244140625,213404200,Energy_Index
2022-02-15,515.4199829101562,522.6599731445312,505.5799865722656,522.6599731445312,196354100,Energy_Index
2022-02-16,519.3400268554688,528.4099731445312,515.4199829101562,515.4199829101562,207208700,Energy_Index
2022-02-17,518.9000244140625,524.1199951171875,515.0499877929688,519.3400268554688,190092100,Energy_Index
2022-02-18,514.8200073242188,519.3499755859375,510.4599914550781,518.9000244140625,178393400,Energy_Index
2022-02-22,506.95001220703125,530.47998046875,499.45001220703125,514.8200073242188,270999900,Energy_Index
2022-02-23,512.0900268554688,515.989990234375,506.95001220703125,506.95001220703125,189943000,Energy_Index
2022-02-24,507.6400146484375,522.4099731445312,495.05999755859375,512.0900268554688,310343700,Energy_Index
2022-02-25,521.5399780273438,521.8400268554688,507.6400146484375,507.6400146484375,233961100,Energy_Index
2022-02-28,534.9500122070312,535.0800170898438,515.0,521.5399780273438,324428400,Energy_Index
2022-03-01,540.469970703125,548.8800048828125,533.1900024414062,534.9500122070312,362748100,Energy_Index
2022-03-02,552.489990234375,557.530029296875,540.469970703125,540.469970703125,326630600,Energy_Index
2022-03-03,554.0,557.530029296875,546.0499877929688,552.489990234375,264209100,Energy_Index
2022-03-04,569.7999877929688,569.8900146484375,552.6799926757812,554.0,380226100,Energy_Index
2022-03-07,578.72998046875,587.3599853515625,565.5999755859375,569.8099975585938,430832000,Energy_Index
2022-03-08,586.75,607.27001953125,570.6400146484375,578.72998046875,533399700,Energy_Index
2022-03-09,568.0999755859375,586.75,556.489990234375,586.75,502917500,Energy_Index
2022-03-10,585.530029296875,587.1300048828125,568.0999755859375,568.0999755859375,353540900,Energy_Index
2022-03-11,580.5499877929688,587.989990234375,575.280029296875,585.530029296875,273943400,Energy_Index
2022-03-14,563.77001953125,580.5499877929688,555.9099731445312,580.5499877929688,312414800,Energy_Index
2022-03-15,542.77001953125,563.77001953125,532.719970703125,563.77001953125,311774200,Energy_Index
2022-03-16,540.4400024414062,549.4099731445312,535.1300048828125,542.77001953125,295959600,Energy_Index
2022-03-17,559.27001953125,560.3599853515625,540.4400024414062,540.4400024414062,304402200,Energy_Index
2022-03-18,559.780029296875,562.260009765625,554.4500122070312,559.27001953125,392815600,Energy_Index
2022-03-21,581.0,582.7100219726562,559.780029296875,559.780029296875,284052500,Energy_Index
2022-03-22,577.1599731445312,581.4099731445312,570.010009765625,581.0,223967600,Energy_Index
2022-03-23,587.2000122070312,591.9600219726562,577.1599731445312,577.1599731445312,218518000,Energy_Index
2022-03-24,587.9500122070312,593.9099731445312,584.1900024414062,587.2000122070312,188091000,Energy_Index
2022-03-25,601.3400268554688,601.7999877929688,584.3800048828125,587.9500122070312,219297100,Energy_Index
2022-03-28,585.9199829101562,601.3400268554688,582.3599853515625,601.3400268554688,187941900,Energy_Index
2022-03-29,583.3200073242188,585.9199829101562,565.52001953125,585.9199829101562,214823400,Energy_Index
2022-03-30,590.1500244140625,594.25,583.3200073242188,583.3200073242188,183433500,Energy_Index
2022-03-31,581.9299926757812,595.3200073242188,581.9299926757812,590.1500244140625,222971600,Energy_Index
2022-04-01,586.8900146484375,592.2100219726562,580.9400024414062,581.9299926757812,153879000,Energy_Index
2022-04-04,587.2899780273438,591.3099975585938,581.27001953125,586.8900146484375,159932400,Energy_Index
2022-04-05,578.4299926757812,597.3800048828125,577.6500244140625,587.2899780273438,176893100,Energy_Index
2022-04-06,581.5700073242188,589.6699829101562,578.4299926757812,578.4299926757812,175746300,Energy_Index
2022-04-07,589.4600219726562,591.469970703125,573.9099731445312,581.5700073242188,180045000,Energy_Index
2022-04-08,605.7100219726562,607.2999877929688,589.4600219726562,589.4600219726562,209255800,Energy_Index
2022-04-11,586.8800048828125,605.7100219726562,585.5399780273438,605.7100219726562,192810200,Energy_Index
2022-04-12,597.0,607.3800048828125,586.8800048828125,586.8800048828125,181085400,Energy_Index
2022-04-13,605.1199951171875,607.0,593.8800048828125,597.0,157348000,Energy_Index
2022-04-14,607.6300048828125,612.25,601.719970703125,605.1199951171875,162328100,Energy_Index
2022-04-18,616.7999877929688,619.9000244140625,607.6300048828125,607.6300048828125,186649800,Energy_Index
2022-04-19,610.8599853515625,618.780029296875,607.6199951171875,616.7999877929688,171308600,Energy_Index
2022-04-20,613.3900146484375,616.8099975585938,607.1599731445312,610.8599853515625,194198300,Energy_Index
2022-04-21,594.3499755859375,619.8300170898438,592.0700073242188,613.3900146484375,235163900,Energy_Index
2022-04-22,579.9000244140625,600.1099853515625,579.4000244140625,594.3499755859375,205476500,Energy_Index
2022-04-25,560.530029296875,579.9000244140625,540.47998046875,579.9000244140625,291850400,Energy_Index
2022-04-26,560.780029296875,576.0700073242188,559.8599853515625,560.530029296875,222262800,Energy_Index
2022-04-27,569.0800170898438,574.6099853515625,554.260009765625,560.780029296875,197150000,Energy_Index
2022-04-28,586.9199829101562,591.9199829101562,561.9099731445312,569.0800170898438,194186400,Energy_Index
2022-04-29,572.4099731445312,591.1599731445312,569.739990234375,586.9199829101562,218789700,Energy_Index
2022-05-02,580.239990234375,580.72998046875,566.239990234375,572.4099731445312,228917100,Energy_Index
2022-05-03,596.8699951171875,599.3300170898438,580.239990234375,580.239990234375,218949600,Energy_Index
2022-05-04,621.4299926757812,622.7899780273438,596.8699951171875,596.8699951171875,248882500,Energy_Index
2022-05-05,612.77001953125,626.530029296875,600.0999755859375,621.4299926757812,271578200,Energy_Index
2022-05-06,630.6199951171875,630.8800048828125,608.3499755859375,612.77001953125,239301600,Energy_Index
2022-05-09,578.260009765625,630.6199951171875,576.1199951171875,630.6199951171875,293403500,Energy_Index
2022-05-10,583.6599731445312,598.4299926757812,571.6799926757812,578.260009765625,235717600,Energy_Index
2022-05-11,591.6300048828125,610.489990234375,583.6599731445312,583.6599731445312,228422400,Energy_Index
2022-05-12,592.2100219726562,592.47998046875,573.6199951171875,591.6300048828125,215367400,Energy_Index
2022-05-13,612.25,614.6400146484375,592.2100219726562,592.2100219726562,213467400,Energy_Index
2022-05-16,628.3099975585938,634.719970703125,612.25,612.25,220937200,Energy_Index
2022-05-17,635.5,639.27001953125,628.3099975585938,628.3099975585938,199268900,Energy_Index
2022-05-18,618.02001953125,639.4600219726562,610.9299926757812,635.5,203092500,Energy_Index
2022-05-19,616.280029296875,626.5700073242188,604.8499755859375,618.02001953125,194352800,Energy_Index
2022-05-20,618.9299926757812,631.0999755859375,606.6699829101562,616.280029296875,198451900,Energy_Index
2022-05-23,635.510009765625,637.469970703125,618.9299926757812,618.9299926757812,195406000,Energy_Index
2022-05-24,638.0900268554688,640.5999755859375,623.6599731445312,635.510009765625,171683300,Energy_Index
2022-05-25,650.6199951171875,651.9000244140625,638.0900268554688,638.0900268554688,201601500,Energy_Index
2022-05-26,658.0599975585938,663.0700073242188,650.6199951171875,650.6199951171875,199707700,Energy_Index
2022-05-27,669.030029296875,669.27001953125,652.719970703125,658.0599975585938,187900600,Energy_Index
2022-05-31,658.0,683.4500122070312,655.5499877929688,669.030029296875,476518200,Energy_Index
2022-06-01,669.5999755859375,674.719970703125,658.0,658.0,207976600,Energy_Index
2022-06-02,667.5999755859375,672.1599731445312,661.010009765625,669.5999755859375,156610800,Energy_Index
2022-06-03,676.9299926757812,678.9500122070312,667.5999755859375,667.5999755859375,147261500,Energy_Index
2022-06-06,676.1599731445312,680.3900146484375,672.3900146484375,676.9299926757812,152750800,Energy_Index
2022-06-07,697.3800048828125,697.52001953125,676.1599731445312,676.1599731445312,201807500,Energy_Index
2022-06-08,698.4299926757812,706.030029296875,694.2000122070312,697.3800048828125,189830600,Energy_Index
2022-06-09,682.3499755859375,698.4299926757812,681.8099975585938,698.4299926757812,186303800,Energy_Index
2022-06-10,670.719970703125,684.8800048828125,663.1799926757812,682.3499755859375,207825200,Energy_Index
2022-06-13,636.3200073242188,670.719970703125,623.4400024414062,670.719970703125,250574400,Energy_Index
2022-06-14,636.739990234375,656.8099975585938,628.8200073242188,636.3200073242188,233133600,Energy_Index
2022-06-15,623.2100219726562,638.5599975585938,612.9099731445312,636.739990234375,246354100,Energy_Index
2022-06-16,588.4099731445312,623.2100219726562,583.219970703125,623.2100219726562,326686100,Energy_Index
2022-06-17,555.6500244140625,588.4099731445312,548.9000244140625,588.4099731445312,577638300,Energy_Index
2022-06-21,584.1900024414062,588.1799926757812,555.6500244140625,555.6500244140625,279289300,Energy_Index
2022-06-22,559.7100219726562,584.1900024414062,552.7100219726562,584.1900024414062,280537000,Energy_Index
2022-06-23,538.75,566.8099975585938,530.52001953125,559.7100219726562,299499700,Energy_Index
2022-06-24,547.02001953125,558.0499877929688,538.75,538.75,372974600,Energy_Index
2022-06-27,562.239990234375,566.4000244140625,547.02001953125,547.02001953125,238395000,Energy_Index
2022-06-28,577.4199829101562,586.8099975585938,562.239990234375,562.239990234375,242575400,Energy_Index
2022-06-29,557.5999755859375,587.6900024414062,556.0,577.4199829101562,202828700,Energy_Index
2022-06-30,546.239990234375,559.4199829101562,540.72998046875,557.5999755859375,239668000,Energy_Index
2022-07-01,554.0999755859375,556.3099975585938,535.5399780273438,546.239990234375,180523600,Energy_Index
2022-07-05,531.8599853515625,554.0999755859375,520.3499755859375,554.0999755859375,272903900,Energy_Index
2022-07-06,522.5999755859375,535.0999755859375,506.9100036621094,531.8599853515625,255718200,Energy_Index
2022-07-07,540.9400024414062,545.280029296875,522.5999755859375,522.5999755859375,196978500,Energy_Index
2022-07-08,540.8699951171875,549.510009765625,533.260009765625,540.9400024414062,155618800,Energy_Index
2022-07-11,536.0700073242188,540.8699951171875,528.7899780273438,540.8699951171875,145373600,Energy_Index
2022-07-12,525.1799926757812,536.0700073242188,516.0999755859375,536.0700073242188,174939200,Energy_Index
2022-07-13,524.4600219726562,535.5800170898438,519.7999877929688,525.1799926757812,159636800,Energy_Index
2022-07-14,514.5,524.4600219726562,499.0899963378906,524.4600219726562,204034100,Energy_Index
2022-07-15,524.27001953125,526.0800170898438,514.5,514.5,144456900,Energy_Index
2022-07-18,534.5599975585938,543.4500122070312,524.27001953125,524.27001953125,162653800,Energy_Index
2022-07-19,551.4600219726562,552.6500244140625,534.3099975585938,534.5599975585938,169863800,Energy_Index
2022-07-20,557.0599975585938,559.6300048828125,543.25,551.4600219726562,177303700,Energy_Index
2022-07-21,547.6300048828125,557.0599975585938,532.0499877929688,557.0599975585938,186379700,Energy_Index
2022-07-22,542.7999877929688,554.4000244140625,539.719970703125,547.6300048828125,149918200,Energy_Index
2022-07-25,562.9600219726562,563.22998046875,542.7999877929688,542.7999877929688,156132600,Energy_Index
2022-07-26,558.02001953125,571.8499755859375,554.030029296875,562.9600219726562,162016600,Energy_Index
2022-07-27,570.3200073242188,573.1699829101562,555.9500122070312,558.02001953125,153360700,Energy_Index
2022-07-28,572.8800048828125,579.3300170898438,563.47998046875,570.3200073242188,144711900,Energy_Index
2022-07-29,598.739990234375,600.4000244140625,572.8800048828125,572.8800048828125,208940500,Energy_Index
2022-08-01,585.6699829101562,598.739990234375,578.9000244140625,598.739990234375,178811100,Energy_Index
2022-08-02,584.4600219726562,590.3400268554688,579.72998046875,585.6699829101562,170528600,Energy_Index
2022-08-03,567.1199951171875,588.1500244140625,563.9299926757812,584.4600219726562,214388200,Energy_Index
2022-08-04,546.72998046875,567.1199951171875,544.6300048828125,567.1199951171875,230691500,Energy_Index
2022-08-05,557.8800048828125,562.510009765625,540.1300048828125,546.72998046875,155123200,Energy_Index
2022-08-08,560.6199951171875,565.6300048828125,557.1599731445312,557.8800048828125,137272400,Energy_Index
2022-08-09,570.5700073242188,577.8900146484375,560.6199951171875,560.6199951171875,149319000,Energy_Index
2022-08-10,574.6199951171875,577.6500244140625,560.5399780273438,570.5700073242188,145484900,Energy_Index
2022-08-11,592.9400024414062,598.0499877929688,574.6199951171875,574.6199951171875,176669800,Energy_Index
2022-08-12,597.7000122070312,597.8900146484375,586.72998046875,592.9400024414062,131650700,Energy_Index
2022-08-15,585.8599853515625,597.7000122070312,570.489990234375,597.7000122070312,146985900,Energy_Index
2022-08-16,583.8699951171875,592.1300048828125,580.3200073242188,585.8599853515625,149110200,Energy_Index
2022-08-17,588.5800170898438,594.6300048828125,579.9000244140625,583.8699951171875,140286200,Energy_Index
2022-08-18,603.4600219726562,604.0900268554688,588.5800170898438,588.5800170898438,168121000,Energy_Index
2022-08-19,603.5999755859375,607.47998046875,599.1199951171875,603.4600219726562,219908800,Energy_Index
2022-08-22,602.0999755859375,605.6799926757812,588.510009765625,603.5999755859375,188732700,Energy_Index
2022-08-23,623.9000244140625,628.6400146484375,602.0999755859375,602.0999755859375,240778900,Energy_Index
2022-08-24,631.3800048828125,632.25,621.2899780273438,623.9000244140625,189896500,Energy_Index
2022-08-25,636.1900024414062,639.3699951171875,630.3900146484375,631.3800048828125,149202200,Energy_Index
2022-08-26,629.3800048828125,642.2899780273438,626.6900024414062,636.1900024414062,142895400,Energy_Index
2022-08-29,639.0999755859375,647.4500122070312,628.0800170898438,629.3800048828125,174835500,Energy_Index
2022-08-30,617.5999755859375,639.0999755859375,612.510009765625,639.0999755859375,171802500,Energy_Index
2022-08-31,611.7999877929688,622.1199951171875,600.4000244140625,617.5999755859375,190505300,Energy_Index
2022-09-01,597.719970703125,611.7999877929688,589.0499877929688,611.7999877929688,171428200,Energy_Index
2022-09-02,608.5399780273438,615.8499755859375,597.719970703125,597.719970703125,159931600,Energy_Index
2022-09-06,601.9500122070312,615.0,599.8099975585938,608.5399780273438,170466600,Energy_Index
2022-09-07,595.0,601.9500122070312,584.5,601.9500122070312,173573700,Energy_Index
2022-09-08,597.9500122070312,600.7100219726562,590.530029296875,595.0,178657200,Energy_Index
2022-09-09,612.1900024414062,615.1900024414062,597.9500122070312,597.9500122070312,150999900,Energy_Index
2022-09-12,623.2999877929688,630.27001953125,612.1900024414062,612.1900024414062,168819200,Energy_Index
2022-09-13,608.02001953125,623.8699951171875,605.3800048828125,623.2999877929688,176663200,Energy_Index
2022-09-14,625.3400268554688,629.75,608.02001953125,608.02001953125,196973600,Energy_Index
2022-09-15,609.469970703125,625.3400268554688,606.6799926757812,625.3400268554688,188673200,Energy_Index
2022-09-16,596.27001953125,609.469970703125,588.0800170898438,609.469970703125,427019500,Energy_Index
2022-09-19,596.72998046875,597.1500244140625,580.1799926757812,596.27001953125,153593300,Energy_Index
2022-09-20,592.8900146484375,596.72998046875,585.8300170898438,596.72998046875,150427500,Energy_Index
2022-09-21,584.2100219726562,604.239990234375,584.030029296875,592.8900146484375,156644200,Energy_Index
2022-09-22,581.8800048828125,596.4199829101562,581.5,584.2100219726562,152576100,Energy_Index
2022-09-23,542.6099853515625,581.8800048828125,537.75,581.8800048828125,263198800,Energy_Index
2022-09-26,528.6400146484375,545.4299926757812,528.4199829101562,542.6099853515625,217580800,Energy_Index
2022-09-27,534.7899780273438,544.6400146484375,528.6400146484375,528.6400146484375,202318500,Energy_Index
2022-09-28,558.3400268554688,560.47998046875,534.7899780273438,534.7899780273438,199706300,Energy_Index
2022-09-29,557.5999755859375,558.9500122070312,543.9400024414062,558.3400268554688,190937600,Energy_Index
2022-09-30,552.5599975585938,560.6300048828125,547.9600219726562,557.5999755859375,199802400,Energy_Index
2022-10-03,584.4500122070312,587.5499877929688,552.5599975585938,552.5599975585938,216361600,Energy_Index
2022-10-04,609.8400268554688,610.0499877929688,584.4500122070312,584.4500122070312,218681000,Energy_Index
2022-10-05,622.3900146484375,627.0,604.780029296875,609.8400268554688,242704800,Energy_Index
2022-10-06,633.719970703125,635.4299926757812,617.75,622.3900146484375,202988000,Energy_Index
2022-10-07,629.1400146484375,642.4600219726562,624.5499877929688,633.719970703125,219608700,Energy_Index
2022-10-10,616.1799926757812,636.739990234375,614.3200073242188,629.1400146484375,162724800,Energy_Index
2022-10-11,611.5399780273438,622.0399780273438,602.2100219726562,616.1799926757812,171585300,Energy_Index
2022-10-12,616.1199951171875,620.1199951171875,603.77001953125,611.5399780273438,147888000,Energy_Index
2022-10-13,641.239990234375,643.739990234375,609.739990234375,616.1199951171875,199871100,Energy_Index
2022-10-14,617.47998046875,643.1599731445312,616.8499755859375,641.239990234375,167712000,Energy_Index
2022-10-17,625.030029296875,635.6599731445312,617.47998046875,617.47998046875,153170700,Energy_Index
2022-10-18,629.739990234375,636.22998046875,618.0499877929688,625.030029296875,160067500,Energy_Index
2022-10-19,648.22998046875,650.72998046875,629.739990234375,629.739990234375,193406800,Energy_Index
2022-10-20,649.4099731445312,659.7899780273438,646.0800170898438,648.22998046875,198495300,Energy_Index
2022-10-21,667.3499755859375,668.5700073242188,649.4099731445312,649.4099731445312,225110400,Energy_Index
2022-10-24,670.52001953125,675.030029296875,663.7100219726562,667.3499755859375,185238400,Energy_Index
2022-10-25,670.219970703125,673.989990234375,664.5,670.52001953125,183486000,Energy_Index
2022-10-26,679.3400268554688,684.8099975585938,670.219970703125,670.219970703125,185247500,Energy_Index
2022-10-27,681.1900024414062,693.5499877929688,679.3400268554688,679.3400268554688,188243800,Energy_Index
2022-10-28,685.7100219726562,695.239990234375,672.9099731445312,681.1900024414062,181626100,Energy_Index
2022-10-31,689.8300170898438,699.9199829101562,679.489990234375,685.7100219726562,200326600,Energy_Index
2022-11-01,696.6900024414062,701.1799926757812,689.8300170898438,689.8300170898438,179958300,Energy_Index
2022-11-02,681.010009765625,698.3900146484375,679.4000244140625,696.6900024414062,214920800,Energy_Index
2022-11-03,694.9199829101562,698.72998046875,676.260009765625,681.010009765625,188161800,Energy_Index
2022-11-04,701.989990234375,715.0700073242188,692.6500244140625,694.9199829101562,210186200,Energy_Index
2022-11-07,714.1300048828125,716.530029296875,701.989990234375,701.989990234375,182631400,Energy_Index
2022-11-08,714.510009765625,717.9500122070312,706.1699829101562,714.1300048828125,163569100,Energy_Index
2022-11-09,679.6300048828125,714.510009765625,678.010009765625,714.510009765625,204139700,Energy_Index
2022-11-10,694.739990234375,695.3400268554688,678.9099731445312,679.6300048828125,175182200,Energy_Index
2022-11-11,716.02001953125,718.5399780273438,694.739990234375,694.739990234375,191848100,Energy_Index
2022-11-14,712.280029296875,724.739990234375,711.9600219726562,716.02001953125,162927900,Energy_Index
2022-11-15,720.1599731445312,721.489990234375,710.8400268554688,712.280029296875,162427500,Energy_Index
2022-11-16,704.6799926757812,720.1599731445312,700.989990234375,720.1599731445312,148398500,Energy_Index
2022-11-17,705.52001953125,706.02001953125,689.8200073242188,704.6799926757812,130730800,Energy_Index
2022-11-18,699.1900024414062,705.52001953125,684.1400146484375,705.52001953125,174609800,Energy_Index
2022-11-21,689.4600219726562,699.1900024414062,666.72998046875,699.1900024414062,200807100,Energy_Index
2022-11-22,711.3900146484375,713.0499877929688,689.4600219726562,689.4600219726562,170208200,Energy_Index
2022-11-23,703.1300048828125,711.3900146484375,696.0999755859375,711.3900146484375,129317700,Energy_Index
2022-11-25,701.0,708.7999877929688,699.9500122070312,703.1300048828125,60155900,Energy_Index
2022-11-28,681.8099975585938,701.0,679.1599731445312,701.0,169838400,Energy_Index
2022-11-29,690.530029296875,695.280029296875,681.8099975585938,681.8099975585938,142062300,Energy_Index
2022-11-30,694.2999877929688,699.5999755859375,683.5399780273438,690.530029296875,245360000,Energy_Index
2022-12-01,691.3699951171875,701.72998046875,689.469970703125,694.2999877929688,131315900,Energy_Index
2022-12-02,687.2000122070312,695.3300170898438,683.3300170898438,691.3699951171875,138547600,Energy_Index
2022-12-05,667.010009765625,696.4600219726562,661.6900024414062,687.2000122070312,168423200,Energy_Index
2022-12-06,649.3499755859375,670.239990234375,644.8699951171875,667.010009765625,171293800,Energy_Index
2022-12-07,647.469970703125,657.260009765625,641.8699951171875,649.3499755859375,168397600,Energy_Index
2022-12-08,644.4600219726562,662.75,640.8400268554688,647.469970703125,179610100,Energy_Index
2022-12-09,629.469970703125,649.22998046875,628.8099975585938,644.4600219726562,191402400,Energy_Index
2022-12-12,645.1199951171875,646.4600219726562,629.469970703125,629.469970703125,178657700,Energy_Index
2022-12-13,656.5399780273438,662.4199829101562,645.1199951171875,645.1199951171875,195709600,Energy_Index
2022-12-14,652.3300170898438,663.47998046875,646.9500122070312,656.5399780273438,163357800,Energy_Index
2022-12-15,648.8800048828125,652.3300170898438,637.530029296875,652.3300170898438,156536100,Energy_Index
2022-12-16,640.280029296875,648.8800048828125,632.0700073242188,648.8800048828125,419429800,Energy_Index
2022-12-19,641.1400146484375,649.219970703125,636.1199951171875,640.280029296875,128668800,Energy_Index
2022-12-20,650.8599853515625,654.8400268554688,640.9199829101562,641.1400146484375,137078600,Energy_Index
2022-12-21,663.1699829101562,665.97998046875,650.8599853515625,650.8599853515625,129378200,Energy_Index
2022-12-22,647.8400268554688,663.9099731445312,634.7999877929688,663.1699829101562,135888100,Energy_Index
2022-12-23,668.3300170898438,668.4000244140625,647.8400268554688,647.8400268554688,116864200,Energy_Index
2022-12-27,675.9600219726562,678.27001953125,668.3300170898438,668.3300170898438,104760500,Energy_Index
2022-12-28,660.9500122070312,675.9600219726562,658.5399780273438,675.9600219726562,107996000,Energy_Index
2022-12-29,667.27001953125,670.260009765625,658.2999877929688,660.9500122070312,89610600,Energy_Index
2022-12-30,672.3400268554688,673.25,664.6199951171875,667.27001953125,96876700,Energy_Index
2023-01-03,647.969970703125,672.3400268554688,640.5499877929688,672.3400268554688,147124800,Energy_Index
2023-01-04,648.3400268554688,652.1400146484375,636.3400268554688,647.969970703125,155197700,Energy_Index
2023-01-05,661.25,664.3800048828125,647.4600219726562,648.3400268554688,147204700,Energy_Index
2023-01-06,672.3499755859375,680.8300170898438,661.25,661.25,140554500,Energy_Index
2023-01-09,669.1900024414062,682.9500122070312,667.1699829101562,672.3499755859375,162646400,Energy_Index
2023-01-10,674.2100219726562,675.510009765625,663.9600219726562,669.1900024414062,128082200,Energy_Index
2023-01-11,676.6099853515625,681.3800048828125,669.010009765625,674.2100219726562,144061000,Energy_Index
2023-01-12,689.260009765625,693.530029296875,676.6099853515625,676.6099853515625,150233700,Energy_Index
2023-01-13,690.2100219726562,691.9500122070312,681.5,689.260009765625,105943000,Energy_Index
2023-01-17,691.0700073242188,698.6300048828125,688.75,690.2100219726562,130973000,Energy_Index
2023-01-18,678.8699951171875,702.3699951171875,678.1400146484375,691.0700073242188,162566100,Energy_Index
2023-01-19,686.3800048828125,689.6199951171875,673.1199951171875,678.8699951171875,145109500,Energy_Index
2023-01-20,695.3200073242188,696.1199951171875,681.8300170898438,686.3800048828125,155873900,Energy_Index
2023-01-23,693.9099731445312,702.4000244140625,692.25,695.3200073242188,143941700,Energy_Index
2023-01-24,692.4099731445312,693.9099731445312,674.4500122070312,693.9099731445312,132063800,Energy_Index
2023-01-25,691.780029296875,692.4099731445312,677.8499755859375,692.4099731445312,135699700,Energy_Index
2023-01-26,714.77001953125,714.9400024414062,691.780029296875,691.780029296875,156928500,Energy_Index
2023-01-27,700.5800170898438,714.77001953125,699.3900146484375,714.77001953125,143289900,Energy_Index
2023-01-30,684.530029296875,700.5800170898438,683.3300170898438,700.5800170898438,136560900,Energy_Index
2023-01-31,690.5900268554688,691.969970703125,674.8800048828125,684.530029296875,168708000,Energy_Index
2023-02-01,677.530029296875,690.75,668.3099975585938,690.5900268554688,186342100,Energy_Index
2023-02-02,660.469970703125,677.530029296875,653.1799926757812,677.530029296875,192910000,Energy_Index
2023-02-03,658.9500122070312,673.7899780273438,657.9600219726562,660.469970703125,170803200,Energy_Index
2023-02-06,656.3400268554688,664.1900024414062,648.0999755859375,658.9500122070312,148021300,Energy_Index
2023-02-07,676.5399780273438,677.9199829101562,656.3400268554688,656.3400268554688,149269200,Energy_Index
2023-02-08,670.760009765625,680.1900024414062,667.3099975585938,676.5399780273438,143635900,Energy_Index
2023-02-09,665.969970703125,673.9000244140625,665.4400024414062,670.760009765625,141191600,Energy_Index
2023-02-10,692.0999755859375,693.4199829101562,665.969970703125,665.969970703125,175863900,Energy_Index
2023-02-13,687.9099731445312,692.0999755859375,679.3699951171875,692.0999755859375,129924100,Energy_Index
2023-02-14,687.780029296875,692.7999877929688,680.6300048828125,687.9099731445312,126588800,Energy_Index
2023-02-15,675.5399780273438,687.780029296875,666.8900146484375,687.780029296875,202758200,Energy_Index
2023-02-16,668.5800170898438,677.3699951171875,667.9600219726562,675.5399780273438,153335000,Energy_Index
2023-02-17,644.2000122070312,668.5800170898438,641.760009765625,668.5800170898438,230404700,Energy_Index
2023-02-21,642.22998046875,648.6300048828125,640.4600219726562,644.2000122070312,157132800,Energy_Index
2023-02-22,637.2899780273438,645.4199829101562,631.780029296875,642.22998046875,159173600,Energy_Index
2023-02-23,645.3900146484375,649.8200073242188,637.2899780273438,637.2899780273438,148950900,Energy_Index
2023-02-24,645.3200073242188,646.2899780273438,633.5,645.3900146484375,166210800,Energy_Index
2023-02-27,647.3499755859375,649.739990234375,641.6400146484375,645.3200073242188,144380600,Energy_Index
2023-02-28,638.010009765625,652.719970703125,637.510009765625,647.3499755859375,198633100,Energy_Index
2023-03-01,650.3699951171875,653.8200073242188,636.3099975585938,638.010009765625,144209200,Energy_Index
2023-03-02,655.8499755859375,658.1699829101562,646.8200073242188,650.3699951171875,126741500,Energy_Index
2023-03-03,664.2999877929688,666.8900146484375,646.7899780273438,655.8499755859375,139057700,Energy_Index
2023-03-06,664.9500122070312,665.719970703125,657.6099853515625,664.2999877929688,137163400,Energy_Index
2023-03-07,653.3200073242188,664.9500122070312,651.4400024414062,664.9500122070312,131747800,Energy_Index
2023-03-08,646.6300048828125,658.3099975585938,640.4199829101562,653.3200073242188,142272300,Energy_Index
2023-03-09,637.8099975585938,659.1199951171875,637.4299926757812,646.6300048828125,149613600,Energy_Index
2023-03-10,628.780029296875,646.3900146484375,625.6300048828125,637.8099975585938,163570900,Energy_Index
2023-03-13,616.469970703125,628.780029296875,602.9199829101562,628.780029296875,216188400,Energy_Index
2023-03-14,621.9199829101562,635.8800048828125,611.0700073242188,616.469970703125,179871900,Energy_Index
2023-03-15,588.2000122070312,621.9199829101562,579.7999877929688,621.9199829101562,300947900,Energy_Index
2023-03-16,593.719970703125,595.3499755859375,572.5499877929688,588.2000122070312,250687000,Energy_Index
2023-03-17,584.6400146484375,595.4000244140625,579.9400024414062,593.719970703125,394949700,Energy_Index
2023-03-20,596.97998046875,599.760009765625,584.530029296875,584.6400146484375,184689400,Energy_Index
2023-03-21,617.5999755859375,619.5,596.97998046875,596.97998046875,199715100,Energy_Index
2023-03-22,604.5599975585938,620.8400268554688,604.3400268554688,617.5999755859375,153120600,Energy_Index
2023-03-23,596.3200073242188,613.0700073242188,590.5700073242188,604.5599975585938,156882800,Energy_Index
2023-03-24,598.030029296875,600.260009765625,582.5399780273438,596.3200073242188,174281600,Energy_Index
2023-03-27,610.5999755859375,614.1500244140625,598.030029296875,598.030029296875,154714600,Energy_Index
2023-03-28,619.4400024414062,622.4099731445312,607.2000122070312,610.5999755859375,136099400,Energy_Index
2023-03-29,628.7100219726562,629.3200073242188,619.4400024414062,619.4400024414062,147523200,Energy_Index
2023-03-30,630.9000244140625,634.1699829101562,627.6500244140625,628.7100219726562,120290700,Energy_Index
2023-03-31,634.9000244140625,636.1599731445312,630.3599853515625,630.9000244140625,143534900,Energy_Index
2023-04-03,666.0700073242188,669.6699829101562,634.9000244140625,634.9000244140625,261783700,Energy_Index
2023-04-04,654.6099853515625,667.5,648.739990234375,666.0700073242188,174185000,Energy_Index
2023-04-05,663.9099731445312,663.989990234375,650.760009765625,654.6099853515625,151151400,Energy_Index
2023-04-06,654.1400146484375,663.9099731445312,652.6799926757812,663.9099731445312,119695400,Energy_Index
2023-04-10,658.3699951171875,665.6799926757812,654.1400146484375,654.1400146484375,124413300,Energy_Index
2023-04-11,664.239990234375,668.2899780273438,657.9400024414062,658.3699951171875,120095900,Energy_Index
2023-04-12,664.989990234375,670.5700073242188,663.1199951171875,664.239990234375,127797800,Energy_Index
2023-04-13,669.0399780273438,670.6300048828125,662.1199951171875,664.989990234375,122461200,Energy_Index
2023-04-14,670.3200073242188,673.8499755859375,666.2999877929688,669.0399780273438,107683200,Energy_Index
2023-04-17,661.7999877929688,670.3400268554688,659.7999877929688,670.3200073242188,125313600,Energy_Index
2023-04-18,664.75,666.5800170898438,657.2899780273438,661.7999877929688,134786800,Energy_Index
2023-04-19,663.0800170898438,664.75,656.1799926757812,664.75,127424400,Energy_Index
2023-04-20,657.1900024414062,663.0800170898438,648.77001953125,663.0800170898438,136198200,Energy_Index
2023-04-21,653.2999877929688,659.4500122070312,650.6599731445312,657.1900024414062,131080600,Energy_Index
2023-04-24,663.3499755859375,666.5900268554688,652.1500244140625,653.2999877929688,125676800,Energy_Index
2023-04-25,651.1599731445312,663.3499755859375,647.3599853515625,663.3499755859375,130153700,Energy_Index
2023-04-26,642.8300170898438,652.969970703125,639.2100219726562,651.1599731445312,134091300,Energy_Index
2023-04-27,645.6799926757812,647.3800048828125,636.97998046875,642.8300170898438,149322600,Energy_Index
2023-04-28,655.2000122070312,659.1500244140625,641.3800048828125,645.6799926757812,155028200,Energy_Index
2023-05-01,646.969970703125,655.2000122070312,643.8300170898438,655.2000122070312,119438300,Energy_Index
2023-05-02,619.280029296875,646.969970703125,613.4400024414062,646.969970703125,190040200,Energy_Index
2023-05-03,607.3699951171875,619.280029296875,607.1199951171875,619.280029296875,166407900,Energy_Index
2023-05-04,600.6500244140625,613.4000244140625,599.1900024414062,607.3699951171875,180646300,Energy_Index
2023-05-05,617.1500244140625,621.72998046875,600.6500244140625,600.6500244140625,157786200,Energy_Index
2023-05-08,617.6099853515625,628.510009765625,617.1500244140625,617.1500244140625,127825300,Energy_Index
2023-05-09,617.8300170898438,623.6599731445312,612.5700073242188,617.6099853515625,132870500,Energy_Index
2023-05-10,610.72998046875,621.0900268554688,605.969970703125,617.8300170898438,154717200,Energy_Index
2023-05-11,603.1300048828125,610.72998046875,598.6300048828125,610.72998046875,148738600,Energy_Index
2023-05-12,603.8400268554688,609.8400268554688,599.2999877929688,603.1699829101562,124351400,Energy_Index
2023-05-15,605.0599975585938,608.469970703125,599.8800048828125,603.8400268554688,169167000,Energy_Index
2023-05-16,589.7100219726562,605.0599975585938,589.2999877929688,605.0599975585938,163101500,Energy_Index
2023-05-17,601.9299926757812,604.9199829101562,589.7100219726562,589.7100219726562,151136400,Energy_Index
2023-05-18,604.8800048828125,605.5599975585938,593.72998046875,601.9299926757812,149947700,Energy_Index
2023-05-19,609.2999877929688,614.1400146484375,604.8800048828125,604.8800048828125,147607200,Energy_Index
2023-05-22,606.9400024414062,613.02001953125,606.52001953125,609.2999877929688,136684400,Energy_Index
2023-05-23,613.22998046875,620.6099853515625,606.9400024414062,606.9400024414062,139637800,Energy_Index
2023-05-24,616.4299926757812,621.219970703125,611.3499755859375,613.22998046875,137879400,Energy_Index
2023-05-25,604.77001953125,616.4299926757812,599.8300170898438,616.4299926757812,162236500,Energy_Index
2023-05-26,602.510009765625,610.4600219726562,599.8499755859375,604.77001953125,138167500,Energy_Index
2023-05-30,596.8599853515625,602.510009765625,590.0700073242188,602.510009765625,153156800,Energy_Index
2023-05-31,585.6599731445312,596.8599853515625,584.030029296875,596.8599853515625,279647300,Energy_Index
2023-06-01,592.8599853515625,599.489990234375,583.0999755859375,585.6599731445312,159350400,Energy_Index
2023-06-02,610.4099731445312,613.239990234375,592.8599853515625,592.8599853515625,176499300,Energy_Index
2023-06-05,606.8599853515625,619.8099975585938,605.52001953125,610.4099731445312,128791600,Energy_Index
2023-06-06,611.0499877929688,611.5900268554688,598.4099731445312,606.8599853515625,129888300,Energy_Index
2023-06-07,627.219970703125,628.0800170898438,611.0499877929688,611.0499877929688,158296100,Energy_Index
2023-06-08,624.4299926757812,629.8099975585938,614.25,627.219970703125,142713800,Energy_Index
2023-06-09,620.8200073242188,627.02001953125,619.1900024414062,624.4299926757812,121890200,Energy_Index
2023-06-12,614.7999877929688,620.8200073242188,610.6400146484375,620.8200073242188,140710200,Energy_Index
2023-06-13,617.6699829101562,629.3699951171875,614.7999877929688,614.7999877929688,154444300,Energy_Index
2023-06-14,610.77001953125,625.9400024414062,606.510009765625,617.6699829101562,147841100,Energy_Index
2023-06-15,617.0999755859375,622.219970703125,610.77001953125,610.77001953125,145262500,Energy_Index
2023-06-16,616.4299926757812,621.6900024414062,614.9199829101562,617.0999755859375,295556200,Energy_Index
2023-06-20,602.3099975585938,616.4299926757812,598.1900024414062,616.4299926757812,156595400,Energy_Index
2023-06-21,607.8499755859375,612.5700073242188,599.510009765625,602.3099975585938,134664400,Energy_Index
2023-06-22,599.9299926757812,607.8499755859375,597.6300048828125,607.8499755859375,129661200,Energy_Index
2023-06-23,595.1699829101562,599.9299926757812,590.489990234375,599.9299926757812,206430600,Energy_Index
2023-06-26,605.3699951171875,608.7899780273438,594.97998046875,595.1699829101562,134760600,Energy_Index
2023-06-27,606.739990234375,609.219970703125,601.510009765625,605.3699951171875,149394800,Energy_Index
2023-06-28,612.9000244140625,613.7100219726562,600.8099975585938,606.739990234375,147222300,Energy_Index
2023-06-29,619.7100219726562,619.75,611.77001953125,612.9000244140625,133302000,Energy_Index
2023-06-30,623.5599975585938,626.9600219726562,619.6099853515625,619.7100219726562,143783200,Energy_Index
2023-07-03,625.5,629.9500122070312,623.1199951171875,623.5599975585938,65367900,Energy_Index
2023-07-05,622.1099853515625,627.760009765625,618.4000244140625,625.5,128476300,Energy_Index
2023-07-06,606.8699951171875,622.1099853515625,602.5599975585938,622.1099853515625,143360900,Energy_Index
2023-07-07,619.4000244140625,624.75,603.1900024414062,606.8699951171875,208231900,Energy_Index
2023-07-10,624.0800170898438,625.1599731445312,617.4000244140625,619.4000244140625,140205500,Energy_Index
2023-07-11,637.8099975585938,638.72998046875,624.0800170898438,624.0800170898438,169822600,Energy_Index
2023-07-12,643.5700073242188,647.3099975585938,637.8099975585938,637.8099975585938,160731200,Energy_Index
2023-07-13,640.6500244140625,647.0999755859375,634.9099731445312,643.5700073242188,167009800,Energy_Index
2023-07-14,623.02001953125,640.6500244140625,621.97998046875,640.6500244140625,156538700,Energy_Index
2023-07-17,622.260009765625,624.6699829101562,619.3599853515625,623.02001953125,129472900,Energy_Index
2023-07-18,628.3499755859375,634.489990234375,619.8599853515625,622.260009765625,154411400,Energy_Index
2023-07-19,631.6400146484375,636.2000122070312,626.9600219726562,628.3499755859375,144621200,Energy_Index
2023-07-20,639.7999877929688,640.6099853515625,631.6400146484375,631.6400146484375,148059600,Energy_Index
2023-07-21,645.0,645.3800048828125,638.260009765625,639.7999877929688,170763800,Energy_Index
2023-07-24,655.7000122070312,660.0700073242188,645.0,645.0,165816900,Energy_Index
2023-07-25,659.4199829101562,662.6300048828125,651.22998046875,655.7000122070312,137392400,Energy_Index
2023-07-26,658.8300170898438,661.739990234375,653.4400024414062,659.4199829101562,130168600,Energy_Index
2023-07-27,655.25,665.77001953125,653.5499877929688,658.8300170898438,134354300,Energy_Index
2023-07-28,655.8599853515625,656.22998046875,646.739990234375,655.25,114441700,Energy_Index
2023-07-31,668.97998046875,670.9099731445312,655.8599853515625,655.8599853515625,150471800,Energy_Index
2023-08-01,665.8800048828125,668.97998046875,658.9000244140625,668.97998046875,123238300,Energy_Index
2023-08-02,656.9600219726562,665.8800048828125,651.5399780273438,665.8800048828125,150508300,Energy_Index
2023-08-03,663.2100219726562,669.3499755859375,654.9600219726562,656.9600219726562,150892800,Energy_Index
2023-08-04,663.3800048828125,673.9099731445312,663.1699829101562,663.2100219726562,151997100,Energy_Index
2023-08-07,664.3699951171875,668.6500244140625,662.280029296875,663.3800048828125,121539500,Energy_Index
2023-08-08,667.5999755859375,668.02001953125,648.8099975585938,664.3699951171875,127076400,Energy_Index
2023-08-09,675.77001953125,682.2899780273438,667.5999755859375,667.5999755859375,171281500,Energy_Index
2023-08-10,676.2899780273438,684.9500122070312,671.77001953125,675.77001953125,129123100,Energy_Index
2023-08-11,686.8400268554688,687.4400024414062,675.8099975585938,676.2899780273438,129649700,Energy_Index
2023-08-14,684.5599975585938,686.8400268554688,679.3099975585938,686.8400268554688,108881000,Energy_Index
2023-08-15,667.8400268554688,684.5599975585938,666.8400268554688,684.5599975585938,121024800,Energy_Index
2023-08-16,661.7999877929688,675.7100219726562,661.4299926757812,667.8400268554688,115471500,Energy_Index
2023-08-17,669.1500244140625,677.9400024414062,661.7999877929688,661.7999877929688,120932300,Energy_Index
2023-08-18,675.4299926757812,676.5999755859375,663.9400024414062,669.1500244140625,128944600,Energy_Index
2023-08-21,671.2100219726562,680.97998046875,666.9600219726562,675.4299926757812,114484700,Energy_Index
2023-08-22,666.0700073242188,674.6599731445312,665.8300170898438,671.2100219726562,99926500,Energy_Index
2023-08-23,664.0499877929688,666.0700073242188,653.510009765625,666.0700073242188,115050800,Energy_Index
2023-08-24,659.1199951171875,666.6500244140625,658.0399780273438,664.0499877929688,100451300,Energy_Index
2023-08-25,666.1799926757812,669.8099975585938,658.1300048828125,659.1199951171875,112163200,Energy_Index
2023-08-28,671.02001953125,676.0499877929688,666.1799926757812,666.1799926757812,83512500,Energy_Index
2023-08-29,673.02001953125,673.8099975585938,666.5800170898438,671.02001953125,88982000,Energy_Index
2023-08-30,676.4500122070312,677.9299926757812,673.02001953125,673.02001953125,94705000,Energy_Index
2023-08-31,677.489990234375,678.8599853515625,673.02001953125,676.4500122070312,146985400,Energy_Index
2023-09-01,691.3900146484375,692.4400024414062,677.489990234375,677.489990234375,134684100,Energy_Index
2023-09-05,694.760009765625,702.1099853515625,691.3900146484375,691.3900146484375,146735000,Energy_Index
2023-09-06,695.760009765625,698.8200073242188,690.4099731445312,694.760009765625,129180400,Energy_Index
2023-09-07,694.25,700.47998046875,693.2100219726562,695.760009765625,138483000,Energy_Index
2023-09-08,700.969970703125,705.719970703125,694.25,694.25,135344700,Energy_Index
2023-09-11,691.75,707.989990234375,688.5700073242188,700.969970703125,138639100,Energy_Index
2023-09-12,707.7100219726562,708.6099853515625,691.75,691.75,142718800,Energy_Index
2023-09-13,702.3200073242188,710.1500244140625,699.010009765625,707.7100219726562,127146300,Energy_Index
2023-09-14,711.1900024414062,713.3900146484375,702.3200073242188,702.3200073242188,135685500,Energy_Index
2023-09-15,701.8400268554688,711.72998046875,701.4199829101562,711.1900024414062,295322300,Energy_Index
2023-09-18,706.6400146484375,710.47998046875,701.8400268554688,701.8400268554688,125294300,Energy_Index
2023-09-19,700.75,712.4500122070312,696.719970703125,706.6400146484375,135978700,Energy_Index
2023-09-20,694.0599975585938,705.1500244140625,693.75,700.75,115874400,Energy_Index
2023-09-21,684.4199829101562,699.9099731445312,683.4099731445312,694.0599975585938,150923500,Energy_Index
2023-09-22,685.47998046875,694.239990234375,684.4199829101562,684.4199829101562,131867000,Energy_Index
2023-09-25,694.25,695.4299926757812,685.0499877929688,685.47998046875,167348400,Energy_Index
2023-09-26,690.760009765625,694.719970703125,687.4299926757812,694.25,128363700,Energy_Index
2023-09-27,708.0800170898438,710.030029296875,690.760009765625,690.760009765625,161657400,Energy_Index
2023-09-28,708.1599731445312,712.6799926757812,702.9600219726562,708.0800170898438,123023200,Energy_Index
2023-09-29,694.1900024414062,708.1599731445312,691.6500244140625,708.1599731445312,151538400,Energy_Index
2023-10-02,680.9500122070312,694.760009765625,675.8699951171875,694.1900024414062,146480700,Energy_Index
2023-10-03,680.7999877929688,681.6699829101562,674.0800170898438,680.9500122070312,138011600,Energy_Index
2023-10-04,657.9099731445312,680.7999877929688,652.4199829101562,680.7999877929688,182930900,Energy_Index
2023-10-05,654.0900268554688,660.1500244140625,650.8699951171875,657.9099731445312,149464200,Energy_Index
2023-10-06,656.7899780273438,662.9600219726562,645.9600219726562,654.0900268554688,170491600,Energy_Index
2023-10-09,680.010009765625,682.47998046875,656.7899780273438,656.7899780273438,174690900,Energy_Index
2023-10-10,679.8900146484375,684.6799926757812,676.510009765625,680.010009765625,122472900,Energy_Index
2023-10-11,670.719970703125,679.8900146484375,662.4099731445312,679.8900146484375,193434000,Energy_Index
2023-10-12,671.3099975585938,677.27001953125,668.1099853515625,670.719970703125,144912000,Energy_Index
2023-10-13,686.4400024414062,689.8499755859375,671.3099975585938,671.3099975585938,167185500,Energy_Index
2023-10-16,690.9400024414062,692.6799926757812,684.52001953125,686.4400024414062,124746200,Energy_Index
2023-10-17,697.7000122070312,699.8800048828125,690.1300048828125,690.9400024414062,137470200,Energy_Index
2023-10-18,704.2100219726562,707.0,697.7000122070312,697.7000122070312,144126900,Energy_Index
2023-10-19,703.3200073242188,708.8599853515625,695.3400268554688,704.2100219726562,145803000,Energy_Index
2023-10-20,691.0999755859375,704.1799926757812,689.1199951171875,703.3200073242188,154432000,Energy_Index
2023-10-23,679.9099731445312,691.0999755859375,676.719970703125,691.0999755859375,161132500,Energy_Index
2023-10-24,670.27001953125,681.7100219726562,670.1900024414062,679.9099731445312,154130200,Energy_Index
2023-10-25,669.2100219726562,674.280029296875,665.8099975585938,670.27001953125,140033300,Energy_Index
2023-10-26,663.8800048828125,669.2100219726562,657.47998046875,669.2100219726562,150124000,Energy_Index
2023-10-27,648.5800170898438,665.3800048828125,646.0900268554688,661.8599853515625,164466200,Energy_Index
2023-10-30,650.5599975585938,654.7999877929688,644.1199951171875,650.77001953125,150113600,Energy_Index
2023-10-31,652.010009765625,653.1799926757812,644.0,650.5499877929688,145722900,Energy_Index
2023-11-01,649.8499755859375,659.27001953125,649.510009765625,654.9099731445312,160961100,Energy_Index
2023-11-02,670.030029296875,670.739990234375,648.1900024414062,650.75,172620400,Energy_Index
2023-11-03,663.239990234375,670.47998046875,659.0599975585938,668.5900268554688,163450200,Energy_Index
2023-11-06,655.3200073242188,667.4199829101562,653.5,666.6500244140625,129284000,Energy_Index
2023-11-07,640.6799926757812,646.3800048828125,637.8300170898438,646.1699829101562,186809300,Energy_Index
2023-11-08,632.8699951171875,642.2999877929688,632.5800170898438,638.0,166262800,Energy_Index
2023-11-09,631.1400146484375,639.010009765625,630.8900146484375,635.1500244140625,140637200,Energy_Index
2023-11-10,637.8800048828125,639.3900146484375,632.0499877929688,636.7100219726562,137336500,Energy_Index
2023-11-13,642.3900146484375,643.5900268554688,637.0399780273438,638.5599975585938,113151600,Energy_Index
2023-11-14,645.8800048828125,647.9299926757812,642.3900146484375,643.5800170898438,133552000,Energy_Index
2023-11-15,643.7100219726562,652.0800170898438,643.0399780273438,644.0700073242188,144492700,Energy_Index
2023-11-16,630.1300048828125,638.3400268554688,623.5399780273438,636.8099975585938,175241900,Energy_Index
2023-11-17,643.5,647.5399780273438,634.3099975585938,635.5999755859375,161208500,Energy_Index
2023-11-20,644.25,649.8800048828125,644.0800170898438,646.1799926757812,118990300,Energy_Index
2023-11-21,642.9099731445312,643.9199829101562,636.8599853515625,641.8900146484375,107922400,Energy_Index
2023-11-22,642.2100219726562,642.9099731445312,626.4600219726562,630.0700073242188,123274600,Energy_Index
2023-11-24,645.0800170898438,649.8900146484375,642.4199829101562,642.4600219726562,58264800,Energy_Index
2023-11-27,642.52001953125,643.7000122070312,636.6300048828125,642.489990234375,123800500,Energy_Index
2023-11-28,642.8900146484375,648.6099853515625,641.75,644.4099731445312,118855100,Energy_Index
2023-11-29,637.2100219726562,646.8599853515625,635.1300048828125,645.9099731445312,156938500,Energy_Index
2023-11-30,641.280029296875,650.72998046875,633.989990234375,642.3699951171875,248589700,Energy_Index
2023-12-01,644.3599853515625,652.1099853515625,638.3499755859375,639.989990234375,134848800,Energy_Index
2023-12-04,641.4000244140625,645.3300170898438,636.9600219726562,640.969970703125,147390800,Energy_Index
2023-12-05,630.47998046875,641.8699951171875,629.8400268554688,641.5700073242188,141939900,Energy_Index
2023-12-06,620.1300048828125,630.280029296875,617.969970703125,626.3200073242188,200726700,Energy_Index
2023-12-07,616.3499755859375,626.5399780273438,614.4199829101562,623.739990234375,194394700,Energy_Index
2023-12-08,623.219970703125,624.719970703125,619.260009765625,620.0599975585938,145350400,Energy_Index
2023-12-11,623.989990234375,625.5399780273438,620.739990234375,623.25,154864700,Energy_Index
2023-12-12,615.5399780273438,618.8300170898438,612.0700073242188,617.6699829101562,181261500,Energy_Index
2023-12-13,623.22998046875,623.75,613.0900268554688,615.8300170898438,179020400,Energy_Index
2023-12-14,641.5800170898438,642.489990234375,628.3900146484375,628.3900146484375,222545000,Energy_Index
2023-12-15,638.2899780273438,639.2100219726562,632.97998046875,635.6699829101562,410420500,Energy_Index
2023-12-18,643.1699829101562,652.3599853515625,642.5499877929688,648.5,158845800,Energy_Index
2023-12-19,651.0399780273438,651.52001953125,643.1400146484375,644.6400146484375,143499400,Energy_Index
2023-12-20,644.739990234375,656.6300048828125,643.9500122070312,652.52001953125,149109200,Energy_Index
2023-12-21,647.260009765625,648.0499877929688,641.1199951171875,646.0399780273438,124055600,Energy_Index
2023-12-22,648.9099731445312,654.5999755859375,648.0800170898438,650.1599731445312,99121100,Energy_Index
2023-12-26,654.5700073242188,657.97998046875,652.6300048828125,654.0599975585938,92065900,Energy_Index
2023-12-27,651.1199951171875,656.5800170898438,649.2100219726562,653.3499755859375,92777400,Energy_Index
2023-12-28,641.5800170898438,650.6199951171875,641.4400024414062,647.989990234375,106170000,Energy_Index
2023-12-29,640.0499877929688,644.3699951171875,638.3300170898438,643.1099853515625,111488800,Energy_Index
2024-01-02,647.6699829101562,653.219970703125,642.4400024414062,642.4400024414062,137232100,Energy_Index
2024-01-03,657.5,659.9299926757812,645.0499877929688,647.5,143102900,Energy_Index
2024-01-04,646.8099975585938,664.8800048828125,646.02001953125,660.739990234375,153921000,Energy_Index
2024-01-05,647.22998046875,652.3400268554688,644.0800170898438,651.6699829101562,139722700,Energy_Index
2024-01-08,639.6900024414062,640.0399780273438,627.1900024414062,635.9199829101562,169332000,Energy_Index
2024-01-09,629.2899780273438,639.9400024414062,627.77001953125,639.9400024414062,159957800,Energy_Index
2024-01-10,622.9299926757812,629.1400146484375,620.510009765625,629.1400146484375,150625200,Energy_Index
2024-01-11,623.9299926757812,627.8900146484375,622.2000122070312,626.2000122070312,141998800,Energy_Index
2024-01-12,631.77001953125,636.5399780273438,627.8499755859375,634.5800170898438,151768400,Energy_Index
2024-01-16,616.5999755859375,630.8099975585938,616.1400146484375,630.0900268554688,168747100,Energy_Index
2024-01-17,611.4199829101562,617.3499755859375,608.7999877929688,609.4600219726562,151547200,Energy_Index
2024-01-18,610.0900268554688,612.010009765625,603.3499755859375,611.0800170898438,179578500,Energy_Index
2024-01-19,612.3300170898438,612.3300170898438,608.0499877929688,609.8900146484375,174090200,Energy_Index
2024-01-22,614.1199951171875,615.760009765625,607.0399780273438,610.719970703125,158278800,Energy_Index
2024-01-23,616.1900024414062,620.8699951171875,612.6699829101562,612.7899780273438,138119800,Energy_Index
2024-01-24,625.02001953125,625.0800170898438,616.2999877929688,618.5499877929688,168082800,Energy_Index
2024-01-25,638.969970703125,639.0900268554688,625.6500244140625,629.5700073242188,180828300,Energy_Index
2024-01-26,643.8499755859375,643.9099731445312,633.7100219726562,638.3099975585938,146608400,Energy_Index
2024-01-29,642.530029296875,643.3200073242188,636.1699829101562,642.97998046875,138787100,Energy_Index
2024-01-30,649.0399780273438,649.22998046875,633.8599853515625,637.9299926757812,209797800,Energy_Index
2024-01-31,636.72998046875,650.0800170898438,636.5999755859375,648.5700073242188,181485900,Energy_Index
2024-02-01,636.3200073242188,643.4500122070312,630.9600219726562,640.0399780273438,157980500,Energy_Index
2024-02-02,637.3499755859375,642.3400268554688,632.22998046875,641.1699829101562,162176500,Energy_Index
2024-02-05,635.8599853515625,639.5800170898438,628.989990234375,635.239990234375,148094900,Energy_Index
2024-02-06,637.9000244140625,643.8499755859375,635.2100219726562,637.010009765625,135529300,Energy_Index
2024-02-07,638.9500122070312,642.0999755859375,633.780029296875,638.969970703125,134133600,Energy_Index
2024-02-08,645.9000244140625,647.969970703125,638.4199829101562,638.760009765625,156863800,Energy_Index
2024-02-09,635.8099975585938,649.6199951171875,635.02001953125,646.0700073242188,130586400,Energy_Index
2024-02-12,642.489990234375,644.3599853515625,637.6500244140625,637.6500244140625,153160900,Energy_Index
2024-02-13,635.1300048828125,643.75,630.530029296875,642.3900146484375,154334800,Energy_Index
2024-02-14,634.030029296875,641.2000122070312,630.72998046875,636.9600219726562,161552700,Energy_Index
2024-02-15,649.739990234375,651.719970703125,632.1300048828125,632.1300048828125,193780400,Energy_Index
2024-02-16,649.5900268554688,654.4500122070312,647.6799926757812,651.3300170898438,156682300,Energy_Index
2024-02-20,643.4000244140625,650.3499755859375,642.6199951171875,649.5999755859375,158623900,Energy_Index
2024-02-21,655.3499755859375,656.0,645.3300170898438,645.3300170898438,170393300,Energy_Index
2024-02-22,656.1500244140625,659.260009765625,648.3099975585938,651.9199829101562,175858300,Energy_Index
2024-02-23,652.3499755859375,654.1599731445312,646.1099853515625,651.6699829101562,144144200,Energy_Index
2024-02-26,654.4500122070312,658.6599731445312,648.3499755859375,651.3200073242188,129733000,Energy_Index
2024-02-27,651.6300048828125,657.7100219726562,648.3900146484375,656.7000122070312,146307500,Energy_Index
2024-02-28,650.3300170898438,657.469970703125,648.0499877929688,651.6199951171875,135491000,Energy_Index
2024-02-29,653.1400146484375,655.6500244140625,650.1099853515625,651.8200073242188,170864000,Energy_Index
2024-03-01,660.8099975585938,663.989990234375,657.3599853515625,658.4400024414062,139781300,Energy_Index
2024-03-04,653.6500244140625,661.8599853515625,652.97998046875,660.739990234375,145994800,Energy_Index
2024-03-05,658.510009765625,662.7000122070312,652.1300048828125,652.989990234375,139343800,Energy_Index
2024-03-06,660.77001953125,667.5999755859375,659.3300170898438,662.8400268554688,155799700,Energy_Index
2024-03-07,665.9099731445312,669.75,660.9299926757812,661.02001953125,130479500,Energy_Index
2024-03-08,668.5,668.5800170898438,663.469970703125,664.75,116120900,Energy_Index
2024-03-11,675.1799926757812,675.510009765625,663.739990234375,667.280029296875,158108200,Energy_Index
2024-03-12,674.1099853515625,677.0599975585938,670.8499755859375,675.1500244140625,128481400,Energy_Index
2024-03-13,684.3499755859375,688.4000244140625,681.1699829101562,681.1699829101562,165313100,Energy_Index
2024-03-14,691.9000244140625,691.9600219726562,684.8499755859375,686.6900024414062,171066100,Energy_Index
2024-03-15,693.47998046875,698.6599731445312,690.0399780273438,690.0399780273438,342476000,Energy_Index
2024-03-18,696.4299926757812,698.7899780273438,690.8699951171875,696.9400024414062,128040100,Energy_Index
2024-03-19,703.9500122070312,704.5900268554688,695.7100219726562,696.4099731445312,138123000,Energy_Index
2024-03-20,703.3200073242188,705.5800170898438,699.27001953125,701.2999877929688,126814000,Energy_Index
2024-03-21,707.1199951171875,708.7000122070312,702.3499755859375,703.8099975585938,130787300,Energy_Index
2024-03-22,705.6699829101562,709.0399780273438,704.1199951171875,707.5800170898438,119419000,Energy_Index
2024-03-25,712.0800170898438,717.0900268554688,708.6500244140625,708.6500244140625,137761300,Energy_Index
2024-03-26,706.6900024414062,714.4299926757812,705.5900268554688,712.72998046875,126049200,Energy_Index
2024-03-27,713.3599853515625,713.6099853515625,704.4099731445312,705.1900024414062,115400500,Energy_Index
2024-03-28,721.239990234375,722.4500122070312,714.3300170898438,717.5,178630600,Energy_Index
2024-04-01,726.9500122070312,728.5800170898438,716.3900146484375,722.8900146484375,118850300,Energy_Index
2024-04-02,736.9000244140625,737.5,726.7899780273438,731.1400146484375,150043700,Energy_Index
2024-04-03,741.760009765625,742.7100219726562,737.1900024414062,739.4199829101562,146594000,Energy_Index
2024-04-04,741.3400268554688,745.3699951171875,738.6799926757812,743.3900146484375,136623300,Energy_Index
2024-04-05,749.3900146484375,752.469970703125,740.219970703125,744.4099731445312,137446800,Energy_Index
2024-04-08,744.6900024414062,751.8200073242188,743.5,749.260009765625,128832800,Energy_Index
2024-04-09,745.1099853515625,749.9099731445312,739.969970703125,746.4500122070312,116171900,Energy_Index
2024-04-10,747.9400024414062,750.239990234375,740.1199951171875,744.4600219726562,130473700,Energy_Index
2024-04-11,746.469970703125,750.4199829101562,736.6699829101562,750.4199829101562,124836300,Energy_Index
2024-04-12,734.9600219726562,756.5599975585938,731.5700073242188,751.7100219726562,156637900,Energy_Index
2024-04-15,728.3400268554688,741.6900024414062,727.1900024414062,738.8300170898438,129403100,Energy_Index
2024-04-16,722.02001953125,729.9600219726562,716.6599731445312,727.010009765625,142089100,Energy_Index
2024-04-17,719.5599975585938,727.22998046875,714.5399780273438,721.9099731445312,122062500,Energy_Index
2024-04-18,717.9500122070312,724.2899780273438,715.0900268554688,721.72998046875,132461800,Energy_Index
2024-04-19,725.989990234375,731.1400146484375,718.52001953125,719.9500122070312,157514300,Energy_Index
2024-04-22,730.6099853515625,735.8699951171875,717.0,724.27001953125,129376900,Energy_Index
2024-04-23,734.4500122070312,734.72998046875,724.22998046875,728.72998046875,122403100,Energy_Index
2024-04-24,735.2100219726562,736.22998046875,726.9500122070312,731.4299926757812,125834600,Energy_Index
2024-04-25,738.8499755859375,740.8599853515625,728.260009765625,736.1900024414062,131782300,Energy_Index
2024-04-26,731.3400268554688,734.22998046875,723.739990234375,731.3800048828125,128034600,Energy_Index
2024-04-29,736.22998046875,737.7999877929688,729.8200073242188,729.8200073242188,111560300,Energy_Index
2024-04-30,714.9500122070312,734.4600219726562,714.4400024414062,733.75,163294700,Energy_Index
2024-05-01,703.530029296875,715.7000122070312,699.6099853515625,712.9000244140625,174245800,Energy_Index
2024-05-02,707.1300048828125,711.9500122070312,703.8699951171875,707.0900268554688,166241500,Energy_Index
2024-05-03,706.7999877929688,707.7899780273438,698.1599731445312,707.7000122070312,154404800,Energy_Index
2024-05-06,712.5700073242188,719.8099975585938,709.5999755859375,710.1400146484375,144215800,Energy_Index
2024-05-07,711.5900268554688,716.989990234375,711.5599975585938,713.4299926757812,139603900,Energy_Index
2024-05-08,710.72998046875,714.3400268554688,706.7000122070312,707.9500122070312,118656600,Energy_Index
2024-05-09,720.4199829101562,720.6599731445312,711.4299926757812,711.4299926757812,103409400,Energy_Index
2024-05-10,716.4400024414062,723.6599731445312,714.5499877929688,721.3900146484375,102702000,Energy_Index
2024-05-13,714.8099975585938,720.5800170898438,711.52001953125,718.9500122070312,110392600,Energy_Index
2024-05-14,713.8499755859375,714.0499877929688,708.47998046875,711.8599853515625,109430300,Energy_Index
2024-05-15,714.9299926757812,716.6099853515625,701.8200073242188,712.969970703125,119521400,Energy_Index
2024-05-16,711.9400024414062,717.6799926757812,710.22998046875,712.77001953125,117659100,Energy_Index
2024-05-17,721.6599731445312,722.8300170898438,713.030029296875,714.8200073242188,106584100,Energy_Index
2024-05-20,717.030029296875,723.2000122070312,715.5,722.0499877929688,97620700,Energy_Index
2024-05-21,713.3800048828125,721.02001953125,713.0900268554688,715.6699829101562,92923600,Energy_Index
2024-05-22,700.3200073242188,710.7999877929688,697.0999755859375,710.6199951171875,122690800,Energy_Index
2024-05-23,693.1500244140625,705.719970703125,692.0499877929688,701.9500122070312,127140000,Energy_Index
2024-05-24,694.0700073242188,700.3499755859375,692.1199951171875,697.5,93904100,Energy_Index
2024-05-28,701.5499877929688,702.969970703125,694.6300048828125,695.8400268554688,121912500,Energy_Index
2024-05-29,689.2000122070312,700.5399780273438,685.9500122070312,700.5399780273438,184244200,Energy_Index
2024-05-30,690.8699951171875,693.1699829101562,687.969970703125,688.0999755859375,141470000,Energy_Index
2024-05-31,708.0399780273438,708.739990234375,691.52001953125,691.72998046875,256966400,Energy_Index
2024-06-03,689.6400146484375,707.5599975585938,684.969970703125,707.5,154618500,Energy_Index
2024-06-04,682.9400024414062,683.530029296875,673.969970703125,682.1599731445312,147727600,Energy_Index
2024-06-05,682.8800048828125,684.6099853515625,678.47998046875,683.0800170898438,120457600,Energy_Index
2024-06-06,686.6599731445312,686.6900024414062,678.010009765625,680.489990234375,113995300,Energy_Index
2024-06-07,683.4299926757812,691.5599975585938,680.4099731445312,684.9099731445312,111360600,Energy_Index
2024-06-10,688.3099975585938,692.4400024414062,683.4299926757812,685.0700073242188,129905300,Energy_Index
2024-06-11,686.6599731445312,687.4299926757812,679.0399780273438,684.6300048828125,99264500,Energy_Index
2024-06-12,679.1599731445312,692.27001953125,675.9500122070312,691.8499755859375,126008600,Energy_Index
2024-06-13,673.1400146484375,679.27001953125,669.9400024414062,677.6900024414062,119056500,Energy_Index
2024-06-14,667.5800170898438,672.4600219726562,665.219970703125,672.3400268554688,122057200,Energy_Index
2024-06-17,669.0700073242188,672.3200073242188,664.72998046875,667.239990234375,131016400,Energy_Index
2024-06-18,672.1799926757812,680.5399780273438,670.5599975585938,672.3300170898438,130289900,Energy_Index
2024-06-20,684.6500244140625,688.3300170898438,672.3699951171875,672.6699829101562,143485300,Energy_Index
2024-06-21,680.02001953125,688.5900268554688,679.8800048828125,686.760009765625,383909000,Energy_Index
2024-06-24,698.6099853515625,701.1699829101562,682.1500244140625,682.1500244140625,151003200,Energy_Index
2024-06-25,699.5999755859375,699.989990234375,694.1500244140625,697.5800170898438,123120500,Energy_Index
2024-06-26,693.5999755859375,699.8499755859375,690.02001953125,699.6900024414062,123380100,Energy_Index
2024-06-27,695.3200073242188,697.7899780273438,691.5900268554688,696.6199951171875,101388000,Energy_Index
2024-06-28,698.22998046875,703.5800170898438,695.760009765625,700.760009765625,228498800,Energy_Index
2024-07-01,698.3599853515625,705.97998046875,694.75,700.510009765625,98461400,Energy_Index
2024-07-02,696.9500122070312,704.239990234375,692.8800048828125,701.0999755859375,114869500,Energy_Index
2024-07-03,700.0399780273438,703.8499755859375,697.0,697.52001953125,70302400,Energy_Index
2024-07-05,689.3800048828125,699.1799926757812,686.5499877929688,699.1799926757812,112098100,Energy_Index
2024-07-08,685.3200073242188,691.3599853515625,682.3699951171875,685.1599731445312,98945300,Energy_Index
2024-07-09,678.8599853515625,686.7000122070312,676.3099975585938,681.0999755859375,104180600,Energy_Index
2024-07-10,683.77001953125,684.0900268554688,676.27001953125,677.4199829101562,92304900,Energy_Index
2024-07-11,690.97998046875,692.2999877929688,679.8499755859375,682.6500244140625,111600100,Energy_Index
2024-07-12,692.489990234375,695.7899780273438,687.7100219726562,694.8599853515625,104405500,Energy_Index
2024-07-15,703.280029296875,709.0700073242188,694.6400146484375,696.7000122070312,130349400,Energy_Index
2024-07-16,705.719970703125,706.8900146484375,696.3599853515625,699.3300170898438,120127400,Energy_Index
2024-07-17,713.3699951171875,717.7100219726562,709.1799926757812,709.1799926757812,141530700,Energy_Index
2024-07-18,715.75,724.0599975585938,710.6199951171875,713.969970703125,161535100,Energy_Index
2024-07-19,706.510009765625,718.6300048828125,704.760009765625,716.719970703125,216737200,Energy_Index
2024-07-22,701.4400024414062,705.530029296875,697.9199829101562,702.75,133628700,Energy_Index
2024-07-23,690.5599975585938,699.969970703125,689.4500122070312,699.469970703125,135631900,Energy_Index
2024-07-24,692.0999755859375,696.9099731445312,686.27001953125,692.6699829101562,138459500,Energy_Index
2024-07-25,702.2899780273438,705.9099731445312,689.1099853515625,691.9099731445312,137907800,Energy_Index
2024-07-26,704.7999877929688,708.2000122070312,699.1799926757812,702.0999755859375,108060900,Energy_Index
2024-07-29,698.6799926757812,705.6500244140625,692.5999755859375,705.6500244140625,110600500,Energy_Index
2024-07-30,709.4600219726562,711.5599975585938,699.6599731445312,699.6599731445312,128472100,Energy_Index
2024-07-31,712.4199829101562,718.8900146484375,712.1900024414062,717.9099731445312,128839700,Energy_Index
2024-08-01,694.1500244140625,714.3099975585938,690.5999755859375,710.1799926757812,161966400,Energy_Index
2024-08-02,678.469970703125,691.1799926757812,671.280029296875,688.7100219726562,192114600,Energy_Index
2024-08-05,664.780029296875,669.2899780273438,657.0800170898438,666.4600219726562,183775000,Energy_Index
2024-08-06,667.4600219726562,674.239990234375,663.1699829101562,665.4299926757812,152112500,Energy_Index
2024-08-07,670.5599975585938,682.1500244140625,670.1500244140625,673.6699829101562,145960100,Energy_Index
2024-08-08,684.4600219726562,685.3699951171875,672.22998046875,672.8400268554688,121856100,Energy_Index
2024-08-09,686.4000244140625,689.3200073242188,679.5800170898438,683.97998046875,113736400,Energy_Index
2024-08-12,689.760009765625,693.9400024414062,685.7899780273438,688.02001953125,108938900,Energy_Index
2024-08-13,682.75,684.75,679.9000244140625,684.4500122070312,128190500,Energy_Index
2024-08-14,687.280029296875,690.47998046875,681.77001953125,684.2000122070312,115479000,Energy_Index
2024-08-15,693.219970703125,695.5,688.4000244140625,689.010009765625,117684400,Energy_Index
2024-08-16,692.25,693.5800170898438,688.2000122070312,688.8599853515625,99493100,Energy_Index
2024-08-19,695.1300048828125,701.6799926757812,692.4299926757812,693.25,109594000,Energy_Index
2024-08-20,676.6799926757812,694.489990234375,676.0800170898438,694.489990234375,123296000,Energy_Index
2024-08-21,676.6199951171875,683.6400146484375,675.1799926757812,680.219970703125,109267800,Energy_Index
2024-08-22,678.760009765625,681.52001953125,675.9299926757812,676.77001953125,88765700,Energy_Index
2024-08-23,688.8099975585938,690.1699829101562,681.510009765625,682.1199951171875,92325500,Energy_Index
2024-08-26,696.47998046875,701.6599731445312,690.739990234375,695.7999877929688,103535700,Energy_Index
2024-08-27,690.02001953125,698.4299926757812,688.6900024414062,696.7100219726562,91396100,Energy_Index
2024-08-28,685.4099731445312,689.469970703125,682.3200073242188,687.1500244140625,90018000,Energy_Index
2024-08-29,694.02001953125,697.1900024414062,683.260009765625,689.0700073242188,98597000,Energy_Index
2024-08-30,695.8599853515625,696.52001953125,685.9500122070312,688.010009765625,149444200,Energy_Index
2024-09-03,679.1099853515625,684.9099731445312,674.52001953125,684.9099731445312,145103600,Energy_Index
2024-09-04,669.5,683.8499755859375,668.4000244140625,680.1199951171875,134760400,Energy_Index
2024-09-05,664.4199829101562,674.52001953125,663.6500244140625,674.52001953125,143843100,Energy_Index
2024-09-06,656.6699829101562,669.760009765625,653.8400268554688,665.3200073242188,138876100,Energy_Index
2024-09-09,661.72998046875,668.260009765625,657.4600219726562,657.4600219726562,145034500,Energy_Index
2024-09-10,649.02001953125,663.5,644.010009765625,662.9000244140625,145437900,Energy_Index
2024-09-11,643.010009765625,649.0399780273438,632.8599853515625,648.4299926757812,173098500,Energy_Index
2024-09-12,649.0700073242188,651.1799926757812,641.0900268554688,644.0700073242188,154825400,Energy_Index
2024-09-13,651.7899780273438,657.0499877929688,650.2000122070312,650.2000122070312,129112200,Energy_Index
2024-09-16,659.5900268554688,663.3800048828125,654.5999755859375,657.6099853515625,141020800,Energy_Index
2024-09-17,668.8800048828125,669.3499755859375,658.530029296875,659.9000244140625,133737700,Energy_Index
2024-09-18,670.5599975585938,678.280029296875,667.219970703125,668.6500244140625,120470400,Energy_Index
2024-09-19,678.739990234375,686.219970703125,674.8800048828125,680.8900146484375,146753400,Energy_Index
2024-09-20,676.5,678.4099731445312,670.02001953125,676.1900024414062,293141600,Energy_Index
2024-09-23,685.3499755859375,688.6699829101562,676.1400146484375,677.47998046875,141059600,Energy_Index
2024-09-24,683.3800048828125,692.3300170898438,682.7100219726562,690.8900146484375,124257400,Energy_Index
2024-09-25,670.4099731445312,683.7100219726562,668.8599853515625,681.3800048828125,143543600,Energy_Index
2024-09-26,657.030029296875,665.0900268554688,655.1799926757812,657.969970703125,217216000,Energy_Index
2024-09-27,670.9199829101562,672.1400146484375,660.530029296875,661.2899780273438,156766400,Energy_Index
2024-09-30,676.469970703125,677.1799926757812,666.3599853515625,669.9199829101562,149315000,Energy_Index
2024-10-01,691.5900268554688,694.7100219726562,669.5900268554688,670.6699829101562,201341300,Energy_Index
2024-10-02,699.3400268554688,703.9400024414062,691.510009765625,701.22998046875,161258100,Energy_Index
2024-10-03,710.4000244140625,711.1099853515625,696.489990234375,701.1900024414062,169408700,Energy_Index
2024-10-04,717.97998046875,719.8599853515625,709.97998046875,716.010009765625,147282400,Energy_Index
2024-10-07,720.5,725.5499877929688,718.4400024414062,719.739990234375,130251300,Energy_Index
2024-10-08,701.530029296875,711.7000122070312,698.1500244140625,711.5499877929688,144916700,Energy_Index
2024-10-09,705.0499877929688,707.260009765625,695.1500244140625,697.02001953125,97527500,Energy_Index
2024-10-10,710.6500244140625,714.1099853515625,704.760009765625,709.4500122070312,103544300,Energy_Index
2024-10-11,714.0800170898438,716.8400268554688,708.969970703125,708.969970703125,117191500,Energy_Index
2024-10-14,713.4000244140625,715.219970703125,708.3800048828125,709.5499877929688,99016400,Energy_Index
2024-10-15,691.7000122070312,699.9199829101562,691.1400146484375,696.8900146484375,147112800,Energy_Index
2024-10-16,694.6799926757812,697.0800170898438,693.0700073242188,695.3400268554688,105476500,Energy_Index
2024-10-17,697.72998046875,699.8300170898438,693.510009765625,695.489990234375,147038800,Energy_Index
2024-10-18,695.260009765625,698.1099853515625,690.27001953125,698.1099853515625,130538300,Energy_Index
2024-10-21,693.77001953125,701.7000122070312,692.0499877929688,700.8400268554688,107300500,Energy_Index
2024-10-22,695.1599731445312,698.1400146484375,692.530029296875,696.8800048828125,94861100,Energy_Index
2024-10-23,691.8300170898438,695.5900268554688,687.6300048828125,692.5599975585938,113841500,Energy_Index
2024-10-24,690.489990234375,694.4400024414062,686.8599853515625,692.5800170898438,111925100,Energy_Index
2024-10-25,690.9099731445312,696.1400146484375,688.989990234375,693.8200073242188,130940300,Energy_Index
2024-10-28,686.4099731445312,686.8699951171875,675.969970703125,676.260009765625,124860900,Energy_Index
2024-10-29,676.530029296875,685.8800048828125,674.9199829101562,684.8800048828125,123908800,Energy_Index
2024-10-30,676.780029296875,682.5900268554688,675.7999877929688,677.9500122070312,127693900,Energy_Index
2024-10-31,681.25,686.6199951171875,679.469970703125,681.25,159890600,Energy_Index
2024-11-01,676.2000122070312,693.02001953125,675.219970703125,691.3300170898438,155690200,Energy_Index
2024-11-04,688.8699951171875,690.010009765625,680.530029296875,680.6300048828125,131393000,Energy_Index
2024-11-05,692.7899780273438,694.6900024414062,688.6699829101562,692.1699829101562,140648200,Energy_Index
2024-11-06,717.2899780273438,722.27001953125,706.1400146484375,712.2999877929688,236451700,Energy_Index
2024-11-07,714.7000122070312,716.510009765625,708.719970703125,715.9400024414062,166243400,Energy_Index
2024-11-08,717.8699951171875,719.1500244140625,710.6300048828125,713.3400268554688,148455700,Energy_Index
2024-11-11,720.7899780273438,723.8200073242188,714.6400146484375,718.1699829101562,135385900,Energy_Index
2024-11-12,717.4600219726562,725.0800170898438,716.5399780273438,722.1300048828125,134590200,Energy_Index
2024-11-13,723.469970703125,726.1799926757812,710.77001953125,719.3900146484375,155368400,Energy_Index
2024-11-14,724.489990234375,726.6400146484375,720.0999755859375,725.25,127856500,Energy_Index
2024-11-15,722.0399780273438,729.8400268554688,720.2000122070312,723.1699829101562,139028200,Energy_Index
2024-11-18,729.6400146484375,731.2999877929688,723.030029296875,725.7899780273438,131391000,Energy_Index
2024-11-19,724.72998046875,729.02001953125,722.1500244140625,724.7999877929688,121364200,Energy_Index
2024-11-20,731.9500122070312,732.3599853515625,724.72998046875,726.469970703125,128743400,Energy_Index
2024-11-21,737.989990234375,743.1099853515625,733.22998046875,735.9500122070312,173580200,Energy_Index
2024-11-22,738.8300170898438,743.9299926757812,736.5499877929688,737.52001953125,130641500,Energy_Index
2024-11-25,723.9500122070312,742.0700073242188,722.5900268554688,739.5399780273438,241091700,Energy_Index
2024-11-26,722.2899780273438,726.3599853515625,719.530029296875,726.3599853515625,138737400,Energy_Index
2024-11-27,721.5999755859375,727.7000122070312,720.739990234375,722.3599853515625,98523500,Energy_Index
2024-11-29,724.0599975585938,725.8800048828125,722.1099853515625,722.8599853515625,62716700,Energy_Index
2024-12-02,717.8699951171875,725.3800048828125,711.6900024414062,724.3800048828125,114979400,Energy_Index
2024-12-03,717.489990234375,723.3200073242188,714.6300048828125,720.5999755859375,105087600,Energy_Index
2024-12-04,699.77001953125,716.1500244140625,695.8800048828125,716.1500244140625,139553800,Energy_Index
2024-12-05,702.1300048828125,707.0700073242188,699.3499755859375,702.8300170898438,128327400,Energy_Index
2024-12-06,691.1300048828125,700.969970703125,689.72998046875,700.969970703125,153179100,Energy_Index
2024-12-09,689.739990234375,700.239990234375,689.010009765625,696.25,144340600,Energy_Index
2024-12-10,685.4299926757812,694.4600219726562,684.489990234375,693.6799926757812,137187900,Energy_Index
2024-12-11,685.5800170898438,687.9099731445312,682.530029296875,685.47998046875,167734500,Energy_Index
2024-12-12,680.989990234375,685.27001953125,679.52001953125,684.1900024414062,119596000,Energy_Index
2024-12-13,676.6799926757812,680.9099731445312,674.5800170898438,680.9099731445312,110210900,Energy_Index
2024-12-16,661.8800048828125,675.1199951171875,661.1300048828125,675.1199951171875,158804600,Energy_Index
2024-12-17,656.8300170898438,658.1199951171875,650.780029296875,655.4400024414062,178572600,Energy_Index
2024-12-18,639.6599731445312,658.260009765625,639.3800048828125,654.5800170898438,170113600,Energy_Index
2024-12-19,633.3499755859375,646.8400268554688,632.5,645.7899780273438,193892700,Energy_Index
2024-12-20,638.9199829101562,640.5800170898438,631.6599731445312,632.5599975585938,390464000,Energy_Index
2024-12-23,642.8400268554688,644.3300170898438,633.6300048828125,637.52001953125,138405100,Energy_Index
2024-12-24,647.3900146484375,648.5700073242188,639.8800048828125,644.0599975585938,59577800,Energy_Index
2024-12-26,646.719970703125,647.9500122070312,643.3800048828125,647.4000244140625,86465400,Energy_Index
2024-12-27,646.6699829101562,653.7999877929688,643.780029296875,644.5800170898438,97506200,Energy_Index
2024-12-30,646.1199951171875,649.5900268554688,641.3300170898438,647.0399780273438,121216000,Energy_Index
2024-12-31,654.8499755859375,656.7100219726562,646.7100219726562,646.9299926757812,110438100,Energy_Index
2025-01-02,661.6599731445312,666.97998046875,657.5800170898438,660.6400146484375,126663700,Energy_Index
2025-01-03,667.5999755859375,670.02001953125,663.1300048828125,665.1699829101562,119225300,Energy_Index
2025-01-06,664.8800048828125,676.2899780273438,663.1900024414062,670.219970703125,129176200,Energy_Index
2025-01-07,671.9600219726562,676.6699829101562,666.030029296875,666.8499755859375,120933000,Energy_Index
2025-01-08,671.2999877929688,671.6900024414062,665.3099975585938,665.510009765625,131471900,Energy_Index
2025-01-10,673.5999755859375,688.0800170898438,670.1599731445312,678.1900024414062,167386400,Energy_Index
2025-01-13,688.75,691.2100219726562,676.6500244140625,676.6500244140625,174749500,Energy_Index
2025-01-14,695.22998046875,695.2899780273438,685.219970703125,687.5599975585938,130292700,Energy_Index
2025-01-15,704.9199829101562,706.7000122070312,696.5599975585938,699.0,143915700,Energy_Index
2025-01-16,709.3200073242188,710.1900024414062,702.4099731445312,702.4099731445312,134417700,Energy_Index
2025-01-17,714.9500122070312,717.1900024414062,707.239990234375,708.47998046875,177808200,Energy_Index
2025-01-21,710.3800048828125,714.739990234375,707.3099975585938,713.2000122070312,191087400,Energy_Index
2025-01-22,697.9500122070312,709.530029296875,697.6099853515625,709.530029296875,163857500,Energy_Index
2025-01-23,701.0700073242188,706.0,696.5399780273438,702.9400024414062,151838900,Energy_Index
2025-01-24,694.22998046875,704.77001953125,693.3300170898438,701.9099731445312,139653000,Energy_Index
2025-01-27,689.1099853515625,694.1799926757812,684.25,691.8599853515625,202675400,Energy_Index
2025-01-28,681.9500122070312,693.4000244140625,678.6799926757812,690.4000244140625,149241300,Energy_Index
2025-01-29,683.1699829101562,686.3400268554688,679.1500244140625,681.0800170898438,123394300,Energy_Index
2025-01-30,686.760009765625,690.219970703125,682.8099975585938,688.9000244140625,137031000,Energy_Index
2025-01-31,667.9500122070312,687.0700073242188,665.77001953125,685.5399780273438,198790000,Energy_Index
2025-02-03,670.72998046875,673.4600219726562,660.4400024414062,666.5700073242188,152606700,Energy_Index
2025-02-04,685.3300170898438,686.7100219726562,667.0599975585938,669.0399780273438,138118900,Energy_Index
2025-02-05,686.0700073242188,687.219970703125,681.1799926757812,685.260009765625,122109000,Energy_Index
2025-02-06,674.7899780273438,691.2999877929688,670.969970703125,690.0,139936500,Energy_Index
2025-02-07,674.5900268554688,680.6500244140625,673.8499755859375,675.9199829101562,115363200,Energy_Index
2025-02-10,689.1300048828125,689.9500122070312,679.9000244140625,679.9000244140625,131705400,Energy_Index
2025-02-11,694.3499755859375,699.2899780273438,688.3099975585938,691.02001953125,140189400,Energy_Index
2025-02-12,675.6599731445312,691.5800170898438,674.8099975585938,690.6799926757812,143426500,Energy_Index
2025-02-13,680.8599853515625,682.1799926757812,670.7000122070312,674.0700073242188,138381100,Energy_Index
2025-02-14,681.760009765625,691.52001953125,681.5700073242188,682.6900024414062,130522600,Energy_Index
2025-02-18,691.0800170898438,695.5999755859375,681.3599853515625,683.9099731445312,155755500,Energy_Index
2025-02-19,695.9099731445312,702.780029296875,693.8900146484375,694.27001953125,166213900,Energy_Index
2025-02-20,702.6799926757812,704.1799926757812,692.0999755859375,695.2000122070312,135970300,Energy_Index
2025-02-21,688.969970703125,700.4000244140625,688.6599731445312,699.22998046875,169506400,Energy_Index
2025-02-24,689.7000122070312,693.030029296875,685.8599853515625,690.02001953125,153640100,Energy_Index
2025-02-25,679.5399780273438,692.4199829101562,674.1400146484375,689.6400146484375,158263400,Energy_Index
2025-02-26,676.22998046875,682.0,672.9199829101562,680.1400146484375,128132200,Energy_Index
2025-02-27,679.489990234375,687.5,675.1500244140625,678.5800170898438,154071900,Energy_Index
2025-02-28,689.8800048828125,690.3800048828125,673.5399780273438,677.7899780273438,212725100,Energy_Index
2025-03-03,665.6500244140625,695.719970703125,659.4299926757812,693.4000244140625,203401900,Energy_Index
2025-03-04,659.9199829101562,670.0599975585938,648.469970703125,656.7100219726562,205851500,Energy_Index
2025-03-05,649.9500122070312,652.989990234375,637.3200073242188,651.1400146484375,198124900,Energy_Index
2025-03-06,653.219970703125,656.530029296875,641.9500122070312,647.010009765625,156651800,Energy_Index
2025-03-07,663.9500122070312,668.7100219726562,655.9199829101562,655.9199829101562,174191800,Energy_Index
2025-03-10,670.1799926757812,678.72998046875,662.9600219726562,666.3900146484375,188131100,Energy_Index
2025-03-11,663.739990234375,674.3499755859375,660.5,671.8800048828125,174124400,Energy_Index
2025-03-12,666.6500244140625,672.260009765625,661.469970703125,664.010009765625,133060700,Energy_Index
2025-03-13,662.3900146484375,673.280029296875,657.989990234375,663.5999755859375,146616500,Energy_Index
2025-03-14,681.0,682.1099853515625,662.260009765625,665.8200073242188,130608300,Energy_Index
2025-03-17,691.6199951171875,695.0499877929688,680.9099731445312,680.9099731445312,139756700,Energy_Index
2025-03-18,693.1699829101562,696.5900268554688,687.489990234375,695.0999755859375,135882100,Energy_Index
2025-03-19,704.1900024414062,707.1400146484375,694.3200073242188,694.739990234375,153794000,Energy_Index
2025-03-20,707.1099853515625,709.2100219726562,697.780029296875,700.0,146503300,Energy_Index
2025-03-21,702.72998046875,706.25,697.9400024414062,705.0599975585938,431574100,Energy_Index
2025-03-24,709.7899780273438,713.969970703125,704.469970703125,704.469970703125,146496600,Energy_Index
2025-03-25,713.0999755859375,718.72998046875,710.6500244140625,713.1099853515625,132016300,Energy_Index
2025-03-26,717.3800048828125,725.1300048828125,715.9400024414062,720.0399780273438,140048000,Energy_Index
2025-03-27,711.280029296875,718.4400024414062,708.3599853515625,716.280029296875,128607900,Energy_Index
2025-03-28,708.1500244140625,713.3300170898438,704.7100219726562,710.3499755859375,102375600,Energy_Index
2025-03-31,715.75,720.1099853515625,706.8900146484375,706.8900146484375,151165100,Energy_Index
2025-04-01,719.9099731445312,720.4099731445312,708.739990234375,715.239990234375,114553800,Energy_Index
2025-04-02,720.3900146484375,721.030029296875,712.260009765625,714.1300048828125,119009900,Energy_Index
2025-04-03,666.280029296875,692.030029296875,665.6400146484375,687.0800170898438,276671000,Energy_Index
2025-04-04,608.3200073242188,648.9600219726562,605.7000122070312,645.510009765625,402095800,Energy_Index
2025-04-07,602.5999755859375,625.4400024414062,576.8099975585938,587.719970703125,317360600,Energy_Index
2025-04-08,587.6500244140625,622.1699829101562,578.3699951171875,619.25,266714400,Energy_Index
2025-04-09,631.530029296875,637.4400024414062,573.219970703125,577.9400024414062,362774700,Energy_Index
2025-04-10,591.1400146484375,615.510009765625,579.3699951171875,615.2899780273438,288921300,Energy_Index
2025-04-11,605.9299926757812,610.02001953125,581.8900146484375,593.0,205139300,Energy_Index
2025-04-14,607.4500122070312,619.0,601.8099975585938,618.3699951171875,149768200,Energy_Index
2025-04-15,606.6799926757812,617.8900146484375,606.260009765625,607.5900268554688,132085700,Energy_Index
2025-04-16,611.510009765625,621.3699951171875,608.6500244140625,609.1099853515625,141312300,Energy_Index
2025-04-17,625.4199829101562,634.97998046875,617.0999755859375,617.0999755859375,169763700,Energy_Index
2025-04-21,609.6599731445312,617.0599975585938,603.010009765625,616.0700073242188,145414100,Energy_Index
2025-04-22,625.6599731445312,629.77001953125,615.3400268554688,617.5,168964700,Energy_Index
2025-04-23,623.969970703125,635.0700073242188,620.1799926757812,630.75,189750300,Energy_Index
2025-04-24,633.1300048828125,635.0499877929688,624.1400146484375,627.3200073242188,139981700,Energy_Index
2025-04-25,632.4099731445312,632.8499755859375,625.6799926757812,628.1900024414062,125481100,Energy_Index
2025-04-28,636.3900146484375,638.1699829101562,630.7000122070312,632.010009765625,122005000,Energy_Index
2025-04-29,634.0499877929688,636.97998046875,628.6599731445312,631.8499755859375,118857800,Energy_Index
2025-04-30,617.469970703125,625.6199951171875,609.9000244140625,625.5800170898438,192124700,Energy_Index
2025-05-01,619.760009765625,627.5399780273438,613.8400268554688,613.8400268554688,175435100,Energy_Index
2025-05-02,628.280029296875,631.780029296875,615.719970703125,628.719970703125,150455600,Energy_Index
2025-05-05,615.5800170898438,620.030029296875,612.7899780273438,619.8099975585938,185360600,Energy_Index
2025-05-06,616.1799926757812,621.780029296875,612.8900146484375,616.8800048828125,196953100,Energy_Index
2025-05-07,616.6599731445312,619.7100219726562,612.3200073242188,617.4500122070312,166483000,Energy_Index
2025-05-08,624.4099731445312,632.9199829101562,621.5499877929688,621.5499877929688,213399500,Energy_Index
2025-05-09,630.9400024414062,633.6199951171875,625.9000244140625,631.02001953125,124865300,Energy_Index
2025-05-12,646.5499877929688,656.3300170898438,642.0800170898438,653.25,172071900,Energy_Index
2025-05-13,655.1099853515625,660.3300170898438,647.4600219726562,649.7100219726562,154253100,Energy_Index
2025-05-14,651.239990234375,653.3499755859375,648.4600219726562,650.5,128097800,Energy_Index
2025-05-15,652.010009765625,652.47998046875,639.3499755859375,640.97998046875,151266500,Energy_Index
2025-05-16,650.8099975585938,653.8400268554688,644.6199951171875,653.8099975585938,131144400,Energy_Index
2025-05-19,640.739990234375,644.0399780273438,635.97998046875,644.0399780273438,119249300,Energy_Index
2025-05-20,634.3900146484375,641.0900268554688,633.75,640.469970703125,120200900,Energy_Index
2025-05-21,623.0,631.780029296875,622.9400024414062,631.77001953125,151054700,Energy_Index
2025-05-22,620.239990234375,623.6699829101562,612.8599853515625,619.530029296875,131871000,Energy_Index
2025-05-23,622.0,623.6799926757812,614.8599853515625,615.739990234375,116536100,Energy_Index
2025-05-27,627.239990234375,628.1099853515625,621.97998046875,625.989990234375,154576800,Energy_Index
2025-05-28,619.4099731445312,631.6900024414062,617.760009765625,629.7999877929688,133101100,Energy_Index
2025-05-29,623.5700073242188,623.9199829101562,616.6500244140625,620.3599853515625,130387700,Energy_Index
2025-05-30,619.3400268554688,621.5399780273438,613.719970703125,620.7899780273438,254453200,Energy_Index
2025-06-02,626.4600219726562,630.510009765625,620.0399780273438,629.5399780273438,161257500,Energy_Index
2025-06-03,633.4199829101562,637.5599975585938,621.0399780273438,626.1300048828125,154526500,Energy_Index
2025-06-04,621.4600219726562,638.219970703125,620.7999877929688,632.5399780273438,152816500,Energy_Index
2025-06-05,620.4500122070312,625.6699829101562,619.3200073242188,625.4500122070312,118037400,Energy_Index
2025-06-06,632.77001953125,634.22998046875,624.8900146484375,624.8900146484375,117091500,Energy_Index
2025-06-09,634.1900024414062,640.52001953125,630.260009765625,634.97998046875,143812100,Energy_Index
2025-06-10,645.4099731445312,649.530029296875,638.1500244140625,638.1500244140625,162035700,Energy_Index
2025-06-11,655.010009765625,655.7999877929688,643.8200073242188,649.0800170898438,161281800,Energy_Index
2025-06-12,657.6699829101562,658.0399780273438,648.2899780273438,652.1699829101562,127506400,Energy_Index
2025-06-13,669.0,672.2100219726562,660.6900024414062,668.7999877929688,228999800,Energy_Index
2025-06-16,667.030029296875,673.5800170898438,662.0499877929688,666.3800048828125,194696200,Energy_Index
2025-06-17,673.9000244140625,678.77001953125,668.989990234375,672.3200073242188,183265700,Energy_Index
2025-06-18,669.3300170898438,679.0800170898438,668.0399780273438,675.1799926757812,169776200,Energy_Index
2025-06-20,676.3499755859375,678.22998046875,670.4199829101562,670.7999877929688,314313900,Energy_Index
2025-06-23,659.3699951171875,685.1099853515625,656.75,685.0800170898438,238428600,Energy_Index
2025-06-24,649.3900146484375,657.0999755859375,647.1599731445312,649.0599975585938,199428300,Energy_Index
2025-06-25,646.5700073242188,651.469970703125,645.1900024414062,648.530029296875,148995500,Energy_Index
2025-06-26,656.2899780273438,657.780029296875,647.5499877929688,648.3499755859375,148532700,Energy_Index
2025-06-27,653.0,655.5800170898438,649.1699829101562,655.3699951171875,227693200,Energy_Index
2025-06-30,648.6799926757812,652.739990234375,647.2899780273438,649.2999877929688,146483800,Energy_Index
2025-07-01,653.8800048828125,656.8599853515625,643.8400268554688,649.0700073242188,183305000,Energy_Index
2025-07-02,664.989990234375,666.2000122070312,652.260009765625,659.8099975585938,153175900,Energy_Index
2025-07-03,666.6400146484375,668.2899780273438,663.25,663.9000244140625,77866800,Energy_Index
2025-07-07,659.989990234375,665.8099975585938,653.4500122070312,662.469970703125,136380200,Energy_Index
2025-07-08,677.9500122070312,680.219970703125,659.510009765625,659.9199829101562,198959300,Energy_Index
2025-07-09,674.5700073242188,678.4400024414062,672.5999755859375,677.0499877929688,136139000,Energy_Index
2025-07-10,679.9099731445312,680.280029296875,668.72998046875,672.8800048828125,135529900,Energy_Index
2025-07-11,683.1900024414062,685.27001953125,677.0700073242188,678.6500244140625,131551900,Energy_Index
2025-07-14,674.989990234375,680.75,671.77001953125,680.75,148183400,Energy_Index
2025-07-15,665.9099731445312,676.4099731445312,665.1300048828125,674.489990234375,162058200,Energy_Index
2025-07-16,660.3300170898438,668.5,658.3200073242188,665.989990234375,160135300,Energy_Index
2025-07-17,663.1400146484375,664.5800170898438,655.4600219726562,656.9299926757812,203537100,Energy_Index
2025-07-18,656.7999877929688,670.489990234375,653.739990234375,667.9299926757812,238898300,Energy_Index
2025-07-21,650.47998046875,657.8499755859375,649.3800048828125,657.219970703125,177232400,Energy_Index
2025-07-22,653.8800048828125,657.3400268554688,649.4000244140625,649.75,184123100,Energy_Index
2025-07-23,663.9199829101562,664.1099853515625,654.9199829101562,656.530029296875,191048900,Energy_Index
2025-07-24,668.6500244140625,669.5599975585938,659.510009765625,661.2100219726562,176941000,Energy_Index
2025-07-25,665.989990234375,670.2100219726562,662.8599853515625,668.9000244140625,121083600,Energy_Index
2025-07-28,673.6699829101562,674.7999877929688,669.77001953125,669.8099975585938,135145100,Energy_Index
2025-07-29,680.1099853515625,680.6199951171875,672.6599731445312,674.6099853515625,157647700,Energy_Index
2025-07-30,670.9299926757812,676.5800170898438,667.0399780273438,676.1799926757812,170472800,Energy_Index
2025-07-31,666.9099731445312,674.52001953125,664.8099975585938,664.8099975585938,155051200,Energy_Index
2025-08-01,655.0800170898438,667.0399780273438,651.52001953125,664.6900024414062,168856900,Energy_Index
2025-08-04,652.2100219726562,658.27001953125,649.0599975585938,653.739990234375,156970200,Energy_Index
2025-08-05,652.9500122070312,653.5700073242188,644.1199951171875,651.9600219726562,165066100,Energy_Index
2025-08-06,646.989990234375,660.8499755859375,645.4099731445312,658.6199951171875,184474500,Energy_Index
2025-08-07,644.489990234375,657.7999877929688,643.8400268554688,650.719970703125,164197000,Energy_Index
2025-08-08,648.6599731445312,654.4600219726562,644.6300048828125,648.4400024414062,136996400,Energy_Index
2025-08-11,643.530029296875,652.9000244140625,642.8400268554688,650.510009765625,121936300,Energy_Index
2025-08-12,646.6799926757812,652.489990234375,643.3900146484375,646.0,125304400,Energy_Index
2025-08-13,654.4400024414062,654.4400024414062,645.1099853515625,646.3400268554688,132435700,Energy_Index
2025-08-14,653.2999877929688,654.2100219726562,646.7999877929688,652.5800170898438,130163300,Energy_Index
2025-08-15,651.6400146484375,659.0,649.6900024414062,652.2100219726562,143307200,Energy_Index
2025-08-18,647.9000244140625,650.969970703125,644.239990234375,648.0599975585938,117440200,Energy_Index
2025-08-19,646.6900024414062,650.0599975585938,643.1099853515625,644.0399780273438,114914500,Energy_Index
2025-08-20,652.219970703125,654.7999877929688,647.5999755859375,647.97998046875,126045000,Energy_Index
2025-08-21,656.8400268554688,657.9500122070312,649.260009765625,650.9600219726562,106611800,Energy_Index
2025-08-22,669.9400024414062,671.219970703125,658.0900268554688,658.0900268554688,133142200,Energy_Index
2025-08-25,671.7100219726562,672.4400024414062,666.0399780273438,667.72998046875,104717200,Energy_Index
2025-08-26,670.3400268554688,671.1099853515625,664.3400268554688,669.0399780273438,161404700,Energy_Index
2025-08-27,678.0599975585938,680.1300048828125,669.2899780273438,669.2899780273438,124783300,Energy_Index
2025-08-28,682.7000122070312,683.8300170898438,673.9299926757812,678.5599975585938,123602900,Energy_Index
2025-08-29,686.3900146484375,688.510009765625,682.72998046875,683.9000244140625,109774500,Energy_Index
2025-09-02,687.989990234375,688.9099731445312,680.0,684.8099975585938,140188100,Energy_Index
2025-09-03,672.1500244140625,687.5599975585938,669.8900146484375,683.3699951171875,133642300,Energy_Index
2025-09-04,676.1599731445312,679.2999877929688,669.4600219726562,672.4400024414062,118379800,Energy_Index
2025-09-05,662.25,672.3300170898438,659.52001953125,668.8800048828125,141797500,Energy_Index
2025-09-08,661.280029296875,667.1699829101562,655.3900146484375,664.2100219726562,147273900,Energy_Index
2025-09-09,664.8400268554688,673.9400024414062,664.3699951171875,664.6799926757812,116221700,Energy_Index
2025-09-10,676.5700073242188,676.6900024414062,665.1400146484375,666.5900268554688,135586200,Energy_Index
2025-09-11,676.3300170898438,677.9500122070312,669.02001953125,671.4199829101562,109973800,Energy_Index
2025-09-12,672.4000244140625,681.760009765625,672.4000244140625,679.25,99234200,Energy_Index
2025-09-15,670.3699951171875,675.1099853515625,668.9299926757812,672.6300048828125,112337300,Energy_Index
2025-09-16,681.97998046875,684.2100219726562,673.77001953125,674.1400146484375,162188800,Energy_Index
2025-09-17,683.8699951171875,687.8900146484375,678.0800170898438,679.9600219726562,135114000,Energy_Index
2025-09-18,680.9199829101562,685.1900024414062,676.4099731445312,685.0900268554688,132801100,Energy_Index
2025-09-19,672.219970703125,680.5800170898438,670.2000122070312,680.5800170898438,321971700,Energy_Index
2025-09-22,670.989990234375,674.3200073242188,667.4600219726562,669.5599975585938,140246400,Energy_Index
2025-09-23,682.489990234375,689.530029296875,674.75,674.7999877929688,194847800,Energy_Index
2025-09-24,690.8800048828125,697.219970703125,686.75,686.75,163221000,Energy_Index
2025-09-25,696.8599853515625,697.6300048828125,689.1199951171875,691.030029296875,149474900,Energy_Index
2025-09-26,703.6400146484375,710.52001953125,698.1400146484375,698.469970703125,163017900,Energy_Index
2025-09-29,690.22998046875,699.1400146484375,686.719970703125,698.8200073242188,169011100,Energy_Index
2025-09-30,682.8200073242188,685.2899780273438,677.6799926757812,684.1699829101562,182506800,Energy_Index
2025-10-01,682.5499877929688,684.6199951171875,678.489990234375,680.6400146484375,145230900,Energy_Index
2025-10-02,675.5599975585938,687.1599731445312,675.1699829101562,681.3800048828125,186264800,Energy_Index
2025-10-03,680.0999755859375,683.8099975585938,678.6500244140625,678.6799926757812,135376700,Energy_Index
2025-10-06,683.6199951171875,687.3699951171875,680.5599975585938,682.5800170898438,128136400,Energy_Index
2025-10-07,684.5999755859375,685.02001953125,672.469970703125,682.5900268554688,131850900,Energy_Index
2025-10-08,680.6699829101562,683.739990234375,676.0800170898438,683.739990234375,140247700,Energy_Index
2025-10-09,671.8300170898438,687.9500122070312,671.1699829101562,683.5900268554688,138511200,Energy_Index
2025-10-10,653.02001953125,670.2899780273438,653.02001953125,667.219970703125,156846800,Energy_Index
2025-10-13,662.3099975585938,662.8300170898438,656.2899780273438,659.1099853515625,127367700,Energy_Index
2025-10-14,661.8599853515625,665.8200073242188,652.3900146484375,652.6400146484375,129910700,Energy_Index
2025-10-15,661.2999877929688,669.9099731445312,656.6500244140625,664.9000244140625,140818900,Energy_Index
2025-10-16,653.9000244140625,663.8099975585938,649.760009765625,663.0,167757300,Energy_Index
2025-10-17,659.1400146484375,660.8099975585938,653.9000244140625,653.9000244140625,174859100,Energy_Index
2025-10-20,665.5599975585938,667.1599731445312,661.010009765625,661.6099853515625,139746200,Energy_Index
2025-10-21,664.2000122070312,668.7000122070312,661.010009765625,666.8599853515625,155755900,Energy_Index
2025-10-22,672.9500122070312,675.7100219726562,664.02001953125,667.4199829101562,164574700,Energy_Index
2025-10-23,681.6400146484375,685.9500122070312,677.5599975585938,685.239990234375,198006400,Energy_Index
2025-10-24,674.760009765625,684.510009765625,674.47998046875,683.02001953125,144544700,Energy_Index
2025-10-27,676.77001953125,678.75,673.75,677.5599975585938,135068600,Energy_Index
2025-10-28,669.6799926757812,676.4199829101562,669.4299926757812,674.1599731445312,132610300,Energy_Index
2025-10-29,675.0399780273438,678.4000244140625,669.489990234375,669.6400146484375,152269600,Energy_Index
2025-10-30,670.4199829101562,679.1500244140625,669.989990234375,674.219970703125,143818400,Energy_Index
2025-10-31,674.739990234375,678.739990234375,668.469970703125,672.4099731445312,147702800,Energy_Index
2025-11-03,673.4500122070312,676.260009765625,666.9600219726562,675.1400146484375,149312900,Energy_Index
2025-11-04,667.1699829101562,669.0599975585938,660.9299926757812,665.3900146484375,182662800,Energy_Index
2025-11-05,668.4000244140625,675.8300170898438,666.5800170898438,667.010009765625,150978400,Energy_Index
2025-11-06,674.219970703125,680.3800048828125,670.6199951171875,670.780029296875,170815100,Energy_Index
2025-11-07,684.719970703125,686.3900146484375,675.72998046875,677.25,142927400,Energy_Index
2025-11-10,679.6500244140625,688.1900024414062,679.010009765625,686.0800170898438,10167463,Energy_Index
