date,close,high,low,open,volume,commodity,ticker
2000-01-03,51.06999969482422,51.099998474121094,50.349998474121094,50.43000030517578,8033,Cotton,CT=F
2000-01-04,50.72999954223633,50.970001220703125,50.25,50.900001525878906,4709,Cotton,CT=F
2000-01-05,51.560001373291016,51.84000015258789,50.75,50.75,10464,Cotton,CT=F
2000-01-06,52.08000183105469,52.099998474121094,51.54999923706055,51.900001525878906,7247,Cotton,CT=F
2000-01-07,53.959999084472656,54.04999923706055,51.900001525878906,52.08000183105469,19389,Cotton,CT=F
2000-01-10,53.560001373291016,53.95000076293945,53.20000076293945,53.849998474121094,8349,Cotton,CT=F
2000-01-11,54.18000030517578,54.20000076293945,53.310001373291016,53.599998474121094,8698,Cotton,CT=F
2000-01-12,53.720001220703125,54.599998474121094,53.650001525878906,54.20000076293945,11455,Cotton,CT=F
2000-01-13,54.75,54.79999923706055,53.400001525878906,53.900001525878906,8413,Cotton,CT=F
2000-01-14,55.119998931884766,55.849998474121094,54.650001525878906,54.91999816894531,14981,Cotton,CT=F
2000-01-18,54.7599983215332,55.099998474121094,54.2599983215332,55.0,5269,Cotton,CT=F
2000-01-19,57.75,57.7599983215332,55.099998474121094,55.099998474121094,18631,Cotton,CT=F
2000-01-20,57.439998626708984,57.79999923706055,56.599998474121094,57.650001525878906,8938,Cotton,CT=F
2000-01-21,56.150001525878906,58.599998474121094,55.79999923706055,57.849998474121094,12250,Cotton,CT=F
2000-01-24,56.349998474121094,57.04999923706055,55.849998474121094,56.29999923706055,4199,Cotton,CT=F
2000-01-25,57.86000061035156,58.0,56.099998474121094,56.150001525878906,6755,Cotton,CT=F
2000-01-26,57.41999816894531,58.75,56.70000076293945,57.900001525878906,6721,Cotton,CT=F
2000-01-27,57.529998779296875,57.900001525878906,56.560001373291016,57.400001525878906,5566,Cotton,CT=F
2000-01-28,57.45000076293945,57.79999923706055,56.900001525878906,57.5,4054,Cotton,CT=F
2000-01-31,57.86000061035156,57.900001525878906,56.45000076293945,56.900001525878906,6238,Cotton,CT=F
2000-02-01,57.130001068115234,57.849998474121094,56.16999816894531,57.349998474121094,4042,Cotton,CT=F
2000-02-02,57.040000915527344,57.5,56.900001525878906,57.25,5365,Cotton,CT=F
2000-02-03,56.09000015258789,57.5,55.70000076293945,57.400001525878906,10230,Cotton,CT=F
2000-02-04,56.08000183105469,56.400001525878906,55.209999084472656,55.900001525878906,7717,Cotton,CT=F
2000-02-07,56.18000030517578,56.380001068115234,55.650001525878906,55.849998474121094,6125,Cotton,CT=F
2000-02-08,55.29999923706055,55.900001525878906,55.25,55.5,5941,Cotton,CT=F
2000-02-09,55.79999923706055,55.900001525878906,55.04999923706055,55.29999923706055,10053,Cotton,CT=F
2000-02-10,57.540000915527344,57.79999923706055,55.650001525878906,55.79999923706055,12372,Cotton,CT=F
2000-02-11,56.970001220703125,57.70000076293945,56.900001525878906,57.29999923706055,6852,Cotton,CT=F
2000-02-14,57.2599983215332,59.099998474121094,56.650001525878906,56.75,8641,Cotton,CT=F
2000-02-15,55.7400016784668,57.0,55.709999084472656,57.0,8688,Cotton,CT=F
2000-02-16,55.400001525878906,56.150001525878906,54.79999923706055,55.25,5491,Cotton,CT=F
2000-02-17,55.470001220703125,56.5,55.40999984741211,55.79999923706055,4017,Cotton,CT=F
2000-02-18,57.09000015258789,57.2400016784668,55.5,55.95000076293945,4017,Cotton,CT=F
2000-02-22,58.79999923706055,59.20000076293945,56.599998474121094,57.5,7646,Cotton,CT=F
2000-02-23,58.41999816894531,59.349998474121094,57.900001525878906,57.900001525878906,678,Cotton,CT=F
2000-02-24,58.150001525878906,58.20000076293945,57.0,58.099998474121094,575,Cotton,CT=F
2000-02-25,56.880001068115234,58.70000076293945,56.880001068115234,58.70000076293945,210,Cotton,CT=F
2000-02-28,57.58000183105469,57.599998474121094,56.29999923706055,57.099998474121094,82,Cotton,CT=F
2000-02-29,56.599998474121094,57.099998474121094,56.20000076293945,56.599998474121094,78,Cotton,CT=F
2000-03-01,59.5,60.70000076293945,57.0,57.0,256,Cotton,CT=F
2000-03-02,58.650001525878906,59.75,58.650001525878906,59.75,21,Cotton,CT=F
2000-03-03,59.04999923706055,59.150001525878906,58.5,59.04999923706055,17,Cotton,CT=F
2000-03-06,59.400001525878906,59.75,59.0,59.75,29,Cotton,CT=F
2000-03-07,59.650001525878906,59.650001525878906,58.75,59.400001525878906,37,Cotton,CT=F
2000-03-08,60.5,60.900001525878906,59.599998474121094,59.599998474121094,56,Cotton,CT=F
2000-03-09,61.0099983215332,61.70000076293945,61.0,61.70000076293945,0,Cotton,CT=F
2000-03-10,63.599998474121094,63.75,62.599998474121094,62.90999984741211,5869,Cotton,CT=F
2000-03-13,63.209999084472656,63.45000076293945,62.2599983215332,63.0,7016,Cotton,CT=F
2000-03-14,63.36000061035156,63.79999923706055,62.75,63.0,4238,Cotton,CT=F
2000-03-15,63.220001220703125,63.95000076293945,62.79999923706055,63.849998474121094,5493,Cotton,CT=F
2000-03-16,62.540000915527344,63.20000076293945,62.45000076293945,62.79999923706055,3519,Cotton,CT=F
2000-03-17,62.689998626708984,63.0,62.36000061035156,62.70000076293945,3509,Cotton,CT=F
2000-03-20,61.13999938964844,62.310001373291016,61.0099983215332,62.150001525878906,9131,Cotton,CT=F
2000-03-21,61.380001068115234,61.90999984741211,60.5,60.77000045776367,6969,Cotton,CT=F
2000-03-22,59.86000061035156,61.150001525878906,59.79999923706055,60.900001525878906,8345,Cotton,CT=F
2000-03-23,59.040000915527344,60.02000045776367,58.900001525878906,59.75,10149,Cotton,CT=F
2000-03-24,58.810001373291016,59.54999923706055,58.5,59.04999923706055,8009,Cotton,CT=F
2000-03-27,59.209999084472656,59.400001525878906,58.5,59.04999923706055,3497,Cotton,CT=F
2000-03-28,59.150001525878906,59.599998474121094,58.95000076293945,59.20000076293945,3666,Cotton,CT=F
2000-03-29,57.95000076293945,58.70000076293945,57.81999969482422,58.5,8772,Cotton,CT=F
2000-03-30,57.56999969482422,58.45000076293945,57.5099983215332,57.95000076293945,7071,Cotton,CT=F
2000-03-31,58.13999938964844,58.900001525878906,57.720001220703125,57.75,8519,Cotton,CT=F
2000-04-03,58.38999938964844,58.45000076293945,57.400001525878906,57.5,4412,Cotton,CT=F
2000-04-04,57.209999084472656,58.5,57.0,58.400001525878906,8409,Cotton,CT=F
2000-04-05,56.400001525878906,57.650001525878906,56.36000061035156,57.29999923706055,12104,Cotton,CT=F
2000-04-06,55.68000030517578,57.150001525878906,55.5099983215332,56.900001525878906,11105,Cotton,CT=F
2000-04-07,56.290000915527344,56.599998474121094,55.900001525878906,56.0,5814,Cotton,CT=F
2000-04-10,55.9900016784668,56.400001525878906,55.599998474121094,56.150001525878906,5399,Cotton,CT=F
2000-04-11,54.95000076293945,55.900001525878906,54.75,55.900001525878906,7777,Cotton,CT=F
2000-04-12,55.75,55.79999923706055,53.5,54.650001525878906,10650,Cotton,CT=F
2000-04-13,56.81999969482422,57.349998474121094,55.95000076293945,56.0,6486,Cotton,CT=F
2000-04-14,56.43000030517578,57.29999923706055,56.099998474121094,57.04999923706055,3256,Cotton,CT=F
2000-04-17,56.91999816894531,57.04999923706055,55.95000076293945,56.400001525878906,3987,Cotton,CT=F
2000-04-18,57.29999923706055,57.599998474121094,56.599998474121094,56.599998474121094,4127,Cotton,CT=F
2000-04-19,56.619998931884766,57.70000076293945,56.0,57.369998931884766,4426,Cotton,CT=F
2000-04-20,56.41999816894531,57.0,56.150001525878906,56.25,3427,Cotton,CT=F
2000-04-24,56.720001220703125,56.79999923706055,55.20000076293945,56.70000076293945,873,Cotton,CT=F
2000-04-25,56.29999923706055,56.88999938964844,56.0,56.88999938964844,472,Cotton,CT=F
2000-04-26,56.599998474121094,56.939998626708984,56.0,56.20000076293945,185,Cotton,CT=F
2000-04-27,56.45000076293945,56.900001525878906,56.20000076293945,56.900001525878906,19,Cotton,CT=F
2000-04-28,55.709999084472656,56.79999923706055,55.70000076293945,56.5,25,Cotton,CT=F
2000-05-01,56.29999923706055,56.650001525878906,55.0,56.29999923706055,28,Cotton,CT=F
2000-05-02,57.75,57.75,56.099998474121094,56.099998474121094,36,Cotton,CT=F
2000-05-03,56.95000076293945,58.400001525878906,56.95000076293945,57.5,22,Cotton,CT=F
2000-05-04,56.79999923706055,57.20000076293945,56.400001525878906,57.20000076293945,10,Cotton,CT=F
2000-05-05,58.400001525878906,58.400001525878906,57.02000045776367,57.02000045776367,4,Cotton,CT=F
2000-05-08,58.060001373291016,58.400001525878906,57.79999923706055,57.79999923706055,0,Cotton,CT=F
2000-05-09,59.65999984741211,59.900001525878906,58.650001525878906,58.650001525878906,8511,Cotton,CT=F
2000-05-10,61.2400016784668,61.290000915527344,60.20000076293945,60.400001525878906,13997,Cotton,CT=F
2000-05-11,60.79999923706055,62.470001220703125,60.0,61.29999923706055,14073,Cotton,CT=F
2000-05-12,62.22999954223633,62.25,61.25,61.75,7056,Cotton,CT=F
2000-05-15,62.75,62.88999938964844,61.400001525878906,62.400001525878906,6784,Cotton,CT=F
2000-05-16,62.619998931884766,62.900001525878906,62.349998474121094,62.900001525878906,3684,Cotton,CT=F
2000-05-17,62.06999969482422,62.79999923706055,61.5,62.54999923706055,4884,Cotton,CT=F
2000-05-18,62.119998931884766,62.400001525878906,61.599998474121094,61.900001525878906,4652,Cotton,CT=F
2000-05-19,61.29999923706055,62.29999923706055,61.25,62.0,3976,Cotton,CT=F
2000-05-22,63.439998626708984,63.45000076293945,61.599998474121094,61.79999923706055,9069,Cotton,CT=F
2000-05-23,63.41999816894531,63.5,62.900001525878906,63.45000076293945,3866,Cotton,CT=F
2000-05-24,62.72999954223633,63.599998474121094,62.29999923706055,63.45000076293945,6495,Cotton,CT=F
2000-05-25,63.279998779296875,64.1500015258789,62.79999923706055,63.0,7891,Cotton,CT=F
2000-05-26,63.220001220703125,63.75,61.0,62.650001525878906,9653,Cotton,CT=F
2000-05-30,61.0099983215332,63.31999969482422,60.900001525878906,63.220001220703125,8972,Cotton,CT=F
2000-05-31,62.63999938964844,63.0,60.599998474121094,61.5,6871,Cotton,CT=F
2000-06-01,60.25,61.79999923706055,60.150001525878906,61.25,6844,Cotton,CT=F
2000-06-02,58.9900016784668,59.650001525878906,58.75,59.25,7027,Cotton,CT=F
2000-06-05,58.66999816894531,59.25,58.349998474121094,58.79999923706055,6651,Cotton,CT=F
2000-06-06,57.599998474121094,58.650001525878906,57.56999969482422,58.349998474121094,8858,Cotton,CT=F
2000-06-07,58.25,58.45000076293945,57.400001525878906,57.599998474121094,8319,Cotton,CT=F
2000-06-08,58.189998626708984,58.849998474121094,57.869998931884766,58.18000030517578,5307,Cotton,CT=F
2000-06-09,58.38999938964844,58.79999923706055,58.099998474121094,58.5,5094,Cotton,CT=F
2000-06-12,56.650001525878906,57.75,56.400001525878906,57.75,6871,Cotton,CT=F
2000-06-13,56.97999954223633,57.95000076293945,56.150001525878906,56.29999923706055,6589,Cotton,CT=F
2000-06-14,57.0,57.75,56.79999923706055,57.20000076293945,3055,Cotton,CT=F
2000-06-15,57.90999984741211,59.099998474121094,56.75,57.099998474121094,6649,Cotton,CT=F
2000-06-16,57.0,57.650001525878906,56.29999923706055,57.650001525878906,4353,Cotton,CT=F
2000-06-19,56.11000061035156,57.04999923706055,56.099998474121094,56.5,2550,Cotton,CT=F
2000-06-20,56.63999938964844,56.900001525878906,56.0,56.400001525878906,2549,Cotton,CT=F
2000-06-21,55.56999969482422,56.599998474121094,55.54999923706055,56.29999923706055,1707,Cotton,CT=F
2000-06-22,55.0099983215332,55.599998474121094,54.95000076293945,55.400001525878906,2541,Cotton,CT=F
2000-06-23,54.15999984741211,55.5,53.90999984741211,54.70000076293945,4365,Cotton,CT=F
2000-06-26,53.09000015258789,55.0,53.0,53.75,560,Cotton,CT=F
2000-06-27,52.310001373291016,53.599998474121094,52.04999923706055,53.54999923706055,502,Cotton,CT=F
2000-06-28,52.29999923706055,52.599998474121094,52.0,52.04999923706055,174,Cotton,CT=F
2000-06-29,52.29999923706055,52.54999923706055,51.79999923706055,52.400001525878906,192,Cotton,CT=F
2000-06-30,50.880001068115234,53.0,50.5,52.0,192,Cotton,CT=F
2000-07-05,50.650001525878906,50.70000076293945,50.0,50.0,19,Cotton,CT=F
2000-07-06,50.04999923706055,51.5,49.79999923706055,51.0,33,Cotton,CT=F
2000-07-07,51.72999954223633,51.79999923706055,50.900001525878906,50.900001525878906,0,Cotton,CT=F
2000-07-10,55.630001068115234,55.849998474121094,55.04999923706055,55.400001525878906,273,Cotton,CT=F
2000-07-11,55.66999816894531,55.849998474121094,55.41999816894531,55.599998474121094,343,Cotton,CT=F
2000-07-12,56.0099983215332,56.25,55.5,55.900001525878906,796,Cotton,CT=F
2000-07-13,57.02000045776367,57.5,56.04999923706055,56.04999923706055,796,Cotton,CT=F
2000-07-14,57.02000045776367,57.79999923706055,56.54999923706055,57.02000045776367,1537,Cotton,CT=F
2000-07-17,60.02000045776367,60.02000045776367,57.5,57.5,1310,Cotton,CT=F
2000-07-18,60.560001373291016,61.20000076293945,59.400001525878906,60.29999923706055,854,Cotton,CT=F
2000-07-19,60.08000183105469,61.20000076293945,59.75,61.0,579,Cotton,CT=F
2000-07-20,58.79999923706055,59.650001525878906,58.5,59.45000076293945,433,Cotton,CT=F
2000-07-21,59.130001068115234,59.20000076293945,58.099998474121094,58.599998474121094,712,Cotton,CT=F
2000-07-24,60.869998931884766,61.25,59.75,59.79999923706055,574,Cotton,CT=F
2000-07-25,59.70000076293945,61.099998474121094,59.349998474121094,60.900001525878906,542,Cotton,CT=F
2000-07-26,59.150001525878906,59.20000076293945,58.400001525878906,59.20000076293945,600,Cotton,CT=F
2000-07-27,58.22999954223633,58.599998474121094,57.54999923706055,58.54999923706055,455,Cotton,CT=F
2000-07-28,58.810001373291016,59.20000076293945,57.599998474121094,57.70000076293945,377,Cotton,CT=F
2000-07-31,59.77000045776367,59.95000076293945,57.79999923706055,58.400001525878906,291,Cotton,CT=F
2000-08-01,59.0099983215332,59.400001525878906,58.79999923706055,59.400001525878906,568,Cotton,CT=F
2000-08-02,58.63999938964844,59.5,58.54999923706055,58.75,233,Cotton,CT=F
2000-08-03,58.88999938964844,58.95000076293945,58.20000076293945,58.599998474121094,350,Cotton,CT=F
2000-08-04,58.599998474121094,59.04999923706055,58.45000076293945,59.0,914,Cotton,CT=F
2000-08-07,60.68000030517578,60.849998474121094,59.04999923706055,59.04999923706055,759,Cotton,CT=F
2000-08-08,60.7599983215332,61.70000076293945,60.70000076293945,61.0,658,Cotton,CT=F
2000-08-09,62.130001068115234,62.150001525878906,60.70000076293945,60.95000076293945,826,Cotton,CT=F
2000-08-10,60.86000061035156,62.099998474121094,60.599998474121094,62.0,377,Cotton,CT=F
2000-08-11,61.72999954223633,62.70000076293945,61.65999984741211,61.900001525878906,0,Cotton,CT=F
2000-08-14,62.25,62.25,61.70000076293945,62.0,424,Cotton,CT=F
2000-08-15,61.70000076293945,62.70000076293945,61.599998474121094,62.349998474121094,275,Cotton,CT=F
2000-08-16,61.63999938964844,62.20000076293945,61.5,61.599998474121094,0,Cotton,CT=F
2000-08-17,62.70000076293945,62.75,61.650001525878906,61.75,473,Cotton,CT=F
2000-08-18,63.27000045776367,63.29999923706055,62.599998474121094,62.70000076293945,729,Cotton,CT=F
2000-08-21,64.33999633789062,64.6500015258789,63.400001525878906,63.400001525878906,567,Cotton,CT=F
2000-08-22,64.0,64.6500015258789,63.349998474121094,64.5,425,Cotton,CT=F
2000-08-23,63.880001068115234,64.0,63.25,63.70000076293945,375,Cotton,CT=F
2000-08-24,63.52000045776367,64.30000305175781,63.5,63.79999923706055,433,Cotton,CT=F
2000-08-25,64.7300033569336,64.75,63.900001525878906,63.900001525878906,398,Cotton,CT=F
2000-08-28,64.83999633789062,65.0999984741211,63.849998474121094,64.3499984741211,362,Cotton,CT=F
2000-08-29,65.19999694824219,65.44999694824219,65.0,65.0,539,Cotton,CT=F
2000-08-30,64.75,65.05000305175781,64.5,64.9000015258789,558,Cotton,CT=F
2000-08-31,63.369998931884766,64.5,63.29999923706055,64.19999694824219,754,Cotton,CT=F
2000-09-01,63.4900016784668,63.599998474121094,62.599998474121094,63.400001525878906,429,Cotton,CT=F
2000-09-05,64.54000091552734,64.69999694824219,63.650001525878906,63.900001525878906,507,Cotton,CT=F
2000-09-06,64.36000061035156,65.05000305175781,64.0999984741211,64.69000244140625,469,Cotton,CT=F
2000-09-07,64.13999938964844,64.30000305175781,63.75,64.1500015258789,443,Cotton,CT=F
2000-09-08,64.72000122070312,64.8499984741211,63.900001525878906,64.0999984741211,329,Cotton,CT=F
2000-09-11,64.5999984741211,64.94999694824219,64.30000305175781,64.72000122070312,444,Cotton,CT=F
2000-09-12,63.18000030517578,63.95000076293945,63.0,63.900001525878906,616,Cotton,CT=F
2000-09-13,62.470001220703125,63.20000076293945,62.29999923706055,63.0,786,Cotton,CT=F
2000-09-14,62.95000076293945,62.95000076293945,61.900001525878906,62.400001525878906,1418,Cotton,CT=F
2000-09-15,63.15999984741211,64.69999694824219,62.849998474121094,63.04999923706055,997,Cotton,CT=F
2000-09-18,62.9900016784668,64.19999694824219,62.45000076293945,62.95000076293945,242,Cotton,CT=F
2000-09-19,62.650001525878906,62.95000076293945,62.5,62.599998474121094,777,Cotton,CT=F
2000-09-20,63.13999938964844,63.70000076293945,62.650001525878906,62.75,510,Cotton,CT=F
2000-09-21,63.900001525878906,63.900001525878906,62.91999816894531,63.29999923706055,848,Cotton,CT=F
2000-09-22,63.45000076293945,64.0999984741211,62.650001525878906,63.79999923706055,84,Cotton,CT=F
2000-09-25,63.880001068115234,64.0999984741211,63.400001525878906,64.0999984741211,100,Cotton,CT=F
2000-09-26,63.54999923706055,64.0,63.29999923706055,63.599998474121094,51,Cotton,CT=F
2000-09-27,62.5,63.29999923706055,62.5,63.29999923706055,16,Cotton,CT=F
2000-09-28,62.459999084472656,62.459999084472656,62.099998474121094,62.099998474121094,50,Cotton,CT=F
2000-09-29,62.25,63.20000076293945,62.25,63.0,40,Cotton,CT=F
2000-10-02,63.529998779296875,63.529998779296875,62.16999816894531,62.16999816894531,120,Cotton,CT=F
2000-10-03,63.95000076293945,63.95000076293945,63.400001525878906,63.400001525878906,37,Cotton,CT=F
2000-10-04,63.400001525878906,63.70000076293945,63.400001525878906,63.70000076293945,21,Cotton,CT=F
2000-10-05,63.599998474121094,63.95000076293945,63.599998474121094,63.79999923706055,84,Cotton,CT=F
2000-10-06,64.20999908447266,64.20999908447266,63.849998474121094,63.95000076293945,0,Cotton,CT=F
2000-10-09,64.77999877929688,64.77999877929688,64.0999984741211,64.0999984741211,4116,Cotton,CT=F
2000-10-10,64.56999969482422,64.8499984741211,64.1500015258789,64.75,5150,Cotton,CT=F
2000-10-11,63.849998474121094,64.79000091552734,63.650001525878906,64.5,14397,Cotton,CT=F
2000-10-12,64.36000061035156,66.80000305175781,64.19999694824219,64.69999694824219,9068,Cotton,CT=F
2000-10-13,63.119998931884766,64.0,63.02000045776367,64.0,7786,Cotton,CT=F
2000-10-16,62.70000076293945,62.95000076293945,62.349998474121094,62.900001525878906,3697,Cotton,CT=F
2000-10-17,62.75,63.29999923706055,62.599998474121094,62.79999923706055,11336,Cotton,CT=F
2000-10-18,62.02000045776367,62.29999923706055,61.95000076293945,62.20000076293945,6765,Cotton,CT=F
2000-10-19,62.119998931884766,62.29999923706055,61.79999923706055,62.29999923706055,4427,Cotton,CT=F
2000-10-20,62.91999816894531,62.9900016784668,61.849998474121094,61.849998474121094,4386,Cotton,CT=F
2000-10-23,62.40999984741211,63.45000076293945,62.29999923706055,63.04999923706055,3346,Cotton,CT=F
2000-10-24,62.70000076293945,63.150001525878906,62.599998474121094,62.720001220703125,3678,Cotton,CT=F
2000-10-25,63.2599983215332,63.400001525878906,63.04999923706055,63.25,5840,Cotton,CT=F
2000-10-26,62.880001068115234,63.599998474121094,62.75,63.5,2493,Cotton,CT=F
2000-10-27,63.13999938964844,63.459999084472656,62.650001525878906,62.650001525878906,8350,Cotton,CT=F
2000-10-30,63.9900016784668,64.0999984741211,62.5,62.79999923706055,9559,Cotton,CT=F
2000-10-31,62.970001220703125,64.1500015258789,62.95000076293945,64.0,10930,Cotton,CT=F
2000-11-01,62.56999969482422,63.22999954223633,62.45000076293945,63.16999816894531,6419,Cotton,CT=F
2000-11-02,62.90999984741211,63.150001525878906,62.54999923706055,62.70000076293945,4899,Cotton,CT=F
2000-11-03,63.75,63.79999923706055,63.0099983215332,63.150001525878906,11971,Cotton,CT=F
2000-11-06,65.36000061035156,65.41999816894531,64.05000305175781,64.05000305175781,7588,Cotton,CT=F
2000-11-07,65.88999938964844,65.9000015258789,65.0,65.3499984741211,6148,Cotton,CT=F
2000-11-08,65.6500015258789,65.94999694824219,65.1500015258789,65.5,5945,Cotton,CT=F
2000-11-09,64.95999908447266,65.4000015258789,64.75,65.0,5830,Cotton,CT=F
2000-11-10,65.4000015258789,65.44999694824219,64.5999984741211,64.8499984741211,5577,Cotton,CT=F
2000-11-13,65.31999969482422,65.70999908447266,65.06999969482422,65.30000305175781,4357,Cotton,CT=F
2000-11-14,64.81999969482422,65.3499984741211,64.80000305175781,65.19999694824219,4442,Cotton,CT=F
2000-11-15,64.73999786376953,64.80000305175781,64.4000015258789,64.6500015258789,4772,Cotton,CT=F
2000-11-16,64.9800033569336,65.0199966430664,64.5999984741211,64.81999969482422,3629,Cotton,CT=F
2000-11-17,64.69999694824219,65.19999694824219,64.66000366210938,65.0,4134,Cotton,CT=F
2000-11-20,64.58000183105469,65.0,64.4800033569336,64.69999694824219,6744,Cotton,CT=F
2000-11-21,63.15999984741211,64.4000015258789,63.0,64.4000015258789,0,Cotton,CT=F
2000-11-22,64.4000015258789,64.5999984741211,63.20000076293945,63.29999923706055,192,Cotton,CT=F
2000-11-27,65.1500015258789,65.19999694824219,64.5999984741211,64.80000305175781,46,Cotton,CT=F
2000-11-28,64.30000305175781,65.55000305175781,64.19999694824219,64.91999816894531,83,Cotton,CT=F
2000-11-29,65.02999877929688,65.0999984741211,64.05000305175781,64.25,25,Cotton,CT=F
2000-11-30,65.2300033569336,65.5999984741211,64.91000366210938,65.0,26,Cotton,CT=F
2000-12-01,64.3499984741211,65.55000305175781,64.3499984741211,65.55000305175781,18,Cotton,CT=F
2000-12-04,64.6500015258789,64.8499984741211,64.6500015258789,64.69999694824219,48,Cotton,CT=F
2000-12-05,64.3499984741211,64.5,64.0,64.0,0,Cotton,CT=F
2000-12-06,64.33999633789062,64.69999694824219,64.0,64.69999694824219,4777,Cotton,CT=F
2000-12-07,67.25,67.5,66.80000305175781,67.25,4058,Cotton,CT=F
2000-12-08,67.12999725341797,67.5,66.9000015258789,67.05000305175781,2664,Cotton,CT=F
2000-12-11,67.41999816894531,67.5,67.01000213623047,67.1500015258789,17288,Cotton,CT=F
2000-12-12,65.58999633789062,66.6500015258789,65.56999969482422,66.5999984741211,16223,Cotton,CT=F
2000-12-13,65.02999877929688,65.94999694824219,64.94999694824219,65.5999984741211,5611,Cotton,CT=F
2000-12-14,65.69000244140625,65.8499984741211,65.1500015258789,65.30000305175781,3972,Cotton,CT=F
2000-12-15,65.37000274658203,65.8499984741211,65.3499984741211,65.5,3871,Cotton,CT=F
2000-12-18,65.0999984741211,65.75,65.05000305175781,65.5999984741211,4207,Cotton,CT=F
2000-12-19,65.0,65.5,64.94999694824219,65.1500015258789,5184,Cotton,CT=F
2000-12-20,65.62999725341797,65.69999694824219,64.80000305175781,64.9000015258789,5696,Cotton,CT=F
2000-12-21,65.33000183105469,66.19999694824219,64.9000015258789,66.0,8436,Cotton,CT=F
2000-12-22,64.30999755859375,64.9000015258789,64.05000305175781,64.9000015258789,10345,Cotton,CT=F
2000-12-26,63.189998626708984,64.19999694824219,63.099998474121094,64.0999984741211,7196,Cotton,CT=F
2000-12-27,63.2599983215332,63.66999816894531,62.79999923706055,63.0,2479,Cotton,CT=F
2000-12-28,63.41999816894531,63.599998474121094,63.189998626708984,63.189998626708984,8638,Cotton,CT=F
2000-12-29,62.279998779296875,62.95000076293945,62.25,62.72999954223633,13993,Cotton,CT=F
2001-01-02,60.349998474121094,61.79999923706055,60.20000076293945,61.779998779296875,9298,Cotton,CT=F
2001-01-03,60.959999084472656,61.29999923706055,60.25,61.150001525878906,14484,Cotton,CT=F
2001-01-04,59.61000061035156,61.20000076293945,59.54999923706055,61.099998474121094,9179,Cotton,CT=F
2001-01-05,59.41999816894531,59.95000076293945,59.099998474121094,59.599998474121094,7229,Cotton,CT=F
2001-01-08,60.22999954223633,60.5,59.5,59.54999923706055,6447,Cotton,CT=F
2001-01-09,59.869998931884766,60.45000076293945,59.38999938964844,60.25,7490,Cotton,CT=F
2001-01-10,60.34000015258789,60.75,60.04999923706055,60.25,7452,Cotton,CT=F
2001-01-11,60.869998931884766,61.0,59.349998474121094,59.70000076293945,4671,Cotton,CT=F
2001-01-12,61.119998931884766,61.5,60.650001525878906,61.150001525878906,2898,Cotton,CT=F
2001-01-16,60.959999084472656,61.599998474121094,60.75,61.220001220703125,6682,Cotton,CT=F
2001-01-17,60.52000045776367,60.959999084472656,60.45000076293945,60.91999816894531,4766,Cotton,CT=F
2001-01-18,60.5,60.54999923706055,59.81999969482422,60.29999923706055,4718,Cotton,CT=F
2001-01-19,60.630001068115234,61.349998474121094,60.150001525878906,60.150001525878906,6552,Cotton,CT=F
2001-01-22,59.36000061035156,60.400001525878906,59.29999923706055,60.400001525878906,9297,Cotton,CT=F
2001-01-23,59.279998779296875,59.599998474121094,58.25,59.599998474121094,14757,Cotton,CT=F
2001-01-24,61.11000061035156,62.099998474121094,58.849998474121094,59.29999923706055,4977,Cotton,CT=F
2001-01-25,60.599998474121094,61.75,60.400001525878906,60.65999984741211,4215,Cotton,CT=F
2001-01-26,61.25,61.599998474121094,60.900001525878906,61.599998474121094,2886,Cotton,CT=F
2001-01-29,60.95000076293945,61.45000076293945,60.599998474121094,61.400001525878906,5672,Cotton,CT=F
2001-01-30,62.0099983215332,62.06999969482422,60.70000076293945,61.0099983215332,5387,Cotton,CT=F
2001-01-31,61.36000061035156,62.20000076293945,61.29999923706055,62.20000076293945,8943,Cotton,CT=F
2001-02-01,59.43000030517578,61.0,58.900001525878906,61.0,5393,Cotton,CT=F
2001-02-02,59.7599983215332,60.43000030517578,59.709999084472656,60.0,2330,Cotton,CT=F
2001-02-05,60.150001525878906,60.25,59.619998931884766,60.099998474121094,3565,Cotton,CT=F
2001-02-06,60.22999954223633,60.5,59.79999923706055,60.150001525878906,7058,Cotton,CT=F
2001-02-07,59.20000076293945,60.22999954223633,59.060001373291016,60.22999954223633,5934,Cotton,CT=F
2001-02-08,59.04999923706055,59.900001525878906,58.900001525878906,58.95000076293945,9688,Cotton,CT=F
2001-02-09,58.369998931884766,59.25,57.099998474121094,59.04999923706055,6936,Cotton,CT=F
2001-02-12,58.900001525878906,59.20000076293945,58.29999923706055,58.400001525878906,3818,Cotton,CT=F
2001-02-13,59.529998779296875,59.79999923706055,58.88999938964844,58.88999938964844,8901,Cotton,CT=F
2001-02-14,61.45000076293945,61.5,60.25,60.5,4392,Cotton,CT=F
2001-02-15,59.529998779296875,61.150001525878906,59.400001525878906,61.150001525878906,5141,Cotton,CT=F
2001-02-16,59.52000045776367,59.9900016784668,58.650001525878906,59.0,4641,Cotton,CT=F
2001-02-20,57.630001068115234,59.599998474121094,57.5,59.599998474121094,5007,Cotton,CT=F
2001-02-21,55.7599983215332,56.900001525878906,54.70000076293945,56.79999923706055,659,Cotton,CT=F
2001-02-22,54.86000061035156,57.599998474121094,54.5099983215332,57.5,110,Cotton,CT=F
2001-02-23,55.08000183105469,55.5,54.650001525878906,55.5,49,Cotton,CT=F
2001-02-26,53.08000183105469,55.25,52.5,55.25,176,Cotton,CT=F
2001-02-27,52.099998474121094,53.650001525878906,52.099998474121094,53.5,166,Cotton,CT=F
2001-02-28,52.599998474121094,53.400001525878906,51.5,51.95000076293945,46,Cotton,CT=F
2001-03-01,53.04999923706055,53.849998474121094,52.650001525878906,53.849998474121094,83,Cotton,CT=F
2001-03-02,53.5,53.75,53.5,53.75,9,Cotton,CT=F
2001-03-05,53.849998474121094,54.5,53.849998474121094,54.5,59,Cotton,CT=F
2001-03-06,54.04999923706055,54.25,53.75,54.25,25,Cotton,CT=F
2001-03-07,54.04999923706055,54.75,54.04999923706055,54.75,0,Cotton,CT=F
2001-03-08,54.0099983215332,54.0099983215332,53.5,53.5,9813,Cotton,CT=F
2001-03-09,52.65999984741211,54.86000061035156,52.5099983215332,53.900001525878906,5131,Cotton,CT=F
2001-03-12,51.77000045776367,52.650001525878906,51.650001525878906,52.349998474121094,4981,Cotton,CT=F
2001-03-13,52.279998779296875,52.349998474121094,51.150001525878906,51.95000076293945,3931,Cotton,CT=F
2001-03-14,52.650001525878906,52.900001525878906,51.70000076293945,52.29999923706055,9789,Cotton,CT=F
2001-03-15,50.09000015258789,53.04999923706055,49.93000030517578,53.04999923706055,10814,Cotton,CT=F
2001-03-16,49.72999954223633,50.29999923706055,47.79999923706055,49.79999923706055,2453,Cotton,CT=F
2001-03-19,50.36000061035156,50.400001525878906,49.58000183105469,50.0,3630,Cotton,CT=F
2001-03-20,49.7400016784668,50.65999984741211,49.650001525878906,50.65999984741211,5237,Cotton,CT=F
2001-03-21,48.56999969482422,49.54999923706055,48.349998474121094,49.20000076293945,5970,Cotton,CT=F
2001-03-22,47.13999938964844,48.29999923706055,47.099998474121094,47.900001525878906,4095,Cotton,CT=F
2001-03-23,48.060001373291016,49.0,47.79999923706055,47.79999923706055,3405,Cotton,CT=F
2001-03-26,49.029998779296875,49.25,48.5,48.79999923706055,5133,Cotton,CT=F
2001-03-27,47.59000015258789,49.68000030517578,47.5,49.20000076293945,3466,Cotton,CT=F
2001-03-28,47.560001373291016,47.599998474121094,46.849998474121094,47.400001525878906,6880,Cotton,CT=F
2001-03-29,45.689998626708984,46.75,45.5,46.70000076293945,6895,Cotton,CT=F
2001-03-30,45.09000015258789,47.900001525878906,45.04999923706055,47.790000915527344,3703,Cotton,CT=F
2001-04-02,44.72999954223633,45.849998474121094,44.689998626708984,44.70000076293945,4893,Cotton,CT=F
2001-04-03,45.38999938964844,45.70000076293945,44.599998474121094,45.599998474121094,4447,Cotton,CT=F
2001-04-04,46.189998626708984,46.25,45.400001525878906,45.75,5007,Cotton,CT=F
2001-04-05,45.970001220703125,46.79999923706055,45.70000076293945,46.5,4376,Cotton,CT=F
2001-04-06,46.880001068115234,46.95000076293945,45.900001525878906,46.0,4084,Cotton,CT=F
2001-04-09,46.59000015258789,47.5,46.400001525878906,47.099998474121094,4476,Cotton,CT=F
2001-04-10,46.56999969482422,46.79999923706055,46.29999923706055,46.75,5782,Cotton,CT=F
2001-04-11,45.779998779296875,46.970001220703125,45.349998474121094,46.75,6402,Cotton,CT=F
2001-04-12,45.34000015258789,46.04999923706055,45.25,45.459999084472656,3125,Cotton,CT=F
2001-04-16,45.56999969482422,45.599998474121094,44.79999923706055,45.400001525878906,5574,Cotton,CT=F
2001-04-17,46.869998931884766,47.099998474121094,45.400001525878906,46.099998474121094,4644,Cotton,CT=F
2001-04-18,46.15999984741211,48.099998474121094,46.04999923706055,47.099998474121094,6494,Cotton,CT=F
2001-04-19,45.84000015258789,46.54999923706055,45.5,46.20000076293945,5575,Cotton,CT=F
2001-04-20,44.09000015258789,45.79999923706055,44.04999923706055,45.650001525878906,6048,Cotton,CT=F
2001-04-23,44.29999923706055,44.900001525878906,43.400001525878906,43.79999923706055,547,Cotton,CT=F
2001-04-24,44.599998474121094,45.150001525878906,44.5,44.70000076293945,118,Cotton,CT=F
2001-04-25,44.599998474121094,44.900001525878906,44.29999923706055,44.400001525878906,68,Cotton,CT=F
2001-04-26,44.130001068115234,44.25,43.70000076293945,44.150001525878906,77,Cotton,CT=F
2001-04-27,43.650001525878906,44.400001525878906,43.54999923706055,44.099998474121094,87,Cotton,CT=F
2001-04-30,44.20000076293945,44.70000076293945,43.79999923706055,44.29999923706055,4,Cotton,CT=F
2001-05-01,44.47999954223633,44.849998474121094,44.45000076293945,44.849998474121094,28,Cotton,CT=F
2001-05-02,45.45000076293945,45.45000076293945,44.79999923706055,44.79999923706055,0,Cotton,CT=F
2001-05-03,44.5,44.5,44.5,44.5,4,Cotton,CT=F
2001-05-04,44.650001525878906,44.70000076293945,44.599998474121094,44.599998474121094,8,Cotton,CT=F
2001-05-07,44.47999954223633,44.47999954223633,44.47999954223633,44.47999954223633,0,Cotton,CT=F
2001-05-08,43.7599983215332,44.5,43.7599983215332,44.5,2644,Cotton,CT=F
2001-05-09,45.43000030517578,45.650001525878906,45.36000061035156,45.459999084472656,4028,Cotton,CT=F
2001-05-10,44.83000183105469,45.29999923706055,44.790000915527344,45.25,5128,Cotton,CT=F
2001-05-11,45.16999816894531,45.54999923706055,44.45000076293945,44.5,9440,Cotton,CT=F
2001-05-14,46.70000076293945,47.0,45.400001525878906,45.400001525878906,6902,Cotton,CT=F
2001-05-15,46.08000183105469,47.20000076293945,46.04999923706055,46.5,9590,Cotton,CT=F
2001-05-16,44.619998931884766,45.95000076293945,44.45000076293945,45.79999923706055,3241,Cotton,CT=F
2001-05-17,44.470001220703125,44.95000076293945,44.400001525878906,44.79999923706055,6267,Cotton,CT=F
2001-05-18,43.84000015258789,44.900001525878906,43.79999923706055,44.599998474121094,5089,Cotton,CT=F
2001-05-21,43.189998626708984,44.20000076293945,42.95000076293945,43.65999984741211,5796,Cotton,CT=F
2001-05-22,42.560001373291016,43.150001525878906,42.2599983215332,43.099998474121094,4589,Cotton,CT=F
2001-05-23,42.65999984741211,42.75,42.310001373291016,42.45000076293945,4200,Cotton,CT=F
2001-05-24,42.459999084472656,42.79999923706055,42.150001525878906,42.45000076293945,6477,Cotton,CT=F
2001-05-25,40.54999923706055,41.75,40.29999923706055,41.650001525878906,5515,Cotton,CT=F
2001-05-29,41.040000915527344,41.5,39.95000076293945,40.36000061035156,3493,Cotton,CT=F
2001-05-30,40.720001220703125,41.099998474121094,40.400001525878906,40.45000076293945,5633,Cotton,CT=F
2001-05-31,40.880001068115234,41.470001220703125,40.459999084472656,40.79999923706055,3612,Cotton,CT=F
2001-06-01,41.41999816894531,42.0,41.04999923706055,41.29999923706055,4741,Cotton,CT=F
2001-06-04,41.060001373291016,42.38999938964844,40.599998474121094,42.25,2544,Cotton,CT=F
2001-06-05,40.97999954223633,41.400001525878906,40.810001373291016,40.95000076293945,6683,Cotton,CT=F
2001-06-06,42.029998779296875,42.400001525878906,40.849998474121094,40.900001525878906,0,Cotton,CT=F
2001-06-07,41.939998626708984,42.650001525878906,41.79999923706055,42.25,4310,Cotton,CT=F
2001-06-08,42.709999084472656,42.900001525878906,42.20000076293945,42.400001525878906,6604,Cotton,CT=F
2001-06-11,40.720001220703125,42.95000076293945,40.5099983215332,42.900001525878906,4655,Cotton,CT=F
2001-06-12,41.0099983215332,41.099998474121094,40.099998474121094,40.29999923706055,4680,Cotton,CT=F
2001-06-13,41.099998474121094,41.400001525878906,40.900001525878906,41.099998474121094,3178,Cotton,CT=F
2001-06-14,40.56999969482422,41.099998474121094,40.29999923706055,40.900001525878906,7277,Cotton,CT=F
2001-06-15,39.380001068115234,40.5,39.2599983215332,40.25,4500,Cotton,CT=F
2001-06-18,38.90999984741211,39.790000915527344,38.880001068115234,39.0,6757,Cotton,CT=F
2001-06-19,38.189998626708984,39.349998474121094,38.11000061035156,38.90999984741211,4799,Cotton,CT=F
2001-06-20,37.68000030517578,38.599998474121094,37.5,38.25,8351,Cotton,CT=F
2001-06-21,39.54999923706055,40.68000030517578,37.650001525878906,37.79999923706055,6625,Cotton,CT=F
2001-06-22,38.61000061035156,41.0,38.349998474121094,39.849998474121094,2117,Cotton,CT=F
2001-06-25,43.25,43.5,39.20000076293945,39.20000076293945,129,Cotton,CT=F
2001-06-26,43.310001373291016,43.5,42.5,43.0,96,Cotton,CT=F
2001-06-27,43.0,43.5,42.54999923706055,43.400001525878906,134,Cotton,CT=F
2001-06-28,43.04999923706055,43.349998474121094,42.29999923706055,42.400001525878906,72,Cotton,CT=F
2001-06-29,42.75,43.04999923706055,42.599998474121094,43.0,37,Cotton,CT=F
2001-07-02,41.18000030517578,42.70000076293945,40.5,42.5,9,Cotton,CT=F
2001-07-03,40.43000030517578,41.0,40.43000030517578,41.0,46,Cotton,CT=F
2001-07-05,41.099998474121094,41.20000076293945,40.599998474121094,41.0,36,Cotton,CT=F
2001-07-06,41.130001068115234,41.20000076293945,40.45000076293945,41.0,0,Cotton,CT=F
2001-07-09,41.47999954223633,41.599998474121094,41.47999954223633,41.599998474121094,0,Cotton,CT=F
2001-07-10,40.66999816894531,41.20000076293945,40.25,40.900001525878906,933,Cotton,CT=F
2001-07-11,41.5,41.5,40.04999923706055,40.25,486,Cotton,CT=F
2001-07-12,41.400001525878906,42.04999923706055,41.0,41.599998474121094,873,Cotton,CT=F
2001-07-13,39.5,41.349998474121094,39.5,41.29999923706055,490,Cotton,CT=F
2001-07-16,39.900001525878906,39.900001525878906,39.04999923706055,39.5,363,Cotton,CT=F
2001-07-17,39.72999954223633,40.79999923706055,39.70000076293945,40.2599983215332,333,Cotton,CT=F
2001-07-18,40.599998474121094,40.650001525878906,39.5,39.70000076293945,306,Cotton,CT=F
2001-07-19,40.20000076293945,41.04999923706055,40.150001525878906,40.79999923706055,293,Cotton,CT=F
2001-07-20,39.470001220703125,40.150001525878906,39.29999923706055,40.150001525878906,260,Cotton,CT=F
2001-07-23,40.5,40.599998474121094,39.5,39.599998474121094,188,Cotton,CT=F
2001-07-24,39.93000030517578,40.75,39.70000076293945,40.599998474121094,234,Cotton,CT=F
2001-07-25,40.5,40.5,39.849998474121094,39.93000030517578,810,Cotton,CT=F
2001-07-26,41.97999954223633,42.0,40.150001525878906,40.150001525878906,1005,Cotton,CT=F
2001-07-27,42.09000015258789,43.25,41.400001525878906,41.900001525878906,408,Cotton,CT=F
2001-07-30,41.7400016784668,42.79999923706055,41.650001525878906,42.70000076293945,357,Cotton,CT=F
2001-07-31,41.900001525878906,42.189998626708984,41.599998474121094,41.77000045776367,428,Cotton,CT=F
2001-08-01,41.279998779296875,42.0,41.25,41.900001525878906,302,Cotton,CT=F
2001-08-02,41.15999984741211,41.849998474121094,41.0099983215332,41.29999923706055,510,Cotton,CT=F
2001-08-03,41.900001525878906,42.0,41.29999923706055,41.349998474121094,212,Cotton,CT=F
2001-08-06,41.970001220703125,42.0,41.599998474121094,41.900001525878906,450,Cotton,CT=F
2001-08-07,41.130001068115234,42.650001525878906,41.04999923706055,42.5,464,Cotton,CT=F
2001-08-08,40.81999969482422,41.25,40.599998474121094,41.099998474121094,272,Cotton,CT=F
2001-08-09,40.45000076293945,40.79999923706055,40.400001525878906,40.619998931884766,1379,Cotton,CT=F
2001-08-10,38.45000076293945,39.5,38.0,39.5,294,Cotton,CT=F
2001-08-13,38.400001525878906,38.54999923706055,38.099998474121094,38.20000076293945,282,Cotton,CT=F
2001-08-14,38.7599983215332,38.900001525878906,38.349998474121094,38.349998474121094,397,Cotton,CT=F
2001-08-15,38.720001220703125,38.849998474121094,38.400001525878906,38.849998474121094,240,Cotton,CT=F
2001-08-16,38.70000076293945,38.900001525878906,38.599998474121094,38.779998779296875,236,Cotton,CT=F
2001-08-17,38.279998779296875,38.900001525878906,38.25,38.75,166,Cotton,CT=F
2001-08-20,38.380001068115234,38.79999923706055,38.20000076293945,38.5,310,Cotton,CT=F
2001-08-21,38.349998474121094,38.5,38.29999923706055,38.5,355,Cotton,CT=F
2001-08-22,38.36000061035156,38.400001525878906,37.90999984741211,38.20000076293945,339,Cotton,CT=F
2001-08-23,38.040000915527344,38.70000076293945,38.0,38.400001525878906,221,Cotton,CT=F
2001-08-24,38.0,38.20000076293945,37.849998474121094,38.0,458,Cotton,CT=F
2001-08-27,38.5,39.25,37.810001373291016,37.900001525878906,217,Cotton,CT=F
2001-08-28,38.349998474121094,38.95000076293945,38.349998474121094,38.75,102,Cotton,CT=F
2001-08-29,38.54999923706055,38.599998474121094,38.220001220703125,38.5,491,Cotton,CT=F
2001-08-30,37.900001525878906,38.599998474121094,37.650001525878906,38.599998474121094,113,Cotton,CT=F
2001-08-31,37.939998626708984,38.29999923706055,37.900001525878906,38.0,532,Cotton,CT=F
2001-09-04,38.880001068115234,39.0,38.04999923706055,38.04999923706055,612,Cotton,CT=F
2001-09-05,38.25,38.650001525878906,37.61000061035156,38.599998474121094,859,Cotton,CT=F
2001-09-06,37.099998474121094,38.099998474121094,37.04999923706055,38.04999923706055,478,Cotton,CT=F
2001-09-07,36.5,37.349998474121094,36.5,37.20000076293945,0,Cotton,CT=F
2001-09-10,36.5,36.849998474121094,36.5,36.619998931884766,682,Cotton,CT=F
2001-09-17,35.58000183105469,36.5,35.5,36.5,833,Cotton,CT=F
2001-09-18,35.150001525878906,35.45000076293945,35.0,35.45000076293945,1170,Cotton,CT=F
2001-09-19,34.29999923706055,34.79999923706055,34.29999923706055,34.79999923706055,968,Cotton,CT=F
2001-09-20,34.41999816894531,34.5,33.599998474121094,33.79999923706055,2073,Cotton,CT=F
2001-09-21,34.34000015258789,34.400001525878906,34.099998474121094,34.25,168,Cotton,CT=F
2001-09-24,35.380001068115234,35.5,34.70000076293945,34.70000076293945,115,Cotton,CT=F
2001-09-25,35.0,35.29999923706055,34.79999923706055,35.29999923706055,9,Cotton,CT=F
2001-09-26,34.900001525878906,34.900001525878906,34.900001525878906,34.900001525878906,30,Cotton,CT=F
2001-09-27,33.150001525878906,34.79999923706055,33.150001525878906,34.70000076293945,5,Cotton,CT=F
2001-09-28,33.5,33.75,33.5,33.75,15,Cotton,CT=F
2001-10-01,33.29999923706055,34.0,32.5,32.65999984741211,9,Cotton,CT=F
2001-10-02,33.95000076293945,33.95000076293945,33.599998474121094,33.599998474121094,8,Cotton,CT=F
2001-10-03,33.45000076293945,34.5,33.45000076293945,34.5,2,Cotton,CT=F
2001-10-04,33.0,33.400001525878906,33.0,33.400001525878906,9,Cotton,CT=F
2001-10-05,31.950000762939453,33.5,31.899999618530273,33.5,5,Cotton,CT=F
2001-10-08,31.100000381469727,31.799999237060547,30.5,31.799999237060547,0,Cotton,CT=F
2001-10-09,30.649999618530273,30.700000762939453,29.5,29.799999237060547,0,Cotton,CT=F
2001-10-10,31.200000762939453,31.200000762939453,31.200000762939453,31.200000762939453,0,Cotton,CT=F
2001-10-11,31.0,31.0,31.0,31.0,0,Cotton,CT=F
2001-10-12,32.0099983215332,32.150001525878906,31.309999465942383,31.5,0,Cotton,CT=F
2001-10-15,31.329999923706055,32.20000076293945,31.260000228881836,31.760000228881836,0,Cotton,CT=F
2001-10-16,31.469999313354492,31.600000381469727,30.799999237060547,31.100000381469727,0,Cotton,CT=F
2001-10-17,31.530000686645508,31.700000762939453,31.25,31.540000915527344,0,Cotton,CT=F
2001-10-18,31.18000030517578,31.600000381469727,30.950000762939453,31.399999618530273,0,Cotton,CT=F
2001-10-19,30.549999237060547,31.389999389648438,30.510000228881836,30.979999542236328,0,Cotton,CT=F
2001-10-22,29.809999465942383,30.350000381469727,29.600000381469727,30.200000762939453,0,Cotton,CT=F
2001-10-23,29.760000228881836,30.0,29.600000381469727,29.700000762939453,0,Cotton,CT=F
2001-10-24,29.09000015258789,29.489999771118164,28.90999984741211,29.489999771118164,0,Cotton,CT=F
2001-10-25,28.520000457763672,28.950000762939453,28.5,28.799999237060547,0,Cotton,CT=F
2001-10-26,28.860000610351562,29.100000381469727,28.200000762939453,28.350000381469727,0,Cotton,CT=F
2001-10-29,28.940000534057617,29.200000762939453,28.649999618530273,28.649999618530273,0,Cotton,CT=F
2001-10-30,28.920000076293945,28.989999771118164,28.549999237060547,28.600000381469727,0,Cotton,CT=F
2001-10-31,29.899999618530273,29.899999618530273,28.850000381469727,28.899999618530273,0,Cotton,CT=F
2001-11-01,30.030000686645508,30.600000381469727,29.75,29.799999237060547,0,Cotton,CT=F
2001-11-02,29.959999084472656,30.450000762939453,29.770000457763672,30.399999618530273,0,Cotton,CT=F
2001-11-05,30.579999923706055,30.649999618530273,30.049999237060547,30.100000381469727,0,Cotton,CT=F
2001-11-06,30.809999465942383,30.950000762939453,30.450000762939453,30.850000381469727,0,Cotton,CT=F
2001-11-07,32.22999954223633,33.70000076293945,31.100000381469727,31.200000762939453,0,Cotton,CT=F
2001-11-08,32.150001525878906,32.650001525878906,31.600000381469727,32.25,0,Cotton,CT=F
2001-11-09,32.779998779296875,32.849998474121094,32.0,32.29999923706055,0,Cotton,CT=F
2001-11-13,35.209999084472656,35.400001525878906,33.5,33.58000183105469,0,Cotton,CT=F
2001-11-14,35.439998626708984,35.599998474121094,34.599998474121094,35.25,0,Cotton,CT=F
2001-11-15,34.2599983215332,35.0,33.400001525878906,35.0,0,Cotton,CT=F
2001-11-16,34.709999084472656,35.439998626708984,34.349998474121094,34.349998474121094,0,Cotton,CT=F
2001-11-19,34.09000015258789,34.5,33.900001525878906,34.349998474121094,0,Cotton,CT=F
2001-11-20,33.81999969482422,34.20000076293945,33.599998474121094,33.900001525878906,0,Cotton,CT=F
2001-11-21,33.81999969482422,34.5,33.5,33.5,0,Cotton,CT=F
2001-11-26,33.779998779296875,34.099998474121094,33.599998474121094,33.70000076293945,0,Cotton,CT=F
2001-11-27,34.0,34.099998474121094,32.900001525878906,34.099998474121094,0,Cotton,CT=F
2001-11-28,35.779998779296875,36.20000076293945,35.0,35.0,0,Cotton,CT=F
2001-11-29,36.70000076293945,37.0,35.79999923706055,37.0,0,Cotton,CT=F
2001-11-30,37.29999923706055,37.900001525878906,36.70000076293945,37.900001525878906,0,Cotton,CT=F
2001-12-03,35.40999984741211,37.0,35.40999984741211,37.0,0,Cotton,CT=F
2001-12-04,34.709999084472656,35.099998474121094,34.45000076293945,35.099998474121094,4643,Cotton,CT=F
2001-12-05,36.779998779296875,37.150001525878906,36.65999984741211,37.0,6331,Cotton,CT=F
2001-12-06,37.93000030517578,38.29999923706055,36.810001373291016,36.810001373291016,4177,Cotton,CT=F
2001-12-07,37.34000015258789,38.75,37.25,38.70000076293945,5485,Cotton,CT=F
2001-12-10,36.34000015258789,37.5,36.099998474121094,37.5,4562,Cotton,CT=F
2001-12-11,37.11000061035156,37.20000076293945,36.349998474121094,37.0,4067,Cotton,CT=F
2001-12-12,36.11000061035156,37.29999923706055,36.04999923706055,37.04999923706055,5946,Cotton,CT=F
2001-12-13,35.150001525878906,35.900001525878906,35.099998474121094,35.849998474121094,8943,Cotton,CT=F
2001-12-14,37.29999923706055,37.5,34.90999984741211,35.0,5781,Cotton,CT=F
2001-12-17,37.45000076293945,37.599998474121094,36.25,37.0,2161,Cotton,CT=F
2001-12-18,36.810001373291016,37.400001525878906,36.75,37.29999923706055,5236,Cotton,CT=F
2001-12-19,36.45000076293945,36.5,35.25,36.0,2182,Cotton,CT=F
2001-12-20,35.90999984741211,36.20000076293945,35.56999969482422,35.650001525878906,2182,Cotton,CT=F
2001-12-21,36.22999954223633,36.400001525878906,35.81999969482422,35.91999816894531,1590,Cotton,CT=F
2001-12-26,36.5,36.79999923706055,35.81999969482422,36.0,1717,Cotton,CT=F
2001-12-27,36.33000183105469,36.70000076293945,36.0099983215332,36.5,4133,Cotton,CT=F
2001-12-28,35.59000015258789,36.20000076293945,35.5,35.90999984741211,4358,Cotton,CT=F
2002-01-02,36.459999084472656,36.599998474121094,35.0,35.099998474121094,2549,Cotton,CT=F
2002-01-03,36.13999938964844,36.650001525878906,36.02000045776367,36.599998474121094,10339,Cotton,CT=F
2002-01-04,36.619998931884766,38.06999969482422,35.599998474121094,35.95000076293945,3604,Cotton,CT=F
2002-01-07,37.560001373291016,37.70000076293945,36.70000076293945,37.099998474121094,5918,Cotton,CT=F
2002-01-08,38.45000076293945,38.5,37.54999923706055,37.65999984741211,3861,Cotton,CT=F
2002-01-09,37.72999954223633,38.400001525878906,37.70000076293945,38.400001525878906,6493,Cotton,CT=F
2002-01-10,37.400001525878906,37.900001525878906,37.0,37.77000045776367,4619,Cotton,CT=F
2002-01-11,37.040000915527344,37.79999923706055,36.849998474121094,37.400001525878906,3302,Cotton,CT=F
2002-01-14,36.650001525878906,37.25,36.54999923706055,37.060001373291016,4418,Cotton,CT=F
2002-01-15,37.34000015258789,37.400001525878906,36.29999923706055,36.599998474121094,4517,Cotton,CT=F
2002-01-16,37.68000030517578,38.0,37.400001525878906,37.5,5779,Cotton,CT=F
2002-01-17,37.959999084472656,38.0,37.25,37.66999816894531,5199,Cotton,CT=F
2002-01-18,37.33000183105469,38.349998474121094,37.150001525878906,38.20000076293945,4877,Cotton,CT=F
2002-01-22,36.779998779296875,37.599998474121094,36.709999084472656,37.04999923706055,3686,Cotton,CT=F
2002-01-23,36.72999954223633,36.88999938964844,36.400001525878906,36.599998474121094,6870,Cotton,CT=F
2002-01-24,36.09000015258789,36.5,35.95000076293945,36.5,5325,Cotton,CT=F
2002-01-25,36.68000030517578,36.900001525878906,36.0,36.0,2796,Cotton,CT=F
2002-01-28,36.209999084472656,36.900001525878906,36.099998474121094,36.79999923706055,4144,Cotton,CT=F
2002-01-29,36.540000915527344,36.599998474121094,35.970001220703125,36.2599983215332,8771,Cotton,CT=F
2002-01-30,35.52000045776367,36.349998474121094,35.5,36.29999923706055,8002,Cotton,CT=F
2002-01-31,35.47999954223633,35.75,35.29999923706055,35.52000045776367,11984,Cotton,CT=F
2002-02-01,37.45000076293945,37.5,35.849998474121094,35.900001525878906,9174,Cotton,CT=F
2002-02-04,37.83000183105469,38.099998474121094,37.04999923706055,37.400001525878906,4065,Cotton,CT=F
2002-02-05,37.29999923706055,37.650001525878906,37.099998474121094,37.650001525878906,3653,Cotton,CT=F
2002-02-06,37.369998931884766,37.5,37.119998931884766,37.400001525878906,7394,Cotton,CT=F
2002-02-07,38.13999938964844,38.400001525878906,37.400001525878906,37.5,7125,Cotton,CT=F
2002-02-08,38.2599983215332,38.650001525878906,37.70000076293945,37.95000076293945,6793,Cotton,CT=F
2002-02-11,37.459999084472656,38.04999923706055,37.20000076293945,37.599998474121094,5510,Cotton,CT=F
2002-02-12,38.439998626708984,38.5,37.119998931884766,37.2400016784668,13515,Cotton,CT=F
2002-02-13,35.70000076293945,39.099998474121094,35.5,38.400001525878906,6896,Cotton,CT=F
2002-02-14,36.310001373291016,36.869998931884766,35.79999923706055,36.0,4469,Cotton,CT=F
2002-02-15,35.56999969482422,36.27000045776367,35.400001525878906,36.27000045776367,6529,Cotton,CT=F
2002-02-19,33.849998474121094,35.75,33.79999923706055,35.66999816894531,4441,Cotton,CT=F
2002-02-20,33.5,34.099998474121094,33.29999923706055,33.79999923706055,4617,Cotton,CT=F
2002-02-21,33.060001373291016,34.0,33.0099983215332,33.599998474121094,476,Cotton,CT=F
2002-02-22,33.529998779296875,34.400001525878906,33.29999923706055,33.400001525878906,117,Cotton,CT=F
2002-02-25,34.099998474121094,34.29999923706055,33.529998779296875,33.529998779296875,98,Cotton,CT=F
2002-02-26,34.70000076293945,34.900001525878906,34.29999923706055,34.29999923706055,97,Cotton,CT=F
2002-02-27,35.099998474121094,35.599998474121094,35.0,35.25,40,Cotton,CT=F
2002-02-28,33.70000076293945,35.900001525878906,33.70000076293945,35.20000076293945,9,Cotton,CT=F
2002-03-01,34.54999923706055,34.79999923706055,34.5,34.5,85,Cotton,CT=F
2002-03-04,34.599998474121094,35.20000076293945,34.5,34.5,16,Cotton,CT=F
2002-03-05,35.150001525878906,35.25,34.900001525878906,35.0,0,Cotton,CT=F
2002-03-06,34.95000076293945,35.150001525878906,34.95000076293945,35.150001525878906,12601,Cotton,CT=F
2002-03-07,38.45000076293945,38.599998474121094,36.79999923706055,36.79999923706055,8612,Cotton,CT=F
2002-03-08,37.83000183105469,38.599998474121094,37.79999923706055,38.20000076293945,2886,Cotton,CT=F
2002-03-11,38.119998931884766,38.400001525878906,37.900001525878906,38.0,3552,Cotton,CT=F
2002-03-12,37.54999923706055,38.38999938964844,37.400001525878906,38.29999923706055,5581,Cotton,CT=F
2002-03-13,38.29999923706055,38.400001525878906,37.11000061035156,37.560001373291016,7528,Cotton,CT=F
2002-03-14,38.810001373291016,39.04999923706055,38.5,38.529998779296875,6409,Cotton,CT=F
2002-03-15,38.70000076293945,38.79999923706055,38.060001373291016,38.79999923706055,2547,Cotton,CT=F
2002-03-18,38.689998626708984,38.75,38.150001525878906,38.5,3599,Cotton,CT=F
2002-03-19,38.7599983215332,38.84000015258789,38.25,38.79999923706055,3454,Cotton,CT=F
2002-03-20,38.95000076293945,39.0,38.5,38.650001525878906,9417,Cotton,CT=F
2002-03-21,39.810001373291016,39.900001525878906,39.099998474121094,39.099998474121094,9270,Cotton,CT=F
2002-03-22,39.20000076293945,40.189998626708984,39.04999923706055,39.849998474121094,4773,Cotton,CT=F
2002-03-25,38.709999084472656,38.900001525878906,38.349998474121094,38.900001525878906,3940,Cotton,CT=F
2002-03-26,38.15999984741211,38.75,38.119998931884766,38.5,5057,Cotton,CT=F
2002-03-27,39.38999938964844,39.45000076293945,38.11000061035156,38.13999938964844,9337,Cotton,CT=F
2002-03-28,38.15999984741211,38.900001525878906,38.060001373291016,38.86000061035156,3491,Cotton,CT=F
2002-04-01,38.40999984741211,38.45000076293945,37.81999969482422,38.15999984741211,7837,Cotton,CT=F
2002-04-02,38.630001068115234,38.70000076293945,37.599998474121094,38.400001525878906,3834,Cotton,CT=F
2002-04-03,38.20000076293945,38.900001525878906,38.04999923706055,38.54999923706055,3891,Cotton,CT=F
2002-04-04,37.720001220703125,38.29999923706055,37.650001525878906,38.04999923706055,4623,Cotton,CT=F
2002-04-05,37.72999954223633,37.88999938964844,37.45000076293945,37.720001220703125,5483,Cotton,CT=F
2002-04-08,37.060001373291016,37.54999923706055,37.02000045776367,37.45000076293945,6548,Cotton,CT=F
2002-04-09,36.86000061035156,37.0,36.560001373291016,36.79999923706055,9325,Cotton,CT=F
2002-04-10,38.13999938964844,39.099998474121094,36.79999923706055,36.86000061035156,6330,Cotton,CT=F
2002-04-11,37.369998931884766,38.20000076293945,37.29999923706055,37.900001525878906,4623,Cotton,CT=F
2002-04-12,37.04999923706055,37.099998474121094,36.599998474121094,36.849998474121094,3648,Cotton,CT=F
2002-04-15,36.470001220703125,37.099998474121094,36.349998474121094,36.54999923706055,2383,Cotton,CT=F
2002-04-16,36.779998779296875,36.880001068115234,36.43000030517578,36.52000045776367,2739,Cotton,CT=F
2002-04-17,36.459999084472656,37.20000076293945,36.45000076293945,36.779998779296875,4615,Cotton,CT=F
2002-04-18,35.349998474121094,36.5,35.29999923706055,36.25,2393,Cotton,CT=F
2002-04-19,34.5,35.400001525878906,34.400001525878906,35.25,2391,Cotton,CT=F
2002-04-22,34.459999084472656,34.75,34.400001525878906,34.5,3315,Cotton,CT=F
2002-04-23,34.349998474121094,34.79999923706055,34.20000076293945,34.70000076293945,360,Cotton,CT=F
2002-04-24,35.75,36.0,35.0,35.0,161,Cotton,CT=F
2002-04-25,35.0,35.79999923706055,35.0,35.29999923706055,29,Cotton,CT=F
2002-04-26,33.54999923706055,34.5,33.5,34.5,9,Cotton,CT=F
2002-04-29,32.79999923706055,32.79999923706055,32.79999923706055,32.79999923706055,10,Cotton,CT=F
2002-04-30,33.349998474121094,33.599998474121094,33.349998474121094,33.599998474121094,1,Cotton,CT=F
2002-05-01,33.5,33.5,33.5,33.5,0,Cotton,CT=F
2002-05-02,32.099998474121094,32.099998474121094,32.099998474121094,32.099998474121094,6,Cotton,CT=F
2002-05-03,31.899999618530273,31.899999618530273,31.5,31.899999618530273,5,Cotton,CT=F
2002-05-06,32.04999923706055,32.04999923706055,31.899999618530273,31.899999618530273,26,Cotton,CT=F
2002-05-07,31.469999313354492,32.20000076293945,31.469999313354492,32.099998474121094,0,Cotton,CT=F
2002-05-08,32.20000076293945,32.400001525878906,32.20000076293945,32.400001525878906,3746,Cotton,CT=F
2002-05-09,33.95000076293945,34.400001525878906,33.75,34.20000076293945,7358,Cotton,CT=F
2002-05-10,35.209999084472656,35.900001525878906,35.04999923706055,35.25,6018,Cotton,CT=F
2002-05-13,34.709999084472656,35.79999923706055,34.70000076293945,35.599998474121094,2576,Cotton,CT=F
2002-05-14,35.16999816894531,35.349998474121094,34.709999084472656,35.150001525878906,4968,Cotton,CT=F
2002-05-15,36.11000061035156,36.20000076293945,35.45000076293945,35.45000076293945,5564,Cotton,CT=F
2002-05-16,35.47999954223633,36.5,35.29999923706055,36.29999923706055,2253,Cotton,CT=F
2002-05-17,35.88999938964844,36.099998474121094,35.560001373291016,35.70000076293945,3381,Cotton,CT=F
2002-05-20,35.7400016784668,36.29999923706055,35.25,36.04999923706055,5263,Cotton,CT=F
2002-05-21,36.45000076293945,36.5,35.650001525878906,35.79999923706055,5679,Cotton,CT=F
2002-05-22,37.150001525878906,37.20000076293945,36.5,36.650001525878906,7301,Cotton,CT=F
2002-05-23,37.29999923706055,37.599998474121094,36.849998474121094,36.900001525878906,4478,Cotton,CT=F
2002-05-24,36.939998626708984,37.25,36.599998474121094,36.810001373291016,10406,Cotton,CT=F
2002-05-28,38.25,38.349998474121094,37.04999923706055,37.04999923706055,8054,Cotton,CT=F
2002-05-29,38.150001525878906,38.5,37.5,38.5,4486,Cotton,CT=F
2002-05-30,38.2400016784668,38.349998474121094,37.599998474121094,38.02000045776367,10015,Cotton,CT=F
2002-05-31,39.470001220703125,39.5,38.70000076293945,38.70000076293945,5972,Cotton,CT=F
2002-06-03,39.47999954223633,39.849998474121094,39.099998474121094,39.400001525878906,4113,Cotton,CT=F
2002-06-04,38.83000183105469,38.900001525878906,38.5,38.900001525878906,4544,Cotton,CT=F
2002-06-05,39.029998779296875,39.45000076293945,38.79999923706055,38.83000183105469,5899,Cotton,CT=F
2002-06-06,39.15999984741211,39.689998626708984,38.54999923706055,38.79999923706055,3991,Cotton,CT=F
2002-06-07,39.150001525878906,39.349998474121094,38.650001525878906,39.0,5281,Cotton,CT=F
2002-06-10,38.709999084472656,38.95000076293945,38.29999923706055,38.849998474121094,3869,Cotton,CT=F
2002-06-11,38.95000076293945,39.04999923706055,38.400001525878906,38.61000061035156,7787,Cotton,CT=F
2002-06-12,40.06999969482422,40.2400016784668,38.91999816894531,38.95000076293945,7831,Cotton,CT=F
2002-06-13,39.540000915527344,40.400001525878906,39.5,40.0,5083,Cotton,CT=F
2002-06-14,38.9900016784668,39.5,38.95000076293945,39.25,5425,Cotton,CT=F
2002-06-17,39.7599983215332,40.0,38.95000076293945,38.9900016784668,4347,Cotton,CT=F
2002-06-18,39.47999954223633,39.95000076293945,39.29999923706055,39.86000061035156,2908,Cotton,CT=F
2002-06-19,39.849998474121094,39.900001525878906,39.099998474121094,39.29999923706055,5735,Cotton,CT=F
2002-06-20,42.849998474121094,42.849998474121094,39.79999923706055,39.79999923706055,3621,Cotton,CT=F
2002-06-21,43.09000015258789,43.95000076293945,42.0,42.349998474121094,507,Cotton,CT=F
2002-06-24,43.47999954223633,43.5,42.349998474121094,43.0,141,Cotton,CT=F
2002-06-25,43.79999923706055,45.0,42.79999923706055,42.79999923706055,70,Cotton,CT=F
2002-06-26,43.900001525878906,44.25,43.599998474121094,43.599998474121094,46,Cotton,CT=F
2002-06-27,43.900001525878906,44.599998474121094,43.20000076293945,43.900001525878906,33,Cotton,CT=F
2002-06-28,46.79999923706055,46.79999923706055,43.5,44.400001525878906,32,Cotton,CT=F
2002-07-01,45.29999923706055,46.79999923706055,45.29999923706055,46.70000076293945,27,Cotton,CT=F
2002-07-02,45.25,46.5,44.0,44.0,0,Cotton,CT=F
2002-07-03,46.04999923706055,46.04999923706055,45.29999923706055,45.29999923706055,67,Cotton,CT=F
2002-07-08,44.75,45.5,44.75,45.5,0,Cotton,CT=F
2002-07-09,44.84000015258789,45.349998474121094,44.79999923706055,45.0,405,Cotton,CT=F
2002-07-10,47.95000076293945,48.04999923706055,46.54999923706055,46.54999923706055,808,Cotton,CT=F
2002-07-11,46.060001373291016,48.20000076293945,45.849998474121094,47.0,715,Cotton,CT=F
2002-07-12,44.7400016784668,47.470001220703125,44.709999084472656,46.2599983215332,1221,Cotton,CT=F
2002-07-15,43.4900016784668,44.599998474121094,43.25,44.400001525878906,776,Cotton,CT=F
2002-07-16,43.380001068115234,44.099998474121094,43.20000076293945,43.54999923706055,553,Cotton,CT=F
2002-07-17,45.099998474121094,45.400001525878906,43.70000076293945,43.70000076293945,575,Cotton,CT=F
2002-07-18,46.939998626708984,47.099998474121094,44.650001525878906,44.900001525878906,421,Cotton,CT=F
2002-07-19,47.099998474121094,47.619998931884766,46.34000015258789,47.20000076293945,245,Cotton,CT=F
2002-07-22,47.540000915527344,47.54999923706055,47.099998474121094,47.150001525878906,663,Cotton,CT=F
2002-07-23,46.33000183105469,47.650001525878906,45.70000076293945,47.29999923706055,337,Cotton,CT=F
2002-07-24,45.900001525878906,46.75,45.349998474121094,46.0,236,Cotton,CT=F
2002-07-25,45.939998626708984,46.20000076293945,45.29999923706055,45.400001525878906,257,Cotton,CT=F
2002-07-26,45.75,46.04999923706055,45.5,45.7400016784668,345,Cotton,CT=F
2002-07-29,45.25,45.400001525878906,44.900001525878906,45.400001525878906,403,Cotton,CT=F
2002-07-30,47.029998779296875,47.04999923706055,45.0,45.369998931884766,279,Cotton,CT=F
2002-07-31,46.95000076293945,47.630001068115234,46.599998474121094,47.25,222,Cotton,CT=F
2002-08-01,47.2599983215332,47.349998474121094,46.54999923706055,46.75,214,Cotton,CT=F
2002-08-02,46.47999954223633,47.29999923706055,46.349998474121094,47.20000076293945,664,Cotton,CT=F
2002-08-05,44.220001220703125,46.20000076293945,44.099998474121094,46.20000076293945,324,Cotton,CT=F
2002-08-06,44.79999923706055,45.650001525878906,44.20000076293945,44.349998474121094,156,Cotton,CT=F
2002-08-07,44.959999084472656,45.20000076293945,44.79999923706055,44.79999923706055,92,Cotton,CT=F
2002-08-08,44.599998474121094,45.400001525878906,44.599998474121094,44.75,292,Cotton,CT=F
2002-08-09,44.290000915527344,45.099998474121094,43.900001525878906,44.220001220703125,576,Cotton,CT=F
2002-08-12,45.43000030517578,47.290000915527344,43.7599983215332,43.79999923706055,178,Cotton,CT=F
2002-08-13,44.97999954223633,46.29999923706055,44.79999923706055,46.0,109,Cotton,CT=F
2002-08-14,45.47999954223633,45.5,44.599998474121094,45.099998474121094,211,Cotton,CT=F
2002-08-15,44.220001220703125,45.95000076293945,44.150001525878906,45.52000045776367,285,Cotton,CT=F
2002-08-16,44.2599983215332,44.900001525878906,43.95000076293945,44.20000076293945,177,Cotton,CT=F
2002-08-19,45.130001068115234,45.20000076293945,43.79999923706055,44.0,424,Cotton,CT=F
2002-08-20,43.70000076293945,45.099998474121094,43.70000076293945,45.099998474121094,624,Cotton,CT=F
2002-08-21,43.04999923706055,44.29999923706055,43.0,43.70000076293945,431,Cotton,CT=F
2002-08-22,43.939998626708984,44.0,42.79999923706055,43.0,211,Cotton,CT=F
2002-08-23,43.79999923706055,44.900001525878906,43.5,43.540000915527344,382,Cotton,CT=F
2002-08-26,43.20000076293945,43.91999816894531,43.04999923706055,43.91999816894531,215,Cotton,CT=F
2002-08-27,43.349998474121094,43.75,43.04999923706055,43.560001373291016,591,Cotton,CT=F
2002-08-28,45.22999954223633,45.5,44.400001525878906,44.79999923706055,189,Cotton,CT=F
2002-08-29,45.0,45.150001525878906,44.29999923706055,45.0,186,Cotton,CT=F
2002-08-30,44.65999984741211,44.849998474121094,44.5,44.70000076293945,265,Cotton,CT=F
2002-09-03,43.79999923706055,44.5,43.70000076293945,44.5,368,Cotton,CT=F
2002-09-04,43.5,44.0,43.29999923706055,44.0,405,Cotton,CT=F
2002-09-05,43.84000015258789,44.400001525878906,43.04999923706055,43.29999923706055,238,Cotton,CT=F
2002-09-06,43.34000015258789,44.04999923706055,43.29999923706055,43.9900016784668,353,Cotton,CT=F
2002-09-09,43.38999938964844,43.70000076293945,43.0,43.0,275,Cotton,CT=F
2002-09-10,43.43000030517578,43.599998474121094,43.060001373291016,43.5,248,Cotton,CT=F
2002-09-11,43.209999084472656,43.58000183105469,43.0,43.58000183105469,774,Cotton,CT=F
2002-09-12,41.72999954223633,44.0,41.599998474121094,43.75,816,Cotton,CT=F
2002-09-13,41.27000045776367,42.0,41.25,41.900001525878906,291,Cotton,CT=F
2002-09-16,41.150001525878906,41.650001525878906,41.04999923706055,41.20000076293945,437,Cotton,CT=F
2002-09-17,41.18000030517578,41.5,41.04999923706055,41.29999923706055,350,Cotton,CT=F
2002-09-18,41.95000076293945,41.95000076293945,41.5,41.900001525878906,347,Cotton,CT=F
2002-09-19,41.849998474121094,42.20000076293945,41.70000076293945,41.97999954223633,451,Cotton,CT=F
2002-09-20,41.95000076293945,42.599998474121094,41.95000076293945,42.150001525878906,629,Cotton,CT=F
2002-09-23,41.79999923706055,42.150001525878906,41.099998474121094,42.099998474121094,98,Cotton,CT=F
2002-09-24,42.150001525878906,42.5,42.0,42.5,39,Cotton,CT=F
2002-09-25,41.79999923706055,42.25,41.5,42.25,130,Cotton,CT=F
2002-09-26,41.70000076293945,41.70000076293945,41.099998474121094,41.29999923706055,10,Cotton,CT=F
2002-09-27,42.29999923706055,42.29999923706055,42.150001525878906,42.150001525878906,21,Cotton,CT=F
2002-09-30,42.400001525878906,42.400001525878906,42.0,42.20000076293945,33,Cotton,CT=F
2002-10-01,43.38999938964844,43.38999938964844,42.599998474121094,42.599998474121094,27,Cotton,CT=F
2002-10-02,44.20000076293945,44.20000076293945,43.79999923706055,43.849998474121094,16,Cotton,CT=F
2002-10-03,42.54999923706055,44.20000076293945,42.5,43.599998474121094,34,Cotton,CT=F
2002-10-04,40.599998474121094,43.0,40.5,43.0,5,Cotton,CT=F
2002-10-07,41.099998474121094,41.099998474121094,40.5,40.5,6,Cotton,CT=F
2002-10-08,41.04999923706055,41.20000076293945,40.95000076293945,41.20000076293945,0,Cotton,CT=F
2002-10-09,41.41999816894531,41.41999816894531,41.41999816894531,41.41999816894531,3416,Cotton,CT=F
2002-10-10,43.540000915527344,43.79999923706055,43.25,43.29999923706055,4418,Cotton,CT=F
2002-10-11,42.84000015258789,43.54999923706055,42.54999923706055,43.119998931884766,3501,Cotton,CT=F
2002-10-14,42.7599983215332,43.45000076293945,42.54999923706055,42.650001525878906,7723,Cotton,CT=F
2002-10-15,44.040000915527344,44.70000076293945,43.70000076293945,43.70000076293945,3230,Cotton,CT=F
2002-10-16,43.58000183105469,43.83000183105469,43.45000076293945,43.83000183105469,3156,Cotton,CT=F
2002-10-17,44.040000915527344,44.150001525878906,43.27000045776367,43.650001525878906,4800,Cotton,CT=F
2002-10-18,44.45000076293945,44.650001525878906,43.75,43.79999923706055,6283,Cotton,CT=F
2002-10-21,44.400001525878906,45.150001525878906,44.310001373291016,44.400001525878906,3363,Cotton,CT=F
2002-10-22,44.72999954223633,44.79999923706055,44.15999984741211,44.400001525878906,3831,Cotton,CT=F
2002-10-23,45.209999084472656,45.29999923706055,44.900001525878906,45.099998474121094,9237,Cotton,CT=F
2002-10-24,45.88999938964844,45.900001525878906,45.349998474121094,45.400001525878906,15296,Cotton,CT=F
2002-10-25,46.630001068115234,47.0,45.900001525878906,46.04999923706055,6497,Cotton,CT=F
2002-10-28,46.310001373291016,46.900001525878906,46.25,46.849998474121094,4235,Cotton,CT=F
2002-10-29,46.220001220703125,46.25,45.599998474121094,45.95000076293945,3139,Cotton,CT=F
2002-10-30,46.099998474121094,46.599998474121094,46.04999923706055,46.45000076293945,8562,Cotton,CT=F
2002-10-31,46.25,46.75,45.88999938964844,45.95000076293945,6324,Cotton,CT=F
2002-11-01,46.90999984741211,46.95000076293945,45.95000076293945,46.29999923706055,17628,Cotton,CT=F
2002-11-04,49.130001068115234,49.150001525878906,47.5,47.5,21545,Cotton,CT=F
2002-11-05,47.95000076293945,50.099998474121094,47.40999984741211,49.400001525878906,5579,Cotton,CT=F
2002-11-06,47.689998626708984,48.79999923706055,47.599998474121094,48.79999923706055,6358,Cotton,CT=F
2002-11-07,48.22999954223633,48.45000076293945,47.150001525878906,47.400001525878906,7316,Cotton,CT=F
2002-11-08,48.38999938964844,48.70000076293945,48.099998474121094,48.4900016784668,6320,Cotton,CT=F
2002-11-11,48.41999816894531,48.79999923706055,47.900001525878906,48.650001525878906,8728,Cotton,CT=F
2002-11-12,47.56999969482422,48.5,47.5,47.900001525878906,8967,Cotton,CT=F
2002-11-13,47.349998474121094,47.599998474121094,46.599998474121094,47.58000183105469,9232,Cotton,CT=F
2002-11-14,47.66999816894531,47.95000076293945,47.099998474121094,47.54999923706055,10798,Cotton,CT=F
2002-11-15,49.0099983215332,49.599998474121094,47.70000076293945,47.70000076293945,12698,Cotton,CT=F
2002-11-18,48.209999084472656,49.29999923706055,48.099998474121094,49.20000076293945,10495,Cotton,CT=F
2002-11-19,46.79999923706055,48.220001220703125,46.720001220703125,48.209999084472656,6354,Cotton,CT=F
2002-11-20,47.810001373291016,48.0,46.150001525878906,46.5,1070,Cotton,CT=F
2002-11-21,47.290000915527344,47.79999923706055,47.20000076293945,47.70000076293945,140,Cotton,CT=F
2002-11-22,47.45000076293945,47.689998626708984,47.0,47.0,78,Cotton,CT=F
2002-11-25,47.849998474121094,47.849998474121094,47.04999923706055,47.04999923706055,55,Cotton,CT=F
2002-11-26,47.20000076293945,47.720001220703125,46.95000076293945,47.720001220703125,0,Cotton,CT=F
2002-11-27,47.5,47.70000076293945,47.150001525878906,47.20000076293945,17,Cotton,CT=F
2002-12-02,47.29999923706055,47.70000076293945,46.79999923706055,47.400001525878906,84,Cotton,CT=F
2002-12-03,45.70000076293945,47.20000076293945,45.70000076293945,47.099998474121094,44,Cotton,CT=F
2002-12-04,45.650001525878906,46.5,45.650001525878906,46.5,0,Cotton,CT=F
2002-12-05,46.150001525878906,46.29999923706055,45.75,46.099998474121094,3186,Cotton,CT=F
2002-12-06,49.11000061035156,49.400001525878906,48.70000076293945,48.79999923706055,3434,Cotton,CT=F
2002-12-09,48.720001220703125,49.45000076293945,48.650001525878906,49.2400016784668,8759,Cotton,CT=F
2002-12-10,50.630001068115234,50.79999923706055,49.220001220703125,49.220001220703125,5640,Cotton,CT=F
2002-12-11,50.310001373291016,50.5,49.95000076293945,50.20000076293945,10986,Cotton,CT=F
2002-12-12,49.220001220703125,50.75,48.400001525878906,50.630001068115234,5548,Cotton,CT=F
2002-12-13,49.58000183105469,50.150001525878906,49.25,49.25,1873,Cotton,CT=F
2002-12-16,49.599998474121094,50.0,49.54999923706055,49.849998474121094,2531,Cotton,CT=F
2002-12-17,49.33000183105469,49.75,49.25,49.70000076293945,9267,Cotton,CT=F
2002-12-18,50.779998779296875,50.95000076293945,49.41999816894531,49.54999923706055,3932,Cotton,CT=F
2002-12-19,50.31999969482422,50.599998474121094,50.20000076293945,50.29999923706055,8399,Cotton,CT=F
2002-12-20,51.45000076293945,51.599998474121094,50.31999969482422,50.900001525878906,0,Cotton,CT=F
2002-12-23,52.16999816894531,52.25,51.650001525878906,51.70000076293945,2618,Cotton,CT=F
2002-12-26,51.529998779296875,51.900001525878906,51.29999923706055,51.900001525878906,2602,Cotton,CT=F
2002-12-27,51.79999923706055,51.900001525878906,51.20000076293945,51.689998626708984,4683,Cotton,CT=F
2002-12-30,51.56999969482422,51.79999923706055,50.54999923706055,51.79999923706055,3026,Cotton,CT=F
2002-12-31,51.15999984741211,51.75,50.95000076293945,51.38999938964844,5853,Cotton,CT=F
2003-01-02,52.0099983215332,52.099998474121094,51.54999923706055,51.900001525878906,5053,Cotton,CT=F
2003-01-03,51.619998931884766,52.20000076293945,51.099998474121094,51.70000076293945,3829,Cotton,CT=F
2003-01-06,51.08000183105469,51.599998474121094,50.900001525878906,51.400001525878906,4684,Cotton,CT=F
2003-01-07,51.16999816894531,51.5,50.75,50.95000076293945,5494,Cotton,CT=F
2003-01-08,51.7400016784668,52.099998474121094,51.20000076293945,51.279998779296875,8510,Cotton,CT=F
2003-01-09,51.060001373291016,52.470001220703125,50.900001525878906,52.099998474121094,4357,Cotton,CT=F
2003-01-10,51.400001525878906,51.79999923706055,50.75,51.349998474121094,2362,Cotton,CT=F
2003-01-13,50.90999984741211,51.400001525878906,50.900001525878906,51.099998474121094,2458,Cotton,CT=F
2003-01-14,51.29999923706055,51.400001525878906,50.810001373291016,50.900001525878906,3795,Cotton,CT=F
2003-01-15,51.459999084472656,51.599998474121094,51.0,51.20000076293945,3473,Cotton,CT=F
2003-01-16,51.52000045776367,51.70000076293945,51.349998474121094,51.45000076293945,6424,Cotton,CT=F
2003-01-17,50.630001068115234,51.70000076293945,50.56999969482422,51.70000076293945,10412,Cotton,CT=F
2003-01-21,49.959999084472656,50.5,49.91999816894531,50.400001525878906,13697,Cotton,CT=F
2003-01-22,49.5099983215332,49.91999816894531,49.11000061035156,49.91999816894531,7056,Cotton,CT=F
2003-01-23,50.22999954223633,50.599998474121094,49.650001525878906,49.650001525878906,3032,Cotton,CT=F
2003-01-24,50.310001373291016,50.5,50.02000045776367,50.099998474121094,3156,Cotton,CT=F
2003-01-27,50.58000183105469,50.900001525878906,50.150001525878906,50.25,3292,Cotton,CT=F
2003-01-28,50.36000061035156,50.779998779296875,50.349998474121094,50.599998474121094,7853,Cotton,CT=F
2003-01-29,51.11000061035156,51.400001525878906,50.25,50.400001525878906,8679,Cotton,CT=F
2003-01-30,51.43000030517578,51.900001525878906,50.650001525878906,50.849998474121094,10365,Cotton,CT=F
2003-01-31,52.36000061035156,52.38999938964844,51.599998474121094,51.70000076293945,4702,Cotton,CT=F
2003-02-03,52.18000030517578,52.29999923706055,51.869998931884766,52.0,5766,Cotton,CT=F
2003-02-04,51.97999954223633,52.29999923706055,51.400001525878906,52.29999923706055,4191,Cotton,CT=F
2003-02-05,51.849998474121094,52.400001525878906,51.79999923706055,52.400001525878906,3236,Cotton,CT=F
2003-02-06,51.70000076293945,51.900001525878906,51.45000076293945,51.75,14650,Cotton,CT=F
2003-02-07,50.150001525878906,51.599998474121094,50.099998474121094,51.599998474121094,8900,Cotton,CT=F
2003-02-10,50.68000030517578,50.79999923706055,50.36000061035156,50.459999084472656,14395,Cotton,CT=F
2003-02-11,53.27000045776367,53.68000030517578,50.40999984741211,50.81999969482422,10277,Cotton,CT=F
2003-02-12,52.34000015258789,53.349998474121094,52.099998474121094,53.20000076293945,5713,Cotton,CT=F
2003-02-13,51.709999084472656,52.349998474121094,51.650001525878906,52.349998474121094,4014,Cotton,CT=F
2003-02-14,52.040000915527344,52.150001525878906,51.54999923706055,51.70000076293945,7553,Cotton,CT=F
2003-02-19,52.0,52.84000015258789,52.0,52.29999923706055,8001,Cotton,CT=F
2003-02-20,51.31999969482422,51.959999084472656,51.209999084472656,51.959999084472656,6220,Cotton,CT=F
2003-02-21,50.56999969482422,51.45000076293945,50.0,51.36000061035156,764,Cotton,CT=F
2003-02-24,47.70000076293945,48.880001068115234,47.400001525878906,47.75,254,Cotton,CT=F
2003-02-25,48.599998474121094,49.0,46.29999923706055,47.0,27,Cotton,CT=F
2003-02-26,48.70000076293945,49.0,48.20000076293945,49.0,13,Cotton,CT=F
2003-02-27,47.849998474121094,48.650001525878906,47.75,48.650001525878906,15,Cotton,CT=F
2003-02-28,48.9900016784668,48.9900016784668,48.0,48.0,27,Cotton,CT=F
2003-03-03,49.56999969482422,49.79999923706055,49.0,49.0,5,Cotton,CT=F
2003-03-04,48.650001525878906,49.79999923706055,48.650001525878906,49.79999923706055,13,Cotton,CT=F
2003-03-05,49.0,49.0,48.0,48.0,6,Cotton,CT=F
2003-03-06,49.5,50.5,48.5,50.5,0,Cotton,CT=F
2003-03-07,50.63999938964844,51.79999923706055,48.75,50.25,5110,Cotton,CT=F
2003-03-10,58.029998779296875,58.150001525878906,57.5099983215332,58.0,3593,Cotton,CT=F
2003-03-11,58.060001373291016,58.29999923706055,57.75,58.279998779296875,13073,Cotton,CT=F
2003-03-12,58.79999923706055,59.38999938964844,57.0099983215332,57.650001525878906,7167,Cotton,CT=F
2003-03-13,59.310001373291016,59.400001525878906,58.650001525878906,58.650001525878906,9321,Cotton,CT=F
2003-03-14,60.02000045776367,60.5,59.04999923706055,59.459999084472656,7385,Cotton,CT=F
2003-03-17,60.02000045776367,60.54999923706055,59.54999923706055,59.599998474121094,4680,Cotton,CT=F
2003-03-18,59.529998779296875,60.04999923706055,59.349998474121094,59.849998474121094,4683,Cotton,CT=F
2003-03-19,59.09000015258789,59.599998474121094,59.0099983215332,59.5,5082,Cotton,CT=F
2003-03-20,58.79999923706055,59.5,58.65999984741211,58.91999816894531,3771,Cotton,CT=F
2003-03-21,58.779998779296875,59.20000076293945,58.5,58.849998474121094,9207,Cotton,CT=F
2003-03-24,57.310001373291016,58.630001068115234,57.22999954223633,58.58000183105469,4814,Cotton,CT=F
2003-03-25,57.45000076293945,58.099998474121094,57.400001525878906,57.4900016784668,16329,Cotton,CT=F
2003-03-26,56.52000045776367,57.599998474121094,56.29999923706055,57.29999923706055,12699,Cotton,CT=F
2003-03-27,56.0,56.650001525878906,55.9900016784668,56.45000076293945,7603,Cotton,CT=F
2003-03-28,56.540000915527344,56.7400016784668,55.599998474121094,56.0,9114,Cotton,CT=F
2003-03-31,57.709999084472656,58.20000076293945,56.95000076293945,56.97999954223633,8672,Cotton,CT=F
2003-04-01,57.720001220703125,58.189998626708984,57.5099983215332,57.79999923706055,5752,Cotton,CT=F
2003-04-02,57.95000076293945,58.099998474121094,57.400001525878906,57.79999923706055,5670,Cotton,CT=F
2003-04-03,57.5,58.04999923706055,57.29999923706055,58.04999923706055,2668,Cotton,CT=F
2003-04-04,57.689998626708984,57.849998474121094,57.20000076293945,57.5,5369,Cotton,CT=F
2003-04-07,57.31999969482422,58.0,57.29999923706055,58.0,7268,Cotton,CT=F
2003-04-08,56.970001220703125,57.25,56.56999969482422,57.20000076293945,6755,Cotton,CT=F
2003-04-09,56.869998931884766,57.25,56.45000076293945,56.599998474121094,9922,Cotton,CT=F
2003-04-10,57.91999816894531,58.099998474121094,57.20000076293945,57.349998474121094,9382,Cotton,CT=F
2003-04-11,58.0,58.099998474121094,57.599998474121094,57.95000076293945,9494,Cotton,CT=F
2003-04-14,57.11000061035156,57.650001525878906,57.0,57.599998474121094,5875,Cotton,CT=F
2003-04-15,58.0,58.5,57.150001525878906,57.20000076293945,4516,Cotton,CT=F
2003-04-16,58.029998779296875,58.150001525878906,57.650001525878906,58.099998474121094,4032,Cotton,CT=F
2003-04-17,58.43000030517578,58.4900016784668,58.04999923706055,58.20000076293945,4220,Cotton,CT=F
2003-04-21,58.439998626708984,58.4900016784668,57.86000061035156,58.400001525878906,0,Cotton,CT=F
2003-04-22,58.380001068115234,58.400001525878906,58.0,58.400001525878906,4843,Cotton,CT=F
2003-04-23,58.20000076293945,58.29999923706055,57.25,58.11000061035156,1177,Cotton,CT=F
2003-04-24,56.400001525878906,57.349998474121094,56.20000076293945,57.099998474121094,457,Cotton,CT=F
2003-04-25,57.79999923706055,57.79999923706055,56.150001525878906,56.79999923706055,115,Cotton,CT=F
2003-04-28,55.75,57.400001525878906,55.75,57.400001525878906,69,Cotton,CT=F
2003-04-29,54.29999923706055,55.5,53.79999923706055,55.5,21,Cotton,CT=F
2003-04-30,53.95000076293945,54.5,53.95000076293945,54.29999923706055,12,Cotton,CT=F
2003-05-01,54.29999923706055,54.75,54.29999923706055,54.54999923706055,11,Cotton,CT=F
2003-05-02,54.099998474121094,54.349998474121094,54.0,54.349998474121094,43,Cotton,CT=F
2003-05-05,52.25,53.5,51.099998474121094,53.400001525878906,14,Cotton,CT=F
2003-05-06,50.20000076293945,52.5,50.20000076293945,52.5,0,Cotton,CT=F
2003-05-07,49.0099983215332,51.0,49.0099983215332,51.0,9317,Cotton,CT=F
2003-05-08,52.34000015258789,52.45000076293945,51.04999923706055,51.20000076293945,7367,Cotton,CT=F
2003-05-09,53.34000015258789,53.599998474121094,51.79999923706055,52.0,8743,Cotton,CT=F
2003-05-12,54.150001525878906,55.20000076293945,53.869998931884766,54.29999923706055,2769,Cotton,CT=F
2003-05-13,54.0099983215332,54.45000076293945,53.849998474121094,54.04999923706055,5081,Cotton,CT=F
2003-05-14,54.7400016784668,55.25,54.33000183105469,54.33000183105469,4891,Cotton,CT=F
2003-05-15,53.97999954223633,55.20000076293945,53.95000076293945,54.900001525878906,3509,Cotton,CT=F
2003-05-16,54.20000076293945,55.04999923706055,54.0,54.29999923706055,6536,Cotton,CT=F
2003-05-19,54.20000076293945,55.599998474121094,54.099998474121094,54.099998474121094,4394,Cotton,CT=F
2003-05-20,53.439998626708984,53.650001525878906,53.02000045776367,53.45000076293945,3945,Cotton,CT=F
2003-05-21,53.41999816894531,53.5,53.0,53.220001220703125,1868,Cotton,CT=F
2003-05-22,53.5,53.75,53.25,53.5,1972,Cotton,CT=F
2003-05-23,53.189998626708984,53.5,53.0,53.04999923706055,0,Cotton,CT=F
2003-05-27,52.45000076293945,52.70000076293945,52.099998474121094,52.349998474121094,0,Cotton,CT=F
2003-05-28,52.02000045776367,53.04999923706055,51.70000076293945,52.97999954223633,9007,Cotton,CT=F
2003-05-29,51.18000030517578,51.849998474121094,50.0,51.79999923706055,6768,Cotton,CT=F
2003-05-30,50.58000183105469,51.400001525878906,50.5,51.20000076293945,4468,Cotton,CT=F
2003-06-02,50.119998931884766,50.70000076293945,50.099998474121094,50.20000076293945,10169,Cotton,CT=F
2003-06-03,48.630001068115234,50.099998474121094,48.599998474121094,50.099998474121094,11767,Cotton,CT=F
2003-06-04,49.63999938964844,50.04999923706055,48.150001525878906,48.5,7323,Cotton,CT=F
2003-06-05,50.5099983215332,50.75,49.599998474121094,49.79999923706055,5577,Cotton,CT=F
2003-06-06,50.7599983215332,50.900001525878906,49.900001525878906,50.650001525878906,7414,Cotton,CT=F
2003-06-09,52.209999084472656,52.25,50.25,50.86000061035156,9949,Cotton,CT=F
2003-06-10,53.189998626708984,53.900001525878906,52.20000076293945,52.209999084472656,12822,Cotton,CT=F
2003-06-11,55.18000030517578,55.70000076293945,54.5,54.68000030517578,11717,Cotton,CT=F
2003-06-12,55.66999816894531,56.900001525878906,54.900001525878906,55.79999923706055,5203,Cotton,CT=F
2003-06-13,55.040000915527344,55.54999923706055,54.79999923706055,55.099998474121094,5260,Cotton,CT=F
2003-06-16,55.66999816894531,55.75,54.599998474121094,55.290000915527344,0,Cotton,CT=F
2003-06-17,56.599998474121094,56.650001525878906,55.70000076293945,56.0,7092,Cotton,CT=F
2003-06-18,56.22999954223633,57.59000015258789,56.099998474121094,57.0,4565,Cotton,CT=F
2003-06-19,56.060001373291016,56.400001525878906,54.61000061035156,55.25,3246,Cotton,CT=F
2003-06-20,56.060001373291016,56.400001525878906,55.5,55.5,4706,Cotton,CT=F
2003-06-23,54.70000076293945,56.5,54.20000076293945,56.099998474121094,499,Cotton,CT=F
2003-06-24,53.529998779296875,54.900001525878906,53.5,54.70000076293945,216,Cotton,CT=F
2003-06-25,55.33000183105469,55.45000076293945,53.400001525878906,53.5,37,Cotton,CT=F
2003-06-26,54.70000076293945,55.20000076293945,54.650001525878906,54.849998474121094,21,Cotton,CT=F
2003-06-27,55.5,55.5,55.0,55.0,28,Cotton,CT=F
2003-06-30,56.20000076293945,56.75,55.79999923706055,55.79999923706055,69,Cotton,CT=F
2003-07-01,58.099998474121094,58.099998474121094,56.5,57.0,3,Cotton,CT=F
2003-07-02,58.25,58.5,58.25,58.5,57,Cotton,CT=F
2003-07-03,58.400001525878906,58.5,58.400001525878906,58.400001525878906,15,Cotton,CT=F
2003-07-07,59.29999923706055,59.29999923706055,58.900001525878906,58.900001525878906,0,Cotton,CT=F
2003-07-08,58.41999816894531,58.41999816894531,58.41999816894531,58.41999816894531,0,Cotton,CT=F
2003-07-09,58.849998474121094,58.849998474121094,57.5,57.5,339,Cotton,CT=F
2003-07-10,59.97999954223633,61.29999923706055,59.95000076293945,60.75,275,Cotton,CT=F
2003-07-11,60.08000183105469,60.45000076293945,59.849998474121094,60.20000076293945,779,Cotton,CT=F
2003-07-14,60.849998474121094,61.099998474121094,59.20000076293945,60.099998474121094,0,Cotton,CT=F
2003-07-15,60.20000076293945,60.599998474121094,59.900001525878906,60.599998474121094,271,Cotton,CT=F
2003-07-16,59.22999954223633,59.900001525878906,59.0,59.900001525878906,466,Cotton,CT=F
2003-07-17,58.599998474121094,59.0,58.400001525878906,59.0,177,Cotton,CT=F
2003-07-18,59.599998474121094,59.599998474121094,58.349998474121094,58.400001525878906,199,Cotton,CT=F
2003-07-21,59.29999923706055,59.45000076293945,59.099998474121094,59.400001525878906,367,Cotton,CT=F
2003-07-22,57.90999984741211,59.099998474121094,57.900001525878906,59.099998474121094,392,Cotton,CT=F
2003-07-23,57.599998474121094,57.599998474121094,57.0,57.20000076293945,287,Cotton,CT=F
2003-07-24,58.83000183105469,59.150001525878906,57.95000076293945,57.95000076293945,122,Cotton,CT=F
2003-07-25,58.58000183105469,58.849998474121094,58.25,58.84000015258789,146,Cotton,CT=F
2003-07-28,58.900001525878906,59.099998474121094,58.099998474121094,58.349998474121094,142,Cotton,CT=F
2003-07-29,57.77000045776367,58.599998474121094,57.77000045776367,58.599998474121094,187,Cotton,CT=F
2003-07-30,57.27000045776367,57.54999923706055,57.0,57.16999816894531,525,Cotton,CT=F
2003-07-31,56.90999984741211,57.79999923706055,56.5,57.0099983215332,371,Cotton,CT=F
2003-08-01,56.349998474121094,57.099998474121094,56.29999923706055,57.0,525,Cotton,CT=F
2003-08-04,55.95000076293945,56.400001525878906,55.75,56.29999923706055,309,Cotton,CT=F
2003-08-05,55.93000030517578,56.650001525878906,55.849998474121094,56.150001525878906,202,Cotton,CT=F
2003-08-06,57.400001525878906,57.400001525878906,56.0,56.099998474121094,258,Cotton,CT=F
2003-08-07,56.400001525878906,57.25,56.25,57.099998474121094,350,Cotton,CT=F
2003-08-08,56.599998474121094,56.75,56.150001525878906,56.400001525878906,424,Cotton,CT=F
2003-08-11,55.900001525878906,57.0,55.650001525878906,56.95000076293945,335,Cotton,CT=F
2003-08-12,54.790000915527344,55.29999923706055,54.650001525878906,55.0,211,Cotton,CT=F
2003-08-13,55.45000076293945,55.45000076293945,54.900001525878906,55.0,0,Cotton,CT=F
2003-08-14,54.79999923706055,55.349998474121094,54.70000076293945,55.220001220703125,159,Cotton,CT=F
2003-08-15,54.52000045776367,55.400001525878906,54.400001525878906,54.599998474121094,399,Cotton,CT=F
2003-08-18,54.900001525878906,54.900001525878906,54.29999923706055,54.29999923706055,193,Cotton,CT=F
2003-08-19,55.16999816894531,55.790000915527344,55.099998474121094,55.70000076293945,431,Cotton,CT=F
2003-08-20,56.20000076293945,56.5,56.04999923706055,56.25,172,Cotton,CT=F
2003-08-21,55.970001220703125,56.5,55.900001525878906,56.25,93,Cotton,CT=F
2003-08-22,55.70000076293945,56.04999923706055,55.70000076293945,55.79999923706055,92,Cotton,CT=F
2003-08-25,55.650001525878906,55.880001068115234,55.5,55.5,96,Cotton,CT=F
2003-08-26,56.0,56.25,55.900001525878906,56.0,131,Cotton,CT=F
2003-08-27,56.130001068115234,56.20000076293945,56.0,56.150001525878906,196,Cotton,CT=F
2003-08-28,56.75,56.900001525878906,55.40999984741211,56.459999084472656,247,Cotton,CT=F
2003-08-29,57.54999923706055,57.650001525878906,57.0,57.29999923706055,547,Cotton,CT=F
2003-09-02,57.5,57.900001525878906,57.20000076293945,57.45000076293945,379,Cotton,CT=F
2003-09-03,57.59000015258789,57.599998474121094,57.0099983215332,57.349998474121094,916,Cotton,CT=F
2003-09-04,57.91999816894531,58.29999923706055,57.45000076293945,57.45000076293945,241,Cotton,CT=F
2003-09-05,58.25,58.25,57.75,57.959999084472656,729,Cotton,CT=F
2003-09-08,57.650001525878906,58.79999923706055,57.29999923706055,58.70000076293945,254,Cotton,CT=F
2003-09-09,58.18000030517578,58.29999923706055,57.650001525878906,58.0,1535,Cotton,CT=F
2003-09-10,60.70000076293945,61.0,58.79999923706055,58.79999923706055,980,Cotton,CT=F
2003-09-11,63.70000076293945,63.70000076293945,62.5,62.70000076293945,802,Cotton,CT=F
2003-09-12,64.47000122070312,64.5,63.150001525878906,63.400001525878906,553,Cotton,CT=F
2003-09-15,63.849998474121094,64.19999694824219,62.650001525878906,63.650001525878906,389,Cotton,CT=F
2003-09-16,62.599998474121094,63.5,62.54999923706055,63.45000076293945,609,Cotton,CT=F
2003-09-17,64.62999725341797,64.6500015258789,62.099998474121094,62.849998474121094,235,Cotton,CT=F
2003-09-18,63.869998931884766,65.0,63.79999923706055,64.4000015258789,269,Cotton,CT=F
2003-09-19,63.599998474121094,64.05000305175781,63.04999923706055,63.470001220703125,213,Cotton,CT=F
2003-09-22,63.54999923706055,64.30000305175781,63.400001525878906,64.30000305175781,480,Cotton,CT=F
2003-09-23,65.4000015258789,65.5999984741211,64.19999694824219,64.19999694824219,29,Cotton,CT=F
2003-09-24,65.19999694824219,66.5,65.19999694824219,65.6500015258789,3,Cotton,CT=F
2003-09-25,64.80000305175781,64.80000305175781,64.5,64.5,3,Cotton,CT=F
2003-09-26,64.41000366210938,64.41000366210938,64.19999694824219,64.19999694824219,28,Cotton,CT=F
2003-09-29,66.69999694824219,66.69999694824219,64.19999694824219,64.19999694824219,17,Cotton,CT=F
2003-09-30,66.75,67.25,66.75,67.25,1,Cotton,CT=F
2003-10-01,66.44999694824219,66.69999694824219,66.44999694824219,66.69999694824219,1,Cotton,CT=F
2003-10-02,67.0999984741211,67.0999984741211,66.69999694824219,66.69999694824219,0,Cotton,CT=F
2003-10-03,66.4000015258789,66.4000015258789,66.4000015258789,66.4000015258789,23,Cotton,CT=F
2003-10-06,67.4000015258789,67.4000015258789,67.25,67.25,20,Cotton,CT=F
2003-10-07,66.8499984741211,67.8499984741211,66.8499984741211,67.5999984741211,19,Cotton,CT=F
2003-10-08,68.6500015258789,68.69999694824219,67.69999694824219,67.69999694824219,0,Cotton,CT=F
2003-10-09,68.75,69.75,68.75,69.0,16506,Cotton,CT=F
2003-10-10,71.54000091552734,71.69999694824219,67.9000015258789,68.0,7511,Cotton,CT=F
2003-10-13,71.27999877929688,71.98999786376953,70.80000305175781,71.80000305175781,8935,Cotton,CT=F
2003-10-14,71.62000274658203,71.8499984741211,71.30000305175781,71.69999694824219,19845,Cotton,CT=F
2003-10-15,74.4800033569336,74.58999633789062,72.5,72.5999984741211,10863,Cotton,CT=F
2003-10-16,74.08999633789062,75.25,73.81999969482422,74.0,9342,Cotton,CT=F
2003-10-17,75.5199966430664,76.94999694824219,75.19999694824219,75.69999694824219,6226,Cotton,CT=F
2003-10-20,75.44000244140625,75.75,74.5,74.6500015258789,5957,Cotton,CT=F
2003-10-21,75.30999755859375,75.5999984741211,74.55000305175781,74.9000015258789,10587,Cotton,CT=F
2003-10-22,77.58999633789062,78.30999755859375,75.19999694824219,76.0,12724,Cotton,CT=F
2003-10-23,80.58999633789062,80.58999633789062,78.25,78.25,13004,Cotton,CT=F
2003-10-24,82.11000061035156,82.16999816894531,79.4000015258789,81.0,8748,Cotton,CT=F
2003-10-27,82.22000122070312,82.8499984741211,81.5,82.30000305175781,8044,Cotton,CT=F
2003-10-28,81.9800033569336,82.69999694824219,81.55000305175781,82.30000305175781,5319,Cotton,CT=F
2003-10-29,82.7300033569336,82.94999694824219,82.06999969482422,82.5999984741211,13865,Cotton,CT=F
2003-10-30,79.7300033569336,84.80000305175781,79.7300033569336,84.5,12988,Cotton,CT=F
2003-10-31,76.7300033569336,78.0,76.7300033569336,77.25,15994,Cotton,CT=F
2003-11-03,76.41000366210938,77.80000305175781,75.7300033569336,76.4000015258789,6567,Cotton,CT=F
2003-11-04,77.55000305175781,77.69999694824219,76.5,77.0,7568,Cotton,CT=F
2003-11-05,77.81999969482422,78.19999694824219,77.4000015258789,78.0999984741211,11463,Cotton,CT=F
2003-11-06,75.5199966430664,77.9000015258789,74.81999969482422,77.80000305175781,11862,Cotton,CT=F
2003-11-07,77.2699966430664,77.44999694824219,74.9000015258789,75.0,9500,Cotton,CT=F
2003-11-10,76.69999694824219,77.5,75.69999694824219,77.30000305175781,5636,Cotton,CT=F
2003-11-11,75.94999694824219,76.9000015258789,75.80000305175781,76.9000015258789,12157,Cotton,CT=F
2003-11-12,73.05999755859375,77.4000015258789,72.94999694824219,77.0,8917,Cotton,CT=F
2003-11-13,74.01000213623047,74.0999984741211,72.41000366210938,73.5999984741211,5653,Cotton,CT=F
2003-11-14,74.9000015258789,75.0999984741211,73.0,74.16999816894531,5387,Cotton,CT=F
2003-11-17,74.0999984741211,75.0999984741211,74.0999984741211,74.30000305175781,5361,Cotton,CT=F
2003-11-18,71.2300033569336,73.4000015258789,71.0999984741211,73.4000015258789,5421,Cotton,CT=F
2003-11-19,71.52999877929688,71.69999694824219,70.0,71.4000015258789,534,Cotton,CT=F
2003-11-20,70.23999786376953,71.4000015258789,69.69999694824219,71.0,190,Cotton,CT=F
2003-11-21,67.5999984741211,70.69999694824219,67.5,70.6500015258789,258,Cotton,CT=F
2003-11-24,63.869998931884766,67.44999694824219,63.869998931884766,67.44999694824219,100,Cotton,CT=F
2003-11-25,62.59000015258789,64.4000015258789,61.5,64.4000015258789,0,Cotton,CT=F
2003-11-26,68.0,71.0,61.5,61.5,72,Cotton,CT=F
2003-12-01,68.25,73.0,68.25,73.0,9,Cotton,CT=F
2003-12-02,68.5,70.0,67.5,70.0,33,Cotton,CT=F
2003-12-03,68.19999694824219,68.94999694824219,68.19999694824219,68.5,18,Cotton,CT=F
2003-12-04,67.0,67.0,67.0,67.0,0,Cotton,CT=F
2003-12-05,67.73999786376953,68.5,67.73999786376953,68.5,8401,Cotton,CT=F
2003-12-08,70.04000091552734,71.80000305175781,68.9000015258789,71.6500015258789,8590,Cotton,CT=F
2003-12-09,70.23999786376953,70.5999984741211,67.69999694824219,70.5,6227,Cotton,CT=F
2003-12-10,69.80999755859375,71.80000305175781,69.76000213623047,71.0,5276,Cotton,CT=F
2003-12-11,69.88999938964844,70.75,68.8499984741211,69.5,2536,Cotton,CT=F
2003-12-12,70.30999755859375,70.5999984741211,69.9000015258789,70.19999694824219,4967,Cotton,CT=F
2003-12-15,70.56999969482422,70.9000015258789,70.30999755859375,70.80000305175781,3779,Cotton,CT=F
2003-12-16,69.91999816894531,71.0,69.8499984741211,70.5999984741211,2837,Cotton,CT=F
2003-12-17,70.37000274658203,70.48999786376953,69.91999816894531,70.4000015258789,4563,Cotton,CT=F
2003-12-18,69.33000183105469,70.69999694824219,69.26000213623047,70.52999877929688,8303,Cotton,CT=F
2003-12-19,71.29000091552734,71.91999816894531,69.0199966430664,69.5,2401,Cotton,CT=F
2003-12-22,70.58000183105469,71.25,70.25,71.0999984741211,1572,Cotton,CT=F
2003-12-23,70.5999984741211,71.19999694824219,70.29000091552734,70.68000030517578,0,Cotton,CT=F
2003-12-24,71.04000091552734,71.19999694824219,70.30999755859375,70.4000015258789,11056,Cotton,CT=F
2003-12-29,73.97000122070312,74.04000091552734,72.05000305175781,72.19999694824219,7391,Cotton,CT=F
2003-12-30,74.37000274658203,74.8499984741211,73.9000015258789,74.79000091552734,0,Cotton,CT=F
2003-12-31,75.06999969482422,75.0999984741211,74.1500015258789,74.5,13822,Cotton,CT=F
2004-01-05,75.80000305175781,76.0,75.0999984741211,75.1500015258789,8943,Cotton,CT=F
2004-01-06,75.66999816894531,76.0,75.19999694824219,75.9000015258789,8972,Cotton,CT=F
2004-01-07,74.04000091552734,75.44999694824219,73.5,75.4000015258789,7638,Cotton,CT=F
2004-01-08,75.12999725341797,75.25,73.9000015258789,73.94999694824219,4284,Cotton,CT=F
2004-01-09,74.16999816894531,75.48999786376953,74.1500015258789,75.12999725341797,7221,Cotton,CT=F
2004-01-12,74.26000213623047,74.69999694824219,73.0999984741211,74.25,4030,Cotton,CT=F
2004-01-13,74.30999755859375,74.4000015258789,73.80000305175781,73.9000015258789,4871,Cotton,CT=F
2004-01-14,73.56999969482422,74.4000015258789,73.5,74.30000305175781,10782,Cotton,CT=F
2004-01-15,74.48999786376953,75.0999984741211,72.30000305175781,73.0,4492,Cotton,CT=F
2004-01-16,74.72000122070312,75.0999984741211,74.05000305175781,75.0,8415,Cotton,CT=F
2004-01-20,75.2699966430664,75.30000305175781,73.3499984741211,74.5999984741211,7502,Cotton,CT=F
2004-01-21,75.66000366210938,75.80000305175781,75.0999984741211,75.2699966430664,4698,Cotton,CT=F
2004-01-22,75.81999969482422,75.9000015258789,75.19999694824219,75.6500015258789,7113,Cotton,CT=F
2004-01-23,75.94000244140625,76.0,75.55000305175781,75.55000305175781,6559,Cotton,CT=F
2004-01-26,75.63999938964844,76.18000030517578,75.0,75.98999786376953,13629,Cotton,CT=F
2004-01-27,73.76000213623047,75.25,73.41000366210938,75.22000122070312,17625,Cotton,CT=F
2004-01-28,70.76000213623047,73.30000305175781,70.76000213623047,73.11000061035156,28471,Cotton,CT=F
2004-01-29,68.66000366210938,70.5999984741211,67.76000213623047,70.55999755859375,15191,Cotton,CT=F
2004-01-30,70.7300033569336,71.5999984741211,69.80000305175781,70.0,10753,Cotton,CT=F
2004-02-02,68.63999938964844,70.7300033569336,68.4000015258789,70.6500015258789,12170,Cotton,CT=F
2004-02-03,68.9000015258789,69.0999984741211,67.19999694824219,68.0999984741211,7103,Cotton,CT=F
2004-02-04,69.25,69.9000015258789,68.69999694824219,69.25,8769,Cotton,CT=F
2004-02-05,68.5,69.69999694824219,68.4000015258789,69.5,10308,Cotton,CT=F
2004-02-06,69.06999969482422,69.25,67.51000213623047,68.30000305175781,11741,Cotton,CT=F
2004-02-09,67.95999908447266,69.19999694824219,67.80000305175781,68.69999694824219,12737,Cotton,CT=F
2004-02-10,64.95999908447266,67.9000015258789,64.95999908447266,67.5,11720,Cotton,CT=F
2004-02-11,64.94000244140625,66.5,64.19999694824219,65.5,8865,Cotton,CT=F
2004-02-12,66.41999816894531,67.4000015258789,65.5,67.0,3735,Cotton,CT=F
2004-02-13,66.3499984741211,67.30000305175781,66.05000305175781,66.0999984741211,6163,Cotton,CT=F
2004-02-17,67.19999694824219,67.25,66.4000015258789,66.4000015258789,4492,Cotton,CT=F
2004-02-18,66.4000015258789,67.3499984741211,66.30000305175781,67.30000305175781,5734,Cotton,CT=F
2004-02-19,67.88999938964844,68.0,66.62000274658203,66.80000305175781,7146,Cotton,CT=F
2004-02-20,67.69000244140625,68.80000305175781,67.25,68.13999938964844,531,Cotton,CT=F
2004-02-23,68.69999694824219,68.8499984741211,67.80000305175781,67.80000305175781,502,Cotton,CT=F
2004-02-24,69.0,70.0,68.5,69.0,47,Cotton,CT=F
2004-02-25,69.0999984741211,69.4000015258789,68.80000305175781,69.4000015258789,55,Cotton,CT=F
2004-02-26,71.5,71.5999984741211,68.3499984741211,68.3499984741211,40,Cotton,CT=F
2004-02-27,72.0999984741211,73.05000305175781,71.9000015258789,72.0,19,Cotton,CT=F
2004-03-01,71.75,72.05000305175781,71.6500015258789,71.6500015258789,7,Cotton,CT=F
2004-03-02,69.9000015258789,70.5999984741211,69.9000015258789,70.5999984741211,9,Cotton,CT=F
2004-03-03,68.5,68.5,67.19999694824219,68.0,9,Cotton,CT=F
2004-03-04,67.5999984741211,68.05000305175781,67.5999984741211,68.05000305175781,10,Cotton,CT=F
2004-03-05,68.0,68.0,67.5999984741211,67.5999984741211,5,Cotton,CT=F
2004-03-08,65.75,65.75,65.75,65.75,0,Cotton,CT=F
2004-03-09,62.849998474121094,63.70000076293945,62.83000183105469,63.70000076293945,14955,Cotton,CT=F
2004-03-10,64.62999725341797,65.69999694824219,63.75,65.02999877929688,8377,Cotton,CT=F
2004-03-11,65.93000030517578,66.44999694824219,64.75,65.0999984741211,5357,Cotton,CT=F
2004-03-12,64.62000274658203,65.75,64.55000305175781,65.25,11276,Cotton,CT=F
2004-03-15,65.43000030517578,65.5,62.970001220703125,64.0999984741211,5173,Cotton,CT=F
2004-03-16,65.79000091552734,66.30000305175781,65.1500015258789,65.9000015258789,5477,Cotton,CT=F
2004-03-17,66.0999984741211,66.4000015258789,65.0,65.16999816894531,5889,Cotton,CT=F
2004-03-18,67.75,67.79000091552734,66.9000015258789,67.0999984741211,3911,Cotton,CT=F
2004-03-19,67.91999816894531,68.3499984741211,67.11000061035156,67.9000015258789,5348,Cotton,CT=F
2004-03-22,67.0,68.8499984741211,66.80000305175781,68.5,10536,Cotton,CT=F
2004-03-23,64.86000061035156,67.0,64.5999984741211,66.80000305175781,5763,Cotton,CT=F
2004-03-24,65.26000213623047,65.94999694824219,64.0,64.05000305175781,8186,Cotton,CT=F
2004-03-25,64.19999694824219,65.80000305175781,63.7599983215332,65.0,5901,Cotton,CT=F
2004-03-26,64.9000015258789,65.05000305175781,64.01000213623047,64.62000274658203,5740,Cotton,CT=F
2004-03-29,65.55000305175781,65.69999694824219,64.30000305175781,64.75,4874,Cotton,CT=F
2004-03-30,65.0999984741211,65.6500015258789,64.8499984741211,65.55000305175781,12235,Cotton,CT=F
2004-03-31,62.099998474121094,64.44999694824219,62.099998474121094,63.54999923706055,15199,Cotton,CT=F
2004-04-01,61.529998779296875,62.45000076293945,60.29999923706055,61.400001525878906,6937,Cotton,CT=F
2004-04-02,62.619998931884766,63.150001525878906,61.720001220703125,61.900001525878906,6894,Cotton,CT=F
2004-04-05,62.18000030517578,62.81999969482422,61.150001525878906,62.79999923706055,5815,Cotton,CT=F
2004-04-06,61.720001220703125,62.25,61.08000183105469,61.880001068115234,7892,Cotton,CT=F
2004-04-07,61.68000030517578,62.29999923706055,61.400001525878906,62.04999923706055,9808,Cotton,CT=F
2004-04-08,61.709999084472656,62.75,61.70000076293945,62.20000076293945,11300,Cotton,CT=F
2004-04-12,58.7599983215332,61.70000076293945,58.709999084472656,61.5,13450,Cotton,CT=F
2004-04-13,57.369998931884766,59.0,56.7599983215332,58.95000076293945,13576,Cotton,CT=F
2004-04-14,60.369998931884766,60.369998931884766,57.900001525878906,57.900001525878906,11619,Cotton,CT=F
2004-04-15,61.400001525878906,62.29999923706055,60.900001525878906,61.900001525878906,11626,Cotton,CT=F
2004-04-16,61.9900016784668,62.900001525878906,61.599998474121094,61.79999923706055,5976,Cotton,CT=F
2004-04-19,62.209999084472656,62.5,61.400001525878906,62.0,3695,Cotton,CT=F
2004-04-20,61.5,61.849998474121094,61.099998474121094,61.75,7142,Cotton,CT=F
2004-04-21,63.45000076293945,63.970001220703125,61.04999923706055,61.599998474121094,3431,Cotton,CT=F
2004-04-22,64.4800033569336,64.55000305175781,62.400001525878906,64.4000015258789,2294,Cotton,CT=F
2004-04-23,63.95000076293945,65.0,63.5,64.5999984741211,932,Cotton,CT=F
2004-04-26,64.18000030517578,65.9000015258789,64.0999984741211,64.69999694824219,332,Cotton,CT=F
2004-04-27,64.8499984741211,64.9000015258789,63.20000076293945,63.20000076293945,134,Cotton,CT=F
2004-04-28,60.0,65.5,57.0,65.5,50,Cotton,CT=F
2004-04-29,60.31999969482422,61.0,58.5,59.849998474121094,6,Cotton,CT=F
2004-04-30,59.5,61.25,59.5,61.25,11,Cotton,CT=F
2004-05-03,61.5,61.5,61.0,61.20000076293945,20,Cotton,CT=F
2004-05-04,60.599998474121094,60.79999923706055,60.599998474121094,60.79999923706055,8,Cotton,CT=F
2004-05-05,61.93000030517578,61.93000030517578,60.150001525878906,60.5,0,Cotton,CT=F
2004-05-06,63.75,63.75,61.93000030517578,61.93000030517578,14573,Cotton,CT=F
2004-05-07,64.75,64.75,62.599998474121094,62.75,10614,Cotton,CT=F
2004-05-10,64.54000091552734,65.75,64.30000305175781,65.5,6849,Cotton,CT=F
2004-05-11,64.1500015258789,64.69999694824219,62.400001525878906,64.69999694824219,5371,Cotton,CT=F
2004-05-12,63.150001525878906,64.25,62.099998474121094,63.900001525878906,8530,Cotton,CT=F
2004-05-13,65.33999633789062,65.5999984741211,63.20000076293945,63.7599983215332,9601,Cotton,CT=F
2004-05-14,64.97000122070312,66.19000244140625,63.650001525878906,65.5,5232,Cotton,CT=F
2004-05-17,64.20999908447266,64.5,63.5,64.5,6808,Cotton,CT=F
2004-05-18,62.939998626708984,64.69999694824219,62.650001525878906,63.900001525878906,6330,Cotton,CT=F
2004-05-19,63.970001220703125,64.0,62.06999969482422,62.75,2625,Cotton,CT=F
2004-05-20,63.540000915527344,64.5,63.20000076293945,63.599998474121094,3259,Cotton,CT=F
2004-05-21,63.0,63.900001525878906,62.5,63.900001525878906,2348,Cotton,CT=F
2004-05-24,63.540000915527344,63.75,62.5,63.0,2844,Cotton,CT=F
2004-05-25,63.68000030517578,64.0,62.900001525878906,63.900001525878906,7821,Cotton,CT=F
2004-05-26,62.349998474121094,64.19999694824219,61.95000076293945,63.849998474121094,13331,Cotton,CT=F
2004-05-27,61.150001525878906,61.849998474121094,59.349998474121094,61.599998474121094,7259,Cotton,CT=F
2004-05-28,61.189998626708984,62.599998474121094,60.849998474121094,61.45000076293945,10273,Cotton,CT=F
2004-06-01,58.22999954223633,61.5,58.189998626708984,61.25,13074,Cotton,CT=F
2004-06-02,57.380001068115234,59.150001525878906,55.5,58.5,9458,Cotton,CT=F
2004-06-03,57.040000915527344,57.849998474121094,56.20000076293945,56.5,6295,Cotton,CT=F
2004-06-04,57.79999923706055,58.70000076293945,57.29999923706055,57.5,9931,Cotton,CT=F
2004-06-07,56.529998779296875,58.20000076293945,56.25,58.04999923706055,12502,Cotton,CT=F
2004-06-08,55.689998626708984,56.959999084472656,55.04999923706055,56.75,8218,Cotton,CT=F
2004-06-09,56.59000015258789,56.900001525878906,55.45000076293945,56.45000076293945,0,Cotton,CT=F
2004-06-10,58.16999816894531,58.75,56.900001525878906,57.400001525878906,15005,Cotton,CT=F
2004-06-14,57.31999969482422,59.400001525878906,57.099998474121094,59.0,13018,Cotton,CT=F
2004-06-15,54.31999969482422,56.9900016784668,54.31999969482422,56.900001525878906,8513,Cotton,CT=F
2004-06-16,51.529998779296875,54.70000076293945,51.31999969482422,53.79999923706055,3459,Cotton,CT=F
2004-06-17,52.290000915527344,52.5,51.529998779296875,52.400001525878906,2290,Cotton,CT=F
2004-06-18,52.0,52.599998474121094,51.5,52.0,2494,Cotton,CT=F
2004-06-21,50.09000015258789,51.5,49.599998474121094,50.5,5027,Cotton,CT=F
2004-06-22,48.400001525878906,50.5,48.20000076293945,50.5,7242,Cotton,CT=F
2004-06-23,47.95000076293945,48.400001525878906,47.0,47.20000076293945,670,Cotton,CT=F
2004-06-24,49.29999923706055,50.849998474121094,47.900001525878906,48.0,94,Cotton,CT=F
2004-06-25,50.0,51.29999923706055,50.0,51.0,60,Cotton,CT=F
2004-06-28,48.650001525878906,50.70000076293945,48.0,50.5,102,Cotton,CT=F
2004-06-29,49.70000076293945,50.599998474121094,49.0,49.5,47,Cotton,CT=F
2004-06-30,48.25,48.25,47.0,48.25,26,Cotton,CT=F
2004-07-01,46.650001525878906,49.29999923706055,46.650001525878906,49.29999923706055,23,Cotton,CT=F
2004-07-02,47.25,48.0,46.900001525878906,47.099998474121094,17,Cotton,CT=F
2004-07-06,46.5,47.5,46.5,47.5,7,Cotton,CT=F
2004-07-07,46.75,47.29999923706055,46.75,47.29999923706055,0,Cotton,CT=F
2004-07-08,44.869998931884766,46.70000076293945,44.20000076293945,46.70000076293945,283,Cotton,CT=F
2004-07-09,47.849998474121094,48.25,47.75,48.0,485,Cotton,CT=F
2004-07-12,46.599998474121094,47.20000076293945,45.5,47.20000076293945,226,Cotton,CT=F
2004-07-13,46.599998474121094,47.20000076293945,46.099998474121094,47.20000076293945,303,Cotton,CT=F
2004-07-14,46.79999923706055,47.95000076293945,46.599998474121094,46.900001525878906,203,Cotton,CT=F
2004-07-15,47.279998779296875,47.349998474121094,46.400001525878906,46.70000076293945,137,Cotton,CT=F
2004-07-16,47.29999923706055,47.900001525878906,47.29999923706055,47.79999923706055,194,Cotton,CT=F
2004-07-19,47.5,47.599998474121094,46.900001525878906,47.04999923706055,393,Cotton,CT=F
2004-07-20,48.68000030517578,48.75,47.70000076293945,47.70000076293945,385,Cotton,CT=F
2004-07-21,48.0,49.099998474121094,47.900001525878906,48.79999923706055,508,Cotton,CT=F
2004-07-22,46.849998474121094,47.349998474121094,46.20000076293945,47.29999923706055,368,Cotton,CT=F
2004-07-23,46.45000076293945,47.13999938964844,45.900001525878906,46.81999969482422,587,Cotton,CT=F
2004-07-26,44.310001373291016,45.75,43.79999923706055,45.75,496,Cotton,CT=F
2004-07-27,43.939998626708984,44.5,43.5,44.5,409,Cotton,CT=F
2004-07-28,44.45000076293945,44.79999923706055,43.599998474121094,43.939998626708984,288,Cotton,CT=F
2004-07-29,43.72999954223633,45.400001525878906,43.5,44.52000045776367,265,Cotton,CT=F
2004-07-30,43.83000183105469,44.20000076293945,43.5,43.75,467,Cotton,CT=F
2004-08-02,44.29999923706055,44.599998474121094,43.75,44.599998474121094,465,Cotton,CT=F
2004-08-03,45.459999084472656,45.5,43.79999923706055,44.0,285,Cotton,CT=F
2004-08-04,44.95000076293945,45.849998474121094,44.79999923706055,45.5,289,Cotton,CT=F
2004-08-05,45.72999954223633,45.79999923706055,45.099998474121094,45.79999923706055,175,Cotton,CT=F
2004-08-06,44.900001525878906,45.95000076293945,44.599998474121094,45.650001525878906,206,Cotton,CT=F
2004-08-09,44.900001525878906,45.0,44.0,44.400001525878906,110,Cotton,CT=F
2004-08-10,45.04999923706055,45.20000076293945,44.70000076293945,45.0,181,Cotton,CT=F
2004-08-11,44.880001068115234,45.04999923706055,44.599998474121094,45.04999923706055,751,Cotton,CT=F
2004-08-12,43.02000045776367,43.02000045776367,42.0,42.0,180,Cotton,CT=F
2004-08-13,43.54999923706055,43.70000076293945,42.900001525878906,43.5,178,Cotton,CT=F
2004-08-16,43.599998474121094,44.20000076293945,43.099998474121094,43.56999969482422,1070,Cotton,CT=F
2004-08-17,46.599998474121094,46.599998474121094,43.5,43.720001220703125,585,Cotton,CT=F
2004-08-18,47.349998474121094,48.0,46.349998474121094,47.5,430,Cotton,CT=F
2004-08-19,47.83000183105469,47.900001525878906,46.400001525878906,46.599998474121094,786,Cotton,CT=F
2004-08-20,50.79999923706055,50.79999923706055,48.0,48.0,566,Cotton,CT=F
2004-08-23,50.599998474121094,51.150001525878906,50.099998474121094,50.79999923706055,465,Cotton,CT=F
2004-08-24,50.95000076293945,51.0,50.0,51.0,431,Cotton,CT=F
2004-08-25,50.2400016784668,51.279998779296875,50.0,51.25,552,Cotton,CT=F
2004-08-26,48.400001525878906,50.45000076293945,48.20000076293945,49.5,360,Cotton,CT=F
2004-08-27,47.900001525878906,48.20000076293945,47.119998931884766,48.0,401,Cotton,CT=F
2004-08-30,50.900001525878906,50.900001525878906,48.25,48.25,570,Cotton,CT=F
2004-08-31,53.79999923706055,53.900001525878906,51.20000076293945,53.20000076293945,588,Cotton,CT=F
2004-09-01,53.400001525878906,55.20000076293945,53.04999923706055,54.75,810,Cotton,CT=F
2004-09-02,54.0,55.0,53.5,55.0,492,Cotton,CT=F
2004-09-03,51.0,53.0,51.0,53.0,389,Cotton,CT=F
2004-09-07,52.20000076293945,52.20000076293945,48.0,51.599998474121094,588,Cotton,CT=F
2004-09-08,53.0,53.849998474121094,51.900001525878906,52.099998474121094,564,Cotton,CT=F
2004-09-09,52.54999923706055,52.599998474121094,50.25,52.29999923706055,445,Cotton,CT=F
2004-09-10,51.25,52.0,50.5,50.5,252,Cotton,CT=F
2004-09-13,53.04999923706055,53.04999923706055,51.5,52.70000076293945,271,Cotton,CT=F
2004-09-14,51.45000076293945,54.0,51.400001525878906,53.02000045776367,146,Cotton,CT=F
2004-09-15,51.75,52.70000076293945,51.20000076293945,51.400001525878906,178,Cotton,CT=F
2004-09-16,48.970001220703125,52.0,48.900001525878906,52.0,60,Cotton,CT=F
2004-09-17,50.209999084472656,50.5,49.099998474121094,49.099998474121094,296,Cotton,CT=F
2004-09-20,49.349998474121094,49.79999923706055,48.599998474121094,49.79999923706055,145,Cotton,CT=F
2004-09-21,50.20000076293945,50.25,49.54999923706055,49.79999923706055,314,Cotton,CT=F
2004-09-22,51.400001525878906,51.599998474121094,50.5,50.599998474121094,232,Cotton,CT=F
2004-09-23,51.0099983215332,51.54999923706055,51.0,51.5,170,Cotton,CT=F
2004-09-24,49.400001525878906,51.0099983215332,49.400001525878906,51.0099983215332,13,Cotton,CT=F
2004-09-27,50.29999923706055,51.5,50.0,50.0,28,Cotton,CT=F
2004-09-28,47.95000076293945,50.59000015258789,47.95000076293945,50.59000015258789,29,Cotton,CT=F
2004-09-29,48.20000076293945,49.349998474121094,47.599998474121094,48.0,21,Cotton,CT=F
2004-09-30,48.099998474121094,48.099998474121094,47.5,47.5,14,Cotton,CT=F
2004-10-01,48.0,48.5,47.5,48.099998474121094,11,Cotton,CT=F
2004-10-04,49.25,49.5,49.20000076293945,49.20000076293945,20,Cotton,CT=F
2004-10-05,48.869998931884766,50.0,48.869998931884766,50.0,32,Cotton,CT=F
2004-10-06,50.349998474121094,50.349998474121094,49.29999923706055,49.900001525878906,0,Cotton,CT=F
2004-10-07,46.869998931884766,50.5,46.869998931884766,50.5,2806,Cotton,CT=F
2004-10-08,47.349998474121094,47.95000076293945,46.810001373291016,47.150001525878906,4026,Cotton,CT=F
2004-10-11,46.52000045776367,47.400001525878906,46.400001525878906,47.29999923706055,12406,Cotton,CT=F
2004-10-12,44.790000915527344,45.5,43.75,44.599998474121094,10417,Cotton,CT=F
2004-10-13,45.95000076293945,46.25,44.5,44.529998779296875,12018,Cotton,CT=F
2004-10-14,46.52000045776367,48.5,46.45000076293945,46.79999923706055,6229,Cotton,CT=F
2004-10-15,45.81999969482422,47.130001068115234,45.650001525878906,46.79999923706055,5094,Cotton,CT=F
2004-10-18,46.41999816894531,46.5,45.5,46.38999938964844,10116,Cotton,CT=F
2004-10-19,47.540000915527344,47.75,46.0,46.20000076293945,10444,Cotton,CT=F
2004-10-20,47.9900016784668,48.900001525878906,47.099998474121094,48.400001525878906,6881,Cotton,CT=F
2004-10-21,45.810001373291016,47.400001525878906,45.79999923706055,47.400001525878906,5080,Cotton,CT=F
2004-10-22,45.66999816894531,46.25,45.11000061035156,46.0,7136,Cotton,CT=F
2004-10-25,46.540000915527344,47.150001525878906,45.900001525878906,45.900001525878906,2624,Cotton,CT=F
2004-10-26,46.619998931884766,47.0,46.400001525878906,46.75,3961,Cotton,CT=F
2004-10-27,46.83000183105469,47.20000076293945,46.5,46.97999954223633,9073,Cotton,CT=F
2004-10-28,45.310001373291016,46.400001525878906,45.0,46.400001525878906,8679,Cotton,CT=F
2004-10-29,44.97999954223633,45.79999923706055,44.650001525878906,45.310001373291016,9200,Cotton,CT=F
2004-11-01,43.97999954223633,44.900001525878906,43.54999923706055,44.65999984741211,6600,Cotton,CT=F
2004-11-02,45.150001525878906,45.29999923706055,43.54999923706055,43.70000076293945,7635,Cotton,CT=F
2004-11-03,44.58000183105469,45.599998474121094,44.2599983215332,44.650001525878906,8251,Cotton,CT=F
2004-11-04,43.369998931884766,44.58000183105469,43.099998474121094,44.33000183105469,7338,Cotton,CT=F
2004-11-05,43.36000061035156,43.79999923706055,43.20000076293945,43.52000045776367,7417,Cotton,CT=F
2004-11-08,43.83000183105469,44.20000076293945,43.36000061035156,43.36000061035156,12107,Cotton,CT=F
2004-11-09,44.040000915527344,44.70000076293945,43.79999923706055,44.04999923706055,10953,Cotton,CT=F
2004-11-10,43.650001525878906,44.58000183105469,43.349998474121094,44.5,8767,Cotton,CT=F
2004-11-11,43.880001068115234,44.20000076293945,43.5,43.5,9973,Cotton,CT=F
2004-11-12,44.34000015258789,44.400001525878906,43.5,43.5,13229,Cotton,CT=F
2004-11-15,44.90999984741211,45.5,44.400001525878906,44.400001525878906,14831,Cotton,CT=F
2004-11-16,46.59000015258789,47.400001525878906,45.20000076293945,45.400001525878906,5256,Cotton,CT=F
2004-11-17,47.13999938964844,47.29999923706055,46.099998474121094,46.5,6154,Cotton,CT=F
2004-11-18,48.5,48.5,47.5,47.599998474121094,5591,Cotton,CT=F
2004-11-19,47.83000183105469,48.849998474121094,45.5,48.849998474121094,609,Cotton,CT=F
2004-11-22,48.779998779296875,48.79999923706055,47.70000076293945,47.95000076293945,1275,Cotton,CT=F
2004-11-23,49.0,49.099998474121094,48.5,48.900001525878906,0,Cotton,CT=F
2004-11-24,48.400001525878906,49.150001525878906,48.400001525878906,48.79999923706055,282,Cotton,CT=F
2004-11-29,48.5,48.5,47.95000076293945,48.400001525878906,257,Cotton,CT=F
2004-11-30,48.650001525878906,48.650001525878906,48.099998474121094,48.400001525878906,362,Cotton,CT=F
2004-12-01,47.880001068115234,48.5099983215332,46.400001525878906,48.5099983215332,124,Cotton,CT=F
2004-12-02,47.400001525878906,47.5,47.29999923706055,47.29999923706055,223,Cotton,CT=F
2004-12-03,45.25,47.0,45.0,47.0,46,Cotton,CT=F
2004-12-06,45.79999923706055,46.0,45.29999923706055,46.0,43,Cotton,CT=F
2004-12-07,45.970001220703125,46.0,45.5,45.5,0,Cotton,CT=F
2004-12-08,44.0,46.599998474121094,42.5,46.599998474121094,3371,Cotton,CT=F
2004-12-09,42.86000061035156,43.04999923706055,42.599998474121094,43.0,7989,Cotton,CT=F
2004-12-10,42.310001373291016,43.75,42.099998474121094,42.599998474121094,5623,Cotton,CT=F
2004-12-13,43.220001220703125,43.25,42.599998474121094,42.849998474121094,5809,Cotton,CT=F
2004-12-14,42.630001068115234,43.54999923706055,42.599998474121094,43.20000076293945,4772,Cotton,CT=F
2004-12-15,42.7599983215332,43.5,42.650001525878906,42.900001525878906,3623,Cotton,CT=F
2004-12-16,43.459999084472656,43.47999954223633,42.7599983215332,42.779998779296875,8880,Cotton,CT=F
2004-12-17,44.130001068115234,44.150001525878906,43.29999923706055,43.900001525878906,6853,Cotton,CT=F
2004-12-20,43.9900016784668,44.5,43.900001525878906,44.20000076293945,4388,Cotton,CT=F
2004-12-21,43.619998931884766,44.25,43.599998474121094,44.20000076293945,10954,Cotton,CT=F
2004-12-22,42.720001220703125,43.70000076293945,42.209999084472656,43.599998474121094,2801,Cotton,CT=F
2004-12-23,42.900001525878906,43.0,42.5099983215332,42.9900016784668,5218,Cotton,CT=F
2004-12-27,42.91999816894531,42.95000076293945,42.16999816894531,42.380001068115234,12513,Cotton,CT=F
2004-12-28,44.20000076293945,44.2400016784668,43.0,43.2599983215332,9573,Cotton,CT=F
2004-12-29,44.0099983215332,44.58000183105469,43.650001525878906,43.95000076293945,13604,Cotton,CT=F
2004-12-30,44.77000045776367,44.95000076293945,43.0,43.400001525878906,7081,Cotton,CT=F
2005-01-03,44.119998931884766,44.900001525878906,43.900001525878906,44.599998474121094,7900,Cotton,CT=F
2005-01-04,44.4900016784668,44.599998474121094,43.40999984741211,43.849998474121094,19262,Cotton,CT=F
2005-01-05,45.619998931884766,45.70000076293945,44.5,44.75,17671,Cotton,CT=F
2005-01-06,45.810001373291016,46.189998626708984,45.5099983215332,45.75,18899,Cotton,CT=F
2005-01-07,46.560001373291016,46.97999954223633,45.400001525878906,45.54999923706055,12817,Cotton,CT=F
2005-01-10,47.2400016784668,47.29999923706055,46.099998474121094,46.400001525878906,12996,Cotton,CT=F
2005-01-11,46.20000076293945,47.0,45.86000061035156,46.79999923706055,9494,Cotton,CT=F
2005-01-12,46.59000015258789,46.70000076293945,45.88999938964844,46.400001525878906,9309,Cotton,CT=F
2005-01-13,46.279998779296875,46.45000076293945,45.619998931884766,46.29999923706055,4865,Cotton,CT=F
2005-01-14,46.16999816894531,46.29999923706055,45.65999984741211,45.900001525878906,5550,Cotton,CT=F
2005-01-18,46.709999084472656,46.79999923706055,45.79999923706055,45.900001525878906,13820,Cotton,CT=F
2005-01-19,47.959999084472656,48.0,46.650001525878906,46.709999084472656,10640,Cotton,CT=F
2005-01-20,47.58000183105469,48.310001373291016,47.45000076293945,47.900001525878906,10821,Cotton,CT=F
2005-01-21,46.970001220703125,47.400001525878906,46.150001525878906,47.20000076293945,4886,Cotton,CT=F
2005-01-24,46.439998626708984,46.849998474121094,46.04999923706055,46.79999923706055,8296,Cotton,CT=F
2005-01-25,46.779998779296875,46.79999923706055,45.75,46.400001525878906,6133,Cotton,CT=F
2005-01-26,46.779998779296875,47.349998474121094,46.599998474121094,46.81999969482422,26628,Cotton,CT=F
2005-01-27,43.86000061035156,47.099998474121094,43.83000183105469,46.54999923706055,27566,Cotton,CT=F
2005-01-28,43.349998474121094,44.25,42.400001525878906,44.099998474121094,9201,Cotton,CT=F
2005-01-31,43.7599983215332,44.099998474121094,43.349998474121094,43.70000076293945,8192,Cotton,CT=F
2005-02-01,43.880001068115234,44.349998474121094,43.40999984741211,44.20000076293945,6094,Cotton,CT=F
2005-02-02,44.27000045776367,44.5,43.75,44.0,7459,Cotton,CT=F
2005-02-03,43.119998931884766,44.45000076293945,43.099998474121094,44.29999923706055,6720,Cotton,CT=F
2005-02-04,43.20000076293945,43.45000076293945,42.810001373291016,43.0,10354,Cotton,CT=F
2005-02-07,43.2400016784668,43.75,43.0099983215332,43.5,10505,Cotton,CT=F
2005-02-08,42.70000076293945,43.150001525878906,42.650001525878906,43.04999923706055,12879,Cotton,CT=F
2005-02-09,43.06999969482422,43.70000076293945,42.61000061035156,42.70000076293945,17582,Cotton,CT=F
2005-02-10,44.7400016784668,45.0,43.400001525878906,43.52000045776367,11698,Cotton,CT=F
2005-02-11,44.95000076293945,45.29999923706055,44.75,45.099998474121094,11570,Cotton,CT=F
2005-02-14,45.560001373291016,46.0,45.099998474121094,45.5,15216,Cotton,CT=F
2005-02-15,46.279998779296875,46.900001525878906,45.849998474121094,45.95000076293945,7421,Cotton,CT=F
2005-02-16,46.20000076293945,46.95000076293945,45.25,46.900001525878906,6728,Cotton,CT=F
2005-02-17,45.97999954223633,46.20000076293945,45.709999084472656,46.099998474121094,5286,Cotton,CT=F
2005-02-18,46.540000915527344,46.70000076293945,45.54999923706055,45.95000076293945,1175,Cotton,CT=F
2005-02-22,48.25,48.29999923706055,46.54999923706055,46.650001525878906,275,Cotton,CT=F
2005-02-23,47.900001525878906,48.5,47.599998474121094,48.5,105,Cotton,CT=F
2005-02-24,47.5,47.79999923706055,47.0,47.79999923706055,96,Cotton,CT=F
2005-02-25,49.099998474121094,49.25,47.29999923706055,47.5,20,Cotton,CT=F
2005-02-28,50.29999923706055,50.29999923706055,49.79999923706055,50.0,14,Cotton,CT=F
2005-03-01,49.54999923706055,50.150001525878906,49.400001525878906,50.150001525878906,16,Cotton,CT=F
2005-03-02,49.119998931884766,50.20000076293945,48.959999084472656,50.0,12,Cotton,CT=F
2005-03-03,49.150001525878906,49.150001525878906,47.75,48.79999923706055,13,Cotton,CT=F
2005-03-04,50.75,50.75,49.75,50.75,27,Cotton,CT=F
2005-03-07,49.529998779296875,50.5,49.5,50.45000076293945,0,Cotton,CT=F
2005-03-08,50.41999816894531,50.45000076293945,50.0,50.20000076293945,11508,Cotton,CT=F
2005-03-09,52.0,52.400001525878906,51.25,51.66999816894531,11766,Cotton,CT=F
2005-03-10,52.650001525878906,53.20000076293945,51.650001525878906,52.29999923706055,8830,Cotton,CT=F
2005-03-11,53.650001525878906,53.79999923706055,52.150001525878906,52.650001525878906,9372,Cotton,CT=F
2005-03-14,53.11000061035156,53.20000076293945,51.79999923706055,53.150001525878906,7256,Cotton,CT=F
2005-03-15,53.630001068115234,53.70000076293945,52.5,53.400001525878906,8233,Cotton,CT=F
2005-03-16,53.779998779296875,54.20000076293945,53.0,53.599998474121094,20988,Cotton,CT=F
2005-03-17,51.33000183105469,53.25,50.849998474121094,52.79999923706055,7982,Cotton,CT=F
2005-03-18,50.939998626708984,51.75,50.599998474121094,51.45000076293945,18208,Cotton,CT=F
2005-03-21,50.119998931884766,50.29999923706055,49.099998474121094,50.29999923706055,7212,Cotton,CT=F
2005-03-22,51.380001068115234,51.70000076293945,50.25,50.29999923706055,6400,Cotton,CT=F
2005-03-23,50.58000183105469,50.970001220703125,49.75,50.400001525878906,6139,Cotton,CT=F
2005-03-24,51.59000015258789,52.400001525878906,50.0,50.099998474121094,12201,Cotton,CT=F
2005-03-28,53.959999084472656,54.54999923706055,52.099998474121094,52.20000076293945,8307,Cotton,CT=F
2005-03-29,53.58000183105469,54.599998474121094,53.20000076293945,54.0,6816,Cotton,CT=F
2005-03-30,53.380001068115234,53.58000183105469,52.849998474121094,53.349998474121094,10279,Cotton,CT=F
2005-03-31,53.029998779296875,54.099998474121094,52.650001525878906,54.099998474121094,19070,Cotton,CT=F
2005-04-01,52.79999923706055,53.349998474121094,50.54999923706055,53.29999923706055,6978,Cotton,CT=F
2005-04-04,52.599998474121094,53.20000076293945,52.29999923706055,52.79999923706055,6728,Cotton,CT=F
2005-04-05,52.04999923706055,52.5,51.95000076293945,52.400001525878906,10094,Cotton,CT=F
2005-04-06,51.880001068115234,52.0,51.25,51.599998474121094,11795,Cotton,CT=F
2005-04-07,52.220001220703125,53.0,52.099998474121094,52.25,12424,Cotton,CT=F
2005-04-08,53.209999084472656,53.400001525878906,51.52000045776367,52.0,8685,Cotton,CT=F
2005-04-11,53.27000045776367,53.70000076293945,52.650001525878906,53.599998474121094,15036,Cotton,CT=F
2005-04-12,53.0,53.29999923706055,52.75,52.900001525878906,22574,Cotton,CT=F
2005-04-13,51.220001220703125,52.849998474121094,50.900001525878906,52.0,13703,Cotton,CT=F
2005-04-14,52.13999938964844,52.5,51.04999923706055,51.20000076293945,9856,Cotton,CT=F
2005-04-15,52.060001373291016,52.349998474121094,51.900001525878906,52.13999938964844,12246,Cotton,CT=F
2005-04-18,52.779998779296875,54.0,51.900001525878906,51.900001525878906,8868,Cotton,CT=F
2005-04-19,54.18000030517578,55.0,53.349998474121094,53.70000076293945,9753,Cotton,CT=F
2005-04-20,55.540000915527344,55.70000076293945,53.849998474121094,54.0,9277,Cotton,CT=F
2005-04-21,55.70000076293945,56.20000076293945,54.900001525878906,55.540000915527344,7004,Cotton,CT=F
2005-04-22,56.150001525878906,56.20000076293945,54.5099983215332,55.5,1461,Cotton,CT=F
2005-04-25,58.25,60.5,56.29999923706055,56.29999923706055,320,Cotton,CT=F
2005-04-26,58.5,58.599998474121094,57.45000076293945,57.70000076293945,209,Cotton,CT=F
2005-04-27,57.70000076293945,59.0,57.54999923706055,59.0,158,Cotton,CT=F
2005-04-28,58.400001525878906,58.5,56.5,57.0,105,Cotton,CT=F
2005-04-29,58.0,58.20000076293945,57.79999923706055,58.0,32,Cotton,CT=F
2005-05-02,57.79999923706055,58.0,57.25,57.70000076293945,45,Cotton,CT=F
2005-05-03,55.5,57.5,55.5,56.900001525878906,84,Cotton,CT=F
2005-05-04,55.0,55.0,53.0,54.5,33,Cotton,CT=F
2005-05-05,54.599998474121094,55.0,54.29999923706055,55.0,0,Cotton,CT=F
2005-05-06,53.790000915527344,55.0,53.790000915527344,54.599998474121094,9452,Cotton,CT=F
2005-05-09,55.0099983215332,55.20000076293945,53.5,54.29999923706055,7723,Cotton,CT=F
2005-05-10,55.93000030517578,56.0,55.0099983215332,55.20000076293945,7099,Cotton,CT=F
2005-05-11,56.79999923706055,56.900001525878906,55.349998474121094,55.79999923706055,7500,Cotton,CT=F
2005-05-12,55.08000183105469,56.150001525878906,54.79999923706055,55.70000076293945,11179,Cotton,CT=F
2005-05-13,53.75,54.900001525878906,53.04999923706055,54.900001525878906,12497,Cotton,CT=F
2005-05-16,52.0099983215332,53.150001525878906,52.0,53.099998474121094,18572,Cotton,CT=F
2005-05-17,52.060001373291016,52.150001525878906,50.45000076293945,51.70000076293945,8439,Cotton,CT=F
2005-05-18,51.79999923706055,52.66999816894531,51.54999923706055,52.20000076293945,19321,Cotton,CT=F
2005-05-19,50.150001525878906,51.599998474121094,50.099998474121094,51.599998474121094,10775,Cotton,CT=F
2005-05-20,50.04999923706055,50.75,49.810001373291016,49.900001525878906,5877,Cotton,CT=F
2005-05-23,50.27000045776367,51.04999923706055,50.099998474121094,50.099998474121094,7543,Cotton,CT=F
2005-05-24,50.08000183105469,50.900001525878906,49.61000061035156,50.25,4626,Cotton,CT=F
2005-05-25,50.369998931884766,50.45000076293945,49.869998931884766,50.099998474121094,4689,Cotton,CT=F
2005-05-26,50.380001068115234,50.900001525878906,50.349998474121094,50.599998474121094,3029,Cotton,CT=F
2005-05-27,50.43000030517578,50.900001525878906,50.279998779296875,50.45000076293945,17079,Cotton,CT=F
2005-05-31,48.63999938964844,49.95000076293945,48.5,49.849998474121094,18831,Cotton,CT=F
2005-06-01,48.59000015258789,48.70000076293945,47.650001525878906,48.45000076293945,12180,Cotton,CT=F
2005-06-02,48.7599983215332,49.209999084472656,48.150001525878906,48.400001525878906,9025,Cotton,CT=F
2005-06-03,48.34000015258789,49.099998474121094,48.099998474121094,48.79999923706055,11324,Cotton,CT=F
2005-06-06,47.369998931884766,48.650001525878906,47.150001525878906,48.4900016784668,14869,Cotton,CT=F
2005-06-07,46.939998626708984,47.650001525878906,46.849998474121094,47.54999923706055,14562,Cotton,CT=F
2005-06-08,46.88999938964844,47.150001525878906,46.20000076293945,46.79999923706055,17553,Cotton,CT=F
2005-06-09,46.290000915527344,47.650001525878906,46.099998474121094,47.349998474121094,13906,Cotton,CT=F
2005-06-10,46.959999084472656,47.150001525878906,46.29999923706055,46.349998474121094,12646,Cotton,CT=F
2005-06-13,47.529998779296875,47.70000076293945,47.25,47.29999923706055,10711,Cotton,CT=F
2005-06-14,47.599998474121094,47.75,47.25,47.5,10148,Cotton,CT=F
2005-06-15,47.06999969482422,47.75,47.0,47.70000076293945,8314,Cotton,CT=F
2005-06-16,46.63999938964844,47.849998474121094,46.54999923706055,47.150001525878906,5844,Cotton,CT=F
2005-06-17,47.380001068115234,47.5,46.79999923706055,47.25,5756,Cotton,CT=F
2005-06-20,48.15999984741211,48.54999923706055,47.5,47.79999923706055,6076,Cotton,CT=F
2005-06-21,48.72999954223633,49.0,48.0,48.29999923706055,6398,Cotton,CT=F
2005-06-22,47.5099983215332,49.25,47.5,49.25,6686,Cotton,CT=F
2005-06-23,49.650001525878906,50.04999923706055,47.099998474121094,48.0,591,Cotton,CT=F
2005-06-24,50.130001068115234,50.29999923706055,48.900001525878906,49.099998474121094,636,Cotton,CT=F
2005-06-27,50.75,50.849998474121094,50.04999923706055,50.70000076293945,355,Cotton,CT=F
2005-06-28,49.349998474121094,50.70000076293945,49.20000076293945,50.70000076293945,172,Cotton,CT=F
2005-06-29,50.79999923706055,50.79999923706055,49.099998474121094,49.099998474121094,52,Cotton,CT=F
2005-06-30,52.0,52.20000076293945,50.5,50.5,6,Cotton,CT=F
2005-07-01,52.150001525878906,52.150001525878906,51.5,52.0,41,Cotton,CT=F
2005-07-05,52.25,52.900001525878906,51.5,52.0,18,Cotton,CT=F
2005-07-06,51.099998474121094,51.79999923706055,50.900001525878906,51.79999923706055,0,Cotton,CT=F
2005-07-07,50.900001525878906,52.04999923706055,50.900001525878906,51.400001525878906,323,Cotton,CT=F
2005-07-08,53.79999923706055,54.099998474121094,52.900001525878906,53.900001525878906,165,Cotton,CT=F
2005-07-11,53.150001525878906,53.599998474121094,52.900001525878906,53.599998474121094,531,Cotton,CT=F
2005-07-12,50.150001525878906,51.900001525878906,50.150001525878906,51.900001525878906,844,Cotton,CT=F
2005-07-13,49.599998474121094,50.0,48.849998474121094,49.29999923706055,477,Cotton,CT=F
2005-07-14,50.20000076293945,50.20000076293945,49.25,49.75,366,Cotton,CT=F
2005-07-15,49.540000915527344,50.5,49.5,50.150001525878906,457,Cotton,CT=F
2005-07-18,49.09000015258789,49.54999923706055,48.54999923706055,49.5,883,Cotton,CT=F
2005-07-19,48.45000076293945,48.650001525878906,47.95000076293945,48.650001525878906,0,Cotton,CT=F
2005-07-20,48.25,48.900001525878906,47.95000076293945,48.5,344,Cotton,CT=F
2005-07-21,48.900001525878906,49.099998474121094,48.099998474121094,48.900001525878906,245,Cotton,CT=F
2005-07-22,50.20000076293945,50.27000045776367,48.650001525878906,48.650001525878906,214,Cotton,CT=F
2005-07-25,50.20000076293945,50.20000076293945,49.5,50.099998474121094,343,Cotton,CT=F
2005-07-26,50.5,51.349998474121094,50.0,50.20000076293945,238,Cotton,CT=F
2005-07-27,50.04999923706055,50.29999923706055,49.5,49.900001525878906,149,Cotton,CT=F
2005-07-28,50.11000061035156,50.70000076293945,49.88999938964844,50.400001525878906,1761,Cotton,CT=F
2005-07-29,50.9900016784668,51.0,50.150001525878906,50.45000076293945,210,Cotton,CT=F
2005-08-01,50.70000076293945,51.0,50.529998779296875,51.0,557,Cotton,CT=F
2005-08-02,50.95000076293945,51.400001525878906,49.79999923706055,50.25,337,Cotton,CT=F
2005-08-03,50.38999938964844,51.349998474121094,50.29999923706055,51.349998474121094,143,Cotton,CT=F
2005-08-04,50.599998474121094,50.75,50.099998474121094,50.47999954223633,384,Cotton,CT=F
2005-08-05,49.79999923706055,50.5,49.599998474121094,50.5,230,Cotton,CT=F
2005-08-08,49.41999816894531,49.79999923706055,49.400001525878906,49.70000076293945,190,Cotton,CT=F
2005-08-09,49.150001525878906,49.5,49.150001525878906,49.25,538,Cotton,CT=F
2005-08-10,48.5099983215332,49.11000061035156,48.45000076293945,49.11000061035156,666,Cotton,CT=F
2005-08-11,47.880001068115234,48.900001525878906,47.79999923706055,48.5,325,Cotton,CT=F
2005-08-12,47.130001068115234,48.20000076293945,47.0,48.04999923706055,467,Cotton,CT=F
2005-08-15,46.150001525878906,46.79999923706055,46.099998474121094,46.79999923706055,502,Cotton,CT=F
2005-08-16,46.25,46.900001525878906,46.25,46.5,256,Cotton,CT=F
2005-08-17,47.0,47.099998474121094,46.54999923706055,46.54999923706055,326,Cotton,CT=F
2005-08-18,46.2599983215332,47.400001525878906,46.20000076293945,47.150001525878906,429,Cotton,CT=F
2005-08-19,46.869998931884766,46.900001525878906,46.0,46.400001525878906,960,Cotton,CT=F
2005-08-22,47.29999923706055,47.79999923706055,46.400001525878906,46.400001525878906,416,Cotton,CT=F
2005-08-23,47.66999816894531,47.79999923706055,47.099998474121094,47.20000076293945,540,Cotton,CT=F
2005-08-24,47.0,48.04999923706055,46.54999923706055,47.70000076293945,175,Cotton,CT=F
2005-08-25,46.52000045776367,47.099998474121094,46.52000045776367,47.099998474121094,369,Cotton,CT=F
2005-08-26,46.900001525878906,46.900001525878906,46.70000076293945,46.75,321,Cotton,CT=F
2005-08-29,47.630001068115234,48.5,46.75,48.5,876,Cotton,CT=F
2005-08-30,48.75,49.20000076293945,47.70000076293945,47.70000076293945,875,Cotton,CT=F
2005-08-31,48.150001525878906,48.95000076293945,48.0,48.95000076293945,636,Cotton,CT=F
2005-09-01,48.290000915527344,48.5,46.400001525878906,48.5,502,Cotton,CT=F
2005-09-02,48.470001220703125,48.79999923706055,47.599998474121094,48.400001525878906,1530,Cotton,CT=F
2005-09-06,50.45000076293945,50.5,48.70000076293945,48.849998474121094,1073,Cotton,CT=F
2005-09-07,51.25,51.27000045776367,50.25,50.599998474121094,962,Cotton,CT=F
2005-09-08,50.369998931884766,51.20000076293945,50.150001525878906,51.0,366,Cotton,CT=F
2005-09-09,50.04999923706055,50.5,50.04999923706055,50.369998931884766,293,Cotton,CT=F
2005-09-12,49.599998474121094,49.650001525878906,48.70000076293945,49.0,536,Cotton,CT=F
2005-09-13,48.369998931884766,49.150001525878906,48.0,49.099998474121094,325,Cotton,CT=F
2005-09-14,48.599998474121094,48.79999923706055,48.099998474121094,48.369998931884766,241,Cotton,CT=F
2005-09-15,48.040000915527344,48.5,48.0,48.099998474121094,460,Cotton,CT=F
2005-09-16,47.9900016784668,48.599998474121094,47.849998474121094,48.29999923706055,533,Cotton,CT=F
2005-09-19,50.16999816894531,50.25,48.400001525878906,48.5,398,Cotton,CT=F
2005-09-20,49.0,49.75,48.650001525878906,49.20000076293945,308,Cotton,CT=F
2005-09-21,50.0,50.29999923706055,49.599998474121094,49.70000076293945,701,Cotton,CT=F
2005-09-22,50.0,50.400001525878906,48.900001525878906,50.400001525878906,1767,Cotton,CT=F
2005-09-23,49.150001525878906,50.04999923706055,49.0,49.79999923706055,76,Cotton,CT=F
2005-09-26,49.08000183105469,49.5,48.25,48.5,32,Cotton,CT=F
2005-09-27,52.0,52.5,49.29999923706055,49.29999923706055,48,Cotton,CT=F
2005-09-28,52.70000076293945,53.0,51.849998474121094,53.0,1,Cotton,CT=F
2005-09-29,53.099998474121094,53.099998474121094,52.20000076293945,52.20000076293945,2,Cotton,CT=F
2005-09-30,51.5,53.0,51.5,53.0,0,Cotton,CT=F
2005-10-03,52.54999923706055,52.54999923706055,52.54999923706055,52.54999923706055,2,Cotton,CT=F
2005-10-04,51.54999923706055,52.75,51.54999923706055,52.75,3,Cotton,CT=F
2005-10-05,52.45000076293945,52.45000076293945,52.20000076293945,52.20000076293945,7,Cotton,CT=F
2005-10-06,52.75,53.5,52.75,53.5,0,Cotton,CT=F
2005-10-07,52.20000076293945,53.70000076293945,52.20000076293945,53.599998474121094,14852,Cotton,CT=F
2005-10-10,55.65999984741211,56.54999923706055,54.5,54.70000076293945,8335,Cotton,CT=F
2005-10-11,55.16999816894531,55.849998474121094,55.099998474121094,55.599998474121094,7460,Cotton,CT=F
2005-10-12,55.900001525878906,56.06999969482422,55.27000045776367,55.5,20244,Cotton,CT=F
2005-10-13,56.18000030517578,57.79999923706055,55.79999923706055,55.900001525878906,11038,Cotton,CT=F
2005-10-14,56.93000030517578,57.0,55.099998474121094,55.400001525878906,7369,Cotton,CT=F
2005-10-17,56.0,56.93000030517578,55.900001525878906,56.93000030517578,10911,Cotton,CT=F
2005-10-18,55.369998931884766,55.75,54.52000045776367,55.70000076293945,10934,Cotton,CT=F
2005-10-19,54.290000915527344,54.95000076293945,53.56999969482422,54.900001525878906,11096,Cotton,CT=F
2005-10-20,53.209999084472656,54.900001525878906,53.04999923706055,54.70000076293945,7887,Cotton,CT=F
2005-10-21,54.4900016784668,54.599998474121094,53.06999969482422,53.5,6336,Cotton,CT=F
2005-10-24,54.029998779296875,54.650001525878906,53.75,54.349998474121094,8246,Cotton,CT=F
2005-10-25,55.22999954223633,55.34000015258789,54.099998474121094,54.47999954223633,5962,Cotton,CT=F
2005-10-26,54.7599983215332,55.0,54.25,55.0,20032,Cotton,CT=F
2005-10-27,52.130001068115234,54.099998474121094,52.099998474121094,54.0,13751,Cotton,CT=F
2005-10-28,52.52000045776367,52.79999923706055,51.709999084472656,52.29999923706055,13809,Cotton,CT=F
2005-10-31,51.869998931884766,52.75,51.56999969482422,52.5,8439,Cotton,CT=F
2005-11-01,52.11000061035156,52.70000076293945,51.900001525878906,52.0,8752,Cotton,CT=F
2005-11-02,52.290000915527344,52.349998474121094,51.650001525878906,52.0,10993,Cotton,CT=F
2005-11-03,51.72999954223633,52.9900016784668,51.599998474121094,52.400001525878906,10099,Cotton,CT=F
2005-11-04,51.439998626708984,52.150001525878906,51.29999923706055,51.54999923706055,15488,Cotton,CT=F
2005-11-07,51.2599983215332,52.0,51.16999816894531,51.439998626708984,17174,Cotton,CT=F
2005-11-08,50.959999084472656,51.45000076293945,50.900001525878906,51.18000030517578,16251,Cotton,CT=F
2005-11-09,50.40999984741211,51.29999923706055,50.400001525878906,51.0,19470,Cotton,CT=F
2005-11-10,50.20000076293945,51.25,49.95000076293945,50.79999923706055,15692,Cotton,CT=F
2005-11-11,50.720001220703125,50.939998626708984,50.119998931884766,50.27000045776367,8987,Cotton,CT=F
2005-11-14,50.88999938964844,51.290000915527344,50.61000061035156,50.79999923706055,9960,Cotton,CT=F
2005-11-15,50.279998779296875,51.04999923706055,50.2599983215332,51.04999923706055,8921,Cotton,CT=F
2005-11-16,49.790000915527344,50.20000076293945,49.29999923706055,50.20000076293945,9295,Cotton,CT=F
2005-11-17,49.63999938964844,50.150001525878906,49.2599983215332,49.29999923706055,8939,Cotton,CT=F
2005-11-18,49.310001373291016,49.79999923706055,49.25,49.720001220703125,8810,Cotton,CT=F
2005-11-21,48.540000915527344,49.54999923706055,48.400001525878906,49.400001525878906,1388,Cotton,CT=F
2005-11-22,49.900001525878906,50.5,48.75,48.75,358,Cotton,CT=F
2005-11-23,48.95000076293945,50.099998474121094,48.650001525878906,50.099998474121094,91,Cotton,CT=F
2005-11-28,48.849998474121094,50.5,48.25,50.29999923706055,119,Cotton,CT=F
2005-11-29,48.97999954223633,49.75,48.97999954223633,49.75,28,Cotton,CT=F
2005-11-30,49.189998626708984,49.5,49.0,49.5,64,Cotton,CT=F
2005-12-01,48.29999923706055,49.5,48.29999923706055,49.5,11,Cotton,CT=F
2005-12-02,48.29999923706055,48.900001525878906,48.29999923706055,48.900001525878906,8,Cotton,CT=F
2005-12-05,49.04999923706055,49.20000076293945,49.0,49.20000076293945,32,Cotton,CT=F
2005-12-06,49.099998474121094,49.5,49.0,49.20000076293945,0,Cotton,CT=F
2005-12-07,49.619998931884766,49.79999923706055,49.0,49.09000015258789,9852,Cotton,CT=F
2005-12-08,52.75,53.25,52.29999923706055,52.400001525878906,5348,Cotton,CT=F
2005-12-09,52.720001220703125,52.75,52.16999816894531,52.25,12407,Cotton,CT=F
2005-12-12,53.40999984741211,53.599998474121094,53.099998474121094,53.349998474121094,9920,Cotton,CT=F
2005-12-13,53.689998626708984,53.75,53.29999923706055,53.349998474121094,9851,Cotton,CT=F
2005-12-14,53.2400016784668,53.599998474121094,52.5,53.599998474121094,8058,Cotton,CT=F
2005-12-15,53.0099983215332,53.349998474121094,52.900001525878906,53.25,4381,Cotton,CT=F
2005-12-16,53.38999938964844,53.45000076293945,52.79999923706055,52.88999938964844,4388,Cotton,CT=F
2005-12-19,53.630001068115234,53.650001525878906,53.38999938964844,53.5,4023,Cotton,CT=F
2005-12-20,53.220001220703125,53.5,53.099998474121094,53.5,6920,Cotton,CT=F
2005-12-21,52.849998474121094,53.45000076293945,52.709999084472656,53.38999938964844,15927,Cotton,CT=F
2005-12-22,54.13999938964844,54.25,53.04999923706055,53.20000076293945,6721,Cotton,CT=F
2005-12-23,53.540000915527344,54.189998626708984,53.220001220703125,54.150001525878906,5790,Cotton,CT=F
2005-12-27,53.79999923706055,54.25,53.599998474121094,53.650001525878906,5968,Cotton,CT=F
2005-12-28,54.06999969482422,54.25,53.849998474121094,54.150001525878906,10167,Cotton,CT=F
2005-12-29,53.650001525878906,54.54999923706055,53.5,54.25,10769,Cotton,CT=F
2005-12-30,54.189998626708984,54.25,53.06999969482422,54.0,18064,Cotton,CT=F
2006-01-03,55.2400016784668,55.25,54.400001525878906,54.400001525878906,10095,Cotton,CT=F
2006-01-04,54.939998626708984,55.25,54.349998474121094,55.04999923706055,8854,Cotton,CT=F
2006-01-05,54.689998626708984,55.20000076293945,54.5099983215332,54.75,5919,Cotton,CT=F
2006-01-06,55.04999923706055,55.09000015258789,54.5,54.689998626708984,13457,Cotton,CT=F
2006-01-09,55.70000076293945,56.0,55.5,55.75,8071,Cotton,CT=F
2006-01-10,55.59000015258789,55.63999938964844,55.25,55.29999923706055,9720,Cotton,CT=F
2006-01-11,55.43000030517578,55.54999923706055,54.77000045776367,55.45000076293945,8793,Cotton,CT=F
2006-01-12,55.439998626708984,55.599998474121094,54.79999923706055,55.0,0,Cotton,CT=F
2006-01-13,55.93000030517578,55.95000076293945,55.20000076293945,55.25,7331,Cotton,CT=F
2006-01-17,55.9900016784668,56.0099983215332,55.70000076293945,55.900001525878906,13267,Cotton,CT=F
2006-01-18,54.560001373291016,55.79999923706055,54.5,55.79999923706055,10131,Cotton,CT=F
2006-01-19,55.7599983215332,55.88999938964844,54.70000076293945,54.79999923706055,14152,Cotton,CT=F
2006-01-20,56.56999969482422,56.650001525878906,55.7599983215332,55.7599983215332,9028,Cotton,CT=F
2006-01-23,56.779998779296875,56.849998474121094,56.04999923706055,56.79999923706055,7649,Cotton,CT=F
2006-01-24,56.599998474121094,56.70000076293945,56.0099983215332,56.36000061035156,7490,Cotton,CT=F
2006-01-25,56.529998779296875,56.650001525878906,55.970001220703125,56.25,7272,Cotton,CT=F
2006-01-26,56.47999954223633,56.70000076293945,56.150001525878906,56.5,15230,Cotton,CT=F
2006-01-27,55.529998779296875,56.47999954223633,54.91999816894531,56.47999954223633,9160,Cotton,CT=F
2006-01-30,55.16999816894531,55.79999923706055,54.91999816894531,55.630001068115234,20870,Cotton,CT=F
2006-01-31,55.720001220703125,55.79999923706055,54.70000076293945,55.25,9949,Cotton,CT=F
2006-02-01,55.869998931884766,55.95000076293945,55.400001525878906,55.75,20832,Cotton,CT=F
2006-02-02,57.22999954223633,57.29999923706055,55.650001525878906,55.79999923706055,9353,Cotton,CT=F
2006-02-03,56.95000076293945,57.45000076293945,56.790000915527344,57.38999938964844,9320,Cotton,CT=F
2006-02-06,57.189998626708984,57.29999923706055,56.900001525878906,57.099998474121094,26040,Cotton,CT=F
2006-02-07,55.099998474121094,56.849998474121094,54.95000076293945,56.70000076293945,19131,Cotton,CT=F
2006-02-08,56.279998779296875,57.20000076293945,55.54999923706055,55.70000076293945,15193,Cotton,CT=F
2006-02-09,56.41999816894531,56.54999923706055,55.86000061035156,56.11000061035156,19357,Cotton,CT=F
2006-02-10,55.970001220703125,56.400001525878906,55.91999816894531,56.150001525878906,21109,Cotton,CT=F
2006-02-13,55.15999984741211,55.79999923706055,55.150001525878906,55.75,19759,Cotton,CT=F
2006-02-14,57.040000915527344,57.290000915527344,55.04999923706055,55.150001525878906,17086,Cotton,CT=F
2006-02-15,56.91999816894531,57.650001525878906,56.04999923706055,56.79999923706055,5895,Cotton,CT=F
2006-02-16,56.459999084472656,57.25,56.2599983215332,57.20000076293945,6434,Cotton,CT=F
2006-02-17,57.43000030517578,57.5,56.79999923706055,56.900001525878906,8591,Cotton,CT=F
2006-02-21,56.68000030517578,57.599998474121094,56.5,57.599998474121094,980,Cotton,CT=F
2006-02-22,56.900001525878906,57.20000076293945,55.70000076293945,56.5,510,Cotton,CT=F
2006-02-23,57.380001068115234,57.380001068115234,56.54999923706055,56.650001525878906,465,Cotton,CT=F
2006-02-24,56.91999816894531,57.650001525878906,56.900001525878906,57.599998474121094,1069,Cotton,CT=F
2006-02-27,55.45000076293945,56.5,55.45000076293945,56.5,29,Cotton,CT=F
2006-02-28,56.0,56.0,55.5,55.900001525878906,57,Cotton,CT=F
2006-03-01,55.599998474121094,56.29999923706055,55.599998474121094,56.29999923706055,47,Cotton,CT=F
2006-03-02,55.18000030517578,55.5,55.0,55.099998474121094,64,Cotton,CT=F
2006-03-03,54.599998474121094,55.20000076293945,54.20000076293945,54.79999923706055,14,Cotton,CT=F
2006-03-06,54.02000045776367,54.20000076293945,54.02000045776367,54.119998931884766,31,Cotton,CT=F
2006-03-07,53.79999923706055,54.349998474121094,53.599998474121094,54.25,49,Cotton,CT=F
2006-03-08,53.099998474121094,54.5,52.099998474121094,54.29999923706055,0,Cotton,CT=F
2006-03-09,53.619998931884766,54.5,53.619998931884766,54.5,9453,Cotton,CT=F
2006-03-10,55.11000061035156,55.150001525878906,54.29999923706055,54.45000076293945,8822,Cotton,CT=F
2006-03-13,54.2400016784668,55.0,54.150001525878906,54.81999969482422,6567,Cotton,CT=F
2006-03-14,54.099998474121094,54.779998779296875,54.02000045776367,54.45000076293945,8868,Cotton,CT=F
2006-03-15,54.58000183105469,54.79999923706055,54.29999923706055,54.5,5765,Cotton,CT=F
2006-03-16,54.4900016784668,55.099998474121094,54.47999954223633,54.79999923706055,6899,Cotton,CT=F
2006-03-17,54.060001373291016,54.54999923706055,54.04999923706055,54.54999923706055,9685,Cotton,CT=F
2006-03-20,53.5099983215332,53.97999954223633,53.349998474121094,53.900001525878906,9123,Cotton,CT=F
2006-03-21,53.209999084472656,53.599998474121094,53.16999816894531,53.45000076293945,18718,Cotton,CT=F
2006-03-22,52.220001220703125,53.400001525878906,52.20000076293945,53.38999938964844,13447,Cotton,CT=F
2006-03-23,52.9900016784668,53.150001525878906,51.900001525878906,52.25,7550,Cotton,CT=F
2006-03-24,52.5,52.900001525878906,52.380001068115234,52.79999923706055,5374,Cotton,CT=F
2006-03-27,53.099998474121094,53.150001525878906,52.5,52.90999984741211,9395,Cotton,CT=F
2006-03-28,52.90999984741211,53.349998474121094,52.72999954223633,53.150001525878906,6812,Cotton,CT=F
2006-03-29,53.15999984741211,53.20000076293945,52.75,53.150001525878906,9321,Cotton,CT=F
2006-03-30,53.70000076293945,53.900001525878906,53.349998474121094,53.599998474121094,21899,Cotton,CT=F
2006-03-31,52.650001525878906,53.56999969482422,52.560001373291016,53.54999923706055,9076,Cotton,CT=F
2006-04-03,52.56999969482422,53.349998474121094,52.54999923706055,52.900001525878906,7981,Cotton,CT=F
2006-04-04,52.810001373291016,53.099998474121094,52.400001525878906,52.599998474121094,14272,Cotton,CT=F
2006-04-05,53.959999084472656,54.25,53.150001525878906,53.25,6559,Cotton,CT=F
2006-04-06,53.63999938964844,53.959999084472656,53.5,53.900001525878906,17510,Cotton,CT=F
2006-04-07,53.970001220703125,54.400001525878906,53.650001525878906,53.75,16642,Cotton,CT=F
2006-04-10,53.20000076293945,54.45000076293945,53.150001525878906,54.400001525878906,23565,Cotton,CT=F
2006-04-11,52.310001373291016,53.380001068115234,51.630001068115234,53.29999923706055,20300,Cotton,CT=F
2006-04-12,52.279998779296875,52.75,52.029998779296875,52.04999923706055,22958,Cotton,CT=F
2006-04-13,52.0099983215332,52.70000076293945,51.900001525878906,52.599998474121094,14559,Cotton,CT=F
2006-04-17,52.599998474121094,53.04999923706055,52.29999923706055,52.349998474121094,15287,Cotton,CT=F
2006-04-18,52.5,52.79999923706055,52.400001525878906,52.5,11102,Cotton,CT=F
2006-04-19,52.54999923706055,52.75,52.25,52.75,7520,Cotton,CT=F
2006-04-20,50.880001068115234,52.70000076293945,50.7599983215332,52.70000076293945,7607,Cotton,CT=F
2006-04-21,50.66999816894531,51.20000076293945,50.5,50.5,820,Cotton,CT=F
2006-04-24,50.11000061035156,50.900001525878906,50.099998474121094,50.5,270,Cotton,CT=F
2006-04-25,49.5,50.20000076293945,48.900001525878906,50.11000061035156,46,Cotton,CT=F
2006-04-26,50.0,50.0,48.29999923706055,49.29999923706055,30,Cotton,CT=F
2006-04-27,49.099998474121094,50.099998474121094,49.099998474121094,50.099998474121094,0,Cotton,CT=F
2006-04-28,49.900001525878906,49.900001525878906,49.900001525878906,49.900001525878906,7,Cotton,CT=F
2006-05-01,50.150001525878906,51.099998474121094,50.150001525878906,50.75,13,Cotton,CT=F
2006-05-02,49.25,49.25,49.25,49.25,9,Cotton,CT=F
2006-05-03,49.45000076293945,49.45000076293945,49.20000076293945,49.400001525878906,5,Cotton,CT=F
2006-05-04,48.849998474121094,48.849998474121094,48.79999923706055,48.79999923706055,32,Cotton,CT=F
2006-05-05,48.70000076293945,48.849998474121094,48.650001525878906,48.849998474121094,0,Cotton,CT=F
2006-05-08,49.439998626708984,49.439998626708984,49.439998626708984,49.439998626708984,6585,Cotton,CT=F
2006-05-09,51.130001068115234,51.29999923706055,50.75,51.04999923706055,9052,Cotton,CT=F
2006-05-10,50.439998626708984,51.04999923706055,50.29999923706055,51.0,13015,Cotton,CT=F
2006-05-11,51.310001373291016,51.400001525878906,50.349998474121094,50.56999969482422,14154,Cotton,CT=F
2006-05-12,52.04999923706055,52.150001525878906,51.5,51.75,7018,Cotton,CT=F
2006-05-15,51.599998474121094,52.04999923706055,51.400001525878906,51.790000915527344,4566,Cotton,CT=F
2006-05-16,51.38999938964844,51.75,51.349998474121094,51.599998474121094,8507,Cotton,CT=F
2006-05-17,50.810001373291016,51.70000076293945,50.5099983215332,51.54999923706055,13303,Cotton,CT=F
2006-05-18,50.02000045776367,50.95000076293945,49.5099983215332,50.95000076293945,11687,Cotton,CT=F
2006-05-19,49.36000061035156,49.54999923706055,48.95000076293945,49.400001525878906,5921,Cotton,CT=F
2006-05-22,49.16999816894531,49.75,48.75,49.689998626708984,7957,Cotton,CT=F
2006-05-23,50.779998779296875,50.79999923706055,49.599998474121094,49.599998474121094,6344,Cotton,CT=F
2006-05-24,49.95000076293945,50.5,49.849998474121094,50.20000076293945,7215,Cotton,CT=F
2006-05-25,50.060001373291016,51.150001525878906,50.0,50.0,4207,Cotton,CT=F
2006-05-26,50.939998626708984,51.0,50.040000915527344,50.349998474121094,6977,Cotton,CT=F
2006-05-30,51.650001525878906,51.68000030517578,51.0,51.0,26814,Cotton,CT=F
2006-05-31,50.939998626708984,51.75,50.45000076293945,51.27000045776367,19621,Cotton,CT=F
2006-06-01,52.349998474121094,52.5,51.5,51.5,15953,Cotton,CT=F
2006-06-02,52.91999816894531,53.0,52.11000061035156,52.5099983215332,10623,Cotton,CT=F
2006-06-05,52.63999938964844,53.45000076293945,52.54999923706055,52.900001525878906,13344,Cotton,CT=F
2006-06-06,51.880001068115234,52.54999923706055,51.5,52.29999923706055,17724,Cotton,CT=F
2006-06-07,52.119998931884766,52.56999969482422,51.90999984741211,52.29999923706055,17421,Cotton,CT=F
2006-06-08,52.81999969482422,53.150001525878906,51.900001525878906,52.150001525878906,15554,Cotton,CT=F
2006-06-09,52.61000061035156,53.47999954223633,52.599998474121094,53.06999969482422,25139,Cotton,CT=F
2006-06-12,52.70000076293945,53.599998474121094,52.61000061035156,52.95000076293945,25170,Cotton,CT=F
2006-06-13,51.75,52.70000076293945,51.5,52.70000076293945,8698,Cotton,CT=F
2006-06-14,51.83000183105469,52.79999923706055,51.599998474121094,51.95000076293945,13871,Cotton,CT=F
2006-06-15,52.439998626708984,52.54999923706055,52.0,52.25,11830,Cotton,CT=F
2006-06-16,52.06999969482422,52.5,51.470001220703125,52.150001525878906,6425,Cotton,CT=F
2006-06-19,50.900001525878906,51.900001525878906,50.86000061035156,51.810001373291016,9463,Cotton,CT=F
2006-06-20,51.099998474121094,51.599998474121094,50.5,50.599998474121094,7733,Cotton,CT=F
2006-06-21,50.88999938964844,51.349998474121094,50.75,51.20000076293945,15985,Cotton,CT=F
2006-06-22,49.119998931884766,50.900001525878906,49.0,50.849998474121094,13324,Cotton,CT=F
2006-06-23,46.119998931884766,49.25,46.119998931884766,48.54999923706055,2080,Cotton,CT=F
2006-06-26,47.7599983215332,49.0,47.7599983215332,48.5,320,Cotton,CT=F
2006-06-27,47.95000076293945,48.5,47.5,48.29999923706055,51,Cotton,CT=F
2006-06-28,48.75,49.5,48.0,48.5,39,Cotton,CT=F
2006-06-29,49.5,50.0,48.75,49.25,39,Cotton,CT=F
2006-06-30,49.75,49.75,49.20000076293945,49.20000076293945,0,Cotton,CT=F
2006-07-03,49.0,51.0,48.5,51.0,10,Cotton,CT=F
2006-07-05,49.20000076293945,49.20000076293945,49.20000076293945,49.20000076293945,11,Cotton,CT=F
2006-07-06,49.150001525878906,49.5,49.0,49.5,0,Cotton,CT=F
2006-07-07,47.5,47.79999923706055,45.0,45.0,979,Cotton,CT=F
2006-07-10,50.4900016784668,50.5,50.0,50.29999923706055,340,Cotton,CT=F
2006-07-11,50.68000030517578,51.0,50.4900016784668,50.54999923706055,273,Cotton,CT=F
2006-07-12,51.88999938964844,52.150001525878906,50.79999923706055,50.79999923706055,634,Cotton,CT=F
2006-07-13,51.150001525878906,51.599998474121094,51.150001525878906,51.54999923706055,298,Cotton,CT=F
2006-07-14,50.369998931884766,51.150001525878906,50.20000076293945,51.150001525878906,536,Cotton,CT=F
2006-07-17,50.95000076293945,51.5,50.45000076293945,50.5,184,Cotton,CT=F
2006-07-18,52.400001525878906,52.79999923706055,50.75,50.75,504,Cotton,CT=F
2006-07-19,52.900001525878906,53.25,52.5,52.79999923706055,727,Cotton,CT=F
2006-07-20,52.25,52.70000076293945,52.0,52.70000076293945,289,Cotton,CT=F
2006-07-21,53.599998474121094,53.70000076293945,52.04999923706055,52.5,311,Cotton,CT=F
2006-07-24,54.150001525878906,54.400001525878906,52.900001525878906,53.599998474121094,514,Cotton,CT=F
2006-07-25,53.400001525878906,54.0,52.900001525878906,54.0,320,Cotton,CT=F
2006-07-26,53.25,53.900001525878906,53.150001525878906,53.900001525878906,193,Cotton,CT=F
2006-07-27,53.599998474121094,53.599998474121094,53.0,53.0,259,Cotton,CT=F
2006-07-28,53.70000076293945,53.79999923706055,53.29999923706055,53.79999923706055,462,Cotton,CT=F
2006-07-31,53.45000076293945,53.599998474121094,52.349998474121094,53.599998474121094,430,Cotton,CT=F
2006-08-01,54.72999954223633,54.95000076293945,53.599998474121094,53.599998474121094,632,Cotton,CT=F
2006-08-02,54.83000183105469,54.849998474121094,54.45000076293945,54.75,322,Cotton,CT=F
2006-08-03,55.22999954223633,55.349998474121094,54.5,54.5,550,Cotton,CT=F
2006-08-04,54.47999954223633,55.25,53.900001525878906,55.20000076293945,403,Cotton,CT=F
2006-08-07,54.79999923706055,55.900001525878906,54.650001525878906,54.650001525878906,283,Cotton,CT=F
2006-08-08,54.75,54.79999923706055,54.349998474121094,54.75,248,Cotton,CT=F
2006-08-09,54.779998779296875,54.95000076293945,54.650001525878906,54.650001525878906,186,Cotton,CT=F
2006-08-10,55.08000183105469,55.5,53.900001525878906,54.900001525878906,470,Cotton,CT=F
2006-08-11,53.7400016784668,54.75,53.400001525878906,53.400001525878906,409,Cotton,CT=F
2006-08-14,52.709999084472656,53.400001525878906,52.70000076293945,53.04999923706055,373,Cotton,CT=F
2006-08-15,53.349998474121094,53.400001525878906,52.29999923706055,52.459999084472656,625,Cotton,CT=F
2006-08-16,53.20000076293945,54.150001525878906,53.04999923706055,53.5,148,Cotton,CT=F
2006-08-17,52.79999923706055,53.400001525878906,52.79999923706055,53.290000915527344,569,Cotton,CT=F
2006-08-18,52.400001525878906,52.79999923706055,52.349998474121094,52.599998474121094,229,Cotton,CT=F
2006-08-21,52.11000061035156,52.54999923706055,52.0,52.20000076293945,233,Cotton,CT=F
2006-08-22,53.25,53.79999923706055,52.150001525878906,52.150001525878906,150,Cotton,CT=F
2006-08-23,53.04999923706055,53.400001525878906,52.75,53.25,138,Cotton,CT=F
2006-08-24,53.099998474121094,53.5,52.79999923706055,53.20000076293945,60,Cotton,CT=F
2006-08-25,53.5,54.0,53.25,53.4900016784668,182,Cotton,CT=F
2006-08-28,53.18000030517578,53.5,52.599998474121094,53.349998474121094,168,Cotton,CT=F
2006-08-29,53.349998474121094,53.45000076293945,53.2400016784668,53.380001068115234,358,Cotton,CT=F
2006-08-30,52.5,53.25,52.5,53.25,311,Cotton,CT=F
2006-08-31,53.04999923706055,53.099998474121094,52.29999923706055,52.5,552,Cotton,CT=F
2006-09-01,52.060001373291016,53.04999923706055,52.04999923706055,53.04999923706055,235,Cotton,CT=F
2006-09-05,51.650001525878906,52.5,51.599998474121094,52.400001525878906,270,Cotton,CT=F
2006-09-06,51.439998626708984,51.599998474121094,51.25,51.5,589,Cotton,CT=F
2006-09-07,51.189998626708984,52.0,51.150001525878906,51.599998474121094,195,Cotton,CT=F
2006-09-08,50.630001068115234,51.400001525878906,50.599998474121094,51.189998626708984,452,Cotton,CT=F
2006-09-11,50.0,50.599998474121094,50.0,50.599998474121094,633,Cotton,CT=F
2006-09-12,51.029998779296875,51.650001525878906,50.400001525878906,50.400001525878906,289,Cotton,CT=F
2006-09-13,50.54999923706055,50.95000076293945,50.5,50.70000076293945,459,Cotton,CT=F
2006-09-14,50.380001068115234,50.95000076293945,50.36000061035156,50.939998626708984,537,Cotton,CT=F
2006-09-15,50.81999969482422,51.20000076293945,50.119998931884766,50.20000076293945,863,Cotton,CT=F
2006-09-18,51.11000061035156,51.900001525878906,51.099998474121094,51.29999923706055,301,Cotton,CT=F
2006-09-19,49.36000061035156,51.0,49.349998474121094,50.900001525878906,1070,Cotton,CT=F
2006-09-20,50.099998474121094,50.25,49.5,49.5,412,Cotton,CT=F
2006-09-21,49.900001525878906,49.900001525878906,49.54999923706055,49.849998474121094,473,Cotton,CT=F
2006-09-22,50.06999969482422,50.20000076293945,49.20000076293945,49.54999923706055,1972,Cotton,CT=F
2006-09-25,50.310001373291016,50.79999923706055,50.0,50.0,404,Cotton,CT=F
2006-09-26,50.54999923706055,51.400001525878906,50.70000076293945,50.900001525878906,53,Cotton,CT=F
2006-09-27,50.5,50.5,50.0,50.0,27,Cotton,CT=F
2006-09-28,50.0,50.0,49.599998474121094,50.75,13,Cotton,CT=F
2006-09-29,49.29999923706055,49.75,49.099998474121094,49.56999969482422,77,Cotton,CT=F
2006-10-02,48.400001525878906,49.400001525878906,48.79999923706055,48.25,55,Cotton,CT=F
2006-10-03,48.400001525878906,48.400001525878906,48.25,48.25,47,Cotton,CT=F
2006-10-04,48.900001525878906,48.900001525878906,48.29999923706055,47.75,71,Cotton,CT=F
2006-10-05,48.5,48.400001525878906,48.400001525878906,48.5,6,Cotton,CT=F
2006-10-06,48.099998474121094,48.099998474121094,48.099998474121094,48.0,0,Cotton,CT=F
2006-10-09,47.79999923706055,48.25,48.25,47.0,3675,Cotton,CT=F
2006-10-10,48.70000076293945,49.5,48.619998931884766,49.0099983215332,6115,Cotton,CT=F
2006-10-11,48.380001068115234,48.650001525878906,48.06999969482422,48.5,7454,Cotton,CT=F
2006-10-12,48.93000030517578,50.0,48.099998474121094,48.099998474121094,14346,Cotton,CT=F
2006-10-13,49.0099983215332,49.279998779296875,48.75,49.0,4684,Cotton,CT=F
2006-10-16,49.18000030517578,49.349998474121094,48.79999923706055,49.150001525878906,4212,Cotton,CT=F
2006-10-17,49.20000076293945,50.290000915527344,49.150001525878906,49.33000183105469,9503,Cotton,CT=F
2006-10-18,48.33000183105469,48.70000076293945,48.08000183105469,48.56999969482422,8277,Cotton,CT=F
2006-10-19,48.75,48.97999954223633,48.25,48.33000183105469,7129,Cotton,CT=F
2006-10-20,49.209999084472656,49.25,48.45000076293945,48.79999923706055,4943,Cotton,CT=F
2006-10-23,50.02000045776367,50.18000030517578,49.25,49.25,9319,Cotton,CT=F
2006-10-24,49.56999969482422,50.40999984741211,49.5,49.86000061035156,9514,Cotton,CT=F
2006-10-25,49.91999816894531,50.099998474121094,49.04999923706055,49.400001525878906,7973,Cotton,CT=F
2006-10-26,50.599998474121094,50.900001525878906,50.0,50.0,14180,Cotton,CT=F
2006-10-27,50.790000915527344,50.79999923706055,50.25,50.25,8289,Cotton,CT=F
2006-10-30,49.36000061035156,50.849998474121094,49.29999923706055,50.650001525878906,12735,Cotton,CT=F
2006-10-31,49.279998779296875,49.36000061035156,48.810001373291016,49.16999816894531,23251,Cotton,CT=F
2006-11-01,48.779998779296875,49.20000076293945,48.650001525878906,48.849998474121094,14281,Cotton,CT=F
2006-11-02,49.18000030517578,49.349998474121094,48.400001525878906,48.400001525878906,9947,Cotton,CT=F
2006-11-03,49.209999084472656,49.400001525878906,48.7599983215332,48.900001525878906,7489,Cotton,CT=F
2006-11-06,49.91999816894531,50.0,48.77000045776367,49.20000076293945,12423,Cotton,CT=F
2006-11-07,49.88999938964844,50.25,49.79999923706055,49.849998474121094,20045,Cotton,CT=F
2006-11-08,49.52000045776367,50.70000076293945,49.45000076293945,49.599998474121094,21226,Cotton,CT=F
2006-11-09,49.83000183105469,50.04999923706055,49.45000076293945,49.45000076293945,20711,Cotton,CT=F
2006-11-10,49.09000015258789,50.099998474121094,49.0,50.0,25821,Cotton,CT=F
2006-11-13,47.83000183105469,49.0,47.599998474121094,48.900001525878906,29275,Cotton,CT=F
2006-11-14,48.560001373291016,48.72999954223633,47.790000915527344,47.790000915527344,21382,Cotton,CT=F
2006-11-15,48.689998626708984,48.95000076293945,47.79999923706055,48.599998474121094,16497,Cotton,CT=F
2006-11-16,47.880001068115234,49.20000076293945,47.79999923706055,48.75,9586,Cotton,CT=F
2006-11-17,47.400001525878906,48.0,47.060001373291016,47.25,8286,Cotton,CT=F
2006-11-20,46.900001525878906,47.70000076293945,46.5,47.400001525878906,11918,Cotton,CT=F
2006-11-21,46.79999923706055,47.0099983215332,46.599998474121094,46.79999923706055,12128,Cotton,CT=F
2006-11-22,47.59000015258789,49.5,47.5,47.5,1295,Cotton,CT=F
2006-11-27,49.0,49.0,47.70000076293945,47.70000076293945,454,Cotton,CT=F
2006-11-28,48.709999084472656,49.04999923706055,48.599998474121094,48.599998474121094,88,Cotton,CT=F
2006-11-29,47.779998779296875,48.75,47.0,48.75,67,Cotton,CT=F
2006-11-30,48.900001525878906,49.25,48.5,48.0,33,Cotton,CT=F
2006-12-01,49.33000183105469,50.0,48.5,48.0,46,Cotton,CT=F
2006-12-04,49.349998474121094,49.95000076293945,48.849998474121094,49.0,28,Cotton,CT=F
2006-12-05,49.0,50.0,49.0,50.0,8,Cotton,CT=F
2006-12-06,49.0,49.849998474121094,49.0,49.849998474121094,5693,Cotton,CT=F
2006-12-07,53.060001373291016,53.599998474121094,53.04999923706055,53.400001525878906,5569,Cotton,CT=F
2006-12-08,52.72999954223633,53.25,52.70000076293945,52.90999984741211,8208,Cotton,CT=F
2006-12-11,54.290000915527344,54.29999923706055,52.5099983215332,52.61000061035156,16820,Cotton,CT=F
2006-12-12,54.47999954223633,54.70000076293945,54.04999923706055,54.29999923706055,10967,Cotton,CT=F
2006-12-13,54.34000015258789,54.75,54.04999923706055,54.599998474121094,8350,Cotton,CT=F
2006-12-14,55.18000030517578,55.20000076293945,54.20000076293945,54.20000076293945,15999,Cotton,CT=F
2006-12-15,54.959999084472656,55.349998474121094,54.95000076293945,55.150001525878906,11073,Cotton,CT=F
2006-12-18,54.810001373291016,55.29999923706055,54.79999923706055,54.939998626708984,7592,Cotton,CT=F
2006-12-19,55.029998779296875,55.29999923706055,54.849998474121094,55.150001525878906,4928,Cotton,CT=F
2006-12-20,54.619998931884766,55.2400016784668,54.45000076293945,54.900001525878906,9955,Cotton,CT=F
2006-12-21,55.369998931884766,55.5,54.75,54.849998474121094,10379,Cotton,CT=F
2006-12-22,55.779998779296875,56.04999923706055,55.349998474121094,55.599998474121094,10769,Cotton,CT=F
2006-12-26,56.61000061035156,56.63999938964844,55.70000076293945,55.97999954223633,8928,Cotton,CT=F
2006-12-27,56.380001068115234,56.54999923706055,56.099998474121094,56.25,8006,Cotton,CT=F
2006-12-28,56.959999084472656,56.97999954223633,56.45000076293945,56.5,9077,Cotton,CT=F
2006-12-29,56.189998626708984,57.04999923706055,55.7599983215332,57.0,11008,Cotton,CT=F
2007-01-03,54.88999938964844,55.900001525878906,54.099998474121094,55.54999923706055,24113,Cotton,CT=F
2007-01-04,54.560001373291016,55.400001525878906,54.400001525878906,54.400001525878906,8629,Cotton,CT=F
2007-01-05,54.41999816894531,54.70000076293945,53.81999969482422,54.25,12144,Cotton,CT=F
2007-01-08,54.529998779296875,54.79999923706055,54.150001525878906,54.150001525878906,7359,Cotton,CT=F
2007-01-09,54.099998474121094,54.529998779296875,54.029998779296875,54.25,9907,Cotton,CT=F
2007-01-10,53.93000030517578,54.400001525878906,53.349998474121094,54.25,16383,Cotton,CT=F
2007-01-11,54.040000915527344,54.25,53.79999923706055,53.95000076293945,7875,Cotton,CT=F
2007-01-12,54.70000076293945,55.189998626708984,52.849998474121094,53.470001220703125,20420,Cotton,CT=F
2007-01-16,54.91999816894531,55.09000015258789,54.29999923706055,55.0,11332,Cotton,CT=F
2007-01-17,55.060001373291016,55.099998474121094,54.599998474121094,54.599998474121094,5807,Cotton,CT=F
2007-01-18,54.529998779296875,55.0,54.349998474121094,54.75,9741,Cotton,CT=F
2007-01-19,54.54999923706055,54.79999923706055,54.349998474121094,54.45000076293945,4771,Cotton,CT=F
2007-01-22,54.09000015258789,54.599998474121094,54.08000183105469,54.45000076293945,8752,Cotton,CT=F
2007-01-23,54.81999969482422,55.0,54.25,54.25,10782,Cotton,CT=F
2007-01-24,54.470001220703125,54.79999923706055,54.400001525878906,54.400001525878906,5423,Cotton,CT=F
2007-01-25,54.369998931884766,54.599998474121094,54.220001220703125,54.400001525878906,6169,Cotton,CT=F
2007-01-26,54.119998931884766,54.63999938964844,54.099998474121094,54.45000076293945,8980,Cotton,CT=F
2007-01-29,53.56999969482422,54.20000076293945,53.560001373291016,54.150001525878906,9725,Cotton,CT=F
2007-01-30,53.349998474121094,53.900001525878906,53.31999969482422,53.54999923706055,10942,Cotton,CT=F
2007-01-31,54.0,54.400001525878906,53.400001525878906,53.400001525878906,26195,Cotton,CT=F
2007-02-01,53.56999969482422,54.400001525878906,53.54999923706055,53.79999923706055,13533,Cotton,CT=F
2007-02-02,53.88999938964844,54.099998474121094,53.5,53.70000076293945,9133,Cotton,CT=F
2007-02-05,54.630001068115234,54.95000076293945,54.20000076293945,53.849998474121094,15995,Cotton,CT=F
2007-02-06,53.66999816894531,54.61000061035156,53.599998474121094,54.599998474121094,16787,Cotton,CT=F
2007-02-07,53.0,54.0,52.95000076293945,53.5099983215332,31254,Cotton,CT=F
2007-02-08,52.40999984741211,53.400001525878906,52.0,53.20000076293945,31379,Cotton,CT=F
2007-02-09,52.7599983215332,53.0,52.5,52.45000076293945,25805,Cotton,CT=F
2007-02-12,52.2400016784668,52.7599983215332,52.20000076293945,53.0,26959,Cotton,CT=F
2007-02-13,52.59000015258789,52.900001525878906,52.20000076293945,52.29999923706055,25734,Cotton,CT=F
2007-02-14,51.7599983215332,53.20000076293945,51.650001525878906,52.70000076293945,27210,Cotton,CT=F
2007-02-15,53.650001525878906,53.779998779296875,51.689998626708984,51.900001525878906,20473,Cotton,CT=F
2007-02-16,54.0,54.400001525878906,53.5099983215332,53.91999816894531,16341,Cotton,CT=F
2007-02-20,54.61000061035156,54.720001220703125,53.77000045776367,53.77000045776367,8468,Cotton,CT=F
2007-02-21,54.65999984741211,54.70000076293945,53.400001525878906,54.5,9477,Cotton,CT=F
2007-02-22,54.95000076293945,54.95000076293945,54.150001525878906,54.150001525878906,1275,Cotton,CT=F
2007-02-23,55.33000183105469,55.79999923706055,54.810001373291016,54.900001525878906,929,Cotton,CT=F
2007-02-26,55.369998931884766,55.54999923706055,55.349998474121094,55.349998474121094,255,Cotton,CT=F
2007-02-27,55.04999923706055,55.650001525878906,54.79999923706055,55.04999923706055,153,Cotton,CT=F
2007-02-28,55.54999923706055,55.650001525878906,55.099998474121094,55.099998474121094,169,Cotton,CT=F
2007-03-01,55.79999923706055,55.849998474121094,53.650001525878906,55.75,154,Cotton,CT=F
2007-03-02,55.849998474121094,55.95000076293945,55.54999923706055,55.849998474121094,270,Cotton,CT=F
2007-03-05,55.06999969482422,55.79999923706055,54.70000076293945,55.54999923706055,206,Cotton,CT=F
2007-03-06,54.5,55.25,54.70000076293945,55.150001525878906,77,Cotton,CT=F
2007-03-07,54.45000076293945,55.0,54.380001068115234,54.380001068115234,82,Cotton,CT=F
2007-03-08,54.34000015258789,55.0,54.25,54.29999923706055,7576,Cotton,CT=F
2007-03-09,54.5,54.599998474121094,53.95000076293945,54.47999954223633,8596,Cotton,CT=F
2007-03-12,54.560001373291016,54.650001525878906,54.25,54.650001525878906,4094,Cotton,CT=F
2007-03-13,53.560001373291016,54.70000076293945,53.54999923706055,54.54999923706055,12369,Cotton,CT=F
2007-03-14,53.5,53.900001525878906,53.40999984741211,53.900001525878906,6387,Cotton,CT=F
2007-03-15,53.439998626708984,53.900001525878906,53.400001525878906,53.599998474121094,3538,Cotton,CT=F
2007-03-16,53.90999984741211,54.25,53.290000915527344,53.45000076293945,9039,Cotton,CT=F
2007-03-19,53.709999084472656,54.29999923706055,53.599998474121094,53.90999984741211,7973,Cotton,CT=F
2007-03-20,53.29999923706055,54.45000076293945,53.20000076293945,53.70000076293945,12917,Cotton,CT=F
2007-03-21,53.11000061035156,53.45000076293945,53.099998474121094,53.27000045776367,7690,Cotton,CT=F
2007-03-22,53.220001220703125,53.599998474121094,53.119998931884766,53.119998931884766,6284,Cotton,CT=F
2007-03-23,53.27000045776367,53.599998474121094,53.16999816894531,53.25,6076,Cotton,CT=F
2007-03-26,53.290000915527344,53.5,53.11000061035156,53.290000915527344,5668,Cotton,CT=F
2007-03-27,53.38999938964844,53.75,53.130001068115234,53.45000076293945,8023,Cotton,CT=F
2007-03-28,53.90999984741211,53.97999954223633,53.349998474121094,53.5,8503,Cotton,CT=F
2007-03-29,54.189998626708984,54.20000076293945,53.650001525878906,53.95000076293945,9651,Cotton,CT=F
2007-03-30,53.56999969482422,54.70000076293945,53.15999984741211,54.20000076293945,30916,Cotton,CT=F
2007-04-02,53.2400016784668,53.810001373291016,52.77000045776367,53.599998474121094,26838,Cotton,CT=F
2007-04-03,53.04999923706055,53.349998474121094,52.970001220703125,53.2400016784668,12391,Cotton,CT=F
2007-04-04,53.2599983215332,53.5,52.95000076293945,53.04999923706055,11951,Cotton,CT=F
2007-04-05,52.90999984741211,53.470001220703125,52.880001068115234,53.25,13205,Cotton,CT=F
2007-04-09,51.810001373291016,53.18000030517578,51.79999923706055,53.04999923706055,37914,Cotton,CT=F
2007-04-10,51.689998626708984,52.25,51.650001525878906,51.779998779296875,26762,Cotton,CT=F
2007-04-11,51.81999969482422,52.25,51.650001525878906,51.79999923706055,23521,Cotton,CT=F
2007-04-12,51.119998931884766,52.060001373291016,51.099998474121094,51.79999923706055,32190,Cotton,CT=F
2007-04-13,51.369998931884766,51.75,51.130001068115234,51.29999923706055,25468,Cotton,CT=F
2007-04-16,50.380001068115234,51.5,50.0,51.400001525878906,20018,Cotton,CT=F
2007-04-17,49.72999954223633,50.599998474121094,49.70000076293945,50.380001068115234,15477,Cotton,CT=F
2007-04-18,50.15999984741211,50.25,49.650001525878906,49.869998931884766,10913,Cotton,CT=F
2007-04-19,49.150001525878906,50.7400016784668,49.099998474121094,50.15999984741211,10561,Cotton,CT=F
2007-04-20,49.63999938964844,49.79999923706055,48.79999923706055,48.95000076293945,8381,Cotton,CT=F
2007-04-23,49.099998474121094,49.79999923706055,48.880001068115234,49.54999923706055,9752,Cotton,CT=F
2007-04-24,48.68000030517578,49.650001525878906,48.029998779296875,49.20000076293945,845,Cotton,CT=F
2007-04-25,48.900001525878906,49.0,48.349998474121094,48.779998779296875,342,Cotton,CT=F
2007-04-26,47.70000076293945,49.0,47.16999816894531,48.9900016784668,103,Cotton,CT=F
2007-04-27,47.900001525878906,49.0,47.5,49.900001525878906,32,Cotton,CT=F
2007-04-30,47.25,48.15999984741211,47.5,48.15999984741211,224,Cotton,CT=F
2007-05-01,46.25,47.70000076293945,46.29999923706055,47.68000030517578,5,Cotton,CT=F
2007-05-02,46.54999923706055,46.54999923706055,46.54999923706055,46.54999923706055,3,Cotton,CT=F
2007-05-03,46.5,45.95000076293945,45.939998626708984,46.349998474121094,5,Cotton,CT=F
2007-05-04,46.29999923706055,46.900001525878906,46.349998474121094,46.900001525878906,16,Cotton,CT=F
2007-05-07,46.290000915527344,46.790000915527344,46.29999923706055,46.650001525878906,4,Cotton,CT=F
2007-05-08,46.70000076293945,46.790000915527344,46.099998474121094,46.099998474121094,9550,Cotton,CT=F
2007-05-09,48.81999969482422,49.2400016784668,48.5,48.70000076293945,7319,Cotton,CT=F
2007-05-10,49.029998779296875,49.150001525878906,48.880001068115234,48.900001525878906,5128,Cotton,CT=F
2007-05-11,48.11000061035156,49.34000015258789,47.52000045776367,49.16999816894531,14191,Cotton,CT=F
2007-05-14,46.91999816894531,48.380001068115234,46.849998474121094,48.0,13215,Cotton,CT=F
2007-05-15,47.75,47.93000030517578,46.86000061035156,47.0,10285,Cotton,CT=F
2007-05-16,49.189998626708984,50.20000076293945,47.58000183105469,47.58000183105469,39186,Cotton,CT=F
2007-05-17,49.59000015258789,49.900001525878906,49.02000045776367,49.189998626708984,11902,Cotton,CT=F
2007-05-18,49.7599983215332,50.04999923706055,49.310001373291016,49.58000183105469,9799,Cotton,CT=F
2007-05-21,50.540000915527344,50.75,49.70000076293945,49.77000045776367,12938,Cotton,CT=F
2007-05-22,50.31999969482422,50.72999954223633,49.79999923706055,50.470001220703125,12288,Cotton,CT=F
2007-05-23,49.13999938964844,50.29999923706055,49.099998474121094,50.29999923706055,11505,Cotton,CT=F
2007-05-24,50.09000015258789,50.25,49.04999923706055,49.099998474121094,8658,Cotton,CT=F
2007-05-25,51.13999938964844,51.20000076293945,50.09000015258789,50.09000015258789,14290,Cotton,CT=F
2007-05-29,50.029998779296875,51.130001068115234,49.900001525878906,51.04999923706055,14643,Cotton,CT=F
2007-05-30,50.380001068115234,51.099998474121094,49.95000076293945,50.029998779296875,15690,Cotton,CT=F
2007-05-31,51.04999923706055,51.45000076293945,50.380001068115234,50.380001068115234,17715,Cotton,CT=F
2007-06-01,50.47999954223633,51.220001220703125,50.349998474121094,51.04999923706055,15803,Cotton,CT=F
2007-06-04,49.9900016784668,50.68000030517578,49.599998474121094,50.54999923706055,13976,Cotton,CT=F
2007-06-05,51.75,51.95000076293945,49.9900016784668,49.9900016784668,23731,Cotton,CT=F
2007-06-06,51.54999923706055,52.11000061035156,51.25,51.650001525878906,16342,Cotton,CT=F
2007-06-07,51.7599983215332,52.0,51.20000076293945,51.54999923706055,21301,Cotton,CT=F
2007-06-08,51.41999816894531,52.20000076293945,51.20000076293945,51.849998474121094,22034,Cotton,CT=F
2007-06-11,51.91999816894531,52.189998626708984,51.20000076293945,51.5,21333,Cotton,CT=F
2007-06-12,51.599998474121094,52.029998779296875,51.599998474121094,51.900001525878906,25524,Cotton,CT=F
2007-06-13,52.439998626708984,52.599998474121094,51.310001373291016,51.5099983215332,27889,Cotton,CT=F
2007-06-14,54.0,54.5,52.349998474121094,52.43000030517578,32403,Cotton,CT=F
2007-06-15,54.91999816894531,55.099998474121094,53.97999954223633,54.15999984741211,23830,Cotton,CT=F
2007-06-18,54.75,55.2599983215332,54.400001525878906,54.75,16060,Cotton,CT=F
2007-06-19,54.29999923706055,54.849998474121094,53.95000076293945,54.65999984741211,9183,Cotton,CT=F
2007-06-20,55.75,56.5,53.5,54.220001220703125,12351,Cotton,CT=F
2007-06-21,56.5,56.58000183105469,54.9900016784668,56.0,6279,Cotton,CT=F
2007-06-22,55.88999938964844,56.63999938964844,55.0,56.33000183105469,5232,Cotton,CT=F
2007-06-25,55.45000076293945,56.20000076293945,55.29999923706055,55.400001525878906,840,Cotton,CT=F
2007-06-26,56.0,55.79999923706055,55.40999984741211,55.40999984741211,141,Cotton,CT=F
2007-06-27,56.849998474121094,56.79999923706055,55.29999923706055,55.70000076293945,61,Cotton,CT=F
2007-06-28,57.0,57.0,56.72999954223633,57.0,38,Cotton,CT=F
2007-06-29,58.5,61.5,58.560001373291016,58.560001373291016,58,Cotton,CT=F
2007-07-02,58.0,59.349998474121094,56.0,56.0,3,Cotton,CT=F
2007-07-03,59.25,59.099998474121094,58.0,58.0,16,Cotton,CT=F
2007-07-05,59.25,60.0,59.25,59.5,8,Cotton,CT=F
2007-07-06,60.0,60.0,60.0,60.0,1,Cotton,CT=F
2007-07-09,61.0,61.0,59.5,59.5,608,Cotton,CT=F
2007-07-10,65.16000366210938,65.19999694824219,64.01000213623047,64.62999725341797,443,Cotton,CT=F
2007-07-11,65.25,65.55000305175781,64.30000305175781,65.25,662,Cotton,CT=F
2007-07-12,65.25,65.4000015258789,64.30000305175781,65.0999984741211,387,Cotton,CT=F
2007-07-13,66.48999786376953,66.69999694824219,65.05999755859375,65.05999755859375,321,Cotton,CT=F
2007-07-16,65.91999816894531,66.69999694824219,65.4000015258789,66.08999633789062,473,Cotton,CT=F
2007-07-17,63.61000061035156,65.5199966430664,63.29999923706055,65.5199966430664,1686,Cotton,CT=F
2007-07-18,64.44999694824219,64.44999694824219,62.97999954223633,63.75,406,Cotton,CT=F
2007-07-19,62.650001525878906,64.5999984741211,62.25,64.5999984741211,620,Cotton,CT=F
2007-07-20,61.099998474121094,62.5,59.95000076293945,62.25,1844,Cotton,CT=F
2007-07-23,61.0,61.16999816894531,60.25,60.88999938964844,314,Cotton,CT=F
2007-07-24,61.849998474121094,62.08000183105469,61.36000061035156,61.36000061035156,514,Cotton,CT=F
2007-07-25,62.0,62.11000061035156,61.349998474121094,62.11000061035156,218,Cotton,CT=F
2007-07-26,60.75,62.04999923706055,60.70000076293945,61.900001525878906,628,Cotton,CT=F
2007-07-27,61.54999923706055,61.900001525878906,60.7400016784668,60.7400016784668,158,Cotton,CT=F
2007-07-30,62.4900016784668,62.630001068115234,61.66999816894531,61.66999816894531,454,Cotton,CT=F
2007-07-31,63.0,63.0,61.900001525878906,62.5,605,Cotton,CT=F
2007-08-01,62.25,62.79999923706055,61.720001220703125,62.779998779296875,453,Cotton,CT=F
2007-08-02,62.599998474121094,62.599998474121094,61.959999084472656,62.25,252,Cotton,CT=F
2007-08-03,62.849998474121094,62.900001525878906,62.380001068115234,62.52000045776367,157,Cotton,CT=F
2007-08-06,61.95000076293945,62.709999084472656,61.79999923706055,62.709999084472656,185,Cotton,CT=F
2007-08-07,60.599998474121094,62.16999816894531,60.599998474121094,62.0,388,Cotton,CT=F
2007-08-08,61.150001525878906,61.560001373291016,60.70000076293945,60.70000076293945,182,Cotton,CT=F
2007-08-09,60.25,61.25,59.5,61.150001525878906,675,Cotton,CT=F
2007-08-10,59.25,60.5,58.66999816894531,60.0,549,Cotton,CT=F
2007-08-13,59.04999923706055,59.720001220703125,58.849998474121094,59.25,432,Cotton,CT=F
2007-08-14,58.349998474121094,59.54999923706055,58.18000030517578,59.25,698,Cotton,CT=F
2007-08-15,58.0,59.0,58.0,58.5,359,Cotton,CT=F
2007-08-16,55.22999954223633,58.15999984741211,55.0,58.15999984741211,1752,Cotton,CT=F
2007-08-17,55.5,56.20000076293945,55.130001068115234,55.70000076293945,883,Cotton,CT=F
2007-08-20,56.779998779296875,57.400001525878906,56.400001525878906,56.5,867,Cotton,CT=F
2007-08-21,56.349998474121094,57.150001525878906,56.22999954223633,57.04999923706055,395,Cotton,CT=F
2007-08-22,56.20000076293945,56.599998474121094,56.0,56.5,1067,Cotton,CT=F
2007-08-23,56.400001525878906,56.70000076293945,55.900001525878906,55.900001525878906,581,Cotton,CT=F
2007-08-24,56.20000076293945,58.20000076293945,55.81999969482422,56.70000076293945,486,Cotton,CT=F
2007-08-27,55.150001525878906,56.75,54.810001373291016,56.75,474,Cotton,CT=F
2007-08-28,55.52000045776367,55.70000076293945,54.9900016784668,54.9900016784668,224,Cotton,CT=F
2007-08-29,55.58000183105469,56.150001525878906,55.380001068115234,55.380001068115234,152,Cotton,CT=F
2007-08-30,57.150001525878906,57.459999084472656,56.150001525878906,56.150001525878906,442,Cotton,CT=F
2007-08-31,58.869998931884766,59.900001525878906,57.279998779296875,57.279998779296875,622,Cotton,CT=F
2007-09-04,59.45000076293945,59.79999923706055,59.0,59.04999923706055,536,Cotton,CT=F
2007-09-05,58.349998474121094,60.63999938964844,58.34000015258789,59.900001525878906,264,Cotton,CT=F
2007-09-06,58.15999984741211,58.93000030517578,57.70000076293945,58.349998474121094,296,Cotton,CT=F
2007-09-07,57.900001525878906,58.29999923706055,57.54999923706055,58.29999923706055,534,Cotton,CT=F
2007-09-10,58.54999923706055,58.83000183105469,58.349998474121094,58.400001525878906,545,Cotton,CT=F
2007-09-11,59.150001525878906,59.36000061035156,58.400001525878906,59.099998474121094,415,Cotton,CT=F
2007-09-12,60.099998474121094,60.25,58.5,59.20000076293945,683,Cotton,CT=F
2007-09-13,60.25,60.439998626708984,59.849998474121094,60.63999938964844,530,Cotton,CT=F
2007-09-14,60.91999816894531,61.04999923706055,60.33000183105469,61.0,791,Cotton,CT=F
2007-09-17,61.66999816894531,61.900001525878906,60.83000183105469,60.83000183105469,438,Cotton,CT=F
2007-09-18,62.25,62.349998474121094,60.79999923706055,61.5,338,Cotton,CT=F
2007-09-19,61.33000183105469,63.400001525878906,61.20000076293945,62.0,633,Cotton,CT=F
2007-09-20,62.20000076293945,62.25,60.849998474121094,61.349998474121094,789,Cotton,CT=F
2007-09-21,63.47999954223633,63.599998474121094,61.70000076293945,62.0,2249,Cotton,CT=F
2007-09-24,63.2400016784668,63.650001525878906,62.400001525878906,63.0,135,Cotton,CT=F
2007-09-25,63.08000183105469,63.29999923706055,63.0,63.29999923706055,64,Cotton,CT=F
2007-09-26,63.130001068115234,63.29999923706055,62.650001525878906,62.68000030517578,82,Cotton,CT=F
2007-09-27,63.66999816894531,63.79999923706055,63.47999954223633,63.70000076293945,4,Cotton,CT=F
2007-09-28,62.04999923706055,62.04999923706055,62.04999923706055,62.04999923706055,0,Cotton,CT=F
2007-10-01,62.04999923706055,63.47999954223633,61.04999923706055,62.04999923706055,2,Cotton,CT=F
2007-10-02,60.29999923706055,63.47999954223633,61.75,61.75,4,Cotton,CT=F
2007-10-03,60.43000030517578,63.47999954223633,59.099998474121094,59.099998474121094,25,Cotton,CT=F
2007-10-04,60.4900016784668,60.4900016784668,60.4900016784668,60.4900016784668,0,Cotton,CT=F
2007-10-05,60.220001220703125,63.47999954223633,60.25,61.25,2,Cotton,CT=F
2007-10-08,59.5,59.5,59.5,59.5,0,Cotton,CT=F
2007-10-09,59.47999954223633,59.47999954223633,59.47999954223633,59.47999954223633,8783,Cotton,CT=F
2007-10-10,64.20999908447266,64.27999877929688,62.5,63.0,13094,Cotton,CT=F
2007-10-11,63.72999954223633,64.4800033569336,63.20000076293945,64.25,15433,Cotton,CT=F
2007-10-12,63.869998931884766,64.5999984741211,62.849998474121094,63.20000076293945,16775,Cotton,CT=F
2007-10-15,63.31999969482422,64.4800033569336,63.25,63.7599983215332,13457,Cotton,CT=F
2007-10-16,63.45000076293945,63.650001525878906,62.619998931884766,63.25,12707,Cotton,CT=F
2007-10-17,63.560001373291016,63.900001525878906,63.25,63.45000076293945,7317,Cotton,CT=F
2007-10-18,65.1500015258789,65.31999969482422,63.400001525878906,63.650001525878906,19929,Cotton,CT=F
2007-10-19,65.4000015258789,65.5199966430664,64.51000213623047,65.1500015258789,11846,Cotton,CT=F
2007-10-22,64.87000274658203,65.25,64.0999984741211,65.25,16986,Cotton,CT=F
2007-10-23,65.26000213623047,65.63999938964844,64.58000183105469,65.0,10530,Cotton,CT=F
2007-10-24,63.81999969482422,65.6500015258789,63.75,65.26000213623047,17198,Cotton,CT=F
2007-10-25,64.38999938964844,64.75,63.45000076293945,63.75,13890,Cotton,CT=F
2007-10-26,64.62999725341797,65.20999908447266,64.0,64.66999816894531,19334,Cotton,CT=F
2007-10-29,64.7699966430664,65.12000274658203,64.44999694824219,64.88999938964844,10745,Cotton,CT=F
2007-10-30,63.869998931884766,64.7699966430664,63.58000183105469,64.66999816894531,20034,Cotton,CT=F
2007-10-31,64.08000183105469,64.3499984741211,63.79999923706055,64.0,12359,Cotton,CT=F
2007-11-01,63.7400016784668,64.29000091552734,63.349998474121094,64.08000183105469,17155,Cotton,CT=F
2007-11-02,64.30999755859375,64.5999984741211,63.45000076293945,63.869998931884766,14868,Cotton,CT=F
2007-11-05,64.0199966430664,64.33999633789062,63.599998474121094,64.05999755859375,14093,Cotton,CT=F
2007-11-06,65.16999816894531,65.30000305175781,63.849998474121094,63.880001068115234,23074,Cotton,CT=F
2007-11-07,65.06999969482422,65.86000061035156,64.8499984741211,65.30000305175781,28536,Cotton,CT=F
2007-11-08,64.69000244140625,65.41000366210938,64.5999984741211,65.06999969482422,22837,Cotton,CT=F
2007-11-09,64.63999938964844,64.9800033569336,63.95000076293945,64.88999938964844,25143,Cotton,CT=F
2007-11-12,63.119998931884766,64.7699966430664,63.0099983215332,64.7699966430664,30552,Cotton,CT=F
2007-11-13,63.13999938964844,63.45000076293945,63.040000915527344,63.150001525878906,31623,Cotton,CT=F
2007-11-14,63.150001525878906,63.75,63.040000915527344,63.15999984741211,14367,Cotton,CT=F
2007-11-15,61.70000076293945,63.189998626708984,61.630001068115234,63.13999938964844,27712,Cotton,CT=F
2007-11-16,60.900001525878906,62.25,60.61000061035156,61.79999923706055,18067,Cotton,CT=F
2007-11-19,60.029998779296875,61.279998779296875,60.0,60.900001525878906,13328,Cotton,CT=F
2007-11-20,60.060001373291016,60.349998474121094,59.560001373291016,60.029998779296875,12213,Cotton,CT=F
2007-11-21,60.06999969482422,60.45000076293945,59.5,60.060001373291016,10384,Cotton,CT=F
2007-11-26,58.61000061035156,60.060001373291016,58.560001373291016,60.060001373291016,1808,Cotton,CT=F
2007-11-27,58.369998931884766,60.20000076293945,58.0,58.61000061035156,352,Cotton,CT=F
2007-11-28,59.93000030517578,60.349998474121094,59.08000183105469,59.25,213,Cotton,CT=F
2007-11-29,59.38999938964844,60.400001525878906,59.099998474121094,60.400001525878906,50,Cotton,CT=F
2007-11-30,58.20000076293945,59.720001220703125,58.20000076293945,58.900001525878906,107,Cotton,CT=F
2007-12-03,58.2400016784668,59.0,58.099998474121094,58.099998474121094,71,Cotton,CT=F
2007-12-04,58.349998474121094,59.0,58.20000076293945,58.349998474121094,12,Cotton,CT=F
2007-12-05,58.099998474121094,58.900001525878906,58.099998474121094,58.75,29,Cotton,CT=F
2007-12-06,58.099998474121094,58.900001525878906,57.20000076293945,58.29999923706055,10748,Cotton,CT=F
2007-12-07,64.55000305175781,64.79000091552734,63.79999923706055,63.810001373291016,10733,Cotton,CT=F
2007-12-10,64.69999694824219,65.25,64.45999908447266,64.5999984741211,11663,Cotton,CT=F
2007-12-11,64.12999725341797,64.75,63.91999816894531,64.69000244140625,9767,Cotton,CT=F
2007-12-12,65.25,65.5,63.900001525878906,64.12999725341797,17272,Cotton,CT=F
2007-12-13,64.91000366210938,65.5,64.5999984741211,65.19999694824219,9543,Cotton,CT=F
2007-12-14,65.8499984741211,65.9000015258789,64.55000305175781,64.91000366210938,14128,Cotton,CT=F
2007-12-17,65.6500015258789,66.0999984741211,65.25,65.8499984741211,12852,Cotton,CT=F
2007-12-18,65.72000122070312,66.0,65.4000015258789,65.4000015258789,6285,Cotton,CT=F
2007-12-19,66.2699966430664,66.44999694824219,65.66000366210938,65.72000122070312,16203,Cotton,CT=F
2007-12-20,66.16999816894531,66.58000183105469,66.0199966430664,66.2699966430664,10830,Cotton,CT=F
2007-12-21,66.58000183105469,66.66000366210938,65.97000122070312,66.16999816894531,10593,Cotton,CT=F
2007-12-26,67.12000274658203,67.13999938964844,66.3499984741211,66.5,12080,Cotton,CT=F
2007-12-27,67.77999877929688,67.79000091552734,67.12000274658203,67.12000274658203,19544,Cotton,CT=F
2007-12-28,67.88999938964844,68.08000183105469,67.55000305175781,67.77999877929688,12869,Cotton,CT=F
2007-12-31,68.01000213623047,68.0999984741211,67.3499984741211,67.88999938964844,11205,Cotton,CT=F
2008-01-02,68.87999725341797,68.9800033569336,67.7300033569336,68.01000213623047,26373,Cotton,CT=F
2008-01-03,68.70999908447266,69.05000305175781,68.12000274658203,68.88999938964844,15813,Cotton,CT=F
2008-01-04,68.69000244140625,68.70999908447266,67.75,68.69999694824219,15281,Cotton,CT=F
2008-01-07,68.94999694824219,69.0,68.3499984741211,68.69000244140625,10234,Cotton,CT=F
2008-01-08,69.43000030517578,69.6500015258789,68.62000274658203,68.94999694824219,23815,Cotton,CT=F
2008-01-09,69.0199966430664,69.8499984741211,68.62000274658203,69.43000030517578,15260,Cotton,CT=F
2008-01-10,66.95999908447266,68.94999694824219,66.66000366210938,68.94999694824219,32272,Cotton,CT=F
2008-01-11,69.95999908447266,69.95999908447266,66.66000366210938,66.66000366210938,34848,Cotton,CT=F
2008-01-14,71.19999694824219,72.95999908447266,70.04000091552734,70.18000030517578,35964,Cotton,CT=F
2008-01-15,71.69000244140625,72.37999725341797,71.01000213623047,71.19999694824219,33079,Cotton,CT=F
2008-01-16,71.30999755859375,71.70999908447266,70.1500015258789,71.58000183105469,25449,Cotton,CT=F
2008-01-17,71.91999816894531,72.58999633789062,71.0999984741211,71.30999755859375,19141,Cotton,CT=F
2008-01-18,70.7300033569336,71.91999816894531,70.37999725341797,71.91999816894531,13723,Cotton,CT=F
2008-01-22,69.83000183105469,70.23999786376953,67.95999908447266,70.0,19773,Cotton,CT=F
2008-01-23,66.83000183105469,70.16000366210938,66.83000183105469,69.83000183105469,36349,Cotton,CT=F
2008-01-24,68.38999938964844,68.55000305175781,67.05000305175781,67.05000305175781,25616,Cotton,CT=F
2008-01-25,67.88999938964844,68.9000015258789,67.55999755859375,68.38999938964844,14619,Cotton,CT=F
2008-01-28,68.30000305175781,68.68000030517578,67.33000183105469,67.88999938964844,12979,Cotton,CT=F
2008-01-29,68.23999786376953,68.88999938964844,67.8499984741211,68.41999816894531,13632,Cotton,CT=F
2008-01-30,68.55999755859375,68.88999938964844,67.69999694824219,68.12000274658203,14426,Cotton,CT=F
2008-01-31,67.79000091552734,68.69999694824219,67.2300033569336,68.5,24109,Cotton,CT=F
2008-02-01,68.16000366210938,68.4000015258789,67.8499984741211,67.8499984741211,17210,Cotton,CT=F
2008-02-04,68.87000274658203,68.94999694824219,68.06999969482422,68.19999694824219,15954,Cotton,CT=F
2008-02-05,68.0999984741211,68.93000030517578,67.8499984741211,68.87999725341797,14514,Cotton,CT=F
2008-02-06,68.66999816894531,69.9000015258789,68.0999984741211,68.1500015258789,27125,Cotton,CT=F
2008-02-07,68.41000366210938,68.88999938964844,68.0,68.6500015258789,23928,Cotton,CT=F
2008-02-08,69.08999633789062,69.44999694824219,68.2300033569336,68.69999694824219,28820,Cotton,CT=F
2008-02-11,67.16000366210938,69.13999938964844,66.3499984741211,68.95999908447266,40120,Cotton,CT=F
2008-02-12,67.0199966430664,67.55000305175781,66.62999725341797,67.5,21235,Cotton,CT=F
2008-02-13,66.91000366210938,67.37000274658203,66.69999694824219,66.80000305175781,16992,Cotton,CT=F
2008-02-14,69.91000366210938,69.91000366210938,67.0,67.0999984741211,28114,Cotton,CT=F
2008-02-15,68.81999969482422,71.63999938964844,68.55000305175781,70.0,36555,Cotton,CT=F
2008-02-19,69.44000244140625,70.19999694824219,68.80000305175781,68.80000305175781,15405,Cotton,CT=F
2008-02-20,70.2300033569336,70.5,68.41999816894531,69.3499984741211,10445,Cotton,CT=F
2008-02-21,73.2300033569336,73.2300033569336,70.2300033569336,70.4000015258789,8368,Cotton,CT=F
2008-02-22,75.62000274658203,76.2300033569336,74.5,75.4000015258789,11467,Cotton,CT=F
2008-02-25,77.5999984741211,78.5,74.62000274658203,75.5199966430664,672,Cotton,CT=F
2008-02-26,78.47000122070312,79.63999938964844,76.3499984741211,78.0,833,Cotton,CT=F
2008-02-27,76.8499984741211,78.77999877929688,76.27999877929688,78.16000366210938,486,Cotton,CT=F
2008-02-28,78.12999725341797,78.5999984741211,76.23999786376953,76.23999786376953,130,Cotton,CT=F
2008-02-29,79.66000366210938,80.0,78.4000015258789,78.4000015258789,462,Cotton,CT=F
2008-03-03,86.87999725341797,88.0,86.87999725341797,86.87999725341797,24,Cotton,CT=F
2008-03-04,89.0,91.37999725341797,86.0,88.86000061035156,176,Cotton,CT=F
2008-03-05,87.25,89.5,89.0999984741211,89.1500015258789,12,Cotton,CT=F
2008-03-06,81.68000030517578,86.0,85.0,86.0,15672,Cotton,CT=F
2008-03-07,81.27999877929688,83.55000305175781,81.27999877929688,83.55000305175781,9816,Cotton,CT=F
2008-03-10,77.27999877929688,78.22000122070312,77.27999877929688,78.22000122070312,13023,Cotton,CT=F
2008-03-11,81.27999877929688,81.27999877929688,76.51000213623047,76.8499984741211,20870,Cotton,CT=F
2008-03-12,82.05999755859375,83.75,77.27999877929688,82.0,27658,Cotton,CT=F
2008-03-13,80.80999755859375,83.1500015258789,80.5199966430664,81.98999786376953,12626,Cotton,CT=F
2008-03-14,79.30000305175781,81.55000305175781,78.16000366210938,81.0,13651,Cotton,CT=F
2008-03-17,75.30000305175781,79.05000305175781,75.30000305175781,79.05000305175781,13713,Cotton,CT=F
2008-03-18,75.0199966430664,76.5999984741211,73.25,74.30000305175781,20879,Cotton,CT=F
2008-03-19,72.0199966430664,76.22000122070312,72.0199966430664,75.0199966430664,21333,Cotton,CT=F
2008-03-20,71.0199966430664,74.98999786376953,69.0199966430664,71.58999633789062,31607,Cotton,CT=F
2008-03-24,73.05000305175781,73.63999938964844,71.62000274658203,71.87999725341797,13866,Cotton,CT=F
2008-03-25,74.12999725341797,74.95999908447266,73.16999816894531,73.58999633789062,20485,Cotton,CT=F
2008-03-26,73.79000091552734,75.37999725341797,73.05999755859375,74.68000030517578,11026,Cotton,CT=F
2008-03-27,72.9000015258789,74.68000030517578,72.52999877929688,73.36000061035156,8461,Cotton,CT=F
2008-03-28,71.68000030517578,73.3499984741211,71.27999877929688,72.69999694824219,11784,Cotton,CT=F
2008-03-31,69.33999633789062,72.97000122070312,69.08000183105469,72.0,22342,Cotton,CT=F
2008-04-01,70.44999694824219,71.77999877929688,67.30999755859375,69.80000305175781,40495,Cotton,CT=F
2008-04-02,70.18000030517578,71.01000213623047,69.55999755859375,70.44999694824219,10885,Cotton,CT=F
2008-04-03,70.41000366210938,70.87999725341797,70.02999877929688,70.18000030517578,8828,Cotton,CT=F
2008-04-04,70.86000061035156,71.16000366210938,69.83000183105469,70.5,9195,Cotton,CT=F
2008-04-07,72.80000305175781,73.3499984741211,70.5,70.9000015258789,18827,Cotton,CT=F
2008-04-08,71.94000244140625,72.75,71.55999755859375,72.73999786376953,13611,Cotton,CT=F
2008-04-09,73.8499984741211,74.25,71.80000305175781,71.9000015258789,18360,Cotton,CT=F
2008-04-10,74.75,75.7300033569336,73.13999938964844,73.8499984741211,22420,Cotton,CT=F
2008-04-11,74.16000366210938,74.7699966430664,73.6500015258789,74.75,20950,Cotton,CT=F
2008-04-14,74.0199966430664,74.41000366210938,73.06999969482422,73.80000305175781,15299,Cotton,CT=F
2008-04-15,75.2300033569336,75.44999694824219,74.23999786376953,74.3499984741211,8874,Cotton,CT=F
2008-04-16,73.54000091552734,78.94999694824219,73.25,75.30000305175781,11487,Cotton,CT=F
2008-04-17,71.75,74.23999786376953,71.0999984741211,73.33000183105469,3515,Cotton,CT=F
2008-04-18,70.87999725341797,72.29000091552734,70.20999908447266,72.19999694824219,3767,Cotton,CT=F
2008-04-21,69.43000030517578,71.26000213623047,69.16999816894531,70.80000305175781,10591,Cotton,CT=F
2008-04-22,70.80000305175781,71.08999633789062,69.47000122070312,69.5,4460,Cotton,CT=F
2008-04-23,70.79000091552734,71.55999755859375,69.5999984741211,70.8499984741211,3155,Cotton,CT=F
2008-04-24,68.62000274658203,71.44999694824219,67.58000183105469,71.44999694824219,350,Cotton,CT=F
2008-04-25,68.45999908447266,70.06999969482422,68.0999984741211,68.16000366210938,178,Cotton,CT=F
2008-04-28,69.12999725341797,70.05000305175781,69.16000366210938,69.91999816894531,93,Cotton,CT=F
2008-04-29,68.18000030517578,69.12999725341797,67.94999694824219,69.08000183105469,6,Cotton,CT=F
2008-04-30,68.73999786376953,68.69999694824219,68.26000213623047,68.5999984741211,13,Cotton,CT=F
2008-05-01,66.94999694824219,68.0,66.5,67.5,448,Cotton,CT=F
2008-05-02,67.05000305175781,67.52999877929688,67.08000183105469,67.08000183105469,50,Cotton,CT=F
2008-05-05,66.79000091552734,66.79000091552734,66.79000091552734,66.79000091552734,1000,Cotton,CT=F
2008-05-06,68.11000061035156,68.4000015258789,67.5999984741211,67.5999984741211,10,Cotton,CT=F
2008-05-07,67.87999725341797,67.94999694824219,66.16999816894531,66.16999816894531,7215,Cotton,CT=F
2008-05-08,70.8499984741211,71.13999938964844,70.05000305175781,70.37000274658203,13023,Cotton,CT=F
2008-05-09,71.55000305175781,72.25,70.54000091552734,70.8499984741211,13023,Cotton,CT=F
2008-05-12,71.80999755859375,71.95999908447266,70.19999694824219,71.69999694824219,11660,Cotton,CT=F
2008-05-13,70.9000015258789,72.0,70.80000305175781,72.0,6784,Cotton,CT=F
2008-05-14,69.98999786376953,71.19999694824219,69.75,70.9000015258789,9713,Cotton,CT=F
2008-05-15,70.12999725341797,70.4000015258789,69.55000305175781,70.0,7095,Cotton,CT=F
2008-05-16,71.95999908447266,72.4000015258789,70.26000213623047,70.5,13328,Cotton,CT=F
2008-05-19,71.80999755859375,71.95999908447266,70.23999786376953,71.91999816894531,9259,Cotton,CT=F
2008-05-20,70.7699966430664,72.69000244140625,70.6500015258789,71.83999633789062,18517,Cotton,CT=F
2008-05-21,70.9800033569336,71.55000305175781,70.5,70.7699966430664,6959,Cotton,CT=F
2008-05-22,69.98999786376953,71.75,69.76000213623047,70.9800033569336,16828,Cotton,CT=F
2008-05-23,69.20999908447266,70.44999694824219,67.8499984741211,70.0,20710,Cotton,CT=F
2008-05-27,66.25,69.6500015258789,66.20999908447266,69.25,20942,Cotton,CT=F
2008-05-28,66.48999786376953,67.19999694824219,65.11000061035156,66.44999694824219,13745,Cotton,CT=F
2008-05-29,65.98999786376953,66.6500015258789,65.76000213623047,66.48999786376953,12321,Cotton,CT=F
2008-05-30,65.73999786376953,66.33000183105469,65.54000091552734,66.25,12447,Cotton,CT=F
2008-06-02,65.44000244140625,66.76000213623047,64.8499984741211,65.75,18468,Cotton,CT=F
2008-06-03,64.20999908447266,65.01000213623047,63.099998474121094,64.8499984741211,22556,Cotton,CT=F
2008-06-04,64.31999969482422,64.38999938964844,63.290000915527344,64.20999908447266,11312,Cotton,CT=F
2008-06-05,64.6500015258789,65.37000274658203,63.709999084472656,64.3499984741211,11445,Cotton,CT=F
2008-06-06,66.5199966430664,67.38999938964844,64.55999755859375,64.91999816894531,16460,Cotton,CT=F
2008-06-09,66.0,67.93000030517578,65.5,66.75,13254,Cotton,CT=F
2008-06-10,66.25,66.9000015258789,65.51000213623047,66.0,14366,Cotton,CT=F
2008-06-11,69.25,69.25,66.20999908447266,66.68000030517578,15751,Cotton,CT=F
2008-06-12,69.63999938964844,70.20999908447266,68.6500015258789,69.4000015258789,17012,Cotton,CT=F
2008-06-13,71.62999725341797,72.4000015258789,69.41000366210938,69.69999694824219,31456,Cotton,CT=F
2008-06-16,74.62000274658203,74.62999725341797,71.87999725341797,71.87999725341797,8205,Cotton,CT=F
2008-06-17,72.80999755859375,76.19999694824219,72.5999984741211,74.26000213623047,6086,Cotton,CT=F
2008-06-18,73.81999969482422,73.9800033569336,72.06999969482422,72.80000305175781,3587,Cotton,CT=F
2008-06-19,71.44000244140625,74.0999984741211,70.31999969482422,73.80000305175781,4323,Cotton,CT=F
2008-06-20,71.66999816894531,72.9000015258789,70.0,70.7699966430664,2381,Cotton,CT=F
2008-06-23,70.87999725341797,71.79000091552734,70.5,71.66999816894531,2767,Cotton,CT=F
2008-06-24,72.19000244140625,72.80000305175781,71.02999877929688,71.05000305175781,399,Cotton,CT=F
2008-06-25,72.9800033569336,73.94000244140625,71.80000305175781,72.43000030517578,488,Cotton,CT=F
2008-06-26,74.08999633789062,74.25,72.81999969482422,72.81999969482422,109,Cotton,CT=F
2008-06-27,73.41000366210938,74.9000015258789,73.5,74.9000015258789,33,Cotton,CT=F
2008-06-30,71.4000015258789,73.0,70.80999755859375,73.0,59,Cotton,CT=F
2008-07-01,68.77999877929688,71.45999908447266,68.33000183105469,71.45999908447266,35,Cotton,CT=F
2008-07-02,68.12000274658203,68.33999633789062,68.33000183105469,68.33000183105469,2,Cotton,CT=F
2008-07-03,68.0199966430664,67.51000213623047,67.30999755859375,67.51000213623047,0,Cotton,CT=F
2008-07-07,66.16000366210938,66.5,66.19999694824219,66.19999694824219,14,Cotton,CT=F
2008-07-08,64.94000244140625,66.0,64.08000183105469,65.31999969482422,63,Cotton,CT=F
2008-07-09,66.25,66.80999755859375,64.95999908447266,66.2300033569336,220,Cotton,CT=F
2008-07-10,70.61000061035156,70.7699966430664,69.19999694824219,70.75,209,Cotton,CT=F
2008-07-11,70.62999725341797,72.27999877929688,69.30000305175781,70.44999694824219,304,Cotton,CT=F
2008-07-14,69.13999938964844,70.22000122070312,69.0,69.80000305175781,266,Cotton,CT=F
2008-07-15,70.87999725341797,71.5,68.75,69.05999755859375,630,Cotton,CT=F
2008-07-16,70.91000366210938,71.0999984741211,69.75,70.69999694824219,111,Cotton,CT=F
2008-07-17,70.29000091552734,71.12999725341797,69.0999984741211,71.0999984741211,192,Cotton,CT=F
2008-07-18,70.3499984741211,71.18000030517578,69.70999908447266,70.22000122070312,140,Cotton,CT=F
2008-07-21,69.88999938964844,70.79000091552734,69.20999908447266,70.44999694824219,91,Cotton,CT=F
2008-07-22,68.76000213623047,70.01000213623047,68.66000366210938,69.88999938964844,269,Cotton,CT=F
2008-07-23,70.16000366210938,70.80000305175781,68.0,68.8499984741211,466,Cotton,CT=F
2008-07-24,71.04000091552734,71.23999786376953,69.94999694824219,70.29000091552734,203,Cotton,CT=F
2008-07-25,71.68000030517578,72.01000213623047,70.75,71.2300033569336,156,Cotton,CT=F
2008-07-28,71.08000183105469,72.08999633789062,71.0,71.80999755859375,127,Cotton,CT=F
2008-07-29,71.66000366210938,71.75,70.1500015258789,71.0,169,Cotton,CT=F
2008-07-30,71.4000015258789,71.77999877929688,71.29000091552734,71.66000366210938,183,Cotton,CT=F
2008-07-31,71.6500015258789,71.98999786376953,71.23999786376953,71.30999755859375,136,Cotton,CT=F
2008-08-01,69.30999755859375,72.08999633789062,68.8499984741211,71.6500015258789,466,Cotton,CT=F
2008-08-04,67.04000091552734,69.33000183105469,67.0,69.0,2189,Cotton,CT=F
2008-08-05,66.97000122070312,69.88999938964844,66.19999694824219,67.0,693,Cotton,CT=F
2008-08-06,67.45999908447266,68.0,66.97000122070312,67.16000366210938,413,Cotton,CT=F
2008-08-07,69.33000183105469,69.36000061035156,67.5,67.66999816894531,534,Cotton,CT=F
2008-08-08,67.25,69.0,67.0,69.0,495,Cotton,CT=F
2008-08-11,66.72000122070312,67.5,66.55000305175781,67.01000213623047,140,Cotton,CT=F
2008-08-12,67.27999877929688,69.5,66.94999694824219,66.94999694824219,303,Cotton,CT=F
2008-08-13,68.81999969482422,68.9000015258789,67.5999984741211,67.87000274658203,86,Cotton,CT=F
2008-08-14,67.08999633789062,68.8499984741211,66.5999984741211,68.8499984741211,97,Cotton,CT=F
2008-08-15,65.06999969482422,66.75,65.01000213623047,66.75,636,Cotton,CT=F
2008-08-18,65.16000366210938,66.0999984741211,64.9000015258789,65.0,171,Cotton,CT=F
2008-08-19,64.94999694824219,65.75,64.75,65.25,160,Cotton,CT=F
2008-08-20,65.5999984741211,65.9000015258789,64.5199966430664,65.16999816894531,215,Cotton,CT=F
2008-08-21,67.52999877929688,67.70999908447266,66.0,66.0,429,Cotton,CT=F
2008-08-22,67.41999816894531,67.80000305175781,66.77999877929688,67.80000305175781,163,Cotton,CT=F
2008-08-25,66.91000366210938,68.19999694824219,65.5999984741211,67.80000305175781,161,Cotton,CT=F
2008-08-26,67.2699966430664,67.80000305175781,66.30000305175781,66.87999725341797,77,Cotton,CT=F
2008-08-27,68.44999694824219,69.0,67.9000015258789,67.9000015258789,83,Cotton,CT=F
2008-08-28,67.16000366210938,68.69000244140625,66.5,68.18000030517578,79,Cotton,CT=F
2008-08-29,67.52999877929688,68.5,67.19999694824219,67.4800033569336,79,Cotton,CT=F
2008-09-02,67.91000366210938,68.04000091552734,65.81999969482422,67.0999984741211,191,Cotton,CT=F
2008-09-03,67.19000244140625,68.0999984741211,66.9000015258789,67.91000366210938,334,Cotton,CT=F
2008-09-04,65.9800033569336,67.63999938964844,65.5999984741211,67.23999786376953,389,Cotton,CT=F
2008-09-05,63.2599983215332,65.93000030517578,63.029998779296875,65.56999969482422,569,Cotton,CT=F
2008-09-08,63.29999923706055,64.30999755859375,63.11000061035156,63.599998474121094,162,Cotton,CT=F
2008-09-09,61.65999984741211,63.0,61.5,63.0,414,Cotton,CT=F
2008-09-10,61.68000030517578,62.45000076293945,61.13999938964844,61.13999938964844,482,Cotton,CT=F
2008-09-11,61.540000915527344,61.88999938964844,61.41999816894531,61.88999938964844,57,Cotton,CT=F
2008-09-12,62.16999816894531,63.29999923706055,61.900001525878906,62.0,186,Cotton,CT=F
2008-09-15,59.970001220703125,62.290000915527344,59.599998474121094,62.0,685,Cotton,CT=F
2008-09-16,58.31999969482422,59.7400016784668,58.099998474121094,59.7400016784668,571,Cotton,CT=F
2008-09-17,59.36000061035156,59.779998779296875,58.75,58.75,339,Cotton,CT=F
2008-09-18,58.75,60.93000030517578,57.5,59.83000183105469,219,Cotton,CT=F
2008-09-19,59.79999923706055,60.130001068115234,59.20000076293945,59.2400016784668,588,Cotton,CT=F
2008-09-22,61.56999969482422,61.900001525878906,60.459999084472656,61.0,641,Cotton,CT=F
2008-09-23,59.34000015258789,61.02000045776367,59.0,60.79999923706055,461,Cotton,CT=F
2008-09-24,58.81999969482422,58.68000030517578,58.0,58.68000030517578,19,Cotton,CT=F
2008-09-25,59.209999084472656,59.58000183105469,58.439998626708984,58.439998626708984,12,Cotton,CT=F
2008-09-26,58.060001373291016,58.63999938964844,58.060001373291016,58.63999938964844,12,Cotton,CT=F
2008-09-29,55.060001373291016,55.849998474121094,54.540000915527344,55.38999938964844,24,Cotton,CT=F
2008-09-30,55.5,55.5,54.25,55.0,8,Cotton,CT=F
2008-10-01,56.59000015258789,60.5,56.70000076293945,59.0,6,Cotton,CT=F
2008-10-02,56.689998626708984,57.0,57.0,57.0,0,Cotton,CT=F
2008-10-03,55.61000061035156,55.61000061035156,55.61000061035156,55.61000061035156,0,Cotton,CT=F
2008-10-06,52.40999984741211,54.0,54.0,54.0,5,Cotton,CT=F
2008-10-07,51.560001373291016,54.15999984741211,54.15999984741211,54.15999984741211,0,Cotton,CT=F
2008-10-08,51.58000183105469,51.58000183105469,51.58000183105469,51.58000183105469,0,Cotton,CT=F
2008-10-09,50.34000015258789,50.34000015258789,50.34000015258789,50.34000015258789,7455,Cotton,CT=F
2008-10-10,49.439998626708984,51.599998474121094,49.439998626708984,51.5,7455,Cotton,CT=F
2008-10-13,50.220001220703125,52.119998931884766,50.04999923706055,50.29999923706055,9313,Cotton,CT=F
2008-10-14,50.16999816894531,52.41999816894531,50.150001525878906,51.5,9559,Cotton,CT=F
2008-10-15,47.540000915527344,50.869998931884766,47.400001525878906,50.20000076293945,11514,Cotton,CT=F
2008-10-16,49.56999969482422,49.939998626708984,45.65999984741211,47.29999923706055,13082,Cotton,CT=F
2008-10-17,52.56999969482422,52.56999969482422,49.650001525878906,50.0,13082,Cotton,CT=F
2008-10-20,49.060001373291016,54.77000045776367,48.75,53.56999969482422,20997,Cotton,CT=F
2008-10-21,50.599998474121094,50.790000915527344,48.209999084472656,49.56999969482422,9179,Cotton,CT=F
2008-10-22,50.41999816894531,50.939998626708984,48.75,50.20000076293945,8179,Cotton,CT=F
2008-10-23,49.08000183105469,50.75,48.810001373291016,50.5,13729,Cotton,CT=F
2008-10-24,46.22999954223633,49.099998474121094,46.08000183105469,49.099998474121094,13729,Cotton,CT=F
2008-10-27,47.099998474121094,47.88999938964844,45.349998474121094,46.09000015258789,7873,Cotton,CT=F
2008-10-28,46.66999816894531,48.93000030517578,46.27000045776367,47.130001068115234,6925,Cotton,CT=F
2008-10-29,46.880001068115234,48.22999954223633,46.41999816894531,47.459999084472656,8741,Cotton,CT=F
2008-10-30,45.09000015258789,47.619998931884766,45.029998779296875,47.599998474121094,13032,Cotton,CT=F
2008-10-31,44.290000915527344,45.7400016784668,43.63999938964844,45.09000015258789,13032,Cotton,CT=F
2008-11-03,44.68000030517578,45.13999938964844,44.36000061035156,44.880001068115234,9713,Cotton,CT=F
2008-11-04,46.31999969482422,46.88999938964844,44.36000061035156,44.41999816894531,8405,Cotton,CT=F
2008-11-05,44.310001373291016,46.56999969482422,44.20000076293945,46.0,10151,Cotton,CT=F
2008-11-06,42.97999954223633,44.310001373291016,42.83000183105469,44.209999084472656,10156,Cotton,CT=F
2008-11-07,42.06999969482422,43.810001373291016,42.0,43.11000061035156,10156,Cotton,CT=F
2008-11-10,41.2400016784668,44.099998474121094,39.779998779296875,42.54999923706055,17481,Cotton,CT=F
2008-11-11,39.13999938964844,41.36000061035156,38.45000076293945,41.2400016784668,14226,Cotton,CT=F
2008-11-12,39.45000076293945,39.90999984741211,36.70000076293945,39.68000030517578,15946,Cotton,CT=F
2008-11-13,41.29999923706055,42.45000076293945,38.61000061035156,39.099998474121094,20383,Cotton,CT=F
2008-11-14,41.029998779296875,43.150001525878906,41.0099983215332,41.18000030517578,20383,Cotton,CT=F
2008-11-17,39.369998931884766,42.08000183105469,39.150001525878906,41.029998779296875,5666,Cotton,CT=F
2008-11-18,39.38999938964844,40.0,38.75,39.70000076293945,3232,Cotton,CT=F
2008-11-19,40.810001373291016,41.720001220703125,38.709999084472656,39.20000076293945,4424,Cotton,CT=F
2008-11-20,39.63999938964844,40.77000045776367,39.0099983215332,40.5,3719,Cotton,CT=F
2008-11-21,40.9900016784668,41.95000076293945,39.349998474121094,39.349998474121094,3719,Cotton,CT=F
2008-11-24,44.29999923706055,44.29999923706055,41.47999954223633,41.47999954223633,397,Cotton,CT=F
2008-11-25,42.369998931884766,45.0099983215332,42.0,44.5099983215332,463,Cotton,CT=F
2008-11-26,46.150001525878906,45.310001373291016,42.70000076293945,43.130001068115234,463,Cotton,CT=F
2008-11-28,45.75,46.619998931884766,44.77000045776367,45.529998779296875,463,Cotton,CT=F
2008-12-01,45.11000061035156,46.0,43.5,46.0,60,Cotton,CT=F
2008-12-02,45.060001373291016,46.0,44.79999923706055,45.41999816894531,0,Cotton,CT=F
2008-12-03,45.099998474121094,45.099998474121094,45.099998474121094,45.099998474121094,4,Cotton,CT=F
2008-12-04,41.65999984741211,45.52000045776367,43.0,45.5,14,Cotton,CT=F
2008-12-05,39.33000183105469,42.779998779296875,39.099998474121094,42.689998626708984,0,Cotton,CT=F
2008-12-08,42.189998626708984,42.189998626708984,42.189998626708984,42.189998626708984,6720,Cotton,CT=F
2008-12-09,42.95000076293945,45.130001068115234,42.84000015258789,44.29999923706055,5070,Cotton,CT=F
2008-12-10,43.66999816894531,44.9900016784668,43.29999923706055,43.400001525878906,7500,Cotton,CT=F
2008-12-11,44.459999084472656,44.9900016784668,43.75,43.75,4920,Cotton,CT=F
2008-12-12,43.43000030517578,44.380001068115234,42.7599983215332,43.79999923706055,4920,Cotton,CT=F
2008-12-15,44.15999984741211,44.79999923706055,43.43000030517578,43.79999923706055,4902,Cotton,CT=F
2008-12-16,44.13999938964844,44.650001525878906,43.900001525878906,44.15999984741211,4319,Cotton,CT=F
2008-12-17,45.959999084472656,46.33000183105469,44.06999969482422,44.099998474121094,7616,Cotton,CT=F
2008-12-18,45.279998779296875,47.13999938964844,44.7599983215332,45.75,6869,Cotton,CT=F
2008-12-19,45.22999954223633,45.5,44.209999084472656,45.2400016784668,6869,Cotton,CT=F
2008-12-22,45.88999938964844,46.45000076293945,45.2599983215332,45.45000076293945,3246,Cotton,CT=F
2008-12-23,46.02000045776367,46.18000030517578,45.40999984741211,45.79999923706055,2681,Cotton,CT=F
2008-12-24,46.36000061035156,46.5,45.900001525878906,46.029998779296875,2681,Cotton,CT=F
2008-12-26,46.18000030517578,46.45000076293945,45.5,46.36000061035156,2681,Cotton,CT=F
2008-12-29,46.25,47.040000915527344,46.040000915527344,46.29999923706055,3284,Cotton,CT=F
2008-12-30,47.970001220703125,48.38999938964844,46.2599983215332,46.70000076293945,6239,Cotton,CT=F
2008-12-31,49.02000045776367,49.29999923706055,47.810001373291016,48.22999954223633,6239,Cotton,CT=F
2009-01-02,48.90999984741211,49.439998626708984,46.040000915527344,49.25,6239,Cotton,CT=F
2009-01-05,48.310001373291016,48.900001525878906,46.900001525878906,48.08000183105469,7940,Cotton,CT=F
2009-01-06,50.279998779296875,50.34000015258789,48.349998474121094,48.349998474121094,12435,Cotton,CT=F
2009-01-07,49.61000061035156,50.22999954223633,49.099998474121094,50.150001525878906,7341,Cotton,CT=F
2009-01-08,50.41999816894531,50.599998474121094,48.689998626708984,49.58000183105469,8103,Cotton,CT=F
2009-01-09,49.31999969482422,50.900001525878906,49.18000030517578,50.66999816894531,8103,Cotton,CT=F
2009-01-12,46.66999816894531,49.97999954223633,46.58000183105469,49.16999816894531,13163,Cotton,CT=F
2009-01-13,46.22999954223633,47.349998474121094,46.150001525878906,46.75,7938,Cotton,CT=F
2009-01-14,46.0,47.11000061035156,45.58000183105469,46.369998931884766,7224,Cotton,CT=F
2009-01-15,48.529998779296875,49.0,45.619998931884766,45.970001220703125,10771,Cotton,CT=F
2009-01-16,49.0,49.77000045776367,47.650001525878906,48.5,10771,Cotton,CT=F
2009-01-20,46.810001373291016,49.25,46.7599983215332,49.25,6419,Cotton,CT=F
2009-01-21,47.22999954223633,47.720001220703125,46.650001525878906,47.099998474121094,6311,Cotton,CT=F
2009-01-22,48.93000030517578,49.13999938964844,47.119998931884766,47.709999084472656,6676,Cotton,CT=F
2009-01-23,50.63999938964844,51.54999923706055,48.88999938964844,48.900001525878906,6676,Cotton,CT=F
2009-01-26,52.06999969482422,52.20000076293945,50.310001373291016,50.5099983215332,11313,Cotton,CT=F
2009-01-27,51.349998474121094,52.400001525878906,50.90999984741211,52.0099983215332,7590,Cotton,CT=F
2009-01-28,51.06999969482422,51.70000076293945,50.439998626708984,51.400001525878906,6049,Cotton,CT=F
2009-01-29,50.06999969482422,51.20000076293945,49.77000045776367,51.099998474121094,10630,Cotton,CT=F
2009-01-30,49.40999984741211,50.29999923706055,49.369998931884766,50.0,10630,Cotton,CT=F
2009-02-02,49.709999084472656,50.20000076293945,48.689998626708984,49.31999969482422,8333,Cotton,CT=F
2009-02-03,49.380001068115234,49.95000076293945,48.75,49.529998779296875,6611,Cotton,CT=F
2009-02-04,49.66999816894531,50.099998474121094,49.02000045776367,49.29999923706055,7134,Cotton,CT=F
2009-02-05,49.709999084472656,50.08000183105469,49.45000076293945,49.900001525878906,7685,Cotton,CT=F
2009-02-06,49.86000061035156,50.45000076293945,49.470001220703125,49.970001220703125,7685,Cotton,CT=F
2009-02-09,49.97999954223633,50.34000015258789,49.689998626708984,49.79999923706055,8051,Cotton,CT=F
2009-02-10,46.97999954223633,50.209999084472656,46.97999954223633,50.0,18708,Cotton,CT=F
2009-02-11,45.83000183105469,46.959999084472656,45.75,46.709999084472656,13556,Cotton,CT=F
2009-02-12,45.029998779296875,46.4900016784668,45.0,45.91999816894531,13620,Cotton,CT=F
2009-02-13,44.029998779296875,45.400001525878906,44.0,45.08000183105469,13620,Cotton,CT=F
2009-02-17,43.529998779296875,44.79999923706055,43.099998474121094,44.029998779296875,4373,Cotton,CT=F
2009-02-18,43.88999938964844,44.279998779296875,43.36000061035156,44.0,2359,Cotton,CT=F
2009-02-19,43.41999816894531,44.130001068115234,43.06999969482422,43.93000030517578,2803,Cotton,CT=F
2009-02-20,43.029998779296875,43.900001525878906,42.599998474121094,43.45000076293945,2803,Cotton,CT=F
2009-02-23,42.65999984741211,44.2400016784668,42.52000045776367,43.029998779296875,306,Cotton,CT=F
2009-02-24,42.779998779296875,42.91999816894531,42.52000045776367,42.790000915527344,95,Cotton,CT=F
2009-02-25,42.560001373291016,43.02000045776367,42.56999969482422,42.86000061035156,24,Cotton,CT=F
2009-02-26,43.08000183105469,43.689998626708984,42.56999969482422,43.029998779296875,30,Cotton,CT=F
2009-02-27,42.060001373291016,43.029998779296875,42.220001220703125,43.029998779296875,30,Cotton,CT=F
2009-03-02,40.290000915527344,41.38999938964844,40.880001068115234,41.25,6,Cotton,CT=F
2009-03-03,40.52000045776367,40.79999923706055,40.79999923706055,40.79999923706055,0,Cotton,CT=F
2009-03-04,40.7599983215332,40.7599983215332,40.7599983215332,40.7599983215332,0,Cotton,CT=F
2009-03-05,40.189998626708984,41.36000061035156,40.79999923706055,41.36000061035156,10,Cotton,CT=F
2009-03-06,40.2599983215332,41.5099983215332,40.970001220703125,41.040000915527344,0,Cotton,CT=F
2009-03-09,40.0099983215332,40.0099983215332,40.0099983215332,40.0099983215332,6571,Cotton,CT=F
2009-03-10,41.79999923706055,42.380001068115234,41.150001525878906,41.20000076293945,6866,Cotton,CT=F
2009-03-11,41.81999969482422,42.470001220703125,41.56999969482422,41.849998474121094,6174,Cotton,CT=F
2009-03-12,42.83000183105469,42.939998626708984,41.41999816894531,41.66999816894531,6459,Cotton,CT=F
2009-03-13,42.83000183105469,43.439998626708984,42.150001525878906,42.849998474121094,6459,Cotton,CT=F
2009-03-16,43.04999923706055,43.56999969482422,42.7599983215332,42.7599983215332,7413,Cotton,CT=F
2009-03-17,42.849998474121094,43.220001220703125,42.59000015258789,43.16999816894531,7996,Cotton,CT=F
2009-03-18,41.720001220703125,43.09000015258789,41.540000915527344,43.06999969482422,10871,Cotton,CT=F
2009-03-19,42.869998931884766,43.47999954223633,42.400001525878906,42.5,10454,Cotton,CT=F
2009-03-20,44.08000183105469,44.34000015258789,42.95000076293945,42.970001220703125,0,Cotton,CT=F
2009-03-23,45.029998779296875,45.099998474121094,44.34000015258789,44.34000015258789,8451,Cotton,CT=F
2009-03-24,44.310001373291016,45.0099983215332,43.95000076293945,44.75,6657,Cotton,CT=F
2009-03-25,44.58000183105469,44.790000915527344,43.81999969482422,44.5,4753,Cotton,CT=F
2009-03-26,43.959999084472656,44.939998626708984,43.720001220703125,44.4900016784668,9426,Cotton,CT=F
2009-03-27,43.34000015258789,44.2400016784668,43.209999084472656,43.88999938964844,9426,Cotton,CT=F
2009-03-30,44.38999938964844,44.91999816894531,43.04999923706055,43.34000015258789,9263,Cotton,CT=F
2009-03-31,46.470001220703125,46.5,44.5,44.5,23143,Cotton,CT=F
2009-04-01,46.150001525878906,46.779998779296875,45.810001373291016,46.25,13611,Cotton,CT=F
2009-04-02,46.150001525878906,46.939998626708984,45.91999816894531,46.20000076293945,9321,Cotton,CT=F
2009-04-03,47.599998474121094,47.689998626708984,45.849998474121094,46.13999938964844,9321,Cotton,CT=F
2009-04-06,47.029998779296875,47.939998626708984,46.560001373291016,47.400001525878906,8469,Cotton,CT=F
2009-04-07,47.08000183105469,47.650001525878906,46.54999923706055,47.20000076293945,10671,Cotton,CT=F
2009-04-08,48.720001220703125,48.7599983215332,46.5,47.08000183105469,16068,Cotton,CT=F
2009-04-09,48.40999984741211,49.91999816894531,48.06999969482422,48.689998626708984,16068,Cotton,CT=F
2009-04-13,48.150001525878906,48.90999984741211,46.779998779296875,48.209999084472656,8822,Cotton,CT=F
2009-04-14,47.119998931884766,48.5,47.09000015258789,48.0,7545,Cotton,CT=F
2009-04-15,48.33000183105469,48.43000030517578,47.130001068115234,47.150001525878906,6205,Cotton,CT=F
2009-04-16,49.310001373291016,49.45000076293945,47.540000915527344,48.33000183105469,5244,Cotton,CT=F
2009-04-17,49.939998626708984,50.13999938964844,49.150001525878906,49.400001525878906,5244,Cotton,CT=F
2009-04-20,47.790000915527344,49.939998626708984,47.59000015258789,49.939998626708984,4432,Cotton,CT=F
2009-04-21,49.83000183105469,50.470001220703125,47.09000015258789,47.7400016784668,2315,Cotton,CT=F
2009-04-22,49.290000915527344,49.95000076293945,48.599998474121094,48.400001525878906,1511,Cotton,CT=F
2009-04-23,51.0,52.0,48.790000915527344,48.959999084472656,994,Cotton,CT=F
2009-04-24,51.70000076293945,51.63999938964844,50.77000045776367,51.15999984741211,994,Cotton,CT=F
2009-04-27,51.970001220703125,51.9900016784668,50.41999816894531,50.61000061035156,42,Cotton,CT=F
2009-04-28,52.04999923706055,52.400001525878906,51.29999923706055,51.31999969482422,48,Cotton,CT=F
2009-04-29,52.84000015258789,53.0,52.5099983215332,52.65999984741211,24,Cotton,CT=F
2009-04-30,53.4900016784668,53.08000183105469,52.5,52.5099983215332,16,Cotton,CT=F
2009-05-01,56.52000045776367,54.91999816894531,54.08000183105469,54.380001068115234,16,Cotton,CT=F
2009-05-04,56.81999969482422,56.869998931884766,55.79999923706055,56.380001068115234,10,Cotton,CT=F
2009-05-05,57.619998931884766,58.70000076293945,56.65999984741211,56.90999984741211,39,Cotton,CT=F
2009-05-06,57.290000915527344,57.61000061035156,57.060001373291016,57.08000183105469,6154,Cotton,CT=F
2009-05-07,58.880001068115234,59.400001525878906,58.0,58.38999938964844,10409,Cotton,CT=F
2009-05-08,59.849998474121094,59.970001220703125,58.630001068115234,58.88999938964844,10409,Cotton,CT=F
2009-05-11,60.540000915527344,60.720001220703125,58.09000015258789,59.79999923706055,12353,Cotton,CT=F
2009-05-12,60.31999969482422,61.66999816894531,59.5099983215332,60.72999954223633,12429,Cotton,CT=F
2009-05-13,59.040000915527344,60.52000045776367,58.88999938964844,60.150001525878906,8323,Cotton,CT=F
2009-05-14,59.060001373291016,59.290000915527344,58.04999923706055,59.16999816894531,6941,Cotton,CT=F
2009-05-15,56.29999923706055,59.25,56.11000061035156,59.16999816894531,6941,Cotton,CT=F
2009-05-18,57.54999923706055,57.709999084472656,55.52000045776367,56.099998474121094,8961,Cotton,CT=F
2009-05-19,56.220001220703125,57.900001525878906,55.779998779296875,57.54999923706055,9148,Cotton,CT=F
2009-05-20,57.150001525878906,57.599998474121094,55.849998474121094,56.04999923706055,6082,Cotton,CT=F
2009-05-21,56.779998779296875,57.31999969482422,56.099998474121094,57.099998474121094,5788,Cotton,CT=F
2009-05-22,57.11000061035156,57.5099983215332,56.58000183105469,56.58000183105469,5788,Cotton,CT=F
2009-05-26,55.060001373291016,57.25,54.5099983215332,57.11000061035156,11640,Cotton,CT=F
2009-05-27,55.58000183105469,55.75,54.7599983215332,55.099998474121094,5920,Cotton,CT=F
2009-05-28,54.22999954223633,55.54999923706055,54.15999984741211,55.52000045776367,8727,Cotton,CT=F
2009-05-29,56.970001220703125,57.22999954223633,54.22999954223633,54.58000183105469,8727,Cotton,CT=F
2009-06-01,57.790000915527344,58.04999923706055,56.68000030517578,56.9900016784668,11216,Cotton,CT=F
2009-06-02,58.650001525878906,58.880001068115234,57.25,57.790000915527344,9295,Cotton,CT=F
2009-06-03,55.84000015258789,58.869998931884766,55.709999084472656,58.70000076293945,14507,Cotton,CT=F
2009-06-04,56.880001068115234,56.88999938964844,55.189998626708984,55.95000076293945,8812,Cotton,CT=F
2009-06-05,55.11000061035156,56.88999938964844,54.849998474121094,56.75,8812,Cotton,CT=F
2009-06-08,55.66999816894531,55.86000061035156,54.2599983215332,55.369998931884766,11656,Cotton,CT=F
2009-06-09,54.86000061035156,56.27000045776367,54.77000045776367,55.25,9129,Cotton,CT=F
2009-06-10,54.630001068115234,56.20000076293945,54.45000076293945,55.099998474121094,10191,Cotton,CT=F
2009-06-11,56.29999923706055,56.540000915527344,54.54999923706055,54.68000030517578,14293,Cotton,CT=F
2009-06-12,56.099998474121094,56.81999969482422,55.5,56.33000183105469,14293,Cotton,CT=F
2009-06-15,53.099998474121094,56.220001220703125,53.099998474121094,56.20000076293945,14515,Cotton,CT=F
2009-06-16,52.43000030517578,53.970001220703125,52.290000915527344,53.08000183105469,8537,Cotton,CT=F
2009-06-17,52.029998779296875,52.79999923706055,52.0,52.369998931884766,8885,Cotton,CT=F
2009-06-18,53.869998931884766,54.5,51.47999954223633,52.04999923706055,4740,Cotton,CT=F
2009-06-19,51.560001373291016,53.83000183105469,51.529998779296875,53.83000183105469,4740,Cotton,CT=F
2009-06-22,50.5099983215332,51.79999923706055,50.150001525878906,51.58000183105469,3543,Cotton,CT=F
2009-06-23,51.099998474121094,51.56999969482422,50.150001525878906,50.560001373291016,2111,Cotton,CT=F
2009-06-24,52.290000915527344,52.810001373291016,50.34000015258789,51.5,287,Cotton,CT=F
2009-06-25,53.02000045776367,53.220001220703125,52.130001068115234,52.290000915527344,18,Cotton,CT=F
2009-06-26,52.540000915527344,53.220001220703125,52.119998931884766,53.220001220703125,18,Cotton,CT=F
2009-06-29,52.86000061035156,53.65999984741211,52.869998931884766,53.5099983215332,33,Cotton,CT=F
2009-06-30,53.29999923706055,53.29999923706055,52.279998779296875,52.95000076293945,16,Cotton,CT=F
2009-07-01,56.72999954223633,57.0,54.0,54.0,32,Cotton,CT=F
2009-07-02,56.79999923706055,56.880001068115234,55.630001068115234,56.75,0,Cotton,CT=F
2009-07-06,55.900001525878906,55.40999984741211,55.40999984741211,55.40999984741211,10,Cotton,CT=F
2009-07-07,55.36000061035156,56.470001220703125,54.45000076293945,56.470001220703125,26,Cotton,CT=F
2009-07-08,54.709999084472656,55.04999923706055,54.849998474121094,55.04999923706055,9,Cotton,CT=F
2009-07-09,57.029998779296875,55.099998474121094,55.099998474121094,55.099998474121094,286,Cotton,CT=F
2009-07-10,60.38999938964844,60.380001068115234,58.58000183105469,59.09000015258789,450,Cotton,CT=F
2009-07-13,60.959999084472656,61.13999938964844,59.720001220703125,60.7599983215332,283,Cotton,CT=F
2009-07-14,61.59000015258789,61.599998474121094,60.68000030517578,60.75,93,Cotton,CT=F
2009-07-15,61.38999938964844,62.45000076293945,60.400001525878906,61.529998779296875,166,Cotton,CT=F
2009-07-16,61.58000183105469,61.83000183105469,60.209999084472656,60.900001525878906,83,Cotton,CT=F
2009-07-17,62.099998474121094,62.2400016784668,61.209999084472656,61.400001525878906,73,Cotton,CT=F
2009-07-20,63.0099983215332,63.029998779296875,61.560001373291016,61.900001525878906,147,Cotton,CT=F
2009-07-21,60.0099983215332,63.099998474121094,60.0099983215332,63.0,245,Cotton,CT=F
2009-07-22,59.040000915527344,59.849998474121094,58.290000915527344,59.70000076293945,596,Cotton,CT=F
2009-07-23,59.5,60.0099983215332,58.54999923706055,59.040000915527344,217,Cotton,CT=F
2009-07-24,57.38999938964844,59.599998474121094,57.2599983215332,59.290000915527344,252,Cotton,CT=F
2009-07-27,57.310001373291016,57.560001373291016,55.81999969482422,57.0,236,Cotton,CT=F
2009-07-28,56.970001220703125,57.900001525878906,56.7599983215332,57.349998474121094,125,Cotton,CT=F
2009-07-29,57.060001373291016,57.16999816894531,56.599998474121094,57.0,92,Cotton,CT=F
2009-07-30,58.08000183105469,58.68000030517578,56.849998474121094,56.95000076293945,152,Cotton,CT=F
2009-07-31,57.93000030517578,58.75,57.43000030517578,58.75,54,Cotton,CT=F
2009-08-03,60.65999984741211,60.93000030517578,57.79999923706055,57.79999923706055,252,Cotton,CT=F
2009-08-04,60.650001525878906,60.900001525878906,59.790000915527344,60.720001220703125,80,Cotton,CT=F
2009-08-05,60.38999938964844,60.869998931884766,59.83000183105469,60.869998931884766,37,Cotton,CT=F
2009-08-06,58.97999954223633,61.060001373291016,58.400001525878906,60.0099983215332,112,Cotton,CT=F
2009-08-07,60.529998779296875,61.97999954223633,58.56999969482422,58.7599983215332,127,Cotton,CT=F
2009-08-10,61.95000076293945,62.099998474121094,60.400001525878906,60.400001525878906,63,Cotton,CT=F
2009-08-11,62.2400016784668,62.290000915527344,60.939998626708984,62.099998474121094,159,Cotton,CT=F
2009-08-12,62.040000915527344,62.72999954223633,61.52000045776367,62.0,143,Cotton,CT=F
2009-08-13,62.209999084472656,63.58000183105469,61.900001525878906,61.900001525878906,140,Cotton,CT=F
2009-08-14,59.209999084472656,62.209999084472656,59.209999084472656,62.209999084472656,204,Cotton,CT=F
2009-08-17,57.279998779296875,59.11000061035156,56.79999923706055,59.11000061035156,361,Cotton,CT=F
2009-08-18,56.709999084472656,58.09000015258789,56.650001525878906,57.66999816894531,60,Cotton,CT=F
2009-08-19,56.86000061035156,57.41999816894531,56.689998626708984,56.90999984741211,60,Cotton,CT=F
2009-08-20,56.619998931884766,57.77000045776367,56.599998474121094,57.04999923706055,74,Cotton,CT=F
2009-08-21,56.45000076293945,58.04999923706055,56.38999938964844,56.72999954223633,124,Cotton,CT=F
2009-08-24,56.91999816894531,57.540000915527344,56.45000076293945,56.45000076293945,69,Cotton,CT=F
2009-08-25,55.970001220703125,57.20000076293945,55.849998474121094,56.93000030517578,185,Cotton,CT=F
2009-08-26,55.369998931884766,56.959999084472656,55.099998474121094,56.220001220703125,166,Cotton,CT=F
2009-08-27,55.540000915527344,55.70000076293945,54.970001220703125,55.29999923706055,137,Cotton,CT=F
2009-08-28,56.29999923706055,56.33000183105469,55.5,55.54999923706055,82,Cotton,CT=F
2009-08-31,57.7599983215332,57.689998626708984,55.5,55.869998931884766,90,Cotton,CT=F
2009-09-01,56.369998931884766,57.5,55.56999969482422,57.41999816894531,265,Cotton,CT=F
2009-09-02,56.88999938964844,57.209999084472656,55.79999923706055,56.400001525878906,75,Cotton,CT=F
2009-09-03,57.150001525878906,57.52000045776367,56.83000183105469,57.099998474121094,92,Cotton,CT=F
2009-09-04,57.529998779296875,57.59000015258789,56.720001220703125,56.720001220703125,0,Cotton,CT=F
2009-09-08,58.779998779296875,59.27000045776367,57.95000076293945,57.95000076293945,108,Cotton,CT=F
2009-09-09,58.779998779296875,59.290000915527344,58.54999923706055,58.779998779296875,68,Cotton,CT=F
2009-09-10,58.9900016784668,58.939998626708984,58.060001373291016,58.790000915527344,73,Cotton,CT=F
2009-09-11,59.310001373291016,60.349998474121094,59.18000030517578,59.529998779296875,413,Cotton,CT=F
2009-09-14,60.459999084472656,60.77000045776367,58.52000045776367,59.20000076293945,174,Cotton,CT=F
2009-09-15,61.41999816894531,61.75,60.95000076293945,61.349998474121094,73,Cotton,CT=F
2009-09-16,62.119998931884766,62.439998626708984,61.52000045776367,61.52000045776367,141,Cotton,CT=F
2009-09-17,62.65999984741211,62.45000076293945,62.150001525878906,62.29999923706055,63,Cotton,CT=F
2009-09-18,63.18000030517578,63.400001525878906,61.65999984741211,61.939998626708984,218,Cotton,CT=F
2009-09-21,61.189998626708984,62.720001220703125,60.68000030517578,62.599998474121094,49,Cotton,CT=F
2009-09-22,62.38999938964844,62.5,60.59000015258789,60.70000076293945,306,Cotton,CT=F
2009-09-23,62.93000030517578,62.939998626708984,61.84000015258789,61.9900016784668,167,Cotton,CT=F
2009-09-24,63.060001373291016,62.79999923706055,61.880001068115234,62.56999969482422,28,Cotton,CT=F
2009-09-25,60.599998474121094,63.90999984741211,62.59000015258789,62.59000015258789,6,Cotton,CT=F
2009-09-28,61.5,61.630001068115234,60.599998474121094,60.599998474121094,2,Cotton,CT=F
2009-09-29,60.04999923706055,61.630001068115234,61.630001068115234,61.630001068115234,5,Cotton,CT=F
2009-09-30,61.34000015258789,60.470001220703125,59.72999954223633,60.470001220703125,5,Cotton,CT=F
2009-10-01,59.84000015258789,60.75,60.25,60.25,4,Cotton,CT=F
2009-10-02,59.2599983215332,59.63999938964844,59.63999938964844,59.63999938964844,16,Cotton,CT=F
2009-10-05,60.650001525878906,59.83000183105469,59.83000183105469,59.83000183105469,1,Cotton,CT=F
2009-10-06,62.06999969482422,63.29999923706055,61.66999816894531,61.66999816894531,0,Cotton,CT=F
2009-10-07,61.59000015258789,61.59000015258789,61.59000015258789,61.59000015258789,14,Cotton,CT=F
2009-10-08,62.90999984741211,62.70000076293945,62.70000076293945,62.70000076293945,7347,Cotton,CT=F
2009-10-09,63.02000045776367,63.959999084472656,62.810001373291016,63.459999084472656,6214,Cotton,CT=F
2009-10-12,64.68000030517578,64.83999633789062,63.02000045776367,63.040000915527344,8051,Cotton,CT=F
2009-10-13,65.87999725341797,65.94999694824219,64.01000213623047,64.5999984741211,12858,Cotton,CT=F
2009-10-14,67.08000183105469,67.61000061035156,65.7300033569336,65.87999725341797,16175,Cotton,CT=F
2009-10-15,67.63999938964844,69.48999786376953,66.12000274658203,67.05000305175781,19310,Cotton,CT=F
2009-10-16,68.20999908447266,68.30999755859375,66.66999816894531,67.5999984741211,9394,Cotton,CT=F
2009-10-19,66.47000122070312,68.91999816894531,66.3499984741211,67.9000015258789,14405,Cotton,CT=F
2009-10-20,67.2300033569336,67.88999938964844,66.48999786376953,66.51000213623047,11176,Cotton,CT=F
2009-10-21,68.37999725341797,68.4800033569336,66.87000274658203,67.30000305175781,6981,Cotton,CT=F
2009-10-22,68.55000305175781,68.61000061035156,67.2699966430664,68.0,8246,Cotton,CT=F
2009-10-23,67.37999725341797,68.83999633789062,66.70999908447266,68.44999694824219,10293,Cotton,CT=F
2009-10-26,67.41000366210938,68.58999633789062,66.66000366210938,67.68000030517578,10214,Cotton,CT=F
2009-10-27,67.05000305175781,67.55000305175781,66.0999984741211,67.41000366210938,9699,Cotton,CT=F
2009-10-28,66.87999725341797,67.25,66.12999725341797,67.05000305175781,10768,Cotton,CT=F
2009-10-29,67.56999969482422,68.33999633789062,66.44000244140625,66.8499984741211,13246,Cotton,CT=F
2009-10-30,67.63999938964844,67.93000030517578,66.56999969482422,67.54000091552734,13922,Cotton,CT=F
2009-11-02,67.63999938964844,69.26000213623047,67.05000305175781,67.48999786376953,14014,Cotton,CT=F
2009-11-03,67.44999694824219,68.30999755859375,66.80000305175781,67.69999694824219,9787,Cotton,CT=F
2009-11-04,68.11000061035156,68.69999694824219,67.44999694824219,67.5,6222,Cotton,CT=F
2009-11-05,67.41000366210938,68.41000366210938,67.20999908447266,67.80000305175781,8060,Cotton,CT=F
2009-11-06,66.54000091552734,67.81999969482422,66.47000122070312,67.4800033569336,14963,Cotton,CT=F
2009-11-09,67.61000061035156,68.0999984741211,66.75,66.88999938964844,11601,Cotton,CT=F
2009-11-10,69.05000305175781,69.2300033569336,67.25,67.61000061035156,15525,Cotton,CT=F
2009-11-11,67.30000305175781,70.61000061035156,67.2300033569336,69.0999984741211,23222,Cotton,CT=F
2009-11-12,66.41999816894531,68.0,65.87000274658203,67.31999969482422,23295,Cotton,CT=F
2009-11-13,67.0999984741211,67.38999938964844,66.30999755859375,66.33999633789062,18876,Cotton,CT=F
2009-11-16,68.44000244140625,68.55000305175781,66.80000305175781,67.44999694824219,14849,Cotton,CT=F
2009-11-17,67.88999938964844,68.56999969482422,67.51000213623047,68.22000122070312,10582,Cotton,CT=F
2009-11-18,68.54000091552734,69.18000030517578,67.80999755859375,68.0,9261,Cotton,CT=F
2009-11-19,68.81999969482422,69.04000091552734,68.02999877929688,68.54000091552734,8306,Cotton,CT=F
2009-11-20,70.41000366210938,70.91999816894531,68.94999694824219,68.98999786376953,7646,Cotton,CT=F
2009-11-23,70.37999725341797,72.0,70.29000091552734,70.29000091552734,427,Cotton,CT=F
2009-11-24,71.5199966430664,71.44999694824219,70.44999694824219,70.44999694824219,48,Cotton,CT=F
2009-11-25,71.06999969482422,71.75,70.5999984741211,71.36000061035156,0,Cotton,CT=F
2009-11-27,69.73999786376953,70.70999908447266,69.19999694824219,70.70999908447266,66,Cotton,CT=F
2009-11-30,70.75,70.91999816894531,70.23999786376953,70.23999786376953,25,Cotton,CT=F
2009-12-01,69.6500015258789,71.13999938964844,70.25,71.13999938964844,50,Cotton,CT=F
2009-12-02,69.68000030517578,70.23999786376953,69.44999694824219,70.1500015258789,21,Cotton,CT=F
2009-12-03,70.55000305175781,71.25,70.5199966430664,71.25,15,Cotton,CT=F
2009-12-04,70.20999908447266,71.33000183105469,70.16999816894531,70.3499984741211,29,Cotton,CT=F
2009-12-07,70.83000183105469,70.55999755859375,70.0,70.52999877929688,17,Cotton,CT=F
2009-12-08,70.30000305175781,70.91000366210938,70.4000015258789,70.91000366210938,6753,Cotton,CT=F
2009-12-09,74.41999816894531,74.5,73.30000305175781,74.25,10038,Cotton,CT=F
2009-12-10,73.72000122070312,74.9000015258789,73.61000061035156,74.37999725341797,6700,Cotton,CT=F
2009-12-11,74.30999755859375,74.5999984741211,73.62000274658203,73.72000122070312,5845,Cotton,CT=F
2009-12-14,75.7699966430664,76.12999725341797,73.80999755859375,74.0,14442,Cotton,CT=F
2009-12-15,74.87999725341797,76.16999816894531,74.7699966430664,75.2699966430664,8858,Cotton,CT=F
2009-12-16,76.25,76.58000183105469,74.88999938964844,74.88999938964844,9315,Cotton,CT=F
2009-12-17,75.73999786376953,76.16999816894531,75.01000213623047,76.01000213623047,10306,Cotton,CT=F
2009-12-18,75.27999877929688,75.97000122070312,74.5,75.69999694824219,7284,Cotton,CT=F
2009-12-21,74.95999908447266,75.79000091552734,74.88999938964844,75.0,5245,Cotton,CT=F
2009-12-22,73.80000305175781,75.25,73.5199966430664,75.04000091552734,13336,Cotton,CT=F
2009-12-23,73.9000015258789,74.05999755859375,73.3499984741211,73.94000244140625,4982,Cotton,CT=F
2009-12-24,73.6500015258789,74.02999877929688,73.41999816894531,73.9000015258789,0,Cotton,CT=F
2009-12-28,75.81999969482422,76.54000091552734,74.25,74.25,10708,Cotton,CT=F
2009-12-29,75.06999969482422,76.18000030517578,75.0,75.81999969482422,3532,Cotton,CT=F
2009-12-30,75.43000030517578,75.58999633789062,74.77999877929688,75.06999969482422,5110,Cotton,CT=F
2009-12-31,75.5999984741211,75.94999694824219,75.37000274658203,75.48999786376953,0,Cotton,CT=F
2010-01-04,76.0,76.7699966430664,75.66999816894531,75.9000015258789,10595,Cotton,CT=F
2010-01-05,73.12000274658203,76.27999877929688,73.04000091552734,75.86000061035156,24242,Cotton,CT=F
2010-01-06,73.55000305175781,74.2699966430664,73.1500015258789,73.19999694824219,11376,Cotton,CT=F
2010-01-07,72.88999938964844,74.12000274658203,72.55999755859375,73.97000122070312,11138,Cotton,CT=F
2010-01-08,72.44000244140625,73.4000015258789,72.43000030517578,72.94999694824219,8906,Cotton,CT=F
2010-01-11,74.23999786376953,74.48999786376953,72.55000305175781,72.55000305175781,9531,Cotton,CT=F
2010-01-12,72.79000091552734,74.19999694824219,72.62999725341797,74.0,9117,Cotton,CT=F
2010-01-13,73.43000030517578,73.98999786376953,72.44999694824219,72.69999694824219,8660,Cotton,CT=F
2010-01-14,72.91000366210938,73.80000305175781,72.22000122070312,73.52999877929688,10645,Cotton,CT=F
2010-01-15,72.08000183105469,72.91000366210938,71.93000030517578,72.9000015258789,8913,Cotton,CT=F
2010-01-19,71.63999938964844,72.63999938964844,71.52999877929688,72.19999694824219,10295,Cotton,CT=F
2010-01-20,70.80000305175781,71.7300033569336,70.5199966430664,71.63999938964844,13206,Cotton,CT=F
2010-01-21,71.8499984741211,72.08000183105469,70.81999969482422,71.01000213623047,8262,Cotton,CT=F
2010-01-22,71.06999969482422,71.94999694824219,70.9800033569336,71.8499984741211,7993,Cotton,CT=F
2010-01-25,69.95999908447266,71.6500015258789,69.80999755859375,71.0999984741211,12258,Cotton,CT=F
2010-01-26,69.81999969482422,70.44000244140625,69.37999725341797,70.0,12445,Cotton,CT=F
2010-01-27,69.2300033569336,70.27999877929688,69.02999877929688,70.01000213623047,11324,Cotton,CT=F
2010-01-28,69.13999938964844,69.83000183105469,68.83000183105469,69.41000366210938,12053,Cotton,CT=F
2010-01-29,69.02999877929688,69.72000122070312,68.91999816894531,69.13999938964844,10711,Cotton,CT=F
2010-02-01,68.22000122070312,69.37000274658203,68.19999694824219,69.05999755859375,12878,Cotton,CT=F
2010-02-02,69.26000213623047,69.45999908447266,68.18000030517578,68.25,10371,Cotton,CT=F
2010-02-03,69.81999969482422,70.66999816894531,69.26000213623047,69.5,11204,Cotton,CT=F
2010-02-04,68.98999786376953,70.05000305175781,68.20999908447266,69.81999969482422,11082,Cotton,CT=F
2010-02-05,66.62000274658203,69.37999725341797,66.55000305175781,69.08999633789062,26560,Cotton,CT=F
2010-02-08,69.16000366210938,69.54000091552734,67.0999984741211,67.0999984741211,17563,Cotton,CT=F
2010-02-09,72.16000366210938,72.16000366210938,69.0,69.11000061035156,21978,Cotton,CT=F
2010-02-10,72.81999969482422,73.91000366210938,71.54000091552734,72.16000366210938,24648,Cotton,CT=F
2010-02-11,72.91999816894531,73.26000213623047,72.26000213623047,72.81999969482422,9667,Cotton,CT=F
2010-02-12,74.38999938964844,74.5999984741211,72.43000030517578,73.26000213623047,10085,Cotton,CT=F
2010-02-16,75.33999633789062,75.73999786376953,74.2699966430664,74.29000091552734,8610,Cotton,CT=F
2010-02-17,75.16999816894531,75.63999938964844,74.76000213623047,75.0,5950,Cotton,CT=F
2010-02-18,76.97000122070312,78.0,74.7300033569336,75.1500015258789,7607,Cotton,CT=F
2010-02-19,78.79000091552734,79.87000274658203,76.30999755859375,76.47000122070312,3506,Cotton,CT=F
2010-02-22,80.73999786376953,80.88999938964844,78.79000091552734,79.30000305175781,646,Cotton,CT=F
2010-02-23,80.0,80.95999908447266,79.55999755859375,80.72000122070312,255,Cotton,CT=F
2010-02-24,79.37000274658203,79.91000366210938,78.41999816894531,79.91000366210938,27,Cotton,CT=F
2010-02-25,81.37999725341797,80.8499984741211,78.97000122070312,78.97000122070312,69,Cotton,CT=F
2010-02-26,82.61000061035156,83.29000091552734,81.66999816894531,83.29000091552734,55,Cotton,CT=F
2010-03-01,83.44000244140625,84.31999969482422,83.75,83.75,24,Cotton,CT=F
2010-03-02,81.9000015258789,84.11000061035156,81.0,84.11000061035156,18,Cotton,CT=F
2010-03-03,83.19000244140625,83.0,82.81999969482422,82.81999969482422,4,Cotton,CT=F
2010-03-04,82.12000274658203,82.8499984741211,82.52999877929688,82.72000122070312,7,Cotton,CT=F
2010-03-05,82.52999877929688,83.70999908447266,81.45999908447266,81.5,32,Cotton,CT=F
2010-03-08,82.1500015258789,82.75,82.4000015258789,82.75,8,Cotton,CT=F
2010-03-09,79.7300033569336,81.9000015258789,80.0999984741211,81.9000015258789,9118,Cotton,CT=F
2010-03-10,80.20999908447266,81.2699966430664,79.41999816894531,80.5,10216,Cotton,CT=F
2010-03-11,78.7699966430664,80.2699966430664,78.69999694824219,80.2699966430664,7945,Cotton,CT=F
2010-03-12,80.47000122070312,80.7699966430664,78.76000213623047,78.7699966430664,8180,Cotton,CT=F
2010-03-15,80.76000213623047,81.2699966430664,79.81999969482422,80.47000122070312,6743,Cotton,CT=F
2010-03-16,81.83999633789062,81.94999694824219,80.11000061035156,80.76000213623047,7688,Cotton,CT=F
2010-03-17,81.16999816894531,81.9000015258789,80.86000061035156,81.83999633789062,5561,Cotton,CT=F
2010-03-18,82.20999908447266,82.4800033569336,80.55000305175781,81.16999816894531,8727,Cotton,CT=F
2010-03-19,82.18000030517578,82.83000183105469,81.62000274658203,82.30999755859375,6437,Cotton,CT=F
2010-03-22,82.48999786376953,82.80000305175781,81.69000244140625,82.27999877929688,6155,Cotton,CT=F
2010-03-23,82.88999938964844,82.95999908447266,82.0,82.48999786376953,4185,Cotton,CT=F
2010-03-24,81.41000366210938,82.95999908447266,80.9000015258789,82.79000091552734,9275,Cotton,CT=F
2010-03-25,80.18000030517578,81.94000244140625,80.11000061035156,81.30000305175781,9947,Cotton,CT=F
2010-03-26,79.69000244140625,80.7300033569336,79.2699966430664,80.18000030517578,10819,Cotton,CT=F
2010-03-29,80.43000030517578,80.8499984741211,79.73999786376953,79.88999938964844,5748,Cotton,CT=F
2010-03-30,79.54000091552734,81.12000274658203,79.37000274658203,80.55000305175781,9089,Cotton,CT=F
2010-03-31,80.55000305175781,81.72000122070312,79.5,79.5999984741211,15975,Cotton,CT=F
2010-04-01,81.5,81.63999938964844,80.68000030517578,81.12999725341797,0,Cotton,CT=F
2010-04-05,82.27999877929688,82.72000122070312,81.55000305175781,81.69999694824219,7826,Cotton,CT=F
2010-04-06,82.29000091552734,83.16999816894531,82.0,82.44999694824219,8513,Cotton,CT=F
2010-04-07,80.9800033569336,82.3499984741211,80.55999755859375,82.3499984741211,10701,Cotton,CT=F
2010-04-08,78.5999984741211,81.5,78.4800033569336,80.87999725341797,25450,Cotton,CT=F
2010-04-09,78.06999969482422,79.41999816894531,78.0,78.6500015258789,0,Cotton,CT=F
2010-04-12,78.12999725341797,79.22000122070312,78.0999984741211,78.37000274658203,12418,Cotton,CT=F
2010-04-13,80.02999877929688,80.68000030517578,78.13999938964844,78.19000244140625,18190,Cotton,CT=F
2010-04-14,79.5,80.66000366210938,79.27999877929688,80.02999877929688,12797,Cotton,CT=F
2010-04-15,80.5,80.98999786376953,79.06999969482422,79.37999725341797,17365,Cotton,CT=F
2010-04-16,80.01000213623047,81.26000213623047,79.04000091552734,80.72000122070312,11295,Cotton,CT=F
2010-04-19,79.8499984741211,80.05999755859375,79.05999755859375,80.05000305175781,8912,Cotton,CT=F
2010-04-20,82.8499984741211,82.8499984741211,79.8499984741211,79.91999816894531,10517,Cotton,CT=F
2010-04-21,83.04000091552734,84.79000091552734,82.8499984741211,82.98999786376953,7938,Cotton,CT=F
2010-04-22,82.41999816894531,83.77999877929688,82.05000305175781,83.05000305175781,4473,Cotton,CT=F
2010-04-23,84.26000213623047,84.31999969482422,82.61000061035156,82.62000274658203,3063,Cotton,CT=F
2010-04-26,84.0199966430664,85.0999984741211,83.69000244140625,84.41999816894531,252,Cotton,CT=F
2010-04-27,83.05000305175781,84.31999969482422,82.69999694824219,84.08999633789062,246,Cotton,CT=F
2010-04-28,83.62999725341797,84.19999694824219,83.20999908447266,84.19999694824219,54,Cotton,CT=F
2010-04-29,81.6500015258789,83.97000122070312,81.58000183105469,83.94999694824219,70,Cotton,CT=F
2010-04-30,82.76000213623047,82.66000366210938,82.4000015258789,82.66000366210938,28,Cotton,CT=F
2010-05-03,81.86000061035156,82.93000030517578,81.80999755859375,82.93000030517578,20,Cotton,CT=F
2010-05-04,79.58999633789062,82.19000244140625,80.05000305175781,81.43000030517578,43,Cotton,CT=F
2010-05-05,80.37999725341797,81.05000305175781,79.4800033569336,80.0999984741211,6,Cotton,CT=F
2010-05-06,78.25,80.41000366210938,79.36000061035156,80.41000366210938,15664,Cotton,CT=F
2010-05-07,80.70999908447266,82.29000091552734,80.01000213623047,80.01000213623047,14968,Cotton,CT=F
2010-05-10,81.04000091552734,82.16000366210938,81.01000213623047,81.25,7126,Cotton,CT=F
2010-05-11,80.52999877929688,81.9000015258789,80.5,81.1500015258789,9134,Cotton,CT=F
2010-05-12,80.37000274658203,82.48999786376953,80.29000091552734,80.75,9553,Cotton,CT=F
2010-05-13,80.76000213623047,81.5999984741211,80.38999938964844,80.5,7817,Cotton,CT=F
2010-05-14,80.72000122070312,81.52999877929688,80.4000015258789,80.98999786376953,6277,Cotton,CT=F
2010-05-17,81.19999694824219,81.63999938964844,80.51000213623047,80.8499984741211,7479,Cotton,CT=F
2010-05-18,82.19999694824219,82.44000244140625,81.3499984741211,81.4000015258789,8613,Cotton,CT=F
2010-05-19,83.27999877929688,84.12999725341797,81.75,82.19999694824219,15336,Cotton,CT=F
2010-05-20,82.08999633789062,83.4000015258789,81.44999694824219,83.27999877929688,10391,Cotton,CT=F
2010-05-21,82.97000122070312,83.20999908447266,81.54000091552734,81.5999984741211,7726,Cotton,CT=F
2010-05-24,82.25,83.2300033569336,82.12000274658203,82.97000122070312,6148,Cotton,CT=F
2010-05-25,82.06999969482422,82.2699966430664,81.1500015258789,82.25,11896,Cotton,CT=F
2010-05-26,81.83999633789062,82.9000015258789,81.76000213623047,82.06999969482422,7493,Cotton,CT=F
2010-05-27,81.27999877929688,82.36000061035156,81.19999694824219,81.83999633789062,9496,Cotton,CT=F
2010-05-28,80.05000305175781,81.45999908447266,80.0,81.44999694824219,16486,Cotton,CT=F
2010-06-01,79.06999969482422,80.33000183105469,79.01000213623047,80.33000183105469,20174,Cotton,CT=F
2010-06-02,78.4000015258789,79.4800033569336,78.31999969482422,79.0,16918,Cotton,CT=F
2010-06-03,78.20999908447266,79.2699966430664,78.08999633789062,78.4000015258789,10401,Cotton,CT=F
2010-06-04,77.05999755859375,78.48999786376953,76.55999755859375,78.30000305175781,17194,Cotton,CT=F
2010-06-07,77.22000122070312,77.48999786376953,75.80000305175781,77.05999755859375,15673,Cotton,CT=F
2010-06-08,78.31999969482422,78.44999694824219,76.9800033569336,77.36000061035156,18446,Cotton,CT=F
2010-06-09,81.31999969482422,81.31999969482422,78.41999816894531,78.45999908447266,17766,Cotton,CT=F
2010-06-10,82.51000213623047,83.98999786376953,81.66000366210938,82.05000305175781,26419,Cotton,CT=F
2010-06-11,81.54000091552734,82.69999694824219,81.48999786376953,82.4000015258789,17665,Cotton,CT=F
2010-06-14,82.55999755859375,83.04000091552734,81.37999725341797,81.69999694824219,8266,Cotton,CT=F
2010-06-15,81.97000122070312,82.83999633789062,81.69000244140625,82.73999786376953,8110,Cotton,CT=F
2010-06-16,81.7699966430664,82.44999694824219,81.61000061035156,81.87000274658203,6026,Cotton,CT=F
2010-06-17,80.80000305175781,81.94999694824219,80.45999908447266,81.86000061035156,9245,Cotton,CT=F
2010-06-18,81.77999877929688,82.37000274658203,79.83999633789062,80.81999969482422,4481,Cotton,CT=F
2010-06-21,82.1500015258789,83.0,81.80000305175781,82.0999984741211,3549,Cotton,CT=F
2010-06-22,82.45999908447266,82.55000305175781,81.55000305175781,82.0,4187,Cotton,CT=F
2010-06-23,84.44999694824219,84.44000244140625,82.20999908447266,82.61000061035156,3651,Cotton,CT=F
2010-06-24,84.4800033569336,84.80000305175781,83.55000305175781,84.63999938964844,204,Cotton,CT=F
2010-06-25,84.72000122070312,84.8499984741211,83.5,83.5,103,Cotton,CT=F
2010-06-28,84.48999786376953,84.94000244140625,84.41000366210938,84.8499984741211,107,Cotton,CT=F
2010-06-29,83.68000030517578,84.44999694824219,83.05000305175781,84.41999816894531,64,Cotton,CT=F
2010-06-30,82.5999984741211,84.26000213623047,81.80000305175781,83.5999984741211,71,Cotton,CT=F
2010-07-01,81.22000122070312,82.75,80.31999969482422,82.75,63,Cotton,CT=F
2010-07-02,81.63999938964844,82.87000274658203,81.75,82.55000305175781,0,Cotton,CT=F
2010-07-06,81.5999984741211,82.45999908447266,81.4000015258789,81.6500015258789,125,Cotton,CT=F
2010-07-07,82.70999908447266,83.66999816894531,81.25,82.37999725341797,114,Cotton,CT=F
2010-07-08,81.8499984741211,83.62999725341797,81.5,83.37000274658203,133,Cotton,CT=F
2010-07-09,78.1500015258789,78.4000015258789,77.06999969482422,77.5,60,Cotton,CT=F
2010-07-12,77.16000366210938,77.54000091552734,76.83999633789062,77.5,157,Cotton,CT=F
2010-07-13,78.13999938964844,78.54000091552734,76.83000183105469,77.1500015258789,118,Cotton,CT=F
2010-07-14,77.25,78.44000244140625,77.08000183105469,78.05000305175781,36,Cotton,CT=F
2010-07-15,78.5199966430664,78.98999786376953,77.0999984741211,77.12999725341797,146,Cotton,CT=F
2010-07-16,79.95999908447266,80.77999877929688,78.5199966430664,78.54000091552734,304,Cotton,CT=F
2010-07-19,78.7699966430664,81.13999938964844,78.66000366210938,80.1500015258789,149,Cotton,CT=F
2010-07-20,77.77999877929688,79.29000091552734,77.86000061035156,78.43000030517578,56,Cotton,CT=F
2010-07-21,78.7699966430664,79.2699966430664,78.44999694824219,78.44999694824219,128,Cotton,CT=F
2010-07-22,79.56999969482422,79.3499984741211,78.58999633789062,79.1500015258789,112,Cotton,CT=F
2010-07-23,80.31999969482422,80.47000122070312,79.62000274658203,79.80000305175781,38,Cotton,CT=F
2010-07-26,81.22000122070312,81.20999908447266,80.20999908447266,80.81999969482422,139,Cotton,CT=F
2010-07-27,81.44999694824219,81.4800033569336,80.30000305175781,80.30000305175781,83,Cotton,CT=F
2010-07-28,80.56999969482422,81.5,80.48999786376953,81.44999694824219,229,Cotton,CT=F
2010-07-29,80.68000030517578,81.11000061035156,80.5999984741211,81.0,54,Cotton,CT=F
2010-07-30,82.36000061035156,82.80999755859375,80.4800033569336,80.4800033569336,111,Cotton,CT=F
2010-08-02,83.8499984741211,84.05000305175781,82.18000030517578,82.18000030517578,106,Cotton,CT=F
2010-08-03,84.51000213623047,84.58000183105469,83.08999633789062,83.80999755859375,131,Cotton,CT=F
2010-08-04,84.0,85.0,83.94000244140625,85.0,77,Cotton,CT=F
2010-08-05,84.19999694824219,86.0,83.94000244140625,84.1500015258789,246,Cotton,CT=F
2010-08-06,84.4000015258789,84.83000183105469,83.6500015258789,84.83000183105469,0,Cotton,CT=F
2010-08-09,84.16999816894531,84.30000305175781,83.7699966430664,84.19999694824219,30,Cotton,CT=F
2010-08-10,84.37999725341797,84.19999694824219,82.80000305175781,84.0999984741211,48,Cotton,CT=F
2010-08-11,84.22000122070312,84.5,83.94999694824219,84.11000061035156,20,Cotton,CT=F
2010-08-12,86.75,86.9000015258789,84.20999908447266,84.20999908447266,155,Cotton,CT=F
2010-08-13,87.48999786376953,89.16999816894531,87.0,87.0,72,Cotton,CT=F
2010-08-16,87.43000030517578,87.66000366210938,87.06999969482422,87.3499984741211,80,Cotton,CT=F
2010-08-17,87.7300033569336,88.0,87.25,87.43000030517578,29,Cotton,CT=F
2010-08-18,87.41999816894531,87.9000015258789,87.0,87.7300033569336,64,Cotton,CT=F
2010-08-19,87.9800033569336,88.33000183105469,87.73999786376953,87.94999694824219,40,Cotton,CT=F
2010-08-20,87.1500015258789,87.43000030517578,86.97000122070312,87.43000030517578,68,Cotton,CT=F
2010-08-23,87.6500015258789,88.52999877929688,87.29000091552734,87.29000091552734,36,Cotton,CT=F
2010-08-24,88.41999816894531,88.75,86.30000305175781,87.6500015258789,48,Cotton,CT=F
2010-08-25,88.1500015258789,88.75,88.30000305175781,88.69000244140625,16,Cotton,CT=F
2010-08-26,89.23999786376953,89.58999633789062,88.54000091552734,88.62999725341797,29,Cotton,CT=F
2010-08-27,89.02999877929688,90.0999984741211,88.91000366210938,89.25,76,Cotton,CT=F
2010-08-30,89.37000274658203,89.98999786376953,88.88999938964844,89.08000183105469,31,Cotton,CT=F
2010-08-31,89.08000183105469,90.33999633789062,89.30000305175781,89.9000015258789,51,Cotton,CT=F
2010-09-01,90.12999725341797,90.73999786376953,89.0,89.08000183105469,31,Cotton,CT=F
2010-09-02,90.87000274658203,91.80000305175781,90.11000061035156,90.19999694824219,157,Cotton,CT=F
2010-09-03,90.94999694824219,91.29000091552734,90.37000274658203,90.91000366210938,0,Cotton,CT=F
2010-09-07,91.31999969482422,93.8499984741211,91.25,91.9000015258789,152,Cotton,CT=F
2010-09-08,90.56999969482422,91.5999984741211,90.5199966430664,91.5199966430664,86,Cotton,CT=F
2010-09-09,90.37000274658203,91.33999633789062,90.02999877929688,90.5,58,Cotton,CT=F
2010-09-10,90.87000274658203,91.95999908447266,90.2300033569336,90.9000015258789,156,Cotton,CT=F
2010-09-13,91.80000305175781,92.31999969482422,90.81999969482422,90.81999969482422,49,Cotton,CT=F
2010-09-14,93.79000091552734,93.79000091552734,93.0,93.0,117,Cotton,CT=F
2010-09-15,92.80999755859375,94.0,92.81999969482422,94.0,65,Cotton,CT=F
2010-09-16,94.93000030517578,95.0,93.05000305175781,93.05000305175781,24,Cotton,CT=F
2010-09-17,97.61000061035156,97.75,95.87000274658203,95.87000274658203,120,Cotton,CT=F
2010-09-20,100.37000274658203,101.5,99.69999694824219,99.94999694824219,170,Cotton,CT=F
2010-09-21,101.69000244140625,103.5,101.66999816894531,101.66999816894531,67,Cotton,CT=F
2010-09-22,100.37000274658203,102.93000030517578,100.4000015258789,102.04000091552734,56,Cotton,CT=F
2010-09-23,97.7699966430664,100.4000015258789,97.5199966430664,100.4000015258789,92,Cotton,CT=F
2010-09-24,101.30000305175781,101.55999755859375,97.54000091552734,97.54000091552734,21,Cotton,CT=F
2010-09-27,105.93000030517578,104.5,101.01000213623047,101.01000213623047,4,Cotton,CT=F
2010-09-28,108.13999938964844,109.0999984741211,108.25,109.0999984741211,18,Cotton,CT=F
2010-09-29,103.19000244140625,103.41000366210938,103.4000015258789,103.4000015258789,7,Cotton,CT=F
2010-09-30,104.18000030517578,105.12999725341797,105.12999725341797,105.12999725341797,5,Cotton,CT=F
2010-10-01,99.97000122070312,103.70999908447266,103.55999755859375,103.70999908447266,0,Cotton,CT=F
2010-10-04,99.77999877929688,99.77999877929688,99.77999877929688,99.77999877929688,2,Cotton,CT=F
2010-10-05,101.43000030517578,102.19999694824219,101.66999816894531,102.19999694824219,2,Cotton,CT=F
2010-10-06,102.66000366210938,102.80999755859375,102.70999908447266,102.70999908447266,0,Cotton,CT=F
2010-10-07,106.66000366210938,106.66000366210938,106.66000366210938,106.66000366210938,18516,Cotton,CT=F
2010-10-08,107.16999816894531,107.75,104.5,104.5,16180,Cotton,CT=F
2010-10-11,110.5,111.16999816894531,107.25,107.25,13121,Cotton,CT=F
2010-10-12,109.58000183105469,112.37999725341797,108.56999969482422,110.45999908447266,13433,Cotton,CT=F
2010-10-13,110.87000274658203,111.87999725341797,109.08999633789062,109.58999633789062,12746,Cotton,CT=F
2010-10-14,114.87000274658203,114.87000274658203,110.9000015258789,111.41000366210938,8802,Cotton,CT=F
2010-10-15,109.87000274658203,119.80000305175781,109.87000274658203,118.5,18931,Cotton,CT=F
2010-10-18,113.37000274658203,113.7699966430664,108.0,109.16000366210938,13458,Cotton,CT=F
2010-10-19,110.26000213623047,114.75,109.25,113.45999908447266,12937,Cotton,CT=F
2010-10-20,114.26000213623047,114.26000213623047,109.41999816894531,109.9800033569336,11036,Cotton,CT=F
2010-10-21,115.70999908447266,117.5999984741211,113.91999816894531,114.33999633789062,16333,Cotton,CT=F
2010-10-22,119.70999908447266,119.70999908447266,115.25,115.94999694824219,12197,Cotton,CT=F
2010-10-25,124.70999908447266,124.70999908447266,120.5,120.97000122070312,8347,Cotton,CT=F
2010-10-26,129.58999633789062,130.5,123.5199966430664,127.12000274658203,25892,Cotton,CT=F
2010-10-27,123.58999633789062,129.0500030517578,123.58999633789062,128.97999572753906,8542,Cotton,CT=F
2010-10-28,121.68000030517578,127.4000015258789,121.6500015258789,123.58999633789062,28843,Cotton,CT=F
2010-10-29,125.26000213623047,126.47000122070312,121.68000030517578,121.83000183105469,15682,Cotton,CT=F
2010-11-01,129.25999450683594,129.25999450683594,125.80000305175781,125.80000305175781,10761,Cotton,CT=F
2010-11-02,134.25999450683594,134.25999450683594,129.4499969482422,130.0,6271,Cotton,CT=F
2010-11-03,135.52000427246094,139.1999969482422,132.30999755859375,134.52000427246094,29902,Cotton,CT=F
2010-11-04,140.4499969482422,140.52000427246094,134.89999389648438,136.14999389648438,20381,Cotton,CT=F
2010-11-05,142.22999572753906,144.60000610351562,138.5500030517578,139.89999389648438,24078,Cotton,CT=F
2010-11-08,146.22999572753906,146.22999572753906,143.14999389648438,143.14999389648438,10690,Cotton,CT=F
2010-11-09,151.22999572753906,151.22999572753906,147.27000427246094,149.19000244140625,12739,Cotton,CT=F
2010-11-10,145.64999389648438,157.22999572753906,145.22999572753906,154.0,45039,Cotton,CT=F
2010-11-11,144.2100067138672,150.0,143.5500030517578,145.80999755859375,33060,Cotton,CT=F
2010-11-12,140.17999267578125,142.86000061035156,139.2100067138672,142.86000061035156,17927,Cotton,CT=F
2010-11-15,138.75,140.6699981689453,135.41000366210938,138.75,17164,Cotton,CT=F
2010-11-16,133.75,142.47999572753906,133.75,138.75,13266,Cotton,CT=F
2010-11-17,128.89999389648438,135.0,127.75,133.0,8093,Cotton,CT=F
2010-11-18,133.89999389648438,133.89999389648438,128.5,128.89999389648438,7214,Cotton,CT=F
2010-11-19,127.9000015258789,133.89999389648438,127.9000015258789,133.89999389648438,6619,Cotton,CT=F
2010-11-22,121.9000015258789,127.9000015258789,121.9000015258789,127.5,3635,Cotton,CT=F
2010-11-23,113.08999633789062,121.44999694824219,110.8499984741211,121.44999694824219,770,Cotton,CT=F
2010-11-24,119.38999938964844,122.87999725341797,113.08999633789062,113.08999633789062,0,Cotton,CT=F
2010-11-26,116.05999755859375,116.5,113.0,115.5,76,Cotton,CT=F
2010-11-29,122.51000213623047,123.5999984741211,118.9000015258789,118.9000015258789,58,Cotton,CT=F
2010-11-30,126.2300033569336,127.94000244140625,122.4000015258789,125.0,30,Cotton,CT=F
2010-12-01,131.9499969482422,135.0,128.0,128.8000030517578,31,Cotton,CT=F
2010-12-02,137.33999633789062,140.0,135.0,140.0,19,Cotton,CT=F
2010-12-03,142.3300018310547,149.97999572753906,140.0,149.97999572753906,53,Cotton,CT=F
2010-12-06,141.9199981689453,142.0,140.0,140.0,14,Cotton,CT=F
2010-12-07,137.99000549316406,145.83999633789062,135.0,141.5,72,Cotton,CT=F
2010-12-08,138.0,142.0,137.0,142.0,15452,Cotton,CT=F
2010-12-09,135.9499969482422,135.9499969482422,129.6699981689453,132.19000244140625,8301,Cotton,CT=F
2010-12-10,136.97000122070312,140.9499969482422,135.3000030517578,137.0800018310547,16685,Cotton,CT=F
2010-12-13,140.97000122070312,140.97000122070312,136.97000122070312,137.3000030517578,6171,Cotton,CT=F
2010-12-14,144.49000549316406,145.97000122070312,142.9499969482422,143.00999450683594,14405,Cotton,CT=F
2010-12-15,142.13999938964844,145.6999969482422,141.05999755859375,144.39999389648438,11270,Cotton,CT=F
2010-12-16,146.1199951171875,146.13999938964844,142.5800018310547,143.72999572753906,8414,Cotton,CT=F
2010-12-17,150.1199951171875,150.1199951171875,143.39999389648438,146.1199951171875,15161,Cotton,CT=F
2010-12-20,154.1199951171875,154.1199951171875,151.5,151.63999938964844,5047,Cotton,CT=F
2010-12-21,159.1199951171875,159.1199951171875,156.6999969482422,159.1199951171875,7481,Cotton,CT=F
2010-12-22,154.1199951171875,155.94000244140625,154.1199951171875,155.5,4500,Cotton,CT=F
2010-12-23,148.1199951171875,155.44000244140625,148.1199951171875,148.1199951171875,14906,Cotton,CT=F
2010-12-27,145.75999450683594,147.1199951171875,142.1199951171875,147.1199951171875,8276,Cotton,CT=F
2010-12-28,144.35000610351562,149.49000549316406,144.0,146.30999755859375,4636,Cotton,CT=F
2010-12-29,140.42999267578125,146.35000610351562,140.3800048828125,143.86000061035156,7230,Cotton,CT=F
2010-12-30,142.83999633789062,144.42999267578125,137.5500030517578,140.0,10522,Cotton,CT=F
2010-12-31,144.80999755859375,146.83999633789062,143.52999877929688,144.0,10522,Cotton,CT=F
2011-01-03,142.1999969482422,146.5,141.3699951171875,144.97000122070312,6879,Cotton,CT=F
2011-01-04,143.77999877929688,145.0,139.8000030517578,141.25,9363,Cotton,CT=F
2011-01-05,145.1999969482422,147.77999877929688,142.0500030517578,143.5,10195,Cotton,CT=F
2011-01-06,141.22000122070312,149.08999633789062,141.1999969482422,146.38999938964844,15563,Cotton,CT=F
2011-01-07,140.60000610351562,142.5,139.61000061035156,141.0,11385,Cotton,CT=F
2011-01-10,143.25,144.60000610351562,140.5,140.5,9859,Cotton,CT=F
2011-01-11,147.25,147.25,143.14999389648438,143.25,8129,Cotton,CT=F
2011-01-12,147.97000122070312,152.25,147.6999969482422,149.33999633789062,17388,Cotton,CT=F
2011-01-13,144.05999755859375,151.6300048828125,143.97000122070312,150.8800048828125,14650,Cotton,CT=F
2011-01-14,141.44000244140625,145.9499969482422,141.19000244140625,144.0,0,Cotton,CT=F
2011-01-18,145.44000244140625,145.44000244140625,142.47000122070312,142.99000549316406,4312,Cotton,CT=F
2011-01-19,148.94000244140625,150.44000244140625,147.75999450683594,148.0399932861328,11734,Cotton,CT=F
2011-01-20,152.94000244140625,152.94000244140625,148.02000427246094,149.25,10989,Cotton,CT=F
2011-01-21,156.94000244140625,156.94000244140625,153.72000122070312,153.89999389648438,4032,Cotton,CT=F
2011-01-24,161.94000244140625,161.94000244140625,160.5,160.99000549316406,4621,Cotton,CT=F
2011-01-25,161.8300018310547,167.88999938964844,158.00999450683594,163.83999633789062,21609,Cotton,CT=F
2011-01-26,166.8300018310547,166.8300018310547,160.80999755859375,163.0399932861328,10746,Cotton,CT=F
2011-01-27,169.38999938964844,172.8300018310547,166.25,168.0,20056,Cotton,CT=F
2011-01-28,164.75,171.10000610351562,164.50999450683594,169.38999938964844,13951,Cotton,CT=F
2011-01-31,168.44000244140625,168.75,165.4600067138672,165.88999938964844,11318,Cotton,CT=F
2011-02-01,172.22000122070312,172.44000244140625,169.22999572753906,170.77000427246094,14060,Cotton,CT=F
2011-02-02,176.22000122070312,176.22000122070312,173.0,173.0,11940,Cotton,CT=F
2011-02-03,171.86000061035156,181.22000122070312,171.22000122070312,179.10000610351562,25374,Cotton,CT=F
2011-02-04,167.86000061035156,172.44000244140625,167.86000061035156,171.86000061035156,14810,Cotton,CT=F
2011-02-07,174.50999450683594,174.86000061035156,164.75999450683594,167.50999450683594,15709,Cotton,CT=F
2011-02-08,175.2899932861328,178.16000366210938,172.94000244140625,174.50999450683594,21756,Cotton,CT=F
2011-02-09,180.5800018310547,182.2899932861328,173.6699981689453,175.3000030517578,21157,Cotton,CT=F
2011-02-10,187.5800018310547,187.5800018310547,183.0,183.17999267578125,16456,Cotton,CT=F
2011-02-11,189.97000122070312,194.5500030517578,187.9600067138672,190.52000427246094,29483,Cotton,CT=F
2011-02-14,186.0500030517578,191.60000610351562,185.10000610351562,190.75,19074,Cotton,CT=F
2011-02-15,190.02000427246094,191.75,185.9199981689453,186.0,16327,Cotton,CT=F
2011-02-16,197.02000427246094,197.02000427246094,191.3800048828125,192.8300018310547,13771,Cotton,CT=F
2011-02-17,204.02000427246094,204.02000427246094,204.02000427246094,204.02000427246094,9991,Cotton,CT=F
2011-02-18,197.02000427246094,211.02000427246094,197.02000427246094,211.02000427246094,0,Cotton,CT=F
2011-02-22,187.94000244140625,190.02000427246094,177.1999969482422,185.0,740,Cotton,CT=F
2011-02-23,186.55999755859375,187.75999450683594,180.89999389648438,182.58999633789062,913,Cotton,CT=F
2011-02-24,181.27999877929688,185.07000732421875,179.0,185.0,190,Cotton,CT=F
2011-02-25,191.33999633789062,192.5,178.14999389648438,178.14999389648438,190,Cotton,CT=F
2011-02-28,205.13999938964844,206.75,198.33999633789062,200.25,85,Cotton,CT=F
2011-03-01,195.8699951171875,209.5,190.0,205.77000427246094,222,Cotton,CT=F
2011-03-02,204.4499969482422,209.25,195.25,202.0,161,Cotton,CT=F
2011-03-03,208.1999969482422,210.5,203.0,203.0,32,Cotton,CT=F
2011-03-04,215.14999389648438,217.77000427246094,204.0,211.7899932861328,67,Cotton,CT=F
2011-03-07,214.5,227.0,210.75,215.6199951171875,278,Cotton,CT=F
2011-03-08,207.0399932861328,215.0,202.0500030517578,211.0,38,Cotton,CT=F
2011-03-09,205.99000549316406,204.0,204.0,204.0,14987,Cotton,CT=F
2011-03-10,200.97999572753906,207.7100067138672,200.3800048828125,204.41000366210938,9684,Cotton,CT=F
2011-03-11,204.94000244140625,207.97999572753906,196.60000610351562,202.3699951171875,14052,Cotton,CT=F
2011-03-14,197.94000244140625,206.8300018310547,197.94000244140625,204.94000244140625,6987,Cotton,CT=F
2011-03-15,190.94000244140625,199.57000732421875,190.94000244140625,196.10000610351562,8284,Cotton,CT=F
2011-03-16,185.1199951171875,197.94000244140625,185.00999450683594,190.0,15654,Cotton,CT=F
2011-03-17,192.1199951171875,192.1199951171875,185.0,186.9499969482422,8125,Cotton,CT=F
2011-03-18,199.1199951171875,199.1199951171875,195.30999755859375,196.1300048828125,8530,Cotton,CT=F
2011-03-21,198.9600067138672,204.8800048828125,197.35000610351562,202.6199951171875,8683,Cotton,CT=F
2011-03-22,205.9600067138672,205.9600067138672,197.42999267578125,200.5,7122,Cotton,CT=F
2011-03-23,201.8699951171875,209.97000122070312,198.9600067138672,209.8000030517578,12042,Cotton,CT=F
2011-03-24,208.82000732421875,208.8699951171875,196.8699951171875,202.2899932861328,12042,Cotton,CT=F
2011-03-25,204.49000549316406,211.16000366210938,202.6300048828125,209.67999267578125,9619,Cotton,CT=F
2011-03-28,197.49000549316406,204.0,197.49000549316406,202.88999938964844,6662,Cotton,CT=F
2011-03-29,194.8800048828125,201.0,194.10000610351562,196.52999877929688,7329,Cotton,CT=F
2011-03-30,193.6699981689453,199.92999267578125,192.22999572753906,195.02999877929688,13351,Cotton,CT=F
2011-03-31,200.22999572753906,200.6699981689453,192.57000732421875,195.25,16902,Cotton,CT=F
2011-04-01,195.5500030517578,201.0,195.05999755859375,201.0,11462,Cotton,CT=F
2011-04-04,195.5500030517578,196.49000549316406,192.2100067138672,195.00999450683594,8762,Cotton,CT=F
2011-04-05,201.05999755859375,202.5500030517578,188.85000610351562,194.5800018310547,19038,Cotton,CT=F
2011-04-06,208.05999755859375,208.05999755859375,199.33999633789062,200.0,7325,Cotton,CT=F
2011-04-07,208.22000122070312,215.05999755859375,207.13999938964844,210.0500030517578,22970,Cotton,CT=F
2011-04-08,202.97000122070312,212.39999389648438,201.25,208.22000122070312,16082,Cotton,CT=F
2011-04-11,204.5800018310547,207.72999572753906,199.35000610351562,204.97999572753906,15241,Cotton,CT=F
2011-04-12,199.72999572753906,206.0800018310547,197.60000610351562,205.5,14785,Cotton,CT=F
2011-04-13,197.35000610351562,206.72999572753906,196.6999969482422,201.85000610351562,17671,Cotton,CT=F
2011-04-14,196.0399932861328,197.8800048828125,194.05999755859375,197.5,7352,Cotton,CT=F
2011-04-15,195.52000427246094,198.00999450683594,194.25,196.0399932861328,7282,Cotton,CT=F
2011-04-18,196.4499969482422,197.97000122070312,192.0,195.52000427246094,13327,Cotton,CT=F
2011-04-19,189.82000732421875,196.86000061035156,189.61000061035156,196.4499969482422,15638,Cotton,CT=F
2011-04-20,183.1699981689453,193.75,183.02000427246094,190.3000030517578,7907,Cotton,CT=F
2011-04-21,186.6699981689453,188.82000732421875,180.5500030517578,183.3000030517578,0,Cotton,CT=F
2011-04-25,188.0800018310547,190.6999969482422,186.9600067138672,189.42999267578125,721,Cotton,CT=F
2011-04-26,181.83999633789062,187.0,180.89999389648438,187.0,398,Cotton,CT=F
2011-04-27,174.88999938964844,179.94000244140625,171.66000366210938,179.94000244140625,634,Cotton,CT=F
2011-04-28,172.82000732421875,176.52999877929688,168.3000030517578,173.30999755859375,283,Cotton,CT=F
2011-04-29,178.77999877929688,178.86000061035156,170.75999450683594,172.97999572753906,55,Cotton,CT=F
2011-05-02,175.91000366210938,178.77000427246094,172.7899932861328,178.0500030517578,398,Cotton,CT=F
2011-05-03,179.2100067138672,180.22999572753906,176.2899932861328,177.22999572753906,294,Cotton,CT=F
2011-05-04,173.19000244140625,177.0500030517578,170.99000549316406,177.0,453,Cotton,CT=F
2011-05-05,165.36000061035156,170.99000549316406,165.1999969482422,170.99000549316406,327,Cotton,CT=F
2011-05-06,153.8000030517578,169.6199951171875,154.25999450683594,166.97000122070312,8339,Cotton,CT=F
2011-05-09,145.39999389648438,148.55999755859375,143.2100067138672,145.10000610351562,7286,Cotton,CT=F
2011-05-10,151.39999389648438,151.39999389648438,143.0,144.57000732421875,12510,Cotton,CT=F
2011-05-11,150.3000030517578,155.1199951171875,147.75999450683594,152.0,11839,Cotton,CT=F
2011-05-12,144.3000030517578,151.9199981689453,144.3000030517578,151.61000061035156,6761,Cotton,CT=F
2011-05-13,145.14999389648438,148.49000549316406,142.05999755859375,143.0,8057,Cotton,CT=F
2011-05-16,151.14999389648438,151.14999389648438,145.17999267578125,146.6999969482422,7991,Cotton,CT=F
2011-05-17,155.0399932861328,157.86000061035156,150.8300018310547,152.0500030517578,13445,Cotton,CT=F
2011-05-18,159.86000061035156,160.8000030517578,155.3000030517578,155.9499969482422,8593,Cotton,CT=F
2011-05-19,155.64999389648438,161.32000732421875,153.86000061035156,159.63999938964844,9046,Cotton,CT=F
2011-05-20,155.61000061035156,157.02000427246094,150.05999755859375,155.0,7329,Cotton,CT=F
2011-05-23,153.88999938964844,157.47000122070312,153.2100067138672,155.85000610351562,3971,Cotton,CT=F
2011-05-24,153.8800048828125,157.74000549316406,153.5,153.88999938964844,7935,Cotton,CT=F
2011-05-25,156.02999877929688,159.6699981689453,153.64999389648438,153.8800048828125,9065,Cotton,CT=F
2011-05-26,151.02999877929688,158.44000244140625,150.75,156.02999877929688,10109,Cotton,CT=F
2011-05-27,152.6699981689453,154.5,151.02999877929688,151.0500030517578,0,Cotton,CT=F
2011-05-31,158.6699981689453,158.6699981689453,153.39999389648438,153.4499969482422,6454,Cotton,CT=F
2011-06-01,160.97000122070312,163.0,158.5,161.38999938964844,12817,Cotton,CT=F
2011-06-02,164.24000549316406,166.22999572753906,159.14999389648438,163.61000061035156,16791,Cotton,CT=F
2011-06-03,161.6300048828125,168.49000549316406,160.66000366210938,165.22999572753906,12984,Cotton,CT=F
2011-06-06,155.6300048828125,163.55999755859375,155.6300048828125,161.5500030517578,12621,Cotton,CT=F
2011-06-07,148.6300048828125,156.0,148.6300048828125,155.0,14363,Cotton,CT=F
2011-06-08,145.0500030517578,150.14999389648438,144.30999755859375,147.9499969482422,16850,Cotton,CT=F
2011-06-09,151.0500030517578,151.0500030517578,145.36000061035156,146.0500030517578,10714,Cotton,CT=F
2011-06-10,150.02999877929688,154.39999389648438,148.5,152.1999969482422,22392,Cotton,CT=F
2011-06-13,150.9499969482422,152.8000030517578,146.83999633789062,150.10000610351562,13639,Cotton,CT=F
2011-06-14,155.5399932861328,155.85000610351562,149.32000732421875,150.6999969482422,9097,Cotton,CT=F
2011-06-15,151.9600067138672,158.0,150.2899932861328,155.5,8469,Cotton,CT=F
2011-06-16,145.9600067138672,152.75,145.9600067138672,151.0,5982,Cotton,CT=F
2011-06-17,145.17999267578125,148.32000732421875,144.10000610351562,145.9600067138672,7442,Cotton,CT=F
2011-06-20,148.72999572753906,150.60000610351562,144.10000610351562,145.39999389648438,4516,Cotton,CT=F
2011-06-21,154.72999572753906,154.72999572753906,149.0399932861328,149.0500030517578,9639,Cotton,CT=F
2011-06-22,161.22000122070312,161.5800018310547,156.1999969482422,156.1999969482422,12117,Cotton,CT=F
2011-06-23,164.5500030517578,166.6999969482422,162.0,162.0,6402,Cotton,CT=F
2011-06-24,165.22000122070312,166.58999633789062,163.39999389648438,165.9199981689453,230,Cotton,CT=F
2011-06-27,162.0,164.08999633789062,158.60000610351562,161.5,288,Cotton,CT=F
2011-06-28,160.91000366210938,161.89999389648438,159.02000427246094,159.02999877929688,76,Cotton,CT=F
2011-06-29,162.13999938964844,162.75,161.0,161.9600067138672,51,Cotton,CT=F
2011-06-30,159.7899932861328,163.0,158.0,162.75,242,Cotton,CT=F
2011-07-01,161.41000366210938,161.5,160.0,160.1999969482422,0,Cotton,CT=F
2011-07-05,159.0,162.0500030517578,158.0,161.5,282,Cotton,CT=F
2011-07-06,155.39999389648438,160.9499969482422,152.0,159.97000122070312,147,Cotton,CT=F
2011-07-07,136.1999969482422,151.25,135.57000732421875,148.0,73,Cotton,CT=F
2011-07-08,116.58000183105469,119.33000183105469,116.08999633789062,117.0,40,Cotton,CT=F
2011-07-11,111.58000183105469,115.7699966430664,111.58000183105469,115.7699966430664,55,Cotton,CT=F
2011-07-12,106.58999633789062,110.48999786376953,106.58000183105469,107.94999694824219,149,Cotton,CT=F
2011-07-13,110.3499984741211,111.58999633789062,106.6500015258789,107.0,81,Cotton,CT=F
2011-07-14,106.3499984741211,111.58999633789062,106.3499984741211,110.9800033569336,54,Cotton,CT=F
2011-07-15,101.45999908447266,105.0,101.3499984741211,105.0,98,Cotton,CT=F
2011-07-18,97.94999694824219,101.3499984741211,96.45999908447266,101.3499984741211,182,Cotton,CT=F
2011-07-19,101.94999694824219,101.94999694824219,98.55000305175781,98.55000305175781,63,Cotton,CT=F
2011-07-20,101.29000091552734,102.4000015258789,98.66999816894531,101.19999694824219,57,Cotton,CT=F
2011-07-21,99.33000183105469,100.44999694824219,97.30000305175781,100.4000015258789,49,Cotton,CT=F
2011-07-22,99.13999938964844,101.0,97.43000030517578,100.37000274658203,31,Cotton,CT=F
2011-07-25,97.08999633789062,98.95999908447266,95.20999908447266,98.91000366210938,67,Cotton,CT=F
2011-07-26,101.08999633789062,101.08999633789062,93.5,97.68000030517578,88,Cotton,CT=F
2011-07-27,103.8499984741211,104.66000366210938,101.0199966430664,101.86000061035156,61,Cotton,CT=F
2011-07-28,102.80999755859375,103.83999633789062,101.30000305175781,103.83999633789062,30,Cotton,CT=F
2011-07-29,102.08000183105469,103.37999725341797,98.80999755859375,103.1500015258789,99,Cotton,CT=F
2011-08-01,105.58999633789062,105.98999786376953,100.61000061035156,100.9000015258789,121,Cotton,CT=F
2011-08-02,107.16999816894531,108.4000015258789,102.5999984741211,105.69999694824219,127,Cotton,CT=F
2011-08-03,104.41999816894531,106.52999877929688,103.52999877929688,106.5199966430664,85,Cotton,CT=F
2011-08-04,105.01000213623047,105.70999908447266,102.73999786376953,104.5999984741211,44,Cotton,CT=F
2011-08-05,101.4800033569336,104.9000015258789,101.0199966430664,103.0999984741211,90,Cotton,CT=F
2011-08-08,99.01000213623047,103.41000366210938,98.5,100.43000030517578,79,Cotton,CT=F
2011-08-09,97.26000213623047,100.62000274658203,95.01000213623047,97.7699966430664,89,Cotton,CT=F
2011-08-10,99.16000366210938,99.83999633789062,97.0,99.0,25,Cotton,CT=F
2011-08-11,97.79000091552734,99.5999984741211,97.26000213623047,99.5,20,Cotton,CT=F
2011-08-12,100.72000122070312,101.25,97.98999786376953,98.0,66,Cotton,CT=F
2011-08-15,105.02999877929688,105.72000122070312,101.0,101.02999877929688,75,Cotton,CT=F
2011-08-16,104.62000274658203,104.5,103.58999633789062,104.5,31,Cotton,CT=F
2011-08-17,108.43000030517578,108.62000274658203,103.88999938964844,103.88999938964844,39,Cotton,CT=F
2011-08-18,107.55000305175781,107.98999786376953,104.68000030517578,107.98999786376953,30,Cotton,CT=F
2011-08-19,106.76000213623047,108.0,105.9000015258789,106.87000274658203,22,Cotton,CT=F
2011-08-22,106.61000061035156,106.83999633789062,105.30000305175781,105.5,49,Cotton,CT=F
2011-08-23,105.13999938964844,107.30999755859375,105.8499984741211,106.0199966430664,19,Cotton,CT=F
2011-08-24,104.62000274658203,108.5,104.62000274658203,106.75,32,Cotton,CT=F
2011-08-25,102.58999633789062,105.08999633789062,100.9800033569336,105.08999633789062,17,Cotton,CT=F
2011-08-26,103.91999816894531,104.86000061035156,101.88999938964844,103.0999984741211,16,Cotton,CT=F
2011-08-29,104.7699966430664,105.41000366210938,103.0999984741211,103.0999984741211,10,Cotton,CT=F
2011-08-30,104.91000366210938,105.58000183105469,103.5999984741211,104.44999694824219,28,Cotton,CT=F
2011-08-31,105.87999725341797,106.0,104.69999694824219,105.0,28,Cotton,CT=F
2011-09-01,106.08000183105469,107.0,106.68000030517578,106.80000305175781,83,Cotton,CT=F
2011-09-02,106.58999633789062,107.0,105.83000183105469,107.0,0,Cotton,CT=F
2011-09-06,106.23999786376953,106.1500015258789,104.66000366210938,105.29000091552734,165,Cotton,CT=F
2011-09-07,110.23999786376953,110.23999786376953,106.81999969482422,106.81999969482422,42,Cotton,CT=F
2011-09-08,112.44999694824219,114.19000244140625,111.02999877929688,111.13999938964844,72,Cotton,CT=F
2011-09-09,110.30000305175781,112.75,109.94999694824219,112.75,18,Cotton,CT=F
2011-09-12,110.72000122070312,110.5999984741211,109.86000061035156,110.23999786376953,12,Cotton,CT=F
2011-09-13,111.55999755859375,111.77999877929688,109.80000305175781,110.7699966430664,122,Cotton,CT=F
2011-09-14,113.38999938964844,113.5,111.19999694824219,111.36000061035156,56,Cotton,CT=F
2011-09-15,110.62000274658203,113.94000244140625,109.69999694824219,112.87000274658203,43,Cotton,CT=F
2011-09-16,109.08000183105469,109.83999633789062,108.94999694824219,109.19999694824219,13,Cotton,CT=F
2011-09-19,104.08000183105469,108.7300033569336,104.3499984741211,108.7300033569336,32,Cotton,CT=F
2011-09-20,103.80999755859375,105.1500015258789,102.44999694824219,102.44999694824219,16,Cotton,CT=F
2011-09-21,101.2699966430664,103.86000061035156,101.25,103.86000061035156,26,Cotton,CT=F
2011-09-22,97.63999938964844,101.3499984741211,97.2699966430664,101.2699966430664,35,Cotton,CT=F
2011-09-23,99.98999786376953,99.9000015258789,98.0,98.0,67,Cotton,CT=F
2011-09-26,98.43000030517578,100.06999969482422,100.02999877929688,100.06999969482422,2,Cotton,CT=F
2011-09-27,98.8499984741211,99.38999938964844,98.97000122070312,98.97000122070312,2,Cotton,CT=F
2011-09-28,98.33000183105469,98.04000091552734,98.04000091552734,98.04000091552734,2,Cotton,CT=F
2011-09-29,100.97000122070312,100.97000122070312,100.97000122070312,100.97000122070312,2,Cotton,CT=F
2011-09-30,98.70999908447266,99.30999755859375,98.69999694824219,98.69999694824219,6,Cotton,CT=F
2011-10-03,97.75,99.29000091552734,99.29000091552734,99.29000091552734,1,Cotton,CT=F
2011-10-04,100.91999816894531,103.98999786376953,99.69000244140625,99.69000244140625,4,Cotton,CT=F
2011-10-05,102.75,103.0,102.5,103.0,17,Cotton,CT=F
2011-10-06,102.25,102.25,102.25,102.25,17,Cotton,CT=F
2011-10-07,101.4800033569336,101.4800033569336,101.4800033569336,101.4800033569336,4693,Cotton,CT=F
2011-10-10,103.33999633789062,103.9000015258789,102.11000061035156,102.12000274658203,6516,Cotton,CT=F
2011-10-11,103.47000122070312,104.0,102.69000244140625,103.5,6316,Cotton,CT=F
2011-10-12,100.51000213623047,104.0,99.66999816894531,103.01000213623047,12331,Cotton,CT=F
2011-10-13,101.55999755859375,102.4800033569336,100.11000061035156,100.4000015258789,7846,Cotton,CT=F
2011-10-14,101.94000244140625,103.6500015258789,101.08000183105469,101.08000183105469,6766,Cotton,CT=F
2011-10-17,100.36000061035156,102.4800033569336,99.88999938964844,102.0,12629,Cotton,CT=F
2011-10-18,100.18000030517578,100.81999969482422,99.61000061035156,100.81999969482422,6656,Cotton,CT=F
2011-10-19,99.72000122070312,101.41999816894531,99.5999984741211,100.3499984741211,7957,Cotton,CT=F
2011-10-20,96.86000061035156,100.04000091552734,96.77999877929688,99.5999984741211,15052,Cotton,CT=F
2011-10-21,97.0999984741211,98.80000305175781,96.47000122070312,96.8499984741211,9746,Cotton,CT=F
2011-10-24,97.94000244140625,98.38999938964844,96.95999908447266,97.0999984741211,7958,Cotton,CT=F
2011-10-25,99.68000030517578,100.62999725341797,97.56999969482422,98.19000244140625,17590,Cotton,CT=F
2011-10-26,100.31999969482422,100.7300033569336,99.4800033569336,99.68000030517578,8169,Cotton,CT=F
2011-10-27,104.31999969482422,104.31999969482422,99.91000366210938,100.30000305175781,14677,Cotton,CT=F
2011-10-28,104.37000274658203,105.05000305175781,102.58999633789062,104.33999633789062,15773,Cotton,CT=F
2011-10-31,102.29000091552734,104.63999938964844,101.13999938964844,104.0,13389,Cotton,CT=F
2011-11-01,99.54000091552734,102.75,98.7699966430664,102.75,19695,Cotton,CT=F
2011-11-02,98.33999633789062,100.69999694824219,98.0,99.5,11598,Cotton,CT=F
2011-11-03,98.12000274658203,99.44000244140625,97.30000305175781,98.61000061035156,11022,Cotton,CT=F
2011-11-04,98.73999786376953,99.81999969482422,98.05000305175781,98.12000274658203,7235,Cotton,CT=F
2011-11-07,96.76000213623047,98.95999908447266,96.51000213623047,98.66999816894531,14010,Cotton,CT=F
2011-11-08,97.62000274658203,97.95999908447266,95.95999908447266,96.9800033569336,16226,Cotton,CT=F
2011-11-09,97.18000030517578,98.18000030517578,96.62000274658203,97.91000366210938,12632,Cotton,CT=F
2011-11-10,99.5,100.77999877929688,96.80999755859375,97.18000030517578,25569,Cotton,CT=F
2011-11-11,99.23999786376953,99.98999786376953,98.41999816894531,99.2699966430664,19615,Cotton,CT=F
2011-11-14,100.79000091552734,100.9000015258789,97.79000091552734,99.87999725341797,14840,Cotton,CT=F
2011-11-15,102.66000366210938,104.69000244140625,100.11000061035156,100.11000061035156,35212,Cotton,CT=F
2011-11-16,103.5,104.36000061035156,102.06999969482422,102.5,9586,Cotton,CT=F
2011-11-17,99.5,103.95999908447266,99.5,103.05999755859375,5723,Cotton,CT=F
2011-11-18,94.80999755859375,100.1500015258789,94.7699966430664,99.19000244140625,5294,Cotton,CT=F
2011-11-21,90.80999755859375,95.77999877929688,90.80999755859375,95.16000366210938,6631,Cotton,CT=F
2011-11-22,89.94999694824219,90.75,87.5,90.69999694824219,4051,Cotton,CT=F
2011-11-23,90.70999908447266,91.69999694824219,89.22000122070312,90.25,0,Cotton,CT=F
2011-11-25,90.81999969482422,91.55000305175781,90.4000015258789,91.55000305175781,44,Cotton,CT=F
2011-11-28,91.30000305175781,92.0999984741211,91.0999984741211,92.0999984741211,28,Cotton,CT=F
2011-11-29,92.69000244140625,92.7300033569336,88.38999938964844,91.23999786376953,98,Cotton,CT=F
2011-11-30,90.30999755859375,93.5,92.4000015258789,93.45999908447266,13,Cotton,CT=F
2011-12-01,90.69999694824219,92.0,91.5,92.0,28,Cotton,CT=F
2011-12-02,91.3499984741211,91.73999786376953,90.9000015258789,91.27999877929688,24,Cotton,CT=F
2011-12-05,91.51000213623047,92.58999633789062,90.93000030517578,92.5,19,Cotton,CT=F
2011-12-06,93.30999755859375,93.6500015258789,91.93000030517578,91.93000030517578,10,Cotton,CT=F
2011-12-07,91.5999984741211,91.5999984741211,91.5999984741211,91.5999984741211,6375,Cotton,CT=F
2011-12-08,92.05000305175781,92.98999786376953,91.66000366210938,92.58999633789062,4321,Cotton,CT=F
2011-12-09,90.43000030517578,92.75,90.1500015258789,91.94999694824219,8266,Cotton,CT=F
2011-12-12,87.16000366210938,90.83999633789062,87.05999755859375,90.44999694824219,12339,Cotton,CT=F
2011-12-13,87.30999755859375,88.22000122070312,86.62999725341797,87.16000366210938,7808,Cotton,CT=F
2011-12-14,85.12000274658203,87.41999816894531,84.3499984741211,87.30999755859375,10647,Cotton,CT=F
2011-12-15,86.29000091552734,86.70999908447266,85.0,85.12000274658203,6627,Cotton,CT=F
2011-12-16,86.29000091552734,88.29000091552734,85.58000183105469,86.80000305175781,5069,Cotton,CT=F
2011-12-19,87.08999633789062,87.5,85.9000015258789,86.23999786376953,3788,Cotton,CT=F
2011-12-20,86.80000305175781,88.13999938964844,86.44999694824219,87.0,5302,Cotton,CT=F
2011-12-21,86.83999633789062,87.37999725341797,86.26000213623047,86.94000244140625,5403,Cotton,CT=F
2011-12-22,87.23999786376953,87.44000244140625,86.5999984741211,86.5999984741211,3602,Cotton,CT=F
2011-12-23,87.23999786376953,87.6500015258789,86.86000061035156,87.12000274658203,0,Cotton,CT=F
2011-12-27,87.91000366210938,88.12000274658203,87.23999786376953,87.25,2306,Cotton,CT=F
2011-12-28,90.68000030517578,91.91000366210938,87.75,87.87999725341797,18747,Cotton,CT=F
2011-12-29,91.62999725341797,92.08999633789062,89.52999877929688,90.43000030517578,6924,Cotton,CT=F
2011-12-30,91.80000305175781,91.8499984741211,90.80000305175781,91.56999969482422,0,Cotton,CT=F
2012-01-03,95.80000305175781,95.80000305175781,91.8499984741211,92.25,17767,Cotton,CT=F
2012-01-04,95.91999816894531,96.4800033569336,94.75,95.80000305175781,14682,Cotton,CT=F
2012-01-05,94.73999786376953,95.91999816894531,94.37999725341797,95.38999938964844,9293,Cotton,CT=F
2012-01-06,95.86000061035156,95.91999816894531,94.4000015258789,95.0,7880,Cotton,CT=F
2012-01-09,96.44000244140625,96.9000015258789,93.22000122070312,96.0,17813,Cotton,CT=F
2012-01-10,96.95999908447266,97.08000183105469,95.69999694824219,96.5,10067,Cotton,CT=F
2012-01-11,96.87000274658203,97.27999877929688,95.19999694824219,96.95999908447266,10449,Cotton,CT=F
2012-01-12,95.69000244140625,97.5,94.12999725341797,96.56999969482422,18474,Cotton,CT=F
2012-01-13,95.47000122070312,95.9800033569336,94.5199966430664,95.55000305175781,0,Cotton,CT=F
2012-01-17,98.19000244140625,99.47000122070312,95.66999816894531,95.94000244140625,18922,Cotton,CT=F
2012-01-18,97.52999877929688,98.16000366210938,95.80000305175781,98.16000366210938,12563,Cotton,CT=F
2012-01-19,98.16999816894531,98.5,96.76000213623047,97.5,10788,Cotton,CT=F
2012-01-20,98.5999984741211,98.69999694824219,97.41000366210938,98.0,9072,Cotton,CT=F
2012-01-23,99.37000274658203,99.44000244140625,98.05999755859375,98.38999938964844,9314,Cotton,CT=F
2012-01-24,98.18000030517578,99.47000122070312,97.12999725341797,99.0,10234,Cotton,CT=F
2012-01-25,96.91999816894531,98.05000305175781,94.58999633789062,97.98999786376953,15156,Cotton,CT=F
2012-01-26,95.58999633789062,97.41000366210938,95.29000091552734,96.66000366210938,11201,Cotton,CT=F
2012-01-27,95.61000061035156,96.48999786376953,95.30000305175781,95.30000305175781,7465,Cotton,CT=F
2012-01-30,94.1500015258789,96.30000305175781,94.11000061035156,95.62999725341797,13539,Cotton,CT=F
2012-01-31,93.25,95.29000091552734,93.11000061035156,94.62000274658203,17923,Cotton,CT=F
2012-02-01,93.38999938964844,94.20999908447266,93.19999694824219,93.55999755859375,14151,Cotton,CT=F
2012-02-02,94.20999908447266,94.87999725341797,92.69000244140625,93.4000015258789,13208,Cotton,CT=F
2012-02-03,96.33999633789062,97.86000061035156,94.12000274658203,95.0,14224,Cotton,CT=F
2012-02-06,96.30999755859375,97.26000213623047,95.9000015258789,96.95999908447266,11567,Cotton,CT=F
2012-02-07,94.56999969482422,96.93000030517578,94.3499984741211,96.30999755859375,15812,Cotton,CT=F
2012-02-08,93.62000274658203,95.79000091552734,93.5199966430664,94.7699966430664,14168,Cotton,CT=F
2012-02-09,90.37999725341797,94.44000244140625,90.2300033569336,93.8499984741211,32582,Cotton,CT=F
2012-02-10,90.61000061035156,91.45999908447266,89.98999786376953,91.12000274658203,21883,Cotton,CT=F
2012-02-13,91.5199966430664,93.05000305175781,90.62000274658203,90.86000061035156,13911,Cotton,CT=F
2012-02-14,92.25,92.33999633789062,91.0,91.44999694824219,11858,Cotton,CT=F
2012-02-15,92.5,94.37000274658203,92.1500015258789,92.25,17971,Cotton,CT=F
2012-02-16,92.44999694824219,92.80000305175781,91.80000305175781,92.4000015258789,10562,Cotton,CT=F
2012-02-17,91.44999694824219,93.2699966430664,91.30999755859375,92.44999694824219,10690,Cotton,CT=F
2012-02-21,91.25,92.23999786376953,91.12000274658203,91.86000061035156,7736,Cotton,CT=F
2012-02-22,88.56999969482422,91.6500015258789,88.5,91.19999694824219,6876,Cotton,CT=F
2012-02-23,87.4800033569336,88.8499984741211,87.45999908447266,88.8499984741211,207,Cotton,CT=F
2012-02-24,89.8499984741211,90.11000061035156,88.22000122070312,88.4800033569336,146,Cotton,CT=F
2012-02-27,90.4000015258789,90.37999725341797,89.5999984741211,90.37000274658203,51,Cotton,CT=F
2012-02-28,91.66000366210938,92.12000274658203,90.97000122070312,90.97000122070312,11,Cotton,CT=F
2012-02-29,89.86000061035156,91.69999694824219,90.0999984741211,91.0,13,Cotton,CT=F
2012-03-01,88.45999908447266,90.0999984741211,87.37999725341797,90.0999984741211,14,Cotton,CT=F
2012-03-02,87.45999908447266,88.29000091552734,87.5999984741211,88.29000091552734,50,Cotton,CT=F
2012-03-05,92.70999908447266,96.20999908447266,90.0,96.20999908447266,10,Cotton,CT=F
2012-03-06,92.37000274658203,94.27999877929688,91.75,93.19999694824219,26,Cotton,CT=F
2012-03-07,91.37999725341797,92.16000366210938,91.37999725341797,92.05999755859375,66,Cotton,CT=F
2012-03-08,89.4800033569336,89.4800033569336,89.4800033569336,89.4800033569336,9095,Cotton,CT=F
2012-03-09,88.80000305175781,90.45999908447266,88.25,89.69999694824219,11966,Cotton,CT=F
2012-03-12,88.0,89.16000366210938,87.01000213623047,88.18000030517578,12929,Cotton,CT=F
2012-03-13,88.04000091552734,88.93000030517578,87.94000244140625,88.0,10676,Cotton,CT=F
2012-03-14,87.13999938964844,88.58999633789062,87.05000305175781,88.1500015258789,9570,Cotton,CT=F
2012-03-15,87.33999633789062,88.26000213623047,87.06999969482422,87.20999908447266,11189,Cotton,CT=F
2012-03-16,87.4800033569336,88.16999816894531,87.0,87.19999694824219,7715,Cotton,CT=F
2012-03-19,89.08000183105469,89.58000183105469,87.62000274658203,87.7300033569336,12708,Cotton,CT=F
2012-03-20,87.9000015258789,89.0999984741211,87.43000030517578,88.95999908447266,11116,Cotton,CT=F
2012-03-21,88.30999755859375,89.48999786376953,87.86000061035156,87.86000061035156,8954,Cotton,CT=F
2012-03-22,89.58000183105469,89.73999786376953,88.05000305175781,88.5,11366,Cotton,CT=F
2012-03-23,89.62999725341797,90.5,89.31999969482422,89.58000183105469,9235,Cotton,CT=F
2012-03-26,90.91000366210938,91.01000213623047,89.36000061035156,89.6500015258789,12810,Cotton,CT=F
2012-03-27,92.58999633789062,93.18000030517578,90.41000366210938,91.0,20582,Cotton,CT=F
2012-03-28,94.02999877929688,94.08000183105469,91.9000015258789,92.37999725341797,17031,Cotton,CT=F
2012-03-29,93.54000091552734,94.38999938964844,93.06999969482422,94.0,18052,Cotton,CT=F
2012-03-30,93.5199966430664,94.0,92.27999877929688,93.54000091552734,13361,Cotton,CT=F
2012-04-02,93.12000274658203,93.69999694824219,92.05000305175781,93.5199966430664,13827,Cotton,CT=F
2012-04-03,92.63999938964844,93.80000305175781,92.41000366210938,93.19000244140625,12710,Cotton,CT=F
2012-04-04,89.31999969482422,92.63999938964844,88.91999816894531,92.54000091552734,20871,Cotton,CT=F
2012-04-05,88.54000091552734,90.44000244140625,88.19999694824219,89.43000030517578,0,Cotton,CT=F
2012-04-09,89.4800033569336,90.23999786376953,88.5,88.54000091552734,15450,Cotton,CT=F
2012-04-10,89.7300033569336,90.9000015258789,89.33999633789062,89.52999877929688,26208,Cotton,CT=F
2012-04-11,91.37999725341797,92.62000274658203,89.69999694824219,89.7300033569336,21746,Cotton,CT=F
2012-04-12,93.0,93.30000305175781,91.0999984741211,91.41000366210938,19633,Cotton,CT=F
2012-04-13,92.08000183105469,93.75,91.01000213623047,93.01000213623047,29440,Cotton,CT=F
2012-04-16,88.08000183105469,92.12999725341797,88.08000183105469,92.0,19245,Cotton,CT=F
2012-04-17,89.43000030517578,90.12999725341797,87.41999816894531,88.04000091552734,10312,Cotton,CT=F
2012-04-18,91.93000030517578,93.43000030517578,89.5,89.72000122070312,13200,Cotton,CT=F
2012-04-19,91.52999877929688,93.11000061035156,90.55999755859375,92.29000091552734,3287,Cotton,CT=F
2012-04-20,90.04000091552734,91.68000030517578,89.69999694824219,91.2699966430664,3748,Cotton,CT=F
2012-04-23,90.4000015258789,91.1500015258789,89.30000305175781,90.05999755859375,2038,Cotton,CT=F
2012-04-24,89.36000061035156,91.4000015258789,88.5,89.91000366210938,46,Cotton,CT=F
2012-04-25,88.88999938964844,90.0,89.0,90.0,32,Cotton,CT=F
2012-04-26,90.30999755859375,90.3499984741211,88.95999908447266,89.0999984741211,50,Cotton,CT=F
2012-04-27,89.2300033569336,90.37000274658203,88.7699966430664,90.37000274658203,51,Cotton,CT=F
2012-04-30,87.25,87.37000274658203,85.11000061035156,87.37000274658203,20,Cotton,CT=F
2012-05-01,87.51000213623047,87.70999908447266,86.94999694824219,86.94999694824219,6,Cotton,CT=F
2012-05-02,87.45999908447266,87.45999908447266,87.45999908447266,87.45999908447266,6,Cotton,CT=F
2012-05-03,87.23999786376953,88.04000091552734,87.4000015258789,88.04000091552734,7,Cotton,CT=F
2012-05-04,86.06999969482422,87.83000183105469,86.70999908447266,87.2300033569336,15,Cotton,CT=F
2012-05-07,84.83999633789062,84.83999633789062,84.83999633789062,84.83999633789062,1,Cotton,CT=F
2012-05-08,84.51000213623047,85.33999633789062,85.33999633789062,85.33999633789062,14384,Cotton,CT=F
2012-05-09,85.81999969482422,87.33999633789062,85.30999755859375,87.33999633789062,14499,Cotton,CT=F
2012-05-10,81.81999969482422,86.30000305175781,81.81999969482422,85.8499984741211,28100,Cotton,CT=F
2012-05-11,78.97000122070312,81.76000213623047,77.16000366210938,81.5,26753,Cotton,CT=F
2012-05-14,78.81999969482422,79.9000015258789,77.8499984741211,78.7699966430664,15066,Cotton,CT=F
2012-05-15,79.16000366210938,80.6500015258789,78.5,78.72000122070312,14218,Cotton,CT=F
2012-05-16,76.97000122070312,79.33999633789062,76.8499984741211,79.19999694824219,16869,Cotton,CT=F
2012-05-17,76.6500015258789,78.2300033569336,76.26000213623047,77.0999984741211,11245,Cotton,CT=F
2012-05-18,77.98999786376953,78.12000274658203,76.47000122070312,76.75,9748,Cotton,CT=F
2012-05-21,77.5199966430664,79.05000305175781,76.48999786376953,77.98999786376953,12566,Cotton,CT=F
2012-05-22,74.5199966430664,78.01000213623047,74.5199966430664,77.8499984741211,14060,Cotton,CT=F
2012-05-23,71.51000213623047,74.26000213623047,70.52999877929688,74.1500015258789,19548,Cotton,CT=F
2012-05-24,73.94000244140625,74.5,71.87000274658203,72.0,16277,Cotton,CT=F
2012-05-25,73.62000274658203,74.76000213623047,72.6500015258789,74.30000305175781,0,Cotton,CT=F
2012-05-29,72.80000305175781,75.33000183105469,72.44999694824219,73.6500015258789,13381,Cotton,CT=F
2012-05-30,70.91000366210938,73.1500015258789,70.37999725341797,72.43000030517578,22236,Cotton,CT=F
2012-05-31,71.55000305175781,71.75,70.62000274658203,71.3499984741211,17611,Cotton,CT=F
2012-06-01,68.58999633789062,71.8499984741211,68.55000305175781,71.7300033569336,19847,Cotton,CT=F
2012-06-04,68.52999877929688,69.05999755859375,66.0999984741211,68.58999633789062,15999,Cotton,CT=F
2012-06-05,66.88999938964844,69.8499984741211,66.79000091552734,68.45999908447266,14678,Cotton,CT=F
2012-06-06,69.88999938964844,69.88999938964844,67.0999984741211,67.0999984741211,12304,Cotton,CT=F
2012-06-07,73.88999938964844,73.88999938964844,70.43000030517578,70.66000366210938,21433,Cotton,CT=F
2012-06-08,72.9000015258789,74.87999725341797,70.79000091552734,74.80000305175781,33782,Cotton,CT=F
2012-06-11,75.08999633789062,75.73999786376953,73.2699966430664,74.25,24880,Cotton,CT=F
2012-06-12,75.56999969482422,76.41999816894531,74.08999633789062,75.0,22701,Cotton,CT=F
2012-06-13,75.08999633789062,76.3499984741211,74.25,75.6500015258789,17800,Cotton,CT=F
2012-06-14,78.08999633789062,78.08999633789062,74.66000366210938,75.1500015258789,21462,Cotton,CT=F
2012-06-15,79.9800033569336,81.37000274658203,79.37000274658203,79.98999786376953,23806,Cotton,CT=F
2012-06-18,82.9800033569336,82.9800033569336,79.9800033569336,80.05000305175781,12498,Cotton,CT=F
2012-06-19,87.9800033569336,87.9800033569336,83.5,83.5,18191,Cotton,CT=F
2012-06-20,83.16999816894531,89.4800033569336,82.9800033569336,89.37999725341797,16640,Cotton,CT=F
2012-06-21,78.16999816894531,82.5,78.16999816894531,82.5,5096,Cotton,CT=F
2012-06-22,74.16999816894531,74.16999816894531,74.16999816894531,74.16999816894531,4570,Cotton,CT=F
2012-06-25,70.45999908447266,72.5,68.2300033569336,70.70999908447266,193,Cotton,CT=F
2012-06-26,68.30999755859375,70.62999725341797,68.30999755859375,70.3499984741211,31,Cotton,CT=F
2012-06-27,68.01000213623047,69.94999694824219,69.44999694824219,69.44999694824219,33,Cotton,CT=F
2012-06-28,70.30000305175781,69.5999984741211,67.69999694824219,68.5,40,Cotton,CT=F
2012-06-29,72.16000366210938,71.52999877929688,70.9800033569336,70.9800033569336,11,Cotton,CT=F
2012-07-02,72.1500015258789,72.1500015258789,72.1500015258789,72.1500015258789,11,Cotton,CT=F
2012-07-03,72.75,72.75,72.75,72.75,11,Cotton,CT=F
2012-07-05,70.91999816894531,70.91999816894531,70.91999816894531,70.91999816894531,11,Cotton,CT=F
2012-07-06,70.77999877929688,71.86000061035156,71.86000061035156,71.86000061035156,17,Cotton,CT=F
2012-07-09,70.83999633789062,70.83999633789062,70.83999633789062,70.83999633789062,68,Cotton,CT=F
2012-07-10,70.06999969482422,71.20999908447266,70.19999694824219,70.72000122070312,59,Cotton,CT=F
2012-07-11,70.63999938964844,71.41999816894531,69.45999908447266,70.45999908447266,265,Cotton,CT=F
2012-07-12,69.36000061035156,70.93000030517578,69.0999984741211,70.8499984741211,116,Cotton,CT=F
2012-07-13,71.76000213623047,71.88999938964844,69.80000305175781,69.80000305175781,146,Cotton,CT=F
2012-07-16,72.30000305175781,72.2699966430664,71.41999816894531,71.7300033569336,59,Cotton,CT=F
2012-07-17,70.11000061035156,71.81999969482422,70.01000213623047,71.77999877929688,82,Cotton,CT=F
2012-07-18,71.0999984741211,71.9000015258789,69.72000122070312,70.0,99,Cotton,CT=F
2012-07-19,71.79000091552734,72.19999694824219,71.05999755859375,71.16999816894531,114,Cotton,CT=F
2012-07-20,72.05999755859375,72.1500015258789,71.54000091552734,71.79000091552734,51,Cotton,CT=F
2012-07-23,71.3499984741211,71.8499984741211,70.62000274658203,71.73999786376953,50,Cotton,CT=F
2012-07-24,70.29000091552734,71.52999877929688,69.88999938964844,71.0,49,Cotton,CT=F
2012-07-25,69.0999984741211,70.81999969482422,68.94999694824219,70.81999969482422,69,Cotton,CT=F
2012-07-26,70.68000030517578,71.20999908447266,69.2300033569336,69.5999984741211,76,Cotton,CT=F
2012-07-27,70.7300033569336,71.98999786376953,70.3499984741211,70.37999725341797,94,Cotton,CT=F
2012-07-30,70.62000274658203,71.19999694824219,70.19000244140625,70.77999877929688,80,Cotton,CT=F
2012-07-31,70.58000183105469,71.4000015258789,70.22000122070312,71.22000122070312,54,Cotton,CT=F
2012-08-01,70.05999755859375,71.06999969482422,70.1500015258789,70.61000061035156,32,Cotton,CT=F
2012-08-02,70.44000244140625,70.47000122070312,69.86000061035156,70.11000061035156,26,Cotton,CT=F
2012-08-03,73.22000122070312,73.44000244140625,70.2699966430664,70.41000366210938,73,Cotton,CT=F
2012-08-06,75.12000274658203,74.9800033569336,73.01000213623047,73.02999877929688,65,Cotton,CT=F
2012-08-07,74.95999908447266,75.56999969482422,74.38999938964844,74.41000366210938,70,Cotton,CT=F
2012-08-08,75.5,75.80000305175781,73.86000061035156,74.87999725341797,54,Cotton,CT=F
2012-08-09,75.58999633789062,76.19999694824219,75.12000274658203,75.12000274658203,55,Cotton,CT=F
2012-08-10,72.9000015258789,75.5199966430664,72.68000030517578,75.5199966430664,128,Cotton,CT=F
2012-08-13,71.30000305175781,73.0999984741211,71.16999816894531,73.0999984741211,61,Cotton,CT=F
2012-08-14,71.58999633789062,72.30000305175781,71.37999725341797,72.19000244140625,26,Cotton,CT=F
2012-08-15,72.70999908447266,72.95999908447266,71.66999816894531,72.62000274658203,74,Cotton,CT=F
2012-08-16,72.37000274658203,72.86000061035156,72.19000244140625,72.69999694824219,35,Cotton,CT=F
2012-08-17,72.66000366210938,73.5,72.36000061035156,72.36000061035156,41,Cotton,CT=F
2012-08-20,74.16999816894531,74.69999694824219,72.76000213623047,72.77999877929688,39,Cotton,CT=F
2012-08-21,76.44999694824219,76.44999694824219,74.0,74.0,45,Cotton,CT=F
2012-08-22,76.06999969482422,76.0,74.4000015258789,75.91999816894531,64,Cotton,CT=F
2012-08-23,75.9000015258789,75.93000030517578,74.98999786376953,75.0,16,Cotton,CT=F
2012-08-24,74.44999694824219,75.97000122070312,74.05000305175781,75.31999969482422,63,Cotton,CT=F
2012-08-27,75.33000183105469,75.4800033569336,74.87000274658203,75.19999694824219,13,Cotton,CT=F
2012-08-28,74.79000091552734,74.88999938964844,74.5,74.7699966430664,17,Cotton,CT=F
2012-08-29,75.83000183105469,75.87000274658203,74.79000091552734,74.79000091552734,21,Cotton,CT=F
2012-08-30,76.1500015258789,76.4800033569336,75.29000091552734,75.61000061035156,25,Cotton,CT=F
2012-08-31,76.4800033569336,76.41999816894531,76.0199966430664,76.0999984741211,0,Cotton,CT=F
2012-09-04,75.02999877929688,76.55999755859375,74.69999694824219,76.55000305175781,39,Cotton,CT=F
2012-09-05,74.88999938964844,75.52999877929688,74.2699966430664,75.38999938964844,43,Cotton,CT=F
2012-09-06,75.58999633789062,75.5999984741211,74.94999694824219,75.41999816894531,44,Cotton,CT=F
2012-09-07,75.72000122070312,76.5,75.37000274658203,75.5999984741211,48,Cotton,CT=F
2012-09-10,74.9800033569336,75.93000030517578,74.98999786376953,75.73999786376953,15,Cotton,CT=F
2012-09-11,74.27999877929688,75.4000015258789,74.44999694824219,75.4000015258789,49,Cotton,CT=F
2012-09-12,72.83000183105469,75.0,72.41999816894531,74.66999816894531,49,Cotton,CT=F
2012-09-13,72.94999694824219,73.33999633789062,72.2699966430664,72.5999984741211,8,Cotton,CT=F
2012-09-14,75.38999938964844,75.47000122070312,73.6500015258789,73.6500015258789,51,Cotton,CT=F
2012-09-17,74.52999877929688,75.94000244140625,74.38999938964844,74.69999694824219,65,Cotton,CT=F
2012-09-18,74.9800033569336,75.37999725341797,74.94000244140625,75.33000183105469,34,Cotton,CT=F
2012-09-19,74.87999725341797,75.5,74.19999694824219,74.76000213623047,120,Cotton,CT=F
2012-09-20,73.73999786376953,74.44000244140625,73.70999908447266,74.44000244140625,20,Cotton,CT=F
2012-09-21,72.0,74.41999816894531,71.76000213623047,73.7699966430664,48,Cotton,CT=F
2012-09-24,71.01000213623047,72.25,71.25,72.0,8,Cotton,CT=F
2012-09-25,70.80999755859375,71.4000015258789,71.4000015258789,71.4000015258789,4,Cotton,CT=F
2012-09-26,69.5199966430664,69.5199966430664,69.5199966430664,69.5199966430664,8,Cotton,CT=F
2012-09-27,70.02999877929688,69.5,69.5,69.5,1,Cotton,CT=F
2012-09-28,69.1500015258789,70.62999725341797,70.62999725341797,70.62999725341797,2,Cotton,CT=F
2012-10-01,69.70999908447266,69.70999908447266,69.70999908447266,69.70999908447266,7,Cotton,CT=F
2012-10-02,70.30000305175781,70.30000305175781,70.30000305175781,70.30000305175781,7,Cotton,CT=F
2012-10-03,70.54000091552734,70.54000091552734,70.54000091552734,70.54000091552734,7,Cotton,CT=F
2012-10-04,70.4000015258789,70.4000015258789,70.4000015258789,70.4000015258789,7,Cotton,CT=F
2012-10-05,69.80000305175781,69.80000305175781,69.80000305175781,69.80000305175781,7,Cotton,CT=F
2012-10-08,70.43000030517578,70.5,70.0999984741211,70.0999984741211,4,Cotton,CT=F
2012-10-09,70.48999786376953,71.13999938964844,71.13999938964844,71.13999938964844,12049,Cotton,CT=F
2012-10-10,72.0999984741211,72.30999755859375,71.66000366210938,71.80999755859375,9836,Cotton,CT=F
2012-10-11,70.70999908447266,72.0,70.41000366210938,72.0,19584,Cotton,CT=F
2012-10-12,71.36000061035156,71.41999816894531,70.70999908447266,71.08000183105469,12284,Cotton,CT=F
2012-10-15,72.33999633789062,72.4000015258789,71.08999633789062,71.43000030517578,12283,Cotton,CT=F
2012-10-16,74.86000061035156,75.16999816894531,72.0,72.33999633789062,40295,Cotton,CT=F
2012-10-17,77.86000061035156,77.86000061035156,74.30000305175781,74.5999984741211,39246,Cotton,CT=F
2012-10-18,77.72000122070312,79.19000244140625,74.86000061035156,78.0999984741211,50431,Cotton,CT=F
2012-10-19,76.87999725341797,77.91999816894531,76.5199966430664,77.72000122070312,15349,Cotton,CT=F
2012-10-22,76.93000030517578,77.62999725341797,76.44999694824219,76.80000305175781,13643,Cotton,CT=F
2012-10-23,74.2699966430664,77.0,73.93000030517578,77.0,20023,Cotton,CT=F
2012-10-24,72.66999816894531,74.33999633789062,72.05999755859375,74.30000305175781,20259,Cotton,CT=F
2012-10-25,72.7300033569336,73.5,72.18000030517578,72.37999725341797,11448,Cotton,CT=F
2012-10-26,72.41999816894531,73.19000244140625,72.20999908447266,72.94999694824219,8734,Cotton,CT=F
2012-10-31,70.06999969482422,71.86000061035156,69.83000183105469,70.91999816894531,26554,Cotton,CT=F
2012-11-01,70.20999908447266,70.75,69.80000305175781,70.33999633789062,20359,Cotton,CT=F
2012-11-02,70.3499984741211,70.54000091552734,69.66000366210938,70.27999877929688,13790,Cotton,CT=F
2012-11-05,70.4000015258789,70.52999877929688,69.94999694824219,70.19999694824219,13328,Cotton,CT=F
2012-11-06,70.0999984741211,71.0999984741211,70.01000213623047,70.4000015258789,16275,Cotton,CT=F
2012-11-07,69.83000183105469,70.54000091552734,69.80000305175781,70.08000183105469,19384,Cotton,CT=F
2012-11-08,69.26000213623047,70.25,69.02999877929688,70.0,31178,Cotton,CT=F
2012-11-09,69.58000183105469,70.0199966430664,69.11000061035156,69.47000122070312,31079,Cotton,CT=F
2012-11-12,70.87999725341797,71.69000244140625,69.5999984741211,69.79000091552734,30647,Cotton,CT=F
2012-11-13,70.80999755859375,71.27999877929688,70.41000366210938,70.62999725341797,19644,Cotton,CT=F
2012-11-14,71.62999725341797,71.8499984741211,70.56999969482422,70.69999694824219,10968,Cotton,CT=F
2012-11-15,73.95999908447266,74.62999725341797,71.51000213623047,71.51000213623047,18139,Cotton,CT=F
2012-11-16,72.7300033569336,74.47000122070312,72.18000030517578,73.76000213623047,11861,Cotton,CT=F
2012-11-19,72.05000305175781,73.26000213623047,71.95999908447266,72.58000183105469,6154,Cotton,CT=F
2012-11-20,72.5,72.83999633789062,71.70999908447266,71.98999786376953,10315,Cotton,CT=F
2012-11-21,72.37999725341797,72.8499984741211,72.0999984741211,72.5,0,Cotton,CT=F
2012-11-23,69.83000183105469,72.37000274658203,69.5,72.25,4530,Cotton,CT=F
2012-11-26,71.26000213623047,71.76000213623047,70.12999725341797,70.44999694824219,197,Cotton,CT=F
2012-11-27,71.04000091552734,71.4800033569336,71.26000213623047,71.4800033569336,51,Cotton,CT=F
2012-11-28,71.2300033569336,71.30000305175781,70.70999908447266,70.70999908447266,39,Cotton,CT=F
2012-11-29,71.75,72.44999694824219,71.7300033569336,71.7300033569336,19,Cotton,CT=F
2012-11-30,72.6500015258789,72.4800033569336,72.08000183105469,72.08000183105469,22,Cotton,CT=F
2012-12-03,72.93000030517578,73.30000305175781,72.9000015258789,73.08999633789062,73,Cotton,CT=F
2012-12-04,71.91000366210938,72.01000213623047,71.63999938964844,71.94000244140625,10,Cotton,CT=F
2012-12-05,72.04000091552734,71.88999938964844,71.72000122070312,71.86000061035156,12,Cotton,CT=F
2012-12-06,72.23999786376953,72.29000091552734,72.25,72.25,10148,Cotton,CT=F
2012-12-07,73.79000091552734,73.91999816894531,73.0999984741211,73.54000091552734,8280,Cotton,CT=F
2012-12-10,73.4000015258789,74.33000183105469,73.2699966430664,73.8499984741211,10280,Cotton,CT=F
2012-12-11,74.9000015258789,74.98999786376953,73.37000274658203,73.41000366210938,19135,Cotton,CT=F
2012-12-12,75.12000274658203,75.52999877929688,74.52999877929688,74.73999786376953,16623,Cotton,CT=F
2012-12-13,74.55999755859375,75.19999694824219,74.37000274658203,75.0,12094,Cotton,CT=F
2012-12-14,75.08999633789062,75.16000366210938,74.4000015258789,74.5,10225,Cotton,CT=F
2012-12-17,75.8499984741211,76.25,75.01000213623047,75.01000213623047,15959,Cotton,CT=F
2012-12-18,75.94999694824219,76.29000091552734,75.25,75.7699966430664,10980,Cotton,CT=F
2012-12-19,75.88999938964844,76.05000305175781,75.41000366210938,75.94999694824219,7102,Cotton,CT=F
2012-12-20,75.83000183105469,75.87999725341797,75.05000305175781,75.76000213623047,10809,Cotton,CT=F
2012-12-21,76.18000030517578,76.27999877929688,75.29000091552734,75.5999984741211,8369,Cotton,CT=F
2012-12-24,76.4000015258789,76.5,75.98999786376953,76.18000030517578,0,Cotton,CT=F
2012-12-26,77.05999755859375,77.06999969482422,76.4000015258789,76.51000213623047,8091,Cotton,CT=F
2012-12-27,76.01000213623047,77.0999984741211,75.41999816894531,77.05999755859375,12362,Cotton,CT=F
2012-12-28,74.66000366210938,76.01000213623047,74.62000274658203,75.87999725341797,14499,Cotton,CT=F
2012-12-31,75.13999938964844,75.80999755859375,74.6500015258789,74.70999908447266,9050,Cotton,CT=F
2013-01-02,75.36000061035156,76.94999694824219,74.91000366210938,75.75,19174,Cotton,CT=F
2013-01-03,75.38999938964844,76.33999633789062,75.04000091552734,75.36000061035156,14431,Cotton,CT=F
2013-01-04,75.05000305175781,75.81999969482422,73.72000122070312,75.6500015258789,23658,Cotton,CT=F
2013-01-07,75.70999908447266,75.87000274658203,74.63999938964844,75.1500015258789,12385,Cotton,CT=F
2013-01-08,75.12000274658203,75.86000061035156,74.94000244140625,75.69999694824219,15354,Cotton,CT=F
2013-01-09,74.79000091552734,75.5,74.5999984741211,75.19999694824219,14329,Cotton,CT=F
2013-01-10,75.19999694824219,75.33000183105469,74.55000305175781,74.88999938964844,10664,Cotton,CT=F
2013-01-11,75.62000274658203,76.44000244140625,74.4000015258789,75.02999877929688,22215,Cotton,CT=F
2013-01-14,75.5199966430664,76.02999877929688,75.12000274658203,75.62000274658203,11905,Cotton,CT=F
2013-01-15,76.20999908447266,76.30000305175781,75.55000305175781,75.55000305175781,12828,Cotton,CT=F
2013-01-16,77.33000183105469,77.77999877929688,76.0999984741211,76.12000274658203,28335,Cotton,CT=F
2013-01-17,77.77999877929688,78.18000030517578,76.87999725341797,77.2699966430664,19075,Cotton,CT=F
2013-01-18,78.55000305175781,78.87999725341797,77.55000305175781,77.75,0,Cotton,CT=F
2013-01-22,79.93000030517578,80.19999694824219,78.22000122070312,78.4000015258789,30800,Cotton,CT=F
2013-01-23,80.4800033569336,80.51000213623047,78.94000244140625,79.9000015258789,23867,Cotton,CT=F
2013-01-24,82.88999938964844,84.0,80.0,80.0999984741211,42327,Cotton,CT=F
2013-01-25,80.5199966430664,82.75,80.4000015258789,82.33000183105469,25487,Cotton,CT=F
2013-01-28,81.05000305175781,81.37999725341797,80.18000030517578,80.72000122070312,14720,Cotton,CT=F
2013-01-29,82.38999938964844,83.87999725341797,81.44999694824219,81.44999694824219,24204,Cotton,CT=F
2013-01-30,82.95999908447266,83.08999633789062,82.05000305175781,82.30999755859375,16089,Cotton,CT=F
2013-01-31,82.94999694824219,83.33999633789062,82.08000183105469,82.95999908447266,19133,Cotton,CT=F
2013-02-01,82.9800033569336,83.44999694824219,82.30000305175781,83.0999984741211,23379,Cotton,CT=F
2013-02-04,81.73999786376953,82.9000015258789,81.30000305175781,82.9000015258789,24415,Cotton,CT=F
2013-02-05,81.51000213623047,81.87999725341797,80.79000091552734,81.6500015258789,18561,Cotton,CT=F
2013-02-06,81.72000122070312,81.95999908447266,80.98999786376953,81.70999908447266,15068,Cotton,CT=F
2013-02-07,81.4000015258789,82.12999725341797,80.5999984741211,81.51000213623047,30758,Cotton,CT=F
2013-02-08,82.66999816894531,83.02999877929688,81.01000213623047,81.2699966430664,29576,Cotton,CT=F
2013-02-11,82.91999816894531,83.31999969482422,82.2300033569336,82.55000305175781,25399,Cotton,CT=F
2013-02-12,81.80999755859375,82.9000015258789,81.5199966430664,82.9000015258789,26148,Cotton,CT=F
2013-02-13,80.81999969482422,81.69999694824219,80.05000305175781,81.69999694824219,27508,Cotton,CT=F
2013-02-14,81.0199966430664,81.63999938964844,80.63999938964844,80.75,16839,Cotton,CT=F
2013-02-15,81.31999969482422,82.12000274658203,80.55000305175781,81.06999969482422,0,Cotton,CT=F
2013-02-19,82.18000030517578,82.94999694824219,81.22000122070312,81.5,11284,Cotton,CT=F
2013-02-20,82.27999877929688,83.25,81.87999725341797,82.0999984741211,8862,Cotton,CT=F
2013-02-21,81.30999755859375,82.5999984741211,81.19999694824219,82.0999984741211,5510,Cotton,CT=F
2013-02-22,81.38999938964844,82.23999786376953,81.12000274658203,81.30000305175781,147,Cotton,CT=F
2013-02-25,80.22000122070312,81.69000244140625,80.33999633789062,81.23999786376953,320,Cotton,CT=F
2013-02-26,80.33000183105469,81.0999984741211,80.05999755859375,80.7699966430664,135,Cotton,CT=F
2013-02-27,82.7300033569336,83.25,81.5999984741211,81.61000061035156,20,Cotton,CT=F
2013-02-28,83.55999755859375,84.36000061035156,81.9000015258789,82.55000305175781,34,Cotton,CT=F
2013-03-01,83.68000030517578,84.05000305175781,83.4000015258789,83.9800033569336,9,Cotton,CT=F
2013-03-04,84.91000366210938,84.88999938964844,84.30000305175781,84.30000305175781,24,Cotton,CT=F
2013-03-05,85.97000122070312,86.13999938964844,85.68000030517578,86.13999938964844,66,Cotton,CT=F
2013-03-06,86.2300033569336,86.08999633789062,86.08999633789062,86.08999633789062,12436,Cotton,CT=F
2013-03-07,86.5,87.25,86.20999908447266,87.23999786376953,10935,Cotton,CT=F
2013-03-08,86.87999725341797,88.77999877929688,86.0999984741211,86.16999816894531,20996,Cotton,CT=F
2013-03-11,86.72000122070312,87.41000366210938,85.58999633789062,86.91999816894531,12421,Cotton,CT=F
2013-03-12,87.33000183105469,87.73999786376953,86.2300033569336,86.5999984741211,9488,Cotton,CT=F
2013-03-13,88.61000061035156,89.1500015258789,87.19999694824219,87.19999694824219,17083,Cotton,CT=F
2013-03-14,90.86000061035156,91.16999816894531,88.30999755859375,88.45999908447266,19526,Cotton,CT=F
2013-03-15,92.5,93.93000030517578,90.5,90.86000061035156,21647,Cotton,CT=F
2013-03-18,90.83000183105469,92.5,89.80000305175781,92.41000366210938,14836,Cotton,CT=F
2013-03-19,91.12999725341797,91.66999816894531,90.44999694824219,90.83000183105469,9216,Cotton,CT=F
2013-03-20,89.0999984741211,91.77999877929688,88.16999816894531,91.13999938964844,18741,Cotton,CT=F
2013-03-21,88.19999694824219,89.0999984741211,87.95999908447266,89.0999984741211,13114,Cotton,CT=F
2013-03-22,87.29000091552734,88.83000183105469,87.11000061035156,88.23999786376953,12955,Cotton,CT=F
2013-03-25,86.58999633789062,87.38999938964844,86.12000274658203,87.30000305175781,13865,Cotton,CT=F
2013-03-26,88.04000091552734,88.87999725341797,86.51000213623047,86.62999725341797,14266,Cotton,CT=F
2013-03-27,88.52999877929688,88.66000366210938,87.12999725341797,87.80000305175781,11378,Cotton,CT=F
2013-03-28,88.45999908447266,90.2699966430664,87.93000030517578,88.44000244140625,0,Cotton,CT=F
2013-04-01,87.38999938964844,89.27999877929688,87.26000213623047,88.70999908447266,18429,Cotton,CT=F
2013-04-02,88.87000274658203,89.69000244140625,87.20999908447266,87.38999938964844,23999,Cotton,CT=F
2013-04-03,89.22000122070312,89.69999694824219,88.72000122070312,88.87000274658203,16153,Cotton,CT=F
2013-04-04,88.33000183105469,89.36000061035156,87.80999755859375,89.27999877929688,23059,Cotton,CT=F
2013-04-05,86.79000091552734,88.33000183105469,86.55999755859375,88.30000305175781,25767,Cotton,CT=F
2013-04-08,85.37999725341797,87.38999938964844,85.22000122070312,86.79000091552734,30096,Cotton,CT=F
2013-04-09,84.63999938964844,85.86000061035156,84.37999725341797,85.37999725341797,28880,Cotton,CT=F
2013-04-10,85.37000274658203,86.52999877929688,84.63999938964844,84.63999938964844,26996,Cotton,CT=F
2013-04-11,84.66000366210938,86.2699966430664,84.58999633789062,85.38999938964844,21884,Cotton,CT=F
2013-04-12,85.58000183105469,86.02999877929688,83.45999908447266,84.5999984741211,33137,Cotton,CT=F
2013-04-15,84.33000183105469,86.19999694824219,84.19000244140625,85.80999755859375,14263,Cotton,CT=F
2013-04-16,83.3499984741211,85.0,83.31999969482422,84.19000244140625,13823,Cotton,CT=F
2013-04-17,84.6500015258789,85.45999908447266,82.97000122070312,83.4000015258789,9405,Cotton,CT=F
2013-04-18,83.4800033569336,84.86000061035156,83.30999755859375,84.51000213623047,6788,Cotton,CT=F
2013-04-19,83.4800033569336,84.08999633789062,83.12000274658203,83.5,3302,Cotton,CT=F
2013-04-22,84.33000183105469,84.4000015258789,83.3499984741211,83.69999694824219,2611,Cotton,CT=F
2013-04-23,82.68000030517578,84.36000061035156,82.54000091552734,84.33000183105469,4732,Cotton,CT=F
2013-04-24,81.0999984741211,83.06999969482422,80.81999969482422,82.75,435,Cotton,CT=F
2013-04-25,81.33000183105469,81.76000213623047,81.20999908447266,81.20999908447266,55,Cotton,CT=F
2013-04-26,82.25,82.41999816894531,81.11000061035156,82.16999816894531,67,Cotton,CT=F
2013-04-29,83.5999984741211,84.0,82.5,84.0,14,Cotton,CT=F
2013-04-30,85.52999877929688,85.06999969482422,82.9800033569336,83.30000305175781,97,Cotton,CT=F
2013-05-01,82.08999633789062,85.68000030517578,82.5999984741211,85.68000030517578,23,Cotton,CT=F
2013-05-02,83.83000183105469,84.75,82.1500015258789,82.16999816894531,9,Cotton,CT=F
2013-05-03,84.72000122070312,84.36000061035156,84.36000061035156,84.36000061035156,6,Cotton,CT=F
2013-05-06,85.30999755859375,85.80000305175781,84.37000274658203,85.2699966430664,15,Cotton,CT=F
2013-05-07,86.01000213623047,86.0,85.6500015258789,85.68000030517578,30,Cotton,CT=F
2013-05-08,86.19999694824219,85.94000244140625,84.94999694824219,84.94999694824219,20916,Cotton,CT=F
2013-05-09,87.91999816894531,88.4000015258789,86.61000061035156,87.5999984741211,16217,Cotton,CT=F
2013-05-10,86.4800033569336,87.87999725341797,85.44999694824219,87.70999908447266,14987,Cotton,CT=F
2013-05-13,86.04000091552734,86.75,85.0,86.5199966430664,13096,Cotton,CT=F
2013-05-14,86.91999816894531,87.12000274658203,85.45999908447266,85.93000030517578,14132,Cotton,CT=F
2013-05-15,86.44999694824219,86.88999938964844,85.61000061035156,86.8499984741211,11281,Cotton,CT=F
2013-05-16,86.02999877929688,86.76000213623047,85.69999694824219,86.19999694824219,8674,Cotton,CT=F
2013-05-17,86.41000366210938,86.5,85.54000091552734,86.02999877929688,11852,Cotton,CT=F
2013-05-20,85.77999877929688,86.91000366210938,85.31999969482422,86.3499984741211,12783,Cotton,CT=F
2013-05-21,83.86000061035156,85.75,83.81999969482422,85.58000183105469,19561,Cotton,CT=F
2013-05-22,83.41999816894531,84.81999969482422,83.31999969482422,84.04000091552734,14630,Cotton,CT=F
2013-05-23,81.77999877929688,83.87999725341797,81.5199966430664,83.41999816894531,28020,Cotton,CT=F
2013-05-24,81.48999786376953,82.37999725341797,81.02999877929688,81.77999877929688,0,Cotton,CT=F
2013-05-28,81.41999816894531,82.93000030517578,81.33000183105469,81.5,14836,Cotton,CT=F
2013-05-29,80.69999694824219,81.70999908447266,80.61000061035156,81.62000274658203,14580,Cotton,CT=F
2013-05-30,80.12999725341797,81.75,79.87000274658203,80.8499984741211,25399,Cotton,CT=F
2013-05-31,79.36000061035156,80.55999755859375,79.30000305175781,80.12999725341797,18281,Cotton,CT=F
2013-06-03,82.36000061035156,82.36000061035156,79.31999969482422,79.45999908447266,22638,Cotton,CT=F
2013-06-04,84.55999755859375,86.37999725341797,81.80000305175781,82.69999694824219,37456,Cotton,CT=F
2013-06-05,83.5199966430664,84.75,83.25,84.44999694824219,16510,Cotton,CT=F
2013-06-06,84.87000274658203,84.9800033569336,82.7300033569336,83.4000015258789,20670,Cotton,CT=F
2013-06-07,84.86000061035156,85.98999786376953,84.30999755859375,84.80000305175781,24490,Cotton,CT=F
2013-06-10,86.6500015258789,86.9000015258789,84.58999633789062,84.75,24144,Cotton,CT=F
2013-06-11,88.05999755859375,90.48999786376953,86.45999908447266,86.80000305175781,38886,Cotton,CT=F
2013-06-12,90.05999755859375,90.30999755859375,86.87999725341797,88.16999816894531,28544,Cotton,CT=F
2013-06-13,91.72000122070312,91.81999969482422,88.43000030517578,90.0,32773,Cotton,CT=F
2013-06-14,91.29000091552734,92.58000183105469,90.06999969482422,91.5,27103,Cotton,CT=F
2013-06-17,87.43000030517578,90.41000366210938,87.29000091552734,90.41000366210938,30873,Cotton,CT=F
2013-06-18,84.9800033569336,87.19999694824219,85.0,87.19999694824219,6933,Cotton,CT=F
2013-06-19,85.4000015258789,85.93000030517578,84.4000015258789,85.0199966430664,3924,Cotton,CT=F
2013-06-20,84.91999816894531,86.20999908447266,84.3499984741211,86.20999908447266,5224,Cotton,CT=F
2013-06-21,85.1500015258789,85.58999633789062,84.20999908447266,84.51000213623047,6230,Cotton,CT=F
2013-06-24,82.9800033569336,85.77999877929688,82.37999725341797,85.77999877929688,333,Cotton,CT=F
2013-06-25,85.08999633789062,84.44999694824219,83.16999816894531,84.04000091552734,28,Cotton,CT=F
2013-06-26,83.68000030517578,85.0999984741211,83.80000305175781,85.0999984741211,76,Cotton,CT=F
2013-06-27,83.12999725341797,83.79000091552734,83.2699966430664,83.2699966430664,546,Cotton,CT=F
2013-06-28,82.70999908447266,83.8499984741211,82.80999755859375,82.80999755859375,102,Cotton,CT=F
2013-07-01,84.29000091552734,82.75,82.73999786376953,82.75,5,Cotton,CT=F
2013-07-02,83.22000122070312,84.25,84.25,84.25,15,Cotton,CT=F
2013-07-03,84.38999938964844,84.38999938964844,84.38999938964844,84.38999938964844,1,Cotton,CT=F
2013-07-05,83.68000030517578,84.0,83.5,84.0,7,Cotton,CT=F
2013-07-08,83.83000183105469,83.75,83.45999908447266,83.75,10,Cotton,CT=F
2013-07-09,83.9000015258789,84.19000244140625,83.9000015258789,84.19000244140625,53,Cotton,CT=F
2013-07-10,87.30000305175781,87.0,86.5,86.5,7,Cotton,CT=F
2013-07-11,85.18000030517578,87.81999969482422,85.69999694824219,87.36000061035156,34,Cotton,CT=F
2013-07-12,85.12999725341797,85.19999694824219,84.41999816894531,85.19999694824219,32,Cotton,CT=F
2013-07-15,85.3499984741211,85.4800033569336,84.30000305175781,84.98999786376953,21,Cotton,CT=F
2013-07-16,84.66999816894531,84.66999816894531,84.66999816894531,84.66999816894531,21,Cotton,CT=F
2013-07-17,84.06999969482422,84.30000305175781,84.05000305175781,84.30000305175781,8,Cotton,CT=F
2013-07-18,84.98999786376953,85.5,83.55000305175781,83.95999908447266,33,Cotton,CT=F
2013-07-19,86.5199966430664,86.41999816894531,85.22000122070312,85.22000122070312,7,Cotton,CT=F
2013-07-22,86.38999938964844,86.25,86.16999816894531,86.16999816894531,6,Cotton,CT=F
2013-07-23,86.01000213623047,86.25,85.0999984741211,86.25,5,Cotton,CT=F
2013-07-24,86.16000366210938,86.16000366210938,86.16000366210938,86.16000366210938,5,Cotton,CT=F
2013-07-25,86.19000244140625,86.37000274658203,86.37000274658203,86.37000274658203,8,Cotton,CT=F
2013-07-26,85.37000274658203,86.33999633789062,85.13999938964844,86.33999633789062,15,Cotton,CT=F
2013-07-29,84.8499984741211,85.55999755859375,84.98999786376953,85.55999755859375,4,Cotton,CT=F
2013-07-30,85.4800033569336,85.5199966430664,85.08999633789062,85.16000366210938,10,Cotton,CT=F
2013-07-31,85.62999725341797,85.5999984741211,85.18000030517578,85.55000305175781,17,Cotton,CT=F
2013-08-01,85.87999725341797,85.6500015258789,85.16999816894531,85.37999725341797,10,Cotton,CT=F
2013-08-02,85.31999969482422,85.7300033569336,85.08000183105469,85.55000305175781,8,Cotton,CT=F
2013-08-05,85.4000015258789,85.7699966430664,85.25,85.25,7,Cotton,CT=F
2013-08-06,85.81999969482422,85.75,85.75,85.75,1,Cotton,CT=F
2013-08-07,88.52999877929688,88.55999755859375,86.19999694824219,86.19999694824219,27,Cotton,CT=F
2013-08-08,89.37999725341797,89.44999694824219,88.52999877929688,88.72000122070312,50,Cotton,CT=F
2013-08-09,89.05000305175781,89.12999725341797,88.86000061035156,89.12999725341797,18,Cotton,CT=F
2013-08-12,90.05999755859375,90.0,89.0199966430664,89.0199966430664,23,Cotton,CT=F
2013-08-13,91.58999633789062,92.0,90.06999969482422,90.19999694824219,20,Cotton,CT=F
2013-08-14,91.44999694824219,92.0,90.9800033569336,91.48999786376953,15,Cotton,CT=F
2013-08-15,91.63999938964844,91.62000274658203,90.75,90.75,8,Cotton,CT=F
2013-08-16,93.4000015258789,93.9000015258789,92.0,92.0,36,Cotton,CT=F
2013-08-19,92.76000213623047,93.4000015258789,92.5999984741211,93.4000015258789,20,Cotton,CT=F
2013-08-20,88.76000213623047,92.0,88.76000213623047,92.0,62,Cotton,CT=F
2013-08-21,83.91000366210938,88.0999984741211,83.83999633789062,87.94999694824219,83,Cotton,CT=F
2013-08-22,83.94999694824219,84.55999755859375,83.81999969482422,84.0,33,Cotton,CT=F
2013-08-23,84.23999786376953,85.22000122070312,85.0,85.0,44,Cotton,CT=F
2013-08-26,85.25,85.25,85.05000305175781,85.05999755859375,5,Cotton,CT=F
2013-08-27,84.5,85.36000061035156,85.30000305175781,85.30000305175781,3,Cotton,CT=F
2013-08-28,84.01000213623047,85.12000274658203,83.86000061035156,85.12000274658203,5,Cotton,CT=F
2013-08-29,83.5999984741211,84.05000305175781,84.0,84.01000213623047,13,Cotton,CT=F
2013-08-30,83.69999694824219,83.87999725341797,83.01000213623047,83.5,0,Cotton,CT=F
2013-09-03,82.81999969482422,84.0,82.80000305175781,83.94000244140625,6,Cotton,CT=F
2013-09-04,82.83000183105469,83.0,82.75,83.0,26,Cotton,CT=F
2013-09-05,82.4000015258789,82.8499984741211,82.30000305175781,82.70999908447266,36,Cotton,CT=F
2013-09-06,83.23999786376953,83.0999984741211,83.0,83.0,3,Cotton,CT=F
2013-09-09,83.70999908447266,84.18000030517578,83.11000061035156,83.11000061035156,18,Cotton,CT=F
2013-09-10,84.8499984741211,84.73999786376953,83.9000015258789,83.9000015258789,6,Cotton,CT=F
2013-09-11,84.80000305175781,85.01000213623047,84.5999984741211,84.5999984741211,4,Cotton,CT=F
2013-09-12,85.87999725341797,86.0,85.0,85.05000305175781,19,Cotton,CT=F
2013-09-13,85.20999908447266,85.79000091552734,85.0199966430664,85.79000091552734,29,Cotton,CT=F
2013-09-16,85.0,84.91000366210938,84.80000305175781,84.80000305175781,10,Cotton,CT=F
2013-09-17,84.7699966430664,85.12000274658203,84.83000183105469,85.12000274658203,16,Cotton,CT=F
2013-09-18,85.7300033569336,85.5,84.63999938964844,84.63999938964844,4,Cotton,CT=F
2013-09-19,85.33999633789062,85.5,85.0999984741211,85.5,7,Cotton,CT=F
2013-09-20,83.33000183105469,84.87999725341797,82.83999633789062,84.87999725341797,64,Cotton,CT=F
2013-09-23,83.01000213623047,83.51000213623047,82.83999633789062,82.87000274658203,39,Cotton,CT=F
2013-09-24,83.43000030517578,84.33999633789062,83.26000213623047,83.26000213623047,2,Cotton,CT=F
2013-09-25,83.7300033569336,83.7300033569336,83.7300033569336,83.7300033569336,2,Cotton,CT=F
2013-09-26,84.5,84.69000244140625,84.69000244140625,84.69000244140625,1,Cotton,CT=F
2013-09-27,85.66000366210938,85.66000366210938,85.66000366210938,85.66000366210938,1,Cotton,CT=F
2013-09-30,86.11000061035156,86.11000061035156,86.11000061035156,86.11000061035156,1,Cotton,CT=F
2013-10-01,84.94999694824219,86.36000061035156,84.36000061035156,86.11000061035156,3,Cotton,CT=F
2013-10-02,85.22000122070312,85.22000122070312,85.22000122070312,85.22000122070312,1,Cotton,CT=F
2013-10-03,85.79000091552734,85.79000091552734,85.79000091552734,85.79000091552734,1,Cotton,CT=F
2013-10-04,85.83000183105469,85.83000183105469,85.83000183105469,85.83000183105469,1,Cotton,CT=F
2013-10-07,82.56999969482422,82.56999969482422,82.56999969482422,82.56999969482422,1,Cotton,CT=F
2013-10-08,82.19000244140625,82.19000244140625,82.19000244140625,82.19000244140625,1,Cotton,CT=F
2013-10-09,81.94999694824219,81.94999694824219,81.94999694824219,81.94999694824219,14966,Cotton,CT=F
2013-10-10,83.16999816894531,84.26000213623047,83.12999725341797,83.33999633789062,10708,Cotton,CT=F
2013-10-11,83.37000274658203,84.08999633789062,83.16999816894531,83.2699966430664,10524,Cotton,CT=F
2013-10-14,83.61000061035156,83.97000122070312,83.37999725341797,83.51000213623047,7180,Cotton,CT=F
2013-10-15,83.70999908447266,84.08000183105469,83.41999816894531,83.80000305175781,8470,Cotton,CT=F
2013-10-16,83.16000366210938,83.9800033569336,82.93000030517578,83.75,11076,Cotton,CT=F
2013-10-17,83.81999969482422,83.91999816894531,82.56999969482422,83.25,11992,Cotton,CT=F
2013-10-18,83.11000061035156,84.4000015258789,82.83000183105469,83.8499984741211,11666,Cotton,CT=F
2013-10-21,83.05999755859375,83.4000015258789,82.80000305175781,83.11000061035156,8956,Cotton,CT=F
2013-10-22,82.44999694824219,83.11000061035156,82.44000244140625,83.05999755859375,8481,Cotton,CT=F
2013-10-23,80.69000244140625,82.83999633789062,80.5199966430664,82.5,26893,Cotton,CT=F
2013-10-24,79.20999908447266,80.8499984741211,78.76000213623047,80.80999755859375,21643,Cotton,CT=F
2013-10-25,79.08000183105469,80.13999938964844,78.80999755859375,79.20999908447266,19020,Cotton,CT=F
2013-10-28,78.6500015258789,79.48999786376953,78.5199966430664,79.08000183105469,15446,Cotton,CT=F
2013-10-29,78.33999633789062,78.9800033569336,78.29000091552734,78.80000305175781,13344,Cotton,CT=F
2013-10-30,77.83999633789062,78.7300033569336,77.68000030517578,78.37999725341797,18488,Cotton,CT=F
2013-10-31,77.18000030517578,79.08999633789062,77.11000061035156,77.95999908447266,23661,Cotton,CT=F
2013-11-01,76.58000183105469,77.62999725341797,76.54000091552734,77.1500015258789,12945,Cotton,CT=F
2013-11-04,75.94999694824219,77.12000274658203,75.8499984741211,76.58000183105469,13637,Cotton,CT=F
2013-11-05,75.94000244140625,76.25,75.2699966430664,76.05999755859375,17113,Cotton,CT=F
2013-11-06,77.06999969482422,78.94000244140625,75.9800033569336,76.08999633789062,21894,Cotton,CT=F
2013-11-07,76.76000213623047,77.73999786376953,76.22000122070312,77.06999969482422,16765,Cotton,CT=F
2013-11-08,76.87999725341797,77.87999725341797,75.8499984741211,76.76000213623047,24094,Cotton,CT=F
2013-11-11,76.97000122070312,77.63999938964844,76.47000122070312,76.87999725341797,21841,Cotton,CT=F
2013-11-12,77.87999725341797,78.44000244140625,76.87999725341797,76.87999725341797,29015,Cotton,CT=F
2013-11-13,77.97000122070312,78.5,77.70999908447266,77.87999725341797,20727,Cotton,CT=F
2013-11-14,76.5199966430664,77.97000122070312,76.2699966430664,77.9000015258789,14528,Cotton,CT=F
2013-11-15,77.12000274658203,77.4000015258789,76.5199966430664,76.62000274658203,6444,Cotton,CT=F
2013-11-18,76.37000274658203,77.23999786376953,76.30000305175781,77.08999633789062,4974,Cotton,CT=F
2013-11-19,75.87999725341797,76.5999984741211,75.69999694824219,76.26000213623047,7864,Cotton,CT=F
2013-11-20,75.62999725341797,77.44000244140625,75.37999725341797,75.76000213623047,6461,Cotton,CT=F
2013-11-21,74.79000091552734,76.05000305175781,74.5,75.77999877929688,4280,Cotton,CT=F
2013-11-22,75.20999908447266,75.37999725341797,73.79000091552734,75.25,238,Cotton,CT=F
2013-11-25,76.95999908447266,77.0999984741211,75.63999938964844,75.69999694824219,188,Cotton,CT=F
2013-11-26,77.8499984741211,78.0,77.0999984741211,77.0999984741211,57,Cotton,CT=F
2013-11-27,76.75,77.69999694824219,76.70999908447266,77.62999725341797,0,Cotton,CT=F
2013-11-29,78.13999938964844,77.05000305175781,77.05000305175781,77.05000305175781,15,Cotton,CT=F
2013-12-02,77.2699966430664,78.08999633789062,77.01000213623047,77.72000122070312,22,Cotton,CT=F
2013-12-03,77.41000366210938,77.41000366210938,77.41000366210938,77.41000366210938,12,Cotton,CT=F
2013-12-04,78.0199966430664,78.25,77.2699966430664,77.52999877929688,19,Cotton,CT=F
2013-12-05,77.81999969482422,78.23999786376953,76.83000183105469,77.62000274658203,30,Cotton,CT=F
2013-12-06,79.37999725341797,79.37999725341797,79.37999725341797,79.37999725341797,18495,Cotton,CT=F
2013-12-09,80.36000061035156,80.75,80.05000305175781,80.31999969482422,9929,Cotton,CT=F
2013-12-10,80.69000244140625,80.79000091552734,79.76000213623047,80.45999908447266,10019,Cotton,CT=F
2013-12-11,82.48999786376953,82.93000030517578,80.58000183105469,80.66999816894531,20681,Cotton,CT=F
2013-12-12,83.05999755859375,83.12999725341797,81.69000244140625,82.25,16125,Cotton,CT=F
2013-12-13,83.22000122070312,83.41999816894531,82.47000122070312,83.04000091552734,13640,Cotton,CT=F
2013-12-16,83.37999725341797,83.41999816894531,82.33999633789062,83.20999908447266,8935,Cotton,CT=F
2013-12-17,82.94999694824219,83.72000122070312,82.63999938964844,83.2699966430664,9410,Cotton,CT=F
2013-12-18,83.0,83.19999694824219,82.5,82.94999694824219,11256,Cotton,CT=F
2013-12-19,83.33000183105469,83.62000274658203,82.9000015258789,83.0,6247,Cotton,CT=F
2013-12-20,83.1500015258789,83.8499984741211,83.02999877929688,83.2300033569336,8432,Cotton,CT=F
2013-12-23,82.23999786376953,83.05999755859375,81.41999816894531,83.0,10325,Cotton,CT=F
2013-12-24,83.18000030517578,83.4000015258789,81.9000015258789,82.23999786376953,6542,Cotton,CT=F
2013-12-26,82.88999938964844,83.38999938964844,82.36000061035156,82.48999786376953,3544,Cotton,CT=F
2013-12-27,84.12000274658203,85.19999694824219,83.19999694824219,83.19999694824219,13071,Cotton,CT=F
2013-12-30,84.66000366210938,85.06999969482422,83.80000305175781,84.12000274658203,7942,Cotton,CT=F
2013-12-31,84.63999938964844,85.29000091552734,84.4000015258789,84.45999908447266,13322,Cotton,CT=F
2014-01-02,84.04000091552734,85.06999969482422,83.5,84.5999984741211,13322,Cotton,CT=F
2014-01-03,82.94000244140625,84.19000244140625,82.9000015258789,84.12000274658203,14675,Cotton,CT=F
2014-01-06,83.62999725341797,83.80000305175781,82.66000366210938,82.93000030517578,10483,Cotton,CT=F
2014-01-07,84.66999816894531,85.02999877929688,83.44999694824219,83.5999984741211,10036,Cotton,CT=F
2014-01-08,83.13999938964844,84.66999816894531,83.0199966430664,84.4800033569336,17182,Cotton,CT=F
2014-01-09,82.80999755859375,84.62999725341797,82.7300033569336,83.2300033569336,18664,Cotton,CT=F
2014-01-10,82.58999633789062,84.08000183105469,82.38999938964844,82.7699966430664,21658,Cotton,CT=F
2014-01-13,83.68000030517578,84.47000122070312,82.62000274658203,82.7300033569336,19117,Cotton,CT=F
2014-01-14,83.7300033569336,84.30999755859375,83.33999633789062,83.5199966430664,13658,Cotton,CT=F
2014-01-15,84.79000091552734,84.88999938964844,83.62999725341797,83.69999694824219,13694,Cotton,CT=F
2014-01-16,86.19000244140625,86.66999816894531,84.30999755859375,84.44999694824219,21984,Cotton,CT=F
2014-01-17,86.80000305175781,87.13999938964844,85.88999938964844,86.01000213623047,15651,Cotton,CT=F
2014-01-21,88.12999725341797,88.43000030517578,86.3499984741211,86.95999908447266,18799,Cotton,CT=F
2014-01-22,87.83999633789062,88.19999694824219,86.63999938964844,88.0,15216,Cotton,CT=F
2014-01-23,87.33000183105469,88.1500015258789,86.94999694824219,87.91000366210938,12794,Cotton,CT=F
2014-01-24,87.20999908447266,88.19000244140625,86.48999786376953,87.29000091552734,15950,Cotton,CT=F
2014-01-27,84.25,87.16000366210938,83.66000366210938,87.0,27931,Cotton,CT=F
2014-01-28,84.3499984741211,84.98999786376953,84.0199966430664,84.0199966430664,13969,Cotton,CT=F
2014-01-29,85.55000305175781,86.61000061035156,84.0,84.37000274658203,19038,Cotton,CT=F
2014-01-30,86.02999877929688,86.80999755859375,85.25,85.5,17488,Cotton,CT=F
2014-01-31,85.83000183105469,86.55000305175781,85.69999694824219,86.02999877929688,14060,Cotton,CT=F
2014-02-03,85.01000213623047,85.88999938964844,84.76000213623047,85.83000183105469,14496,Cotton,CT=F
2014-02-04,85.4000015258789,86.30000305175781,85.0999984741211,85.0999984741211,12337,Cotton,CT=F
2014-02-05,85.5199966430664,85.72000122070312,85.0999984741211,85.19999694824219,10455,Cotton,CT=F
2014-02-06,86.30999755859375,86.69000244140625,85.77999877929688,86.12999725341797,13359,Cotton,CT=F
2014-02-07,87.47000122070312,88.05000305175781,85.83999633789062,86.05000305175781,27901,Cotton,CT=F
2014-02-10,87.37000274658203,88.83999633789062,87.04000091552734,87.54000091552734,24619,Cotton,CT=F
2014-02-11,88.66999816894531,88.83999633789062,86.66000366210938,87.33999633789062,21177,Cotton,CT=F
2014-02-12,88.37000274658203,89.30999755859375,87.9800033569336,88.66999816894531,20438,Cotton,CT=F
2014-02-13,87.5999984741211,89.0,86.80000305175781,88.13999938964844,22706,Cotton,CT=F
2014-02-14,87.55000305175781,88.5199966430664,87.06999969482422,87.77999877929688,0,Cotton,CT=F
2014-02-18,87.91000366210938,88.23999786376953,87.30000305175781,88.0,9968,Cotton,CT=F
2014-02-19,86.97000122070312,88.05000305175781,86.80999755859375,87.91000366210938,8818,Cotton,CT=F
2014-02-20,86.37000274658203,87.30000305175781,86.23999786376953,87.0999984741211,4063,Cotton,CT=F
2014-02-21,87.08999633789062,88.05000305175781,86.29000091552734,86.29000091552734,5543,Cotton,CT=F
2014-02-24,87.91999816894531,89.0,87.06999969482422,87.06999969482422,459,Cotton,CT=F
2014-02-25,86.22000122070312,88.58000183105469,85.91000366210938,88.0,154,Cotton,CT=F
2014-02-26,85.37000274658203,86.72000122070312,85.27999877929688,86.22000122070312,53,Cotton,CT=F
2014-02-27,86.91000366210938,86.5,84.6500015258789,85.22000122070312,12,Cotton,CT=F
2014-02-28,86.58999633789062,86.16999816894531,86.01000213623047,86.16000366210938,8,Cotton,CT=F
2014-03-03,87.86000061035156,88.3499984741211,86.6500015258789,87.80000305175781,39,Cotton,CT=F
2014-03-04,88.31999969482422,88.3499984741211,88.0,88.0,7,Cotton,CT=F
2014-03-05,87.9000015258789,88.5,87.01000213623047,88.4000015258789,7,Cotton,CT=F
2014-03-06,90.0,89.5199966430664,87.55000305175781,88.80000305175781,9,Cotton,CT=F
2014-03-07,91.0199966430664,90.97000122070312,90.27999877929688,90.97000122070312,19176,Cotton,CT=F
2014-03-10,91.55999755859375,92.5999984741211,90.68000030517578,91.0999984741211,11048,Cotton,CT=F
2014-03-11,91.6500015258789,92.23999786376953,91.0,91.66999816894531,8691,Cotton,CT=F
2014-03-12,92.19999694824219,92.93000030517578,90.44000244140625,91.5,14492,Cotton,CT=F
2014-03-13,91.68000030517578,93.75,91.45999908447266,92.66000366210938,9960,Cotton,CT=F
2014-03-14,92.19000244140625,92.5999984741211,90.55999755859375,91.68000030517578,9681,Cotton,CT=F
2014-03-17,92.02999877929688,92.4800033569336,91.66000366210938,92.1500015258789,6623,Cotton,CT=F
2014-03-18,92.93000030517578,92.97000122070312,91.8499984741211,91.8499984741211,6271,Cotton,CT=F
2014-03-19,92.62000274658203,93.29000091552734,92.4800033569336,93.0,5740,Cotton,CT=F
2014-03-20,92.18000030517578,92.95999908447266,91.81999969482422,92.45999908447266,8206,Cotton,CT=F
2014-03-21,93.30999755859375,93.5999984741211,92.05000305175781,92.05000305175781,10418,Cotton,CT=F
2014-03-24,90.62999725341797,93.75,89.83999633789062,93.30999755859375,23983,Cotton,CT=F
2014-03-25,94.11000061035156,94.62999725341797,89.9000015258789,90.83000183105469,20574,Cotton,CT=F
2014-03-26,91.66000366210938,97.3499984741211,90.83000183105469,94.12000274658203,33075,Cotton,CT=F
2014-03-27,92.55999755859375,93.91000366210938,91.5999984741211,91.5999984741211,12021,Cotton,CT=F
2014-03-28,93.73999786376953,93.80000305175781,92.25,92.45999908447266,11523,Cotton,CT=F
2014-03-31,93.5199966430664,94.80000305175781,92.51000213623047,93.91000366210938,12739,Cotton,CT=F
2014-04-01,92.06999969482422,93.2300033569336,91.81999969482422,93.02999877929688,16392,Cotton,CT=F
2014-04-02,91.51000213623047,92.9800033569336,91.20999908447266,92.08999633789062,14469,Cotton,CT=F
2014-04-03,90.9800033569336,91.7300033569336,90.61000061035156,91.51000213623047,13614,Cotton,CT=F
2014-04-04,92.4000015258789,93.2300033569336,90.80000305175781,90.93000030517578,13727,Cotton,CT=F
2014-04-07,90.62000274658203,92.86000061035156,90.52999877929688,92.4000015258789,19156,Cotton,CT=F
2014-04-08,91.79000091552734,92.44000244140625,90.56999969482422,90.62000274658203,15419,Cotton,CT=F
2014-04-09,90.44000244140625,92.31999969482422,90.30999755859375,91.66000366210938,25148,Cotton,CT=F
2014-04-10,89.0199966430664,91.2300033569336,88.9800033569336,90.44000244140625,27173,Cotton,CT=F
2014-04-11,89.0199966430664,90.01000213623047,88.62999725341797,89.0199966430664,19867,Cotton,CT=F
2014-04-14,90.91000366210938,91.66999816894531,89.5199966430664,90.0,10503,Cotton,CT=F
2014-04-15,89.91999816894531,91.58000183105469,89.13999938964844,91.0,9311,Cotton,CT=F
2014-04-16,91.04000091552734,91.2300033569336,90.05999755859375,90.4000015258789,7064,Cotton,CT=F
2014-04-17,90.16999816894531,91.31999969482422,90.05000305175781,90.95999908447266,10243,Cotton,CT=F
2014-04-21,89.69000244140625,90.80000305175781,89.3499984741211,90.30000305175781,4233,Cotton,CT=F
2014-04-22,91.01000213623047,91.16000366210938,89.66000366210938,89.66000366210938,2653,Cotton,CT=F
2014-04-23,92.9000015258789,93.20999908447266,89.75,91.01000213623047,7703,Cotton,CT=F
2014-04-24,92.66000366210938,92.98999786376953,91.30000305175781,92.9800033569336,82,Cotton,CT=F
2014-04-25,92.94999694824219,93.11000061035156,92.5999984741211,92.9800033569336,6,Cotton,CT=F
2014-04-28,92.37999725341797,92.91000366210938,92.0999984741211,92.91000366210938,32,Cotton,CT=F
2014-04-29,94.26000213623047,94.44999694824219,92.5,92.58999633789062,48,Cotton,CT=F
2014-04-30,94.13999938964844,94.5999984741211,94.30999755859375,94.30999755859375,47,Cotton,CT=F
2014-05-01,94.06999969482422,94.47000122070312,93.0,94.44000244140625,28,Cotton,CT=F
2014-05-02,94.19000244140625,94.88999938964844,93.95999908447266,94.5,76,Cotton,CT=F
2014-05-05,94.62000274658203,94.6500015258789,94.23999786376953,94.3499984741211,59,Cotton,CT=F
2014-05-06,93.69999694824219,94.19000244140625,92.70999908447266,94.0,31,Cotton,CT=F
2014-05-07,91.83999633789062,94.04000091552734,92.0,94.04000091552734,13493,Cotton,CT=F
2014-05-08,93.05000305175781,94.2699966430664,92.2699966430664,92.55999755859375,11252,Cotton,CT=F
2014-05-09,92.36000061035156,93.70999908447266,92.0,93.05000305175781,7364,Cotton,CT=F
2014-05-12,91.30000305175781,92.5,90.5,92.37999725341797,13564,Cotton,CT=F
2014-05-13,90.93000030517578,91.54000091552734,90.51000213623047,91.30000305175781,9139,Cotton,CT=F
2014-05-14,90.69999694824219,92.12999725341797,90.61000061035156,90.93000030517578,10137,Cotton,CT=F
2014-05-15,90.36000061035156,91.29000091552734,90.0999984741211,90.69999694824219,11690,Cotton,CT=F
2014-05-16,89.81999969482422,90.83999633789062,89.76000213623047,90.44000244140625,9479,Cotton,CT=F
2014-05-19,89.1500015258789,89.93000030517578,89.12000274658203,89.80000305175781,12557,Cotton,CT=F
2014-05-20,89.0,89.73999786376953,88.70999908447266,89.19999694824219,12946,Cotton,CT=F
2014-05-21,89.29000091552734,90.62999725341797,88.93000030517578,89.0,12532,Cotton,CT=F
2014-05-22,87.77999877929688,90.66000366210938,87.76000213623047,89.29000091552734,22957,Cotton,CT=F
2014-05-23,86.30999755859375,88.16999816894531,85.26000213623047,87.9000015258789,0,Cotton,CT=F
2014-05-27,84.97000122070312,86.5,84.8499984741211,86.5,14245,Cotton,CT=F
2014-05-28,84.87000274658203,85.7699966430664,83.86000061035156,85.26000213623047,17218,Cotton,CT=F
2014-05-29,86.1500015258789,86.94000244140625,84.5199966430664,84.87000274658203,19013,Cotton,CT=F
2014-05-30,86.2699966430664,86.69000244140625,85.41000366210938,86.26000213623047,16044,Cotton,CT=F
2014-06-02,86.4800033569336,86.70999908447266,85.63999938964844,86.2699966430664,16798,Cotton,CT=F
2014-06-03,87.36000061035156,88.5999984741211,86.11000061035156,86.58999633789062,19815,Cotton,CT=F
2014-06-04,86.08000183105469,87.81999969482422,85.91999816894531,87.47000122070312,16787,Cotton,CT=F
2014-06-05,85.5,86.3499984741211,85.44000244140625,86.08000183105469,13740,Cotton,CT=F
2014-06-06,84.77999877929688,85.68000030517578,84.72000122070312,85.55000305175781,17449,Cotton,CT=F
2014-06-09,84.55000305175781,84.94999694824219,84.06999969482422,84.69999694824219,15990,Cotton,CT=F
2014-06-10,86.30000305175781,86.66000366210938,84.44999694824219,84.55000305175781,28882,Cotton,CT=F
2014-06-11,85.51000213623047,86.9000015258789,85.08000183105469,86.44000244140625,23142,Cotton,CT=F
2014-06-12,85.62000274658203,86.5999984741211,84.80999755859375,85.37999725341797,21647,Cotton,CT=F
2014-06-13,86.9800033569336,87.0999984741211,85.41999816894531,86.0,15361,Cotton,CT=F
2014-06-16,87.6500015258789,88.44000244140625,87.0,87.0,12489,Cotton,CT=F
2014-06-17,90.05999755859375,90.37000274658203,87.62000274658203,87.6500015258789,17880,Cotton,CT=F
2014-06-18,91.1500015258789,91.43000030517578,90.0199966430664,90.0199966430664,9426,Cotton,CT=F
2014-06-19,88.36000061035156,91.2300033569336,87.80000305175781,91.0999984741211,10523,Cotton,CT=F
2014-06-20,88.16000366210938,88.7699966430664,87.05999755859375,87.94000244140625,7762,Cotton,CT=F
2014-06-23,87.5199966430664,88.58000183105469,84.16000366210938,88.0999984741211,12722,Cotton,CT=F
2014-06-24,81.80999755859375,85.30000305175781,81.33000183105469,84.36000061035156,361,Cotton,CT=F
2014-06-25,81.80000305175781,83.75,81.25,82.88999938964844,113,Cotton,CT=F
2014-06-26,80.37000274658203,81.1500015258789,80.2699966430664,81.1500015258789,50,Cotton,CT=F
2014-06-27,80.88999938964844,81.41000366210938,80.69999694824219,81.2699966430664,13,Cotton,CT=F
2014-06-30,79.20999908447266,80.77999877929688,79.0999984741211,80.77999877929688,28,Cotton,CT=F
2014-07-01,77.08000183105469,78.25,77.19999694824219,78.0199966430664,44,Cotton,CT=F
2014-07-02,76.69000244140625,76.75,76.75,76.75,1,Cotton,CT=F
2014-07-03,76.22000122070312,76.22000122070312,76.22000122070312,76.22000122070312,5,Cotton,CT=F
2014-07-07,74.83000183105469,75.63999938964844,75.63999938964844,75.63999938964844,152,Cotton,CT=F
2014-07-08,75.0,75.62000274658203,75.0999984741211,75.62000274658203,88,Cotton,CT=F
2014-07-09,74.97000122070312,75.0,74.58999633789062,74.58999633789062,63,Cotton,CT=F
2014-07-10,68.9000015258789,70.4000015258789,69.05999755859375,70.4000015258789,62,Cotton,CT=F
2014-07-11,68.73999786376953,69.41000366210938,68.26000213623047,68.66999816894531,42,Cotton,CT=F
2014-07-14,68.5999984741211,69.48999786376953,68.4000015258789,69.01000213623047,24,Cotton,CT=F
2014-07-15,68.25,68.72000122070312,67.83999633789062,68.5999984741211,30,Cotton,CT=F
2014-07-16,68.38999938964844,69.0999984741211,68.25,68.25,17,Cotton,CT=F
2014-07-17,68.44999694824219,68.7699966430664,68.30000305175781,68.4800033569336,12,Cotton,CT=F
2014-07-18,68.62999725341797,68.5999984741211,68.3499984741211,68.3499984741211,2,Cotton,CT=F
2014-07-21,68.5199966430664,68.7699966430664,68.38999938964844,68.38999938964844,3,Cotton,CT=F
2014-07-22,68.80000305175781,69.55999755859375,68.6500015258789,68.6500015258789,33,Cotton,CT=F
2014-07-23,68.7699966430664,68.87999725341797,68.80000305175781,68.80000305175781,5,Cotton,CT=F
2014-07-24,66.4000015258789,68.87999725341797,66.0999984741211,68.87999725341797,56,Cotton,CT=F
2014-07-25,65.16000366210938,66.70999908447266,64.4000015258789,66.54000091552734,50,Cotton,CT=F
2014-07-28,65.36000061035156,65.5199966430664,65.08999633789062,65.36000061035156,20,Cotton,CT=F
2014-07-29,64.44000244140625,65.30000305175781,63.970001220703125,65.30000305175781,17,Cotton,CT=F
2014-07-30,63.34000015258789,64.76000213623047,63.06999969482422,64.76000213623047,29,Cotton,CT=F
2014-07-31,62.09000015258789,63.29999923706055,61.900001525878906,63.29999923706055,28,Cotton,CT=F
2014-08-01,62.4900016784668,62.970001220703125,61.34000015258789,62.33000183105469,24,Cotton,CT=F
2014-08-04,63.91999816894531,64.20999908447266,62.5099983215332,62.5099983215332,19,Cotton,CT=F
2014-08-05,63.459999084472656,64.37000274658203,63.34000015258789,64.31999969482422,13,Cotton,CT=F
2014-08-06,63.970001220703125,64.16999816894531,63.810001373291016,63.869998931884766,20,Cotton,CT=F
2014-08-07,63.56999969482422,63.95000076293945,63.40999984741211,63.95000076293945,12,Cotton,CT=F
2014-08-08,63.810001373291016,64.1500015258789,63.529998779296875,63.75,6,Cotton,CT=F
2014-08-11,64.12999725341797,64.8499984741211,63.91999816894531,63.91999816894531,19,Cotton,CT=F
2014-08-12,63.029998779296875,64.4000015258789,63.0099983215332,64.12999725341797,12,Cotton,CT=F
2014-08-13,64.0199966430664,64.66000366210938,63.279998779296875,63.279998779296875,59,Cotton,CT=F
2014-08-14,63.88999938964844,64.4000015258789,63.54999923706055,64.37000274658203,7,Cotton,CT=F
2014-08-15,63.599998474121094,64.33000183105469,63.630001068115234,63.88999938964844,9,Cotton,CT=F
2014-08-18,63.34000015258789,63.72999954223633,63.16999816894531,63.54999923706055,17,Cotton,CT=F
2014-08-19,63.470001220703125,63.5,63.33000183105469,63.43000030517578,12,Cotton,CT=F
2014-08-20,65.31999969482422,65.4800033569336,63.59000015258789,63.59000015258789,26,Cotton,CT=F
2014-08-21,66.5,67.63999938964844,65.63999938964844,65.63999938964844,112,Cotton,CT=F
2014-08-22,67.45999908447266,67.5,66.55000305175781,66.5999984741211,22,Cotton,CT=F
2014-08-25,67.66000366210938,67.93000030517578,66.93000030517578,67.45999908447266,28,Cotton,CT=F
2014-08-26,68.26000213623047,68.30999755859375,67.52999877929688,67.66000366210938,12,Cotton,CT=F
2014-08-27,68.30000305175781,68.4800033569336,67.68000030517578,68.26000213623047,10,Cotton,CT=F
2014-08-28,67.13999938964844,68.44000244140625,66.58000183105469,68.30000305175781,41,Cotton,CT=F
2014-08-29,67.5999984741211,68.02999877929688,66.56999969482422,67.31999969482422,33,Cotton,CT=F
2014-09-02,66.33999633789062,66.55000305175781,66.05000305175781,66.55000305175781,21,Cotton,CT=F
2014-09-03,66.69999694824219,66.36000061035156,66.05000305175781,66.26000213623047,19,Cotton,CT=F
2014-09-04,66.7699966430664,66.9800033569336,66.75,66.91999816894531,15,Cotton,CT=F
2014-09-05,66.08000183105469,66.81999969482422,65.55000305175781,66.81999969482422,11,Cotton,CT=F
2014-09-08,66.55999755859375,66.98999786376953,65.75,66.30000305175781,11,Cotton,CT=F
2014-09-09,67.77999877929688,68.55000305175781,66.55999755859375,66.55999755859375,57,Cotton,CT=F
2014-09-10,70.13999938964844,70.4800033569336,67.77999877929688,67.77999877929688,41,Cotton,CT=F
2014-09-11,70.79000091552734,71.1500015258789,69.9800033569336,70.13999938964844,89,Cotton,CT=F
2014-09-12,70.61000061035156,71.48999786376953,69.80000305175781,71.1500015258789,28,Cotton,CT=F
2014-09-15,68.18000030517578,70.86000061035156,68.20999908447266,70.86000061035156,88,Cotton,CT=F
2014-09-16,68.27999877929688,68.30000305175781,67.76000213623047,68.29000091552734,6,Cotton,CT=F
2014-09-17,69.9000015258789,70.30000305175781,68.5999984741211,68.87000274658203,21,Cotton,CT=F
2014-09-18,66.9000015258789,69.19000244140625,66.9000015258789,69.19000244140625,44,Cotton,CT=F
2014-09-19,65.98999786376953,65.80999755859375,65.37999725341797,65.51000213623047,17,Cotton,CT=F
2014-09-22,64.86000061035156,65.0,63.25,65.0,29,Cotton,CT=F
2014-09-23,62.93000030517578,64.8499984741211,62.93000030517578,64.8499984741211,105,Cotton,CT=F
2014-09-24,61.65999984741211,62.939998626708984,60.58000183105469,60.58000183105469,3,Cotton,CT=F
2014-09-25,61.4900016784668,61.4900016784668,61.4900016784668,61.4900016784668,3,Cotton,CT=F
2014-09-26,62.47999954223633,63.68000030517578,63.599998474121094,63.68000030517578,3,Cotton,CT=F
2014-09-29,62.060001373291016,62.060001373291016,62.060001373291016,62.060001373291016,3,Cotton,CT=F
2014-09-30,61.959999084472656,61.959999084472656,61.959999084472656,61.959999084472656,3,Cotton,CT=F
2014-10-01,62.7599983215332,62.7599983215332,62.7599983215332,62.7599983215332,3,Cotton,CT=F
2014-10-02,62.45000076293945,62.45000076293945,62.45000076293945,62.45000076293945,3,Cotton,CT=F
2014-10-03,63.06999969482422,63.06999969482422,63.06999969482422,63.06999969482422,3,Cotton,CT=F
2014-10-06,64.9800033569336,64.9800033569336,64.9800033569336,64.9800033569336,3,Cotton,CT=F
2014-10-07,65.83000183105469,65.83000183105469,65.83000183105469,65.83000183105469,3,Cotton,CT=F
2014-10-08,65.51000213623047,66.62000274658203,66.62000274658203,66.62000274658203,1,Cotton,CT=F
2014-10-09,64.55000305175781,64.55000305175781,64.55000305175781,64.55000305175781,15056,Cotton,CT=F
2014-10-10,64.0999984741211,65.5,63.599998474121094,63.939998626708984,18229,Cotton,CT=F
2014-10-13,65.0199966430664,65.41000366210938,64.13999938964844,64.25,8549,Cotton,CT=F
2014-10-14,64.16000366210938,65.6500015258789,64.01000213623047,65.30000305175781,13406,Cotton,CT=F
2014-10-15,63.709999084472656,64.45999908447266,63.290000915527344,64.37999725341797,12354,Cotton,CT=F
2014-10-16,63.560001373291016,64.19000244140625,63.459999084472656,63.709999084472656,9211,Cotton,CT=F
2014-10-17,63.0,64.13999938964844,62.959999084472656,63.72999954223633,12984,Cotton,CT=F
2014-10-20,62.290000915527344,63.400001525878906,62.22999954223633,63.150001525878906,11724,Cotton,CT=F
2014-10-21,62.790000915527344,63.630001068115234,62.099998474121094,62.290000915527344,11975,Cotton,CT=F
2014-10-22,62.68000030517578,63.40999984741211,62.43000030517578,63.0,8770,Cotton,CT=F
2014-10-23,63.040000915527344,63.29999923706055,61.97999954223633,62.540000915527344,11940,Cotton,CT=F
2014-10-24,63.810001373291016,64.66000366210938,62.72999954223633,63.040000915527344,14930,Cotton,CT=F
2014-10-27,63.66999816894531,64.26000213623047,63.310001373291016,63.79999923706055,8910,Cotton,CT=F
2014-10-28,64.47000122070312,64.5,63.209999084472656,63.529998779296875,9377,Cotton,CT=F
2014-10-29,65.3499984741211,65.98999786376953,64.16999816894531,64.4000015258789,21599,Cotton,CT=F
2014-10-30,64.5,66.05000305175781,64.33000183105469,65.33999633789062,20783,Cotton,CT=F
2014-10-31,64.44999694824219,64.81999969482422,63.2599983215332,64.44000244140625,20546,Cotton,CT=F
2014-11-03,64.25,64.87999725341797,63.66999816894531,64.44999694824219,15511,Cotton,CT=F
2014-11-04,62.79999923706055,64.33999633789062,62.7400016784668,64.04000091552734,19665,Cotton,CT=F
2014-11-05,62.709999084472656,63.119998931884766,62.02000045776367,63.09000015258789,17564,Cotton,CT=F
2014-11-06,63.189998626708984,63.349998474121094,62.52000045776367,62.810001373291016,12322,Cotton,CT=F
2014-11-07,63.959999084472656,64.37999725341797,62.630001068115234,63.189998626708984,22369,Cotton,CT=F
2014-11-10,62.43000030517578,65.7699966430664,62.279998779296875,63.97999954223633,37777,Cotton,CT=F
2014-11-11,63.29999923706055,64.5,62.29999923706055,62.29999923706055,22427,Cotton,CT=F
2014-11-12,61.939998626708984,63.650001525878906,61.900001525878906,63.189998626708984,23406,Cotton,CT=F
2014-11-13,59.72999954223633,62.529998779296875,59.5099983215332,61.939998626708984,20229,Cotton,CT=F
2014-11-14,59.79999923706055,60.369998931884766,59.599998474121094,59.7599983215332,16487,Cotton,CT=F
2014-11-17,58.810001373291016,59.65999984741211,58.65999984741211,59.560001373291016,9178,Cotton,CT=F
2014-11-18,59.970001220703125,60.099998474121094,58.560001373291016,58.84000015258789,7155,Cotton,CT=F
2014-11-19,59.11000061035156,59.97999954223633,58.9900016784668,59.959999084472656,5192,Cotton,CT=F
2014-11-20,58.540000915527344,59.97999954223633,57.84000015258789,58.900001525878906,3937,Cotton,CT=F
2014-11-21,59.7599983215332,59.790000915527344,58.5099983215332,58.61000061035156,233,Cotton,CT=F
2014-11-24,59.15999984741211,59.689998626708984,59.0099983215332,59.36000061035156,106,Cotton,CT=F
2014-11-25,59.65999984741211,59.959999084472656,59.25,59.25,11,Cotton,CT=F
2014-11-26,61.40999984741211,62.0,59.689998626708984,59.689998626708984,180,Cotton,CT=F
2014-11-28,60.959999084472656,61.7400016784668,61.43000030517578,61.43000030517578,7,Cotton,CT=F
2014-12-01,60.18000030517578,61.279998779296875,60.040000915527344,61.2599983215332,26,Cotton,CT=F
2014-12-02,60.75,61.029998779296875,60.08000183105469,61.029998779296875,22,Cotton,CT=F
2014-12-03,61.0099983215332,61.0,60.75,61.0,22,Cotton,CT=F
2014-12-04,61.52000045776367,61.84000015258789,61.400001525878906,61.81999969482422,49,Cotton,CT=F
2014-12-05,60.540000915527344,62.20000076293945,60.900001525878906,62.189998626708984,15,Cotton,CT=F
2014-12-08,60.209999084472656,60.79999923706055,60.79999923706055,60.79999923706055,10525,Cotton,CT=F
2014-12-09,59.880001068115234,60.400001525878906,59.15999984741211,59.310001373291016,14304,Cotton,CT=F
2014-12-10,59.56999969482422,60.79999923706055,59.40999984741211,59.72999954223633,17971,Cotton,CT=F
2014-12-11,60.47999954223633,61.08000183105469,59.56999969482422,59.56999969482422,20552,Cotton,CT=F
2014-12-12,60.540000915527344,61.25,60.41999816894531,60.47999954223633,10354,Cotton,CT=F
2014-12-15,60.650001525878906,61.130001068115234,60.5099983215332,60.599998474121094,7299,Cotton,CT=F
2014-12-16,59.779998779296875,60.790000915527344,59.709999084472656,60.56999969482422,12673,Cotton,CT=F
2014-12-17,60.650001525878906,60.900001525878906,59.4900016784668,59.849998474121094,11354,Cotton,CT=F
2014-12-18,60.81999969482422,60.9900016784668,60.18000030517578,60.720001220703125,10048,Cotton,CT=F
2014-12-19,60.88999938964844,60.959999084472656,60.310001373291016,60.619998931884766,7914,Cotton,CT=F
2014-12-22,62.040000915527344,62.16999816894531,60.459999084472656,60.5099983215332,17240,Cotton,CT=F
2014-12-23,61.81999969482422,62.84000015258789,61.560001373291016,62.040000915527344,14889,Cotton,CT=F
2014-12-24,61.779998779296875,62.150001525878906,61.529998779296875,61.65999984741211,4163,Cotton,CT=F
2014-12-26,61.630001068115234,61.95000076293945,61.56999969482422,61.779998779296875,3386,Cotton,CT=F
2014-12-29,62.0099983215332,62.290000915527344,61.36000061035156,61.54999923706055,8121,Cotton,CT=F
2014-12-30,61.97999954223633,62.15999984741211,61.810001373291016,62.0,8429,Cotton,CT=F
2014-12-31,60.27000045776367,62.08000183105469,60.220001220703125,61.9900016784668,20112,Cotton,CT=F
2015-01-02,59.58000183105469,60.369998931884766,59.470001220703125,60.27000045776367,15585,Cotton,CT=F
2015-01-05,60.709999084472656,61.13999938964844,59.61000061035156,59.61000061035156,14335,Cotton,CT=F
2015-01-06,60.20000076293945,61.25,60.099998474121094,60.54999923706055,12978,Cotton,CT=F
2015-01-07,60.43000030517578,60.52000045776367,59.84000015258789,60.099998474121094,9853,Cotton,CT=F
2015-01-08,60.560001373291016,60.63999938964844,60.20000076293945,60.43000030517578,8747,Cotton,CT=F
2015-01-09,60.7599983215332,60.86000061035156,60.310001373291016,60.5,10366,Cotton,CT=F
2015-01-12,59.72999954223633,60.75,59.5099983215332,60.70000076293945,16287,Cotton,CT=F
2015-01-13,60.150001525878906,60.2599983215332,59.540000915527344,59.720001220703125,10849,Cotton,CT=F
2015-01-14,58.97999954223633,60.04999923706055,58.65999984741211,60.04999923706055,23748,Cotton,CT=F
2015-01-15,59.4900016784668,60.27000045776367,58.84000015258789,59.04999923706055,17320,Cotton,CT=F
2015-01-16,59.22999954223633,59.849998474121094,59.15999984741211,59.40999984741211,0,Cotton,CT=F
2015-01-20,57.790000915527344,59.38999938964844,57.77000045776367,59.20000076293945,25648,Cotton,CT=F
2015-01-21,58.0099983215332,58.22999954223633,57.66999816894531,57.79999923706055,14441,Cotton,CT=F
2015-01-22,57.7599983215332,58.400001525878906,57.58000183105469,58.0,12728,Cotton,CT=F
2015-01-23,57.29999923706055,58.66999816894531,57.04999923706055,57.77000045776367,22252,Cotton,CT=F
2015-01-26,58.619998931884766,58.790000915527344,57.2599983215332,57.400001525878906,18519,Cotton,CT=F
2015-01-27,58.779998779296875,58.88999938964844,58.040000915527344,58.380001068115234,13861,Cotton,CT=F
2015-01-28,59.439998626708984,59.47999954223633,58.11000061035156,58.40999984741211,17413,Cotton,CT=F
2015-01-29,59.56999969482422,59.779998779296875,59.099998474121094,59.11000061035156,18780,Cotton,CT=F
2015-01-30,59.36000061035156,59.68000030517578,59.04999923706055,59.540000915527344,14353,Cotton,CT=F
2015-02-02,59.88999938964844,60.08000183105469,58.880001068115234,59.099998474121094,22069,Cotton,CT=F
2015-02-03,61.45000076293945,61.5099983215332,59.88999938964844,59.900001525878906,35393,Cotton,CT=F
2015-02-04,61.22999954223633,61.70000076293945,61.02000045776367,61.47999954223633,23836,Cotton,CT=F
2015-02-05,61.790000915527344,61.91999816894531,60.54999923706055,61.0,32951,Cotton,CT=F
2015-02-06,61.59000015258789,61.97999954223633,60.90999984741211,61.790000915527344,25927,Cotton,CT=F
2015-02-09,62.29999923706055,62.810001373291016,61.25,61.630001068115234,23707,Cotton,CT=F
2015-02-10,62.5099983215332,63.439998626708984,62.130001068115234,62.54999923706055,24613,Cotton,CT=F
2015-02-11,62.02000045776367,62.56999969482422,61.709999084472656,62.4900016784668,18817,Cotton,CT=F
2015-02-12,62.47999954223633,62.560001373291016,61.529998779296875,62.20000076293945,18555,Cotton,CT=F
2015-02-13,62.70000076293945,62.93000030517578,62.43000030517578,62.540000915527344,14659,Cotton,CT=F
2015-02-17,63.79999923706055,64.0,62.310001373291016,62.61000061035156,14182,Cotton,CT=F
2015-02-18,64.62000274658203,64.7300033569336,63.54999923706055,63.689998626708984,9019,Cotton,CT=F
2015-02-19,64.44000244140625,65.33000183105469,64.19999694824219,64.62999725341797,7138,Cotton,CT=F
2015-02-20,64.66999816894531,64.73999786376953,63.970001220703125,64.4000015258789,6167,Cotton,CT=F
2015-02-23,64.75,67.55000305175781,63.900001525878906,65.5,145,Cotton,CT=F
2015-02-24,64.76000213623047,65.48999786376953,64.75,64.75,220,Cotton,CT=F
2015-02-25,65.5199966430664,65.41999816894531,64.2699966430664,64.5,163,Cotton,CT=F
2015-02-26,65.16999816894531,66.25,65.2699966430664,65.5999984741211,45,Cotton,CT=F
2015-02-27,64.7300033569336,65.3499984741211,64.0,65.0999984741211,190,Cotton,CT=F
2015-03-02,64.62999725341797,64.97000122070312,64.8499984741211,64.86000061035156,3,Cotton,CT=F
2015-03-03,63.72999954223633,64.19999694824219,63.709999084472656,63.900001525878906,41,Cotton,CT=F
2015-03-04,63.61000061035156,63.4900016784668,63.0,63.06999969482422,28,Cotton,CT=F
2015-03-05,63.209999084472656,63.83000183105469,63.560001373291016,63.77000045776367,21,Cotton,CT=F
2015-03-06,62.95000076293945,62.84000015258789,62.11000061035156,62.5,3,Cotton,CT=F
2015-03-09,61.91999816894531,61.91999816894531,61.91999816894531,61.91999816894531,12695,Cotton,CT=F
2015-03-10,60.869998931884766,62.36000061035156,60.810001373291016,62.20000076293945,25517,Cotton,CT=F
2015-03-11,60.33000183105469,61.119998931884766,60.279998779296875,61.04999923706055,19557,Cotton,CT=F
2015-03-12,61.220001220703125,61.58000183105469,60.2599983215332,60.34000015258789,18740,Cotton,CT=F
2015-03-13,60.5,61.58000183105469,60.41999816894531,61.150001525878906,13189,Cotton,CT=F
2015-03-16,60.4900016784668,61.220001220703125,60.310001373291016,60.70000076293945,10494,Cotton,CT=F
2015-03-17,60.209999084472656,60.869998931884766,60.189998626708984,60.40999984741211,10646,Cotton,CT=F
2015-03-18,62.47999954223633,62.650001525878906,59.83000183105469,60.20000076293945,25261,Cotton,CT=F
2015-03-19,62.95000076293945,63.40999984741211,61.720001220703125,62.529998779296875,26628,Cotton,CT=F
2015-03-20,62.81999969482422,63.2599983215332,62.29999923706055,62.63999938964844,13394,Cotton,CT=F
2015-03-23,64.05000305175781,64.55000305175781,62.36000061035156,62.59000015258789,17662,Cotton,CT=F
2015-03-24,63.90999984741211,64.4000015258789,63.61000061035156,64.0,16722,Cotton,CT=F
2015-03-25,63.15999984741211,64.08999633789062,62.7599983215332,63.95000076293945,13549,Cotton,CT=F
2015-03-26,63.08000183105469,63.47999954223633,62.65999984741211,63.0,10715,Cotton,CT=F
2015-03-27,63.54999923706055,63.939998626708984,62.79999923706055,62.83000183105469,8316,Cotton,CT=F
2015-03-30,62.52000045776367,64.18000030517578,62.369998931884766,63.54999923706055,16678,Cotton,CT=F
2015-03-31,63.099998474121094,63.939998626708984,62.16999816894531,62.59000015258789,22154,Cotton,CT=F
2015-04-01,62.58000183105469,63.2599983215332,62.439998626708984,62.95000076293945,11977,Cotton,CT=F
2015-04-02,63.689998626708984,63.88999938964844,62.58000183105469,62.58000183105469,14596,Cotton,CT=F
2015-04-06,65.33999633789062,65.45999908447266,63.75,63.84000015258789,19375,Cotton,CT=F
2015-04-07,66.41999816894531,66.66000366210938,65.16999816894531,65.33999633789062,24149,Cotton,CT=F
2015-04-08,66.7300033569336,67.19000244140625,66.16999816894531,66.41999816894531,27518,Cotton,CT=F
2015-04-09,66.22000122070312,67.12999725341797,66.11000061035156,66.75,32619,Cotton,CT=F
2015-04-10,65.05999755859375,66.61000061035156,64.80999755859375,66.44000244140625,34976,Cotton,CT=F
2015-04-13,65.12999725341797,65.69999694824219,64.58000183105469,65.11000061035156,20680,Cotton,CT=F
2015-04-14,64.69000244140625,65.41000366210938,64.43000030517578,65.12999725341797,20713,Cotton,CT=F
2015-04-15,64.58999633789062,65.12000274658203,64.3499984741211,64.63999938964844,16634,Cotton,CT=F
2015-04-16,64.01000213623047,64.93000030517578,63.470001220703125,64.72000122070312,14093,Cotton,CT=F
2015-04-17,63.290000915527344,64.4000015258789,63.15999984741211,64.36000061035156,9602,Cotton,CT=F
2015-04-20,63.040000915527344,63.709999084472656,62.720001220703125,63.29999923706055,3481,Cotton,CT=F
2015-04-21,62.630001068115234,63.11000061035156,62.5099983215332,63.099998474121094,2937,Cotton,CT=F
2015-04-22,62.4900016784668,63.2400016784668,62.20000076293945,62.810001373291016,2480,Cotton,CT=F
2015-04-23,64.58999633789062,65.48999786376953,62.349998474121094,62.5099983215332,1937,Cotton,CT=F
2015-04-24,66.5,66.88999938964844,64.9000015258789,64.9000015258789,191,Cotton,CT=F
2015-04-27,66.38999938964844,67.5999984741211,66.70999908447266,67.08999633789062,14,Cotton,CT=F
2015-04-28,66.62000274658203,67.12000274658203,65.11000061035156,66.0,36,Cotton,CT=F
2015-04-29,67.31999969482422,67.31999969482422,67.31999969482422,67.31999969482422,1,Cotton,CT=F
2015-04-30,68.12000274658203,68.0999984741211,68.0999984741211,68.0999984741211,8,Cotton,CT=F
2015-05-01,66.8499984741211,67.02999877929688,64.63999938964844,66.98999786376953,9,Cotton,CT=F
2015-05-04,66.91000366210938,66.91000366210938,66.91000366210938,66.91000366210938,1,Cotton,CT=F
2015-05-05,66.98999786376953,67.36000061035156,67.36000061035156,67.36000061035156,13173,Cotton,CT=F
2015-05-07,65.52999877929688,66.01000213623047,64.95999908447266,65.95999908447266,15823,Cotton,CT=F
2015-05-08,66.16000366210938,66.22000122070312,65.27999877929688,65.52999877929688,10415,Cotton,CT=F
2015-05-11,65.38999938964844,66.30999755859375,64.6500015258789,66.16000366210938,16368,Cotton,CT=F
2015-05-12,65.0199966430664,65.56999969482422,64.56999969482422,65.38999938964844,13573,Cotton,CT=F
2015-05-13,65.7699966430664,65.80000305175781,64.8499984741211,65.19000244140625,13012,Cotton,CT=F
2015-05-14,66.52999877929688,66.7300033569336,65.58999633789062,65.88999938964844,13462,Cotton,CT=F
2015-05-15,66.83999633789062,66.87000274658203,66.11000061035156,66.63999938964844,9234,Cotton,CT=F
2015-05-18,64.91999816894531,66.93000030517578,64.87000274658203,66.83999633789062,19854,Cotton,CT=F
2015-05-19,64.3499984741211,65.23999786376953,64.05000305175781,64.87999725341797,24167,Cotton,CT=F
2015-05-20,64.1500015258789,64.80999755859375,63.709999084472656,64.16999816894531,21417,Cotton,CT=F
2015-05-21,63.72999954223633,64.93000030517578,63.619998931884766,64.16000366210938,19732,Cotton,CT=F
2015-05-22,63.29999923706055,64.12000274658203,63.279998779296875,63.70000076293945,16455,Cotton,CT=F
2015-05-26,63.310001373291016,64.66000366210938,63.27000045776367,63.33000183105469,18285,Cotton,CT=F
2015-05-27,63.04999923706055,63.88999938964844,63.029998779296875,63.31999969482422,17617,Cotton,CT=F
2015-05-28,64.33000183105469,64.54000091552734,63.029998779296875,63.040000915527344,15804,Cotton,CT=F
2015-05-29,64.3499984741211,66.58999633789062,64.2699966430664,64.75,38272,Cotton,CT=F
2015-06-01,63.75,65.1500015258789,63.689998626708984,64.3499984741211,21056,Cotton,CT=F
2015-06-02,63.599998474121094,64.29000091552734,63.33000183105469,63.599998474121094,14801,Cotton,CT=F
2015-06-03,65.23999786376953,65.38999938964844,63.439998626708984,63.7400016784668,21577,Cotton,CT=F
2015-06-04,65.12000274658203,65.94999694824219,64.94000244140625,65.44000244140625,19018,Cotton,CT=F
2015-06-05,64.01000213623047,65.19999694824219,63.93000030517578,65.12000274658203,20682,Cotton,CT=F
2015-06-08,64.80000305175781,65.05000305175781,64.16999816894531,64.41000366210938,18740,Cotton,CT=F
2015-06-09,64.55000305175781,65.2699966430664,64.4800033569336,64.80000305175781,20357,Cotton,CT=F
2015-06-10,64.88999938964844,65.16000366210938,64.51000213623047,64.72000122070312,27759,Cotton,CT=F
2015-06-11,63.529998779296875,64.95999908447266,63.4900016784668,64.95999908447266,26151,Cotton,CT=F
2015-06-12,64.06999969482422,64.94000244140625,63.52000045776367,63.88999938964844,20084,Cotton,CT=F
2015-06-15,63.209999084472656,64.31999969482422,62.599998474121094,64.30000305175781,21035,Cotton,CT=F
2015-06-16,64.43000030517578,65.01000213623047,62.72999954223633,63.310001373291016,12558,Cotton,CT=F
2015-06-17,63.880001068115234,64.70999908447266,63.529998779296875,64.66000366210938,9991,Cotton,CT=F
2015-06-18,64.08000183105469,64.43000030517578,63.810001373291016,64.19999694824219,4186,Cotton,CT=F
2015-06-19,63.31999969482422,64.0,62.79999923706055,64.0,3856,Cotton,CT=F
2015-06-22,64.02999877929688,64.12999725341797,63.099998474121094,63.59000015258789,5194,Cotton,CT=F
2015-06-23,63.58000183105469,64.05000305175781,62.97999954223633,64.0,3434,Cotton,CT=F
2015-06-24,63.7599983215332,64.33999633789062,62.5,63.25,159,Cotton,CT=F
2015-06-25,64.87999725341797,65.08999633789062,64.27999877929688,64.27999877929688,26,Cotton,CT=F
2015-06-26,67.16000366210938,67.0,65.56999969482422,65.56999969482422,21,Cotton,CT=F
2015-06-29,66.80000305175781,67.37999725341797,66.9000015258789,67.0999984741211,33,Cotton,CT=F
2015-06-30,67.51000213623047,65.8499984741211,64.94999694824219,64.94999694824219,14,Cotton,CT=F
2015-07-01,66.08999633789062,67.01000213623047,67.01000213623047,67.01000213623047,1,Cotton,CT=F
2015-07-02,66.36000061035156,67.52999877929688,67.5199966430664,67.5199966430664,3,Cotton,CT=F
2015-07-06,66.43000030517578,66.94999694824219,66.94000244140625,66.94999694824219,4,Cotton,CT=F
2015-07-07,65.52999877929688,65.47000122070312,65.0,65.37999725341797,10,Cotton,CT=F
2015-07-08,64.58999633789062,64.58999633789062,64.58999633789062,64.58999633789062,2,Cotton,CT=F
2015-07-09,64.83000183105469,64.83000183105469,64.83000183105469,64.83000183105469,24,Cotton,CT=F
2015-07-10,65.51000213623047,67.0,65.55999755859375,66.16999816894531,16,Cotton,CT=F
2015-07-13,65.7300033569336,65.75,65.30000305175781,65.51000213623047,11,Cotton,CT=F
2015-07-14,66.16999816894531,66.0999984741211,65.5,65.51000213623047,61,Cotton,CT=F
2015-07-15,65.31999969482422,66.16999816894531,65.0,65.9800033569336,29,Cotton,CT=F
2015-07-16,65.30000305175781,65.51000213623047,64.87000274658203,65.51000213623047,18,Cotton,CT=F
2015-07-17,65.87000274658203,65.91000366210938,65.30000305175781,65.30000305175781,33,Cotton,CT=F
2015-07-20,65.8499984741211,66.72000122070312,65.08999633789062,65.56999969482422,41,Cotton,CT=F
2015-07-21,65.4000015258789,65.69000244140625,65.69000244140625,65.69000244140625,3,Cotton,CT=F
2015-07-22,65.63999938964844,65.72000122070312,65.04000091552734,65.33999633789062,10,Cotton,CT=F
2015-07-23,65.91999816894531,66.25,65.4000015258789,65.5999984741211,17,Cotton,CT=F
2015-07-24,65.83999633789062,66.08000183105469,65.62999725341797,66.08000183105469,6,Cotton,CT=F
2015-07-27,64.30999755859375,65.83999633789062,64.02999877929688,65.83999633789062,62,Cotton,CT=F
2015-07-28,64.37999725341797,64.58999633789062,63.29999923706055,64.12999725341797,88,Cotton,CT=F
2015-07-29,63.88999938964844,64.19999694824219,63.709999084472656,64.12999725341797,19,Cotton,CT=F
2015-07-30,63.65999984741211,64.20999908447266,63.88999938964844,63.88999938964844,5,Cotton,CT=F
2015-07-31,64.01000213623047,64.33999633789062,63.40999984741211,63.5099983215332,16,Cotton,CT=F
2015-08-03,65.36000061035156,65.5,63.310001373291016,64.05999755859375,311,Cotton,CT=F
2015-08-04,64.91000366210938,65.48999786376953,65.01000213623047,65.25,10,Cotton,CT=F
2015-08-05,64.75,65.0199966430664,64.81999969482422,65.0199966430664,6,Cotton,CT=F
2015-08-06,63.5,64.75,63.5099983215332,64.75,49,Cotton,CT=F
2015-08-07,62.77000045776367,63.40999984741211,62.689998626708984,63.40999984741211,36,Cotton,CT=F
2015-08-10,63.119998931884766,63.5,62.400001525878906,62.77000045776367,32,Cotton,CT=F
2015-08-11,62.709999084472656,63.119998931884766,62.72999954223633,63.119998931884766,9,Cotton,CT=F
2015-08-12,65.70999908447266,65.70999908447266,61.77000045776367,62.709999084472656,103,Cotton,CT=F
2015-08-13,67.1500015258789,67.9000015258789,65.70999908447266,65.8499984741211,86,Cotton,CT=F
2015-08-14,67.16000366210938,67.68000030517578,66.91999816894531,67.41000366210938,15,Cotton,CT=F
2015-08-17,67.9800033569336,68.30000305175781,67.29000091552734,67.37999725341797,21,Cotton,CT=F
2015-08-18,67.93000030517578,68.0,67.31999969482422,67.69000244140625,15,Cotton,CT=F
2015-08-19,67.36000061035156,67.88999938964844,66.75,67.76000213623047,21,Cotton,CT=F
2015-08-20,67.66000366210938,67.72000122070312,67.0,67.44000244140625,9,Cotton,CT=F
2015-08-21,67.63999938964844,67.11000061035156,67.0199966430664,67.11000061035156,3,Cotton,CT=F
2015-08-24,64.63999938964844,66.70999908447266,64.63999938964844,66.70999908447266,18,Cotton,CT=F
2015-08-25,63.7599983215332,64.63999938964844,63.209999084472656,64.44999694824219,11,Cotton,CT=F
2015-08-26,62.560001373291016,63.209999084472656,62.310001373291016,63.209999084472656,13,Cotton,CT=F
2015-08-27,63.83000183105469,63.189998626708984,63.060001373291016,63.060001373291016,4,Cotton,CT=F
2015-08-28,63.75,64.23999786376953,63.7400016784668,63.83000183105469,8,Cotton,CT=F
2015-08-31,63.7400016784668,64.0999984741211,64.0999984741211,64.0999984741211,1,Cotton,CT=F
2015-09-01,63.58000183105469,63.72999954223633,63.36000061035156,63.650001525878906,5,Cotton,CT=F
2015-09-02,63.18000030517578,63.0,62.779998779296875,62.83000183105469,3,Cotton,CT=F
2015-09-03,63.119998931884766,63.279998779296875,62.900001525878906,62.900001525878906,5,Cotton,CT=F
2015-09-04,63.06999969482422,63.0,62.5,62.5,9,Cotton,CT=F
2015-09-08,63.290000915527344,62.5,62.5,62.5,2,Cotton,CT=F
2015-09-09,63.31999969482422,63.939998626708984,63.150001525878906,63.150001525878906,3,Cotton,CT=F
2015-09-10,63.47999954223633,63.720001220703125,63.25,63.720001220703125,4,Cotton,CT=F
2015-09-11,64.08999633789062,65.02999877929688,62.380001068115234,63.34000015258789,19,Cotton,CT=F
2015-09-14,63.5099983215332,64.44000244140625,63.5099983215332,64.23999786376953,6,Cotton,CT=F
2015-09-15,62.81999969482422,63.45000076293945,62.45000076293945,63.45000076293945,11,Cotton,CT=F
2015-09-16,62.380001068115234,63.349998474121094,62.290000915527344,63.349998474121094,15,Cotton,CT=F
2015-09-17,61.83000183105469,62.310001373291016,61.310001373291016,62.310001373291016,13,Cotton,CT=F
2015-09-18,59.849998474121094,61.79999923706055,59.529998779296875,61.79999923706055,20,Cotton,CT=F
2015-09-21,59.75,60.40999984741211,59.15999984741211,59.2599983215332,19,Cotton,CT=F
2015-09-22,58.72999954223633,60.68000030517578,58.56999969482422,60.0,66,Cotton,CT=F
2015-09-23,58.70000076293945,59.58000183105469,58.47999954223633,58.75,14,Cotton,CT=F
2015-09-24,59.040000915527344,59.040000915527344,59.040000915527344,59.040000915527344,14,Cotton,CT=F
2015-09-25,59.63999938964844,60.209999084472656,60.209999084472656,60.209999084472656,1,Cotton,CT=F
2015-09-28,59.79999923706055,60.310001373291016,60.29999923706055,60.29999923706055,8,Cotton,CT=F
2015-09-29,60.04999923706055,60.04999923706055,60.04999923706055,60.04999923706055,8,Cotton,CT=F
2015-09-30,59.4900016784668,59.4900016784668,59.4900016784668,59.4900016784668,8,Cotton,CT=F
2015-10-01,59.650001525878906,59.650001525878906,59.650001525878906,59.650001525878906,8,Cotton,CT=F
2015-10-02,59.20000076293945,59.20000076293945,59.20000076293945,59.20000076293945,0,Cotton,CT=F
2015-10-05,60.93000030517578,60.93000030517578,60.93000030517578,60.93000030517578,1,Cotton,CT=F
2015-10-06,61.13999938964844,61.13999938964844,61.13999938964844,61.13999938964844,7,Cotton,CT=F
2015-10-07,61.939998626708984,61.93000030517578,61.90999984741211,61.90999984741211,7,Cotton,CT=F
2015-10-08,61.61000061035156,61.61000061035156,61.61000061035156,61.61000061035156,12617,Cotton,CT=F
2015-10-09,61.61000061035156,62.2400016784668,60.970001220703125,61.58000183105469,11195,Cotton,CT=F
2015-10-12,61.689998626708984,62.189998626708984,61.5099983215332,61.81999969482422,34360,Cotton,CT=F
2015-10-13,63.86000061035156,64.16000366210938,61.529998779296875,61.650001525878906,17317,Cotton,CT=F
2015-10-14,63.7599983215332,64.08000183105469,63.40999984741211,63.86000061035156,13481,Cotton,CT=F
2015-10-15,63.439998626708984,63.7599983215332,63.150001525878906,63.75,13481,Cotton,CT=F
2015-10-16,63.849998474121094,63.95000076293945,62.869998931884766,63.54999923706055,13521,Cotton,CT=F
2015-10-19,63.2400016784668,64.06999969482422,62.959999084472656,63.95000076293945,9200,Cotton,CT=F
2015-10-20,63.779998779296875,63.869998931884766,63.15999984741211,63.470001220703125,21090,Cotton,CT=F
2015-10-21,64.2300033569336,64.66000366210938,63.650001525878906,63.650001525878906,23118,Cotton,CT=F
2015-10-22,62.52000045776367,64.69000244140625,62.369998931884766,64.2300033569336,23118,Cotton,CT=F
2015-10-23,62.7599983215332,63.06999969482422,62.41999816894531,62.75,14207,Cotton,CT=F
2015-10-26,62.130001068115234,62.75,61.90999984741211,62.68000030517578,11875,Cotton,CT=F
2015-10-27,62.34000015258789,63.18000030517578,62.18000030517578,62.36000061035156,9990,Cotton,CT=F
2015-10-28,62.66999816894531,62.900001525878906,62.20000076293945,62.34000015258789,13095,Cotton,CT=F
2015-10-29,62.31999969482422,62.91999816894531,62.15999984741211,62.689998626708984,13095,Cotton,CT=F
2015-10-30,63.31999969482422,63.439998626708984,62.36000061035156,62.36000061035156,17159,Cotton,CT=F
2015-11-02,63.290000915527344,63.439998626708984,62.13999938964844,63.34000015258789,19523,Cotton,CT=F
2015-11-03,62.56999969482422,63.849998474121094,62.52000045776367,63.369998931884766,28525,Cotton,CT=F
2015-11-04,61.939998626708984,62.88999938964844,61.79999923706055,62.63999938964844,16099,Cotton,CT=F
2015-11-05,61.95000076293945,62.29999923706055,61.7599983215332,62.130001068115234,16099,Cotton,CT=F
2015-11-06,61.65999984741211,62.20000076293945,61.650001525878906,62.130001068115234,24812,Cotton,CT=F
2015-11-09,61.900001525878906,62.06999969482422,61.61000061035156,61.869998931884766,27620,Cotton,CT=F
2015-11-10,61.93000030517578,62.90999984741211,61.61000061035156,61.939998626708984,18490,Cotton,CT=F
2015-11-11,62.18000030517578,62.59000015258789,61.869998931884766,61.939998626708984,23749,Cotton,CT=F
2015-11-12,61.84000015258789,62.470001220703125,61.720001220703125,62.18000030517578,23749,Cotton,CT=F
2015-11-13,61.68000030517578,62.02000045776367,61.36000061035156,61.84000015258789,21637,Cotton,CT=F
2015-11-16,61.7400016784668,62.849998474121094,61.2599983215332,61.58000183105469,11525,Cotton,CT=F
2015-11-17,61.529998779296875,62.25,61.439998626708984,61.880001068115234,6027,Cotton,CT=F
2015-11-18,61.52000045776367,61.95000076293945,61.4900016784668,61.599998474121094,6009,Cotton,CT=F
2015-11-19,61.58000183105469,62.220001220703125,61.52000045776367,61.54999923706055,6009,Cotton,CT=F
2015-11-20,60.040000915527344,61.97999954223633,59.81999969482422,61.790000915527344,627,Cotton,CT=F
2015-11-23,60.15999984741211,60.95000076293945,59.720001220703125,59.9900016784668,69,Cotton,CT=F
2015-11-24,60.599998474121094,60.88999938964844,60.400001525878906,60.4900016784668,69,Cotton,CT=F
2015-11-25,61.97999954223633,62.34000015258789,60.75,60.75,23,Cotton,CT=F
2015-11-27,62.630001068115234,62.75,62.4900016784668,62.75,26,Cotton,CT=F
2015-11-30,61.29999923706055,62.45000076293945,61.470001220703125,62.45000076293945,7,Cotton,CT=F
2015-12-01,62.20000076293945,62.209999084472656,60.040000915527344,60.040000915527344,14,Cotton,CT=F
2015-12-02,62.11000061035156,62.209999084472656,62.0099983215332,62.209999084472656,6,Cotton,CT=F
2015-12-03,61.86000061035156,62.650001525878906,60.43000030517578,61.0,6,Cotton,CT=F
2015-12-04,63.22999954223633,62.79999923706055,62.779998779296875,62.779998779296875,23,Cotton,CT=F
2015-12-07,62.400001525878906,63.4900016784668,61.29999923706055,63.25,23,Cotton,CT=F
2015-12-08,62.27000045776367,62.27000045776367,62.27000045776367,62.27000045776367,21955,Cotton,CT=F
2015-12-09,64.80999755859375,65.2300033569336,64.02999877929688,64.44000244140625,19836,Cotton,CT=F
2015-12-10,63.77000045776367,64.83999633789062,63.58000183105469,64.80999755859375,19836,Cotton,CT=F
2015-12-11,63.709999084472656,63.90999984741211,63.43000030517578,63.77000045776367,15514,Cotton,CT=F
2015-12-14,63.380001068115234,63.90999984741211,62.97999954223633,63.810001373291016,12648,Cotton,CT=F
2015-12-15,63.310001373291016,64.0,63.029998779296875,63.380001068115234,11373,Cotton,CT=F
2015-12-16,63.25,63.619998931884766,63.060001373291016,63.279998779296875,13021,Cotton,CT=F
2015-12-17,62.9900016784668,63.45000076293945,62.869998931884766,63.25,13021,Cotton,CT=F
2015-12-18,63.689998626708984,63.93000030517578,62.95000076293945,62.9900016784668,10939,Cotton,CT=F
2015-12-21,63.31999969482422,64.16000366210938,63.16999816894531,63.81999969482422,7117,Cotton,CT=F
2015-12-22,63.15999984741211,63.70000076293945,63.060001373291016,63.31999969482422,11440,Cotton,CT=F
2015-12-23,62.77000045776367,63.369998931884766,62.75,63.15999984741211,11440,Cotton,CT=F
2015-12-24,63.65999984741211,63.939998626708984,62.72999954223633,62.81999969482422,12204,Cotton,CT=F
2015-12-28,63.970001220703125,64.44000244140625,63.38999938964844,63.65999984741211,9168,Cotton,CT=F
2015-12-29,63.869998931884766,64.25,63.81999969482422,64.0999984741211,6365,Cotton,CT=F
2015-12-30,63.970001220703125,64.13999938964844,63.779998779296875,63.869998931884766,6365,Cotton,CT=F
2015-12-31,63.279998779296875,63.90999984741211,63.04999923706055,63.90999984741211,22710,Cotton,CT=F
2016-01-04,62.61000061035156,63.54999923706055,62.5099983215332,63.279998779296875,11960,Cotton,CT=F
2016-01-05,62.68000030517578,62.86000061035156,62.5099983215332,62.59000015258789,24620,Cotton,CT=F
2016-01-06,62.0,62.68000030517578,61.86000061035156,62.61000061035156,29785,Cotton,CT=F
2016-01-07,61.43000030517578,62.189998626708984,61.209999084472656,61.90999984741211,29785,Cotton,CT=F
2016-01-08,61.400001525878906,61.900001525878906,61.310001373291016,61.52000045776367,21495,Cotton,CT=F
2016-01-11,61.5,62.279998779296875,61.150001525878906,61.400001525878906,19567,Cotton,CT=F
2016-01-12,61.59000015258789,62.279998779296875,61.45000076293945,61.5,15722,Cotton,CT=F
2016-01-13,62.13999938964844,62.43000030517578,61.5,61.5,14959,Cotton,CT=F
2016-01-14,61.900001525878906,62.459999084472656,61.75,62.02000045776367,14959,Cotton,CT=F
2016-01-15,61.40999984741211,62.02000045776367,61.34000015258789,61.90999984741211,26376,Cotton,CT=F
2016-01-19,62.470001220703125,62.93000030517578,61.29999923706055,61.400001525878906,17131,Cotton,CT=F
2016-01-20,61.970001220703125,62.459999084472656,61.52000045776367,62.45000076293945,13073,Cotton,CT=F
2016-01-21,62.09000015258789,62.45000076293945,61.75,61.970001220703125,13073,Cotton,CT=F
2016-01-22,62.45000076293945,62.75,62.04999923706055,62.09000015258789,17642,Cotton,CT=F
2016-01-25,61.599998474121094,62.4900016784668,61.40999984741211,62.369998931884766,23330,Cotton,CT=F
2016-01-26,61.40999984741211,61.75,60.959999084472656,61.45000076293945,18450,Cotton,CT=F
2016-01-27,60.86000061035156,61.470001220703125,60.70000076293945,61.349998474121094,19927,Cotton,CT=F
2016-01-28,61.36000061035156,61.52000045776367,60.66999816894531,60.86000061035156,19927,Cotton,CT=F
2016-01-29,61.130001068115234,61.88999938964844,60.7599983215332,61.34000015258789,23581,Cotton,CT=F
2016-02-01,61.790000915527344,62.0,60.849998474121094,60.849998474121094,26371,Cotton,CT=F
2016-02-02,62.29999923706055,62.5,61.4900016784668,61.61000061035156,22309,Cotton,CT=F
2016-02-03,61.939998626708984,62.59000015258789,61.77000045776367,62.13999938964844,32085,Cotton,CT=F
2016-02-04,60.22999954223633,61.88999938964844,59.9900016784668,61.88999938964844,32085,Cotton,CT=F
2016-02-05,59.970001220703125,60.59000015258789,59.83000183105469,60.25,31368,Cotton,CT=F
2016-02-08,59.599998474121094,60.119998931884766,58.75,59.95000076293945,31771,Cotton,CT=F
2016-02-09,58.63999938964844,59.75,58.25,59.56999969482422,27184,Cotton,CT=F
2016-02-10,58.880001068115234,58.939998626708984,58.349998474121094,58.619998931884766,33682,Cotton,CT=F
2016-02-11,58.41999816894531,59.029998779296875,57.849998474121094,58.880001068115234,33682,Cotton,CT=F
2016-02-12,58.900001525878906,59.15999984741211,58.150001525878906,58.349998474121094,25941,Cotton,CT=F
2016-02-16,59.849998474121094,60.439998626708984,58.959999084472656,59.0,11154,Cotton,CT=F
2016-02-17,59.869998931884766,60.29999923706055,59.54999923706055,59.72999954223633,11134,Cotton,CT=F
2016-02-18,59.90999984741211,60.84000015258789,59.689998626708984,59.790000915527344,11134,Cotton,CT=F
2016-02-19,60.0099983215332,60.41999816894531,59.79999923706055,60.099998474121094,6224,Cotton,CT=F
2016-02-22,57.7400016784668,60.650001525878906,57.400001525878906,60.040000915527344,265,Cotton,CT=F
2016-02-23,58.16999816894531,60.0,58.0,58.75,15,Cotton,CT=F
2016-02-24,57.70000076293945,58.209999084472656,57.15999984741211,58.189998626708984,15,Cotton,CT=F
2016-02-25,58.15999984741211,58.06999969482422,57.970001220703125,58.0099983215332,15,Cotton,CT=F
2016-02-26,57.91999816894531,58.310001373291016,58.040000915527344,58.060001373291016,11,Cotton,CT=F
2016-02-29,58.0099983215332,58.36000061035156,56.970001220703125,58.36000061035156,12,Cotton,CT=F
2016-03-01,58.25,58.400001525878906,56.97999954223633,58.2599983215332,14,Cotton,CT=F
2016-03-02,58.040000915527344,59.31999969482422,58.84000015258789,58.84000015258789,14,Cotton,CT=F
2016-03-03,58.41999816894531,58.75,58.65999984741211,58.65999984741211,6,Cotton,CT=F
2016-03-04,58.93000030517578,58.93000030517578,58.93000030517578,58.93000030517578,6,Cotton,CT=F
2016-03-07,58.91999816894531,60.380001068115234,59.20000076293945,59.27000045776367,43,Cotton,CT=F
2016-03-08,58.209999084472656,58.209999084472656,58.209999084472656,58.209999084472656,12235,Cotton,CT=F
2016-03-09,56.59000015258789,56.900001525878906,56.0,56.84000015258789,16081,Cotton,CT=F
2016-03-10,56.83000183105469,56.9900016784668,55.65999984741211,56.630001068115234,19997,Cotton,CT=F
2016-03-11,57.150001525878906,57.45000076293945,56.4900016784668,56.560001373291016,14839,Cotton,CT=F
2016-03-14,58.290000915527344,58.369998931884766,57.150001525878906,57.150001525878906,16431,Cotton,CT=F
2016-03-15,58.2400016784668,58.4900016784668,58.0,58.29999923706055,14671,Cotton,CT=F
2016-03-16,58.31999969482422,58.5099983215332,57.52000045776367,58.0,13075,Cotton,CT=F
2016-03-17,58.36000061035156,58.88999938964844,58.220001220703125,58.369998931884766,13033,Cotton,CT=F
2016-03-18,57.15999984741211,58.54999923706055,56.81999969482422,58.36000061035156,16803,Cotton,CT=F
2016-03-21,58.16999816894531,58.58000183105469,57.060001373291016,57.099998474121094,15255,Cotton,CT=F
2016-03-22,58.369998931884766,58.439998626708984,57.619998931884766,58.029998779296875,9404,Cotton,CT=F
2016-03-23,58.38999938964844,58.58000183105469,57.95000076293945,58.369998931884766,10193,Cotton,CT=F
2016-03-24,57.720001220703125,58.310001373291016,57.33000183105469,58.2599983215332,14117,Cotton,CT=F
2016-03-28,57.79999923706055,57.9900016784668,57.20000076293945,57.63999938964844,9276,Cotton,CT=F
2016-03-29,57.380001068115234,57.939998626708984,57.220001220703125,57.939998626708984,9398,Cotton,CT=F
2016-03-30,57.66999816894531,57.91999816894531,57.279998779296875,57.290000915527344,15717,Cotton,CT=F
2016-03-31,58.439998626708984,58.59000015258789,57.0099983215332,57.5099983215332,23174,Cotton,CT=F
2016-04-01,59.20000076293945,59.38999938964844,58.150001525878906,58.2599983215332,24099,Cotton,CT=F
2016-04-04,58.959999084472656,59.47999954223633,58.72999954223633,59.290000915527344,18583,Cotton,CT=F
2016-04-05,58.900001525878906,59.18000030517578,58.540000915527344,58.959999084472656,12698,Cotton,CT=F
2016-04-06,58.75,59.279998779296875,58.650001525878906,58.849998474121094,12425,Cotton,CT=F
2016-04-07,59.029998779296875,59.369998931884766,58.560001373291016,58.779998779296875,25924,Cotton,CT=F
2016-04-08,60.06999969482422,60.58000183105469,59.04999923706055,59.220001220703125,32550,Cotton,CT=F
2016-04-11,60.709999084472656,60.83000183105469,60.279998779296875,60.439998626708984,26295,Cotton,CT=F
2016-04-12,61.5099983215332,61.849998474121094,60.16999816894531,60.900001525878906,32962,Cotton,CT=F
2016-04-13,61.630001068115234,62.369998931884766,61.310001373291016,61.61000061035156,29080,Cotton,CT=F
2016-04-14,60.63999938964844,61.91999816894531,59.93000030517578,61.709999084472656,22590,Cotton,CT=F
2016-04-15,60.029998779296875,60.560001373291016,59.16999816894531,60.099998474121094,19734,Cotton,CT=F
2016-04-18,62.150001525878906,62.16999816894531,59.61000061035156,59.79999923706055,14895,Cotton,CT=F
2016-04-19,62.689998626708984,63.11000061035156,61.5,62.15999984741211,7123,Cotton,CT=F
2016-04-20,63.79999923706055,64.37999725341797,61.81999969482422,62.75,4732,Cotton,CT=F
2016-04-21,63.4900016784668,64.2699966430664,62.75,63.9900016784668,3787,Cotton,CT=F
2016-04-22,63.08000183105469,64.41999816894531,62.20000076293945,63.68000030517578,3961,Cotton,CT=F
2016-04-25,64.7699966430664,65.94000244140625,63.150001525878906,63.88999938964844,262,Cotton,CT=F
2016-04-26,63.459999084472656,64.98999786376953,63.45000076293945,64.98999786376953,92,Cotton,CT=F
2016-04-27,64.06999969482422,63.83000183105469,63.43000030517578,63.790000915527344,46,Cotton,CT=F
2016-04-28,63.689998626708984,63.70000076293945,63.43000030517578,63.45000076293945,7,Cotton,CT=F
2016-04-29,63.7599983215332,63.5099983215332,63.2599983215332,63.5099983215332,17,Cotton,CT=F
2016-05-02,64.36000061035156,64.36000061035156,64.36000061035156,64.36000061035156,17,Cotton,CT=F
2016-05-03,63.04999923706055,62.619998931884766,62.5,62.619998931884766,48,Cotton,CT=F
2016-05-04,62.16999816894531,62.5,62.5,62.5,5,Cotton,CT=F
2016-05-05,61.630001068115234,62.5,61.810001373291016,62.5,9,Cotton,CT=F
2016-05-06,61.630001068115234,62.0,62.0,62.0,13453,Cotton,CT=F
2016-05-09,61.33000183105469,62.060001373291016,61.18000030517578,61.810001373291016,17289,Cotton,CT=F
2016-05-10,60.900001525878906,61.970001220703125,60.599998474121094,61.540000915527344,25523,Cotton,CT=F
2016-05-11,60.599998474121094,61.75,60.54999923706055,61.060001373291016,21782,Cotton,CT=F
2016-05-12,60.72999954223633,61.369998931884766,60.54999923706055,60.650001525878906,18753,Cotton,CT=F
2016-05-13,60.619998931884766,61.040000915527344,60.25,60.65999984741211,15887,Cotton,CT=F
2016-05-16,60.9900016784668,61.52000045776367,60.619998931884766,60.68000030517578,14579,Cotton,CT=F
2016-05-17,62.20000076293945,62.5,61.0,61.0,20819,Cotton,CT=F
2016-05-18,62.04999923706055,62.880001068115234,61.400001525878906,62.09000015258789,16864,Cotton,CT=F
2016-05-19,61.06999969482422,62.150001525878906,60.599998474121094,62.099998474121094,19268,Cotton,CT=F
2016-05-20,61.66999816894531,62.06999969482422,61.06999969482422,61.220001220703125,12922,Cotton,CT=F
2016-05-23,61.45000076293945,61.83000183105469,61.099998474121094,61.66999816894531,10702,Cotton,CT=F
2016-05-24,63.0099983215332,63.20000076293945,61.150001525878906,61.380001068115234,26363,Cotton,CT=F
2016-05-25,62.900001525878906,63.41999816894531,62.369998931884766,63.04999923706055,14261,Cotton,CT=F
2016-05-26,64.33000183105469,64.55000305175781,62.849998474121094,62.88999938964844,25673,Cotton,CT=F
2016-05-27,64.27999877929688,64.58999633789062,63.58000183105469,64.33000183105469,0,Cotton,CT=F
2016-05-31,63.939998626708984,64.45999908447266,62.900001525878906,64.27999877929688,18683,Cotton,CT=F
2016-06-01,63.16999816894531,64.08000183105469,62.939998626708984,64.08000183105469,21251,Cotton,CT=F
2016-06-02,62.869998931884766,63.66999816894531,62.810001373291016,63.16999816894531,16995,Cotton,CT=F
2016-06-03,63.91999816894531,64.11000061035156,63.060001373291016,63.22999954223633,20000,Cotton,CT=F
2016-06-06,65.55000305175781,65.9000015258789,63.810001373291016,63.849998474121094,30604,Cotton,CT=F
2016-06-07,65.8499984741211,66.16000366210938,65.19999694824219,65.55999755859375,30693,Cotton,CT=F
2016-06-08,65.77999877929688,66.5,65.5,65.86000061035156,29558,Cotton,CT=F
2016-06-09,64.95999908447266,65.66999816894531,64.45999908447266,65.66999816894531,19792,Cotton,CT=F
2016-06-10,64.75,65.51000213623047,64.4800033569336,65.05000305175781,22770,Cotton,CT=F
2016-06-13,63.790000915527344,66.25,63.709999084472656,65.02999877929688,21498,Cotton,CT=F
2016-06-14,63.040000915527344,63.790000915527344,62.58000183105469,63.790000915527344,19664,Cotton,CT=F
2016-06-15,62.599998474121094,63.4900016784668,62.52000045776367,63.220001220703125,13954,Cotton,CT=F
2016-06-16,63.29999923706055,63.77000045776367,62.29999923706055,62.720001220703125,10404,Cotton,CT=F
2016-06-17,64.56999969482422,65.0999984741211,63.11000061035156,63.27000045776367,8268,Cotton,CT=F
2016-06-20,64.38999938964844,65.3499984741211,63.939998626708984,64.55000305175781,4391,Cotton,CT=F
2016-06-21,62.849998474121094,64.69000244140625,62.45000076293945,64.55999755859375,5816,Cotton,CT=F
2016-06-22,62.939998626708984,63.45000076293945,62.529998779296875,62.83000183105469,3682,Cotton,CT=F
2016-06-23,64.87999725341797,65.44999694824219,62.91999816894531,62.939998626708984,3490,Cotton,CT=F
2016-06-24,64.5,64.94000244140625,63.70000076293945,63.900001525878906,358,Cotton,CT=F
2016-06-27,63.47999954223633,65.48999786376953,63.290000915527344,65.48999786376953,487,Cotton,CT=F
2016-06-28,64.66000366210938,65.0,64.36000061035156,64.36000061035156,10,Cotton,CT=F
2016-06-29,64.5,64.76000213623047,64.76000213623047,64.76000213623047,1,Cotton,CT=F
2016-06-30,62.81999969482422,63.08000183105469,63.08000183105469,63.08000183105469,1,Cotton,CT=F
2016-07-01,63.619998931884766,63.619998931884766,63.619998931884766,63.619998931884766,1,Cotton,CT=F
2016-07-05,63.75,62.91999816894531,62.91999816894531,62.91999816894531,47,Cotton,CT=F
2016-07-06,63.779998779296875,63.540000915527344,63.400001525878906,63.400001525878906,2,Cotton,CT=F
2016-07-07,63.66999816894531,63.66999816894531,63.66999816894531,63.66999816894531,13,Cotton,CT=F
2016-07-08,65.91999816894531,66.69999694824219,64.8499984741211,64.8499984741211,19,Cotton,CT=F
2016-07-11,68.13999938964844,68.1500015258789,66.37000274658203,66.37000274658203,71,Cotton,CT=F
2016-07-12,71.13999938964844,71.13999938964844,67.9000015258789,68.26000213623047,54,Cotton,CT=F
2016-07-13,73.37999725341797,75.13999938964844,71.5,71.5,156,Cotton,CT=F
2016-07-14,73.81999969482422,74.62000274658203,72.38999938964844,73.13999938964844,53,Cotton,CT=F
2016-07-15,73.86000061035156,74.51000213623047,73.33999633789062,73.33999633789062,70,Cotton,CT=F
2016-07-18,73.62999725341797,74.44000244140625,73.55000305175781,73.66999816894531,31,Cotton,CT=F
2016-07-19,72.95999908447266,73.94000244140625,72.47000122070312,73.54000091552734,13,Cotton,CT=F
2016-07-20,71.94999694824219,72.91999816894531,71.16999816894531,72.91999816894531,33,Cotton,CT=F
2016-07-21,72.66000366210938,73.47000122070312,71.77999877929688,71.87999725341797,30,Cotton,CT=F
2016-07-22,72.5199966430664,72.75,71.72000122070312,72.75,24,Cotton,CT=F
2016-07-25,72.12000274658203,72.58999633789062,71.69999694824219,72.4800033569336,17,Cotton,CT=F
2016-07-26,73.62999725341797,74.41999816894531,72.4800033569336,72.4800033569336,24,Cotton,CT=F
2016-07-27,73.83000183105469,75.0,73.31999969482422,74.52999877929688,71,Cotton,CT=F
2016-07-28,73.0199966430664,73.8499984741211,71.37000274658203,73.8499984741211,46,Cotton,CT=F
2016-07-29,74.16000366210938,74.0,71.76000213623047,72.69000244140625,20,Cotton,CT=F
2016-08-01,74.16999816894531,74.91000366210938,73.9800033569336,74.16000366210938,72,Cotton,CT=F
2016-08-02,73.66999816894531,74.23999786376953,72.94000244140625,74.23999786376953,69,Cotton,CT=F
2016-08-03,73.83999633789062,73.81999969482422,73.19999694824219,73.66999816894531,17,Cotton,CT=F
2016-08-04,75.86000061035156,76.16000366210938,73.52999877929688,73.52999877929688,67,Cotton,CT=F
2016-08-05,76.63999938964844,77.80000305175781,75.61000061035156,76.16000366210938,82,Cotton,CT=F
2016-08-08,76.05999755859375,77.0999984741211,75.98999786376953,77.01000213623047,28,Cotton,CT=F
2016-08-09,73.05999755859375,74.5,73.05999755859375,74.5,58,Cotton,CT=F
2016-08-10,71.16000366210938,72.27999877929688,71.0199966430664,72.0,53,Cotton,CT=F
2016-08-11,71.2699966430664,71.7699966430664,70.75,71.16000366210938,56,Cotton,CT=F
2016-08-12,69.87999725341797,71.88999938964844,69.80000305175781,71.30999755859375,45,Cotton,CT=F
2016-08-15,68.08999633789062,70.5199966430664,68.01000213623047,70.4800033569336,51,Cotton,CT=F
2016-08-16,68.01000213623047,68.08999633789062,66.2300033569336,68.08999633789062,51,Cotton,CT=F
2016-08-17,68.36000061035156,68.95999908447266,68.2300033569336,68.61000061035156,59,Cotton,CT=F
2016-08-18,68.5,69.55000305175781,68.37000274658203,68.37000274658203,23,Cotton,CT=F
2016-08-19,67.56999969482422,68.61000061035156,67.29000091552734,68.61000061035156,47,Cotton,CT=F
2016-08-22,67.91999816894531,68.56999969482422,67.1500015258789,67.1500015258789,27,Cotton,CT=F
2016-08-23,68.12000274658203,68.68000030517578,68.18000030517578,68.56999969482422,13,Cotton,CT=F
2016-08-24,67.41000366210938,68.08000183105469,67.30000305175781,68.08000183105469,15,Cotton,CT=F
2016-08-25,67.75,68.08000183105469,67.08000183105469,67.08000183105469,5,Cotton,CT=F
2016-08-26,67.70999908447266,68.44999694824219,67.87000274658203,67.87000274658203,13,Cotton,CT=F
2016-08-29,66.69000244140625,67.08999633789062,66.45999908447266,67.0,19,Cotton,CT=F
2016-08-30,65.97000122070312,66.2699966430664,65.72000122070312,66.2699966430664,11,Cotton,CT=F
2016-08-31,65.31999969482422,65.69999694824219,65.22000122070312,65.22000122070312,10,Cotton,CT=F
2016-09-01,68.01000213623047,68.08000183105469,65.98999786376953,66.0,28,Cotton,CT=F
2016-09-02,67.51000213623047,68.02999877929688,67.0999984741211,67.9000015258789,0,Cotton,CT=F
2016-09-06,69.05999755859375,69.12999725341797,67.52999877929688,67.52999877929688,33,Cotton,CT=F
2016-09-07,69.52999877929688,69.08000183105469,68.7300033569336,69.0199966430664,22,Cotton,CT=F
2016-09-08,69.25,69.29000091552734,68.91000366210938,69.19999694824219,18,Cotton,CT=F
2016-09-09,68.87999725341797,68.98999786376953,68.0199966430664,68.98999786376953,19,Cotton,CT=F
2016-09-12,66.97000122070312,69.12000274658203,66.87000274658203,68.9000015258789,179,Cotton,CT=F
2016-09-13,67.19999694824219,67.27999877929688,66.47000122070312,67.25,32,Cotton,CT=F
2016-09-14,68.08000183105469,67.79000091552734,67.79000091552734,67.79000091552734,1,Cotton,CT=F
2016-09-15,68.37999725341797,68.3499984741211,67.58000183105469,67.62000274658203,8,Cotton,CT=F
2016-09-16,67.73999786376953,68.5,67.61000061035156,68.48999786376953,8,Cotton,CT=F
2016-09-19,68.9800033569336,69.4800033569336,69.0999984741211,69.16000366210938,9,Cotton,CT=F
2016-09-20,70.81999969482422,69.5,68.48999786376953,68.48999786376953,13,Cotton,CT=F
2016-09-21,71.80999755859375,71.76000213623047,70.36000061035156,70.48999786376953,10,Cotton,CT=F
2016-09-22,71.16999816894531,72.18000030517578,71.05000305175781,72.0999984741211,168,Cotton,CT=F
2016-09-23,69.08000183105469,70.70999908447266,68.19000244140625,70.70999908447266,106,Cotton,CT=F
2016-09-26,69.16000366210938,69.83999633789062,69.3499984741211,69.3499984741211,6,Cotton,CT=F
2016-09-27,69.38999938964844,69.38999938964844,69.38999938964844,69.38999938964844,6,Cotton,CT=F
2016-09-28,68.12999725341797,68.12999725341797,68.12999725341797,68.12999725341797,6,Cotton,CT=F
2016-09-29,67.94999694824219,67.80000305175781,67.80000305175781,67.80000305175781,2,Cotton,CT=F
2016-09-30,68.29000091552734,68.29000091552734,68.29000091552734,68.29000091552734,2,Cotton,CT=F
2016-10-03,68.7300033569336,68.7300033569336,68.7300033569336,68.7300033569336,2,Cotton,CT=F
2016-10-04,69.87999725341797,69.87999725341797,69.87999725341797,69.87999725341797,2,Cotton,CT=F
2016-10-05,68.02999877929688,68.02999877929688,68.02999877929688,68.02999877929688,2,Cotton,CT=F
2016-10-06,67.70999908447266,68.12000274658203,68.12000274658203,68.12000274658203,4,Cotton,CT=F
2016-10-07,67.19000244140625,67.19000244140625,67.19000244140625,67.19000244140625,13571,Cotton,CT=F
2016-10-11,67.13999938964844,68.04000091552734,67.0199966430664,67.69999694824219,13367,Cotton,CT=F
2016-10-12,68.97000122070312,69.79000091552734,66.76000213623047,67.13999938964844,32011,Cotton,CT=F
2016-10-13,69.30999755859375,70.05000305175781,68.4000015258789,68.70999908447266,18468,Cotton,CT=F
2016-10-14,70.56999969482422,70.73999786376953,69.30999755859375,69.5999984741211,16639,Cotton,CT=F
2016-10-17,71.19000244140625,71.26000213623047,69.8499984741211,70.48999786376953,17697,Cotton,CT=F
2016-10-18,71.1500015258789,71.69999694824219,70.66999816894531,71.23999786376953,17765,Cotton,CT=F
2016-10-19,71.0999984741211,71.2699966430664,70.22000122070312,71.16999816894531,14870,Cotton,CT=F
2016-10-20,69.80000305175781,71.79000091552734,68.94999694824219,71.11000061035156,23410,Cotton,CT=F
2016-10-21,69.06999969482422,69.91000366210938,68.61000061035156,69.80000305175781,14234,Cotton,CT=F
2016-10-24,68.7699966430664,69.19000244140625,68.52999877929688,68.95999908447266,11938,Cotton,CT=F
2016-10-25,68.48999786376953,69.13999938964844,68.08000183105469,69.13999938964844,14410,Cotton,CT=F
2016-10-26,69.26000213623047,69.87999725341797,68.22000122070312,68.2300033569336,18598,Cotton,CT=F
2016-10-27,69.76000213623047,70.0,68.77999877929688,69.05000305175781,13591,Cotton,CT=F
2016-10-28,70.81999969482422,71.08999633789062,69.25,69.61000061035156,16853,Cotton,CT=F
2016-10-31,68.86000061035156,70.8499984741211,68.73999786376953,70.72000122070312,22346,Cotton,CT=F
2016-11-01,68.19999694824219,68.91999816894531,68.0999984741211,68.76000213623047,21303,Cotton,CT=F
2016-11-02,68.5999984741211,68.77999877929688,68.06999969482422,68.25,16883,Cotton,CT=F
2016-11-03,68.06999969482422,69.19000244140625,67.81999969482422,68.55999755859375,22862,Cotton,CT=F
2016-11-04,68.52999877929688,69.04000091552734,67.69999694824219,68.0,15211,Cotton,CT=F
2016-11-07,68.44999694824219,69.47000122070312,68.05999755859375,68.12999725341797,29296,Cotton,CT=F
2016-11-08,68.75,70.11000061035156,68.19000244140625,68.54000091552734,32036,Cotton,CT=F
2016-11-09,68.29000091552734,69.29000091552734,67.87000274658203,68.58000183105469,30563,Cotton,CT=F
2016-11-10,69.19999694824219,69.79000091552734,68.16000366210938,68.29000091552734,40751,Cotton,CT=F
2016-11-14,68.9000015258789,69.01000213623047,67.97000122070312,68.5,17564,Cotton,CT=F
2016-11-15,70.69000244140625,71.33999633789062,69.08999633789062,69.0999984741211,20454,Cotton,CT=F
2016-11-16,72.12999725341797,72.27999877929688,70.37000274658203,70.66000366210938,11319,Cotton,CT=F
2016-11-17,73.37999725341797,73.48999786376953,70.9800033569336,72.26000213623047,8212,Cotton,CT=F
2016-11-18,73.4000015258789,73.62000274658203,72.66999816894531,73.5,6004,Cotton,CT=F
2016-11-21,73.5999984741211,73.70999908447266,73.11000061035156,73.25,6364,Cotton,CT=F
2016-11-22,73.72000122070312,73.8499984741211,72.79000091552734,73.5999984741211,6605,Cotton,CT=F
2016-11-23,73.08000183105469,73.55000305175781,72.0,73.30000305175781,0,Cotton,CT=F
2016-11-25,72.6500015258789,72.80000305175781,71.95999908447266,72.18000030517578,155,Cotton,CT=F
2016-11-28,73.2699966430664,73.31999969482422,72.01000213623047,72.01000213623047,83,Cotton,CT=F
2016-11-29,72.37999725341797,73.5,72.25,73.5,157,Cotton,CT=F
2016-11-30,72.45999908447266,72.62000274658203,72.13999938964844,72.62000274658203,291,Cotton,CT=F
2016-12-01,71.80000305175781,73.0,71.80000305175781,72.5,226,Cotton,CT=F
2016-12-02,71.9800033569336,72.5,71.29000091552734,71.5999984741211,56,Cotton,CT=F
2016-12-05,72.30999755859375,72.5,72.41000366210938,72.5,54,Cotton,CT=F
2016-12-06,72.38999938964844,72.5,71.7300033569336,72.47000122070312,86,Cotton,CT=F
2016-12-07,72.11000061035156,72.11000061035156,72.11000061035156,72.11000061035156,12163,Cotton,CT=F
2016-12-08,71.41999816894531,71.94999694824219,70.9000015258789,71.05000305175781,16269,Cotton,CT=F
2016-12-09,70.80000305175781,71.80999755859375,70.30000305175781,71.25,16199,Cotton,CT=F
2016-12-12,71.69000244140625,71.77999877929688,70.6500015258789,70.7699966430664,16427,Cotton,CT=F
2016-12-13,72.04000091552734,72.43000030517578,71.19000244140625,71.55000305175781,19279,Cotton,CT=F
2016-12-14,71.47000122070312,72.30000305175781,71.30999755859375,72.04000091552734,12087,Cotton,CT=F
2016-12-15,71.66999816894531,71.7699966430664,71.0999984741211,71.31999969482422,10507,Cotton,CT=F
2016-12-16,71.04000091552734,71.69000244140625,70.9000015258789,71.66000366210938,11852,Cotton,CT=F
2016-12-19,69.56999969482422,71.0,69.52999877929688,70.9000015258789,28062,Cotton,CT=F
2016-12-20,69.33999633789062,69.83999633789062,69.31999969482422,69.54000091552734,13966,Cotton,CT=F
2016-12-21,70.12999725341797,70.91999816894531,69.33999633789062,69.33999633789062,22467,Cotton,CT=F
2016-12-22,70.19999694824219,70.7699966430664,69.76000213623047,70.12999725341797,10518,Cotton,CT=F
2016-12-23,69.87000274658203,70.54000091552734,69.8499984741211,70.19000244140625,7551,Cotton,CT=F
2016-12-27,69.73999786376953,70.23999786376953,69.5199966430664,69.7699966430664,8108,Cotton,CT=F
2016-12-28,69.75,70.0,69.5999984741211,69.83000183105469,7756,Cotton,CT=F
2016-12-29,70.5,71.13999938964844,69.63999938964844,69.75,14684,Cotton,CT=F
2016-12-30,70.6500015258789,71.95999908447266,70.43000030517578,70.68000030517578,16443,Cotton,CT=F
2017-01-03,71.77999877929688,71.8499984741211,71.13999938964844,71.19000244140625,12604,Cotton,CT=F
2017-01-04,74.08000183105469,74.2300033569336,71.56999969482422,71.77999877929688,37372,Cotton,CT=F
2017-01-05,73.77999877929688,75.37000274658203,73.61000061035156,74.16999816894531,28247,Cotton,CT=F
2017-01-06,73.98999786376953,74.19000244140625,72.9000015258789,73.93000030517578,19467,Cotton,CT=F
2017-01-09,72.98999786376953,74.18000030517578,72.80999755859375,73.98999786376953,17978,Cotton,CT=F
2017-01-10,73.19000244140625,73.69999694824219,72.81999969482422,72.98999786376953,15295,Cotton,CT=F
2017-01-11,73.13999938964844,73.80999755859375,72.98999786376953,73.25,16131,Cotton,CT=F
2017-01-12,72.33999633789062,73.80000305175781,72.25,73.25,21926,Cotton,CT=F
2017-01-13,72.2699966430664,72.75,72.0,72.33999633789062,0,Cotton,CT=F
2017-01-17,72.11000061035156,72.87000274658203,71.80999755859375,72.2699966430664,16974,Cotton,CT=F
2017-01-18,72.26000213623047,72.55000305175781,72.0199966430664,72.12000274658203,12813,Cotton,CT=F
2017-01-19,72.69000244140625,73.29000091552734,72.2699966430664,72.38999938964844,13939,Cotton,CT=F
2017-01-20,73.04000091552734,73.43000030517578,72.72000122070312,72.86000061035156,12811,Cotton,CT=F
2017-01-23,74.62999725341797,74.94000244140625,73.02999877929688,73.13999938964844,25740,Cotton,CT=F
2017-01-24,73.56999969482422,75.0,72.52999877929688,74.63999938964844,30919,Cotton,CT=F
2017-01-25,73.87999725341797,74.16999816894531,73.13999938964844,73.27999877929688,15003,Cotton,CT=F
2017-01-26,74.19000244140625,74.93000030517578,73.66999816894531,73.94000244140625,16782,Cotton,CT=F
2017-01-27,74.8499984741211,74.97000122070312,74.19000244140625,74.19000244140625,13319,Cotton,CT=F
2017-01-30,74.13999938964844,75.31999969482422,74.05999755859375,74.9000015258789,17741,Cotton,CT=F
2017-01-31,74.94000244140625,75.12999725341797,74.0999984741211,74.16000366210938,17121,Cotton,CT=F
2017-02-01,76.44000244140625,76.55999755859375,74.91000366210938,75.0,25699,Cotton,CT=F
2017-02-02,76.91000366210938,77.4000015258789,75.72000122070312,76.36000061035156,32545,Cotton,CT=F
2017-02-03,76.41000366210938,77.1500015258789,76.20999908447266,76.73999786376953,21823,Cotton,CT=F
2017-02-06,75.62999725341797,76.5,75.55999755859375,76.45999908447266,21502,Cotton,CT=F
2017-02-07,75.08999633789062,76.08999633789062,75.05000305175781,75.75,38502,Cotton,CT=F
2017-02-08,75.25,75.72000122070312,75.06999969482422,75.2300033569336,30984,Cotton,CT=F
2017-02-09,75.58000183105469,76.12999725341797,75.25,75.43000030517578,31003,Cotton,CT=F
2017-02-10,75.81999969482422,76.2300033569336,75.55000305175781,75.58999633789062,36960,Cotton,CT=F
2017-02-13,76.61000061035156,76.94999694824219,75.88999938964844,75.9000015258789,31297,Cotton,CT=F
2017-02-14,76.31999969482422,76.7300033569336,75.9000015258789,76.6500015258789,20888,Cotton,CT=F
2017-02-15,75.70999908447266,76.6500015258789,75.62999725341797,76.31999969482422,14067,Cotton,CT=F
2017-02-16,75.01000213623047,75.83000183105469,74.95999908447266,75.7300033569336,20907,Cotton,CT=F
2017-02-17,73.4800033569336,75.1500015258789,73.0199966430664,75.05999755859375,0,Cotton,CT=F
2017-02-21,73.5199966430664,73.94999694824219,73.37000274658203,73.4800033569336,8263,Cotton,CT=F
2017-02-22,74.13999938964844,74.88999938964844,73.80000305175781,74.19999694824219,241,Cotton,CT=F
2017-02-23,75.0199966430664,75.38999938964844,74.95999908447266,75.04000091552734,30,Cotton,CT=F
2017-02-24,75.41999816894531,75.98999786376953,75.9000015258789,75.97000122070312,30,Cotton,CT=F
2017-02-27,74.97000122070312,74.97000122070312,74.97000122070312,74.97000122070312,30,Cotton,CT=F
2017-02-28,75.33000183105469,75.79000091552734,75.0,75.79000091552734,26,Cotton,CT=F
2017-03-01,76.8499984741211,75.44999694824219,75.33999633789062,75.33999633789062,6,Cotton,CT=F
2017-03-02,75.69000244140625,78.0,76.83999633789062,76.83999633789062,49,Cotton,CT=F
2017-03-03,77.27999877929688,77.0,75.98999786376953,77.0,8,Cotton,CT=F
2017-03-06,78.38999938964844,78.27999877929688,78.12000274658203,78.12000274658203,8,Cotton,CT=F
2017-03-07,77.27999877929688,78.5,77.33999633789062,78.44000244140625,16,Cotton,CT=F
2017-03-08,76.9000015258789,77.33999633789062,77.0,77.33999633789062,4,Cotton,CT=F
2017-03-09,76.62999725341797,76.62999725341797,76.62999725341797,76.62999725341797,17308,Cotton,CT=F
2017-03-10,77.29000091552734,78.0,77.1500015258789,78.0,11745,Cotton,CT=F
2017-03-13,76.87000274658203,77.58000183105469,76.80999755859375,77.1500015258789,11301,Cotton,CT=F
2017-03-14,77.1500015258789,77.33999633789062,76.80000305175781,76.91999816894531,10516,Cotton,CT=F
2017-03-15,78.08000183105469,78.26000213623047,77.16999816894531,77.33000183105469,11838,Cotton,CT=F
2017-03-16,78.16999816894531,78.88999938964844,78.0,78.08000183105469,12108,Cotton,CT=F
2017-03-17,78.36000061035156,78.5999984741211,77.9000015258789,78.08999633789062,9344,Cotton,CT=F
2017-03-20,77.33000183105469,78.73999786376953,77.30000305175781,78.33000183105469,13703,Cotton,CT=F
2017-03-21,76.83999633789062,77.4800033569336,76.68000030517578,77.33000183105469,19422,Cotton,CT=F
2017-03-22,77.33999633789062,78.18000030517578,76.66999816894531,76.76000213623047,16630,Cotton,CT=F
2017-03-23,77.2699966430664,77.97000122070312,77.2300033569336,77.61000061035156,11262,Cotton,CT=F
2017-03-24,77.47000122070312,78.1500015258789,77.16999816894531,77.2699966430664,14929,Cotton,CT=F
2017-03-27,76.94000244140625,77.7300033569336,76.9000015258789,77.47000122070312,15269,Cotton,CT=F
2017-03-28,76.87999725341797,77.51000213623047,76.69999694824219,77.0,14264,Cotton,CT=F
2017-03-29,76.13999938964844,77.08000183105469,76.0999984741211,76.98999786376953,18145,Cotton,CT=F
2017-03-30,76.2300033569336,76.54000091552734,76.0999984741211,76.1500015258789,14905,Cotton,CT=F
2017-03-31,77.33000183105469,77.4000015258789,75.80000305175781,76.2300033569336,24305,Cotton,CT=F
2017-04-03,75.47000122070312,78.06999969482422,75.44000244140625,77.30999755859375,34359,Cotton,CT=F
2017-04-04,74.8499984741211,75.72000122070312,74.55000305175781,75.43000030517578,31054,Cotton,CT=F
2017-04-05,74.87000274658203,75.19000244140625,74.6500015258789,74.6500015258789,18912,Cotton,CT=F
2017-04-06,74.51000213623047,75.06999969482422,74.4800033569336,74.83999633789062,17788,Cotton,CT=F
2017-04-07,73.45999908447266,74.5999984741211,73.37999725341797,74.51000213623047,34565,Cotton,CT=F
2017-04-10,75.1500015258789,75.29000091552734,73.3499984741211,73.5,29831,Cotton,CT=F
2017-04-11,75.01000213623047,75.80000305175781,74.41000366210938,75.11000061035156,31026,Cotton,CT=F
2017-04-12,74.7300033569336,75.16000366210938,74.58000183105469,74.87999725341797,24969,Cotton,CT=F
2017-04-13,75.62000274658203,75.73999786376953,74.66000366210938,74.80000305175781,21190,Cotton,CT=F
2017-04-17,77.02999877929688,77.19000244140625,75.18000030517578,75.18000030517578,11335,Cotton,CT=F
2017-04-18,76.81999969482422,77.48999786376953,76.27999877929688,77.26000213623047,15916,Cotton,CT=F
2017-04-19,77.66999816894531,77.75,76.58000183105469,76.80999755859375,7448,Cotton,CT=F
2017-04-20,80.06999969482422,80.66999816894531,77.66999816894531,77.66999816894531,5840,Cotton,CT=F
2017-04-21,78.98999786376953,80.30000305175781,78.4800033569336,80.0,3875,Cotton,CT=F
2017-04-24,80.08999633789062,80.0199966430664,79.18000030517578,79.5,194,Cotton,CT=F
2017-04-25,80.70999908447266,80.06999969482422,79.0,79.94000244140625,67,Cotton,CT=F
2017-04-26,80.69000244140625,81.19999694824219,80.6500015258789,80.83999633789062,24,Cotton,CT=F
2017-04-27,79.31999969482422,79.91000366210938,79.2300033569336,79.91000366210938,22,Cotton,CT=F
2017-04-28,80.2300033569336,79.31999969482422,79.31999969482422,79.31999969482422,25,Cotton,CT=F
2017-05-01,80.44999694824219,80.44999694824219,80.44999694824219,80.44999694824219,5,Cotton,CT=F
2017-05-02,80.83000183105469,80.83000183105469,80.83000183105469,80.83000183105469,5,Cotton,CT=F
2017-05-03,80.69000244140625,80.91000366210938,80.58999633789062,80.91000366210938,10,Cotton,CT=F
2017-05-04,80.83000183105469,81.55999755859375,80.20999908447266,80.20999908447266,13,Cotton,CT=F
2017-05-05,79.76000213623047,80.63999938964844,79.94999694824219,80.63999938964844,44,Cotton,CT=F
2017-05-08,76.77999877929688,77.4800033569336,77.4800033569336,77.4800033569336,14903,Cotton,CT=F
2017-05-09,77.43000030517578,77.81999969482422,77.06999969482422,77.19000244140625,16111,Cotton,CT=F
2017-05-10,76.48999786376953,77.56999969482422,76.36000061035156,77.52999877929688,24655,Cotton,CT=F
2017-05-11,79.18000030517578,79.20999908447266,76.16999816894531,76.33999633789062,44527,Cotton,CT=F
2017-05-12,82.18000030517578,82.18000030517578,79.1500015258789,79.22000122070312,27101,Cotton,CT=F
2017-05-15,85.31999969482422,87.18000030517578,82.5199966430664,83.02999877929688,69381,Cotton,CT=F
2017-05-16,81.31999969482422,85.18000030517578,81.31999969482422,85.13999938964844,31029,Cotton,CT=F
2017-05-17,80.16999816894531,83.04000091552734,79.62999725341797,81.31999969482422,24376,Cotton,CT=F
2017-05-18,79.23999786376953,80.62999725341797,78.83999633789062,80.36000061035156,17955,Cotton,CT=F
2017-05-19,79.44999694824219,79.5,78.41999816894531,79.4000015258789,21349,Cotton,CT=F
2017-05-22,78.38999938964844,79.5,78.30000305175781,79.5,14469,Cotton,CT=F
2017-05-23,77.22000122070312,78.43000030517578,77.0999984741211,78.4000015258789,20876,Cotton,CT=F
2017-05-24,77.54000091552734,78.72000122070312,77.0999984741211,77.36000061035156,17306,Cotton,CT=F
2017-05-25,77.16000366210938,78.13999938964844,77.0999984741211,77.51000213623047,16718,Cotton,CT=F
2017-05-26,77.08999633789062,77.5999984741211,77.01000213623047,77.2699966430664,0,Cotton,CT=F
2017-05-30,77.26000213623047,77.66999816894531,76.9000015258789,77.0999984741211,12771,Cotton,CT=F
2017-05-31,76.9800033569336,77.3499984741211,76.70999908447266,77.08999633789062,13114,Cotton,CT=F
2017-06-01,77.62999725341797,77.80999755859375,76.80999755859375,76.95999908447266,16436,Cotton,CT=F
2017-06-02,76.69000244140625,77.7699966430664,76.56999969482422,77.72000122070312,17229,Cotton,CT=F
2017-06-05,76.30999755859375,77.02999877929688,76.27999877929688,76.75,15982,Cotton,CT=F
2017-06-06,76.0199966430664,76.66000366210938,75.91000366210938,76.30999755859375,18116,Cotton,CT=F
2017-06-07,75.79000091552734,76.22000122070312,75.6500015258789,76.05999755859375,15283,Cotton,CT=F
2017-06-08,76.55000305175781,76.75,75.61000061035156,75.9000015258789,18102,Cotton,CT=F
2017-06-09,75.69000244140625,76.48999786376953,75.55000305175781,76.4800033569336,21986,Cotton,CT=F
2017-06-12,75.12999725341797,75.75,75.08999633789062,75.72000122070312,21492,Cotton,CT=F
2017-06-13,74.4800033569336,75.13999938964844,74.30999755859375,75.0999984741211,23922,Cotton,CT=F
2017-06-14,73.5,74.83000183105469,73.4000015258789,74.47000122070312,16499,Cotton,CT=F
2017-06-15,71.91000366210938,73.5,71.2699966430664,73.5,21242,Cotton,CT=F
2017-06-16,71.87999725341797,72.54000091552734,70.9000015258789,71.87999725341797,18987,Cotton,CT=F
2017-06-19,71.38999938964844,73.4000015258789,71.1500015258789,71.8499984741211,7237,Cotton,CT=F
2017-06-20,71.3499984741211,71.6500015258789,70.80000305175781,71.54000091552734,4059,Cotton,CT=F
2017-06-21,70.88999938964844,71.94000244140625,70.76000213623047,71.33000183105469,4915,Cotton,CT=F
2017-06-22,71.13999938964844,71.38999938964844,70.68000030517578,71.0,4839,Cotton,CT=F
2017-06-23,72.6500015258789,73.0999984741211,71.02999877929688,71.23999786376953,4606,Cotton,CT=F
2017-06-26,73.68000030517578,73.9800033569336,71.45999908447266,73.54000091552734,116,Cotton,CT=F
2017-06-27,74.44000244140625,74.5999984741211,74.33999633789062,74.5199966430664,92,Cotton,CT=F
2017-06-28,74.41000366210938,74.56999969482422,73.7699966430664,73.9000015258789,9,Cotton,CT=F
2017-06-29,74.0,74.44999694824219,74.0,74.19999694824219,13,Cotton,CT=F
2017-06-30,75.30999755859375,75.30999755859375,75.30999755859375,75.30999755859375,13,Cotton,CT=F
2017-07-03,73.69000244140625,73.69000244140625,73.69000244140625,73.69000244140625,13,Cotton,CT=F
2017-07-05,73.86000061035156,73.62000274658203,73.62000274658203,73.62000274658203,2,Cotton,CT=F
2017-07-06,75.01000213623047,75.22000122070312,74.4800033569336,74.4800033569336,18,Cotton,CT=F
2017-07-07,75.29000091552734,75.29000091552734,75.29000091552734,75.29000091552734,23,Cotton,CT=F
2017-07-10,67.72000122070312,71.41999816894531,67.55999755859375,69.5,125,Cotton,CT=F
2017-07-11,68.1500015258789,68.29000091552734,66.97000122070312,67.55999755859375,57,Cotton,CT=F
2017-07-12,68.12999725341797,68.45999908447266,67.43000030517578,67.9000015258789,65,Cotton,CT=F
2017-07-13,66.54000091552734,68.3499984741211,66.48999786376953,68.3499984741211,54,Cotton,CT=F
2017-07-14,67.18000030517578,67.75,66.48999786376953,66.54000091552734,18,Cotton,CT=F
2017-07-17,68.56999969482422,68.6500015258789,67.05999755859375,67.52999877929688,14,Cotton,CT=F
2017-07-18,68.86000061035156,69.0999984741211,67.8499984741211,68.5,13,Cotton,CT=F
2017-07-19,68.76000213623047,69.45999908447266,68.69999694824219,69.2300033569336,14,Cotton,CT=F
2017-07-20,69.55000305175781,69.7699966430664,69.37000274658203,69.5199966430664,10,Cotton,CT=F
2017-07-21,69.13999938964844,69.45999908447266,68.5199966430664,69.05999755859375,22,Cotton,CT=F
2017-07-24,69.0,69.3499984741211,69.06999969482422,69.3499984741211,4,Cotton,CT=F
2017-07-25,69.55000305175781,69.47000122070312,69.47000122070312,69.47000122070312,1,Cotton,CT=F
2017-07-26,69.0199966430664,69.8499984741211,68.23999786376953,69.5,200,Cotton,CT=F
2017-07-27,70.5,72.0199966430664,69.33000183105469,69.33000183105469,256,Cotton,CT=F
2017-07-28,70.22000122070312,70.68000030517578,69.81999969482422,69.81999969482422,5,Cotton,CT=F
2017-07-31,70.5,71.12999725341797,69.83000183105469,70.33999633789062,12,Cotton,CT=F
2017-08-01,71.16999816894531,71.16999816894531,70.51000213623047,70.7300033569336,19,Cotton,CT=F
2017-08-02,71.75,71.8499984741211,71.16999816894531,71.16999816894531,12,Cotton,CT=F
2017-08-03,71.55000305175781,72.43000030517578,71.2300033569336,72.1500015258789,38,Cotton,CT=F
2017-08-04,70.98999786376953,72.22000122070312,70.4000015258789,72.0,86,Cotton,CT=F
2017-08-07,71.22000122070312,71.5199966430664,70.98999786376953,70.98999786376953,11,Cotton,CT=F
2017-08-08,71.91000366210938,71.94000244140625,70.62000274658203,71.37999725341797,75,Cotton,CT=F
2017-08-09,71.81999969482422,71.94000244140625,71.29000091552734,71.37000274658203,10,Cotton,CT=F
2017-08-10,69.26000213623047,71.61000061035156,68.8499984741211,71.61000061035156,54,Cotton,CT=F
2017-08-11,69.23999786376953,69.8499984741211,69.06999969482422,69.11000061035156,13,Cotton,CT=F
2017-08-14,68.5,69.23999786376953,68.4000015258789,69.23999786376953,11,Cotton,CT=F
2017-08-15,67.68000030517578,68.29000091552734,67.66999816894531,68.29000091552734,7,Cotton,CT=F
2017-08-16,67.55000305175781,67.72000122070312,67.5,67.5999984741211,12,Cotton,CT=F
2017-08-17,67.44999694824219,67.3499984741211,67.25,67.3499984741211,19,Cotton,CT=F
2017-08-18,67.79000091552734,67.79000091552734,67.79000091552734,67.79000091552734,0,Cotton,CT=F
2017-08-21,68.70999908447266,68.77999877929688,67.51000213623047,67.91000366210938,69,Cotton,CT=F
2017-08-22,68.87999725341797,69.06999969482422,68.76000213623047,68.76000213623047,2,Cotton,CT=F
2017-08-23,69.5999984741211,70.52999877929688,69.11000061035156,69.11000061035156,15,Cotton,CT=F
2017-08-24,70.16999816894531,70.20999908447266,69.44000244140625,69.5,35,Cotton,CT=F
2017-08-25,68.61000061035156,70.25,68.62000274658203,70.25,22,Cotton,CT=F
2017-08-28,70.33000183105469,70.19000244140625,68.61000061035156,68.61000061035156,28,Cotton,CT=F
2017-08-29,70.55999755859375,70.8499984741211,70.1500015258789,70.26000213623047,37,Cotton,CT=F
2017-08-30,71.47000122070312,71.5199966430664,70.8499984741211,70.8499984741211,24,Cotton,CT=F
2017-08-31,71.4800033569336,71.52999877929688,71.13999938964844,71.23999786376953,12,Cotton,CT=F
2017-09-01,72.55000305175781,72.70999908447266,71.88999938964844,71.9000015258789,28,Cotton,CT=F
2017-09-05,75.26000213623047,75.55000305175781,72.94999694824219,72.94999694824219,93,Cotton,CT=F
2017-09-06,75.26000213623047,75.79000091552734,75.0,75.79000091552734,43,Cotton,CT=F
2017-09-07,75.02999877929688,75.0999984741211,74.5,74.70999908447266,19,Cotton,CT=F
2017-09-08,75.58999633789062,76.1500015258789,75.19000244140625,75.19999694824219,23,Cotton,CT=F
2017-09-11,73.70999908447266,75.56999969482422,72.58999633789062,75.56999969482422,72,Cotton,CT=F
2017-09-12,70.70999908447266,73.47000122070312,70.70999908447266,73.37999725341797,17,Cotton,CT=F
2017-09-13,69.9800033569336,70.30000305175781,69.61000061035156,70.30000305175781,56,Cotton,CT=F
2017-09-14,69.77999877929688,69.86000061035156,69.0199966430664,69.86000061035156,35,Cotton,CT=F
2017-09-15,70.12999725341797,70.26000213623047,69.94999694824219,69.94999694824219,4,Cotton,CT=F
2017-09-18,70.41000366210938,70.94000244140625,69.47000122070312,69.47000122070312,45,Cotton,CT=F
2017-09-19,69.9800033569336,70.94000244140625,70.41000366210938,70.69000244140625,20,Cotton,CT=F
2017-09-20,70.04000091552734,71.11000061035156,69.63999938964844,70.5199966430664,38,Cotton,CT=F
2017-09-21,69.04000091552734,69.04000091552734,69.04000091552734,69.04000091552734,1,Cotton,CT=F
2017-09-22,69.08999633789062,69.30000305175781,68.80000305175781,69.11000061035156,25,Cotton,CT=F
2017-09-25,70.08999633789062,70.08999633789062,70.08999633789062,70.08999633789062,0,Cotton,CT=F
2017-09-26,69.37999725341797,69.37999725341797,69.37999725341797,69.37999725341797,0,Cotton,CT=F
2017-09-27,69.27999877929688,69.27999877929688,69.27999877929688,69.27999877929688,0,Cotton,CT=F
2017-09-28,69.5999984741211,69.5999984741211,69.5999984741211,69.5999984741211,0,Cotton,CT=F
2017-09-29,69.08000183105469,69.08000183105469,69.08000183105469,69.08000183105469,0,Cotton,CT=F
2017-10-02,68.19999694824219,68.19999694824219,68.19999694824219,68.19999694824219,0,Cotton,CT=F
2017-10-03,68.1500015258789,68.1500015258789,68.1500015258789,68.1500015258789,0,Cotton,CT=F
2017-10-04,69.43000030517578,69.43000030517578,69.43000030517578,69.43000030517578,0,Cotton,CT=F
2017-10-05,68.9000015258789,68.9000015258789,68.9000015258789,68.9000015258789,0,Cotton,CT=F
2017-10-06,69.47000122070312,69.47000122070312,69.47000122070312,69.47000122070312,55,Cotton,CT=F
2017-10-09,69.58000183105469,69.58000183105469,69.58000183105469,69.58000183105469,9241,Cotton,CT=F
2017-10-10,68.94999694824219,69.87999725341797,68.61000061035156,69.0,12927,Cotton,CT=F
2017-10-11,68.7300033569336,69.44999694824219,68.45999908447266,69.23999786376953,8776,Cotton,CT=F
2017-10-12,67.83999633789062,69.11000061035156,67.66000366210938,68.83000183105469,17355,Cotton,CT=F
2017-10-13,68.62000274658203,68.94000244140625,67.66999816894531,67.73999786376953,10971,Cotton,CT=F
2017-10-16,67.52999877929688,68.87999725341797,67.52999877929688,68.54000091552734,15596,Cotton,CT=F
2017-10-17,67.7699966430664,68.5999984741211,67.44999694824219,67.56999969482422,14237,Cotton,CT=F
2017-10-18,67.62999725341797,68.16999816894531,67.54000091552734,67.80999755859375,10302,Cotton,CT=F
2017-10-19,67.30999755859375,67.87999725341797,67.26000213623047,67.81999969482422,12914,Cotton,CT=F
2017-10-20,66.87999725341797,67.58000183105469,66.83999633789062,67.30000305175781,16514,Cotton,CT=F
2017-10-23,69.72000122070312,69.79000091552734,66.88999938964844,66.88999938964844,33450,Cotton,CT=F
2017-10-24,69.54000091552734,70.22000122070312,69.0199966430664,69.44000244140625,21156,Cotton,CT=F
2017-10-25,69.30999755859375,69.9000015258789,69.12000274658203,69.56999969482422,11524,Cotton,CT=F
2017-10-26,68.19000244140625,69.2699966430664,68.0999984741211,69.25,14473,Cotton,CT=F
2017-10-27,68.19999694824219,68.48999786376953,67.80000305175781,68.48999786376953,12315,Cotton,CT=F
2017-10-30,68.63999938964844,69.19999694824219,67.94999694824219,68.0,15684,Cotton,CT=F
2017-10-31,68.37999725341797,68.91000366210938,68.11000061035156,68.70999908447266,17214,Cotton,CT=F
2017-11-01,68.16999816894531,69.05000305175781,68.0999984741211,68.68000030517578,19933,Cotton,CT=F
2017-11-02,69.08000183105469,69.30000305175781,68.11000061035156,68.4000015258789,21896,Cotton,CT=F
2017-11-03,68.72000122070312,69.37000274658203,68.3499984741211,69.05999755859375,17444,Cotton,CT=F
2017-11-06,68.8499984741211,69.12000274658203,68.2300033569336,68.86000061035156,23635,Cotton,CT=F
2017-11-07,68.06999969482422,68.88999938964844,68.01000213623047,68.8499984741211,29271,Cotton,CT=F
2017-11-08,68.62999725341797,69.1500015258789,68.05999755859375,68.06999969482422,33534,Cotton,CT=F
2017-11-09,68.29000091552734,69.4800033569336,68.18000030517578,68.77999877929688,31783,Cotton,CT=F
2017-11-10,69.05000305175781,69.18000030517578,68.3499984741211,68.38999938964844,20774,Cotton,CT=F
2017-11-13,68.87999725341797,69.68000030517578,68.8499984741211,69.0,24703,Cotton,CT=F
2017-11-14,68.5999984741211,69.38999938964844,68.58000183105469,68.9000015258789,19455,Cotton,CT=F
2017-11-15,68.80999755859375,68.91000366210938,68.58999633789062,68.62999725341797,12974,Cotton,CT=F
2017-11-16,69.20999908447266,69.5,68.79000091552734,68.91999816894531,11003,Cotton,CT=F
2017-11-17,69.77999877929688,70.08000183105469,69.20999908447266,69.20999908447266,10903,Cotton,CT=F
2017-11-20,71.37000274658203,71.5,69.79000091552734,69.80000305175781,8351,Cotton,CT=F
2017-11-21,70.9000015258789,72.5199966430664,70.4000015258789,71.06999969482422,7045,Cotton,CT=F
2017-11-22,70.73999786376953,72.41000366210938,70.5,70.9000015258789,4609,Cotton,CT=F
2017-11-24,72.2300033569336,72.33999633789062,70.5999984741211,70.80000305175781,126,Cotton,CT=F
2017-11-27,72.1500015258789,72.6500015258789,71.83999633789062,71.91000366210938,131,Cotton,CT=F
2017-11-28,74.05000305175781,73.94000244140625,72.0,72.19999694824219,141,Cotton,CT=F
2017-11-29,75.5199966430664,75.47000122070312,72.44999694824219,72.44999694824219,97,Cotton,CT=F
2017-11-30,75.04000091552734,75.54000091552734,74.5,75.54000091552734,77,Cotton,CT=F
2017-12-01,75.43000030517578,75.81999969482422,75.0,75.75,74,Cotton,CT=F
2017-12-04,75.02999877929688,75.33999633789062,75.0,75.0,36,Cotton,CT=F
2017-12-05,74.95999908447266,75.41999816894531,74.80000305175781,75.0,35,Cotton,CT=F
2017-12-06,75.16999816894531,75.16999816894531,75.16999816894531,75.16999816894531,13354,Cotton,CT=F
2017-12-07,74.2300033569336,74.2699966430664,72.0999984741211,72.83999633789062,26597,Cotton,CT=F
2017-12-08,73.72000122070312,74.27999877929688,73.62000274658203,74.0999984741211,21103,Cotton,CT=F
2017-12-11,73.0,73.83000183105469,72.80000305175781,73.72000122070312,16646,Cotton,CT=F
2017-12-12,72.91000366210938,74.19000244140625,72.76000213623047,72.86000061035156,22039,Cotton,CT=F
2017-12-13,74.12999725341797,74.2300033569336,72.91000366210938,72.91000366210938,16151,Cotton,CT=F
2017-12-14,75.33000183105469,75.55999755859375,73.9000015258789,74.08999633789062,21761,Cotton,CT=F
2017-12-15,75.91999816894531,76.75,75.04000091552734,75.05999755859375,30467,Cotton,CT=F
2017-12-18,75.19999694824219,76.44999694824219,75.12999725341797,75.9800033569336,15719,Cotton,CT=F
2017-12-19,75.02999877929688,75.91999816894531,74.93000030517578,75.30000305175781,15357,Cotton,CT=F
2017-12-20,75.70999908447266,75.94999694824219,74.94999694824219,75.0,12087,Cotton,CT=F
2017-12-21,77.94000244140625,78.06999969482422,75.41000366210938,75.62999725341797,24539,Cotton,CT=F
2017-12-22,77.87000274658203,78.06999969482422,77.0,77.3499984741211,17795,Cotton,CT=F
2017-12-26,77.43000030517578,78.16000366210938,77.16999816894531,77.9000015258789,8623,Cotton,CT=F
2017-12-27,78.94999694824219,78.98999786376953,77.25,77.5,18514,Cotton,CT=F
2017-12-28,78.80000305175781,79.44999694824219,78.5999984741211,78.73999786376953,12897,Cotton,CT=F
2017-12-29,78.62999725341797,78.93000030517578,78.22000122070312,78.75,14101,Cotton,CT=F
2018-01-02,77.5,79.29000091552734,77.30000305175781,78.63999938964844,20981,Cotton,CT=F
2018-01-03,78.11000061035156,78.29000091552734,77.37000274658203,77.51000213623047,13372,Cotton,CT=F
2018-01-04,79.25,79.38999938964844,78.05999755859375,78.11000061035156,15374,Cotton,CT=F
2018-01-05,78.01000213623047,80.05000305175781,77.80999755859375,79.1500015258789,24676,Cotton,CT=F
2018-01-08,78.13999938964844,78.79000091552734,77.93000030517578,78.0999984741211,16891,Cotton,CT=F
2018-01-09,78.3499984741211,78.69999694824219,78.02999877929688,78.08000183105469,12810,Cotton,CT=F
2018-01-10,79.6500015258789,79.93000030517578,78.33000183105469,78.3499984741211,16686,Cotton,CT=F
2018-01-11,82.6500015258789,82.6500015258789,79.41999816894531,79.55000305175781,34198,Cotton,CT=F
2018-01-12,81.68000030517578,84.6500015258789,80.30000305175781,82.8499984741211,43200,Cotton,CT=F
2018-01-16,81.43000030517578,82.05000305175781,80.62000274658203,81.81999969482422,19313,Cotton,CT=F
2018-01-17,82.13999938964844,82.22000122070312,80.95999908447266,81.30000305175781,13635,Cotton,CT=F
2018-01-18,82.62999725341797,83.94000244140625,81.81999969482422,82.01000213623047,26971,Cotton,CT=F
2018-01-19,83.41999816894531,83.76000213623047,82.36000061035156,82.52999877929688,19303,Cotton,CT=F
2018-01-22,83.41000366210938,83.94999694824219,83.0,83.3499984741211,17156,Cotton,CT=F
2018-01-23,82.26000213623047,83.68000030517578,82.01000213623047,83.41999816894531,21793,Cotton,CT=F
2018-01-24,82.2699966430664,82.7300033569336,81.61000061035156,82.06999969482422,25404,Cotton,CT=F
2018-01-25,81.87999725341797,82.8499984741211,81.7699966430664,82.27999877929688,18011,Cotton,CT=F
2018-01-26,80.4800033569336,81.9800033569336,80.31999969482422,81.86000061035156,26965,Cotton,CT=F
2018-01-29,78.36000061035156,80.62000274658203,78.1500015258789,80.5199966430664,36663,Cotton,CT=F
2018-01-30,77.02999877929688,78.93000030517578,76.95999908447266,78.36000061035156,29236,Cotton,CT=F
2018-01-31,77.27999877929688,78.19999694824219,76.5199966430664,77.23999786376953,38453,Cotton,CT=F
2018-02-01,78.3499984741211,79.93000030517578,77.16000366210938,77.30000305175781,37574,Cotton,CT=F
2018-02-02,77.30000305175781,78.81999969482422,77.2300033569336,78.44999694824219,30885,Cotton,CT=F
2018-02-05,76.56999969482422,77.91000366210938,76.44999694824219,77.36000061035156,25997,Cotton,CT=F
2018-02-06,76.19000244140625,76.80000305175781,75.8499984741211,76.55000305175781,24696,Cotton,CT=F
2018-02-07,75.95999908447266,76.93000030517578,75.81999969482422,76.11000061035156,27161,Cotton,CT=F
2018-02-08,76.62000274658203,77.5199966430664,75.88999938964844,75.91000366210938,37960,Cotton,CT=F
2018-02-09,76.68000030517578,77.2699966430664,75.73999786376953,77.0,27401,Cotton,CT=F
2018-02-12,76.44999694824219,77.47000122070312,76.0999984741211,76.68000030517578,27908,Cotton,CT=F
2018-02-13,76.37999725341797,76.5,75.66000366210938,76.41000366210938,18895,Cotton,CT=F
2018-02-14,75.5999984741211,76.44999694824219,75.41000366210938,76.44999694824219,14711,Cotton,CT=F
2018-02-15,75.41000366210938,76.29000091552734,75.11000061035156,75.5999984741211,7781,Cotton,CT=F
2018-02-16,75.72000122070312,75.87000274658203,75.12999725341797,75.33999633789062,0,Cotton,CT=F
2018-02-20,77.51000213623047,78.30999755859375,75.5999984741211,75.69999694824219,8757,Cotton,CT=F
2018-02-21,78.91000366210938,79.0999984741211,77.44999694824219,77.5,7830,Cotton,CT=F
2018-02-22,80.54000091552734,81.33999633789062,78.41999816894531,78.8499984741211,257,Cotton,CT=F
2018-02-23,81.44999694824219,81.5,80.25,80.75,158,Cotton,CT=F
2018-02-26,81.69999694824219,81.75,80.55000305175781,81.75,34,Cotton,CT=F
2018-02-27,81.76000213623047,81.75,81.0,81.0,29,Cotton,CT=F
2018-02-28,81.6500015258789,81.75,81.5,81.75,21,Cotton,CT=F
2018-03-01,82.56999969482422,81.80000305175781,81.5,81.80000305175781,12,Cotton,CT=F
2018-03-02,82.72000122070312,82.69999694824219,82.5,82.69999694824219,59,Cotton,CT=F
2018-03-05,85.41000366210938,83.80999755859375,82.5999984741211,83.80999755859375,4,Cotton,CT=F
2018-03-06,83.83999633789062,87.75,85.20999908447266,87.75,19,Cotton,CT=F
2018-03-07,84.19999694824219,84.19999694824219,84.19999694824219,84.19999694824219,22478,Cotton,CT=F
2018-03-08,85.12000274658203,85.25,82.95999908447266,83.26000213623047,22263,Cotton,CT=F
2018-03-09,84.5199966430664,85.55000305175781,84.2300033569336,84.94000244140625,15189,Cotton,CT=F
2018-03-12,83.27999877929688,85.02999877929688,82.87999725341797,84.48999786376953,14497,Cotton,CT=F
2018-03-13,82.9800033569336,84.20999908447266,82.04000091552734,83.19000244140625,19947,Cotton,CT=F
2018-03-14,83.44000244140625,83.87000274658203,82.41000366210938,83.38999938964844,11018,Cotton,CT=F
2018-03-15,83.52999877929688,83.86000061035156,82.6500015258789,83.58999633789062,12456,Cotton,CT=F
2018-03-16,82.8499984741211,83.69999694824219,82.41999816894531,83.69999694824219,10030,Cotton,CT=F
2018-03-19,81.2300033569336,82.98999786376953,81.19000244140625,82.98999786376953,16728,Cotton,CT=F
2018-03-20,83.08000183105469,83.3499984741211,80.94999694824219,81.1500015258789,19576,Cotton,CT=F
2018-03-21,82.58999633789062,83.86000061035156,82.54000091552734,82.9800033569336,13920,Cotton,CT=F
2018-03-22,82.1500015258789,83.20999908447266,81.7699966430664,82.66000366210938,12699,Cotton,CT=F
2018-03-23,81.83000183105469,82.38999938964844,81.38999938964844,82.27999877929688,14903,Cotton,CT=F
2018-03-26,81.77999877929688,82.56999969482422,81.5,82.08000183105469,14523,Cotton,CT=F
2018-03-27,82.0199966430664,82.7699966430664,81.72000122070312,81.87999725341797,13131,Cotton,CT=F
2018-03-28,80.73999786376953,82.12999725341797,80.66999816894531,82.0,17420,Cotton,CT=F
2018-03-29,81.45999908447266,82.19999694824219,80.68000030517578,80.73999786376953,18621,Cotton,CT=F
2018-04-02,80.97000122070312,82.70999908447266,80.91999816894531,81.80000305175781,15144,Cotton,CT=F
2018-04-03,82.0199966430664,82.80999755859375,80.97000122070312,80.97000122070312,22369,Cotton,CT=F
2018-04-04,79.63999938964844,82.30999755859375,78.62000274658203,82.0999984741211,43856,Cotton,CT=F
2018-04-05,82.56999969482422,82.63999938964844,79.44999694824219,79.5,35612,Cotton,CT=F
2018-04-06,82.54000091552734,83.45999908447266,81.80000305175781,82.0,26500,Cotton,CT=F
2018-04-09,82.91000366210938,83.69000244140625,82.69999694824219,82.88999938964844,28417,Cotton,CT=F
2018-04-10,83.52999877929688,83.58999633789062,82.30999755859375,82.87999725341797,30865,Cotton,CT=F
2018-04-11,83.83000183105469,84.04000091552734,83.30999755859375,83.66000366210938,22891,Cotton,CT=F
2018-04-12,83.69000244140625,83.97000122070312,83.16999816894531,83.83000183105469,20127,Cotton,CT=F
2018-04-13,83.41000366210938,84.44999694824219,83.05999755859375,83.83000183105469,26393,Cotton,CT=F
2018-04-16,83.25,84.04000091552734,83.0,83.25,12700,Cotton,CT=F
2018-04-17,83.12999725341797,83.58000183105469,82.05999755859375,83.27999877929688,9763,Cotton,CT=F
2018-04-18,82.73999786376953,83.38999938964844,82.5,83.27999877929688,6160,Cotton,CT=F
2018-04-19,82.97000122070312,83.16000366210938,82.55999755859375,82.70999908447266,3536,Cotton,CT=F
2018-04-20,85.47000122070312,85.62999725341797,83.0,83.0,5827,Cotton,CT=F
2018-04-23,83.19000244140625,86.44000244140625,82.9000015258789,85.69999694824219,3444,Cotton,CT=F
2018-04-24,82.26000213623047,84.47000122070312,82.93000030517578,83.25,246,Cotton,CT=F
2018-04-25,84.76000213623047,84.56999969482422,82.88999938964844,83.16999816894531,19,Cotton,CT=F
2018-04-26,84.98999786376953,85.0,84.62999725341797,85.0,6,Cotton,CT=F
2018-04-27,85.33000183105469,85.33000183105469,85.33000183105469,85.33000183105469,0,Cotton,CT=F
2018-04-30,84.68000030517578,84.62999725341797,84.43000030517578,84.62999725341797,3,Cotton,CT=F
2018-05-01,85.12000274658203,85.30000305175781,84.66000366210938,84.66000366210938,17,Cotton,CT=F
2018-05-02,85.01000213623047,85.37999725341797,84.6500015258789,85.33000183105469,12,Cotton,CT=F
2018-05-03,84.44999694824219,84.8499984741211,84.75,84.75,5,Cotton,CT=F
2018-05-04,86.3499984741211,86.0,84.9000015258789,84.9000015258789,13,Cotton,CT=F
2018-05-07,85.98999786376953,87.69000244140625,86.6500015258789,87.69000244140625,3,Cotton,CT=F
2018-05-08,85.37999725341797,85.37999725341797,85.37999725341797,85.37999725341797,18277,Cotton,CT=F
2018-05-09,85.86000061035156,86.04000091552734,85.18000030517578,85.6500015258789,12916,Cotton,CT=F
2018-05-10,84.55999755859375,86.16999816894531,84.05000305175781,86.01000213623047,21069,Cotton,CT=F
2018-05-11,84.62000274658203,84.95999908447266,83.5,84.55999755859375,19111,Cotton,CT=F
2018-05-14,83.69999694824219,84.9000015258789,83.5,84.69999694824219,15145,Cotton,CT=F
2018-05-15,83.76000213623047,84.38999938964844,83.36000061035156,84.11000061035156,15675,Cotton,CT=F
2018-05-16,84.3499984741211,85.38999938964844,83.62999725341797,83.87999725341797,15890,Cotton,CT=F
2018-05-17,85.02999877929688,85.69000244140625,84.05000305175781,84.4800033569336,15148,Cotton,CT=F
2018-05-18,86.55000305175781,87.5999984741211,85.05000305175781,85.12000274658203,20707,Cotton,CT=F
2018-05-21,88.41999816894531,88.7300033569336,87.0999984741211,87.30000305175781,25290,Cotton,CT=F
2018-05-22,87.3499984741211,89.87999725341797,86.62999725341797,88.5999984741211,22417,Cotton,CT=F
2018-05-23,86.95999908447266,87.75,86.72000122070312,87.33999633789062,19700,Cotton,CT=F
2018-05-24,87.45999908447266,87.8499984741211,86.63999938964844,87.18000030517578,20915,Cotton,CT=F
2018-05-25,89.20999908447266,89.69000244140625,87.1500015258789,87.69000244140625,25564,Cotton,CT=F
2018-05-29,93.20999908447266,93.20999908447266,89.56999969482422,89.69000244140625,13547,Cotton,CT=F
2018-05-30,92.48999786376953,96.4000015258789,91.22000122070312,94.20999908447266,46735,Cotton,CT=F
2018-05-31,93.1500015258789,93.75,91.73999786376953,92.4800033569336,23262,Cotton,CT=F
2018-06-01,93.30000305175781,94.48999786376953,92.72000122070312,93.16000366210938,25665,Cotton,CT=F
2018-06-04,92.0999984741211,94.5199966430664,92.06999969482422,93.30000305175781,20224,Cotton,CT=F
2018-06-05,89.83999633789062,92.27999877929688,89.7300033569336,92.23999786376953,23560,Cotton,CT=F
2018-06-06,90.94999694824219,91.70999908447266,89.3499984741211,89.75,17261,Cotton,CT=F
2018-06-07,93.72000122070312,94.94999694824219,90.44999694824219,91.30000305175781,33503,Cotton,CT=F
2018-06-08,94.94000244140625,95.83999633789062,93.58999633789062,93.97000122070312,31101,Cotton,CT=F
2018-06-11,94.75,96.5,94.0,95.55000305175781,22047,Cotton,CT=F
2018-06-12,95.20999908447266,95.8499984741211,94.66999816894531,95.19000244140625,21458,Cotton,CT=F
2018-06-13,93.80999755859375,95.66000366210938,93.20999908447266,95.30000305175781,26904,Cotton,CT=F
2018-06-14,93.41000366210938,94.5,92.61000061035156,93.6500015258789,13682,Cotton,CT=F
2018-06-15,90.72000122070312,93.13999938964844,90.5,93.13999938964844,21715,Cotton,CT=F
2018-06-18,87.31999969482422,90.55000305175781,86.80000305175781,90.55000305175781,9387,Cotton,CT=F
2018-06-19,83.31999969482422,88.1500015258789,83.31999969482422,87.4000015258789,9421,Cotton,CT=F
2018-06-20,83.20999908447266,85.69999694824219,83.0999984741211,83.25,6148,Cotton,CT=F
2018-06-21,83.20999908447266,84.19999694824219,83.01000213623047,83.4000015258789,3585,Cotton,CT=F
2018-06-22,85.43000030517578,85.80000305175781,83.0999984741211,83.25,2639,Cotton,CT=F
2018-06-25,85.94000244140625,86.4800033569336,84.19999694824219,85.5,52,Cotton,CT=F
2018-06-26,85.04000091552734,86.31999969482422,84.08999633789062,85.79000091552734,12,Cotton,CT=F
2018-06-27,85.75,86.12000274658203,86.08000183105469,86.12000274658203,3,Cotton,CT=F
2018-06-28,84.93000030517578,85.6500015258789,85.1500015258789,85.6500015258789,13,Cotton,CT=F
2018-06-29,85.37999725341797,86.02999877929688,85.05999755859375,85.41000366210938,12,Cotton,CT=F
2018-07-02,84.5,84.44000244140625,84.44000244140625,84.44000244140625,51,Cotton,CT=F
2018-07-03,84.54000091552734,84.44000244140625,84.44000244140625,84.44000244140625,7,Cotton,CT=F
2018-07-05,83.7300033569336,84.44000244140625,83.7300033569336,84.44000244140625,17,Cotton,CT=F
2018-07-06,86.37999725341797,84.94999694824219,84.12000274658203,84.12000274658203,3,Cotton,CT=F
2018-07-09,87.16000366210938,87.16000366210938,87.16000366210938,87.16000366210938,26,Cotton,CT=F
2018-07-10,87.5,86.83000183105469,86.30999755859375,86.66000366210938,12,Cotton,CT=F
2018-07-11,85.23999786376953,86.58000183105469,85.20999908447266,86.58000183105469,61,Cotton,CT=F
2018-07-12,89.23999786376953,89.23999786376953,86.12999725341797,86.12999725341797,44,Cotton,CT=F
2018-07-13,88.9000015258789,89.88999938964844,88.0199966430664,89.75,54,Cotton,CT=F
2018-07-16,88.87999725341797,89.31999969482422,88.68000030517578,89.0,14,Cotton,CT=F
2018-07-17,89.19999694824219,89.3499984741211,87.94999694824219,88.66999816894531,30,Cotton,CT=F
2018-07-18,88.83000183105469,89.22000122070312,88.80000305175781,88.80000305175781,6,Cotton,CT=F
2018-07-19,88.30000305175781,88.80999755859375,88.30000305175781,88.80999755859375,12,Cotton,CT=F
2018-07-20,87.73999786376953,88.5199966430664,86.9000015258789,88.43000030517578,33,Cotton,CT=F
2018-07-23,87.47000122070312,87.62000274658203,87.23999786376953,87.47000122070312,5,Cotton,CT=F
2018-07-24,87.31999969482422,87.93000030517578,87.45999908447266,87.93000030517578,6,Cotton,CT=F
2018-07-25,88.80000305175781,89.37999725341797,88.61000061035156,88.91999816894531,27,Cotton,CT=F
2018-07-26,89.02999877929688,89.16999816894531,88.2300033569336,88.87999725341797,6,Cotton,CT=F
2018-07-27,89.05999755859375,89.05999755859375,89.05999755859375,89.05999755859375,0,Cotton,CT=F
2018-07-30,89.94999694824219,90.61000061035156,88.4800033569336,89.08000183105469,77,Cotton,CT=F
2018-07-31,90.27999877929688,90.56999969482422,90.30999755859375,90.44000244140625,5,Cotton,CT=F
2018-08-01,89.05999755859375,90.56999969482422,89.58999633789062,89.58999633789062,13,Cotton,CT=F
2018-08-02,89.44000244140625,89.26000213623047,88.66000366210938,88.87999725341797,17,Cotton,CT=F
2018-08-03,88.66999816894531,89.9000015258789,87.4000015258789,89.38999938964844,48,Cotton,CT=F
2018-08-06,88.69000244140625,88.54000091552734,87.62999725341797,87.87000274658203,33,Cotton,CT=F
2018-08-07,88.22000122070312,89.30999755859375,87.80999755859375,88.52999877929688,25,Cotton,CT=F
2018-08-08,87.38999938964844,88.08000183105469,87.48999786376953,88.08000183105469,11,Cotton,CT=F
2018-08-09,87.26000213623047,87.37999725341797,87.05000305175781,87.37999725341797,15,Cotton,CT=F
2018-08-10,85.86000061035156,87.81999969482422,85.5199966430664,87.66000366210938,62,Cotton,CT=F
2018-08-13,83.13999938964844,85.3499984741211,82.30999755859375,85.3499984741211,38,Cotton,CT=F
2018-08-14,83.41000366210938,83.5,82.66999816894531,82.77999877929688,10,Cotton,CT=F
2018-08-15,81.08000183105469,82.51000213623047,81.20999908447266,82.51000213623047,5,Cotton,CT=F
2018-08-16,82.12999725341797,82.3499984741211,81.55000305175781,81.5999984741211,27,Cotton,CT=F
2018-08-17,81.75,81.75,81.58000183105469,81.58000183105469,7,Cotton,CT=F
2018-08-20,83.0999984741211,83.0999984741211,83.0999984741211,83.0999984741211,1,Cotton,CT=F
2018-08-21,83.5,83.79000091552734,83.08000183105469,83.08000183105469,5,Cotton,CT=F
2018-08-22,82.5199966430664,83.73999786376953,83.2300033569336,83.73999786376953,4,Cotton,CT=F
2018-08-23,81.7300033569336,82.48999786376953,81.5,82.48999786376953,5,Cotton,CT=F
2018-08-24,81.80999755859375,82.72000122070312,81.95999908447266,81.95999908447266,10,Cotton,CT=F
2018-08-27,83.5199966430664,82.94999694824219,82.1500015258789,82.1500015258789,2,Cotton,CT=F
2018-08-28,83.80999755859375,83.9800033569336,83.12000274658203,83.13999938964844,18,Cotton,CT=F
2018-08-29,82.97000122070312,83.9800033569336,83.30000305175781,83.9800033569336,4,Cotton,CT=F
2018-08-30,82.41999816894531,82.9000015258789,82.08999633789062,82.9000015258789,15,Cotton,CT=F
2018-08-31,82.30999755859375,82.9800033569336,82.61000061035156,82.70999908447266,15,Cotton,CT=F
2018-09-04,82.77999877929688,83.0199966430664,81.5199966430664,82.69999694824219,12,Cotton,CT=F
2018-09-05,81.70999908447266,81.70999908447266,81.70999908447266,81.70999908447266,26,Cotton,CT=F
2018-09-06,81.37999725341797,81.97000122070312,81.5999984741211,81.61000061035156,12,Cotton,CT=F
2018-09-07,82.12999725341797,82.12999725341797,82.12999725341797,82.12999725341797,1,Cotton,CT=F
2018-09-10,83.93000030517578,83.81999969482422,83.1500015258789,83.1500015258789,9,Cotton,CT=F
2018-09-11,83.02999877929688,83.88999938964844,82.73999786376953,83.87999725341797,9,Cotton,CT=F
2018-09-12,82.76000213623047,83.4000015258789,83.4000015258789,83.4000015258789,1,Cotton,CT=F
2018-09-13,81.62000274658203,82.19999694824219,81.91000366210938,82.18000030517578,60,Cotton,CT=F
2018-09-14,81.9000015258789,82.08000183105469,81.73999786376953,81.9800033569336,8,Cotton,CT=F
2018-09-17,81.51000213623047,82.33999633789062,81.94000244140625,81.94000244140625,19,Cotton,CT=F
2018-09-18,79.1500015258789,82.01000213623047,79.16999816894531,82.01000213623047,37,Cotton,CT=F
2018-09-19,79.62999725341797,80.06999969482422,79.30000305175781,79.38999938964844,6,Cotton,CT=F
2018-09-20,79.06999969482422,79.91999816894531,78.23999786376953,79.55999755859375,38,Cotton,CT=F
2018-09-21,79.27999877929688,79.44000244140625,79.0999984741211,79.18000030517578,5,Cotton,CT=F
2018-09-24,78.7300033569336,78.7300033569336,78.7300033569336,78.7300033569336,0,Cotton,CT=F
2018-09-25,80.41000366210938,80.19999694824219,80.0,80.0,2,Cotton,CT=F
2018-09-26,79.0,79.0,79.0,79.0,0,Cotton,CT=F
2018-09-27,78.12000274658203,78.12000274658203,78.12000274658203,78.12000274658203,0,Cotton,CT=F
2018-09-28,76.76000213623047,76.76000213623047,76.76000213623047,76.76000213623047,0,Cotton,CT=F
2018-10-01,76.69999694824219,76.77999877929688,76.77999877929688,76.77999877929688,1,Cotton,CT=F
2018-10-02,76.58000183105469,76.58000183105469,76.58000183105469,76.58000183105469,0,Cotton,CT=F
2018-10-03,76.8499984741211,76.8499984741211,76.8499984741211,76.8499984741211,0,Cotton,CT=F
2018-10-04,76.38999938964844,76.38999938964844,76.38999938964844,76.38999938964844,0,Cotton,CT=F
2018-10-05,76.48999786376953,76.48999786376953,76.48999786376953,76.48999786376953,0,Cotton,CT=F
2018-10-08,77.94000244140625,77.94000244140625,77.94000244140625,77.94000244140625,0,Cotton,CT=F
2018-10-09,77.4000015258789,77.4000015258789,77.4000015258789,77.4000015258789,16131,Cotton,CT=F
2018-10-10,76.80000305175781,77.56999969482422,76.48999786376953,77.01000213623047,14968,Cotton,CT=F
2018-10-11,76.80999755859375,77.76000213623047,76.1500015258789,76.87000274658203,18575,Cotton,CT=F
2018-10-12,78.37000274658203,78.87999725341797,76.87999725341797,76.87999725341797,18051,Cotton,CT=F
2018-10-15,78.72000122070312,79.16000366210938,77.8499984741211,78.69999694824219,15163,Cotton,CT=F
2018-10-16,78.33000183105469,79.0,78.25,78.93000030517578,13539,Cotton,CT=F
2018-10-17,77.91999816894531,78.5999984741211,77.66000366210938,78.44999694824219,11790,Cotton,CT=F
2018-10-18,78.05000305175781,78.4000015258789,77.33000183105469,77.91999816894531,14282,Cotton,CT=F
2018-10-19,77.91999816894531,78.1500015258789,77.5199966430664,78.1500015258789,11714,Cotton,CT=F
2018-10-22,80.0199966430664,80.13999938964844,77.76000213623047,77.8499984741211,23655,Cotton,CT=F
2018-10-23,78.98999786376953,80.0,78.18000030517578,80.0,22824,Cotton,CT=F
2018-10-24,77.06999969482422,79.5,77.0,79.02999877929688,22829,Cotton,CT=F
2018-10-25,77.68000030517578,77.75,76.13999938964844,77.06999969482422,21715,Cotton,CT=F
2018-10-26,78.52999877929688,78.7300033569336,77.11000061035156,77.88999938964844,15186,Cotton,CT=F
2018-10-29,77.16999816894531,79.5999984741211,77.05999755859375,78.83000183105469,12938,Cotton,CT=F
2018-10-30,76.9000015258789,77.5,76.55000305175781,77.11000061035156,10681,Cotton,CT=F
2018-10-31,76.86000061035156,77.04000091552734,76.48999786376953,76.7699966430664,13106,Cotton,CT=F
2018-11-01,79.02999877929688,79.5999984741211,76.52999877929688,77.06999969482422,35132,Cotton,CT=F
2018-11-02,78.79000091552734,79.77999877929688,78.30000305175781,79.02999877929688,16005,Cotton,CT=F
2018-11-05,78.87000274658203,79.4000015258789,78.29000091552734,78.88999938964844,17763,Cotton,CT=F
2018-11-06,77.43000030517578,79.16999816894531,76.83000183105469,78.94999694824219,31382,Cotton,CT=F
2018-11-07,78.95999908447266,79.7699966430664,77.19999694824219,77.36000061035156,30683,Cotton,CT=F
2018-11-08,79.01000213623047,80.5,78.69999694824219,79.06999969482422,29323,Cotton,CT=F
2018-11-09,78.08999633789062,79.19000244140625,77.19999694824219,79.01000213623047,36792,Cotton,CT=F
2018-11-12,76.37999725341797,78.11000061035156,76.33999633789062,78.08999633789062,24506,Cotton,CT=F
2018-11-13,75.86000061035156,76.81999969482422,75.62000274658203,76.37999725341797,21318,Cotton,CT=F
2018-11-14,76.38999938964844,76.79000091552734,75.86000061035156,76.08000183105469,18349,Cotton,CT=F
2018-11-15,76.25,76.87000274658203,75.8499984741211,76.44999694824219,14328,Cotton,CT=F
2018-11-16,76.12000274658203,77.25,76.0,76.25,12126,Cotton,CT=F
2018-11-19,75.87999725341797,76.87999725341797,75.58000183105469,76.41999816894531,10480,Cotton,CT=F
2018-11-20,75.2699966430664,76.19000244140625,75.22000122070312,75.79000091552734,10575,Cotton,CT=F
2018-11-21,76.51000213623047,77.19999694824219,75.11000061035156,75.30000305175781,11342,Cotton,CT=F
2018-11-23,74.91999816894531,76.4000015258789,74.86000061035156,76.4000015258789,3703,Cotton,CT=F
2018-11-26,77.4000015258789,77.36000061035156,75.19000244140625,75.22000122070312,343,Cotton,CT=F
2018-11-27,76.7699966430664,77.12999725341797,76.5,77.08999633789062,210,Cotton,CT=F
2018-11-28,77.76000213623047,77.8499984741211,77.33000183105469,77.36000061035156,222,Cotton,CT=F
2018-11-29,76.63999938964844,78.11000061035156,76.44999694824219,78.11000061035156,88,Cotton,CT=F
2018-11-30,77.16000366210938,77.94000244140625,77.79000091552734,77.94000244140625,72,Cotton,CT=F
2018-12-03,78.91000366210938,80.0,79.9000015258789,80.0,16,Cotton,CT=F
2018-12-04,78.7699966430664,79.25,78.44999694824219,79.22000122070312,20,Cotton,CT=F
2018-12-06,78.0199966430664,78.0199966430664,78.0199966430664,78.0199966430664,22141,Cotton,CT=F
2018-12-07,80.2300033569336,80.93000030517578,78.80000305175781,78.9000015258789,19461,Cotton,CT=F
2018-12-10,79.87999725341797,80.5999984741211,79.3499984741211,80.3499984741211,11456,Cotton,CT=F
2018-12-11,80.0199966430664,80.66000366210938,79.11000061035156,79.87999725341797,14248,Cotton,CT=F
2018-12-12,79.97000122070312,80.30000305175781,79.56999969482422,80.13999938964844,9776,Cotton,CT=F
2018-12-13,79.41000366210938,79.97000122070312,78.94999694824219,79.94000244140625,13158,Cotton,CT=F
2018-12-14,79.5999984741211,79.94000244140625,78.62000274658203,79.4000015258789,10297,Cotton,CT=F
2018-12-17,78.54000091552734,79.80000305175781,77.9000015258789,79.20999908447266,15076,Cotton,CT=F
2018-12-18,77.8499984741211,78.6500015258789,77.76000213623047,78.4000015258789,14419,Cotton,CT=F
2018-12-19,76.70999908447266,78.02999877929688,76.62999725341797,77.76000213623047,18118,Cotton,CT=F
2018-12-20,75.05999755859375,77.44000244140625,75.0199966430664,76.66999816894531,24813,Cotton,CT=F
2018-12-21,73.18000030517578,75.5999984741211,73.06999969482422,75.05999755859375,24738,Cotton,CT=F
2018-12-24,72.55000305175781,74.0,72.4000015258789,73.80000305175781,14458,Cotton,CT=F
2018-12-26,73.5,73.54000091552734,72.1500015258789,72.69999694824219,10452,Cotton,CT=F
2018-12-27,72.05999755859375,74.18000030517578,71.87000274658203,73.80000305175781,16933,Cotton,CT=F
2018-12-28,72.19000244140625,72.87000274658203,72.05000305175781,72.05000305175781,11409,Cotton,CT=F
2018-12-31,72.19999694824219,72.86000061035156,72.0999984741211,72.25,9085,Cotton,CT=F
2019-01-02,70.83999633789062,72.58999633789062,70.76000213623047,72.30000305175781,18923,Cotton,CT=F
2019-01-03,70.83000183105469,72.0,70.6500015258789,70.83000183105469,14610,Cotton,CT=F
2019-01-04,72.5199966430664,73.37000274658203,70.93000030517578,71.0,19774,Cotton,CT=F
2019-01-07,72.75,73.91999816894531,72.4800033569336,72.5199966430664,14287,Cotton,CT=F
2019-01-08,71.66999816894531,73.8499984741211,71.54000091552734,72.80999755859375,17142,Cotton,CT=F
2019-01-09,73.12999725341797,73.63999938964844,71.63999938964844,71.63999938964844,16726,Cotton,CT=F
2019-01-10,72.8499984741211,73.81999969482422,72.44000244140625,73.19999694824219,14447,Cotton,CT=F
2019-01-11,72.48999786376953,73.25,72.33999633789062,72.80000305175781,12850,Cotton,CT=F
2019-01-14,72.98999786376953,73.58000183105469,72.43000030517578,72.5999984741211,11234,Cotton,CT=F
2019-01-15,72.36000061035156,73.45999908447266,72.25,73.0199966430664,12598,Cotton,CT=F
2019-01-16,73.2699966430664,73.55999755859375,72.20999908447266,72.30000305175781,14341,Cotton,CT=F
2019-01-17,74.37000274658203,74.5999984741211,73.20999908447266,73.20999908447266,13742,Cotton,CT=F
2019-01-18,73.88999938964844,74.66000366210938,73.76000213623047,74.37000274658203,12577,Cotton,CT=F
2019-01-22,73.12999725341797,74.29000091552734,72.75,74.0,16729,Cotton,CT=F
2019-01-23,73.5199966430664,74.27999877929688,72.9800033569336,73.12999725341797,12432,Cotton,CT=F
2019-01-24,73.13999938964844,73.91000366210938,73.02999877929688,73.51000213623047,10129,Cotton,CT=F
2019-01-25,74.12999725341797,74.23999786376953,73.25,73.25,13846,Cotton,CT=F
2019-01-28,73.8499984741211,74.12999725341797,73.1500015258789,74.0,11814,Cotton,CT=F
2019-01-29,74.1500015258789,74.44999694824219,73.5,73.66000366210938,15274,Cotton,CT=F
2019-01-30,74.36000061035156,74.55000305175781,73.76000213623047,74.13999938964844,16901,Cotton,CT=F
2019-01-31,74.4000015258789,74.8499984741211,74.0,74.16000366210938,26336,Cotton,CT=F
2019-02-01,73.63999938964844,74.7300033569336,73.55999755859375,74.44999694824219,15855,Cotton,CT=F
2019-02-04,72.76000213623047,73.87000274658203,72.66000366210938,73.75,22446,Cotton,CT=F
2019-02-05,73.4000015258789,73.73999786376953,72.6500015258789,72.77999877929688,16326,Cotton,CT=F
2019-02-06,73.66000366210938,74.11000061035156,73.0999984741211,73.4000015258789,20600,Cotton,CT=F
2019-02-07,72.80999755859375,73.86000061035156,72.4800033569336,73.5999984741211,25564,Cotton,CT=F
2019-02-08,72.55000305175781,73.01000213623047,72.44999694824219,72.66000366210938,22138,Cotton,CT=F
2019-02-11,70.55000305175781,72.70999908447266,70.30000305175781,72.48999786376953,33763,Cotton,CT=F
2019-02-12,69.77999877929688,70.93000030517578,69.72000122070312,70.62000274658203,22365,Cotton,CT=F
2019-02-13,69.86000061035156,70.62000274658203,69.6500015258789,69.8499984741211,20329,Cotton,CT=F
2019-02-14,70.12999725341797,70.38999938964844,69.52999877929688,69.95999908447266,15191,Cotton,CT=F
2019-02-15,70.22000122070312,70.5,69.70999908447266,70.27999877929688,10072,Cotton,CT=F
2019-02-19,70.41000366210938,71.08999633789062,70.19999694824219,70.22000122070312,12345,Cotton,CT=F
2019-02-20,70.27999877929688,70.8499984741211,70.19999694824219,70.30000305175781,8618,Cotton,CT=F
2019-02-21,72.19000244140625,72.30000305175781,70.05000305175781,70.37000274658203,5409,Cotton,CT=F
2019-02-22,71.83999633789062,72.98999786376953,71.0,72.41999816894531,138,Cotton,CT=F
2019-02-25,71.93000030517578,72.54000091552734,72.05999755859375,72.19999694824219,55,Cotton,CT=F
2019-02-26,70.8499984741211,72.2699966430664,71.16000366210938,72.2699966430664,33,Cotton,CT=F
2019-02-27,71.19000244140625,71.2699966430664,71.25,71.25,6,Cotton,CT=F
2019-02-28,71.73999786376953,71.80000305175781,71.80000305175781,71.80000305175781,8,Cotton,CT=F
2019-03-01,72.7300033569336,72.33999633789062,71.4000015258789,72.33999633789062,9,Cotton,CT=F
2019-03-04,71.97000122070312,72.9800033569336,72.4800033569336,72.97000122070312,5,Cotton,CT=F
2019-03-05,73.44999694824219,72.7300033569336,72.62000274658203,72.7300033569336,4,Cotton,CT=F
2019-03-06,73.05000305175781,73.05000305175781,73.05000305175781,73.05000305175781,0,Cotton,CT=F
2019-03-07,71.9000015258789,72.12999725341797,72.12999725341797,72.12999725341797,17142,Cotton,CT=F
2019-03-08,73.48999786376953,73.7699966430664,72.51000213623047,73.13999938964844,14477,Cotton,CT=F
2019-03-11,73.19999694824219,73.8499984741211,73.05000305175781,73.37000274658203,11344,Cotton,CT=F
2019-03-12,74.8499984741211,75.0,73.0999984741211,73.0999984741211,22548,Cotton,CT=F
2019-03-13,75.72000122070312,75.9800033569336,74.72000122070312,74.94000244140625,22677,Cotton,CT=F
2019-03-14,74.30000305175781,75.87999725341797,74.0199966430664,75.69999694824219,19153,Cotton,CT=F
2019-03-15,75.5,75.83000183105469,74.27999877929688,74.30000305175781,14096,Cotton,CT=F
2019-03-18,75.2699966430664,75.91000366210938,74.88999938964844,75.4000015258789,12739,Cotton,CT=F
2019-03-19,75.6500015258789,76.3499984741211,75.20999908447266,75.22000122070312,17287,Cotton,CT=F
2019-03-20,75.5,75.87999725341797,75.1500015258789,75.52999877929688,11184,Cotton,CT=F
2019-03-21,77.18000030517578,77.81999969482422,75.37000274658203,75.69000244140625,24839,Cotton,CT=F
2019-03-22,76.58000183105469,77.58999633789062,76.05000305175781,77.0,18916,Cotton,CT=F
2019-03-25,77.7300033569336,77.7699966430664,76.16999816894531,76.69999694824219,18749,Cotton,CT=F
2019-03-26,77.88999938964844,77.9800033569336,77.41999816894531,77.62999725341797,14679,Cotton,CT=F
2019-03-27,76.94999694824219,77.7699966430664,76.58999633789062,77.75,16692,Cotton,CT=F
2019-03-28,75.87000274658203,77.1500015258789,75.5199966430664,76.94999694824219,16636,Cotton,CT=F
2019-03-29,77.61000061035156,77.80000305175781,75.72000122070312,75.9000015258789,20337,Cotton,CT=F
2019-04-01,77.36000061035156,77.87999725341797,77.18000030517578,77.7300033569336,17584,Cotton,CT=F
2019-04-02,77.2699966430664,77.37000274658203,76.47000122070312,77.2699966430664,15142,Cotton,CT=F
2019-04-03,77.05000305175781,77.93000030517578,76.91000366210938,77.2699966430664,15407,Cotton,CT=F
2019-04-04,77.31999969482422,77.80000305175781,76.8499984741211,76.8499984741211,14261,Cotton,CT=F
2019-04-05,78.25,78.4800033569336,77.05000305175781,77.31999969482422,22971,Cotton,CT=F
2019-04-08,78.91999816894531,79.08000183105469,77.8499984741211,78.38999938964844,28062,Cotton,CT=F
2019-04-09,78.08999633789062,79.30999755859375,77.56999969482422,78.87999725341797,31732,Cotton,CT=F
2019-04-10,77.62000274658203,78.3499984741211,77.31999969482422,78.18000030517578,22494,Cotton,CT=F
2019-04-11,76.9800033569336,77.94000244140625,76.86000061035156,77.7699966430664,26656,Cotton,CT=F
2019-04-12,78.11000061035156,78.6500015258789,76.87999725341797,76.9800033569336,21717,Cotton,CT=F
2019-04-15,76.48999786376953,78.43000030517578,75.69999694824219,78.13999938964844,14478,Cotton,CT=F
2019-04-16,77.94000244140625,78.22000122070312,76.48999786376953,76.48999786376953,8922,Cotton,CT=F
2019-04-17,78.11000061035156,78.44000244140625,77.5,77.94000244140625,6652,Cotton,CT=F
2019-04-18,77.30999755859375,78.31999969482422,77.02999877929688,78.31999969482422,4677,Cotton,CT=F
2019-04-22,77.19000244140625,77.86000061035156,77.0,77.6500015258789,4322,Cotton,CT=F
2019-04-23,76.56999969482422,77.0999984741211,76.11000061035156,77.0999984741211,2695,Cotton,CT=F
2019-04-24,75.7699966430664,76.4000015258789,75.8499984741211,76.4000015258789,43,Cotton,CT=F
2019-04-25,76.97000122070312,76.5,76.30000305175781,76.30000305175781,21,Cotton,CT=F
2019-04-26,76.75,76.58000183105469,76.54000091552734,76.58000183105469,2,Cotton,CT=F
2019-04-29,76.12999725341797,76.1500015258789,76.06999969482422,76.06999969482422,26,Cotton,CT=F
2019-04-30,75.9800033569336,75.9800033569336,75.9800033569336,75.9800033569336,3,Cotton,CT=F
2019-05-01,75.91000366210938,75.45999908447266,75.45999908447266,75.45999908447266,1,Cotton,CT=F
2019-05-02,74.6500015258789,75.6500015258789,74.9800033569336,75.6500015258789,4,Cotton,CT=F
2019-05-03,74.77999877929688,74.77999877929688,74.77999877929688,74.77999877929688,0,Cotton,CT=F
2019-05-06,72.6500015258789,73.19999694824219,72.4000015258789,73.19999694824219,2,Cotton,CT=F
2019-05-07,72.27999877929688,72.9000015258789,72.2699966430664,72.9000015258789,2,Cotton,CT=F
2019-05-08,71.44999694824219,72.0,72.0,72.0,28039,Cotton,CT=F
2019-05-09,70.2300033569336,72.33999633789062,69.63999938964844,72.19999694824219,34573,Cotton,CT=F
2019-05-10,68.44999694824219,71.5199966430664,68.3499984741211,70.30999755859375,26951,Cotton,CT=F
2019-05-13,65.44999694824219,68.58999633789062,65.44999694824219,68.5,32758,Cotton,CT=F
2019-05-14,66.76000213623047,67.1500015258789,64.5,65.8499984741211,28629,Cotton,CT=F
2019-05-15,66.3499984741211,67.2699966430664,65.79000091552734,66.80000305175781,18427,Cotton,CT=F
2019-05-16,66.80000305175781,67.16999816894531,66.33000183105469,66.33000183105469,13732,Cotton,CT=F
2019-05-17,65.98999786376953,66.80000305175781,65.83000183105469,66.66000366210938,12236,Cotton,CT=F
2019-05-20,67.91000366210938,67.98999786376953,65.8499984741211,66.1500015258789,17056,Cotton,CT=F
2019-05-21,67.31999969482422,68.23999786376953,67.01000213623047,68.0,14216,Cotton,CT=F
2019-05-22,66.75,67.44999694824219,66.12000274658203,67.33000183105469,11000,Cotton,CT=F
2019-05-23,67.4800033569336,68.22000122070312,66.51000213623047,66.75,14727,Cotton,CT=F
2019-05-24,68.38999938964844,68.58999633789062,67.3499984741211,67.3499984741211,13417,Cotton,CT=F
2019-05-28,69.47000122070312,69.5,68.45999908447266,68.45999908447266,17323,Cotton,CT=F
2019-05-29,69.05999755859375,69.80999755859375,68.61000061035156,69.66000366210938,14394,Cotton,CT=F
2019-05-30,69.33999633789062,69.5,68.18000030517578,68.80999755859375,12082,Cotton,CT=F
2019-05-31,68.08000183105469,69.69000244140625,68.0,69.4800033569336,13822,Cotton,CT=F
2019-06-03,69.41999816894531,69.54000091552734,66.9000015258789,68.19999694824219,29977,Cotton,CT=F
2019-06-04,68.97000122070312,69.91000366210938,68.4800033569336,69.91000366210938,24464,Cotton,CT=F
2019-06-05,68.73999786376953,69.62000274658203,68.41999816894531,69.30000305175781,16640,Cotton,CT=F
2019-06-06,68.58999633789062,68.72000122070312,67.4800033569336,68.63999938964844,16514,Cotton,CT=F
2019-06-07,65.58999633789062,68.72000122070312,65.58999633789062,68.58999633789062,31251,Cotton,CT=F
2019-06-10,65.98999786376953,66.5,64.8499984741211,65.6500015258789,32585,Cotton,CT=F
2019-06-11,65.6500015258789,66.36000061035156,65.29000091552734,66.13999938964844,21366,Cotton,CT=F
2019-06-12,66.56999969482422,66.94999694824219,65.43000030517578,65.66000366210938,24617,Cotton,CT=F
2019-06-13,66.83000183105469,67.5199966430664,66.04000091552734,66.56999969482422,19727,Cotton,CT=F
2019-06-14,65.94000244140625,66.95999908447266,65.9000015258789,66.83999633789062,13798,Cotton,CT=F
2019-06-17,65.62999725341797,66.5,65.31999969482422,66.02999877929688,12302,Cotton,CT=F
2019-06-18,65.31999969482422,66.98999786376953,64.97000122070312,65.62999725341797,9666,Cotton,CT=F
2019-06-19,65.37999725341797,66.30000305175781,65.31999969482422,65.48999786376953,6695,Cotton,CT=F
2019-06-20,63.209999084472656,65.80000305175781,62.380001068115234,65.31999969482422,7572,Cotton,CT=F
2019-06-21,61.189998626708984,64.0,60.27000045776367,63.349998474121094,2659,Cotton,CT=F
2019-06-24,62.29999923706055,62.790000915527344,61.75,61.75,154,Cotton,CT=F
2019-06-25,62.20000076293945,62.54999923706055,61.79999923706055,62.43000030517578,106,Cotton,CT=F
2019-06-26,63.4900016784668,64.45999908447266,64.45999908447266,64.45999908447266,17,Cotton,CT=F
2019-06-27,62.9900016784668,64.29000091552734,62.0,62.380001068115234,24,Cotton,CT=F
2019-06-28,63.150001525878906,63.599998474121094,63.599998474121094,63.599998474121094,3,Cotton,CT=F
2019-07-01,63.16999816894531,66.2300033569336,66.2300033569336,66.2300033569336,2,Cotton,CT=F
2019-07-02,63.77000045776367,63.77000045776367,63.77000045776367,63.77000045776367,0,Cotton,CT=F
2019-07-03,63.75,63.75,63.75,63.75,0,Cotton,CT=F
2019-07-05,63.439998626708984,65.56999969482422,62.93000030517578,65.56999969482422,2,Cotton,CT=F
2019-07-08,62.33000183105469,62.33000183105469,62.33000183105469,62.33000183105469,0,Cotton,CT=F
2019-07-09,60.22999954223633,60.22999954223633,60.22999954223633,60.22999954223633,53,Cotton,CT=F
2019-07-10,63.540000915527344,63.79999923706055,62.869998931884766,62.869998931884766,43,Cotton,CT=F
2019-07-11,62.88999938964844,63.75,62.56999969482422,63.630001068115234,32,Cotton,CT=F
2019-07-12,62.36000061035156,63.220001220703125,62.36000061035156,63.220001220703125,25,Cotton,CT=F
2019-07-15,63.70000076293945,63.68000030517578,62.119998931884766,62.650001525878906,35,Cotton,CT=F
2019-07-16,62.33000183105469,63.380001068115234,62.25,63.2400016784668,29,Cotton,CT=F
2019-07-17,61.88999938964844,62.439998626708984,61.540000915527344,62.25,13,Cotton,CT=F
2019-07-18,60.779998779296875,61.599998474121094,60.779998779296875,61.599998474121094,34,Cotton,CT=F
2019-07-19,62.25,62.31999969482422,60.959999084472656,60.959999084472656,32,Cotton,CT=F
2019-07-22,62.790000915527344,63.709999084472656,62.63999938964844,62.70000076293945,66,Cotton,CT=F
2019-07-23,63.290000915527344,63.25,62.52000045776367,62.790000915527344,10,Cotton,CT=F
2019-07-24,63.88999938964844,64.16999816894531,63.529998779296875,63.529998779296875,17,Cotton,CT=F
2019-07-25,63.810001373291016,64.30000305175781,63.599998474121094,63.97999954223633,18,Cotton,CT=F
2019-07-26,64.23999786376953,63.81999969482422,63.45000076293945,63.81999969482422,8,Cotton,CT=F
2019-07-29,63.77000045776367,63.65999984741211,62.810001373291016,63.529998779296875,23,Cotton,CT=F
2019-07-30,62.869998931884766,63.84000015258789,63.0,63.84000015258789,6,Cotton,CT=F
2019-07-31,63.220001220703125,63.34000015258789,62.56999969482422,62.56999969482422,10,Cotton,CT=F
2019-08-01,61.84000015258789,64.0199966430664,61.61000061035156,64.0199966430664,25,Cotton,CT=F
2019-08-02,58.939998626708984,61.5,58.84000015258789,61.5,36,Cotton,CT=F
2019-08-05,57.90999984741211,59.0099983215332,56.4900016784668,59.0099983215332,64,Cotton,CT=F
2019-08-06,58.27000045776367,58.22999954223633,57.91999816894531,57.95000076293945,10,Cotton,CT=F
2019-08-07,58.58000183105469,58.40999984741211,57.2400016784668,57.9900016784668,31,Cotton,CT=F
2019-08-08,59.540000915527344,59.529998779296875,58.61000061035156,58.779998779296875,45,Cotton,CT=F
2019-08-09,59.04999923706055,59.349998474121094,58.7599983215332,59.0,17,Cotton,CT=F
2019-08-12,58.029998779296875,58.91999816894531,57.7599983215332,58.91999816894531,52,Cotton,CT=F
2019-08-13,59.34000015258789,59.90999984741211,57.70000076293945,58.13999938964844,20,Cotton,CT=F
2019-08-14,59.61000061035156,59.68000030517578,59.150001525878906,59.380001068115234,6,Cotton,CT=F
2019-08-15,59.65999984741211,60.119998931884766,59.52000045776367,59.900001525878906,8,Cotton,CT=F
2019-08-16,60.08000183105469,60.0,59.95000076293945,60.0,3,Cotton,CT=F
2019-08-19,59.18000030517578,60.029998779296875,59.20000076293945,59.68000030517578,7,Cotton,CT=F
2019-08-20,59.16999816894531,59.7599983215332,59.59000015258789,59.59000015258789,24,Cotton,CT=F
2019-08-21,59.869998931884766,59.65999984741211,58.650001525878906,59.0,34,Cotton,CT=F
2019-08-22,58.869998931884766,60.06999969482422,59.189998626708984,60.029998779296875,8,Cotton,CT=F
2019-08-23,57.970001220703125,58.7400016784668,58.06999969482422,58.43000030517578,7,Cotton,CT=F
2019-08-26,57.65999984741211,57.599998474121094,56.189998626708984,57.58000183105469,27,Cotton,CT=F
2019-08-27,57.540000915527344,58.61000061035156,57.2400016784668,57.25,42,Cotton,CT=F
2019-08-28,58.349998474121094,58.029998779296875,58.029998779296875,58.029998779296875,4,Cotton,CT=F
2019-08-29,58.880001068115234,58.68000030517578,57.720001220703125,58.36000061035156,40,Cotton,CT=F
2019-08-30,59.04999923706055,59.08000183105469,58.72999954223633,58.7400016784668,15,Cotton,CT=F
2019-09-03,58.310001373291016,59.209999084472656,58.0,59.209999084472656,35,Cotton,CT=F
2019-09-04,58.77000045776367,59.41999816894531,58.59000015258789,58.81999969482422,40,Cotton,CT=F
2019-09-05,59.15999984741211,59.439998626708984,58.790000915527344,58.790000915527344,23,Cotton,CT=F
2019-09-06,58.72999954223633,59.4900016784668,58.54999923706055,59.4900016784668,38,Cotton,CT=F
2019-09-09,59.119998931884766,59.20000076293945,58.709999084472656,58.75,19,Cotton,CT=F
2019-09-10,59.5,59.7599983215332,59.20000076293945,59.20000076293945,19,Cotton,CT=F
2019-09-11,59.369998931884766,59.47999954223633,59.349998474121094,59.47999954223633,6,Cotton,CT=F
2019-09-12,62.25,62.25,59.400001525878906,59.400001525878906,142,Cotton,CT=F
2019-09-13,61.630001068115234,62.810001373291016,61.58000183105469,62.27000045776367,73,Cotton,CT=F
2019-09-16,61.59000015258789,61.619998931884766,61.29999923706055,61.29999923706055,56,Cotton,CT=F
2019-09-17,60.119998931884766,61.59000015258789,59.970001220703125,61.59000015258789,35,Cotton,CT=F
2019-09-18,59.36000061035156,59.7599983215332,59.25,59.7599983215332,36,Cotton,CT=F
2019-09-19,58.9900016784668,59.380001068115234,59.099998474121094,59.099998474121094,30,Cotton,CT=F
2019-09-20,59.130001068115234,59.43000030517578,59.02000045776367,59.349998474121094,56,Cotton,CT=F
2019-09-23,59.83000183105469,60.25,58.68000030517578,58.81999969482422,69,Cotton,CT=F
2019-09-24,59.31999969482422,60.34000015258789,58.79999923706055,60.34000015258789,8,Cotton,CT=F
2019-09-25,59.369998931884766,59.369998931884766,59.369998931884766,59.369998931884766,0,Cotton,CT=F
2019-09-26,59.20000076293945,59.20000076293945,59.20000076293945,59.20000076293945,0,Cotton,CT=F
2019-09-27,59.81999969482422,59.81999969482422,59.81999969482422,59.81999969482422,0,Cotton,CT=F
2019-09-30,59.75,59.75,59.75,59.75,0,Cotton,CT=F
2019-10-01,59.900001525878906,59.900001525878906,59.900001525878906,59.900001525878906,0,Cotton,CT=F
2019-10-02,60.25,60.709999084472656,60.709999084472656,60.709999084472656,1,Cotton,CT=F
2019-10-03,60.52000045776367,60.52000045776367,60.52000045776367,60.52000045776367,0,Cotton,CT=F
2019-10-04,60.59000015258789,60.59000015258789,60.59000015258789,60.59000015258789,0,Cotton,CT=F
2019-10-07,60.75,60.75,60.75,60.75,0,Cotton,CT=F
2019-10-08,60.2400016784668,60.2400016784668,60.2400016784668,60.2400016784668,0,Cotton,CT=F
2019-10-09,61.0099983215332,61.0099983215332,61.0099983215332,61.0099983215332,13585,Cotton,CT=F
2019-10-10,61.41999816894531,62.470001220703125,61.36000061035156,62.0,12571,Cotton,CT=F
2019-10-11,63.880001068115234,64.0,61.47999954223633,61.81999969482422,39033,Cotton,CT=F
2019-10-14,62.220001220703125,65.8499984741211,62.189998626708984,64.19999694824219,33245,Cotton,CT=F
2019-10-15,63.529998779296875,63.68000030517578,61.720001220703125,62.150001525878906,22278,Cotton,CT=F
2019-10-16,64.54000091552734,64.58000183105469,63.040000915527344,63.5,21137,Cotton,CT=F
2019-10-17,64.98999786376953,65.13999938964844,64.19000244140625,64.5,17549,Cotton,CT=F
2019-10-18,65.16000366210938,65.38999938964844,65.0,65.19999694824219,16479,Cotton,CT=F
2019-10-21,64.55999755859375,65.4800033569336,64.44000244140625,65.19000244140625,18874,Cotton,CT=F
2019-10-22,64.66999816894531,65.19999694824219,63.959999084472656,64.44000244140625,17911,Cotton,CT=F
2019-10-23,64.94999694824219,65.18000030517578,64.4000015258789,64.44999694824219,12477,Cotton,CT=F
2019-10-24,64.6500015258789,65.55000305175781,64.5999984741211,65.0,12270,Cotton,CT=F
2019-10-25,64.9000015258789,65.69999694824219,64.58000183105469,64.69999694824219,16448,Cotton,CT=F
2019-10-28,64.79000091552734,65.30000305175781,64.4800033569336,65.11000061035156,14899,Cotton,CT=F
2019-10-29,64.72000122070312,65.4800033569336,64.69999694824219,64.91000366210938,13548,Cotton,CT=F
2019-10-30,65.69999694824219,65.98999786376953,64.63999938964844,64.6500015258789,22714,Cotton,CT=F
2019-10-31,64.44000244140625,65.95999908447266,64.0199966430664,65.5999984741211,35383,Cotton,CT=F
2019-11-01,64.2300033569336,64.91000366210938,63.810001373291016,64.45999908447266,24411,Cotton,CT=F
2019-11-04,63.65999984741211,64.9800033569336,63.540000915527344,64.7300033569336,24139,Cotton,CT=F
2019-11-05,63.810001373291016,64.20999908447266,63.54999923706055,63.66999816894531,24082,Cotton,CT=F
2019-11-06,63.689998626708984,64.11000061035156,63.45000076293945,63.810001373291016,23267,Cotton,CT=F
2019-11-07,64.3499984741211,64.8499984741211,63.459999084472656,63.630001068115234,29235,Cotton,CT=F
2019-11-08,64.72000122070312,65.05999755859375,63.61000061035156,64.3499984741211,35657,Cotton,CT=F
2019-11-11,64.29000091552734,64.8499984741211,63.72999954223633,64.56999969482422,33881,Cotton,CT=F
2019-11-12,64.73999786376953,64.83000183105469,64.01000213623047,64.0999984741211,25686,Cotton,CT=F
2019-11-13,64.22000122070312,64.8499984741211,64.12999725341797,64.80000305175781,18788,Cotton,CT=F
2019-11-14,64.2699966430664,64.91999816894531,63.849998474121094,64.18000030517578,10324,Cotton,CT=F
2019-11-15,64.86000061035156,65.0,64.23999786376953,64.26000213623047,11335,Cotton,CT=F
2019-11-18,64.20999908447266,64.9000015258789,63.5099983215332,64.9000015258789,8768,Cotton,CT=F
2019-11-19,63.439998626708984,64.23999786376953,63.29999923706055,63.849998474121094,8816,Cotton,CT=F
2019-11-20,62.2400016784668,63.79999923706055,62.150001525878906,63.349998474121094,13229,Cotton,CT=F
2019-11-21,61.84000015258789,62.75,61.72999954223633,62.099998474121094,7342,Cotton,CT=F
2019-11-22,63.41999816894531,63.619998931884766,62.27000045776367,63.349998474121094,236,Cotton,CT=F
2019-11-25,64.69000244140625,64.75,63.5,64.0,45,Cotton,CT=F
2019-11-26,64.9000015258789,64.70999908447266,64.66000366210938,64.70999908447266,5,Cotton,CT=F
2019-11-27,64.91000366210938,64.86000061035156,64.66999816894531,64.8499984741211,585,Cotton,CT=F
2019-11-29,64.4000015258789,64.69000244140625,63.380001068115234,64.69000244140625,41,Cotton,CT=F
2019-12-02,63.849998474121094,64.75,64.5199966430664,64.75,6,Cotton,CT=F
2019-12-03,63.099998474121094,63.099998474121094,63.099998474121094,63.099998474121094,0,Cotton,CT=F
2019-12-04,63.16999816894531,64.5,63.20000076293945,63.540000915527344,221,Cotton,CT=F
2019-12-05,63.5099983215332,64.70999908447266,64.69999694824219,64.69999694824219,2,Cotton,CT=F
2019-12-06,65.0,64.05999755859375,64.05999755859375,64.05999755859375,24205,Cotton,CT=F
2019-12-09,65.37999725341797,66.25,64.80999755859375,66.01000213623047,19314,Cotton,CT=F
2019-12-10,65.93000030517578,66.2300033569336,64.87999725341797,65.73999786376953,16233,Cotton,CT=F
2019-12-11,65.87999725341797,66.19000244140625,65.33999633789062,65.93000030517578,12650,Cotton,CT=F
2019-12-12,67.16999816894531,67.37999725341797,65.56999969482422,65.76000213623047,31698,Cotton,CT=F
2019-12-13,66.80000305175781,67.80000305175781,66.43000030517578,67.48999786376953,31004,Cotton,CT=F
2019-12-16,66.97000122070312,67.43000030517578,66.43000030517578,66.80000305175781,19347,Cotton,CT=F
2019-12-17,66.44000244140625,67.06999969482422,66.30000305175781,66.75,15404,Cotton,CT=F
2019-12-18,66.73999786376953,67.18000030517578,66.25,66.44999694824219,13865,Cotton,CT=F
2019-12-19,67.58000183105469,67.87999725341797,66.69000244140625,66.73999786376953,16097,Cotton,CT=F
2019-12-20,67.95999908447266,68.30999755859375,67.12000274658203,67.58000183105469,18094,Cotton,CT=F
2019-12-23,68.61000061035156,68.75,67.56999969482422,67.97000122070312,16399,Cotton,CT=F
2019-12-24,68.69999694824219,68.7300033569336,68.22000122070312,68.5,15411,Cotton,CT=F
2019-12-26,68.69999694824219,69.33999633789062,68.45999908447266,68.69999694824219,13713,Cotton,CT=F
2019-12-27,68.91999816894531,69.33000183105469,68.5,68.75,13708,Cotton,CT=F
2019-12-30,69.55999755859375,69.69000244140625,68.94000244140625,68.94000244140625,17634,Cotton,CT=F
2019-12-31,69.05000305175781,69.72000122070312,68.80000305175781,69.55999755859375,15411,Cotton,CT=F
2020-01-02,69.2699966430664,69.73999786376953,69.04000091552734,69.12000274658203,21477,Cotton,CT=F
2020-01-03,69.19999694824219,69.61000061035156,68.5,69.01000213623047,19512,Cotton,CT=F
2020-01-06,70.04000091552734,70.0999984741211,69.29000091552734,69.29000091552734,21680,Cotton,CT=F
2020-01-07,69.83000183105469,70.25,69.45999908447266,70.06999969482422,14186,Cotton,CT=F
2020-01-08,69.95999908447266,70.04000091552734,69.05000305175781,69.69000244140625,18796,Cotton,CT=F
2020-01-09,70.69000244140625,70.8499984741211,69.55999755859375,69.95999908447266,22487,Cotton,CT=F
2020-01-10,71.30999755859375,71.38999938964844,70.3499984741211,70.5,25520,Cotton,CT=F
2020-01-13,71.52999877929688,71.95999908447266,71.18000030517578,71.30999755859375,19665,Cotton,CT=F
2020-01-14,71.37999725341797,71.75,70.9000015258789,71.5,19646,Cotton,CT=F
2020-01-15,70.31999969482422,71.37999725341797,70.0999984741211,71.37999725341797,19480,Cotton,CT=F
2020-01-16,70.22000122070312,70.37999725341797,69.7300033569336,70.25,15939,Cotton,CT=F
2020-01-17,71.25,71.37000274658203,69.94999694824219,70.0,20092,Cotton,CT=F
2020-01-21,69.23999786376953,71.25,69.12000274658203,71.25,31895,Cotton,CT=F
2020-01-22,71.12999725341797,71.30000305175781,68.70999908447266,69.0199966430664,32181,Cotton,CT=F
2020-01-23,70.02999877929688,71.0,69.80000305175781,71.0,19121,Cotton,CT=F
2020-01-24,69.4000015258789,70.25,69.3499984741211,69.9800033569336,16514,Cotton,CT=F
2020-01-27,69.51000213623047,69.80999755859375,68.0,69.25,29857,Cotton,CT=F
2020-01-28,70.36000061035156,70.5999984741211,69.0199966430664,69.02999877929688,18256,Cotton,CT=F
2020-01-29,70.05999755859375,70.91999816894531,69.87000274658203,70.4000015258789,13506,Cotton,CT=F
2020-01-30,69.05000305175781,70.05999755859375,68.54000091552734,70.05999755859375,16499,Cotton,CT=F
2020-01-31,67.5,69.3499984741211,67.4000015258789,68.95999908447266,27610,Cotton,CT=F
2020-02-03,66.83999633789062,68.05999755859375,66.75,67.29000091552734,29333,Cotton,CT=F
2020-02-04,67.3499984741211,68.2300033569336,66.8499984741211,66.8499984741211,36866,Cotton,CT=F
2020-02-05,67.51000213623047,68.41999816894531,67.31999969482422,67.5999984741211,24834,Cotton,CT=F
2020-02-06,67.91000366210938,68.19999694824219,67.51000213623047,67.52999877929688,25014,Cotton,CT=F
2020-02-07,67.75,68.0,67.0999984741211,67.8499984741211,27935,Cotton,CT=F
2020-02-10,68.19000244140625,68.36000061035156,67.62000274658203,67.62000274658203,30316,Cotton,CT=F
2020-02-11,68.2300033569336,68.55000305175781,67.88999938964844,68.0,24289,Cotton,CT=F
2020-02-12,68.58000183105469,68.79000091552734,67.7699966430664,68.25,22534,Cotton,CT=F
2020-02-13,67.75,68.56999969482422,67.72000122070312,68.56999969482422,18205,Cotton,CT=F
2020-02-14,67.41000366210938,67.93000030517578,67.20999908447266,67.76000213623047,12470,Cotton,CT=F
2020-02-18,67.87000274658203,68.91000366210938,67.83000183105469,67.94000244140625,10513,Cotton,CT=F
2020-02-19,68.4800033569336,69.02999877929688,67.94000244140625,67.94000244140625,9243,Cotton,CT=F
2020-02-20,68.75,68.80000305175781,67.7300033569336,68.4000015258789,7816,Cotton,CT=F
2020-02-21,68.93000030517578,68.98999786376953,68.0,68.75,3750,Cotton,CT=F
2020-02-24,67.52999877929688,67.93000030517578,65.9000015258789,67.93000030517578,112,Cotton,CT=F
2020-02-25,66.33000183105469,67.05000305175781,67.05000305175781,67.05000305175781,3,Cotton,CT=F
2020-02-26,65.55000305175781,65.7300033569336,65.66000366210938,65.68000030517578,26,Cotton,CT=F
2020-02-27,62.599998474121094,64.37999725341797,64.37999725341797,65.25,8,Cotton,CT=F
2020-02-28,61.59000015258789,61.95000076293945,60.70000076293945,61.95000076293945,4,Cotton,CT=F
2020-03-02,63.47999954223633,62.97999954223633,62.97999954223633,62.97999954223633,1,Cotton,CT=F
2020-03-03,62.75,62.75,62.75,62.75,0,Cotton,CT=F
2020-03-04,62.959999084472656,62.959999084472656,62.959999084472656,62.959999084472656,0,Cotton,CT=F
2020-03-05,63.529998779296875,63.689998626708984,63.689998626708984,63.689998626708984,1,Cotton,CT=F
2020-03-06,62.970001220703125,62.970001220703125,62.970001220703125,62.970001220703125,0,Cotton,CT=F
2020-03-09,61.38999938964844,61.38999938964844,61.38999938964844,61.38999938964844,30022,Cotton,CT=F
2020-03-10,61.40999984741211,62.90999984741211,61.0099983215332,62.25,19931,Cotton,CT=F
2020-03-11,61.54999923706055,61.939998626708984,61.310001373291016,61.40999984741211,14480,Cotton,CT=F
2020-03-12,59.70000076293945,61.599998474121094,59.349998474121094,61.599998474121094,34718,Cotton,CT=F
2020-03-13,60.4900016784668,61.90999984741211,58.56999969482422,59.349998474121094,31028,Cotton,CT=F
2020-03-16,58.79999923706055,59.720001220703125,58.099998474121094,59.400001525878906,25832,Cotton,CT=F
2020-03-17,57.91999816894531,59.66999816894531,57.86000061035156,58.7599983215332,19127,Cotton,CT=F
2020-03-18,56.63999938964844,58.59000015258789,55.650001525878906,57.959999084472656,28005,Cotton,CT=F
2020-03-19,54.93000030517578,56.95000076293945,53.63999938964844,56.29999923706055,27427,Cotton,CT=F
2020-03-20,53.68000030517578,56.349998474121094,53.20000076293945,55.31999969482422,22807,Cotton,CT=F
2020-03-23,52.150001525878906,52.900001525878906,50.68000030517578,52.77000045776367,30377,Cotton,CT=F
2020-03-24,52.88999938964844,54.869998931884766,51.15999984741211,52.040000915527344,23556,Cotton,CT=F
2020-03-25,53.439998626708984,54.279998779296875,52.220001220703125,53.189998626708984,15522,Cotton,CT=F
2020-03-26,52.779998779296875,54.0099983215332,52.5,53.439998626708984,11744,Cotton,CT=F
2020-03-27,51.33000183105469,53.31999969482422,51.150001525878906,52.779998779296875,14026,Cotton,CT=F
2020-03-30,50.70000076293945,51.130001068115234,48.79999923706055,51.04999923706055,18721,Cotton,CT=F
2020-03-31,51.130001068115234,51.72999954223633,49.459999084472656,50.5,15783,Cotton,CT=F
2020-04-01,48.40999984741211,51.25,48.349998474121094,50.97999954223633,19089,Cotton,CT=F
2020-04-02,49.9900016784668,51.47999954223633,48.58000183105469,48.95000076293945,20779,Cotton,CT=F
2020-04-03,50.97999954223633,51.13999938964844,49.66999816894531,49.970001220703125,13730,Cotton,CT=F
2020-04-06,53.04999923706055,53.86000061035156,49.310001373291016,50.880001068115234,34088,Cotton,CT=F
2020-04-07,52.900001525878906,53.58000183105469,52.36000061035156,53.41999816894531,24014,Cotton,CT=F
2020-04-08,53.84000015258789,54.130001068115234,52.189998626708984,52.709999084472656,23953,Cotton,CT=F
2020-04-09,54.369998931884766,54.5,53.06999969482422,53.630001068115234,18492,Cotton,CT=F
2020-04-13,52.7599983215332,54.54999923706055,52.349998474121094,54.33000183105469,16617,Cotton,CT=F
2020-04-14,52.5099983215332,53.06999969482422,52.349998474121094,52.7599983215332,12622,Cotton,CT=F
2020-04-15,52.75,53.189998626708984,51.90999984741211,52.63999938964844,14095,Cotton,CT=F
2020-04-16,52.790000915527344,53.380001068115234,52.099998474121094,52.709999084472656,4447,Cotton,CT=F
2020-04-17,52.77000045776367,53.7599983215332,52.650001525878906,53.5,3080,Cotton,CT=F
2020-04-20,54.029998779296875,54.27000045776367,52.5099983215332,52.77000045776367,4548,Cotton,CT=F
2020-04-21,53.310001373291016,54.099998474121094,52.0,54.099998474121094,3470,Cotton,CT=F
2020-04-22,56.279998779296875,56.310001373291016,52.29999923706055,52.72999954223633,3175,Cotton,CT=F
2020-04-23,56.880001068115234,57.95000076293945,56.0099983215332,56.540000915527344,2374,Cotton,CT=F
2020-04-24,54.93000030517578,56.599998474121094,54.630001068115234,56.25,59,Cotton,CT=F
2020-04-27,53.93000030517578,53.93000030517578,53.93000030517578,53.93000030517578,0,Cotton,CT=F
2020-04-28,56.18000030517578,57.77000045776367,57.77000045776367,57.77000045776367,1,Cotton,CT=F
2020-04-29,58.02000045776367,57.83000183105469,57.83000183105469,57.83000183105469,3,Cotton,CT=F
2020-04-30,58.060001373291016,58.060001373291016,58.060001373291016,58.060001373291016,0,Cotton,CT=F
2020-05-01,56.560001373291016,56.560001373291016,56.560001373291016,56.560001373291016,0,Cotton,CT=F
2020-05-04,55.0,55.0,55.0,55.0,0,Cotton,CT=F
2020-05-05,53.90999984741211,54.060001373291016,52.150001525878906,54.060001373291016,4,Cotton,CT=F
2020-05-06,54.83000183105469,54.83000183105469,54.83000183105469,54.83000183105469,13765,Cotton,CT=F
2020-05-07,55.38999938964844,56.45000076293945,54.41999816894531,54.599998474121094,14437,Cotton,CT=F
2020-05-08,56.27000045776367,57.04999923706055,55.38999938964844,55.38999938964844,12673,Cotton,CT=F
2020-05-11,56.630001068115234,57.150001525878906,55.75,55.75,10207,Cotton,CT=F
2020-05-12,58.34000015258789,58.59000015258789,56.0,56.560001373291016,19223,Cotton,CT=F
2020-05-13,57.459999084472656,58.43000030517578,56.959999084472656,58.29999923706055,18961,Cotton,CT=F
2020-05-14,57.849998474121094,58.22999954223633,56.79999923706055,57.66999816894531,9917,Cotton,CT=F
2020-05-15,58.25,58.86000061035156,57.349998474121094,57.849998474121094,12545,Cotton,CT=F
2020-05-18,57.79999923706055,58.959999084472656,57.400001525878906,58.400001525878906,11952,Cotton,CT=F
2020-05-19,59.20000076293945,59.4900016784668,57.91999816894531,57.9900016784668,14707,Cotton,CT=F
2020-05-20,58.209999084472656,59.849998474121094,58.099998474121094,59.38999938964844,14289,Cotton,CT=F
2020-05-21,58.060001373291016,58.70000076293945,57.31999969482422,58.150001525878906,15732,Cotton,CT=F
2020-05-22,57.61000061035156,58.209999084472656,57.060001373291016,58.06999969482422,0,Cotton,CT=F
2020-05-26,58.22999954223633,59.45000076293945,57.65999984741211,57.79999923706055,11820,Cotton,CT=F
2020-05-27,58.34000015258789,58.599998474121094,57.619998931884766,58.459999084472656,9822,Cotton,CT=F
2020-05-28,57.56999969482422,58.540000915527344,57.529998779296875,58.4900016784668,8639,Cotton,CT=F
2020-05-29,57.59000015258789,57.72999954223633,56.560001373291016,57.5,16745,Cotton,CT=F
2020-06-01,60.060001373291016,60.38999938964844,57.2599983215332,57.59000015258789,32114,Cotton,CT=F
2020-06-02,60.369998931884766,61.150001525878906,60.0,60.29999923706055,20390,Cotton,CT=F
2020-06-03,60.47999954223633,60.72999954223633,59.84000015258789,60.369998931884766,10644,Cotton,CT=F
2020-06-04,60.0,60.43000030517578,59.65999984741211,60.16999816894531,13450,Cotton,CT=F
2020-06-05,61.790000915527344,62.31999969482422,59.75,59.88999938964844,26742,Cotton,CT=F
2020-06-08,60.810001373291016,62.15999984741211,60.58000183105469,62.15999984741211,15193,Cotton,CT=F
2020-06-09,60.52000045776367,61.33000183105469,60.209999084472656,60.86000061035156,14910,Cotton,CT=F
2020-06-10,60.5099983215332,60.70000076293945,59.810001373291016,60.599998474121094,13805,Cotton,CT=F
2020-06-11,60.02000045776367,60.5099983215332,59.349998474121094,60.20000076293945,21245,Cotton,CT=F
2020-06-12,59.84000015258789,60.380001068115234,59.47999954223633,60.02000045776367,10003,Cotton,CT=F
2020-06-15,59.0099983215332,59.79999923706055,58.689998626708984,59.79999923706055,9617,Cotton,CT=F
2020-06-16,60.06999969482422,60.380001068115234,59.150001525878906,59.400001525878906,5735,Cotton,CT=F
2020-06-17,61.34000015258789,61.36000061035156,59.90999984741211,60.060001373291016,4804,Cotton,CT=F
2020-06-18,61.16999816894531,61.72999954223633,60.849998474121094,61.380001068115234,4449,Cotton,CT=F
2020-06-19,61.560001373291016,62.0,61.029998779296875,61.029998779296875,2857,Cotton,CT=F
2020-06-22,62.52000045776367,62.849998474121094,61.150001525878906,61.5,3598,Cotton,CT=F
2020-06-23,63.040000915527344,63.13999938964844,61.75,62.52000045776367,5025,Cotton,CT=F
2020-06-24,61.65999984741211,63.040000915527344,61.79999923706055,63.040000915527344,190,Cotton,CT=F
2020-06-25,61.810001373291016,61.79999923706055,61.5,61.5,248,Cotton,CT=F
2020-06-26,60.54999923706055,61.5,60.099998474121094,61.5,134,Cotton,CT=F
2020-06-29,59.619998931884766,60.099998474121094,59.130001068115234,60.099998474121094,79,Cotton,CT=F
2020-06-30,60.97999954223633,60.97999954223633,60.97999954223633,60.97999954223633,37,Cotton,CT=F
2020-07-01,62.58000183105469,62.58000183105469,62.58000183105469,62.58000183105469,0,Cotton,CT=F
2020-07-02,63.04999923706055,63.04999923706055,63.04999923706055,63.04999923706055,0,Cotton,CT=F
2020-07-06,63.06999969482422,63.06999969482422,63.06999969482422,63.06999969482422,0,Cotton,CT=F
2020-07-07,63.2400016784668,63.2400016784668,63.2400016784668,63.2400016784668,0,Cotton,CT=F
2020-07-08,64.66000366210938,64.87999725341797,64.87000274658203,64.87000274658203,43,Cotton,CT=F
2020-07-09,63.34000015258789,64.01000213623047,62.099998474121094,64.01000213623047,34,Cotton,CT=F
2020-07-10,64.70999908447266,64.94000244140625,64.41999816894531,64.94000244140625,15,Cotton,CT=F
2020-07-13,63.75,63.75,63.75,63.75,0,Cotton,CT=F
2020-07-14,62.689998626708984,63.060001373291016,62.810001373291016,63.060001373291016,11,Cotton,CT=F
2020-07-15,62.59000015258789,63.310001373291016,62.599998474121094,63.220001220703125,12,Cotton,CT=F
2020-07-16,62.880001068115234,62.86000061035156,62.29999923706055,62.29999923706055,5,Cotton,CT=F
2020-07-17,62.0099983215332,62.959999084472656,62.08000183105469,62.959999084472656,10,Cotton,CT=F
2020-07-20,62.9900016784668,63.060001373291016,62.59000015258789,62.59000015258789,0,Cotton,CT=F
2020-07-21,62.90999984741211,63.27000045776367,62.88999938964844,63.11000061035156,20,Cotton,CT=F
2020-07-22,62.7400016784668,62.959999084472656,62.619998931884766,62.619998931884766,13,Cotton,CT=F
2020-07-23,61.68000030517578,62.939998626708984,61.68000030517578,62.93000030517578,40,Cotton,CT=F
2020-07-24,59.959999084472656,62.130001068115234,59.54999923706055,62.06999969482422,93,Cotton,CT=F
2020-07-27,60.689998626708984,61.459999084472656,59.04999923706055,59.5099983215332,148,Cotton,CT=F
2020-07-28,60.59000015258789,60.95000076293945,60.119998931884766,60.540000915527344,75,Cotton,CT=F
2020-07-29,61.029998779296875,61.20000076293945,61.0,61.20000076293945,5,Cotton,CT=F
2020-07-30,62.81999969482422,62.66999816894531,60.529998779296875,61.060001373291016,14,Cotton,CT=F
2020-07-31,62.29999923706055,62.630001068115234,61.959999084472656,62.619998931884766,6,Cotton,CT=F
2020-08-03,63.529998779296875,63.70000076293945,62.29999923706055,62.70000076293945,75,Cotton,CT=F
2020-08-04,63.93000030517578,63.939998626708984,63.25,63.79999923706055,10,Cotton,CT=F
2020-08-05,64.36000061035156,64.13999938964844,63.4900016784668,63.900001525878906,14,Cotton,CT=F
2020-08-06,64.41000366210938,64.58000183105469,64.16999816894531,64.58000183105469,15,Cotton,CT=F
2020-08-07,61.880001068115234,64.73999786376953,61.779998779296875,64.73999786376953,27,Cotton,CT=F
2020-08-10,62.34000015258789,62.779998779296875,62.400001525878906,62.400001525878906,8,Cotton,CT=F
2020-08-11,63.029998779296875,62.77000045776367,62.45000076293945,62.77000045776367,7,Cotton,CT=F
2020-08-12,61.84000015258789,61.97999954223633,61.97999954223633,61.97999954223633,2,Cotton,CT=F
2020-08-13,62.43000030517578,62.65999984741211,62.22999954223633,62.369998931884766,5,Cotton,CT=F
2020-08-14,62.290000915527344,62.790000915527344,62.560001373291016,62.790000915527344,10,Cotton,CT=F
2020-08-17,62.619998931884766,62.880001068115234,62.86000061035156,62.880001068115234,3,Cotton,CT=F
2020-08-18,62.38999938964844,62.38999938964844,62.38999938964844,62.38999938964844,1,Cotton,CT=F
2020-08-19,63.209999084472656,62.650001525878906,62.290000915527344,62.290000915527344,3,Cotton,CT=F
2020-08-20,63.91999816894531,64.25,62.689998626708984,62.689998626708984,45,Cotton,CT=F
2020-08-21,63.72999954223633,63.77000045776367,63.56999969482422,63.77000045776367,4,Cotton,CT=F
2020-08-24,65.16000366210938,65.29000091552734,64.08999633789062,64.12999725341797,31,Cotton,CT=F
2020-08-25,64.9800033569336,65.79000091552734,65.16000366210938,65.19999694824219,10,Cotton,CT=F
2020-08-26,64.9800033569336,64.9800033569336,64.9800033569336,64.9800033569336,0,Cotton,CT=F
2020-08-27,64.76000213623047,64.94999694824219,64.48999786376953,64.48999786376953,2,Cotton,CT=F
2020-08-28,64.37000274658203,64.31999969482422,64.25,64.31999969482422,3,Cotton,CT=F
2020-08-31,64.41000366210938,64.5999984741211,64.5999984741211,64.5999984741211,1,Cotton,CT=F
2020-09-01,64.66000366210938,65.61000061035156,64.87999725341797,64.94000244140625,22,Cotton,CT=F
2020-09-02,64.18000030517578,64.75,64.1500015258789,64.75,26,Cotton,CT=F
2020-09-03,63.560001373291016,63.790000915527344,63.529998779296875,63.790000915527344,15,Cotton,CT=F
2020-09-04,64.12000274658203,63.47999954223633,63.43000030517578,63.43000030517578,2,Cotton,CT=F
2020-09-08,63.189998626708984,64.43000030517578,63.0099983215332,64.33000183105469,9,Cotton,CT=F
2020-09-09,63.349998474121094,63.33000183105469,63.04999923706055,63.04999923706055,16,Cotton,CT=F
2020-09-10,63.959999084472656,64.44999694824219,64.37000274658203,64.37000274658203,9,Cotton,CT=F
2020-09-11,64.05999755859375,64.72000122070312,64.70999908447266,64.70999908447266,3,Cotton,CT=F
2020-09-14,65.45999908447266,65.83999633789062,64.68000030517578,64.68000030517578,38,Cotton,CT=F
2020-09-15,65.38999938964844,65.5,64.37000274658203,65.5,22,Cotton,CT=F
2020-09-16,64.97000122070312,65.43000030517578,65.20999908447266,65.43000030517578,11,Cotton,CT=F
2020-09-17,64.3499984741211,64.97000122070312,64.43000030517578,64.97000122070312,49,Cotton,CT=F
2020-09-18,64.16000366210938,64.18000030517578,64.18000030517578,64.18000030517578,12,Cotton,CT=F
2020-09-21,63.7400016784668,65.79000091552734,63.959999084472656,65.05000305175781,11,Cotton,CT=F
2020-09-22,63.84000015258789,64.30999755859375,63.560001373291016,63.91999816894531,12,Cotton,CT=F
2020-09-23,63.7599983215332,63.59000015258789,63.380001068115234,63.380001068115234,2,Cotton,CT=F
2020-09-24,63.970001220703125,63.970001220703125,63.970001220703125,63.970001220703125,0,Cotton,CT=F
2020-09-25,64.66000366210938,64.66000366210938,64.66000366210938,64.66000366210938,0,Cotton,CT=F
2020-09-28,64.4000015258789,64.4000015258789,64.4000015258789,64.4000015258789,0,Cotton,CT=F
2020-09-29,64.0,64.0,64.0,64.0,0,Cotton,CT=F
2020-09-30,64.48999786376953,64.48999786376953,64.48999786376953,64.48999786376953,0,Cotton,CT=F
2020-10-01,64.61000061035156,64.61000061035156,64.61000061035156,64.61000061035156,0,Cotton,CT=F
2020-10-02,64.5199966430664,64.5199966430664,64.5199966430664,64.5199966430664,0,Cotton,CT=F
2020-10-05,64.7300033569336,64.7300033569336,64.7300033569336,64.7300033569336,0,Cotton,CT=F
2020-10-06,65.55999755859375,65.55999755859375,65.55999755859375,65.55999755859375,0,Cotton,CT=F
2020-10-07,66.29000091552734,66.29000091552734,66.29000091552734,66.29000091552734,0,Cotton,CT=F
2020-10-08,66.19000244140625,66.19000244140625,66.19000244140625,66.19000244140625,16721,Cotton,CT=F
2020-10-09,67.63999938964844,68.68000030517578,67.54000091552734,67.75,20722,Cotton,CT=F
2020-10-12,68.37000274658203,69.47000122070312,68.0199966430664,68.0199966430664,21406,Cotton,CT=F
2020-10-13,68.83000183105469,69.25,68.26000213623047,68.66999816894531,14282,Cotton,CT=F
2020-10-14,68.93000030517578,69.38999938964844,68.55000305175781,68.81999969482422,13709,Cotton,CT=F
2020-10-15,69.22000122070312,69.2699966430664,68.41000366210938,69.0999984741211,13654,Cotton,CT=F
2020-10-16,69.91999816894531,70.04000091552734,69.0,69.01000213623047,19953,Cotton,CT=F
2020-10-19,71.16000366210938,71.22000122070312,70.0,70.0,22482,Cotton,CT=F
2020-10-20,71.0199966430664,71.6500015258789,70.30000305175781,70.97000122070312,18384,Cotton,CT=F
2020-10-21,71.04000091552734,72.12999725341797,70.56999969482422,70.80999755859375,19935,Cotton,CT=F
2020-10-22,71.94000244140625,72.0999984741211,70.81999969482422,71.0,16513,Cotton,CT=F
2020-10-23,71.29000091552734,71.91000366210938,71.0999984741211,71.69999694824219,15318,Cotton,CT=F
2020-10-26,72.11000061035156,72.37999725341797,71.22000122070312,71.3499984741211,16208,Cotton,CT=F
2020-10-27,72.02999877929688,72.52999877929688,71.76000213623047,72.0,17287,Cotton,CT=F
2020-10-28,70.16999816894531,72.5999984741211,70.05000305175781,72.0,26624,Cotton,CT=F
2020-10-29,69.81999969482422,70.45999908447266,69.58000183105469,70.1500015258789,22637,Cotton,CT=F
2020-10-30,68.91999816894531,70.05000305175781,68.37000274658203,69.86000061035156,24444,Cotton,CT=F
2020-11-02,68.7300033569336,69.08999633789062,68.05999755859375,68.75,17855,Cotton,CT=F
2020-11-03,70.23999786376953,70.33000183105469,68.7300033569336,68.73999786376953,18580,Cotton,CT=F
2020-11-04,70.2300033569336,70.72000122070312,69.62999725341797,69.94999694824219,17070,Cotton,CT=F
2020-11-05,70.06999969482422,70.94000244140625,69.86000061035156,70.29000091552734,17450,Cotton,CT=F
2020-11-06,68.62000274658203,70.2699966430664,68.55000305175781,70.0,28448,Cotton,CT=F
2020-11-09,70.0,70.44000244140625,68.62000274658203,68.66000366210938,30760,Cotton,CT=F
2020-11-10,69.8499984741211,70.16000366210938,69.11000061035156,70.0,32464,Cotton,CT=F
2020-11-11,69.27999877929688,70.37999725341797,69.25,69.94000244140625,22323,Cotton,CT=F
2020-11-12,68.4800033569336,69.41999816894531,68.37000274658203,69.36000061035156,25217,Cotton,CT=F
2020-11-13,68.45999908447266,68.7699966430664,68.22000122070312,68.44999694824219,17211,Cotton,CT=F
2020-11-16,69.56999969482422,70.0,68.4000015258789,68.4000015258789,14210,Cotton,CT=F
2020-11-17,69.11000061035156,69.87999725341797,68.8499984741211,69.56999969482422,9651,Cotton,CT=F
2020-11-18,69.68000030517578,69.76000213623047,68.91999816894531,68.95999908447266,6416,Cotton,CT=F
2020-11-19,69.31999969482422,69.9000015258789,69.1500015258789,69.5,5281,Cotton,CT=F
2020-11-20,70.87999725341797,71.25,69.31999969482422,69.31999969482422,3146,Cotton,CT=F
2020-11-23,72.1500015258789,72.69999694824219,71.51000213623047,71.73999786376953,133,Cotton,CT=F
2020-11-24,71.52999877929688,72.0,70.87000274658203,72.0,93,Cotton,CT=F
2020-11-25,70.80000305175781,71.0199966430664,70.9000015258789,71.0199966430664,74,Cotton,CT=F
2020-11-27,71.68000030517578,71.52999877929688,71.52999877929688,71.52999877929688,6,Cotton,CT=F
2020-11-30,70.58999633789062,70.75,69.55999755859375,70.75,6,Cotton,CT=F
2020-12-01,70.58999633789062,71.20999908447266,69.9800033569336,71.19000244140625,14,Cotton,CT=F
2020-12-02,69.98999786376953,70.16000366210938,69.6500015258789,70.16000366210938,73,Cotton,CT=F
2020-12-03,69.41999816894531,69.8499984741211,69.25,69.8499984741211,3,Cotton,CT=F
2020-12-04,69.86000061035156,69.55000305175781,69.44999694824219,69.44999694824219,10,Cotton,CT=F
2020-12-07,70.62999725341797,70.62999725341797,70.62999725341797,70.62999725341797,0,Cotton,CT=F
2020-12-08,70.18000030517578,70.18000030517578,70.18000030517578,70.18000030517578,9012,Cotton,CT=F
2020-12-09,73.05000305175781,73.22000122070312,71.86000061035156,72.0,14697,Cotton,CT=F
2020-12-10,74.26000213623047,74.5999984741211,72.7300033569336,73.05000305175781,23699,Cotton,CT=F
2020-12-11,74.08000183105469,74.75,74.0,74.25,14101,Cotton,CT=F
2020-12-14,74.66999816894531,75.19999694824219,74.19999694824219,74.19999694824219,14720,Cotton,CT=F
2020-12-15,75.58999633789062,75.68000030517578,74.55000305175781,74.66999816894531,15183,Cotton,CT=F
2020-12-16,75.6500015258789,76.06999969482422,75.33999633789062,75.52999877929688,12246,Cotton,CT=F
2020-12-17,77.19000244140625,77.41000366210938,75.51000213623047,75.6500015258789,19056,Cotton,CT=F
2020-12-18,77.16000366210938,77.41000366210938,76.8499984741211,77.19000244140625,14192,Cotton,CT=F
2020-12-21,74.76000213623047,77.30000305175781,74.5999984741211,77.19999694824219,24705,Cotton,CT=F
2020-12-22,74.81999969482422,75.22000122070312,74.27999877929688,74.76000213623047,14575,Cotton,CT=F
2020-12-23,76.13999938964844,76.4000015258789,74.4000015258789,74.80000305175781,12873,Cotton,CT=F
2020-12-24,76.19999694824219,76.58999633789062,75.91000366210938,76.05000305175781,5393,Cotton,CT=F
2020-12-28,76.3499984741211,76.66999816894531,76.1500015258789,76.4000015258789,5770,Cotton,CT=F
2020-12-29,77.01000213623047,77.25,76.36000061035156,76.69999694824219,9514,Cotton,CT=F
2020-12-30,77.97000122070312,78.05999755859375,76.9000015258789,77.0,13031,Cotton,CT=F
2020-12-31,78.12000274658203,78.38999938964844,77.4800033569336,77.97000122070312,8154,Cotton,CT=F
2021-01-04,78.97000122070312,79.9000015258789,78.25,78.25,22289,Cotton,CT=F
2021-01-05,80.3499984741211,80.72000122070312,78.97000122070312,78.97000122070312,20742,Cotton,CT=F
2021-01-06,80.05999755859375,80.93000030517578,79.91999816894531,80.41000366210938,17483,Cotton,CT=F
2021-01-07,79.76000213623047,80.69999694824219,79.6500015258789,79.98999786376953,14656,Cotton,CT=F
2021-01-08,79.7699966430664,80.38999938964844,79.55000305175781,79.76000213623047,12252,Cotton,CT=F
2021-01-11,80.43000030517578,80.5,78.6500015258789,80.0,20161,Cotton,CT=F
2021-01-12,81.69999694824219,81.7699966430664,79.86000061035156,80.44999694824219,22764,Cotton,CT=F
2021-01-13,80.91999816894531,82.08000183105469,80.76000213623047,81.69999694824219,18709,Cotton,CT=F
2021-01-14,81.1500015258789,81.5199966430664,80.25,80.91999816894531,12643,Cotton,CT=F
2021-01-15,80.69999694824219,81.43000030517578,80.5999984741211,81.12000274658203,13109,Cotton,CT=F
2021-01-19,81.1500015258789,81.8499984741211,80.75,80.87999725341797,16481,Cotton,CT=F
2021-01-20,81.58999633789062,81.75,80.5999984741211,81.0,15919,Cotton,CT=F
2021-01-21,82.56999969482422,83.05999755859375,81.4000015258789,81.58999633789062,17535,Cotton,CT=F
2021-01-22,81.55999755859375,82.55999755859375,81.5,82.5199966430664,22431,Cotton,CT=F
2021-01-25,82.33000183105469,82.47000122070312,81.5,81.55999755859375,14813,Cotton,CT=F
2021-01-26,81.70999908447266,82.31999969482422,81.11000061035156,82.30000305175781,22579,Cotton,CT=F
2021-01-27,80.83999633789062,82.43000030517578,80.68000030517578,81.72000122070312,17426,Cotton,CT=F
2021-01-28,79.93000030517578,81.4000015258789,79.8499984741211,80.8499984741211,20641,Cotton,CT=F
2021-01-29,80.63999938964844,80.8499984741211,79.75,79.9800033569336,14622,Cotton,CT=F
2021-02-01,80.02999877929688,81.5999984741211,79.80999755859375,80.68000030517578,20150,Cotton,CT=F
2021-02-02,80.69000244140625,81.01000213623047,79.80000305175781,80.23999786376953,17987,Cotton,CT=F
2021-02-03,80.98999786376953,81.13999938964844,80.44999694824219,80.69000244140625,16385,Cotton,CT=F
2021-02-04,84.27999877929688,84.81999969482422,80.83999633789062,81.0,38431,Cotton,CT=F
2021-02-05,82.73999786376953,84.88999938964844,82.58999633789062,84.25,33611,Cotton,CT=F
2021-02-08,84.27999877929688,84.76000213623047,82.7300033569336,83.0,25257,Cotton,CT=F
2021-02-09,86.93000030517578,87.12999725341797,84.4000015258789,84.4000015258789,27854,Cotton,CT=F
2021-02-10,84.66999816894531,86.75,84.41000366210938,86.5,27045,Cotton,CT=F
2021-02-11,86.41000366210938,86.7699966430664,84.5,84.5,17956,Cotton,CT=F
2021-02-12,87.2699966430664,87.33000183105469,85.3499984741211,86.16000366210938,11909,Cotton,CT=F
2021-02-16,88.12000274658203,88.9000015258789,87.30000305175781,87.30000305175781,8347,Cotton,CT=F
2021-02-17,88.36000061035156,88.48999786376953,87.58000183105469,88.01000213623047,6122,Cotton,CT=F
2021-02-18,88.7300033569336,89.2300033569336,88.0,88.36000061035156,5404,Cotton,CT=F
2021-02-19,88.94999694824219,89.36000061035156,88.06999969482422,88.75,2668,Cotton,CT=F
2021-02-22,90.91000366210938,90.7699966430664,89.0,89.0,173,Cotton,CT=F
2021-02-23,91.37000274658203,91.4800033569336,90.5,91.37999725341797,21,Cotton,CT=F
2021-02-24,92.33000183105469,92.33000183105469,92.33000183105469,92.33000183105469,0,Cotton,CT=F
2021-02-25,88.23999786376953,92.94999694824219,89.44000244140625,91.88999938964844,98,Cotton,CT=F
2021-02-26,87.81999969482422,87.87999725341797,87.80999755859375,87.87999725341797,11,Cotton,CT=F
2021-03-01,90.26000213623047,88.4800033569336,88.4800033569336,88.4800033569336,10,Cotton,CT=F
2021-03-02,89.44000244140625,89.69999694824219,89.69999694824219,89.69999694824219,1,Cotton,CT=F
2021-03-03,86.9000015258789,86.9000015258789,86.9000015258789,86.9000015258789,0,Cotton,CT=F
2021-03-04,85.58999633789062,85.58999633789062,85.58999633789062,85.58999633789062,0,Cotton,CT=F
2021-03-05,86.20999908447266,86.20999908447266,86.20999908447266,86.20999908447266,0,Cotton,CT=F
2021-03-08,86.7699966430664,86.7699966430664,86.7699966430664,86.7699966430664,0,Cotton,CT=F
2021-03-09,82.7699966430664,82.7699966430664,82.7699966430664,82.7699966430664,23885,Cotton,CT=F
2021-03-10,85.22000122070312,86.58999633789062,82.87000274658203,84.31999969482422,23348,Cotton,CT=F
2021-03-11,88.3499984741211,88.55999755859375,85.01000213623047,85.22000122070312,17086,Cotton,CT=F
2021-03-12,87.55999755859375,88.48999786376953,85.94999694824219,88.3499984741211,13022,Cotton,CT=F
2021-03-15,86.72000122070312,87.87000274658203,85.58000183105469,87.87000274658203,11766,Cotton,CT=F
2021-03-16,86.91999816894531,87.52999877929688,86.12000274658203,86.6500015258789,9440,Cotton,CT=F
2021-03-17,86.51000213623047,87.54000091552734,86.22000122070312,86.91999816894531,7624,Cotton,CT=F
2021-03-18,85.44999694824219,87.37999725341797,85.3499984741211,86.62000274658203,10122,Cotton,CT=F
2021-03-19,84.68000030517578,85.77999877929688,83.6500015258789,85.73999786376953,14630,Cotton,CT=F
2021-03-22,84.62000274658203,85.16000366210938,84.16999816894531,84.94999694824219,7589,Cotton,CT=F
2021-03-23,83.52999877929688,84.87000274658203,83.3499984741211,84.58999633789062,10225,Cotton,CT=F
2021-03-24,82.44000244140625,83.70999908447266,81.91000366210938,83.52999877929688,15536,Cotton,CT=F
2021-03-25,78.44000244140625,82.80999755859375,78.44000244140625,82.4000015258789,30348,Cotton,CT=F
2021-03-26,80.37999725341797,81.12999725341797,77.12000274658203,78.23999786376953,22031,Cotton,CT=F
2021-03-29,80.48999786376953,80.8499984741211,79.93000030517578,80.73999786376953,11472,Cotton,CT=F
2021-03-30,80.63999938964844,81.19999694824219,79.81999969482422,80.4800033569336,10761,Cotton,CT=F
2021-03-31,80.87999725341797,81.4000015258789,78.5999984741211,80.69999694824219,20609,Cotton,CT=F
2021-04-01,77.94999694824219,81.5199966430664,77.75,80.75,22212,Cotton,CT=F
2021-04-05,77.87999725341797,79.5999984741211,77.6500015258789,78.75,10987,Cotton,CT=F
2021-04-06,79.22000122070312,80.87999725341797,77.69999694824219,77.69999694824219,21896,Cotton,CT=F
2021-04-07,79.5,80.63999938964844,78.83999633789062,79.22000122070312,18192,Cotton,CT=F
2021-04-08,81.41000366210938,81.94000244140625,79.5999984741211,79.80000305175781,20684,Cotton,CT=F
2021-04-09,82.4000015258789,83.43000030517578,81.2699966430664,81.33000183105469,20738,Cotton,CT=F
2021-04-12,80.13999938964844,82.58999633789062,80.0199966430664,82.4000015258789,22018,Cotton,CT=F
2021-04-13,81.81999969482422,81.97000122070312,79.83999633789062,80.13999938964844,23102,Cotton,CT=F
2021-04-14,84.19999694824219,84.33000183105469,81.38999938964844,81.69999694824219,16852,Cotton,CT=F
2021-04-15,85.0199966430664,85.2300033569336,83.48999786376953,84.16999816894531,16041,Cotton,CT=F
2021-04-16,83.70999908447266,85.0999984741211,83.58999633789062,84.77999877929688,8030,Cotton,CT=F
2021-04-19,83.26000213623047,85.04000091552734,83.12000274658203,83.80999755859375,8357,Cotton,CT=F
2021-04-20,83.7699966430664,84.5999984741211,83.48999786376953,83.48999786376953,5171,Cotton,CT=F
2021-04-21,84.83000183105469,84.86000061035156,83.5,83.94999694824219,2637,Cotton,CT=F
2021-04-22,84.63999938964844,85.79000091552734,84.27999877929688,85.0,3159,Cotton,CT=F
2021-04-23,87.51000213623047,87.7300033569336,84.5999984741211,84.5999984741211,1703,Cotton,CT=F
2021-04-26,87.86000061035156,88.4000015258789,87.38999938964844,88.4000015258789,7,Cotton,CT=F
2021-04-27,90.06999969482422,88.9000015258789,87.63999938964844,87.63999938964844,7,Cotton,CT=F
2021-04-28,88.73999786376953,88.73999786376953,88.73999786376953,88.73999786376953,0,Cotton,CT=F
2021-04-29,85.88999938964844,88.25,87.55999755859375,88.25,2,Cotton,CT=F
2021-04-30,87.43000030517578,87.58999633789062,87.51000213623047,87.58999633789062,2,Cotton,CT=F
2021-05-03,87.20999908447266,87.20999908447266,87.20999908447266,87.20999908447266,0,Cotton,CT=F
2021-05-04,86.16999816894531,86.4000015258789,86.4000015258789,86.4000015258789,1,Cotton,CT=F
2021-05-05,86.2300033569336,86.48999786376953,85.29000091552734,85.29000091552734,2,Cotton,CT=F
2021-05-06,89.4800033569336,89.4800033569336,89.4800033569336,89.4800033569336,15415,Cotton,CT=F
2021-05-07,89.66000366210938,91.0,88.5199966430664,90.80000305175781,15724,Cotton,CT=F
2021-05-10,88.47000122070312,89.66999816894531,87.06999969482422,89.4000015258789,15080,Cotton,CT=F
2021-05-11,87.75,88.8499984741211,87.3499984741211,88.18000030517578,12054,Cotton,CT=F
2021-05-12,88.2300033569336,89.73999786376953,87.44000244140625,87.69000244140625,15259,Cotton,CT=F
2021-05-13,84.9800033569336,88.2699966430664,84.75,88.2699966430664,23547,Cotton,CT=F
2021-05-14,82.43000030517578,86.25,82.0999984741211,84.9800033569336,22928,Cotton,CT=F
2021-05-17,82.31999969482422,83.56999969482422,82.0,82.69999694824219,16939,Cotton,CT=F
2021-05-18,84.01000213623047,84.30000305175781,82.31999969482422,82.31999969482422,14835,Cotton,CT=F
2021-05-19,82.91999816894531,84.26000213623047,82.16000366210938,84.19000244140625,15976,Cotton,CT=F
2021-05-20,81.52999877929688,83.79000091552734,81.5,83.2300033569336,21349,Cotton,CT=F
2021-05-21,82.81999969482422,83.97000122070312,81.52999877929688,81.52999877929688,15495,Cotton,CT=F
2021-05-24,82.81999969482422,82.93000030517578,82.12000274658203,82.69999694824219,9200,Cotton,CT=F
2021-05-25,82.70999908447266,83.52999877929688,82.4000015258789,82.5999984741211,13429,Cotton,CT=F
2021-05-26,82.44000244140625,83.12999725341797,81.8499984741211,82.69999694824219,10342,Cotton,CT=F
2021-05-27,82.61000061035156,82.77999877929688,81.6500015258789,82.45999908447266,11402,Cotton,CT=F
2021-05-28,82.12000274658203,82.91000366210938,81.93000030517578,82.61000061035156,11371,Cotton,CT=F
2021-06-01,84.25,84.8499984741211,82.30000305175781,82.38999938964844,18122,Cotton,CT=F
2021-06-02,83.7699966430664,84.55999755859375,83.30000305175781,84.06999969482422,14992,Cotton,CT=F
2021-06-03,84.20999908447266,84.62000274658203,83.55000305175781,83.94000244140625,13158,Cotton,CT=F
2021-06-04,85.80000305175781,86.33999633789062,83.58000183105469,84.20999908447266,19092,Cotton,CT=F
2021-06-07,84.36000061035156,86.5,84.0999984741211,85.83000183105469,15772,Cotton,CT=F
2021-06-08,85.13999938964844,85.9000015258789,84.26000213623047,84.5,15852,Cotton,CT=F
2021-06-09,86.62000274658203,86.7699966430664,85.22000122070312,85.86000061035156,13239,Cotton,CT=F
2021-06-10,87.36000061035156,87.44999694824219,85.79000091552734,86.55000305175781,17670,Cotton,CT=F
2021-06-11,87.0,87.73999786376953,86.61000061035156,87.19999694824219,17975,Cotton,CT=F
2021-06-14,84.94999694824219,87.0,83.0999984741211,87.0,16253,Cotton,CT=F
2021-06-15,85.27999877929688,85.5999984741211,84.13999938964844,84.9000015258789,8536,Cotton,CT=F
2021-06-16,85.33000183105469,85.94999694824219,84.55999755859375,85.44999694824219,5795,Cotton,CT=F
2021-06-17,84.16999816894531,85.4800033569336,83.6500015258789,85.1500015258789,6063,Cotton,CT=F
2021-06-18,84.41999816894531,85.19999694824219,84.11000061035156,84.13999938964844,3969,Cotton,CT=F
2021-06-21,84.08999633789062,84.5,83.5999984741211,84.3499984741211,3666,Cotton,CT=F
2021-06-22,84.22000122070312,84.8499984741211,83.5999984741211,83.88999938964844,2797,Cotton,CT=F
2021-06-23,86.45999908447266,86.66000366210938,84.19999694824219,84.5,2443,Cotton,CT=F
2021-06-24,86.02999877929688,86.2699966430664,85.27999877929688,85.27999877929688,99,Cotton,CT=F
2021-06-25,86.43000030517578,86.43000030517578,86.43000030517578,86.43000030517578,0,Cotton,CT=F
2021-06-28,86.66000366210938,85.16999816894531,85.16999816894531,85.16999816894531,4,Cotton,CT=F
2021-06-29,86.48999786376953,86.48999786376953,86.48999786376953,86.48999786376953,1,Cotton,CT=F
2021-06-30,84.02999877929688,85.19999694824219,85.19999694824219,85.19999694824219,2,Cotton,CT=F
2021-07-01,85.01000213623047,85.01000213623047,85.01000213623047,85.01000213623047,0,Cotton,CT=F
2021-07-02,86.02999877929688,86.02999877929688,86.02999877929688,86.02999877929688,0,Cotton,CT=F
2021-07-06,86.37999725341797,86.37999725341797,86.37999725341797,86.37999725341797,0,Cotton,CT=F
2021-07-07,86.62999725341797,86.62999725341797,86.62999725341797,86.62999725341797,0,Cotton,CT=F
2021-07-08,85.87999725341797,85.87999725341797,85.87999725341797,85.87999725341797,6,Cotton,CT=F
2021-07-09,87.98999786376953,88.0,86.98999786376953,86.98999786376953,11,Cotton,CT=F
2021-07-12,88.47000122070312,88.41000366210938,88.0,88.0999984741211,8,Cotton,CT=F
2021-07-13,88.7699966430664,88.66999816894531,88.66999816894531,88.66999816894531,11,Cotton,CT=F
2021-07-14,90.56999969482422,90.33000183105469,89.5,89.5,65,Cotton,CT=F
2021-07-15,89.83999633789062,90.7300033569336,90.05000305175781,90.43000030517578,37,Cotton,CT=F
2021-07-16,90.69999694824219,90.68000030517578,89.6500015258789,89.6500015258789,7,Cotton,CT=F
2021-07-19,87.11000061035156,90.55000305175781,86.94000244140625,90.55000305175781,205,Cotton,CT=F
2021-07-20,88.87000274658203,89.3499984741211,87.56999969482422,87.87999725341797,15,Cotton,CT=F
2021-07-21,89.08999633789062,88.91999816894531,88.47000122070312,88.47000122070312,5,Cotton,CT=F
2021-07-22,90.2699966430664,90.62999725341797,89.30999755859375,89.30999755859375,20,Cotton,CT=F
2021-07-23,90.31999969482422,90.62999725341797,89.7300033569336,90.62000274658203,20,Cotton,CT=F
2021-07-26,90.29000091552734,90.37999725341797,88.6500015258789,89.56999969482422,17,Cotton,CT=F
2021-07-27,90.73999786376953,91.0,90.44999694824219,90.69999694824219,35,Cotton,CT=F
2021-07-28,90.91000366210938,91.51000213623047,90.79000091552734,91.0,41,Cotton,CT=F
2021-07-29,90.76000213623047,91.43000030517578,90.41000366210938,91.30000305175781,30,Cotton,CT=F
2021-07-30,89.83000183105469,90.43000030517578,89.26000213623047,90.43000030517578,50,Cotton,CT=F
2021-08-02,90.06999969482422,90.69000244140625,89.75,90.08999633789062,12,Cotton,CT=F
2021-08-03,90.30000305175781,90.19999694824219,89.63999938964844,89.83999633789062,17,Cotton,CT=F
2021-08-04,90.72000122070312,91.0199966430664,90.44000244140625,90.69000244140625,39,Cotton,CT=F
2021-08-05,91.16999816894531,91.41000366210938,90.37999725341797,90.37999725341797,35,Cotton,CT=F
2021-08-06,92.41999816894531,92.44000244140625,91.13999938964844,91.13999938964844,47,Cotton,CT=F
2021-08-09,91.30000305175781,92.13999938964844,90.69999694824219,92.13999938964844,46,Cotton,CT=F
2021-08-10,92.73999786376953,92.86000061035156,91.81999969482422,91.8499984741211,13,Cotton,CT=F
2021-08-11,91.63999938964844,92.69000244140625,92.4800033569336,92.62999725341797,6,Cotton,CT=F
2021-08-12,93.7699966430664,94.0999984741211,91.55999755859375,91.79000091552734,32,Cotton,CT=F
2021-08-13,95.20999908447266,95.5,93.19999694824219,93.19999694824219,35,Cotton,CT=F
2021-08-16,94.8499984741211,95.0,94.58000183105469,94.9800033569336,13,Cotton,CT=F
2021-08-17,95.69999694824219,97.33000183105469,95.18000030517578,95.80999755859375,41,Cotton,CT=F
2021-08-18,95.5199966430664,96.31999969482422,94.38999938964844,95.44000244140625,41,Cotton,CT=F
2021-08-19,93.47000122070312,95.48999786376953,93.2699966430664,95.23999786376953,21,Cotton,CT=F
2021-08-20,93.9000015258789,94.54000091552734,92.77999877929688,92.77999877929688,13,Cotton,CT=F
2021-08-23,94.54000091552734,95.0199966430664,94.37000274658203,94.87000274658203,19,Cotton,CT=F
2021-08-24,95.76000213623047,95.87999725341797,93.08999633789062,94.38999938964844,10,Cotton,CT=F
2021-08-25,95.94999694824219,96.20999908447266,95.6500015258789,95.87000274658203,8,Cotton,CT=F
2021-08-26,95.36000061035156,95.66000366210938,95.31999969482422,95.66000366210938,7,Cotton,CT=F
2021-08-27,96.2699966430664,96.30999755859375,95.1500015258789,95.19000244140625,11,Cotton,CT=F
2021-08-30,95.61000061035156,96.08000183105469,95.52999877929688,96.01000213623047,5,Cotton,CT=F
2021-08-31,93.91000366210938,95.26000213623047,94.45999908447266,95.26000213623047,13,Cotton,CT=F
2021-09-01,94.1500015258789,95.25,93.88999938964844,94.0999984741211,36,Cotton,CT=F
2021-09-02,95.13999938964844,95.13999938964844,95.13999938964844,95.13999938964844,0,Cotton,CT=F
2021-09-03,95.62000274658203,95.5,95.37999725341797,95.5,7,Cotton,CT=F
2021-09-07,95.41000366210938,95.9000015258789,95.87999725341797,95.9000015258789,9,Cotton,CT=F
2021-09-08,95.19999694824219,96.12000274658203,95.83999633789062,95.83999633789062,3,Cotton,CT=F
2021-09-09,94.55999755859375,95.58999633789062,94.55000305175781,95.58999633789062,9,Cotton,CT=F
2021-09-10,95.2300033569336,95.30999755859375,93.5,94.76000213623047,32,Cotton,CT=F
2021-09-13,94.41000366210938,94.18000030517578,94.18000030517578,94.18000030517578,2,Cotton,CT=F
2021-09-14,94.95999908447266,95.0999984741211,93.72000122070312,94.51000213623047,60,Cotton,CT=F
2021-09-15,94.66999816894531,94.7699966430664,94.63999938964844,94.7699966430664,6,Cotton,CT=F
2021-09-16,93.41000366210938,95.54000091552734,93.4000015258789,95.54000091552734,47,Cotton,CT=F
2021-09-17,93.31999969482422,93.27999877929688,93.11000061035156,93.12000274658203,15,Cotton,CT=F
2021-09-20,89.88999938964844,92.8499984741211,90.52999877929688,92.37000274658203,56,Cotton,CT=F
2021-09-21,91.18000030517578,91.87999725341797,89.79000091552734,89.79000091552734,48,Cotton,CT=F
2021-09-22,91.83000183105469,92.11000061035156,91.77999877929688,92.04000091552734,45,Cotton,CT=F
2021-09-23,93.30999755859375,92.13999938964844,92.13999938964844,92.13999938964844,3,Cotton,CT=F
2021-09-24,96.8499984741211,96.8499984741211,96.8499984741211,96.8499984741211,0,Cotton,CT=F
2021-09-27,98.91000366210938,98.91000366210938,98.91000366210938,98.91000366210938,0,Cotton,CT=F
2021-09-28,100.91000366210938,100.91000366210938,100.91000366210938,100.91000366210938,0,Cotton,CT=F
2021-09-29,103.94000244140625,101.91000366210938,101.91000366210938,101.91000366210938,2,Cotton,CT=F
2021-09-30,107.80000305175781,107.80000305175781,107.80000305175781,107.80000305175781,0,Cotton,CT=F
2021-10-01,106.52999877929688,106.52999877929688,106.52999877929688,106.52999877929688,0,Cotton,CT=F
2021-10-04,106.93000030517578,106.93000030517578,106.93000030517578,106.93000030517578,0,Cotton,CT=F
2021-10-05,110.93000030517578,110.93000030517578,110.93000030517578,110.93000030517578,0,Cotton,CT=F
2021-10-06,113.0999984741211,113.0999984741211,113.0999984741211,113.0999984741211,48,Cotton,CT=F
2021-10-07,113.6500015258789,113.6500015258789,113.6500015258789,113.6500015258789,26439,Cotton,CT=F
2021-10-08,110.5999984741211,116.4800033569336,110.33000183105469,111.61000061035156,32335,Cotton,CT=F
2021-10-11,109.79000091552734,110.93000030517578,107.3499984741211,110.0,22843,Cotton,CT=F
2021-10-12,106.37999725341797,112.88999938964844,106.06999969482422,109.41999816894531,24515,Cotton,CT=F
2021-10-13,103.86000061035156,106.4000015258789,103.5,106.37999725341797,25100,Cotton,CT=F
2021-10-14,107.0999984741211,107.86000061035156,103.91000366210938,104.0,20790,Cotton,CT=F
2021-10-15,107.33000183105469,111.0999984741211,106.44999694824219,107.44999694824219,27340,Cotton,CT=F
2021-10-18,107.04000091552734,109.69000244140625,105.41000366210938,107.23999786376953,15931,Cotton,CT=F
2021-10-19,107.83000183105469,108.37000274658203,105.25,107.12999725341797,14642,Cotton,CT=F
2021-10-20,110.7300033569336,111.0,106.5,107.3499984741211,16189,Cotton,CT=F
2021-10-21,106.13999938964844,111.3499984741211,105.87999725341797,110.41999816894531,20954,Cotton,CT=F
2021-10-22,108.26000213623047,109.05000305175781,106.23999786376953,106.29000091552734,13639,Cotton,CT=F
2021-10-25,108.54000091552734,110.13999938964844,107.69999694824219,107.83999633789062,11645,Cotton,CT=F
2021-10-26,108.70999908447266,109.55000305175781,108.33999633789062,108.52999877929688,11798,Cotton,CT=F
2021-10-27,110.5199966430664,110.94999694824219,107.66000366210938,108.80999755859375,16856,Cotton,CT=F
2021-10-28,113.7300033569336,114.19999694824219,109.5,110.55999755859375,21371,Cotton,CT=F
2021-10-29,114.8499984741211,115.1500015258789,112.1500015258789,113.75,22844,Cotton,CT=F
2021-11-01,119.83999633789062,119.8499984741211,115.06999969482422,115.13999938964844,38039,Cotton,CT=F
2021-11-02,117.25,121.66999816894531,116.68000030517578,120.36000061035156,26534,Cotton,CT=F
2021-11-03,118.81999969482422,119.47000122070312,115.75,117.5,23911,Cotton,CT=F
2021-11-04,116.45999908447266,118.58999633789062,116.19000244140625,118.58999633789062,20157,Cotton,CT=F
2021-11-05,116.87000274658203,117.56999969482422,115.7699966430664,116.69999694824219,21721,Cotton,CT=F
2021-11-08,116.55000305175781,118.37999725341797,116.31999969482422,117.19999694824219,19423,Cotton,CT=F
2021-11-09,119.37999725341797,120.5,116.19999694824219,116.55000305175781,22188,Cotton,CT=F
2021-11-10,118.68000030517578,120.75,118.44999694824219,118.83999633789062,20208,Cotton,CT=F
2021-11-11,118.54000091552734,119.20999908447266,117.54000091552734,118.81999969482422,18162,Cotton,CT=F
2021-11-12,117.69000244140625,118.91000366210938,116.52999877929688,118.6500015258789,23517,Cotton,CT=F
2021-11-15,117.62000274658203,118.19000244140625,116.5,117.6500015258789,9018,Cotton,CT=F
2021-11-16,117.9800033569336,118.41000366210938,117.06999969482422,117.8499984741211,11986,Cotton,CT=F
2021-11-17,119.69999694824219,121.62999725341797,117.61000061035156,117.91000366210938,8447,Cotton,CT=F
2021-11-18,117.58999633789062,120.48999786376953,117.0999984741211,119.69999694824219,6535,Cotton,CT=F
2021-11-19,119.22000122070312,120.29000091552734,117.20999908447266,117.62000274658203,4626,Cotton,CT=F
2021-11-22,117.70999908447266,119.45999908447266,117.5,118.93000030517578,2846,Cotton,CT=F
2021-11-23,120.36000061035156,120.62999725341797,116.80000305175781,117.6500015258789,214,Cotton,CT=F
2021-11-24,120.37999725341797,120.77999877929688,119.48999786376953,119.83000183105469,91,Cotton,CT=F
2021-11-26,116.5999984741211,118.5,114.97000122070312,117.5,97,Cotton,CT=F
2021-11-29,116.6500015258789,118.19999694824219,116.01000213623047,118.02999877929688,29,Cotton,CT=F
2021-11-30,111.6500015258789,116.4000015258789,111.5,116.4000015258789,49,Cotton,CT=F
2021-12-01,109.38999938964844,113.25,110.41000366210938,110.97000122070312,8,Cotton,CT=F
2021-12-02,108.9000015258789,110.05000305175781,109.44999694824219,110.05000305175781,3,Cotton,CT=F
2021-12-03,109.30000305175781,110.58999633789062,108.9000015258789,108.9000015258789,24,Cotton,CT=F
2021-12-06,112.01000213623047,110.55000305175781,110.55000305175781,110.55000305175781,1,Cotton,CT=F
2021-12-07,111.2699966430664,112.1500015258789,111.38999938964844,111.93000030517578,9,Cotton,CT=F
2021-12-08,111.55000305175781,111.55000305175781,111.55000305175781,111.55000305175781,9451,Cotton,CT=F
2021-12-09,106.58999633789062,107.0,105.01000213623047,106.29000091552734,10134,Cotton,CT=F
2021-12-10,106.2300033569336,107.11000061035156,105.72000122070312,106.29000091552734,9021,Cotton,CT=F
2021-12-13,106.80999755859375,107.81999969482422,106.01000213623047,106.2300033569336,9152,Cotton,CT=F
2021-12-14,105.9000015258789,107.04000091552734,105.63999938964844,106.72000122070312,8779,Cotton,CT=F
2021-12-15,105.79000091552734,106.62999725341797,105.44999694824219,105.9000015258789,9658,Cotton,CT=F
2021-12-16,109.68000030517578,109.79000091552734,105.87999725341797,105.87999725341797,17271,Cotton,CT=F
2021-12-17,107.30000305175781,109.4000015258789,106.94000244140625,109.22000122070312,12205,Cotton,CT=F
2021-12-20,105.54000091552734,107.69000244140625,104.2699966430664,107.69000244140625,14244,Cotton,CT=F
2021-12-21,107.2699966430664,108.3499984741211,105.72000122070312,105.77999877929688,9671,Cotton,CT=F
2021-12-22,108.83000183105469,109.3499984741211,106.56999969482422,107.02999877929688,9278,Cotton,CT=F
2021-12-23,109.12000274658203,109.44999694824219,108.20999908447266,108.6500015258789,0,Cotton,CT=F
2021-12-27,112.27999877929688,112.69000244140625,108.51000213623047,108.91000366210938,11076,Cotton,CT=F
2021-12-28,110.05000305175781,112.66999816894531,109.75,112.12000274658203,9561,Cotton,CT=F
2021-12-29,112.98999786376953,113.95999908447266,110.0,110.05000305175781,12202,Cotton,CT=F
2021-12-30,114.33999633789062,115.33000183105469,112.0,112.98999786376953,10994,Cotton,CT=F
2021-12-31,112.5999984741211,114.48999786376953,112.36000061035156,114.0,7797,Cotton,CT=F
2022-01-03,113.2300033569336,114.61000061035156,112.76000213623047,112.76000213623047,8190,Cotton,CT=F
2022-01-04,116.38999938964844,117.68000030517578,113.37000274658203,113.43000030517578,17431,Cotton,CT=F
2022-01-05,116.27999877929688,117.66000366210938,115.51000213623047,116.26000213623047,12212,Cotton,CT=F
2022-01-06,114.72000122070312,116.12999725341797,114.5999984741211,115.75,12438,Cotton,CT=F
2022-01-07,115.12000274658203,116.86000061035156,114.80000305175781,114.95999908447266,12577,Cotton,CT=F
2022-01-10,115.22000122070312,116.37999725341797,114.81999969482422,115.12999725341797,13645,Cotton,CT=F
2022-01-11,116.0199966430664,116.58000183105469,115.0,115.08000183105469,10672,Cotton,CT=F
2022-01-12,117.63999938964844,118.98999786376953,115.69999694824219,115.9000015258789,18911,Cotton,CT=F
2022-01-13,116.83999633789062,118.44999694824219,116.44000244140625,117.6500015258789,14037,Cotton,CT=F
2022-01-14,119.69999694824219,119.9000015258789,116.26000213623047,116.94999694824219,12652,Cotton,CT=F
2022-01-18,121.08000183105469,121.37000274658203,119.05000305175781,119.7699966430664,15842,Cotton,CT=F
2022-01-19,123.94999694824219,124.77999877929688,120.91000366210938,121.08999633789062,17235,Cotton,CT=F
2022-01-20,122.87000274658203,124.77999877929688,122.11000061035156,123.9800033569336,13288,Cotton,CT=F
2022-01-21,120.75,122.87999725341797,120.66999816894531,121.86000061035156,15815,Cotton,CT=F
2022-01-24,120.37999725341797,122.5,119.19999694824219,121.19999694824219,17635,Cotton,CT=F
2022-01-25,120.91999816894531,121.44000244140625,120.05000305175781,120.4000015258789,13360,Cotton,CT=F
2022-01-26,122.33000183105469,122.69000244140625,120.7699966430664,120.93000030517578,12474,Cotton,CT=F
2022-01-27,121.62999725341797,122.13999938964844,120.8499984741211,121.91999816894531,10742,Cotton,CT=F
2022-01-28,123.76000213623047,125.5999984741211,120.01000213623047,121.80000305175781,22800,Cotton,CT=F
2022-01-31,127.56999969482422,127.70999908447266,123.25,123.76000213623047,19566,Cotton,CT=F
2022-02-01,127.33000183105469,129.3699951171875,124.5999984741211,127.44999694824219,25488,Cotton,CT=F
2022-02-02,126.33000183105469,128.4499969482422,125.87000274658203,127.45999908447266,15461,Cotton,CT=F
2022-02-03,127.62000274658203,127.69999694824219,125.2699966430664,126.19999694824219,18190,Cotton,CT=F
2022-02-04,126.73999786376953,128.8300018310547,125.69999694824219,127.69999694824219,21676,Cotton,CT=F
2022-02-07,125.56999969482422,126.94000244140625,125.3499984741211,126.76000213623047,24554,Cotton,CT=F
2022-02-08,127.1500015258789,127.31999969482422,125.05000305175781,125.56999969482422,23177,Cotton,CT=F
2022-02-09,126.43000030517578,127.37000274658203,125.83000183105469,127.06999969482422,22197,Cotton,CT=F
2022-02-10,125.66000366210938,127.26000213623047,125.5,126.44999694824219,21935,Cotton,CT=F
2022-02-11,125.27999877929688,126.41000366210938,124.91999816894531,125.5999984741211,22279,Cotton,CT=F
2022-02-14,122.93000030517578,125.47000122070312,121.62000274658203,125.27999877929688,16361,Cotton,CT=F
2022-02-15,123.04000091552734,123.44999694824219,122.5,123.19000244140625,9770,Cotton,CT=F
2022-02-16,121.91000366210938,123.27999877929688,121.55999755859375,123.04000091552734,10000,Cotton,CT=F
2022-02-17,121.93000030517578,122.72000122070312,121.43000030517578,122.26000213623047,6761,Cotton,CT=F
2022-02-18,122.98999786376953,124.19000244140625,121.93000030517578,121.93000030517578,6196,Cotton,CT=F
2022-02-22,121.11000061035156,121.69999694824219,119.69999694824219,121.62999725341797,279,Cotton,CT=F
2022-02-23,122.4000015258789,122.5,120.58000183105469,121.8499984741211,53,Cotton,CT=F
2022-02-24,122.58999633789062,125.33000183105469,122.69999694824219,123.44999694824219,24,Cotton,CT=F
2022-02-25,122.12000274658203,122.20999908447266,120.0,120.0,7,Cotton,CT=F
2022-02-28,122.56999969482422,123.12000274658203,123.11000061035156,123.11000061035156,15,Cotton,CT=F
2022-03-01,126.3499984741211,128.0,121.62000274658203,121.62000274658203,17,Cotton,CT=F
2022-03-02,122.04000091552734,125.27999877929688,121.63999938964844,124.56999969482422,26,Cotton,CT=F
2022-03-03,123.55000305175781,123.83000183105469,123.44999694824219,123.44999694824219,8,Cotton,CT=F
2022-03-04,120.19999694824219,123.75,120.4000015258789,123.75,11,Cotton,CT=F
2022-03-07,120.66000366210938,120.79000091552734,119.30000305175781,119.30000305175781,47,Cotton,CT=F
2022-03-08,122.16999816894531,122.0,121.23999786376953,121.23999786376953,3,Cotton,CT=F
2022-03-09,121.66999816894531,121.66999816894531,121.66999816894531,121.66999816894531,10646,Cotton,CT=F
2022-03-10,116.86000061035156,118.47000122070312,116.66999816894531,117.47000122070312,9164,Cotton,CT=F
2022-03-11,121.02999877929688,121.7300033569336,116.91999816894531,117.0999984741211,18291,Cotton,CT=F
2022-03-14,118.7699966430664,121.26000213623047,117.6500015258789,121.02999877929688,13727,Cotton,CT=F
2022-03-15,118.5999984741211,119.76000213623047,117.05000305175781,118.7699966430664,14652,Cotton,CT=F
2022-03-16,119.80000305175781,121.48999786376953,118.16000366210938,118.5,10029,Cotton,CT=F
2022-03-17,121.86000061035156,122.66999816894531,119.62999725341797,119.80000305175781,11660,Cotton,CT=F
2022-03-18,126.86000061035156,126.86000061035156,121.83999633789062,121.86000061035156,18974,Cotton,CT=F
2022-03-21,130.00999450683594,131.7100067138672,127.0999984741211,127.33999633789062,22796,Cotton,CT=F
2022-03-22,130.0399932861328,130.4499969482422,128.1199951171875,130.25999450683594,11117,Cotton,CT=F
2022-03-23,130.02999877929688,132.9600067138672,129.86000061035156,130.1999969482422,12688,Cotton,CT=F
2022-03-24,130.89999389648438,131.61000061035156,129.36000061035156,130.0399932861328,13524,Cotton,CT=F
2022-03-25,135.89999389648438,135.89999389648438,130.89999389648438,130.89999389648438,15240,Cotton,CT=F
2022-03-28,139.07000732421875,141.8000030517578,134.0500030517578,135.6999969482422,27201,Cotton,CT=F
2022-03-29,136.80999755859375,141.58999633789062,136.67999267578125,139.5800018310547,17765,Cotton,CT=F
2022-03-30,139.83999633789062,140.1999969482422,136.36000061035156,137.0399932861328,13504,Cotton,CT=F
2022-03-31,135.69000244140625,140.6699981689453,135.36000061035156,139.83999633789062,18805,Cotton,CT=F
2022-04-01,134.5500030517578,137.49000549316406,134.1199951171875,136.0,15922,Cotton,CT=F
2022-04-04,137.94000244140625,138.60000610351562,134.60000610351562,134.60000610351562,12877,Cotton,CT=F
2022-04-05,137.52999877929688,140.4499969482422,136.86000061035156,137.92999267578125,16015,Cotton,CT=F
2022-04-06,135.69000244140625,138.44000244140625,135.13999938964844,137.67999267578125,22044,Cotton,CT=F
2022-04-07,133.1999969482422,136.4600067138672,132.8699951171875,135.85000610351562,26169,Cotton,CT=F
2022-04-08,132.41000366210938,134.58999633789062,132.3000030517578,133.39999389648438,25578,Cotton,CT=F
2022-04-11,135.2899932861328,136.27000427246094,131.5800018310547,132.4600067138672,22597,Cotton,CT=F
2022-04-12,138.50999450683594,139.25,135.17999267578125,135.24000549316406,20846,Cotton,CT=F
2022-04-13,142.77000427246094,143.3800048828125,137.49000549316406,138.8300018310547,18906,Cotton,CT=F
2022-04-14,141.97999572753906,146.13999938964844,140.72999572753906,142.9199981689453,12774,Cotton,CT=F
2022-04-18,144.74000549316406,145.33999633789062,142.0,142.0,5539,Cotton,CT=F
2022-04-19,139.67999267578125,145.61000061035156,139.02000427246094,144.8000030517578,12022,Cotton,CT=F
2022-04-20,140.38999938964844,142.4499969482422,139.3800048828125,139.8000030517578,5182,Cotton,CT=F
2022-04-21,138.58999633789062,140.85000610351562,138.5500030517578,140.3800048828125,3259,Cotton,CT=F
2022-04-22,139.4600067138672,141.42999267578125,136.39999389648438,138.60000610351562,1582,Cotton,CT=F
2022-04-25,141.41000366210938,139.0,138.32000732421875,138.32000732421875,30,Cotton,CT=F
2022-04-26,142.52999877929688,142.3300018310547,141.17999267578125,141.92999267578125,13,Cotton,CT=F
2022-04-27,146.0800018310547,143.30999755859375,142.97000122070312,143.2899932861328,19,Cotton,CT=F
2022-04-28,153.0800018310547,153.0800018310547,153.0800018310547,153.0800018310547,1,Cotton,CT=F
2022-04-29,152.3300018310547,155.14999389648438,154.75999450683594,155.0,3,Cotton,CT=F
2022-05-02,157.16000366210938,156.63999938964844,155.0,155.0,5,Cotton,CT=F
2022-05-03,153.3300018310547,153.3300018310547,153.3300018310547,153.3300018310547,18,Cotton,CT=F
2022-05-04,158.02000427246094,158.02000427246094,158.02000427246094,158.02000427246094,0,Cotton,CT=F
2022-05-05,152.02000427246094,152.02000427246094,152.02000427246094,152.02000427246094,0,Cotton,CT=F
2022-05-06,146.8699951171875,146.8699951171875,146.8699951171875,146.8699951171875,19170,Cotton,CT=F
2022-05-09,142.92999267578125,148.1699981689453,142.61000061035156,143.47999572753906,17047,Cotton,CT=F
2022-05-10,142.94000244140625,145.22000122070312,142.10000610351562,142.57000732421875,10849,Cotton,CT=F
2022-05-11,143.60000610351562,144.9600067138672,142.36000061035156,143.17999267578125,12967,Cotton,CT=F
2022-05-12,145.52999877929688,147.9499969482422,143.05999755859375,143.5800018310547,14081,Cotton,CT=F
2022-05-13,145.1999969482422,146.6199951171875,143.5500030517578,145.52999877929688,11409,Cotton,CT=F
2022-05-16,150.64999389648438,150.97000122070312,145.66000366210938,145.66000366210938,15677,Cotton,CT=F
2022-05-17,148.4600067138672,151.9499969482422,148.25,150.52000427246094,14819,Cotton,CT=F
2022-05-18,144.47000122070312,149.1699981689453,143.16000366210938,148.94000244140625,16384,Cotton,CT=F
2022-05-19,147.6999969482422,148.86000061035156,141.1199951171875,144.4499969482422,19702,Cotton,CT=F
2022-05-20,142.27000427246094,148.0,141.86000061035156,147.35000610351562,13619,Cotton,CT=F
2022-05-23,142.75,144.9499969482422,140.8300018310547,142.61000061035156,12400,Cotton,CT=F
2022-05-24,141.5399932861328,142.82000732421875,140.67999267578125,142.75,13333,Cotton,CT=F
2022-05-25,145.16000366210938,147.13999938964844,140.75,141.39999389648438,19079,Cotton,CT=F
2022-05-26,140.61000061035156,145.3699951171875,140.36000061035156,144.57000732421875,20395,Cotton,CT=F
2022-05-27,139.4199981689453,141.99000549316406,139.0500030517578,140.6999969482422,11381,Cotton,CT=F
2022-05-31,138.97999572753906,142.0,138.64999389648438,139.4199981689453,12501,Cotton,CT=F
2022-06-01,136.05999755859375,139.75,135.58999633789062,139.1999969482422,20895,Cotton,CT=F
2022-06-02,139.11000061035156,140.63999938964844,134.1199951171875,136.10000610351562,15857,Cotton,CT=F
2022-06-03,138.17999267578125,140.6999969482422,136.05999755859375,139.13999938964844,11953,Cotton,CT=F
2022-06-06,137.74000549316406,141.58999633789062,136.9600067138672,139.47999572753906,15548,Cotton,CT=F
2022-06-07,136.9499969482422,138.47000122070312,136.10000610351562,137.74000549316406,18342,Cotton,CT=F
2022-06-08,140.6199951171875,141.89999389648438,137.07000732421875,137.47000122070312,16023,Cotton,CT=F
2022-06-09,146.50999450683594,146.6199951171875,139.57000732421875,140.3000030517578,16928,Cotton,CT=F
2022-06-10,145.05999755859375,147.6999969482422,144.5,146.9199981689453,25754,Cotton,CT=F
2022-06-13,145.66000366210938,146.5500030517578,143.8000030517578,145.3000030517578,12174,Cotton,CT=F
2022-06-14,143.47999572753906,145.9199981689453,143.36000061035156,145.64999389648438,7975,Cotton,CT=F
2022-06-15,143.17999267578125,145.4499969482422,142.5,143.63999938964844,8173,Cotton,CT=F
2022-06-16,143.52999877929688,147.5,143.4499969482422,143.50999450683594,6840,Cotton,CT=F
2022-06-17,143.4499969482422,145.8800048828125,143.17999267578125,143.57000732421875,5106,Cotton,CT=F
2022-06-21,143.50999450683594,146.0,143.39999389648438,143.5,8436,Cotton,CT=F
2022-06-22,143.32000732421875,145.0,143.0,143.5800018310547,6298,Cotton,CT=F
2022-06-23,136.32000732421875,143.72999572753906,136.32000732421875,143.5,5807,Cotton,CT=F
2022-06-24,103.76000213623047,132.25,100.0,132.25,174,Cotton,CT=F
2022-06-27,100.3499984741211,102.0,102.0,102.0,7,Cotton,CT=F
2022-06-28,100.12000274658203,103.0,103.0,103.0,6,Cotton,CT=F
2022-06-29,104.27999877929688,105.0,103.0,103.0,3,Cotton,CT=F
2022-06-30,103.94000244140625,105.0,104.0,104.0,34,Cotton,CT=F
2022-07-01,103.68000030517578,109.0,109.0,109.0,2,Cotton,CT=F
2022-07-05,99.68000030517578,99.68000030517578,99.68000030517578,99.68000030517578,0,Cotton,CT=F
2022-07-06,94.69000244140625,94.69000244140625,94.69000244140625,94.69000244140625,0,Cotton,CT=F
2022-07-07,98.12000274658203,98.12000274658203,98.12000274658203,98.12000274658203,57,Cotton,CT=F
2022-07-08,102.61000061035156,102.77999877929688,98.76000213623047,100.3499984741211,93,Cotton,CT=F
2022-07-11,102.44000244140625,104.08999633789062,101.19999694824219,104.0,9,Cotton,CT=F
2022-07-12,98.44000244140625,101.20999908447266,98.62999725341797,101.20999908447266,14,Cotton,CT=F
2022-07-13,95.41000366210938,98.0,94.26000213623047,98.0,40,Cotton,CT=F
2022-07-14,91.41000366210938,95.19999694824219,91.41000366210938,95.19000244140625,57,Cotton,CT=F
2022-07-15,96.41000366210938,96.41000366210938,90.8499984741211,90.8499984741211,16,Cotton,CT=F
2022-07-18,100.41999816894531,100.81999969482422,97.06999969482422,97.06999969482422,11,Cotton,CT=F
2022-07-19,100.19999694824219,100.77999877929688,97.44000244140625,100.56999969482422,19,Cotton,CT=F
2022-07-20,100.37999725341797,101.13999938964844,99.88999938964844,99.9000015258789,16,Cotton,CT=F
2022-07-21,99.5999984741211,102.94999694824219,98.4800033569336,100.54000091552734,80,Cotton,CT=F
2022-07-22,99.43000030517578,100.33000183105469,99.25,100.19000244140625,8,Cotton,CT=F
2022-07-25,97.5199966430664,98.98999786376953,97.31999969482422,98.94000244140625,78,Cotton,CT=F
2022-07-26,99.69000244140625,99.83999633789062,95.0199966430664,97.51000213623047,84,Cotton,CT=F
2022-07-27,99.83000183105469,101.5,98.94999694824219,99.83999633789062,36,Cotton,CT=F
2022-07-28,102.37000274658203,102.8499984741211,100.63999938964844,100.63999938964844,36,Cotton,CT=F
2022-07-29,103.12999725341797,104.05999755859375,103.05000305175781,103.05000305175781,12,Cotton,CT=F
2022-08-01,100.29000091552734,102.37999725341797,99.12999725341797,102.37999725341797,33,Cotton,CT=F
2022-08-02,100.87000274658203,102.37000274658203,98.0,99.80999755859375,14,Cotton,CT=F
2022-08-03,100.36000061035156,100.86000061035156,100.4800033569336,100.86000061035156,5,Cotton,CT=F
2022-08-04,100.12000274658203,100.29000091552734,99.77999877929688,100.29000091552734,5,Cotton,CT=F
2022-08-05,101.68000030517578,101.7300033569336,100.30000305175781,101.69000244140625,10,Cotton,CT=F
2022-08-08,101.58000183105469,102.37999725341797,101.38999938964844,101.4800033569336,11,Cotton,CT=F
2022-08-09,104.54000091552734,104.7300033569336,101.23999786376953,101.33000183105469,26,Cotton,CT=F
2022-08-10,106.75,108.41000366210938,103.7699966430664,104.13999938964844,66,Cotton,CT=F
2022-08-11,110.44000244140625,110.4000015258789,106.91000366210938,106.94000244140625,20,Cotton,CT=F
2022-08-12,114.44000244140625,114.44000244140625,108.80000305175781,110.4000015258789,20,Cotton,CT=F
2022-08-15,119.44000244140625,119.44000244140625,116.05999755859375,116.05999755859375,23,Cotton,CT=F
2022-08-16,122.25,125.0,120.20999908447266,120.20999908447266,73,Cotton,CT=F
2022-08-17,118.31999969482422,122.1500015258789,117.26000213623047,122.1500015258789,27,Cotton,CT=F
2022-08-18,117.12000274658203,118.75,118.73999786376953,118.73999786376953,12,Cotton,CT=F
2022-08-19,119.75,118.5999984741211,115.38999938964844,115.80999755859375,11,Cotton,CT=F
2022-08-22,117.88999938964844,121.43000030517578,121.04000091552734,121.04000091552734,4,Cotton,CT=F
2022-08-23,116.26000213623047,116.69000244140625,116.0,116.0,8,Cotton,CT=F
2022-08-24,117.56999969482422,117.93000030517578,116.7300033569336,117.05999755859375,6,Cotton,CT=F
2022-08-25,117.18000030517578,117.18000030517578,117.18000030517578,117.18000030517578,0,Cotton,CT=F
2022-08-26,122.12000274658203,122.18000030517578,119.31999969482422,119.33000183105469,53,Cotton,CT=F
2022-08-29,122.0199966430664,121.61000061035156,120.83999633789062,121.43000030517578,12,Cotton,CT=F
2022-08-30,117.47000122070312,119.47000122070312,117.12999725341797,119.47000122070312,42,Cotton,CT=F
2022-08-31,118.29000091552734,119.11000061035156,117.11000061035156,119.11000061035156,12,Cotton,CT=F
2022-09-01,113.29000091552734,117.94999694824219,113.30000305175781,117.66999816894531,29,Cotton,CT=F
2022-09-02,108.38999938964844,113.79000091552734,109.30000305175781,113.2699966430664,45,Cotton,CT=F
2022-09-06,108.29000091552734,110.8499984741211,108.41000366210938,110.8499984741211,8,Cotton,CT=F
2022-09-07,106.0999984741211,109.02999877929688,106.29000091552734,108.55999755859375,17,Cotton,CT=F
2022-09-08,108.31999969482422,108.5,106.61000061035156,106.61000061035156,8,Cotton,CT=F
2022-09-09,109.5199966430664,109.5199966430664,109.5199966430664,109.5199966430664,0,Cotton,CT=F
2022-09-12,110.20999908447266,110.20999908447266,110.20999908447266,110.20999908447266,9,Cotton,CT=F
2022-09-13,106.31999969482422,108.33999633789062,106.48999786376953,108.33999633789062,7,Cotton,CT=F
2022-09-14,107.08999633789062,105.9800033569336,105.9800033569336,105.9800033569336,2,Cotton,CT=F
2022-09-15,105.23999786376953,105.23999786376953,105.23999786376953,105.23999786376953,9,Cotton,CT=F
2022-09-16,101.23999786376953,102.44999694824219,102.44999694824219,102.44999694824219,9,Cotton,CT=F
2022-09-19,97.54000091552734,97.54000091552734,97.54000091552734,97.54000091552734,3,Cotton,CT=F
2022-09-20,93.54000091552734,95.38999938964844,94.01000213623047,95.38999938964844,14,Cotton,CT=F
2022-09-21,97.25,97.54000091552734,94.30999755859375,94.30999755859375,44,Cotton,CT=F
2022-09-22,96.83000183105469,98.69999694824219,96.55999755859375,97.44999694824219,46,Cotton,CT=F
2022-09-23,94.48999786376953,98.26000213623047,94.19000244140625,98.26000213623047,2,Cotton,CT=F
2022-09-26,90.31999969482422,90.31999969482422,90.31999969482422,90.31999969482422,0,Cotton,CT=F
2022-09-27,90.04000091552734,90.04000091552734,90.04000091552734,90.04000091552734,0,Cotton,CT=F
2022-09-28,90.44000244140625,90.44000244140625,90.44000244140625,90.44000244140625,0,Cotton,CT=F
2022-09-29,87.11000061035156,87.11000061035156,87.11000061035156,87.11000061035156,3,Cotton,CT=F
2022-09-30,93.22000122070312,93.0,93.0,93.0,1,Cotton,CT=F
2022-10-03,92.13999938964844,92.13999938964844,92.13999938964844,92.13999938964844,0,Cotton,CT=F
2022-10-04,96.13999938964844,96.13999938964844,96.13999938964844,96.13999938964844,0,Cotton,CT=F
2022-10-05,91.2300033569336,91.2300033569336,91.2300033569336,91.2300033569336,0,Cotton,CT=F
2022-10-06,90.9000015258789,90.9000015258789,90.9000015258789,90.9000015258789,0,Cotton,CT=F
2022-10-07,92.2300033569336,92.2300033569336,92.2300033569336,92.2300033569336,17276,Cotton,CT=F
2022-10-10,88.2300033569336,88.2300033569336,83.55000305175781,84.75,16061,Cotton,CT=F
2022-10-11,88.86000061035156,89.77999877929688,87.05000305175781,88.63999938964844,19677,Cotton,CT=F
2022-10-12,84.91999816894531,88.76000213623047,84.86000061035156,88.48999786376953,21059,Cotton,CT=F
2022-10-13,84.79000091552734,85.58000183105469,82.0,84.91999816894531,21950,Cotton,CT=F
2022-10-14,83.1500015258789,85.86000061035156,83.0,84.79000091552734,12790,Cotton,CT=F
2022-10-17,83.08999633789062,84.68000030517578,83.0,83.04000091552734,13029,Cotton,CT=F
2022-10-18,82.29000091552734,83.75,81.77999877929688,83.08999633789062,15750,Cotton,CT=F
2022-10-19,78.29000091552734,83.69000244140625,78.29000091552734,82.58000183105469,25444,Cotton,CT=F
2022-10-20,77.4000015258789,79.66000366210938,77.13999938964844,78.19999694824219,21487,Cotton,CT=F
2022-10-21,79.12999725341797,79.93000030517578,75.80000305175781,77.5,25078,Cotton,CT=F
2022-10-24,76.12999725341797,80.80000305175781,76.12999725341797,79.4000015258789,17879,Cotton,CT=F
2022-10-25,78.47000122070312,79.08999633789062,76.05000305175781,76.12999725341797,17090,Cotton,CT=F
2022-10-26,77.81999969482422,79.63999938964844,77.66999816894531,78.47000122070312,12697,Cotton,CT=F
2022-10-27,75.11000061035156,78.0999984741211,74.81999969482422,77.80999755859375,18100,Cotton,CT=F
2022-10-28,72.11000061035156,75.37000274658203,72.11000061035156,74.73999786376953,16486,Cotton,CT=F
2022-10-31,72.0,73.22000122070312,70.20999908447266,72.11000061035156,22708,Cotton,CT=F
2022-11-01,75.0,75.0,72.0,72.1500015258789,13666,Cotton,CT=F
2022-11-02,79.0,79.0,76.5199966430664,78.4000015258789,31098,Cotton,CT=F
2022-11-03,83.0,83.0,77.69000244140625,79.9000015258789,35910,Cotton,CT=F
2022-11-04,86.93000030517578,87.87000274658203,81.25,83.44999694824219,36848,Cotton,CT=F
2022-11-07,87.48999786376953,88.25,84.8499984741211,86.2300033569336,33512,Cotton,CT=F
2022-11-08,87.68000030517578,89.30999755859375,86.25,87.45999908447266,21385,Cotton,CT=F
2022-11-09,86.5,88.75,84.19000244140625,87.68000030517578,24710,Cotton,CT=F
2022-11-10,86.37999725341797,87.44000244140625,84.93000030517578,86.48999786376953,18529,Cotton,CT=F
2022-11-11,88.19999694824219,88.75,86.37999725341797,86.5199966430664,19789,Cotton,CT=F
2022-11-14,85.27999877929688,88.4000015258789,85.12000274658203,88.19999694824219,15438,Cotton,CT=F
2022-11-15,88.73999786376953,89.27999877929688,85.2300033569336,85.3499984741211,14469,Cotton,CT=F
2022-11-16,88.44000244140625,91.8499984741211,87.80999755859375,88.80000305175781,9021,Cotton,CT=F
2022-11-17,87.04000091552734,88.81999969482422,85.63999938964844,88.06999969482422,6717,Cotton,CT=F
2022-11-18,85.16000366210938,87.12999725341797,84.18000030517578,87.04000091552734,8735,Cotton,CT=F
2022-11-21,81.16000366210938,84.98999786376953,81.16000366210938,84.98999786376953,7984,Cotton,CT=F
2022-11-22,83.22000122070312,83.94000244140625,80.04000091552734,81.0,2713,Cotton,CT=F
2022-11-23,83.94000244140625,84.0199966430664,82.0,83.56999969482422,484,Cotton,CT=F
2022-11-25,81.33999633789062,83.5999984741211,83.47000122070312,83.5999984741211,2,Cotton,CT=F
2022-11-28,80.19999694824219,81.86000061035156,79.98999786376953,81.86000061035156,126,Cotton,CT=F
2022-11-29,81.5999984741211,80.80000305175781,80.80000305175781,80.80000305175781,4,Cotton,CT=F
2022-11-30,86.05000305175781,85.5,83.19999694824219,83.19999694824219,37,Cotton,CT=F
2022-12-01,85.93000030517578,87.76000213623047,85.9800033569336,87.75,39,Cotton,CT=F
2022-12-02,84.27999877929688,84.27999877929688,84.27999877929688,84.27999877929688,0,Cotton,CT=F
2022-12-05,84.94000244140625,85.3499984741211,84.72000122070312,84.80000305175781,5,Cotton,CT=F
2022-12-06,85.38999938964844,86.05999755859375,85.27999877929688,85.27999877929688,4,Cotton,CT=F
2022-12-07,82.61000061035156,82.61000061035156,82.61000061035156,82.61000061035156,17226,Cotton,CT=F
2022-12-08,80.8499984741211,84.0999984741211,80.76000213623047,82.1500015258789,13719,Cotton,CT=F
2022-12-09,80.94999694824219,83.75,80.0999984741211,80.9000015258789,18902,Cotton,CT=F
2022-12-12,79.38999938964844,81.87999725341797,79.02999877929688,80.94999694824219,14218,Cotton,CT=F
2022-12-13,81.62999725341797,82.38999938964844,78.80000305175781,79.29000091552734,18266,Cotton,CT=F
2022-12-14,81.37000274658203,82.55000305175781,80.62999725341797,81.47000122070312,10979,Cotton,CT=F
2022-12-15,81.02999877929688,81.97000122070312,80.41000366210938,81.37000274658203,11576,Cotton,CT=F
2022-12-16,81.91999816894531,82.30000305175781,79.80000305175781,81.02999877929688,13485,Cotton,CT=F
2022-12-19,84.08000183105469,85.75,81.33000183105469,81.91999816894531,16981,Cotton,CT=F
2022-12-20,87.83999633789062,88.08000183105469,83.62999725341797,84.08000183105469,16356,Cotton,CT=F
2022-12-21,88.30000305175781,89.6500015258789,87.36000061035156,87.80000305175781,15598,Cotton,CT=F
2022-12-22,84.30000305175781,88.5999984741211,84.30000305175781,88.30000305175781,13093,Cotton,CT=F
2022-12-23,85.20999908447266,85.79000091552734,84.01000213623047,84.30000305175781,9295,Cotton,CT=F
2022-12-27,84.23999786376953,85.63999938964844,84.0199966430664,85.2300033569336,7355,Cotton,CT=F
2022-12-28,83.26000213623047,85.08000183105469,82.36000061035156,84.08999633789062,10367,Cotton,CT=F
2022-12-29,82.63999938964844,83.88999938964844,82.5199966430664,83.25,7102,Cotton,CT=F
2022-12-30,83.37000274658203,84.63999938964844,82.55000305175781,82.63999938964844,7527,Cotton,CT=F
2023-01-03,83.13999938964844,85.8499984741211,82.80000305175781,83.37000274658203,13015,Cotton,CT=F
2023-01-04,80.44000244140625,84.25,80.37000274658203,83.16999816894531,18860,Cotton,CT=F
2023-01-05,82.58000183105469,83.7300033569336,80.5,80.51000213623047,16637,Cotton,CT=F
2023-01-06,85.68000030517578,86.0999984741211,82.11000061035156,82.58000183105469,16468,Cotton,CT=F
2023-01-09,86.22000122070312,87.97000122070312,84.58000183105469,85.66999816894531,21882,Cotton,CT=F
2023-01-10,84.76000213623047,86.1500015258789,84.30000305175781,86.0,14170,Cotton,CT=F
2023-01-11,84.26000213623047,85.83999633789062,83.4000015258789,84.61000061035156,14877,Cotton,CT=F
2023-01-12,82.04000091552734,84.87000274658203,81.8499984741211,84.4000015258789,19971,Cotton,CT=F
2023-01-13,82.29000091552734,83.4000015258789,81.6500015258789,82.0,18126,Cotton,CT=F
2023-01-17,82.81999969482422,83.22000122070312,81.97000122070312,82.4000015258789,14294,Cotton,CT=F
2023-01-18,84.80999755859375,86.30000305175781,82.86000061035156,82.86000061035156,21390,Cotton,CT=F
2023-01-19,83.38999938964844,85.63999938964844,83.2300033569336,84.80000305175781,18151,Cotton,CT=F
2023-01-20,86.69999694824219,86.79000091552734,83.56999969482422,83.58000183105469,19412,Cotton,CT=F
2023-01-23,87.38999938964844,88.68000030517578,85.80000305175781,86.69999694824219,22806,Cotton,CT=F
2023-01-24,86.23999786376953,87.31999969482422,85.62999725341797,87.31999969482422,13358,Cotton,CT=F
2023-01-25,86.66000366210938,87.5,85.12000274658203,86.16000366210938,12755,Cotton,CT=F
2023-01-26,87.5,88.87999725341797,86.62999725341797,86.80000305175781,17023,Cotton,CT=F
2023-01-27,86.88999938964844,87.55999755859375,86.11000061035156,87.3499984741211,10049,Cotton,CT=F
2023-01-30,85.0999984741211,87.4000015258789,84.5,87.25,18477,Cotton,CT=F
2023-01-31,86.22000122070312,86.8499984741211,85.01000213623047,85.30000305175781,22411,Cotton,CT=F
2023-02-01,85.61000061035156,87.0,85.30000305175781,86.01000213623047,17239,Cotton,CT=F
2023-02-02,86.38999938964844,87.29000091552734,85.43000030517578,85.80000305175781,16548,Cotton,CT=F
2023-02-03,85.43000030517578,86.44999694824219,85.05000305175781,86.1500015258789,17020,Cotton,CT=F
2023-02-06,83.2699966430664,85.5999984741211,83.06999969482422,85.12999725341797,22341,Cotton,CT=F
2023-02-07,85.62999725341797,86.98999786376953,83.2699966430664,83.2699966430664,32551,Cotton,CT=F
2023-02-08,85.37000274658203,85.88999938964844,84.13999938964844,85.61000061035156,23424,Cotton,CT=F
2023-02-09,85.5,86.30000305175781,85.0999984741211,85.31999969482422,27192,Cotton,CT=F
2023-02-10,85.2699966430664,85.6500015258789,84.26000213623047,85.30000305175781,17697,Cotton,CT=F
2023-02-13,85.63999938964844,86.7300033569336,84.52999877929688,85.1500015258789,16690,Cotton,CT=F
2023-02-14,85.4000015258789,85.9000015258789,84.4000015258789,85.5,9372,Cotton,CT=F
2023-02-15,82.55000305175781,85.5,82.02999877929688,85.25,14275,Cotton,CT=F
2023-02-16,81.25,83.79000091552734,81.0,82.5,7681,Cotton,CT=F
2023-02-17,80.25,81.75,80.0,81.25,6547,Cotton,CT=F
2023-02-21,80.91999816894531,83.5,79.80000305175781,80.36000061035156,4284,Cotton,CT=F
2023-02-22,82.25,82.77999877929688,81.87000274658203,81.87000274658203,89,Cotton,CT=F
2023-02-23,82.41000366210938,83.05999755859375,82.0,83.05999755859375,15,Cotton,CT=F
2023-02-24,85.12999725341797,82.5999984741211,82.0,82.0,7,Cotton,CT=F
2023-02-27,85.0,85.0,85.0,85.0,0,Cotton,CT=F
2023-02-28,84.19000244140625,84.75,83.75,84.75,3,Cotton,CT=F
2023-03-01,84.56999969482422,84.56999969482422,84.56999969482422,84.56999969482422,0,Cotton,CT=F
2023-03-02,82.8499984741211,82.8499984741211,82.8499984741211,82.8499984741211,0,Cotton,CT=F
2023-03-03,84.37000274658203,84.30000305175781,84.30000305175781,84.30000305175781,1,Cotton,CT=F
2023-03-06,84.86000061035156,84.86000061035156,84.86000061035156,84.86000061035156,0,Cotton,CT=F
2023-03-07,82.88999938964844,83.12000274658203,83.12000274658203,83.12000274658203,1,Cotton,CT=F
2023-03-08,82.73999786376953,82.73999786376953,82.73999786376953,82.73999786376953,0,Cotton,CT=F
2023-03-09,82.30000305175781,82.30000305175781,82.30000305175781,82.30000305175781,15573,Cotton,CT=F
2023-03-10,78.18000030517578,82.25,78.18000030517578,82.19999694824219,37570,Cotton,CT=F
2023-03-13,81.18000030517578,81.18000030517578,77.94999694824219,78.69000244140625,34654,Cotton,CT=F
2023-03-14,81.37000274658203,82.48999786376953,80.30000305175781,80.5999984741211,20007,Cotton,CT=F
2023-03-15,79.11000061035156,81.7300033569336,78.22000122070312,81.30000305175781,21827,Cotton,CT=F
2023-03-16,79.16000366210938,79.87000274658203,77.55000305175781,79.25,20984,Cotton,CT=F
2023-03-17,77.83000183105469,79.31999969482422,76.86000061035156,79.0999984741211,17533,Cotton,CT=F
2023-03-20,77.22000122070312,79.48999786376953,76.68000030517578,77.5999984741211,17454,Cotton,CT=F
2023-03-21,77.8499984741211,79.16000366210938,77.22000122070312,77.30000305175781,14038,Cotton,CT=F
2023-03-22,78.27999877929688,79.80000305175781,77.77999877929688,78.01000213623047,13918,Cotton,CT=F
2023-03-23,77.58000183105469,79.47000122070312,77.1500015258789,78.19999694824219,13791,Cotton,CT=F
2023-03-24,76.54000091552734,77.86000061035156,75.69999694824219,77.54000091552734,17861,Cotton,CT=F
2023-03-27,79.5199966430664,79.54000091552734,76.55000305175781,76.83999633789062,18669,Cotton,CT=F
2023-03-28,82.5199966430664,82.5199966430664,79.66000366210938,79.66000366210938,21277,Cotton,CT=F
2023-03-29,82.76000213623047,83.41999816894531,81.30999755859375,82.5199966430664,22288,Cotton,CT=F
2023-03-30,83.5,83.94999694824219,82.05000305175781,82.68000030517578,16772,Cotton,CT=F
2023-03-31,82.77999877929688,83.69000244140625,82.26000213623047,83.63999938964844,16291,Cotton,CT=F
2023-04-03,82.37999725341797,83.63999938964844,81.87999725341797,83.37999725341797,15886,Cotton,CT=F
2023-04-04,81.05000305175781,83.0,80.22000122070312,82.37999725341797,17752,Cotton,CT=F
2023-04-05,81.06999969482422,81.97000122070312,80.51000213623047,81.0,13538,Cotton,CT=F
2023-04-06,83.19999694824219,83.43000030517578,81.19999694824219,81.44999694824219,0,Cotton,CT=F
2023-04-10,82.44999694824219,83.62999725341797,82.33000183105469,83.0,19613,Cotton,CT=F
2023-04-11,82.75,83.06999969482422,81.9000015258789,82.33000183105469,20090,Cotton,CT=F
2023-04-12,82.44999694824219,83.16999816894531,82.04000091552734,82.69000244140625,23937,Cotton,CT=F
2023-04-13,83.3499984741211,83.80999755859375,82.25,82.5,23172,Cotton,CT=F
2023-04-14,82.86000061035156,83.7699966430664,82.76000213623047,83.31999969482422,18248,Cotton,CT=F
2023-04-17,83.30000305175781,83.95999908447266,82.6500015258789,82.88999938964844,12605,Cotton,CT=F
2023-04-18,84.55000305175781,84.93000030517578,83.19999694824219,83.30000305175781,10075,Cotton,CT=F
2023-04-19,83.23999786376953,84.93000030517578,83.0999984741211,84.5,5731,Cotton,CT=F
2023-04-20,79.23999786376953,83.25,79.23999786376953,83.12000274658203,5553,Cotton,CT=F
2023-04-21,78.41000366210938,79.97000122070312,78.41999816894531,79.19000244140625,1587,Cotton,CT=F
2023-04-24,78.9800033569336,81.44999694824219,79.6500015258789,80.95999908447266,307,Cotton,CT=F
2023-04-25,77.0,76.22000122070312,76.22000122070312,76.22000122070312,6,Cotton,CT=F
2023-04-26,76.51000213623047,76.51000213623047,76.51000213623047,76.51000213623047,73,Cotton,CT=F
2023-04-27,78.62999725341797,78.62999725341797,78.62999725341797,78.62999725341797,0,Cotton,CT=F
2023-04-28,79.02999877929688,80.81999969482422,80.81999969482422,80.81999969482422,1,Cotton,CT=F
2023-05-01,79.54000091552734,79.54000091552734,79.54000091552734,79.54000091552734,0,Cotton,CT=F
2023-05-02,78.5999984741211,78.5999984741211,78.5999984741211,78.5999984741211,0,Cotton,CT=F
2023-05-03,76.98999786376953,76.98999786376953,76.98999786376953,76.98999786376953,0,Cotton,CT=F
2023-05-04,79.98999786376953,79.98999786376953,79.98999786376953,79.98999786376953,0,Cotton,CT=F
2023-05-05,82.12999725341797,83.5,83.5,83.5,40,Cotton,CT=F
2023-05-08,81.52999877929688,81.52999877929688,81.52999877929688,81.52999877929688,16344,Cotton,CT=F
2023-05-09,80.98999786376953,83.18000030517578,80.4000015258789,83.18000030517578,21699,Cotton,CT=F
2023-05-10,80.76000213623047,81.5999984741211,80.19999694824219,80.95999908447266,14457,Cotton,CT=F
2023-05-11,79.62000274658203,81.23999786376953,79.5199966430664,80.7300033569336,17793,Cotton,CT=F
2023-05-12,80.52999877929688,81.76000213623047,79.5999984741211,79.5999984741211,16110,Cotton,CT=F
2023-05-15,82.37000274658203,83.23999786376953,80.52999877929688,80.54000091552734,17250,Cotton,CT=F
2023-05-16,83.37999725341797,83.97000122070312,81.5,82.3499984741211,20901,Cotton,CT=F
2023-05-17,86.94000244140625,87.0,82.83999633789062,83.19999694824219,41227,Cotton,CT=F
2023-05-18,86.66000366210938,87.16000366210938,85.62000274658203,86.5,32316,Cotton,CT=F
2023-05-19,86.72000122070312,87.9800033569336,86.12999725341797,86.30000305175781,23929,Cotton,CT=F
2023-05-22,85.31999969482422,87.25,84.61000061035156,86.72000122070312,20543,Cotton,CT=F
2023-05-23,84.3499984741211,85.66000366210938,83.86000061035156,85.31999969482422,15477,Cotton,CT=F
2023-05-24,81.72000122070312,84.4000015258789,81.4000015258789,84.3499984741211,22721,Cotton,CT=F
2023-05-25,80.12000274658203,82.77999877929688,79.86000061035156,81.70999908447266,25928,Cotton,CT=F
2023-05-26,83.3499984741211,83.73999786376953,80.11000061035156,80.11000061035156,30517,Cotton,CT=F
2023-05-30,83.98999786376953,86.54000091552734,82.76000213623047,83.63999938964844,26840,Cotton,CT=F
2023-05-31,83.4800033569336,84.48999786376953,82.55999755859375,84.48999786376953,19748,Cotton,CT=F
2023-06-01,86.41999816894531,86.88999938964844,83.55000305175781,83.7699966430664,26191,Cotton,CT=F
2023-06-02,86.05000305175781,87.16000366210938,85.5,86.41999816894531,16756,Cotton,CT=F
2023-06-05,84.79000091552734,86.44999694824219,84.37999725341797,85.98999786376953,20752,Cotton,CT=F
2023-06-06,85.33999633789062,85.70999908447266,84.4800033569336,84.69000244140625,17012,Cotton,CT=F
2023-06-07,85.01000213623047,85.5,84.05999755859375,85.33000183105469,20246,Cotton,CT=F
2023-06-08,84.30999755859375,86.95999908447266,84.11000061035156,85.0,27976,Cotton,CT=F
2023-06-09,84.04000091552734,84.62999725341797,83.7699966430664,84.30999755859375,20293,Cotton,CT=F
2023-06-12,83.48999786376953,84.0999984741211,83.08000183105469,84.0999984741211,14447,Cotton,CT=F
2023-06-13,82.72000122070312,84.2699966430664,82.5999984741211,83.52999877929688,11123,Cotton,CT=F
2023-06-14,81.79000091552734,82.9000015258789,81.69999694824219,82.72000122070312,7331,Cotton,CT=F
2023-06-15,80.63999938964844,82.05999755859375,80.5,82.05000305175781,7680,Cotton,CT=F
2023-06-16,81.45999908447266,81.9800033569336,80.52999877929688,80.52999877929688,6825,Cotton,CT=F
2023-06-20,80.66000366210938,81.77999877929688,80.51000213623047,81.6500015258789,6751,Cotton,CT=F
2023-06-21,79.30999755859375,80.91999816894531,79.19999694824219,80.66000366210938,6167,Cotton,CT=F
2023-06-22,79.29000091552734,79.94000244140625,78.0,79.0999984741211,4443,Cotton,CT=F
2023-06-23,78.05999755859375,79.70999908447266,76.91000366210938,79.5999984741211,2498,Cotton,CT=F
2023-06-26,77.06999969482422,80.8499984741211,80.55000305175781,80.8499984741211,116,Cotton,CT=F
2023-06-27,77.63999938964844,79.62999725341797,79.55999755859375,79.55999755859375,36,Cotton,CT=F
2023-06-28,80.12000274658203,80.12000274658203,80.12000274658203,80.12000274658203,50,Cotton,CT=F
2023-06-29,81.25,81.25,81.25,81.25,4,Cotton,CT=F
2023-06-30,82.83999633789062,82.83999633789062,82.83999633789062,82.83999633789062,0,Cotton,CT=F
2023-07-03,83.43000030517578,83.30000305175781,83.29000091552734,83.29000091552734,3,Cotton,CT=F
2023-07-05,82.44999694824219,84.0,84.0,84.0,1,Cotton,CT=F
2023-07-06,82.87999725341797,82.87999725341797,82.87999725341797,82.87999725341797,0,Cotton,CT=F
2023-07-07,81.19999694824219,81.19999694824219,81.19999694824219,81.19999694824219,101,Cotton,CT=F
2023-07-10,79.94999694824219,80.76000213623047,80.41999816894531,80.76000213623047,3,Cotton,CT=F
2023-07-11,82.94999694824219,82.94999694824219,81.83000183105469,82.87999725341797,23,Cotton,CT=F
2023-07-12,82.51000213623047,83.97000122070312,82.26000213623047,83.52999877929688,21,Cotton,CT=F
2023-07-13,82.79000091552734,82.66000366210938,82.11000061035156,82.33000183105469,226,Cotton,CT=F
2023-07-14,82.66000366210938,85.23999786376953,82.16000366210938,82.4800033569336,263,Cotton,CT=F
2023-07-17,83.48999786376953,83.29000091552734,82.2699966430664,82.2699966430664,3,Cotton,CT=F
2023-07-18,83.77999877929688,84.5,83.44999694824219,83.9000015258789,14,Cotton,CT=F
2023-07-19,85.62000274658203,86.06999969482422,84.19999694824219,84.19999694824219,22,Cotton,CT=F
2023-07-20,85.93000030517578,86.31999969482422,85.93000030517578,86.31999969482422,4,Cotton,CT=F
2023-07-21,85.08000183105469,86.9000015258789,84.25,86.87999725341797,48,Cotton,CT=F
2023-07-24,85.58000183105469,85.80000305175781,84.76000213623047,84.76000213623047,68,Cotton,CT=F
2023-07-25,88.55000305175781,88.68000030517578,86.05000305175781,86.18000030517578,54,Cotton,CT=F
2023-07-26,89.9800033569336,90.33000183105469,87.9000015258789,88.23999786376953,25,Cotton,CT=F
2023-07-27,86.62000274658203,89.76000213623047,86.2300033569336,89.76000213623047,69,Cotton,CT=F
2023-07-28,85.05999755859375,87.8499984741211,85.0199966430664,87.81999969482422,65,Cotton,CT=F
2023-07-31,85.44000244140625,87.19999694824219,84.5,85.04000091552734,29,Cotton,CT=F
2023-08-01,86.87000274658203,86.68000030517578,85.94999694824219,86.5999984741211,7,Cotton,CT=F
2023-08-02,85.08000183105469,85.87000274658203,84.80000305175781,85.83000183105469,8,Cotton,CT=F
2023-08-03,85.27999877929688,85.25,83.8499984741211,84.94000244140625,16,Cotton,CT=F
2023-08-04,85.2699966430664,86.05000305175781,85.0,85.0,10,Cotton,CT=F
2023-08-07,86.37999725341797,86.05000305175781,85.0,85.0,1,Cotton,CT=F
2023-08-08,86.19999694824219,86.18000030517578,85.26000213623047,85.5,13,Cotton,CT=F
2023-08-09,86.11000061035156,85.43000030517578,85.43000030517578,85.43000030517578,1,Cotton,CT=F
2023-08-10,87.29000091552734,87.68000030517578,86.66999816894531,86.66999816894531,16,Cotton,CT=F
2023-08-11,89.29000091552734,90.16000366210938,87.04000091552734,87.30999755859375,9,Cotton,CT=F
2023-08-14,87.6500015258789,88.5999984741211,86.69000244140625,88.5999984741211,14,Cotton,CT=F
2023-08-15,86.19999694824219,86.58000183105469,85.83999633789062,86.58000183105469,9,Cotton,CT=F
2023-08-16,85.31999969482422,86.06999969482422,85.2699966430664,86.06999969482422,17,Cotton,CT=F
2023-08-17,84.36000061035156,85.0999984741211,84.77999877929688,85.0999984741211,5,Cotton,CT=F
2023-08-18,84.31999969482422,85.16000366210938,84.52999877929688,85.1500015258789,6,Cotton,CT=F
2023-08-21,84.45999908447266,85.56999969482422,85.54000091552734,85.54000091552734,2,Cotton,CT=F
2023-08-22,84.98999786376953,84.9000015258789,84.61000061035156,84.9000015258789,3,Cotton,CT=F
2023-08-23,86.20999908447266,86.23999786376953,84.93000030517578,86.08000183105469,23,Cotton,CT=F
2023-08-24,86.08999633789062,86.94000244140625,85.98999786376953,86.7699966430664,67,Cotton,CT=F
2023-08-25,87.51000213623047,87.68000030517578,86.05000305175781,86.05000305175781,7,Cotton,CT=F
2023-08-28,87.06999969482422,87.0999984741211,87.05999755859375,87.05999755859375,2,Cotton,CT=F
2023-08-29,87.08999633789062,86.81999969482422,86.4000015258789,86.4000015258789,2,Cotton,CT=F
2023-08-30,88.27999877929688,88.30000305175781,87.18000030517578,87.83999633789062,29,Cotton,CT=F
2023-08-31,88.0999984741211,88.55000305175781,87.80999755859375,87.94999694824219,7,Cotton,CT=F
2023-09-01,89.61000061035156,90.13999938964844,88.4000015258789,88.79000091552734,42,Cotton,CT=F
2023-09-05,88.0,88.63999938964844,86.79000091552734,88.63999938964844,28,Cotton,CT=F
2023-09-06,86.0,87.0,86.0,87.0,6,Cotton,CT=F
2023-09-07,83.62000274658203,85.56999969482422,83.41000366210938,85.56999969482422,22,Cotton,CT=F
2023-09-08,84.41000366210938,84.80000305175781,83.61000061035156,83.61000061035156,8,Cotton,CT=F
2023-09-11,86.97000122070312,87.44999694824219,86.12999725341797,86.25,12,Cotton,CT=F
2023-09-12,87.48999786376953,87.6500015258789,86.20999908447266,87.41000366210938,16,Cotton,CT=F
2023-09-13,85.66999816894531,86.70999908447266,85.05999755859375,86.70999908447266,23,Cotton,CT=F
2023-09-14,86.47000122070312,86.4000015258789,86.05999755859375,86.4000015258789,9,Cotton,CT=F
2023-09-15,85.38999938964844,86.75,85.19999694824219,86.75,16,Cotton,CT=F
2023-09-18,85.54000091552734,85.97000122070312,85.77999877929688,85.77999877929688,7,Cotton,CT=F
2023-09-19,86.05999755859375,86.52999877929688,86.52999877929688,86.52999877929688,7,Cotton,CT=F
2023-09-20,85.37000274658203,85.7300033569336,85.3499984741211,85.7300033569336,6,Cotton,CT=F
2023-09-21,84.87000274658203,85.0199966430664,84.69999694824219,85.0,12,Cotton,CT=F
2023-09-22,84.04000091552734,84.87000274658203,84.87000274658203,84.87000274658203,6,Cotton,CT=F
2023-09-25,86.41999816894531,86.41999816894531,86.41999816894531,86.41999816894531,0,Cotton,CT=F
2023-09-26,88.18000030517578,88.18000030517578,88.18000030517578,88.18000030517578,0,Cotton,CT=F
2023-09-27,88.4000015258789,88.4000015258789,88.4000015258789,88.4000015258789,0,Cotton,CT=F
2023-09-28,88.7300033569336,89.19999694824219,89.19999694824219,89.19999694824219,1,Cotton,CT=F
2023-09-29,86.86000061035156,90.75,85.20999908447266,90.75,22,Cotton,CT=F
2023-10-02,87.45999908447266,87.45999908447266,87.45999908447266,87.45999908447266,0,Cotton,CT=F
2023-10-03,87.13999938964844,87.13999938964844,87.13999938964844,87.13999938964844,0,Cotton,CT=F
2023-10-04,86.72000122070312,86.72000122070312,86.72000122070312,86.72000122070312,0,Cotton,CT=F
2023-10-05,86.25,86.25,86.25,86.25,0,Cotton,CT=F
2023-10-06,86.8499984741211,86.8499984741211,86.8499984741211,86.8499984741211,0,Cotton,CT=F
2023-10-09,86.66999816894531,86.66999816894531,86.66999816894531,86.66999816894531,23365,Cotton,CT=F
2023-10-10,85.44999694824219,87.37000274658203,85.36000061035156,87.0999984741211,27442,Cotton,CT=F
2023-10-11,85.05000305175781,86.1500015258789,84.37999725341797,85.5,28531,Cotton,CT=F
2023-10-12,84.91999816894531,85.69999694824219,84.13999938964844,85.01000213623047,22993,Cotton,CT=F
2023-10-13,86.05999755859375,86.48999786376953,84.7300033569336,85.0999984741211,19832,Cotton,CT=F
2023-10-16,85.1500015258789,86.2300033569336,84.58000183105469,86.19999694824219,23441,Cotton,CT=F
2023-10-17,83.2300033569336,85.1500015258789,82.97000122070312,85.1500015258789,32468,Cotton,CT=F
2023-10-18,84.23999786376953,84.5,82.01000213623047,83.30999755859375,35021,Cotton,CT=F
2023-10-19,84.2699966430664,84.38999938964844,82.41000366210938,84.18000030517578,20510,Cotton,CT=F
2023-10-20,82.4000015258789,84.12999725341797,81.51000213623047,84.11000061035156,31366,Cotton,CT=F
2023-10-23,83.7300033569336,84.9000015258789,81.68000030517578,82.29000091552734,33193,Cotton,CT=F
2023-10-24,82.93000030517578,84.44000244140625,82.56999969482422,83.7300033569336,19572,Cotton,CT=F
2023-10-25,83.80999755859375,84.16000366210938,82.7300033569336,82.77999877929688,14634,Cotton,CT=F
2023-10-26,84.58999633789062,85.19999694824219,83.51000213623047,83.76000213623047,19467,Cotton,CT=F
2023-10-27,84.37999725341797,85.44000244140625,83.83000183105469,84.77999877929688,17145,Cotton,CT=F
2023-10-30,82.91000366210938,85.25,82.79000091552734,84.37999725341797,19829,Cotton,CT=F
2023-10-31,81.22000122070312,83.0999984741211,81.1500015258789,82.94999694824219,26784,Cotton,CT=F
2023-11-01,79.44000244140625,81.37999725341797,79.30000305175781,81.37999725341797,32215,Cotton,CT=F
2023-11-02,79.80000305175781,80.81999969482422,79.4800033569336,79.55000305175781,24071,Cotton,CT=F
2023-11-03,79.62000274658203,80.5,79.19999694824219,79.80000305175781,16748,Cotton,CT=F
2023-11-06,78.0,79.97000122070312,77.86000061035156,79.41999816894531,29926,Cotton,CT=F
2023-11-07,76.4800033569336,78.16000366210938,76.25,77.94999694824219,36280,Cotton,CT=F
2023-11-08,74.88999938964844,76.91999816894531,74.7699966430664,76.5,36591,Cotton,CT=F
2023-11-09,76.5199966430664,77.29000091552734,74.9000015258789,75.0,35683,Cotton,CT=F
2023-11-10,77.31999969482422,77.75,75.52999877929688,76.27999877929688,27663,Cotton,CT=F
2023-11-13,77.4800033569336,78.0,76.81999969482422,77.30000305175781,23202,Cotton,CT=F
2023-11-14,78.68000030517578,79.87999725341797,77.30999755859375,77.4800033569336,19467,Cotton,CT=F
2023-11-15,78.41000366210938,79.19000244140625,78.04000091552734,78.54000091552734,8681,Cotton,CT=F
2023-11-16,78.68000030517578,79.48999786376953,77.91000366210938,78.2300033569336,7847,Cotton,CT=F
2023-11-17,78.91999816894531,79.41000366210938,78.2300033569336,78.62000274658203,5649,Cotton,CT=F
2023-11-20,77.97000122070312,79.12000274658203,77.0199966430664,78.5999984741211,7393,Cotton,CT=F
2023-11-21,77.33999633789062,77.75,76.68000030517578,77.75,10659,Cotton,CT=F
2023-11-22,79.58000183105469,79.75,77.55000305175781,77.5999984741211,3756,Cotton,CT=F
2023-11-23,79.58000183105469,79.75,77.55000305175781,77.5999984741211,3756,Cotton,CT=F
2023-11-24,80.38999938964844,80.68000030517578,78.2699966430664,79.58000183105469,376,Cotton,CT=F
2023-11-27,78.58999633789062,80.41999816894531,80.41999816894531,80.41999816894531,35,Cotton,CT=F
2023-11-28,78.5999984741211,78.79000091552734,78.79000091552734,78.79000091552734,5,Cotton,CT=F
2023-11-29,78.58999633789062,78.81999969482422,78.81999969482422,78.81999969482422,1,Cotton,CT=F
2023-11-30,79.4000015258789,79.7699966430664,79.06999969482422,79.7699966430664,9,Cotton,CT=F
2023-12-01,78.41999816894531,79.4800033569336,76.0,76.0,6,Cotton,CT=F
2023-12-04,77.68000030517578,78.41999816894531,78.25,78.41999816894531,35,Cotton,CT=F
2023-12-05,78.68000030517578,78.68000030517578,78.68000030517578,78.68000030517578,0,Cotton,CT=F
2023-12-06,78.75,78.75,78.75,78.75,15441,Cotton,CT=F
2023-12-07,82.58999633789062,82.75,79.5199966430664,79.61000061035156,35322,Cotton,CT=F
2023-12-08,81.44000244140625,83.12999725341797,81.12000274658203,82.7300033569336,23492,Cotton,CT=F
2023-12-11,82.0,82.5,81.38999938964844,81.45999908447266,16661,Cotton,CT=F
2023-12-12,81.05000305175781,82.36000061035156,80.5999984741211,81.9800033569336,15833,Cotton,CT=F
2023-12-13,81.18000030517578,81.70999908447266,80.77999877929688,81.05000305175781,12002,Cotton,CT=F
2023-12-14,80.80999755859375,82.27999877929688,80.69999694824219,81.18000030517578,15886,Cotton,CT=F
2023-12-15,79.93000030517578,81.5,79.83000183105469,80.80999755859375,15218,Cotton,CT=F
2023-12-18,79.0999984741211,80.12000274658203,79.05000305175781,80.0,17264,Cotton,CT=F
2023-12-19,79.45999908447266,79.87000274658203,78.86000061035156,79.18000030517578,14595,Cotton,CT=F
2023-12-20,79.20999908447266,80.58999633789062,79.01000213623047,79.45999908447266,14506,Cotton,CT=F
2023-12-21,79.12999725341797,79.8499984741211,78.30999755859375,79.5,17454,Cotton,CT=F
2023-12-22,79.76000213623047,80.88999938964844,79.25,79.26000213623047,15234,Cotton,CT=F
2023-12-26,80.05000305175781,80.5,79.62000274658203,79.76000213623047,6761,Cotton,CT=F
2023-12-27,80.52999877929688,80.76000213623047,79.51000213623047,80.0,13598,Cotton,CT=F
2023-12-28,80.94999694824219,81.30000305175781,80.19000244140625,80.4800033569336,13252,Cotton,CT=F
2023-12-29,81.0,81.75,80.44000244140625,80.80999755859375,14269,Cotton,CT=F
2024-01-02,79.94000244140625,81.75,79.69000244140625,80.87000274658203,18900,Cotton,CT=F
2024-01-03,80.93000030517578,81.44999694824219,80.11000061035156,80.25,18949,Cotton,CT=F
2024-01-04,80.12000274658203,81.25,80.08000183105469,80.80999755859375,15899,Cotton,CT=F
2024-01-05,80.19000244140625,80.56999969482422,79.58999633789062,80.12000274658203,15706,Cotton,CT=F
2024-01-08,80.41999816894531,80.80999755859375,79.5999984741211,80.01000213623047,16715,Cotton,CT=F
2024-01-09,80.7300033569336,81.2300033569336,80.30000305175781,80.45999908447266,15329,Cotton,CT=F
2024-01-10,80.18000030517578,81.0999984741211,79.91999816894531,80.72000122070312,18115,Cotton,CT=F
2024-01-11,81.36000061035156,81.94999694824219,80.0199966430664,80.02999877929688,24270,Cotton,CT=F
2024-01-12,81.30999755859375,82.22000122070312,81.05999755859375,81.36000061035156,21837,Cotton,CT=F
2024-01-16,81.33000183105469,81.5199966430664,80.68000030517578,81.30999755859375,15884,Cotton,CT=F
2024-01-17,81.69999694824219,82.44999694824219,81.01000213623047,81.30999755859375,21917,Cotton,CT=F
2024-01-18,82.51000213623047,82.5999984741211,81.6500015258789,81.87000274658203,18093,Cotton,CT=F
2024-01-19,83.94999694824219,84.72000122070312,82.30999755859375,82.5,45229,Cotton,CT=F
2024-01-22,84.83000183105469,84.98999786376953,83.54000091552734,83.88999938964844,33550,Cotton,CT=F
2024-01-23,84.5999984741211,84.83000183105469,84.02999877929688,84.81999969482422,26242,Cotton,CT=F
2024-01-24,85.4000015258789,85.48999786376953,84.29000091552734,84.5,24638,Cotton,CT=F
2024-01-25,85.76000213623047,85.83000183105469,85.08000183105469,85.30000305175781,22811,Cotton,CT=F
2024-01-26,84.37000274658203,85.86000061035156,84.16000366210938,85.68000030517578,23260,Cotton,CT=F
2024-01-29,84.26000213623047,85.20999908447266,83.86000061035156,84.45999908447266,21851,Cotton,CT=F
2024-01-30,84.77999877929688,84.93000030517578,83.6500015258789,84.5,21341,Cotton,CT=F
2024-01-31,85.16999816894531,85.37000274658203,84.5,84.68000030517578,20541,Cotton,CT=F
2024-02-01,86.48999786376953,86.9000015258789,84.80000305175781,85.0999984741211,35547,Cotton,CT=F
2024-02-02,87.11000061035156,87.31999969482422,85.80000305175781,86.41999816894531,28330,Cotton,CT=F
2024-02-05,87.04000091552734,87.44999694824219,86.51000213623047,86.93000030517578,27689,Cotton,CT=F
2024-02-06,87.54000091552734,87.83000183105469,86.94999694824219,87.0,18566,Cotton,CT=F
2024-02-07,88.47000122070312,88.68000030517578,87.20999908447266,87.58999633789062,29945,Cotton,CT=F
2024-02-08,89.0999984741211,89.27999877929688,88.13999938964844,88.47000122070312,29499,Cotton,CT=F
2024-02-09,91.77999877929688,92.0,88.55999755859375,89.43000030517578,39786,Cotton,CT=F
2024-02-12,90.52999877929688,91.6500015258789,89.4000015258789,91.5199966430664,28352,Cotton,CT=F
2024-02-13,91.5199966430664,92.5,90.0999984741211,90.25,17961,Cotton,CT=F
2024-02-14,93.4800033569336,94.48999786376953,90.91000366210938,91.5199966430664,15177,Cotton,CT=F
2024-02-15,94.62999725341797,95.19999694824219,93.0999984741211,93.4800033569336,9358,Cotton,CT=F
2024-02-16,93.87000274658203,95.93000030517578,92.95999908447266,94.62999725341797,5945,Cotton,CT=F
2024-02-20,91.19000244140625,93.72000122070312,90.5,93.55000305175781,10965,Cotton,CT=F
2024-02-21,92.5999984741211,93.93000030517578,90.88999938964844,91.0999984741211,4175,Cotton,CT=F
2024-02-22,94.19999694824219,94.55000305175781,92.12999725341797,92.5999984741211,2582,Cotton,CT=F
2024-02-23,94.93000030517578,95.41999816894531,93.51000213623047,93.87999725341797,222,Cotton,CT=F
2024-02-26,96.58000183105469,96.12999725341797,94.77999877929688,94.77999877929688,8,Cotton,CT=F
2024-02-27,100.75,99.0,96.70999908447266,96.75,33,Cotton,CT=F
2024-02-28,103.06999969482422,107.25,103.79000091552734,103.79000091552734,10,Cotton,CT=F
2024-02-29,101.55999755859375,101.55999755859375,101.55999755859375,101.55999755859375,0,Cotton,CT=F
2024-03-01,97.55999755859375,97.55999755859375,97.55999755859375,97.55999755859375,0,Cotton,CT=F
2024-03-04,98.44000244140625,99.0,99.0,99.0,3,Cotton,CT=F
2024-03-05,98.0999984741211,98.0999984741211,98.0999984741211,98.0999984741211,0,Cotton,CT=F
2024-03-06,99.13999938964844,99.13999938964844,99.13999938964844,99.13999938964844,22019,Cotton,CT=F
2024-03-07,99.27999877929688,99.27999877929688,94.86000061035156,94.86000061035156,27154,Cotton,CT=F
2024-03-08,95.27999877929688,101.5,95.27999877929688,99.19999694824219,30104,Cotton,CT=F
2024-03-11,95.05999755859375,97.52999877929688,94.55000305175781,94.86000061035156,23698,Cotton,CT=F
2024-03-12,95.2300033569336,95.7699966430664,94.05000305175781,95.05999755859375,20011,Cotton,CT=F
2024-03-13,94.9000015258789,96.2300033569336,94.5199966430664,95.2300033569336,13685,Cotton,CT=F
2024-03-14,93.4800033569336,95.54000091552734,93.19999694824219,95.05000305175781,22296,Cotton,CT=F
2024-03-15,93.94000244140625,94.55000305175781,93.26000213623047,93.62999725341797,14917,Cotton,CT=F
2024-03-18,94.56999969482422,96.19999694824219,93.80000305175781,93.87999725341797,16245,Cotton,CT=F
2024-03-19,93.33999633789062,94.6500015258789,92.19000244140625,94.56999969482422,24585,Cotton,CT=F
2024-03-20,92.18000030517578,93.47000122070312,91.80999755859375,93.41999816894531,16312,Cotton,CT=F
2024-03-21,92.20999908447266,93.5,91.83999633789062,92.5,16106,Cotton,CT=F
2024-03-22,91.52999877929688,92.8499984741211,91.41999816894531,92.22000122070312,15275,Cotton,CT=F
2024-03-25,92.0199966430664,92.30999755859375,90.9800033569336,91.69000244140625,16372,Cotton,CT=F
2024-03-26,93.41000366210938,94.2699966430664,92.02999877929688,92.02999877929688,18482,Cotton,CT=F
2024-03-27,90.7699966430664,93.41000366210938,90.55999755859375,93.41000366210938,21775,Cotton,CT=F
2024-03-28,91.37999725341797,91.97000122070312,90.51000213623047,90.9800033569336,20169,Cotton,CT=F
2024-04-01,92.76000213623047,92.87999725341797,91.54000091552734,91.56999969482422,12909,Cotton,CT=F
2024-04-02,90.80999755859375,92.9000015258789,90.69999694824219,92.76000213623047,22771,Cotton,CT=F
2024-04-03,88.9800033569336,91.1500015258789,88.86000061035156,90.80999755859375,29024,Cotton,CT=F
2024-04-04,87.13999938964844,89.25,87.0999984741211,88.9000015258789,30417,Cotton,CT=F
2024-04-05,86.25,87.5999984741211,86.16999816894531,87.19999694824219,34886,Cotton,CT=F
2024-04-08,86.6500015258789,88.23999786376953,86.12000274658203,86.33000183105469,31716,Cotton,CT=F
2024-04-09,86.04000091552734,87.2300033569336,85.95999908447266,86.79000091552734,32185,Cotton,CT=F
2024-04-10,85.30999755859375,86.69000244140625,85.25,86.11000061035156,36691,Cotton,CT=F
2024-04-11,83.37000274658203,85.4800033569336,83.1500015258789,85.33999633789062,28458,Cotton,CT=F
2024-04-12,82.62000274658203,83.97000122070312,81.69999694824219,83.36000061035156,21652,Cotton,CT=F
2024-04-15,82.93000030517578,84.2699966430664,82.5999984741211,82.5999984741211,15084,Cotton,CT=F
2024-04-16,81.29000091552734,83.4000015258789,79.5,83.06999969482422,15199,Cotton,CT=F
2024-04-17,79.55999755859375,81.94000244140625,79.02999877929688,81.2699966430664,7256,Cotton,CT=F
2024-04-18,78.0999984741211,79.93000030517578,77.41000366210938,79.6500015258789,8597,Cotton,CT=F
2024-04-19,78.69000244140625,79.7699966430664,77.86000061035156,78.2699966430664,4183,Cotton,CT=F
2024-04-22,80.04000091552734,80.36000061035156,78.77999877929688,78.80000305175781,2821,Cotton,CT=F
2024-04-23,80.22000122070312,80.80999755859375,78.12999725341797,80.0,1221,Cotton,CT=F
2024-04-24,79.51000213623047,79.51000213623047,79.51000213623047,79.51000213623047,0,Cotton,CT=F
2024-04-25,79.58000183105469,79.58000183105469,79.58000183105469,79.58000183105469,0,Cotton,CT=F
2024-04-26,79.4000015258789,80.06999969482422,80.06999969482422,80.06999969482422,1,Cotton,CT=F
2024-04-29,80.0199966430664,80.18000030517578,80.18000030517578,80.18000030517578,2,Cotton,CT=F
2024-04-30,77.91999816894531,79.30000305175781,79.30000305175781,79.30000305175781,9,Cotton,CT=F
2024-05-01,75.80999755859375,75.80999755859375,75.80999755859375,75.80999755859375,0,Cotton,CT=F
2024-05-02,74.91999816894531,74.91999816894531,74.91999816894531,74.91999816894531,0,Cotton,CT=F
2024-05-03,77.36000061035156,77.36000061035156,77.36000061035156,77.36000061035156,0,Cotton,CT=F
2024-05-06,76.55999755859375,76.55999755859375,76.55999755859375,76.55999755859375,1,Cotton,CT=F
2024-05-07,77.0,77.0,77.0,77.0,0,Cotton,CT=F
2024-05-08,80.05999755859375,80.05999755859375,80.05999755859375,80.05999755859375,28975,Cotton,CT=F
2024-05-09,78.5999984741211,80.2300033569336,77.77999877929688,80.2300033569336,25699,Cotton,CT=F
2024-05-10,77.30999755859375,78.58000183105469,76.6500015258789,78.37999725341797,16775,Cotton,CT=F
2024-05-13,77.62999725341797,78.43000030517578,77.11000061035156,77.44999694824219,14068,Cotton,CT=F
2024-05-14,74.62999725341797,77.91000366210938,74.62999725341797,77.73999786376953,28504,Cotton,CT=F
2024-05-15,75.41000366210938,75.91000366210938,73.68000030517578,74.5999984741211,25618,Cotton,CT=F
2024-05-16,76.23999786376953,77.23999786376953,75.22000122070312,75.63999938964844,18848,Cotton,CT=F
2024-05-17,75.88999938964844,76.83000183105469,75.55000305175781,75.91999816894531,9604,Cotton,CT=F
2024-05-20,76.02999877929688,76.9800033569336,75.5,75.91000366210938,13523,Cotton,CT=F
2024-05-21,76.37999725341797,76.70999908447266,74.9800033569336,76.02999877929688,15887,Cotton,CT=F
2024-05-22,79.37999725341797,79.37999725341797,76.2300033569336,76.2300033569336,20584,Cotton,CT=F
2024-05-23,81.72000122070312,82.5999984741211,78.36000061035156,79.37999725341797,38868,Cotton,CT=F
2024-05-24,80.5199966430664,82.16999816894531,79.52999877929688,81.4000015258789,22721,Cotton,CT=F
2024-05-28,82.43000030517578,83.19000244140625,80.30000305175781,80.66000366210938,24063,Cotton,CT=F
2024-05-29,81.0999984741211,82.5,80.25,82.33000183105469,16692,Cotton,CT=F
2024-05-30,77.76000213623047,82.16999816894531,77.20999908447266,81.08999633789062,26689,Cotton,CT=F
2024-05-31,76.1500015258789,78.83000183105469,76.06999969482422,78.4800033569336,24767,Cotton,CT=F
2024-06-03,73.1500015258789,76.52999877929688,73.1500015258789,76.1500015258789,33071,Cotton,CT=F
2024-06-04,73.4800033569336,74.04000091552734,72.26000213623047,73.1500015258789,27890,Cotton,CT=F
2024-06-05,74.44000244140625,75.36000061035156,73.4800033569336,73.5999984741211,19144,Cotton,CT=F
2024-06-06,75.44000244140625,75.91000366210938,73.69999694824219,74.33000183105469,21192,Cotton,CT=F
2024-06-07,73.83999633789062,76.0,73.54000091552734,75.61000061035156,23032,Cotton,CT=F
2024-06-10,71.80999755859375,74.27999877929688,71.27999877929688,73.83999633789062,24595,Cotton,CT=F
2024-06-11,72.7300033569336,73.54000091552734,71.51000213623047,72.11000061035156,19346,Cotton,CT=F
2024-06-12,71.73999786376953,73.23999786376953,71.5,73.0,18968,Cotton,CT=F
2024-06-13,71.3499984741211,72.19999694824219,71.30000305175781,71.7300033569336,12084,Cotton,CT=F
2024-06-14,70.97000122070312,71.81999969482422,70.83999633789062,71.58999633789062,11388,Cotton,CT=F
2024-06-17,69.94000244140625,71.22000122070312,68.29000091552734,70.8499984741211,12440,Cotton,CT=F
2024-06-18,71.02999877929688,71.94999694824219,68.9000015258789,70.01000213623047,9937,Cotton,CT=F
2024-06-20,70.8499984741211,71.9800033569336,70.69000244140625,71.01000213623047,5208,Cotton,CT=F
2024-06-21,68.19000244140625,71.19999694824219,67.8499984741211,71.05999755859375,4805,Cotton,CT=F
2024-06-24,71.29000091552734,71.52999877929688,67.9000015258789,67.91999816894531,57,Cotton,CT=F
2024-06-25,72.5999984741211,73.69000244140625,72.0,72.0,6,Cotton,CT=F
2024-06-26,72.69999694824219,73.29000091552734,70.08999633789062,73.25,7,Cotton,CT=F
2024-06-27,72.0199966430664,72.0199966430664,72.0199966430664,72.0199966430664,0,Cotton,CT=F
2024-06-28,69.80999755859375,69.80999755859375,69.80999755859375,69.80999755859375,24,Cotton,CT=F
2024-07-01,70.06999969482422,71.9000015258789,71.9000015258789,71.9000015258789,1,Cotton,CT=F
2024-07-02,69.33000183105469,69.33000183105469,69.33000183105469,69.33000183105469,0,Cotton,CT=F
2024-07-03,68.68000030517578,68.68000030517578,68.68000030517578,68.68000030517578,0,Cotton,CT=F
2024-07-05,67.30999755859375,67.30999755859375,67.30999755859375,67.30999755859375,0,Cotton,CT=F
2024-07-08,67.31999969482422,67.31999969482422,67.31999969482422,67.31999969482422,0,Cotton,CT=F
2024-07-09,66.95999908447266,66.95999908447266,66.95999908447266,66.95999908447266,32,Cotton,CT=F
2024-07-10,69.33000183105469,70.25,69.0999984741211,69.2699966430664,77,Cotton,CT=F
2024-07-11,69.05999755859375,69.93000030517578,68.93000030517578,69.83999633789062,46,Cotton,CT=F
2024-07-12,68.91999816894531,69.0999984741211,68.30000305175781,69.0999984741211,34,Cotton,CT=F
2024-07-15,70.86000061035156,71.55999755859375,68.9000015258789,69.33000183105469,64,Cotton,CT=F
2024-07-16,70.37000274658203,70.94999694824219,69.80999755859375,70.6500015258789,42,Cotton,CT=F
2024-07-17,71.12000274658203,72.04000091552734,71.0,71.0,28,Cotton,CT=F
2024-07-18,71.37000274658203,71.5999984741211,71.01000213623047,71.01000213623047,19,Cotton,CT=F
2024-07-19,69.9800033569336,71.04000091552734,69.93000030517578,70.30999755859375,7,Cotton,CT=F
2024-07-22,70.12999725341797,70.87000274658203,69.8499984741211,70.12999725341797,28,Cotton,CT=F
2024-07-23,68.02999877929688,70.63999938964844,67.58999633789062,70.63999938964844,94,Cotton,CT=F
2024-07-24,67.01000213623047,68.01000213623047,65.9000015258789,68.01000213623047,84,Cotton,CT=F
2024-07-25,67.20999908447266,67.25,66.23999786376953,66.4000015258789,27,Cotton,CT=F
2024-07-26,66.06999969482422,66.4000015258789,65.68000030517578,66.4000015258789,9,Cotton,CT=F
2024-07-29,67.51000213623047,67.73999786376953,66.7699966430664,66.7699966430664,23,Cotton,CT=F
2024-07-30,68.1500015258789,68.5,67.5199966430664,67.5199966430664,23,Cotton,CT=F
2024-07-31,67.9800033569336,68.36000061035156,67.16000366210938,68.3499984741211,39,Cotton,CT=F
2024-08-01,66.87999725341797,68.69999694824219,66.69999694824219,67.5999984741211,13,Cotton,CT=F
2024-08-02,67.18000030517578,67.93000030517578,66.5199966430664,66.5199966430664,17,Cotton,CT=F
2024-08-05,66.55000305175781,67.73999786376953,65.68000030517578,67.08999633789062,16,Cotton,CT=F
2024-08-06,66.19999694824219,66.69000244140625,66.22000122070312,66.69000244140625,7,Cotton,CT=F
2024-08-07,66.47000122070312,67.0,65.91999816894531,66.0,30,Cotton,CT=F
2024-08-08,65.79000091552734,66.0999984741211,65.30000305175781,66.06999969482422,17,Cotton,CT=F
2024-08-09,67.08999633789062,67.4000015258789,66.20999908447266,66.20999908447266,33,Cotton,CT=F
2024-08-12,68.29000091552734,69.94999694824219,67.55000305175781,67.55000305175781,57,Cotton,CT=F
2024-08-13,67.0999984741211,67.94999694824219,67.33999633789062,67.80000305175781,23,Cotton,CT=F
2024-08-14,66.18000030517578,67.55000305175781,66.12000274658203,66.97000122070312,31,Cotton,CT=F
2024-08-15,66.33999633789062,66.75,66.44999694824219,66.5999984741211,9,Cotton,CT=F
2024-08-16,66.45999908447266,66.36000061035156,65.77999877929688,66.3499984741211,17,Cotton,CT=F
2024-08-19,67.9800033569336,68.5,66.77999877929688,66.77999877929688,23,Cotton,CT=F
2024-08-20,68.80000305175781,69.19000244140625,68.41999816894531,68.55000305175781,18,Cotton,CT=F
2024-08-21,69.70999908447266,69.75,68.81999969482422,68.81999969482422,51,Cotton,CT=F
2024-08-22,69.58999633789062,70.87000274658203,68.51000213623047,69.79000091552734,41,Cotton,CT=F
2024-08-23,71.29000091552734,71.0999984741211,70.41999816894531,70.41999816894531,9,Cotton,CT=F
2024-08-26,70.58000183105469,71.98999786376953,71.26000213623047,71.97000122070312,12,Cotton,CT=F
2024-08-27,70.0199966430664,70.91000366210938,69.31999969482422,70.2699966430664,28,Cotton,CT=F
2024-08-28,68.73999786376953,69.55000305175781,68.5999984741211,69.55000305175781,9,Cotton,CT=F
2024-08-29,70.12999725341797,70.19999694824219,69.08999633789062,69.5,9,Cotton,CT=F
2024-08-30,69.79000091552734,69.93000030517578,69.55000305175781,69.93000030517578,10,Cotton,CT=F
2024-09-03,70.76000213623047,71.70999908447266,69.1500015258789,69.1500015258789,27,Cotton,CT=F
2024-09-04,69.88999938964844,70.18000030517578,69.37000274658203,69.55000305175781,4,Cotton,CT=F
2024-09-05,69.48999786376953,70.05000305175781,69.33000183105469,69.9000015258789,5,Cotton,CT=F
2024-09-06,67.12000274658203,69.0,66.93000030517578,69.0,16,Cotton,CT=F
2024-09-09,67.54000091552734,68.41000366210938,67.25,67.62000274658203,16,Cotton,CT=F
2024-09-10,68.08000183105469,68.52999877929688,67.77999877929688,68.47000122070312,5,Cotton,CT=F
2024-09-11,69.30999755859375,70.6500015258789,68.4000015258789,68.4000015258789,50,Cotton,CT=F
2024-09-12,70.05000305175781,70.05000305175781,70.05000305175781,70.05000305175781,0,Cotton,CT=F
2024-09-13,69.4800033569336,69.4800033569336,69.4800033569336,69.4800033569336,2,Cotton,CT=F
2024-09-16,71.75,72.47000122070312,70.0999984741211,70.0999984741211,33,Cotton,CT=F
2024-09-17,70.80999755859375,71.16000366210938,70.41999816894531,71.16000366210938,33,Cotton,CT=F
2024-09-18,69.68000030517578,71.0,69.68000030517578,71.0,12,Cotton,CT=F
2024-09-19,71.58000183105469,70.0199966430664,69.61000061035156,69.61000061035156,12,Cotton,CT=F
2024-09-20,72.20999908447266,74.58000183105469,71.86000061035156,71.91999816894531,42,Cotton,CT=F
2024-09-23,71.69999694824219,74.05000305175781,71.62999725341797,74.04000091552734,12,Cotton,CT=F
2024-09-24,73.0999984741211,73.0999984741211,73.0999984741211,73.0999984741211,0,Cotton,CT=F
2024-09-25,74.0199966430664,74.4000015258789,74.19999694824219,74.23999786376953,6,Cotton,CT=F
2024-09-26,73.86000061035156,73.86000061035156,73.86000061035156,73.86000061035156,5,Cotton,CT=F
2024-09-27,73.54000091552734,73.54000091552734,73.54000091552734,73.54000091552734,0,Cotton,CT=F
2024-09-30,73.55999755859375,73.55999755859375,73.55999755859375,73.55999755859375,0,Cotton,CT=F
2024-10-01,73.0,73.0,73.0,73.0,0,Cotton,CT=F
2024-10-02,73.16000366210938,73.16000366210938,73.16000366210938,73.16000366210938,0,Cotton,CT=F
2024-10-03,72.48999786376953,72.48999786376953,72.48999786376953,72.48999786376953,0,Cotton,CT=F
2024-10-04,73.02999877929688,73.02999877929688,73.02999877929688,73.02999877929688,10,Cotton,CT=F
2024-10-07,73.29000091552734,73.29000091552734,73.29000091552734,73.29000091552734,0,Cotton,CT=F
2024-10-08,72.02999877929688,72.02999877929688,72.02999877929688,72.02999877929688,0,Cotton,CT=F
2024-10-09,72.01000213623047,72.01000213623047,72.01000213623047,72.01000213623047,17267,Cotton,CT=F
2024-10-10,72.66000366210938,72.72000122070312,71.75,72.19999694824219,16847,Cotton,CT=F
2024-10-11,72.20999908447266,73.5,71.76000213623047,72.62000274658203,21777,Cotton,CT=F
2024-10-14,71.02999877929688,72.19999694824219,70.5999984741211,72.19999694824219,23567,Cotton,CT=F
2024-10-15,70.62000274658203,71.37999725341797,70.55000305175781,71.05999755859375,15029,Cotton,CT=F
2024-10-16,71.26000213623047,71.98999786376953,70.62000274658203,70.62000274658203,17861,Cotton,CT=F
2024-10-17,70.76000213623047,71.5,70.16000366210938,71.27999877929688,23989,Cotton,CT=F
2024-10-18,70.98999786376953,71.7300033569336,70.80000305175781,70.81999969482422,16221,Cotton,CT=F
2024-10-21,72.19999694824219,72.5999984741211,71.0,71.05000305175781,24054,Cotton,CT=F
2024-10-22,72.08000183105469,72.41999816894531,71.72000122070312,72.3499984741211,18925,Cotton,CT=F
2024-10-23,72.51000213623047,72.75,71.86000061035156,72.08000183105469,16046,Cotton,CT=F
2024-10-24,71.52999877929688,72.69000244140625,71.25,72.45999908447266,16299,Cotton,CT=F
2024-10-25,70.66000366210938,71.6500015258789,70.61000061035156,71.45999908447266,20878,Cotton,CT=F
2024-10-28,70.36000061035156,71.04000091552734,69.93000030517578,70.69000244140625,21182,Cotton,CT=F
2024-10-29,70.55999755859375,71.11000061035156,70.0,70.36000061035156,17990,Cotton,CT=F
2024-10-30,69.91999816894531,70.73999786376953,69.77999877929688,70.51000213623047,17633,Cotton,CT=F
2024-10-31,69.56999969482422,70.12000274658203,69.26000213623047,70.12000274658203,24518,Cotton,CT=F
2024-11-01,70.16999816894531,71.4000015258789,69.4000015258789,69.61000061035156,33376,Cotton,CT=F
2024-11-04,69.93000030517578,70.98999786376953,69.70999908447266,70.18000030517578,27017,Cotton,CT=F
2024-11-05,69.94999694824219,70.18000030517578,69.41999816894531,69.93000030517578,20299,Cotton,CT=F
2024-11-06,69.69000244140625,70.0,68.94999694824219,69.94999694824219,32812,Cotton,CT=F
2024-11-07,71.05000305175781,71.18000030517578,69.75,69.75,38882,Cotton,CT=F
2024-11-08,70.9800033569336,71.36000061035156,70.01000213623047,71.02999877929688,41797,Cotton,CT=F
2024-11-11,69.69000244140625,71.23999786376953,69.61000061035156,70.97000122070312,36125,Cotton,CT=F
2024-11-12,68.7699966430664,70.0199966430664,68.72000122070312,69.87999725341797,29252,Cotton,CT=F
2024-11-13,68.9000015258789,69.04000091552734,67.95999908447266,68.75,24301,Cotton,CT=F
2024-11-14,68.31999969482422,69.73999786376953,68.2699966430664,68.80000305175781,15821,Cotton,CT=F
2024-11-15,66.80000305175781,68.37000274658203,66.6500015258789,68.3499984741211,13473,Cotton,CT=F
2024-11-18,66.62000274658203,67.0999984741211,66.41999816894531,66.83000183105469,12221,Cotton,CT=F
2024-11-19,66.88999938964844,67.08000183105469,66.0,66.61000061035156,12141,Cotton,CT=F
2024-11-20,68.45999908447266,68.97000122070312,66.75,66.79000091552734,11708,Cotton,CT=F
2024-11-21,69.19000244140625,71.45999908447266,68.05000305175781,68.45999908447266,4082,Cotton,CT=F
2024-11-22,71.6500015258789,71.44999694824219,71.0199966430664,71.0199966430664,559,Cotton,CT=F
2024-11-25,73.19999694824219,73.33999633789062,71.98999786376953,71.98999786376953,51,Cotton,CT=F
2024-11-26,73.37000274658203,73.25,72.8499984741211,72.8499984741211,781,Cotton,CT=F
2024-11-27,73.56999969482422,73.69999694824219,73.47000122070312,73.47000122070312,10,Cotton,CT=F
2024-11-29,73.3499984741211,73.6500015258789,73.38999938964844,73.62999725341797,4,Cotton,CT=F
2024-12-02,72.43000030517578,72.43000030517578,72.43000030517578,72.43000030517578,0,Cotton,CT=F
2024-12-03,72.69000244140625,72.3499984741211,72.3499984741211,72.3499984741211,4,Cotton,CT=F
2024-12-04,72.5999984741211,72.81999969482422,72.80999755859375,72.80999755859375,187,Cotton,CT=F
2024-12-05,72.38999938964844,72.94000244140625,72.83999633789062,72.83999633789062,15,Cotton,CT=F
2024-12-06,71.4000015258789,71.4000015258789,71.4000015258789,71.4000015258789,22621,Cotton,CT=F
2024-12-09,69.94999694824219,70.75,69.75,70.01000213623047,20505,Cotton,CT=F
2024-12-10,69.4800033569336,70.16999816894531,69.25,69.94999694824219,22721,Cotton,CT=F
2024-12-11,70.1500015258789,70.38999938964844,69.05000305175781,69.4800033569336,22937,Cotton,CT=F
2024-12-12,70.08999633789062,70.47000122070312,69.83999633789062,69.87000274658203,15616,Cotton,CT=F
2024-12-13,69.2699966430664,70.06999969482422,69.19999694824219,70.0,15256,Cotton,CT=F
2024-12-16,69.05999755859375,69.91000366210938,69.0199966430664,69.2699966430664,13699,Cotton,CT=F
2024-12-17,68.69000244140625,69.19000244140625,68.55000305175781,69.05999755859375,20097,Cotton,CT=F
2024-12-18,68.08000183105469,68.9000015258789,68.05000305175781,68.6500015258789,21110,Cotton,CT=F
2024-12-19,67.91000366210938,68.33999633789062,67.55999755859375,68.11000061035156,19798,Cotton,CT=F
2024-12-20,68.05999755859375,68.20999908447266,67.4800033569336,67.91000366210938,18359,Cotton,CT=F
2024-12-23,69.41999816894531,69.86000061035156,68.1500015258789,68.1500015258789,21944,Cotton,CT=F
2024-12-24,68.77999877929688,69.6500015258789,68.68000030517578,69.37000274658203,0,Cotton,CT=F
2024-12-26,68.75,69.16999816894531,68.5,68.77999877929688,7666,Cotton,CT=F
2024-12-27,68.88999938964844,69.0,68.30000305175781,68.66999816894531,8142,Cotton,CT=F
2024-12-30,68.4800033569336,69.25,68.26000213623047,68.77999877929688,10233,Cotton,CT=F
2024-12-31,68.4000015258789,68.88999938964844,68.2699966430664,68.5,0,Cotton,CT=F
2025-01-02,68.56999969482422,69.44000244140625,68.26000213623047,68.4000015258789,16088,Cotton,CT=F
2025-01-03,67.66000366210938,68.72000122070312,67.62999725341797,68.5,18805,Cotton,CT=F
2025-01-06,68.68000030517578,68.75,67.76000213623047,67.76000213623047,19355,Cotton,CT=F
2025-01-07,68.51000213623047,69.1500015258789,68.41000366210938,68.5999984741211,16526,Cotton,CT=F
2025-01-08,68.2300033569336,68.63999938964844,68.04000091552734,68.5199966430664,15483,Cotton,CT=F
2025-01-09,68.5,68.75,67.86000061035156,68.22000122070312,15851,Cotton,CT=F
2025-01-10,67.01000213623047,68.69999694824219,66.9000015258789,68.51000213623047,30964,Cotton,CT=F
2025-01-13,67.63999938964844,67.80999755859375,66.76000213623047,67.08000183105469,30088,Cotton,CT=F
2025-01-14,67.5,67.9800033569336,67.36000061035156,67.63999938964844,18690,Cotton,CT=F
2025-01-15,67.7699966430664,67.83999633789062,67.27999877929688,67.48999786376953,16479,Cotton,CT=F
2025-01-16,66.7300033569336,67.7699966430664,66.5999984741211,67.7699966430664,21379,Cotton,CT=F
2025-01-17,67.5999984741211,67.62999725341797,66.63999938964844,66.80000305175781,24864,Cotton,CT=F
2025-01-21,67.66000366210938,68.30000305175781,67.36000061035156,67.66000366210938,22951,Cotton,CT=F
2025-01-22,67.13999938964844,67.95999908447266,67.11000061035156,67.62000274658203,18282,Cotton,CT=F
2025-01-23,67.47000122070312,67.69999694824219,66.76000213623047,67.13999938964844,17759,Cotton,CT=F
2025-01-24,67.61000061035156,68.44000244140625,67.45999908447266,67.47000122070312,19029,Cotton,CT=F
2025-01-27,67.2699966430664,68.16999816894531,67.20999908447266,67.69000244140625,19018,Cotton,CT=F
2025-01-28,66.9800033569336,67.5999984741211,66.91000366210938,67.30000305175781,17863,Cotton,CT=F
2025-01-29,66.66000366210938,67.16000366210938,66.62999725341797,67.0,23159,Cotton,CT=F
2025-01-30,66.2699966430664,66.68000030517578,66.01000213623047,66.66999816894531,27788,Cotton,CT=F
2025-01-31,65.87999725341797,66.4800033569336,65.69999694824219,66.25,27249,Cotton,CT=F
2025-02-03,66.04000091552734,66.20999908447266,65.01000213623047,65.56999969482422,40493,Cotton,CT=F
2025-02-04,66.94000244140625,67.1500015258789,66.04000091552734,66.04000091552734,36669,Cotton,CT=F
2025-02-05,66.04000091552734,67.30999755859375,65.94000244140625,66.9000015258789,34034,Cotton,CT=F
2025-02-06,66.02999877929688,66.51000213623047,65.75,66.02999877929688,27669,Cotton,CT=F
2025-02-07,65.62999725341797,66.5999984741211,65.55999755859375,66.02999877929688,37787,Cotton,CT=F
2025-02-10,66.54000091552734,67.08000183105469,65.7300033569336,65.7300033569336,37829,Cotton,CT=F
2025-02-11,67.4000015258789,67.62999725341797,66.56999969482422,66.56999969482422,36959,Cotton,CT=F
2025-02-12,67.47000122070312,67.97000122070312,67.31999969482422,67.4000015258789,25368,Cotton,CT=F
2025-02-13,66.83000183105469,67.52999877929688,66.75,67.44999694824219,25450,Cotton,CT=F
2025-02-14,67.11000061035156,67.7300033569336,66.94000244140625,67.0,15537,Cotton,CT=F
2025-02-18,67.51000213623047,67.94999694824219,67.22000122070312,67.4000015258789,21687,Cotton,CT=F
2025-02-19,66.23999786376953,67.58000183105469,66.20999908447266,67.5,17147,Cotton,CT=F
2025-02-20,65.97000122070312,66.41000366210938,65.80000305175781,66.20999908447266,11853,Cotton,CT=F
2025-02-21,66.08000183105469,66.25,65.4800033569336,65.97000122070312,5570,Cotton,CT=F
2025-02-24,66.51000213623047,66.80999755859375,65.87999725341797,65.87999725341797,170,Cotton,CT=F
2025-02-25,65.95999908447266,66.08000183105469,66.05000305175781,66.05000305175781,24,Cotton,CT=F
2025-02-26,65.37000274658203,65.94999694824219,65.94999694824219,65.94999694824219,7,Cotton,CT=F
2025-02-27,65.19999694824219,65.19999694824219,65.19999694824219,65.19999694824219,0,Cotton,CT=F
2025-02-28,63.880001068115234,64.58000183105469,64.37000274658203,64.37000274658203,43,Cotton,CT=F
2025-03-03,64.13999938964844,64.69000244140625,64.69000244140625,64.69000244140625,2,Cotton,CT=F
2025-03-04,62.040000915527344,63.72999954223633,63.45000076293945,63.45000076293945,41,Cotton,CT=F
2025-03-05,62.36000061035156,61.619998931884766,61.619998931884766,61.619998931884766,8,Cotton,CT=F
2025-03-06,63.900001525878906,63.900001525878906,63.900001525878906,63.900001525878906,0,Cotton,CT=F
2025-03-07,64.76000213623047,64.76000213623047,64.76000213623047,64.76000213623047,20350,Cotton,CT=F
2025-03-10,66.0,67.06999969482422,65.62000274658203,66.0,30193,Cotton,CT=F
2025-03-11,66.0,66.7300033569336,65.41999816894531,65.9000015258789,17577,Cotton,CT=F
2025-03-12,66.9800033569336,67.02999877929688,65.94999694824219,65.94999694824219,20107,Cotton,CT=F
2025-03-13,66.52999877929688,67.33000183105469,66.41000366210938,67.0,20580,Cotton,CT=F
2025-03-14,67.37000274658203,67.62999725341797,66.51000213623047,66.51000213623047,22877,Cotton,CT=F
2025-03-17,66.9800033569336,67.80000305175781,66.80000305175781,67.48999786376953,16432,Cotton,CT=F
2025-03-18,66.47000122070312,67.08000183105469,66.3499984741211,66.9000015258789,16627,Cotton,CT=F
2025-03-19,66.3499984741211,66.61000061035156,65.95999908447266,66.44999694824219,15842,Cotton,CT=F
2025-03-20,66.08000183105469,66.83999633789062,65.76000213623047,66.37999725341797,14617,Cotton,CT=F
2025-03-21,65.2699966430664,66.41999816894531,65.23999786376953,66.08000183105469,15300,Cotton,CT=F
2025-03-24,65.41999816894531,65.68000030517578,64.83000183105469,65.38999938964844,17071,Cotton,CT=F
2025-03-25,65.13999938964844,65.87000274658203,64.87000274658203,65.44000244140625,18370,Cotton,CT=F
2025-03-26,65.68000030517578,65.98999786376953,65.0199966430664,65.19000244140625,18432,Cotton,CT=F
2025-03-27,67.06999969482422,67.08999633789062,65.45999908447266,65.68000030517578,27726,Cotton,CT=F
2025-03-28,66.9000015258789,67.0999984741211,66.5,67.0,23449,Cotton,CT=F
2025-03-31,66.83000183105469,66.97000122070312,65.98999786376953,66.80000305175781,27548,Cotton,CT=F
2025-04-01,68.25,68.31999969482422,66.4000015258789,66.83000183105469,38086,Cotton,CT=F
2025-04-02,67.80000305175781,68.58000183105469,67.66000366210938,68.01000213623047,36894,Cotton,CT=F
2025-04-03,64.80000305175781,66.19000244140625,64.80000305175781,66.05999755859375,36465,Cotton,CT=F
2025-04-04,63.36000061035156,64.66000366210938,60.79999923706055,64.5999984741211,72060,Cotton,CT=F
2025-04-07,65.98999786376953,66.1500015258789,61.810001373291016,62.220001220703125,67149,Cotton,CT=F
2025-04-08,65.55000305175781,66.26000213623047,64.73999786376953,65.94999694824219,47281,Cotton,CT=F
2025-04-09,66.62999725341797,67.0,64.25,64.70999908447266,56255,Cotton,CT=F
2025-04-10,66.47000122070312,67.62000274658203,66.18000030517578,66.5999984741211,41847,Cotton,CT=F
2025-04-11,65.88999938964844,67.13999938964844,65.55999755859375,66.4000015258789,33635,Cotton,CT=F
2025-04-14,64.08999633789062,66.0999984741211,63.75,66.0,13358,Cotton,CT=F
2025-04-15,65.08000183105469,65.13999938964844,63.83000183105469,64.25,11328,Cotton,CT=F
2025-04-16,65.79000091552734,65.98999786376953,64.6500015258789,65.08999633789062,7584,Cotton,CT=F
2025-04-17,66.31999969482422,66.44000244140625,65.63999938964844,65.72000122070312,0,Cotton,CT=F
2025-04-21,65.7699966430664,66.80000305175781,65.3499984741211,66.25,6171,Cotton,CT=F
2025-04-22,67.04000091552734,67.16999816894531,65.43000030517578,65.81999969482422,7488,Cotton,CT=F
2025-04-23,68.75,69.87999725341797,66.94999694824219,67.4000015258789,2580,Cotton,CT=F
2025-04-24,67.30000305175781,68.86000061035156,66.44000244140625,68.86000061035156,43,Cotton,CT=F
2025-04-25,66.8499984741211,67.1500015258789,67.1500015258789,67.1500015258789,1,Cotton,CT=F
2025-04-28,66.37999725341797,66.37999725341797,66.37999725341797,66.37999725341797,0,Cotton,CT=F
2025-04-29,66.3499984741211,67.12999725341797,66.25,67.12999725341797,7,Cotton,CT=F
2025-04-30,65.7699966430664,65.80000305175781,65.5,65.80000305175781,9,Cotton,CT=F
2025-05-01,65.61000061035156,65.61000061035156,65.61000061035156,65.61000061035156,0,Cotton,CT=F
2025-05-02,70.18000030517578,70.18000030517578,70.18000030517578,70.18000030517578,0,Cotton,CT=F
2025-05-05,70.3499984741211,70.3499984741211,70.3499984741211,70.3499984741211,4,Cotton,CT=F
2025-05-06,71.94000244140625,73.5,70.8499984741211,70.8499984741211,9,Cotton,CT=F
2025-05-07,70.47000122070312,70.47000122070312,70.47000122070312,70.47000122070312,24941,Cotton,CT=F
2025-05-08,66.69000244140625,67.70999908447266,66.22000122070312,67.37999725341797,21525,Cotton,CT=F
2025-05-09,66.61000061035156,67.22000122070312,66.4000015258789,66.69000244140625,16362,Cotton,CT=F
2025-05-12,66.62999725341797,68.88999938964844,66.56999969482422,67.61000061035156,31551,Cotton,CT=F
2025-05-13,66.27999877929688,67.2300033569336,66.25,66.69999694824219,19981,Cotton,CT=F
2025-05-14,65.4800033569336,66.70999908447266,65.43000030517578,66.41999816894531,25325,Cotton,CT=F
2025-05-15,65.43000030517578,65.73999786376953,64.86000061035156,65.52999877929688,24616,Cotton,CT=F
2025-05-16,64.88999938964844,65.88999938964844,64.75,65.44999694824219,19019,Cotton,CT=F
2025-05-19,65.63999938964844,66.05000305175781,64.87999725341797,65.0999984741211,21604,Cotton,CT=F
2025-05-20,66.12000274658203,66.33999633789062,65.22000122070312,65.63999938964844,17916,Cotton,CT=F
2025-05-21,66.06999969482422,66.38999938964844,65.61000061035156,66.0999984741211,15515,Cotton,CT=F
2025-05-22,65.62999725341797,66.13999938964844,65.2699966430664,65.95999908447266,15730,Cotton,CT=F
2025-05-23,66.11000061035156,66.52999877929688,65.30999755859375,65.73999786376953,0,Cotton,CT=F
2025-05-27,65.56999969482422,66.79000091552734,65.51000213623047,66.0999984741211,21178,Cotton,CT=F
2025-05-28,65.33000183105469,65.76000213623047,64.91000366210938,65.62000274658203,22877,Cotton,CT=F
2025-05-29,64.83999633789062,65.80999755859375,64.5999984741211,65.44999694824219,18947,Cotton,CT=F
2025-05-30,65.05999755859375,65.33000183105469,64.51000213623047,65.02999877929688,20320,Cotton,CT=F
2025-06-02,66.12999725341797,66.69999694824219,65.12999725341797,65.16000366210938,32827,Cotton,CT=F
2025-06-03,66.05000305175781,66.36000061035156,65.33000183105469,66.12999725341797,31313,Cotton,CT=F
2025-06-04,64.98999786376953,66.12999725341797,64.93000030517578,65.98999786376953,21960,Cotton,CT=F
2025-06-05,65.36000061035156,65.73999786376953,64.70999908447266,65.05000305175781,26931,Cotton,CT=F
2025-06-06,65.62000274658203,65.97000122070312,65.18000030517578,65.33999633789062,24020,Cotton,CT=F
2025-06-09,65.98999786376953,66.05000305175781,65.43000030517578,65.55999755859375,32633,Cotton,CT=F
2025-06-10,65.41999816894531,66.29000091552734,65.33000183105469,66.0,43572,Cotton,CT=F
2025-06-11,65.47000122070312,65.79000091552734,65.05000305175781,65.30999755859375,26332,Cotton,CT=F
2025-06-12,65.13999938964844,65.47000122070312,64.69000244140625,65.41000366210938,26281,Cotton,CT=F
2025-06-13,65.36000061035156,65.5999984741211,64.79000091552734,65.0999984741211,21815,Cotton,CT=F
2025-06-16,65.44000244140625,65.69999694824219,65.13999938964844,65.36000061035156,14020,Cotton,CT=F
2025-06-17,65.05000305175781,65.48999786376953,64.94000244140625,65.41999816894531,10277,Cotton,CT=F
2025-06-18,64.83999633789062,65.27999877929688,64.44999694824219,65.0,0,Cotton,CT=F
2025-06-20,64.04000091552734,65.0,64.0,64.75,11676,Cotton,CT=F
2025-06-23,63.959999084472656,64.83000183105469,63.63999938964844,64.05000305175781,4219,Cotton,CT=F
2025-06-24,66.01000213623047,67.02999877929688,64.66999816894531,64.69999694824219,77,Cotton,CT=F
2025-06-25,66.44000244140625,67.0199966430664,66.55999755859375,66.55999755859375,5,Cotton,CT=F
2025-06-26,67.06999969482422,63.59000015258789,63.59000015258789,63.59000015258789,2,Cotton,CT=F
2025-06-27,67.5199966430664,67.62999725341797,67.62999725341797,67.62999725341797,1,Cotton,CT=F
2025-06-30,66.27999877929688,66.27999877929688,66.27999877929688,66.27999877929688,0,Cotton,CT=F
2025-07-01,66.27999877929688,68.0199966430664,68.0199966430664,68.0199966430664,5,Cotton,CT=F
2025-07-02,66.7699966430664,66.7699966430664,66.7699966430664,66.7699966430664,0,Cotton,CT=F
2025-07-03,65.66000366210938,65.66000366210938,65.66000366210938,65.66000366210938,0,Cotton,CT=F
2025-07-04,65.66000366210938,65.66000366210938,65.66000366210938,65.66000366210938,0,Cotton,CT=F
2025-07-07,65.38999938964844,65.38999938964844,65.38999938964844,65.38999938964844,0,Cotton,CT=F
2025-07-08,64.68000030517578,64.68000030517578,64.68000030517578,64.68000030517578,0,Cotton,CT=F
2025-07-09,64.95999908447266,64.95999908447266,64.95999908447266,64.95999908447266,33,Cotton,CT=F
2025-07-10,66.25,66.5999984741211,66.11000061035156,66.5,85,Cotton,CT=F
2025-07-11,66.19999694824219,66.56999969482422,66.05000305175781,66.56999969482422,8,Cotton,CT=F
2025-07-14,66.41000366210938,66.58999633789062,66.0,66.0,32,Cotton,CT=F
2025-07-15,67.20999908447266,67.55000305175781,66.45999908447266,66.4800033569336,103,Cotton,CT=F
2025-07-16,66.94999694824219,67.69999694824219,66.75,67.69999694824219,64,Cotton,CT=F
2025-07-17,67.25,67.37000274658203,67.12999725341797,67.33000183105469,26,Cotton,CT=F
2025-07-18,67.12000274658203,67.44999694824219,66.83000183105469,67.37999725341797,29,Cotton,CT=F
2025-07-21,66.54000091552734,67.0199966430664,66.48999786376953,67.0199966430664,30,Cotton,CT=F
2025-07-22,66.58999633789062,66.69999694824219,66.25,66.54000091552734,36,Cotton,CT=F
2025-07-23,66.62000274658203,67.0,66.5999984741211,66.5999984741211,15,Cotton,CT=F
2025-07-24,67.33999633789062,67.5,66.80000305175781,66.80000305175781,36,Cotton,CT=F
2025-07-25,67.01000213623047,67.69999694824219,67.11000061035156,67.69999694824219,37,Cotton,CT=F
2025-07-28,67.4000015258789,67.4000015258789,67.18000030517578,67.25,13,Cotton,CT=F
2025-07-29,66.30000305175781,67.41999816894531,66.12999725341797,67.2300033569336,55,Cotton,CT=F
2025-07-30,65.9000015258789,66.2699966430664,65.70999908447266,66.11000061035156,74,Cotton,CT=F
2025-07-31,65.61000061035156,66.30000305175781,65.5,65.5,65,Cotton,CT=F
2025-08-01,64.41999816894531,65.4800033569336,64.38999938964844,65.33999633789062,151,Cotton,CT=F
2025-08-04,64.55999755859375,65.18000030517578,64.4000015258789,64.43000030517578,421,Cotton,CT=F
2025-08-05,65.58999633789062,65.76000213623047,64.30000305175781,64.30000305175781,112,Cotton,CT=F
2025-08-06,65.69999694824219,66.25,65.04000091552734,66.0,162,Cotton,CT=F
2025-08-07,64.95999908447266,66.25,64.87999725341797,66.11000061035156,66,Cotton,CT=F
2025-08-08,65.31999969482422,65.41000366210938,64.69999694824219,65.19000244140625,19,Cotton,CT=F
2025-08-11,65.29000091552734,65.88999938964844,65.25,65.4000015258789,13,Cotton,CT=F
2025-08-12,67.06999969482422,67.33000183105469,65.5,65.5,93,Cotton,CT=F
2025-08-13,66.41000366210938,66.9000015258789,66.05999755859375,66.87999725341797,142,Cotton,CT=F
2025-08-14,66.16999816894531,66.45999908447266,66.19000244140625,66.23999786376953,23,Cotton,CT=F
2025-08-15,66.0999984741211,66.05999755859375,65.6500015258789,65.95999908447266,13,Cotton,CT=F
2025-08-18,66.41999816894531,66.66999816894531,65.8499984741211,65.93000030517578,65,Cotton,CT=F
2025-08-19,66.25,66.44000244140625,66.08999633789062,66.44000244140625,2,Cotton,CT=F
2025-08-20,66.63999938964844,66.91999816894531,66.12999725341797,66.3499984741211,74,Cotton,CT=F
2025-08-21,65.88999938964844,66.29000091552734,65.58000183105469,66.29000091552734,110,Cotton,CT=F
2025-08-22,66.43000030517578,66.33000183105469,65.80000305175781,65.83999633789062,6,Cotton,CT=F
2025-08-25,65.98999786376953,66.73999786376953,65.98999786376953,66.73999786376953,82,Cotton,CT=F
2025-08-26,65.47000122070312,65.5,65.30999755859375,65.5,70,Cotton,CT=F
2025-08-27,65.41000366210938,65.41000366210938,64.7699966430664,65.29000091552734,211,Cotton,CT=F
2025-08-28,66.04000091552734,66.08999633789062,65.38999938964844,65.4000015258789,58,Cotton,CT=F
2025-08-29,65.20999908447266,65.94999694824219,64.94999694824219,65.68000030517578,0,Cotton,CT=F
2025-09-02,64.56999969482422,65.22000122070312,64.45999908447266,65.0199966430664,10,Cotton,CT=F
2025-09-03,64.7300033569336,65.33000183105469,64.66999816894531,64.83000183105469,106,Cotton,CT=F
2025-09-04,64.69000244140625,64.88999938964844,64.7300033569336,64.7300033569336,11,Cotton,CT=F
2025-09-05,64.38999938964844,64.69000244140625,64.69000244140625,64.69000244140625,14,Cotton,CT=F
2025-09-08,64.56999969482422,64.75,64.75,64.75,15,Cotton,CT=F
2025-09-09,64.6500015258789,64.81999969482422,64.66000366210938,64.79000091552734,18,Cotton,CT=F
2025-09-10,65.55999755859375,65.55999755859375,64.63999938964844,64.7300033569336,224,Cotton,CT=F
2025-09-11,65.37000274658203,65.36000061035156,65.20999908447266,65.36000061035156,8,Cotton,CT=F
2025-09-12,65.19000244140625,65.44000244140625,64.91000366210938,65.29000091552734,29,Cotton,CT=F
2025-09-15,65.41999816894531,65.5,65.0199966430664,65.05000305175781,13,Cotton,CT=F
2025-09-16,66.38999938964844,66.41999816894531,65.5,65.55999755859375,23,Cotton,CT=F
2025-09-17,65.86000061035156,66.5,65.83000183105469,66.05000305175781,68,Cotton,CT=F
2025-09-18,65.19000244140625,65.58000183105469,64.5199966430664,65.58000183105469,57,Cotton,CT=F
2025-09-19,64.94000244140625,65.51000213623047,64.41000366210938,65.19000244140625,97,Cotton,CT=F
2025-09-22,64.31999969482422,64.95999908447266,64.16000366210938,64.44000244140625,40,Cotton,CT=F
2025-09-23,64.52999877929688,64.23999786376953,63.86000061035156,63.86000061035156,17,Cotton,CT=F
2025-09-24,64.04000091552734,64.2300033569336,64.2300033569336,64.2300033569336,2,Cotton,CT=F
2025-09-25,63.83000183105469,63.619998931884766,63.619998931884766,63.619998931884766,1,Cotton,CT=F
2025-09-26,63.95000076293945,63.95000076293945,63.95000076293945,63.95000076293945,0,Cotton,CT=F
2025-09-29,63.04999923706055,63.04999923706055,63.04999923706055,63.04999923706055,0,Cotton,CT=F
2025-09-30,63.31999969482422,63.04999923706055,63.04999923706055,63.04999923706055,0,Cotton,CT=F
2025-10-01,63.150001525878906,63.31999969482422,63.31999969482422,63.31999969482422,0,Cotton,CT=F
2025-10-02,62.650001525878906,63.150001525878906,63.150001525878906,63.150001525878906,0,Cotton,CT=F
2025-10-03,62.86000061035156,62.86000061035156,62.86000061035156,62.86000061035156,0,Cotton,CT=F
2025-10-06,62.70000076293945,62.70000076293945,62.70000076293945,62.70000076293945,0,Cotton,CT=F
2025-10-07,62.02000045776367,62.02000045776367,62.02000045776367,62.02000045776367,0,Cotton,CT=F
2025-10-08,62.470001220703125,62.470001220703125,62.470001220703125,62.470001220703125,0,Cotton,CT=F
2025-10-09,62.029998779296875,62.029998779296875,62.029998779296875,62.029998779296875,25329,Cotton,CT=F
2025-10-10,63.84000015258789,64.79000091552734,63.2599983215332,64.45999908447266,35795,Cotton,CT=F
2025-10-13,63.59000015258789,64.41999816894531,63.5,64.0,21665,Cotton,CT=F
2025-10-14,63.5099983215332,63.70000076293945,62.709999084472656,63.58000183105469,27455,Cotton,CT=F
2025-10-15,63.7599983215332,64.18000030517578,63.25,63.45000076293945,23552,Cotton,CT=F
2025-10-16,63.72999954223633,63.95000076293945,63.29999923706055,63.83000183105469,17388,Cotton,CT=F
2025-10-17,64.27999877929688,64.5,63.459999084472656,63.720001220703125,19562,Cotton,CT=F
2025-10-20,64.16000366210938,64.77999877929688,64.05000305175781,64.16999816894531,19954,Cotton,CT=F
2025-10-21,64.41999816894531,64.73999786376953,63.81999969482422,64.16999816894531,18826,Cotton,CT=F
2025-10-22,63.7400016784668,64.5,63.650001525878906,64.30999755859375,19400,Cotton,CT=F
2025-10-23,64.06999969482422,64.19999694824219,63.66999816894531,63.66999816894531,15308,Cotton,CT=F
2025-10-24,64.19999694824219,64.37000274658203,63.810001373291016,64.11000061035156,16606,Cotton,CT=F
2025-10-27,64.55999755859375,65.3499984741211,64.33999633789062,64.5,25343,Cotton,CT=F
2025-10-28,65.05000305175781,65.12000274658203,64.37999725341797,64.55999755859375,21596,Cotton,CT=F
2025-10-29,66.01000213623047,66.0999984741211,64.9000015258789,65.0,39627,Cotton,CT=F
2025-10-30,65.12000274658203,66.04000091552734,64.54000091552734,65.94999694824219,32682,Cotton,CT=F
2025-10-31,65.54000091552734,65.5999984741211,64.69999694824219,65.08000183105469,34157,Cotton,CT=F
2025-11-03,65.68000030517578,66.04000091552734,65.0199966430664,65.8499984741211,36803,Cotton,CT=F
2025-11-04,65.19999694824219,65.75,65.0999984741211,65.68000030517578,25015,Cotton,CT=F
2025-11-05,65.2300033569336,65.44000244140625,64.80999755859375,65.37999725341797,29779,Cotton,CT=F
2025-11-06,64.54000091552734,65.30000305175781,64.45999908447266,65.1500015258789,35470,Cotton,CT=F
2025-11-07,63.619998931884766,64.73999786376953,63.52000045776367,64.48999786376953,35470,Cotton,CT=F
2025-11-10,63.88999938964844,64.41000366210938,63.720001220703125,64.48999786376953,16840,Cotton,CT=F
