date,close,high,low,open,volume,commodity,ticker
2000-07-17,251.5,260.5,251.5,260.0,446,Lumber,LBS=F
2000-07-18,253.3000030517578,254.0,247.5,248.0,362,Lumber,LBS=F
2000-07-19,253.6999969482422,254.3000030517578,248.5,250.5,861,Lumber,LBS=F
2000-07-20,243.6999969482422,256.5,243.6999969482422,254.0,973,Lumber,LBS=F
2000-07-21,249.39999389648438,253.6999969482422,240.1999969482422,241.5,449,Lumber,LBS=F
2000-07-24,252.0,254.60000610351562,246.5,248.5,409,Lumber,LBS=F
2000-07-25,253.60000610351562,255.0,249.0,252.8000030517578,581,Lumber,LBS=F
2000-07-26,259.5,259.79998779296875,251.60000610351562,253.60000610351562,461,Lumber,LBS=F
2000-07-27,256.70001220703125,262.3999938964844,256.3999938964844,261.0,516,Lumber,LBS=F
2000-07-28,253.1999969482422,259.0,249.5,259.0,244,Lumber,LBS=F
2000-07-31,250.0,253.89999389648438,249.39999389648438,250.0,327,Lumber,LBS=F
2000-08-01,246.39999389648438,249.6999969482422,246.0,248.10000610351562,418,Lumber,LBS=F
2000-08-02,243.89999389648438,247.89999389648438,242.0,246.0,499,Lumber,LBS=F
2000-08-03,240.3000030517578,245.89999389648438,239.5,243.0,443,Lumber,LBS=F
2000-08-04,239.39999389648438,242.89999389648438,237.1999969482422,241.0,249,Lumber,LBS=F
2000-08-07,236.1999969482422,240.10000610351562,235.5,238.89999389648438,314,Lumber,LBS=F
2000-08-08,237.5,238.5,234.5,235.1999969482422,687,Lumber,LBS=F
2000-08-09,243.1999969482422,243.5,237.60000610351562,238.6999969482422,425,Lumber,LBS=F
2000-08-10,247.6999969482422,248.0,241.3000030517578,241.5,648,Lumber,LBS=F
2000-08-11,237.6999969482422,249.8000030517578,237.6999969482422,249.8000030517578,415,Lumber,LBS=F
2000-08-14,236.39999389648438,239.0,234.39999389648438,237.0,250,Lumber,LBS=F
2000-08-15,236.60000610351562,238.0,235.8000030517578,238.0,336,Lumber,LBS=F
2000-08-16,236.5,238.6999969482422,233.0,234.5,453,Lumber,LBS=F
2000-08-17,231.3000030517578,239.0,229.89999389648438,237.0,284,Lumber,LBS=F
2000-08-18,231.5,233.3000030517578,230.5,233.0,245,Lumber,LBS=F
2000-08-21,232.60000610351562,233.6999969482422,229.6999969482422,231.3000030517578,480,Lumber,LBS=F
2000-08-22,228.1999969482422,235.5,227.3000030517578,233.5,393,Lumber,LBS=F
2000-08-23,227.3000030517578,229.89999389648438,226.1999969482422,228.0,242,Lumber,LBS=F
2000-08-24,229.0,229.6999969482422,226.6999969482422,228.3000030517578,458,Lumber,LBS=F
2000-08-25,223.8000030517578,229.1999969482422,223.0,229.0,290,Lumber,LBS=F
2000-08-28,222.0,225.39999389648438,221.10000610351562,224.5,530,Lumber,LBS=F
2000-08-29,215.3000030517578,223.1999969482422,213.1999969482422,220.0,432,Lumber,LBS=F
2000-08-30,219.1999969482422,219.5,214.0,216.0,359,Lumber,LBS=F
2000-08-31,221.8000030517578,224.60000610351562,218.10000610351562,220.0,258,Lumber,LBS=F
2000-09-01,216.5,223.1999969482422,215.39999389648438,222.0,411,Lumber,LBS=F
2000-09-05,217.60000610351562,221.5,217.10000610351562,218.5,459,Lumber,LBS=F
2000-09-06,217.5,219.5,213.60000610351562,218.10000610351562,278,Lumber,LBS=F
2000-09-07,216.5,219.39999389648438,212.1999969482422,216.60000610351562,218,Lumber,LBS=F
2000-09-08,219.3000030517578,221.39999389648438,217.1999969482422,219.5,215,Lumber,LBS=F
2000-09-11,222.10000610351562,223.0,218.1999969482422,220.39999389648438,173,Lumber,LBS=F
2000-09-12,222.6999969482422,223.1999969482422,219.5,221.0,392,Lumber,LBS=F
2000-09-13,231.8000030517578,234.5,224.0,224.0,313,Lumber,LBS=F
2000-09-14,229.0,236.0,227.10000610351562,233.89999389648438,0,Lumber,LBS=F
2000-09-15,237.0,237.5,229.10000610351562,232.0,601,Lumber,LBS=F
2000-09-18,245.8000030517578,250.3000030517578,243.3000030517578,249.89999389648438,627,Lumber,LBS=F
2000-09-19,241.39999389648438,244.5,240.60000610351562,244.5,640,Lumber,LBS=F
2000-09-20,238.3000030517578,240.3000030517578,237.0,238.5,613,Lumber,LBS=F
2000-09-21,233.3000030517578,239.0,232.5,238.5,1091,Lumber,LBS=F
2000-09-22,224.0,231.5,223.6999969482422,229.0,438,Lumber,LBS=F
2000-09-25,226.10000610351562,227.3000030517578,222.5,222.5,438,Lumber,LBS=F
2000-09-26,222.6999969482422,226.60000610351562,221.60000610351562,226.5,402,Lumber,LBS=F
2000-09-27,227.10000610351562,227.1999969482422,221.0,221.5,493,Lumber,LBS=F
2000-09-28,226.60000610351562,228.5,224.0,228.5,600,Lumber,LBS=F
2000-09-29,230.10000610351562,231.39999389648438,224.8000030517578,225.5,586,Lumber,LBS=F
2000-10-02,229.6999969482422,234.0,229.1999969482422,231.5,632,Lumber,LBS=F
2000-10-03,224.0,227.0,221.6999969482422,225.0,556,Lumber,LBS=F
2000-10-04,225.3000030517578,227.60000610351562,222.0,222.6999969482422,272,Lumber,LBS=F
2000-10-05,225.39999389648438,227.8000030517578,222.60000610351562,225.60000610351562,330,Lumber,LBS=F
2000-10-06,223.0,225.0,221.60000610351562,223.0,332,Lumber,LBS=F
2000-10-09,225.10000610351562,226.89999389648438,224.10000610351562,225.0,278,Lumber,LBS=F
2000-10-10,225.1999969482422,226.1999969482422,222.6999969482422,226.0,595,Lumber,LBS=F
2000-10-11,226.10000610351562,231.10000610351562,225.0,225.1999969482422,200,Lumber,LBS=F
2000-10-12,226.1999969482422,227.5,224.3000030517578,226.10000610351562,816,Lumber,LBS=F
2000-10-13,219.3000030517578,221.5,217.6999969482422,219.0,323,Lumber,LBS=F
2000-10-16,218.1999969482422,220.89999389648438,217.6999969482422,220.0,331,Lumber,LBS=F
2000-10-17,218.1999969482422,219.8000030517578,216.6999969482422,218.1999969482422,522,Lumber,LBS=F
2000-10-18,219.5,220.1999969482422,214.39999389648438,218.1999969482422,579,Lumber,LBS=F
2000-10-19,223.3000030517578,224.1999969482422,220.89999389648438,221.0,379,Lumber,LBS=F
2000-10-20,222.10000610351562,226.3000030517578,221.6999969482422,224.5,215,Lumber,LBS=F
2000-10-23,222.5,224.1999969482422,221.6999969482422,222.89999389648438,494,Lumber,LBS=F
2000-10-24,219.39999389648438,222.5,218.5,222.5,323,Lumber,LBS=F
2000-10-25,218.6999969482422,219.6999969482422,216.5,218.5,496,Lumber,LBS=F
2000-10-26,216.39999389648438,221.39999389648438,215.8000030517578,218.3000030517578,578,Lumber,LBS=F
2000-10-27,211.8000030517578,215.6999969482422,211.0,215.39999389648438,614,Lumber,LBS=F
2000-10-30,206.39999389648438,209.6999969482422,204.1999969482422,209.6999969482422,710,Lumber,LBS=F
2000-10-31,207.1999969482422,208.0,202.1999969482422,207.0,320,Lumber,LBS=F
2000-11-01,208.3000030517578,209.89999389648438,206.3000030517578,207.89999389648438,595,Lumber,LBS=F
2000-11-02,204.3000030517578,210.0,204.3000030517578,210.0,358,Lumber,LBS=F
2000-11-03,208.3000030517578,208.6999969482422,205.39999389648438,205.6999969482422,201,Lumber,LBS=F
2000-11-06,207.39999389648438,209.5,206.5,209.39999389648438,481,Lumber,LBS=F
2000-11-07,214.10000610351562,215.0,208.5,209.0,326,Lumber,LBS=F
2000-11-08,215.5,217.0,212.3000030517578,215.1999969482422,299,Lumber,LBS=F
2000-11-09,215.0,216.60000610351562,213.3000030517578,214.89999389648438,276,Lumber,LBS=F
2000-11-10,223.39999389648438,224.5,217.5,218.8000030517578,307,Lumber,LBS=F
2000-11-13,217.89999389648438,224.39999389648438,217.60000610351562,223.3000030517578,362,Lumber,LBS=F
2000-11-14,210.89999389648438,219.0,210.60000610351562,217.89999389648438,0,Lumber,LBS=F
2000-11-15,208.5,214.5,207.5,211.10000610351562,474,Lumber,LBS=F
2000-11-16,235.8000030517578,238.3000030517578,235.0,236.0,531,Lumber,LBS=F
2000-11-17,240.5,240.8000030517578,236.0,236.5,864,Lumber,LBS=F
2000-11-20,246.8000030517578,247.3000030517578,243.10000610351562,247.0,683,Lumber,LBS=F
2000-11-21,238.5,246.8000030517578,236.8000030517578,246.8000030517578,195,Lumber,LBS=F
2000-11-22,241.1999969482422,242.10000610351562,238.3000030517578,238.5,231,Lumber,LBS=F
2000-11-24,246.6999969482422,247.0,241.5,242.10000610351562,593,Lumber,LBS=F
2000-11-27,244.0,249.6999969482422,242.8000030517578,249.0,610,Lumber,LBS=F
2000-11-28,237.89999389648438,244.0,237.5,243.0,639,Lumber,LBS=F
2000-11-29,238.1999969482422,239.39999389648438,234.6999969482422,237.89999389648438,324,Lumber,LBS=F
2000-11-30,234.8000030517578,238.39999389648438,234.3000030517578,236.60000610351562,362,Lumber,LBS=F
2000-12-01,234.8000030517578,237.89999389648438,232.8000030517578,233.3000030517578,594,Lumber,LBS=F
2000-12-04,227.1999969482422,233.0,226.60000610351562,232.0,611,Lumber,LBS=F
2000-12-05,226.1999969482422,229.0,224.0,224.0,700,Lumber,LBS=F
2000-12-06,221.39999389648438,225.8000030517578,221.0,225.6999969482422,634,Lumber,LBS=F
2000-12-07,222.1999969482422,228.8000030517578,222.0,223.5,505,Lumber,LBS=F
2000-12-08,222.8000030517578,223.5,220.60000610351562,222.1999969482422,426,Lumber,LBS=F
2000-12-11,220.3000030517578,222.0,218.60000610351562,222.0,660,Lumber,LBS=F
2000-12-12,218.10000610351562,220.0,217.10000610351562,218.0,381,Lumber,LBS=F
2000-12-13,220.0,220.1999969482422,216.5,217.3000030517578,465,Lumber,LBS=F
2000-12-14,214.89999389648438,219.5,214.8000030517578,218.60000610351562,692,Lumber,LBS=F
2000-12-15,206.0,212.8000030517578,205.3000030517578,212.5,181,Lumber,LBS=F
2000-12-18,208.1999969482422,210.10000610351562,207.0,208.5,395,Lumber,LBS=F
2000-12-19,207.1999969482422,208.5,202.10000610351562,207.39999389648438,451,Lumber,LBS=F
2000-12-20,207.1999969482422,211.1999969482422,204.5,206.5,156,Lumber,LBS=F
2000-12-21,207.39999389648438,207.8000030517578,205.5,207.1999969482422,195,Lumber,LBS=F
2000-12-22,205.8000030517578,208.1999969482422,204.6999969482422,207.3000030517578,238,Lumber,LBS=F
2000-12-26,208.39999389648438,210.0,204.6999969482422,204.6999969482422,307,Lumber,LBS=F
2000-12-27,206.3000030517578,211.10000610351562,206.10000610351562,209.5,479,Lumber,LBS=F
2000-12-28,208.0,209.5,203.5,205.5,175,Lumber,LBS=F
2000-12-29,205.5,210.0,205.5,207.89999389648438,786,Lumber,LBS=F
2001-01-02,197.5,208.0,195.8000030517578,208.0,615,Lumber,LBS=F
2001-01-03,206.0,210.5,192.39999389648438,195.6999969482422,147,Lumber,LBS=F
2001-01-04,198.60000610351562,205.0,197.6999969482422,205.0,391,Lumber,LBS=F
2001-01-05,195.60000610351562,200.0,194.5,200.0,266,Lumber,LBS=F
2001-01-08,195.0,197.0,194.0,196.0,286,Lumber,LBS=F
2001-01-09,189.60000610351562,194.0,189.5,194.0,358,Lumber,LBS=F
2001-01-10,185.6999969482422,189.60000610351562,185.60000610351562,189.0,346,Lumber,LBS=F
2001-01-11,187.1999969482422,189.0,185.10000610351562,186.0,346,Lumber,LBS=F
2001-01-12,184.60000610351562,185.89999389648438,180.39999389648438,185.89999389648438,605,Lumber,LBS=F
2001-01-16,205.1999969482422,210.3000030517578,205.1999969482422,210.3000030517578,501,Lumber,LBS=F
2001-01-17,206.8000030517578,209.39999389648438,205.60000610351562,208.0,671,Lumber,LBS=F
2001-01-18,211.39999389648438,212.0,205.0,206.8000030517578,618,Lumber,LBS=F
2001-01-19,202.8000030517578,210.89999389648438,202.0,209.5,233,Lumber,LBS=F
2001-01-22,202.89999389648438,204.8000030517578,202.1999969482422,202.8000030517578,332,Lumber,LBS=F
2001-01-23,202.60000610351562,204.0,201.0,202.10000610351562,466,Lumber,LBS=F
2001-01-24,207.8000030517578,208.0,204.10000610351562,205.0,880,Lumber,LBS=F
2001-01-25,212.1999969482422,213.89999389648438,208.1999969482422,209.5,983,Lumber,LBS=F
2001-01-26,215.5,218.1999969482422,212.6999969482422,213.0,810,Lumber,LBS=F
2001-01-29,220.0,220.5,216.0,216.0,502,Lumber,LBS=F
2001-01-30,218.8000030517578,220.5,215.8000030517578,220.5,958,Lumber,LBS=F
2001-01-31,224.39999389648438,227.89999389648438,221.5,222.0,704,Lumber,LBS=F
2001-02-01,226.6999969482422,226.6999969482422,220.6999969482422,226.0,426,Lumber,LBS=F
2001-02-02,228.10000610351562,229.1999969482422,225.0,228.6999969482422,750,Lumber,LBS=F
2001-02-05,218.10000610351562,226.0,218.10000610351562,226.0,741,Lumber,LBS=F
2001-02-06,211.6999969482422,215.0,210.6999969482422,215.0,481,Lumber,LBS=F
2001-02-07,208.0,212.39999389648438,206.6999969482422,210.0,527,Lumber,LBS=F
2001-02-08,211.10000610351562,214.0,205.8000030517578,206.0,274,Lumber,LBS=F
2001-02-09,208.3000030517578,210.8000030517578,207.1999969482422,208.89999389648438,0,Lumber,LBS=F
2001-02-12,199.5,206.0,199.5,202.5,0,Lumber,LBS=F
2001-02-13,202.6999969482422,204.5,199.0,200.0,0,Lumber,LBS=F
2001-02-14,206.89999389648438,207.5,199.6999969482422,200.0,508,Lumber,LBS=F
2001-02-15,202.8000030517578,208.1999969482422,202.0,208.0,246,Lumber,LBS=F
2001-02-16,204.6999969482422,208.39999389648438,203.10000610351562,207.89999389648438,270,Lumber,LBS=F
2001-02-20,200.6999969482422,204.0,200.1999969482422,204.0,477,Lumber,LBS=F
2001-02-21,196.8000030517578,200.0,195.0,197.5,420,Lumber,LBS=F
2001-02-22,194.5,198.0,193.6999969482422,194.60000610351562,400,Lumber,LBS=F
2001-02-23,193.5,197.3000030517578,191.3000030517578,197.0,248,Lumber,LBS=F
2001-02-26,195.3000030517578,195.8000030517578,191.6999969482422,194.5,517,Lumber,LBS=F
2001-02-27,196.6999969482422,197.6999969482422,194.0,196.60000610351562,785,Lumber,LBS=F
2001-02-28,202.1999969482422,206.6999969482422,196.0,197.0,452,Lumber,LBS=F
2001-03-01,205.10000610351562,205.6999969482422,198.0,200.0,452,Lumber,LBS=F
2001-03-02,210.6999969482422,214.0,207.0,207.0,362,Lumber,LBS=F
2001-03-05,203.39999389648438,210.0,202.0,210.0,423,Lumber,LBS=F
2001-03-06,205.5,209.0,200.60000610351562,201.5,412,Lumber,LBS=F
2001-03-07,211.3000030517578,211.3000030517578,207.0,207.0,651,Lumber,LBS=F
2001-03-08,213.5,215.6999969482422,210.5,212.0,651,Lumber,LBS=F
2001-03-09,213.8000030517578,220.0,212.60000610351562,216.0,366,Lumber,LBS=F
2001-03-12,217.1999969482422,218.3000030517578,209.0,214.0,412,Lumber,LBS=F
2001-03-13,218.10000610351562,221.1999969482422,216.8000030517578,220.5,219,Lumber,LBS=F
2001-03-14,213.60000610351562,217.89999389648438,213.5,217.10000610351562,0,Lumber,LBS=F
2001-03-15,211.8000030517578,215.5,206.0,212.3000030517578,226,Lumber,LBS=F
2001-03-16,230.5,231.5,227.3000030517578,227.3000030517578,1030,Lumber,LBS=F
2001-03-19,240.10000610351562,240.5,230.5,230.5,1105,Lumber,LBS=F
2001-03-20,246.39999389648438,250.10000610351562,245.1999969482422,250.10000610351562,530,Lumber,LBS=F
2001-03-21,240.3000030517578,245.39999389648438,240.10000610351562,245.39999389648438,677,Lumber,LBS=F
2001-03-22,233.5,237.8000030517578,232.0,232.0,463,Lumber,LBS=F
2001-03-23,230.8000030517578,235.6999969482422,230.5,233.0,467,Lumber,LBS=F
2001-03-26,227.39999389648438,229.1999969482422,225.89999389648438,228.0,713,Lumber,LBS=F
2001-03-27,223.3000030517578,226.0,221.3000030517578,225.0,921,Lumber,LBS=F
2001-03-28,227.0,227.1999969482422,219.8000030517578,220.0,796,Lumber,LBS=F
2001-03-29,237.0,237.0,226.39999389648438,227.0,537,Lumber,LBS=F
2001-03-30,230.5,235.5,229.3000030517578,235.5,359,Lumber,LBS=F
2001-04-02,230.5,234.8000030517578,226.5,233.0,467,Lumber,LBS=F
2001-04-03,235.5,238.5,230.0,230.0,370,Lumber,LBS=F
2001-04-04,235.60000610351562,236.3000030517578,232.0,235.89999389648438,591,Lumber,LBS=F
2001-04-05,242.6999969482422,245.0,238.5,238.5,796,Lumber,LBS=F
2001-04-06,240.8000030517578,249.6999969482422,240.0,248.0,366,Lumber,LBS=F
2001-04-09,244.89999389648438,246.0,242.0,244.0,703,Lumber,LBS=F
2001-04-10,254.89999389648438,254.89999389648438,250.5,253.60000610351562,1023,Lumber,LBS=F
2001-04-11,264.8999938964844,264.8999938964844,261.5,264.8999938964844,585,Lumber,LBS=F
2001-04-12,262.79998779296875,264.0,259.20001220703125,262.8999938964844,809,Lumber,LBS=F
2001-04-16,268.70001220703125,269.70001220703125,263.79998779296875,266.0,711,Lumber,LBS=F
2001-04-17,261.1000061035156,265.79998779296875,259.70001220703125,265.0,1010,Lumber,LBS=F
2001-04-18,270.70001220703125,271.1000061035156,260.1000061035156,262.0,736,Lumber,LBS=F
2001-04-19,279.70001220703125,280.5,271.70001220703125,271.70001220703125,875,Lumber,LBS=F
2001-04-20,279.79998779296875,284.5,278.0,279.70001220703125,639,Lumber,LBS=F
2001-04-23,269.79998779296875,280.5,269.79998779296875,279.1000061035156,767,Lumber,LBS=F
2001-04-24,279.79998779296875,279.79998779296875,264.1000061035156,267.0,844,Lumber,LBS=F
2001-04-25,283.6000061035156,288.29998779296875,277.29998779296875,279.79998779296875,586,Lumber,LBS=F
2001-04-26,279.6000061035156,285.20001220703125,278.70001220703125,285.0,533,Lumber,LBS=F
2001-04-27,285.5,287.70001220703125,283.5,283.5,663,Lumber,LBS=F
2001-04-30,288.3999938964844,292.79998779296875,283.6000061035156,284.0,542,Lumber,LBS=F
2001-05-01,287.29998779296875,291.8999938964844,286.0,289.5,475,Lumber,LBS=F
2001-05-02,298.29998779296875,298.29998779296875,290.0,290.0,487,Lumber,LBS=F
2001-05-03,302.5,304.0,297.5,300.0,457,Lumber,LBS=F
2001-05-04,308.0,313.3999938964844,301.5,303.1000061035156,255,Lumber,LBS=F
2001-05-07,312.29998779296875,312.79998779296875,306.0,309.79998779296875,386,Lumber,LBS=F
2001-05-08,314.70001220703125,314.70001220703125,309.5,312.0,274,Lumber,LBS=F
2001-05-09,306.20001220703125,312.0,304.1000061035156,312.0,202,Lumber,LBS=F
2001-05-10,309.70001220703125,309.79998779296875,303.3999938964844,306.0,332,Lumber,LBS=F
2001-05-11,319.0,319.0,309.20001220703125,311.20001220703125,453,Lumber,LBS=F
2001-05-14,335.0,338.8999938964844,327.0,327.0,0,Lumber,LBS=F
2001-05-15,324.20001220703125,333.0,320.1000061035156,332.79998779296875,369,Lumber,LBS=F
2001-05-16,340.5,340.5,337.5,337.5,216,Lumber,LBS=F
2001-05-17,350.5,350.5,350.5,350.5,909,Lumber,LBS=F
2001-05-18,363.0,365.5,362.0,365.5,1014,Lumber,LBS=F
2001-05-21,372.0,373.0,353.0,357.0,489,Lumber,LBS=F
2001-05-22,362.0,376.0,362.0,376.0,369,Lumber,LBS=F
2001-05-23,352.0,356.0,352.0,355.0,900,Lumber,LBS=F
2001-05-24,348.0,355.5,342.6000061035156,354.5,446,Lumber,LBS=F
2001-05-25,341.0,345.79998779296875,340.0,343.8999938964844,515,Lumber,LBS=F
2001-05-29,332.29998779296875,343.29998779296875,332.1000061035156,334.0,612,Lumber,LBS=F
2001-05-30,322.29998779296875,331.5,322.29998779296875,331.0,609,Lumber,LBS=F
2001-05-31,319.70001220703125,321.5,313.0,313.0,389,Lumber,LBS=F
2001-06-01,329.70001220703125,329.70001220703125,324.0,326.0,257,Lumber,LBS=F
2001-06-04,339.70001220703125,339.70001220703125,338.0,339.70001220703125,554,Lumber,LBS=F
2001-06-05,324.70001220703125,345.0,324.70001220703125,345.0,137,Lumber,LBS=F
2001-06-06,314.70001220703125,314.70001220703125,314.70001220703125,314.70001220703125,782,Lumber,LBS=F
2001-06-07,311.5,315.70001220703125,305.79998779296875,310.70001220703125,622,Lumber,LBS=F
2001-06-08,315.5,321.1000061035156,305.70001220703125,309.0,599,Lumber,LBS=F
2001-06-11,309.8999938964844,313.5,306.5,313.5,657,Lumber,LBS=F
2001-06-12,319.8999938964844,319.8999938964844,308.5,309.0,688,Lumber,LBS=F
2001-06-13,329.8999938964844,329.8999938964844,318.0,322.0,701,Lumber,LBS=F
2001-06-14,334.5,340.70001220703125,331.5,334.0,319,Lumber,LBS=F
2001-06-15,324.5,332.0,324.5,332.0,334,Lumber,LBS=F
2001-06-18,317.6000061035156,326.5,317.0,325.5,564,Lumber,LBS=F
2001-06-19,307.8999938964844,318.5,307.6000061035156,318.5,741,Lumber,LBS=F
2001-06-20,300.20001220703125,304.70001220703125,298.20001220703125,300.0,472,Lumber,LBS=F
2001-06-21,303.0,303.5,295.5,300.0,289,Lumber,LBS=F
2001-06-22,297.29998779296875,300.6000061035156,296.0,298.0,482,Lumber,LBS=F
2001-06-25,288.29998779296875,294.0,287.29998779296875,294.0,571,Lumber,LBS=F
2001-06-26,291.70001220703125,297.0,286.29998779296875,290.70001220703125,405,Lumber,LBS=F
2001-06-27,293.79998779296875,295.6000061035156,290.1000061035156,292.1000061035156,726,Lumber,LBS=F
2001-06-28,298.0,298.79998779296875,286.0,291.0,559,Lumber,LBS=F
2001-06-29,293.29998779296875,297.0,288.0,296.0,566,Lumber,LBS=F
2001-07-02,284.0,289.5,283.0,289.0,479,Lumber,LBS=F
2001-07-03,274.8999938964844,277.0,269.0,275.79998779296875,255,Lumber,LBS=F
2001-07-05,271.29998779296875,274.0,266.0,273.5,545,Lumber,LBS=F
2001-07-06,273.70001220703125,289.0,270.79998779296875,270.79998779296875,127,Lumber,LBS=F
2001-07-09,280.20001220703125,281.70001220703125,275.0,275.0,222,Lumber,LBS=F
2001-07-10,283.0,285.8999938964844,279.0,284.70001220703125,124,Lumber,LBS=F
2001-07-11,292.8999938964844,295.0,283.5,286.0,260,Lumber,LBS=F
2001-07-12,292.1000061035156,295.79998779296875,291.79998779296875,292.8999938964844,0,Lumber,LBS=F
2001-07-13,274.0,290.0,272.0,290.0,136,Lumber,LBS=F
2001-07-16,297.0,297.0,297.0,297.0,588,Lumber,LBS=F
2001-07-17,295.29998779296875,300.79998779296875,289.29998779296875,297.0,574,Lumber,LBS=F
2001-07-18,291.0,303.29998779296875,290.0,298.0,512,Lumber,LBS=F
2001-07-19,291.3999938964844,293.0,284.70001220703125,293.0,241,Lumber,LBS=F
2001-07-20,294.3999938964844,296.0,290.0,290.0,362,Lumber,LBS=F
2001-07-23,293.5,301.0,291.0,296.0,359,Lumber,LBS=F
2001-07-24,290.79998779296875,296.0,288.29998779296875,296.0,140,Lumber,LBS=F
2001-07-25,291.5,292.70001220703125,289.29998779296875,289.5,206,Lumber,LBS=F
2001-07-26,289.8999938964844,292.0,287.3999938964844,290.20001220703125,296,Lumber,LBS=F
2001-07-27,299.8999938964844,299.8999938964844,292.0,292.0,416,Lumber,LBS=F
2001-07-30,306.6000061035156,309.8999938964844,303.8999938964844,304.0,441,Lumber,LBS=F
2001-07-31,314.1000061035156,316.0,309.6000061035156,309.6000061035156,788,Lumber,LBS=F
2001-08-01,323.3999938964844,323.79998779296875,317.6000061035156,319.0,588,Lumber,LBS=F
2001-08-02,318.5,324.0,313.3999938964844,321.0,196,Lumber,LBS=F
2001-08-03,320.0,321.6000061035156,314.5,318.5,673,Lumber,LBS=F
2001-08-06,329.29998779296875,330.0,320.0,321.0,599,Lumber,LBS=F
2001-08-07,327.1000061035156,337.0,326.1000061035156,332.0,633,Lumber,LBS=F
2001-08-08,326.5,331.29998779296875,317.1000061035156,330.0,428,Lumber,LBS=F
2001-08-09,328.5,329.5,320.1000061035156,328.0,588,Lumber,LBS=F
2001-08-10,331.5,338.5,323.5,331.3999938964844,506,Lumber,LBS=F
2001-08-13,340.20001220703125,341.5,336.5,336.5,403,Lumber,LBS=F
2001-08-14,336.0,338.29998779296875,331.5,338.0,466,Lumber,LBS=F
2001-08-15,326.0,332.5,326.0,332.0,486,Lumber,LBS=F
2001-08-16,321.6000061035156,325.5,318.1000061035156,324.0,631,Lumber,LBS=F
2001-08-17,313.29998779296875,326.29998779296875,312.1000061035156,323.0,417,Lumber,LBS=F
2001-08-20,308.0,311.0,303.70001220703125,310.0,227,Lumber,LBS=F
2001-08-21,308.20001220703125,309.0,301.70001220703125,308.0,340,Lumber,LBS=F
2001-08-22,302.1000061035156,311.0,301.0,309.0,344,Lumber,LBS=F
2001-08-23,303.20001220703125,308.0,299.1000061035156,300.0,273,Lumber,LBS=F
2001-08-24,306.5,308.5,300.3999938964844,301.29998779296875,178,Lumber,LBS=F
2001-08-27,310.1000061035156,311.8999938964844,306.0,309.0,317,Lumber,LBS=F
2001-08-28,314.1000061035156,314.29998779296875,307.70001220703125,310.0,215,Lumber,LBS=F
2001-08-29,312.6000061035156,315.5,310.0,312.5,313,Lumber,LBS=F
2001-08-30,314.5,315.8999938964844,309.0,313.29998779296875,245,Lumber,LBS=F
2001-08-31,318.3999938964844,319.5,312.6000061035156,312.6000061035156,627,Lumber,LBS=F
2001-09-04,318.20001220703125,324.0,315.70001220703125,316.0,602,Lumber,LBS=F
2001-09-05,306.20001220703125,315.0,306.0,312.0,392,Lumber,LBS=F
2001-09-06,291.79998779296875,305.0,291.6000061035156,305.0,661,Lumber,LBS=F
2001-09-07,308.0,308.0,292.6000061035156,292.6000061035156,250,Lumber,LBS=F
2001-09-10,307.79998779296875,314.3999938964844,304.0,305.0,1,Lumber,LBS=F
2001-09-11,307.79998779296875,307.79998779296875,307.79998779296875,307.79998779296875,0,Lumber,LBS=F
2001-09-12,307.79998779296875,307.79998779296875,307.79998779296875,307.79998779296875,256,Lumber,LBS=F
2001-09-13,318.0,318.0,295.6000061035156,303.8999938964844,0,Lumber,LBS=F
2001-09-14,307.5,315.0,305.0,310.0,0,Lumber,LBS=F
2001-09-17,280.6000061035156,285.5,280.6000061035156,285.0,0,Lumber,LBS=F
2001-09-18,281.5,284.0,275.79998779296875,276.6000061035156,0,Lumber,LBS=F
2001-09-19,275.5,281.0,275.5,279.0,0,Lumber,LBS=F
2001-09-20,265.5,265.5,265.5,265.5,0,Lumber,LBS=F
2001-09-21,255.8000030517578,258.29998779296875,255.5,255.5,0,Lumber,LBS=F
2001-09-24,261.70001220703125,265.5,259.0,260.0,0,Lumber,LBS=F
2001-09-25,251.6999969482422,257.5,251.6999969482422,251.6999969482422,0,Lumber,LBS=F
2001-09-26,242.60000610351562,248.3000030517578,242.0,247.0,0,Lumber,LBS=F
2001-09-27,238.6999969482422,248.5,238.6999969482422,242.5,0,Lumber,LBS=F
2001-09-28,242.5,248.0,240.0,242.0,0,Lumber,LBS=F
2001-10-01,245.8000030517578,250.89999389648438,241.3000030517578,241.3000030517578,0,Lumber,LBS=F
2001-10-02,236.0,247.0,235.8000030517578,243.5,0,Lumber,LBS=F
2001-10-03,242.0,244.0,233.0,233.0,0,Lumber,LBS=F
2001-10-04,247.3000030517578,252.0,246.10000610351562,247.0,0,Lumber,LBS=F
2001-10-05,244.39999389648438,248.39999389648438,242.6999969482422,244.1999969482422,0,Lumber,LBS=F
2001-10-08,240.5,245.0,240.39999389648438,244.0,0,Lumber,LBS=F
2001-10-09,231.60000610351562,240.0,230.6999969482422,240.0,0,Lumber,LBS=F
2001-10-10,230.8000030517578,235.0,228.6999969482422,228.6999969482422,0,Lumber,LBS=F
2001-10-11,235.1999969482422,237.5,228.0,234.0,0,Lumber,LBS=F
2001-10-12,225.3000030517578,232.5,225.1999969482422,231.60000610351562,0,Lumber,LBS=F
2001-10-15,219.5,226.0,218.1999969482422,222.0,0,Lumber,LBS=F
2001-10-16,217.0,224.6999969482422,216.5,220.0,0,Lumber,LBS=F
2001-10-17,219.39999389648438,225.0,216.0,225.0,0,Lumber,LBS=F
2001-10-18,223.1999969482422,227.0,220.0,222.5,0,Lumber,LBS=F
2001-10-19,219.60000610351562,229.0,218.10000610351562,226.0,0,Lumber,LBS=F
2001-10-22,218.5,220.0,216.89999389648438,219.0,0,Lumber,LBS=F
2001-10-23,214.8000030517578,218.0,213.8000030517578,215.5,0,Lumber,LBS=F
2001-10-24,223.5,224.8000030517578,215.5,217.89999389648438,0,Lumber,LBS=F
2001-10-25,223.0,232.39999389648438,220.0,223.0,0,Lumber,LBS=F
2001-10-26,228.39999389648438,233.0,221.3000030517578,226.0,0,Lumber,LBS=F
2001-10-29,227.60000610351562,238.0,224.0,238.0,0,Lumber,LBS=F
2001-10-30,227.60000610351562,234.5,227.60000610351562,231.6999969482422,0,Lumber,LBS=F
2001-10-31,225.0,235.10000610351562,218.0,231.0,0,Lumber,LBS=F
2001-11-01,221.3000030517578,237.0,217.60000610351562,229.8000030517578,0,Lumber,LBS=F
2001-11-02,225.6999969482422,227.5,220.5,224.8000030517578,0,Lumber,LBS=F
2001-11-05,229.3000030517578,231.0,225.0,228.1999969482422,0,Lumber,LBS=F
2001-11-06,236.89999389648438,240.5,232.0,233.0,0,Lumber,LBS=F
2001-11-07,238.60000610351562,239.6999969482422,235.0,238.8000030517578,0,Lumber,LBS=F
2001-11-08,230.10000610351562,235.0,229.6999969482422,234.10000610351562,0,Lumber,LBS=F
2001-11-09,230.10000610351562,233.0,228.10000610351562,229.8000030517578,0,Lumber,LBS=F
2001-11-12,233.89999389648438,234.0,228.60000610351562,228.60000610351562,0,Lumber,LBS=F
2001-11-13,236.0,236.8000030517578,232.0,234.6999969482422,0,Lumber,LBS=F
2001-11-14,228.10000610351562,238.0,228.10000610351562,237.0,0,Lumber,LBS=F
2001-11-15,230.8000030517578,231.8000030517578,225.39999389648438,227.5,171,Lumber,LBS=F
2001-11-16,231.1999969482422,233.5,229.10000610351562,232.0,392,Lumber,LBS=F
2001-11-19,229.39999389648438,236.0,225.6999969482422,235.3000030517578,421,Lumber,LBS=F
2001-11-20,227.8000030517578,229.3000030517578,222.5,225.89999389648438,247,Lumber,LBS=F
2001-11-21,223.8000030517578,226.0,220.0,220.0,149,Lumber,LBS=F
2001-11-23,226.10000610351562,226.39999389648438,220.8000030517578,225.0,284,Lumber,LBS=F
2001-11-26,222.3000030517578,227.6999969482422,220.10000610351562,226.10000610351562,272,Lumber,LBS=F
2001-11-27,221.8000030517578,223.39999389648438,218.6999969482422,220.5,454,Lumber,LBS=F
2001-11-28,226.39999389648438,227.8000030517578,220.5,220.5,215,Lumber,LBS=F
2001-11-29,227.0,228.8000030517578,225.0,225.89999389648438,252,Lumber,LBS=F
2001-11-30,222.89999389648438,226.8000030517578,222.0,222.0,322,Lumber,LBS=F
2001-12-03,218.3000030517578,223.89999389648438,218.10000610351562,221.0,220,Lumber,LBS=F
2001-12-04,217.8000030517578,220.0,215.89999389648438,217.5,325,Lumber,LBS=F
2001-12-05,224.5,226.0,219.5,221.0,428,Lumber,LBS=F
2001-12-06,234.5,234.5,229.0,231.0,615,Lumber,LBS=F
2001-12-07,239.0,241.39999389648438,235.0,240.0,330,Lumber,LBS=F
2001-12-10,233.60000610351562,240.6999969482422,233.60000610351562,239.5,294,Lumber,LBS=F
2001-12-11,229.10000610351562,234.5,228.60000610351562,232.0,586,Lumber,LBS=F
2001-12-12,223.60000610351562,229.60000610351562,219.10000610351562,229.10000610351562,201,Lumber,LBS=F
2001-12-13,227.1999969482422,227.39999389648438,221.10000610351562,222.0,249,Lumber,LBS=F
2001-12-14,237.1999969482422,237.1999969482422,237.1999969482422,237.1999969482422,476,Lumber,LBS=F
2001-12-17,240.3000030517578,244.1999969482422,237.60000610351562,244.1999969482422,572,Lumber,LBS=F
2001-12-18,250.3000030517578,250.3000030517578,241.5,242.89999389648438,364,Lumber,LBS=F
2001-12-19,243.89999389648438,253.0,242.6999969482422,253.0,230,Lumber,LBS=F
2001-12-20,247.0,247.0,240.8000030517578,244.0,393,Lumber,LBS=F
2001-12-21,257.0,257.0,247.0,250.6999969482422,452,Lumber,LBS=F
2001-12-24,267.0,267.0,262.5,267.0,549,Lumber,LBS=F
2001-12-26,259.79998779296875,272.0,255.0,266.0,389,Lumber,LBS=F
2001-12-27,260.5,264.0,255.6999969482422,264.0,332,Lumber,LBS=F
2001-12-28,254.0,261.5,252.0,258.0,414,Lumber,LBS=F
2001-12-31,245.10000610351562,255.39999389648438,244.0,255.39999389648438,197,Lumber,LBS=F
2002-01-02,244.10000610351562,248.5,242.3000030517578,246.0,207,Lumber,LBS=F
2002-01-03,245.89999389648438,246.8000030517578,242.3000030517578,246.0,370,Lumber,LBS=F
2002-01-04,241.6999969482422,247.0,237.6999969482422,245.0,251,Lumber,LBS=F
2002-01-07,240.39999389648438,241.0,236.10000610351562,241.0,438,Lumber,LBS=F
2002-01-08,241.1999969482422,243.5,234.0,237.0,199,Lumber,LBS=F
2002-01-09,241.5,247.5,240.0,241.0,71,Lumber,LBS=F
2002-01-10,242.39999389648438,243.5,240.10000610351562,241.39999389648438,120,Lumber,LBS=F
2002-01-11,238.5,244.5,237.5,242.89999389648438,139,Lumber,LBS=F
2002-01-14,233.5,237.0,233.0,236.0,0,Lumber,LBS=F
2002-01-15,240.0,240.0,232.5,233.0,625,Lumber,LBS=F
2002-01-16,262.0,265.5,256.0,258.0,282,Lumber,LBS=F
2002-01-17,262.3999938964844,266.0,261.3999938964844,262.5,253,Lumber,LBS=F
2002-01-18,262.70001220703125,263.3999938964844,258.6000061035156,260.5,802,Lumber,LBS=F
2002-01-22,272.70001220703125,272.70001220703125,268.5,272.70001220703125,330,Lumber,LBS=F
2002-01-23,270.3999938964844,274.0,268.70001220703125,272.0,600,Lumber,LBS=F
2002-01-24,278.20001220703125,278.79998779296875,270.5,272.0,861,Lumber,LBS=F
2002-01-25,288.0,288.20001220703125,285.0,288.20001220703125,949,Lumber,LBS=F
2002-01-28,284.70001220703125,298.0,283.0,298.0,451,Lumber,LBS=F
2002-01-29,280.79998779296875,284.5,278.0,284.5,594,Lumber,LBS=F
2002-01-30,271.29998779296875,279.0,271.1000061035156,279.0,341,Lumber,LBS=F
2002-01-31,268.70001220703125,272.5,267.6000061035156,270.0,404,Lumber,LBS=F
2002-02-01,273.5,274.0,266.8999938964844,268.0,245,Lumber,LBS=F
2002-02-04,268.79998779296875,272.29998779296875,267.5,272.0,543,Lumber,LBS=F
2002-02-05,263.20001220703125,267.0,262.5,265.5,558,Lumber,LBS=F
2002-02-06,269.5,273.20001220703125,260.5,263.20001220703125,353,Lumber,LBS=F
2002-02-07,267.5,273.5,266.20001220703125,268.6000061035156,427,Lumber,LBS=F
2002-02-08,277.5,277.5,267.5,268.0,505,Lumber,LBS=F
2002-02-11,284.70001220703125,286.79998779296875,278.79998779296875,282.5,396,Lumber,LBS=F
2002-02-12,292.70001220703125,293.0,285.70001220703125,289.0,458,Lumber,LBS=F
2002-02-13,288.20001220703125,292.0,285.5,289.3999938964844,365,Lumber,LBS=F
2002-02-14,298.20001220703125,298.20001220703125,292.5,293.0,553,Lumber,LBS=F
2002-02-15,292.3999938964844,302.79998779296875,290.20001220703125,298.29998779296875,454,Lumber,LBS=F
2002-02-19,283.20001220703125,295.0,282.3999938964844,294.0,533,Lumber,LBS=F
2002-02-20,286.20001220703125,288.3999938964844,278.6000061035156,282.0,297,Lumber,LBS=F
2002-02-21,282.79998779296875,289.5,282.5,286.5,184,Lumber,LBS=F
2002-02-22,283.0,285.29998779296875,282.1000061035156,282.5,504,Lumber,LBS=F
2002-02-25,293.0,293.0,278.70001220703125,280.6000061035156,442,Lumber,LBS=F
2002-02-26,301.0,302.8999938964844,295.0,297.0,591,Lumber,LBS=F
2002-02-27,302.0,306.0,293.20001220703125,304.70001220703125,101,Lumber,LBS=F
2002-02-28,311.0,311.5,303.0,303.0,650,Lumber,LBS=F
2002-03-01,301.6000061035156,313.6000061035156,298.0,310.0,260,Lumber,LBS=F
2002-03-04,303.0,309.1000061035156,302.6000061035156,303.6000061035156,311,Lumber,LBS=F
2002-03-05,300.20001220703125,302.5,299.0,300.0,506,Lumber,LBS=F
2002-03-06,301.29998779296875,303.5,296.5,298.5,338,Lumber,LBS=F
2002-03-07,306.5,307.79998779296875,299.6000061035156,300.5,310,Lumber,LBS=F
2002-03-08,314.8999938964844,317.8999938964844,308.0,308.20001220703125,192,Lumber,LBS=F
2002-03-11,309.8999938964844,323.0,308.6000061035156,317.0,91,Lumber,LBS=F
2002-03-12,305.8999938964844,307.8999938964844,302.20001220703125,307.0,193,Lumber,LBS=F
2002-03-13,297.5,306.3999938964844,297.0,304.8999938964844,182,Lumber,LBS=F
2002-03-14,297.5,303.79998779296875,295.0,297.5,0,Lumber,LBS=F
2002-03-15,290.0,296.0,289.8999938964844,296.0,453,Lumber,LBS=F
2002-03-18,306.6000061035156,309.1000061035156,300.0,304.0,560,Lumber,LBS=F
2002-03-19,309.6000061035156,316.0,306.0,308.5,374,Lumber,LBS=F
2002-03-20,314.0,318.79998779296875,313.6000061035156,316.0,564,Lumber,LBS=F
2002-03-21,324.0,324.0,315.8999938964844,316.20001220703125,672,Lumber,LBS=F
2002-03-22,314.0,329.79998779296875,314.0,324.1000061035156,244,Lumber,LBS=F
2002-03-25,304.0,304.0,304.0,304.0,736,Lumber,LBS=F
2002-03-26,299.8999938964844,306.0,298.6000061035156,299.0,655,Lumber,LBS=F
2002-03-27,293.29998779296875,301.79998779296875,292.5,298.20001220703125,352,Lumber,LBS=F
2002-03-28,295.20001220703125,298.0,291.5,292.0,253,Lumber,LBS=F
2002-04-01,295.70001220703125,297.5,292.0,294.0,486,Lumber,LBS=F
2002-04-02,292.6000061035156,296.70001220703125,288.5,295.70001220703125,379,Lumber,LBS=F
2002-04-03,302.6000061035156,302.6000061035156,296.5,299.0,612,Lumber,LBS=F
2002-04-04,298.70001220703125,307.5,295.29998779296875,305.5,241,Lumber,LBS=F
2002-04-05,299.5,301.0,295.6000061035156,299.0,239,Lumber,LBS=F
2002-04-08,296.79998779296875,299.5,294.5,299.0,411,Lumber,LBS=F
2002-04-09,304.70001220703125,306.79998779296875,298.0,298.0,511,Lumber,LBS=F
2002-04-10,298.3999938964844,307.1000061035156,297.0,305.5,457,Lumber,LBS=F
2002-04-11,291.79998779296875,297.0,289.1000061035156,293.3999938964844,372,Lumber,LBS=F
2002-04-12,285.8999938964844,289.5,285.5,285.5,316,Lumber,LBS=F
2002-04-15,275.8999938964844,275.8999938964844,275.8999938964844,275.8999938964844,832,Lumber,LBS=F
2002-04-16,270.3999938964844,277.3999938964844,267.1000061035156,267.1000061035156,436,Lumber,LBS=F
2002-04-17,270.20001220703125,275.0,269.0,271.0,210,Lumber,LBS=F
2002-04-18,273.5,275.29998779296875,270.20001220703125,271.0,329,Lumber,LBS=F
2002-04-19,277.5,281.0,274.70001220703125,274.70001220703125,260,Lumber,LBS=F
2002-04-22,278.6000061035156,281.1000061035156,275.0,275.0,286,Lumber,LBS=F
2002-04-23,284.29998779296875,284.6000061035156,277.29998779296875,277.70001220703125,163,Lumber,LBS=F
2002-04-24,280.79998779296875,283.5,280.0,282.1000061035156,182,Lumber,LBS=F
2002-04-25,280.70001220703125,283.8999938964844,280.0,282.0,516,Lumber,LBS=F
2002-04-26,290.70001220703125,290.70001220703125,282.6000061035156,282.6000061035156,230,Lumber,LBS=F
2002-04-29,292.5,296.5,289.0,294.0,244,Lumber,LBS=F
2002-04-30,286.29998779296875,293.0,285.20001220703125,292.5,125,Lumber,LBS=F
2002-05-01,288.1000061035156,289.6000061035156,283.6000061035156,285.5,198,Lumber,LBS=F
2002-05-02,291.0,291.0,268.5,287.6000061035156,334,Lumber,LBS=F
2002-05-03,301.8999938964844,302.0,287.6000061035156,292.0,151,Lumber,LBS=F
2002-05-06,306.8999938964844,307.0,299.1000061035156,302.0,166,Lumber,LBS=F
2002-05-07,304.5,309.29998779296875,299.5,303.5,164,Lumber,LBS=F
2002-05-08,308.0,308.8999938964844,300.20001220703125,303.20001220703125,86,Lumber,LBS=F
2002-05-09,301.5,308.5,300.20001220703125,307.0,112,Lumber,LBS=F
2002-05-10,307.5,307.5,303.0,303.0,90,Lumber,LBS=F
2002-05-13,301.0,308.5,301.0,307.0,63,Lumber,LBS=F
2002-05-14,300.20001220703125,306.5,300.0,301.0,0,Lumber,LBS=F
2002-05-15,294.5,301.0,290.0,300.20001220703125,368,Lumber,LBS=F
2002-05-16,287.79998779296875,290.8999938964844,285.5,286.5,262,Lumber,LBS=F
2002-05-17,285.79998779296875,288.5,283.79998779296875,286.0,208,Lumber,LBS=F
2002-05-20,287.5,291.0,283.5,286.0,243,Lumber,LBS=F
2002-05-21,284.5,286.5,282.29998779296875,285.1000061035156,429,Lumber,LBS=F
2002-05-22,287.6000061035156,288.5,282.0,282.5,653,Lumber,LBS=F
2002-05-23,277.6000061035156,288.6000061035156,277.6000061035156,288.6000061035156,325,Lumber,LBS=F
2002-05-24,275.5,280.6000061035156,275.5,275.5,396,Lumber,LBS=F
2002-05-28,273.79998779296875,278.29998779296875,272.29998779296875,273.0,394,Lumber,LBS=F
2002-05-29,278.79998779296875,279.8999938964844,272.29998779296875,274.6000061035156,472,Lumber,LBS=F
2002-05-30,278.3999938964844,284.5,278.29998779296875,282.0,511,Lumber,LBS=F
2002-05-31,281.0,283.5,277.29998779296875,279.5,315,Lumber,LBS=F
2002-06-03,276.1000061035156,282.0,276.0,282.0,556,Lumber,LBS=F
2002-06-04,266.1000061035156,274.5,266.1000061035156,274.5,718,Lumber,LBS=F
2002-06-05,262.0,264.0,259.1000061035156,260.5,544,Lumber,LBS=F
2002-06-06,266.1000061035156,267.29998779296875,263.0,263.5,533,Lumber,LBS=F
2002-06-07,259.79998779296875,265.5,258.1000061035156,263.70001220703125,314,Lumber,LBS=F
2002-06-10,262.0,265.1000061035156,256.5,257.5,328,Lumber,LBS=F
2002-06-11,262.5,265.29998779296875,258.20001220703125,260.0,235,Lumber,LBS=F
2002-06-12,259.79998779296875,261.5,257.79998779296875,260.5,354,Lumber,LBS=F
2002-06-13,264.3999938964844,268.8999938964844,262.0,262.0,400,Lumber,LBS=F
2002-06-14,265.20001220703125,267.5,257.0,261.5,228,Lumber,LBS=F
2002-06-17,267.79998779296875,268.0,264.0,267.79998779296875,383,Lumber,LBS=F
2002-06-18,272.5,276.8999938964844,272.0,276.0,277,Lumber,LBS=F
2002-06-19,268.5,273.0,268.29998779296875,271.0,336,Lumber,LBS=F
2002-06-20,276.20001220703125,276.79998779296875,268.0,269.0,251,Lumber,LBS=F
2002-06-21,278.8999938964844,279.3999938964844,274.20001220703125,277.5,488,Lumber,LBS=F
2002-06-24,282.0,287.5,277.1000061035156,277.3999938964844,774,Lumber,LBS=F
2002-06-25,285.70001220703125,288.5,281.0,283.0,447,Lumber,LBS=F
2002-06-26,283.20001220703125,287.3999938964844,281.0,281.0,316,Lumber,LBS=F
2002-06-27,284.0,286.70001220703125,282.70001220703125,286.0,302,Lumber,LBS=F
2002-06-28,287.5,288.0,282.0,284.0,300,Lumber,LBS=F
2002-07-01,284.29998779296875,288.5,282.5,288.3999938964844,316,Lumber,LBS=F
2002-07-02,276.79998779296875,281.0,276.5,281.0,286,Lumber,LBS=F
2002-07-03,274.5,279.29998779296875,273.1000061035156,278.0,138,Lumber,LBS=F
2002-07-05,279.3999938964844,280.29998779296875,275.0,277.0,217,Lumber,LBS=F
2002-07-08,281.8999938964844,284.20001220703125,279.6000061035156,281.0,323,Lumber,LBS=F
2002-07-09,279.70001220703125,284.0,279.6000061035156,282.79998779296875,250,Lumber,LBS=F
2002-07-10,278.20001220703125,284.0,277.79998779296875,280.5,164,Lumber,LBS=F
2002-07-11,274.29998779296875,279.70001220703125,273.6000061035156,278.0,211,Lumber,LBS=F
2002-07-12,271.0,276.79998779296875,269.70001220703125,276.79998779296875,0,Lumber,LBS=F
2002-07-15,261.1000061035156,270.8999938964844,261.1000061035156,270.8999938964844,736,Lumber,LBS=F
2002-07-16,256.0,264.0,256.0,262.0,335,Lumber,LBS=F
2002-07-17,259.20001220703125,260.5,256.1000061035156,256.1000061035156,452,Lumber,LBS=F
2002-07-18,261.8999938964844,267.0,255.6999969482422,257.5,360,Lumber,LBS=F
2002-07-19,256.6000061035156,261.20001220703125,256.1000061035156,258.0,511,Lumber,LBS=F
2002-07-22,250.3000030517578,260.0,249.0,260.0,419,Lumber,LBS=F
2002-07-23,253.5,255.89999389648438,250.5,253.6999969482422,394,Lumber,LBS=F
2002-07-24,248.5,252.5,245.6999969482422,250.0,234,Lumber,LBS=F
2002-07-25,250.89999389648438,254.0,249.0,249.5,266,Lumber,LBS=F
2002-07-26,252.5,255.39999389648438,251.3000030517578,251.8000030517578,226,Lumber,LBS=F
2002-07-29,253.3000030517578,256.70001220703125,252.1999969482422,254.5,286,Lumber,LBS=F
2002-07-30,251.39999389648438,251.89999389648438,246.89999389648438,251.5,424,Lumber,LBS=F
2002-07-31,258.1000061035156,258.29998779296875,254.10000610351562,256.1000061035156,602,Lumber,LBS=F
2002-08-01,260.5,268.1000061035156,258.70001220703125,268.1000061035156,242,Lumber,LBS=F
2002-08-02,260.20001220703125,262.79998779296875,258.6000061035156,261.0,366,Lumber,LBS=F
2002-08-05,251.5,261.0,251.10000610351562,261.0,522,Lumber,LBS=F
2002-08-06,244.8000030517578,253.6999969482422,243.5,251.3000030517578,258,Lumber,LBS=F
2002-08-07,244.1999969482422,248.60000610351562,244.0,246.1999969482422,200,Lumber,LBS=F
2002-08-08,246.6999969482422,248.3000030517578,242.3000030517578,244.89999389648438,192,Lumber,LBS=F
2002-08-09,244.1999969482422,248.0,242.8000030517578,242.8000030517578,150,Lumber,LBS=F
2002-08-12,241.0,243.6999969482422,240.3000030517578,243.60000610351562,105,Lumber,LBS=F
2002-08-13,246.1999969482422,246.5,240.60000610351562,244.0,171,Lumber,LBS=F
2002-08-14,242.6999969482422,247.0,242.10000610351562,246.1999969482422,283,Lumber,LBS=F
2002-08-15,245.1999969482422,250.89999389648438,243.0,243.89999389648438,183,Lumber,LBS=F
2002-08-16,245.10000610351562,246.5,241.5,242.0,288,Lumber,LBS=F
2002-08-19,248.60000610351562,248.89999389648438,244.5,248.5,295,Lumber,LBS=F
2002-08-20,245.89999389648438,248.60000610351562,242.0,248.60000610351562,512,Lumber,LBS=F
2002-08-21,252.39999389648438,254.0,244.5,245.89999389648438,303,Lumber,LBS=F
2002-08-22,248.6999969482422,253.0,247.1999969482422,251.0,240,Lumber,LBS=F
2002-08-23,248.5,252.60000610351562,245.10000610351562,247.60000610351562,167,Lumber,LBS=F
2002-08-26,247.39999389648438,251.5,246.0,247.89999389648438,400,Lumber,LBS=F
2002-08-27,241.3000030517578,247.0,238.1999969482422,246.1999969482422,205,Lumber,LBS=F
2002-08-28,238.10000610351562,241.0,236.60000610351562,240.5,453,Lumber,LBS=F
2002-08-29,233.8000030517578,239.8000030517578,233.0,238.0,0,Lumber,LBS=F
2002-08-30,228.3000030517578,234.1999969482422,227.89999389648438,233.8000030517578,383,Lumber,LBS=F
2002-09-03,229.0,229.6999969482422,223.60000610351562,226.5,242,Lumber,LBS=F
2002-09-04,229.1999969482422,231.89999389648438,228.0,229.6999969482422,415,Lumber,LBS=F
2002-09-05,220.39999389648438,228.0,220.1999969482422,228.0,756,Lumber,LBS=F
2002-09-06,224.60000610351562,227.6999969482422,217.3000030517578,222.0,475,Lumber,LBS=F
2002-09-09,229.5,229.6999969482422,225.0,227.5,582,Lumber,LBS=F
2002-09-10,233.6999969482422,234.3000030517578,229.0,229.0,153,Lumber,LBS=F
2002-09-11,225.0,231.0,224.6999969482422,231.0,129,Lumber,LBS=F
2002-09-12,222.6999969482422,227.0,221.6999969482422,223.1999969482422,0,Lumber,LBS=F
2002-09-13,216.0,224.0,216.0,223.8000030517578,317,Lumber,LBS=F
2002-09-16,223.60000610351562,226.5,221.0,221.0,335,Lumber,LBS=F
2002-09-17,220.8000030517578,225.0,219.39999389648438,223.60000610351562,235,Lumber,LBS=F
2002-09-18,223.6999969482422,223.6999969482422,218.39999389648438,219.39999389648438,490,Lumber,LBS=F
2002-09-19,216.39999389648438,220.6999969482422,213.6999969482422,218.0,347,Lumber,LBS=F
2002-09-20,221.6999969482422,222.0,216.5,219.8000030517578,313,Lumber,LBS=F
2002-09-23,223.5,225.1999969482422,218.10000610351562,219.0,209,Lumber,LBS=F
2002-09-24,218.8000030517578,221.89999389648438,218.5,221.89999389648438,231,Lumber,LBS=F
2002-09-25,218.1999969482422,218.8000030517578,215.0,216.39999389648438,838,Lumber,LBS=F
2002-09-26,221.6999969482422,228.1999969482422,219.10000610351562,223.1999969482422,341,Lumber,LBS=F
2002-09-27,224.39999389648438,227.5,222.8000030517578,224.8000030517578,548,Lumber,LBS=F
2002-09-30,218.60000610351562,223.6999969482422,216.6999969482422,223.0,319,Lumber,LBS=F
2002-10-01,222.5,223.5,216.6999969482422,217.5,697,Lumber,LBS=F
2002-10-02,226.89999389648438,232.0,224.10000610351562,228.0,553,Lumber,LBS=F
2002-10-03,230.3000030517578,230.6999969482422,223.6999969482422,227.0,357,Lumber,LBS=F
2002-10-04,230.0,233.0,228.3000030517578,230.60000610351562,272,Lumber,LBS=F
2002-10-07,228.60000610351562,231.5,226.10000610351562,229.89999389648438,509,Lumber,LBS=F
2002-10-08,222.0,231.0,220.0,229.10000610351562,181,Lumber,LBS=F
2002-10-09,224.60000610351562,225.8000030517578,222.5,223.0,347,Lumber,LBS=F
2002-10-10,230.10000610351562,231.60000610351562,225.0,225.0,614,Lumber,LBS=F
2002-10-11,235.0,238.5,231.8000030517578,232.39999389648438,387,Lumber,LBS=F
2002-10-14,233.89999389648438,238.8000030517578,232.10000610351562,238.0,278,Lumber,LBS=F
2002-10-15,237.89999389648438,238.0,232.5,237.0,243,Lumber,LBS=F
2002-10-16,232.8000030517578,237.5,231.60000610351562,236.5,274,Lumber,LBS=F
2002-10-17,235.89999389648438,238.39999389648438,234.1999969482422,236.0,130,Lumber,LBS=F
2002-10-18,234.0,237.8000030517578,232.3000030517578,237.0,510,Lumber,LBS=F
2002-10-21,227.0,232.5,224.0,232.5,301,Lumber,LBS=F
2002-10-22,228.5,228.6999969482422,224.1999969482422,226.0,109,Lumber,LBS=F
2002-10-23,226.3000030517578,227.5,225.5,226.0,283,Lumber,LBS=F
2002-10-24,224.6999969482422,226.5,222.5,226.3000030517578,149,Lumber,LBS=F
2002-10-25,225.0,225.0,222.39999389648438,224.0,348,Lumber,LBS=F
2002-10-28,223.5,228.5,223.3000030517578,225.0,561,Lumber,LBS=F
2002-10-29,220.3000030517578,221.8000030517578,218.5,221.0,468,Lumber,LBS=F
2002-10-30,218.5,222.89999389648438,217.60000610351562,220.0,490,Lumber,LBS=F
2002-10-31,222.8000030517578,223.10000610351562,215.60000610351562,219.89999389648438,275,Lumber,LBS=F
2002-11-01,221.0,221.0,217.5,219.89999389648438,443,Lumber,LBS=F
2002-11-04,223.60000610351562,226.5,221.0,222.3000030517578,953,Lumber,LBS=F
2002-11-05,221.5,226.0,217.6999969482422,224.5,413,Lumber,LBS=F
2002-11-06,223.3000030517578,226.10000610351562,220.10000610351562,221.5,272,Lumber,LBS=F
2002-11-07,219.8000030517578,224.3000030517578,219.8000030517578,223.0,376,Lumber,LBS=F
2002-11-08,217.39999389648438,220.3000030517578,214.8000030517578,219.3000030517578,392,Lumber,LBS=F
2002-11-11,210.39999389648438,214.5,210.10000610351562,213.89999389648438,293,Lumber,LBS=F
2002-11-12,209.0,213.0,208.8000030517578,210.5,295,Lumber,LBS=F
2002-11-13,204.3000030517578,209.1999969482422,204.1999969482422,207.8000030517578,379,Lumber,LBS=F
2002-11-14,203.89999389648438,207.39999389648438,203.0,205.0,0,Lumber,LBS=F
2002-11-15,200.5,204.60000610351562,200.5,204.60000610351562,345,Lumber,LBS=F
2002-11-18,228.3000030517578,229.0,225.3000030517578,229.0,281,Lumber,LBS=F
2002-11-19,228.5,232.8000030517578,227.5,229.0,189,Lumber,LBS=F
2002-11-20,229.10000610351562,230.5,227.0,228.5,156,Lumber,LBS=F
2002-11-21,227.8000030517578,230.0,227.10000610351562,228.1999969482422,600,Lumber,LBS=F
2002-11-22,234.89999389648438,235.0,230.0,234.0,565,Lumber,LBS=F
2002-11-25,234.3000030517578,237.3000030517578,232.60000610351562,236.0,247,Lumber,LBS=F
2002-11-26,234.8000030517578,234.89999389648438,230.60000610351562,234.5,476,Lumber,LBS=F
2002-11-27,236.39999389648438,239.3000030517578,234.8000030517578,235.5,159,Lumber,LBS=F
2002-11-29,236.5,238.5,235.8000030517578,238.5,567,Lumber,LBS=F
2002-12-02,242.5,243.0,236.0,241.0,892,Lumber,LBS=F
2002-12-03,240.89999389648438,247.0,240.1999969482422,247.0,566,Lumber,LBS=F
2002-12-04,237.89999389648438,245.0,237.1999969482422,244.0,468,Lumber,LBS=F
2002-12-05,236.3000030517578,238.39999389648438,233.1999969482422,233.5,180,Lumber,LBS=F
2002-12-06,239.1999969482422,239.5,237.0,238.5,263,Lumber,LBS=F
2002-12-09,244.1999969482422,245.5,240.0,242.0,357,Lumber,LBS=F
2002-12-10,241.1999969482422,245.0,238.60000610351562,245.0,381,Lumber,LBS=F
2002-12-11,238.6999969482422,239.5,237.10000610351562,239.1999969482422,215,Lumber,LBS=F
2002-12-12,240.6999969482422,242.3000030517578,238.5,239.39999389648438,168,Lumber,LBS=F
2002-12-13,240.0,241.6999969482422,238.8000030517578,241.39999389648438,366,Lumber,LBS=F
2002-12-16,234.0,238.0,233.8000030517578,238.0,833,Lumber,LBS=F
2002-12-17,224.0,233.0,224.0,230.0,740,Lumber,LBS=F
2002-12-18,220.89999389648438,224.60000610351562,219.5,220.0,948,Lumber,LBS=F
2002-12-19,216.8000030517578,217.39999389648438,212.0,212.0,855,Lumber,LBS=F
2002-12-20,216.1999969482422,217.8000030517578,212.1999969482422,216.0,322,Lumber,LBS=F
2002-12-23,215.39999389648438,216.0,213.6999969482422,215.5,1,Lumber,LBS=F
2002-12-24,215.39999389648438,215.39999389648438,215.39999389648438,215.39999389648438,85,Lumber,LBS=F
2002-12-26,213.5,216.0,213.10000610351562,214.39999389648438,189,Lumber,LBS=F
2002-12-27,216.3000030517578,216.8000030517578,213.5,214.0,511,Lumber,LBS=F
2002-12-30,221.0,221.5,215.6999969482422,216.6999969482422,412,Lumber,LBS=F
2002-12-31,217.6999969482422,222.5,216.60000610351562,222.0,270,Lumber,LBS=F
2003-01-02,217.0,219.0,215.60000610351562,219.0,592,Lumber,LBS=F
2003-01-03,219.39999389648438,219.5,215.89999389648438,218.0,824,Lumber,LBS=F
2003-01-06,220.6999969482422,222.89999389648438,218.39999389648438,220.5,263,Lumber,LBS=F
2003-01-07,221.39999389648438,223.6999969482422,220.5,221.89999389648438,326,Lumber,LBS=F
2003-01-08,225.1999969482422,227.8000030517578,224.60000610351562,225.0,296,Lumber,LBS=F
2003-01-09,226.8000030517578,230.0,226.3000030517578,227.8000030517578,291,Lumber,LBS=F
2003-01-10,233.89999389648438,233.89999389648438,228.0,231.0,153,Lumber,LBS=F
2003-01-13,231.8000030517578,232.0,228.0,231.89999389648438,477,Lumber,LBS=F
2003-01-14,226.1999969482422,233.8000030517578,226.1999969482422,228.10000610351562,0,Lumber,LBS=F
2003-01-15,223.60000610351562,228.89999389648438,221.0,226.89999389648438,378,Lumber,LBS=F
2003-01-16,242.39999389648438,243.39999389648438,239.60000610351562,240.5,354,Lumber,LBS=F
2003-01-17,239.10000610351562,244.3000030517578,238.5,242.0,0,Lumber,LBS=F
2003-01-20,239.10000610351562,244.3000030517578,238.5,242.0,1057,Lumber,LBS=F
2003-01-21,234.1999969482422,244.1999969482422,233.5,239.10000610351562,662,Lumber,LBS=F
2003-01-22,234.60000610351562,236.1999969482422,231.3000030517578,233.0,851,Lumber,LBS=F
2003-01-23,244.60000610351562,244.60000610351562,235.5,235.5,1082,Lumber,LBS=F
2003-01-24,245.0,252.6999969482422,245.0,250.0,273,Lumber,LBS=F
2003-01-27,245.8000030517578,247.5,243.6999969482422,247.0,505,Lumber,LBS=F
2003-01-28,253.89999389648438,253.89999389648438,246.0,246.5,1061,Lumber,LBS=F
2003-01-29,263.8999938964844,263.8999938964844,255.3000030517578,257.0,565,Lumber,LBS=F
2003-01-30,273.8999938964844,273.8999938964844,273.8999938964844,273.8999938964844,1384,Lumber,LBS=F
2003-01-31,273.6000061035156,276.0,263.8999938964844,275.0,885,Lumber,LBS=F
2003-02-03,268.29998779296875,272.0,267.5,272.0,677,Lumber,LBS=F
2003-02-04,278.29998779296875,278.29998779296875,265.79998779296875,267.8999938964844,453,Lumber,LBS=F
2003-02-05,277.29998779296875,280.0,273.0,278.0,787,Lumber,LBS=F
2003-02-06,276.1000061035156,277.0,272.0,274.5,1002,Lumber,LBS=F
2003-02-07,283.5,285.29998779296875,272.29998779296875,279.8999938964844,693,Lumber,LBS=F
2003-02-10,286.29998779296875,287.6000061035156,278.5,280.0,363,Lumber,LBS=F
2003-02-11,276.29998779296875,283.0,276.29998779296875,283.0,327,Lumber,LBS=F
2003-02-12,266.29998779296875,266.29998779296875,266.29998779296875,266.29998779296875,745,Lumber,LBS=F
2003-02-13,265.6000061035156,267.29998779296875,260.29998779296875,265.0,0,Lumber,LBS=F
2003-02-14,263.8999938964844,264.79998779296875,261.29998779296875,264.0,481,Lumber,LBS=F
2003-02-18,258.0,260.0,256.3999938964844,257.29998779296875,430,Lumber,LBS=F
2003-02-19,259.3999938964844,261.8999938964844,255.6999969482422,258.0,222,Lumber,LBS=F
2003-02-20,257.6000061035156,260.5,257.1000061035156,259.3999938964844,498,Lumber,LBS=F
2003-02-21,263.3999938964844,266.0,255.10000610351562,257.0,382,Lumber,LBS=F
2003-02-24,258.20001220703125,264.29998779296875,257.29998779296875,261.6000061035156,618,Lumber,LBS=F
2003-02-25,252.10000610351562,258.5,251.8000030517578,257.5,491,Lumber,LBS=F
2003-02-26,248.3000030517578,253.5,248.10000610351562,250.10000610351562,915,Lumber,LBS=F
2003-02-27,238.3000030517578,249.0,238.3000030517578,247.0,1278,Lumber,LBS=F
2003-02-28,232.60000610351562,234.0,228.3000030517578,228.3000030517578,695,Lumber,LBS=F
2003-03-03,232.89999389648438,233.89999389648438,227.3000030517578,231.0,575,Lumber,LBS=F
2003-03-04,237.39999389648438,238.0,231.0,231.0,425,Lumber,LBS=F
2003-03-05,234.10000610351562,238.3000030517578,232.6999969482422,237.0,363,Lumber,LBS=F
2003-03-06,228.89999389648438,233.89999389648438,226.0,231.0,303,Lumber,LBS=F
2003-03-07,228.0,231.5,227.1999969482422,227.1999969482422,261,Lumber,LBS=F
2003-03-10,224.10000610351562,228.0,223.89999389648438,228.0,333,Lumber,LBS=F
2003-03-11,225.3000030517578,231.39999389648438,222.3000030517578,224.5,91,Lumber,LBS=F
2003-03-12,228.10000610351562,233.5,228.0,228.0,132,Lumber,LBS=F
2003-03-13,236.0,238.1999969482422,231.0,231.0,0,Lumber,LBS=F
2003-03-14,235.0,244.6999969482422,235.0,241.8000030517578,606,Lumber,LBS=F
2003-03-17,246.8000030517578,249.5,245.6999969482422,247.0,293,Lumber,LBS=F
2003-03-18,246.0,249.8000030517578,245.60000610351562,245.6999969482422,399,Lumber,LBS=F
2003-03-19,243.1999969482422,245.5,243.10000610351562,244.10000610351562,236,Lumber,LBS=F
2003-03-20,248.6999969482422,249.0,243.1999969482422,243.1999969482422,480,Lumber,LBS=F
2003-03-21,252.60000610351562,253.0,248.6999969482422,248.6999969482422,382,Lumber,LBS=F
2003-03-24,243.3000030517578,251.5,242.89999389648438,251.5,558,Lumber,LBS=F
2003-03-25,240.3000030517578,240.60000610351562,235.1999969482422,235.1999969482422,828,Lumber,LBS=F
2003-03-26,236.0,241.6999969482422,235.60000610351562,240.0,552,Lumber,LBS=F
2003-03-27,231.10000610351562,233.0,227.3000030517578,231.5,796,Lumber,LBS=F
2003-03-28,234.8000030517578,234.89999389648438,229.3000030517578,230.5,336,Lumber,LBS=F
2003-03-31,230.60000610351562,233.0,228.10000610351562,231.60000610351562,303,Lumber,LBS=F
2003-04-01,232.89999389648438,234.3000030517578,231.5,232.89999389648438,193,Lumber,LBS=F
2003-04-02,235.89999389648438,236.6999969482422,234.10000610351562,234.3000030517578,313,Lumber,LBS=F
2003-04-03,245.5,245.89999389648438,242.0,245.89999389648438,966,Lumber,LBS=F
2003-04-04,240.60000610351562,243.0,239.60000610351562,241.0,241,Lumber,LBS=F
2003-04-07,243.0,248.1999969482422,242.0,242.0,387,Lumber,LBS=F
2003-04-08,239.1999969482422,241.1999969482422,238.6999969482422,240.0,230,Lumber,LBS=F
2003-04-09,239.1999969482422,244.89999389648438,239.0,240.1999969482422,331,Lumber,LBS=F
2003-04-10,243.89999389648438,244.5,235.89999389648438,239.5,559,Lumber,LBS=F
2003-04-11,245.6999969482422,247.0,242.6999969482422,243.8000030517578,343,Lumber,LBS=F
2003-04-14,251.6999969482422,252.0,246.89999389648438,252.0,558,Lumber,LBS=F
2003-04-15,246.3000030517578,250.5,243.6999969482422,250.0,483,Lumber,LBS=F
2003-04-16,247.89999389648438,248.6999969482422,245.39999389648438,245.5,332,Lumber,LBS=F
2003-04-17,248.0,248.5,244.6999969482422,244.6999969482422,203,Lumber,LBS=F
2003-04-21,247.1999969482422,250.89999389648438,245.6999969482422,245.6999969482422,243,Lumber,LBS=F
2003-04-22,248.1999969482422,248.39999389648438,244.1999969482422,245.5,273,Lumber,LBS=F
2003-04-23,246.1999969482422,252.39999389648438,246.0,248.5,404,Lumber,LBS=F
2003-04-24,243.39999389648438,245.5,243.3000030517578,245.5,247,Lumber,LBS=F
2003-04-25,238.60000610351562,244.0,237.3000030517578,244.0,778,Lumber,LBS=F
2003-04-28,240.10000610351562,240.5,237.0,238.0,184,Lumber,LBS=F
2003-04-29,236.10000610351562,242.10000610351562,235.89999389648438,240.0,246,Lumber,LBS=F
2003-04-30,233.5,237.0,233.0,234.5,532,Lumber,LBS=F
2003-05-01,235.6999969482422,237.0,234.10000610351562,234.8000030517578,270,Lumber,LBS=F
2003-05-02,233.8000030517578,236.10000610351562,231.89999389648438,235.1999969482422,178,Lumber,LBS=F
2003-05-05,228.39999389648438,234.3000030517578,227.8000030517578,233.89999389648438,377,Lumber,LBS=F
2003-05-06,223.60000610351562,226.5,222.60000610351562,225.5,637,Lumber,LBS=F
2003-05-07,225.10000610351562,226.39999389648438,223.0,224.5,338,Lumber,LBS=F
2003-05-08,224.10000610351562,226.8000030517578,224.10000610351562,225.10000610351562,514,Lumber,LBS=F
2003-05-09,226.5,227.0,222.60000610351562,224.0,524,Lumber,LBS=F
2003-05-12,228.0,230.5,225.8000030517578,225.8000030517578,337,Lumber,LBS=F
2003-05-13,225.1999969482422,230.3000030517578,225.0,229.6999969482422,333,Lumber,LBS=F
2003-05-14,223.5,227.0,220.6999969482422,224.0,229,Lumber,LBS=F
2003-05-15,216.3000030517578,222.0,213.5,220.60000610351562,559,Lumber,LBS=F
2003-05-16,242.1999969482422,244.3000030517578,233.3000030517578,233.89999389648438,883,Lumber,LBS=F
2003-05-19,245.5,248.0,243.0,248.0,840,Lumber,LBS=F
2003-05-20,249.6999969482422,250.39999389648438,242.5,246.60000610351562,778,Lumber,LBS=F
2003-05-21,252.8000030517578,253.6999969482422,247.0,251.6999969482422,791,Lumber,LBS=F
2003-05-22,252.0,253.39999389648438,248.60000610351562,252.60000610351562,505,Lumber,LBS=F
2003-05-23,254.6999969482422,256.79998779296875,251.6999969482422,254.0,587,Lumber,LBS=F
2003-05-27,244.6999969482422,255.60000610351562,244.6999969482422,255.10000610351562,760,Lumber,LBS=F
2003-05-28,243.10000610351562,244.10000610351562,237.1999969482422,237.39999389648438,945,Lumber,LBS=F
2003-05-29,248.3000030517578,248.5,241.5,244.5,622,Lumber,LBS=F
2003-05-30,253.5,253.5,247.10000610351562,249.0,691,Lumber,LBS=F
2003-06-02,259.1000061035156,263.29998779296875,256.1000061035156,260.0,1162,Lumber,LBS=F
2003-06-03,261.0,261.0,254.6999969482422,256.70001220703125,523,Lumber,LBS=F
2003-06-04,268.0,269.3999938964844,261.0,262.0,1022,Lumber,LBS=F
2003-06-05,269.29998779296875,271.5,263.8999938964844,268.0,759,Lumber,LBS=F
2003-06-06,272.8999938964844,276.29998779296875,266.8999938964844,269.79998779296875,908,Lumber,LBS=F
2003-06-09,268.6000061035156,274.79998779296875,268.1000061035156,274.79998779296875,641,Lumber,LBS=F
2003-06-10,271.5,274.5,266.79998779296875,267.5,629,Lumber,LBS=F
2003-06-11,277.8999938964844,278.3999938964844,274.0,275.0,599,Lumber,LBS=F
2003-06-12,277.8999938964844,280.29998779296875,277.0,279.5,375,Lumber,LBS=F
2003-06-13,274.5,276.0,272.29998779296875,274.5,473,Lumber,LBS=F
2003-06-16,274.1000061035156,277.5,271.0,276.6000061035156,329,Lumber,LBS=F
2003-06-17,284.1000061035156,284.1000061035156,276.5,278.6000061035156,688,Lumber,LBS=F
2003-06-18,294.1000061035156,294.1000061035156,287.20001220703125,291.5,1092,Lumber,LBS=F
2003-06-19,297.20001220703125,297.20001220703125,291.1000061035156,294.1000061035156,643,Lumber,LBS=F
2003-06-20,306.29998779296875,307.20001220703125,295.5,297.5,1117,Lumber,LBS=F
2003-06-23,312.0,313.5,303.20001220703125,305.0,936,Lumber,LBS=F
2003-06-24,302.0,309.5,302.0,309.5,400,Lumber,LBS=F
2003-06-25,293.70001220703125,295.8999938964844,292.0,295.8999938964844,625,Lumber,LBS=F
2003-06-26,285.79998779296875,295.5,285.70001220703125,295.0,803,Lumber,LBS=F
2003-06-27,287.5,289.8999938964844,285.5,287.6000061035156,503,Lumber,LBS=F
2003-06-30,285.5,287.70001220703125,285.1000061035156,285.5,248,Lumber,LBS=F
2003-07-01,280.5,286.0,279.70001220703125,284.8999938964844,548,Lumber,LBS=F
2003-07-02,292.8999938964844,294.0,278.1000061035156,279.0,625,Lumber,LBS=F
2003-07-03,290.0,292.0,286.5,290.0,581,Lumber,LBS=F
2003-07-07,291.79998779296875,292.79998779296875,285.29998779296875,291.79998779296875,513,Lumber,LBS=F
2003-07-08,275.20001220703125,287.0,274.6000061035156,287.0,437,Lumber,LBS=F
2003-07-09,272.6000061035156,275.79998779296875,271.70001220703125,274.20001220703125,192,Lumber,LBS=F
2003-07-10,271.5,274.6000061035156,271.3999938964844,273.0,184,Lumber,LBS=F
2003-07-11,268.0,271.6000061035156,267.6000061035156,271.20001220703125,366,Lumber,LBS=F
2003-07-14,266.5,270.8999938964844,266.29998779296875,268.0,237,Lumber,LBS=F
2003-07-15,256.29998779296875,265.20001220703125,255.5,263.6000061035156,949,Lumber,LBS=F
2003-07-16,278.20001220703125,281.0,269.8999938964844,275.0,715,Lumber,LBS=F
2003-07-17,288.20001220703125,288.20001220703125,281.1000061035156,282.5,515,Lumber,LBS=F
2003-07-18,286.29998779296875,293.70001220703125,283.5,291.5,836,Lumber,LBS=F
2003-07-21,276.29998779296875,286.0,276.29998779296875,286.0,460,Lumber,LBS=F
2003-07-22,266.3999938964844,271.0,266.29998779296875,267.0,711,Lumber,LBS=F
2003-07-23,262.3999938964844,264.79998779296875,261.0,261.0,736,Lumber,LBS=F
2003-07-24,263.5,268.8999938964844,261.5,264.0,559,Lumber,LBS=F
2003-07-25,271.20001220703125,271.79998779296875,260.5,260.5,656,Lumber,LBS=F
2003-07-28,275.0,278.0,272.8999938964844,276.20001220703125,522,Lumber,LBS=F
2003-07-29,285.0,285.0,277.5,277.5,799,Lumber,LBS=F
2003-07-30,286.0,288.79998779296875,280.29998779296875,287.5,615,Lumber,LBS=F
2003-07-31,279.5,280.70001220703125,276.0,276.29998779296875,759,Lumber,LBS=F
2003-08-01,286.0,287.5,281.0,282.0,650,Lumber,LBS=F
2003-08-04,296.0,296.0,290.0,290.6000061035156,700,Lumber,LBS=F
2003-08-05,305.6000061035156,306.0,299.70001220703125,303.0,766,Lumber,LBS=F
2003-08-06,310.70001220703125,311.29998779296875,304.1000061035156,307.1000061035156,868,Lumber,LBS=F
2003-08-07,311.5,312.5,302.79998779296875,309.5,926,Lumber,LBS=F
2003-08-08,308.70001220703125,315.0,307.5,312.0,717,Lumber,LBS=F
2003-08-11,298.79998779296875,306.0,298.79998779296875,303.29998779296875,675,Lumber,LBS=F
2003-08-12,296.29998779296875,296.5,288.79998779296875,288.79998779296875,1124,Lumber,LBS=F
2003-08-13,300.8999938964844,301.1000061035156,289.29998779296875,296.29998779296875,734,Lumber,LBS=F
2003-08-14,309.6000061035156,309.8999938964844,301.0,303.0,691,Lumber,LBS=F
2003-08-15,311.3999938964844,316.5,310.0,312.0,781,Lumber,LBS=F
2003-08-18,314.1000061035156,319.1000061035156,310.8999938964844,313.5,573,Lumber,LBS=F
2003-08-19,307.20001220703125,312.5,304.1000061035156,312.1000061035156,828,Lumber,LBS=F
2003-08-20,311.70001220703125,315.20001220703125,309.6000061035156,310.3999938964844,663,Lumber,LBS=F
2003-08-21,321.70001220703125,321.70001220703125,319.0,319.0,658,Lumber,LBS=F
2003-08-22,331.70001220703125,331.70001220703125,326.5,328.0,621,Lumber,LBS=F
2003-08-25,340.8999938964844,341.0,332.5,336.5,666,Lumber,LBS=F
2003-08-26,344.0,344.5,337.1000061035156,340.0,609,Lumber,LBS=F
2003-08-27,342.0,343.79998779296875,336.1000061035156,340.0,456,Lumber,LBS=F
2003-08-28,345.70001220703125,349.79998779296875,336.79998779296875,338.6000061035156,677,Lumber,LBS=F
2003-08-29,349.5,352.79998779296875,347.5,351.5,810,Lumber,LBS=F
2003-09-02,350.3999938964844,355.29998779296875,349.79998779296875,351.0,559,Lumber,LBS=F
2003-09-03,337.5,348.0,336.1000061035156,347.0,916,Lumber,LBS=F
2003-09-04,356.0,356.0,334.6000061035156,337.0,671,Lumber,LBS=F
2003-09-05,358.0,366.70001220703125,354.5,360.0,607,Lumber,LBS=F
2003-09-08,362.79998779296875,362.79998779296875,354.6000061035156,359.0,387,Lumber,LBS=F
2003-09-09,352.5,360.0,352.0,360.0,394,Lumber,LBS=F
2003-09-10,353.0,354.0,348.20001220703125,352.5,332,Lumber,LBS=F
2003-09-11,349.5,356.5,341.5,350.0,330,Lumber,LBS=F
2003-09-12,361.8999938964844,362.0,350.0,350.0,620,Lumber,LBS=F
2003-09-15,366.8999938964844,370.3999938964844,363.0,363.0,861,Lumber,LBS=F
2003-09-16,323.5,325.5,312.29998779296875,313.0,810,Lumber,LBS=F
2003-09-17,325.1000061035156,325.8999938964844,318.0,324.6000061035156,594,Lumber,LBS=F
2003-09-18,315.1000061035156,322.5,315.1000061035156,321.0,427,Lumber,LBS=F
2003-09-19,309.29998779296875,316.5,308.3999938964844,315.79998779296875,628,Lumber,LBS=F
2003-09-22,307.8999938964844,308.0,301.5,306.79998779296875,646,Lumber,LBS=F
2003-09-23,315.5,316.0,309.5,309.5,559,Lumber,LBS=F
2003-09-24,313.1000061035156,315.5,309.6000061035156,313.70001220703125,520,Lumber,LBS=F
2003-09-25,312.29998779296875,315.20001220703125,308.20001220703125,308.70001220703125,468,Lumber,LBS=F
2003-09-26,302.29998779296875,306.0,302.29998779296875,306.0,187,Lumber,LBS=F
2003-09-29,299.5,301.0,295.8999938964844,297.5,812,Lumber,LBS=F
2003-09-30,309.5,309.5,289.5,297.20001220703125,943,Lumber,LBS=F
2003-10-01,299.5,308.0,299.5,308.0,507,Lumber,LBS=F
2003-10-02,302.5,303.0,292.0,293.0,527,Lumber,LBS=F
2003-10-03,299.79998779296875,308.70001220703125,296.3999938964844,298.0,898,Lumber,LBS=F
2003-10-06,301.29998779296875,302.3999938964844,296.79998779296875,299.79998779296875,371,Lumber,LBS=F
2003-10-07,302.5,303.0,295.0,300.20001220703125,454,Lumber,LBS=F
2003-10-08,306.1000061035156,308.1000061035156,299.5,302.6000061035156,617,Lumber,LBS=F
2003-10-09,307.5,310.3999938964844,304.5,308.79998779296875,935,Lumber,LBS=F
2003-10-10,311.79998779296875,313.29998779296875,307.5,307.5,822,Lumber,LBS=F
2003-10-13,313.20001220703125,314.29998779296875,310.6000061035156,312.5,427,Lumber,LBS=F
2003-10-14,303.20001220703125,312.0,303.20001220703125,310.0,621,Lumber,LBS=F
2003-10-15,295.29998779296875,297.0,293.29998779296875,294.0,674,Lumber,LBS=F
2003-10-16,291.5,297.70001220703125,291.0,292.5,384,Lumber,LBS=F
2003-10-17,281.5,289.20001220703125,281.5,289.0,897,Lumber,LBS=F
2003-10-20,277.29998779296875,281.0,277.0,277.1000061035156,638,Lumber,LBS=F
2003-10-21,282.79998779296875,286.70001220703125,278.79998779296875,279.29998779296875,470,Lumber,LBS=F
2003-10-22,272.79998779296875,284.0,272.79998779296875,282.1000061035156,754,Lumber,LBS=F
2003-10-23,277.70001220703125,280.8999938964844,270.0,270.0,427,Lumber,LBS=F
2003-10-24,270.79998779296875,276.1000061035156,270.5,275.6000061035156,444,Lumber,LBS=F
2003-10-27,268.0,276.79998779296875,267.1000061035156,273.0,434,Lumber,LBS=F
2003-10-28,267.3999938964844,271.5,264.1000061035156,265.5,575,Lumber,LBS=F
2003-10-29,273.1000061035156,274.8999938964844,269.70001220703125,269.70001220703125,335,Lumber,LBS=F
2003-10-30,283.1000061035156,283.1000061035156,278.1000061035156,283.1000061035156,551,Lumber,LBS=F
2003-10-31,279.79998779296875,283.1000061035156,276.29998779296875,283.1000061035156,388,Lumber,LBS=F
2003-11-03,281.5,288.29998779296875,279.5,281.70001220703125,375,Lumber,LBS=F
2003-11-04,265.70001220703125,282.5,265.6000061035156,282.5,573,Lumber,LBS=F
2003-11-05,268.70001220703125,273.0,265.29998779296875,273.0,382,Lumber,LBS=F
2003-11-06,266.6000061035156,272.1000061035156,265.5,267.20001220703125,205,Lumber,LBS=F
2003-11-07,270.29998779296875,271.79998779296875,268.0,268.0,101,Lumber,LBS=F
2003-11-10,275.0,276.29998779296875,270.1000061035156,272.5,199,Lumber,LBS=F
2003-11-11,274.0,278.70001220703125,271.1000061035156,276.0,198,Lumber,LBS=F
2003-11-12,276.5,279.0,271.5,275.1000061035156,161,Lumber,LBS=F
2003-11-13,276.5,279.0,274.6000061035156,278.1000061035156,200,Lumber,LBS=F
2003-11-14,283.8999938964844,284.5,276.0,276.0,480,Lumber,LBS=F
2003-11-17,298.0,300.8999938964844,292.5,293.29998779296875,332,Lumber,LBS=F
2003-11-18,308.0,308.0,300.5,300.79998779296875,472,Lumber,LBS=F
2003-11-19,316.79998779296875,318.0,312.6000061035156,314.5,557,Lumber,LBS=F
2003-11-20,312.79998779296875,318.0,311.70001220703125,315.5,556,Lumber,LBS=F
2003-11-21,310.79998779296875,314.0,309.79998779296875,311.79998779296875,311,Lumber,LBS=F
2003-11-24,317.20001220703125,317.6000061035156,308.70001220703125,314.0,535,Lumber,LBS=F
2003-11-25,313.5,321.0,313.20001220703125,319.0,383,Lumber,LBS=F
2003-11-26,314.3999938964844,315.70001220703125,310.70001220703125,311.6000061035156,237,Lumber,LBS=F
2003-11-28,313.79998779296875,316.29998779296875,311.20001220703125,312.20001220703125,164,Lumber,LBS=F
2003-12-01,308.20001220703125,316.29998779296875,308.20001220703125,315.0,418,Lumber,LBS=F
2003-12-02,298.20001220703125,303.3999938964844,298.20001220703125,300.0,478,Lumber,LBS=F
2003-12-03,299.20001220703125,301.79998779296875,295.79998779296875,297.5,464,Lumber,LBS=F
2003-12-04,294.0,301.3999938964844,290.29998779296875,300.20001220703125,451,Lumber,LBS=F
2003-12-05,297.20001220703125,297.8999938964844,292.0,296.0,312,Lumber,LBS=F
2003-12-08,287.3999938964844,292.0,287.20001220703125,290.0,496,Lumber,LBS=F
2003-12-09,289.70001220703125,291.6000061035156,284.20001220703125,284.20001220703125,428,Lumber,LBS=F
2003-12-10,283.5,286.29998779296875,280.70001220703125,286.0,376,Lumber,LBS=F
2003-12-11,279.0,286.0,278.0,283.0,538,Lumber,LBS=F
2003-12-12,284.20001220703125,286.0,279.5,280.6000061035156,374,Lumber,LBS=F
2003-12-15,281.6000061035156,290.5,281.20001220703125,285.29998779296875,480,Lumber,LBS=F
2003-12-16,279.0,284.0,277.0,277.0,372,Lumber,LBS=F
2003-12-17,287.70001220703125,288.6000061035156,280.5,280.5,441,Lumber,LBS=F
2003-12-18,293.79998779296875,295.0,290.5,294.0,505,Lumber,LBS=F
2003-12-19,292.79998779296875,294.0,290.20001220703125,294.0,300,Lumber,LBS=F
2003-12-22,301.5,301.6000061035156,293.6000061035156,293.6000061035156,346,Lumber,LBS=F
2003-12-23,300.1000061035156,305.79998779296875,299.8999938964844,305.5,272,Lumber,LBS=F
2003-12-24,303.3999938964844,303.8999938964844,300.0,300.0,154,Lumber,LBS=F
2003-12-26,301.79998779296875,304.8999938964844,301.6000061035156,304.8999938964844,76,Lumber,LBS=F
2003-12-29,298.5,304.29998779296875,298.0,302.0,246,Lumber,LBS=F
2003-12-30,308.5,308.5,296.6000061035156,297.0,354,Lumber,LBS=F
2003-12-31,312.6000061035156,314.5,310.1000061035156,311.20001220703125,300,Lumber,LBS=F
2004-01-02,321.1000061035156,322.3999938964844,314.0,316.20001220703125,416,Lumber,LBS=F
2004-01-05,316.6000061035156,322.6000061035156,315.20001220703125,317.1000061035156,425,Lumber,LBS=F
2004-01-06,324.8999938964844,325.0,317.5,318.0,214,Lumber,LBS=F
2004-01-07,336.0,339.70001220703125,324.0,324.8999938964844,339,Lumber,LBS=F
2004-01-08,332.8999938964844,335.0,328.5,333.6000061035156,221,Lumber,LBS=F
2004-01-09,337.0,337.79998779296875,334.5,335.0,143,Lumber,LBS=F
2004-01-12,327.8999938964844,337.5,324.1000061035156,332.6000061035156,220,Lumber,LBS=F
2004-01-13,323.1000061035156,327.0,316.20001220703125,322.1000061035156,145,Lumber,LBS=F
2004-01-14,326.5,326.8999938964844,320.20001220703125,320.29998779296875,123,Lumber,LBS=F
2004-01-15,327.29998779296875,337.0,326.6000061035156,328.29998779296875,835,Lumber,LBS=F
2004-01-16,356.1000061035156,356.5,345.1000061035156,347.0,1046,Lumber,LBS=F
2004-01-20,354.79998779296875,365.0,351.29998779296875,359.0,869,Lumber,LBS=F
2004-01-21,351.0,358.0,348.20001220703125,357.0,524,Lumber,LBS=F
2004-01-22,361.0,361.0,354.0,355.0,415,Lumber,LBS=F
2004-01-23,351.0,365.0,351.0,364.0,384,Lumber,LBS=F
2004-01-26,342.6000061035156,344.70001220703125,341.0,341.0,500,Lumber,LBS=F
2004-01-27,335.20001220703125,344.6000061035156,335.0,343.20001220703125,507,Lumber,LBS=F
2004-01-28,334.3999938964844,335.20001220703125,330.20001220703125,331.0,487,Lumber,LBS=F
2004-01-29,334.5,339.29998779296875,333.20001220703125,338.0,367,Lumber,LBS=F
2004-01-30,333.0,337.79998779296875,331.6000061035156,333.29998779296875,403,Lumber,LBS=F
2004-02-02,334.6000061035156,336.0,328.6000061035156,331.79998779296875,521,Lumber,LBS=F
2004-02-03,334.5,337.20001220703125,331.6000061035156,334.6000061035156,224,Lumber,LBS=F
2004-02-04,344.5,344.5,334.0,334.20001220703125,591,Lumber,LBS=F
2004-02-05,354.5,354.5,354.3999938964844,354.5,307,Lumber,LBS=F
2004-02-06,362.6000061035156,363.0,357.6000061035156,358.5,705,Lumber,LBS=F
2004-02-09,370.5,372.6000061035156,365.20001220703125,367.79998779296875,748,Lumber,LBS=F
2004-02-10,367.5,374.29998779296875,360.5,374.29998779296875,710,Lumber,LBS=F
2004-02-11,377.5,377.5,364.0,364.0,841,Lumber,LBS=F
2004-02-12,384.70001220703125,386.0,373.0,386.0,656,Lumber,LBS=F
2004-02-13,376.29998779296875,382.8999938964844,374.70001220703125,379.0,522,Lumber,LBS=F
2004-02-17,376.79998779296875,379.6000061035156,371.20001220703125,379.0,508,Lumber,LBS=F
2004-02-18,370.5,375.79998779296875,368.79998779296875,372.79998779296875,538,Lumber,LBS=F
2004-02-19,380.5,380.5,366.70001220703125,371.1000061035156,515,Lumber,LBS=F
2004-02-20,390.5,390.5,379.0,380.0,633,Lumber,LBS=F
2004-02-23,387.0,400.0,386.0,393.5,662,Lumber,LBS=F
2004-02-24,390.3999938964844,391.0,381.20001220703125,382.3999938964844,513,Lumber,LBS=F
2004-02-25,382.70001220703125,388.5,381.5,388.3999938964844,215,Lumber,LBS=F
2004-02-26,375.0,380.6000061035156,373.29998779296875,376.0,422,Lumber,LBS=F
2004-02-27,385.0,385.0,379.0,379.0,399,Lumber,LBS=F
2004-03-01,389.6000061035156,394.0,387.20001220703125,389.0,929,Lumber,LBS=F
2004-03-02,389.0,394.0,385.5,392.5,378,Lumber,LBS=F
2004-03-03,381.1000061035156,386.20001220703125,380.0,384.0,504,Lumber,LBS=F
2004-03-04,383.0,385.5,376.5,378.1000061035156,364,Lumber,LBS=F
2004-03-05,378.3999938964844,381.0,374.79998779296875,381.0,664,Lumber,LBS=F
2004-03-08,374.70001220703125,380.0,371.1000061035156,378.0,336,Lumber,LBS=F
2004-03-09,376.0,381.0,370.6000061035156,371.0,307,Lumber,LBS=F
2004-03-10,372.1000061035156,374.0,371.20001220703125,373.8999938964844,153,Lumber,LBS=F
2004-03-11,365.5,370.6000061035156,365.20001220703125,370.6000061035156,294,Lumber,LBS=F
2004-03-12,372.0,374.79998779296875,362.5,364.0,287,Lumber,LBS=F
2004-03-15,356.0,374.0,355.0,374.0,627,Lumber,LBS=F
2004-03-16,357.3999938964844,357.79998779296875,351.6000061035156,355.0,743,Lumber,LBS=F
2004-03-17,351.29998779296875,357.3999938964844,348.5,356.0,662,Lumber,LBS=F
2004-03-18,355.20001220703125,359.5,353.5,353.5,559,Lumber,LBS=F
2004-03-19,362.3999938964844,364.8999938964844,352.5,356.0,814,Lumber,LBS=F
2004-03-22,353.6000061035156,361.1000061035156,352.6000061035156,359.3999938964844,630,Lumber,LBS=F
2004-03-23,351.1000061035156,355.79998779296875,346.6000061035156,350.0,737,Lumber,LBS=F
2004-03-24,361.1000061035156,361.1000061035156,356.0,358.0,462,Lumber,LBS=F
2004-03-25,371.1000061035156,371.1000061035156,366.6000061035156,369.0,653,Lumber,LBS=F
2004-03-26,375.8999938964844,377.3999938964844,369.6000061035156,371.0,653,Lumber,LBS=F
2004-03-29,379.0,382.3999938964844,375.5,378.0,547,Lumber,LBS=F
2004-03-30,384.5,384.5,377.70001220703125,382.0,547,Lumber,LBS=F
2004-03-31,381.1000061035156,387.70001220703125,380.0,385.5,511,Lumber,LBS=F
2004-04-01,391.1000061035156,391.1000061035156,383.5,383.5,825,Lumber,LBS=F
2004-04-02,396.29998779296875,396.79998779296875,391.1000061035156,395.5,805,Lumber,LBS=F
2004-04-05,392.70001220703125,400.0,391.6000061035156,396.29998779296875,642,Lumber,LBS=F
2004-04-06,388.6000061035156,393.5,384.20001220703125,388.6000061035156,630,Lumber,LBS=F
2004-04-07,389.29998779296875,394.1000061035156,388.8999938964844,393.6000061035156,453,Lumber,LBS=F
2004-04-08,399.29998779296875,399.29998779296875,391.6000061035156,391.6000061035156,592,Lumber,LBS=F
2004-04-12,409.29998779296875,409.29998779296875,406.5,409.29998779296875,471,Lumber,LBS=F
2004-04-13,414.0,414.20001220703125,403.20001220703125,407.5,966,Lumber,LBS=F
2004-04-14,410.20001220703125,416.0,408.8999938964844,413.5,764,Lumber,LBS=F
2004-04-15,413.3999938964844,420.20001220703125,407.0,408.5,900,Lumber,LBS=F
2004-04-16,412.8999938964844,421.29998779296875,412.6000061035156,418.0,559,Lumber,LBS=F
2004-04-19,412.0,415.5,406.5,413.3999938964844,326,Lumber,LBS=F
2004-04-20,406.8999938964844,414.5,404.79998779296875,411.0,521,Lumber,LBS=F
2004-04-21,399.6000061035156,407.3999938964844,398.20001220703125,407.0,846,Lumber,LBS=F
2004-04-22,404.0,405.0,395.70001220703125,401.0,823,Lumber,LBS=F
2004-04-23,403.79998779296875,407.8999938964844,403.0,407.0,561,Lumber,LBS=F
2004-04-26,404.5,405.79998779296875,401.6000061035156,403.3999938964844,477,Lumber,LBS=F
2004-04-27,414.5,414.5,404.6000061035156,404.6000061035156,625,Lumber,LBS=F
2004-04-28,424.5,424.5,422.5,422.5,286,Lumber,LBS=F
2004-04-29,428.1000061035156,428.79998779296875,417.6000061035156,422.5,1246,Lumber,LBS=F
2004-04-30,434.20001220703125,435.1000061035156,428.5,430.5,862,Lumber,LBS=F
2004-05-03,429.79998779296875,439.0,429.1000061035156,436.0,501,Lumber,LBS=F
2004-05-04,431.0,431.5,426.0,429.1000061035156,227,Lumber,LBS=F
2004-05-05,443.20001220703125,443.3999938964844,434.5,435.0,479,Lumber,LBS=F
2004-05-06,446.8999938964844,448.3999938964844,440.6000061035156,445.5,689,Lumber,LBS=F
2004-05-07,452.0,452.0,444.6000061035156,447.1000061035156,399,Lumber,LBS=F
2004-05-10,442.8999938964844,452.0,436.0,452.0,385,Lumber,LBS=F
2004-05-11,446.3999938964844,447.70001220703125,439.6000061035156,443.0,205,Lumber,LBS=F
2004-05-12,446.1000061035156,448.0,442.6000061035156,442.6000061035156,248,Lumber,LBS=F
2004-05-13,455.6000061035156,459.79998779296875,447.1000061035156,447.1000061035156,288,Lumber,LBS=F
2004-05-14,464.0,464.0,452.0,458.0,790,Lumber,LBS=F
2004-05-17,407.20001220703125,411.0,406.29998779296875,408.0,503,Lumber,LBS=F
2004-05-18,410.79998779296875,413.29998779296875,399.20001220703125,403.0,988,Lumber,LBS=F
2004-05-19,400.79998779296875,418.0,400.79998779296875,415.0,792,Lumber,LBS=F
2004-05-20,396.6000061035156,403.70001220703125,393.79998779296875,397.0,765,Lumber,LBS=F
2004-05-21,387.20001220703125,396.0,387.1000061035156,392.0,682,Lumber,LBS=F
2004-05-24,397.20001220703125,397.20001220703125,387.29998779296875,391.0,578,Lumber,LBS=F
2004-05-25,393.1000061035156,404.1000061035156,392.70001220703125,398.5,619,Lumber,LBS=F
2004-05-26,397.0,403.1000061035156,393.20001220703125,393.20001220703125,632,Lumber,LBS=F
2004-05-27,397.5,399.0,393.0,399.0,337,Lumber,LBS=F
2004-05-28,405.5,407.3999938964844,400.0,400.0,542,Lumber,LBS=F
2004-06-01,396.29998779296875,410.0,395.5,406.0,786,Lumber,LBS=F
2004-06-02,397.0,398.5,392.70001220703125,397.0,448,Lumber,LBS=F
2004-06-03,393.3999938964844,402.3999938964844,393.1000061035156,397.1000061035156,512,Lumber,LBS=F
2004-06-04,388.6000061035156,398.0,388.1000061035156,395.1000061035156,508,Lumber,LBS=F
2004-06-07,398.6000061035156,398.6000061035156,384.0,390.0,646,Lumber,LBS=F
2004-06-08,390.1000061035156,397.0,388.8999938964844,394.6000061035156,477,Lumber,LBS=F
2004-06-09,393.70001220703125,396.79998779296875,388.1000061035156,392.0,435,Lumber,LBS=F
2004-06-10,389.79998779296875,396.3999938964844,388.1000061035156,394.0,435,Lumber,LBS=F
2004-06-14,397.5,399.79998779296875,395.0,399.79998779296875,410,Lumber,LBS=F
2004-06-15,392.1000061035156,395.0,391.3999938964844,393.79998779296875,370,Lumber,LBS=F
2004-06-16,382.1000061035156,391.29998779296875,382.1000061035156,390.0,725,Lumber,LBS=F
2004-06-17,378.1000061035156,385.29998779296875,378.0,381.29998779296875,568,Lumber,LBS=F
2004-06-18,380.29998779296875,383.6000061035156,377.20001220703125,378.0,432,Lumber,LBS=F
2004-06-21,381.1000061035156,387.3999938964844,379.5,381.8999938964844,379,Lumber,LBS=F
2004-06-22,378.5,387.5,376.5,382.1000061035156,830,Lumber,LBS=F
2004-06-23,380.0,380.0,373.5,376.20001220703125,525,Lumber,LBS=F
2004-06-24,380.6000061035156,383.5,379.5,381.1000061035156,307,Lumber,LBS=F
2004-06-25,383.79998779296875,384.8999938964844,378.29998779296875,379.20001220703125,347,Lumber,LBS=F
2004-06-28,379.6000061035156,386.20001220703125,379.20001220703125,383.3999938964844,752,Lumber,LBS=F
2004-06-29,379.5,382.79998779296875,379.0,381.1000061035156,694,Lumber,LBS=F
2004-06-30,376.5,379.79998779296875,374.8999938964844,379.0,674,Lumber,LBS=F
2004-07-01,378.0,382.79998779296875,375.6000061035156,380.0,613,Lumber,LBS=F
2004-07-02,378.29998779296875,381.0,377.0,379.1000061035156,317,Lumber,LBS=F
2004-07-06,383.79998779296875,383.79998779296875,375.29998779296875,380.79998779296875,465,Lumber,LBS=F
2004-07-07,384.20001220703125,385.0,381.79998779296875,385.0,316,Lumber,LBS=F
2004-07-08,389.8999938964844,393.79998779296875,387.0,387.20001220703125,603,Lumber,LBS=F
2004-07-09,395.5,396.0,392.0,393.0,327,Lumber,LBS=F
2004-07-12,395.5,398.3999938964844,395.0,396.0,302,Lumber,LBS=F
2004-07-13,407.0,407.0,395.1000061035156,395.79998779296875,475,Lumber,LBS=F
2004-07-14,418.0,435.0,407.0,407.0,346,Lumber,LBS=F
2004-07-15,443.70001220703125,450.0,422.0,424.0,537,Lumber,LBS=F
2004-07-16,401.3999938964844,401.3999938964844,391.5,394.8999938964844,565,Lumber,LBS=F
2004-07-19,411.3999938964844,411.3999938964844,406.0,406.0,491,Lumber,LBS=F
2004-07-20,409.0,412.3999938964844,402.20001220703125,402.20001220703125,777,Lumber,LBS=F
2004-07-21,414.5,415.0,406.5,410.5,650,Lumber,LBS=F
2004-07-22,421.0,424.5,419.1000061035156,419.5,801,Lumber,LBS=F
2004-07-23,417.8999938964844,425.8999938964844,416.6000061035156,421.0,669,Lumber,LBS=F
2004-07-26,418.8999938964844,422.0,412.0,417.0,528,Lumber,LBS=F
2004-07-27,423.6000061035156,426.0,417.0,422.0,638,Lumber,LBS=F
2004-07-28,432.20001220703125,432.3999938964844,422.6000061035156,428.0,736,Lumber,LBS=F
2004-07-29,431.29998779296875,435.79998779296875,429.0,433.8999938964844,476,Lumber,LBS=F
2004-07-30,422.29998779296875,432.0,421.3999938964844,427.5,661,Lumber,LBS=F
2004-08-02,412.29998779296875,423.0,412.29998779296875,423.0,645,Lumber,LBS=F
2004-08-03,418.5,419.0,407.29998779296875,408.5,693,Lumber,LBS=F
2004-08-04,428.5,428.5,421.0,422.0,492,Lumber,LBS=F
2004-08-05,431.29998779296875,433.0,424.5,432.0,511,Lumber,LBS=F
2004-08-06,428.0,433.20001220703125,425.0,433.0,369,Lumber,LBS=F
2004-08-09,422.79998779296875,430.0,421.6000061035156,423.0,305,Lumber,LBS=F
2004-08-10,413.8999938964844,423.5,413.29998779296875,422.0,555,Lumber,LBS=F
2004-08-11,409.6000061035156,411.0,403.8999938964844,403.8999938964844,752,Lumber,LBS=F
2004-08-12,403.5,413.70001220703125,401.5,410.1000061035156,528,Lumber,LBS=F
2004-08-13,407.0,410.5,401.5,405.6000061035156,516,Lumber,LBS=F
2004-08-16,417.0,417.0,410.5,413.0,450,Lumber,LBS=F
2004-08-17,427.0,427.0,426.0,426.0,299,Lumber,LBS=F
2004-08-18,442.0,442.0,428.5,434.0,944,Lumber,LBS=F
2004-08-19,442.0,448.79998779296875,437.1000061035156,447.0,980,Lumber,LBS=F
2004-08-20,452.0,452.0,439.5,441.0,555,Lumber,LBS=F
2004-08-23,450.79998779296875,458.70001220703125,448.1000061035156,452.0,534,Lumber,LBS=F
2004-08-24,440.79998779296875,450.3999938964844,440.79998779296875,446.0,623,Lumber,LBS=F
2004-08-25,436.29998779296875,442.3999938964844,435.20001220703125,440.79998779296875,615,Lumber,LBS=F
2004-08-26,435.29998779296875,437.1000061035156,432.6000061035156,433.5,586,Lumber,LBS=F
2004-08-27,434.79998779296875,439.20001220703125,433.29998779296875,439.0,278,Lumber,LBS=F
2004-08-30,432.1000061035156,434.5,429.1000061035156,432.0,710,Lumber,LBS=F
2004-08-31,440.5,442.1000061035156,433.0,433.5,641,Lumber,LBS=F
2004-09-01,446.29998779296875,446.3999938964844,438.0,438.6000061035156,890,Lumber,LBS=F
2004-09-02,455.5,461.0,450.0,450.0,912,Lumber,LBS=F
2004-09-03,447.5,452.5,445.5,452.0,370,Lumber,LBS=F
2004-09-07,443.29998779296875,444.0,438.29998779296875,442.6000061035156,666,Lumber,LBS=F
2004-09-08,432.0,443.0,431.0,441.5,718,Lumber,LBS=F
2004-09-09,425.0,435.0,419.79998779296875,431.0,603,Lumber,LBS=F
2004-09-10,427.8999938964844,429.0,422.29998779296875,423.0,309,Lumber,LBS=F
2004-09-13,425.0,428.0,421.20001220703125,427.8999938964844,166,Lumber,LBS=F
2004-09-14,400.79998779296875,426.0,400.0,422.8999938964844,207,Lumber,LBS=F
2004-09-15,393.5,403.5,392.1000061035156,403.5,736,Lumber,LBS=F
2004-09-16,363.1000061035156,366.5,360.70001220703125,364.0,760,Lumber,LBS=F
2004-09-17,353.1000061035156,361.20001220703125,353.1000061035156,360.0,827,Lumber,LBS=F
2004-09-20,351.29998779296875,352.29998779296875,346.6000061035156,347.0,844,Lumber,LBS=F
2004-09-21,347.79998779296875,356.0,347.5,353.1000061035156,704,Lumber,LBS=F
2004-09-22,353.0,353.20001220703125,344.79998779296875,347.79998779296875,562,Lumber,LBS=F
2004-09-23,347.5,362.20001220703125,346.0,361.0,721,Lumber,LBS=F
2004-09-24,338.6000061035156,352.5,338.6000061035156,347.0,760,Lumber,LBS=F
2004-09-27,338.3999938964844,342.6000061035156,336.6000061035156,338.0,731,Lumber,LBS=F
2004-09-28,338.3999938964844,343.3999938964844,337.8999938964844,341.0,573,Lumber,LBS=F
2004-09-29,328.3999938964844,341.29998779296875,328.3999938964844,340.0,820,Lumber,LBS=F
2004-09-30,336.20001220703125,338.0,331.6000061035156,334.0,572,Lumber,LBS=F
2004-10-01,332.0,342.3999938964844,330.5,340.0,541,Lumber,LBS=F
2004-10-04,332.8999938964844,334.3999938964844,329.0,330.3999938964844,253,Lumber,LBS=F
2004-10-05,326.79998779296875,336.8999938964844,324.6000061035156,333.0,559,Lumber,LBS=F
2004-10-06,330.5,331.0,327.5,330.0,248,Lumber,LBS=F
2004-10-07,324.1000061035156,333.79998779296875,324.0,333.79998779296875,488,Lumber,LBS=F
2004-10-08,314.20001220703125,322.5,314.1000061035156,322.0,708,Lumber,LBS=F
2004-10-11,310.3999938964844,315.8999938964844,308.29998779296875,310.0,565,Lumber,LBS=F
2004-10-12,309.1000061035156,314.29998779296875,309.0,309.20001220703125,337,Lumber,LBS=F
2004-10-13,302.8999938964844,310.0,299.8999938964844,309.5,681,Lumber,LBS=F
2004-10-14,300.0,301.0,293.29998779296875,299.0,761,Lumber,LBS=F
2004-10-15,310.0,310.0,301.5,302.5,546,Lumber,LBS=F
2004-10-18,304.29998779296875,316.20001220703125,304.0,315.0,610,Lumber,LBS=F
2004-10-19,294.29998779296875,303.0,294.29998779296875,301.0,482,Lumber,LBS=F
2004-10-20,304.29998779296875,304.29998779296875,289.6000061035156,291.79998779296875,711,Lumber,LBS=F
2004-10-21,297.79998779296875,306.0,295.20001220703125,303.0,581,Lumber,LBS=F
2004-10-22,291.5,298.79998779296875,290.0,297.79998779296875,614,Lumber,LBS=F
2004-10-25,297.0,297.8999938964844,286.70001220703125,289.5,679,Lumber,LBS=F
2004-10-26,303.3999938964844,304.79998779296875,294.20001220703125,301.0,547,Lumber,LBS=F
2004-10-27,308.3999938964844,308.5,301.0,306.0,458,Lumber,LBS=F
2004-10-28,312.5,315.70001220703125,310.0,313.0,507,Lumber,LBS=F
2004-10-29,319.5,321.0,312.0,316.5,549,Lumber,LBS=F
2004-11-01,308.8999938964844,319.0,308.6000061035156,316.5,503,Lumber,LBS=F
2004-11-02,309.0,312.0,305.5,309.8999938964844,494,Lumber,LBS=F
2004-11-03,299.3999938964844,309.70001220703125,299.29998779296875,309.0,321,Lumber,LBS=F
2004-11-04,292.79998779296875,301.0,292.79998779296875,295.70001220703125,386,Lumber,LBS=F
2004-11-05,290.1000061035156,294.5,290.1000061035156,293.79998779296875,244,Lumber,LBS=F
2004-11-08,302.0,305.0,293.8999938964844,293.8999938964844,305,Lumber,LBS=F
2004-11-09,300.70001220703125,314.0,298.70001220703125,306.0,552,Lumber,LBS=F
2004-11-10,300.1000061035156,308.0,297.29998779296875,304.3999938964844,328,Lumber,LBS=F
2004-11-11,300.5,305.0,297.29998779296875,298.6000061035156,200,Lumber,LBS=F
2004-11-12,300.5,308.0,299.6000061035156,299.6000061035156,244,Lumber,LBS=F
2004-11-15,319.70001220703125,321.79998779296875,299.1000061035156,300.20001220703125,640,Lumber,LBS=F
2004-11-16,331.70001220703125,339.0,329.0,336.0,778,Lumber,LBS=F
2004-11-17,338.5,339.5,334.1000061035156,335.0,638,Lumber,LBS=F
2004-11-18,334.29998779296875,337.0,329.5,334.79998779296875,617,Lumber,LBS=F
2004-11-19,339.70001220703125,343.5,337.8999938964844,339.0,605,Lumber,LBS=F
2004-11-22,333.3999938964844,342.29998779296875,331.5,341.79998779296875,394,Lumber,LBS=F
2004-11-23,327.79998779296875,329.8999938964844,326.0,327.1000061035156,583,Lumber,LBS=F
2004-11-24,329.29998779296875,330.0,326.1000061035156,326.5,223,Lumber,LBS=F
2004-11-26,333.3999938964844,334.0,329.0,329.0,165,Lumber,LBS=F
2004-11-29,339.5,342.0,330.0,335.0,636,Lumber,LBS=F
2004-11-30,339.1000061035156,342.79998779296875,336.29998779296875,341.8999938964844,439,Lumber,LBS=F
2004-12-01,347.20001220703125,349.1000061035156,340.0,340.0,872,Lumber,LBS=F
2004-12-02,347.0,349.29998779296875,344.5,347.20001220703125,439,Lumber,LBS=F
2004-12-03,348.3999938964844,351.0,345.3999938964844,350.0,351,Lumber,LBS=F
2004-12-06,338.3999938964844,346.5,338.3999938964844,346.5,398,Lumber,LBS=F
2004-12-07,331.0,339.5,328.3999938964844,339.5,733,Lumber,LBS=F
2004-12-08,325.29998779296875,328.29998779296875,322.5,322.5,791,Lumber,LBS=F
2004-12-09,321.1000061035156,328.29998779296875,320.6000061035156,324.0,683,Lumber,LBS=F
2004-12-10,327.79998779296875,328.20001220703125,322.1000061035156,322.1000061035156,361,Lumber,LBS=F
2004-12-13,330.5,337.79998779296875,326.20001220703125,326.20001220703125,758,Lumber,LBS=F
2004-12-14,331.3999938964844,334.79998779296875,324.20001220703125,330.0,748,Lumber,LBS=F
2004-12-15,330.29998779296875,336.0,328.1000061035156,331.6000061035156,522,Lumber,LBS=F
2004-12-16,324.29998779296875,327.0,320.29998779296875,327.0,952,Lumber,LBS=F
2004-12-17,320.29998779296875,325.29998779296875,319.6000061035156,323.0,374,Lumber,LBS=F
2004-12-20,328.20001220703125,330.20001220703125,319.0,319.6000061035156,673,Lumber,LBS=F
2004-12-21,338.20001220703125,338.20001220703125,326.6000061035156,326.6000061035156,765,Lumber,LBS=F
2004-12-22,343.29998779296875,346.0,340.29998779296875,345.0,966,Lumber,LBS=F
2004-12-23,344.70001220703125,346.8999938964844,341.79998779296875,346.8999938964844,542,Lumber,LBS=F
2004-12-27,354.70001220703125,354.70001220703125,346.0,347.0,469,Lumber,LBS=F
2004-12-28,355.70001220703125,363.29998779296875,355.1000061035156,358.0,574,Lumber,LBS=F
2004-12-29,353.5,361.0,350.79998779296875,356.5,513,Lumber,LBS=F
2004-12-30,356.3999938964844,356.8999938964844,352.0,354.20001220703125,0,Lumber,LBS=F
2004-12-31,356.3999938964844,356.3999938964844,356.3999938964844,356.3999938964844,0,Lumber,LBS=F
2005-01-03,368.0,371.5,360.6000061035156,362.0,573,Lumber,LBS=F
2005-01-04,360.8999938964844,365.8999938964844,358.79998779296875,365.0,406,Lumber,LBS=F
2005-01-05,359.3999938964844,364.0,357.20001220703125,357.20001220703125,369,Lumber,LBS=F
2005-01-06,354.3999938964844,357.79998779296875,353.0,357.20001220703125,290,Lumber,LBS=F
2005-01-07,361.29998779296875,361.3999938964844,352.6000061035156,352.70001220703125,269,Lumber,LBS=F
2005-01-10,352.79998779296875,366.0,350.5,362.0,674,Lumber,LBS=F
2005-01-11,348.8999938964844,354.0,347.5,354.0,617,Lumber,LBS=F
2005-01-12,350.5,352.0,347.5,349.5,317,Lumber,LBS=F
2005-01-13,344.5,351.0,344.1000061035156,348.0,205,Lumber,LBS=F
2005-01-14,350.1000061035156,351.0,344.0,344.6000061035156,591,Lumber,LBS=F
2005-01-18,361.70001220703125,361.70001220703125,353.5,354.0,637,Lumber,LBS=F
2005-01-19,371.70001220703125,371.70001220703125,368.79998779296875,371.70001220703125,590,Lumber,LBS=F
2005-01-20,371.29998779296875,374.70001220703125,366.5,374.5,563,Lumber,LBS=F
2005-01-21,378.20001220703125,378.79998779296875,366.0,373.29998779296875,1057,Lumber,LBS=F
2005-01-24,375.5,379.0,369.0,379.0,658,Lumber,LBS=F
2005-01-25,375.29998779296875,379.0,370.20001220703125,379.0,687,Lumber,LBS=F
2005-01-26,368.5,375.5,368.0,373.20001220703125,442,Lumber,LBS=F
2005-01-27,378.5,378.5,364.20001220703125,369.1000061035156,741,Lumber,LBS=F
2005-01-28,387.8999938964844,388.29998779296875,382.1000061035156,384.5,940,Lumber,LBS=F
2005-01-31,384.29998779296875,387.79998779296875,380.5,387.70001220703125,808,Lumber,LBS=F
2005-02-01,394.29998779296875,394.29998779296875,386.0,386.0,843,Lumber,LBS=F
2005-02-02,395.0,398.8999938964844,392.29998779296875,397.6000061035156,788,Lumber,LBS=F
2005-02-03,405.0,405.0,399.0,399.0,845,Lumber,LBS=F
2005-02-04,408.29998779296875,409.0,398.1000061035156,406.0,773,Lumber,LBS=F
2005-02-07,401.6000061035156,406.0,400.0,402.6000061035156,423,Lumber,LBS=F
2005-02-08,411.6000061035156,411.6000061035156,396.6000061035156,398.6000061035156,843,Lumber,LBS=F
2005-02-09,405.5,415.0,405.0,414.0,685,Lumber,LBS=F
2005-02-10,405.70001220703125,412.1000061035156,404.0,409.0,614,Lumber,LBS=F
2005-02-11,395.70001220703125,401.0,395.70001220703125,397.5,530,Lumber,LBS=F
2005-02-14,385.70001220703125,393.0,385.70001220703125,388.0,611,Lumber,LBS=F
2005-02-15,385.3999938964844,389.0,383.0,385.79998779296875,614,Lumber,LBS=F
2005-02-16,389.5,390.70001220703125,382.0,386.1000061035156,588,Lumber,LBS=F
2005-02-17,388.1000061035156,392.5,387.6000061035156,391.0,518,Lumber,LBS=F
2005-02-18,385.0,388.79998779296875,384.20001220703125,384.5,332,Lumber,LBS=F
2005-02-22,384.1000061035156,388.0,381.0,381.0,666,Lumber,LBS=F
2005-02-23,394.1000061035156,394.1000061035156,381.0,385.3999938964844,520,Lumber,LBS=F
2005-02-24,404.1000061035156,404.1000061035156,404.1000061035156,404.1000061035156,321,Lumber,LBS=F
2005-02-25,408.5,416.70001220703125,407.1000061035156,411.0,1039,Lumber,LBS=F
2005-02-28,418.5,418.5,408.5,409.5,656,Lumber,LBS=F
2005-03-01,412.70001220703125,418.5,410.5,418.5,773,Lumber,LBS=F
2005-03-02,400.0,408.79998779296875,397.0,407.5,834,Lumber,LBS=F
2005-03-03,398.29998779296875,401.79998779296875,396.20001220703125,397.8999938964844,404,Lumber,LBS=F
2005-03-04,407.70001220703125,408.0,398.5,400.5,352,Lumber,LBS=F
2005-03-07,405.29998779296875,407.79998779296875,402.8999938964844,406.0,257,Lumber,LBS=F
2005-03-08,395.0,405.5,392.1000061035156,404.5,955,Lumber,LBS=F
2005-03-09,401.0,402.0,394.0,395.0,204,Lumber,LBS=F
2005-03-10,395.0,405.0,393.5,400.5,232,Lumber,LBS=F
2005-03-11,400.0,400.0,392.1000061035156,393.20001220703125,151,Lumber,LBS=F
2005-03-14,405.0,405.0,396.20001220703125,397.0,206,Lumber,LBS=F
2005-03-15,408.0,408.0,396.5,403.0,863,Lumber,LBS=F
2005-03-16,406.20001220703125,408.0,403.20001220703125,406.0,1051,Lumber,LBS=F
2005-03-17,410.5,410.6000061035156,402.70001220703125,407.8999938964844,621,Lumber,LBS=F
2005-03-18,406.6000061035156,410.6000061035156,406.1000061035156,409.8999938964844,438,Lumber,LBS=F
2005-03-21,396.6000061035156,405.5,396.6000061035156,404.0,676,Lumber,LBS=F
2005-03-22,394.5,396.8999938964844,390.6000061035156,392.5,705,Lumber,LBS=F
2005-03-23,393.29998779296875,398.70001220703125,390.0,392.8999938964844,624,Lumber,LBS=F
2005-03-24,393.79998779296875,398.0,391.1000061035156,391.1000061035156,278,Lumber,LBS=F
2005-03-28,403.70001220703125,403.79998779296875,393.79998779296875,393.79998779296875,404,Lumber,LBS=F
2005-03-29,397.6000061035156,407.20001220703125,394.6000061035156,405.0,683,Lumber,LBS=F
2005-03-30,397.5,400.5,392.79998779296875,400.5,505,Lumber,LBS=F
2005-03-31,400.70001220703125,401.70001220703125,388.6000061035156,396.0,1033,Lumber,LBS=F
2005-04-01,398.70001220703125,402.8999938964844,397.5,402.79998779296875,630,Lumber,LBS=F
2005-04-04,388.70001220703125,401.0,388.70001220703125,401.0,799,Lumber,LBS=F
2005-04-05,388.29998779296875,388.6000061035156,381.70001220703125,384.5,797,Lumber,LBS=F
2005-04-06,382.5,385.5,380.1000061035156,385.0,656,Lumber,LBS=F
2005-04-07,386.20001220703125,387.0,379.6000061035156,382.1000061035156,604,Lumber,LBS=F
2005-04-08,376.20001220703125,383.0,376.20001220703125,383.0,561,Lumber,LBS=F
2005-04-11,371.5,376.3999938964844,366.6000061035156,372.5,1121,Lumber,LBS=F
2005-04-12,373.5,378.1000061035156,370.5,371.6000061035156,601,Lumber,LBS=F
2005-04-13,383.5,383.5,368.5,368.5,796,Lumber,LBS=F
2005-04-14,377.29998779296875,385.79998779296875,376.0,381.0,675,Lumber,LBS=F
2005-04-15,377.70001220703125,381.20001220703125,375.20001220703125,380.0,327,Lumber,LBS=F
2005-04-18,372.0,379.0,371.20001220703125,376.0,422,Lumber,LBS=F
2005-04-19,370.8999938964844,376.5,365.1000061035156,368.70001220703125,672,Lumber,LBS=F
2005-04-20,371.5,374.8999938964844,370.3999938964844,371.6000061035156,309,Lumber,LBS=F
2005-04-21,362.0,371.5,361.5,371.5,701,Lumber,LBS=F
2005-04-22,352.0,363.3999938964844,352.0,362.0,858,Lumber,LBS=F
2005-04-25,352.79998779296875,357.0,349.70001220703125,350.0,529,Lumber,LBS=F
2005-04-26,351.0,355.79998779296875,349.1000061035156,350.0,552,Lumber,LBS=F
2005-04-27,346.0,346.8999938964844,341.0,346.5,722,Lumber,LBS=F
2005-04-28,351.29998779296875,355.5,346.1000061035156,346.1000061035156,488,Lumber,LBS=F
2005-04-29,356.3999938964844,356.8999938964844,347.5,349.3999938964844,636,Lumber,LBS=F
2005-05-02,355.20001220703125,355.79998779296875,351.8999938964844,355.79998779296875,333,Lumber,LBS=F
2005-05-03,344.1000061035156,359.70001220703125,343.20001220703125,355.0,741,Lumber,LBS=F
2005-05-04,333.0,345.3999938964844,332.20001220703125,342.1000061035156,544,Lumber,LBS=F
2005-05-05,332.0,338.29998779296875,331.20001220703125,335.0,425,Lumber,LBS=F
2005-05-06,335.29998779296875,337.0,333.0,333.79998779296875,305,Lumber,LBS=F
2005-05-09,336.5,341.29998779296875,335.70001220703125,338.0,276,Lumber,LBS=F
2005-05-10,337.8999938964844,339.29998779296875,334.0,335.0,250,Lumber,LBS=F
2005-05-11,339.6000061035156,340.5,335.6000061035156,338.0,168,Lumber,LBS=F
2005-05-12,347.3999938964844,349.5,341.0,341.0,238,Lumber,LBS=F
2005-05-13,342.5,351.0,340.70001220703125,347.5,480,Lumber,LBS=F
2005-05-16,353.70001220703125,354.5,345.70001220703125,346.0,468,Lumber,LBS=F
2005-05-17,358.1000061035156,360.70001220703125,354.79998779296875,357.0,537,Lumber,LBS=F
2005-05-18,361.29998779296875,361.3999938964844,357.0,359.0,399,Lumber,LBS=F
2005-05-19,357.29998779296875,362.0,354.6000061035156,362.0,463,Lumber,LBS=F
2005-05-20,351.29998779296875,354.0,350.79998779296875,352.5,450,Lumber,LBS=F
2005-05-23,357.29998779296875,358.0,352.29998779296875,353.5,342,Lumber,LBS=F
2005-05-24,360.0,364.0,359.5,361.0,538,Lumber,LBS=F
2005-05-25,357.29998779296875,359.6000061035156,357.29998779296875,359.0,248,Lumber,LBS=F
2005-05-26,353.1000061035156,357.20001220703125,350.6000061035156,357.20001220703125,488,Lumber,LBS=F
2005-05-27,363.1000061035156,363.1000061035156,355.0,356.5,324,Lumber,LBS=F
2005-05-31,369.5,373.1000061035156,365.70001220703125,368.0,1138,Lumber,LBS=F
2005-06-01,364.1000061035156,373.6000061035156,363.0,373.0,777,Lumber,LBS=F
2005-06-02,360.6000061035156,363.5,355.5,361.29998779296875,589,Lumber,LBS=F
2005-06-03,354.5,366.5,352.6000061035156,363.6000061035156,484,Lumber,LBS=F
2005-06-06,356.5,357.29998779296875,348.3999938964844,353.20001220703125,547,Lumber,LBS=F
2005-06-07,350.79998779296875,356.0,349.70001220703125,356.0,405,Lumber,LBS=F
2005-06-08,347.29998779296875,349.79998779296875,342.79998779296875,349.79998779296875,638,Lumber,LBS=F
2005-06-09,347.0,349.0,343.29998779296875,345.20001220703125,278,Lumber,LBS=F
2005-06-10,341.6000061035156,348.70001220703125,341.0,346.0,512,Lumber,LBS=F
2005-06-13,344.20001220703125,347.3999938964844,338.79998779296875,340.1000061035156,533,Lumber,LBS=F
2005-06-14,336.6000061035156,346.0,336.6000061035156,343.8999938964844,479,Lumber,LBS=F
2005-06-15,337.0,338.70001220703125,333.6000061035156,334.0,331,Lumber,LBS=F
2005-06-16,335.29998779296875,340.1000061035156,333.79998779296875,337.0,441,Lumber,LBS=F
2005-06-17,337.3999938964844,338.0,331.6000061035156,334.0,487,Lumber,LBS=F
2005-06-20,342.1000061035156,343.20001220703125,334.6000061035156,336.0,479,Lumber,LBS=F
2005-06-21,347.8999938964844,348.29998779296875,343.0,343.5,440,Lumber,LBS=F
2005-06-22,337.8999938964844,349.79998779296875,337.8999938964844,349.0,661,Lumber,LBS=F
2005-06-23,334.29998779296875,336.8999938964844,332.20001220703125,336.8999938964844,315,Lumber,LBS=F
2005-06-24,326.1000061035156,333.0,325.8999938964844,331.0,653,Lumber,LBS=F
2005-06-27,319.6000061035156,326.3999938964844,318.5,325.0,426,Lumber,LBS=F
2005-06-28,324.5,325.8999938964844,321.5,323.1000061035156,479,Lumber,LBS=F
2005-06-29,321.0,325.3999938964844,319.70001220703125,324.5,503,Lumber,LBS=F
2005-06-30,325.29998779296875,326.0,323.5,324.6000061035156,459,Lumber,LBS=F
2005-07-01,330.8999938964844,332.0,321.5,325.29998779296875,435,Lumber,LBS=F
2005-07-05,336.0,340.0,330.0,330.0,394,Lumber,LBS=F
2005-07-06,333.0,338.0,332.1000061035156,337.8999938964844,304,Lumber,LBS=F
2005-07-07,333.79998779296875,335.0,328.29998779296875,331.0,220,Lumber,LBS=F
2005-07-08,336.29998779296875,336.79998779296875,334.5,336.5,136,Lumber,LBS=F
2005-07-11,332.5,337.8999938964844,332.1000061035156,336.8999938964844,394,Lumber,LBS=F
2005-07-12,333.29998779296875,336.0,331.79998779296875,332.5,172,Lumber,LBS=F
2005-07-13,333.1000061035156,336.5,333.1000061035156,335.0,247,Lumber,LBS=F
2005-07-14,345.29998779296875,347.0,337.0,338.0,363,Lumber,LBS=F
2005-07-15,355.79998779296875,355.79998779296875,348.1000061035156,348.1000061035156,453,Lumber,LBS=F
2005-07-18,341.0,342.20001220703125,334.0,337.0,467,Lumber,LBS=F
2005-07-19,331.0,342.8999938964844,331.0,342.20001220703125,726,Lumber,LBS=F
2005-07-20,326.20001220703125,333.29998779296875,325.3999938964844,330.0,624,Lumber,LBS=F
2005-07-21,322.79998779296875,326.0,322.1000061035156,324.0,447,Lumber,LBS=F
2005-07-22,323.29998779296875,324.0,321.5,322.0,326,Lumber,LBS=F
2005-07-25,315.5,324.8999938964844,315.5,322.1000061035156,729,Lumber,LBS=F
2005-07-26,313.1000061035156,318.20001220703125,312.29998779296875,313.5,714,Lumber,LBS=F
2005-07-27,307.70001220703125,313.6000061035156,307.29998779296875,309.0,377,Lumber,LBS=F
2005-07-28,312.8999938964844,313.3999938964844,307.29998779296875,307.70001220703125,455,Lumber,LBS=F
2005-07-29,302.8999938964844,313.0,302.8999938964844,312.8999938964844,1042,Lumber,LBS=F
2005-08-01,303.70001220703125,304.0,298.6000061035156,301.0,883,Lumber,LBS=F
2005-08-02,293.70001220703125,305.0,293.70001220703125,304.0,613,Lumber,LBS=F
2005-08-03,291.1000061035156,296.5,290.0,290.0,536,Lumber,LBS=F
2005-08-04,301.1000061035156,301.1000061035156,296.0,296.0,369,Lumber,LBS=F
2005-08-05,296.0,304.5,294.0,301.5,701,Lumber,LBS=F
2005-08-08,290.70001220703125,295.0,288.20001220703125,294.20001220703125,283,Lumber,LBS=F
2005-08-09,298.1000061035156,300.0,291.0,292.70001220703125,400,Lumber,LBS=F
2005-08-10,291.3999938964844,301.6000061035156,290.0,300.0,457,Lumber,LBS=F
2005-08-11,292.70001220703125,296.3999938964844,290.1000061035156,295.0,290,Lumber,LBS=F
2005-08-12,282.70001220703125,295.3999938964844,282.70001220703125,293.20001220703125,498,Lumber,LBS=F
2005-08-15,277.8999938964844,282.29998779296875,272.70001220703125,281.0,713,Lumber,LBS=F
2005-08-16,276.6000061035156,282.29998779296875,274.0,281.0,462,Lumber,LBS=F
2005-08-17,278.70001220703125,279.29998779296875,273.5,277.5,270,Lumber,LBS=F
2005-08-18,282.5,284.8999938964844,279.6000061035156,284.0,394,Lumber,LBS=F
2005-08-19,275.70001220703125,281.0,272.5,279.0,402,Lumber,LBS=F
2005-08-22,277.5,279.1000061035156,274.0,278.0,272,Lumber,LBS=F
2005-08-23,279.20001220703125,282.8999938964844,279.0,281.0,295,Lumber,LBS=F
2005-08-24,272.6000061035156,280.8999938964844,270.0,280.79998779296875,449,Lumber,LBS=F
2005-08-25,269.5,273.70001220703125,267.0,270.3999938964844,377,Lumber,LBS=F
2005-08-26,277.5,278.0,271.0,271.79998779296875,364,Lumber,LBS=F
2005-08-29,287.5,287.5,285.5,287.5,360,Lumber,LBS=F
2005-08-30,287.0,296.0,285.70001220703125,296.0,577,Lumber,LBS=F
2005-08-31,297.0,297.0,289.0,291.0,643,Lumber,LBS=F
2005-09-01,318.70001220703125,322.8999938964844,309.0,309.0,1040,Lumber,LBS=F
2005-09-02,321.8999938964844,326.70001220703125,319.1000061035156,324.0,372,Lumber,LBS=F
2005-09-06,331.79998779296875,331.79998779296875,321.0,322.6000061035156,632,Lumber,LBS=F
2005-09-07,309.6000061035156,323.0,308.0,323.0,420,Lumber,LBS=F
2005-09-08,314.0,317.6000061035156,310.1000061035156,310.3999938964844,345,Lumber,LBS=F
2005-09-09,318.70001220703125,323.3999938964844,316.0,318.1000061035156,543,Lumber,LBS=F
2005-09-12,322.70001220703125,329.0,319.0,319.0,305,Lumber,LBS=F
2005-09-13,337.0,342.0,320.1000061035156,325.0,407,Lumber,LBS=F
2005-09-14,337.0,339.79998779296875,329.0,336.8999938964844,73,Lumber,LBS=F
2005-09-15,334.79998779296875,339.20001220703125,334.79998779296875,335.0,645,Lumber,LBS=F
2005-09-16,289.5,299.5,289.5,299.5,476,Lumber,LBS=F
2005-09-19,292.20001220703125,293.3999938964844,283.1000061035156,287.5,526,Lumber,LBS=F
2005-09-20,298.8999938964844,302.20001220703125,295.0,295.5,577,Lumber,LBS=F
2005-09-21,306.0,308.79998779296875,294.29998779296875,298.0,720,Lumber,LBS=F
2005-09-22,316.0,316.0,316.0,316.0,142,Lumber,LBS=F
2005-09-23,326.0,326.0,323.0,326.0,958,Lumber,LBS=F
2005-09-26,311.0,314.0,311.0,311.0,399,Lumber,LBS=F
2005-09-27,317.5,318.0,309.0,311.0,670,Lumber,LBS=F
2005-09-28,307.5,316.0,307.5,315.8999938964844,350,Lumber,LBS=F
2005-09-29,308.29998779296875,312.0,302.70001220703125,305.0,457,Lumber,LBS=F
2005-09-30,304.8999938964844,312.0,304.79998779296875,311.0,1315,Lumber,LBS=F
2005-10-03,300.70001220703125,307.29998779296875,300.6000061035156,305.8999938964844,669,Lumber,LBS=F
2005-10-04,299.29998779296875,304.8999938964844,297.29998779296875,298.0,528,Lumber,LBS=F
2005-10-05,289.29998779296875,299.6000061035156,289.29998779296875,298.5,660,Lumber,LBS=F
2005-10-06,289.29998779296875,292.0,287.0,287.5,499,Lumber,LBS=F
2005-10-07,289.79998779296875,293.70001220703125,288.0,292.0,405,Lumber,LBS=F
2005-10-10,286.1000061035156,289.5,285.1000061035156,288.70001220703125,280,Lumber,LBS=F
2005-10-11,280.0,285.1000061035156,278.70001220703125,284.0,788,Lumber,LBS=F
2005-10-12,283.29998779296875,284.0,279.0,280.70001220703125,518,Lumber,LBS=F
2005-10-13,283.5,289.0,281.29998779296875,287.0,467,Lumber,LBS=F
2005-10-14,281.70001220703125,285.5,281.20001220703125,284.1000061035156,290,Lumber,LBS=F
2005-10-17,287.70001220703125,289.29998779296875,281.70001220703125,281.70001220703125,536,Lumber,LBS=F
2005-10-18,283.5,290.29998779296875,281.6000061035156,290.0,597,Lumber,LBS=F
2005-10-19,293.5,293.5,293.5,293.5,197,Lumber,LBS=F
2005-10-20,295.5,302.8999938964844,292.5,302.8999938964844,569,Lumber,LBS=F
2005-10-21,293.5,294.5,290.29998779296875,294.20001220703125,370,Lumber,LBS=F
2005-10-24,289.8999938964844,294.0,288.79998779296875,294.0,369,Lumber,LBS=F
2005-10-25,292.79998779296875,294.20001220703125,287.70001220703125,289.8999938964844,488,Lumber,LBS=F
2005-10-26,294.3999938964844,297.0,293.5,295.3999938964844,383,Lumber,LBS=F
2005-10-27,304.3999938964844,304.3999938964844,292.6000061035156,295.0,734,Lumber,LBS=F
2005-10-28,304.8999938964844,306.8999938964844,301.0,304.3999938964844,567,Lumber,LBS=F
2005-10-31,310.5,311.0,304.0,304.0,528,Lumber,LBS=F
2005-11-01,302.8999938964844,311.0,301.29998779296875,306.0,571,Lumber,LBS=F
2005-11-02,299.29998779296875,300.5,297.20001220703125,299.0,430,Lumber,LBS=F
2005-11-03,315.20001220703125,315.79998779296875,299.0,299.0,711,Lumber,LBS=F
2005-11-04,316.3999938964844,317.5,311.3999938964844,315.8999938964844,334,Lumber,LBS=F
2005-11-07,314.5,318.8999938964844,310.1000061035156,315.0,228,Lumber,LBS=F
2005-11-08,320.0,334.5,312.29998779296875,312.29998779296875,283,Lumber,LBS=F
2005-11-09,321.0,326.0,319.0,321.8999938964844,195,Lumber,LBS=F
2005-11-10,317.0,321.8999938964844,316.0,320.0,64,Lumber,LBS=F
2005-11-11,324.1000061035156,327.0,316.5,316.5,209,Lumber,LBS=F
2005-11-14,316.6000061035156,328.0,316.5,324.1000061035156,163,Lumber,LBS=F
2005-11-15,325.0,329.79998779296875,316.29998779296875,316.3999938964844,659,Lumber,LBS=F
2005-11-16,342.79998779296875,345.0,335.5,335.5,789,Lumber,LBS=F
2005-11-17,352.0,352.79998779296875,336.79998779296875,340.0,991,Lumber,LBS=F
2005-11-18,349.0,355.29998779296875,348.29998779296875,352.0,635,Lumber,LBS=F
2005-11-21,339.0,347.0,339.0,344.5,419,Lumber,LBS=F
2005-11-22,329.0,335.0,329.0,332.6000061035156,672,Lumber,LBS=F
2005-11-23,323.29998779296875,326.0,321.20001220703125,322.0,473,Lumber,LBS=F
2005-11-25,321.8999938964844,329.0,321.5,328.79998779296875,259,Lumber,LBS=F
2005-11-28,323.5,328.29998779296875,321.0,321.0,347,Lumber,LBS=F
2005-11-29,324.79998779296875,332.5,323.5,323.5,522,Lumber,LBS=F
2005-11-30,326.5,328.5,324.3999938964844,325.1000061035156,1656,Lumber,LBS=F
2005-12-01,336.5,336.5,333.1000061035156,336.5,591,Lumber,LBS=F
2005-12-02,339.5,344.6000061035156,338.79998779296875,340.6000061035156,462,Lumber,LBS=F
2005-12-05,329.5,335.29998779296875,329.5,334.0,301,Lumber,LBS=F
2005-12-06,327.79998779296875,331.29998779296875,325.0,329.3999938964844,388,Lumber,LBS=F
2005-12-07,322.79998779296875,326.0,319.70001220703125,325.6000061035156,655,Lumber,LBS=F
2005-12-08,323.79998779296875,327.70001220703125,323.0,323.0,292,Lumber,LBS=F
2005-12-09,321.0,325.0,318.79998779296875,323.79998779296875,495,Lumber,LBS=F
2005-12-12,327.0,331.0,321.0,321.0,428,Lumber,LBS=F
2005-12-13,323.79998779296875,327.29998779296875,322.70001220703125,323.0,159,Lumber,LBS=F
2005-12-14,330.3999938964844,332.5,321.70001220703125,322.1000061035156,309,Lumber,LBS=F
2005-12-15,335.8999938964844,339.79998779296875,333.79998779296875,333.79998779296875,700,Lumber,LBS=F
2005-12-16,339.5,340.0,333.20001220703125,334.1000061035156,361,Lumber,LBS=F
2005-12-19,333.1000061035156,339.5,332.70001220703125,336.0,302,Lumber,LBS=F
2005-12-20,336.70001220703125,337.6000061035156,333.20001220703125,334.5,286,Lumber,LBS=F
2005-12-21,346.70001220703125,346.70001220703125,346.70001220703125,346.70001220703125,402,Lumber,LBS=F
2005-12-22,356.70001220703125,356.70001220703125,351.5,351.5,388,Lumber,LBS=F
2005-12-23,354.20001220703125,357.5,351.0,357.5,472,Lumber,LBS=F
2005-12-27,364.20001220703125,364.20001220703125,353.0,354.20001220703125,462,Lumber,LBS=F
2005-12-28,358.5,364.70001220703125,356.0,364.0,766,Lumber,LBS=F
2005-12-29,362.0,362.0,355.1000061035156,357.70001220703125,385,Lumber,LBS=F
2005-12-30,359.0,366.5,359.0,363.8999938964844,576,Lumber,LBS=F
2006-01-03,360.70001220703125,368.79998779296875,356.5,363.8999938964844,668,Lumber,LBS=F
2006-01-04,373.8999938964844,374.79998779296875,362.5,362.5,628,Lumber,LBS=F
2006-01-05,372.0,374.79998779296875,368.79998779296875,374.79998779296875,419,Lumber,LBS=F
2006-01-06,367.3999938964844,369.0,365.0,365.0,243,Lumber,LBS=F
2006-01-09,362.0,363.0,356.0,359.0,163,Lumber,LBS=F
2006-01-10,364.20001220703125,374.79998779296875,358.20001220703125,359.1000061035156,180,Lumber,LBS=F
2006-01-11,355.6000061035156,362.0,355.5,362.0,138,Lumber,LBS=F
2006-01-12,365.79998779296875,365.79998779296875,353.20001220703125,353.20001220703125,148,Lumber,LBS=F
2006-01-13,359.79998779296875,365.70001220703125,357.0,365.70001220703125,443,Lumber,LBS=F
2006-01-17,369.29998779296875,375.0,369.29998779296875,372.0,641,Lumber,LBS=F
2006-01-18,360.3999938964844,365.0,359.29998779296875,363.3999938964844,1584,Lumber,LBS=F
2006-01-19,359.29998779296875,363.3999938964844,354.70001220703125,356.6000061035156,1132,Lumber,LBS=F
2006-01-20,363.79998779296875,366.0,358.29998779296875,360.3999938964844,638,Lumber,LBS=F
2006-01-23,370.6000061035156,372.8999938964844,365.1000061035156,367.79998779296875,638,Lumber,LBS=F
2006-01-24,375.29998779296875,376.3999938964844,370.1000061035156,371.0,618,Lumber,LBS=F
2006-01-25,365.29998779296875,374.5,365.29998779296875,374.20001220703125,669,Lumber,LBS=F
2006-01-26,363.6000061035156,365.5,357.70001220703125,361.29998779296875,712,Lumber,LBS=F
2006-01-27,365.5,367.1000061035156,362.29998779296875,366.1000061035156,451,Lumber,LBS=F
2006-01-30,358.6000061035156,362.8999938964844,357.0,357.0,529,Lumber,LBS=F
2006-01-31,355.79998779296875,357.0,353.20001220703125,354.0,2075,Lumber,LBS=F
2006-02-01,364.3999938964844,365.0,356.6000061035156,356.6000061035156,888,Lumber,LBS=F
2006-02-02,365.5,371.29998779296875,360.6000061035156,368.1000061035156,834,Lumber,LBS=F
2006-02-03,361.79998779296875,362.8999938964844,356.70001220703125,362.0,769,Lumber,LBS=F
2006-02-06,351.79998779296875,360.70001220703125,351.79998779296875,360.70001220703125,619,Lumber,LBS=F
2006-02-07,345.0,350.70001220703125,341.79998779296875,349.1000061035156,1108,Lumber,LBS=F
2006-02-08,342.0,345.20001220703125,338.6000061035156,340.0,605,Lumber,LBS=F
2006-02-09,340.5,344.5,339.79998779296875,344.0,561,Lumber,LBS=F
2006-02-10,344.0,345.0,340.20001220703125,340.5,670,Lumber,LBS=F
2006-02-13,334.0,344.5,334.0,342.20001220703125,760,Lumber,LBS=F
2006-02-14,334.8999938964844,338.5,333.0,333.29998779296875,628,Lumber,LBS=F
2006-02-15,335.79998779296875,340.8999938964844,333.5,336.6000061035156,549,Lumber,LBS=F
2006-02-16,339.70001220703125,345.0,338.79998779296875,342.0,593,Lumber,LBS=F
2006-02-17,335.5,340.79998779296875,332.20001220703125,339.70001220703125,536,Lumber,LBS=F
2006-02-21,338.20001220703125,338.5,333.5,335.5,457,Lumber,LBS=F
2006-02-22,338.79998779296875,340.79998779296875,338.1000061035156,339.29998779296875,312,Lumber,LBS=F
2006-02-23,336.70001220703125,340.0,335.29998779296875,337.79998779296875,450,Lumber,LBS=F
2006-02-24,341.0,341.0,336.0,337.0,381,Lumber,LBS=F
2006-02-27,339.5,341.0,338.5,340.8999938964844,198,Lumber,LBS=F
2006-02-28,330.5,340.1000061035156,329.5,339.8999938964844,693,Lumber,LBS=F
2006-03-01,332.20001220703125,334.70001220703125,330.6000061035156,333.5,415,Lumber,LBS=F
2006-03-02,338.6000061035156,339.0,333.5,337.0,339,Lumber,LBS=F
2006-03-03,339.29998779296875,341.0,337.1000061035156,339.0,159,Lumber,LBS=F
2006-03-06,336.5,338.5,336.0,338.29998779296875,149,Lumber,LBS=F
2006-03-07,335.0,337.29998779296875,334.0,337.29998779296875,278,Lumber,LBS=F
2006-03-08,329.1000061035156,336.1000061035156,328.20001220703125,336.0,326,Lumber,LBS=F
2006-03-09,331.20001220703125,336.0,331.0,332.0,167,Lumber,LBS=F
2006-03-10,330.3999938964844,332.5,330.20001220703125,331.5,97,Lumber,LBS=F
2006-03-13,331.5,334.79998779296875,330.0,331.29998779296875,243,Lumber,LBS=F
2006-03-14,326.6000061035156,334.70001220703125,326.6000061035156,332.20001220703125,123,Lumber,LBS=F
2006-03-15,325.0,332.8999938964844,325.0,332.8999938964844,439,Lumber,LBS=F
2006-03-16,336.29998779296875,344.6000061035156,334.79998779296875,339.0,732,Lumber,LBS=F
2006-03-17,326.29998779296875,335.0,326.29998779296875,333.29998779296875,982,Lumber,LBS=F
2006-03-20,327.0,328.0,323.8999938964844,326.0,686,Lumber,LBS=F
2006-03-21,324.20001220703125,327.3999938964844,322.29998779296875,325.0,476,Lumber,LBS=F
2006-03-22,324.3999938964844,327.3999938964844,324.20001220703125,324.6000061035156,298,Lumber,LBS=F
2006-03-23,321.20001220703125,325.0,320.8999938964844,323.5,407,Lumber,LBS=F
2006-03-24,324.70001220703125,324.8999938964844,322.0,324.79998779296875,228,Lumber,LBS=F
2006-03-27,325.79998779296875,326.8999938964844,322.0,322.0,242,Lumber,LBS=F
2006-03-28,325.5,330.0,324.70001220703125,328.70001220703125,476,Lumber,LBS=F
2006-03-29,324.0,328.5,322.70001220703125,326.20001220703125,430,Lumber,LBS=F
2006-03-30,322.8999938964844,328.0,322.70001220703125,328.0,308,Lumber,LBS=F
2006-03-31,324.8999938964844,326.1000061035156,321.20001220703125,326.1000061035156,1514,Lumber,LBS=F
2006-04-03,320.1000061035156,333.0,318.79998779296875,333.0,1519,Lumber,LBS=F
2006-04-04,326.8999938964844,327.1000061035156,317.0,319.1000061035156,818,Lumber,LBS=F
2006-04-05,331.5,332.0,325.6000061035156,329.5,683,Lumber,LBS=F
2006-04-06,325.6000061035156,331.5,325.6000061035156,331.3999938964844,409,Lumber,LBS=F
2006-04-07,326.0,326.5,322.70001220703125,325.6000061035156,298,Lumber,LBS=F
2006-04-10,322.1000061035156,324.0,316.5,316.5,679,Lumber,LBS=F
2006-04-11,326.70001220703125,327.29998779296875,321.20001220703125,324.0,261,Lumber,LBS=F
2006-04-12,330.1000061035156,330.29998779296875,325.70001220703125,325.70001220703125,351,Lumber,LBS=F
2006-04-13,334.20001220703125,334.5,329.1000061035156,330.79998779296875,611,Lumber,LBS=F
2006-04-17,330.3999938964844,332.29998779296875,327.20001220703125,330.0,506,Lumber,LBS=F
2006-04-18,326.0,328.20001220703125,324.0,325.0,344,Lumber,LBS=F
2006-04-19,336.0,336.0,325.0,326.1000061035156,621,Lumber,LBS=F
2006-04-20,338.8999938964844,340.0,335.0,337.5,604,Lumber,LBS=F
2006-04-21,338.8999938964844,341.8999938964844,334.3999938964844,340.5,441,Lumber,LBS=F
2006-04-24,335.1000061035156,340.0,332.29998779296875,339.8999938964844,306,Lumber,LBS=F
2006-04-25,337.1000061035156,338.6000061035156,334.70001220703125,335.29998779296875,322,Lumber,LBS=F
2006-04-26,347.1000061035156,347.1000061035156,337.5,337.5,822,Lumber,LBS=F
2006-04-27,344.0,348.3999938964844,343.0,347.0,466,Lumber,LBS=F
2006-04-28,344.70001220703125,345.3999938964844,340.20001220703125,343.29998779296875,683,Lumber,LBS=F
2006-05-01,345.3999938964844,347.6000061035156,342.6000061035156,344.20001220703125,192,Lumber,LBS=F
2006-05-02,336.20001220703125,345.3999938964844,336.0,345.3999938964844,301,Lumber,LBS=F
2006-05-03,335.70001220703125,338.3999938964844,335.29998779296875,338.20001220703125,118,Lumber,LBS=F
2006-05-04,334.0,336.70001220703125,333.70001220703125,336.70001220703125,50,Lumber,LBS=F
2006-05-05,330.6000061035156,334.0,328.29998779296875,333.1000061035156,274,Lumber,LBS=F
2006-05-08,330.5,330.6000061035156,328.5,330.5,115,Lumber,LBS=F
2006-05-09,329.6000061035156,334.0,328.0,328.0,143,Lumber,LBS=F
2006-05-10,325.70001220703125,330.1000061035156,325.0,329.3999938964844,57,Lumber,LBS=F
2006-05-11,324.6000061035156,330.0,322.70001220703125,326.1000061035156,113,Lumber,LBS=F
2006-05-12,322.1000061035156,324.70001220703125,319.0,321.70001220703125,102,Lumber,LBS=F
2006-05-15,315.0,320.1000061035156,313.0,320.1000061035156,657,Lumber,LBS=F
2006-05-16,326.0,327.0,320.6000061035156,325.0,311,Lumber,LBS=F
2006-05-17,323.20001220703125,324.5,321.6000061035156,323.70001220703125,311,Lumber,LBS=F
2006-05-18,315.8999938964844,321.29998779296875,315.79998779296875,319.1000061035156,768,Lumber,LBS=F
2006-05-19,312.70001220703125,319.70001220703125,312.6000061035156,313.5,640,Lumber,LBS=F
2006-05-22,314.0,315.79998779296875,312.70001220703125,312.70001220703125,294,Lumber,LBS=F
2006-05-23,316.8999938964844,317.8999938964844,313.3999938964844,314.79998779296875,466,Lumber,LBS=F
2006-05-24,311.3999938964844,316.8999938964844,310.6000061035156,314.20001220703125,584,Lumber,LBS=F
2006-05-25,311.5,312.70001220703125,309.6000061035156,311.6000061035156,312,Lumber,LBS=F
2006-05-26,307.5,311.0,307.1000061035156,310.5,351,Lumber,LBS=F
2006-05-30,304.6000061035156,308.29998779296875,304.5,306.5,657,Lumber,LBS=F
2006-05-31,301.29998779296875,305.0,299.3999938964844,304.6000061035156,3092,Lumber,LBS=F
2006-06-01,304.70001220703125,308.79998779296875,301.6000061035156,301.6000061035156,1082,Lumber,LBS=F
2006-06-02,298.5,305.29998779296875,295.1000061035156,305.1000061035156,712,Lumber,LBS=F
2006-06-05,295.79998779296875,300.0,293.5,293.5,655,Lumber,LBS=F
2006-06-06,290.3999938964844,296.5,289.79998779296875,295.70001220703125,532,Lumber,LBS=F
2006-06-07,294.1000061035156,295.3999938964844,289.6000061035156,291.0,471,Lumber,LBS=F
2006-06-08,297.0,297.20001220703125,293.6000061035156,295.0,304,Lumber,LBS=F
2006-06-09,296.79998779296875,299.20001220703125,294.20001220703125,297.0,418,Lumber,LBS=F
2006-06-12,306.79998779296875,306.79998779296875,299.8999938964844,303.0,771,Lumber,LBS=F
2006-06-13,303.29998779296875,309.79998779296875,297.79998779296875,309.79998779296875,672,Lumber,LBS=F
2006-06-14,298.0,303.0,294.79998779296875,301.0,496,Lumber,LBS=F
2006-06-15,298.0,301.70001220703125,296.20001220703125,298.0,371,Lumber,LBS=F
2006-06-16,298.0,302.0,297.6000061035156,298.20001220703125,292,Lumber,LBS=F
2006-06-19,292.5,300.0,292.5,299.6000061035156,429,Lumber,LBS=F
2006-06-20,293.0,298.0,288.6000061035156,298.0,762,Lumber,LBS=F
2006-06-21,299.5,300.0,291.6000061035156,292.0,597,Lumber,LBS=F
2006-06-22,302.29998779296875,303.8999938964844,298.1000061035156,299.5,353,Lumber,LBS=F
2006-06-23,297.79998779296875,301.3999938964844,296.70001220703125,299.5,483,Lumber,LBS=F
2006-06-26,300.5,303.70001220703125,299.5,302.0,494,Lumber,LBS=F
2006-06-27,297.5,301.6000061035156,296.70001220703125,300.5,497,Lumber,LBS=F
2006-06-28,288.6000061035156,297.3999938964844,287.5,297.3999938964844,402,Lumber,LBS=F
2006-06-29,287.5,291.8999938964844,286.1000061035156,288.6000061035156,775,Lumber,LBS=F
2006-06-30,294.5,294.70001220703125,287.70001220703125,290.5,411,Lumber,LBS=F
2006-07-03,298.0,299.0,295.0,295.0,209,Lumber,LBS=F
2006-07-05,298.3999938964844,299.3999938964844,294.6000061035156,297.0,249,Lumber,LBS=F
2006-07-06,303.79998779296875,304.1000061035156,297.79998779296875,298.0,333,Lumber,LBS=F
2006-07-07,300.20001220703125,304.79998779296875,300.0,301.79998779296875,262,Lumber,LBS=F
2006-07-10,301.0,304.0,297.1000061035156,303.70001220703125,182,Lumber,LBS=F
2006-07-11,300.79998779296875,302.8999938964844,299.6000061035156,302.29998779296875,129,Lumber,LBS=F
2006-07-12,298.3999938964844,300.5,297.29998779296875,298.29998779296875,113,Lumber,LBS=F
2006-07-13,287.1000061035156,296.8999938964844,286.1000061035156,294.5,114,Lumber,LBS=F
2006-07-14,285.0,288.8999938964844,282.0,287.1000061035156,346,Lumber,LBS=F
2006-07-17,280.3999938964844,282.8999938964844,279.6000061035156,282.0,344,Lumber,LBS=F
2006-07-18,281.20001220703125,283.70001220703125,279.0,279.6000061035156,467,Lumber,LBS=F
2006-07-19,278.8999938964844,279.1000061035156,275.5,278.29998779296875,509,Lumber,LBS=F
2006-07-20,280.0,282.0,278.0,278.8999938964844,397,Lumber,LBS=F
2006-07-21,278.29998779296875,282.1000061035156,276.0,281.3999938964844,375,Lumber,LBS=F
2006-07-24,273.8999938964844,279.0,272.6000061035156,276.0,381,Lumber,LBS=F
2006-07-25,272.70001220703125,275.29998779296875,270.5,270.5,464,Lumber,LBS=F
2006-07-26,274.1000061035156,274.70001220703125,271.70001220703125,271.70001220703125,376,Lumber,LBS=F
2006-07-27,275.1000061035156,282.0,274.0,274.8999938964844,535,Lumber,LBS=F
2006-07-28,272.29998779296875,275.0,272.1000061035156,272.5,382,Lumber,LBS=F
2006-07-31,273.0,274.0,268.5,274.0,3562,Lumber,LBS=F
2006-08-01,268.1000061035156,277.0,266.6000061035156,273.0,793,Lumber,LBS=F
2006-08-02,270.5,272.29998779296875,268.5,269.3999938964844,651,Lumber,LBS=F
2006-08-03,274.79998779296875,278.8999938964844,270.6000061035156,272.70001220703125,647,Lumber,LBS=F
2006-08-04,276.8999938964844,280.3999938964844,275.29998779296875,276.70001220703125,527,Lumber,LBS=F
2006-08-07,278.0,284.0,276.5,279.0,642,Lumber,LBS=F
2006-08-08,272.1000061035156,282.0,271.0,278.0,607,Lumber,LBS=F
2006-08-09,264.3999938964844,269.5,262.1000061035156,268.6000061035156,756,Lumber,LBS=F
2006-08-10,264.5,266.3999938964844,263.1000061035156,265.0,340,Lumber,LBS=F
2006-08-11,265.0,267.3999938964844,263.5,267.3999938964844,328,Lumber,LBS=F
2006-08-14,265.8999938964844,267.29998779296875,263.6000061035156,267.29998779296875,309,Lumber,LBS=F
2006-08-15,265.79998779296875,268.29998779296875,261.6000061035156,268.29998779296875,525,Lumber,LBS=F
2006-08-16,267.0,271.70001220703125,265.0,265.0,477,Lumber,LBS=F
2006-08-17,277.0,277.0,268.5,268.5,477,Lumber,LBS=F
2006-08-18,275.0,278.0,272.1000061035156,278.0,361,Lumber,LBS=F
2006-08-21,282.3999938964844,284.5,275.0,276.0,518,Lumber,LBS=F
2006-08-22,281.29998779296875,281.3999938964844,276.5,279.5,436,Lumber,LBS=F
2006-08-23,276.5,280.0,271.70001220703125,280.0,323,Lumber,LBS=F
2006-08-24,278.0,280.20001220703125,276.5,277.5,251,Lumber,LBS=F
2006-08-25,285.79998779296875,288.0,279.1000061035156,279.1000061035156,583,Lumber,LBS=F
2006-08-28,286.20001220703125,289.0,285.5,288.0,250,Lumber,LBS=F
2006-08-29,283.5,289.1000061035156,281.79998779296875,287.20001220703125,219,Lumber,LBS=F
2006-08-30,289.5,291.29998779296875,282.5,284.0,439,Lumber,LBS=F
2006-08-31,288.5,293.5,285.6000061035156,291.0,334,Lumber,LBS=F
2006-09-01,283.5,288.5,283.0,288.5,255,Lumber,LBS=F
2006-09-05,275.70001220703125,281.0,274.3999938964844,278.0,442,Lumber,LBS=F
2006-09-06,278.3999938964844,278.6000061035156,272.6000061035156,274.6000061035156,476,Lumber,LBS=F
2006-09-07,277.8999938964844,281.29998779296875,276.1000061035156,276.5,512,Lumber,LBS=F
2006-09-08,279.70001220703125,280.0,273.70001220703125,273.79998779296875,218,Lumber,LBS=F
2006-09-11,275.70001220703125,279.5,275.70001220703125,277.1000061035156,316,Lumber,LBS=F
2006-09-12,277.5,278.0,274.0,274.79998779296875,138,Lumber,LBS=F
2006-09-13,275.5,276.8999938964844,274.5,276.8999938964844,83,Lumber,LBS=F
2006-09-14,275.8999938964844,277.8999938964844,270.20001220703125,275.1000061035156,96,Lumber,LBS=F
2006-09-15,262.0,273.0,262.0,273.0,547,Lumber,LBS=F
2006-09-18,261.20001220703125,265.6000061035156,260.1000061035156,265.6000061035156,591,Lumber,LBS=F
2006-09-19,257.6000061035156,261.0,257.0,259.0,411,Lumber,LBS=F
2006-09-20,258.5,260.0,256.70001220703125,257.6000061035156,407,Lumber,LBS=F
2006-09-21,258.29998779296875,260.3999938964844,256.5,258.79998779296875,423,Lumber,LBS=F
2006-09-22,258.5,259.0,256.20001220703125,259.0,308,Lumber,LBS=F
2006-09-25,258.5,260.6000061035156,257.0,257.0,309,Lumber,LBS=F
2006-09-26,255.5,259.5,255.0,255.0,442,Lumber,LBS=F
2006-09-27,250.10000610351562,257.0,250.0,254.0,1019,Lumber,LBS=F
2006-09-28,241.5,251.0,240.10000610351562,251.0,1250,Lumber,LBS=F
2006-09-29,240.60000610351562,245.1999969482422,240.60000610351562,242.0,2866,Lumber,LBS=F
2006-10-02,234.5,244.3000030517578,234.0,242.1999969482422,1414,Lumber,LBS=F
2006-10-03,236.3000030517578,236.6999969482422,233.3000030517578,236.0,611,Lumber,LBS=F
2006-10-04,235.60000610351562,239.0,235.0,237.3000030517578,775,Lumber,LBS=F
2006-10-05,234.5,235.60000610351562,232.1999969482422,235.5,406,Lumber,LBS=F
2006-10-06,243.89999389648438,244.5,234.0,234.0,642,Lumber,LBS=F
2006-10-09,253.89999389648438,253.89999389648438,253.0,253.0,408,Lumber,LBS=F
2006-10-10,255.39999389648438,258.0,247.8000030517578,252.0,933,Lumber,LBS=F
2006-10-11,254.8000030517578,260.6000061035156,252.60000610351562,258.0,679,Lumber,LBS=F
2006-10-12,257.70001220703125,260.3999938964844,255.0,255.5,532,Lumber,LBS=F
2006-10-13,262.20001220703125,264.0,258.0,262.0,536,Lumber,LBS=F
2006-10-16,260.5,261.70001220703125,258.1000061035156,259.79998779296875,514,Lumber,LBS=F
2006-10-17,252.3000030517578,256.0,250.5,256.0,581,Lumber,LBS=F
2006-10-18,247.0,251.1999969482422,246.39999389648438,247.6999969482422,696,Lumber,LBS=F
2006-10-19,247.0,248.8000030517578,245.60000610351562,246.60000610351562,462,Lumber,LBS=F
2006-10-20,243.39999389648438,245.8000030517578,243.1999969482422,244.6999969482422,409,Lumber,LBS=F
2006-10-23,245.8000030517578,250.0,244.1999969482422,246.0,414,Lumber,LBS=F
2006-10-24,245.8000030517578,248.3000030517578,245.5,247.0,375,Lumber,LBS=F
2006-10-25,242.6999969482422,244.3000030517578,241.3000030517578,242.5,391,Lumber,LBS=F
2006-10-26,243.0,244.89999389648438,241.8000030517578,242.5,336,Lumber,LBS=F
2006-10-27,245.1999969482422,245.8000030517578,241.0,242.60000610351562,869,Lumber,LBS=F
2006-10-30,252.1999969482422,255.1999969482422,243.8000030517578,244.0,652,Lumber,LBS=F
2006-10-31,243.89999389648438,252.1999969482422,242.5,252.1999969482422,695,Lumber,LBS=F
2006-11-01,239.1999969482422,244.89999389648438,239.0,243.0,441,Lumber,LBS=F
2006-11-02,237.60000610351562,240.0,237.3000030517578,238.0,274,Lumber,LBS=F
2006-11-03,238.89999389648438,240.3000030517578,236.1999969482422,237.60000610351562,268,Lumber,LBS=F
2006-11-06,242.3000030517578,245.8000030517578,237.0,237.0,407,Lumber,LBS=F
2006-11-07,236.5,244.0,236.39999389648438,242.0,324,Lumber,LBS=F
2006-11-08,233.39999389648438,235.10000610351562,232.5,235.10000610351562,202,Lumber,LBS=F
2006-11-09,233.5,235.3000030517578,232.1999969482422,233.39999389648438,225,Lumber,LBS=F
2006-11-10,233.89999389648438,235.60000610351562,233.6999969482422,234.5,167,Lumber,LBS=F
2006-11-13,233.10000610351562,236.0,232.10000610351562,234.0,268,Lumber,LBS=F
2006-11-14,233.5,234.39999389648438,231.3000030517578,232.10000610351562,391,Lumber,LBS=F
2006-11-15,249.0,250.5,238.10000610351562,238.10000610351562,432,Lumber,LBS=F
2006-11-16,268.5,279.0,268.3999938964844,273.5,928,Lumber,LBS=F
2006-11-17,259.8999938964844,265.0,259.3999938964844,265.0,712,Lumber,LBS=F
2006-11-20,261.70001220703125,264.5,257.20001220703125,259.8999938964844,612,Lumber,LBS=F
2006-11-21,262.29998779296875,264.5,260.3999938964844,260.8999938964844,293,Lumber,LBS=F
2006-11-22,260.20001220703125,265.79998779296875,259.79998779296875,263.1000061035156,318,Lumber,LBS=F
2006-11-24,263.0,264.29998779296875,260.5,260.5,136,Lumber,LBS=F
2006-11-27,264.0,267.20001220703125,262.0,262.0,408,Lumber,LBS=F
2006-11-28,264.5,268.29998779296875,264.5,267.5,481,Lumber,LBS=F
2006-11-29,263.5,265.0,263.20001220703125,264.20001220703125,306,Lumber,LBS=F
2006-11-30,266.6000061035156,267.5,262.5,262.5,2801,Lumber,LBS=F
2006-12-01,263.6000061035156,265.8999938964844,261.70001220703125,265.8999938964844,820,Lumber,LBS=F
2006-12-04,264.29998779296875,267.29998779296875,262.79998779296875,263.20001220703125,336,Lumber,LBS=F
2006-12-05,259.3999938964844,263.0,256.6000061035156,263.0,898,Lumber,LBS=F
2006-12-06,253.10000610351562,257.5,252.39999389648438,256.6000061035156,732,Lumber,LBS=F
2006-12-07,255.10000610351562,255.1999969482422,251.5,251.60000610351562,648,Lumber,LBS=F
2006-12-08,261.79998779296875,262.20001220703125,252.8000030517578,253.5,665,Lumber,LBS=F
2006-12-11,261.79998779296875,261.8999938964844,259.0,260.0,412,Lumber,LBS=F
2006-12-12,264.8999938964844,265.70001220703125,262.70001220703125,263.6000061035156,827,Lumber,LBS=F
2006-12-13,264.20001220703125,265.1000061035156,263.3999938964844,264.8999938964844,742,Lumber,LBS=F
2006-12-14,264.79998779296875,265.20001220703125,263.0,264.3999938964844,755,Lumber,LBS=F
2006-12-15,264.3999938964844,264.3999938964844,261.6000061035156,264.0,625,Lumber,LBS=F
2006-12-18,261.0,263.79998779296875,261.0,263.0,792,Lumber,LBS=F
2006-12-19,259.3999938964844,259.8999938964844,257.0,258.0,714,Lumber,LBS=F
2006-12-20,259.6000061035156,260.20001220703125,257.5,258.5,582,Lumber,LBS=F
2006-12-21,268.70001220703125,268.8999938964844,261.5,262.0,783,Lumber,LBS=F
2006-12-22,267.5,269.20001220703125,265.70001220703125,267.79998779296875,342,Lumber,LBS=F
2006-12-26,270.20001220703125,271.29998779296875,265.0,267.8999938964844,271,Lumber,LBS=F
2006-12-27,270.20001220703125,272.1000061035156,270.1000061035156,271.29998779296875,189,Lumber,LBS=F
2006-12-28,268.29998779296875,270.0,266.29998779296875,269.20001220703125,407,Lumber,LBS=F
2006-12-29,268.0,268.8999938964844,266.79998779296875,267.29998779296875,611,Lumber,LBS=F
2007-01-02,268.0,268.0,268.0,268.0,2,Lumber,LBS=F
2007-01-03,268.79998779296875,271.0,267.29998779296875,269.5,287,Lumber,LBS=F
2007-01-04,267.0,268.5,264.70001220703125,268.0,208,Lumber,LBS=F
2007-01-05,275.6000061035156,277.0,270.0,270.0,334,Lumber,LBS=F
2007-01-08,277.20001220703125,277.20001220703125,275.1000061035156,276.79998779296875,194,Lumber,LBS=F
2007-01-09,272.1000061035156,279.5,272.1000061035156,275.1000061035156,337,Lumber,LBS=F
2007-01-10,268.6000061035156,272.5,267.29998779296875,272.1000061035156,184,Lumber,LBS=F
2007-01-11,262.5,265.5,261.3999938964844,262.1000061035156,62,Lumber,LBS=F
2007-01-12,257.5,262.1000061035156,255.60000610351562,262.1000061035156,791,Lumber,LBS=F
2007-01-16,272.1000061035156,276.0,272.0,275.5,1128,Lumber,LBS=F
2007-01-17,272.0,274.5,270.5,271.0,591,Lumber,LBS=F
2007-01-18,272.29998779296875,273.79998779296875,271.6000061035156,272.0,307,Lumber,LBS=F
2007-01-19,263.8999938964844,270.0,262.70001220703125,268.3999938964844,1407,Lumber,LBS=F
2007-01-22,261.6000061035156,263.70001220703125,259.8999938964844,262.0,647,Lumber,LBS=F
2007-01-23,260.3999938964844,263.29998779296875,260.0,261.20001220703125,697,Lumber,LBS=F
2007-01-24,257.20001220703125,262.0,256.29998779296875,262.0,737,Lumber,LBS=F
2007-01-25,260.0,263.0,257.3999938964844,257.3999938964844,590,Lumber,LBS=F
2007-01-26,256.5,259.5,254.6999969482422,258.29998779296875,654,Lumber,LBS=F
2007-01-29,256.29998779296875,258.79998779296875,256.0,258.5,349,Lumber,LBS=F
2007-01-30,259.29998779296875,260.8999938964844,256.3999938964844,256.3999938964844,487,Lumber,LBS=F
2007-01-31,251.6999969482422,258.5,251.5,258.0,3360,Lumber,LBS=F
2007-02-01,255.6999969482422,256.5,251.6999969482422,253.0,752,Lumber,LBS=F
2007-02-02,254.6999969482422,257.3999938964844,252.6999969482422,256.0,314,Lumber,LBS=F
2007-02-05,257.20001220703125,258.0,251.60000610351562,254.0,264,Lumber,LBS=F
2007-02-06,257.0,258.70001220703125,255.5,257.0,387,Lumber,LBS=F
2007-02-07,263.20001220703125,264.20001220703125,257.0,257.0,872,Lumber,LBS=F
2007-02-08,262.6000061035156,265.0,261.6000061035156,265.0,690,Lumber,LBS=F
2007-02-09,267.8999938964844,267.8999938964844,261.70001220703125,265.5,906,Lumber,LBS=F
2007-02-12,265.20001220703125,270.79998779296875,264.70001220703125,270.79998779296875,1122,Lumber,LBS=F
2007-02-13,266.3999938964844,267.79998779296875,264.3999938964844,266.79998779296875,553,Lumber,LBS=F
2007-02-14,269.3999938964844,269.3999938964844,265.0,265.3999938964844,755,Lumber,LBS=F
2007-02-15,273.6000061035156,275.0,270.70001220703125,270.70001220703125,1703,Lumber,LBS=F
2007-02-16,267.20001220703125,272.29998779296875,266.6000061035156,272.29998779296875,719,Lumber,LBS=F
2007-02-20,267.6000061035156,272.1000061035156,267.5,270.0,579,Lumber,LBS=F
2007-02-21,268.5,268.79998779296875,263.6000061035156,264.0,610,Lumber,LBS=F
2007-02-22,269.5,270.79998779296875,267.5,267.5,372,Lumber,LBS=F
2007-02-23,271.3999938964844,271.70001220703125,267.6000061035156,270.0,1280,Lumber,LBS=F
2007-02-26,261.79998779296875,270.0,261.3999938964844,270.0,1046,Lumber,LBS=F
2007-02-27,252.60000610351562,259.1000061035156,252.60000610351562,259.0,1273,Lumber,LBS=F
2007-02-28,253.3000030517578,254.5,250.60000610351562,252.60000610351562,960,Lumber,LBS=F
2007-03-01,248.8000030517578,253.0,248.10000610351562,252.0,396,Lumber,LBS=F
2007-03-02,249.39999389648438,250.39999389648438,247.5,249.0,237,Lumber,LBS=F
2007-03-05,246.0,249.5,244.10000610351562,247.89999389648438,355,Lumber,LBS=F
2007-03-06,245.1999969482422,247.89999389648438,243.5,244.60000610351562,336,Lumber,LBS=F
2007-03-07,246.10000610351562,246.5,241.8000030517578,245.0,174,Lumber,LBS=F
2007-03-08,245.0,246.5,242.5,246.0,310,Lumber,LBS=F
2007-03-09,240.0,246.39999389648438,239.6999969482422,244.8000030517578,159,Lumber,LBS=F
2007-03-12,241.89999389648438,243.0,237.60000610351562,240.0,222,Lumber,LBS=F
2007-03-13,237.5,241.1999969482422,236.0,240.1999969482422,212,Lumber,LBS=F
2007-03-14,238.0,243.0,238.0,238.60000610351562,124,Lumber,LBS=F
2007-03-15,230.5,237.5,229.0,235.6999969482422,1085,Lumber,LBS=F
2007-03-16,248.8000030517578,249.89999389648438,247.5,248.3000030517578,362,Lumber,LBS=F
2007-03-19,243.60000610351562,249.0,242.8000030517578,249.0,525,Lumber,LBS=F
2007-03-20,243.10000610351562,247.0,243.10000610351562,244.5,518,Lumber,LBS=F
2007-03-21,244.1999969482422,246.3000030517578,242.39999389648438,244.0,268,Lumber,LBS=F
2007-03-22,246.1999969482422,247.3000030517578,244.3000030517578,247.3000030517578,366,Lumber,LBS=F
2007-03-23,246.1999969482422,246.5,243.0,243.0,348,Lumber,LBS=F
2007-03-26,242.60000610351562,245.1999969482422,242.1999969482422,245.1999969482422,299,Lumber,LBS=F
2007-03-27,242.0,243.5,241.60000610351562,243.0,299,Lumber,LBS=F
2007-03-28,241.8000030517578,244.0,240.1999969482422,241.0,412,Lumber,LBS=F
2007-03-29,241.1999969482422,243.0,240.10000610351562,242.3000030517578,577,Lumber,LBS=F
2007-03-30,240.5,243.0,240.5,242.10000610351562,3603,Lumber,LBS=F
2007-04-02,249.3000030517578,249.60000610351562,242.0,242.0,1091,Lumber,LBS=F
2007-04-03,252.8000030517578,253.0,251.0,253.0,828,Lumber,LBS=F
2007-04-04,251.39999389648438,253.5,250.10000610351562,253.0,528,Lumber,LBS=F
2007-04-05,255.6999969482422,258.20001220703125,251.0,251.8000030517578,995,Lumber,LBS=F
2007-04-09,257.8999938964844,259.29998779296875,255.89999389648438,258.0,1261,Lumber,LBS=F
2007-04-10,255.1999969482422,257.79998779296875,252.6999969482422,257.79998779296875,335,Lumber,LBS=F
2007-04-11,249.5,257.0,247.3000030517578,256.5,639,Lumber,LBS=F
2007-04-12,248.8000030517578,249.5,247.5,248.8000030517578,473,Lumber,LBS=F
2007-04-13,250.6999969482422,252.6999969482422,249.0,249.1999969482422,469,Lumber,LBS=F
2007-04-16,249.5,254.1999969482422,248.6999969482422,254.1999969482422,915,Lumber,LBS=F
2007-04-17,243.5,249.5,243.5,249.5,825,Lumber,LBS=F
2007-04-18,242.60000610351562,245.8000030517578,241.60000610351562,243.3000030517578,548,Lumber,LBS=F
2007-04-19,240.5,242.60000610351562,239.6999969482422,241.8000030517578,658,Lumber,LBS=F
2007-04-20,241.1999969482422,242.1999969482422,239.6999969482422,240.0,324,Lumber,LBS=F
2007-04-23,238.3000030517578,241.60000610351562,237.0,239.8000030517578,470,Lumber,LBS=F
2007-04-24,235.10000610351562,236.89999389648438,232.60000610351562,236.0,889,Lumber,LBS=F
2007-04-25,236.5,237.5,233.60000610351562,234.10000610351562,368,Lumber,LBS=F
2007-04-26,239.0,239.0,236.1999969482422,237.3000030517578,344,Lumber,LBS=F
2007-04-27,238.39999389648438,239.60000610351562,237.10000610351562,239.3000030517578,694,Lumber,LBS=F
2007-04-30,232.1999969482422,238.1999969482422,231.8000030517578,237.0,536,Lumber,LBS=F
2007-05-01,230.1999969482422,233.8000030517578,229.6999969482422,231.6999969482422,759,Lumber,LBS=F
2007-05-02,228.1999969482422,229.39999389648438,227.8000030517578,228.10000610351562,669,Lumber,LBS=F
2007-05-03,230.39999389648438,235.0,229.0,230.0,546,Lumber,LBS=F
2007-05-04,230.5,231.8000030517578,230.0,230.39999389648438,199,Lumber,LBS=F
2007-05-07,229.89999389648438,231.89999389648438,229.10000610351562,230.5,238,Lumber,LBS=F
2007-05-08,229.89999389648438,231.1999969482422,228.1999969482422,228.1999969482422,546,Lumber,LBS=F
2007-05-09,228.10000610351562,229.3000030517578,227.10000610351562,229.10000610351562,316,Lumber,LBS=F
2007-05-10,227.60000610351562,229.1999969482422,227.3000030517578,227.8000030517578,399,Lumber,LBS=F
2007-05-11,233.3000030517578,234.5,227.0,227.0,474,Lumber,LBS=F
2007-05-14,230.10000610351562,236.8000030517578,230.0,234.10000610351562,275,Lumber,LBS=F
2007-05-15,240.0,240.0,235.0,235.10000610351562,1410,Lumber,LBS=F
2007-05-16,255.0,255.1999969482422,251.6999969482422,253.5,474,Lumber,LBS=F
2007-05-17,263.0,263.70001220703125,256.0,256.0,1151,Lumber,LBS=F
2007-05-18,260.5,263.0,258.6000061035156,263.0,493,Lumber,LBS=F
2007-05-21,259.1000061035156,261.5,257.79998779296875,259.6000061035156,405,Lumber,LBS=F
2007-05-22,269.1000061035156,269.1000061035156,269.1000061035156,259.6000061035156,1108,Lumber,LBS=F
2007-05-23,267.29998779296875,271.0,265.0,269.5,844,Lumber,LBS=F
2007-05-24,266.20001220703125,267.5,264.3999938964844,267.29998779296875,401,Lumber,LBS=F
2007-05-25,276.20001220703125,276.20001220703125,267.20001220703125,267.5,887,Lumber,LBS=F
2007-05-29,286.20001220703125,286.20001220703125,279.0,279.29998779296875,909,Lumber,LBS=F
2007-05-30,277.5,293.0,276.3999938964844,293.0,2650,Lumber,LBS=F
2007-05-31,277.79998779296875,285.0,274.0,275.0,1955,Lumber,LBS=F
2007-06-01,277.70001220703125,283.3999938964844,277.5,283.0,1560,Lumber,LBS=F
2007-06-04,285.0,285.0,277.70001220703125,277.70001220703125,704,Lumber,LBS=F
2007-06-05,275.0,286.79998779296875,275.0,286.0,738,Lumber,LBS=F
2007-06-06,280.0,285.0,271.20001220703125,272.6000061035156,927,Lumber,LBS=F
2007-06-07,279.20001220703125,280.79998779296875,272.5,277.5,475,Lumber,LBS=F
2007-06-08,281.6000061035156,282.79998779296875,275.8999938964844,282.0,438,Lumber,LBS=F
2007-06-11,283.5,283.5,277.0,277.0,262,Lumber,LBS=F
2007-06-12,282.3999938964844,284.29998779296875,276.6000061035156,281.70001220703125,495,Lumber,LBS=F
2007-06-13,291.0,291.79998779296875,279.29998779296875,279.29998779296875,1103,Lumber,LBS=F
2007-06-14,296.6000061035156,299.0,288.0,291.79998779296875,1176,Lumber,LBS=F
2007-06-15,298.29998779296875,302.29998779296875,295.29998779296875,297.5,902,Lumber,LBS=F
2007-06-18,290.0,297.0,288.29998779296875,297.0,702,Lumber,LBS=F
2007-06-19,290.1000061035156,292.3999938964844,286.79998779296875,292.3999938964844,1429,Lumber,LBS=F
2007-06-20,281.1000061035156,288.29998779296875,281.1000061035156,288.20001220703125,694,Lumber,LBS=F
2007-06-21,283.3999938964844,284.8999938964844,278.79998779296875,279.0,361,Lumber,LBS=F
2007-06-22,283.70001220703125,285.8999938964844,281.6000061035156,283.0,326,Lumber,LBS=F
2007-06-25,283.8999938964844,284.70001220703125,281.20001220703125,281.70001220703125,437,Lumber,LBS=F
2007-06-26,278.79998779296875,282.8999938964844,276.70001220703125,282.8999938964844,354,Lumber,LBS=F
2007-06-27,280.5,280.79998779296875,278.1000061035156,278.1000061035156,362,Lumber,LBS=F
2007-06-28,280.5,283.79998779296875,279.70001220703125,280.5,337,Lumber,LBS=F
2007-06-29,279.79998779296875,282.1000061035156,279.6000061035156,280.5,167,Lumber,LBS=F
2007-07-02,277.3999938964844,281.79998779296875,277.3999938964844,280.0,317,Lumber,LBS=F
2007-07-03,280.5,282.5,277.70001220703125,277.70001220703125,265,Lumber,LBS=F
2007-07-05,284.6000061035156,288.79998779296875,281.3999938964844,281.3999938964844,517,Lumber,LBS=F
2007-07-06,288.5,288.79998779296875,281.70001220703125,282.0,398,Lumber,LBS=F
2007-07-09,282.5,290.8999938964844,281.70001220703125,285.0,465,Lumber,LBS=F
2007-07-10,277.1000061035156,280.0,276.1000061035156,280.0,355,Lumber,LBS=F
2007-07-11,274.1000061035156,276.79998779296875,274.1000061035156,276.29998779296875,280,Lumber,LBS=F
2007-07-12,276.0,279.79998779296875,273.6000061035156,274.3999938964844,327,Lumber,LBS=F
2007-07-13,279.79998779296875,285.8999938964844,272.70001220703125,275.6000061035156,417,Lumber,LBS=F
2007-07-16,309.20001220703125,310.29998779296875,307.0,307.0,533,Lumber,LBS=F
2007-07-17,299.6000061035156,312.29998779296875,299.20001220703125,312.29998779296875,615,Lumber,LBS=F
2007-07-18,293.3999938964844,296.5,292.5,296.0,719,Lumber,LBS=F
2007-07-19,293.5,294.0,290.6000061035156,290.6000061035156,646,Lumber,LBS=F
2007-07-20,291.29998779296875,294.70001220703125,289.0,293.0,760,Lumber,LBS=F
2007-07-23,293.5,297.0,290.5,290.5,389,Lumber,LBS=F
2007-07-24,290.29998779296875,293.0,288.79998779296875,292.1000061035156,504,Lumber,LBS=F
2007-07-25,286.79998779296875,288.70001220703125,286.0,286.0,456,Lumber,LBS=F
2007-07-26,283.3999938964844,285.79998779296875,281.79998779296875,285.0,559,Lumber,LBS=F
2007-07-27,282.0,287.0,280.5,280.79998779296875,873,Lumber,LBS=F
2007-07-30,276.5,280.29998779296875,276.0,279.79998779296875,1739,Lumber,LBS=F
2007-07-31,279.5,280.0,277.29998779296875,277.3999938964844,1441,Lumber,LBS=F
2007-08-01,274.5,280.6000061035156,273.5,279.6000061035156,1323,Lumber,LBS=F
2007-08-02,282.20001220703125,283.0,272.79998779296875,274.5,789,Lumber,LBS=F
2007-08-03,280.8999938964844,285.79998779296875,279.70001220703125,282.5,577,Lumber,LBS=F
2007-08-06,272.8999938964844,283.20001220703125,272.79998779296875,282.0,776,Lumber,LBS=F
2007-08-08,274.0,276.0,272.5,274.0,281,Lumber,LBS=F
2007-08-09,278.20001220703125,278.5,269.6000061035156,271.0,526,Lumber,LBS=F
2007-08-10,280.1000061035156,282.6000061035156,278.0,280.0,493,Lumber,LBS=F
2007-08-13,281.8999938964844,286.0,281.79998779296875,286.0,414,Lumber,LBS=F
2007-08-14,285.79998779296875,286.5,281.0,281.8999938964844,836,Lumber,LBS=F
2007-08-15,284.5,286.29998779296875,282.8999938964844,285.79998779296875,504,Lumber,LBS=F
2007-08-16,274.5,281.5,274.5,277.0,777,Lumber,LBS=F
2007-08-17,278.20001220703125,279.70001220703125,275.6000061035156,275.79998779296875,507,Lumber,LBS=F
2007-08-20,274.8999938964844,277.0,274.1000061035156,274.1000061035156,538,Lumber,LBS=F
2007-08-21,274.3999938964844,276.6000061035156,274.29998779296875,274.5,425,Lumber,LBS=F
2007-08-22,265.5,274.0,264.3999938964844,274.0,1389,Lumber,LBS=F
2007-08-23,262.5,267.0,262.29998779296875,267.0,1021,Lumber,LBS=F
2007-08-24,263.5,264.5,262.1000061035156,262.5,343,Lumber,LBS=F
2007-08-27,260.29998779296875,265.1000061035156,259.79998779296875,264.1000061035156,890,Lumber,LBS=F
2007-08-28,257.79998779296875,262.5,255.0,262.0,1231,Lumber,LBS=F
2007-08-29,259.8999938964844,260.79998779296875,256.70001220703125,258.79998779296875,283,Lumber,LBS=F
2007-08-30,259.70001220703125,261.20001220703125,256.3999938964844,260.5,465,Lumber,LBS=F
2007-08-31,261.0,261.79998779296875,259.70001220703125,261.79998779296875,259,Lumber,LBS=F
2007-09-04,248.3000030517578,257.0,247.0,255.3000030517578,400,Lumber,LBS=F
2007-09-05,249.1999969482422,250.0,243.60000610351562,243.60000610351562,242,Lumber,LBS=F
2007-09-06,250.89999389648438,251.89999389648438,247.3000030517578,247.3000030517578,484,Lumber,LBS=F
2007-09-07,249.0,251.8000030517578,248.0,249.39999389648438,302,Lumber,LBS=F
2007-09-10,244.1999969482422,248.0,243.89999389648438,245.3000030517578,120,Lumber,LBS=F
2007-09-11,241.3000030517578,244.0,241.0,244.0,173,Lumber,LBS=F
2007-09-12,235.0,240.0,234.5,240.0,209,Lumber,LBS=F
2007-09-13,233.89999389648438,239.89999389648438,233.5,235.0,182,Lumber,LBS=F
2007-09-14,233.5,234.8000030517578,231.5,233.10000610351562,873,Lumber,LBS=F
2007-09-17,245.0,250.1999969482422,243.6999969482422,250.0,640,Lumber,LBS=F
2007-09-18,241.3000030517578,244.0,239.8000030517578,244.0,606,Lumber,LBS=F
2007-09-19,244.5,247.1999969482422,241.5,243.3000030517578,910,Lumber,LBS=F
2007-09-20,238.89999389648438,245.0,238.1999969482422,244.5,720,Lumber,LBS=F
2007-09-21,239.3000030517578,239.8000030517578,237.10000610351562,237.10000610351562,344,Lumber,LBS=F
2007-09-24,243.5,245.5,239.60000610351562,240.0,519,Lumber,LBS=F
2007-09-25,247.5,250.1999969482422,241.6999969482422,241.6999969482422,1080,Lumber,LBS=F
2007-09-26,241.60000610351562,249.5,241.3000030517578,247.89999389648438,1073,Lumber,LBS=F
2007-09-27,242.3000030517578,243.10000610351562,240.8000030517578,242.0,1487,Lumber,LBS=F
2007-09-28,248.6999969482422,249.0,242.8000030517578,244.0,2300,Lumber,LBS=F
2007-10-01,246.3000030517578,253.0,246.0,253.0,1773,Lumber,LBS=F
2007-10-02,240.5,244.0,238.6999969482422,244.0,1192,Lumber,LBS=F
2007-10-03,243.39999389648438,243.8000030517578,240.0,241.0,453,Lumber,LBS=F
2007-10-04,242.5,246.5,240.60000610351562,243.10000610351562,418,Lumber,LBS=F
2007-10-05,249.0,249.0,241.10000610351562,243.0,633,Lumber,LBS=F
2007-10-08,246.5,252.10000610351562,240.0,252.0,673,Lumber,LBS=F
2007-10-09,243.1999969482422,245.8000030517578,242.8000030517578,245.8000030517578,197,Lumber,LBS=F
2007-10-10,238.3000030517578,241.8000030517578,235.8000030517578,240.10000610351562,1031,Lumber,LBS=F
2007-10-11,238.0,239.3000030517578,236.3000030517578,238.5,457,Lumber,LBS=F
2007-10-12,236.39999389648438,238.5,235.5,238.10000610351562,305,Lumber,LBS=F
2007-10-15,236.60000610351562,238.0,235.89999389648438,236.5,944,Lumber,LBS=F
2007-10-16,233.89999389648438,238.1999969482422,233.6999969482422,237.89999389648438,1074,Lumber,LBS=F
2007-10-17,226.3000030517578,230.89999389648438,226.3000030517578,230.0,784,Lumber,LBS=F
2007-10-18,227.8000030517578,229.39999389648438,227.1999969482422,229.0,456,Lumber,LBS=F
2007-10-19,230.6999969482422,232.0,227.60000610351562,228.60000610351562,472,Lumber,LBS=F
2007-10-22,225.8000030517578,228.0,223.5,226.5,890,Lumber,LBS=F
2007-10-23,225.10000610351562,228.3000030517578,225.10000610351562,225.8000030517578,525,Lumber,LBS=F
2007-10-24,226.5,229.0,224.0,226.0,483,Lumber,LBS=F
2007-10-25,224.5,228.10000610351562,224.5,226.8000030517578,495,Lumber,LBS=F
2007-10-26,226.3000030517578,228.10000610351562,225.5,225.5,316,Lumber,LBS=F
2007-10-29,229.0,231.5,226.0,228.0,280,Lumber,LBS=F
2007-10-30,227.3000030517578,231.39999389648438,225.5,229.60000610351562,363,Lumber,LBS=F
2007-10-31,228.5,228.89999389648438,225.1999969482422,227.3000030517578,191,Lumber,LBS=F
2007-11-01,234.5,236.8000030517578,229.0,231.0,1085,Lumber,LBS=F
2007-11-02,226.60000610351562,233.0,226.1999969482422,233.0,279,Lumber,LBS=F
2007-11-05,226.0,227.5,224.0,225.5,260,Lumber,LBS=F
2007-11-06,227.1999969482422,229.0,226.0,226.10000610351562,249,Lumber,LBS=F
2007-11-07,230.10000610351562,233.0,228.0,228.0,186,Lumber,LBS=F
2007-11-08,233.3000030517578,239.0,229.0,229.8000030517578,219,Lumber,LBS=F
2007-11-09,240.5,244.0,234.10000610351562,234.10000610351562,394,Lumber,LBS=F
2007-11-12,236.5,243.0,236.1999969482422,241.0,104,Lumber,LBS=F
2007-11-13,237.0,243.60000610351562,235.0,240.0,266,Lumber,LBS=F
2007-11-14,228.60000610351562,236.60000610351562,228.3000030517578,236.5,314,Lumber,LBS=F
2007-11-15,229.10000610351562,231.0,228.0,230.0,784,Lumber,LBS=F
2007-11-16,267.0,268.29998779296875,262.0,262.1000061035156,652,Lumber,LBS=F
2007-11-19,258.79998779296875,269.1000061035156,257.6000061035156,267.1000061035156,793,Lumber,LBS=F
2007-11-20,255.8000030517578,260.6000061035156,253.1999969482422,260.0,808,Lumber,LBS=F
2007-11-21,254.1999969482422,257.0,254.10000610351562,256.0,215,Lumber,LBS=F
2007-11-23,254.60000610351562,257.70001220703125,254.60000610351562,254.60000610351562,195,Lumber,LBS=F
2007-11-26,252.8000030517578,258.70001220703125,252.1999969482422,254.5,547,Lumber,LBS=F
2007-11-27,253.3000030517578,255.3000030517578,252.6999969482422,255.0,153,Lumber,LBS=F
2007-11-28,255.8000030517578,256.5,253.10000610351562,253.10000610351562,903,Lumber,LBS=F
2007-11-29,254.3000030517578,258.0,254.3000030517578,256.1000061035156,1785,Lumber,LBS=F
2007-11-30,254.39999389648438,258.0,253.6999969482422,257.0,2506,Lumber,LBS=F
2007-12-03,248.60000610351562,255.8000030517578,248.39999389648438,255.8000030517578,2046,Lumber,LBS=F
2007-12-04,245.89999389648438,248.5,244.60000610351562,248.0,1095,Lumber,LBS=F
2007-12-05,245.3000030517578,247.5,244.0,244.0,484,Lumber,LBS=F
2007-12-06,244.39999389648438,245.5,241.8000030517578,244.5,572,Lumber,LBS=F
2007-12-07,245.60000610351562,247.1999969482422,243.1999969482422,246.0,252,Lumber,LBS=F
2007-12-10,248.1999969482422,248.39999389648438,244.8000030517578,245.60000610351562,415,Lumber,LBS=F
2007-12-11,252.0,252.0,249.0,249.0,1004,Lumber,LBS=F
2007-12-12,247.89999389648438,251.89999389648438,247.60000610351562,251.89999389648438,956,Lumber,LBS=F
2007-12-13,246.0,246.5,243.0,243.0,1557,Lumber,LBS=F
2007-12-14,248.6999969482422,250.0,246.0,246.0,768,Lumber,LBS=F
2007-12-17,245.5,249.5,245.0,248.89999389648438,332,Lumber,LBS=F
2007-12-18,244.39999389648438,245.5,243.1999969482422,245.0,452,Lumber,LBS=F
2007-12-19,242.8000030517578,244.6999969482422,242.5,243.10000610351562,877,Lumber,LBS=F
2007-12-20,240.6999969482422,244.0,240.5,240.5,636,Lumber,LBS=F
2007-12-21,240.0,242.0,239.5,240.1999969482422,839,Lumber,LBS=F
2007-12-24,239.5,242.0,238.8000030517578,242.0,262,Lumber,LBS=F
2007-12-26,236.8000030517578,240.8000030517578,236.5,240.8000030517578,310,Lumber,LBS=F
2007-12-27,236.5,238.60000610351562,235.89999389648438,237.5,500,Lumber,LBS=F
2007-12-28,234.8000030517578,236.0,233.8000030517578,236.0,706,Lumber,LBS=F
2007-12-31,234.5,235.0,233.5,234.0,297,Lumber,LBS=F
2008-01-02,232.3000030517578,235.1999969482422,229.5,233.89999389648438,472,Lumber,LBS=F
2008-01-03,231.3000030517578,233.6999969482422,230.6999969482422,230.6999969482422,390,Lumber,LBS=F
2008-01-04,228.10000610351562,229.10000610351562,227.0,229.10000610351562,272,Lumber,LBS=F
2008-01-07,223.8000030517578,227.10000610351562,223.0,227.10000610351562,414,Lumber,LBS=F
2008-01-08,221.39999389648438,224.39999389648438,221.10000610351562,223.0,435,Lumber,LBS=F
2008-01-09,214.0,221.0,212.5,219.8000030517578,513,Lumber,LBS=F
2008-01-10,211.1999969482422,214.0,208.6999969482422,213.0,360,Lumber,LBS=F
2008-01-11,209.1999969482422,211.3000030517578,208.5,209.3000030517578,212,Lumber,LBS=F
2008-01-14,204.5,209.0,204.10000610351562,207.39999389648438,136,Lumber,LBS=F
2008-01-15,197.10000610351562,203.0,195.0,202.6999969482422,1022,Lumber,LBS=F
2008-01-16,231.60000610351562,235.10000610351562,231.3000030517578,232.5,575,Lumber,LBS=F
2008-01-17,227.5,228.5,225.10000610351562,228.5,580,Lumber,LBS=F
2008-01-18,231.1999969482422,231.1999969482422,227.3000030517578,228.0,671,Lumber,LBS=F
2008-01-22,221.89999389648438,226.0,221.8000030517578,226.0,716,Lumber,LBS=F
2008-01-23,219.60000610351562,223.0,219.0,221.5,787,Lumber,LBS=F
2008-01-24,225.0,226.0,220.6999969482422,221.0,503,Lumber,LBS=F
2008-01-25,222.39999389648438,228.0,222.0,226.0,683,Lumber,LBS=F
2008-01-28,220.1999969482422,222.60000610351562,219.39999389648438,222.0,742,Lumber,LBS=F
2008-01-29,216.8000030517578,226.0,216.60000610351562,226.0,1055,Lumber,LBS=F
2008-01-30,213.60000610351562,218.6999969482422,213.60000610351562,215.5,2016,Lumber,LBS=F
2008-01-31,216.39999389648438,217.1999969482422,213.8000030517578,215.0,2666,Lumber,LBS=F
2008-02-01,221.0,222.0,215.6999969482422,216.0,1843,Lumber,LBS=F
2008-02-04,226.3000030517578,227.1999969482422,219.60000610351562,221.0,1063,Lumber,LBS=F
2008-02-05,221.5,226.3000030517578,219.5,226.3000030517578,1032,Lumber,LBS=F
2008-02-06,217.8000030517578,220.1999969482422,216.1999969482422,218.8000030517578,950,Lumber,LBS=F
2008-02-07,227.8000030517578,227.8000030517578,219.0,219.0,994,Lumber,LBS=F
2008-02-08,229.6999969482422,230.10000610351562,224.6999969482422,229.5,1111,Lumber,LBS=F
2008-02-11,233.6999969482422,233.6999969482422,228.0,228.0,1137,Lumber,LBS=F
2008-02-12,228.39999389648438,237.3000030517578,227.0,233.1999969482422,986,Lumber,LBS=F
2008-02-13,221.8000030517578,228.0,221.60000610351562,227.3000030517578,832,Lumber,LBS=F
2008-02-14,222.8000030517578,223.3000030517578,219.1999969482422,221.8000030517578,556,Lumber,LBS=F
2008-02-15,221.6999969482422,223.3000030517578,219.5,222.0,633,Lumber,LBS=F
2008-02-19,221.3000030517578,223.1999969482422,219.60000610351562,222.39999389648438,860,Lumber,LBS=F
2008-02-20,216.5,219.5,215.0,219.5,835,Lumber,LBS=F
2008-02-21,212.89999389648438,216.5,212.3000030517578,215.0,1141,Lumber,LBS=F
2008-02-22,222.6999969482422,222.89999389648438,215.1999969482422,216.10000610351562,1014,Lumber,LBS=F
2008-02-25,219.8000030517578,224.3000030517578,218.0,222.6999969482422,1501,Lumber,LBS=F
2008-02-26,214.8000030517578,218.5,213.5,218.1999969482422,851,Lumber,LBS=F
2008-02-27,216.39999389648438,217.8000030517578,211.8000030517578,214.8000030517578,484,Lumber,LBS=F
2008-02-28,219.6999969482422,221.3000030517578,215.10000610351562,218.0,686,Lumber,LBS=F
2008-02-29,219.1999969482422,219.5,216.5,217.8000030517578,507,Lumber,LBS=F
2008-03-03,216.5,219.6999969482422,216.0,217.8000030517578,327,Lumber,LBS=F
2008-03-04,206.39999389648438,216.0,206.1999969482422,215.8000030517578,742,Lumber,LBS=F
2008-03-05,200.0,205.89999389648438,200.0,205.0,450,Lumber,LBS=F
2008-03-06,200.10000610351562,202.8000030517578,200.0,200.10000610351562,440,Lumber,LBS=F
2008-03-07,200.60000610351562,202.89999389648438,200.3000030517578,200.6999969482422,291,Lumber,LBS=F
2008-03-10,194.8000030517578,205.10000610351562,194.1999969482422,201.10000610351562,784,Lumber,LBS=F
2008-03-11,188.10000610351562,195.5,188.10000610351562,194.8000030517578,389,Lumber,LBS=F
2008-03-12,190.8000030517578,192.39999389648438,189.10000610351562,189.10000610351562,318,Lumber,LBS=F
2008-03-13,185.89999389648438,191.0,185.6999969482422,190.8000030517578,300,Lumber,LBS=F
2008-03-14,188.0,191.89999389648438,187.60000610351562,187.60000610351562,1007,Lumber,LBS=F
2008-03-17,222.39999389648438,225.89999389648438,220.6999969482422,225.5,1532,Lumber,LBS=F
2008-03-18,221.3000030517578,223.10000610351562,221.10000610351562,222.0,357,Lumber,LBS=F
2008-03-19,221.60000610351562,225.0,220.1999969482422,222.89999389648438,765,Lumber,LBS=F
2008-03-20,225.60000610351562,228.0,223.60000610351562,223.60000610351562,919,Lumber,LBS=F
2008-03-24,230.8000030517578,232.1999969482422,229.1999969482422,230.5,555,Lumber,LBS=F
2008-03-25,225.0,230.6999969482422,225.0,230.3000030517578,802,Lumber,LBS=F
2008-03-26,226.3000030517578,230.6999969482422,225.10000610351562,225.1999969482422,660,Lumber,LBS=F
2008-03-27,223.3000030517578,226.5,223.3000030517578,226.0,1150,Lumber,LBS=F
2008-03-28,222.1999969482422,224.0,222.1999969482422,223.0,2553,Lumber,LBS=F
2008-03-31,222.10000610351562,225.60000610351562,221.8000030517578,222.3000030517578,2620,Lumber,LBS=F
2008-04-01,217.0,221.5,217.0,221.0,3097,Lumber,LBS=F
2008-04-02,225.89999389648438,226.89999389648438,217.0,217.0,1133,Lumber,LBS=F
2008-04-03,221.3000030517578,224.6999969482422,220.60000610351562,224.6999969482422,1302,Lumber,LBS=F
2008-04-04,229.0,229.6999969482422,222.0,223.89999389648438,1720,Lumber,LBS=F
2008-04-07,233.89999389648438,234.39999389648438,229.5,229.8000030517578,1391,Lumber,LBS=F
2008-04-08,243.89999389648438,243.89999389648438,241.0,243.89999389648438,998,Lumber,LBS=F
2008-04-09,241.8000030517578,246.5,237.8000030517578,244.0,938,Lumber,LBS=F
2008-04-10,235.6999969482422,239.0,235.0,236.1999969482422,1105,Lumber,LBS=F
2008-04-11,229.10000610351562,236.0,228.60000610351562,236.0,1090,Lumber,LBS=F
2008-04-14,224.60000610351562,227.0,223.0,227.0,985,Lumber,LBS=F
2008-04-15,216.5,223.0,216.5,223.0,848,Lumber,LBS=F
2008-04-16,213.89999389648438,218.8000030517578,213.6999969482422,215.5,554,Lumber,LBS=F
2008-04-17,219.0,219.5,213.0,213.8000030517578,681,Lumber,LBS=F
2008-04-18,221.1999969482422,221.8000030517578,217.0,220.10000610351562,706,Lumber,LBS=F
2008-04-21,217.10000610351562,220.89999389648438,217.10000610351562,220.0,772,Lumber,LBS=F
2008-04-22,212.0,215.10000610351562,210.1999969482422,215.0,459,Lumber,LBS=F
2008-04-23,208.60000610351562,211.5,208.60000610351562,210.89999389648438,319,Lumber,LBS=F
2008-04-24,213.0,214.8000030517578,208.3000030517578,208.3000030517578,417,Lumber,LBS=F
2008-04-25,214.6999969482422,219.6999969482422,211.0,212.0,564,Lumber,LBS=F
2008-04-28,215.5,217.6999969482422,215.0,216.0,375,Lumber,LBS=F
2008-04-29,219.8000030517578,220.10000610351562,217.0,218.5,632,Lumber,LBS=F
2008-04-30,210.3000030517578,219.0,209.8000030517578,219.0,632,Lumber,LBS=F
2008-05-01,209.39999389648438,216.8000030517578,209.10000610351562,210.5,799,Lumber,LBS=F
2008-05-02,216.60000610351562,216.60000610351562,211.10000610351562,211.10000610351562,581,Lumber,LBS=F
2008-05-05,216.10000610351562,218.0,215.0,218.0,378,Lumber,LBS=F
2008-05-06,220.10000610351562,220.5,216.10000610351562,216.10000610351562,259,Lumber,LBS=F
2008-05-07,226.10000610351562,227.39999389648438,220.89999389648438,220.89999389648438,335,Lumber,LBS=F
2008-05-08,229.0,230.1999969482422,225.10000610351562,228.1999969482422,602,Lumber,LBS=F
2008-05-09,232.0,232.0,229.5,230.10000610351562,297,Lumber,LBS=F
2008-05-12,233.10000610351562,233.39999389648438,230.10000610351562,231.60000610351562,138,Lumber,LBS=F
2008-05-13,226.60000610351562,232.89999389648438,225.6999969482422,232.1999969482422,230,Lumber,LBS=F
2008-05-14,225.89999389648438,231.3000030517578,223.60000610351562,227.60000610351562,255,Lumber,LBS=F
2008-05-15,224.10000610351562,228.1999969482422,224.0,226.0,729,Lumber,LBS=F
2008-05-16,245.89999389648438,249.0,245.5,246.0,718,Lumber,LBS=F
2008-05-19,242.89999389648438,247.1999969482422,242.6999969482422,246.1999969482422,331,Lumber,LBS=F
2008-05-20,245.0,245.60000610351562,241.5,242.89999389648438,366,Lumber,LBS=F
2008-05-21,248.89999389648438,255.0,245.10000610351562,245.10000610351562,1087,Lumber,LBS=F
2008-05-22,255.5,257.5,252.5,253.0,1031,Lumber,LBS=F
2008-05-23,251.0,256.0,250.8000030517578,255.5,531,Lumber,LBS=F
2008-05-27,253.0,253.60000610351562,250.0,250.0,550,Lumber,LBS=F
2008-05-28,249.6999969482422,255.10000610351562,249.3000030517578,253.5,1128,Lumber,LBS=F
2008-05-29,248.89999389648438,252.89999389648438,248.60000610351562,250.0,3068,Lumber,LBS=F
2008-05-30,246.3000030517578,251.8000030517578,246.1999969482422,248.89999389648438,3460,Lumber,LBS=F
2008-06-02,243.8000030517578,246.3000030517578,243.6999969482422,246.3000030517578,2530,Lumber,LBS=F
2008-06-03,245.10000610351562,246.8000030517578,243.0,243.0,1067,Lumber,LBS=F
2008-06-04,242.3000030517578,244.89999389648438,240.6999969482422,244.89999389648438,1299,Lumber,LBS=F
2008-06-05,241.89999389648438,243.8000030517578,240.5,241.10000610351562,854,Lumber,LBS=F
2008-06-06,243.89999389648438,245.60000610351562,241.6999969482422,242.8000030517578,745,Lumber,LBS=F
2008-06-09,242.3000030517578,243.6999969482422,239.8000030517578,243.0,990,Lumber,LBS=F
2008-06-10,244.5,244.60000610351562,239.10000610351562,239.10000610351562,503,Lumber,LBS=F
2008-06-11,245.89999389648438,246.0,241.6999969482422,241.6999969482422,857,Lumber,LBS=F
2008-06-12,241.5,246.10000610351562,241.3000030517578,245.8000030517578,1678,Lumber,LBS=F
2008-06-13,242.1999969482422,243.39999389648438,240.3000030517578,242.10000610351562,886,Lumber,LBS=F
2008-06-16,245.10000610351562,245.3000030517578,241.60000610351562,242.6999969482422,432,Lumber,LBS=F
2008-06-17,244.5,246.60000610351562,242.6999969482422,246.39999389648438,782,Lumber,LBS=F
2008-06-18,247.0,247.0,243.6999969482422,244.8000030517578,353,Lumber,LBS=F
2008-06-19,252.10000610351562,252.1999969482422,248.1999969482422,250.0,1195,Lumber,LBS=F
2008-06-20,250.89999389648438,253.0,249.5,252.8000030517578,543,Lumber,LBS=F
2008-06-23,249.5,250.0,246.0,250.0,564,Lumber,LBS=F
2008-06-24,242.5,248.39999389648438,242.39999389648438,248.39999389648438,638,Lumber,LBS=F
2008-06-25,241.60000610351562,243.8000030517578,240.60000610351562,243.0,548,Lumber,LBS=F
2008-06-26,238.89999389648438,241.3000030517578,238.60000610351562,240.60000610351562,633,Lumber,LBS=F
2008-06-27,243.0,243.0,240.1999969482422,241.0,389,Lumber,LBS=F
2008-06-30,242.0,243.5,240.89999389648438,242.0,769,Lumber,LBS=F
2008-07-01,239.0,241.89999389648438,238.0,241.89999389648438,355,Lumber,LBS=F
2008-07-02,241.6999969482422,242.10000610351562,240.3000030517578,240.6999969482422,627,Lumber,LBS=F
2008-07-03,248.5,248.8000030517578,244.5,244.5,581,Lumber,LBS=F
2008-07-07,251.5,252.10000610351562,248.0,248.89999389648438,404,Lumber,LBS=F
2008-07-08,249.0,251.0,246.10000610351562,250.1999969482422,360,Lumber,LBS=F
2008-07-09,250.5,252.1999969482422,249.10000610351562,249.89999389648438,429,Lumber,LBS=F
2008-07-10,253.6999969482422,255.1999969482422,253.10000610351562,253.10000610351562,233,Lumber,LBS=F
2008-07-11,256.0,256.0,251.60000610351562,254.39999389648438,326,Lumber,LBS=F
2008-07-14,256.8999938964844,257.79998779296875,255.3000030517578,256.20001220703125,194,Lumber,LBS=F
2008-07-15,249.1999969482422,255.8000030517578,248.1999969482422,255.8000030517578,934,Lumber,LBS=F
2008-07-16,245.10000610351562,247.0,245.10000610351562,246.1999969482422,786,Lumber,LBS=F
2008-07-17,245.5,248.1999969482422,244.60000610351562,248.10000610351562,731,Lumber,LBS=F
2008-07-18,246.60000610351562,248.6999969482422,245.0,245.0,483,Lumber,LBS=F
2008-07-21,245.6999969482422,247.5,245.60000610351562,246.60000610351562,454,Lumber,LBS=F
2008-07-22,246.10000610351562,248.1999969482422,245.6999969482422,247.10000610351562,317,Lumber,LBS=F
2008-07-23,248.10000610351562,249.89999389648438,246.6999969482422,246.8000030517578,524,Lumber,LBS=F
2008-07-24,252.6999969482422,253.0,249.3000030517578,249.89999389648438,1091,Lumber,LBS=F
2008-07-25,254.1999969482422,259.79998779296875,251.60000610351562,252.8000030517578,1403,Lumber,LBS=F
2008-07-28,252.10000610351562,257.0,252.10000610351562,256.0,649,Lumber,LBS=F
2008-07-29,246.6999969482422,252.5,244.5,252.5,1696,Lumber,LBS=F
2008-07-30,247.10000610351562,248.39999389648438,247.0,247.6999969482422,2462,Lumber,LBS=F
2008-07-31,253.0,255.0,248.5,248.5,3798,Lumber,LBS=F
2008-08-01,254.8000030517578,260.70001220703125,254.60000610351562,258.0,2760,Lumber,LBS=F
2008-08-04,259.0,259.0,255.0,256.0,839,Lumber,LBS=F
2008-08-05,261.29998779296875,261.3999938964844,256.20001220703125,259.5,1093,Lumber,LBS=F
2008-08-06,257.29998779296875,261.5,254.5,261.5,973,Lumber,LBS=F
2008-08-07,256.0,256.79998779296875,253.5,255.5,755,Lumber,LBS=F
2008-08-08,256.8999938964844,257.29998779296875,253.1999969482422,255.8000030517578,486,Lumber,LBS=F
2008-08-11,257.5,258.0,254.60000610351562,257.29998779296875,741,Lumber,LBS=F
2008-08-12,263.0,263.3999938964844,257.5,258.0,1331,Lumber,LBS=F
2008-08-13,267.29998779296875,267.29998779296875,262.6000061035156,263.0,1276,Lumber,LBS=F
2008-08-14,268.79998779296875,269.70001220703125,265.0,267.29998779296875,1089,Lumber,LBS=F
2008-08-15,265.1000061035156,268.29998779296875,263.70001220703125,268.29998779296875,840,Lumber,LBS=F
2008-08-18,265.70001220703125,267.70001220703125,265.1000061035156,266.29998779296875,378,Lumber,LBS=F
2008-08-19,268.20001220703125,268.6000061035156,262.8999938964844,263.6000061035156,774,Lumber,LBS=F
2008-08-20,270.1000061035156,270.29998779296875,265.20001220703125,266.20001220703125,653,Lumber,LBS=F
2008-08-21,264.5,269.70001220703125,261.29998779296875,268.5,1066,Lumber,LBS=F
2008-08-22,255.5,262.70001220703125,254.5,262.70001220703125,862,Lumber,LBS=F
2008-08-25,255.89999389648438,258.20001220703125,252.0,256.6000061035156,725,Lumber,LBS=F
2008-08-26,257.79998779296875,258.20001220703125,255.6999969482422,257.3999938964844,255,Lumber,LBS=F
2008-08-27,257.0,258.5,255.6999969482422,258.5,491,Lumber,LBS=F
2008-08-28,254.8000030517578,258.1000061035156,252.1999969482422,258.1000061035156,713,Lumber,LBS=F
2008-08-29,252.0,254.6999969482422,250.1999969482422,254.0,477,Lumber,LBS=F
2008-09-02,253.0,255.6999969482422,252.3000030517578,254.5,274,Lumber,LBS=F
2008-09-03,252.8000030517578,255.0,248.89999389648438,255.0,343,Lumber,LBS=F
2008-09-04,252.5,256.70001220703125,252.0,252.10000610351562,552,Lumber,LBS=F
2008-09-05,251.1999969482422,252.39999389648438,249.0,252.1999969482422,365,Lumber,LBS=F
2008-09-08,251.60000610351562,253.89999389648438,250.10000610351562,252.0,133,Lumber,LBS=F
2008-09-09,248.89999389648438,252.1999969482422,247.0,252.0,306,Lumber,LBS=F
2008-09-10,248.10000610351562,248.8000030517578,245.60000610351562,247.0,215,Lumber,LBS=F
2008-09-11,246.5,248.8000030517578,245.5,245.60000610351562,257,Lumber,LBS=F
2008-09-12,242.60000610351562,247.89999389648438,242.60000610351562,246.10000610351562,225,Lumber,LBS=F
2008-09-15,226.8000030517578,239.6999969482422,226.0,239.60000610351562,0,Lumber,LBS=F
2008-10-20,199.5,202.1999969482422,199.0,199.8000030517578,0,Lumber,LBS=F
2008-10-21,189.5,195.10000610351562,188.0,195.10000610351562,0,Lumber,LBS=F
2008-10-22,183.3000030517578,188.0,183.3000030517578,188.0,0,Lumber,LBS=F
2008-10-23,178.8000030517578,183.60000610351562,178.8000030517578,182.39999389648438,0,Lumber,LBS=F
2008-10-24,180.0,180.5,176.10000610351562,179.60000610351562,0,Lumber,LBS=F
2008-10-27,177.1999969482422,182.0,177.0,177.3000030517578,0,Lumber,LBS=F
2008-10-28,177.8000030517578,182.89999389648438,177.39999389648438,182.0,0,Lumber,LBS=F
2008-10-29,183.60000610351562,186.89999389648438,180.0,180.0,0,Lumber,LBS=F
2008-10-30,192.1999969482422,192.0,185.89999389648438,186.39999389648438,0,Lumber,LBS=F
2008-10-31,188.60000610351562,193.10000610351562,188.60000610351562,193.10000610351562,0,Lumber,LBS=F
2008-11-03,192.8000030517578,192.5,186.0,189.1999969482422,0,Lumber,LBS=F
2008-11-04,192.3000030517578,194.10000610351562,192.10000610351562,192.10000610351562,0,Lumber,LBS=F
2008-11-05,195.5,195.0,191.3000030517578,192.8000030517578,0,Lumber,LBS=F
2008-11-06,186.6999969482422,192.60000610351562,186.10000610351562,192.60000610351562,0,Lumber,LBS=F
2008-11-07,186.1999969482422,186.8000030517578,186.10000610351562,186.10000610351562,0,Lumber,LBS=F
2008-11-10,188.0,188.0,188.0,188.0,0,Lumber,LBS=F
2008-11-11,187.6999969482422,188.0,187.0,187.0,0,Lumber,LBS=F
2008-11-12,187.10000610351562,188.0,188.0,188.0,0,Lumber,LBS=F
2008-11-13,183.39999389648438,186.10000610351562,183.10000610351562,186.10000610351562,0,Lumber,LBS=F
2008-11-14,192.3000030517578,190.5,184.89999389648438,184.89999389648438,0,Lumber,LBS=F
2008-11-17,207.0,207.10000610351562,206.1999969482422,206.1999969482422,0,Lumber,LBS=F
2008-11-18,199.6999969482422,207.1999969482422,198.5,207.1999969482422,0,Lumber,LBS=F
2008-11-19,199.89999389648438,199.6999969482422,197.10000610351562,199.0,0,Lumber,LBS=F
2008-11-20,197.60000610351562,199.8000030517578,196.5,199.8000030517578,0,Lumber,LBS=F
2008-11-21,197.89999389648438,199.6999969482422,195.39999389648438,195.8000030517578,0,Lumber,LBS=F
2008-11-24,197.60000610351562,199.5,197.1999969482422,198.0,0,Lumber,LBS=F
2008-11-25,197.5,198.89999389648438,196.6999969482422,196.8000030517578,0,Lumber,LBS=F
2008-11-26,194.60000610351562,199.0,194.5,197.0,0,Lumber,LBS=F
2008-11-28,193.5,195.89999389648438,193.5,194.6999969482422,0,Lumber,LBS=F
2008-12-01,188.0,194.10000610351562,187.5,194.0,0,Lumber,LBS=F
2008-12-02,185.60000610351562,190.60000610351562,184.3000030517578,187.1999969482422,0,Lumber,LBS=F
2008-12-03,184.0,186.0,183.0,185.10000610351562,0,Lumber,LBS=F
2008-12-04,178.89999389648438,183.39999389648438,177.3000030517578,183.39999389648438,0,Lumber,LBS=F
2008-12-05,178.89999389648438,179.6999969482422,174.60000610351562,178.0,0,Lumber,LBS=F
2008-12-08,179.60000610351562,183.0,177.60000610351562,179.5,0,Lumber,LBS=F
2008-12-09,171.10000610351562,180.0,169.60000610351562,180.0,0,Lumber,LBS=F
2008-12-10,167.89999389648438,173.8000030517578,167.0,173.8000030517578,0,Lumber,LBS=F
2008-12-11,171.10000610351562,169.10000610351562,167.5,167.60000610351562,0,Lumber,LBS=F
2008-12-12,173.10000610351562,173.10000610351562,168.0,168.5,0,Lumber,LBS=F
2008-12-15,166.8000030517578,173.39999389648438,166.3000030517578,169.6999969482422,0,Lumber,LBS=F
2008-12-16,168.0,170.39999389648438,163.6999969482422,166.5,0,Lumber,LBS=F
2008-12-17,177.10000610351562,177.89999389648438,169.5,169.5,0,Lumber,LBS=F
2008-12-18,176.5,178.89999389648438,174.5,178.0,0,Lumber,LBS=F
2008-12-19,180.1999969482422,183.8000030517578,176.60000610351562,176.60000610351562,0,Lumber,LBS=F
2008-12-22,185.3000030517578,187.10000610351562,181.0,182.3000030517578,0,Lumber,LBS=F
2008-12-23,176.60000610351562,185.3000030517578,176.60000610351562,184.0,0,Lumber,LBS=F
2008-12-24,174.5,174.5,174.5,174.5,0,Lumber,LBS=F
2008-12-26,175.5,175.5,175.5,175.5,0,Lumber,LBS=F
2008-12-29,174.1999969482422,173.5,173.0,173.5,0,Lumber,LBS=F
2008-12-30,172.5,174.6999969482422,171.60000610351562,172.3000030517578,0,Lumber,LBS=F
2008-12-31,169.39999389648438,172.89999389648438,168.3000030517578,172.60000610351562,0,Lumber,LBS=F
2009-01-02,169.0,171.8000030517578,168.3000030517578,168.6999969482422,0,Lumber,LBS=F
2009-01-05,164.3000030517578,170.0,164.0,170.0,0,Lumber,LBS=F
2009-01-06,168.1999969482422,168.5,162.1999969482422,163.60000610351562,0,Lumber,LBS=F
2009-01-07,164.60000610351562,168.89999389648438,164.10000610351562,167.89999389648438,0,Lumber,LBS=F
2009-01-08,161.1999969482422,164.8000030517578,159.8000030517578,164.8000030517578,0,Lumber,LBS=F
2009-01-09,162.10000610351562,166.0,160.60000610351562,160.60000610351562,0,Lumber,LBS=F
2009-01-12,158.3000030517578,160.0,158.5,159.8000030517578,0,Lumber,LBS=F
2009-01-13,156.3000030517578,158.3000030517578,155.89999389648438,158.3000030517578,0,Lumber,LBS=F
2009-01-14,139.0,155.8000030517578,138.1999969482422,155.8000030517578,0,Lumber,LBS=F
2009-01-15,142.10000610351562,142.6999969482422,140.0,140.0,0,Lumber,LBS=F
2009-01-16,170.0,170.0,166.5,168.0,0,Lumber,LBS=F
2009-01-20,160.0,171.39999389648438,160.0,168.89999389648438,0,Lumber,LBS=F
2009-01-21,155.1999969482422,160.5,155.0,160.0,0,Lumber,LBS=F
2009-01-22,157.8000030517578,157.0,154.1999969482422,156.5,0,Lumber,LBS=F
2009-01-23,151.0,156.39999389648438,150.8000030517578,154.8000030517578,0,Lumber,LBS=F
2009-01-26,148.1999969482422,155.3000030517578,148.5,153.0,0,Lumber,LBS=F
2009-01-27,148.39999389648438,150.5,147.8000030517578,148.3000030517578,0,Lumber,LBS=F
2009-01-28,141.60000610351562,149.5,139.60000610351562,149.0,0,Lumber,LBS=F
2009-01-29,138.10000610351562,142.5,137.89999389648438,140.0,0,Lumber,LBS=F
2009-01-30,148.10000610351562,148.10000610351562,141.60000610351562,141.60000610351562,0,Lumber,LBS=F
2009-02-02,158.10000610351562,158.10000610351562,155.60000610351562,158.10000610351562,0,Lumber,LBS=F
2009-02-03,163.6999969482422,165.10000610351562,158.60000610351562,160.1999969482422,0,Lumber,LBS=F
2009-02-04,173.6999969482422,173.6999969482422,163.60000610351562,163.60000610351562,0,Lumber,LBS=F
2009-02-05,165.3000030517578,178.0,163.6999969482422,178.0,0,Lumber,LBS=F
2009-02-06,167.0,168.5,163.60000610351562,165.3000030517578,0,Lumber,LBS=F
2009-02-09,160.8000030517578,167.3000030517578,160.60000610351562,166.6999969482422,0,Lumber,LBS=F
2009-02-10,157.6999969482422,162.5,157.39999389648438,162.0,0,Lumber,LBS=F
2009-02-11,153.5,158.0,151.8000030517578,157.10000610351562,0,Lumber,LBS=F
2009-02-12,152.3000030517578,156.6999969482422,150.3000030517578,155.0,0,Lumber,LBS=F
2009-02-13,155.0,156.60000610351562,152.3000030517578,155.0,0,Lumber,LBS=F
2009-02-17,150.0,156.3000030517578,148.1999969482422,156.3000030517578,0,Lumber,LBS=F
2009-02-18,149.5,154.0,149.6999969482422,151.5,0,Lumber,LBS=F
2009-02-19,150.89999389648438,153.6999969482422,149.10000610351562,149.5,0,Lumber,LBS=F
2009-02-20,146.3000030517578,150.60000610351562,145.1999969482422,150.1999969482422,0,Lumber,LBS=F
2009-02-23,143.3000030517578,146.60000610351562,143.10000610351562,146.5,0,Lumber,LBS=F
2009-02-24,139.6999969482422,144.39999389648438,138.0,142.8000030517578,0,Lumber,LBS=F
2009-02-25,146.0,148.6999969482422,139.10000610351562,142.0,0,Lumber,LBS=F
2009-02-26,149.0,154.5,145.0,146.0,0,Lumber,LBS=F
2009-02-27,147.0,154.5,146.5,151.6999969482422,0,Lumber,LBS=F
2009-03-02,149.5,150.0,140.60000610351562,146.5,0,Lumber,LBS=F
2009-03-03,165.39999389648438,169.39999389648438,149.5,149.5,0,Lumber,LBS=F
2009-03-04,157.8000030517578,167.5,157.0,166.0,0,Lumber,LBS=F
2009-03-05,150.0,156.5,149.0,156.5,0,Lumber,LBS=F
2009-03-06,151.0,153.10000610351562,149.0,151.1999969482422,0,Lumber,LBS=F
2009-03-09,145.60000610351562,149.10000610351562,144.8000030517578,149.10000610351562,0,Lumber,LBS=F
2009-03-10,146.0,148.1999969482422,144.3000030517578,145.3000030517578,0,Lumber,LBS=F
2009-03-11,146.60000610351562,148.8000030517578,145.0,146.8000030517578,0,Lumber,LBS=F
2009-03-12,144.0,147.89999389648438,143.10000610351562,146.5,0,Lumber,LBS=F
2009-03-13,140.0,144.8000030517578,138.0,144.5,0,Lumber,LBS=F
2009-03-16,161.60000610351562,161.89999389648438,157.60000610351562,159.39999389648438,0,Lumber,LBS=F
2009-03-17,159.8000030517578,166.39999389648438,159.39999389648438,160.1999969482422,0,Lumber,LBS=F
2009-03-18,160.89999389648438,164.0,159.3000030517578,160.5,0,Lumber,LBS=F
2009-03-19,167.5,170.0,163.0,164.39999389648438,0,Lumber,LBS=F
2009-03-20,165.60000610351562,169.5,165.6999969482422,167.3000030517578,0,Lumber,LBS=F
2009-03-23,164.60000610351562,169.8000030517578,164.1999969482422,165.3000030517578,0,Lumber,LBS=F
2009-03-24,167.3000030517578,168.3000030517578,164.60000610351562,165.60000610351562,0,Lumber,LBS=F
2009-03-25,177.3000030517578,177.3000030517578,167.5,167.5,0,Lumber,LBS=F
2009-03-26,176.39999389648438,177.6999969482422,173.5,175.1999969482422,0,Lumber,LBS=F
2009-03-27,176.5,179.8000030517578,173.8000030517578,175.39999389648438,0,Lumber,LBS=F
2009-03-30,169.8000030517578,177.5,169.3000030517578,176.60000610351562,0,Lumber,LBS=F
2009-03-31,171.3000030517578,173.0,169.0,170.5,0,Lumber,LBS=F
2009-04-01,176.5,181.3000030517578,171.39999389648438,172.5,0,Lumber,LBS=F
2009-04-02,180.6999969482422,183.3000030517578,176.1999969482422,176.89999389648438,0,Lumber,LBS=F
2009-04-03,187.39999389648438,188.3000030517578,179.8000030517578,180.60000610351562,0,Lumber,LBS=F
2009-04-06,185.6999969482422,187.0,183.10000610351562,187.0,0,Lumber,LBS=F
2009-04-07,184.0,185.1999969482422,181.8000030517578,183.6999969482422,0,Lumber,LBS=F
2009-04-08,185.6999969482422,186.5,183.39999389648438,185.0,0,Lumber,LBS=F
2009-04-09,185.10000610351562,189.10000610351562,184.89999389648438,184.89999389648438,0,Lumber,LBS=F
2009-04-13,182.0,186.5,178.60000610351562,186.5,0,Lumber,LBS=F
2009-04-14,178.10000610351562,182.0,176.39999389648438,180.5,0,Lumber,LBS=F
2009-04-15,179.89999389648438,180.5,176.60000610351562,178.89999389648438,0,Lumber,LBS=F
2009-04-16,180.0,184.10000610351562,177.1999969482422,180.0,0,Lumber,LBS=F
2009-04-17,173.6999969482422,180.0,172.89999389648438,179.6999969482422,0,Lumber,LBS=F
2009-04-20,173.0,174.8000030517578,170.6999969482422,174.3000030517578,0,Lumber,LBS=F
2009-04-21,170.89999389648438,174.5,170.39999389648438,174.5,0,Lumber,LBS=F
2009-04-22,174.0,178.0,170.5,170.5,0,Lumber,LBS=F
2009-04-23,177.0,176.5,172.89999389648438,174.39999389648438,0,Lumber,LBS=F
2009-04-24,172.6999969482422,175.0,171.60000610351562,175.0,0,Lumber,LBS=F
2009-04-27,166.8000030517578,172.6999969482422,166.5,172.6999969482422,0,Lumber,LBS=F
2009-04-28,162.3000030517578,166.8000030517578,161.8000030517578,166.8000030517578,0,Lumber,LBS=F
2009-04-29,159.39999389648438,163.0,159.6999969482422,162.3000030517578,0,Lumber,LBS=F
2009-04-30,161.0,161.8000030517578,159.60000610351562,160.0,0,Lumber,LBS=F
2009-05-01,159.89999389648438,160.60000610351562,157.8000030517578,160.0,0,Lumber,LBS=F
2009-05-04,154.39999389648438,158.39999389648438,153.0,158.0,0,Lumber,LBS=F
2009-05-05,151.39999389648438,155.0,151.3000030517578,154.8000030517578,0,Lumber,LBS=F
2009-05-06,158.0,160.0,152.10000610351562,153.3000030517578,0,Lumber,LBS=F
2009-05-07,156.1999969482422,161.3000030517578,155.5,160.0,0,Lumber,LBS=F
2009-05-08,163.0,164.89999389648438,155.89999389648438,157.89999389648438,0,Lumber,LBS=F
2009-05-11,164.0,164.0,159.6999969482422,164.0,0,Lumber,LBS=F
2009-05-12,159.0,163.0,158.5,162.89999389648438,0,Lumber,LBS=F
2009-05-13,154.3000030517578,160.0,153.39999389648438,157.0,0,Lumber,LBS=F
2009-05-14,153.0,154.0,151.0,153.5,0,Lumber,LBS=F
2009-05-15,153.0,157.8000030517578,153.5,154.0,0,Lumber,LBS=F
2009-05-18,181.1999969482422,183.10000610351562,178.89999389648438,179.5,0,Lumber,LBS=F
2009-05-19,177.8000030517578,184.10000610351562,175.60000610351562,183.0,0,Lumber,LBS=F
2009-05-20,178.10000610351562,178.6999969482422,176.6999969482422,178.0,0,Lumber,LBS=F
2009-05-21,172.8000030517578,177.60000610351562,169.5,177.3000030517578,0,Lumber,LBS=F
2009-05-22,174.6999969482422,175.3000030517578,172.60000610351562,172.60000610351562,0,Lumber,LBS=F
2009-05-26,175.1999969482422,178.0,173.6999969482422,175.1999969482422,0,Lumber,LBS=F
2009-05-27,185.1999969482422,185.1999969482422,173.6999969482422,175.1999969482422,0,Lumber,LBS=F
2009-05-28,193.60000610351562,195.1999969482422,182.89999389648438,182.89999389648438,0,Lumber,LBS=F
2009-05-29,191.6999969482422,201.1999969482422,191.3000030517578,192.60000610351562,0,Lumber,LBS=F
2009-06-01,198.0,199.6999969482422,192.8000030517578,193.8000030517578,0,Lumber,LBS=F
2009-06-02,208.0,208.0,195.10000610351562,195.10000610351562,0,Lumber,LBS=F
2009-06-03,201.0,209.6999969482422,199.5,205.89999389648438,0,Lumber,LBS=F
2009-06-04,211.0,211.0,200.0,201.10000610351562,0,Lumber,LBS=F
2009-06-05,213.6999969482422,212.8000030517578,207.60000610351562,208.6999969482422,0,Lumber,LBS=F
2009-06-08,203.6999969482422,212.0,203.6999969482422,212.0,0,Lumber,LBS=F
2009-06-09,197.8000030517578,203.39999389648438,198.5,201.60000610351562,0,Lumber,LBS=F
2009-06-10,196.3000030517578,203.0,196.5,201.89999389648438,0,Lumber,LBS=F
2009-06-11,196.3000030517578,201.89999389648438,196.3000030517578,197.5,0,Lumber,LBS=F
2009-06-12,206.3000030517578,206.3000030517578,197.0,197.0,0,Lumber,LBS=F
2009-06-15,203.1999969482422,207.6999969482422,199.89999389648438,206.39999389648438,0,Lumber,LBS=F
2009-06-16,213.1999969482422,213.1999969482422,203.5,203.5,0,Lumber,LBS=F
2009-06-17,211.60000610351562,216.10000610351562,210.39999389648438,212.6999969482422,0,Lumber,LBS=F
2009-06-18,212.0,215.89999389648438,210.5,210.5,0,Lumber,LBS=F
2009-06-19,214.60000610351562,215.6999969482422,209.60000610351562,213.0,0,Lumber,LBS=F
2009-06-22,210.89999389648438,216.0,209.1999969482422,215.3000030517578,0,Lumber,LBS=F
2009-06-23,200.89999389648438,210.10000610351562,200.89999389648438,209.89999389648438,0,Lumber,LBS=F
2009-06-24,197.0,200.6999969482422,195.8000030517578,200.10000610351562,0,Lumber,LBS=F
2009-06-25,198.0,199.39999389648438,194.6999969482422,196.10000610351562,0,Lumber,LBS=F
2009-06-26,202.8000030517578,205.6999969482422,198.0,198.0,0,Lumber,LBS=F
2009-06-29,195.8000030517578,202.8000030517578,195.3000030517578,202.3000030517578,0,Lumber,LBS=F
2009-06-30,191.0,197.5,190.60000610351562,195.3000030517578,0,Lumber,LBS=F
2009-07-01,188.8000030517578,193.6999969482422,188.60000610351562,193.3000030517578,0,Lumber,LBS=F
2009-07-02,188.6999969482422,188.89999389648438,184.89999389648438,188.5,0,Lumber,LBS=F
2009-07-06,184.6999969482422,192.8000030517578,184.0,188.1999969482422,0,Lumber,LBS=F
2009-07-07,186.5,187.39999389648438,182.89999389648438,186.0,0,Lumber,LBS=F
2009-07-08,182.10000610351562,186.10000610351562,179.10000610351562,186.10000610351562,0,Lumber,LBS=F
2009-07-09,178.0,181.5,176.1999969482422,181.5,0,Lumber,LBS=F
2009-07-10,169.39999389648438,178.10000610351562,166.0,175.10000610351562,0,Lumber,LBS=F
2009-07-13,168.0,169.3000030517578,166.60000610351562,167.3000030517578,0,Lumber,LBS=F
2009-07-14,168.0,176.8000030517578,166.1999969482422,168.0,0,Lumber,LBS=F
2009-07-15,166.8000030517578,169.8000030517578,165.3000030517578,168.3000030517578,0,Lumber,LBS=F
2009-07-16,186.39999389648438,193.5,184.0,191.60000610351562,0,Lumber,LBS=F
2009-07-17,185.1999969482422,190.39999389648438,181.6999969482422,186.39999389648438,0,Lumber,LBS=F
2009-07-20,187.0,187.39999389648438,182.8000030517578,184.39999389648438,0,Lumber,LBS=F
2009-07-21,189.0,191.8000030517578,184.5,187.0,0,Lumber,LBS=F
2009-07-22,181.5,187.8000030517578,179.89999389648438,184.10000610351562,0,Lumber,LBS=F
2009-07-23,191.5,191.5,182.5,182.5,0,Lumber,LBS=F
2009-07-24,188.0,195.5,188.5,194.3000030517578,0,Lumber,LBS=F
2009-07-27,197.0,198.0,190.5,190.5,0,Lumber,LBS=F
2009-07-28,207.0,207.0,199.0,199.0,0,Lumber,LBS=F
2009-07-29,203.0,208.39999389648438,203.5,208.0,0,Lumber,LBS=F
2009-07-30,197.10000610351562,204.8000030517578,194.6999969482422,203.8000030517578,0,Lumber,LBS=F
2009-07-31,196.10000610351562,199.0,195.39999389648438,195.39999389648438,0,Lumber,LBS=F
2009-08-03,204.0,206.10000610351562,197.0,198.5,0,Lumber,LBS=F
2009-08-04,207.0,214.0,201.10000610351562,204.1999969482422,0,Lumber,LBS=F
2009-08-05,203.10000610351562,209.8000030517578,203.0,208.0,0,Lumber,LBS=F
2009-08-06,205.1999969482422,209.5,202.3000030517578,204.0,0,Lumber,LBS=F
2009-08-07,197.10000610351562,207.3000030517578,195.1999969482422,204.1999969482422,0,Lumber,LBS=F
2009-08-10,191.0,197.6999969482422,189.39999389648438,197.5,0,Lumber,LBS=F
2009-08-11,193.6999969482422,196.1999969482422,189.8000030517578,191.3000030517578,0,Lumber,LBS=F
2009-08-12,196.0,198.1999969482422,194.5,195.8000030517578,0,Lumber,LBS=F
2009-08-13,195.89999389648438,198.0,194.8000030517578,195.1999969482422,0,Lumber,LBS=F
2009-08-14,189.5,201.39999389648438,189.3000030517578,196.5,0,Lumber,LBS=F
2009-08-17,182.6999969482422,192.0,181.89999389648438,190.3000030517578,0,Lumber,LBS=F
2009-08-18,181.39999389648438,185.6999969482422,179.3000030517578,185.1999969482422,0,Lumber,LBS=F
2009-08-19,179.3000030517578,182.1999969482422,177.6999969482422,182.1999969482422,0,Lumber,LBS=F
2009-08-20,183.89999389648438,188.39999389648438,182.0,182.0,0,Lumber,LBS=F
2009-08-21,180.60000610351562,186.5,180.0,183.1999969482422,0,Lumber,LBS=F
2009-08-24,178.0,182.10000610351562,176.60000610351562,181.0,0,Lumber,LBS=F
2009-08-25,178.1999969482422,179.89999389648438,176.6999969482422,178.0,0,Lumber,LBS=F
2009-08-26,179.6999969482422,182.0,177.0,179.1999969482422,0,Lumber,LBS=F
2009-08-27,179.8000030517578,181.3000030517578,178.0,179.60000610351562,0,Lumber,LBS=F
2009-08-28,172.10000610351562,180.1999969482422,170.60000610351562,179.6999969482422,0,Lumber,LBS=F
2009-08-31,176.8000030517578,177.5,173.10000610351562,174.8000030517578,0,Lumber,LBS=F
2009-09-01,170.0,176.6999969482422,167.10000610351562,176.0,0,Lumber,LBS=F
2009-09-02,169.60000610351562,171.5,168.10000610351562,171.10000610351562,0,Lumber,LBS=F
2009-09-03,172.8000030517578,174.60000610351562,169.3000030517578,171.39999389648438,0,Lumber,LBS=F
2009-09-04,174.10000610351562,175.0,171.8000030517578,172.60000610351562,0,Lumber,LBS=F
2009-09-08,175.8000030517578,176.0,172.6999969482422,174.0,0,Lumber,LBS=F
2009-09-09,175.5,177.0,173.6999969482422,175.0,0,Lumber,LBS=F
2009-09-10,175.0,177.3000030517578,174.0,175.0,0,Lumber,LBS=F
2009-09-11,173.0,175.1999969482422,172.0,175.1999969482422,0,Lumber,LBS=F
2009-09-14,171.60000610351562,174.0,170.0,173.10000610351562,0,Lumber,LBS=F
2009-09-15,172.5,173.8000030517578,171.0,172.0,0,Lumber,LBS=F
2009-09-16,175.10000610351562,178.39999389648438,175.0,177.89999389648438,0,Lumber,LBS=F
2009-09-17,182.0,185.10000610351562,177.0,178.6999969482422,0,Lumber,LBS=F
2009-09-18,185.5,186.3000030517578,182.10000610351562,183.8000030517578,0,Lumber,LBS=F
2009-09-21,176.5,186.8000030517578,175.5,184.0,0,Lumber,LBS=F
2009-09-22,175.8000030517578,177.0,173.0,176.89999389648438,0,Lumber,LBS=F
2009-09-23,174.6999969482422,176.89999389648438,174.10000610351562,175.5,0,Lumber,LBS=F
2009-09-24,173.89999389648438,176.39999389648438,172.6999969482422,175.1999969482422,0,Lumber,LBS=F
2009-09-25,169.10000610351562,174.0,169.89999389648438,173.60000610351562,0,Lumber,LBS=F
2009-09-28,170.1999969482422,172.39999389648438,169.6999969482422,170.1999969482422,0,Lumber,LBS=F
2009-09-29,168.1999969482422,171.5,167.6999969482422,170.6999969482422,0,Lumber,LBS=F
2009-09-30,168.6999969482422,170.89999389648438,167.8000030517578,168.60000610351562,0,Lumber,LBS=F
2009-10-01,171.6999969482422,172.39999389648438,169.1999969482422,170.3000030517578,0,Lumber,LBS=F
2009-10-02,172.3000030517578,177.5,171.60000610351562,172.39999389648438,0,Lumber,LBS=F
2009-10-05,172.6999969482422,173.89999389648438,171.1999969482422,172.5,0,Lumber,LBS=F
2009-10-06,171.3000030517578,176.6999969482422,170.5,171.89999389648438,0,Lumber,LBS=F
2009-10-07,167.89999389648438,172.1999969482422,163.1999969482422,171.3000030517578,0,Lumber,LBS=F
2009-10-08,164.8000030517578,167.5,164.3000030517578,166.1999969482422,0,Lumber,LBS=F
2009-10-09,163.60000610351562,166.0,163.60000610351562,165.5,0,Lumber,LBS=F
2009-10-12,171.39999389648438,170.60000610351562,165.0,166.0,0,Lumber,LBS=F
2009-10-13,170.10000610351562,171.39999389648438,168.5,169.39999389648438,0,Lumber,LBS=F
2009-10-14,180.10000610351562,180.10000610351562,171.89999389648438,171.89999389648438,0,Lumber,LBS=F
2009-10-15,180.39999389648438,180.39999389648438,177.0,179.89999389648438,0,Lumber,LBS=F
2009-10-16,178.6999969482422,181.89999389648438,177.0,179.89999389648438,0,Lumber,LBS=F
2009-10-19,178.10000610351562,178.6999969482422,174.8000030517578,177.6999969482422,0,Lumber,LBS=F
2009-10-20,175.0,178.39999389648438,173.89999389648438,177.6999969482422,0,Lumber,LBS=F
2009-10-21,174.89999389648438,175.89999389648438,172.60000610351562,175.3000030517578,0,Lumber,LBS=F
2009-10-22,174.5,176.39999389648438,172.39999389648438,174.3000030517578,0,Lumber,LBS=F
2009-10-23,174.5,177.0,174.0,175.8000030517578,0,Lumber,LBS=F
2009-10-26,175.60000610351562,177.10000610351562,175.5,175.89999389648438,0,Lumber,LBS=F
2009-10-27,175.5,177.5,174.3000030517578,176.10000610351562,0,Lumber,LBS=F
2009-10-28,175.0,176.6999969482422,174.0,175.0,0,Lumber,LBS=F
2009-10-29,184.89999389648438,185.0,174.1999969482422,175.0,0,Lumber,LBS=F
2009-10-30,186.89999389648438,189.89999389648438,181.0,182.6999969482422,0,Lumber,LBS=F
2009-11-02,192.5,193.3000030517578,185.10000610351562,187.0,0,Lumber,LBS=F
2009-11-03,187.10000610351562,191.0,187.10000610351562,190.6999969482422,0,Lumber,LBS=F
2009-11-04,188.3000030517578,188.89999389648438,186.1999969482422,187.10000610351562,0,Lumber,LBS=F
2009-11-05,188.5,190.5,187.5,187.89999389648438,0,Lumber,LBS=F
2009-11-06,186.10000610351562,193.8000030517578,183.6999969482422,188.89999389648438,0,Lumber,LBS=F
2009-11-09,185.0,186.0,182.60000610351562,184.39999389648438,0,Lumber,LBS=F
2009-11-10,187.5,189.8000030517578,185.10000610351562,186.0,0,Lumber,LBS=F
2009-11-11,187.60000610351562,189.8000030517578,189.8000030517578,189.8000030517578,0,Lumber,LBS=F
2009-11-12,194.0,197.60000610351562,187.8000030517578,189.8000030517578,0,Lumber,LBS=F
2009-11-13,197.89999389648438,201.39999389648438,195.5,196.8000030517578,0,Lumber,LBS=F
2009-11-16,229.5,229.5,219.5,219.5,0,Lumber,LBS=F
2009-11-17,239.5,239.5,230.0,230.0,0,Lumber,LBS=F
2009-11-18,230.5,238.3000030517578,229.1999969482422,237.10000610351562,0,Lumber,LBS=F
2009-11-19,229.10000610351562,233.6999969482422,227.8000030517578,230.5,0,Lumber,LBS=F
2009-11-20,222.1999969482422,231.39999389648438,221.5,229.60000610351562,0,Lumber,LBS=F
2009-11-23,226.3000030517578,232.1999969482422,223.3000030517578,225.3000030517578,0,Lumber,LBS=F
2009-11-24,234.8000030517578,236.3000030517578,230.60000610351562,230.60000610351562,0,Lumber,LBS=F
2009-11-25,235.0,239.8000030517578,233.5,235.60000610351562,0,Lumber,LBS=F
2009-11-27,236.1999969482422,238.89999389648438,232.39999389648438,234.8000030517578,0,Lumber,LBS=F
2009-11-30,246.1999969482422,246.1999969482422,236.1999969482422,236.1999969482422,0,Lumber,LBS=F
2009-12-01,241.0,255.1999969482422,237.0,250.0,0,Lumber,LBS=F
2009-12-02,231.8000030517578,242.10000610351562,231.0,242.10000610351562,0,Lumber,LBS=F
2009-12-03,228.5,234.10000610351562,224.60000610351562,230.10000610351562,0,Lumber,LBS=F
2009-12-04,224.5,229.10000610351562,224.3000030517578,224.6999969482422,0,Lumber,LBS=F
2009-12-07,219.0,229.10000610351562,216.10000610351562,225.89999389648438,0,Lumber,LBS=F
2009-12-08,214.0,218.6999969482422,214.6999969482422,217.6999969482422,0,Lumber,LBS=F
2009-12-09,213.1999969482422,219.0,214.1999969482422,215.8000030517578,0,Lumber,LBS=F
2009-12-10,214.8000030517578,217.89999389648438,214.3000030517578,216.39999389648438,0,Lumber,LBS=F
2009-12-11,214.0,217.1999969482422,213.39999389648438,216.0,0,Lumber,LBS=F
2009-12-14,214.0,214.8000030517578,212.6999969482422,214.0,0,Lumber,LBS=F
2009-12-15,212.8000030517578,214.8000030517578,211.3000030517578,214.60000610351562,0,Lumber,LBS=F
2009-12-16,212.0,214.1999969482422,208.39999389648438,213.39999389648438,0,Lumber,LBS=F
2009-12-17,211.0,211.3000030517578,208.1999969482422,210.8000030517578,0,Lumber,LBS=F
2009-12-18,212.6999969482422,212.6999969482422,209.8000030517578,211.0,0,Lumber,LBS=F
2009-12-21,209.5,215.89999389648438,210.0,212.0,0,Lumber,LBS=F
2009-12-22,209.6999969482422,212.1999969482422,209.10000610351562,210.6999969482422,0,Lumber,LBS=F
2009-12-23,209.89999389648438,211.89999389648438,209.5,211.1999969482422,0,Lumber,LBS=F
2009-12-24,209.0,210.6999969482422,208.60000610351562,210.1999969482422,0,Lumber,LBS=F
2009-12-28,209.60000610351562,211.6999969482422,208.8000030517578,208.8000030517578,0,Lumber,LBS=F
2009-12-29,204.8000030517578,209.60000610351562,204.89999389648438,209.3000030517578,0,Lumber,LBS=F
2009-12-30,203.5,206.8000030517578,202.8000030517578,205.8000030517578,0,Lumber,LBS=F
2009-12-31,205.0,205.8000030517578,203.8000030517578,204.0,0,Lumber,LBS=F
2010-01-04,201.0,206.60000610351562,201.8000030517578,204.0,0,Lumber,LBS=F
2010-01-05,201.3000030517578,203.39999389648438,201.0,202.8000030517578,0,Lumber,LBS=F
2010-01-06,211.0,215.0,201.5,202.0,0,Lumber,LBS=F
2010-01-07,206.5,210.5,205.8000030517578,209.89999389648438,0,Lumber,LBS=F
2010-01-08,209.0,210.5,207.10000610351562,208.1999969482422,0,Lumber,LBS=F
2010-01-11,210.5,213.8000030517578,209.0,210.60000610351562,0,Lumber,LBS=F
2010-01-12,210.0,213.39999389648438,207.60000610351562,213.39999389648438,0,Lumber,LBS=F
2010-01-13,213.0,221.6999969482422,207.5,209.0,347,Lumber,LBS=F
2010-01-14,226.0,228.10000610351562,220.60000610351562,221.6999969482422,248,Lumber,LBS=F
2010-01-15,229.89999389648438,233.39999389648438,225.5,228.89999389648438,0,Lumber,LBS=F
2010-01-19,253.8000030517578,255.89999389648438,247.10000610351562,252.0,910,Lumber,LBS=F
2010-01-20,255.0,257.29998779296875,248.0,252.89999389648438,695,Lumber,LBS=F
2010-01-21,248.0,255.8000030517578,248.5,254.8000030517578,545,Lumber,LBS=F
2010-01-22,250.39999389648438,251.5,246.60000610351562,250.1999969482422,323,Lumber,LBS=F
2010-01-25,252.5,253.89999389648438,250.10000610351562,250.3000030517578,195,Lumber,LBS=F
2010-01-26,247.10000610351562,254.0,247.39999389648438,254.0,208,Lumber,LBS=F
2010-01-27,237.60000610351562,249.10000610351562,238.5,247.89999389648438,984,Lumber,LBS=F
2010-01-28,238.6999969482422,242.5,238.5,240.8000030517578,1276,Lumber,LBS=F
2010-01-29,248.5,248.6999969482422,240.10000610351562,242.60000610351562,1328,Lumber,LBS=F
2010-02-01,258.5,258.5,253.0,253.0,649,Lumber,LBS=F
2010-02-02,261.0,267.79998779296875,258.1000061035156,261.8999938964844,2013,Lumber,LBS=F
2010-02-03,269.0,270.20001220703125,258.5,261.5,689,Lumber,LBS=F
2010-02-04,279.0,279.0,270.5,270.5,1470,Lumber,LBS=F
2010-02-05,271.1000061035156,281.8999938964844,271.0,278.79998779296875,1309,Lumber,LBS=F
2010-02-08,271.5,275.8999938964844,269.70001220703125,274.29998779296875,454,Lumber,LBS=F
2010-02-09,270.0,275.0,267.0,273.1000061035156,521,Lumber,LBS=F
2010-02-10,261.6000061035156,267.0,261.5,267.0,507,Lumber,LBS=F
2010-02-11,264.0,266.0,260.0,262.0,385,Lumber,LBS=F
2010-02-12,270.8999938964844,271.8999938964844,260.70001220703125,264.3999938964844,555,Lumber,LBS=F
2010-02-16,270.0,277.79998779296875,269.6000061035156,270.70001220703125,686,Lumber,LBS=F
2010-02-17,272.0,275.70001220703125,271.20001220703125,272.29998779296875,373,Lumber,LBS=F
2010-02-18,270.0,274.20001220703125,267.5,272.0,377,Lumber,LBS=F
2010-02-19,268.29998779296875,269.3999938964844,264.6000061035156,267.20001220703125,409,Lumber,LBS=F
2010-02-22,261.5,267.29998779296875,258.8999938964844,267.29998779296875,471,Lumber,LBS=F
2010-02-23,258.20001220703125,260.20001220703125,258.0,259.5,200,Lumber,LBS=F
2010-02-24,254.0,258.8999938964844,253.10000610351562,258.0,595,Lumber,LBS=F
2010-02-25,253.60000610351562,257.0,253.10000610351562,255.8000030517578,464,Lumber,LBS=F
2010-02-26,257.0,258.1000061035156,254.3000030517578,255.10000610351562,279,Lumber,LBS=F
2010-03-01,248.39999389648438,256.79998779296875,248.60000610351562,256.0,425,Lumber,LBS=F
2010-03-02,252.10000610351562,254.5,248.3000030517578,248.3000030517578,631,Lumber,LBS=F
2010-03-03,259.0,259.8999938964844,253.39999389648438,253.39999389648438,843,Lumber,LBS=F
2010-03-04,258.0,262.29998779296875,255.8000030517578,258.79998779296875,299,Lumber,LBS=F
2010-03-05,257.0,258.79998779296875,254.89999389648438,256.5,241,Lumber,LBS=F
2010-03-08,263.6000061035156,266.6000061035156,258.79998779296875,258.79998779296875,505,Lumber,LBS=F
2010-03-09,273.79998779296875,273.20001220703125,265.0,266.70001220703125,333,Lumber,LBS=F
2010-03-10,273.29998779296875,273.70001220703125,269.20001220703125,271.0,165,Lumber,LBS=F
2010-03-11,271.3999938964844,271.1000061035156,267.20001220703125,270.6000061035156,110,Lumber,LBS=F
2010-03-12,267.20001220703125,273.70001220703125,266.1000061035156,271.0,212,Lumber,LBS=F
2010-03-15,259.0,267.0,259.0,266.20001220703125,373,Lumber,LBS=F
2010-03-16,272.3999938964844,274.79998779296875,269.8999938964844,271.8999938964844,263,Lumber,LBS=F
2010-03-17,275.6000061035156,279.8999938964844,271.6000061035156,274.0,399,Lumber,LBS=F
2010-03-18,281.5,285.6000061035156,278.0,280.29998779296875,404,Lumber,LBS=F
2010-03-19,288.20001220703125,291.0,282.6000061035156,283.0,565,Lumber,LBS=F
2010-03-22,278.79998779296875,290.8999938964844,278.20001220703125,290.8999938964844,393,Lumber,LBS=F
2010-03-23,277.1000061035156,279.3999938964844,275.70001220703125,279.3999938964844,310,Lumber,LBS=F
2010-03-24,281.5,284.5,279.29998779296875,280.6000061035156,299,Lumber,LBS=F
2010-03-25,291.29998779296875,291.5,284.0,284.0,524,Lumber,LBS=F
2010-03-26,290.0,291.5,287.0,290.20001220703125,299,Lumber,LBS=F
2010-03-29,280.0,289.79998779296875,280.0,289.79998779296875,449,Lumber,LBS=F
2010-03-30,277.20001220703125,286.8999938964844,276.70001220703125,279.1000061035156,967,Lumber,LBS=F
2010-03-31,287.20001220703125,287.20001220703125,284.70001220703125,285.6000061035156,726,Lumber,LBS=F
2010-04-01,287.0,290.29998779296875,285.1000061035156,287.29998779296875,2023,Lumber,LBS=F
2010-04-05,296.0,297.0,287.6000061035156,289.5,1042,Lumber,LBS=F
2010-04-06,293.0,299.0,290.29998779296875,297.79998779296875,489,Lumber,LBS=F
2010-04-07,290.1000061035156,295.5,287.8999938964844,293.70001220703125,540,Lumber,LBS=F
2010-04-08,294.70001220703125,297.0,291.6000061035156,293.0,582,Lumber,LBS=F
2010-04-09,296.5,298.70001220703125,293.20001220703125,294.0,1027,Lumber,LBS=F
2010-04-12,294.70001220703125,300.8999938964844,294.6000061035156,297.1000061035156,501,Lumber,LBS=F
2010-04-13,294.6000061035156,296.0,291.70001220703125,296.0,782,Lumber,LBS=F
2010-04-14,299.5,303.5,293.70001220703125,294.6000061035156,831,Lumber,LBS=F
2010-04-15,305.0,307.79998779296875,302.5,303.6000061035156,831,Lumber,LBS=F
2010-04-16,315.0,315.0,306.29998779296875,309.1000061035156,768,Lumber,LBS=F
2010-04-19,325.0,325.0,312.79998779296875,315.0,1043,Lumber,LBS=F
2010-04-20,319.70001220703125,325.29998779296875,318.5,322.70001220703125,695,Lumber,LBS=F
2010-04-21,326.79998779296875,327.5,319.6000061035156,320.29998779296875,361,Lumber,LBS=F
2010-04-22,325.0,326.20001220703125,321.0,324.70001220703125,435,Lumber,LBS=F
2010-04-23,315.5,325.3999938964844,315.0,323.0,525,Lumber,LBS=F
2010-04-26,307.1000061035156,313.79998779296875,306.70001220703125,312.0,424,Lumber,LBS=F
2010-04-27,302.5,308.29998779296875,302.6000061035156,307.1000061035156,550,Lumber,LBS=F
2010-04-28,300.20001220703125,307.6000061035156,300.70001220703125,305.1000061035156,1417,Lumber,LBS=F
2010-04-29,301.20001220703125,301.5,297.5,300.79998779296875,467,Lumber,LBS=F
2010-04-30,291.5,299.8999938964844,291.29998779296875,299.0,402,Lumber,LBS=F
2010-05-03,287.1000061035156,292.6000061035156,287.29998779296875,292.1000061035156,383,Lumber,LBS=F
2010-05-04,282.20001220703125,291.6000061035156,282.5,287.3999938964844,357,Lumber,LBS=F
2010-05-05,284.0,285.79998779296875,282.0,283.5,313,Lumber,LBS=F
2010-05-06,275.0,285.3999938964844,269.0,284.0,687,Lumber,LBS=F
2010-05-07,272.6000061035156,279.1000061035156,270.5,273.8999938964844,184,Lumber,LBS=F
2010-05-10,279.6000061035156,282.29998779296875,277.5,281.5,109,Lumber,LBS=F
2010-05-11,270.79998779296875,282.3999938964844,271.0,282.3999938964844,291,Lumber,LBS=F
2010-05-12,271.5,275.6000061035156,263.8999938964844,271.0,178,Lumber,LBS=F
2010-05-13,270.0,276.5,267.0,275.6000061035156,170,Lumber,LBS=F
2010-05-14,263.0,268.0,258.6000061035156,267.6000061035156,567,Lumber,LBS=F
2010-05-17,251.3000030517578,261.70001220703125,251.3000030517578,261.70001220703125,519,Lumber,LBS=F
2010-05-18,242.6999969482422,250.0,241.3000030517578,250.0,954,Lumber,LBS=F
2010-05-19,234.60000610351562,250.89999389648438,233.1999969482422,246.39999389648438,971,Lumber,LBS=F
2010-05-20,236.0,240.10000610351562,228.60000610351562,237.0,586,Lumber,LBS=F
2010-05-21,239.39999389648438,243.0,236.10000610351562,238.10000610351562,440,Lumber,LBS=F
2010-05-24,245.0,248.60000610351562,240.10000610351562,240.10000610351562,404,Lumber,LBS=F
2010-05-25,235.0,248.10000610351562,235.0,245.1999969482422,250,Lumber,LBS=F
2010-05-26,225.0,230.0,225.0,229.60000610351562,579,Lumber,LBS=F
2010-05-27,229.10000610351562,234.5,221.1999969482422,225.0,755,Lumber,LBS=F
2010-05-28,225.5,232.3000030517578,224.6999969482422,229.10000610351562,910,Lumber,LBS=F
2010-06-01,228.89999389648438,232.6999969482422,220.1999969482422,230.0,1739,Lumber,LBS=F
2010-06-02,223.0,227.89999389648438,221.3000030517578,223.0,1211,Lumber,LBS=F
2010-06-03,232.0,233.0,223.3000030517578,223.3000030517578,610,Lumber,LBS=F
2010-06-04,228.0,235.3000030517578,226.1999969482422,230.8000030517578,544,Lumber,LBS=F
2010-06-07,218.0,230.39999389648438,218.0,230.39999389648438,732,Lumber,LBS=F
2010-06-08,214.10000610351562,219.0,209.10000610351562,216.39999389648438,712,Lumber,LBS=F
2010-06-09,206.0,215.1999969482422,206.5,215.1999969482422,1068,Lumber,LBS=F
2010-06-10,209.1999969482422,212.89999389648438,205.3000030517578,206.0,426,Lumber,LBS=F
2010-06-11,204.0,210.10000610351562,204.8000030517578,208.6999969482422,360,Lumber,LBS=F
2010-06-14,206.10000610351562,211.39999389648438,204.6999969482422,204.6999969482422,350,Lumber,LBS=F
2010-06-15,203.0,210.10000610351562,202.0,206.3000030517578,316,Lumber,LBS=F
2010-06-16,194.5,205.1999969482422,193.3000030517578,204.0,420,Lumber,LBS=F
2010-06-17,194.1999969482422,199.39999389648438,193.8000030517578,194.6999969482422,245,Lumber,LBS=F
2010-06-18,196.8000030517578,198.3000030517578,194.60000610351562,196.5,188,Lumber,LBS=F
2010-06-21,189.60000610351562,198.5,188.10000610351562,198.5,406,Lumber,LBS=F
2010-06-22,183.60000610351562,190.0,181.1999969482422,188.60000610351562,616,Lumber,LBS=F
2010-06-23,177.89999389648438,181.6999969482422,175.5,180.8000030517578,293,Lumber,LBS=F
2010-06-24,182.0,184.1999969482422,178.60000610351562,179.0,184,Lumber,LBS=F
2010-06-25,188.89999389648438,191.39999389648438,178.8000030517578,178.8000030517578,281,Lumber,LBS=F
2010-06-28,188.60000610351562,191.3000030517578,185.5,190.0,138,Lumber,LBS=F
2010-06-29,185.0,191.39999389648438,181.6999969482422,187.89999389648438,89,Lumber,LBS=F
2010-06-30,195.0,195.0,187.0,187.0,363,Lumber,LBS=F
2010-07-01,205.0,210.8000030517578,201.10000610351562,201.10000610351562,505,Lumber,LBS=F
2010-07-02,206.0,210.6999969482422,204.3000030517578,208.8000030517578,305,Lumber,LBS=F
2010-07-06,195.5,207.6999969482422,195.39999389648438,207.6999969482422,287,Lumber,LBS=F
2010-07-07,203.0,203.89999389648438,195.0,195.3000030517578,290,Lumber,LBS=F
2010-07-08,202.0,208.0,202.10000610351562,203.0,158,Lumber,LBS=F
2010-07-09,198.1999969482422,204.0,196.10000610351562,202.6999969482422,218,Lumber,LBS=F
2010-07-12,198.1999969482422,200.89999389648438,196.0,198.39999389648438,100,Lumber,LBS=F
2010-07-13,205.60000610351562,206.0,200.0,200.0,231,Lumber,LBS=F
2010-07-14,204.0,206.5,201.1999969482422,205.6999969482422,181,Lumber,LBS=F
2010-07-15,198.0,206.5,198.0,203.89999389648438,504,Lumber,LBS=F
2010-07-16,206.89999389648438,209.5,205.3000030517578,209.1999969482422,472,Lumber,LBS=F
2010-07-19,198.60000610351562,207.60000610351562,198.3000030517578,206.89999389648438,334,Lumber,LBS=F
2010-07-20,198.8000030517578,200.89999389648438,196.1999969482422,198.5,222,Lumber,LBS=F
2010-07-21,201.3000030517578,202.5,198.5,200.0,272,Lumber,LBS=F
2010-07-22,209.0,211.3000030517578,200.1999969482422,202.1999969482422,548,Lumber,LBS=F
2010-07-23,209.5,213.1999969482422,208.3000030517578,210.10000610351562,277,Lumber,LBS=F
2010-07-26,208.0,215.3000030517578,207.6999969482422,210.5,282,Lumber,LBS=F
2010-07-27,200.3000030517578,209.1999969482422,200.60000610351562,208.0,453,Lumber,LBS=F
2010-07-28,200.60000610351562,204.60000610351562,199.60000610351562,201.10000610351562,638,Lumber,LBS=F
2010-07-29,201.5,207.1999969482422,201.0,201.0,1133,Lumber,LBS=F
2010-07-30,209.0,208.0,202.39999389648438,203.6999969482422,1147,Lumber,LBS=F
2010-08-02,214.60000610351562,218.5,210.0,211.0,1595,Lumber,LBS=F
2010-08-03,205.10000610351562,214.8000030517578,204.60000610351562,214.5,1123,Lumber,LBS=F
2010-08-04,208.0,207.5,200.39999389648438,206.39999389648438,627,Lumber,LBS=F
2010-08-05,206.5,209.39999389648438,205.60000610351562,208.0,315,Lumber,LBS=F
2010-08-06,201.0,207.0,200.39999389648438,206.3000030517578,535,Lumber,LBS=F
2010-08-09,205.0,206.89999389648438,202.0,202.0,166,Lumber,LBS=F
2010-08-10,200.10000610351562,203.39999389648438,198.60000610351562,203.10000610351562,554,Lumber,LBS=F
2010-08-11,198.39999389648438,201.5,195.60000610351562,200.8000030517578,443,Lumber,LBS=F
2010-08-12,199.89999389648438,199.6999969482422,195.6999969482422,197.6999969482422,203,Lumber,LBS=F
2010-08-13,202.0,203.1999969482422,199.10000610351562,199.10000610351562,137,Lumber,LBS=F
2010-08-16,199.60000610351562,203.0,198.1999969482422,203.0,481,Lumber,LBS=F
2010-08-17,207.5,209.60000610351562,201.0,201.5,515,Lumber,LBS=F
2010-08-18,210.0,214.5,209.60000610351562,209.6999969482422,1042,Lumber,LBS=F
2010-08-19,215.6999969482422,217.1999969482422,209.89999389648438,211.1999969482422,676,Lumber,LBS=F
2010-08-20,219.5,219.60000610351562,216.6999969482422,217.0,476,Lumber,LBS=F
2010-08-23,213.3000030517578,219.3000030517578,212.8000030517578,219.0,400,Lumber,LBS=F
2010-08-24,208.5,213.8000030517578,207.60000610351562,213.10000610351562,252,Lumber,LBS=F
2010-08-25,210.60000610351562,211.3000030517578,207.0,209.8000030517578,363,Lumber,LBS=F
2010-08-26,215.60000610351562,215.5,211.0,211.0,498,Lumber,LBS=F
2010-08-27,211.5,214.39999389648438,210.5,214.0,140,Lumber,LBS=F
2010-08-30,213.89999389648438,213.8000030517578,211.0,213.8000030517578,75,Lumber,LBS=F
2010-08-31,204.5,213.1999969482422,203.89999389648438,213.1999969482422,663,Lumber,LBS=F
2010-09-01,204.89999389648438,206.5,202.6999969482422,203.10000610351562,354,Lumber,LBS=F
2010-09-02,207.5,208.3000030517578,205.5,205.60000610351562,532,Lumber,LBS=F
2010-09-03,207.5,208.6999969482422,205.5,206.5,314,Lumber,LBS=F
2010-09-07,210.0,210.0,206.5,207.0,591,Lumber,LBS=F
2010-09-08,220.0,222.1999969482422,210.8000030517578,210.8000030517578,387,Lumber,LBS=F
2010-09-09,222.60000610351562,226.8000030517578,217.5,218.5,268,Lumber,LBS=F
2010-09-10,223.0,231.0,221.10000610351562,222.3000030517578,151,Lumber,LBS=F
2010-09-13,222.89999389648438,226.8000030517578,220.0,225.10000610351562,207,Lumber,LBS=F
2010-09-14,216.8000030517578,226.5,215.10000610351562,222.0,229,Lumber,LBS=F
2010-09-15,216.39999389648438,218.0,213.39999389648438,216.89999389648438,334,Lumber,LBS=F
2010-09-16,217.8000030517578,227.0,218.8000030517578,226.89999389648438,539,Lumber,LBS=F
2010-09-17,218.0,221.8000030517578,216.8000030517578,219.8000030517578,293,Lumber,LBS=F
2010-09-20,222.0,227.0,218.0,218.5,400,Lumber,LBS=F
2010-09-21,232.0,232.0,225.5,226.39999389648438,465,Lumber,LBS=F
2010-09-22,242.0,242.0,235.0,235.0,452,Lumber,LBS=F
2010-09-23,230.5,243.5,230.0,242.89999389648438,1154,Lumber,LBS=F
2010-09-24,240.5,240.5,231.1999969482422,231.1999969482422,567,Lumber,LBS=F
2010-09-27,236.0,242.0,235.0,241.8000030517578,247,Lumber,LBS=F
2010-09-28,228.10000610351562,238.10000610351562,227.10000610351562,236.1999969482422,553,Lumber,LBS=F
2010-09-29,226.0,232.0,227.60000610351562,229.0,1562,Lumber,LBS=F
2010-09-30,227.0,230.3000030517578,227.3000030517578,227.8000030517578,1706,Lumber,LBS=F
2010-10-01,220.0,232.39999389648438,220.5,229.0,1887,Lumber,LBS=F
2010-10-04,217.89999389648438,222.3000030517578,212.8000030517578,222.0,839,Lumber,LBS=F
2010-10-05,216.8000030517578,217.39999389648438,214.1999969482422,216.0,694,Lumber,LBS=F
2010-10-06,220.8000030517578,224.10000610351562,217.0,217.0,949,Lumber,LBS=F
2010-10-07,223.0,226.60000610351562,218.60000610351562,222.39999389648438,555,Lumber,LBS=F
2010-10-08,233.0,233.0,226.0,226.60000610351562,1217,Lumber,LBS=F
2010-10-11,234.0,240.39999389648438,232.6999969482422,238.0,1047,Lumber,LBS=F
2010-10-12,244.0,244.0,234.3000030517578,235.5,1041,Lumber,LBS=F
2010-10-13,254.0,254.0,246.10000610351562,248.0,1412,Lumber,LBS=F
2010-10-14,253.0,254.8000030517578,244.1999969482422,251.39999389648438,1008,Lumber,LBS=F
2010-10-15,243.3000030517578,249.5,243.0,248.10000610351562,626,Lumber,LBS=F
2010-10-18,247.6999969482422,247.6999969482422,245.0,246.3000030517578,369,Lumber,LBS=F
2010-10-19,238.3000030517578,246.60000610351562,237.6999969482422,246.60000610351562,824,Lumber,LBS=F
2010-10-20,240.3000030517578,242.6999969482422,233.5,238.0,595,Lumber,LBS=F
2010-10-21,241.1999969482422,243.1999969482422,238.1999969482422,238.1999969482422,252,Lumber,LBS=F
2010-10-22,242.0,245.5,241.0,241.5,571,Lumber,LBS=F
2010-10-25,240.8000030517578,245.39999389648438,238.6999969482422,244.5,202,Lumber,LBS=F
2010-10-26,238.1999969482422,240.3000030517578,235.10000610351562,238.60000610351562,327,Lumber,LBS=F
2010-10-27,239.60000610351562,242.60000610351562,237.39999389648438,239.89999389648438,257,Lumber,LBS=F
2010-10-28,247.0,249.60000610351562,241.5,241.8000030517578,403,Lumber,LBS=F
2010-10-29,257.0,257.0,246.89999389648438,248.8000030517578,499,Lumber,LBS=F
2010-11-01,270.0,272.20001220703125,259.20001220703125,259.20001220703125,664,Lumber,LBS=F
2010-11-02,266.0,266.5,258.79998779296875,265.0,606,Lumber,LBS=F
2010-11-03,267.70001220703125,269.8999938964844,262.0,262.0,190,Lumber,LBS=F
2010-11-04,267.0,271.5,265.0,266.29998779296875,287,Lumber,LBS=F
2010-11-05,263.70001220703125,266.70001220703125,260.70001220703125,266.20001220703125,287,Lumber,LBS=F
2010-11-08,258.5,261.70001220703125,258.1000061035156,261.3999938964844,197,Lumber,LBS=F
2010-11-09,258.5,266.0,258.5,258.5,308,Lumber,LBS=F
2010-11-10,261.5,265.0,258.70001220703125,260.20001220703125,242,Lumber,LBS=F
2010-11-11,266.0,266.8999938964844,262.79998779296875,265.0,189,Lumber,LBS=F
2010-11-12,273.0,279.3999938964844,263.6000061035156,265.0,163,Lumber,LBS=F
2010-11-15,270.0,285.0,258.0,285.0,700,Lumber,LBS=F
2010-11-16,259.1000061035156,266.0,259.0,264.29998779296875,538,Lumber,LBS=F
2010-11-17,260.5,262.3999938964844,255.60000610351562,262.29998779296875,492,Lumber,LBS=F
2010-11-18,261.20001220703125,264.3999938964844,259.5,260.6000061035156,213,Lumber,LBS=F
2010-11-19,255.1999969482422,263.5,255.3000030517578,262.70001220703125,504,Lumber,LBS=F
2010-11-22,253.3000030517578,257.1000061035156,252.0,255.0,600,Lumber,LBS=F
2010-11-23,252.60000610351562,256.79998779296875,250.6999969482422,256.29998779296875,520,Lumber,LBS=F
2010-11-24,247.1999969482422,252.89999389648438,247.39999389648438,252.60000610351562,520,Lumber,LBS=F
2010-11-26,250.0,251.5,246.60000610351562,247.6999969482422,671,Lumber,LBS=F
2010-11-29,245.6999969482422,249.39999389648438,245.60000610351562,247.89999389648438,1180,Lumber,LBS=F
2010-11-30,247.0,253.0,245.5,248.10000610351562,1632,Lumber,LBS=F
2010-12-01,251.0,256.8999938964844,250.1999969482422,251.0,1589,Lumber,LBS=F
2010-12-02,252.0,255.89999389648438,248.10000610351562,252.6999969482422,415,Lumber,LBS=F
2010-12-03,249.3000030517578,251.1999969482422,248.0,251.0,344,Lumber,LBS=F
2010-12-06,248.10000610351562,249.3000030517578,246.5,249.0,474,Lumber,LBS=F
2010-12-07,249.5,254.0,246.5,248.0,631,Lumber,LBS=F
2010-12-08,259.5,259.5,249.6999969482422,249.6999969482422,831,Lumber,LBS=F
2010-12-09,269.5,269.5,261.3999938964844,261.3999938964844,795,Lumber,LBS=F
2010-12-10,266.5,274.3999938964844,267.6000061035156,272.20001220703125,793,Lumber,LBS=F
2010-12-13,272.3999938964844,272.0,266.20001220703125,270.0,366,Lumber,LBS=F
2010-12-14,270.6000061035156,272.6000061035156,267.0,271.79998779296875,514,Lumber,LBS=F
2010-12-15,280.6000061035156,280.6000061035156,266.1000061035156,268.6000061035156,486,Lumber,LBS=F
2010-12-16,288.5,290.20001220703125,281.70001220703125,284.5,871,Lumber,LBS=F
2010-12-17,298.5,298.5,284.6000061035156,285.8999938964844,387,Lumber,LBS=F
2010-12-20,307.0,306.5,298.6000061035156,300.5,259,Lumber,LBS=F
2010-12-21,298.70001220703125,303.70001220703125,297.0,303.70001220703125,265,Lumber,LBS=F
2010-12-22,307.0,307.8999938964844,298.20001220703125,298.20001220703125,314,Lumber,LBS=F
2010-12-23,308.79998779296875,316.0,304.70001220703125,308.6000061035156,310,Lumber,LBS=F
2010-12-27,316.0,316.3999938964844,307.8999938964844,311.5,267,Lumber,LBS=F
2010-12-28,312.5,314.70001220703125,307.8999938964844,313.29998779296875,88,Lumber,LBS=F
2010-12-29,311.5,313.8999938964844,307.29998779296875,307.79998779296875,198,Lumber,LBS=F
2010-12-30,307.0,310.29998779296875,301.79998779296875,308.8999938964844,141,Lumber,LBS=F
2010-12-31,302.0,307.0,302.1000061035156,303.79998779296875,86,Lumber,LBS=F
2011-01-03,313.0,316.20001220703125,303.6000061035156,303.6000061035156,180,Lumber,LBS=F
2011-01-04,305.0,326.8999938964844,303.79998779296875,314.70001220703125,312,Lumber,LBS=F
2011-01-05,313.0,318.0,306.3999938964844,308.1000061035156,147,Lumber,LBS=F
2011-01-06,308.0,317.5,305.79998779296875,317.3999938964844,336,Lumber,LBS=F
2011-01-07,305.0,311.20001220703125,304.79998779296875,310.0,218,Lumber,LBS=F
2011-01-10,290.70001220703125,304.79998779296875,292.1000061035156,304.79998779296875,232,Lumber,LBS=F
2011-01-11,286.6000061035156,291.0,285.20001220703125,290.79998779296875,209,Lumber,LBS=F
2011-01-12,286.6000061035156,291.0,285.0,285.5,213,Lumber,LBS=F
2011-01-13,285.0,289.6000061035156,285.0,289.6000061035156,146,Lumber,LBS=F
2011-01-14,288.0,291.20001220703125,286.0,289.8999938964844,266,Lumber,LBS=F
2011-01-18,297.1000061035156,304.0,296.79998779296875,303.20001220703125,441,Lumber,LBS=F
2011-01-19,297.6000061035156,307.1000061035156,295.20001220703125,297.1000061035156,774,Lumber,LBS=F
2011-01-20,303.3999938964844,305.0,300.20001220703125,305.0,492,Lumber,LBS=F
2011-01-21,313.3999938964844,313.3999938964844,304.3999938964844,304.3999938964844,484,Lumber,LBS=F
2011-01-24,320.0,323.3999938964844,316.20001220703125,316.20001220703125,425,Lumber,LBS=F
2011-01-25,311.0,320.29998779296875,310.20001220703125,319.79998779296875,662,Lumber,LBS=F
2011-01-26,308.0,312.6000061035156,306.0,310.0,625,Lumber,LBS=F
2011-01-27,309.29998779296875,318.0,309.0,309.0,635,Lumber,LBS=F
2011-01-28,315.0,315.6000061035156,307.79998779296875,315.1000061035156,1314,Lumber,LBS=F
2011-01-31,310.0,313.70001220703125,310.0,310.0,907,Lumber,LBS=F
2011-02-01,315.70001220703125,320.0,310.5,313.3999938964844,1590,Lumber,LBS=F
2011-02-02,305.70001220703125,325.0,305.70001220703125,320.5,1319,Lumber,LBS=F
2011-02-03,300.0,308.79998779296875,299.6000061035156,307.79998779296875,649,Lumber,LBS=F
2011-02-04,301.5,303.29998779296875,299.5,302.0,381,Lumber,LBS=F
2011-02-07,298.6000061035156,304.0,298.79998779296875,303.6000061035156,625,Lumber,LBS=F
2011-02-08,301.8999938964844,302.6000061035156,299.0,300.3999938964844,811,Lumber,LBS=F
2011-02-09,309.0,311.20001220703125,302.20001220703125,302.20001220703125,776,Lumber,LBS=F
2011-02-10,313.5,317.6000061035156,305.8999938964844,307.70001220703125,578,Lumber,LBS=F
2011-02-11,313.20001220703125,317.8999938964844,309.0,313.5,475,Lumber,LBS=F
2011-02-14,308.0,317.70001220703125,307.0,313.5,406,Lumber,LBS=F
2011-02-15,315.29998779296875,318.0,308.3999938964844,308.79998779296875,789,Lumber,LBS=F
2011-02-16,310.5,315.29998779296875,309.5,314.79998779296875,547,Lumber,LBS=F
2011-02-17,304.8999938964844,312.3999938964844,303.20001220703125,310.5,475,Lumber,LBS=F
2011-02-18,306.0,308.5,303.20001220703125,307.0,308,Lumber,LBS=F
2011-02-22,307.0,314.79998779296875,305.70001220703125,306.29998779296875,419,Lumber,LBS=F
2011-02-23,299.1000061035156,307.70001220703125,297.20001220703125,306.1000061035156,396,Lumber,LBS=F
2011-02-24,289.1000061035156,300.29998779296875,289.1000061035156,299.0,675,Lumber,LBS=F
2011-02-25,290.1000061035156,289.8999938964844,284.29998779296875,287.8999938964844,299,Lumber,LBS=F
2011-02-28,288.8999938964844,290.3999938964844,286.1000061035156,287.1000061035156,399,Lumber,LBS=F
2011-03-01,288.0,292.6000061035156,285.1000061035156,291.1000061035156,198,Lumber,LBS=F
2011-03-02,285.5,286.5,283.6000061035156,286.5,452,Lumber,LBS=F
2011-03-03,297.1000061035156,299.8999938964844,283.6000061035156,284.29998779296875,295,Lumber,LBS=F
2011-03-04,303.20001220703125,305.29998779296875,296.8999938964844,297.5,221,Lumber,LBS=F
2011-03-07,300.6000061035156,304.6000061035156,297.79998779296875,302.5,122,Lumber,LBS=F
2011-03-08,300.6000061035156,300.5,295.3999938964844,297.8999938964844,114,Lumber,LBS=F
2011-03-09,293.1000061035156,300.20001220703125,293.20001220703125,300.20001220703125,251,Lumber,LBS=F
2011-03-10,285.0,295.6000061035156,285.20001220703125,294.79998779296875,183,Lumber,LBS=F
2011-03-11,285.0,294.3999938964844,281.6000061035156,284.6000061035156,243,Lumber,LBS=F
2011-03-14,279.70001220703125,284.70001220703125,279.1000061035156,284.70001220703125,170,Lumber,LBS=F
2011-03-15,280.0,282.29998779296875,275.0,281.0,673,Lumber,LBS=F
2011-03-16,302.70001220703125,308.70001220703125,300.20001220703125,305.20001220703125,589,Lumber,LBS=F
2011-03-17,312.70001220703125,312.70001220703125,302.70001220703125,306.1000061035156,362,Lumber,LBS=F
2011-03-18,319.3999938964844,321.70001220703125,310.0,311.79998779296875,582,Lumber,LBS=F
2011-03-21,323.79998779296875,324.70001220703125,318.5,322.0,397,Lumber,LBS=F
2011-03-22,315.5,318.0,313.79998779296875,318.0,611,Lumber,LBS=F
2011-03-23,311.5,319.3999938964844,311.29998779296875,313.6000061035156,691,Lumber,LBS=F
2011-03-24,313.1000061035156,316.29998779296875,312.5,312.79998779296875,262,Lumber,LBS=F
2011-03-25,319.3999938964844,321.0,313.79998779296875,315.0,438,Lumber,LBS=F
2011-03-28,315.5,318.0,312.3999938964844,318.0,760,Lumber,LBS=F
2011-03-29,305.6000061035156,313.8999938964844,305.5,313.5,1221,Lumber,LBS=F
2011-03-30,299.6000061035156,308.0,301.20001220703125,306.1000061035156,1347,Lumber,LBS=F
2011-03-31,303.3999938964844,306.8999938964844,299.70001220703125,302.29998779296875,1669,Lumber,LBS=F
2011-04-01,297.0,305.70001220703125,297.29998779296875,304.6000061035156,2240,Lumber,LBS=F
2011-04-04,295.29998779296875,298.0,294.0,297.70001220703125,516,Lumber,LBS=F
2011-04-05,292.1000061035156,295.5,285.29998779296875,295.5,839,Lumber,LBS=F
2011-04-06,282.1000061035156,287.29998779296875,282.1000061035156,286.5,346,Lumber,LBS=F
2011-04-07,272.1000061035156,279.3999938964844,272.1000061035156,277.6000061035156,717,Lumber,LBS=F
2011-04-08,257.20001220703125,270.8999938964844,257.1000061035156,270.1000061035156,1525,Lumber,LBS=F
2011-04-11,247.1999969482422,262.79998779296875,247.1999969482422,257.6000061035156,748,Lumber,LBS=F
2011-04-12,241.0,247.10000610351562,237.1999969482422,247.0,891,Lumber,LBS=F
2011-04-13,251.0,251.0,241.6999969482422,243.89999389648438,698,Lumber,LBS=F
2011-04-14,242.0,251.1999969482422,241.89999389648438,250.39999389648438,614,Lumber,LBS=F
2011-04-15,250.3000030517578,252.0,245.0,245.0,491,Lumber,LBS=F
2011-04-18,246.10000610351562,255.0,244.0,254.0,403,Lumber,LBS=F
2011-04-19,244.0,253.6999969482422,244.5,248.0,455,Lumber,LBS=F
2011-04-20,234.10000610351562,245.6999969482422,234.0,244.1999969482422,560,Lumber,LBS=F
2011-04-21,231.0,244.0,224.10000610351562,230.89999389648438,893,Lumber,LBS=F
2011-04-25,234.0,236.39999389648438,229.89999389648438,232.0,615,Lumber,LBS=F
2011-04-26,230.60000610351562,237.6999969482422,229.1999969482422,233.10000610351562,178,Lumber,LBS=F
2011-04-27,224.0,229.6999969482422,221.1999969482422,229.6999969482422,343,Lumber,LBS=F
2011-04-28,232.5,233.3000030517578,223.3000030517578,228.0,234,Lumber,LBS=F
2011-04-29,237.0,239.5,230.5,231.6999969482422,337,Lumber,LBS=F
2011-05-02,241.5,244.39999389648438,237.0,237.5,703,Lumber,LBS=F
2011-05-03,239.0,244.0,235.0,241.0,131,Lumber,LBS=F
2011-05-04,229.5,235.6999969482422,227.3000030517578,235.10000610351562,159,Lumber,LBS=F
2011-05-05,231.0,235.10000610351562,227.3000030517578,227.3000030517578,208,Lumber,LBS=F
2011-05-06,231.10000610351562,233.3000030517578,227.0,227.0,256,Lumber,LBS=F
2011-05-09,227.5,231.5,227.3000030517578,231.39999389648438,234,Lumber,LBS=F
2011-05-10,224.39999389648438,227.0,222.5,227.0,104,Lumber,LBS=F
2011-05-11,216.8000030517578,225.5,213.10000610351562,224.5,217,Lumber,LBS=F
2011-05-12,209.6999969482422,216.0,208.10000610351562,214.5,129,Lumber,LBS=F
2011-05-13,213.0,218.89999389648438,208.3000030517578,211.89999389648438,521,Lumber,LBS=F
2011-05-16,232.10000610351562,233.6999969482422,225.6999969482422,230.10000610351562,187,Lumber,LBS=F
2011-05-17,222.5,232.89999389648438,222.10000610351562,232.0,501,Lumber,LBS=F
2011-05-18,224.5,231.89999389648438,217.60000610351562,220.10000610351562,627,Lumber,LBS=F
2011-05-19,231.89999389648438,234.5,225.1999969482422,225.1999969482422,373,Lumber,LBS=F
2011-05-20,227.1999969482422,233.5,227.0,231.1999969482422,352,Lumber,LBS=F
2011-05-23,218.10000610351562,227.8000030517578,217.8000030517578,227.8000030517578,417,Lumber,LBS=F
2011-05-24,221.5,223.39999389648438,215.0,218.60000610351562,438,Lumber,LBS=F
2011-05-25,231.5,231.5,219.60000610351562,222.0,420,Lumber,LBS=F
2011-05-26,241.5,241.5,231.0,231.60000610351562,823,Lumber,LBS=F
2011-05-27,238.6999969482422,247.0,236.60000610351562,243.0,980,Lumber,LBS=F
2011-05-31,243.5,248.6999969482422,240.10000610351562,241.0,1623,Lumber,LBS=F
2011-06-01,237.0,252.0,235.39999389648438,246.89999389648438,1101,Lumber,LBS=F
2011-06-02,231.0,241.3000030517578,231.5,236.0,2555,Lumber,LBS=F
2011-06-03,227.0,234.5,225.0,233.1999969482422,680,Lumber,LBS=F
2011-06-06,222.5,226.5,220.6999969482422,226.5,488,Lumber,LBS=F
2011-06-07,228.5,232.39999389648438,222.5,224.0,565,Lumber,LBS=F
2011-06-08,225.5,232.3000030517578,221.89999389648438,228.6999969482422,595,Lumber,LBS=F
2011-06-09,228.0,233.60000610351562,227.10000610351562,231.5,812,Lumber,LBS=F
2011-06-10,226.5,230.6999969482422,222.89999389648438,229.8000030517578,517,Lumber,LBS=F
2011-06-13,223.5,225.8000030517578,221.3000030517578,225.60000610351562,957,Lumber,LBS=F
2011-06-14,223.60000610351562,227.39999389648438,222.5,225.39999389648438,419,Lumber,LBS=F
2011-06-15,217.0,223.10000610351562,213.60000610351562,223.10000610351562,847,Lumber,LBS=F
2011-06-16,219.89999389648438,224.8000030517578,214.10000610351562,216.89999389648438,458,Lumber,LBS=F
2011-06-17,223.60000610351562,226.8000030517578,220.1999969482422,221.3000030517578,415,Lumber,LBS=F
2011-06-20,230.8000030517578,233.3000030517578,223.0,223.5,566,Lumber,LBS=F
2011-06-21,232.39999389648438,238.8000030517578,230.8000030517578,232.5,627,Lumber,LBS=F
2011-06-22,237.10000610351562,239.39999389648438,233.3000030517578,233.3000030517578,357,Lumber,LBS=F
2011-06-23,234.0,236.10000610351562,228.1999969482422,235.10000610351562,356,Lumber,LBS=F
2011-06-24,236.0,236.0,232.5,233.8000030517578,191,Lumber,LBS=F
2011-06-27,235.5,237.0,234.39999389648438,235.0,179,Lumber,LBS=F
2011-06-28,228.60000610351562,235.10000610351562,225.8000030517578,235.10000610351562,279,Lumber,LBS=F
2011-06-29,236.0,238.60000610351562,227.6999969482422,229.6999969482422,484,Lumber,LBS=F
2011-06-30,244.89999389648438,245.0,237.89999389648438,237.89999389648438,513,Lumber,LBS=F
2011-07-01,244.0,247.89999389648438,242.10000610351562,245.60000610351562,220,Lumber,LBS=F
2011-07-05,240.10000610351562,247.0,240.60000610351562,244.10000610351562,208,Lumber,LBS=F
2011-07-06,238.0,241.0,235.1999969482422,241.0,277,Lumber,LBS=F
2011-07-07,242.0,244.0,234.8000030517578,235.8000030517578,179,Lumber,LBS=F
2011-07-08,248.8000030517578,249.89999389648438,238.10000610351562,240.89999389648438,174,Lumber,LBS=F
2011-07-11,247.10000610351562,258.3999938964844,243.8000030517578,247.0,208,Lumber,LBS=F
2011-07-12,248.89999389648438,252.0,241.60000610351562,244.89999389648438,211,Lumber,LBS=F
2011-07-13,248.0,252.39999389648438,245.5,248.3000030517578,69,Lumber,LBS=F
2011-07-14,258.0,259.79998779296875,241.5,244.60000610351562,138,Lumber,LBS=F
2011-07-15,258.0,258.0,251.89999389648438,257.70001220703125,321,Lumber,LBS=F
2011-07-18,262.20001220703125,263.5,261.0,263.0,146,Lumber,LBS=F
2011-07-19,265.70001220703125,269.8999938964844,261.1000061035156,261.3999938964844,311,Lumber,LBS=F
2011-07-20,260.8999938964844,270.20001220703125,258.8999938964844,268.0,335,Lumber,LBS=F
2011-07-21,266.0,265.5,262.29998779296875,262.29998779296875,198,Lumber,LBS=F
2011-07-22,259.20001220703125,268.3999938964844,260.0,264.0,442,Lumber,LBS=F
2011-07-25,255.10000610351562,266.79998779296875,256.0,261.20001220703125,432,Lumber,LBS=F
2011-07-26,256.0,258.6000061035156,253.39999389648438,256.1000061035156,275,Lumber,LBS=F
2011-07-27,254.0,254.6999969482422,252.0,254.0,400,Lumber,LBS=F
2011-07-28,253.0,255.8000030517578,252.60000610351562,255.0,981,Lumber,LBS=F
2011-07-29,248.5,254.0,250.1999969482422,253.0,1148,Lumber,LBS=F
2011-08-01,238.5,251.10000610351562,238.5,250.39999389648438,816,Lumber,LBS=F
2011-08-02,228.5,232.39999389648438,228.5,231.10000610351562,1019,Lumber,LBS=F
2011-08-03,222.60000610351562,232.0,222.3000030517578,226.5,1882,Lumber,LBS=F
2011-08-04,224.5,228.0,221.60000610351562,228.0,753,Lumber,LBS=F
2011-08-05,223.89999389648438,224.0,218.8000030517578,224.0,681,Lumber,LBS=F
2011-08-08,222.0,222.5,213.89999389648438,220.6999969482422,737,Lumber,LBS=F
2011-08-09,223.6999969482422,223.8000030517578,215.0,217.60000610351562,875,Lumber,LBS=F
2011-08-10,221.5,229.1999969482422,217.0,225.89999389648438,1631,Lumber,LBS=F
2011-08-11,228.0,228.60000610351562,218.39999389648438,218.60000610351562,502,Lumber,LBS=F
2011-08-12,224.0,231.39999389648438,222.60000610351562,228.0,664,Lumber,LBS=F
2011-08-15,230.3000030517578,231.6999969482422,223.0,223.60000610351562,687,Lumber,LBS=F
2011-08-16,229.5,234.10000610351562,223.60000610351562,230.5,655,Lumber,LBS=F
2011-08-17,227.5,229.8000030517578,226.6999969482422,228.0,420,Lumber,LBS=F
2011-08-18,217.5,228.10000610351562,217.5,227.10000610351562,500,Lumber,LBS=F
2011-08-19,216.5,219.5,214.10000610351562,216.60000610351562,241,Lumber,LBS=F
2011-08-22,218.89999389648438,220.10000610351562,216.60000610351562,217.8000030517578,668,Lumber,LBS=F
2011-08-23,218.0,218.89999389648438,215.10000610351562,216.8000030517578,537,Lumber,LBS=F
2011-08-24,227.0,228.0,219.0,219.0,483,Lumber,LBS=F
2011-08-25,226.1999969482422,230.0,225.10000610351562,229.6999969482422,145,Lumber,LBS=F
2011-08-26,232.5,235.10000610351562,227.10000610351562,228.0,263,Lumber,LBS=F
2011-08-29,232.10000610351562,235.6999969482422,230.0,234.0,222,Lumber,LBS=F
2011-08-30,232.60000610351562,234.5,228.0,233.0,183,Lumber,LBS=F
2011-08-31,241.60000610351562,242.60000610351562,233.0,233.3000030517578,385,Lumber,LBS=F
2011-09-01,245.0,248.6999969482422,242.0,243.0,312,Lumber,LBS=F
2011-09-02,250.89999389648438,252.0,240.0,240.8000030517578,248,Lumber,LBS=F
2011-09-06,253.5,256.0,248.1999969482422,248.1999969482422,429,Lumber,LBS=F
2011-09-07,257.3999938964844,257.70001220703125,251.10000610351562,254.0,205,Lumber,LBS=F
2011-09-08,262.6000061035156,264.6000061035156,252.3000030517578,253.3000030517578,283,Lumber,LBS=F
2011-09-09,246.5,254.5,247.0,252.3000030517578,216,Lumber,LBS=F
2011-09-12,239.0,249.0,237.0,249.0,128,Lumber,LBS=F
2011-09-13,241.6999969482422,244.60000610351562,238.8000030517578,241.1999969482422,135,Lumber,LBS=F
2011-09-14,237.1999969482422,242.8000030517578,237.0,239.3000030517578,64,Lumber,LBS=F
2011-09-15,244.1999969482422,247.89999389648438,238.0,239.0,376,Lumber,LBS=F
2011-09-16,244.60000610351562,251.5,242.6999969482422,250.39999389648438,634,Lumber,LBS=F
2011-09-19,241.1999969482422,245.0,239.8000030517578,244.39999389648438,520,Lumber,LBS=F
2011-09-20,245.0,251.1999969482422,241.39999389648438,241.5,496,Lumber,LBS=F
2011-09-21,244.60000610351562,251.89999389648438,243.10000610351562,247.1999969482422,363,Lumber,LBS=F
2011-09-22,240.0,245.0,238.10000610351562,244.39999389648438,649,Lumber,LBS=F
2011-09-23,233.39999389648438,243.6999969482422,233.1999969482422,241.60000610351562,926,Lumber,LBS=F
2011-09-26,233.0,236.5,233.3000030517578,233.60000610351562,391,Lumber,LBS=F
2011-09-27,227.8000030517578,233.0,225.8000030517578,233.0,1124,Lumber,LBS=F
2011-09-28,224.3000030517578,230.10000610351562,223.5,228.1999969482422,790,Lumber,LBS=F
2011-09-29,221.0,224.3000030517578,219.0,223.60000610351562,1643,Lumber,LBS=F
2011-09-30,211.10000610351562,221.89999389648438,211.60000610351562,221.8000030517578,2321,Lumber,LBS=F
2011-10-03,213.0,218.89999389648438,212.0,212.1999969482422,1478,Lumber,LBS=F
2011-10-04,215.8000030517578,220.8000030517578,211.1999969482422,215.0,777,Lumber,LBS=F
2011-10-05,217.6999969482422,220.89999389648438,216.0,218.0,337,Lumber,LBS=F
2011-10-06,226.60000610351562,227.6999969482422,219.89999389648438,219.89999389648438,950,Lumber,LBS=F
2011-10-07,216.8000030517578,232.39999389648438,216.60000610351562,228.0,1003,Lumber,LBS=F
2011-10-10,224.39999389648438,224.6999969482422,221.0,221.5,377,Lumber,LBS=F
2011-10-11,225.5,227.3000030517578,221.60000610351562,221.60000610351562,299,Lumber,LBS=F
2011-10-12,222.0,226.89999389648438,216.5,226.0,652,Lumber,LBS=F
2011-10-13,216.8000030517578,218.0,212.0,218.0,407,Lumber,LBS=F
2011-10-14,221.0,225.0,216.10000610351562,217.6999969482422,324,Lumber,LBS=F
2011-10-17,224.3000030517578,226.39999389648438,222.0,225.10000610351562,1019,Lumber,LBS=F
2011-10-18,228.6999969482422,230.39999389648438,222.10000610351562,225.0,470,Lumber,LBS=F
2011-10-19,222.0,230.0,220.60000610351562,229.8000030517578,1320,Lumber,LBS=F
2011-10-20,216.1999969482422,222.0,214.5,221.10000610351562,1166,Lumber,LBS=F
2011-10-21,220.0,224.10000610351562,216.3000030517578,218.0,715,Lumber,LBS=F
2011-10-24,223.5,226.0,220.5,222.10000610351562,284,Lumber,LBS=F
2011-10-25,220.6999969482422,226.0,219.6999969482422,224.0,559,Lumber,LBS=F
2011-10-26,220.3000030517578,223.5,218.5,219.39999389648438,187,Lumber,LBS=F
2011-10-27,223.10000610351562,227.89999389648438,221.1999969482422,221.60000610351562,302,Lumber,LBS=F
2011-10-28,222.8000030517578,224.0,220.6999969482422,223.1999969482422,209,Lumber,LBS=F
2011-10-31,224.1999969482422,225.89999389648438,221.5,224.1999969482422,248,Lumber,LBS=F
2011-11-01,220.89999389648438,223.0,216.60000610351562,222.89999389648438,324,Lumber,LBS=F
2011-11-02,220.10000610351562,223.5,217.89999389648438,220.0,388,Lumber,LBS=F
2011-11-03,221.5,221.5,218.3000030517578,218.39999389648438,337,Lumber,LBS=F
2011-11-04,221.89999389648438,221.89999389648438,219.0,219.0,255,Lumber,LBS=F
2011-11-07,220.89999389648438,224.1999969482422,219.60000610351562,221.89999389648438,174,Lumber,LBS=F
2011-11-08,218.0,220.0,216.0,218.8000030517578,103,Lumber,LBS=F
2011-11-09,216.3000030517578,217.1999969482422,212.89999389648438,217.0,222,Lumber,LBS=F
2011-11-10,212.5,216.0,212.10000610351562,215.0,126,Lumber,LBS=F
2011-11-11,220.0,221.89999389648438,212.10000610351562,212.10000610351562,128,Lumber,LBS=F
2011-11-14,217.5,224.8000030517578,217.1999969482422,220.1999969482422,112,Lumber,LBS=F
2011-11-15,219.60000610351562,221.0,214.3000030517578,221.0,318,Lumber,LBS=F
2011-11-16,231.6999969482422,235.0,224.5,227.39999389648438,659,Lumber,LBS=F
2011-11-17,241.6999969482422,241.6999969482422,232.39999389648438,233.6999969482422,861,Lumber,LBS=F
2011-11-18,247.5,251.6999969482422,238.5,240.0,871,Lumber,LBS=F
2011-11-21,246.5,254.0,244.0,248.5,452,Lumber,LBS=F
2011-11-22,241.60000610351562,246.0,238.8000030517578,244.5,521,Lumber,LBS=F
2011-11-23,236.3000030517578,242.39999389648438,235.60000610351562,242.39999389648438,396,Lumber,LBS=F
2011-11-25,235.3000030517578,235.3000030517578,233.6999969482422,235.89999389648438,290,Lumber,LBS=F
2011-11-28,231.60000610351562,237.5,231.60000610351562,235.8000030517578,652,Lumber,LBS=F
2011-11-29,223.0,231.6999969482422,223.0,231.6999969482422,1027,Lumber,LBS=F
2011-11-30,218.1999969482422,225.10000610351562,217.60000610351562,225.0,2903,Lumber,LBS=F
2011-12-01,219.60000610351562,226.8000030517578,218.6999969482422,221.3000030517578,1691,Lumber,LBS=F
2011-12-02,227.0,227.6999969482422,222.0,224.1999969482422,482,Lumber,LBS=F
2011-12-05,232.8000030517578,236.1999969482422,228.0,228.39999389648438,512,Lumber,LBS=F
2011-12-06,230.0,233.39999389648438,225.89999389648438,232.8000030517578,538,Lumber,LBS=F
2011-12-07,231.0,235.5,228.0,229.89999389648438,892,Lumber,LBS=F
2011-12-08,232.39999389648438,235.3000030517578,229.5,231.10000610351562,536,Lumber,LBS=F
2011-12-09,239.60000610351562,241.10000610351562,231.10000610351562,232.3000030517578,1052,Lumber,LBS=F
2011-12-12,229.6999969482422,241.10000610351562,229.60000610351562,238.1999969482422,913,Lumber,LBS=F
2011-12-13,229.60000610351562,232.6999969482422,225.6999969482422,228.89999389648438,1561,Lumber,LBS=F
2011-12-14,224.6999969482422,229.39999389648438,219.60000610351562,227.10000610351562,771,Lumber,LBS=F
2011-12-15,232.0,234.39999389648438,224.60000610351562,224.89999389648438,1170,Lumber,LBS=F
2011-12-16,235.1999969482422,242.0,232.10000610351562,232.10000610351562,1129,Lumber,LBS=F
2011-12-19,237.10000610351562,240.0,235.0,236.6999969482422,435,Lumber,LBS=F
2011-12-20,245.0,245.10000610351562,238.8000030517578,239.0,1029,Lumber,LBS=F
2011-12-21,242.1999969482422,247.6999969482422,241.8000030517578,244.1999969482422,1078,Lumber,LBS=F
2011-12-22,241.0,243.1999969482422,238.89999389648438,241.8000030517578,449,Lumber,LBS=F
2011-12-23,243.10000610351562,244.1999969482422,239.8000030517578,240.60000610351562,168,Lumber,LBS=F
2011-12-27,246.8000030517578,247.8000030517578,243.5,243.5,208,Lumber,LBS=F
2011-12-28,256.70001220703125,256.79998779296875,245.10000610351562,246.0,680,Lumber,LBS=F
2011-12-29,249.3000030517578,259.6000061035156,247.1999969482422,254.89999389648438,463,Lumber,LBS=F
2011-12-30,247.10000610351562,252.0,246.6999969482422,248.5,125,Lumber,LBS=F
2012-01-03,251.0,253.60000610351562,249.5,249.8000030517578,340,Lumber,LBS=F
2012-01-04,244.3000030517578,251.0,244.3000030517578,251.0,323,Lumber,LBS=F
2012-01-05,251.3000030517578,251.89999389648438,245.0,245.0,153,Lumber,LBS=F
2012-01-06,249.89999389648438,251.89999389648438,246.8000030517578,251.10000610351562,130,Lumber,LBS=F
2012-01-09,247.3000030517578,250.0,245.0,249.89999389648438,139,Lumber,LBS=F
2012-01-10,249.89999389648438,251.39999389648438,246.3000030517578,246.3000030517578,139,Lumber,LBS=F
2012-01-11,246.60000610351562,253.39999389648438,245.6999969482422,248.60000610351562,108,Lumber,LBS=F
2012-01-12,251.0,251.0,240.10000610351562,245.5,49,Lumber,LBS=F
2012-01-13,250.39999389648438,254.6999969482422,249.10000610351562,251.0,1053,Lumber,LBS=F
2012-01-17,242.0,247.0,240.1999969482422,247.0,365,Lumber,LBS=F
2012-01-18,242.89999389648438,245.5,240.1999969482422,240.1999969482422,334,Lumber,LBS=F
2012-01-19,241.1999969482422,244.89999389648438,236.0,244.8000030517578,627,Lumber,LBS=F
2012-01-20,240.3000030517578,241.5,235.60000610351562,239.5,422,Lumber,LBS=F
2012-01-23,241.10000610351562,246.8000030517578,240.60000610351562,244.1999969482422,466,Lumber,LBS=F
2012-01-24,235.3000030517578,240.5,234.60000610351562,240.5,553,Lumber,LBS=F
2012-01-25,238.6999969482422,241.0,234.60000610351562,235.39999389648438,368,Lumber,LBS=F
2012-01-26,240.89999389648438,243.89999389648438,237.0,238.0,341,Lumber,LBS=F
2012-01-27,237.5,244.5,237.5,242.0,665,Lumber,LBS=F
2012-01-30,238.1999969482422,243.60000610351562,238.1999969482422,240.0,1252,Lumber,LBS=F
2012-01-31,248.1999969482422,248.1999969482422,241.8000030517578,243.60000610351562,1054,Lumber,LBS=F
2012-02-01,254.0,257.79998779296875,250.5,251.0,1895,Lumber,LBS=F
2012-02-02,252.8000030517578,256.29998779296875,249.0,253.60000610351562,736,Lumber,LBS=F
2012-02-03,262.5,262.5,251.1999969482422,253.0,954,Lumber,LBS=F
2012-02-06,272.5,272.5,262.5,262.5,1604,Lumber,LBS=F
2012-02-07,269.3999938964844,276.29998779296875,266.0,273.5,1562,Lumber,LBS=F
2012-02-08,265.6000061035156,272.5,265.1000061035156,267.5,1074,Lumber,LBS=F
2012-02-09,271.5,274.20001220703125,266.8999938964844,267.79998779296875,775,Lumber,LBS=F
2012-02-10,271.0,276.0,268.0,273.8999938964844,610,Lumber,LBS=F
2012-02-13,275.3999938964844,275.5,270.0,270.0,630,Lumber,LBS=F
2012-02-14,266.3999938964844,273.20001220703125,265.3999938964844,273.20001220703125,784,Lumber,LBS=F
2012-02-15,263.0,266.79998779296875,258.20001220703125,261.70001220703125,1028,Lumber,LBS=F
2012-02-16,261.3999938964844,265.5,260.6000061035156,262.1000061035156,339,Lumber,LBS=F
2012-02-17,263.20001220703125,264.0,258.0,261.1000061035156,254,Lumber,LBS=F
2012-02-21,259.79998779296875,264.6000061035156,257.70001220703125,264.29998779296875,598,Lumber,LBS=F
2012-02-22,264.29998779296875,268.20001220703125,257.6000061035156,259.1000061035156,551,Lumber,LBS=F
2012-02-23,266.6000061035156,268.20001220703125,264.1000061035156,266.20001220703125,258,Lumber,LBS=F
2012-02-24,271.1000061035156,273.0,267.20001220703125,269.3999938964844,650,Lumber,LBS=F
2012-02-27,269.0,271.70001220703125,264.70001220703125,268.0,306,Lumber,LBS=F
2012-02-28,267.70001220703125,273.0,267.0,269.20001220703125,344,Lumber,LBS=F
2012-02-29,265.79998779296875,270.8999938964844,265.20001220703125,268.0,348,Lumber,LBS=F
2012-03-01,270.70001220703125,275.79998779296875,266.5,267.20001220703125,556,Lumber,LBS=F
2012-03-02,275.5,277.20001220703125,273.8999938964844,275.3999938964844,237,Lumber,LBS=F
2012-03-05,270.6000061035156,274.5,267.8999938964844,274.5,191,Lumber,LBS=F
2012-03-06,268.5,273.0,267.0,271.79998779296875,99,Lumber,LBS=F
2012-03-07,267.5,268.8999938964844,263.0,268.5,284,Lumber,LBS=F
2012-03-08,276.0,278.8999938964844,263.6000061035156,265.0,410,Lumber,LBS=F
2012-03-09,276.0,277.0,273.20001220703125,274.20001220703125,195,Lumber,LBS=F
2012-03-12,269.79998779296875,275.1000061035156,269.79998779296875,275.1000061035156,62,Lumber,LBS=F
2012-03-13,271.5,273.0,271.0,272.6000061035156,70,Lumber,LBS=F
2012-03-14,271.20001220703125,275.20001220703125,270.0,274.5,76,Lumber,LBS=F
2012-03-15,269.29998779296875,271.8999938964844,265.0,270.0,580,Lumber,LBS=F
2012-03-16,272.20001220703125,273.20001220703125,268.5,271.6000061035156,272,Lumber,LBS=F
2012-03-19,272.20001220703125,272.70001220703125,269.70001220703125,271.8999938964844,173,Lumber,LBS=F
2012-03-20,264.3999938964844,272.20001220703125,262.29998779296875,272.20001220703125,869,Lumber,LBS=F
2012-03-21,259.70001220703125,263.3999938964844,258.5,263.3999938964844,690,Lumber,LBS=F
2012-03-22,255.0,261.5,254.0,260.20001220703125,1157,Lumber,LBS=F
2012-03-23,258.6000061035156,261.0,256.1000061035156,257.1000061035156,410,Lumber,LBS=F
2012-03-26,261.5,264.1000061035156,259.0,260.1000061035156,234,Lumber,LBS=F
2012-03-27,259.29998779296875,265.3999938964844,259.29998779296875,264.1000061035156,1060,Lumber,LBS=F
2012-03-28,261.6000061035156,262.8999938964844,259.20001220703125,259.20001220703125,270,Lumber,LBS=F
2012-03-29,261.0,265.0,261.0,262.8999938964844,1254,Lumber,LBS=F
2012-03-30,260.8999938964844,264.0,254.89999389648438,264.0,1937,Lumber,LBS=F
2012-04-02,260.29998779296875,263.6000061035156,257.6000061035156,258.20001220703125,1066,Lumber,LBS=F
2012-04-03,258.79998779296875,263.20001220703125,258.3999938964844,262.8999938964844,431,Lumber,LBS=F
2012-04-04,259.1000061035156,262.3999938964844,255.6999969482422,258.79998779296875,519,Lumber,LBS=F
2012-04-05,266.8999938964844,269.1000061035156,260.79998779296875,260.8999938964844,917,Lumber,LBS=F
2012-04-09,263.79998779296875,266.3999938964844,262.0,266.29998779296875,635,Lumber,LBS=F
2012-04-10,262.1000061035156,270.0,262.1000061035156,264.29998779296875,1157,Lumber,LBS=F
2012-04-11,264.20001220703125,266.0,262.6000061035156,264.79998779296875,531,Lumber,LBS=F
2012-04-12,266.8999938964844,269.70001220703125,264.3999938964844,264.3999938964844,795,Lumber,LBS=F
2012-04-13,266.70001220703125,268.79998779296875,263.6000061035156,267.70001220703125,648,Lumber,LBS=F
2012-04-16,266.3999938964844,268.1000061035156,264.79998779296875,266.8999938964844,675,Lumber,LBS=F
2012-04-17,260.3999938964844,265.5,259.8999938964844,265.5,584,Lumber,LBS=F
2012-04-18,266.0,269.0,261.29998779296875,261.6000061035156,636,Lumber,LBS=F
2012-04-19,268.70001220703125,269.79998779296875,264.70001220703125,267.1000061035156,473,Lumber,LBS=F
2012-04-20,271.70001220703125,272.79998779296875,268.0,268.6000061035156,816,Lumber,LBS=F
2012-04-23,270.0,272.5,268.8999938964844,272.29998779296875,315,Lumber,LBS=F
2012-04-24,277.3999938964844,279.3999938964844,269.3999938964844,269.3999938964844,912,Lumber,LBS=F
2012-04-25,277.8999938964844,280.0,276.6000061035156,278.1000061035156,390,Lumber,LBS=F
2012-04-26,275.8999938964844,280.8999938964844,275.6000061035156,278.8999938964844,332,Lumber,LBS=F
2012-04-27,282.70001220703125,284.70001220703125,280.0,284.1000061035156,410,Lumber,LBS=F
2012-04-30,284.8999938964844,287.20001220703125,281.20001220703125,286.0,351,Lumber,LBS=F
2012-05-01,287.5,288.3999938964844,283.6000061035156,286.0,337,Lumber,LBS=F
2012-05-02,286.8999938964844,289.70001220703125,284.6000061035156,288.0,246,Lumber,LBS=F
2012-05-03,291.0,291.8999938964844,285.3999938964844,287.0,233,Lumber,LBS=F
2012-05-04,292.20001220703125,294.6000061035156,291.20001220703125,292.20001220703125,207,Lumber,LBS=F
2012-05-07,289.0,292.5,288.79998779296875,292.5,130,Lumber,LBS=F
2012-05-08,289.6000061035156,289.8999938964844,285.8999938964844,288.79998779296875,102,Lumber,LBS=F
2012-05-09,293.79998779296875,293.8999938964844,286.5,287.79998779296875,127,Lumber,LBS=F
2012-05-10,296.5,296.5,292.1000061035156,292.1000061035156,89,Lumber,LBS=F
2012-05-11,302.5,306.8999938964844,296.29998779296875,296.29998779296875,59,Lumber,LBS=F
2012-05-14,302.3999938964844,304.8999938964844,294.70001220703125,304.8999938964844,76,Lumber,LBS=F
2012-05-15,292.3999938964844,298.3999938964844,290.70001220703125,295.29998779296875,627,Lumber,LBS=F
2012-05-16,282.5,285.6000061035156,278.1000061035156,284.79998779296875,665,Lumber,LBS=F
2012-05-17,283.1000061035156,284.79998779296875,278.79998779296875,283.0,593,Lumber,LBS=F
2012-05-18,288.5,288.5,282.20001220703125,282.20001220703125,1045,Lumber,LBS=F
2012-05-21,287.70001220703125,290.0,286.70001220703125,290.0,688,Lumber,LBS=F
2012-05-22,283.5,291.6000061035156,283.29998779296875,287.29998779296875,1060,Lumber,LBS=F
2012-05-23,286.3999938964844,287.0,283.8999938964844,284.1000061035156,343,Lumber,LBS=F
2012-05-24,287.8999938964844,288.70001220703125,284.3999938964844,286.79998779296875,415,Lumber,LBS=F
2012-05-25,289.20001220703125,290.8999938964844,287.6000061035156,287.8999938964844,571,Lumber,LBS=F
2012-05-29,291.79998779296875,292.8999938964844,288.6000061035156,289.20001220703125,837,Lumber,LBS=F
2012-05-30,283.0,293.70001220703125,281.79998779296875,291.20001220703125,2088,Lumber,LBS=F
2012-05-31,281.0,285.5,278.0,284.8999938964844,1414,Lumber,LBS=F
2012-06-01,280.1000061035156,284.79998779296875,279.1000061035156,284.70001220703125,1071,Lumber,LBS=F
2012-06-04,282.3999938964844,284.29998779296875,280.5,281.8999938964844,329,Lumber,LBS=F
2012-06-05,279.70001220703125,282.1000061035156,279.1000061035156,281.6000061035156,475,Lumber,LBS=F
2012-06-06,284.29998779296875,286.6000061035156,278.79998779296875,280.0,867,Lumber,LBS=F
2012-06-07,283.5,288.6000061035156,282.20001220703125,285.1000061035156,1668,Lumber,LBS=F
2012-06-08,286.6000061035156,286.6000061035156,282.70001220703125,284.79998779296875,657,Lumber,LBS=F
2012-06-11,286.1000061035156,289.5,284.70001220703125,286.1000061035156,329,Lumber,LBS=F
2012-06-12,283.1000061035156,284.8999938964844,280.29998779296875,284.6000061035156,647,Lumber,LBS=F
2012-06-13,278.79998779296875,285.20001220703125,277.70001220703125,283.0,1112,Lumber,LBS=F
2012-06-14,276.29998779296875,279.20001220703125,275.6000061035156,278.70001220703125,828,Lumber,LBS=F
2012-06-15,272.20001220703125,276.70001220703125,268.5,276.70001220703125,1200,Lumber,LBS=F
2012-06-18,266.5,272.20001220703125,265.5,272.20001220703125,851,Lumber,LBS=F
2012-06-19,273.1000061035156,274.5,267.29998779296875,268.6000061035156,382,Lumber,LBS=F
2012-06-20,274.1000061035156,275.0,271.0,272.8999938964844,535,Lumber,LBS=F
2012-06-21,270.6000061035156,277.0,269.0,275.3999938964844,373,Lumber,LBS=F
2012-06-22,274.8999938964844,275.79998779296875,269.1000061035156,269.1000061035156,451,Lumber,LBS=F
2012-06-25,276.0,276.5,271.20001220703125,274.0,149,Lumber,LBS=F
2012-06-26,274.3999938964844,276.6000061035156,273.5,274.20001220703125,217,Lumber,LBS=F
2012-06-27,274.5,276.0,272.20001220703125,274.29998779296875,205,Lumber,LBS=F
2012-06-28,274.8999938964844,276.0,271.5,272.3999938964844,192,Lumber,LBS=F
2012-06-29,273.3999938964844,276.70001220703125,269.29998779296875,274.8999938964844,336,Lumber,LBS=F
2012-07-02,274.5,275.0,272.5,272.5,132,Lumber,LBS=F
2012-07-03,282.5,284.0,275.20001220703125,275.20001220703125,397,Lumber,LBS=F
2012-07-05,288.79998779296875,289.8999938964844,283.6000061035156,283.70001220703125,357,Lumber,LBS=F
2012-07-06,283.29998779296875,289.79998779296875,283.29998779296875,288.79998779296875,246,Lumber,LBS=F
2012-07-09,287.8999938964844,288.0,283.1000061035156,283.20001220703125,117,Lumber,LBS=F
2012-07-10,280.6000061035156,288.0,279.1000061035156,287.5,106,Lumber,LBS=F
2012-07-11,283.0,286.79998779296875,279.6000061035156,280.70001220703125,71,Lumber,LBS=F
2012-07-12,285.0,286.0,282.0,283.70001220703125,65,Lumber,LBS=F
2012-07-13,282.5,288.8999938964844,282.0,286.0,377,Lumber,LBS=F
2012-07-16,285.70001220703125,291.79998779296875,285.6000061035156,291.70001220703125,300,Lumber,LBS=F
2012-07-17,287.6000061035156,287.70001220703125,285.79998779296875,286.70001220703125,145,Lumber,LBS=F
2012-07-18,284.79998779296875,292.70001220703125,281.70001220703125,287.3999938964844,1239,Lumber,LBS=F
2012-07-19,283.79998779296875,288.29998779296875,282.20001220703125,285.0,737,Lumber,LBS=F
2012-07-20,293.79998779296875,293.79998779296875,281.5,284.20001220703125,1535,Lumber,LBS=F
2012-07-23,294.8999938964844,294.8999938964844,289.20001220703125,291.5,754,Lumber,LBS=F
2012-07-24,293.70001220703125,297.20001220703125,290.79998779296875,293.79998779296875,722,Lumber,LBS=F
2012-07-25,290.8999938964844,296.0,287.29998779296875,293.6000061035156,620,Lumber,LBS=F
2012-07-26,282.0,290.20001220703125,282.0,288.8999938964844,927,Lumber,LBS=F
2012-07-27,286.29998779296875,289.3999938964844,283.0,285.29998779296875,748,Lumber,LBS=F
2012-07-30,283.79998779296875,287.29998779296875,283.0,287.1000061035156,972,Lumber,LBS=F
2012-07-31,281.0,283.79998779296875,280.1000061035156,282.79998779296875,1341,Lumber,LBS=F
2012-08-01,282.20001220703125,286.79998779296875,279.8999938964844,281.1000061035156,1524,Lumber,LBS=F
2012-08-02,286.3999938964844,286.79998779296875,284.29998779296875,285.0,574,Lumber,LBS=F
2012-08-03,286.3999938964844,288.5,285.79998779296875,286.70001220703125,273,Lumber,LBS=F
2012-08-06,288.79998779296875,290.5,285.6000061035156,288.29998779296875,518,Lumber,LBS=F
2012-08-07,289.6000061035156,290.20001220703125,286.3999938964844,286.70001220703125,240,Lumber,LBS=F
2012-08-08,293.1000061035156,294.79998779296875,289.0,289.5,765,Lumber,LBS=F
2012-08-09,293.20001220703125,296.3999938964844,293.20001220703125,294.0,866,Lumber,LBS=F
2012-08-10,303.20001220703125,303.20001220703125,290.79998779296875,293.8999938964844,1333,Lumber,LBS=F
2012-08-13,311.1000061035156,312.70001220703125,305.0,305.0,889,Lumber,LBS=F
2012-08-14,307.79998779296875,309.1000061035156,303.3999938964844,308.1000061035156,979,Lumber,LBS=F
2012-08-15,315.0,316.8999938964844,305.5,307.20001220703125,942,Lumber,LBS=F
2012-08-16,308.70001220703125,316.20001220703125,307.0,314.8999938964844,1590,Lumber,LBS=F
2012-08-17,308.70001220703125,311.70001220703125,306.0,308.0,432,Lumber,LBS=F
2012-08-20,300.70001220703125,307.6000061035156,298.70001220703125,307.5,845,Lumber,LBS=F
2012-08-21,295.29998779296875,299.3999938964844,294.20001220703125,298.29998779296875,609,Lumber,LBS=F
2012-08-22,291.1000061035156,295.29998779296875,290.79998779296875,295.1000061035156,350,Lumber,LBS=F
2012-08-23,292.5,293.5,289.8999938964844,293.3999938964844,279,Lumber,LBS=F
2012-08-24,291.20001220703125,294.79998779296875,290.0,291.8999938964844,268,Lumber,LBS=F
2012-08-27,290.6000061035156,293.79998779296875,290.5,292.1000061035156,239,Lumber,LBS=F
2012-08-28,287.0,291.8999938964844,285.20001220703125,291.20001220703125,535,Lumber,LBS=F
2012-08-29,287.20001220703125,288.6000061035156,285.79998779296875,288.20001220703125,185,Lumber,LBS=F
2012-08-30,288.3999938964844,289.20001220703125,286.0,287.29998779296875,169,Lumber,LBS=F
2012-08-31,288.1000061035156,290.79998779296875,287.79998779296875,289.0,278,Lumber,LBS=F
2012-09-04,282.20001220703125,288.70001220703125,282.0,288.70001220703125,385,Lumber,LBS=F
2012-09-05,283.3999938964844,286.0,281.70001220703125,283.29998779296875,264,Lumber,LBS=F
2012-09-06,286.0,287.1000061035156,283.70001220703125,285.0,182,Lumber,LBS=F
2012-09-07,284.29998779296875,287.70001220703125,284.20001220703125,287.6000061035156,199,Lumber,LBS=F
2012-09-10,286.5,287.29998779296875,283.5,285.0,126,Lumber,LBS=F
2012-09-11,288.70001220703125,289.5,286.0,287.20001220703125,114,Lumber,LBS=F
2012-09-12,288.6000061035156,290.0,286.70001220703125,289.70001220703125,172,Lumber,LBS=F
2012-09-13,289.5,290.0,288.20001220703125,288.20001220703125,96,Lumber,LBS=F
2012-09-14,288.0,290.70001220703125,285.6000061035156,290.0,513,Lumber,LBS=F
2012-09-17,276.0,279.29998779296875,275.79998779296875,279.29998779296875,221,Lumber,LBS=F
2012-09-18,273.1000061035156,276.79998779296875,272.5,276.20001220703125,459,Lumber,LBS=F
2012-09-19,274.1000061035156,275.8999938964844,272.8999938964844,274.20001220703125,332,Lumber,LBS=F
2012-09-20,277.20001220703125,278.1000061035156,273.79998779296875,275.1000061035156,507,Lumber,LBS=F
2012-09-21,278.0,281.79998779296875,277.29998779296875,278.0,640,Lumber,LBS=F
2012-09-24,275.3999938964844,279.3999938964844,274.70001220703125,278.5,349,Lumber,LBS=F
2012-09-25,272.3999938964844,276.70001220703125,272.3999938964844,274.8999938964844,547,Lumber,LBS=F
2012-09-26,269.8999938964844,274.1000061035156,269.8999938964844,273.3999938964844,746,Lumber,LBS=F
2012-09-27,271.20001220703125,273.70001220703125,267.3999938964844,270.3999938964844,1475,Lumber,LBS=F
2012-09-28,279.0,281.20001220703125,274.0,274.0,2043,Lumber,LBS=F
2012-10-01,284.79998779296875,289.0,278.5,281.1000061035156,1706,Lumber,LBS=F
2012-10-02,281.8999938964844,288.79998779296875,280.20001220703125,285.0,759,Lumber,LBS=F
2012-10-03,277.5,282.70001220703125,275.6000061035156,280.5,713,Lumber,LBS=F
2012-10-04,274.6000061035156,278.1000061035156,273.29998779296875,277.79998779296875,801,Lumber,LBS=F
2012-10-05,276.1000061035156,277.0,273.70001220703125,276.0,335,Lumber,LBS=F
2012-10-08,274.5,274.79998779296875,272.6000061035156,274.20001220703125,240,Lumber,LBS=F
2012-10-09,272.79998779296875,276.20001220703125,272.29998779296875,274.5,815,Lumber,LBS=F
2012-10-10,277.6000061035156,279.8999938964844,273.70001220703125,274.3999938964844,531,Lumber,LBS=F
2012-10-11,283.3999938964844,287.3999938964844,279.0,279.79998779296875,1164,Lumber,LBS=F
2012-10-12,284.70001220703125,285.29998779296875,283.3999938964844,284.70001220703125,336,Lumber,LBS=F
2012-10-15,286.8999938964844,287.29998779296875,281.3999938964844,282.0,407,Lumber,LBS=F
2012-10-16,296.6000061035156,296.8999938964844,286.0,286.29998779296875,1252,Lumber,LBS=F
2012-10-17,303.79998779296875,305.79998779296875,296.1000061035156,296.20001220703125,896,Lumber,LBS=F
2012-10-18,302.79998779296875,305.8999938964844,300.0,301.3999938964844,398,Lumber,LBS=F
2012-10-19,298.20001220703125,305.5,298.1000061035156,301.79998779296875,244,Lumber,LBS=F
2012-10-22,297.20001220703125,298.0,294.5,297.1000061035156,376,Lumber,LBS=F
2012-10-23,298.70001220703125,300.5,295.20001220703125,296.6000061035156,138,Lumber,LBS=F
2012-10-24,305.3999938964844,307.70001220703125,296.5,296.6000061035156,505,Lumber,LBS=F
2012-10-25,302.5,311.20001220703125,298.8999938964844,305.6000061035156,447,Lumber,LBS=F
2012-10-26,308.6000061035156,308.6000061035156,303.8999938964844,303.8999938964844,142,Lumber,LBS=F
2012-10-31,318.79998779296875,318.79998779296875,313.79998779296875,317.70001220703125,480,Lumber,LBS=F
2012-11-01,319.0,325.29998779296875,317.79998779296875,322.79998779296875,395,Lumber,LBS=F
2012-11-02,315.3999938964844,319.70001220703125,315.0,319.70001220703125,407,Lumber,LBS=F
2012-11-05,314.3999938964844,317.70001220703125,314.1000061035156,316.0,240,Lumber,LBS=F
2012-11-06,324.70001220703125,325.0,317.29998779296875,317.79998779296875,299,Lumber,LBS=F
2012-11-07,320.0,328.0,316.1000061035156,325.8999938964844,123,Lumber,LBS=F
2012-11-08,314.0,318.8999938964844,314.0,318.8999938964844,125,Lumber,LBS=F
2012-11-09,325.0,326.79998779296875,316.70001220703125,317.0,115,Lumber,LBS=F
2012-11-12,323.8999938964844,327.1000061035156,322.3999938964844,327.1000061035156,90,Lumber,LBS=F
2012-11-13,320.20001220703125,323.3999938964844,318.1000061035156,323.3999938964844,145,Lumber,LBS=F
2012-11-14,320.1000061035156,321.3999938964844,316.5,320.0,180,Lumber,LBS=F
2012-11-15,324.0,324.79998779296875,318.1000061035156,320.79998779296875,412,Lumber,LBS=F
2012-11-16,325.5,329.1000061035156,322.3999938964844,324.5,555,Lumber,LBS=F
2012-11-19,330.20001220703125,332.0,327.8999938964844,328.20001220703125,293,Lumber,LBS=F
2012-11-20,324.1000061035156,332.79998779296875,322.6000061035156,330.8999938964844,530,Lumber,LBS=F
2012-11-21,318.6000061035156,324.5,317.20001220703125,323.5,888,Lumber,LBS=F
2012-11-23,318.1000061035156,322.8999938964844,318.1000061035156,321.20001220703125,216,Lumber,LBS=F
2012-11-26,319.1000061035156,321.5,317.79998779296875,317.79998779296875,229,Lumber,LBS=F
2012-11-27,329.1000061035156,329.1000061035156,321.20001220703125,321.5,686,Lumber,LBS=F
2012-11-28,339.1000061035156,339.1000061035156,330.20001220703125,330.29998779296875,1488,Lumber,LBS=F
2012-11-29,340.5,345.79998779296875,337.1000061035156,339.6000061035156,1762,Lumber,LBS=F
2012-11-30,340.1000061035156,343.0,336.20001220703125,342.6000061035156,1035,Lumber,LBS=F
2012-12-03,334.20001220703125,342.5,334.20001220703125,342.5,1435,Lumber,LBS=F
2012-12-04,335.20001220703125,337.20001220703125,332.6000061035156,336.1000061035156,507,Lumber,LBS=F
2012-12-05,335.6000061035156,338.1000061035156,334.29998779296875,334.8999938964844,432,Lumber,LBS=F
2012-12-06,345.6000061035156,345.6000061035156,334.79998779296875,334.79998779296875,910,Lumber,LBS=F
2012-12-07,343.20001220703125,351.79998779296875,341.6000061035156,348.5,1059,Lumber,LBS=F
2012-12-10,344.0,345.8999938964844,342.1000061035156,342.79998779296875,383,Lumber,LBS=F
2012-12-11,345.8999938964844,348.0,342.6000061035156,344.20001220703125,590,Lumber,LBS=F
2012-12-12,347.79998779296875,350.70001220703125,346.1000061035156,347.0,568,Lumber,LBS=F
2012-12-13,345.0,349.70001220703125,344.6000061035156,348.8999938964844,559,Lumber,LBS=F
2012-12-14,355.0,355.0,346.8999938964844,347.0,1239,Lumber,LBS=F
2012-12-17,358.20001220703125,360.79998779296875,356.1000061035156,357.8999938964844,914,Lumber,LBS=F
2012-12-18,358.70001220703125,360.20001220703125,355.3999938964844,359.0,975,Lumber,LBS=F
2012-12-19,358.70001220703125,359.70001220703125,353.20001220703125,359.6000061035156,794,Lumber,LBS=F
2012-12-20,356.6000061035156,368.70001220703125,354.70001220703125,358.79998779296875,1749,Lumber,LBS=F
2012-12-21,366.6000061035156,368.70001220703125,366.6000061035156,368.70001220703125,510,Lumber,LBS=F
2012-12-24,376.6000061035156,376.6000061035156,370.8999938964844,374.0,388,Lumber,LBS=F
2012-12-26,390.5,391.6000061035156,379.8999938964844,381.6000061035156,816,Lumber,LBS=F
2012-12-27,386.3999938964844,392.79998779296875,384.79998779296875,391.20001220703125,523,Lumber,LBS=F
2012-12-28,378.5,386.3999938964844,377.79998779296875,385.5,303,Lumber,LBS=F
2012-12-31,373.8999938964844,376.1000061035156,369.20001220703125,375.20001220703125,403,Lumber,LBS=F
2013-01-02,378.0,380.0,372.6000061035156,372.6000061035156,216,Lumber,LBS=F
2013-01-03,370.3999938964844,377.20001220703125,368.1000061035156,376.0,481,Lumber,LBS=F
2013-01-04,369.3999938964844,373.79998779296875,366.1000061035156,370.0,187,Lumber,LBS=F
2013-01-07,375.0,376.5,371.79998779296875,372.5,243,Lumber,LBS=F
2013-01-08,370.5,374.0,366.29998779296875,374.0,190,Lumber,LBS=F
2013-01-09,370.5,373.70001220703125,370.0,372.0,93,Lumber,LBS=F
2013-01-10,373.79998779296875,375.0,370.0,370.79998779296875,150,Lumber,LBS=F
2013-01-11,371.3999938964844,375.5,370.5,373.79998779296875,211,Lumber,LBS=F
2013-01-14,376.20001220703125,380.0,372.0,374.0,287,Lumber,LBS=F
2013-01-15,367.6000061035156,379.6000061035156,367.3999938964844,378.0,1029,Lumber,LBS=F
2013-01-16,375.3999938964844,380.8999938964844,374.29998779296875,378.0,645,Lumber,LBS=F
2013-01-17,369.3999938964844,379.70001220703125,367.0,375.3999938964844,884,Lumber,LBS=F
2013-01-18,362.29998779296875,374.8999938964844,359.3999938964844,369.0,1990,Lumber,LBS=F
2013-01-22,353.29998779296875,361.29998779296875,352.29998779296875,361.1000061035156,1247,Lumber,LBS=F
2013-01-23,356.79998779296875,359.20001220703125,352.29998779296875,354.6000061035156,592,Lumber,LBS=F
2013-01-24,360.70001220703125,362.0,354.3999938964844,357.70001220703125,753,Lumber,LBS=F
2013-01-25,358.79998779296875,362.0,355.0,360.0,740,Lumber,LBS=F
2013-01-28,352.70001220703125,359.0,351.0,359.0,797,Lumber,LBS=F
2013-01-29,352.29998779296875,355.79998779296875,351.0,352.0,603,Lumber,LBS=F
2013-01-30,342.70001220703125,352.0,342.29998779296875,351.0,1906,Lumber,LBS=F
2013-01-31,352.70001220703125,352.70001220703125,342.29998779296875,346.29998779296875,962,Lumber,LBS=F
2013-02-01,362.70001220703125,362.70001220703125,358.0,358.0,848,Lumber,LBS=F
2013-02-04,369.0,376.3999938964844,360.79998779296875,365.79998779296875,1918,Lumber,LBS=F
2013-02-05,379.0,379.0,370.0,370.0,1216,Lumber,LBS=F
2013-02-06,389.0,389.0,379.5,380.1000061035156,841,Lumber,LBS=F
2013-02-07,382.79998779296875,390.3999938964844,382.3999938964844,389.79998779296875,1460,Lumber,LBS=F
2013-02-08,387.79998779296875,391.79998779296875,383.20001220703125,386.0,607,Lumber,LBS=F
2013-02-11,384.29998779296875,391.70001220703125,380.70001220703125,389.0,452,Lumber,LBS=F
2013-02-12,389.29998779296875,391.5,380.29998779296875,383.0,479,Lumber,LBS=F
2013-02-13,393.8999938964844,395.6000061035156,385.79998779296875,390.1000061035156,528,Lumber,LBS=F
2013-02-14,395.5,396.79998779296875,392.3999938964844,394.3999938964844,441,Lumber,LBS=F
2013-02-15,399.79998779296875,399.79998779296875,394.6000061035156,395.1000061035156,831,Lumber,LBS=F
2013-02-19,389.79998779296875,400.79998779296875,389.79998779296875,398.20001220703125,806,Lumber,LBS=F
2013-02-20,383.20001220703125,387.79998779296875,379.79998779296875,387.79998779296875,1267,Lumber,LBS=F
2013-02-21,378.0,380.5,374.70001220703125,380.20001220703125,878,Lumber,LBS=F
2013-02-22,376.3999938964844,381.70001220703125,375.70001220703125,378.5,329,Lumber,LBS=F
2013-02-25,369.0,375.1000061035156,366.3999938964844,375.1000061035156,531,Lumber,LBS=F
2013-02-26,375.1000061035156,378.8999938964844,366.79998779296875,366.8999938964844,233,Lumber,LBS=F
2013-02-27,372.8999938964844,377.5,371.6000061035156,374.20001220703125,177,Lumber,LBS=F
2013-02-28,380.29998779296875,382.8999938964844,373.1000061035156,374.6000061035156,403,Lumber,LBS=F
2013-03-01,395.3999938964844,396.8999938964844,385.0,385.79998779296875,475,Lumber,LBS=F
2013-03-04,387.20001220703125,400.0,386.8999938964844,397.0,424,Lumber,LBS=F
2013-03-05,387.29998779296875,390.0,386.0,390.0,263,Lumber,LBS=F
2013-03-06,383.3999938964844,389.20001220703125,382.70001220703125,388.0,189,Lumber,LBS=F
2013-03-07,395.0,395.8999938964844,382.8999938964844,382.8999938964844,285,Lumber,LBS=F
2013-03-08,390.0,395.6000061035156,389.0,395.0,133,Lumber,LBS=F
2013-03-11,386.5,392.1000061035156,385.0,392.1000061035156,174,Lumber,LBS=F
2013-03-12,389.0,391.0,386.0,389.0,158,Lumber,LBS=F
2013-03-13,393.0,395.5,389.6000061035156,392.29998779296875,172,Lumber,LBS=F
2013-03-14,395.1000061035156,398.1000061035156,392.6000061035156,396.0,175,Lumber,LBS=F
2013-03-15,394.1000061035156,396.0,390.0,396.0,433,Lumber,LBS=F
2013-03-18,394.3999938964844,399.29998779296875,394.3999938964844,398.8999938964844,649,Lumber,LBS=F
2013-03-19,386.0,396.79998779296875,384.3999938964844,391.1000061035156,980,Lumber,LBS=F
2013-03-20,387.79998779296875,392.70001220703125,386.29998779296875,387.8999938964844,479,Lumber,LBS=F
2013-03-21,387.8999938964844,392.0,382.6000061035156,390.1000061035156,469,Lumber,LBS=F
2013-03-22,381.8999938964844,388.0,379.20001220703125,385.0,623,Lumber,LBS=F
2013-03-25,382.5,385.3999938964844,381.3999938964844,382.6000061035156,237,Lumber,LBS=F
2013-03-26,384.20001220703125,387.0,382.79998779296875,382.79998779296875,251,Lumber,LBS=F
2013-03-27,381.20001220703125,387.20001220703125,380.79998779296875,385.5,457,Lumber,LBS=F
2013-03-28,391.20001220703125,391.20001220703125,381.20001220703125,382.79998779296875,752,Lumber,LBS=F
2013-04-01,385.79998779296875,394.8999938964844,385.79998779296875,392.29998779296875,1191,Lumber,LBS=F
2013-04-02,375.8999938964844,389.1000061035156,375.79998779296875,387.79998779296875,1628,Lumber,LBS=F
2013-04-03,376.29998779296875,381.29998779296875,375.1000061035156,379.70001220703125,878,Lumber,LBS=F
2013-04-04,379.79998779296875,385.0,378.29998779296875,378.79998779296875,727,Lumber,LBS=F
2013-04-05,374.1000061035156,381.79998779296875,371.79998779296875,380.29998779296875,1002,Lumber,LBS=F
2013-04-08,377.20001220703125,377.3999938964844,372.29998779296875,373.0,328,Lumber,LBS=F
2013-04-09,375.3999938964844,384.1000061035156,374.20001220703125,377.70001220703125,609,Lumber,LBS=F
2013-04-10,372.20001220703125,378.20001220703125,372.20001220703125,375.5,593,Lumber,LBS=F
2013-04-11,373.6000061035156,377.0,370.20001220703125,374.6000061035156,744,Lumber,LBS=F
2013-04-12,371.3999938964844,374.0,370.0,373.1000061035156,407,Lumber,LBS=F
2013-04-15,362.3999938964844,372.20001220703125,361.3999938964844,370.0,803,Lumber,LBS=F
2013-04-16,366.8999938964844,372.3999938964844,359.5,359.5,1103,Lumber,LBS=F
2013-04-17,362.79998779296875,368.8999938964844,360.29998779296875,368.0,334,Lumber,LBS=F
2013-04-18,360.8999938964844,362.79998779296875,358.6000061035156,362.79998779296875,389,Lumber,LBS=F
2013-04-19,360.6000061035156,364.0,359.5,360.6000061035156,386,Lumber,LBS=F
2013-04-22,357.1000061035156,361.70001220703125,356.6000061035156,360.6000061035156,516,Lumber,LBS=F
2013-04-23,356.5,363.6000061035156,355.0,357.1000061035156,514,Lumber,LBS=F
2013-04-24,354.20001220703125,359.70001220703125,353.20001220703125,358.0,549,Lumber,LBS=F
2013-04-25,352.5,358.70001220703125,352.1000061035156,356.3999938964844,414,Lumber,LBS=F
2013-04-26,353.0,361.8999938964844,351.3999938964844,357.29998779296875,582,Lumber,LBS=F
2013-04-29,348.5,352.0,345.20001220703125,351.20001220703125,452,Lumber,LBS=F
2013-04-30,345.5,349.79998779296875,343.5,347.5,603,Lumber,LBS=F
2013-05-01,339.0,346.70001220703125,336.0,345.70001220703125,559,Lumber,LBS=F
2013-05-02,337.20001220703125,343.3999938964844,335.8999938964844,338.8999938964844,291,Lumber,LBS=F
2013-05-03,338.6000061035156,344.8999938964844,337.20001220703125,339.8999938964844,244,Lumber,LBS=F
2013-05-06,339.5,341.79998779296875,338.79998779296875,340.0,109,Lumber,LBS=F
2013-05-07,334.70001220703125,341.6000061035156,332.29998779296875,341.5,279,Lumber,LBS=F
2013-05-08,334.6000061035156,339.20001220703125,332.5,338.20001220703125,79,Lumber,LBS=F
2013-05-09,328.5,334.29998779296875,326.20001220703125,332.5,133,Lumber,LBS=F
2013-05-10,335.0,337.8999938964844,332.8999938964844,336.6000061035156,110,Lumber,LBS=F
2013-05-13,332.5,338.8999938964844,332.5,335.20001220703125,100,Lumber,LBS=F
2013-05-14,320.5,332.5,317.1000061035156,332.5,98,Lumber,LBS=F
2013-05-15,314.29998779296875,319.0,312.0,317.0,658,Lumber,LBS=F
2013-05-16,314.29998779296875,324.0,313.3999938964844,321.6000061035156,790,Lumber,LBS=F
2013-05-17,315.79998779296875,317.29998779296875,312.29998779296875,315.0,453,Lumber,LBS=F
2013-05-20,318.5,321.0,315.79998779296875,315.79998779296875,346,Lumber,LBS=F
2013-05-21,311.6000061035156,320.8999938964844,308.5,320.5,670,Lumber,LBS=F
2013-05-22,305.70001220703125,314.0,304.5,311.0,780,Lumber,LBS=F
2013-05-23,303.29998779296875,311.5,302.0,309.0,573,Lumber,LBS=F
2013-05-24,297.3999938964844,306.5,294.0,306.0,704,Lumber,LBS=F
2013-05-28,287.3999938964844,295.5,287.3999938964844,295.29998779296875,791,Lumber,LBS=F
2013-05-29,277.3999938964844,287.0,277.3999938964844,285.8999938964844,979,Lumber,LBS=F
2013-05-30,291.8999938964844,292.3999938964844,276.20001220703125,282.29998779296875,1388,Lumber,LBS=F
2013-05-31,306.29998779296875,306.8999938964844,293.6000061035156,295.79998779296875,1565,Lumber,LBS=F
2013-06-03,306.79998779296875,313.1000061035156,302.0,305.29998779296875,1280,Lumber,LBS=F
2013-06-04,298.5,310.0,296.79998779296875,308.8999938964844,1118,Lumber,LBS=F
2013-06-05,308.5,308.5,293.29998779296875,296.29998779296875,875,Lumber,LBS=F
2013-06-06,308.79998779296875,312.0,304.29998779296875,308.5,432,Lumber,LBS=F
2013-06-07,308.8999938964844,311.20001220703125,302.1000061035156,307.20001220703125,350,Lumber,LBS=F
2013-06-10,308.29998779296875,310.5,303.5,307.5,630,Lumber,LBS=F
2013-06-11,302.6000061035156,308.1000061035156,298.29998779296875,306.70001220703125,786,Lumber,LBS=F
2013-06-12,292.6000061035156,296.0,292.6000061035156,295.0,436,Lumber,LBS=F
2013-06-13,286.1000061035156,292.3999938964844,283.6000061035156,290.6000061035156,626,Lumber,LBS=F
2013-06-14,283.6000061035156,286.0,282.5,285.0,219,Lumber,LBS=F
2013-06-17,282.20001220703125,289.3999938964844,279.79998779296875,286.0,295,Lumber,LBS=F
2013-06-18,280.79998779296875,285.6000061035156,280.20001220703125,282.6000061035156,419,Lumber,LBS=F
2013-06-19,281.5,284.5,278.6000061035156,280.79998779296875,316,Lumber,LBS=F
2013-06-20,286.0,288.8999938964844,280.8999938964844,283.79998779296875,447,Lumber,LBS=F
2013-06-21,288.8999938964844,292.3999938964844,284.8999938964844,286.0,193,Lumber,LBS=F
2013-06-24,292.0,293.6000061035156,283.5,289.29998779296875,349,Lumber,LBS=F
2013-06-25,289.0,292.0,286.1000061035156,289.6000061035156,223,Lumber,LBS=F
2013-06-26,296.1000061035156,299.0,287.29998779296875,289.1000061035156,483,Lumber,LBS=F
2013-06-27,302.6000061035156,304.8999938964844,297.79998779296875,300.0,396,Lumber,LBS=F
2013-06-28,297.6000061035156,302.79998779296875,296.29998779296875,302.70001220703125,302,Lumber,LBS=F
2013-07-01,294.20001220703125,296.3999938964844,288.79998779296875,295.29998779296875,320,Lumber,LBS=F
2013-07-02,295.20001220703125,296.0,290.6000061035156,294.70001220703125,241,Lumber,LBS=F
2013-07-03,305.20001220703125,305.5,297.29998779296875,297.29998779296875,310,Lumber,LBS=F
2013-07-05,304.79998779296875,307.29998779296875,302.29998779296875,303.0,116,Lumber,LBS=F
2013-07-08,300.0,302.20001220703125,297.5,301.70001220703125,150,Lumber,LBS=F
2013-07-09,306.0,308.5,298.20001220703125,298.20001220703125,309,Lumber,LBS=F
2013-07-10,308.5,312.3999938964844,306.70001220703125,308.6000061035156,387,Lumber,LBS=F
2013-07-11,303.0,310.79998779296875,300.79998779296875,308.5,136,Lumber,LBS=F
2013-07-12,296.5,305.20001220703125,295.5,300.5,219,Lumber,LBS=F
2013-07-15,290.5,295.5,289.0,295.5,616,Lumber,LBS=F
2013-07-16,315.79998779296875,319.79998779296875,308.8999938964844,314.3999938964844,478,Lumber,LBS=F
2013-07-17,325.79998779296875,325.79998779296875,316.8999938964844,318.29998779296875,759,Lumber,LBS=F
2013-07-18,331.5,333.5,325.29998779296875,329.0,648,Lumber,LBS=F
2013-07-19,326.8999938964844,334.0,326.0,333.70001220703125,500,Lumber,LBS=F
2013-07-22,336.8999938964844,336.8999938964844,326.5,326.5,619,Lumber,LBS=F
2013-07-23,326.8999938964844,339.0,326.8999938964844,337.0,566,Lumber,LBS=F
2013-07-24,318.0,326.8999938964844,317.6000061035156,325.5,719,Lumber,LBS=F
2013-07-25,320.70001220703125,322.0,317.0,320.5,230,Lumber,LBS=F
2013-07-26,322.70001220703125,327.0,320.29998779296875,321.1000061035156,214,Lumber,LBS=F
2013-07-29,327.8999938964844,328.0,320.6000061035156,322.79998779296875,401,Lumber,LBS=F
2013-07-30,320.1000061035156,330.0,318.1000061035156,328.0,1158,Lumber,LBS=F
2013-07-31,310.5,324.20001220703125,310.1000061035156,322.29998779296875,732,Lumber,LBS=F
2013-08-01,308.20001220703125,311.6000061035156,306.70001220703125,311.5,1185,Lumber,LBS=F
2013-08-02,307.3999938964844,310.29998779296875,303.8999938964844,310.29998779296875,539,Lumber,LBS=F
2013-08-05,300.3999938964844,306.8999938964844,297.3999938964844,306.6000061035156,614,Lumber,LBS=F
2013-08-06,300.3999938964844,309.5,297.1000061035156,300.0,415,Lumber,LBS=F
2013-08-07,304.5,309.3999938964844,302.6000061035156,307.70001220703125,244,Lumber,LBS=F
2013-08-08,306.1000061035156,310.6000061035156,301.6000061035156,306.0,583,Lumber,LBS=F
2013-08-09,308.5,309.0,305.20001220703125,307.29998779296875,239,Lumber,LBS=F
2013-08-12,316.20001220703125,318.5,309.0,309.0,509,Lumber,LBS=F
2013-08-13,321.1000061035156,325.79998779296875,317.0,320.5,780,Lumber,LBS=F
2013-08-14,324.0,327.8999938964844,319.29998779296875,321.0,467,Lumber,LBS=F
2013-08-15,323.0,326.0,316.0,323.8999938964844,700,Lumber,LBS=F
2013-08-16,318.6000061035156,324.5,317.20001220703125,323.0,274,Lumber,LBS=F
2013-08-19,316.79998779296875,319.3999938964844,312.5,318.6000061035156,317,Lumber,LBS=F
2013-08-20,317.3999938964844,319.6000061035156,311.3999938964844,313.5,395,Lumber,LBS=F
2013-08-21,314.79998779296875,318.5,312.1000061035156,317.79998779296875,279,Lumber,LBS=F
2013-08-22,317.0,318.5,312.20001220703125,314.20001220703125,763,Lumber,LBS=F
2013-08-23,313.5,320.79998779296875,312.6000061035156,318.70001220703125,475,Lumber,LBS=F
2013-08-26,310.3999938964844,315.20001220703125,309.0,314.1000061035156,273,Lumber,LBS=F
2013-08-27,306.29998779296875,310.0,305.1000061035156,310.0,462,Lumber,LBS=F
2013-08-28,308.70001220703125,310.29998779296875,306.0,307.29998779296875,210,Lumber,LBS=F
2013-08-29,316.1000061035156,318.5,307.29998779296875,310.3999938964844,292,Lumber,LBS=F
2013-08-30,320.3999938964844,322.0,316.20001220703125,319.6000061035156,216,Lumber,LBS=F
2013-09-03,330.0,330.0,320.29998779296875,320.29998779296875,326,Lumber,LBS=F
2013-09-04,335.1000061035156,338.0,325.0,325.70001220703125,286,Lumber,LBS=F
2013-09-05,330.5,338.5,329.5,332.0,129,Lumber,LBS=F
2013-09-06,330.3999938964844,332.5,329.70001220703125,330.0,257,Lumber,LBS=F
2013-09-09,328.70001220703125,332.0,328.0,330.79998779296875,226,Lumber,LBS=F
2013-09-10,327.3999938964844,331.0,325.6000061035156,329.20001220703125,99,Lumber,LBS=F
2013-09-11,326.1000061035156,329.70001220703125,325.20001220703125,326.79998779296875,141,Lumber,LBS=F
2013-09-12,329.20001220703125,333.1000061035156,328.0,329.70001220703125,216,Lumber,LBS=F
2013-09-13,344.0,344.0,330.0,332.0,871,Lumber,LBS=F
2013-09-16,339.29998779296875,349.79998779296875,335.0,347.5,904,Lumber,LBS=F
2013-09-17,341.79998779296875,344.0,338.0,338.3999938964844,296,Lumber,LBS=F
2013-09-18,348.1000061035156,350.79998779296875,339.79998779296875,343.0,620,Lumber,LBS=F
2013-09-19,354.29998779296875,356.20001220703125,344.0,351.1000061035156,955,Lumber,LBS=F
2013-09-20,354.20001220703125,363.3999938964844,348.6000061035156,355.70001220703125,1020,Lumber,LBS=F
2013-09-23,355.5,356.3999938964844,350.3999938964844,354.8999938964844,456,Lumber,LBS=F
2013-09-24,356.8999938964844,360.1000061035156,352.6000061035156,354.0,368,Lumber,LBS=F
2013-09-25,348.3999938964844,355.5,346.8999938964844,355.0,598,Lumber,LBS=F
2013-09-26,341.29998779296875,346.8999938964844,341.20001220703125,346.8999938964844,531,Lumber,LBS=F
2013-09-27,341.79998779296875,344.3999938964844,341.6000061035156,342.29998779296875,724,Lumber,LBS=F
2013-09-30,344.1000061035156,348.0,342.20001220703125,342.29998779296875,1301,Lumber,LBS=F
2013-10-01,338.1000061035156,346.8999938964844,336.70001220703125,344.5,871,Lumber,LBS=F
2013-10-02,335.70001220703125,338.29998779296875,334.8999938964844,336.79998779296875,430,Lumber,LBS=F
2013-10-03,334.79998779296875,338.0,331.79998779296875,337.29998779296875,473,Lumber,LBS=F
2013-10-04,336.79998779296875,337.8999938964844,332.79998779296875,335.3999938964844,359,Lumber,LBS=F
2013-10-07,331.3999938964844,335.0,329.79998779296875,334.0,367,Lumber,LBS=F
2013-10-08,334.5,340.0,328.79998779296875,332.0,592,Lumber,LBS=F
2013-10-09,338.8999938964844,343.29998779296875,334.3999938964844,335.70001220703125,507,Lumber,LBS=F
2013-10-10,338.6000061035156,346.20001220703125,336.0,342.8999938964844,530,Lumber,LBS=F
2013-10-11,331.20001220703125,339.5,331.0,338.20001220703125,553,Lumber,LBS=F
2013-10-14,333.79998779296875,335.29998779296875,332.20001220703125,333.70001220703125,171,Lumber,LBS=F
2013-10-15,337.6000061035156,339.8999938964844,333.20001220703125,335.8999938964844,258,Lumber,LBS=F
2013-10-16,343.6000061035156,345.5,336.5,336.5,499,Lumber,LBS=F
2013-10-17,353.0,353.6000061035156,342.6000061035156,342.70001220703125,576,Lumber,LBS=F
2013-10-18,353.5,359.0,352.5,354.3999938964844,290,Lumber,LBS=F
2013-10-21,352.1000061035156,354.70001220703125,348.5,353.0,326,Lumber,LBS=F
2013-10-22,356.3999938964844,356.79998779296875,347.20001220703125,351.8999938964844,282,Lumber,LBS=F
2013-10-23,350.20001220703125,356.1000061035156,346.79998779296875,356.1000061035156,291,Lumber,LBS=F
2013-10-24,351.3999938964844,353.5,345.20001220703125,350.5,352,Lumber,LBS=F
2013-10-25,361.3999938964844,361.3999938964844,350.3999938964844,351.6000061035156,608,Lumber,LBS=F
2013-10-28,359.1000061035156,366.70001220703125,356.5,364.1000061035156,301,Lumber,LBS=F
2013-10-29,360.79998779296875,362.29998779296875,354.0,357.0,254,Lumber,LBS=F
2013-10-30,364.70001220703125,368.29998779296875,362.3999938964844,362.3999938964844,427,Lumber,LBS=F
2013-10-31,361.5,367.20001220703125,361.29998779296875,366.0,169,Lumber,LBS=F
2013-11-01,362.5,366.5,362.0,362.5,146,Lumber,LBS=F
2013-11-04,365.0,366.29998779296875,361.8999938964844,363.29998779296875,179,Lumber,LBS=F
2013-11-05,361.79998779296875,366.5,361.5,365.0,135,Lumber,LBS=F
2013-11-06,363.0,365.0,361.79998779296875,362.1000061035156,103,Lumber,LBS=F
2013-11-07,366.5,369.79998779296875,363.29998779296875,364.79998779296875,131,Lumber,LBS=F
2013-11-08,372.8999938964844,377.29998779296875,370.0,370.0,248,Lumber,LBS=F
2013-11-11,373.0,375.0,371.6000061035156,372.5,45,Lumber,LBS=F
2013-11-12,368.6000061035156,375.70001220703125,367.5,375.3999938964844,162,Lumber,LBS=F
2013-11-13,370.0,372.0,368.29998779296875,368.70001220703125,75,Lumber,LBS=F
2013-11-14,373.0,374.0,364.8999938964844,370.8999938964844,93,Lumber,LBS=F
2013-11-15,378.29998779296875,378.29998779296875,372.0,373.5,433,Lumber,LBS=F
2013-11-18,366.8999938964844,367.5,361.0,363.79998779296875,374,Lumber,LBS=F
2013-11-19,363.5,366.70001220703125,363.0,363.29998779296875,199,Lumber,LBS=F
2013-11-20,365.8999938964844,368.0,363.20001220703125,363.3999938964844,270,Lumber,LBS=F
2013-11-21,361.79998779296875,365.0,361.0,365.0,381,Lumber,LBS=F
2013-11-22,359.6000061035156,367.5,355.0,361.0,515,Lumber,LBS=F
2013-11-25,360.1000061035156,362.3999938964844,358.29998779296875,360.1000061035156,208,Lumber,LBS=F
2013-11-26,361.3999938964844,363.20001220703125,358.79998779296875,361.5,327,Lumber,LBS=F
2013-11-27,361.20001220703125,363.3999938964844,360.29998779296875,361.79998779296875,236,Lumber,LBS=F
2013-11-29,364.79998779296875,370.79998779296875,361.3999938964844,361.3999938964844,873,Lumber,LBS=F
2013-12-02,362.79998779296875,370.8999938964844,362.20001220703125,369.0,757,Lumber,LBS=F
2013-12-03,353.20001220703125,366.0,352.79998779296875,362.20001220703125,1202,Lumber,LBS=F
2013-12-04,350.79998779296875,356.79998779296875,350.5,355.79998779296875,562,Lumber,LBS=F
2013-12-05,349.5,354.0,348.0,353.0,461,Lumber,LBS=F
2013-12-06,344.79998779296875,350.6000061035156,344.5,349.1000061035156,453,Lumber,LBS=F
2013-12-09,340.70001220703125,345.5,340.70001220703125,344.20001220703125,557,Lumber,LBS=F
2013-12-10,348.0,350.70001220703125,343.0,343.79998779296875,504,Lumber,LBS=F
2013-12-11,355.0,358.0,351.29998779296875,351.70001220703125,500,Lumber,LBS=F
2013-12-12,357.6000061035156,365.0,352.20001220703125,354.3999938964844,569,Lumber,LBS=F
2013-12-13,365.8999938964844,367.20001220703125,363.20001220703125,365.0,373,Lumber,LBS=F
2013-12-16,361.6000061035156,369.20001220703125,360.5,365.0,353,Lumber,LBS=F
2013-12-17,363.1000061035156,367.1000061035156,360.5,360.5,158,Lumber,LBS=F
2013-12-18,371.79998779296875,373.1000061035156,363.79998779296875,365.0,446,Lumber,LBS=F
2013-12-19,374.0,374.5,371.1000061035156,372.5,257,Lumber,LBS=F
2013-12-20,373.6000061035156,374.70001220703125,372.3999938964844,373.0,311,Lumber,LBS=F
2013-12-23,375.0,375.79998779296875,373.0,373.79998779296875,197,Lumber,LBS=F
2013-12-24,374.70001220703125,376.70001220703125,373.6000061035156,374.70001220703125,66,Lumber,LBS=F
2013-12-26,375.0,375.5,373.5,375.0,50,Lumber,LBS=F
2013-12-27,368.29998779296875,375.20001220703125,368.20001220703125,375.0,189,Lumber,LBS=F
2013-12-30,365.20001220703125,369.0,364.6000061035156,368.6000061035156,259,Lumber,LBS=F
2013-12-31,360.1000061035156,366.5,359.0,364.70001220703125,202,Lumber,LBS=F
2014-01-02,353.29998779296875,362.0,353.29998779296875,359.8999938964844,267,Lumber,LBS=F
2014-01-03,356.79998779296875,357.5,354.0,355.20001220703125,97,Lumber,LBS=F
2014-01-06,352.0,356.8999938964844,351.5,356.5,266,Lumber,LBS=F
2014-01-07,354.20001220703125,360.0,351.79998779296875,352.79998779296875,103,Lumber,LBS=F
2014-01-08,356.0,359.79998779296875,353.79998779296875,353.79998779296875,153,Lumber,LBS=F
2014-01-09,365.5,367.6000061035156,358.1000061035156,359.79998779296875,130,Lumber,LBS=F
2014-01-10,362.20001220703125,367.5,361.79998779296875,366.8999938964844,118,Lumber,LBS=F
2014-01-13,362.6000061035156,366.0,362.5,362.6000061035156,88,Lumber,LBS=F
2014-01-14,361.20001220703125,365.0,361.20001220703125,365.0,59,Lumber,LBS=F
2014-01-15,361.0,365.5,358.1000061035156,362.20001220703125,357,Lumber,LBS=F
2014-01-16,366.70001220703125,371.0,364.20001220703125,367.70001220703125,231,Lumber,LBS=F
2014-01-17,369.79998779296875,373.0,368.0,369.8999938964844,215,Lumber,LBS=F
2014-01-21,366.3999938964844,372.20001220703125,365.3999938964844,370.70001220703125,342,Lumber,LBS=F
2014-01-22,367.20001220703125,370.1000061035156,366.0,367.1000061035156,222,Lumber,LBS=F
2014-01-23,363.8999938964844,369.3999938964844,362.70001220703125,368.8999938964844,338,Lumber,LBS=F
2014-01-24,357.3999938964844,364.79998779296875,356.5,364.79998779296875,682,Lumber,LBS=F
2014-01-27,354.3999938964844,358.3999938964844,354.20001220703125,356.20001220703125,499,Lumber,LBS=F
2014-01-28,351.20001220703125,356.8999938964844,351.0,354.6000061035156,578,Lumber,LBS=F
2014-01-29,351.5,355.70001220703125,351.20001220703125,351.70001220703125,345,Lumber,LBS=F
2014-01-30,358.8999938964844,361.5,355.0,355.79998779296875,939,Lumber,LBS=F
2014-01-31,353.79998779296875,364.0,351.79998779296875,362.0,994,Lumber,LBS=F
2014-02-03,349.3999938964844,357.3999938964844,349.1000061035156,356.6000061035156,781,Lumber,LBS=F
2014-02-04,351.20001220703125,353.0,348.70001220703125,351.70001220703125,305,Lumber,LBS=F
2014-02-05,355.1000061035156,360.0,350.20001220703125,353.1000061035156,689,Lumber,LBS=F
2014-02-06,352.20001220703125,357.29998779296875,352.20001220703125,357.1000061035156,332,Lumber,LBS=F
2014-02-07,354.20001220703125,356.5,353.20001220703125,354.5,326,Lumber,LBS=F
2014-02-10,357.8999938964844,362.3999938964844,353.0,353.29998779296875,487,Lumber,LBS=F
2014-02-11,359.0,362.0,356.5,359.70001220703125,556,Lumber,LBS=F
2014-02-12,354.20001220703125,359.0,352.1000061035156,359.0,510,Lumber,LBS=F
2014-02-13,360.79998779296875,364.20001220703125,354.3999938964844,357.3999938964844,596,Lumber,LBS=F
2014-02-14,362.3999938964844,364.8999938964844,361.1000061035156,364.29998779296875,135,Lumber,LBS=F
2014-02-18,361.70001220703125,364.29998779296875,360.0,362.3999938964844,225,Lumber,LBS=F
2014-02-19,362.8999938964844,362.8999938964844,359.3999938964844,362.3999938964844,259,Lumber,LBS=F
2014-02-20,359.8999938964844,362.70001220703125,358.0,362.6000061035156,323,Lumber,LBS=F
2014-02-21,363.6000061035156,366.1000061035156,359.70001220703125,361.6000061035156,211,Lumber,LBS=F
2014-02-24,365.29998779296875,365.5,363.70001220703125,364.5,296,Lumber,LBS=F
2014-02-25,360.5,365.1000061035156,358.0,364.3999938964844,276,Lumber,LBS=F
2014-02-26,354.0,359.70001220703125,352.6000061035156,359.0,393,Lumber,LBS=F
2014-02-27,353.5,355.1000061035156,352.0,354.20001220703125,207,Lumber,LBS=F
2014-02-28,350.0,355.6000061035156,347.8999938964844,355.29998779296875,250,Lumber,LBS=F
2014-03-03,357.0,359.6000061035156,349.6000061035156,351.0,250,Lumber,LBS=F
2014-03-04,357.5,358.5,355.1000061035156,355.1000061035156,208,Lumber,LBS=F
2014-03-05,356.5,361.29998779296875,355.29998779296875,357.0,98,Lumber,LBS=F
2014-03-06,357.79998779296875,360.79998779296875,356.70001220703125,357.70001220703125,97,Lumber,LBS=F
2014-03-07,361.6000061035156,363.29998779296875,358.6000061035156,360.1000061035156,146,Lumber,LBS=F
2014-03-10,363.79998779296875,365.3999938964844,361.8999938964844,362.70001220703125,177,Lumber,LBS=F
2014-03-11,362.5,365.0,362.29998779296875,364.8999938964844,134,Lumber,LBS=F
2014-03-12,359.5,364.20001220703125,356.6000061035156,363.0,147,Lumber,LBS=F
2014-03-13,360.29998779296875,365.8999938964844,357.1000061035156,359.5,137,Lumber,LBS=F
2014-03-14,356.0,357.0,346.1000061035156,353.8999938964844,642,Lumber,LBS=F
2014-03-17,330.5,337.0,330.5,337.0,833,Lumber,LBS=F
2014-03-18,333.0,336.70001220703125,324.5,329.6000061035156,733,Lumber,LBS=F
2014-03-19,337.6000061035156,338.1000061035156,329.6000061035156,335.1000061035156,432,Lumber,LBS=F
2014-03-20,340.3999938964844,340.79998779296875,334.0,336.3999938964844,391,Lumber,LBS=F
2014-03-21,335.0,340.5,333.0,340.20001220703125,253,Lumber,LBS=F
2014-03-24,333.3999938964844,335.0,330.29998779296875,333.79998779296875,205,Lumber,LBS=F
2014-03-25,330.6000061035156,335.5,329.79998779296875,333.0,250,Lumber,LBS=F
2014-03-26,326.20001220703125,332.0,326.1000061035156,330.20001220703125,382,Lumber,LBS=F
2014-03-27,335.5,335.5,325.20001220703125,327.0,421,Lumber,LBS=F
2014-03-28,334.3999938964844,338.1000061035156,332.29998779296875,333.1000061035156,573,Lumber,LBS=F
2014-03-31,335.79998779296875,339.79998779296875,333.6000061035156,334.29998779296875,760,Lumber,LBS=F
2014-04-01,341.0,345.79998779296875,336.1000061035156,336.8999938964844,1153,Lumber,LBS=F
2014-04-02,334.6000061035156,344.3999938964844,332.3999938964844,344.1000061035156,553,Lumber,LBS=F
2014-04-03,328.8999938964844,334.70001220703125,327.1000061035156,334.6000061035156,407,Lumber,LBS=F
2014-04-04,328.3999938964844,329.3999938964844,325.70001220703125,327.1000061035156,327,Lumber,LBS=F
2014-04-07,330.70001220703125,331.6000061035156,326.3999938964844,326.70001220703125,221,Lumber,LBS=F
2014-04-08,328.79998779296875,333.8999938964844,325.79998779296875,330.70001220703125,358,Lumber,LBS=F
2014-04-09,334.29998779296875,338.20001220703125,326.79998779296875,328.29998779296875,809,Lumber,LBS=F
2014-04-10,333.20001220703125,337.5,330.3999938964844,335.0,405,Lumber,LBS=F
2014-04-11,328.29998779296875,332.0,325.8999938964844,331.8999938964844,402,Lumber,LBS=F
2014-04-14,323.5,329.79998779296875,321.29998779296875,328.3999938964844,353,Lumber,LBS=F
2014-04-15,324.20001220703125,325.70001220703125,321.3999938964844,323.20001220703125,406,Lumber,LBS=F
2014-04-16,328.79998779296875,330.1000061035156,323.0,325.20001220703125,513,Lumber,LBS=F
2014-04-17,329.70001220703125,330.0,324.1000061035156,327.8999938964844,192,Lumber,LBS=F
2014-04-21,337.8999938964844,338.20001220703125,327.1000061035156,327.5,735,Lumber,LBS=F
2014-04-22,335.29998779296875,339.70001220703125,334.20001220703125,335.1000061035156,462,Lumber,LBS=F
2014-04-23,331.6000061035156,337.29998779296875,327.29998779296875,336.6000061035156,280,Lumber,LBS=F
2014-04-24,331.8999938964844,333.5,328.6000061035156,331.20001220703125,250,Lumber,LBS=F
2014-04-25,335.5,337.0,332.1000061035156,334.0,270,Lumber,LBS=F
2014-04-28,334.6000061035156,336.5,333.0,333.79998779296875,175,Lumber,LBS=F
2014-04-29,337.29998779296875,338.0,333.79998779296875,334.0,336,Lumber,LBS=F
2014-04-30,335.8999938964844,338.79998779296875,334.79998779296875,336.70001220703125,200,Lumber,LBS=F
2014-05-01,337.5,338.0,334.5,335.79998779296875,170,Lumber,LBS=F
2014-05-02,344.5,346.0,337.79998779296875,338.0,404,Lumber,LBS=F
2014-05-05,341.5,347.0,341.5,343.1000061035156,132,Lumber,LBS=F
2014-05-06,338.3999938964844,344.5,338.29998779296875,341.6000061035156,136,Lumber,LBS=F
2014-05-07,338.6000061035156,339.5,335.0,338.5,148,Lumber,LBS=F
2014-05-08,337.0,340.0,337.0,338.0,83,Lumber,LBS=F
2014-05-09,338.5,339.5,337.6000061035156,339.5,32,Lumber,LBS=F
2014-05-12,337.5,339.29998779296875,337.5,338.79998779296875,79,Lumber,LBS=F
2014-05-13,338.0,338.5,335.70001220703125,338.5,104,Lumber,LBS=F
2014-05-14,332.79998779296875,335.79998779296875,331.20001220703125,335.6000061035156,64,Lumber,LBS=F
2014-05-15,322.1000061035156,331.1000061035156,321.70001220703125,331.1000061035156,481,Lumber,LBS=F
2014-05-16,324.20001220703125,333.8999938964844,324.20001220703125,332.5,581,Lumber,LBS=F
2014-05-19,325.20001220703125,327.79998779296875,324.1000061035156,325.8999938964844,217,Lumber,LBS=F
2014-05-20,321.0,325.29998779296875,319.0,324.3999938964844,435,Lumber,LBS=F
2014-05-21,319.6000061035156,323.79998779296875,318.1000061035156,320.5,341,Lumber,LBS=F
2014-05-22,314.8999938964844,321.6000061035156,312.79998779296875,319.79998779296875,554,Lumber,LBS=F
2014-05-23,317.29998779296875,319.29998779296875,314.70001220703125,317.5,301,Lumber,LBS=F
2014-05-27,316.8999938964844,320.5,316.1000061035156,317.8999938964844,334,Lumber,LBS=F
2014-05-28,312.0,316.8999938964844,312.0,316.79998779296875,489,Lumber,LBS=F
2014-05-29,312.1000061035156,314.29998779296875,311.70001220703125,312.70001220703125,750,Lumber,LBS=F
2014-05-30,312.29998779296875,313.1000061035156,309.79998779296875,312.70001220703125,1351,Lumber,LBS=F
2014-06-02,310.70001220703125,314.79998779296875,309.0,312.29998779296875,863,Lumber,LBS=F
2014-06-03,308.0,310.70001220703125,307.20001220703125,310.0,288,Lumber,LBS=F
2014-06-04,307.79998779296875,309.79998779296875,305.79998779296875,308.8999938964844,347,Lumber,LBS=F
2014-06-05,306.29998779296875,310.29998779296875,303.29998779296875,309.0,440,Lumber,LBS=F
2014-06-06,306.5,307.79998779296875,303.1000061035156,305.1000061035156,246,Lumber,LBS=F
2014-06-09,304.6000061035156,308.79998779296875,303.20001220703125,305.20001220703125,516,Lumber,LBS=F
2014-06-10,299.20001220703125,308.20001220703125,297.0,304.8999938964844,574,Lumber,LBS=F
2014-06-11,297.0,298.79998779296875,295.0,297.6000061035156,560,Lumber,LBS=F
2014-06-12,302.20001220703125,304.1000061035156,299.0,299.0,509,Lumber,LBS=F
2014-06-13,307.79998779296875,311.5,301.8999938964844,301.8999938964844,715,Lumber,LBS=F
2014-06-16,313.0,313.29998779296875,306.5,307.79998779296875,518,Lumber,LBS=F
2014-06-17,313.0,313.70001220703125,308.1000061035156,311.5,430,Lumber,LBS=F
2014-06-18,313.0,315.79998779296875,310.6000061035156,312.8999938964844,284,Lumber,LBS=F
2014-06-19,321.79998779296875,323.0,315.79998779296875,315.79998779296875,341,Lumber,LBS=F
2014-06-20,328.70001220703125,329.8999938964844,323.79998779296875,323.79998779296875,488,Lumber,LBS=F
2014-06-23,331.6000061035156,335.20001220703125,329.3999938964844,330.0,283,Lumber,LBS=F
2014-06-24,331.0,336.8999938964844,329.6000061035156,332.0,269,Lumber,LBS=F
2014-06-25,334.29998779296875,335.0,331.5,332.0,130,Lumber,LBS=F
2014-06-26,338.8999938964844,340.0,334.6000061035156,335.0,192,Lumber,LBS=F
2014-06-27,337.5,340.0,329.79998779296875,339.5,116,Lumber,LBS=F
2014-06-30,335.1000061035156,337.79998779296875,334.8999938964844,337.79998779296875,50,Lumber,LBS=F
2014-07-01,334.0,336.8999938964844,333.20001220703125,334.8999938964844,50,Lumber,LBS=F
2014-07-02,337.5,338.0,333.29998779296875,333.79998779296875,69,Lumber,LBS=F
2014-07-03,337.3999938964844,339.5,336.5,338.1000061035156,89,Lumber,LBS=F
2014-07-07,337.8999938964844,339.1000061035156,335.8999938964844,337.3999938964844,149,Lumber,LBS=F
2014-07-08,330.8999938964844,334.3999938964844,330.29998779296875,334.29998779296875,198,Lumber,LBS=F
2014-07-09,332.1000061035156,339.5,331.6000061035156,331.6000061035156,194,Lumber,LBS=F
2014-07-10,339.0,341.70001220703125,338.0,340.0,49,Lumber,LBS=F
2014-07-11,336.70001220703125,339.29998779296875,336.70001220703125,339.29998779296875,5,Lumber,LBS=F
2014-07-14,342.70001220703125,344.70001220703125,337.5,337.6000061035156,240,Lumber,LBS=F
2014-07-15,336.29998779296875,338.20001220703125,332.0,336.6000061035156,193,Lumber,LBS=F
2014-07-16,331.0,334.0,328.0,334.0,330,Lumber,LBS=F
2014-07-17,324.0,330.3999938964844,323.20001220703125,330.3999938964844,451,Lumber,LBS=F
2014-07-18,325.8999938964844,327.0,323.1000061035156,324.0,255,Lumber,LBS=F
2014-07-21,326.29998779296875,329.70001220703125,325.6000061035156,327.1000061035156,239,Lumber,LBS=F
2014-07-22,332.3999938964844,336.20001220703125,327.5,328.5,467,Lumber,LBS=F
2014-07-23,333.3999938964844,334.79998779296875,330.70001220703125,332.5,147,Lumber,LBS=F
2014-07-24,325.79998779296875,332.79998779296875,323.5,332.79998779296875,344,Lumber,LBS=F
2014-07-25,325.5,328.20001220703125,325.1000061035156,325.5,187,Lumber,LBS=F
2014-07-28,323.0,324.0,320.70001220703125,323.5,300,Lumber,LBS=F
2014-07-29,322.0,326.0,320.8999938964844,323.20001220703125,251,Lumber,LBS=F
2014-07-30,322.29998779296875,331.0,321.5,322.20001220703125,666,Lumber,LBS=F
2014-07-31,324.3999938964844,330.5,324.3999938964844,327.0,595,Lumber,LBS=F
2014-08-01,324.1000061035156,327.1000061035156,323.6000061035156,325.29998779296875,689,Lumber,LBS=F
2014-08-04,325.8999938964844,328.29998779296875,323.6000061035156,325.0,371,Lumber,LBS=F
2014-08-05,330.5,333.5,325.1000061035156,325.1000061035156,403,Lumber,LBS=F
2014-08-06,336.29998779296875,338.3999938964844,333.5,333.8999938964844,473,Lumber,LBS=F
2014-08-07,346.29998779296875,346.29998779296875,337.29998779296875,337.29998779296875,1200,Lumber,LBS=F
2014-08-08,344.8999938964844,350.1000061035156,344.8999938964844,347.3999938964844,777,Lumber,LBS=F
2014-08-11,346.0,350.6000061035156,343.70001220703125,345.8999938964844,409,Lumber,LBS=F
2014-08-12,344.1000061035156,347.0,342.1000061035156,345.70001220703125,263,Lumber,LBS=F
2014-08-13,346.70001220703125,348.6000061035156,345.1000061035156,346.1000061035156,289,Lumber,LBS=F
2014-08-14,344.1000061035156,348.6000061035156,341.70001220703125,348.6000061035156,304,Lumber,LBS=F
2014-08-15,345.3999938964844,350.5,345.3999938964844,346.0,439,Lumber,LBS=F
2014-08-18,347.1000061035156,349.1000061035156,343.29998779296875,348.0,308,Lumber,LBS=F
2014-08-19,352.6000061035156,353.79998779296875,347.0,347.0,439,Lumber,LBS=F
2014-08-20,355.0,356.29998779296875,351.1000061035156,353.0,326,Lumber,LBS=F
2014-08-21,355.6000061035156,356.5,352.0,354.3999938964844,299,Lumber,LBS=F
2014-08-22,352.5,355.8999938964844,351.5,355.79998779296875,389,Lumber,LBS=F
2014-08-25,355.29998779296875,356.0,350.5,352.6000061035156,323,Lumber,LBS=F
2014-08-26,349.20001220703125,353.5,347.5,352.29998779296875,345,Lumber,LBS=F
2014-08-27,347.5,350.1000061035156,347.0,349.0,127,Lumber,LBS=F
2014-08-28,347.0,351.20001220703125,346.3999938964844,347.0,164,Lumber,LBS=F
2014-08-29,348.3999938964844,349.79998779296875,347.8999938964844,348.6000061035156,98,Lumber,LBS=F
2014-09-02,349.70001220703125,351.29998779296875,348.79998779296875,348.79998779296875,164,Lumber,LBS=F
2014-09-03,351.8999938964844,352.5,349.70001220703125,350.3999938964844,165,Lumber,LBS=F
2014-09-04,348.1000061035156,352.6000061035156,347.0,350.79998779296875,291,Lumber,LBS=F
2014-09-05,343.0,348.8999938964844,342.6000061035156,346.70001220703125,126,Lumber,LBS=F
2014-09-08,344.0,345.5,342.1000061035156,342.5,173,Lumber,LBS=F
2014-09-09,346.0,347.5,343.0,343.0,95,Lumber,LBS=F
2014-09-10,343.0,345.20001220703125,342.70001220703125,345.20001220703125,138,Lumber,LBS=F
2014-09-11,345.5,346.8999938964844,343.5,343.5,47,Lumber,LBS=F
2014-09-12,348.0,351.3999938964844,344.0,345.0,106,Lumber,LBS=F
2014-09-15,349.0,350.0,345.29998779296875,346.70001220703125,413,Lumber,LBS=F
2014-09-16,336.0,338.5,334.5,336.29998779296875,356,Lumber,LBS=F
2014-09-17,329.0,334.5,328.5,334.5,581,Lumber,LBS=F
2014-09-18,329.8999938964844,333.0,326.20001220703125,330.6000061035156,514,Lumber,LBS=F
2014-09-19,329.0,332.3999938964844,328.79998779296875,330.5,221,Lumber,LBS=F
2014-09-22,326.6000061035156,329.79998779296875,325.5,329.0,336,Lumber,LBS=F
2014-09-23,332.0,336.6000061035156,325.3999938964844,326.0,374,Lumber,LBS=F
2014-09-24,330.20001220703125,333.6000061035156,328.70001220703125,331.0,308,Lumber,LBS=F
2014-09-25,326.0,332.79998779296875,325.6000061035156,330.0,325,Lumber,LBS=F
2014-09-26,327.20001220703125,327.79998779296875,325.29998779296875,326.70001220703125,320,Lumber,LBS=F
2014-09-29,328.8999938964844,329.5,325.29998779296875,327.0,725,Lumber,LBS=F
2014-09-30,332.8999938964844,338.8999938964844,329.8999938964844,329.8999938964844,780,Lumber,LBS=F
2014-10-01,337.79998779296875,342.8999938964844,330.1000061035156,334.0,1158,Lumber,LBS=F
2014-10-02,347.79998779296875,347.79998779296875,342.79998779296875,344.1000061035156,573,Lumber,LBS=F
2014-10-03,349.20001220703125,352.6000061035156,347.70001220703125,350.0,645,Lumber,LBS=F
2014-10-06,350.20001220703125,352.70001220703125,348.20001220703125,348.79998779296875,504,Lumber,LBS=F
2014-10-07,347.29998779296875,352.0,346.70001220703125,350.0,410,Lumber,LBS=F
2014-10-08,346.1000061035156,349.8999938964844,345.20001220703125,347.8999938964844,281,Lumber,LBS=F
2014-10-09,345.29998779296875,346.8999938964844,343.29998779296875,346.79998779296875,252,Lumber,LBS=F
2014-10-10,342.70001220703125,345.6000061035156,342.3999938964844,344.6000061035156,420,Lumber,LBS=F
2014-10-13,342.20001220703125,344.79998779296875,341.6000061035156,343.1000061035156,212,Lumber,LBS=F
2014-10-14,342.5,344.1000061035156,341.1000061035156,341.5,262,Lumber,LBS=F
2014-10-15,336.20001220703125,345.79998779296875,335.20001220703125,342.8999938964844,571,Lumber,LBS=F
2014-10-16,335.1000061035156,338.0,334.70001220703125,337.0,321,Lumber,LBS=F
2014-10-17,334.6000061035156,336.20001220703125,332.6000061035156,333.70001220703125,277,Lumber,LBS=F
2014-10-20,330.8999938964844,334.0,330.20001220703125,334.0,439,Lumber,LBS=F
2014-10-21,329.6000061035156,333.0,329.20001220703125,330.6000061035156,320,Lumber,LBS=F
2014-10-22,328.70001220703125,330.6000061035156,328.5,329.70001220703125,302,Lumber,LBS=F
2014-10-23,329.6000061035156,335.8999938964844,329.5,329.6000061035156,251,Lumber,LBS=F
2014-10-24,336.6000061035156,336.79998779296875,332.5,332.5,290,Lumber,LBS=F
2014-10-27,334.1000061035156,338.79998779296875,334.0,335.8999938964844,200,Lumber,LBS=F
2014-10-28,327.0,336.0,326.29998779296875,335.3999938964844,343,Lumber,LBS=F
2014-10-29,321.6000061035156,329.29998779296875,319.20001220703125,327.20001220703125,279,Lumber,LBS=F
2014-10-30,323.6000061035156,324.79998779296875,321.6000061035156,322.79998779296875,146,Lumber,LBS=F
2014-10-31,323.0,325.70001220703125,322.3999938964844,322.3999938964844,117,Lumber,LBS=F
2014-11-03,326.0,329.5,324.5,327.8999938964844,89,Lumber,LBS=F
2014-11-04,324.3999938964844,324.79998779296875,322.5,324.79998779296875,70,Lumber,LBS=F
2014-11-05,327.1000061035156,328.0,322.6000061035156,323.0,73,Lumber,LBS=F
2014-11-06,326.0,332.8999938964844,325.6000061035156,327.79998779296875,158,Lumber,LBS=F
2014-11-07,327.1000061035156,327.79998779296875,324.8999938964844,326.5,96,Lumber,LBS=F
2014-11-10,329.0,329.3999938964844,327.0,328.0,70,Lumber,LBS=F
2014-11-11,328.5,329.70001220703125,326.79998779296875,326.8999938964844,66,Lumber,LBS=F
2014-11-12,327.8999938964844,330.79998779296875,327.6000061035156,328.70001220703125,110,Lumber,LBS=F
2014-11-13,326.0,328.0,320.5,327.5,43,Lumber,LBS=F
2014-11-14,317.3999938964844,322.70001220703125,315.29998779296875,322.70001220703125,323,Lumber,LBS=F
2014-11-17,315.8999938964844,318.3999938964844,315.79998779296875,318.0,483,Lumber,LBS=F
2014-11-18,318.70001220703125,320.0,315.29998779296875,315.8999938964844,343,Lumber,LBS=F
2014-11-19,317.79998779296875,328.20001220703125,316.29998779296875,319.0,393,Lumber,LBS=F
2014-11-20,327.3999938964844,327.79998779296875,323.5,323.5,320,Lumber,LBS=F
2014-11-21,333.0,334.8999938964844,328.70001220703125,328.70001220703125,523,Lumber,LBS=F
2014-11-24,334.70001220703125,336.70001220703125,332.5,334.1000061035156,251,Lumber,LBS=F
2014-11-25,330.0,333.70001220703125,328.20001220703125,333.70001220703125,296,Lumber,LBS=F
2014-11-26,328.79998779296875,330.29998779296875,327.3999938964844,328.6000061035156,279,Lumber,LBS=F
2014-11-28,327.70001220703125,330.5,327.29998779296875,327.5,431,Lumber,LBS=F
2014-12-01,326.6000061035156,329.0,326.1000061035156,326.6000061035156,693,Lumber,LBS=F
2014-12-02,328.8999938964844,332.70001220703125,327.70001220703125,327.8999938964844,458,Lumber,LBS=F
2014-12-03,331.20001220703125,333.0,330.5,332.0,236,Lumber,LBS=F
2014-12-04,333.5,335.29998779296875,332.29998779296875,332.29998779296875,318,Lumber,LBS=F
2014-12-05,339.0,342.29998779296875,334.20001220703125,335.0,735,Lumber,LBS=F
2014-12-08,341.6000061035156,342.1000061035156,338.5,338.70001220703125,587,Lumber,LBS=F
2014-12-09,333.8999938964844,342.0,332.6000061035156,341.20001220703125,755,Lumber,LBS=F
2014-12-10,331.79998779296875,334.8999938964844,330.79998779296875,333.8999938964844,440,Lumber,LBS=F
2014-12-11,336.20001220703125,339.1000061035156,333.3999938964844,333.3999938964844,544,Lumber,LBS=F
2014-12-12,340.29998779296875,342.0,338.1000061035156,338.3999938964844,362,Lumber,LBS=F
2014-12-15,336.6000061035156,341.0,335.5,339.1000061035156,322,Lumber,LBS=F
2014-12-16,333.5,337.79998779296875,332.29998779296875,337.5,231,Lumber,LBS=F
2014-12-17,336.1000061035156,339.29998779296875,333.5,334.3999938964844,314,Lumber,LBS=F
2014-12-18,339.70001220703125,340.70001220703125,338.20001220703125,338.6000061035156,188,Lumber,LBS=F
2014-12-19,340.6000061035156,341.79998779296875,337.3999938964844,339.1000061035156,374,Lumber,LBS=F
2014-12-22,339.1000061035156,342.0,338.1000061035156,341.79998779296875,386,Lumber,LBS=F
2014-12-23,338.20001220703125,339.20001220703125,337.29998779296875,339.0,241,Lumber,LBS=F
2014-12-24,338.8999938964844,338.8999938964844,336.5,337.70001220703125,72,Lumber,LBS=F
2014-12-26,338.5,340.29998779296875,337.5,339.29998779296875,24,Lumber,LBS=F
2014-12-29,336.70001220703125,339.3999938964844,336.20001220703125,338.5,69,Lumber,LBS=F
2014-12-30,335.70001220703125,337.6000061035156,335.0,337.0,95,Lumber,LBS=F
2014-12-31,331.1000061035156,335.0,330.70001220703125,335.0,112,Lumber,LBS=F
2015-01-02,332.0,332.8999938964844,330.29998779296875,331.0,62,Lumber,LBS=F
2015-01-05,329.0,331.8999938964844,328.29998779296875,330.6000061035156,190,Lumber,LBS=F
2015-01-06,319.70001220703125,327.70001220703125,319.20001220703125,327.70001220703125,203,Lumber,LBS=F
2015-01-07,327.29998779296875,328.3999938964844,322.0,324.5,80,Lumber,LBS=F
2015-01-08,324.8999938964844,327.20001220703125,324.6000061035156,326.70001220703125,38,Lumber,LBS=F
2015-01-09,323.0,325.79998779296875,323.0,325.6000061035156,31,Lumber,LBS=F
2015-01-12,323.79998779296875,323.79998779296875,319.8999938964844,322.6000061035156,60,Lumber,LBS=F
2015-01-13,320.20001220703125,323.79998779296875,318.29998779296875,322.3999938964844,132,Lumber,LBS=F
2015-01-14,315.8999938964844,323.79998779296875,315.8999938964844,321.70001220703125,65,Lumber,LBS=F
2015-01-15,310.8999938964844,315.0,310.0,315.0,396,Lumber,LBS=F
2015-01-16,311.8999938964844,315.0,310.79998779296875,314.79998779296875,412,Lumber,LBS=F
2015-01-20,302.8999938964844,311.5,302.6000061035156,311.3999938964844,605,Lumber,LBS=F
2015-01-21,308.70001220703125,311.0,303.5,303.6000061035156,690,Lumber,LBS=F
2015-01-22,305.79998779296875,310.8999938964844,304.20001220703125,308.79998779296875,382,Lumber,LBS=F
2015-01-23,311.5,312.5,305.0,310.79998779296875,349,Lumber,LBS=F
2015-01-26,316.29998779296875,321.5,314.3999938964844,317.6000061035156,752,Lumber,LBS=F
2015-01-27,311.70001220703125,316.0,310.20001220703125,315.6000061035156,447,Lumber,LBS=F
2015-01-28,315.5,318.0,309.3999938964844,310.20001220703125,388,Lumber,LBS=F
2015-01-29,321.79998779296875,325.3999938964844,317.0,317.5,1059,Lumber,LBS=F
2015-01-30,321.79998779296875,325.1000061035156,320.3999938964844,324.70001220703125,686,Lumber,LBS=F
2015-02-02,312.20001220703125,323.79998779296875,311.79998779296875,322.1000061035156,954,Lumber,LBS=F
2015-02-03,313.70001220703125,316.5,310.3999938964844,311.0,429,Lumber,LBS=F
2015-02-04,309.6000061035156,315.29998779296875,308.20001220703125,314.70001220703125,397,Lumber,LBS=F
2015-02-05,311.8999938964844,313.8999938964844,308.6000061035156,310.79998779296875,362,Lumber,LBS=F
2015-02-06,315.5,317.20001220703125,311.20001220703125,311.20001220703125,641,Lumber,LBS=F
2015-02-09,320.79998779296875,322.5,312.5,312.5,657,Lumber,LBS=F
2015-02-10,317.79998779296875,319.5,315.70001220703125,318.3999938964844,267,Lumber,LBS=F
2015-02-11,313.79998779296875,317.3999938964844,311.6000061035156,317.3999938964844,323,Lumber,LBS=F
2015-02-12,310.8999938964844,314.79998779296875,310.1000061035156,313.5,200,Lumber,LBS=F
2015-02-13,312.20001220703125,314.1000061035156,310.5,310.5,312,Lumber,LBS=F
2015-02-17,306.29998779296875,313.3999938964844,305.1000061035156,311.79998779296875,713,Lumber,LBS=F
2015-02-18,303.0,306.0,301.1000061035156,305.1000061035156,712,Lumber,LBS=F
2015-02-19,301.29998779296875,303.70001220703125,300.3999938964844,303.1000061035156,500,Lumber,LBS=F
2015-02-20,303.5,304.79998779296875,300.1000061035156,300.20001220703125,452,Lumber,LBS=F
2015-02-23,303.20001220703125,307.1000061035156,302.1000061035156,304.3999938964844,326,Lumber,LBS=F
2015-02-24,295.20001220703125,304.29998779296875,294.20001220703125,302.29998779296875,507,Lumber,LBS=F
2015-02-25,291.20001220703125,294.0,287.20001220703125,293.5,371,Lumber,LBS=F
2015-02-26,295.5,296.3999938964844,290.20001220703125,291.70001220703125,178,Lumber,LBS=F
2015-02-27,297.20001220703125,298.70001220703125,292.8999938964844,295.0,194,Lumber,LBS=F
2015-03-02,299.5,299.70001220703125,295.0,296.70001220703125,179,Lumber,LBS=F
2015-03-03,294.3999938964844,300.0,293.0,297.70001220703125,133,Lumber,LBS=F
2015-03-04,290.70001220703125,294.20001220703125,289.29998779296875,292.79998779296875,113,Lumber,LBS=F
2015-03-05,287.0,289.5,285.20001220703125,289.5,127,Lumber,LBS=F
2015-03-06,283.0,288.5,282.70001220703125,286.79998779296875,61,Lumber,LBS=F
2015-03-09,286.70001220703125,288.5,282.5,283.1000061035156,149,Lumber,LBS=F
2015-03-10,285.20001220703125,286.5,284.20001220703125,286.0,63,Lumber,LBS=F
2015-03-11,281.70001220703125,283.8999938964844,279.1000061035156,283.70001220703125,79,Lumber,LBS=F
2015-03-12,270.5,280.5,270.1000061035156,280.5,184,Lumber,LBS=F
2015-03-13,267.0,271.5,259.0,270.0,814,Lumber,LBS=F
2015-03-16,269.5,272.6000061035156,268.29998779296875,272.20001220703125,358,Lumber,LBS=F
2015-03-17,273.1000061035156,279.5,265.5,269.0,441,Lumber,LBS=F
2015-03-18,278.70001220703125,283.1000061035156,275.70001220703125,280.20001220703125,585,Lumber,LBS=F
2015-03-19,280.20001220703125,284.0,277.20001220703125,279.0,678,Lumber,LBS=F
2015-03-20,280.79998779296875,283.1000061035156,278.3999938964844,278.70001220703125,301,Lumber,LBS=F
2015-03-23,275.79998779296875,283.1000061035156,275.20001220703125,279.20001220703125,412,Lumber,LBS=F
2015-03-24,285.79998779296875,285.79998779296875,275.29998779296875,275.29998779296875,472,Lumber,LBS=F
2015-03-25,287.6000061035156,290.20001220703125,283.70001220703125,286.1000061035156,461,Lumber,LBS=F
2015-03-26,286.0,289.8999938964844,284.6000061035156,287.5,302,Lumber,LBS=F
2015-03-27,282.6000061035156,287.79998779296875,280.1000061035156,287.70001220703125,239,Lumber,LBS=F
2015-03-30,279.29998779296875,284.79998779296875,278.29998779296875,282.5,524,Lumber,LBS=F
2015-03-31,278.20001220703125,282.29998779296875,277.0,279.70001220703125,530,Lumber,LBS=F
2015-04-01,273.0,278.0,272.70001220703125,277.8999938964844,644,Lumber,LBS=F
2015-04-02,276.6000061035156,278.8999938964844,274.0,276.6000061035156,243,Lumber,LBS=F
2015-04-06,271.70001220703125,276.5,269.8999938964844,275.3999938964844,372,Lumber,LBS=F
2015-04-07,268.8999938964844,271.6000061035156,267.29998779296875,270.0,438,Lumber,LBS=F
2015-04-08,268.3999938964844,272.8999938964844,266.8999938964844,268.29998779296875,566,Lumber,LBS=F
2015-04-09,269.8999938964844,271.5,267.20001220703125,268.3999938964844,526,Lumber,LBS=F
2015-04-10,266.79998779296875,273.3999938964844,266.1000061035156,270.29998779296875,344,Lumber,LBS=F
2015-04-13,259.6000061035156,266.3999938964844,256.79998779296875,266.29998779296875,765,Lumber,LBS=F
2015-04-14,250.60000610351562,258.0,250.1999969482422,255.0,625,Lumber,LBS=F
2015-04-15,259.70001220703125,259.70001220703125,249.5,251.3000030517578,715,Lumber,LBS=F
2015-04-16,255.3000030517578,258.8999938964844,249.6999969482422,258.1000061035156,615,Lumber,LBS=F
2015-04-17,248.0,253.8000030517578,245.5,252.5,402,Lumber,LBS=F
2015-04-20,248.39999389648438,252.8000030517578,246.6999969482422,247.8000030517578,577,Lumber,LBS=F
2015-04-21,242.89999389648438,251.3000030517578,241.89999389648438,248.0,367,Lumber,LBS=F
2015-04-22,252.89999389648438,252.89999389648438,246.0,249.6999969482422,438,Lumber,LBS=F
2015-04-23,252.6999969482422,254.89999389648438,246.6999969482422,251.5,468,Lumber,LBS=F
2015-04-24,258.5,261.70001220703125,252.60000610351562,253.3000030517578,445,Lumber,LBS=F
2015-04-27,256.20001220703125,261.0,254.5,257.8999938964844,696,Lumber,LBS=F
2015-04-28,251.5,255.6999969482422,249.6999969482422,255.0,731,Lumber,LBS=F
2015-04-29,253.0,258.3999938964844,249.10000610351562,250.10000610351562,1227,Lumber,LBS=F
2015-04-30,256.29998779296875,258.70001220703125,251.5,251.5,512,Lumber,LBS=F
2015-05-01,256.29998779296875,257.0,253.1999969482422,254.0,434,Lumber,LBS=F
2015-05-04,245.3000030517578,255.0,245.1999969482422,255.0,417,Lumber,LBS=F
2015-05-05,242.0,245.5,241.1999969482422,245.5,408,Lumber,LBS=F
2015-05-06,244.1999969482422,248.60000610351562,242.3000030517578,243.10000610351562,201,Lumber,LBS=F
2015-05-07,237.5,244.1999969482422,234.60000610351562,244.1999969482422,226,Lumber,LBS=F
2015-05-08,234.60000610351562,236.1999969482422,233.60000610351562,233.89999389648438,77,Lumber,LBS=F
2015-05-11,237.60000610351562,239.0,234.0,235.89999389648438,65,Lumber,LBS=F
2015-05-12,234.0,237.5,231.89999389648438,237.1999969482422,71,Lumber,LBS=F
2015-05-13,236.5,238.10000610351562,233.10000610351562,233.10000610351562,184,Lumber,LBS=F
2015-05-14,247.5,250.0,236.5,236.5,116,Lumber,LBS=F
2015-05-15,238.6999969482422,249.6999969482422,238.6999969482422,247.6999969482422,441,Lumber,LBS=F
2015-05-18,257.70001220703125,258.6000061035156,253.39999389648438,253.39999389648438,269,Lumber,LBS=F
2015-05-19,262.5,265.3999938964844,258.0,258.0,452,Lumber,LBS=F
2015-05-20,272.0,272.5,258.70001220703125,261.5,975,Lumber,LBS=F
2015-05-21,269.6000061035156,275.5,267.29998779296875,272.20001220703125,617,Lumber,LBS=F
2015-05-22,273.79998779296875,274.0,268.0,270.1000061035156,280,Lumber,LBS=F
2015-05-26,276.20001220703125,280.6000061035156,271.79998779296875,277.20001220703125,713,Lumber,LBS=F
2015-05-27,274.3999938964844,275.6000061035156,271.79998779296875,273.5,468,Lumber,LBS=F
2015-05-28,272.5,274.5,271.6000061035156,271.6000061035156,823,Lumber,LBS=F
2015-05-29,274.1000061035156,278.0,272.6000061035156,274.20001220703125,1115,Lumber,LBS=F
2015-06-01,266.20001220703125,276.29998779296875,265.70001220703125,273.1000061035156,907,Lumber,LBS=F
2015-06-02,265.3999938964844,269.20001220703125,264.0,267.1000061035156,346,Lumber,LBS=F
2015-06-03,275.3999938964844,275.3999938964844,265.1000061035156,265.1000061035156,408,Lumber,LBS=F
2015-06-04,283.5,284.5,275.29998779296875,278.0,1236,Lumber,LBS=F
2015-06-05,291.20001220703125,291.3999938964844,282.0,283.29998779296875,896,Lumber,LBS=F
2015-06-08,293.1000061035156,297.1000061035156,290.0,291.70001220703125,1093,Lumber,LBS=F
2015-06-09,289.29998779296875,292.0,285.79998779296875,292.0,423,Lumber,LBS=F
2015-06-10,296.70001220703125,296.70001220703125,289.8999938964844,290.0,1062,Lumber,LBS=F
2015-06-11,291.29998779296875,295.29998779296875,286.70001220703125,295.0,528,Lumber,LBS=F
2015-06-12,296.1000061035156,296.6000061035156,286.8999938964844,291.20001220703125,477,Lumber,LBS=F
2015-06-15,296.3999938964844,300.79998779296875,291.79998779296875,293.1000061035156,504,Lumber,LBS=F
2015-06-16,293.1000061035156,296.29998779296875,291.1000061035156,296.20001220703125,283,Lumber,LBS=F
2015-06-17,298.70001220703125,300.0,290.6000061035156,292.1000061035156,569,Lumber,LBS=F
2015-06-18,298.1000061035156,299.5,294.6000061035156,296.20001220703125,344,Lumber,LBS=F
2015-06-19,298.6000061035156,302.3999938964844,294.70001220703125,296.8999938964844,372,Lumber,LBS=F
2015-06-22,294.1000061035156,299.5,293.20001220703125,299.0,199,Lumber,LBS=F
2015-06-23,289.29998779296875,294.29998779296875,288.3999938964844,294.29998779296875,243,Lumber,LBS=F
2015-06-24,288.8999938964844,291.29998779296875,286.0,288.20001220703125,290,Lumber,LBS=F
2015-06-25,292.20001220703125,292.79998779296875,289.29998779296875,289.79998779296875,129,Lumber,LBS=F
2015-06-26,292.20001220703125,295.0,292.20001220703125,293.70001220703125,251,Lumber,LBS=F
2015-06-29,292.20001220703125,295.0,291.29998779296875,292.5,116,Lumber,LBS=F
2015-06-30,288.29998779296875,292.3999938964844,288.0,292.3999938964844,191,Lumber,LBS=F
2015-07-01,288.0,289.20001220703125,288.0,289.0,136,Lumber,LBS=F
2015-07-02,288.5,290.1000061035156,287.70001220703125,287.8999938964844,54,Lumber,LBS=F
2015-07-06,283.70001220703125,291.20001220703125,283.3999938964844,288.20001220703125,268,Lumber,LBS=F
2015-07-07,281.20001220703125,284.8999938964844,280.1000061035156,284.20001220703125,284,Lumber,LBS=F
2015-07-08,282.20001220703125,286.8999938964844,281.5,282.0,182,Lumber,LBS=F
2015-07-09,288.79998779296875,295.20001220703125,282.5,283.20001220703125,146,Lumber,LBS=F
2015-07-10,293.5,298.79998779296875,293.20001220703125,295.0,104,Lumber,LBS=F
2015-07-13,293.0,296.8999938964844,289.6000061035156,296.0,104,Lumber,LBS=F
2015-07-14,289.3999938964844,293.3999938964844,287.3999938964844,293.3999938964844,43,Lumber,LBS=F
2015-07-15,290.8999938964844,292.3999938964844,281.79998779296875,287.0,240,Lumber,LBS=F
2015-07-16,280.5,285.0,279.20001220703125,284.3999938964844,390,Lumber,LBS=F
2015-07-17,278.20001220703125,282.3999938964844,277.3999938964844,279.8999938964844,300,Lumber,LBS=F
2015-07-20,272.6000061035156,277.3999938964844,269.1000061035156,276.8999938964844,439,Lumber,LBS=F
2015-07-21,266.5,272.5,266.29998779296875,270.6000061035156,489,Lumber,LBS=F
2015-07-22,265.1000061035156,271.70001220703125,264.70001220703125,267.1000061035156,461,Lumber,LBS=F
2015-07-23,269.3999938964844,273.1000061035156,266.70001220703125,268.3999938964844,368,Lumber,LBS=F
2015-07-24,266.70001220703125,275.0,266.1000061035156,272.29998779296875,281,Lumber,LBS=F
2015-07-27,257.70001220703125,266.70001220703125,256.70001220703125,266.20001220703125,648,Lumber,LBS=F
2015-07-28,256.1000061035156,261.29998779296875,255.39999389648438,257.8999938964844,449,Lumber,LBS=F
2015-07-29,251.60000610351562,259.6000061035156,251.1999969482422,256.5,484,Lumber,LBS=F
2015-07-30,251.8000030517578,253.6999969482422,250.5,252.6999969482422,739,Lumber,LBS=F
2015-07-31,252.10000610351562,255.39999389648438,250.8000030517578,253.89999389648438,763,Lumber,LBS=F
2015-08-03,260.29998779296875,261.70001220703125,251.1999969482422,252.5,811,Lumber,LBS=F
2015-08-04,258.70001220703125,260.3999938964844,256.0,258.6000061035156,479,Lumber,LBS=F
2015-08-05,261.29998779296875,263.29998779296875,255.60000610351562,255.6999969482422,536,Lumber,LBS=F
2015-08-06,260.79998779296875,264.5,259.6000061035156,261.5,556,Lumber,LBS=F
2015-08-07,259.0,260.5,257.3999938964844,259.20001220703125,313,Lumber,LBS=F
2015-08-10,259.1000061035156,261.8999938964844,258.5,259.29998779296875,284,Lumber,LBS=F
2015-08-11,250.10000610351562,259.20001220703125,249.10000610351562,259.20001220703125,1055,Lumber,LBS=F
2015-08-12,253.1999969482422,254.6999969482422,249.5,251.0,375,Lumber,LBS=F
2015-08-13,255.89999389648438,257.6000061035156,253.3000030517578,254.6999969482422,304,Lumber,LBS=F
2015-08-14,252.6999969482422,256.5,252.0,254.3000030517578,281,Lumber,LBS=F
2015-08-17,251.10000610351562,252.39999389648438,246.39999389648438,252.3000030517578,643,Lumber,LBS=F
2015-08-18,250.60000610351562,252.3000030517578,248.3000030517578,250.5,431,Lumber,LBS=F
2015-08-19,256.1000061035156,260.6000061035156,252.5,252.5,577,Lumber,LBS=F
2015-08-20,255.39999389648438,260.1000061035156,254.1999969482422,255.6999969482422,708,Lumber,LBS=F
2015-08-21,245.39999389648438,256.20001220703125,245.39999389648438,255.8000030517578,1112,Lumber,LBS=F
2015-08-24,240.10000610351562,243.0,235.6999969482422,236.10000610351562,820,Lumber,LBS=F
2015-08-25,245.10000610351562,246.1999969482422,238.3000030517578,240.5,441,Lumber,LBS=F
2015-08-26,242.5,243.5,240.0,243.0,175,Lumber,LBS=F
2015-08-27,246.89999389648438,247.89999389648438,242.10000610351562,242.10000610351562,218,Lumber,LBS=F
2015-08-28,237.10000610351562,242.89999389648438,236.89999389648438,242.10000610351562,192,Lumber,LBS=F
2015-08-31,234.1999969482422,236.89999389648438,231.8000030517578,236.89999389648438,236,Lumber,LBS=F
2015-09-01,235.0,238.39999389648438,232.0,233.0,206,Lumber,LBS=F
2015-09-02,234.0,238.5,233.0,233.5,246,Lumber,LBS=F
2015-09-03,232.89999389648438,237.39999389648438,232.1999969482422,235.3000030517578,512,Lumber,LBS=F
2015-09-04,233.1999969482422,235.60000610351562,233.0,233.3000030517578,167,Lumber,LBS=F
2015-09-08,231.6999969482422,236.10000610351562,229.10000610351562,234.6999969482422,160,Lumber,LBS=F
2015-09-09,232.10000610351562,237.39999389648438,232.10000610351562,233.8000030517578,166,Lumber,LBS=F
2015-09-10,241.8000030517578,243.0,234.0,235.0,182,Lumber,LBS=F
2015-09-11,247.5,255.0,243.5,243.5,80,Lumber,LBS=F
2015-09-14,246.3000030517578,251.0,244.5,249.39999389648438,64,Lumber,LBS=F
2015-09-15,252.6999969482422,252.6999969482422,239.0,244.5,343,Lumber,LBS=F
2015-09-16,242.5,244.0,236.5,238.0,338,Lumber,LBS=F
2015-09-17,234.3000030517578,242.60000610351562,232.8000030517578,241.5,392,Lumber,LBS=F
2015-09-18,231.8000030517578,234.3000030517578,228.3000030517578,234.0,385,Lumber,LBS=F
2015-09-21,228.6999969482422,231.0,225.5,231.0,388,Lumber,LBS=F
2015-09-22,224.1999969482422,228.60000610351562,223.10000610351562,228.60000610351562,482,Lumber,LBS=F
2015-09-23,217.3000030517578,226.0,216.5,223.1999969482422,631,Lumber,LBS=F
2015-09-24,216.89999389648438,220.0,215.60000610351562,217.0,752,Lumber,LBS=F
2015-09-25,216.60000610351562,220.0,216.0,220.0,386,Lumber,LBS=F
2015-09-28,216.1999969482422,219.5,214.39999389648438,218.39999389648438,314,Lumber,LBS=F
2015-09-29,220.39999389648438,225.89999389648438,214.6999969482422,216.1999969482422,710,Lumber,LBS=F
2015-09-30,229.1999969482422,230.39999389648438,224.39999389648438,224.39999389648438,815,Lumber,LBS=F
2015-10-01,224.60000610351562,229.89999389648438,222.5,226.3000030517578,760,Lumber,LBS=F
2015-10-02,221.39999389648438,225.0,218.5,223.8000030517578,369,Lumber,LBS=F
2015-10-05,224.3000030517578,225.1999969482422,222.3000030517578,222.3000030517578,272,Lumber,LBS=F
2015-10-06,232.1999969482422,234.3000030517578,225.0,226.0,760,Lumber,LBS=F
2015-10-07,235.39999389648438,240.39999389648438,229.89999389648438,231.89999389648438,640,Lumber,LBS=F
2015-10-08,237.5,241.0,234.89999389648438,234.89999389648438,358,Lumber,LBS=F
2015-10-09,244.39999389648438,246.89999389648438,240.89999389648438,240.89999389648438,466,Lumber,LBS=F
2015-10-12,254.39999389648438,254.39999389648438,245.0,245.0,673,Lumber,LBS=F
2015-10-13,258.6000061035156,264.3999938964844,252.5,253.10000610351562,1373,Lumber,LBS=F
2015-10-14,257.0,259.70001220703125,252.0,256.0,744,Lumber,LBS=F
2015-10-15,261.70001220703125,263.8999938964844,255.39999389648438,255.39999389648438,855,Lumber,LBS=F
2015-10-16,258.1000061035156,262.0,256.29998779296875,262.0,428,Lumber,LBS=F
2015-10-19,263.1000061035156,263.29998779296875,256.6000061035156,258.5,406,Lumber,LBS=F
2015-10-20,260.0,262.70001220703125,256.8999938964844,260.3999938964844,523,Lumber,LBS=F
2015-10-21,262.5,264.0,254.60000610351562,257.79998779296875,733,Lumber,LBS=F
2015-10-22,258.8999938964844,263.5,257.1000061035156,259.20001220703125,629,Lumber,LBS=F
2015-10-23,261.0,265.0,257.5,258.8999938964844,509,Lumber,LBS=F
2015-10-26,257.0,260.70001220703125,253.60000610351562,259.29998779296875,330,Lumber,LBS=F
2015-10-27,255.0,257.0,253.8000030517578,257.0,182,Lumber,LBS=F
2015-10-28,257.79998779296875,259.0,254.8000030517578,255.5,156,Lumber,LBS=F
2015-10-29,256.0,259.70001220703125,255.0,258.79998779296875,179,Lumber,LBS=F
2015-10-30,253.6999969482422,257.0,251.10000610351562,255.5,235,Lumber,LBS=F
2015-11-02,249.0,253.6999969482422,246.60000610351562,253.6999969482422,232,Lumber,LBS=F
2015-11-03,246.1999969482422,248.0,244.39999389648438,248.0,167,Lumber,LBS=F
2015-11-04,243.10000610351562,248.60000610351562,243.0,248.0,134,Lumber,LBS=F
2015-11-05,250.0,251.6999969482422,243.0,243.10000610351562,214,Lumber,LBS=F
2015-11-06,247.89999389648438,250.5,244.39999389648438,250.5,115,Lumber,LBS=F
2015-11-09,252.0,253.0,247.10000610351562,247.10000610351562,91,Lumber,LBS=F
2015-11-10,254.0,254.8000030517578,250.60000610351562,251.3000030517578,109,Lumber,LBS=F
2015-11-11,256.0,257.8999938964844,254.0,254.0,42,Lumber,LBS=F
2015-11-12,255.6999969482422,258.70001220703125,253.1999969482422,254.5,35,Lumber,LBS=F
2015-11-13,251.0,258.0,247.10000610351562,257.0,342,Lumber,LBS=F
2015-11-16,242.10000610351562,244.5,240.60000610351562,242.60000610351562,269,Lumber,LBS=F
2015-11-17,239.1999969482422,242.10000610351562,237.10000610351562,242.10000610351562,605,Lumber,LBS=F
2015-11-18,238.6999969482422,243.39999389648438,237.0,238.1999969482422,453,Lumber,LBS=F
2015-11-19,243.3000030517578,248.6999969482422,238.3000030517578,241.10000610351562,457,Lumber,LBS=F
2015-11-20,252.39999389648438,253.3000030517578,249.10000610351562,250.0,689,Lumber,LBS=F
2015-11-23,249.6999969482422,253.0,247.10000610351562,252.39999389648438,255,Lumber,LBS=F
2015-11-24,248.60000610351562,250.0,247.60000610351562,248.89999389648438,143,Lumber,LBS=F
2015-11-25,250.0,252.10000610351562,247.8000030517578,248.0,204,Lumber,LBS=F
2015-11-27,247.39999389648438,249.8000030517578,247.3000030517578,249.8000030517578,198,Lumber,LBS=F
2015-11-30,245.8000030517578,252.60000610351562,245.3000030517578,247.5,833,Lumber,LBS=F
2015-12-01,241.6999969482422,248.10000610351562,241.5,246.8000030517578,765,Lumber,LBS=F
2015-12-02,240.8000030517578,244.1999969482422,240.60000610351562,242.10000610351562,485,Lumber,LBS=F
2015-12-03,244.89999389648438,247.6999969482422,243.1999969482422,243.1999969482422,372,Lumber,LBS=F
2015-12-04,252.10000610351562,254.89999389648438,247.8000030517578,247.8000030517578,567,Lumber,LBS=F
2015-12-07,262.1000061035156,262.1000061035156,253.5,253.5,720,Lumber,LBS=F
2015-12-08,267.3999938964844,268.70001220703125,262.1000061035156,262.29998779296875,799,Lumber,LBS=F
2015-12-09,264.79998779296875,269.8999938964844,263.1000061035156,267.79998779296875,553,Lumber,LBS=F
2015-12-10,263.70001220703125,267.1000061035156,260.79998779296875,264.20001220703125,428,Lumber,LBS=F
2015-12-11,260.79998779296875,262.5,259.3999938964844,262.1000061035156,225,Lumber,LBS=F
2015-12-14,257.3999938964844,261.5,255.89999389648438,259.5,303,Lumber,LBS=F
2015-12-15,255.89999389648438,259.0,254.3000030517578,256.70001220703125,576,Lumber,LBS=F
2015-12-16,260.0,262.0,257.1000061035156,260.8999938964844,289,Lumber,LBS=F
2015-12-17,260.0,261.5,257.70001220703125,258.79998779296875,335,Lumber,LBS=F
2015-12-18,267.3999938964844,268.70001220703125,262.8999938964844,263.20001220703125,636,Lumber,LBS=F
2015-12-21,269.5,271.5,267.20001220703125,267.20001220703125,362,Lumber,LBS=F
2015-12-22,268.6000061035156,269.3999938964844,264.6000061035156,269.3999938964844,214,Lumber,LBS=F
2015-12-23,267.6000061035156,269.0,266.70001220703125,269.0,288,Lumber,LBS=F
2015-12-24,266.6000061035156,268.29998779296875,266.5,267.79998779296875,85,Lumber,LBS=F
2015-12-28,259.5,265.0,258.1000061035156,265.0,306,Lumber,LBS=F
2015-12-29,256.5,260.5,255.39999389648438,260.0,301,Lumber,LBS=F
2015-12-30,256.8999938964844,259.20001220703125,256.6000061035156,257.1000061035156,78,Lumber,LBS=F
2015-12-31,257.6000061035156,260.0,256.6000061035156,257.20001220703125,112,Lumber,LBS=F
2016-01-04,254.39999389648438,256.3999938964844,254.1999969482422,256.20001220703125,183,Lumber,LBS=F
2016-01-05,256.5,259.29998779296875,255.10000610351562,255.39999389648438,154,Lumber,LBS=F
2016-01-06,255.5,256.79998779296875,254.5,256.20001220703125,155,Lumber,LBS=F
2016-01-07,250.5,254.10000610351562,249.89999389648438,254.10000610351562,178,Lumber,LBS=F
2016-01-08,257.0,257.8999938964844,250.0,250.60000610351562,212,Lumber,LBS=F
2016-01-11,256.79998779296875,259.3999938964844,252.1999969482422,255.1999969482422,105,Lumber,LBS=F
2016-01-12,256.20001220703125,257.0,254.1999969482422,257.0,30,Lumber,LBS=F
2016-01-13,255.0,257.0,253.60000610351562,256.70001220703125,34,Lumber,LBS=F
2016-01-14,255.0,258.70001220703125,253.89999389648438,256.5,41,Lumber,LBS=F
2016-01-15,257.70001220703125,257.70001220703125,252.60000610351562,256.70001220703125,421,Lumber,LBS=F
2016-01-19,248.39999389648438,251.5,246.6999969482422,247.8000030517578,254,Lumber,LBS=F
2016-01-20,238.39999389648438,246.0,238.39999389648438,245.39999389648438,881,Lumber,LBS=F
2016-01-21,239.3000030517578,242.89999389648438,238.39999389648438,240.5,372,Lumber,LBS=F
2016-01-22,234.39999389648438,241.39999389648438,234.1999969482422,241.0,572,Lumber,LBS=F
2016-01-25,233.3000030517578,236.60000610351562,232.5,235.10000610351562,384,Lumber,LBS=F
2016-01-26,236.1999969482422,239.60000610351562,234.3000030517578,236.5,445,Lumber,LBS=F
2016-01-27,242.6999969482422,244.8000030517578,236.1999969482422,239.3000030517578,565,Lumber,LBS=F
2016-01-28,241.60000610351562,246.8000030517578,239.60000610351562,244.39999389648438,792,Lumber,LBS=F
2016-01-29,240.39999389648438,242.39999389648438,238.39999389648438,240.8000030517578,679,Lumber,LBS=F
2016-02-01,240.89999389648438,244.39999389648438,238.6999969482422,241.89999389648438,630,Lumber,LBS=F
2016-02-02,248.6999969482422,250.1999969482422,241.89999389648438,243.3000030517578,472,Lumber,LBS=F
2016-02-03,251.89999389648438,256.1000061035156,250.6999969482422,250.89999389648438,652,Lumber,LBS=F
2016-02-04,250.39999389648438,254.0,249.8000030517578,251.89999389648438,327,Lumber,LBS=F
2016-02-05,252.8000030517578,253.39999389648438,249.89999389648438,251.60000610351562,258,Lumber,LBS=F
2016-02-08,251.39999389648438,254.3000030517578,249.1999969482422,251.60000610351562,370,Lumber,LBS=F
2016-02-09,250.6999969482422,254.0,244.8000030517578,251.60000610351562,464,Lumber,LBS=F
2016-02-10,248.60000610351562,250.1999969482422,247.10000610351562,249.0,319,Lumber,LBS=F
2016-02-11,245.89999389648438,250.8000030517578,245.10000610351562,248.0,440,Lumber,LBS=F
2016-02-12,246.5,248.0,245.6999969482422,246.89999389648438,164,Lumber,LBS=F
2016-02-16,249.3000030517578,253.6999969482422,246.60000610351562,248.0,548,Lumber,LBS=F
2016-02-17,253.3000030517578,256.0,248.39999389648438,248.89999389648438,505,Lumber,LBS=F
2016-02-18,263.1000061035156,263.20001220703125,258.20001220703125,258.20001220703125,871,Lumber,LBS=F
2016-02-19,262.6000061035156,266.79998779296875,261.0,264.0,816,Lumber,LBS=F
2016-02-22,264.20001220703125,265.0,260.29998779296875,260.29998779296875,498,Lumber,LBS=F
2016-02-23,261.70001220703125,264.6000061035156,258.3999938964844,264.0,377,Lumber,LBS=F
2016-02-24,259.1000061035156,259.6000061035156,256.79998779296875,258.3999938964844,136,Lumber,LBS=F
2016-02-25,258.0,260.6000061035156,256.70001220703125,259.20001220703125,243,Lumber,LBS=F
2016-02-26,253.8000030517578,258.6000061035156,253.8000030517578,258.3999938964844,232,Lumber,LBS=F
2016-02-29,254.0,255.89999389648438,253.3000030517578,253.39999389648438,296,Lumber,LBS=F
2016-03-01,252.5,255.0,252.0,254.89999389648438,331,Lumber,LBS=F
2016-03-02,254.8000030517578,255.5,253.3000030517578,254.6999969482422,327,Lumber,LBS=F
2016-03-03,271.29998779296875,272.3999938964844,254.89999389648438,255.3000030517578,759,Lumber,LBS=F
2016-03-04,275.70001220703125,277.29998779296875,269.20001220703125,270.5,219,Lumber,LBS=F
2016-03-07,278.70001220703125,280.1000061035156,276.0,279.8999938964844,262,Lumber,LBS=F
2016-03-08,280.6000061035156,283.79998779296875,275.70001220703125,280.6000061035156,157,Lumber,LBS=F
2016-03-09,276.5,278.79998779296875,276.0,278.5,118,Lumber,LBS=F
2016-03-10,277.70001220703125,279.5,274.0,278.20001220703125,52,Lumber,LBS=F
2016-03-11,288.1000061035156,297.70001220703125,278.5,278.5,17,Lumber,LBS=F
2016-03-14,284.1000061035156,289.70001220703125,270.79998779296875,289.70001220703125,21,Lumber,LBS=F
2016-03-15,275.0,275.8999938964844,271.0,271.0,311,Lumber,LBS=F
2016-03-16,297.0,297.0,286.0,287.79998779296875,328,Lumber,LBS=F
2016-03-17,300.29998779296875,304.20001220703125,297.1000061035156,301.79998779296875,725,Lumber,LBS=F
2016-03-18,297.1000061035156,303.6000061035156,293.0,300.79998779296875,403,Lumber,LBS=F
2016-03-21,307.1000061035156,307.1000061035156,294.1000061035156,298.29998779296875,454,Lumber,LBS=F
2016-03-22,311.0,312.20001220703125,307.70001220703125,310.0,386,Lumber,LBS=F
2016-03-23,303.5,308.0,301.20001220703125,308.0,315,Lumber,LBS=F
2016-03-24,299.0,300.70001220703125,295.1000061035156,299.29998779296875,409,Lumber,LBS=F
2016-03-28,309.0,309.0,296.79998779296875,297.1000061035156,458,Lumber,LBS=F
2016-03-29,312.8999938964844,319.0,308.20001220703125,311.29998779296875,687,Lumber,LBS=F
2016-03-30,312.29998779296875,315.0,308.1000061035156,309.1000061035156,540,Lumber,LBS=F
2016-03-31,310.70001220703125,315.20001220703125,308.6000061035156,311.5,563,Lumber,LBS=F
2016-04-01,300.70001220703125,307.5,300.70001220703125,306.3999938964844,531,Lumber,LBS=F
2016-04-04,292.6000061035156,297.8999938964844,290.79998779296875,296.79998779296875,824,Lumber,LBS=F
2016-04-05,288.70001220703125,292.6000061035156,286.0,292.5,403,Lumber,LBS=F
2016-04-06,293.79998779296875,295.79998779296875,288.1000061035156,290.1000061035156,318,Lumber,LBS=F
2016-04-07,293.29998779296875,296.79998779296875,289.6000061035156,293.20001220703125,239,Lumber,LBS=F
2016-04-08,290.5,295.6000061035156,288.1000061035156,290.1000061035156,345,Lumber,LBS=F
2016-04-11,291.20001220703125,294.1000061035156,286.29998779296875,289.0,363,Lumber,LBS=F
2016-04-12,296.70001220703125,300.20001220703125,290.1000061035156,291.79998779296875,501,Lumber,LBS=F
2016-04-13,293.0,298.8999938964844,291.29998779296875,294.20001220703125,195,Lumber,LBS=F
2016-04-14,287.8999938964844,291.8999938964844,284.79998779296875,290.5,391,Lumber,LBS=F
2016-04-15,280.5,285.3999938964844,278.5,284.70001220703125,750,Lumber,LBS=F
2016-04-18,276.20001220703125,280.5,274.29998779296875,278.3999938964844,610,Lumber,LBS=F
2016-04-19,282.70001220703125,286.20001220703125,275.3999938964844,276.8999938964844,553,Lumber,LBS=F
2016-04-20,282.6000061035156,284.0,279.5,283.70001220703125,443,Lumber,LBS=F
2016-04-21,279.8999938964844,284.0,278.3999938964844,280.70001220703125,492,Lumber,LBS=F
2016-04-22,281.3999938964844,285.0,280.6000061035156,282.1000061035156,379,Lumber,LBS=F
2016-04-25,286.8999938964844,291.1000061035156,277.5,281.0,460,Lumber,LBS=F
2016-04-26,286.20001220703125,293.8999938964844,285.0,285.6000061035156,408,Lumber,LBS=F
2016-04-27,296.20001220703125,296.20001220703125,287.5,287.70001220703125,516,Lumber,LBS=F
2016-04-28,300.5,301.6000061035156,295.8999938964844,296.8999938964844,251,Lumber,LBS=F
2016-04-29,295.6000061035156,301.8999938964844,293.5,300.79998779296875,420,Lumber,LBS=F
2016-05-02,294.5,298.79998779296875,293.0,296.79998779296875,121,Lumber,LBS=F
2016-05-03,288.79998779296875,291.20001220703125,284.1000061035156,291.20001220703125,204,Lumber,LBS=F
2016-05-04,291.0,291.79998779296875,286.79998779296875,288.70001220703125,116,Lumber,LBS=F
2016-05-05,296.3999938964844,299.3999938964844,292.5,292.5,243,Lumber,LBS=F
2016-05-06,296.5,299.20001220703125,294.29998779296875,299.20001220703125,213,Lumber,LBS=F
2016-05-09,304.70001220703125,305.20001220703125,298.1000061035156,298.6000061035156,213,Lumber,LBS=F
2016-05-10,308.0,311.20001220703125,302.29998779296875,303.5,75,Lumber,LBS=F
2016-05-11,307.0,313.8999938964844,306.0,308.0,34,Lumber,LBS=F
2016-05-12,302.8999938964844,315.29998779296875,302.5,307.79998779296875,57,Lumber,LBS=F
2016-05-13,306.0,310.0,303.0,303.0,223,Lumber,LBS=F
2016-05-16,328.0,328.29998779296875,320.70001220703125,320.79998779296875,421,Lumber,LBS=F
2016-05-17,323.79998779296875,327.8999938964844,320.1000061035156,323.5,246,Lumber,LBS=F
2016-05-18,318.8999938964844,323.20001220703125,315.5,321.3999938964844,513,Lumber,LBS=F
2016-05-19,309.3999938964844,316.6000061035156,308.8999938964844,315.8999938964844,459,Lumber,LBS=F
2016-05-20,307.29998779296875,311.1000061035156,307.1000061035156,311.0,153,Lumber,LBS=F
2016-05-23,298.1000061035156,305.1000061035156,297.5,305.0,540,Lumber,LBS=F
2016-05-24,301.0,304.79998779296875,297.70001220703125,298.1000061035156,307,Lumber,LBS=F
2016-05-25,302.8999938964844,306.3999938964844,300.29998779296875,302.29998779296875,235,Lumber,LBS=F
2016-05-26,308.5,312.8999938964844,304.0,304.1000061035156,495,Lumber,LBS=F
2016-05-27,309.29998779296875,314.0,308.0,313.1000061035156,265,Lumber,LBS=F
2016-05-31,303.3999938964844,307.3999938964844,300.8999938964844,305.8999938964844,627,Lumber,LBS=F
2016-06-01,296.5,300.79998779296875,295.1000061035156,300.6000061035156,917,Lumber,LBS=F
2016-06-02,296.79998779296875,299.70001220703125,295.79998779296875,297.0,493,Lumber,LBS=F
2016-06-03,301.79998779296875,304.29998779296875,298.29998779296875,301.79998779296875,382,Lumber,LBS=F
2016-06-06,306.1000061035156,307.79998779296875,303.29998779296875,304.1000061035156,482,Lumber,LBS=F
2016-06-07,298.8999938964844,306.3999938964844,296.8999938964844,306.1000061035156,655,Lumber,LBS=F
2016-06-08,292.70001220703125,297.29998779296875,291.20001220703125,297.29998779296875,782,Lumber,LBS=F
2016-06-09,302.70001220703125,302.70001220703125,297.0,297.1000061035156,559,Lumber,LBS=F
2016-06-10,306.1000061035156,311.29998779296875,302.79998779296875,308.3999938964844,703,Lumber,LBS=F
2016-06-13,302.1000061035156,308.8999938964844,301.0,305.0,284,Lumber,LBS=F
2016-06-14,297.3999938964844,302.20001220703125,294.5,302.20001220703125,598,Lumber,LBS=F
2016-06-15,297.8999938964844,299.70001220703125,295.29998779296875,298.20001220703125,451,Lumber,LBS=F
2016-06-16,301.79998779296875,306.1000061035156,295.5,297.0,405,Lumber,LBS=F
2016-06-17,298.0,304.20001220703125,298.0,302.0,231,Lumber,LBS=F
2016-06-20,299.79998779296875,302.8999938964844,298.1000061035156,300.70001220703125,419,Lumber,LBS=F
2016-06-21,298.79998779296875,303.6000061035156,297.5,300.5,587,Lumber,LBS=F
2016-06-22,299.3999938964844,301.79998779296875,296.6000061035156,298.8999938964844,345,Lumber,LBS=F
2016-06-23,301.29998779296875,304.29998779296875,297.70001220703125,299.3999938964844,541,Lumber,LBS=F
2016-06-24,295.5,297.70001220703125,293.20001220703125,293.6000061035156,389,Lumber,LBS=F
2016-06-27,294.6000061035156,299.29998779296875,294.1000061035156,295.8999938964844,462,Lumber,LBS=F
2016-06-28,299.29998779296875,304.6000061035156,295.5,297.29998779296875,229,Lumber,LBS=F
2016-06-29,304.1000061035156,306.6000061035156,302.6000061035156,305.5,149,Lumber,LBS=F
2016-06-30,303.8999938964844,306.8999938964844,301.0,303.70001220703125,143,Lumber,LBS=F
2016-07-01,309.29998779296875,310.79998779296875,307.29998779296875,308.70001220703125,116,Lumber,LBS=F
2016-07-05,317.5,317.5,306.29998779296875,308.5,263,Lumber,LBS=F
2016-07-06,315.1000061035156,317.5,314.0,315.0,153,Lumber,LBS=F
2016-07-07,312.1000061035156,315.5,312.0,312.1000061035156,67,Lumber,LBS=F
2016-07-08,312.1000061035156,315.29998779296875,311.0,314.6000061035156,95,Lumber,LBS=F
2016-07-11,314.5,316.0,312.5,313.29998779296875,105,Lumber,LBS=F
2016-07-12,316.6000061035156,317.5,314.0,315.0,54,Lumber,LBS=F
2016-07-13,317.8999938964844,318.70001220703125,315.0,317.20001220703125,90,Lumber,LBS=F
2016-07-14,323.20001220703125,323.8999938964844,318.8999938964844,319.1000061035156,28,Lumber,LBS=F
2016-07-15,318.29998779296875,323.0,314.29998779296875,323.0,779,Lumber,LBS=F
2016-07-18,328.29998779296875,338.70001220703125,327.5,336.3999938964844,398,Lumber,LBS=F
2016-07-19,325.70001220703125,333.1000061035156,323.6000061035156,332.70001220703125,326,Lumber,LBS=F
2016-07-20,327.6000061035156,329.70001220703125,321.1000061035156,326.70001220703125,257,Lumber,LBS=F
2016-07-21,329.8999938964844,330.1000061035156,325.70001220703125,328.20001220703125,138,Lumber,LBS=F
2016-07-22,329.1000061035156,333.6000061035156,328.0,328.6000061035156,219,Lumber,LBS=F
2016-07-25,329.70001220703125,332.5,323.8999938964844,325.5,272,Lumber,LBS=F
2016-07-26,330.20001220703125,332.20001220703125,326.0,327.1000061035156,211,Lumber,LBS=F
2016-07-27,328.29998779296875,332.70001220703125,326.79998779296875,329.0,332,Lumber,LBS=F
2016-07-28,325.70001220703125,328.70001220703125,324.1000061035156,327.8999938964844,417,Lumber,LBS=F
2016-07-29,318.3999938964844,325.1000061035156,317.8999938964844,325.1000061035156,904,Lumber,LBS=F
2016-08-01,314.3999938964844,318.0,313.29998779296875,318.0,626,Lumber,LBS=F
2016-08-02,314.8999938964844,319.3999938964844,314.6000061035156,315.6000061035156,410,Lumber,LBS=F
2016-08-03,315.0,317.6000061035156,314.5,316.0,256,Lumber,LBS=F
2016-08-04,317.1000061035156,324.79998779296875,315.3999938964844,316.6000061035156,408,Lumber,LBS=F
2016-08-05,322.6000061035156,326.0,321.79998779296875,323.8999938964844,352,Lumber,LBS=F
2016-08-08,322.20001220703125,323.6000061035156,320.5,322.6000061035156,110,Lumber,LBS=F
2016-08-09,332.20001220703125,332.20001220703125,323.29998779296875,323.29998779296875,522,Lumber,LBS=F
2016-08-10,330.70001220703125,336.70001220703125,328.3999938964844,334.8999938964844,493,Lumber,LBS=F
2016-08-11,322.6000061035156,333.1000061035156,321.1000061035156,330.79998779296875,830,Lumber,LBS=F
2016-08-12,324.1000061035156,325.0,321.20001220703125,321.79998779296875,197,Lumber,LBS=F
2016-08-15,324.6000061035156,325.79998779296875,322.79998779296875,324.5,337,Lumber,LBS=F
2016-08-16,323.29998779296875,327.6000061035156,322.1000061035156,325.5,222,Lumber,LBS=F
2016-08-17,323.0,324.79998779296875,321.5,323.79998779296875,210,Lumber,LBS=F
2016-08-18,320.29998779296875,322.79998779296875,319.5,321.29998779296875,367,Lumber,LBS=F
2016-08-19,322.29998779296875,323.5,319.1000061035156,320.8999938964844,259,Lumber,LBS=F
2016-08-22,323.20001220703125,324.79998779296875,321.6000061035156,321.8999938964844,433,Lumber,LBS=F
2016-08-23,325.0,329.8999938964844,320.29998779296875,323.29998779296875,646,Lumber,LBS=F
2016-08-24,318.8999938964844,321.20001220703125,317.29998779296875,320.0,830,Lumber,LBS=F
2016-08-25,316.8999938964844,319.29998779296875,315.20001220703125,317.20001220703125,626,Lumber,LBS=F
2016-08-26,316.8999938964844,320.29998779296875,316.79998779296875,318.5,561,Lumber,LBS=F
2016-08-29,312.70001220703125,317.0,312.5,316.8999938964844,542,Lumber,LBS=F
2016-08-30,312.3999938964844,316.0,311.20001220703125,312.5,404,Lumber,LBS=F
2016-08-31,312.70001220703125,313.8999938964844,311.6000061035156,313.5,256,Lumber,LBS=F
2016-09-01,308.70001220703125,313.5,307.20001220703125,313.3999938964844,433,Lumber,LBS=F
2016-09-02,302.3999938964844,306.70001220703125,301.79998779296875,306.70001220703125,167,Lumber,LBS=F
2016-09-06,312.5,318.79998779296875,307.8999938964844,307.8999938964844,507,Lumber,LBS=F
2016-09-07,308.29998779296875,313.1000061035156,307.3999938964844,310.0,142,Lumber,LBS=F
2016-09-08,304.70001220703125,308.5,303.29998779296875,308.0,76,Lumber,LBS=F
2016-09-09,307.1000061035156,307.3999938964844,304.29998779296875,305.29998779296875,53,Lumber,LBS=F
2016-09-12,308.3999938964844,313.70001220703125,308.0,308.3999938964844,73,Lumber,LBS=F
2016-09-13,310.0,310.79998779296875,307.1000061035156,310.79998779296875,66,Lumber,LBS=F
2016-09-14,310.0,310.6000061035156,308.5,310.0,25,Lumber,LBS=F
2016-09-15,298.79998779296875,311.29998779296875,298.79998779296875,311.29998779296875,680,Lumber,LBS=F
2016-09-16,303.8999938964844,305.29998779296875,301.3999938964844,303.70001220703125,329,Lumber,LBS=F
2016-09-19,305.6000061035156,311.0,302.5,302.6000061035156,355,Lumber,LBS=F
2016-09-20,306.29998779296875,309.70001220703125,305.20001220703125,308.3999938964844,285,Lumber,LBS=F
2016-09-21,315.3999938964844,316.29998779296875,308.1000061035156,308.1000061035156,617,Lumber,LBS=F
2016-09-22,325.3999938964844,325.3999938964844,315.20001220703125,316.0,774,Lumber,LBS=F
2016-09-23,327.1000061035156,331.8999938964844,325.6000061035156,329.79998779296875,440,Lumber,LBS=F
2016-09-26,327.1000061035156,329.5,324.5,326.8999938964844,298,Lumber,LBS=F
2016-09-27,326.20001220703125,329.0,321.70001220703125,327.0,252,Lumber,LBS=F
2016-09-28,325.6000061035156,327.20001220703125,322.5,322.5,262,Lumber,LBS=F
2016-09-29,330.1000061035156,331.79998779296875,323.70001220703125,326.20001220703125,463,Lumber,LBS=F
2016-09-30,336.3999938964844,340.1000061035156,331.0,332.6000061035156,953,Lumber,LBS=F
2016-10-03,334.8999938964844,338.79998779296875,333.8999938964844,336.70001220703125,669,Lumber,LBS=F
2016-10-04,330.29998779296875,333.0,328.3999938964844,331.3999938964844,395,Lumber,LBS=F
2016-10-05,331.70001220703125,335.70001220703125,329.6000061035156,331.3999938964844,417,Lumber,LBS=F
2016-10-06,336.0,338.20001220703125,331.70001220703125,332.1000061035156,333,Lumber,LBS=F
2016-10-07,343.1000061035156,345.70001220703125,334.0,336.79998779296875,527,Lumber,LBS=F
2016-10-11,332.29998779296875,338.1000061035156,332.29998779296875,337.1000061035156,547,Lumber,LBS=F
2016-10-12,334.6000061035156,335.5,332.1000061035156,333.6000061035156,325,Lumber,LBS=F
2016-10-13,328.0,333.5,325.1000061035156,333.5,561,Lumber,LBS=F
2016-10-14,323.3999938964844,328.0,322.20001220703125,328.0,358,Lumber,LBS=F
2016-10-17,315.0,324.3999938964844,314.0,323.70001220703125,669,Lumber,LBS=F
2016-10-18,310.70001220703125,313.29998779296875,308.6000061035156,312.79998779296875,490,Lumber,LBS=F
2016-10-19,315.1000061035156,316.3999938964844,306.79998779296875,311.1000061035156,824,Lumber,LBS=F
2016-10-20,309.6000061035156,314.8999938964844,308.20001220703125,313.70001220703125,409,Lumber,LBS=F
2016-10-21,308.0,309.79998779296875,305.70001220703125,308.0,420,Lumber,LBS=F
2016-10-24,307.1000061035156,312.5,306.79998779296875,309.5,381,Lumber,LBS=F
2016-10-25,307.1000061035156,309.70001220703125,306.29998779296875,309.0,267,Lumber,LBS=F
2016-10-26,307.20001220703125,308.70001220703125,305.8999938964844,306.70001220703125,312,Lumber,LBS=F
2016-10-27,305.1000061035156,309.5,304.3999938964844,308.1000061035156,388,Lumber,LBS=F
2016-10-28,300.0,304.3999938964844,299.1000061035156,304.3999938964844,279,Lumber,LBS=F
2016-10-31,298.20001220703125,303.29998779296875,296.8999938964844,301.70001220703125,283,Lumber,LBS=F
2016-11-01,299.0,311.70001220703125,293.3999938964844,296.5,456,Lumber,LBS=F
2016-11-02,296.1000061035156,304.0,295.3999938964844,303.5,138,Lumber,LBS=F
2016-11-03,299.3999938964844,303.5,295.3999938964844,296.0,105,Lumber,LBS=F
2016-11-04,299.8999938964844,305.70001220703125,299.3999938964844,302.0,139,Lumber,LBS=F
2016-11-07,299.29998779296875,303.70001220703125,298.79998779296875,300.20001220703125,98,Lumber,LBS=F
2016-11-08,297.6000061035156,299.79998779296875,296.70001220703125,299.6000061035156,85,Lumber,LBS=F
2016-11-09,302.8999938964844,305.70001220703125,301.79998779296875,303.1000061035156,114,Lumber,LBS=F
2016-11-10,302.1000061035156,304.70001220703125,301.79998779296875,302.79998779296875,56,Lumber,LBS=F
2016-11-14,294.0,304.3999938964844,291.5,302.70001220703125,123,Lumber,LBS=F
2016-11-15,290.0,293.5,286.8999938964844,290.20001220703125,540,Lumber,LBS=F
2016-11-16,315.6000061035156,321.70001220703125,310.29998779296875,310.29998779296875,436,Lumber,LBS=F
2016-11-17,323.1000061035156,324.70001220703125,321.70001220703125,323.29998779296875,552,Lumber,LBS=F
2016-11-18,320.70001220703125,322.6000061035156,318.29998779296875,321.8999938964844,318,Lumber,LBS=F
2016-11-21,321.5,323.70001220703125,318.70001220703125,323.70001220703125,235,Lumber,LBS=F
2016-11-22,322.5,325.3999938964844,320.1000061035156,323.20001220703125,210,Lumber,LBS=F
2016-11-23,324.3999938964844,327.8999938964844,318.0,322.0,467,Lumber,LBS=F
2016-11-25,334.3999938964844,334.3999938964844,334.3999938964844,334.3999938964844,164,Lumber,LBS=F
2016-11-28,337.8999938964844,344.3999938964844,336.8999938964844,340.0,961,Lumber,LBS=F
2016-11-29,330.29998779296875,336.79998779296875,328.79998779296875,336.79998779296875,696,Lumber,LBS=F
2016-11-30,329.79998779296875,335.29998779296875,328.29998779296875,335.0,650,Lumber,LBS=F
2016-12-01,331.1000061035156,333.29998779296875,328.20001220703125,330.79998779296875,483,Lumber,LBS=F
2016-12-02,337.20001220703125,338.29998779296875,331.1000061035156,332.6000061035156,586,Lumber,LBS=F
2016-12-05,332.8999938964844,335.5,328.5,334.79998779296875,302,Lumber,LBS=F
2016-12-06,331.3999938964844,332.79998779296875,329.5,331.79998779296875,306,Lumber,LBS=F
2016-12-07,328.70001220703125,333.0,326.29998779296875,332.1000061035156,395,Lumber,LBS=F
2016-12-08,322.79998779296875,327.1000061035156,321.70001220703125,325.6000061035156,341,Lumber,LBS=F
2016-12-09,317.29998779296875,322.20001220703125,317.1000061035156,321.6000061035156,414,Lumber,LBS=F
2016-12-12,316.29998779296875,317.6000061035156,314.29998779296875,317.20001220703125,419,Lumber,LBS=F
2016-12-13,315.5,318.3999938964844,314.70001220703125,315.8999938964844,314,Lumber,LBS=F
2016-12-14,316.0,318.5,314.70001220703125,315.70001220703125,259,Lumber,LBS=F
2016-12-15,313.5,317.6000061035156,313.1000061035156,314.6000061035156,308,Lumber,LBS=F
2016-12-16,309.29998779296875,313.8999938964844,308.79998779296875,313.5,417,Lumber,LBS=F
2016-12-19,306.3999938964844,310.5,305.79998779296875,309.6000061035156,268,Lumber,LBS=F
2016-12-20,310.8999938964844,313.8999938964844,306.5,306.5,401,Lumber,LBS=F
2016-12-21,308.79998779296875,312.0,305.8999938964844,310.6000061035156,372,Lumber,LBS=F
2016-12-22,308.1000061035156,310.5,307.5,310.20001220703125,162,Lumber,LBS=F
2016-12-23,307.70001220703125,309.0,306.8999938964844,307.79998779296875,131,Lumber,LBS=F
2016-12-27,305.3999938964844,308.3999938964844,304.6000061035156,307.70001220703125,186,Lumber,LBS=F
2016-12-28,310.0,313.70001220703125,303.1000061035156,305.1000061035156,448,Lumber,LBS=F
2016-12-29,311.70001220703125,313.1000061035156,308.70001220703125,312.5,132,Lumber,LBS=F
2016-12-30,316.6000061035156,318.8999938964844,312.5,312.5,284,Lumber,LBS=F
2017-01-03,315.3999938964844,319.0,314.29998779296875,315.0,326,Lumber,LBS=F
2017-01-04,314.8999938964844,316.0,314.20001220703125,315.8999938964844,156,Lumber,LBS=F
2017-01-05,315.29998779296875,317.0,313.6000061035156,315.20001220703125,194,Lumber,LBS=F
2017-01-06,312.8999938964844,317.20001220703125,312.70001220703125,315.0,218,Lumber,LBS=F
2017-01-09,304.79998779296875,312.6000061035156,304.1000061035156,312.3999938964844,235,Lumber,LBS=F
2017-01-10,306.70001220703125,307.5,303.29998779296875,304.8999938964844,145,Lumber,LBS=F
2017-01-11,310.6000061035156,316.70001220703125,307.5,307.5,129,Lumber,LBS=F
2017-01-12,305.0,310.0,303.5,309.8999938964844,96,Lumber,LBS=F
2017-01-13,316.0,316.0,303.1000061035156,303.5,733,Lumber,LBS=F
2017-01-17,334.70001220703125,339.0,331.5,333.0,653,Lumber,LBS=F
2017-01-18,326.79998779296875,333.79998779296875,326.0,331.70001220703125,408,Lumber,LBS=F
2017-01-19,325.6000061035156,327.79998779296875,323.20001220703125,325.29998779296875,219,Lumber,LBS=F
2017-01-20,325.5,328.3999938964844,323.29998779296875,327.0,160,Lumber,LBS=F
2017-01-23,321.5,327.29998779296875,320.20001220703125,327.0,361,Lumber,LBS=F
2017-01-24,320.79998779296875,323.1000061035156,318.1000061035156,320.8999938964844,551,Lumber,LBS=F
2017-01-25,328.70001220703125,330.79998779296875,321.70001220703125,322.5,533,Lumber,LBS=F
2017-01-26,332.0,333.79998779296875,328.1000061035156,331.79998779296875,442,Lumber,LBS=F
2017-01-27,328.3999938964844,331.79998779296875,327.0,327.29998779296875,329,Lumber,LBS=F
2017-01-30,324.20001220703125,332.0,323.6000061035156,330.29998779296875,387,Lumber,LBS=F
2017-01-31,330.0,334.1000061035156,322.70001220703125,323.5,643,Lumber,LBS=F
2017-02-01,337.8999938964844,340.0,332.0,332.0,813,Lumber,LBS=F
2017-02-02,347.8999938964844,347.8999938964844,341.79998779296875,342.0,1163,Lumber,LBS=F
2017-02-03,350.6000061035156,354.0,346.70001220703125,352.0,907,Lumber,LBS=F
2017-02-06,360.1000061035156,360.6000061035156,351.5,351.6000061035156,609,Lumber,LBS=F
2017-02-07,361.8999938964844,364.0,357.20001220703125,362.6000061035156,620,Lumber,LBS=F
2017-02-08,371.8999938964844,371.8999938964844,359.3999938964844,359.8999938964844,661,Lumber,LBS=F
2017-02-09,375.3999938964844,381.70001220703125,373.79998779296875,381.70001220703125,854,Lumber,LBS=F
2017-02-10,370.5,377.79998779296875,367.20001220703125,377.0,518,Lumber,LBS=F
2017-02-13,365.3999938964844,369.0,363.1000061035156,367.8999938964844,388,Lumber,LBS=F
2017-02-14,365.3999938964844,369.79998779296875,364.0,365.0,399,Lumber,LBS=F
2017-02-15,365.70001220703125,369.1000061035156,364.5,364.5,466,Lumber,LBS=F
2017-02-16,361.29998779296875,369.70001220703125,359.6000061035156,368.70001220703125,457,Lumber,LBS=F
2017-02-17,363.29998779296875,364.29998779296875,360.8999938964844,361.70001220703125,389,Lumber,LBS=F
2017-02-21,361.29998779296875,362.29998779296875,358.5,360.3999938964844,619,Lumber,LBS=F
2017-02-22,363.70001220703125,365.70001220703125,359.6000061035156,361.6000061035156,313,Lumber,LBS=F
2017-02-23,362.8999938964844,365.0,361.20001220703125,364.0,366,Lumber,LBS=F
2017-02-24,367.5,370.70001220703125,360.5,362.8999938964844,320,Lumber,LBS=F
2017-02-27,373.5,375.29998779296875,366.5,366.6000061035156,425,Lumber,LBS=F
2017-02-28,366.3999938964844,374.3999938964844,364.79998779296875,373.79998779296875,215,Lumber,LBS=F
2017-03-01,361.5,366.20001220703125,361.20001220703125,364.0,255,Lumber,LBS=F
2017-03-02,355.70001220703125,363.5,355.3999938964844,361.5,377,Lumber,LBS=F
2017-03-03,357.0,358.20001220703125,353.3999938964844,357.0,275,Lumber,LBS=F
2017-03-06,356.8999938964844,359.0,353.5,353.5,184,Lumber,LBS=F
2017-03-07,360.8999938964844,363.20001220703125,354.1000061035156,356.0,198,Lumber,LBS=F
2017-03-08,356.70001220703125,360.29998779296875,354.20001220703125,357.1000061035156,241,Lumber,LBS=F
2017-03-09,348.6000061035156,354.8999938964844,347.1000061035156,354.20001220703125,197,Lumber,LBS=F
2017-03-10,345.5,350.20001220703125,344.20001220703125,347.0,118,Lumber,LBS=F
2017-03-13,345.0,346.29998779296875,341.29998779296875,345.5,32,Lumber,LBS=F
2017-03-14,346.20001220703125,351.0,344.0,347.0,40,Lumber,LBS=F
2017-03-15,340.8999938964844,348.79998779296875,340.20001220703125,345.5,598,Lumber,LBS=F
2017-03-16,363.5,365.0,362.70001220703125,364.70001220703125,183,Lumber,LBS=F
2017-03-17,361.79998779296875,364.8999938964844,360.5,363.1000061035156,234,Lumber,LBS=F
2017-03-20,371.0,371.79998779296875,360.6000061035156,361.0,458,Lumber,LBS=F
2017-03-21,370.20001220703125,377.20001220703125,367.8999938964844,373.29998779296875,398,Lumber,LBS=F
2017-03-22,373.29998779296875,374.20001220703125,372.20001220703125,372.20001220703125,100,Lumber,LBS=F
2017-03-23,376.70001220703125,379.79998779296875,372.5,373.70001220703125,358,Lumber,LBS=F
2017-03-24,376.6000061035156,378.6000061035156,375.29998779296875,376.79998779296875,237,Lumber,LBS=F
2017-03-27,372.6000061035156,375.8999938964844,371.0,374.8999938964844,196,Lumber,LBS=F
2017-03-28,369.20001220703125,371.0,366.5,370.6000061035156,258,Lumber,LBS=F
2017-03-29,369.20001220703125,374.20001220703125,367.8999938964844,367.8999938964844,200,Lumber,LBS=F
2017-03-30,375.3999938964844,378.6000061035156,369.29998779296875,369.8999938964844,646,Lumber,LBS=F
2017-03-31,381.3999938964844,383.8999938964844,377.5,377.6000061035156,816,Lumber,LBS=F
2017-04-03,374.0,377.70001220703125,372.6000061035156,376.8999938964844,739,Lumber,LBS=F
2017-04-04,373.1000061035156,376.29998779296875,369.79998779296875,373.5,269,Lumber,LBS=F
2017-04-05,379.6000061035156,383.1000061035156,375.1000061035156,376.20001220703125,614,Lumber,LBS=F
2017-04-06,389.6000061035156,389.6000061035156,383.70001220703125,384.29998779296875,882,Lumber,LBS=F
2017-04-07,399.6000061035156,399.6000061035156,399.6000061035156,399.6000061035156,270,Lumber,LBS=F
2017-04-10,393.79998779296875,414.6000061035156,390.8999938964844,414.6000061035156,1234,Lumber,LBS=F
2017-04-11,403.5,403.79998779296875,391.0,393.70001220703125,524,Lumber,LBS=F
2017-04-12,393.5,407.20001220703125,393.5,405.20001220703125,492,Lumber,LBS=F
2017-04-13,385.0,399.6000061035156,383.5,393.20001220703125,700,Lumber,LBS=F
2017-04-17,386.70001220703125,392.0,384.0,387.8999938964844,337,Lumber,LBS=F
2017-04-18,385.0,390.5,382.20001220703125,390.20001220703125,503,Lumber,LBS=F
2017-04-19,387.3999938964844,392.1000061035156,384.1000061035156,387.20001220703125,270,Lumber,LBS=F
2017-04-20,388.79998779296875,393.5,386.3999938964844,387.79998779296875,417,Lumber,LBS=F
2017-04-21,398.5,398.79998779296875,390.79998779296875,390.79998779296875,520,Lumber,LBS=F
2017-04-24,395.1000061035156,402.70001220703125,390.3999938964844,400.8999938964844,785,Lumber,LBS=F
2017-04-25,385.1000061035156,385.1000061035156,385.1000061035156,385.1000061035156,378,Lumber,LBS=F
2017-04-26,377.20001220703125,387.29998779296875,375.29998779296875,376.3999938964844,689,Lumber,LBS=F
2017-04-27,377.70001220703125,380.79998779296875,377.20001220703125,378.79998779296875,337,Lumber,LBS=F
2017-04-28,379.79998779296875,381.6000061035156,376.3999938964844,378.70001220703125,332,Lumber,LBS=F
2017-05-01,388.29998779296875,392.8999938964844,381.3999938964844,382.0,457,Lumber,LBS=F
2017-05-02,385.20001220703125,393.29998779296875,384.8999938964844,390.20001220703125,235,Lumber,LBS=F
2017-05-03,383.6000061035156,391.79998779296875,383.0,386.6000061035156,194,Lumber,LBS=F
2017-05-04,388.5,390.0,385.29998779296875,387.0,172,Lumber,LBS=F
2017-05-05,383.0,389.8999938964844,382.3999938964844,389.8999938964844,167,Lumber,LBS=F
2017-05-08,381.20001220703125,385.0,379.20001220703125,383.0,139,Lumber,LBS=F
2017-05-09,379.70001220703125,383.0,377.5,381.0,150,Lumber,LBS=F
2017-05-10,368.3999938964844,380.0,367.20001220703125,380.0,378,Lumber,LBS=F
2017-05-11,375.5,377.6000061035156,366.79998779296875,367.3999938964844,113,Lumber,LBS=F
2017-05-12,374.79998779296875,377.0,370.20001220703125,374.79998779296875,132,Lumber,LBS=F
2017-05-15,387.5,387.5,376.0,379.29998779296875,893,Lumber,LBS=F
2017-05-16,371.70001220703125,373.79998779296875,367.1000061035156,370.0,338,Lumber,LBS=F
2017-05-17,373.70001220703125,377.70001220703125,370.5,372.0,472,Lumber,LBS=F
2017-05-18,367.70001220703125,375.20001220703125,366.70001220703125,374.0,355,Lumber,LBS=F
2017-05-19,363.0,368.0,362.20001220703125,368.0,426,Lumber,LBS=F
2017-05-22,363.29998779296875,364.79998779296875,360.20001220703125,362.29998779296875,323,Lumber,LBS=F
2017-05-23,362.70001220703125,364.29998779296875,361.29998779296875,362.8999938964844,207,Lumber,LBS=F
2017-05-24,361.6000061035156,365.6000061035156,361.0,362.79998779296875,256,Lumber,LBS=F
2017-05-25,353.0,363.5,351.6000061035156,363.0,657,Lumber,LBS=F
2017-05-26,354.20001220703125,355.0,350.3999938964844,351.29998779296875,332,Lumber,LBS=F
2017-05-30,346.79998779296875,359.20001220703125,345.0,356.0,715,Lumber,LBS=F
2017-05-31,345.1000061035156,349.29998779296875,340.29998779296875,344.29998779296875,627,Lumber,LBS=F
2017-06-01,353.20001220703125,355.1000061035156,350.1000061035156,351.0,926,Lumber,LBS=F
2017-06-02,353.5,354.8999938964844,350.6000061035156,354.79998779296875,441,Lumber,LBS=F
2017-06-05,351.6000061035156,355.6000061035156,349.8999938964844,351.20001220703125,406,Lumber,LBS=F
2017-06-06,355.0,361.6000061035156,351.8999938964844,352.8999938964844,265,Lumber,LBS=F
2017-06-07,357.8999938964844,362.79998779296875,353.79998779296875,357.79998779296875,506,Lumber,LBS=F
2017-06-08,363.6000061035156,367.0,360.5,361.0,446,Lumber,LBS=F
2017-06-09,364.3999938964844,366.6000061035156,362.5,362.5,209,Lumber,LBS=F
2017-06-12,370.20001220703125,372.3999938964844,363.3999938964844,364.20001220703125,348,Lumber,LBS=F
2017-06-13,368.8999938964844,372.6000061035156,367.5,370.20001220703125,564,Lumber,LBS=F
2017-06-14,368.0,370.0,365.6000061035156,368.8999938964844,259,Lumber,LBS=F
2017-06-15,365.5,369.20001220703125,364.29998779296875,368.70001220703125,362,Lumber,LBS=F
2017-06-16,363.3999938964844,366.0,362.0,364.79998779296875,247,Lumber,LBS=F
2017-06-19,368.20001220703125,370.0,362.70001220703125,363.20001220703125,303,Lumber,LBS=F
2017-06-20,363.6000061035156,369.29998779296875,363.29998779296875,368.20001220703125,310,Lumber,LBS=F
2017-06-21,360.1000061035156,365.70001220703125,357.3999938964844,365.70001220703125,200,Lumber,LBS=F
2017-06-22,363.0,364.29998779296875,359.1000061035156,361.79998779296875,273,Lumber,LBS=F
2017-06-23,363.70001220703125,365.29998779296875,361.79998779296875,362.0,154,Lumber,LBS=F
2017-06-26,360.8999938964844,366.79998779296875,354.79998779296875,362.0,619,Lumber,LBS=F
2017-06-27,353.6000061035156,356.20001220703125,352.6000061035156,355.1000061035156,564,Lumber,LBS=F
2017-06-28,358.79998779296875,360.1000061035156,352.6000061035156,353.79998779296875,438,Lumber,LBS=F
2017-06-29,366.0,367.0,360.0,360.0,375,Lumber,LBS=F
2017-06-30,365.8999938964844,368.79998779296875,364.70001220703125,366.5,466,Lumber,LBS=F
2017-07-03,367.0,367.0,364.5,365.6000061035156,35,Lumber,LBS=F
2017-07-05,364.79998779296875,367.20001220703125,362.20001220703125,362.20001220703125,71,Lumber,LBS=F
2017-07-06,362.29998779296875,365.70001220703125,359.6000061035156,365.6000061035156,254,Lumber,LBS=F
2017-07-07,365.5,365.70001220703125,361.70001220703125,363.0,231,Lumber,LBS=F
2017-07-10,379.8999938964844,383.3999938964844,368.0,368.20001220703125,519,Lumber,LBS=F
2017-07-11,388.79998779296875,390.8999938964844,385.0,385.0,218,Lumber,LBS=F
2017-07-12,394.0,395.0,390.3999938964844,390.3999938964844,167,Lumber,LBS=F
2017-07-13,392.0,396.79998779296875,387.1000061035156,390.20001220703125,126,Lumber,LBS=F
2017-07-14,403.0,403.0,396.5,396.5,577,Lumber,LBS=F
2017-07-17,387.29998779296875,387.29998779296875,382.0,382.3999938964844,552,Lumber,LBS=F
2017-07-18,385.5,392.0,382.70001220703125,389.6000061035156,645,Lumber,LBS=F
2017-07-19,388.79998779296875,391.6000061035156,385.29998779296875,387.20001220703125,487,Lumber,LBS=F
2017-07-20,388.6000061035156,394.8999938964844,386.5,393.29998779296875,765,Lumber,LBS=F
2017-07-21,386.70001220703125,394.5,385.70001220703125,393.70001220703125,405,Lumber,LBS=F
2017-07-24,378.8999938964844,389.20001220703125,377.29998779296875,388.79998779296875,543,Lumber,LBS=F
2017-07-25,377.20001220703125,380.70001220703125,375.6000061035156,379.29998779296875,346,Lumber,LBS=F
2017-07-26,377.5,381.3999938964844,376.0,377.3999938964844,304,Lumber,LBS=F
2017-07-27,381.3999938964844,382.3999938964844,378.8999938964844,380.70001220703125,249,Lumber,LBS=F
2017-07-28,377.70001220703125,383.1000061035156,376.20001220703125,380.79998779296875,308,Lumber,LBS=F
2017-07-31,378.29998779296875,381.20001220703125,371.20001220703125,378.0,540,Lumber,LBS=F
2017-08-01,380.8999938964844,382.79998779296875,379.6000061035156,379.6000061035156,430,Lumber,LBS=F
2017-08-02,384.70001220703125,388.0,381.0,383.1000061035156,452,Lumber,LBS=F
2017-08-03,383.79998779296875,387.6000061035156,377.1000061035156,386.29998779296875,344,Lumber,LBS=F
2017-08-04,373.79998779296875,378.20001220703125,373.79998779296875,378.20001220703125,370,Lumber,LBS=F
2017-08-07,367.6000061035156,370.5,366.3999938964844,369.79998779296875,479,Lumber,LBS=F
2017-08-08,368.0,371.6000061035156,364.1000061035156,366.20001220703125,488,Lumber,LBS=F
2017-08-09,368.0,374.6000061035156,367.3999938964844,373.5,350,Lumber,LBS=F
2017-08-10,365.5,368.5,363.20001220703125,368.5,439,Lumber,LBS=F
2017-08-11,365.3999938964844,366.0,360.3999938964844,363.20001220703125,550,Lumber,LBS=F
2017-08-14,370.29998779296875,372.70001220703125,365.5,365.5,363,Lumber,LBS=F
2017-08-15,373.6000061035156,375.0,370.1000061035156,373.0,362,Lumber,LBS=F
2017-08-16,370.29998779296875,372.0,366.20001220703125,370.0,273,Lumber,LBS=F
2017-08-17,371.29998779296875,374.29998779296875,370.0,371.0,257,Lumber,LBS=F
2017-08-18,366.29998779296875,370.0,365.0,369.6000061035156,334,Lumber,LBS=F
2017-08-21,365.29998779296875,369.5,362.8999938964844,368.0,281,Lumber,LBS=F
2017-08-22,367.6000061035156,369.3999938964844,365.20001220703125,367.0,167,Lumber,LBS=F
2017-08-23,365.8999938964844,367.8999938964844,364.1000061035156,367.8999938964844,146,Lumber,LBS=F
2017-08-24,373.8999938964844,375.8999938964844,365.0,366.1000061035156,589,Lumber,LBS=F
2017-08-25,372.0,381.79998779296875,370.20001220703125,379.6000061035156,556,Lumber,LBS=F
2017-08-28,380.1000061035156,382.0,374.0,374.20001220703125,504,Lumber,LBS=F
2017-08-29,376.29998779296875,376.79998779296875,370.1000061035156,371.6000061035156,761,Lumber,LBS=F
2017-08-30,380.0,382.5,374.29998779296875,377.5,282,Lumber,LBS=F
2017-08-31,385.70001220703125,388.1000061035156,382.5,384.0,662,Lumber,LBS=F
2017-09-01,386.79998779296875,389.20001220703125,385.8999938964844,387.3999938964844,412,Lumber,LBS=F
2017-09-05,396.3999938964844,398.29998779296875,389.6000061035156,389.79998779296875,498,Lumber,LBS=F
2017-09-06,390.0,394.6000061035156,389.0,394.0,240,Lumber,LBS=F
2017-09-07,394.29998779296875,396.6000061035156,389.79998779296875,390.8999938964844,193,Lumber,LBS=F
2017-09-08,399.5,402.79998779296875,396.29998779296875,397.6000061035156,99,Lumber,LBS=F
2017-09-11,391.79998779296875,394.0,386.1000061035156,393.5,154,Lumber,LBS=F
2017-09-12,395.0,397.29998779296875,389.79998779296875,394.29998779296875,163,Lumber,LBS=F
2017-09-13,398.3999938964844,399.0,395.6000061035156,396.0,78,Lumber,LBS=F
2017-09-14,409.20001220703125,411.70001220703125,400.8999938964844,400.8999938964844,44,Lumber,LBS=F
2017-09-15,395.20001220703125,411.70001220703125,395.1000061035156,411.70001220703125,255,Lumber,LBS=F
2017-09-18,379.20001220703125,381.79998779296875,373.6000061035156,377.29998779296875,330,Lumber,LBS=F
2017-09-19,381.79998779296875,388.79998779296875,379.6000061035156,382.79998779296875,591,Lumber,LBS=F
2017-09-20,390.0,391.3999938964844,388.0,389.5,484,Lumber,LBS=F
2017-09-21,388.3999938964844,391.70001220703125,387.29998779296875,390.1000061035156,466,Lumber,LBS=F
2017-09-22,393.1000061035156,394.5,389.0,389.0,609,Lumber,LBS=F
2017-09-25,390.0,394.79998779296875,388.5,392.0,363,Lumber,LBS=F
2017-09-26,388.8999938964844,392.29998779296875,386.1000061035156,389.79998779296875,329,Lumber,LBS=F
2017-09-27,393.5,396.5,387.0,387.70001220703125,568,Lumber,LBS=F
2017-09-28,402.3999938964844,403.5,397.1000061035156,397.79998779296875,865,Lumber,LBS=F
2017-09-29,402.20001220703125,408.5,400.6000061035156,403.79998779296875,637,Lumber,LBS=F
2017-10-02,406.79998779296875,408.3999938964844,402.20001220703125,402.20001220703125,396,Lumber,LBS=F
2017-10-03,410.3999938964844,412.5,407.0,407.0,462,Lumber,LBS=F
2017-10-04,408.79998779296875,412.29998779296875,405.29998779296875,412.29998779296875,360,Lumber,LBS=F
2017-10-05,408.8999938964844,413.70001220703125,405.70001220703125,407.79998779296875,411,Lumber,LBS=F
2017-10-06,412.1000061035156,413.79998779296875,410.0,412.0,239,Lumber,LBS=F
2017-10-09,413.70001220703125,417.0,411.6000061035156,414.0,204,Lumber,LBS=F
2017-10-10,407.29998779296875,417.5,406.29998779296875,416.29998779296875,634,Lumber,LBS=F
2017-10-11,409.20001220703125,411.29998779296875,407.29998779296875,408.1000061035156,365,Lumber,LBS=F
2017-10-12,417.20001220703125,419.20001220703125,411.79998779296875,411.79998779296875,525,Lumber,LBS=F
2017-10-13,424.29998779296875,426.29998779296875,421.0,422.5,692,Lumber,LBS=F
2017-10-16,429.79998779296875,433.5,424.5,426.3999938964844,720,Lumber,LBS=F
2017-10-17,428.5,434.3999938964844,425.3999938964844,433.5,446,Lumber,LBS=F
2017-10-18,423.70001220703125,425.70001220703125,420.3999938964844,425.0,519,Lumber,LBS=F
2017-10-19,426.70001220703125,428.3999938964844,421.29998779296875,422.1000061035156,507,Lumber,LBS=F
2017-10-20,427.5,430.70001220703125,425.3999938964844,428.0,521,Lumber,LBS=F
2017-10-23,435.6000061035156,437.5,424.1000061035156,424.1000061035156,739,Lumber,LBS=F
2017-10-24,440.6000061035156,444.3999938964844,436.1000061035156,443.0,673,Lumber,LBS=F
2017-10-25,439.70001220703125,441.20001220703125,434.6000061035156,439.0,488,Lumber,LBS=F
2017-10-26,440.8999938964844,442.0,438.5,439.5,560,Lumber,LBS=F
2017-10-27,450.8999938964844,450.8999938964844,440.79998779296875,442.1000061035156,630,Lumber,LBS=F
2017-10-30,448.3999938964844,452.0,444.79998779296875,447.0,538,Lumber,LBS=F
2017-10-31,458.3999938964844,458.3999938964844,452.20001220703125,452.20001220703125,494,Lumber,LBS=F
2017-11-01,466.3999938964844,471.29998779296875,461.5,463.8999938964844,744,Lumber,LBS=F
2017-11-02,449.0,471.0,438.0,468.6000061035156,611,Lumber,LBS=F
2017-11-03,449.0,453.6000061035156,444.8999938964844,447.1000061035156,270,Lumber,LBS=F
2017-11-06,461.6000061035156,464.20001220703125,448.6000061035156,448.6000061035156,186,Lumber,LBS=F
2017-11-07,464.79998779296875,467.3999938964844,460.6000061035156,463.0,155,Lumber,LBS=F
2017-11-08,461.79998779296875,467.0,459.3999938964844,464.0,178,Lumber,LBS=F
2017-11-09,462.70001220703125,465.5,457.1000061035156,461.5,103,Lumber,LBS=F
2017-11-10,471.0,471.70001220703125,462.5,463.0,101,Lumber,LBS=F
2017-11-13,467.3999938964844,472.3999938964844,466.6000061035156,470.8999938964844,154,Lumber,LBS=F
2017-11-14,473.0,477.70001220703125,464.0,468.0,135,Lumber,LBS=F
2017-11-15,500.0,500.0,465.0,465.0,591,Lumber,LBS=F
2017-11-16,449.70001220703125,455.8999938964844,448.0,452.20001220703125,434,Lumber,LBS=F
2017-11-17,439.70001220703125,451.8999938964844,439.70001220703125,451.8999938964844,321,Lumber,LBS=F
2017-11-20,429.70001220703125,440.29998779296875,429.70001220703125,438.5,633,Lumber,LBS=F
2017-11-21,431.29998779296875,435.0,425.0,429.1000061035156,656,Lumber,LBS=F
2017-11-22,427.5,435.29998779296875,426.70001220703125,435.0,640,Lumber,LBS=F
2017-11-24,420.70001220703125,426.1000061035156,418.1000061035156,425.6000061035156,640,Lumber,LBS=F
2017-11-27,416.20001220703125,421.1000061035156,411.20001220703125,421.1000061035156,633,Lumber,LBS=F
2017-11-28,426.20001220703125,426.20001220703125,419.0,420.70001220703125,455,Lumber,LBS=F
2017-11-29,421.79998779296875,429.70001220703125,419.79998779296875,428.6000061035156,628,Lumber,LBS=F
2017-11-30,427.70001220703125,430.29998779296875,420.70001220703125,421.0,436,Lumber,LBS=F
2017-12-01,435.3999938964844,437.70001220703125,430.0,432.29998779296875,742,Lumber,LBS=F
2017-12-04,432.5,438.6000061035156,431.20001220703125,437.3999938964844,330,Lumber,LBS=F
2017-12-05,422.5,427.0,422.5,426.20001220703125,577,Lumber,LBS=F
2017-12-06,424.3999938964844,426.0,418.6000061035156,420.0,386,Lumber,LBS=F
2017-12-07,425.8999938964844,429.5,423.6000061035156,423.6000061035156,450,Lumber,LBS=F
2017-12-08,429.70001220703125,430.70001220703125,424.0,424.0,651,Lumber,LBS=F
2017-12-11,429.8999938964844,432.70001220703125,426.20001220703125,429.70001220703125,405,Lumber,LBS=F
2017-12-12,423.5,427.3999938964844,422.5,425.70001220703125,502,Lumber,LBS=F
2017-12-13,421.1000061035156,425.70001220703125,417.20001220703125,420.8999938964844,564,Lumber,LBS=F
2017-12-14,430.70001220703125,431.1000061035156,425.20001220703125,427.8999938964844,754,Lumber,LBS=F
2017-12-15,431.8999938964844,434.5,426.0,428.0,506,Lumber,LBS=F
2017-12-18,434.8999938964844,439.0,429.0,435.0,724,Lumber,LBS=F
2017-12-19,431.20001220703125,441.8999938964844,429.3999938964844,437.20001220703125,1086,Lumber,LBS=F
2017-12-20,430.6000061035156,431.70001220703125,428.5,431.20001220703125,762,Lumber,LBS=F
2017-12-21,440.6000061035156,440.6000061035156,429.0,429.79998779296875,563,Lumber,LBS=F
2017-12-22,450.6000061035156,450.6000061035156,445.1000061035156,445.1000061035156,191,Lumber,LBS=F
2017-12-26,452.0,455.3999938964844,449.5,453.0,191,Lumber,LBS=F
2017-12-27,450.6000061035156,453.6000061035156,449.70001220703125,449.70001220703125,268,Lumber,LBS=F
2017-12-28,447.1000061035156,449.1000061035156,445.29998779296875,449.1000061035156,555,Lumber,LBS=F
2017-12-29,448.0,450.5,445.5,446.70001220703125,305,Lumber,LBS=F
2018-01-02,453.0,458.0,449.0,449.0,504,Lumber,LBS=F
2018-01-03,455.70001220703125,457.70001220703125,450.8999938964844,452.3999938964844,363,Lumber,LBS=F
2018-01-04,456.79998779296875,459.20001220703125,455.20001220703125,457.29998779296875,266,Lumber,LBS=F
2018-01-05,461.29998779296875,462.8999938964844,455.0,456.8999938964844,455,Lumber,LBS=F
2018-01-08,462.0,464.0,460.0,460.1000061035156,237,Lumber,LBS=F
2018-01-09,471.5,472.0,460.0,461.3999938964844,209,Lumber,LBS=F
2018-01-10,480.20001220703125,484.5,472.0,472.0,247,Lumber,LBS=F
2018-01-11,494.3999938964844,501.3999938964844,483.0,484.8999938964844,126,Lumber,LBS=F
2018-01-12,472.0,494.70001220703125,472.0,494.0,446,Lumber,LBS=F
2018-01-16,474.70001220703125,475.0,467.79998779296875,469.5,587,Lumber,LBS=F
2018-01-17,476.3999938964844,479.5,471.3999938964844,473.3999938964844,529,Lumber,LBS=F
2018-01-18,479.5,481.70001220703125,473.1000061035156,477.5,435,Lumber,LBS=F
2018-01-19,480.0,482.8999938964844,477.0,481.1000061035156,294,Lumber,LBS=F
2018-01-22,474.79998779296875,481.79998779296875,473.70001220703125,480.0,271,Lumber,LBS=F
2018-01-23,471.8999938964844,475.8999938964844,469.79998779296875,473.8999938964844,353,Lumber,LBS=F
2018-01-24,472.8999938964844,476.6000061035156,472.5,473.1000061035156,269,Lumber,LBS=F
2018-01-25,478.0,482.8999938964844,473.70001220703125,475.0,491,Lumber,LBS=F
2018-01-26,487.29998779296875,488.0,482.29998779296875,485.1000061035156,617,Lumber,LBS=F
2018-01-29,477.79998779296875,489.8999938964844,477.29998779296875,489.8999938964844,431,Lumber,LBS=F
2018-01-30,467.79998779296875,474.0,467.79998779296875,472.29998779296875,737,Lumber,LBS=F
2018-01-31,470.8999938964844,477.79998779296875,468.0,468.1000061035156,565,Lumber,LBS=F
2018-02-01,475.1000061035156,479.8999938964844,472.8999938964844,474.20001220703125,435,Lumber,LBS=F
2018-02-02,483.70001220703125,485.1000061035156,477.3999938964844,481.1000061035156,635,Lumber,LBS=F
2018-02-05,477.8999938964844,481.20001220703125,474.8999938964844,479.70001220703125,341,Lumber,LBS=F
2018-02-06,484.0,487.8999938964844,473.1000061035156,474.0,469,Lumber,LBS=F
2018-02-07,493.70001220703125,494.0,484.5,484.5,737,Lumber,LBS=F
2018-02-08,491.8999938964844,496.6000061035156,490.0,493.20001220703125,527,Lumber,LBS=F
2018-02-09,483.0,493.70001220703125,482.3999938964844,493.0,514,Lumber,LBS=F
2018-02-12,485.5,492.0,481.79998779296875,482.79998779296875,362,Lumber,LBS=F
2018-02-13,491.5,495.0,486.0,486.6000061035156,421,Lumber,LBS=F
2018-02-14,500.6000061035156,501.5,495.0,495.1000061035156,998,Lumber,LBS=F
2018-02-15,500.70001220703125,509.20001220703125,500.0,504.29998779296875,749,Lumber,LBS=F
2018-02-16,507.79998779296875,510.6000061035156,506.79998779296875,510.0,643,Lumber,LBS=F
2018-02-20,516.7999877929688,517.7999877929688,506.0,514.0999755859375,1051,Lumber,LBS=F
2018-02-21,526.4000244140625,526.7999877929688,518.0999755859375,520.7000122070312,1020,Lumber,LBS=F
2018-02-22,522.7000122070312,528.0,519.0,525.7999877929688,952,Lumber,LBS=F
2018-02-23,526.7999877929688,532.5999755859375,521.4000244140625,521.7000122070312,0,Lumber,LBS=F
2018-02-26,523.0,530.5,522.5999755859375,530.5,401,Lumber,LBS=F
2018-02-27,523.0,524.7000122070312,519.0,523.2000122070312,410,Lumber,LBS=F
2018-02-28,516.5999755859375,523.7000122070312,513.2999877929688,521.2000122070312,630,Lumber,LBS=F
2018-03-01,513.0,517.7000122070312,507.0,516.5999755859375,582,Lumber,LBS=F
2018-03-02,515.5,518.7999877929688,512.5,513.4000244140625,567,Lumber,LBS=F
2018-03-05,511.8999938964844,522.7000122070312,511.0,514.0999755859375,410,Lumber,LBS=F
2018-03-06,510.0,514.2000122070312,509.70001220703125,510.5,433,Lumber,LBS=F
2018-03-07,497.5,511.8999938964844,496.5,509.70001220703125,417,Lumber,LBS=F
2018-03-08,491.5,497.0,490.0,497.0,218,Lumber,LBS=F
2018-03-09,505.0,508.1000061035156,492.0,492.0,110,Lumber,LBS=F
2018-03-12,513.2999877929688,513.7999877929688,500.79998779296875,507.79998779296875,136,Lumber,LBS=F
2018-03-13,517.2000122070312,518.2999877929688,505.6000061035156,505.6000061035156,141,Lumber,LBS=F
2018-03-14,516.2000122070312,519.5,510.1000061035156,517.2000122070312,48,Lumber,LBS=F
2018-03-15,530.0,530.0,515.5,515.7000122070312,579,Lumber,LBS=F
2018-03-16,489.1000061035156,496.0,487.5,493.29998779296875,421,Lumber,LBS=F
2018-03-19,486.6000061035156,493.29998779296875,484.5,484.5,253,Lumber,LBS=F
2018-03-20,489.70001220703125,490.5,487.0,487.1000061035156,133,Lumber,LBS=F
2018-03-21,482.79998779296875,489.6000061035156,481.29998779296875,487.8999938964844,288,Lumber,LBS=F
2018-03-22,484.79998779296875,487.29998779296875,480.70001220703125,481.29998779296875,294,Lumber,LBS=F
2018-03-23,487.6000061035156,491.3999938964844,482.0,482.70001220703125,266,Lumber,LBS=F
2018-03-26,497.1000061035156,497.6000061035156,488.20001220703125,488.20001220703125,449,Lumber,LBS=F
2018-03-27,507.0,507.1000061035156,498.0,499.3999938964844,864,Lumber,LBS=F
2018-03-28,507.1000061035156,511.8999938964844,499.0,507.0,531,Lumber,LBS=F
2018-03-29,515.7000122070312,517.0999755859375,510.8999938964844,510.8999938964844,0,Lumber,LBS=F
2018-04-02,512.7000122070312,519.4000244140625,512.0,518.0,580,Lumber,LBS=F
2018-04-03,516.4000244140625,522.7000122070312,513.0,513.0,629,Lumber,LBS=F
2018-04-04,526.4000244140625,526.4000244140625,522.0,526.4000244140625,452,Lumber,LBS=F
2018-04-05,536.4000244140625,536.4000244140625,527.0999755859375,527.7999877929688,776,Lumber,LBS=F
2018-04-06,536.2000122070312,540.4000244140625,530.0,538.5,562,Lumber,LBS=F
2018-04-09,534.2000122070312,536.0,530.0999755859375,533.2999877929688,459,Lumber,LBS=F
2018-04-10,533.0999755859375,539.7000122070312,531.9000244140625,538.0999755859375,540,Lumber,LBS=F
2018-04-11,523.0999755859375,533.7999877929688,523.0999755859375,532.7000122070312,772,Lumber,LBS=F
2018-04-12,524.2999877929688,529.7000122070312,518.4000244140625,520.7999877929688,446,Lumber,LBS=F
2018-04-13,526.7999877929688,532.5,526.0,526.0,338,Lumber,LBS=F
2018-04-16,535.7999877929688,536.7999877929688,529.5,530.0999755859375,623,Lumber,LBS=F
2018-04-17,542.0999755859375,545.7000122070312,535.5,535.5,657,Lumber,LBS=F
2018-04-18,550.7000122070312,552.0999755859375,543.4000244140625,543.4000244140625,777,Lumber,LBS=F
2018-04-19,552.2000122070312,554.7999877929688,546.0,550.5999755859375,848,Lumber,LBS=F
2018-04-20,548.5999755859375,551.5,546.2000122070312,549.9000244140625,694,Lumber,LBS=F
2018-04-23,546.7000122070312,551.0,542.0,547.2000122070312,541,Lumber,LBS=F
2018-04-24,556.5999755859375,556.7000122070312,546.2999877929688,550.0999755859375,639,Lumber,LBS=F
2018-04-25,556.2000122070312,561.7000122070312,554.7000122070312,556.5999755859375,770,Lumber,LBS=F
2018-04-26,563.9000244140625,563.9000244140625,555.7000122070312,560.5999755859375,646,Lumber,LBS=F
2018-04-27,571.2999877929688,571.2999877929688,563.9000244140625,564.0999755859375,598,Lumber,LBS=F
2018-04-30,577.2000122070312,580.0,571.0,571.4000244140625,490,Lumber,LBS=F
2018-05-01,591.7999877929688,596.7999877929688,577.2000122070312,577.2000122070312,584,Lumber,LBS=F
2018-05-02,595.0,601.7999877929688,590.0,595.0999755859375,515,Lumber,LBS=F
2018-05-03,583.5,594.9000244140625,582.9000244140625,592.0,324,Lumber,LBS=F
2018-05-04,600.5,603.5,595.5,595.5,179,Lumber,LBS=F
2018-05-07,606.0,607.5999755859375,600.0999755859375,603.0,324,Lumber,LBS=F
2018-05-08,602.0,610.0,598.9000244140625,605.0999755859375,332,Lumber,LBS=F
2018-05-09,596.9000244140625,601.5,586.7999877929688,598.0,238,Lumber,LBS=F
2018-05-10,598.9000244140625,602.2000122070312,594.2000122070312,596.2000122070312,62,Lumber,LBS=F
2018-05-11,607.0,611.9000244140625,604.7999877929688,605.0,111,Lumber,LBS=F
2018-05-14,651.0,659.0,610.4000244140625,610.5,265,Lumber,LBS=F
2018-05-15,613.7000122070312,655.0,613.7000122070312,654.5,1159,Lumber,LBS=F
2018-05-16,629.0,629.0,626.7999877929688,629.0,143,Lumber,LBS=F
2018-05-17,639.0,639.0,631.5999755859375,635.0,610,Lumber,LBS=F
2018-05-18,624.0,648.5,624.0,639.7999877929688,983,Lumber,LBS=F
2018-05-21,609.0,612.9000244140625,609.0,612.9000244140625,528,Lumber,LBS=F
2018-05-22,594.0,594.0,594.0,594.0,113,Lumber,LBS=F
2018-05-23,579.2999877929688,609.0,579.0,579.0,1677,Lumber,LBS=F
2018-05-24,589.2999877929688,589.2999877929688,589.2999877929688,589.2999877929688,207,Lumber,LBS=F
2018-05-25,599.2999877929688,599.2999877929688,599.2999877929688,599.2999877929688,33,Lumber,LBS=F
2018-05-29,609.0999755859375,614.2999877929688,595.2000122070312,614.2999877929688,1128,Lumber,LBS=F
2018-05-30,599.0999755859375,611.0,599.0999755859375,610.7999877929688,574,Lumber,LBS=F
2018-05-31,597.0999755859375,608.5999755859375,589.4000244140625,591.0,859,Lumber,LBS=F
2018-06-01,593.5999755859375,606.0999755859375,587.7999877929688,604.7999877929688,567,Lumber,LBS=F
2018-06-04,588.4000244140625,593.2000122070312,585.5999755859375,589.7999877929688,394,Lumber,LBS=F
2018-06-05,588.7999877929688,595.0,583.5999755859375,584.0,498,Lumber,LBS=F
2018-06-06,592.7000122070312,596.7999877929688,589.5,590.0,450,Lumber,LBS=F
2018-06-07,599.5,602.7000122070312,593.0999755859375,596.7999877929688,482,Lumber,LBS=F
2018-06-08,589.5999755859375,603.0,589.5,598.9000244140625,531,Lumber,LBS=F
2018-06-11,579.5999755859375,588.7000122070312,579.5999755859375,584.0,474,Lumber,LBS=F
2018-06-12,569.5999755859375,573.7000122070312,569.5999755859375,572.0,528,Lumber,LBS=F
2018-06-13,554.5999755859375,562.7999877929688,554.5999755859375,562.7000122070312,351,Lumber,LBS=F
2018-06-14,566.2999877929688,572.0,538.0999755859375,540.0,1375,Lumber,LBS=F
2018-06-15,558.2000122070312,566.5999755859375,551.2999877929688,565.7999877929688,773,Lumber,LBS=F
2018-06-18,543.2000122070312,561.9000244140625,543.2000122070312,560.2000122070312,531,Lumber,LBS=F
2018-06-19,528.2000122070312,543.2000122070312,528.2000122070312,539.2000122070312,598,Lumber,LBS=F
2018-06-20,532.0,537.2999877929688,510.20001220703125,525.2000122070312,1665,Lumber,LBS=F
2018-06-21,547.0,547.0,523.0,524.2999877929688,842,Lumber,LBS=F
2018-06-22,560.0999755859375,562.0,552.5999755859375,562.0,704,Lumber,LBS=F
2018-06-25,564.0999755859375,570.2999877929688,548.4000244140625,555.0,433,Lumber,LBS=F
2018-06-26,563.4000244140625,569.2000122070312,559.2000122070312,559.2000122070312,375,Lumber,LBS=F
2018-06-27,553.2999877929688,565.9000244140625,550.4000244140625,562.0,640,Lumber,LBS=F
2018-06-28,558.0,559.0,550.0999755859375,552.4000244140625,478,Lumber,LBS=F
2018-06-29,569.2999877929688,573.0,561.7000122070312,563.0,581,Lumber,LBS=F
2018-07-02,575.5999755859375,579.2999877929688,570.2000122070312,577.4000244140625,576,Lumber,LBS=F
2018-07-03,561.7000122070312,577.0,560.4000244140625,571.7000122070312,0,Lumber,LBS=F
2018-07-05,558.2000122070312,564.0999755859375,540.0,561.7999877929688,635,Lumber,LBS=F
2018-07-06,559.5999755859375,561.7999877929688,552.2999877929688,557.2000122070312,190,Lumber,LBS=F
2018-07-09,558.2999877929688,564.5,552.0,562.2000122070312,185,Lumber,LBS=F
2018-07-10,557.0,562.7999877929688,553.0,560.0,229,Lumber,LBS=F
2018-07-11,548.0,563.0999755859375,542.0,559.0999755859375,189,Lumber,LBS=F
2018-07-12,584.0,588.0,540.2000122070312,540.2000122070312,287,Lumber,LBS=F
2018-07-13,570.0,580.4000244140625,570.0,578.4000244140625,259,Lumber,LBS=F
2018-07-16,519.5999755859375,527.2000122070312,515.4000244140625,519.0,341,Lumber,LBS=F
2018-07-17,514.9000244140625,526.2000122070312,505.29998779296875,517.5999755859375,541,Lumber,LBS=F
2018-07-18,499.8999938964844,506.79998779296875,499.8999938964844,503.79998779296875,179,Lumber,LBS=F
2018-07-19,484.8999938964844,490.6000061035156,484.8999938964844,484.8999938964844,274,Lumber,LBS=F
2018-07-20,485.79998779296875,490.0,470.20001220703125,485.6000061035156,992,Lumber,LBS=F
2018-07-23,477.29998779296875,486.29998779296875,471.5,485.8999938964844,411,Lumber,LBS=F
2018-07-24,488.5,492.29998779296875,475.1000061035156,480.0,380,Lumber,LBS=F
2018-07-25,493.29998779296875,498.8999938964844,483.8999938964844,495.29998779296875,399,Lumber,LBS=F
2018-07-26,478.29998779296875,492.0,478.29998779296875,488.0,210,Lumber,LBS=F
2018-07-27,463.29998779296875,468.1000061035156,463.29998779296875,468.1000061035156,303,Lumber,LBS=F
2018-07-30,445.5,457.70001220703125,440.0,453.29998779296875,930,Lumber,LBS=F
2018-07-31,455.3999938964844,459.29998779296875,440.29998779296875,446.8999938964844,634,Lumber,LBS=F
2018-08-01,440.3999938964844,455.3999938964844,440.3999938964844,455.3999938964844,371,Lumber,LBS=F
2018-08-02,425.3999938964844,432.29998779296875,425.3999938964844,425.3999938964844,516,Lumber,LBS=F
2018-08-03,430.5,436.1000061035156,413.3999938964844,420.8999938964844,619,Lumber,LBS=F
2018-08-06,422.70001220703125,430.0,417.6000061035156,425.5,581,Lumber,LBS=F
2018-08-07,426.3999938964844,427.8999938964844,418.6000061035156,422.6000061035156,358,Lumber,LBS=F
2018-08-08,411.3999938964844,422.29998779296875,411.3999938964844,418.79998779296875,653,Lumber,LBS=F
2018-08-09,410.70001220703125,422.70001220703125,404.0,406.5,515,Lumber,LBS=F
2018-08-10,414.8999938964844,421.29998779296875,412.0,414.70001220703125,397,Lumber,LBS=F
2018-08-13,429.8999938964844,429.8999938964844,420.6000061035156,421.5,499,Lumber,LBS=F
2018-08-14,444.8999938964844,444.8999938964844,437.70001220703125,441.79998779296875,549,Lumber,LBS=F
2018-08-15,442.5,457.8999938964844,432.29998779296875,446.3999938964844,897,Lumber,LBS=F
2018-08-16,457.5,457.5,457.5,457.5,214,Lumber,LBS=F
2018-08-17,472.5,472.5,466.29998779296875,466.29998779296875,430,Lumber,LBS=F
2018-08-20,475.79998779296875,486.79998779296875,459.20001220703125,486.1000061035156,670,Lumber,LBS=F
2018-08-21,467.8999938964844,482.1000061035156,464.0,475.79998779296875,402,Lumber,LBS=F
2018-08-22,458.6000061035156,465.0,452.8999938964844,464.8999938964844,494,Lumber,LBS=F
2018-08-23,443.6000061035156,450.1000061035156,443.6000061035156,450.1000061035156,257,Lumber,LBS=F
2018-08-24,441.79998779296875,458.6000061035156,438.70001220703125,441.79998779296875,534,Lumber,LBS=F
2018-08-27,437.6000061035156,453.29998779296875,433.79998779296875,439.8999938964844,356,Lumber,LBS=F
2018-08-28,447.1000061035156,452.6000061035156,441.5,451.20001220703125,203,Lumber,LBS=F
2018-08-29,435.8999938964844,451.29998779296875,435.0,442.3999938964844,268,Lumber,LBS=F
2018-08-30,429.6000061035156,443.20001220703125,426.29998779296875,438.79998779296875,330,Lumber,LBS=F
2018-08-31,437.6000061035156,444.5,421.0,429.1000061035156,0,Lumber,LBS=F
2018-09-04,448.70001220703125,453.0,434.20001220703125,435.5,178,Lumber,LBS=F
2018-09-05,445.29998779296875,455.20001220703125,440.79998779296875,450.20001220703125,221,Lumber,LBS=F
2018-09-06,435.70001220703125,449.0,431.1000061035156,443.79998779296875,286,Lumber,LBS=F
2018-09-07,438.6000061035156,445.79998779296875,430.0,437.5,182,Lumber,LBS=F
2018-09-10,445.0,451.5,441.0,446.5,186,Lumber,LBS=F
2018-09-11,443.1000061035156,453.70001220703125,442.29998779296875,449.1000061035156,132,Lumber,LBS=F
2018-09-12,433.29998779296875,446.0,430.20001220703125,445.5,174,Lumber,LBS=F
2018-09-13,434.70001220703125,440.70001220703125,412.0,432.29998779296875,112,Lumber,LBS=F
2018-09-14,420.0,424.0,415.20001220703125,419.5,410,Lumber,LBS=F
2018-09-17,363.1000061035156,377.70001220703125,355.0,371.0,571,Lumber,LBS=F
2018-09-18,348.1000061035156,359.8999938964844,348.1000061035156,358.8999938964844,515,Lumber,LBS=F
2018-09-19,347.20001220703125,352.1000061035156,341.79998779296875,349.6000061035156,375,Lumber,LBS=F
2018-09-20,345.0,353.0,333.8999938964844,352.0,699,Lumber,LBS=F
2018-09-21,340.29998779296875,342.0,334.0,335.1000061035156,343,Lumber,LBS=F
2018-09-24,339.6000061035156,343.79998779296875,330.6000061035156,343.5,272,Lumber,LBS=F
2018-09-25,336.8999938964844,341.0,333.6000061035156,335.0,379,Lumber,LBS=F
2018-09-26,351.0,351.8999938964844,334.70001220703125,337.8999938964844,645,Lumber,LBS=F
2018-09-27,359.3999938964844,363.5,349.6000061035156,353.6000061035156,708,Lumber,LBS=F
2018-09-28,344.3999938964844,354.8999938964844,344.3999938964844,352.0,647,Lumber,LBS=F
2018-10-01,337.3999938964844,343.1000061035156,331.6000061035156,343.1000061035156,674,Lumber,LBS=F
2018-10-02,346.29998779296875,349.70001220703125,333.5,335.20001220703125,679,Lumber,LBS=F
2018-10-03,353.6000061035156,361.29998779296875,338.20001220703125,342.0,713,Lumber,LBS=F
2018-10-04,361.3999938964844,365.0,352.1000061035156,357.1000061035156,570,Lumber,LBS=F
2018-10-05,350.29998779296875,372.0,348.1000061035156,360.70001220703125,597,Lumber,LBS=F
2018-10-08,353.5,357.0,343.20001220703125,352.5,191,Lumber,LBS=F
2018-10-09,349.0,354.79998779296875,344.70001220703125,347.5,420,Lumber,LBS=F
2018-10-10,339.20001220703125,346.79998779296875,335.1000061035156,346.0,565,Lumber,LBS=F
2018-10-11,324.20001220703125,335.5,324.20001220703125,331.0,517,Lumber,LBS=F
2018-10-12,320.1000061035156,326.70001220703125,316.0,320.8999938964844,729,Lumber,LBS=F
2018-10-15,325.20001220703125,328.6000061035156,321.20001220703125,324.1000061035156,521,Lumber,LBS=F
2018-10-16,339.8999938964844,340.20001220703125,327.20001220703125,327.20001220703125,684,Lumber,LBS=F
2018-10-17,333.70001220703125,338.0,332.5,337.8999938964844,298,Lumber,LBS=F
2018-10-18,321.6000061035156,336.20001220703125,320.6000061035156,334.0,485,Lumber,LBS=F
2018-10-19,325.8999938964844,329.0,319.3999938964844,322.79998779296875,249,Lumber,LBS=F
2018-10-22,318.3999938964844,324.20001220703125,316.6000061035156,322.0,441,Lumber,LBS=F
2018-10-23,313.29998779296875,319.79998779296875,312.8999938964844,318.5,260,Lumber,LBS=F
2018-10-24,304.29998779296875,315.3999938964844,303.6000061035156,312.3999938964844,390,Lumber,LBS=F
2018-10-25,309.70001220703125,319.0,299.8999938964844,305.70001220703125,443,Lumber,LBS=F
2018-10-26,307.70001220703125,319.20001220703125,304.79998779296875,313.20001220703125,403,Lumber,LBS=F
2018-10-29,307.0,312.5,302.6000061035156,312.20001220703125,152,Lumber,LBS=F
2018-10-30,305.79998779296875,314.29998779296875,303.8999938964844,308.70001220703125,209,Lumber,LBS=F
2018-10-31,311.5,320.20001220703125,301.5,307.0,278,Lumber,LBS=F
2018-11-01,325.79998779296875,332.5,318.8999938964844,320.5,256,Lumber,LBS=F
2018-11-02,340.0,345.0,336.29998779296875,339.70001220703125,585,Lumber,LBS=F
2018-11-05,330.0,342.0,327.0,342.0,104,Lumber,LBS=F
2018-11-06,335.3999938964844,335.70001220703125,326.3999938964844,328.29998779296875,93,Lumber,LBS=F
2018-11-07,327.70001220703125,335.8999938964844,327.70001220703125,332.8999938964844,36,Lumber,LBS=F
2018-11-08,332.0,335.0,325.5,330.0,46,Lumber,LBS=F
2018-11-09,331.1000061035156,339.0,329.0,332.0,75,Lumber,LBS=F
2018-11-12,327.6000061035156,336.0,322.6000061035156,331.5,38,Lumber,LBS=F
2018-11-13,310.20001220703125,322.5,304.70001220703125,321.79998779296875,87,Lumber,LBS=F
2018-11-14,323.1000061035156,333.0,321.8999938964844,325.0,170,Lumber,LBS=F
2018-11-15,329.0,336.29998779296875,315.6000061035156,336.29998779296875,626,Lumber,LBS=F
2018-11-16,351.3999938964844,363.20001220703125,351.3999938964844,363.20001220703125,328,Lumber,LBS=F
2018-11-19,358.5,366.3999938964844,355.3999938964844,366.3999938964844,363,Lumber,LBS=F
2018-11-20,356.0,358.70001220703125,347.0,357.29998779296875,170,Lumber,LBS=F
2018-11-21,365.70001220703125,371.0,358.0,359.0,320,Lumber,LBS=F
2018-11-23,362.29998779296875,369.8999938964844,360.8999938964844,367.0,176,Lumber,LBS=F
2018-11-26,355.70001220703125,370.79998779296875,352.6000061035156,365.0,232,Lumber,LBS=F
2018-11-27,346.20001220703125,367.0,344.70001220703125,357.8999938964844,434,Lumber,LBS=F
2018-11-28,336.70001220703125,345.0,335.0,345.0,480,Lumber,LBS=F
2018-11-29,329.70001220703125,343.0,327.79998779296875,339.79998779296875,805,Lumber,LBS=F
2018-11-30,323.8999938964844,329.1000061035156,322.5,329.0,490,Lumber,LBS=F
2018-12-03,334.79998779296875,337.3999938964844,327.29998779296875,337.20001220703125,566,Lumber,LBS=F
2018-12-04,328.1000061035156,333.8999938964844,326.20001220703125,333.1000061035156,327,Lumber,LBS=F
2018-12-06,319.5,321.70001220703125,318.1000061035156,321.20001220703125,221,Lumber,LBS=F
2018-12-07,331.8999938964844,334.5,318.29998779296875,321.3999938964844,388,Lumber,LBS=F
2018-12-10,317.1000061035156,331.6000061035156,316.8999938964844,331.6000061035156,467,Lumber,LBS=F
2018-12-11,316.3999938964844,321.29998779296875,315.20001220703125,318.20001220703125,276,Lumber,LBS=F
2018-12-12,322.20001220703125,325.3999938964844,317.3999938964844,317.5,304,Lumber,LBS=F
2018-12-13,323.20001220703125,326.0,318.29998779296875,323.29998779296875,238,Lumber,LBS=F
2018-12-14,321.6000061035156,323.6000061035156,319.70001220703125,322.3999938964844,183,Lumber,LBS=F
2018-12-17,320.70001220703125,329.3999938964844,317.70001220703125,326.1000061035156,502,Lumber,LBS=F
2018-12-18,325.29998779296875,329.20001220703125,315.6000061035156,322.70001220703125,451,Lumber,LBS=F
2018-12-19,335.79998779296875,340.29998779296875,323.6000061035156,324.8999938964844,672,Lumber,LBS=F
2018-12-20,334.79998779296875,339.70001220703125,332.70001220703125,336.0,485,Lumber,LBS=F
2018-12-21,335.20001220703125,339.70001220703125,331.0,331.0,472,Lumber,LBS=F
2018-12-24,335.29998779296875,339.5,335.0,336.79998779296875,191,Lumber,LBS=F
2018-12-26,332.3999938964844,335.29998779296875,329.79998779296875,335.29998779296875,113,Lumber,LBS=F
2018-12-27,332.70001220703125,338.20001220703125,332.20001220703125,337.0,145,Lumber,LBS=F
2018-12-28,331.5,334.3999938964844,330.29998779296875,334.3999938964844,136,Lumber,LBS=F
2018-12-31,332.5,333.1000061035156,330.29998779296875,333.1000061035156,136,Lumber,LBS=F
2019-01-02,329.0,331.8999938964844,328.0,331.5,210,Lumber,LBS=F
2019-01-03,326.29998779296875,335.0,322.3999938964844,330.70001220703125,216,Lumber,LBS=F
2019-01-04,323.6000061035156,326.0,323.3999938964844,325.6000061035156,52,Lumber,LBS=F
2019-01-07,324.79998779296875,326.20001220703125,323.0,326.20001220703125,101,Lumber,LBS=F
2019-01-08,326.5,331.70001220703125,321.29998779296875,324.20001220703125,205,Lumber,LBS=F
2019-01-09,324.5,334.20001220703125,322.6000061035156,331.0,107,Lumber,LBS=F
2019-01-10,330.0,335.3999938964844,321.8999938964844,324.3999938964844,125,Lumber,LBS=F
2019-01-11,328.5,330.3999938964844,324.20001220703125,324.20001220703125,128,Lumber,LBS=F
2019-01-14,325.0,330.0,321.8999938964844,327.0,67,Lumber,LBS=F
2019-01-15,340.0,350.0,332.0,335.0,475,Lumber,LBS=F
2019-01-16,361.5,364.1000061035156,347.6000061035156,353.29998779296875,580,Lumber,LBS=F
2019-01-17,359.3999938964844,363.70001220703125,358.20001220703125,360.6000061035156,308,Lumber,LBS=F
2019-01-18,354.8999938964844,362.0,353.3999938964844,360.3999938964844,258,Lumber,LBS=F
2019-01-22,363.3999938964844,367.70001220703125,353.3999938964844,355.0,366,Lumber,LBS=F
2019-01-23,366.1000061035156,372.0,364.0,367.3999938964844,640,Lumber,LBS=F
2019-01-24,381.1000061035156,381.1000061035156,362.79998779296875,365.0,629,Lumber,LBS=F
2019-01-25,381.5,392.20001220703125,380.1000061035156,382.70001220703125,840,Lumber,LBS=F
2019-01-28,389.70001220703125,393.20001220703125,379.0,383.1000061035156,445,Lumber,LBS=F
2019-01-29,401.5,404.20001220703125,393.70001220703125,393.70001220703125,643,Lumber,LBS=F
2019-01-30,416.5,416.5,407.5,410.0,434,Lumber,LBS=F
2019-01-31,416.20001220703125,428.0,411.20001220703125,427.5,944,Lumber,LBS=F
2019-02-01,419.20001220703125,425.79998779296875,416.5,418.79998779296875,496,Lumber,LBS=F
2019-02-04,423.8999938964844,426.20001220703125,419.79998779296875,422.1000061035156,332,Lumber,LBS=F
2019-02-05,438.8999938964844,438.8999938964844,425.0,427.20001220703125,581,Lumber,LBS=F
2019-02-06,439.5,444.8999938964844,423.8999938964844,439.20001220703125,820,Lumber,LBS=F
2019-02-07,424.5,429.70001220703125,424.5,428.79998779296875,527,Lumber,LBS=F
2019-02-08,419.1000061035156,422.20001220703125,412.29998779296875,418.1000061035156,359,Lumber,LBS=F
2019-02-11,404.1000061035156,417.29998779296875,404.1000061035156,415.0,457,Lumber,LBS=F
2019-02-12,401.3999938964844,403.5,396.0,400.1000061035156,331,Lumber,LBS=F
2019-02-13,416.3999938964844,416.3999938964844,399.5,400.8999938964844,372,Lumber,LBS=F
2019-02-14,423.29998779296875,429.3999938964844,406.6000061035156,417.5,582,Lumber,LBS=F
2019-02-15,408.29998779296875,418.0,408.29998779296875,416.29998779296875,357,Lumber,LBS=F
2019-02-19,397.3999938964844,402.29998779296875,393.5,400.70001220703125,462,Lumber,LBS=F
2019-02-20,389.0,402.20001220703125,386.79998779296875,399.1000061035156,528,Lumber,LBS=F
2019-02-21,398.20001220703125,403.5,383.6000061035156,385.6000061035156,386,Lumber,LBS=F
2019-02-22,396.8999938964844,409.29998779296875,392.6000061035156,399.5,335,Lumber,LBS=F
2019-02-25,395.8999938964844,399.8999938964844,389.8999938964844,391.8999938964844,305,Lumber,LBS=F
2019-02-26,388.70001220703125,397.0,386.20001220703125,392.8999938964844,318,Lumber,LBS=F
2019-02-27,388.70001220703125,388.8999938964844,383.0,385.5,217,Lumber,LBS=F
2019-02-28,385.6000061035156,391.3999938964844,384.6000061035156,391.3999938964844,230,Lumber,LBS=F
2019-03-01,379.3999938964844,381.1000061035156,374.1000061035156,380.0,189,Lumber,LBS=F
2019-03-04,366.6000061035156,376.3999938964844,364.1000061035156,376.3999938964844,197,Lumber,LBS=F
2019-03-05,359.8999938964844,364.6000061035156,357.70001220703125,364.6000061035156,74,Lumber,LBS=F
2019-03-06,368.6000061035156,383.6000061035156,363.20001220703125,367.5,149,Lumber,LBS=F
2019-03-07,387.5,391.6000061035156,378.79998779296875,382.1000061035156,135,Lumber,LBS=F
2019-03-08,389.6000061035156,394.70001220703125,389.0,393.20001220703125,47,Lumber,LBS=F
2019-03-11,400.29998779296875,403.70001220703125,391.5,391.5,33,Lumber,LBS=F
2019-03-12,396.20001220703125,406.70001220703125,396.20001220703125,404.70001220703125,33,Lumber,LBS=F
2019-03-13,397.0,404.0,385.6000061035156,386.5,41,Lumber,LBS=F
2019-03-14,392.6000061035156,400.0,392.0,395.0,54,Lumber,LBS=F
2019-03-15,400.5,400.5,388.0,395.1000061035156,235,Lumber,LBS=F
2019-03-18,390.6000061035156,399.0,388.20001220703125,395.0,245,Lumber,LBS=F
2019-03-19,385.5,393.79998779296875,384.1000061035156,390.0,210,Lumber,LBS=F
2019-03-20,381.1000061035156,386.6000061035156,377.6000061035156,385.5,243,Lumber,LBS=F
2019-03-21,378.3999938964844,386.1000061035156,378.0,382.5,264,Lumber,LBS=F
2019-03-22,368.29998779296875,374.70001220703125,363.3999938964844,374.29998779296875,487,Lumber,LBS=F
2019-03-25,363.0,371.0,361.0,367.29998779296875,392,Lumber,LBS=F
2019-03-26,369.20001220703125,376.0,361.1000061035156,365.1000061035156,289,Lumber,LBS=F
2019-03-27,366.6000061035156,372.3999938964844,365.0,367.1000061035156,187,Lumber,LBS=F
2019-03-28,374.8999938964844,381.6000061035156,366.3999938964844,367.0,542,Lumber,LBS=F
2019-03-29,360.20001220703125,372.8999938964844,359.8999938964844,372.8999938964844,620,Lumber,LBS=F
2019-04-01,365.70001220703125,367.70001220703125,359.0,359.0,384,Lumber,LBS=F
2019-04-02,359.8999938964844,367.70001220703125,353.29998779296875,365.3999938964844,496,Lumber,LBS=F
2019-04-03,365.20001220703125,367.20001220703125,356.0,356.0,357,Lumber,LBS=F
2019-04-04,360.29998779296875,365.5,357.8999938964844,362.0,237,Lumber,LBS=F
2019-04-05,352.79998779296875,357.70001220703125,351.1000061035156,354.79998779296875,404,Lumber,LBS=F
2019-04-08,345.5,352.5,344.6000061035156,351.79998779296875,381,Lumber,LBS=F
2019-04-09,340.0,346.1000061035156,338.1000061035156,346.1000061035156,628,Lumber,LBS=F
2019-04-10,342.3999938964844,344.79998779296875,336.0,342.29998779296875,302,Lumber,LBS=F
2019-04-11,340.29998779296875,347.70001220703125,338.0,344.1000061035156,239,Lumber,LBS=F
2019-04-12,348.70001220703125,349.3999938964844,336.79998779296875,339.79998779296875,426,Lumber,LBS=F
2019-04-15,348.0,353.6000061035156,343.20001220703125,347.0,427,Lumber,LBS=F
2019-04-16,335.79998779296875,346.5,333.6000061035156,345.0,764,Lumber,LBS=F
2019-04-17,338.8999938964844,341.5,330.29998779296875,333.20001220703125,658,Lumber,LBS=F
2019-04-18,335.70001220703125,338.5,333.0,336.1000061035156,339,Lumber,LBS=F
2019-04-22,323.6000061035156,328.8999938964844,320.70001220703125,327.0,379,Lumber,LBS=F
2019-04-23,314.8999938964844,319.79998779296875,311.1000061035156,318.20001220703125,664,Lumber,LBS=F
2019-04-24,328.5,329.8999938964844,308.0,313.6000061035156,672,Lumber,LBS=F
2019-04-25,342.79998779296875,343.5,335.79998779296875,337.70001220703125,502,Lumber,LBS=F
2019-04-26,349.5,352.0,343.79998779296875,347.3999938964844,242,Lumber,LBS=F
2019-04-29,340.0,348.3999938964844,339.29998779296875,347.3999938964844,241,Lumber,LBS=F
2019-04-30,341.20001220703125,343.6000061035156,334.70001220703125,342.6000061035156,309,Lumber,LBS=F
2019-05-01,334.3999938964844,338.0,330.6000061035156,336.3999938964844,139,Lumber,LBS=F
2019-05-02,343.70001220703125,353.5,340.8999938964844,341.70001220703125,165,Lumber,LBS=F
2019-05-03,344.29998779296875,356.0,344.29998779296875,348.20001220703125,153,Lumber,LBS=F
2019-05-06,337.0,340.70001220703125,334.8999938964844,338.6000061035156,52,Lumber,LBS=F
2019-05-07,332.79998779296875,336.70001220703125,332.20001220703125,334.5,85,Lumber,LBS=F
2019-05-08,337.0,344.1000061035156,329.0,331.8999938964844,82,Lumber,LBS=F
2019-05-09,342.79998779296875,346.5,337.5,339.8999938964844,78,Lumber,LBS=F
2019-05-10,342.20001220703125,348.20001220703125,342.0,342.0,45,Lumber,LBS=F
2019-05-13,338.6000061035156,350.5,338.6000061035156,350.5,74,Lumber,LBS=F
2019-05-14,342.29998779296875,344.0,338.3999938964844,338.8999938964844,39,Lumber,LBS=F
2019-05-15,328.20001220703125,341.5,326.3999938964844,338.8999938964844,503,Lumber,LBS=F
2019-05-16,328.1000061035156,330.29998779296875,324.0,328.5,316,Lumber,LBS=F
2019-05-17,324.0,328.70001220703125,321.1000061035156,328.70001220703125,432,Lumber,LBS=F
2019-05-20,313.6000061035156,325.20001220703125,310.8999938964844,324.6000061035156,406,Lumber,LBS=F
2019-05-21,317.8999938964844,324.5,311.70001220703125,313.1000061035156,431,Lumber,LBS=F
2019-05-22,319.0,322.8999938964844,315.29998779296875,318.6000061035156,241,Lumber,LBS=F
2019-05-23,323.70001220703125,329.3999938964844,318.20001220703125,318.5,467,Lumber,LBS=F
2019-05-24,326.5,328.29998779296875,320.8999938964844,324.70001220703125,256,Lumber,LBS=F
2019-05-28,307.5,323.8999938964844,307.5,323.8999938964844,662,Lumber,LBS=F
2019-05-29,316.20001220703125,317.0,286.1000061035156,303.70001220703125,1208,Lumber,LBS=F
2019-05-30,309.29998779296875,319.20001220703125,304.20001220703125,312.3999938964844,573,Lumber,LBS=F
2019-05-31,305.5,309.5,296.6000061035156,306.8999938964844,562,Lumber,LBS=F
2019-06-03,301.79998779296875,305.5,296.29998779296875,302.70001220703125,525,Lumber,LBS=F
2019-06-04,316.3999938964844,318.1000061035156,307.5,309.20001220703125,512,Lumber,LBS=F
2019-06-05,311.6000061035156,322.0,308.3999938964844,318.0,452,Lumber,LBS=F
2019-06-06,314.3999938964844,317.0,306.5,312.5,225,Lumber,LBS=F
2019-06-07,315.79998779296875,316.29998779296875,311.8999938964844,313.0,156,Lumber,LBS=F
2019-06-10,324.29998779296875,325.0,313.79998779296875,314.0,249,Lumber,LBS=F
2019-06-11,343.29998779296875,343.29998779296875,330.20001220703125,330.20001220703125,529,Lumber,LBS=F
2019-06-12,354.79998779296875,363.3999938964844,347.5,350.29998779296875,1071,Lumber,LBS=F
2019-06-13,373.79998779296875,373.79998779296875,352.20001220703125,355.20001220703125,1007,Lumber,LBS=F
2019-06-14,386.0,389.5,372.0,376.20001220703125,889,Lumber,LBS=F
2019-06-17,392.29998779296875,400.79998779296875,387.0,387.6000061035156,638,Lumber,LBS=F
2019-06-18,410.0,411.29998779296875,402.1000061035156,405.0,775,Lumber,LBS=F
2019-06-19,391.0,413.6000061035156,391.0,410.0,633,Lumber,LBS=F
2019-06-20,386.29998779296875,388.5,375.0,382.6000061035156,497,Lumber,LBS=F
2019-06-21,405.29998779296875,405.29998779296875,382.29998779296875,386.0,416,Lumber,LBS=F
2019-06-24,398.20001220703125,412.70001220703125,393.29998779296875,407.0,360,Lumber,LBS=F
2019-06-25,396.29998779296875,398.0,390.70001220703125,393.20001220703125,209,Lumber,LBS=F
2019-06-26,386.0,400.5,384.6000061035156,395.3999938964844,287,Lumber,LBS=F
2019-06-27,381.1000061035156,390.5,380.0,385.3999938964844,190,Lumber,LBS=F
2019-06-28,378.8999938964844,381.5,377.0,380.0,166,Lumber,LBS=F
2019-07-01,404.6000061035156,411.6000061035156,381.79998779296875,383.3999938964844,224,Lumber,LBS=F
2019-07-02,391.29998779296875,408.6000061035156,388.20001220703125,397.20001220703125,185,Lumber,LBS=F
2019-07-03,384.29998779296875,390.0,382.79998779296875,390.0,36,Lumber,LBS=F
2019-07-05,386.20001220703125,387.29998779296875,380.1000061035156,382.5,53,Lumber,LBS=F
2019-07-08,379.3999938964844,381.6000061035156,374.1000061035156,380.5,77,Lumber,LBS=F
2019-07-09,368.20001220703125,376.6000061035156,367.5,376.6000061035156,93,Lumber,LBS=F
2019-07-10,370.0,372.20001220703125,365.0,367.1000061035156,55,Lumber,LBS=F
2019-07-11,361.5,372.79998779296875,358.20001220703125,365.5,68,Lumber,LBS=F
2019-07-12,360.0,380.8999938964844,360.0,362.20001220703125,29,Lumber,LBS=F
2019-07-15,360.0,360.0,360.0,360.0,526,Lumber,LBS=F
2019-07-16,332.3999938964844,342.5,330.6000061035156,336.5,532,Lumber,LBS=F
2019-07-17,327.1000061035156,333.29998779296875,325.8999938964844,329.6000061035156,501,Lumber,LBS=F
2019-07-18,334.70001220703125,341.6000061035156,328.20001220703125,328.29998779296875,442,Lumber,LBS=F
2019-07-19,353.70001220703125,353.70001220703125,346.29998779296875,349.8999938964844,423,Lumber,LBS=F
2019-07-22,344.0,356.1000061035156,343.0,354.0,438,Lumber,LBS=F
2019-07-23,332.70001220703125,347.29998779296875,331.20001220703125,345.5,460,Lumber,LBS=F
2019-07-24,343.5,351.70001220703125,326.6000061035156,330.0,412,Lumber,LBS=F
2019-07-25,340.1000061035156,353.3999938964844,336.8999938964844,346.8999938964844,434,Lumber,LBS=F
2019-07-26,333.70001220703125,338.0,330.0,338.0,288,Lumber,LBS=F
2019-07-29,335.79998779296875,337.0,328.3999938964844,331.0,175,Lumber,LBS=F
2019-07-30,349.0,354.70001220703125,333.70001220703125,335.8999938964844,584,Lumber,LBS=F
2019-07-31,343.8999938964844,353.0,335.5,352.3999938964844,509,Lumber,LBS=F
2019-08-01,362.8999938964844,362.8999938964844,340.5,342.3999938964844,770,Lumber,LBS=F
2019-08-02,368.0,368.8999938964844,355.5,364.3999938964844,565,Lumber,LBS=F
2019-08-05,358.0,364.0,353.70001220703125,362.3999938964844,364,Lumber,LBS=F
2019-08-06,369.6000061035156,371.6000061035156,354.0,355.20001220703125,447,Lumber,LBS=F
2019-08-07,358.0,371.6000061035156,356.29998779296875,365.79998779296875,370,Lumber,LBS=F
2019-08-08,363.6000061035156,367.20001220703125,358.20001220703125,360.5,198,Lumber,LBS=F
2019-08-09,348.8999938964844,360.79998779296875,347.29998779296875,360.0,344,Lumber,LBS=F
2019-08-12,342.79998779296875,346.5,342.70001220703125,345.1000061035156,213,Lumber,LBS=F
2019-08-13,354.20001220703125,361.6000061035156,343.6000061035156,344.70001220703125,493,Lumber,LBS=F
2019-08-14,348.1000061035156,351.29998779296875,344.6000061035156,349.8999938964844,285,Lumber,LBS=F
2019-08-15,354.20001220703125,356.0,344.79998779296875,347.6000061035156,387,Lumber,LBS=F
2019-08-16,362.8999938964844,364.0,354.79998779296875,355.1000061035156,280,Lumber,LBS=F
2019-08-19,371.8999938964844,374.1000061035156,357.6000061035156,359.20001220703125,438,Lumber,LBS=F
2019-08-20,366.20001220703125,373.1000061035156,360.0,366.70001220703125,292,Lumber,LBS=F
2019-08-21,369.1000061035156,373.3999938964844,367.8999938964844,369.70001220703125,520,Lumber,LBS=F
2019-08-22,359.29998779296875,369.6000061035156,356.70001220703125,369.1000061035156,327,Lumber,LBS=F
2019-08-23,359.8999938964844,366.29998779296875,358.20001220703125,359.29998779296875,231,Lumber,LBS=F
2019-08-26,363.29998779296875,368.5,356.5,356.5,218,Lumber,LBS=F
2019-08-27,368.20001220703125,368.79998779296875,360.0,364.3999938964844,207,Lumber,LBS=F
2019-08-28,379.29998779296875,385.0,374.79998779296875,374.79998779296875,546,Lumber,LBS=F
2019-08-29,373.20001220703125,383.70001220703125,371.0,383.70001220703125,423,Lumber,LBS=F
2019-08-30,374.5,377.8999938964844,371.0,374.8999938964844,284,Lumber,LBS=F
2019-09-03,370.29998779296875,375.0,368.0,375.0,246,Lumber,LBS=F
2019-09-04,364.8999938964844,370.29998779296875,364.5,367.0,77,Lumber,LBS=F
2019-09-05,361.70001220703125,366.5,360.8999938964844,362.0,154,Lumber,LBS=F
2019-09-06,359.20001220703125,364.0,358.0,364.0,101,Lumber,LBS=F
2019-09-09,360.79998779296875,361.0,355.1000061035156,358.20001220703125,136,Lumber,LBS=F
2019-09-10,385.3999938964844,385.3999938964844,371.70001220703125,374.3999938964844,179,Lumber,LBS=F
2019-09-11,390.0,399.5,380.6000061035156,385.3999938964844,66,Lumber,LBS=F
2019-09-12,380.0,386.70001220703125,373.20001220703125,386.6000061035156,69,Lumber,LBS=F
2019-09-13,374.0,390.0,374.0,390.0,281,Lumber,LBS=F
2019-09-16,367.6000061035156,381.8999938964844,365.6000061035156,378.1000061035156,318,Lumber,LBS=F
2019-09-17,376.29998779296875,378.79998779296875,363.8999938964844,366.79998779296875,393,Lumber,LBS=F
2019-09-18,382.0,388.20001220703125,379.5,384.70001220703125,392,Lumber,LBS=F
2019-09-19,378.29998779296875,387.29998779296875,377.0,382.79998779296875,239,Lumber,LBS=F
2019-09-20,383.79998779296875,391.20001220703125,374.0,377.0,360,Lumber,LBS=F
2019-09-23,387.20001220703125,393.5,383.20001220703125,384.8999938964844,434,Lumber,LBS=F
2019-09-24,373.0,386.0,370.1000061035156,386.0,527,Lumber,LBS=F
2019-09-25,369.20001220703125,375.79998779296875,367.1000061035156,373.3999938964844,235,Lumber,LBS=F
2019-09-26,372.0,375.1000061035156,368.8999938964844,369.5,142,Lumber,LBS=F
2019-09-27,371.6000061035156,375.0,369.79998779296875,372.20001220703125,211,Lumber,LBS=F
2019-09-30,367.1000061035156,373.5,364.5,373.5,333,Lumber,LBS=F
2019-10-01,361.70001220703125,371.1000061035156,360.0,367.0,483,Lumber,LBS=F
2019-10-02,359.79998779296875,362.29998779296875,357.5,361.29998779296875,257,Lumber,LBS=F
2019-10-03,364.20001220703125,373.8999938964844,359.5,361.3999938964844,553,Lumber,LBS=F
2019-10-04,365.70001220703125,367.70001220703125,361.70001220703125,363.20001220703125,240,Lumber,LBS=F
2019-10-07,368.70001220703125,377.0,364.20001220703125,365.70001220703125,313,Lumber,LBS=F
2019-10-08,362.0,369.8999938964844,359.70001220703125,369.8999938964844,356,Lumber,LBS=F
2019-10-09,366.29998779296875,371.1000061035156,358.6000061035156,359.20001220703125,308,Lumber,LBS=F
2019-10-10,363.0,369.5,362.20001220703125,364.3999938964844,241,Lumber,LBS=F
2019-10-11,369.3999938964844,373.1000061035156,363.6000061035156,365.0,245,Lumber,LBS=F
2019-10-14,380.5,385.0,367.79998779296875,368.8999938964844,567,Lumber,LBS=F
2019-10-15,372.70001220703125,386.3999938964844,371.5,383.0,427,Lumber,LBS=F
2019-10-16,379.8999938964844,381.29998779296875,373.79998779296875,373.79998779296875,225,Lumber,LBS=F
2019-10-17,389.6000061035156,394.8999938964844,381.20001220703125,381.79998779296875,630,Lumber,LBS=F
2019-10-18,385.6000061035156,391.0,383.0,387.8999938964844,301,Lumber,LBS=F
2019-10-21,397.6000061035156,399.70001220703125,386.6000061035156,387.1000061035156,626,Lumber,LBS=F
2019-10-22,395.79998779296875,400.1000061035156,393.6000061035156,397.70001220703125,347,Lumber,LBS=F
2019-10-23,400.6000061035156,403.8999938964844,395.79998779296875,395.79998779296875,324,Lumber,LBS=F
2019-10-24,402.1000061035156,403.8999938964844,398.1000061035156,400.6000061035156,210,Lumber,LBS=F
2019-10-25,403.29998779296875,409.0,401.79998779296875,404.1000061035156,480,Lumber,LBS=F
2019-10-28,399.0,409.3999938964844,397.5,404.70001220703125,255,Lumber,LBS=F
2019-10-29,402.6000061035156,405.5,394.5,395.1000061035156,185,Lumber,LBS=F
2019-10-30,395.0,406.20001220703125,395.0,400.8999938964844,270,Lumber,LBS=F
2019-10-31,396.20001220703125,399.3999938964844,394.79998779296875,394.79998779296875,213,Lumber,LBS=F
2019-11-01,404.1000061035156,405.70001220703125,396.0,397.29998779296875,156,Lumber,LBS=F
2019-11-04,406.5,411.6000061035156,402.3999938964844,404.5,130,Lumber,LBS=F
2019-11-05,394.29998779296875,405.29998779296875,388.79998779296875,404.29998779296875,281,Lumber,LBS=F
2019-11-06,388.1000061035156,394.0,385.70001220703125,389.5,151,Lumber,LBS=F
2019-11-07,386.0,393.5,382.79998779296875,393.5,90,Lumber,LBS=F
2019-11-08,379.8999938964844,381.70001220703125,377.29998779296875,381.3999938964844,73,Lumber,LBS=F
2019-11-11,377.0,379.8999938964844,375.0,376.29998779296875,49,Lumber,LBS=F
2019-11-12,372.20001220703125,381.5,372.0,376.0,97,Lumber,LBS=F
2019-11-13,372.6000061035156,373.1000061035156,369.0,370.0,71,Lumber,LBS=F
2019-11-14,382.0,386.8999938964844,370.5,378.20001220703125,27,Lumber,LBS=F
2019-11-15,375.70001220703125,383.8999938964844,374.20001220703125,380.0,243,Lumber,LBS=F
2019-11-18,413.0,414.3999938964844,403.0,403.0,478,Lumber,LBS=F
2019-11-19,413.3999938964844,421.5,408.29998779296875,417.20001220703125,419,Lumber,LBS=F
2019-11-20,402.70001220703125,414.0,401.0,413.3999938964844,276,Lumber,LBS=F
2019-11-21,408.20001220703125,413.0,402.8999938964844,402.8999938964844,231,Lumber,LBS=F
2019-11-22,410.3999938964844,411.20001220703125,405.1000061035156,407.8999938964844,292,Lumber,LBS=F
2019-11-25,421.29998779296875,427.70001220703125,408.0,409.8999938964844,810,Lumber,LBS=F
2019-11-26,412.8999938964844,413.29998779296875,403.29998779296875,411.0,786,Lumber,LBS=F
2019-11-27,416.1000061035156,423.0,409.20001220703125,411.6000061035156,345,Lumber,LBS=F
2019-11-29,416.6000061035156,420.1000061035156,413.8999938964844,418.5,205,Lumber,LBS=F
2019-12-02,409.0,414.3999938964844,406.0,410.0,322,Lumber,LBS=F
2019-12-03,397.79998779296875,406.0,393.1000061035156,406.0,532,Lumber,LBS=F
2019-12-04,400.70001220703125,403.79998779296875,395.20001220703125,401.0,288,Lumber,LBS=F
2019-12-05,405.29998779296875,409.70001220703125,399.0,399.0,313,Lumber,LBS=F
2019-12-06,406.1000061035156,412.3999938964844,404.5,407.70001220703125,197,Lumber,LBS=F
2019-12-09,399.3999938964844,407.1000061035156,398.29998779296875,405.3999938964844,285,Lumber,LBS=F
2019-12-10,392.70001220703125,399.20001220703125,391.0,397.1000061035156,500,Lumber,LBS=F
2019-12-11,396.6000061035156,399.70001220703125,388.6000061035156,393.29998779296875,449,Lumber,LBS=F
2019-12-12,397.79998779296875,403.1000061035156,396.20001220703125,396.79998779296875,345,Lumber,LBS=F
2019-12-13,404.6000061035156,405.8999938964844,394.1000061035156,397.29998779296875,332,Lumber,LBS=F
2019-12-16,410.79998779296875,413.8999938964844,403.8999938964844,405.0,441,Lumber,LBS=F
2019-12-17,406.3999938964844,415.3999938964844,400.20001220703125,411.1000061035156,319,Lumber,LBS=F
2019-12-18,406.79998779296875,408.70001220703125,403.1000061035156,408.5,189,Lumber,LBS=F
2019-12-19,417.20001220703125,421.1000061035156,404.8999938964844,405.3999938964844,517,Lumber,LBS=F
2019-12-20,413.29998779296875,418.6000061035156,411.3999938964844,417.29998779296875,303,Lumber,LBS=F
2019-12-23,408.6000061035156,414.5,407.5,414.5,320,Lumber,LBS=F
2019-12-24,406.79998779296875,410.3999938964844,405.8999938964844,410.3999938964844,73,Lumber,LBS=F
2019-12-26,406.20001220703125,409.1000061035156,404.0,408.8999938964844,124,Lumber,LBS=F
2019-12-27,409.1000061035156,410.0,404.3999938964844,405.70001220703125,136,Lumber,LBS=F
2019-12-30,404.20001220703125,413.1000061035156,400.5,408.0,279,Lumber,LBS=F
2019-12-31,405.29998779296875,408.0,399.5,406.8999938964844,265,Lumber,LBS=F
2020-01-02,406.70001220703125,412.0,402.0,404.0,163,Lumber,LBS=F
2020-01-03,403.6000061035156,409.1000061035156,402.8999938964844,406.0,115,Lumber,LBS=F
2020-01-06,397.0,405.0,396.8999938964844,405.0,195,Lumber,LBS=F
2020-01-07,395.3999938964844,400.0,393.0,393.20001220703125,113,Lumber,LBS=F
2020-01-08,398.0,402.8999938964844,394.0,395.3999938964844,126,Lumber,LBS=F
2020-01-09,391.1000061035156,401.6000061035156,387.29998779296875,400.1000061035156,93,Lumber,LBS=F
2020-01-10,392.0,393.8999938964844,390.5,390.6000061035156,49,Lumber,LBS=F
2020-01-13,393.6000061035156,395.0,389.0,394.70001220703125,31,Lumber,LBS=F
2020-01-14,390.0,391.1000061035156,387.70001220703125,391.0,78,Lumber,LBS=F
2020-01-15,388.6000061035156,398.0,388.5,390.0,442,Lumber,LBS=F
2020-01-16,428.79998779296875,434.8999938964844,420.79998779296875,425.79998779296875,284,Lumber,LBS=F
2020-01-17,430.0,444.3999938964844,429.1000061035156,438.0,643,Lumber,LBS=F
2020-01-21,424.70001220703125,431.1000061035156,424.20001220703125,429.6000061035156,345,Lumber,LBS=F
2020-01-22,425.20001220703125,432.70001220703125,423.79998779296875,425.8999938964844,230,Lumber,LBS=F
2020-01-23,426.0,426.79998779296875,420.20001220703125,425.8999938964844,240,Lumber,LBS=F
2020-01-24,426.20001220703125,432.29998779296875,425.29998779296875,425.29998779296875,315,Lumber,LBS=F
2020-01-27,420.79998779296875,422.8999938964844,417.20001220703125,420.0,520,Lumber,LBS=F
2020-01-28,427.1000061035156,429.20001220703125,419.5,420.0,327,Lumber,LBS=F
2020-01-29,428.0,432.79998779296875,426.1000061035156,427.1000061035156,232,Lumber,LBS=F
2020-01-30,436.1000061035156,438.8999938964844,424.20001220703125,427.6000061035156,454,Lumber,LBS=F
2020-01-31,435.5,438.3999938964844,430.0,436.6000061035156,439,Lumber,LBS=F
2020-02-03,422.79998779296875,439.0,418.79998779296875,434.29998779296875,659,Lumber,LBS=F
2020-02-04,412.70001220703125,422.3999938964844,407.0,419.5,1143,Lumber,LBS=F
2020-02-05,428.29998779296875,429.5,413.8999938964844,415.6000061035156,691,Lumber,LBS=F
2020-02-06,433.20001220703125,434.8999938964844,428.1000061035156,428.1000061035156,358,Lumber,LBS=F
2020-02-07,440.20001220703125,443.8999938964844,432.5,432.5,497,Lumber,LBS=F
2020-02-10,446.0,450.8999938964844,440.20001220703125,440.20001220703125,721,Lumber,LBS=F
2020-02-11,451.3999938964844,454.0,442.5,445.1000061035156,545,Lumber,LBS=F
2020-02-12,454.5,457.0,447.8999938964844,451.0,493,Lumber,LBS=F
2020-02-13,455.1000061035156,459.8999938964844,453.5,456.20001220703125,500,Lumber,LBS=F
2020-02-14,449.29998779296875,452.79998779296875,445.8999938964844,451.5,247,Lumber,LBS=F
2020-02-18,446.1000061035156,452.0,444.79998779296875,448.3999938964844,219,Lumber,LBS=F
2020-02-19,460.29998779296875,464.1000061035156,451.20001220703125,451.20001220703125,536,Lumber,LBS=F
2020-02-20,463.0,468.29998779296875,460.70001220703125,465.0,497,Lumber,LBS=F
2020-02-21,460.1000061035156,464.5,459.20001220703125,462.0,373,Lumber,LBS=F
2020-02-24,443.1000061035156,451.29998779296875,442.1000061035156,449.0,562,Lumber,LBS=F
2020-02-25,435.29998779296875,442.79998779296875,433.20001220703125,440.20001220703125,434,Lumber,LBS=F
2020-02-26,427.5,442.3999938964844,423.20001220703125,442.1000061035156,443,Lumber,LBS=F
2020-02-27,412.0,419.1000061035156,409.5,418.8999938964844,387,Lumber,LBS=F
2020-02-28,399.3999938964844,404.3999938964844,394.0,404.3999938964844,455,Lumber,LBS=F
2020-03-02,415.6000061035156,416.1000061035156,397.70001220703125,402.8999938964844,109,Lumber,LBS=F
2020-03-03,404.1000061035156,420.5,401.5,416.5,112,Lumber,LBS=F
2020-03-04,410.20001220703125,413.5,398.5,403.1000061035156,62,Lumber,LBS=F
2020-03-05,407.5,411.0,404.0,404.0,95,Lumber,LBS=F
2020-03-06,400.3999938964844,406.70001220703125,394.1000061035156,406.70001220703125,88,Lumber,LBS=F
2020-03-09,370.3999938964844,399.1000061035156,370.3999938964844,391.3999938964844,55,Lumber,LBS=F
2020-03-10,378.79998779296875,378.79998779296875,370.29998779296875,377.6000061035156,44,Lumber,LBS=F
2020-03-11,373.5,382.70001220703125,371.0,373.3999938964844,37,Lumber,LBS=F
2020-03-12,330.1000061035156,360.0,330.0,330.0,21,Lumber,LBS=F
2020-03-13,350.0,350.0,335.0,343.0,1152,Lumber,LBS=F
2020-03-16,325.0,325.0,325.0,325.0,58,Lumber,LBS=F
2020-03-17,310.0,318.5,305.29998779296875,318.5,525,Lumber,LBS=F
2020-03-18,303.3999938964844,309.8999938964844,292.8999938964844,305.3999938964844,434,Lumber,LBS=F
2020-03-19,319.79998779296875,321.3999938964844,306.3999938964844,306.3999938964844,285,Lumber,LBS=F
2020-03-20,322.29998779296875,335.3999938964844,319.0,325.8999938964844,289,Lumber,LBS=F
2020-03-23,320.20001220703125,326.79998779296875,310.8999938964844,321.3999938964844,159,Lumber,LBS=F
2020-03-24,321.5,329.3999938964844,317.0,328.8999938964844,195,Lumber,LBS=F
2020-03-25,311.6000061035156,320.0,307.8999938964844,319.6000061035156,214,Lumber,LBS=F
2020-03-26,320.79998779296875,322.20001220703125,311.29998779296875,316.29998779296875,204,Lumber,LBS=F
2020-03-27,311.29998779296875,317.70001220703125,308.0,312.3999938964844,202,Lumber,LBS=F
2020-03-30,296.5,307.1000061035156,296.0,305.5,216,Lumber,LBS=F
2020-03-31,278.5,293.0,278.5,293.0,373,Lumber,LBS=F
2020-04-01,259.79998779296875,271.20001220703125,251.5,271.1000061035156,347,Lumber,LBS=F
2020-04-02,264.1000061035156,277.0,258.20001220703125,260.3999938964844,250,Lumber,LBS=F
2020-04-03,264.0,265.6000061035156,255.5,260.6000061035156,146,Lumber,LBS=F
2020-04-06,282.0,282.0,282.0,282.0,93,Lumber,LBS=F
2020-04-07,307.3999938964844,309.0,294.1000061035156,294.1000061035156,293,Lumber,LBS=F
2020-04-08,304.1000061035156,313.79998779296875,300.70001220703125,309.5,198,Lumber,LBS=F
2020-04-09,322.1000061035156,322.1000061035156,295.20001220703125,312.6000061035156,273,Lumber,LBS=F
2020-04-13,333.70001220703125,334.70001220703125,322.0,326.1000061035156,186,Lumber,LBS=F
2020-04-14,331.0,344.3999938964844,330.0,335.5,283,Lumber,LBS=F
2020-04-15,324.0,334.3999938964844,317.5,332.6000061035156,217,Lumber,LBS=F
2020-04-16,332.6000061035156,338.79998779296875,317.5,322.1000061035156,255,Lumber,LBS=F
2020-04-17,341.70001220703125,344.70001220703125,329.8999938964844,337.8999938964844,237,Lumber,LBS=F
2020-04-20,328.5,340.6000061035156,326.0,333.0,255,Lumber,LBS=F
2020-04-21,317.5,325.6000061035156,314.0,324.70001220703125,232,Lumber,LBS=F
2020-04-22,329.3999938964844,329.3999938964844,320.8999938964844,323.70001220703125,184,Lumber,LBS=F
2020-04-23,325.20001220703125,333.29998779296875,324.70001220703125,329.20001220703125,125,Lumber,LBS=F
2020-04-24,322.29998779296875,330.20001220703125,320.0,323.70001220703125,113,Lumber,LBS=F
2020-04-27,315.6000061035156,318.29998779296875,311.1000061035156,318.29998779296875,61,Lumber,LBS=F
2020-04-28,326.5,331.5,314.0,314.0,104,Lumber,LBS=F
2020-04-29,317.8999938964844,325.0,317.29998779296875,325.0,32,Lumber,LBS=F
2020-04-30,319.70001220703125,324.70001220703125,314.5,320.6000061035156,69,Lumber,LBS=F
2020-05-01,327.0,332.29998779296875,320.0,320.0,70,Lumber,LBS=F
2020-05-04,330.0,334.8999938964844,328.0,331.70001220703125,69,Lumber,LBS=F
2020-05-05,336.20001220703125,339.70001220703125,334.70001220703125,334.70001220703125,68,Lumber,LBS=F
2020-05-06,327.3999938964844,340.0,325.20001220703125,337.0,68,Lumber,LBS=F
2020-05-07,332.0,333.1000061035156,320.20001220703125,322.20001220703125,29,Lumber,LBS=F
2020-05-08,342.6000061035156,342.6000061035156,335.0,335.0,35,Lumber,LBS=F
2020-05-11,331.0,349.0,331.0,344.1000061035156,46,Lumber,LBS=F
2020-05-12,341.0,342.0,341.0,342.0,17,Lumber,LBS=F
2020-05-13,335.1000061035156,345.0,334.3999938964844,334.3999938964844,27,Lumber,LBS=F
2020-05-14,343.5,345.0,335.1000061035156,335.1000061035156,43,Lumber,LBS=F
2020-05-15,333.0,333.0,328.5,328.5,119,Lumber,LBS=F
2020-05-18,346.20001220703125,351.0,343.29998779296875,349.79998779296875,135,Lumber,LBS=F
2020-05-19,354.29998779296875,355.79998779296875,348.1000061035156,350.0,207,Lumber,LBS=F
2020-05-20,367.5,372.79998779296875,349.8999938964844,353.20001220703125,376,Lumber,LBS=F
2020-05-21,370.29998779296875,376.0,362.1000061035156,366.0,351,Lumber,LBS=F
2020-05-22,367.5,374.0,363.8999938964844,370.0,183,Lumber,LBS=F
2020-05-26,356.79998779296875,375.0,353.79998779296875,371.5,247,Lumber,LBS=F
2020-05-27,359.8999938964844,361.8999938964844,356.0,357.79998779296875,112,Lumber,LBS=F
2020-05-28,368.29998779296875,378.5,354.6000061035156,362.6000061035156,467,Lumber,LBS=F
2020-05-29,367.1000061035156,370.29998779296875,362.20001220703125,367.8999938964844,225,Lumber,LBS=F
2020-06-01,362.29998779296875,367.70001220703125,362.20001220703125,362.29998779296875,153,Lumber,LBS=F
2020-06-02,357.0,362.29998779296875,356.5,362.20001220703125,199,Lumber,LBS=F
2020-06-03,348.1000061035156,359.6000061035156,346.29998779296875,359.6000061035156,262,Lumber,LBS=F
2020-06-04,356.20001220703125,357.29998779296875,350.1000061035156,350.1000061035156,195,Lumber,LBS=F
2020-06-05,368.79998779296875,368.79998779296875,360.6000061035156,361.6000061035156,279,Lumber,LBS=F
2020-06-08,370.79998779296875,376.79998779296875,368.79998779296875,368.79998779296875,310,Lumber,LBS=F
2020-06-09,357.6000061035156,369.79998779296875,354.0,369.79998779296875,283,Lumber,LBS=F
2020-06-10,362.0,367.5,354.0,357.79998779296875,183,Lumber,LBS=F
2020-06-11,351.0,368.8999938964844,349.70001220703125,360.70001220703125,329,Lumber,LBS=F
2020-06-12,354.6000061035156,360.1000061035156,351.0,354.70001220703125,201,Lumber,LBS=F
2020-06-15,361.29998779296875,362.6000061035156,351.1000061035156,351.1000061035156,223,Lumber,LBS=F
2020-06-16,373.3999938964844,375.0,364.70001220703125,364.70001220703125,413,Lumber,LBS=F
2020-06-17,382.29998779296875,386.0,367.1000061035156,371.1000061035156,375,Lumber,LBS=F
2020-06-18,401.29998779296875,401.29998779296875,382.79998779296875,385.70001220703125,460,Lumber,LBS=F
2020-06-19,421.3999938964844,424.70001220703125,407.5,409.8999938964844,419,Lumber,LBS=F
2020-06-22,430.1000061035156,435.1000061035156,417.8999938964844,418.0,386,Lumber,LBS=F
2020-06-23,440.70001220703125,441.29998779296875,427.29998779296875,430.0,249,Lumber,LBS=F
2020-06-24,428.79998779296875,438.8999938964844,422.70001220703125,438.1000061035156,251,Lumber,LBS=F
2020-06-25,435.6000061035156,444.0,426.79998779296875,426.79998779296875,151,Lumber,LBS=F
2020-06-26,430.5,447.70001220703125,427.5,440.0,208,Lumber,LBS=F
2020-06-29,426.1000061035156,430.3999938964844,422.29998779296875,425.1000061035156,100,Lumber,LBS=F
2020-06-30,435.70001220703125,438.29998779296875,427.20001220703125,428.70001220703125,135,Lumber,LBS=F
2020-07-01,438.6000061035156,439.29998779296875,435.1000061035156,439.0,62,Lumber,LBS=F
2020-07-02,448.0,454.0,443.70001220703125,443.70001220703125,70,Lumber,LBS=F
2020-07-06,460.1000061035156,460.1000061035156,449.6000061035156,449.6000061035156,50,Lumber,LBS=F
2020-07-07,471.0,474.79998779296875,461.20001220703125,466.1000061035156,51,Lumber,LBS=F
2020-07-08,485.0,487.0,465.0,470.20001220703125,39,Lumber,LBS=F
2020-07-09,499.0,499.0,482.29998779296875,486.29998779296875,88,Lumber,LBS=F
2020-07-10,539.0,570.0,499.0,499.0,60,Lumber,LBS=F
2020-07-13,533.4000244140625,549.9000244140625,533.4000244140625,544.0999755859375,24,Lumber,LBS=F
2020-07-14,583.0,583.0,553.0,553.0,7,Lumber,LBS=F
2020-07-15,600.0,600.0,600.0,600.0,409,Lumber,LBS=F
2020-07-16,524.2000122070312,524.2000122070312,508.0,508.0,493,Lumber,LBS=F
2020-07-17,550.7999877929688,553.2000122070312,531.0999755859375,534.5999755859375,569,Lumber,LBS=F
2020-07-20,532.2000122070312,564.2999877929688,531.7999877929688,553.0,561,Lumber,LBS=F
2020-07-21,513.2000122070312,529.5,513.2000122070312,529.5,320,Lumber,LBS=F
2020-07-22,510.5,524.0,484.20001220703125,509.0,769,Lumber,LBS=F
2020-07-23,522.4000244140625,529.5,505.0,511.0,462,Lumber,LBS=F
2020-07-24,541.4000244140625,541.4000244140625,531.5,531.5999755859375,328,Lumber,LBS=F
2020-07-27,567.9000244140625,570.4000244140625,555.0999755859375,555.0999755859375,437,Lumber,LBS=F
2020-07-28,566.9000244140625,579.2000122070312,561.9000244140625,568.0,354,Lumber,LBS=F
2020-07-29,585.0,585.9000244140625,569.0,574.0999755859375,259,Lumber,LBS=F
2020-07-30,580.4000244140625,589.2999877929688,567.0,588.7999877929688,448,Lumber,LBS=F
2020-07-31,585.7999877929688,598.7999877929688,575.2000122070312,594.7999877929688,553,Lumber,LBS=F
2020-08-03,596.2000122070312,600.7999877929688,584.0999755859375,595.0,276,Lumber,LBS=F
2020-08-04,610.9000244140625,611.0,586.5999755859375,597.7000122070312,371,Lumber,LBS=F
2020-08-05,622.5999755859375,624.5999755859375,603.2000122070312,612.4000244140625,448,Lumber,LBS=F
2020-08-06,641.5999755859375,641.5999755859375,618.9000244140625,626.5,286,Lumber,LBS=F
2020-08-07,648.0,659.4000244140625,630.0,649.4000244140625,730,Lumber,LBS=F
2020-08-10,662.5,664.9000244140625,646.2999877929688,650.0,250,Lumber,LBS=F
2020-08-11,681.5,681.5,660.0,662.5,422,Lumber,LBS=F
2020-08-12,706.0,710.5,691.7000122070312,695.0,556,Lumber,LBS=F
2020-08-13,725.0,725.0,703.0,710.0,508,Lumber,LBS=F
2020-08-14,726.5,748.0,703.2000122070312,734.0999755859375,850,Lumber,LBS=F
2020-08-17,735.0,738.5,709.5999755859375,724.0,513,Lumber,LBS=F
2020-08-18,754.0,754.0,751.0,751.0,375,Lumber,LBS=F
2020-08-19,782.9000244140625,783.0,767.0,770.5999755859375,784,Lumber,LBS=F
2020-08-20,801.9000244140625,801.9000244140625,778.0,789.9000244140625,711,Lumber,LBS=F
2020-08-21,830.9000244140625,830.9000244140625,811.5,819.0,761,Lumber,LBS=F
2020-08-24,810.2999877929688,859.9000244140625,801.9000244140625,839.0999755859375,1333,Lumber,LBS=F
2020-08-25,829.2999877929688,829.2999877929688,791.2999877929688,796.2999877929688,844,Lumber,LBS=F
2020-08-26,858.2999877929688,858.2999877929688,844.2999877929688,847.0999755859375,317,Lumber,LBS=F
2020-08-27,887.2999877929688,887.2999877929688,887.2999877929688,887.2999877929688,280,Lumber,LBS=F
2020-08-28,915.5,916.2999877929688,883.2999877929688,916.2999877929688,920,Lumber,LBS=F
2020-08-31,928.0,934.5,917.5,917.5,302,Lumber,LBS=F
2020-09-01,928.5,933.0,898.0999755859375,931.0,162,Lumber,LBS=F
2020-09-02,903.2999877929688,925.0,900.0,924.9000244140625,83,Lumber,LBS=F
2020-09-03,830.0,888.2999877929688,805.0,888.2999877929688,169,Lumber,LBS=F
2020-09-04,879.9000244140625,888.0,781.9000244140625,810.0,175,Lumber,LBS=F
2020-09-08,875.0,905.0,871.0,871.0,95,Lumber,LBS=F
2020-09-09,900.0,910.9000244140625,875.0,883.0,122,Lumber,LBS=F
2020-09-10,939.0,945.0,899.0,909.0,81,Lumber,LBS=F
2020-09-11,948.0,949.0,934.0,943.0,41,Lumber,LBS=F
2020-09-14,984.5,1000.0,950.0,953.5,74,Lumber,LBS=F
2020-09-15,920.0,955.0,920.0,955.0,805,Lumber,LBS=F
2020-09-16,612.0,637.4000244140625,611.4000244140625,633.2999877929688,484,Lumber,LBS=F
2020-09-17,597.5999755859375,629.0,593.0,610.0999755859375,319,Lumber,LBS=F
2020-09-18,578.5999755859375,608.4000244140625,578.5999755859375,597.5999755859375,220,Lumber,LBS=F
2020-09-21,549.5999755859375,549.5999755859375,549.5999755859375,549.5999755859375,90,Lumber,LBS=F
2020-09-22,578.5999755859375,578.5999755859375,550.0999755859375,554.5999755859375,335,Lumber,LBS=F
2020-09-23,607.5999755859375,607.5999755859375,595.4000244140625,604.0999755859375,134,Lumber,LBS=F
2020-09-24,578.5999755859375,636.5999755859375,578.5999755859375,636.5,346,Lumber,LBS=F
2020-09-25,607.5999755859375,607.5999755859375,569.7999877929688,575.2000122070312,226,Lumber,LBS=F
2020-09-28,578.5999755859375,630.0,578.5999755859375,611.0999755859375,245,Lumber,LBS=F
2020-09-29,602.2000122070312,603.5,557.5999755859375,568.7999877929688,218,Lumber,LBS=F
2020-09-30,612.2000122070312,621.2000122070312,592.7000122070312,592.7000122070312,273,Lumber,LBS=F
2020-10-01,622.0,629.5,605.2000122070312,620.2000122070312,198,Lumber,LBS=F
2020-10-02,603.0,612.5999755859375,603.0,612.5999755859375,148,Lumber,LBS=F
2020-10-05,602.0999755859375,609.5,578.5999755859375,600.0,170,Lumber,LBS=F
2020-10-06,583.0999755859375,607.0,583.0999755859375,602.0,163,Lumber,LBS=F
2020-10-07,567.2999877929688,580.4000244140625,560.0999755859375,571.5,172,Lumber,LBS=F
2020-10-08,586.2999877929688,586.2999877929688,571.4000244140625,573.5,203,Lumber,LBS=F
2020-10-09,557.2999877929688,586.2999877929688,557.2999877929688,586.2999877929688,275,Lumber,LBS=F
2020-10-12,535.7999877929688,550.0,530.7999877929688,550.0,210,Lumber,LBS=F
2020-10-13,535.4000244140625,537.5,525.0,535.2000122070312,180,Lumber,LBS=F
2020-10-14,548.9000244140625,554.4000244140625,540.5,540.5,170,Lumber,LBS=F
2020-10-15,537.7000122070312,546.9000244140625,536.0,541.2999877929688,169,Lumber,LBS=F
2020-10-16,534.0,546.9000244140625,533.4000244140625,540.0,233,Lumber,LBS=F
2020-10-19,550.7000122070312,552.9000244140625,534.0,536.0,272,Lumber,LBS=F
2020-10-20,531.7000122070312,567.2000122070312,531.7000122070312,556.0999755859375,347,Lumber,LBS=F
2020-10-21,522.0,536.5,520.0,528.2999877929688,239,Lumber,LBS=F
2020-10-22,531.4000244140625,538.0999755859375,518.5999755859375,521.7999877929688,201,Lumber,LBS=F
2020-10-23,515.2999877929688,529.4000244140625,512.5999755859375,529.4000244140625,273,Lumber,LBS=F
2020-10-26,503.0,514.0999755859375,498.6000061035156,510.0,274,Lumber,LBS=F
2020-10-27,505.20001220703125,518.4000244140625,498.0,502.79998779296875,233,Lumber,LBS=F
2020-10-28,499.3999938964844,509.0,490.79998779296875,500.0,324,Lumber,LBS=F
2020-10-29,497.5,502.20001220703125,493.8999938964844,502.20001220703125,191,Lumber,LBS=F
2020-10-30,495.6000061035156,501.0,492.79998779296875,498.0,271,Lumber,LBS=F
2020-11-02,507.0,514.9000244140625,495.0,498.5,238,Lumber,LBS=F
2020-11-03,536.4000244140625,540.0999755859375,510.8999938964844,515.7000122070312,233,Lumber,LBS=F
2020-11-04,549.0,553.5,528.2000122070312,528.2000122070312,92,Lumber,LBS=F
2020-11-05,565.9000244140625,567.0999755859375,552.0,552.5,101,Lumber,LBS=F
2020-11-06,555.2000122070312,569.2999877929688,540.7999877929688,565.0,78,Lumber,LBS=F
2020-11-09,585.0,585.0,565.0,565.0,51,Lumber,LBS=F
2020-11-10,580.0,589.4000244140625,569.9000244140625,569.9000244140625,57,Lumber,LBS=F
2020-11-11,569.5,580.0,569.2000122070312,580.0,21,Lumber,LBS=F
2020-11-12,559.0,569.0,559.0,565.0,54,Lumber,LBS=F
2020-11-13,589.0999755859375,589.0999755859375,572.9000244140625,579.9000244140625,138,Lumber,LBS=F
2020-11-16,593.5,599.4000244140625,574.7999877929688,574.7999877929688,169,Lumber,LBS=F
2020-11-17,610.5999755859375,617.7000122070312,590.7999877929688,596.2999877929688,340,Lumber,LBS=F
2020-11-18,595.7000122070312,622.0999755859375,593.0999755859375,615.9000244140625,219,Lumber,LBS=F
2020-11-19,616.9000244140625,627.7000122070312,593.5,595.2000122070312,234,Lumber,LBS=F
2020-11-20,630.0999755859375,641.2999877929688,622.0,625.7999877929688,195,Lumber,LBS=F
2020-11-23,618.4000244140625,635.0,614.0999755859375,635.0,193,Lumber,LBS=F
2020-11-24,600.5,612.0999755859375,586.5999755859375,612.0,256,Lumber,LBS=F
2020-11-25,617.0999755859375,625.0,599.2000122070312,603.0,126,Lumber,LBS=F
2020-11-27,630.9000244140625,632.0999755859375,614.2999877929688,620.5,45,Lumber,LBS=F
2020-11-30,636.7999877929688,648.0,615.0,627.5,263,Lumber,LBS=F
2020-12-01,635.2000122070312,648.9000244140625,634.5,641.2000122070312,240,Lumber,LBS=F
2020-12-02,649.0,657.4000244140625,633.0,633.0,300,Lumber,LBS=F
2020-12-03,660.0,663.4000244140625,653.5999755859375,657.5,176,Lumber,LBS=F
2020-12-04,678.5999755859375,678.7000122070312,659.2000122070312,666.7000122070312,299,Lumber,LBS=F
2020-12-07,696.7999877929688,697.7999877929688,680.0,680.0,282,Lumber,LBS=F
2020-12-08,725.2000122070312,728.7999877929688,701.4000244140625,702.7000122070312,340,Lumber,LBS=F
2020-12-09,754.5,757.2000122070312,736.7000122070312,736.7000122070312,319,Lumber,LBS=F
2020-12-10,786.5,786.5,747.5,747.5,437,Lumber,LBS=F
2020-12-11,795.0,801.5999755859375,762.2000122070312,796.0999755859375,395,Lumber,LBS=F
2020-12-14,813.0,819.7999877929688,785.0,800.0,277,Lumber,LBS=F
2020-12-15,826.0,845.0,801.2000122070312,826.9000244140625,381,Lumber,LBS=F
2020-12-16,818.5999755859375,830.5,794.0,829.2999877929688,294,Lumber,LBS=F
2020-12-17,840.0999755859375,850.5999755859375,814.5999755859375,825.0,289,Lumber,LBS=F
2020-12-18,850.2999877929688,853.5999755859375,827.0,851.0999755859375,369,Lumber,LBS=F
2020-12-21,882.2999877929688,882.2999877929688,829.4000244140625,829.4000244140625,280,Lumber,LBS=F
2020-12-22,884.5999755859375,900.5,871.0,892.2999877929688,323,Lumber,LBS=F
2020-12-23,869.2000122070312,895.0,863.2000122070312,885.0,301,Lumber,LBS=F
2020-12-24,884.4000244140625,889.5999755859375,872.0,872.0,112,Lumber,LBS=F
2020-12-28,885.0,897.0999755859375,866.0,897.0999755859375,163,Lumber,LBS=F
2020-12-29,888.0999755859375,896.5999755859375,858.7999877929688,884.5,189,Lumber,LBS=F
2020-12-30,873.9000244140625,883.0999755859375,867.7000122070312,883.0999755859375,122,Lumber,LBS=F
2020-12-31,873.0999755859375,875.0,847.0,869.0999755859375,156,Lumber,LBS=F
2021-01-04,876.7999877929688,883.0,864.0,873.0999755859375,116,Lumber,LBS=F
2021-01-05,877.5,885.0,864.9000244140625,867.5,151,Lumber,LBS=F
2021-01-06,902.0,912.2000122070312,870.0,884.5999755859375,105,Lumber,LBS=F
2021-01-07,889.2000122070312,905.0,889.2000122070312,896.0,37,Lumber,LBS=F
2021-01-08,870.0,895.0999755859375,870.0,895.0999755859375,22,Lumber,LBS=F
2021-01-11,843.5,871.2999877929688,840.2999877929688,865.0,79,Lumber,LBS=F
2021-01-12,822.0,841.0,810.0,841.0,81,Lumber,LBS=F
2021-01-13,810.0,822.0,810.0,822.0,13,Lumber,LBS=F
2021-01-14,843.0,868.7999877929688,810.0,810.0,60,Lumber,LBS=F
2021-01-15,800.0999755859375,830.0,800.0999755859375,821.0,150,Lumber,LBS=F
2021-01-19,668.0,683.7000122070312,651.4000244140625,657.0,123,Lumber,LBS=F
2021-01-20,700.0,700.0,679.2000122070312,679.2000122070312,248,Lumber,LBS=F
2021-01-21,748.0,748.0,732.0,739.4000244140625,195,Lumber,LBS=F
2021-01-22,796.0,796.0,796.0,796.0,413,Lumber,LBS=F
2021-01-25,823.0999755859375,842.9000244140625,800.5999755859375,828.0,404,Lumber,LBS=F
2021-01-26,855.0999755859375,855.0999755859375,831.4000244140625,831.4000244140625,258,Lumber,LBS=F
2021-01-27,865.0,875.0,828.7999877929688,870.0,242,Lumber,LBS=F
2021-01-28,892.5999755859375,897.0,858.0,858.0,167,Lumber,LBS=F
2021-01-29,887.0,897.0,868.7999877929688,888.7999877929688,266,Lumber,LBS=F
2021-02-01,870.7999877929688,890.0,859.0,887.0,299,Lumber,LBS=F
2021-02-02,857.4000244140625,876.9000244140625,842.9000244140625,869.4000244140625,177,Lumber,LBS=F
2021-02-03,884.0,889.4000244140625,850.4000244140625,866.0,172,Lumber,LBS=F
2021-02-04,883.5999755859375,889.4000244140625,867.7000122070312,884.0,130,Lumber,LBS=F
2021-02-05,915.5999755859375,915.5999755859375,880.0,881.0,171,Lumber,LBS=F
2021-02-08,940.0,951.0,905.5999755859375,950.0,243,Lumber,LBS=F
2021-02-09,947.0,950.9000244140625,920.0,926.9000244140625,177,Lumber,LBS=F
2021-02-10,950.7999877929688,970.0,941.5999755859375,943.7999877929688,161,Lumber,LBS=F
2021-02-11,979.0,982.7999877929688,950.7999877929688,950.7999877929688,366,Lumber,LBS=F
2021-02-12,982.0999755859375,991.9000244140625,970.7000122070312,979.0,227,Lumber,LBS=F
2021-02-16,992.4000244140625,994.9000244140625,968.2999877929688,979.0,274,Lumber,LBS=F
2021-02-17,986.7999877929688,996.2999877929688,980.2999877929688,995.9000244140625,286,Lumber,LBS=F
2021-02-18,1004.5,1004.9000244140625,984.0999755859375,986.9000244140625,302,Lumber,LBS=F
2021-02-19,990.2999877929688,1004.5,978.9000244140625,1004.0,297,Lumber,LBS=F
2021-02-22,1021.7999877929688,1022.2999877929688,982.0,982.0,359,Lumber,LBS=F
2021-02-23,1018.0999755859375,1030.4000244140625,989.7999877929688,1024.199951171875,209,Lumber,LBS=F
2021-02-24,1010.7999877929688,1021.5,997.0,1014.4000244140625,200,Lumber,LBS=F
2021-02-25,1007.0,1013.7000122070312,996.0999755859375,1010.7999877929688,124,Lumber,LBS=F
2021-02-26,995.5999755859375,1011.0,986.7000122070312,1007.0,166,Lumber,LBS=F
2021-03-01,974.0,1015.7000122070312,959.0,1000.0,122,Lumber,LBS=F
2021-03-02,990.5,994.0,957.0,965.0,213,Lumber,LBS=F
2021-03-03,980.0,1000.7999877929688,975.0,975.0,67,Lumber,LBS=F
2021-03-04,981.0,994.0,977.0,982.0,57,Lumber,LBS=F
2021-03-05,983.0,991.0,969.9000244140625,988.7000122070312,59,Lumber,LBS=F
2021-03-08,988.9000244140625,994.0,976.0,991.0,58,Lumber,LBS=F
2021-03-09,990.0999755859375,998.0,985.0,985.9000244140625,102,Lumber,LBS=F
2021-03-10,984.9000244140625,999.0,969.0,998.7000122070312,46,Lumber,LBS=F
2021-03-11,972.0,993.0,966.0,978.2999877929688,56,Lumber,LBS=F
2021-03-12,1008.0999755859375,1008.0999755859375,972.0,972.0,59,Lumber,LBS=F
2021-03-15,1040.0,1045.0,1002.5999755859375,1002.5999755859375,116,Lumber,LBS=F
2021-03-16,840.0,863.7999877929688,830.5,851.2000122070312,206,Lumber,LBS=F
2021-03-17,854.2000122070312,866.7000122070312,826.2999877929688,838.0,255,Lumber,LBS=F
2021-03-18,854.5999755859375,879.9000244140625,844.7000122070312,862.0999755859375,147,Lumber,LBS=F
2021-03-19,886.5999755859375,886.5999755859375,857.7000122070312,860.0,237,Lumber,LBS=F
2021-03-22,926.2000122070312,933.5999755859375,864.0,900.0,409,Lumber,LBS=F
2021-03-23,942.4000244140625,950.9000244140625,922.0,935.2000122070312,246,Lumber,LBS=F
2021-03-24,945.7999877929688,949.7999877929688,917.4000244140625,942.4000244140625,154,Lumber,LBS=F
2021-03-25,973.5,973.7999877929688,935.5,943.0,234,Lumber,LBS=F
2021-03-26,953.0,969.2999877929688,949.0,969.2999877929688,201,Lumber,LBS=F
2021-03-29,965.2000122070312,974.7999877929688,941.5,947.5,170,Lumber,LBS=F
2021-03-30,989.5999755859375,997.2000122070312,963.2000122070312,974.0,270,Lumber,LBS=F
2021-03-31,1009.0999755859375,1014.0999755859375,985.0,989.0,261,Lumber,LBS=F
2021-04-01,1012.5999755859375,1022.7999877929688,1006.0,1012.5999755859375,232,Lumber,LBS=F
2021-04-05,1021.0,1032.800048828125,1013.2000122070312,1013.2000122070312,179,Lumber,LBS=F
2021-04-06,1044.300048828125,1048.300048828125,1023.2000122070312,1023.2999877929688,270,Lumber,LBS=F
2021-04-07,1074.4000244140625,1075.4000244140625,1053.5,1055.0999755859375,212,Lumber,LBS=F
2021-04-08,1106.4000244140625,1106.4000244140625,1064.5,1081.699951171875,340,Lumber,LBS=F
2021-04-09,1125.5,1143.0,1103.5,1109.699951171875,155,Lumber,LBS=F
2021-04-12,1157.5,1157.5,1120.0,1120.699951171875,158,Lumber,LBS=F
2021-04-13,1180.699951171875,1205.5,1161.0999755859375,1189.5,279,Lumber,LBS=F
2021-04-14,1212.699951171875,1212.699951171875,1183.0,1185.0,212,Lumber,LBS=F
2021-04-15,1260.699951171875,1260.699951171875,1225.800048828125,1235.699951171875,254,Lumber,LBS=F
2021-04-16,1294.699951171875,1300.0,1263.9000244140625,1284.699951171875,375,Lumber,LBS=F
2021-04-19,1326.699951171875,1326.699951171875,1287.5,1291.699951171875,140,Lumber,LBS=F
2021-04-20,1278.699951171875,1374.699951171875,1278.699951171875,1349.5,484,Lumber,LBS=F
2021-04-21,1292.5,1311.199951171875,1243.699951171875,1251.699951171875,552,Lumber,LBS=F
2021-04-22,1324.5,1324.5,1297.0,1297.0999755859375,215,Lumber,LBS=F
2021-04-23,1372.5,1372.5,1340.199951171875,1340.199951171875,211,Lumber,LBS=F
2021-04-26,1420.5,1420.5,1385.699951171875,1385.800048828125,136,Lumber,LBS=F
2021-04-27,1420.5,1468.5,1374.0999755859375,1460.699951171875,234,Lumber,LBS=F
2021-04-28,1422.300048828125,1452.199951171875,1391.4000244140625,1421.699951171875,177,Lumber,LBS=F
2021-04-29,1454.300048828125,1454.300048828125,1425.0999755859375,1425.5,190,Lumber,LBS=F
2021-04-30,1500.5,1502.300048828125,1460.0,1460.5999755859375,148,Lumber,LBS=F
2021-05-03,1575.5999755859375,1600.0,1520.5999755859375,1520.5999755859375,160,Lumber,LBS=F
2021-05-04,1609.0,1615.0,1589.699951171875,1592.0,80,Lumber,LBS=F
2021-05-05,1634.9000244140625,1639.0,1585.0,1639.0,46,Lumber,LBS=F
2021-05-06,1645.0,1700.0,1622.5999755859375,1622.5999755859375,69,Lumber,LBS=F
2021-05-07,1686.0,1702.0,1652.0,1677.0,57,Lumber,LBS=F
2021-05-10,1601.0,1711.199951171875,1600.0,1666.800048828125,98,Lumber,LBS=F
2021-05-11,1629.800048828125,1630.0,1550.5,1585.5,93,Lumber,LBS=F
2021-05-12,1610.0,1638.4000244140625,1570.0,1590.0,52,Lumber,LBS=F
2021-05-13,1630.0,1675.0,1577.4000244140625,1630.0,38,Lumber,LBS=F
2021-05-14,1566.0,1566.0,1540.0,1540.0,38,Lumber,LBS=F
2021-05-17,1327.0,1376.300048828125,1327.0,1376.300048828125,470,Lumber,LBS=F
2021-05-18,1264.0,1289.5999755859375,1264.0,1273.800048828125,315,Lumber,LBS=F
2021-05-19,1327.0,1327.0,1201.0,1201.0,644,Lumber,LBS=F
2021-05-20,1390.0,1390.0,1352.199951171875,1385.199951171875,246,Lumber,LBS=F
2021-05-21,1453.0,1453.0,1430.300048828125,1445.0,248,Lumber,LBS=F
2021-05-24,1439.0,1514.800048828125,1390.0,1507.0999755859375,549,Lumber,LBS=F
2021-05-25,1397.0,1442.0,1397.0,1421.300048828125,194,Lumber,LBS=F
2021-05-26,1339.4000244140625,1430.5,1334.0,1361.5999755859375,555,Lumber,LBS=F
2021-05-27,1323.0,1379.699951171875,1303.800048828125,1328.4000244140625,224,Lumber,LBS=F
2021-05-28,1309.5,1338.5,1287.0999755859375,1303.5,214,Lumber,LBS=F
2021-06-01,1267.5,1322.0,1267.5,1315.0,254,Lumber,LBS=F
2021-06-02,1330.5,1330.5,1205.0999755859375,1249.0,399,Lumber,LBS=F
2021-06-03,1326.199951171875,1380.0,1279.300048828125,1345.0,340,Lumber,LBS=F
2021-06-04,1284.199951171875,1315.5,1284.199951171875,1291.300048828125,130,Lumber,LBS=F
2021-06-07,1221.199951171875,1259.9000244140625,1221.199951171875,1228.4000244140625,269,Lumber,LBS=F
2021-06-08,1167.0,1209.5,1158.199951171875,1209.5,297,Lumber,LBS=F
2021-06-09,1164.199951171875,1199.0,1142.0999755859375,1160.0999755859375,305,Lumber,LBS=F
2021-06-10,1122.199951171875,1168.0,1122.199951171875,1164.0999755859375,228,Lumber,LBS=F
2021-06-11,1059.199951171875,1088.0999755859375,1059.199951171875,1088.0999755859375,285,Lumber,LBS=F
2021-06-14,996.2000122070312,1040.0,996.2000122070312,1006.5,367,Lumber,LBS=F
2021-06-15,1009.9000244140625,1059.199951171875,943.7000122070312,950.0,682,Lumber,LBS=F
2021-06-16,967.9000244140625,1023.0,967.9000244140625,989.2999877929688,343,Lumber,LBS=F
2021-06-17,904.9000244140625,988.0,904.9000244140625,937.5999755859375,467,Lumber,LBS=F
2021-06-18,897.9000244140625,931.5,855.0999755859375,899.9000244140625,434,Lumber,LBS=F
2021-06-21,932.5,939.9000244140625,859.7999877929688,897.0999755859375,428,Lumber,LBS=F
2021-06-22,890.5,938.0,890.5,932.5,437,Lumber,LBS=F
2021-06-23,884.2999877929688,901.5,860.7000122070312,881.9000244140625,294,Lumber,LBS=F
2021-06-24,842.2999877929688,914.4000244140625,842.2999877929688,891.5999755859375,451,Lumber,LBS=F
2021-06-25,779.2999877929688,828.4000244140625,779.2999877929688,823.5999755859375,324,Lumber,LBS=F
2021-06-28,800.0,842.2999877929688,716.2999877929688,771.7000122070312,412,Lumber,LBS=F
2021-06-29,758.0,841.2000122070312,758.0,780.0,265,Lumber,LBS=F
2021-06-30,716.0,758.0,705.0,748.0,112,Lumber,LBS=F
2021-07-01,735.2999877929688,740.0999755859375,683.2999877929688,716.0,82,Lumber,LBS=F
2021-07-02,756.7000122070312,762.0,731.0,739.0,65,Lumber,LBS=F
2021-07-06,792.9000244140625,825.5999755859375,746.7000122070312,751.0,106,Lumber,LBS=F
2021-07-07,780.0,809.7000122070312,763.7000122070312,795.0,85,Lumber,LBS=F
2021-07-08,718.0,758.7000122070312,705.0,758.7000122070312,67,Lumber,LBS=F
2021-07-09,702.5,708.5,687.5,708.5,52,Lumber,LBS=F
2021-07-12,685.0,719.5,678.0,701.5,81,Lumber,LBS=F
2021-07-13,599.0,675.0,599.0,675.0,84,Lumber,LBS=F
2021-07-14,521.4000244140625,575.0,521.4000244140625,559.0,37,Lumber,LBS=F
2021-07-15,490.70001220703125,522.7000122070312,490.0,504.5,594,Lumber,LBS=F
2021-07-16,536.4000244140625,574.5,535.0,555.5999755859375,456,Lumber,LBS=F
2021-07-19,552.0999755859375,572.2000122070312,500.0,525.0,514,Lumber,LBS=F
2021-07-20,542.0,577.2000122070312,535.0,563.2999877929688,212,Lumber,LBS=F
2021-07-21,584.0,584.0,555.0,584.0,352,Lumber,LBS=F
2021-07-22,647.0,647.0,590.2000122070312,600.0,556,Lumber,LBS=F
2021-07-23,634.0,700.0,616.0999755859375,649.0,574,Lumber,LBS=F
2021-07-26,624.0,664.4000244140625,620.2999877929688,658.2000122070312,208,Lumber,LBS=F
2021-07-27,582.0,608.0,582.0,608.0,208,Lumber,LBS=F
2021-07-28,608.2000122070312,620.0,543.0,559.7999877929688,369,Lumber,LBS=F
2021-07-29,621.9000244140625,640.0,593.0,620.0,312,Lumber,LBS=F
2021-07-30,621.2000122070312,634.2999877929688,601.0999755859375,630.4000244140625,182,Lumber,LBS=F
2021-08-02,635.5999755859375,650.0,604.0,623.0999755859375,216,Lumber,LBS=F
2021-08-03,606.5,625.0,601.5999755859375,625.0,241,Lumber,LBS=F
2021-08-04,564.5,592.0,564.5,592.0,144,Lumber,LBS=F
2021-08-05,522.9000244140625,552.0,522.2000122070312,540.0999755859375,272,Lumber,LBS=F
2021-08-06,551.5999755859375,557.2000122070312,513.0,520.7999877929688,251,Lumber,LBS=F
2021-08-09,530.0999755859375,568.0,528.0,544.7000122070312,146,Lumber,LBS=F
2021-08-10,505.1000061035156,530.0999755859375,502.29998779296875,530.0999755859375,180,Lumber,LBS=F
2021-08-11,493.8999938964844,507.3999938964844,482.8999938964844,500.0,220,Lumber,LBS=F
2021-08-12,500.3999938964844,518.9000244140625,480.3999938964844,485.6000061035156,236,Lumber,LBS=F
2021-08-13,495.20001220703125,524.7999877929688,485.6000061035156,498.8999938964844,186,Lumber,LBS=F
2021-08-16,470.8999938964844,497.8999938964844,460.29998779296875,497.8999938964844,285,Lumber,LBS=F
2021-08-17,456.20001220703125,472.0,452.20001220703125,460.0,243,Lumber,LBS=F
2021-08-18,468.0,486.70001220703125,452.0,453.1000061035156,225,Lumber,LBS=F
2021-08-19,454.20001220703125,492.0,454.1000061035156,470.70001220703125,310,Lumber,LBS=F
2021-08-20,474.70001220703125,475.0,448.0,454.20001220703125,303,Lumber,LBS=F
2021-08-23,498.79998779296875,511.6000061035156,477.6000061035156,485.0,264,Lumber,LBS=F
2021-08-24,480.1000061035156,507.3999938964844,475.29998779296875,505.0,216,Lumber,LBS=F
2021-08-25,491.1000061035156,518.0,480.1000061035156,489.0,201,Lumber,LBS=F
2021-08-26,495.1000061035156,516.0,487.3999938964844,489.8999938964844,166,Lumber,LBS=F
2021-08-27,485.20001220703125,504.8999938964844,475.5,504.5,300,Lumber,LBS=F
2021-08-30,483.5,498.5,481.1000061035156,486.6000061035156,209,Lumber,LBS=F
2021-08-31,482.79998779296875,492.0,472.0,483.70001220703125,116,Lumber,LBS=F
2021-09-01,477.5,485.0,470.0,482.1000061035156,119,Lumber,LBS=F
2021-09-02,516.9000244140625,520.9000244140625,481.8999938964844,481.8999938964844,278,Lumber,LBS=F
2021-09-03,547.2000122070312,555.0,516.7999877929688,520.9000244140625,149,Lumber,LBS=F
2021-09-07,518.0,587.4000244140625,511.1000061035156,545.0,83,Lumber,LBS=F
2021-09-08,497.5,514.0,496.3999938964844,510.0,71,Lumber,LBS=F
2021-09-09,500.6000061035156,510.0,497.6000061035156,497.6000061035156,32,Lumber,LBS=F
2021-09-10,508.20001220703125,530.0,508.0,514.0,77,Lumber,LBS=F
2021-09-13,505.6000061035156,515.0,500.0,514.9000244140625,44,Lumber,LBS=F
2021-09-14,471.0,514.0,470.0,514.0,75,Lumber,LBS=F
2021-09-15,454.3999938964844,463.0,454.3999938964844,461.3999938964844,172,Lumber,LBS=F
2021-09-16,593.9000244140625,599.7999877929688,578.2999877929688,599.7999877929688,90,Lumber,LBS=F
2021-09-17,634.0,635.9000244140625,617.0,617.0,237,Lumber,LBS=F
2021-09-20,593.5,623.0,592.0,623.0,163,Lumber,LBS=F
2021-09-21,602.0,618.0,594.2999877929688,603.2999877929688,190,Lumber,LBS=F
2021-09-22,627.0,628.7999877929688,598.0,602.9000244140625,153,Lumber,LBS=F
2021-09-23,638.7999877929688,659.7000122070312,632.7000122070312,639.2000122070312,230,Lumber,LBS=F
2021-09-24,643.0,655.4000244140625,633.5,645.0,148,Lumber,LBS=F
2021-09-27,642.0,657.5,635.0999755859375,647.9000244140625,98,Lumber,LBS=F
2021-09-28,615.7000122070312,642.0,603.5,634.0,214,Lumber,LBS=F
2021-09-29,606.5,624.5,603.0,616.0,162,Lumber,LBS=F
2021-09-30,627.5,648.5,596.0,600.5,310,Lumber,LBS=F
2021-10-01,625.0999755859375,644.5,607.9000244140625,637.0999755859375,212,Lumber,LBS=F
2021-10-04,632.7999877929688,635.0,622.0,622.0,74,Lumber,LBS=F
2021-10-05,640.5,655.0,620.2000122070312,634.0,130,Lumber,LBS=F
2021-10-06,634.7000122070312,648.7999877929688,626.0,646.7999877929688,84,Lumber,LBS=F
2021-10-07,676.7000122070312,676.7000122070312,630.0,631.2999877929688,234,Lumber,LBS=F
2021-10-08,720.7999877929688,725.0,670.0,678.9000244140625,478,Lumber,LBS=F
2021-10-11,760.4000244140625,762.7999877929688,725.0,725.0,340,Lumber,LBS=F
2021-10-12,730.5999755859375,789.5999755859375,720.0999755859375,758.9000244140625,362,Lumber,LBS=F
2021-10-13,758.2999877929688,769.5999755859375,719.2000122070312,730.0,210,Lumber,LBS=F
2021-10-14,772.0,781.5,750.2000122070312,758.2999877929688,178,Lumber,LBS=F
2021-10-15,759.9000244140625,779.7000122070312,746.0,765.9000244140625,162,Lumber,LBS=F
2021-10-18,749.0,780.0,745.0,760.0999755859375,151,Lumber,LBS=F
2021-10-19,707.0,760.5999755859375,707.0,754.7000122070312,352,Lumber,LBS=F
2021-10-20,676.2999877929688,700.0999755859375,675.0,689.9000244140625,240,Lumber,LBS=F
2021-10-21,679.0,691.5999755859375,662.0,676.0,194,Lumber,LBS=F
2021-10-22,667.5999755859375,697.9000244140625,662.4000244140625,679.0,174,Lumber,LBS=F
2021-10-25,660.0,680.0,650.4000244140625,668.0,270,Lumber,LBS=F
2021-10-26,648.4000244140625,657.2000122070312,644.0999755859375,657.2000122070312,235,Lumber,LBS=F
2021-10-27,630.0,642.0,624.0,642.0,195,Lumber,LBS=F
2021-10-28,613.5999755859375,632.4000244140625,610.7000122070312,621.7000122070312,167,Lumber,LBS=F
2021-10-29,591.5999755859375,616.7999877929688,588.5,610.5,186,Lumber,LBS=F
2021-11-01,573.0,595.2000122070312,571.0,595.2000122070312,89,Lumber,LBS=F
2021-11-02,579.5,583.4000244140625,565.7999877929688,575.0,61,Lumber,LBS=F
2021-11-03,609.2999877929688,624.0,579.7999877929688,579.7999877929688,103,Lumber,LBS=F
2021-11-04,606.0,620.0,600.0,609.2999877929688,47,Lumber,LBS=F
2021-11-05,615.0,616.2999877929688,590.0999755859375,605.2999877929688,38,Lumber,LBS=F
2021-11-08,591.0999755859375,629.9000244140625,591.0999755859375,595.5999755859375,57,Lumber,LBS=F
2021-11-09,587.5,598.0999755859375,587.5,592.0,33,Lumber,LBS=F
2021-11-10,586.5,590.0,580.0999755859375,588.0,47,Lumber,LBS=F
2021-11-11,550.0,590.0,531.0999755859375,589.5,48,Lumber,LBS=F
2021-11-12,540.0999755859375,570.7999877929688,530.0999755859375,565.9000244140625,70,Lumber,LBS=F
2021-11-15,536.0,550.0,531.0999755859375,531.0999755859375,120,Lumber,LBS=F
2021-11-16,667.0,667.0,649.0,649.0,162,Lumber,LBS=F
2021-11-17,712.0,712.0,697.0,697.2000122070312,132,Lumber,LBS=F
2021-11-18,757.0,757.0,702.2000122070312,735.7000122070312,532,Lumber,LBS=F
2021-11-19,801.9000244140625,802.0,748.0,764.5,636,Lumber,LBS=F
2021-11-22,772.5999755859375,831.7999877929688,772.0,800.5,449,Lumber,LBS=F
2021-11-23,779.4000244140625,789.2999877929688,760.0999755859375,780.0999755859375,175,Lumber,LBS=F
2021-11-24,791.5,804.5,777.0999755859375,783.0,126,Lumber,LBS=F
2021-11-26,766.2000122070312,779.5,764.2000122070312,770.7999877929688,147,Lumber,LBS=F
2021-11-29,794.5,796.2000122070312,769.5999755859375,773.0,219,Lumber,LBS=F
2021-11-30,824.5,824.5,804.7000122070312,804.7000122070312,377,Lumber,LBS=F
2021-12-01,869.5,869.5,854.5999755859375,854.5999755859375,274,Lumber,LBS=F
2021-12-02,914.5,914.5,872.0999755859375,898.5,332,Lumber,LBS=F
2021-12-03,906.7000122070312,939.9000244140625,897.4000244140625,925.0,344,Lumber,LBS=F
2021-12-06,936.7000122070312,936.7000122070312,902.7999877929688,902.7999877929688,102,Lumber,LBS=F
2021-12-07,949.2999877929688,977.5,900.7000122070312,971.0,360,Lumber,LBS=F
2021-12-08,979.2999877929688,979.2999877929688,950.5999755859375,950.5999755859375,124,Lumber,LBS=F
2021-12-09,1024.300048828125,1024.300048828125,1024.300048828125,1024.300048828125,84,Lumber,LBS=F
2021-12-10,1069.300048828125,1069.300048828125,1028.5999755859375,1069.300048828125,321,Lumber,LBS=F
2021-12-13,1114.300048828125,1114.300048828125,1073.0,1103.5,247,Lumber,LBS=F
2021-12-14,1105.4000244140625,1136.9000244140625,1080.0,1129.0,219,Lumber,LBS=F
2021-12-15,1109.5,1135.4000244140625,1085.199951171875,1099.0,270,Lumber,LBS=F
2021-12-16,1119.0999755859375,1125.0,1105.0,1122.0999755859375,255,Lumber,LBS=F
2021-12-17,1089.0999755859375,1115.0,1089.0999755859375,1105.0,229,Lumber,LBS=F
2021-12-20,1044.0999755859375,1063.0,1044.0999755859375,1063.0,189,Lumber,LBS=F
2021-12-21,1004.7999877929688,1043.699951171875,999.0999755859375,1038.5999755859375,421,Lumber,LBS=F
2021-12-22,1022.4000244140625,1025.0999755859375,990.2000122070312,1000.7000122070312,211,Lumber,LBS=F
2021-12-23,1052.4000244140625,1052.4000244140625,1026.199951171875,1026.199951171875,128,Lumber,LBS=F
2021-12-27,1097.4000244140625,1097.4000244140625,1070.0,1076.4000244140625,157,Lumber,LBS=F
2021-12-28,1142.4000244140625,1142.4000244140625,1126.800048828125,1128.0,174,Lumber,LBS=F
2021-12-29,1169.4000244140625,1172.0999755859375,1101.699951171875,1132.800048828125,185,Lumber,LBS=F
2021-12-30,1157.699951171875,1170.199951171875,1139.4000244140625,1160.0,96,Lumber,LBS=F
2021-12-31,1147.9000244140625,1151.0,1127.699951171875,1145.0,61,Lumber,LBS=F
2022-01-03,1112.0,1131.0,1109.0999755859375,1131.0,99,Lumber,LBS=F
2022-01-04,1133.0,1141.0,1107.0999755859375,1107.199951171875,92,Lumber,LBS=F
2022-01-05,1159.5,1162.800048828125,1139.699951171875,1139.699951171875,77,Lumber,LBS=F
2022-01-06,1191.4000244140625,1191.4000244140625,1154.0,1175.0,65,Lumber,LBS=F
2022-01-07,1188.0,1199.0,1174.0,1199.0,41,Lumber,LBS=F
2022-01-10,1160.0,1196.800048828125,1158.0,1196.800048828125,39,Lumber,LBS=F
2022-01-11,1204.9000244140625,1205.0,1155.0,1161.0,62,Lumber,LBS=F
2022-01-12,1212.0,1230.0,1200.0,1219.199951171875,88,Lumber,LBS=F
2022-01-13,1229.0999755859375,1244.699951171875,1217.0,1244.699951171875,84,Lumber,LBS=F
2022-01-14,1237.0999755859375,1289.0,1210.0,1270.0,242,Lumber,LBS=F
2022-01-18,1278.699951171875,1286.0,1278.699951171875,1279.699951171875,280,Lumber,LBS=F
2022-01-19,1233.699951171875,1311.5,1233.699951171875,1295.300048828125,364,Lumber,LBS=F
2022-01-20,1188.699951171875,1233.699951171875,1188.699951171875,1208.199951171875,307,Lumber,LBS=F
2022-01-21,1143.699951171875,1179.800048828125,1143.699951171875,1179.800048828125,245,Lumber,LBS=F
2022-01-24,1098.699951171875,1098.699951171875,1098.699951171875,1098.699951171875,85,Lumber,LBS=F
2022-01-25,1053.699951171875,1053.699951171875,1053.699951171875,1053.699951171875,49,Lumber,LBS=F
2022-01-26,1008.7000122070312,1008.7000122070312,1008.7000122070312,1008.7000122070312,79,Lumber,LBS=F
2022-01-27,994.9000244140625,1035.800048828125,963.7000122070312,963.7000122070312,999,Lumber,LBS=F
2022-01-28,1024.9000244140625,1024.9000244140625,984.0999755859375,1001.0999755859375,301,Lumber,LBS=F
2022-01-31,979.9000244140625,1053.699951171875,979.9000244140625,1049.9000244140625,244,Lumber,LBS=F
2022-02-01,934.9000244140625,962.9000244140625,934.9000244140625,962.7999877929688,297,Lumber,LBS=F
2022-02-02,979.9000244140625,979.9000244140625,900.9000244140625,911.9000244140625,281,Lumber,LBS=F
2022-02-03,1024.9000244140625,1024.9000244140625,1017.5,1019.0,149,Lumber,LBS=F
2022-02-04,1069.9000244140625,1069.9000244140625,1069.9000244140625,1069.9000244140625,57,Lumber,LBS=F
2022-02-07,1114.9000244140625,1114.9000244140625,1114.9000244140625,1114.9000244140625,95,Lumber,LBS=F
2022-02-08,1159.9000244140625,1159.9000244140625,1159.9000244140625,1159.9000244140625,69,Lumber,LBS=F
2022-02-09,1204.9000244140625,1204.9000244140625,1204.9000244140625,1204.9000244140625,143,Lumber,LBS=F
2022-02-10,1249.9000244140625,1249.9000244140625,1249.9000244140625,1249.9000244140625,129,Lumber,LBS=F
2022-02-11,1216.0,1294.9000244140625,1204.9000244140625,1294.9000244140625,695,Lumber,LBS=F
2022-02-14,1246.0,1246.0,1202.0,1207.9000244140625,221,Lumber,LBS=F
2022-02-15,1291.0,1291.0,1279.800048828125,1283.5,134,Lumber,LBS=F
2022-02-16,1320.4000244140625,1336.0,1285.0,1313.699951171875,432,Lumber,LBS=F
2022-02-17,1290.4000244140625,1316.0999755859375,1290.4000244140625,1301.0,285,Lumber,LBS=F
2022-02-18,1270.0,1319.9000244140625,1261.0,1275.0,249,Lumber,LBS=F
2022-02-22,1247.0,1293.800048828125,1241.5999755859375,1265.0,268,Lumber,LBS=F
2022-02-23,1277.0,1277.0,1242.699951171875,1252.0999755859375,201,Lumber,LBS=F
2022-02-24,1312.0,1314.5,1260.0,1277.699951171875,203,Lumber,LBS=F
2022-02-25,1312.4000244140625,1331.0999755859375,1295.0,1319.9000244140625,215,Lumber,LBS=F
2022-02-28,1336.699951171875,1341.0,1309.5,1310.0,136,Lumber,LBS=F
2022-03-01,1373.0,1379.5,1349.0,1349.0,150,Lumber,LBS=F
2022-03-02,1418.699951171875,1433.4000244140625,1395.0,1395.0,128,Lumber,LBS=F
2022-03-03,1464.4000244140625,1464.4000244140625,1438.0,1439.5,138,Lumber,LBS=F
2022-03-04,1441.0,1477.4000244140625,1396.0,1477.4000244140625,79,Lumber,LBS=F
2022-03-07,1456.0999755859375,1460.0,1441.0,1441.0,50,Lumber,LBS=F
2022-03-08,1386.4000244140625,1425.0,1385.0,1411.0,55,Lumber,LBS=F
2022-03-09,1350.5,1377.0999755859375,1335.9000244140625,1350.5999755859375,42,Lumber,LBS=F
2022-03-10,1348.5,1382.0,1344.0,1355.0,39,Lumber,LBS=F
2022-03-11,1410.0,1420.0,1310.0,1370.0,23,Lumber,LBS=F
2022-03-14,1410.0,1430.0,1348.0,1348.0,33,Lumber,LBS=F
2022-03-15,1420.0,1420.0,1420.0,1420.0,213,Lumber,LBS=F
2022-03-16,1150.0,1201.0,1125.0,1201.0,236,Lumber,LBS=F
2022-03-17,1207.0,1207.0,1150.0,1152.0,236,Lumber,LBS=F
2022-03-18,1185.300048828125,1246.0,1173.5,1223.4000244140625,181,Lumber,LBS=F
2022-03-21,1128.300048828125,1229.0,1128.300048828125,1201.300048828125,127,Lumber,LBS=F
2022-03-22,1111.300048828125,1130.0,1042.300048828125,1100.0,322,Lumber,LBS=F
2022-03-23,1054.300048828125,1089.800048828125,1054.300048828125,1085.199951171875,110,Lumber,LBS=F
2022-03-24,1020.0,1059.9000244140625,1003.4000244140625,1022.4000244140625,239,Lumber,LBS=F
2022-03-25,1008.0,1022.0,974.7999877929688,1016.2000122070312,250,Lumber,LBS=F
2022-03-28,999.5,1001.0,977.7999877929688,986.0,71,Lumber,LBS=F
2022-03-29,1054.0,1055.0,993.7999877929688,993.7999877929688,158,Lumber,LBS=F
2022-03-30,1001.7000122070312,1084.9000244140625,997.0,1075.0,184,Lumber,LBS=F
2022-03-31,965.2999877929688,1043.0,945.0,1012.7000122070312,285,Lumber,LBS=F
2022-04-01,964.9000244140625,984.7999877929688,929.5,955.2000122070312,320,Lumber,LBS=F
2022-04-04,966.5,993.2999877929688,945.2000122070312,965.0,121,Lumber,LBS=F
2022-04-05,938.4000244140625,977.7999877929688,935.0,973.9000244140625,129,Lumber,LBS=F
2022-04-06,881.4000244140625,925.0,881.4000244140625,925.0,174,Lumber,LBS=F
2022-04-07,892.9000244140625,896.7000122070312,846.7000122070312,864.9000244140625,349,Lumber,LBS=F
2022-04-08,949.9000244140625,949.9000244140625,890.0,891.0,242,Lumber,LBS=F
2022-04-11,886.2999877929688,992.5999755859375,870.0,971.0999755859375,229,Lumber,LBS=F
2022-04-12,874.2000122070312,890.0,829.2999877929688,862.0,248,Lumber,LBS=F
2022-04-13,883.7000122070312,902.5,844.7999877929688,876.5999755859375,177,Lumber,LBS=F
2022-04-14,889.0,904.7999877929688,862.0999755859375,880.2999877929688,160,Lumber,LBS=F
2022-04-18,923.9000244140625,924.2000122070312,871.7000122070312,887.9000244140625,187,Lumber,LBS=F
2022-04-19,938.5999755859375,951.5,920.2999877929688,945.4000244140625,156,Lumber,LBS=F
2022-04-20,995.5999755859375,995.5999755859375,945.7000122070312,960.0,249,Lumber,LBS=F
2022-04-21,1025.0,1041.4000244140625,989.7999877929688,1005.0999755859375,202,Lumber,LBS=F
2022-04-22,1002.5999755859375,1029.9000244140625,1000.0,1021.0999755859375,183,Lumber,LBS=F
2022-04-25,1015.0,1017.2999877929688,945.5999755859375,980.2000122070312,149,Lumber,LBS=F
2022-04-26,1034.800048828125,1049.4000244140625,1008.0,1009.0,175,Lumber,LBS=F
2022-04-27,1052.4000244140625,1062.800048828125,1026.0999755859375,1036.300048828125,190,Lumber,LBS=F
2022-04-28,1044.800048828125,1045.9000244140625,1020.0,1044.699951171875,81,Lumber,LBS=F
2022-04-29,1039.699951171875,1047.4000244140625,1023.0,1025.0,181,Lumber,LBS=F
2022-05-02,1034.699951171875,1054.0,1025.0,1033.9000244140625,91,Lumber,LBS=F
2022-05-03,1039.5,1045.0,1022.0,1036.0,103,Lumber,LBS=F
2022-05-04,1010.0,1025.5,980.0,1021.5999755859375,144,Lumber,LBS=F
2022-05-05,1020.0,1033.4000244140625,993.7999877929688,1010.0,131,Lumber,LBS=F
2022-05-06,1000.0999755859375,1005.0,985.0,990.0,147,Lumber,LBS=F
2022-05-09,1009.0,1015.0,975.0,1000.0999755859375,89,Lumber,LBS=F
2022-05-10,1022.0,1025.0,1008.0,1008.0,68,Lumber,LBS=F
2022-05-11,1007.5,1025.0,1007.5,1011.0,99,Lumber,LBS=F
2022-05-12,1004.0,1024.9000244140625,1000.0,1024.9000244140625,43,Lumber,LBS=F
2022-05-13,920.0,985.0,920.0,985.0,211,Lumber,LBS=F
2022-05-16,787.0,792.0,752.4000244140625,772.2000122070312,170,Lumber,LBS=F
2022-05-17,788.0,812.2000122070312,775.5,804.5,133,Lumber,LBS=F
2022-05-18,739.5,778.9000244140625,739.0,778.9000244140625,196,Lumber,LBS=F
2022-05-19,690.5,728.5,690.5,728.5,243,Lumber,LBS=F
2022-05-20,667.2999877929688,690.5,655.0,675.0,153,Lumber,LBS=F
2022-05-23,651.9000244140625,675.0,640.5999755859375,670.0999755859375,193,Lumber,LBS=F
2022-05-24,660.0,672.0,636.2999877929688,644.5,153,Lumber,LBS=F
2022-05-25,651.7999877929688,665.0,647.7999877929688,659.5,166,Lumber,LBS=F
2022-05-26,683.0,690.0,659.0999755859375,670.9000244140625,238,Lumber,LBS=F
2022-05-27,695.0999755859375,715.0,670.0,698.7000122070312,263,Lumber,LBS=F
2022-05-31,653.5,699.2000122070312,649.7999877929688,698.7999877929688,270,Lumber,LBS=F
2022-06-01,608.5999755859375,644.7999877929688,604.5,644.7999877929688,420,Lumber,LBS=F
2022-06-02,598.5,624.0,594.0,600.7999877929688,340,Lumber,LBS=F
2022-06-03,623.2999877929688,630.0,595.5999755859375,605.0,296,Lumber,LBS=F
2022-06-06,600.2999877929688,634.7000122070312,589.0,634.7000122070312,188,Lumber,LBS=F
2022-06-07,596.7999877929688,610.9000244140625,585.4000244140625,601.0999755859375,211,Lumber,LBS=F
2022-06-08,573.0,592.0,566.0999755859375,591.4000244140625,267,Lumber,LBS=F
2022-06-09,568.2999877929688,582.0,558.0999755859375,570.0,177,Lumber,LBS=F
2022-06-10,555.9000244140625,564.5,550.0,555.7999877929688,155,Lumber,LBS=F
2022-06-13,528.0,554.5999755859375,517.0,549.5999755859375,191,Lumber,LBS=F
2022-06-14,538.0,552.7000122070312,518.5,519.2999877929688,217,Lumber,LBS=F
2022-06-15,563.5,568.4000244140625,530.7999877929688,546.7000122070312,383,Lumber,LBS=F
2022-06-16,569.0,578.9000244140625,556.0,560.0999755859375,215,Lumber,LBS=F
2022-06-17,581.0999755859375,591.7999877929688,566.5999755859375,574.5,250,Lumber,LBS=F
2022-06-21,610.0999755859375,630.0999755859375,591.2000122070312,591.7999877929688,422,Lumber,LBS=F
2022-06-22,611.5999755859375,630.0999755859375,603.2999877929688,628.7999877929688,285,Lumber,LBS=F
2022-06-23,617.0,623.0,591.0999755859375,610.7000122070312,201,Lumber,LBS=F
2022-06-24,608.5999755859375,625.0,608.5,622.0,145,Lumber,LBS=F
2022-06-27,611.0,617.5,603.0999755859375,603.0999755859375,94,Lumber,LBS=F
2022-06-28,617.5999755859375,630.5,602.5,602.7999877929688,164,Lumber,LBS=F
2022-06-29,633.5999755859375,642.5,624.2000122070312,628.0,195,Lumber,LBS=F
2022-06-30,663.2999877929688,670.0,629.0999755859375,635.0,212,Lumber,LBS=F
2022-07-01,657.0,682.5999755859375,650.0,660.0,118,Lumber,LBS=F
2022-07-05,640.0,654.0,626.5999755859375,654.0,63,Lumber,LBS=F
2022-07-06,635.0,650.0,610.2999877929688,650.0,80,Lumber,LBS=F
2022-07-07,668.0,672.0,640.0,640.0,59,Lumber,LBS=F
2022-07-08,659.0,677.5,650.0,666.0999755859375,34,Lumber,LBS=F
2022-07-11,661.0999755859375,670.0,640.2999877929688,660.0,34,Lumber,LBS=F
2022-07-12,645.0,656.5999755859375,643.0,656.5999755859375,33,Lumber,LBS=F
2022-07-13,652.0,660.0,643.5,650.0,65,Lumber,LBS=F
2022-07-14,640.0,645.7000122070312,635.0,640.0,50,Lumber,LBS=F
2022-07-15,682.0,682.0,655.0,655.0,187,Lumber,LBS=F
2022-07-18,640.7999877929688,659.9000244140625,626.2000122070312,655.0,176,Lumber,LBS=F
2022-07-19,646.2999877929688,648.7000122070312,628.2000122070312,642.0999755859375,147,Lumber,LBS=F
2022-07-20,631.5999755859375,648.5,623.0999755859375,648.0999755859375,127,Lumber,LBS=F
2022-07-21,623.2000122070312,630.0,599.4000244140625,623.7999877929688,243,Lumber,LBS=F
2022-07-22,585.2999877929688,617.0,576.2000122070312,617.0,256,Lumber,LBS=F
2022-07-25,572.2000122070312,583.0,554.2999877929688,583.0,280,Lumber,LBS=F
2022-07-26,556.5999755859375,574.5,531.2000122070312,565.2999877929688,374,Lumber,LBS=F
2022-07-27,555.2000122070312,561.5999755859375,542.0,549.0,201,Lumber,LBS=F
2022-07-28,536.7000122070312,559.2000122070312,531.0,555.2000122070312,371,Lumber,LBS=F
2022-07-29,527.0999755859375,535.0999755859375,523.0999755859375,534.5999755859375,307,Lumber,LBS=F
2022-08-01,534.2000122070312,545.2000122070312,514.0999755859375,529.7999877929688,351,Lumber,LBS=F
2022-08-02,521.2000122070312,541.0,520.4000244140625,541.0,227,Lumber,LBS=F
2022-08-03,493.20001220703125,521.2999877929688,483.0,521.0,362,Lumber,LBS=F
2022-08-04,500.0,502.0,470.6000061035156,491.0,372,Lumber,LBS=F
2022-08-05,479.20001220703125,518.5,473.6000061035156,501.1000061035156,282,Lumber,LBS=F
2022-08-08,519.2999877929688,528.2000122070312,483.20001220703125,489.0,398,Lumber,LBS=F
2022-08-09,552.7999877929688,565.0,528.4000244140625,528.5,376,Lumber,LBS=F
2022-08-10,601.7999877929688,601.7999877929688,573.0,573.0,487,Lumber,LBS=F
2022-08-11,595.5999755859375,635.5999755859375,577.0999755859375,621.7000122070312,647,Lumber,LBS=F
2022-08-12,588.7000122070312,611.4000244140625,583.7999877929688,602.7000122070312,219,Lumber,LBS=F
2022-08-15,588.9000244140625,604.7000122070312,576.5999755859375,590.0999755859375,218,Lumber,LBS=F
2022-08-16,596.0999755859375,598.2999877929688,577.7999877929688,581.7999877929688,213,Lumber,LBS=F
2022-08-17,598.4000244140625,609.7000122070312,588.0,592.5,259,Lumber,LBS=F
2022-08-18,565.5,596.2000122070312,560.0,595.9000244140625,251,Lumber,LBS=F
2022-08-19,520.0,558.9000244140625,516.5999755859375,558.9000244140625,392,Lumber,LBS=F
2022-08-22,500.0,516.5999755859375,500.0,514.2999877929688,280,Lumber,LBS=F
2022-08-23,516.0,530.0,503.20001220703125,504.6000061035156,246,Lumber,LBS=F
2022-08-24,495.3999938964844,529.4000244140625,490.0,522.0,313,Lumber,LBS=F
2022-08-25,520.0,529.9000244140625,495.20001220703125,495.3999938964844,182,Lumber,LBS=F
2022-08-26,523.5999755859375,549.0,511.79998779296875,520.0,157,Lumber,LBS=F
2022-08-29,516.0,524.5,509.79998779296875,523.4000244140625,154,Lumber,LBS=F
2022-08-30,504.79998779296875,514.0,495.20001220703125,503.70001220703125,265,Lumber,LBS=F
2022-08-31,509.0,516.5,500.20001220703125,500.20001220703125,193,Lumber,LBS=F
2022-09-01,499.70001220703125,517.7000122070312,489.0,514.4000244140625,134,Lumber,LBS=F
2022-09-02,493.79998779296875,499.0,484.0,492.3999938964844,85,Lumber,LBS=F
2022-09-06,490.0,496.29998779296875,485.0,492.20001220703125,83,Lumber,LBS=F
2022-09-07,505.5,509.0,485.1000061035156,490.0,85,Lumber,LBS=F
2022-09-08,513.4000244140625,514.9000244140625,499.0,500.8999938964844,101,Lumber,LBS=F
2022-09-09,509.0,519.9000244140625,504.70001220703125,511.8999938964844,54,Lumber,LBS=F
2022-09-12,554.9000244140625,554.9000244140625,511.0,514.7000122070312,76,Lumber,LBS=F
2022-09-13,560.0,567.0,548.0,550.0,194,Lumber,LBS=F
2022-09-14,511.0,549.7000122070312,511.0,549.7000122070312,40,Lumber,LBS=F
2022-09-15,483.5,499.0,482.0,499.0,335,Lumber,LBS=F
2022-09-16,481.20001220703125,488.8999938964844,469.5,488.8999938964844,242,Lumber,LBS=F
2022-09-19,482.20001220703125,486.3999938964844,461.3999938964844,479.1000061035156,173,Lumber,LBS=F
2022-09-20,515.7000122070312,527.0,502.0,503.6000061035156,334,Lumber,LBS=F
2022-09-21,496.0,522.2000122070312,492.1000061035156,521.7000122070312,295,Lumber,LBS=F
2022-09-22,460.20001220703125,489.8999938964844,460.0,489.8999938964844,362,Lumber,LBS=F
2022-09-23,435.0,455.0,430.1000061035156,451.79998779296875,552,Lumber,LBS=F
2022-09-26,410.79998779296875,443.8999938964844,410.70001220703125,432.70001220703125,446,Lumber,LBS=F
2022-09-27,429.29998779296875,448.5,422.0,426.1000061035156,367,Lumber,LBS=F
2022-09-28,432.79998779296875,451.0,420.1000061035156,443.70001220703125,281,Lumber,LBS=F
2022-09-29,410.8999938964844,432.3999938964844,402.79998779296875,431.8999938964844,593,Lumber,LBS=F
2022-09-30,422.5,429.70001220703125,412.5,418.70001220703125,370,Lumber,LBS=F
2022-10-03,426.0,442.29998779296875,421.29998779296875,437.70001220703125,404,Lumber,LBS=F
2022-10-04,434.0,448.0,426.20001220703125,436.0,298,Lumber,LBS=F
2022-10-05,436.6000061035156,437.6000061035156,421.20001220703125,434.0,207,Lumber,LBS=F
2022-10-06,454.70001220703125,468.6000061035156,441.29998779296875,441.3999938964844,365,Lumber,LBS=F
2022-10-07,445.6000061035156,459.0,437.6000061035156,444.29998779296875,268,Lumber,LBS=F
2022-10-10,452.70001220703125,452.70001220703125,432.1000061035156,448.6000061035156,158,Lumber,LBS=F
2022-10-11,478.70001220703125,485.20001220703125,454.3999938964844,458.20001220703125,452,Lumber,LBS=F
2022-10-12,488.8999938964844,497.0,473.5,479.79998779296875,316,Lumber,LBS=F
2022-10-13,498.29998779296875,498.5,463.6000061035156,466.5,270,Lumber,LBS=F
2022-10-14,494.0,503.3999938964844,487.1000061035156,497.79998779296875,421,Lumber,LBS=F
2022-10-17,509.6000061035156,520.4000244140625,485.5,492.20001220703125,507,Lumber,LBS=F
2022-10-18,517.0999755859375,518.7000122070312,491.0,513.9000244140625,322,Lumber,LBS=F
2022-10-19,531.0999755859375,540.0,508.0,511.8999938964844,481,Lumber,LBS=F
2022-10-20,533.7000122070312,538.7999877929688,520.4000244140625,520.4000244140625,449,Lumber,LBS=F
2022-10-21,539.0,550.0,531.2000122070312,543.5,429,Lumber,LBS=F
2022-10-24,506.5,541.5,502.70001220703125,528.7000122070312,294,Lumber,LBS=F
2022-10-25,488.3999938964844,500.8999938964844,486.6000061035156,500.8999938964844,307,Lumber,LBS=F
2022-10-26,496.8999938964844,496.8999938964844,470.8999938964844,482.8999938964844,350,Lumber,LBS=F
2022-10-27,485.0,493.0,477.3999938964844,492.8999938964844,125,Lumber,LBS=F
2022-10-28,467.0,480.0,465.5,476.5,286,Lumber,LBS=F
2022-10-31,461.6000061035156,470.0,459.1000061035156,465.5,187,Lumber,LBS=F
2022-11-01,457.6000061035156,469.0,457.6000061035156,460.1000061035156,159,Lumber,LBS=F
2022-11-02,450.0,465.29998779296875,450.0,458.79998779296875,145,Lumber,LBS=F
2022-11-03,435.0,449.0,426.6000061035156,448.5,142,Lumber,LBS=F
2022-11-04,435.0,435.20001220703125,420.20001220703125,435.20001220703125,97,Lumber,LBS=F
2022-11-07,455.0,458.79998779296875,438.0,438.0,82,Lumber,LBS=F
2022-11-08,451.1000061035156,459.29998779296875,450.0,459.29998779296875,28,Lumber,LBS=F
2022-11-09,460.0,460.0,453.5,458.0,27,Lumber,LBS=F
2022-11-10,460.0,460.0,450.3999938964844,456.3999938964844,28,Lumber,LBS=F
2022-11-11,444.6000061035156,452.79998779296875,439.79998779296875,440.20001220703125,43,Lumber,LBS=F
2022-11-14,447.20001220703125,448.0,425.0,441.5,34,Lumber,LBS=F
2022-11-15,454.79998779296875,460.0,450.0,450.0,253,Lumber,LBS=F
2022-11-16,430.0,437.29998779296875,421.20001220703125,429.29998779296875,195,Lumber,LBS=F
2022-11-17,440.3999938964844,445.0,424.0,428.0,184,Lumber,LBS=F
2022-11-18,426.5,438.70001220703125,425.1000061035156,431.0,183,Lumber,LBS=F
2022-11-21,435.0,445.0,425.1000061035156,425.1000061035156,214,Lumber,LBS=F
2022-11-22,429.70001220703125,445.0,426.1000061035156,440.8999938964844,242,Lumber,LBS=F
2022-11-23,432.0,442.5,422.29998779296875,427.1000061035156,174,Lumber,LBS=F
2022-11-25,422.29998779296875,439.3999938964844,422.29998779296875,437.1000061035156,160,Lumber,LBS=F
2022-11-28,422.5,431.0,418.8999938964844,422.79998779296875,243,Lumber,LBS=F
2022-11-29,423.79998779296875,428.70001220703125,416.5,423.20001220703125,296,Lumber,LBS=F
2022-11-30,429.3999938964844,429.5,417.0,424.0,332,Lumber,LBS=F
2022-12-01,411.0,432.20001220703125,405.6000061035156,430.0,508,Lumber,LBS=F
2022-12-02,396.0,406.6000061035156,389.3999938964844,405.70001220703125,383,Lumber,LBS=F
2022-12-05,391.1000061035156,402.5,382.79998779296875,395.5,272,Lumber,LBS=F
2022-12-06,415.1000061035156,415.1000061035156,398.6000061035156,405.20001220703125,386,Lumber,LBS=F
2022-12-07,429.3999938964844,436.3999938964844,412.29998779296875,414.5,483,Lumber,LBS=F
2022-12-08,412.5,434.6000061035156,410.1000061035156,434.0,196,Lumber,LBS=F
2022-12-09,412.5,414.5,403.5,407.8999938964844,207,Lumber,LBS=F
2022-12-12,410.79998779296875,415.0,407.5,415.0,86,Lumber,LBS=F
2022-12-13,406.0,426.3999938964844,404.0,418.79998779296875,296,Lumber,LBS=F
2022-12-14,397.0,405.79998779296875,391.20001220703125,401.70001220703125,322,Lumber,LBS=F
2022-12-15,395.0,396.0,387.8999938964844,391.20001220703125,277,Lumber,LBS=F
2022-12-16,388.3999938964844,391.8999938964844,379.70001220703125,390.0,348,Lumber,LBS=F
2022-12-19,376.29998779296875,389.79998779296875,370.3999938964844,387.20001220703125,547,Lumber,LBS=F
2022-12-20,375.1000061035156,380.8999938964844,362.3999938964844,374.8999938964844,604,Lumber,LBS=F
2022-12-21,377.8999938964844,378.79998779296875,368.3999938964844,375.1000061035156,358,Lumber,LBS=F
2022-12-22,381.5,381.8999938964844,372.0,372.0,230,Lumber,LBS=F
2022-12-23,384.0,387.79998779296875,379.3999938964844,380.20001220703125,269,Lumber,LBS=F
2022-12-27,396.3999938964844,401.79998779296875,377.6000061035156,381.6000061035156,379,Lumber,LBS=F
2022-12-28,393.6000061035156,400.70001220703125,391.70001220703125,396.79998779296875,257,Lumber,LBS=F
2022-12-29,383.79998779296875,396.0,380.3999938964844,396.0,113,Lumber,LBS=F
2022-12-30,373.70001220703125,381.6000061035156,370.70001220703125,381.6000061035156,145,Lumber,LBS=F
2023-01-03,363.5,370.20001220703125,362.0,370.20001220703125,124,Lumber,LBS=F
2023-01-04,360.5,370.0,360.5,366.0,138,Lumber,LBS=F
2023-01-05,354.1000061035156,361.79998779296875,352.1000061035156,359.5,168,Lumber,LBS=F
2023-01-06,354.0,359.5,349.0,359.5,162,Lumber,LBS=F
2023-01-09,350.0,359.0,348.6000061035156,359.0,110,Lumber,LBS=F
2023-01-10,348.0,350.0,342.3999938964844,350.0,101,Lumber,LBS=F
2023-01-11,345.0,359.0,340.20001220703125,345.8999938964844,95,Lumber,LBS=F
2023-01-12,351.79998779296875,355.0,338.0,340.79998779296875,44,Lumber,LBS=F
2023-01-13,344.0,359.0,342.0,350.0,575,Lumber,LBS=F
2023-01-17,429.8999938964844,448.0,426.1000061035156,430.0,456,Lumber,LBS=F
2023-01-18,426.20001220703125,438.0,422.0,430.5,292,Lumber,LBS=F
2023-01-19,431.29998779296875,438.79998779296875,419.0,423.6000061035156,294,Lumber,LBS=F
2023-01-20,430.79998779296875,435.0,425.0,428.29998779296875,165,Lumber,LBS=F
2023-01-23,434.8999938964844,437.70001220703125,422.0,426.70001220703125,208,Lumber,LBS=F
2023-01-24,458.8999938964844,458.8999938964844,438.29998779296875,438.29998779296875,544,Lumber,LBS=F
2023-01-25,464.20001220703125,481.3999938964844,461.6000061035156,468.0,672,Lumber,LBS=F
2023-01-26,488.20001220703125,488.20001220703125,488.20001220703125,488.20001220703125,105,Lumber,LBS=F
2023-01-27,492.5,524.2000122070312,490.5,517.0,765,Lumber,LBS=F
2023-01-30,516.5,516.5,496.0,496.0,346,Lumber,LBS=F
2023-01-31,524.0999755859375,528.0999755859375,505.8999938964844,514.9000244140625,499,Lumber,LBS=F
2023-02-01,509.6000061035156,533.7000122070312,506.8999938964844,524.9000244140625,381,Lumber,LBS=F
2023-02-02,512.2000122070312,514.2000122070312,503.6000061035156,508.79998779296875,341,Lumber,LBS=F
2023-02-03,499.79998779296875,515.0,495.1000061035156,507.0,307,Lumber,LBS=F
2023-02-06,486.70001220703125,498.79998779296875,476.20001220703125,495.29998779296875,265,Lumber,LBS=F
2023-02-07,469.5,484.8999938964844,469.1000061035156,484.8999938964844,235,Lumber,LBS=F
2023-02-08,454.1000061035156,464.0,448.1000061035156,463.0,305,Lumber,LBS=F
2023-02-09,433.6000061035156,453.0,433.0,443.0,276,Lumber,LBS=F
2023-02-10,419.6000061035156,434.5,417.3999938964844,434.5,452,Lumber,LBS=F
2023-02-13,414.1000061035156,423.29998779296875,408.1000061035156,416.70001220703125,367,Lumber,LBS=F
2023-02-14,402.70001220703125,419.3999938964844,402.1000061035156,419.3999938964844,385,Lumber,LBS=F
2023-02-15,400.8999938964844,405.20001220703125,390.29998779296875,399.0,423,Lumber,LBS=F
2023-02-16,389.3999938964844,404.3999938964844,388.20001220703125,404.0,503,Lumber,LBS=F
2023-02-17,382.1000061035156,388.0,376.6000061035156,388.0,376,Lumber,LBS=F
2023-02-21,379.70001220703125,383.8999938964844,376.29998779296875,378.6000061035156,222,Lumber,LBS=F
2023-02-22,374.0,381.29998779296875,371.29998779296875,378.29998779296875,241,Lumber,LBS=F
2023-02-23,372.6000061035156,378.29998779296875,370.3999938964844,375.1000061035156,181,Lumber,LBS=F
2023-02-24,387.1000061035156,388.8999938964844,373.0,373.79998779296875,320,Lumber,LBS=F
2023-02-27,395.70001220703125,402.5,388.0,388.0,398,Lumber,LBS=F
2023-02-28,402.79998779296875,406.8999938964844,394.8999938964844,395.70001220703125,258,Lumber,LBS=F
2023-03-01,376.70001220703125,395.6000061035156,374.0,390.0,103,Lumber,LBS=F
2023-03-02,371.79998779296875,375.0,360.3999938964844,370.20001220703125,140,Lumber,LBS=F
2023-03-03,370.79998779296875,371.5,360.5,365.0,222,Lumber,LBS=F
2023-03-06,370.0,376.0,367.0,367.0,96,Lumber,LBS=F
2023-03-07,364.5,367.0,361.0,365.20001220703125,176,Lumber,LBS=F
2023-03-08,363.5,370.0,360.0,360.0,75,Lumber,LBS=F
2023-03-09,362.0,370.1000061035156,362.0,362.5,62,Lumber,LBS=F
2023-03-10,356.0,359.0,352.79998779296875,359.0,43,Lumber,LBS=F
2023-03-13,353.6000061035156,358.5,350.0,353.8999938964844,59,Lumber,LBS=F
2023-03-14,344.0,359.8999938964844,336.5,350.29998779296875,70,Lumber,LBS=F
2023-03-15,347.5,348.79998779296875,347.0,348.79998779296875,229,Lumber,LBS=F
2023-03-16,438.6000061035156,438.6000061035156,415.0,415.0,257,Lumber,LBS=F
2023-03-17,451.5,456.6000061035156,440.0,445.0,582,Lumber,LBS=F
2023-03-20,444.3999938964844,468.0,440.0,450.1000061035156,402,Lumber,LBS=F
2023-03-21,440.70001220703125,448.70001220703125,437.0,442.29998779296875,232,Lumber,LBS=F
2023-03-22,431.5,441.3999938964844,425.70001220703125,441.3999938964844,291,Lumber,LBS=F
2023-03-23,411.20001220703125,431.29998779296875,407.6000061035156,428.79998779296875,270,Lumber,LBS=F
2023-03-24,413.5,416.5,406.29998779296875,411.1000061035156,225,Lumber,LBS=F
2023-03-27,397.8999938964844,409.8999938964844,393.8999938964844,407.70001220703125,274,Lumber,LBS=F
2023-03-28,382.20001220703125,397.5,382.0,397.5,454,Lumber,LBS=F
2023-03-29,376.1000061035156,383.5,373.79998779296875,383.3999938964844,375,Lumber,LBS=F
2023-03-30,376.6000061035156,384.79998779296875,373.1000061035156,377.0,259,Lumber,LBS=F
2023-03-31,371.3999938964844,380.6000061035156,368.6000061035156,376.6000061035156,311,Lumber,LBS=F
2023-04-03,370.70001220703125,379.3999938964844,370.20001220703125,374.29998779296875,213,Lumber,LBS=F
2023-04-04,377.1000061035156,378.1000061035156,373.3999938964844,376.1000061035156,154,Lumber,LBS=F
2023-04-05,384.0,391.20001220703125,375.6000061035156,379.5,270,Lumber,LBS=F
2023-04-06,384.8999938964844,385.8999938964844,372.70001220703125,381.0,0,Lumber,LBS=F
2023-04-10,382.70001220703125,395.70001220703125,379.5,382.70001220703125,207,Lumber,LBS=F
2023-04-11,385.20001220703125,386.0,379.29998779296875,384.70001220703125,155,Lumber,LBS=F
2023-04-12,387.5,389.79998779296875,384.1000061035156,386.1000061035156,91,Lumber,LBS=F
2023-04-13,411.3999938964844,411.5,387.6000061035156,387.6000061035156,316,Lumber,LBS=F
2023-04-14,419.29998779296875,421.3999938964844,409.1000061035156,416.70001220703125,478,Lumber,LBS=F
2023-04-17,427.5,439.79998779296875,416.5,416.6000061035156,660,Lumber,LBS=F
2023-04-18,403.5,423.79998779296875,403.5,420.5,511,Lumber,LBS=F
2023-04-19,399.8999938964844,402.8999938964844,394.5,400.0,246,Lumber,LBS=F
2023-04-20,398.5,410.3999938964844,395.1000061035156,400.1000061035156,323,Lumber,LBS=F
2023-04-21,398.1000061035156,405.5,390.0,398.8999938964844,181,Lumber,LBS=F
2023-04-24,382.6000061035156,393.70001220703125,382.0,391.0,187,Lumber,LBS=F
2023-04-25,363.70001220703125,382.70001220703125,362.70001220703125,380.0,323,Lumber,LBS=F
2023-04-26,349.0,364.70001220703125,348.0,363.70001220703125,162,Lumber,LBS=F
2023-04-27,353.29998779296875,353.79998779296875,336.1000061035156,348.0,167,Lumber,LBS=F
2023-04-28,351.79998779296875,356.5,345.20001220703125,355.70001220703125,63,Lumber,LBS=F
2023-05-01,341.0,348.0,339.5,345.6000061035156,127,Lumber,LBS=F
2023-05-02,341.0,342.0,335.1000061035156,336.5,112,Lumber,LBS=F
2023-05-03,344.0,351.6000061035156,338.1000061035156,338.1000061035156,207,Lumber,LBS=F
2023-05-04,352.6000061035156,366.3999938964844,340.5,341.0,118,Lumber,LBS=F
2023-05-05,358.5,363.70001220703125,353.6000061035156,353.70001220703125,118,Lumber,LBS=F
2023-05-08,358.0,359.6000061035156,352.0,359.0,49,Lumber,LBS=F
2023-05-09,344.0,357.0,339.0,357.0,38,Lumber,LBS=F
2023-05-10,348.8999938964844,355.0,342.6000061035156,345.0,54,Lumber,LBS=F
2023-05-11,345.0,349.5,326.6000061035156,338.0,51,Lumber,LBS=F
2023-05-12,339.0,360.0,339.0,345.5,73,Lumber,LBS=F
2023-05-15,344.0,344.0,335.0,337.1000061035156,73,Lumber,LBS=F
