date,open_interest,managed_long,managed_short,producer_long,producer_short,swap_long,swap_short,other_long,other_short,managed_net,producer_net,swap_net,other_net,managed_net_pct,producer_net_pct,swap_net_pct,format
2000-01-04,394371,53801,50708,235685,203693,,,78246,113331,3093,31992,,-35085,0.7842868770776756,8.112158348357259,,Legacy
2000-01-11,414897,64791,41886,231859,225888,,,86593,115469,22905,5971,,-28876,5.520647293183609,1.4391523679371026,,Legacy
2000-01-18,462504,114903,24301,220147,271462,,,91292,130579,90602,-51315,,-39287,19.58945219933233,-11.09503917803954,,Legacy
2000-01-25,475713,129770,20288,207463,278286,,,97954,136613,109482,-70823,,-38659,23.014296435035412,-14.887757954901378,,Legacy
2000-02-01,483145,127859,19809,219608,279539,,,92078,140197,108050,-59931,,-48119,22.36388661788904,-12.404350660774716,,Legacy
2000-02-08,482868,125701,20401,216610,279298,,,96391,139003,105300,-62688,,-42612,21.807201968239767,-12.982429980864335,,Legacy
2000-02-15,488190,133662,21255,214423,282029,,,96461,141262,112407,-67606,,-44801,23.025256559945923,-13.848296769700323,,Legacy
2000-02-22,483070,121598,25418,222945,275582,,,97510,141053,96180,-52637,,-43543,19.910157948123462,-10.896350425404187,,Legacy
2000-02-29,452108,105493,37191,210139,240077,,,94891,133255,68302,-29938,,-38364,15.107452201686321,-6.621869110920399,,Legacy
2000-03-07,451888,112163,30259,209495,254478,,,94517,131438,81904,-44983,,-36921,18.124845094359664,-9.954457741741317,,Legacy
2000-03-14,483635,144068,19852,202271,292136,,,99304,133655,124216,-89865,,-34351,25.683831815315266,-18.581161413049095,,Legacy
2000-03-21,503995,151476,18411,204869,307383,,,105816,136367,133065,-102514,,-30551,26.402047639361502,-20.340281153582872,,Legacy
2000-03-28,506215,129133,21778,223518,305300,,,109214,134787,107355,-81782,,-25573,21.207392115998143,-16.155586065209445,,Legacy
2000-04-04,497499,123592,20210,215973,289588,,,111566,141333,103382,-73615,,-29767,20.780343277071914,-14.797014667366165,,Legacy
2000-04-11,490359,110780,21241,217003,279776,,,115058,141824,89539,-62773,,-26766,18.259887143908852,-12.80143731429422,,Legacy
2000-04-18,489799,107952,26419,218655,281071,,,116248,135365,81533,-62416,,-19117,16.646216100890364,-12.743186490784996,,Legacy
2000-04-25,476104,103846,22575,208366,278219,,,118291,129709,81271,-69853,,-11418,17.070009913800348,-14.671794397862653,,Legacy
2000-05-02,477479,129246,16366,183730,282658,,,109823,123775,112880,-98928,,-13952,23.640830277352514,-20.718816953206318,,Legacy
2000-05-09,490129,136672,13342,188495,300759,,,114976,126042,123330,-112264,,-11066,25.162763272526213,-22.904990318875235,,Legacy
2000-05-16,473316,113060,14798,190000,284756,,,117995,121501,98262,-94756,,-3506,20.760337702507417,-20.019606351781896,,Legacy
2000-05-23,468140,112128,18833,184043,276778,,,121573,122133,93295,-92735,,-560,19.928867432819242,-19.80924509762037,,Legacy
2000-05-30,451502,90376,32591,195302,240770,,,111987,124304,57785,-45468,,-12317,12.798392919632692,-10.070387285106158,,Legacy
2000-06-06,449641,83307,42910,197735,233060,,,115113,120185,40397,-35325,,-5072,8.984278568902747,-7.856267555672192,,Legacy
2000-06-13,457972,77438,47718,213837,234325,,,110320,119552,29720,-20488,,-9232,6.489479706182911,-4.4736359428087304,,Legacy
2000-06-20,449060,66809,53475,219568,228998,,,110712,114616,13334,-9430,,-3904,2.9693136774595823,-2.0999421012782253,,Legacy
2000-06-27,431659,51552,48828,221483,214326,,,106749,116630,2724,7157,,-9881,0.6310536789456492,1.658021725482383,,Legacy
2000-07-05,399338,45969,51496,210013,190950,,,92845,106381,-5527,19063,,-13536,-1.3840405871717694,4.773650391397764,,Legacy
2000-07-11,391223,48592,53973,205590,179864,,,92361,112706,-5381,25726,,-20345,-1.3754303811381232,6.575789255744166,,Legacy
2000-07-18,389642,37347,66618,219669,171616,,,92373,111155,-29271,48053,,-18782,-7.512280503641805,12.332602748163698,,Legacy
2000-07-25,385245,39121,61245,213507,175702,,,94353,110034,-22124,37805,,-15681,-5.7428389726018505,9.813235733104907,,Legacy
2000-08-01,395295,30459,69240,225435,175946,,,98006,108714,-38781,49489,,-10708,-9.810647744089856,12.519510745139705,,Legacy
2000-08-08,388462,27238,73208,226081,165557,,,93435,107989,-45970,60524,,-14554,-11.833847326121989,15.580417132177665,,Legacy
2000-08-15,396522,21862,82675,238306,163001,,,93682,108174,-60813,75305,,-14492,-15.33660175223569,18.99138004953067,,Legacy
2000-08-22,386898,24122,76504,235051,163509,,,89746,108906,-52382,71542,,-19160,-13.53896892721079,18.491178553520566,,Legacy
2000-08-29,377046,27442,71672,223804,159011,,,100013,120576,-44230,64793,,-20563,-11.730664162993374,17.18437538125322,,Legacy
2000-09-05,357103,28793,60453,213504,159678,,,82396,104562,-31660,53826,,-22166,-8.865789422099505,15.072962142575111,,Legacy
2000-09-12,353544,28721,62732,210543,154068,,,84165,106629,-34011,56475,,-22464,-9.62001900753513,15.973966465277305,,Legacy
2000-09-19,355570,28816,68220,215200,148579,,,81568,108785,-39404,66621,,-27217,-11.08192479680513,18.736395083949713,,Legacy
2000-09-26,359820,36547,60702,210536,162002,,,83738,108117,-24155,48534,,-24379,-6.713078761603024,13.488410872102719,,Legacy
2000-10-03,372610,43185,50155,206465,180607,,,90024,108912,-6970,25858,,-18888,-1.8705885510319102,6.939695660341913,,Legacy
2000-10-10,383007,56531,43840,201751,198212,,,92364,108594,12691,3539,,-16230,3.313516463145582,0.9240039999268942,,Legacy
2000-10-17,400253,65643,35503,201863,216746,,,98571,113828,30140,-14883,,-15257,7.5302371250184255,-3.7183981131934054,,Legacy
2000-10-24,409896,68209,34578,212324,227527,,,96065,114493,33631,-15203,,-18428,8.204764135292855,-3.708989597361282,,Legacy
2000-10-31,433534,77399,39198,219954,241011,,,98088,115232,38201,-21057,,-17144,8.811534966115692,-4.857058500602029,,Legacy
2000-11-07,462195,96436,28592,221140,279214,,,106049,115819,67844,-58074,,-9770,14.678652949512653,-12.564826534255022,,Legacy
2000-11-14,465100,103792,30004,221450,278336,,,100374,117276,73788,-56886,,-16902,15.864975274134594,-12.230918082132874,,Legacy
2000-11-21,459375,93907,28959,222425,271595,,,104417,120195,64948,-49170,,-15778,14.138340136054422,-10.703673469387756,,Legacy
2000-11-28,440698,90414,32524,217507,254563,,,95119,115953,57890,-37056,,-20834,13.135979741228688,-8.408479276057527,,Legacy
2000-12-05,418572,93932,38892,204241,239991,,,85797,105087,55040,-35750,,-19290,13.149470103112487,-8.540943971407547,,Legacy
2000-12-12,409551,87679,45081,206167,227014,,,85246,106997,42598,-20847,,-21751,10.40114662154408,-5.090208545455877,,Legacy
2000-12-19,408982,97745,32685,194279,243086,,,90052,106305,65060,-48807,,-16253,15.90779056290986,-11.9337770366422,,Legacy
2000-12-26,409088,100389,31429,191949,247573,,,90140,103476,68960,-55624,,-13336,16.85700876095119,-13.597074468085108,,Legacy
2001-01-02,441230,124806,30284,193035,271132,,,94632,111057,94522,-78097,,-16425,21.422387416993406,-17.699839086190874,,Legacy
2001-01-09,439236,122751,26692,190728,272078,,,95594,110303,96059,-81350,,-14709,21.869564425502464,-18.520795198936334,,Legacy
2001-01-16,447139,94976,35507,220566,254899,,,91382,116518,59469,-34333,,-25136,13.29989108532246,-7.67837294443115,,Legacy
2001-01-23,457048,86209,44887,233983,250656,,,93906,118555,41322,-16673,,-24649,9.041063520680542,-3.6479757049587787,,Legacy
2001-01-30,477702,73085,59408,260078,243704,,,94622,124673,13677,16374,,-30051,2.8630820050994132,3.4276599218759816,,Legacy
2001-02-06,484877,77040,66994,259207,242439,,,95137,121951,10046,16768,,-26814,2.0718656484015536,3.4581966148115915,,Legacy
2001-02-13,481111,70826,66106,261648,240774,,,98991,124585,4720,20874,,-25594,0.9810625822315433,4.3387076994706,,Legacy
2001-02-20,453950,62753,62167,242839,223960,,,101051,120516,586,18879,,-19465,0.12908910672981605,4.158828064764842,,Legacy
2001-02-27,441403,65498,63391,225653,209171,,,100158,118747,2107,16482,,-18589,0.477341567683047,3.7340027140730805,,Legacy
2001-03-06,431280,76581,52451,208572,220109,,,102884,115477,24130,-11537,,-12593,5.594973103320348,-2.6750602856612873,,Legacy
2001-03-13,429532,71104,53205,217394,222956,,,102168,114505,17899,-5562,,-12337,4.16709348779602,-1.2948977026158703,,Legacy
2001-03-20,448813,76515,72217,228800,210044,,,98174,121228,4298,18756,,-23054,0.9576371450916082,4.179023334885576,,Legacy
2001-03-27,444317,69048,77979,232353,198113,,,94884,120193,-8931,34240,,-25309,-2.0100513822338555,7.706209755647432,,Legacy
2001-04-03,456124,66032,79363,238778,200256,,,97439,122630,-13331,38522,,-25191,-2.9226701510992625,8.445510431373924,,Legacy
2001-04-10,456567,65555,76323,235732,203184,,,98861,120641,-10768,32548,,-21780,-2.358470936357643,7.1288551296961895,,Legacy
2001-04-17,462260,66179,72021,237038,211708,,,100543,120031,-5842,25330,,-19488,-1.2637909401635443,5.4796002249816125,,Legacy
2001-04-24,453768,44938,76788,248804,192330,,,95902,120526,-31850,56474,,-24624,-7.01900530667654,12.445566897621692,,Legacy
2001-05-01,425533,46202,75726,228191,177190,,,88443,109920,-29524,51001,,-21477,-6.938122307788115,11.985204437728683,,Legacy
2001-05-08,425030,49508,82197,224722,177319,,,92625,107339,-32689,47403,,-14714,-7.690986518598687,11.152859798131896,,Legacy
2001-05-15,422832,49156,80643,222881,176198,,,93848,109044,-31487,46683,,-15196,-7.44669277632724,11.040555114087864,,Legacy
2001-05-22,420157,49030,83613,225130,178212,,,87640,99975,-34583,46918,,-12335,-8.230970803770973,11.166778132936022,,Legacy
2001-05-29,430772,50609,82720,227164,181752,,,90423,103724,-32111,45412,,-13301,-7.454291365269795,10.542003658547909,,Legacy
2001-06-05,426877,54519,77182,219983,185486,,,90101,101935,-22663,34497,,-11834,-5.309023442349904,8.081250571007574,,Legacy
2001-06-12,426222,57986,75490,215505,187297,,,91334,102038,-17504,28208,,-10704,-4.106780034817536,6.618147350441789,,Legacy
2001-06-19,432700,53209,78679,224269,191790,,,93441,100450,-25470,32479,,-7009,-5.886295354749249,7.5061243355673675,,Legacy
2001-06-26,418125,42861,78694,222195,178110,,,92201,100453,-35833,44085,,-8252,-8.569925261584455,10.543497757847534,,Legacy
2001-07-03,387061,44573,74971,205828,168232,,,82426,89624,-30398,37596,,-7198,-7.853542464882795,9.713197661350536,,Legacy
2001-07-10,383868,46519,51861,194096,181824,,,85915,92845,-5342,12272,,-6930,-1.3916242041535112,3.1969322788041725,,Legacy
2001-07-17,398036,71239,27408,190562,227401,,,89175,96167,43831,-36839,,-6992,11.011818026510165,-9.255192997618305,,Legacy
2001-07-24,390078,65703,27675,195724,219301,,,83074,97525,38028,-23577,,-14451,9.748819466875856,-6.04417578022857,,Legacy
2001-07-31,388024,62103,25983,199216,217567,,,78599,96368,36120,-18351,,-17769,9.308702554481165,-4.7293466383522675,,Legacy
2001-08-07,390458,64347,28925,198620,218273,,,80455,96224,35422,-19653,,-15769,9.071910423144104,-5.033319844900092,,Legacy
2001-08-14,395100,76621,22866,191491,231599,,,83533,97180,53755,-40108,,-13647,13.605416350291065,-10.151354087572766,,Legacy
2001-08-21,398357,74742,24820,192581,233039,,,85235,94699,49922,-40458,,-9464,12.531975087672615,-10.156216659930665,,Legacy
2001-08-28,371734,64670,25520,182371,212587,,,88747,97681,39150,-30216,,-8934,10.531724297481533,-8.128392883083064,,Legacy
2001-09-04,351208,68471,22505,166787,203404,,,83562,92911,45966,-36617,,-9349,13.087970661260565,-10.42601535272545,,Legacy
2001-09-10,349898,69283,23488,160114,197130,,,88866,97645,45795,-37016,,-8779,13.088099960559935,-10.579083047059429,,Legacy
2001-09-18,366262,68898,35027,184131,198698,,,83313,102617,33871,-14567,,-19304,9.24775160950358,-3.977207572721167,,Legacy
2001-09-25,390379,69424,46531,202739,199317,,,81805,108120,22893,3422,,-26315,5.864301102262161,0.8765840375634959,,Legacy
2001-10-02,407446,72501,65263,214734,189694,,,81045,113323,7238,25040,,-32278,1.7764317234676499,6.1455996622865365,,Legacy
2001-10-09,409445,69440,68429,215539,185136,,,82405,113819,1011,30403,,-31414,0.2469196106925228,7.425417333219358,,Legacy
2001-10-16,413994,62228,68998,221223,178840,,,83281,118894,-6770,42383,,-35613,-1.6352894003294733,10.237587984366924,,Legacy
2001-10-23,424669,62228,74986,225231,179271,,,87829,121031,-12758,45960,,-33202,-3.0042221118094328,10.822546500921893,,Legacy
2001-10-30,444351,71205,87507,229939,180773,,,90544,123408,-16302,49166,,-32864,-3.668721348663557,11.06467634820221,,Legacy
2001-11-06,469007,75581,91063,248781,200899,,,92381,124781,-15482,47882,,-32400,-3.3010168291731254,10.209229286556491,,Legacy
2001-11-13,470781,80374,81799,246010,215272,,,93873,123186,-1425,30738,,-29313,-0.3026885112185921,6.529150496727778,,Legacy
2001-11-20,473320,86930,77216,235114,227469,,,103251,120610,9714,7645,,-17359,2.0523113327135976,1.6151863432772755,,Legacy
2001-11-27,448148,66335,83531,242134,207062,,,96512,114388,-17196,35072,,-17876,-3.8371252354133008,7.825986058177209,,Legacy
2001-12-04,412118,85056,72304,214911,204166,,,85386,108883,12752,10745,,-23497,3.094259411139528,2.607262968373136,,Legacy
2001-12-11,416458,96515,71183,212349,214893,,,84076,106864,25332,-2544,,-22788,6.0827262292956314,-0.6108659216535641,,Legacy
2001-12-18,410800,89240,77529,212342,201853,,,84334,106534,11711,10489,,-22200,2.8507789678675755,2.553310613437196,,Legacy
2001-12-21,420413,92403,87451,216343,198459,,,86799,109635,4952,17884,,-22836,1.1778893611757963,4.2539122244079035,,Legacy
2001-12-28,424501,90989,97661,222786,189710,,,84621,111025,-6672,33076,,-26404,-1.5717277462243904,7.791736650797053,,Legacy
2002-01-08,445525,97559,104440,229062,200905,,,90359,111635,-6881,28157,,-21276,-1.5444700072947646,6.319959598226811,,Legacy
2002-01-15,459614,101754,103280,232821,213187,,,93768,111876,-1526,19634,,-18108,-0.3320177366224702,4.271845505141271,,Legacy
2002-01-22,465591,102895,101740,234624,219374,,,96602,113007,1155,15250,,-16405,0.2480718055117045,3.2754069558904706,,Legacy
2002-01-29,472130,98891,110963,242186,213199,,,96871,113786,-12072,28987,,-16915,-2.5569228814097813,6.139622561582615,,Legacy
2002-02-05,476961,99377,119017,244111,206084,,,97527,115914,-19640,38027,,-18387,-4.117737089615294,7.972769262057065,,Legacy
2002-02-12,469962,96131,120628,235944,195955,,,98863,114355,-24497,39989,,-15492,-5.212549099714445,8.508985832897128,,Legacy
2002-02-19,461087,96682,111958,226903,194939,,,99134,115822,-15276,31964,,-16688,-3.313040705983903,6.93231429209672,,Legacy
2002-02-26,452204,71957,119674,238798,173663,,,97138,114556,-47717,65135,,-17418,-10.552095956692112,14.403897356060538,,Legacy
2002-03-05,428020,72280,117458,224500,163142,,,91208,107388,-45178,61358,,-16180,-10.555114246997805,14.335311434045138,,Legacy
2002-03-12,427939,73693,110552,220440,172470,,,94758,105869,-36859,47970,,-11111,-8.613143462035477,11.209541546809241,,Legacy
2002-03-19,430984,72114,113035,220987,169758,,,96337,106645,-40921,51229,,-10308,-9.494784029105489,11.88652014923988,,Legacy
2002-03-26,437776,71425,114678,225151,171576,,,96890,107212,-43253,53575,,-10322,-9.88016702605899,12.237993859873542,,Legacy
2002-04-02,437224,65927,113553,226004,168260,,,98568,108686,-47626,57744,,-10118,-10.892814667081405,13.20696027665453,,Legacy
2002-04-09,437622,65315,106609,223872,172671,,,98192,108099,-41294,51201,,-9907,-9.435997276188125,11.699823135034345,,Legacy
2002-04-16,433206,66012,104877,216913,165561,,,96040,108527,-38865,51352,,-12487,-8.97148238944059,11.853944774541441,,Legacy
2002-04-23,425875,70847,100660,208071,168899,,,95216,104575,-29813,39172,,-9359,-7.000410918696801,9.198004109186968,,Legacy
2002-04-30,398824,64455,101801,197329,145861,,,84800,98922,-37346,51468,,-14122,-9.36403024893186,12.904940525143923,,Legacy
2002-05-07,398703,70444,100409,194647,152172,,,86574,99084,-29965,42475,,-12510,-7.515619395891177,10.653293303536717,,Legacy
2002-05-14,410997,76770,66215,198306,197563,,,89547,100845,10555,743,,-11298,2.5681452662671505,0.18077990836916086,,Legacy
2002-05-21,420134,77571,60429,202206,205418,,,92198,106128,17142,-3212,,-13930,4.080126816682297,-0.7645179871183956,,Legacy
2002-05-28,422160,78925,62102,201786,203674,,,91559,106494,16823,-1888,,-14935,3.9849819973469773,-0.44722380140231194,,Legacy
2002-06-04,429833,83975,60870,196706,209730,,,97391,107472,23105,-13024,,-10081,5.37534344733885,-3.0300139821744723,,Legacy
2002-06-11,428006,80619,66618,196825,197965,,,95529,108390,14001,-1140,,-12861,3.2712158240772324,-0.26635140628869686,,Legacy
2002-06-18,436612,84129,69701,202182,207917,,,98010,106703,14428,-5735,,-8693,3.3045358350205674,-1.3135232197007871,,Legacy
2002-06-25,424811,84512,38569,198039,228961,,,96550,111571,45943,-30922,,-15021,10.814927108761307,-7.279001720765234,,Legacy
2002-07-02,449531,116790,31886,192772,257169,,,94913,115420,84904,-64397,,-20507,18.887240257067923,-14.32537466826537,,Legacy
2002-07-09,444528,117544,30331,191269,262156,,,98295,114621,87213,-70887,,-16326,19.619236583522298,-15.94657704351582,,Legacy
2002-07-16,448437,106823,30770,199382,262985,,,99232,111682,76053,-63603,,-12450,16.95957291659698,-14.183263200850957,,Legacy
2002-07-23,473368,120033,31651,207574,285221,,,103192,113927,88382,-77647,,-10735,18.670886075949365,-16.403094421253655,,Legacy
2002-07-30,472321,114040,28986,213414,288266,,,99179,109381,85054,-74852,,-10202,18.007668513574455,-15.847696799422426,,Legacy
2002-08-06,505338,130050,31106,229619,318946,,,102399,112016,98944,-89327,,-9617,19.579766413766627,-17.676683724556632,,Legacy
2002-08-13,513032,142010,33415,227118,331241,,,105036,109508,108595,-104123,,-4472,21.167295607291553,-20.29561508833757,,Legacy
2002-08-20,520940,144309,35053,223005,333249,,,108637,107649,109256,-110244,,988,20.97285675893577,-21.162513917149766,,Legacy
2002-08-27,503632,126773,38201,216927,322607,,,119977,102869,88572,-105680,,17108,17.586650570257646,-20.983575308955746,,Legacy
2002-09-03,490703,127739,37394,213268,321786,,,117532,99359,90345,-108518,,18173,18.411340464598748,-22.114802640293618,,Legacy
2002-09-10,502995,140896,40479,214585,328706,,,117768,104064,100417,-114121,,13704,19.963816737740935,-22.68829710036879,,Legacy
2002-09-17,506145,135649,39641,221134,327688,,,115749,105203,96008,-106554,,10546,18.968477412599157,-21.052070058975193,,Legacy
2002-09-24,501287,114748,36545,236645,319354,,,110347,105841,78203,-82709,,4506,15.600444455970333,-16.49933072271972,,Legacy
2002-10-01,484617,101786,37909,236590,305290,,,110630,105807,63877,-68700,,4823,13.180924317553863,-14.176143222379736,,Legacy
2002-10-08,484312,105863,37289,231894,304476,,,110382,106374,68574,-72582,,4008,14.159054493797388,-14.98662019524604,,Legacy
2002-10-15,487455,105966,47244,236559,292940,,,108030,110371,58722,-56381,,-2341,12.046650460042466,-11.56640100111805,,Legacy
2002-10-22,483194,106109,45737,228308,290169,,,112021,110532,60372,-61861,,1489,12.494360443217424,-12.802518243190105,,Legacy
2002-10-29,491432,102602,46827,231208,293402,,,118106,111687,55775,-62194,,6419,11.349484771036481,-12.655667518598706,,Legacy
2002-11-05,506970,96764,53522,243564,294983,,,122359,114182,43242,-51419,,8177,8.529498786910468,-10.142414738544687,,Legacy
2002-11-12,510857,94938,64367,248842,291959,,,121403,108857,30571,-43117,,12546,5.984257825575455,-8.44013099556236,,Legacy
2002-11-19,501812,96106,62493,231182,286907,,,127296,105184,33613,-55725,,22112,6.698325269224331,-11.104756362940703,,Legacy
2002-11-26,472932,74743,63829,237085,271814,,,126892,103077,10914,-34729,,23815,2.3077313440410037,-7.343339000109952,,Legacy
2002-12-03,465424,74147,63632,236424,265510,,,119084,100513,10515,-29086,,18571,2.259230293237994,-6.249355426449861,,Legacy
2002-12-10,455381,76855,75627,227609,248526,,,118817,99128,1228,-20917,,19689,0.26966430307808187,-4.593296602185862,,Legacy
2002-12-17,447370,74504,75701,221016,241878,,,119143,97084,-1197,-20862,,22059,-0.26756376153966516,-4.663254129691307,,Legacy
2002-12-23,438000,74333,70030,213152,239483,,,118201,96173,4303,-26331,,22028,0.9824200913242009,-6.011643835616439,,Legacy
2002-12-31,438041,71635,77183,219254,230332,,,116118,99492,-5548,-11078,,16626,-1.2665481085103907,-2.5289870126312377,,Legacy
2003-01-07,444380,76291,85431,214923,226698,,,122046,101131,-9140,-11775,,20915,-2.056798235744183,-2.6497592150861875,,Legacy
2003-01-14,455158,73849,97908,227835,212616,,,116775,107935,-24059,15219,,8840,-5.285856779404075,3.343674064830235,,Legacy
2003-01-21,464844,74860,103682,232658,212143,,,115527,107220,-28822,20515,,8307,-6.2003596905628555,4.413308550825653,,Legacy
2003-01-28,460295,79509,99141,228629,217810,,,114761,105948,-19632,10819,,8813,-4.265090865640513,2.3504491684680477,,Legacy
2003-02-04,467128,78635,100372,233665,222449,,,115333,104812,-21737,11216,,10521,-4.653328423900944,2.401054957099553,,Legacy
2003-02-11,472896,86424,87942,232141,241207,,,114828,104244,-1518,-9066,,10584,-0.3210008120178644,-1.9171234267153878,,Legacy
2003-02-18,474283,91453,87596,226435,234825,,,114800,110267,3857,-8390,,4533,0.8132275455793271,-1.7689860273296745,,Legacy
2003-02-25,467928,74377,107889,235163,203604,,,113838,111885,-33512,31559,,1953,-7.161785573848968,6.744413670479219,,Legacy
2003-03-04,455091,78188,120810,223166,188017,,,109399,101926,-42622,35149,,7473,-9.36559940759101,7.723510243006344,,Legacy
2003-03-11,432152,80976,108596,204748,186095,,,106851,97884,-27620,18653,,8967,-6.391269738425369,4.316305374035061,,Legacy
2003-03-18,451271,83262,121700,221468,183812,,,103823,103041,-38438,37656,,782,-8.51771995098289,8.34443161647879,,Legacy
2003-03-25,450534,78848,128359,222657,176508,,,105573,102211,-49511,46149,,3362,-10.989403685404431,10.24317809532688,,Legacy
2003-04-01,432990,79127,113093,208380,178532,,,106978,102860,-33966,29848,,4118,-7.84452296819788,6.893461742765422,,Legacy
2003-04-08,416681,86766,77358,188859,197582,,,103602,104287,9408,-8723,,-685,2.2578423302238404,-2.0934479853893024,,Legacy
2003-04-15,415581,87138,67152,185698,207261,,,102888,101311,19986,-21563,,1577,4.80917077537231,-5.188639519131048,,Legacy
2003-04-22,409312,86263,66756,181194,204602,,,103675,99774,19507,-23408,,3901,4.765802126495192,-5.718864826831366,,Legacy
2003-04-29,397770,78732,86375,182392,176601,,,98911,97059,-7643,5791,,1852,-1.9214621514945822,1.455866455489353,,Legacy
2003-05-06,399096,81119,93606,183191,180194,,,103528,94038,-12487,2997,,9490,-3.1288211357668327,0.750947140537615,,Legacy
2003-05-13,409096,102590,43313,179897,230757,,,96324,104741,59277,-50860,,-8417,14.489753016406906,-12.432289731505563,,Legacy
2003-05-20,417280,107173,33903,187555,244017,,,91419,108227,73270,-56462,,-16808,17.558953220858893,-13.530962423312884,,Legacy
2003-05-27,408284,93115,32479,188364,235267,,,90575,104308,60636,-46903,,-13733,14.851426947908807,-11.487836897845618,,Legacy
2003-06-03,400271,87085,35124,184966,228989,,,91970,99908,51961,-44023,,-7938,12.981455064194009,-10.99829865266282,,Legacy
2003-06-10,387649,80697,41092,184689,211339,,,86151,99106,39605,-26650,,-12955,10.216716668945361,-6.874775892624513,,Legacy
2003-06-17,388240,78344,33189,185783,216976,,,86187,100149,45155,-31193,,-13962,11.630692355244179,-8.034463218627653,,Legacy
2003-06-24,379055,65865,38491,188340,202496,,,84971,98189,27374,-14156,,-13218,7.221643297146851,-3.7345503950614027,,Legacy
2003-07-01,371901,56909,74033,196498,158756,,,76563,97181,-17124,37742,,-20618,-4.604451184589447,10.14839970852458,,Legacy
2003-07-08,369771,59241,85962,199959,146266,,,72300,99272,-26721,53693,,-26972,-7.226364425549868,14.520608701060928,,Legacy
2003-07-15,376954,57997,103021,214705,139161,,,68963,99483,-45024,75544,,-30520,-11.944162948264244,20.040641563692123,,Legacy
2003-07-22,392252,62336,111683,224705,149309,,,73948,99997,-49347,75396,,-26049,-12.580432986957362,19.221316908517995,,Legacy
2003-07-29,403886,57555,122729,240101,152908,,,75647,97666,-65174,87193,,-22019,-16.13673165200081,21.588517551982488,,Legacy
2003-08-05,407895,57063,125999,240702,150171,,,76902,98497,-68936,90531,,-21595,-16.900427806175607,22.194682455043576,,Legacy
2003-08-12,395194,58425,96387,234904,167594,,,71938,101286,-37962,67310,,-29348,-9.605915069560773,17.032141176232432,,Legacy
2003-08-19,378585,59667,68755,219714,185441,,,72740,97925,-9088,34273,,-25185,-2.40051771728938,9.052920744350674,,Legacy
2003-08-26,355434,52521,63365,209281,172531,,,71636,97542,-10844,36750,,-25906,-3.0509180326023957,10.339472307094988,,Legacy
2003-09-02,352034,67401,54327,189498,175936,,,70133,96769,13074,13562,,-26636,3.713845821710403,3.852468795627695,,Legacy
2003-09-09,357358,75353,47937,188009,190092,,,71015,96348,27416,-2083,,-25333,7.671858472456193,-0.5828888677460697,,Legacy
2003-09-16,347038,61335,45279,197900,180763,,,66116,99309,16056,17137,,-33193,4.626582679706545,4.938075945573683,,Legacy
2003-09-23,361227,63705,52451,208422,184811,,,66404,101269,11254,23611,,-34865,3.115492474261337,6.536333109097603,,Legacy
2003-09-30,369358,59954,58407,215762,178947,,,67116,105478,1547,36815,,-38362,0.41883484316029435,9.967294603068027,,Legacy
2003-10-07,382897,68567,65016,222461,187999,,,67586,105599,3551,34462,,-38013,0.9274034531479745,9.00033168188834,,Legacy
2003-10-14,408890,67989,79874,245106,193749,,,68299,107771,-11885,51357,,-39472,-2.906649710191005,12.560101738853971,,Legacy
2003-10-21,438842,79049,99401,258440,197816,,,72880,113152,-20352,60624,,-40272,-4.637660023425288,13.814539173552213,,Legacy
2003-10-28,445820,95031,55516,248670,251344,,,74335,111176,39515,-2674,,-36841,8.863442645013683,-0.5997936386882599,,Legacy
2003-11-04,468038,110194,41395,255419,289745,,,74059,108532,68799,-34326,,-34473,14.699447480760108,-7.33401988727411,,Legacy
2003-11-11,472235,121193,36016,245840,304903,,,75805,101919,85177,-59063,,-26114,18.0369942930956,-12.507120395565769,,Legacy
2003-11-18,479731,120481,36057,247177,308631,,,82523,105493,84424,-61454,,-22970,17.598195655481927,-12.810095657774879,,Legacy
2003-11-25,454474,111187,31127,231627,290965,,,85027,105749,80060,-59338,,-20722,17.615969230363014,-13.056412468039976,,Legacy
2003-12-02,447005,125740,30339,215445,292555,,,82502,100793,95401,-77110,,-18291,21.34226686502388,-17.250366326998577,,Legacy
2003-12-09,451061,147051,29594,203443,304705,,,84141,100336,117457,-101262,,-16195,26.0401586481651,-22.4497351799424,,Legacy
2003-12-16,455115,156260,29217,198414,309546,,,82023,97934,127043,-111132,,-15911,27.914483152609783,-24.41844369005636,,Legacy
2003-12-22,455823,151642,29670,204085,305196,,,81052,101913,121972,-101111,,-20861,26.75863218837136,-22.182075059836823,,Legacy
2003-12-30,427011,124889,34731,202729,272278,,,78582,99191,90158,-69549,,-20609,21.113741800562515,-16.287402432255842,,Legacy
2004-01-06,450278,143388,30922,199819,290749,,,85078,106614,112466,-90930,,-21536,24.977014200116372,-20.194191144137623,,Legacy
2004-01-13,513728,171907,30027,211962,331220,,,100200,122822,141880,-119258,,-22622,27.617727669116732,-23.21423009841784,,Legacy
2004-01-20,590233,204727,40429,236900,367702,,,102268,135764,164298,-130802,,-33496,27.83612573339681,-22.16107876042173,,Legacy
2004-01-27,623785,220221,43800,252938,389453,,,99479,139385,176421,-136515,,-39906,28.28234087065255,-21.884944331780982,,Legacy
2004-02-03,632256,224585,45520,252901,388330,,,96025,139661,179065,-135429,,-43636,28.32159758072679,-21.41996279987853,,Legacy
2004-02-10,643651,231049,50989,262788,402099,,,94061,134810,180060,-139311,,-40749,27.97478757898302,-21.643872222679683,,Legacy
2004-02-17,636055,232463,49945,265039,409351,,,89772,127978,182518,-144312,,-38206,28.695317228855995,-22.68860397292687,,Legacy
2004-02-24,655950,239876,38276,268758,439660,,,106699,137397,201600,-170902,,-30698,30.734049851360624,-26.05411997865691,,Legacy
2004-03-02,655743,243252,36757,271600,437689,,,98394,138800,206495,-166089,,-40406,31.490233216366775,-25.328367973428616,,Legacy
2004-03-09,653454,244055,37755,272031,436551,,,95816,137596,206300,-164520,,-41780,31.570699697300803,-25.176982618516377,,Legacy
2004-03-16,675900,253550,39185,276623,451368,,,102018,141638,214365,-174745,,-39620,31.715490457168222,-25.853676579375644,,Legacy
2004-03-23,706068,254720,40383,291610,469505,,,111016,147458,214337,-177895,,-36442,30.3564245936652,-25.195165338182722,,Legacy
2004-03-30,707933,244497,40798,300645,466759,,,107633,145218,203699,-166114,,-37585,28.773768139075308,-23.464649903310058,,Legacy
2004-04-06,748944,253077,49156,327153,497243,,,117608,151439,203921,-170090,,-33831,27.227803413873403,-22.710643252365998,,Legacy
2004-04-12,741139,251204,46057,322322,496015,,,117307,148761,205147,-173693,,-31454,27.679962867964036,-23.4359546589776,,Legacy
2004-04-20,696799,209130,43819,328781,466178,,,112966,140880,165311,-137397,,-27914,23.724345184192288,-19.71831188047055,,Legacy
2004-04-27,665652,199853,40143,324659,454543,,,105148,134974,159710,-129884,,-29826,23.993017372440857,-19.512297717125467,,Legacy
2004-05-04,656357,203086,43104,317105,454182,,,103711,126616,159982,-137077,,-22905,24.374235362767518,-20.88451863848485,,Legacy
2004-05-11,631827,175336,42776,322965,426324,,,95819,125020,132560,-103359,,-29201,20.9804266041179,-16.358750100897872,,Legacy
2004-05-18,631805,157258,53272,335981,408925,,,92805,123847,103986,-72944,,-31042,16.45855920735037,-11.545334399063002,,Legacy
2004-05-25,634179,155789,61123,344319,408684,,,93145,123446,94666,-64365,,-30301,14.927331242441014,-10.149342693466672,,Legacy
2004-06-01,631781,161539,54119,332980,414175,,,98385,124610,107420,-81195,,-26225,17.002727210853127,-12.851763506658163,,Legacy
2004-06-08,640778,178736,40901,322883,422832,,,91130,129016,137835,-99949,,-37886,21.510569963388257,-15.59806984634304,,Legacy
2004-06-15,632589,159054,46425,320842,393407,,,90856,130920,112629,-72565,,-40064,17.804451231368233,-11.471113155619209,,Legacy
2004-06-22,614912,142787,51362,328107,377550,,,88924,130906,91425,-49443,,-41982,14.86798110949209,-8.040662728975853,,Legacy
2004-06-29,577335,129392,54964,314867,347369,,,86328,128254,74428,-32502,,-41926,12.891648696164271,-5.629660422458365,,Legacy
2004-07-06,547972,122614,67879,321762,324946,,,55453,107004,54735,-3184,,-51551,9.988649055061208,-0.5810515865774164,,Legacy
2004-07-13,564015,125769,76494,315268,313089,,,77610,129064,49275,2179,,-51454,8.736469774740034,0.38633724280382614,,Legacy
2004-07-20,563877,122598,86685,319742,304639,,,77262,128278,35913,15103,,-51016,6.368942162918509,2.678421003162037,,Legacy
2004-07-27,576695,121186,105543,329251,286635,,,76369,134628,15643,42616,,-58259,2.7125256851541977,7.389694725981672,,Legacy
2004-08-03,582387,109528,107392,335679,289768,,,84180,132227,2136,45911,,-48047,0.36676642850887814,7.8832460202580075,,Legacy
2004-08-10,566654,110571,107299,332184,285128,,,83678,134006,3272,47056,,-50328,0.577424671845606,8.30418562297275,,Legacy
2004-08-17,560542,101098,106251,335786,287786,,,84696,127543,-5153,48000,,-42847,-0.9192888311669777,8.563140674561406,,Legacy
2004-08-24,560610,99231,107147,332221,283664,,,87457,128098,-7916,48557,,-40641,-1.4120333208469347,8.661458054619075,,Legacy
2004-08-31,529006,101781,106490,317255,268994,,,73976,117528,-4709,48261,,-43552,-0.8901600359920303,9.122958907838473,,Legacy
2004-09-07,534337,104402,104256,315649,268524,,,78006,125277,146,47125,,-47271,0.027323580437065,8.819340603401974,,Legacy
2004-09-14,537055,93248,119220,328256,260487,,,78826,120623,-25972,67769,,-41797,-4.836003761253503,12.618633100892831,,Legacy
2004-09-21,556001,92948,122175,341742,265682,,,75061,121894,-29227,76060,,-46833,-5.2566452218611115,13.679831511094404,,Legacy
2004-09-28,568559,87180,126120,355734,263893,,,79701,132602,-38940,91841,,-52901,-6.84889343058504,16.153292798108904,,Legacy
2004-10-05,588462,92965,134557,362188,266627,,,83160,137129,-41592,95561,,-53969,-7.067916025163902,16.23911144644854,,Legacy
2004-10-12,609045,97247,143968,372499,270705,,,87795,142868,-46721,101794,,-55073,-7.671190141943534,16.71370752571649,,Legacy
2004-10-19,608205,99491,137211,375164,279643,,,86369,144170,-37720,95521,,-57801,-6.201856282010178,15.705395384779802,,Legacy
2004-10-26,620134,100028,140652,380748,287752,,,89590,141962,-40624,92996,,-52372,-6.550842237322901,14.996113743158737,,Legacy
2004-11-02,641856,95472,161642,397907,283173,,,96391,144955,-66170,114734,,-48564,-10.309165918835378,17.875348987934988,,Legacy
2004-11-09,645308,96739,159340,393898,288931,,,104542,146908,-62601,104967,,-42366,-9.700949004196445,16.266186069287844,,Legacy
2004-11-16,652364,100736,148565,386969,299660,,,112239,151719,-47829,87309,,-39480,-7.331643070433071,13.383479161940267,,Legacy
2004-11-23,642333,97622,160939,391182,294864,,,107895,140896,-63317,96318,,-33001,-9.857348135624356,14.99502594448674,,Legacy
2004-11-30,584558,76477,160255,383483,256796,,,90907,133816,-83778,126687,,-42909,-14.331854153052392,21.672272041439857,,Legacy
2004-12-07,583279,74503,172130,386708,252707,,,90365,126739,-97627,134001,,-36374,-16.73761613224546,22.97373983976793,,Legacy
2004-12-14,589086,75738,173103,386670,257542,,,93416,125179,-97365,129128,,-31763,-16.52814699381754,21.920059210369963,,Legacy
2004-12-21,594629,78549,169760,387626,263740,,,93429,126104,-91211,123886,,-32675,-15.339144239517413,20.834167186598705,,Legacy
2004-12-28,592919,80354,161481,386856,269356,,,92396,128769,-81127,117500,,-36373,-13.682644678278146,19.817209433329005,,Legacy
2005-01-04,604517,81565,174000,399972,269866,,,94112,131783,-92435,130106,,-37671,-15.290719698536186,21.52230623787255,,Legacy
2005-01-11,613073,84505,151441,403455,294807,,,96565,138277,-66936,108648,,-41712,-10.918112524935857,17.72186998938136,,Legacy
2005-01-18,631557,80205,194209,420238,265788,,,100499,140945,-114004,154450,,-40446,-18.05126061463969,24.455433159635632,,Legacy
2005-01-25,644934,73589,186076,402070,244588,,,127892,172887,-112487,157482,,-44995,-17.441629686138427,24.418312571518946,,Legacy
2005-02-01,649713,72550,186587,404328,244356,,,139480,185415,-114037,159972,,-45935,-17.551903686704744,24.621948460320173,,Legacy
2005-02-08,657417,73417,187682,405269,246208,,,141138,185934,-114265,159061,,-44796,-17.38090131529912,24.194841325977272,,Legacy
2005-02-15,671800,80890,165545,392497,262472,,,140532,185902,-84655,130025,,-45370,-12.601220601369455,19.354718666269726,,Legacy
2005-02-22,644026,93992,139378,377930,279496,,,135428,188476,-45386,98434,,-53048,-7.047231012412543,15.284165546111492,,Legacy
2005-03-01,638828,106792,98378,372875,306519,,,115230,190000,8414,66356,,-74770,1.317099438346472,10.387146461958462,,Legacy
2005-03-08,639795,113533,87054,372046,317721,,,112401,193205,26479,54325,,-80804,4.138669417547809,8.491001023765426,,Legacy
2005-03-15,684070,129039,79696,396410,362527,,,121550,204776,49343,33883,,-83226,7.2131507009516564,4.953148069641996,,Legacy
2005-03-22,676579,119921,70903,405743,364059,,,115181,205883,49018,41684,,-90702,7.244978043953478,6.160995242240744,,Legacy
2005-03-29,667485,114254,80457,404092,349232,,,114492,203149,33797,54860,,-88657,5.06333475658629,8.218911286395949,,Legacy
2005-04-05,678519,107584,93084,408035,330125,,,118374,210784,14500,77910,,-92410,2.137007217189202,11.482360847669703,,Legacy
2005-04-12,665828,107598,112155,402999,312253,,,119708,205897,-4557,90746,,-86189,-0.6844109890241925,13.629045339036509,,Legacy
2005-04-19,687682,106014,116181,416449,331968,,,121681,195995,-10167,84481,,-74314,-1.4784449789292144,12.284893308244218,,Legacy
2005-04-26,663789,93609,101678,407039,328326,,,123896,194540,-8069,78713,,-70644,-1.2155971249900195,11.858135642500855,,Legacy
2005-05-03,673304,99970,133257,415888,307549,,,112728,187780,-33287,108339,,-75052,-4.943829236125138,16.090651473925597,,Legacy
2005-05-10,683390,105734,148997,416550,308284,,,119084,184087,-43263,108266,,-65003,-6.330645751327939,15.842491110493276,,Legacy
2005-05-17,677053,101287,156727,414245,300653,,,119891,178043,-55440,113592,,-58152,-8.188428380052965,16.777416243632327,,Legacy
2005-05-24,668196,95158,104649,396706,318029,,,120650,189836,-9491,78677,,-69186,-1.4203916216200037,11.774539207059007,,Legacy
2005-05-31,685379,97553,97219,405082,337944,,,124482,191954,334,67138,,-67472,0.04873216132971685,9.795748045971644,,Legacy
2005-06-07,682827,99429,91099,397112,332175,,,122397,195664,8330,64937,,-73267,1.2199283273801418,9.510022304331844,,Legacy
2005-06-14,695774,104112,97383,393487,325740,,,113012,187488,6729,67747,,-74476,0.9671243823425423,9.736926070821847,,Legacy
2005-06-21,735341,129178,85581,392787,367004,,,126229,195609,43597,25783,,-69380,5.928813978820711,3.506264440579269,,Legacy
2005-06-28,707495,108692,75222,390744,355224,,,121732,190722,33470,35520,,-68990,4.730775482512244,5.020530180425303,,Legacy
2005-07-05,689252,104970,85527,384867,333908,,,114341,184743,19443,50959,,-70402,2.820884088838335,7.3933771682925835,,Legacy
2005-07-12,686436,110341,78501,392454,350263,,,110788,184819,31840,42191,,-74031,4.638451363273488,6.1463850963527555,,Legacy
2005-07-19,724681,150084,74725,389188,399305,,,122261,187503,75359,-10117,,-65242,10.398920352541326,-1.3960625433811567,,Legacy
2005-07-26,739841,140675,74985,402408,414450,,,124051,177699,65690,-12042,,-53648,8.878934798152576,-1.6276470214546097,,Legacy
2005-08-02,743559,143203,76057,397558,413696,,,129178,180186,67146,-16138,,-51008,9.030352668718958,-2.170372492297181,,Legacy
2005-08-09,733168,125700,79548,405864,400333,,,127241,178924,46152,5531,,-51683,6.2948737533553025,0.7543973550400455,,Legacy
2005-08-16,728262,120555,113134,427089,374213,,,120833,181130,7421,52876,,-60297,1.0190014033411052,7.260573804482452,,Legacy
2005-08-23,737559,126189,135888,422435,372348,,,135718,176106,-9699,50087,,-40388,-1.3150134429923572,6.790914353970326,,Legacy
2005-08-30,713994,121734,150837,422746,344707,,,126347,175283,-29103,78039,,-48936,-4.0760846729804445,10.929923780872109,,Legacy
2005-09-06,709074,132336,150761,413502,342509,,,123188,175756,-18425,70993,,-52568,-2.5984593991600313,10.012072082744536,,Legacy
2005-09-13,708211,122306,159501,423029,332852,,,123928,176910,-37195,90177,,-52982,-5.251965868928893,12.733069664266722,,Legacy
2005-09-20,706916,127751,155827,413415,330211,,,121839,176967,-28076,83204,,-55128,-3.971617561350995,11.7699981327343,,Legacy
2005-09-27,720223,130965,160622,415169,327199,,,124034,182347,-29657,87970,,-58313,-4.117752418348206,12.214272523926617,,Legacy
2005-10-04,749162,146255,165277,417670,339785,,,133163,192026,-19022,77885,,-58863,-2.5391036918583696,10.396282779959474,,Legacy
2005-10-11,765795,147810,170224,430799,349189,,,132554,191750,-22414,81610,,-59196,-2.9268929674390667,10.656899039560196,,Legacy
2005-10-18,797135,151829,162436,439533,373746,,,141311,196491,-10607,65787,,-55180,-1.330640355774116,8.252930808457789,,Legacy
2005-10-25,827308,151524,166063,452029,383857,,,138233,191866,-14539,68172,,-53633,-1.7573866081314333,8.240220087319354,,Legacy
2005-11-01,859864,160732,167782,460611,404104,,,149899,199356,-7050,56507,,-49457,-0.8198971000065126,6.571620628378441,,Legacy
2005-11-08,867838,170585,174536,454258,409859,,,156498,196946,-3951,44399,,-40448,-0.45526930141339744,5.116047004164372,,Legacy
2005-11-15,855305,176062,177032,453657,417822,,,155678,190543,-970,35835,,-34865,-0.11340983625724158,4.189733486884795,,Legacy
2005-11-22,847679,162359,187877,455542,397978,,,146076,178122,-25518,57564,,-32046,-3.010337639601783,6.790778112941337,,Legacy
2005-11-29,789385,150946,189901,441366,347702,,,137079,191788,-38955,93664,,-54709,-4.934854348638497,11.8654395510429,,Legacy
2005-12-06,767600,156575,188486,419570,343181,,,136253,180731,-31911,76389,,-44478,-4.157243355914539,9.95166753517457,,Legacy
2005-12-13,770146,160107,188263,421565,342463,,,137320,188266,-28156,79102,,-50946,-3.655930174278643,10.271039517182457,,Legacy
2005-12-20,773337,163891,174292,421545,361831,,,139704,189017,-10401,59714,,-49313,-1.344950519631157,7.721601319993741,,Legacy
2005-12-27,776647,173175,146061,421892,387177,,,129720,191549,27114,34715,,-61829,3.4911613641718824,4.469855674456992,,Legacy
2006-01-03,812444,171329,129143,427922,400207,,,138948,208849,42186,27715,,-69901,5.192480958687614,3.4113120411991473,,Legacy
2006-01-10,839228,175172,125064,443173,416998,,,138659,214942,50108,26175,,-76283,5.970725476271049,3.1189378810049235,,Legacy
2006-01-17,872000,168145,133886,471337,424264,,,140088,221420,34259,47073,,-81332,3.9287844036697246,5.398279816513762,,Legacy
2006-01-24,893201,163250,159074,487471,416644,,,146965,221968,4176,70827,,-75003,0.4675319440976891,7.929570163938464,,Legacy
2006-01-31,976870,207500,114955,478550,476769,,,149665,243991,92545,1781,,-94326,9.473624944977326,0.182316992025551,,Legacy
2006-02-07,1028170,235676,103986,488524,509934,,,152359,262639,131690,-21410,,-110280,12.80819319762296,-2.0823404689885914,,Legacy
2006-02-14,1045045,237355,99293,482448,514513,,,160408,266405,138062,-32065,,-105997,13.211105741858006,-3.0682889253572814,,Legacy
2006-02-21,1062926,254766,99588,488874,539114,,,160219,265157,155178,-50240,,-104938,14.599134840995518,-4.726575509489842,,Legacy
2006-02-28,1067618,258486,85457,497996,560680,,,153249,263594,173029,-62684,,-110345,16.207014119282366,-5.871388455421321,,Legacy
2006-03-07,1060188,249732,89396,501291,553035,,,155224,263816,160336,-51744,,-108592,15.123355480348769,-4.880643810343071,,Legacy
2006-03-14,1051881,250920,96557,514692,549444,,,143673,263284,154363,-34752,,-119611,14.674948972364746,-3.3037957715749218,,Legacy
2006-03-21,1058093,225735,130428,533269,524373,,,152180,256383,95307,8896,,-104203,9.00743129384657,0.84075785398826,,Legacy
2006-03-28,1089960,219466,140947,542112,519524,,,156360,257467,78519,22588,,-101107,7.20384234283827,2.0723696282432384,,Legacy
2006-04-04,1124766,244241,98284,547156,582559,,,152916,263470,145957,-35403,,-110554,12.9766546997331,-3.147588031643915,,Legacy
2006-04-11,1181057,276282,94313,557517,627642,,,168696,280540,181969,-70125,,-111844,15.407300409717736,-5.937478038739875,,Legacy
2006-04-18,1196857,294748,85143,559139,650803,,,160594,278535,209605,-91664,,-117941,17.512952675215168,-7.658726146899755,,Legacy
2006-04-25,1184360,292595,85409,561947,649955,,,154771,273949,207186,-88008,,-119178,17.493498598399135,-7.430848728427167,,Legacy
2006-05-02,1189657,302724,90961,568273,664472,,,128499,244063,211763,-96199,,-115564,17.80034077049099,-8.08628033122152,,Legacy
2006-05-09,1242361,306873,112457,582175,663515,,,156813,269889,194416,-81340,,-113076,15.648913641043144,-6.547211317805372,,Legacy
2006-05-16,1314322,341362,80763,597826,741408,,,176504,293521,260599,-143582,,-117017,19.827637367403117,-10.924415782433833,,Legacy
2006-05-23,1350711,350825,93903,600242,746060,,,166899,278003,256922,-145818,,-111104,19.02124140545239,-10.79564762558386,,Legacy
2006-05-30,1345066,351261,84868,600844,753723,,,162094,275608,266393,-152879,,-113514,19.80519915007888,-11.36591066906754,,Legacy
2006-06-06,1347142,347964,87099,594824,744573,,,174238,285354,260865,-149749,,-111116,19.36432833361294,-11.116051611485648,,Legacy
2006-06-13,1320155,321047,93413,586983,708165,,,180133,286585,227634,-121182,,-106452,17.242975256693345,-9.179376664103836,,Legacy
2006-06-20,1321520,298563,111399,597213,680013,,,172411,276775,187164,-82800,,-104364,14.162782250741571,-6.265512440220353,,Legacy
2006-06-27,1329400,282220,128437,607819,668178,,,170768,264192,153783,-60359,,-93424,11.567850157966001,-4.540318940875583,,Legacy
2006-07-03,1327482,303372,141991,596728,666788,,,168613,259934,161381,-70060,,-91321,12.156925668295314,-5.277661015365934,,Legacy
2006-07-11,1333225,302555,120230,601772,685032,,,160031,259096,182325,-83260,,-99065,13.675486133248327,-6.245007406851807,,Legacy
2006-07-18,1355524,291222,94262,610837,701361,,,162494,268930,196960,-90524,,-106436,14.530174308975718,-6.678155458700842,,Legacy
2006-07-25,1393192,297914,101641,614710,702348,,,167275,275910,196273,-87638,,-108635,14.08800797018645,-6.290446686458148,,Legacy
2006-08-01,1399222,307676,118032,606456,692602,,,172801,276299,189644,-86146,,-103498,13.553531891293877,-6.156707084365454,,Legacy
2006-08-08,1366163,304999,120810,601025,678082,,,170052,277184,184189,-77057,,-107132,13.482212591030498,-5.640395765366211,,Legacy
2006-08-15,1342389,289011,152465,624235,652808,,,162504,270477,136546,-28573,,-107973,10.171865234294977,-2.128518633570448,,Legacy
2006-08-22,1331646,287009,168170,625930,641070,,,163773,267472,118839,-15140,,-103699,8.924218598636575,-1.1369387960463966,,Legacy
2006-08-29,1317905,287696,176420,615971,624296,,,159642,262593,111276,-8325,,-102951,8.44340070035397,-0.631684377857281,,Legacy
2006-09-05,1310702,294120,170951,601482,617198,,,158080,265533,123169,-15716,,-107453,9.39717800079652,-1.199052111006163,,Legacy
2006-09-12,1320852,282596,179924,613328,611561,,,173395,277834,102672,1767,,-104439,7.773164593762208,0.1337772892042409,,Legacy
2006-09-19,1298052,283105,166956,599880,612575,,,169687,273141,116149,-12695,,-103454,8.94794661538983,-0.9780039628612722,,Legacy
2006-09-26,1301867,288303,130018,605895,648233,,,157833,273780,158285,-42338,,-115947,12.158308029929325,-3.2520987166891855,,Legacy
2006-10-03,1288905,295370,119182,607152,664904,,,158118,276554,176188,-57752,,-118436,13.669587750842771,-4.480702611907007,,Legacy
2006-10-10,1278905,297166,111180,603684,673522,,,160142,276290,185986,-69838,,-116148,14.542596987266451,-5.4607652640344675,,Legacy
2006-10-17,1296995,305744,103313,633705,719849,,,163639,279926,202431,-86144,,-116287,15.60769316766834,-6.641814347780832,,Legacy
2006-10-24,1341536,319853,94280,652168,755314,,,158791,281218,225573,-103146,,-122427,16.814531999141284,-7.688649428714549,,Legacy
2006-10-31,1374941,316392,97394,670587,764563,,,160216,285238,218998,-93976,,-125022,15.927810720605464,-6.8349114616554445,,Legacy
2006-11-07,1408139,324080,93112,678491,797783,,,182272,293948,230968,-119292,,-111676,16.402358005850274,-8.471606851312263,,Legacy
2006-11-14,1412250,334613,91634,694925,829754,,,168616,276766,242979,-134829,,-108150,17.20509824747743,-9.547105682421668,,Legacy
2006-11-21,1393660,350232,70977,691667,854699,,,138949,255172,279255,-163032,,-116223,20.037527086950906,-11.698118622906591,,Legacy
2006-11-28,1397402,347770,65588,692118,876838,,,166577,264039,282182,-184720,,-97462,20.19333019417462,-13.21881606008865,,Legacy
2006-12-05,1374454,346879,67334,686764,865728,,,151991,252572,279545,-178964,,-100581,20.338621736340396,-13.020734051485173,,Legacy
2006-12-12,1383139,356663,64337,679443,864226,,,149620,257163,292326,-184783,,-107543,21.134969081198633,-13.359684023080835,,Legacy
2006-12-19,1379829,367099,63418,672458,860833,,,142463,257769,303681,-188375,,-115306,22.008596717419334,-13.652053986399764,,Legacy
2006-12-26,1390388,371910,62046,675664,870449,,,145057,260136,309864,-194785,,-115079,22.28615321766298,-14.009398815294723,,Legacy
2007-01-03,1411619,372509,71994,676974,865423,,,155893,267959,300515,-188449,,-112066,21.28867633547012,-13.349848648962645,,Legacy
2007-01-09,1404842,359712,79786,681494,842390,,,147397,266427,279926,-160896,,-119030,19.925799484924283,-11.45296054645291,,Legacy
2007-01-16,1450684,398189,75338,657780,879482,,,173870,275019,322851,-221702,,-101149,22.25508794472125,-15.282583939713955,,Legacy
2007-01-23,1487437,409616,76460,672784,921900,,,185182,269222,333156,-249116,,-84040,22.397990637586666,-16.74800344485178,,Legacy
2007-01-30,1485266,402322,70237,662744,912259,,,193790,276360,332085,-249515,,-82570,22.35862128399896,-16.799347726265868,,Legacy
2007-02-06,1488786,407330,80353,660308,907034,,,193460,273711,326977,-246726,,-80251,21.962659509157128,-16.572294473483765,,Legacy
2007-02-13,1499458,445419,75871,643181,926263,,,192429,278895,369548,-283082,,-86466,24.645438551796715,-18.878954929047694,,Legacy
2007-02-20,1523926,466350,78970,656728,959737,,,190591,274962,387380,-303009,,-84371,25.419869468727484,-19.883445784112876,,Legacy
2007-02-27,1486994,464223,69142,629188,939675,,,192738,277332,395081,-310487,,-84594,26.569105188050525,-20.880178400181844,,Legacy
2007-03-06,1441888,442047,82081,630294,911386,,,184257,263131,359966,-281092,,-78874,24.964907121773674,-19.49471803635234,,Legacy
2007-03-13,1428403,409176,87168,643996,889126,,,173756,250634,322008,-245130,,-76878,22.54321784538397,-17.16112329643665,,Legacy
2007-03-20,1418803,403083,81180,638781,883701,,,175401,252384,321903,-244920,,-76983,22.68835067306737,-17.26243883047893,,Legacy
2007-03-27,1406463,386886,87171,648370,868682,,,170049,249452,299715,-220312,,-79403,21.309838936395767,-15.6642584980906,,Legacy
2007-04-03,1428352,350584,82338,653927,847061,,,175025,250137,268246,-193134,,-75112,18.78010462407026,-13.52145689577919,,Legacy
2007-04-10,1399142,361754,87237,627667,830909,,,174918,246193,274517,-203242,,-71275,19.620381633887053,-14.526188192477962,,Legacy
2007-04-17,1363284,358148,95965,613652,803786,,,170214,242263,262183,-190134,,-72049,19.231722810507566,-13.946763843777232,,Legacy
2007-04-24,1278711,332370,92664,616843,782378,,,157665,231836,239706,-165535,,-74171,18.745908966138558,-12.945458356110176,,Legacy
2007-05-01,1257301,347970,97146,604732,782145,,,150496,223907,250824,-177413,,-73411,19.94939954712515,-14.110622675079396,,Legacy
2007-05-08,1261876,343642,101218,610006,781650,,,153902,224682,242424,-171644,,-70780,19.2113963654115,-13.602287387984239,,Legacy
2007-05-15,1269267,349268,111243,605156,771046,,,148071,220206,238025,-165890,,-72135,18.752949537016246,-13.069748130220042,,Legacy
2007-05-22,1242385,339569,113902,595962,756710,,,148322,213241,225667,-160748,,-64919,18.16401518047948,-12.938662330919964,,Legacy
2007-05-29,1260105,338957,126162,607949,752811,,,151310,219243,212795,-144862,,-67933,16.887084806424863,-11.49602612480706,,Legacy
2007-06-05,1267354,357317,108118,591210,774243,,,156916,223082,249199,-183033,,-66166,19.662935533402663,-14.44213692464773,,Legacy
2007-06-12,1259840,355802,103712,586563,781437,,,163427,220643,252090,-194874,,-57216,20.00968376936754,-15.468154686309374,,Legacy
2007-06-19,1265090,380306,112914,581321,793894,,,165639,220458,267392,-212573,,-54819,21.136203748349917,-16.802994253373278,,Legacy
2007-06-26,1188186,337996,112071,578326,743350,,,147371,208272,225925,-165024,,-60901,19.014278909194353,-13.88873459205882,,Legacy
2007-07-03,1190115,326545,141067,588748,705258,,,135343,204311,185478,-116510,,-68968,15.584880452729358,-9.789810228423304,,Legacy
2007-07-10,1197980,335700,140854,579359,700854,,,136985,210336,194846,-121495,,-73351,16.264545317951885,-10.141655119451077,,Legacy
2007-07-17,1229696,329172,159272,593710,685562,,,140161,218209,169900,-91852,,-78048,13.816422920786925,-7.4694883938794625,,Legacy
2007-07-24,1222222,319437,151498,604679,688865,,,127512,211265,167939,-84186,,-83753,13.740466134630205,-6.887946706899402,,Legacy
2007-07-31,1219615,321591,145306,587216,678395,,,132495,217601,176285,-91179,,-85106,14.454151515027283,-7.476047769173058,,Legacy
2007-08-07,1193831,312949,136230,578985,667953,,,130537,218288,176719,-88968,,-87751,14.802681451562238,-7.4523110892580275,,Legacy
2007-08-14,1133449,309250,124294,563996,657476,,,130670,222146,184956,-93480,,-91476,16.317981664812446,-8.247393574832214,,Legacy
2007-08-21,1105178,309245,126208,553999,642684,,,123803,218155,183037,-88685,,-94352,16.561766520868133,-8.024499220939974,,Legacy
2007-08-28,1096232,317677,129913,554541,641631,,,119052,219726,187764,-87090,,-100674,17.12812616307497,-7.944486203650322,,Legacy
2007-09-04,1089568,304372,134936,563213,631979,,,115615,216285,169436,-68766,,-100670,15.550750389145055,-6.311308702164528,,Legacy
2007-09-11,1086962,311275,136678,559311,628845,,,110974,216037,174597,-69534,,-105063,16.062843043271062,-6.397095758637376,,Legacy
2007-09-18,1101748,323487,133885,560129,647896,,,113815,215650,189602,-87767,,-101835,17.20919847369816,-7.966159230604458,,Legacy
2007-09-25,1140593,344599,137955,559876,668973,,,121804,219351,206644,-109097,,-97547,18.11724252209158,-9.564936835488206,,Legacy
2007-10-02,1152216,336859,150917,568239,652479,,,123065,224767,185942,-84240,,-101702,16.1377727787151,-7.311129163281885,,Legacy
2007-10-09,1140959,313415,154126,572291,624191,,,124750,232139,159289,-51900,,-107389,13.960974934243911,-4.54880499649856,,Legacy
2007-10-16,1160813,317311,151303,581145,634840,,,124315,236628,166008,-53695,,-112313,14.301011446288076,-4.625637376562806,,Legacy
2007-10-23,1173871,315762,150809,585111,639525,,,124984,235523,164953,-54414,,-110539,14.052055123603871,-4.6354326838298245,,Legacy
2007-10-30,1190794,323724,134344,586623,660094,,,127128,243037,189380,-73471,,-115909,15.903674355094163,-6.1699168789899845,,Legacy
2007-11-06,1232612,351075,125025,587180,694646,,,132162,250746,226050,-107466,,-118584,18.339104276122576,-8.718558638079136,,Legacy
2007-11-13,1234082,356282,123749,594041,711527,,,138010,253057,232533,-117486,,-115047,18.842589066204678,-9.520112926045433,,Legacy
2007-11-20,1198287,325228,90659,592155,722168,,,149251,253807,234569,-130013,,-104556,19.575360493771527,-10.849904905919868,,Legacy
2007-11-27,1158555,313710,78660,577445,710082,,,140813,243226,235050,-132637,,-102413,20.288203840128435,-11.448485397758414,,Legacy
2007-12-04,1141834,338809,80653,564711,715159,,,126572,234280,258156,-150448,,-107708,22.608890609317992,-13.175995810249125,,Legacy
2007-12-11,1188165,365775,89025,579935,756176,,,133058,233567,276750,-176241,,-100509,23.292219514966355,-14.83304086553635,,Legacy
2007-12-18,1222721,394472,83520,587451,794288,,,132355,236470,310952,-206837,,-104115,25.43114905199142,-16.91612395632364,,Legacy
2007-12-24,1251550,415935,92323,598937,819553,,,131433,234429,323612,-220616,,-102996,25.856897447165515,-17.627421996724063,,Legacy
2007-12-31,1291607,430153,100606,615362,838483,,,136024,242450,329547,-223121,,-106426,25.514494734079328,-17.274681849819643,,Legacy
2008-01-08,1341299,443905,105680,632431,864476,,,147017,253197,338225,-232045,,-106180,25.216226956107473,-17.300020353403678,,Legacy
2008-01-15,1397501,462866,113277,653072,882631,,,149755,269785,349589,-229559,,-120030,25.015295159001678,-16.426392539253996,,Legacy
2008-01-22,1429394,456320,121642,668503,883369,,,156681,276493,334678,-214866,,-119812,23.413978231334397,-15.031964594786324,,Legacy
2008-01-29,1424970,444321,112897,670429,890360,,,158112,269605,331424,-219931,,-111493,23.25831421012372,-15.43407931395047,,Legacy
2008-02-05,1454562,460879,117973,670039,910592,,,165916,268269,342906,-240553,,-102353,23.57451933984251,-16.537830632176558,,Legacy
2008-02-12,1452992,472503,116245,662465,915605,,,162540,265658,356258,-253140,,-103118,24.518923710522838,-17.421981676430427,,Legacy
2008-02-19,1474149,483845,111234,659850,937056,,,157476,252881,372611,-277206,,-95405,25.276345878198203,-18.804476345335512,,Legacy
2008-02-26,1479276,471039,91776,668126,970152,,,164936,242173,379263,-302026,,-77237,25.638420416474005,-20.417150011221704,,Legacy
2008-03-04,1449873,473425,97033,663273,962861,,,158731,235535,376392,-299588,,-76804,25.960342733467,-20.6630511775859,,Legacy
2008-03-11,1437046,452251,93976,672111,951139,,,155597,234844,358275,-279028,,-79247,24.931352232287622,-19.41677580258391,,Legacy
2008-03-18,1426814,426463,100036,693794,938083,,,145981,228119,326427,-244289,,-82138,22.87803455811339,-17.121292614173957,,Legacy
2008-03-25,1389904,391033,96055,687718,899835,,,134070,216931,294978,-212117,,-82861,21.222904603483407,-15.261269843097077,,Legacy
2008-04-01,1396547,401940,111072,665245,877607,,,151926,230432,290868,-212362,,-78506,20.827655639230187,-15.206219339556778,,Legacy
2008-04-08,1421150,435489,109130,654442,893689,,,155660,242772,326359,-239247,,-87112,22.964430214966754,-16.834746508109628,,Legacy
2008-04-15,1467002,447396,112312,653560,899346,,,160612,249910,335084,-245786,,-89298,22.841413985802337,-16.754305720101268,,Legacy
2008-04-22,1488009,449814,113397,665447,911259,,,144983,235588,336417,-245812,,-90605,22.6085326096818,-16.519523739439748,,Legacy
2008-04-29,1430665,451309,138826,638743,869661,,,145231,226796,312483,-230918,,-81565,21.84180084086771,-16.14060594199201,,Legacy
2008-05-06,1404651,464850,131788,631002,870247,,,134014,227831,333062,-239245,,-93817,23.711370297675366,-17.03234468917902,,Legacy
2008-05-13,1414456,467064,116403,640113,893663,,,137698,234809,350661,-253550,,-97111,24.791227157295808,-17.925619460767955,,Legacy
2008-05-20,1401669,462493,102372,630308,887610,,,132012,234831,360121,-257302,,-102819,25.692299679881625,-18.356830321566648,,Legacy
2008-05-27,1401116,458115,105795,633552,881044,,,125646,230474,352320,-247492,,-104828,25.145669594808712,-17.66391933287465,,Legacy
2008-06-03,1405256,449190,105040,627902,864360,,,135999,243691,344150,-236458,,-107692,24.49019965045515,-16.826684959893427,,Legacy
2008-06-10,1412551,478165,119339,612962,873883,,,150006,247911,358826,-260921,,-97905,25.402693424874574,-18.471616246068283,,Legacy
2008-06-17,1425629,456342,126127,631138,866612,,,149964,244705,330215,-235474,,-94741,23.162758333339177,-16.517200477824172,,Legacy
2008-06-24,1366107,443320,103591,606088,833551,,,131147,243413,339729,-227463,,-112266,24.868403426671556,-16.65045270978042,,Legacy
2008-07-01,1317496,436150,107203,567595,805714,,,134041,224869,328947,-238119,,-90828,24.967590034428948,-18.07360325951654,,Legacy
2008-07-08,1282981,410421,98375,580827,789100,,,121121,224894,312046,-208273,,-103773,24.321950208148056,-16.23352177467944,,Legacy
2008-07-15,1300222,394361,115125,603877,774515,,,119528,228126,279236,-170638,,-108598,21.476024863446398,-13.12375886579369,,Legacy
2008-07-22,1296404,362658,116590,616291,754912,,,121027,228474,246068,-138621,,-107447,18.980811537144284,-10.692731586758448,,Legacy
2008-07-29,1227875,354708,96015,573648,718572,,,114558,228327,258693,-144924,,-113769,21.06834979130612,-11.802830092639722,,Legacy
2008-08-05,1220735,334969,108821,585243,701971,,,126505,235925,226148,-116728,,-109420,18.525560420566297,-9.562108074233965,,Legacy
2008-08-12,1196785,313473,119559,582795,679052,,,127955,225612,193914,-96257,,-97657,16.202910297171172,-8.042965110692396,,Legacy
2008-08-19,1157404,314894,115559,562446,663110,,,110135,208806,199335,-100664,,-98671,17.222594703318805,-8.697395205131484,,Legacy
2008-08-26,1127517,297597,104436,556808,656663,,,113823,207129,193161,-99855,,-93306,17.131537706305096,-8.856185760392082,,Legacy
2008-09-02,1065835,289184,100677,542699,634949,,,105068,201325,188507,-92250,,-96257,17.686321053446356,-8.65518584020979,,Legacy
2008-09-09,1052778,281131,101001,538952,620920,,,103955,202117,180130,-81968,,-98162,17.10997000317256,-7.785876984511455,,Legacy
2008-09-16,1070817,277984,101698,538892,622442,,,116121,208857,176286,-83550,,-92736,16.462756941662303,-7.802453640538019,,Legacy
2008-09-23,1037977,278779,89858,515470,615045,,,111118,200464,188921,-99575,,-89346,18.200884990707884,-9.593179810342619,,Legacy
2008-09-30,1035355,268611,99921,516683,589419,,,110312,206266,168690,-72736,,-95954,16.292962317272817,-7.0252232326110375,,Legacy
2008-10-07,1011641,240146,105763,517236,562230,,,110304,199693,134383,-44994,,-89389,13.283664857395063,-4.447625195103797,,Legacy
2008-10-14,997816,219528,98556,509573,554442,,,115303,191406,120972,-44869,,-76103,12.123678112998789,-4.49672083831087,,Legacy
2008-10-21,986935,209559,102864,508750,543891,,,115794,187348,106695,-35141,,-71554,10.810742348786901,-3.5606194936849946,,Legacy
2008-10-28,982689,208722,121703,510503,534479,,,116142,179185,87019,-23976,,-63043,8.855192232740979,-2.4398360010135454,,Legacy
2008-11-04,999065,216381,123368,504135,532529,,,128288,192907,93013,-28394,,-64619,9.310004854538995,-2.8420573235975635,,Legacy
2008-11-11,1009051,206253,152292,508517,510896,,,129016,180598,53961,-2379,,-51582,5.347697985532942,-0.23576608119906722,,Legacy
2008-11-18,994551,195693,146457,499706,504726,,,131547,175763,49236,-5020,,-44216,4.950575686918016,-0.5047503848470315,,Legacy
2008-11-25,894918,158219,122871,468639,440669,,,137248,200566,35348,27970,,-63318,3.9498590932353577,3.1254260166853274,,Legacy
2008-12-02,848682,150616,129601,460384,424134,,,113949,171214,21015,36250,,-57265,2.476192496129292,4.271328954779293,,Legacy
2008-12-09,823600,158191,129700,441493,410132,,,110432,170284,28491,31361,,-59852,3.459324915007285,3.8077950461389025,,Legacy
2008-12-16,825334,163280,118394,432214,417791,,,111827,171136,44886,14423,,-59309,5.438525493921249,1.74753493737081,,Legacy
2008-12-22,802375,153700,109441,433471,405712,,,98076,170094,44259,27759,,-72018,5.515999376849977,3.4596042997351613,,Legacy
2008-12-30,802641,152903,107278,422994,409060,,,104939,164498,45625,13934,,-59559,5.684359508173642,1.736018967383924,,Legacy
2009-01-06,814872,156060,105596,420457,409265,,,109054,170710,50464,11192,,-61656,6.1928744637194555,1.3734672439352438,,Legacy
2009-01-13,812954,154121,112379,415653,389111,,,108803,177087,41742,26542,,-68284,5.134607862191465,3.2648833759351694,,Legacy
2009-01-20,808890,161880,114533,401004,376543,,,112111,183919,47347,24461,,-71808,5.853329871799627,3.024020571400314,,Legacy
2009-01-27,798353,156636,117842,399243,368487,,,107250,176800,38794,30756,,-69550,4.8592539891501625,3.852431192718008,,Legacy
2009-02-03,817268,154888,139092,407816,355710,,,116337,184239,15796,52106,,-67902,1.9327809237606268,6.3756319836332755,,Legacy
2009-02-10,812240,161571,139140,406204,361990,,,111683,178328,22431,44214,,-66645,2.761622180636265,5.4434649857185065,,Legacy
2009-02-17,812494,158872,157792,415671,349348,,,115486,182889,1080,66323,,-67403,0.13292405851612443,8.162891049041592,,Legacy
2009-02-24,767829,149975,145022,391301,332490,,,116205,179969,4953,58811,,-63764,0.6450655028658725,7.659387702209737,,Legacy
2009-03-03,748252,151768,136393,378588,324933,,,110271,179301,15375,53655,,-69030,2.0547890282952803,7.170712540694845,,Legacy
2009-03-10,752372,163097,114456,367839,350737,,,110555,176298,48641,17102,,-65743,6.46501996352868,2.2730776796584666,,Legacy
2009-03-17,758675,172824,84627,366944,388310,,,108064,174895,88197,-21366,,-66831,11.625135927768808,-2.8162256565723136,,Legacy
2009-03-24,787271,179689,82763,381140,409333,,,108779,177512,96926,-28193,,-68733,12.311643639864798,-3.581104854618041,,Legacy
2009-03-31,811140,186372,86656,396213,418872,,,110263,187320,99716,-22659,,-77057,12.293315580540968,-2.793475848805385,,Legacy
2009-04-07,837770,189951,81966,402486,430817,,,107308,186962,107985,-28331,,-79654,12.889575897919478,-3.381715745371641,,Legacy
2009-04-14,834150,193636,90577,384711,410323,,,112485,189932,103059,-25612,,-77447,12.35497212731523,-3.070430977641911,,Legacy
2009-04-21,820699,190634,125351,386314,370403,,,104891,186085,65283,15911,,-81194,7.954560685464464,1.9387132188536844,,Legacy
2009-04-28,798625,183259,133461,378880,352686,,,105848,181840,49798,26194,,-75992,6.235467209265925,3.279887306307716,,Legacy
2009-05-05,796882,209299,114750,367879,382606,,,93800,173622,94549,-14727,,-79822,11.864868324293935,-1.8480778835511407,,Legacy
2009-05-12,858911,245099,94219,381258,446269,,,109165,195034,150880,-65011,,-85869,17.56643004921348,-7.569003074823817,,Legacy
2009-05-19,877421,257479,87471,396029,472583,,,107361,200815,170008,-76554,,-93454,19.37587543493944,-8.724888052599606,,Legacy
2009-05-26,929290,280407,86227,407941,501656,,,112414,212879,194180,-93715,,-100465,20.8955223880597,-10.084580701395689,,Legacy
2009-06-02,979982,307286,100580,419284,532485,,,119694,213199,206706,-113201,,-93505,21.0928363990359,-11.551334616350097,,Legacy
2009-06-09,978960,303745,93378,425844,538141,,,112912,210982,210367,-112297,,-98070,21.48882487537795,-11.471050911171039,,Legacy
2009-06-16,979945,281578,108063,449297,513112,,,105813,215513,173515,-63815,,-109700,17.70660598298884,-6.512100168887029,,Legacy
2009-06-23,976526,261049,133516,475845,496297,,,107978,215059,127533,-20452,,-107081,13.059867325601163,-2.0943630789144376,,Legacy
2009-06-30,922119,242428,129378,465118,469865,,,97538,205841,113050,-4747,,-108303,12.259805946954785,-0.514792559311759,,Legacy
2009-07-07,898787,232879,147371,457762,436779,,,99282,205773,85508,20983,,-106491,9.51371125750595,2.3345909542527874,,Legacy
2009-07-14,890306,227098,160842,460584,426449,,,102552,202943,66256,34135,,-100391,7.44193569401981,3.834075025889975,,Legacy
2009-07-21,906486,215874,181491,471749,404268,,,104617,206481,34383,67481,,-101864,3.792998457780925,7.444240727380236,,Legacy
2009-07-28,880331,216844,175521,458931,411394,,,107488,196348,41323,47537,,-88860,4.694029859223406,5.399900719161316,,Legacy
2009-08-04,871875,221135,156032,448658,422455,,,107896,199202,65103,26203,,-91306,7.4670107526881715,3.005362007168459,,Legacy
2009-08-11,865645,223661,152076,443375,420372,,,105726,200314,71585,23003,,-94588,8.269556226859741,2.6573248849124065,,Legacy
2009-08-18,863119,213339,159909,452444,417124,,,100316,189066,53430,35320,,-88750,6.190339918365834,4.092135615135341,,Legacy
2009-08-25,859458,205377,174189,461036,400438,,,106733,198519,31188,60598,,-91786,3.6287986149410445,7.050722664749179,,Legacy
2009-09-01,835960,209195,187120,442196,375664,,,99117,187724,22075,66532,,-88607,2.640676587396526,7.958754007368773,,Legacy
2009-09-08,832992,206921,195495,448654,367010,,,98924,191994,11426,81644,,-93070,1.3716818408820253,9.801294610272368,,Legacy
2009-09-15,861267,226985,182622,447935,396414,,,102357,198241,44363,51521,,-95884,5.150899779046451,5.982000935830585,,Legacy
2009-09-22,870345,231829,188684,456275,398363,,,97420,198477,43145,57912,,-101057,4.957229604352297,6.653913103424504,,Legacy
2009-09-29,852229,231255,162186,452558,413997,,,94562,202192,69069,38561,,-107630,8.104511815486214,4.5247228151119,,Legacy
2009-10-06,899495,255996,159733,463894,448604,,,100614,212167,96263,15290,,-111553,10.701893840432687,1.6998426895091134,,Legacy
2009-10-13,904844,262114,125155,459543,473817,,,98088,220773,136959,-14274,,-122685,15.136200273196263,-1.5775094933491298,,Legacy
2009-10-20,942450,274984,117284,469152,495813,,,101016,232055,157700,-26661,,-131039,16.732983182131676,-2.8289033901002703,,Legacy
2009-10-27,964370,271125,110255,480043,515427,,,108067,233553,160870,-35384,,-125486,16.681356740670076,-3.6691311426112385,,Legacy
2009-11-03,948636,273831,102225,491334,527051,,,78578,214467,171606,-35717,,-135889,18.089762564355556,-3.7650900872410493,,Legacy
2009-11-09,1004837,274564,99992,501229,535053,,,110538,251286,174572,-33824,,-140748,17.373165996076974,-3.36611808681408,,Legacy
2009-11-17,1056596,291466,98769,514876,566149,,,125653,267077,192697,-51273,,-141424,18.237528818962026,-4.852658915990596,,Legacy
2009-11-24,987182,268003,69565,495719,554381,,,112631,252407,198438,-58662,,-139776,20.101460520957634,-5.942369289553497,,Legacy
2009-12-01,976201,294932,64976,480311,571504,,,105192,243955,229956,-91193,,-138763,23.556214345201447,-9.341621243985614,,Legacy
2009-12-08,969018,280424,85658,492893,552876,,,100619,235402,194766,-59983,,-134783,20.09931704055033,-6.190081092404888,,Legacy
2009-12-15,954008,285230,72269,490800,568593,,,95813,230981,212961,-77793,,-135168,22.322768781813153,-8.154334135562804,,Legacy
2009-12-22,963483,284250,69408,500549,580849,,,95627,230169,214842,-80300,,-134542,22.298473351372053,-8.334345286839518,,Legacy
2009-12-29,989671,299554,62766,500403,604714,,,103384,235861,236788,-104311,,-132477,23.92593094068635,-10.539967322473833,,Legacy
2015-01-06,1257693,298017,77016,267056,646591,267364.0,23932.0,130201,80752,221001,-379535,243432.0,49449,17.571935281503514,-30.17707818998754,19.355438886914374,Disaggregated
2015-01-13,1274564,285056,90374,291491,621996,253931.0,26131.0,135272,86191,194682,-330505,227800.0,49081,15.274399716295143,-25.93082811063234,17.87277845600535,Disaggregated
2015-01-20,1301166,278775,93627,307607,616591,250656.0,28141.0,137590,92659,185148,-308984,222515.0,44931,14.229391176836776,-23.74670103584016,17.10120000061483,Disaggregated
2015-01-27,1304935,256503,104088,310369,595069,246800.0,28800.0,137951,74310,152415,-284700,218000.0,63641,11.679892101905459,-21.817178633418525,16.705812933211234,Disaggregated
2015-02-03,1350370,247007,150657,325217,585205,252442.0,30983.0,149077,69595,96350,-259988,221459.0,79482,7.1350814961825275,-19.25309359656983,16.399875589653206,Disaggregated
2015-02-10,1358550,226517,136248,343199,595982,252490.0,32694.0,150319,74516,90269,-252783,219796.0,75803,6.644510691546134,-18.606823451473996,16.17871995877958,Disaggregated
2015-02-17,1362156,221154,141171,344450,587802,255232.0,33309.0,143864,73768,79983,-243352,221923.0,70096,5.871794420022376,-17.86520780292419,16.292039971926858,Disaggregated
2015-02-24,1294525,217942,155056,289376,558025,255758.0,29893.0,163372,62447,62886,-268649,225865.0,100925,4.857843610590757,-20.752708522431007,17.4477124814121,Disaggregated
2015-03-03,1249063,202746,168345,266881,529375,256502.0,25269.0,176737,63388,34401,-262494,231233.0,113349,2.754144506722239,-21.015273048677287,18.512516982730254,Disaggregated
2015-03-10,1245440,198001,183135,280990,517009,247759.0,25148.0,178791,64680,14866,-236019,222611.0,114111,1.1936343782117163,-18.950651978417266,17.874084660842755,Disaggregated
2015-03-17,1330967,186082,249140,323245,492007,241778.0,26909.0,200405,74467,-63058,-168762,214869.0,125938,-4.737758336607895,-12.67965321454251,16.14382625564721,Disaggregated
2015-03-24,1333440,193574,214501,304367,523643,250075.0,26169.0,189710,72397,-20927,-219276,223906.0,117313,-1.5693994480441564,-16.44438444924406,16.791606671466283,Disaggregated
2015-03-31,1349885,183238,189200,315661,534360,246746.0,30117.0,182906,72570,-5962,-218699,216629.0,110336,-0.4416672531363783,-16.201306037180945,16.047959641006457,Disaggregated
2015-04-07,1358349,178587,183058,316927,520624,245803.0,28878.0,169953,75587,-4471,-203697,216925.0,94366,-0.3291495779067088,-14.995925200371923,15.969754459273721,Disaggregated
2015-04-14,1407876,168163,231301,346537,512262,241288.0,27809.0,195227,86064,-63138,-165725,213479.0,109163,-4.484627907571405,-11.77127815233728,15.163196190573602,Disaggregated
2015-04-21,1369994,157185,236922,338715,484224,240899.0,26674.0,199563,92513,-79737,-145509,214225.0,107050,-5.820244468223948,-10.621141406458715,15.636929796772833,Disaggregated
2015-04-28,1319827,170718,282710,295970,418860,236220.0,18955.0,197430,85063,-111992,-122890,217265.0,112367,-8.485354519948448,-9.311068799168376,16.46162716780305,Disaggregated
2015-05-05,1325963,185576,321767,314222,416244,238800.0,16445.0,195492,89733,-136191,-102022,222355.0,105759,-10.271101078989384,-7.6941815118521415,16.76932161757153,Disaggregated
2015-05-12,1340706,200466,336426,314244,432176,246506.0,15191.0,197815,93007,-135960,-117932,231315.0,104808,-10.140925751059516,-8.796261074389164,17.253223301752957,Disaggregated
2015-05-19,1399666,213084,368463,332402,439276,255253.0,14786.0,195848,93507,-155379,-106874,240467.0,102341,-11.101148416836589,-7.635678797656012,17.180313017534182,Disaggregated
2015-05-26,1434318,220551,378957,340399,444660,258798.0,15868.0,204404,100447,-158406,-104261,242930.0,103957,-11.043994428013871,-7.269029601524905,16.936969347104338,Disaggregated
2015-06-02,1454337,223453,381446,342691,450926,261864.0,14997.0,198869,104823,-157993,-108235,246867.0,94046,-10.863575636183361,-7.442222813556968,16.974538913608058,Disaggregated
2015-06-09,1459091,226214,338468,331407,466944,262189.0,14863.0,187459,100445,-112254,-135537,247326.0,87014,-7.693420081406849,-9.289139608153295,16.950690532667256,Disaggregated
2015-06-16,1456360,219318,370585,343242,451806,259323.0,8857.0,188850,102961,-151267,-108564,250466.0,85889,-10.3866489054904,-7.454475541761653,17.19808289159274,Disaggregated
2015-06-23,1427005,212334,335302,328206,473804,269658.0,8611.0,172161,95506,-122968,-145598,261047.0,76655,-8.617208769415665,-10.203047641739166,18.293348656802184,Disaggregated
2015-06-30,1308355,256745,216415,268038,535918,272238.0,18773.0,152459,82220,40330,-267880,253465.0,70239,3.0824967229842053,-20.47456538936298,19.372800195665548,Disaggregated
2015-07-07,1323094,270061,121169,252653,599157,270348.0,16826.0,162304,102496,148892,-346504,253522.0,59808,11.253319869941214,-26.188917794200563,19.161299197184782,Disaggregated
2015-07-14,1349047,266168,90873,267329,666288,264616.0,17883.0,179623,96688,175295,-398959,246733.0,82935,12.993987607548144,-29.573395144868936,18.28942950097365,Disaggregated
2015-07-21,1386008,309980,62189,261130,712342,261341.0,17718.0,174436,98733,247791,-451212,243623.0,75703,17.878035336015376,-32.554790448539976,17.577315571050097,Disaggregated
2015-07-28,1350791,288561,58187,266256,699207,249692.0,12805.0,155760,80453,230374,-432951,236887.0,75307,17.05474792177324,-32.051664543219495,17.53690985504049,Disaggregated
2015-08-04,1368036,269629,119442,284953,665322,251446.0,8458.0,165709,74264,150187,-380369,242988.0,91445,10.97829296889848,-27.80401977725732,17.76181328561529,Disaggregated
2015-08-11,1390718,260775,168622,298108,655052,256910.0,8699.0,175051,69944,92153,-356944,248211.0,105107,6.626289441856653,-25.66616668512236,17.847687309720587,Disaggregated
2015-08-18,1376536,262880,192025,317801,642458,260080.0,8065.0,173060,83204,70855,-324657,252015.0,89856,5.147340861408637,-23.585071512840926,18.307912034265723,Disaggregated
2015-08-25,1296742,238859,159261,318104,617265,254075.0,10126.0,160155,88293,79598,-299161,243949.0,71862,6.138306617661802,-23.07020209108674,18.812454597753447,Disaggregated
2015-09-01,1212362,234577,152274,265603,567734,253462.0,10279.0,161115,95201,82303,-302131,243183.0,65914,6.788648934889084,-24.920856971762557,20.058612856556046,Disaggregated
2015-09-08,1225245,235813,183614,284487,550611,254505.0,10041.0,156684,103676,52199,-266124,244464.0,53008,4.2602907989830605,-21.72006415043522,19.95225444706977,Disaggregated
2015-09-15,1248454,240788,168937,274689,579945,259377.0,11130.0,159236,101123,71851,-305256,248247.0,58113,5.755198028922171,-24.45072065130153,19.884352967750512,Disaggregated
2015-09-22,1269119,242975,171682,280455,582711,252828.0,9663.0,156511,98133,71293,-302256,243165.0,58378,5.617518924545295,-23.81620636047526,19.160141799153585,Disaggregated
2015-09-29,1295732,239468,176017,289165,606519,259683.0,9370.0,169311,99146,63451,-317354,250313.0,70165,4.896923129165599,-24.492256114690385,19.318269518696766,Disaggregated
2015-10-06,1307966,259056,141578,294385,654034,256865.0,9371.0,159434,99575,117478,-359649,247494.0,59859,8.98173194104434,-27.496815666462275,18.922051490635077,Disaggregated
2015-10-13,1290684,236726,145019,291911,630362,265844.0,8239.0,156477,101704,91707,-338451,257605.0,54773,7.105302304824419,-26.22260754762591,19.95879704094883,Disaggregated
2015-10-20,1320517,217794,187765,307317,606834,272368.0,8072.0,164355,94200,30029,-299517,264296.0,70155,2.2740335792723605,-22.681798113920532,20.014585196555593,Disaggregated
2015-10-27,1320509,217586,188571,304531,613967,276961.0,10040.0,161268,86029,29015,-309436,266921.0,75239,2.1972587843021136,-23.433085272421465,20.213493433214012,Disaggregated
2015-11-03,1350499,208230,188370,314822,627203,279755.0,9870.0,168882,87674,19860,-312381,269885.0,81208,1.4705675457738214,-23.130783510391346,19.98409476793393,Disaggregated
2015-11-10,1398265,186651,239815,348885,602345,271985.0,10624.0,187666,89459,-53164,-253460,261361.0,98207,-3.802140509846131,-18.126749936528483,18.69180734696213,Disaggregated
2015-11-17,1404100,171741,251600,358592,594639,276531.0,10672.0,190267,91758,-79859,-236047,265859.0,98509,-5.687557866248842,-16.81126700377466,18.934477601310448,Disaggregated
2015-11-24,1309794,160550,268444,337216,533786,267296.0,10797.0,162320,74473,-107894,-196570,256499.0,87847,-8.237478565331648,-15.007703501466644,19.583155824503702,Disaggregated
2015-12-01,1300942,172967,256715,293951,556581,311508.0,11479.0,163883,79164,-83748,-262630,300029.0,84719,-6.437489142482909,-20.187679389242565,23.062442445550992,Disaggregated
2015-12-08,1280685,171388,240429,286439,570122,308598.0,9587.0,162398,72136,-69041,-283683,299011.0,90262,-5.390943128091607,-22.150880193021703,23.347739686183566,Disaggregated
2015-12-15,1263718,166383,209325,278288,580223,307350.0,12313.0,161033,71044,-42942,-301935,295037.0,89989,-3.398068239907954,-23.892593125998047,23.34674349815386,Disaggregated
2015-12-22,1284149,155008,239826,299581,570819,306912.0,10037.0,168461,72306,-84818,-271238,296875.0,96155,-6.604996772181421,-21.122003755015967,23.118423173634834,Disaggregated
2015-12-29,1317814,152874,293566,316165,536941,305233.0,9808.0,178253,77135,-140692,-220776,295425.0,101118,-10.676165225137995,-16.75319885810896,22.41780706533699,Disaggregated
2016-01-05,1356517,154029,322779,331402,525198,295876.0,9607.0,191924,84936,-168750,-193796,286269.0,106988,-12.439947306226166,-14.286293500192034,21.103237187591457,Disaggregated
2016-01-12,1388762,151082,346420,343889,506196,282576.0,12882.0,197608,85579,-195338,-162307,269694.0,112029,-14.06562103513777,-11.687171740010168,19.419742187646264,Disaggregated
2016-01-19,1390878,150112,313265,346044,513062,275031.0,18638.0,190200,84852,-163153,-167018,256393.0,105348,-11.730216453204378,-12.008098481678479,18.43389571191722,Disaggregated
2016-01-26,1356442,151653,243582,335370,549733,276358.0,20857.0,175829,83222,-91929,-214363,255501.0,92607,-6.777215686332331,-15.803329593156212,18.836116840970714,Disaggregated
2016-02-02,1368832,172484,236272,326386,574728,284805.0,20026.0,174349,84831,-63788,-248342,264779.0,89518,-4.660031325977183,-18.1426208621657,19.34342563587058,Disaggregated
2016-02-09,1403163,164075,266544,342024,542876,282873.0,20284.0,179113,91643,-102469,-200852,262589.0,87470,-7.302715365214163,-14.31423148985542,18.714076696720195,Disaggregated
2016-02-16,1407062,159045,296608,339606,523457,285449.0,20843.0,188055,91436,-137563,-183851,264606.0,96619,-9.776612544436563,-13.066304114530844,18.8055679138517,Disaggregated
2016-02-23,1355719,157677,295677,335069,517144,269366.0,19975.0,195150,81950,-138000,-182075,249391.0,113200,-10.17910053632058,-13.430142972105577,18.39547870908352,Disaggregated
2016-03-01,1325794,143881,350133,331605,470012,268854.0,22187.0,219648,90221,-206252,-138407,246667.0,129427,-15.556866300496155,-10.439555466384672,18.605228263214347,Disaggregated
2016-03-08,1356292,140042,376243,344554,469165,266955.0,23491.0,226362,90337,-236201,-124611,243464.0,136025,-17.415202625983195,-9.187623314153589,17.950706779955937,Disaggregated
2016-03-15,1349275,151873,350131,340444,489115,262860.0,22481.0,207472,83447,-198258,-148671,240379.0,124025,-14.693668822145225,-11.018584054399586,17.81541939189565,Disaggregated
2016-03-22,1338870,159254,322913,331787,510262,263632.0,22216.0,199496,79137,-163659,-178475,241416.0,120359,-12.22366622599655,-13.330271049467088,18.03132492325618,Disaggregated
2016-03-29,1328820,162451,278953,330484,543727,263854.0,22918.0,192808,78024,-116502,-213243,240936.0,114784,-8.767327403260035,-16.047545943017113,18.13157538267034,Disaggregated
2016-04-05,1439814,147984,323588,389567,540527,277523.0,13606.0,190443,100381,-175604,-150960,263917.0,90062,-12.196297577325959,-10.484687605482375,18.329937061314862,Disaggregated
2016-04-12,1464480,155268,301652,401912,578852,276337.0,16788.0,188845,97915,-146384,-176940,259549.0,90930,-9.995629848137224,-12.082104228121928,17.722946028624495,Disaggregated
2016-04-19,1439932,182223,211495,368899,658904,285781.0,18642.0,170978,76743,-29272,-290005,267139.0,94235,-2.0328737745949113,-20.14018717550551,18.552195520344018,Disaggregated
2016-04-26,1402906,225198,150545,347213,715787,272953.0,17642.0,166615,72954,74653,-368574,255311.0,93661,5.321311620308132,-26.272180744825384,18.198724647267888,Disaggregated
2016-05-03,1363422,219444,156146,332430,702084,279263.0,18745.0,175931,74915,63298,-369654,260518.0,101016,4.642583147404105,-27.112222041304896,19.1076570570227,Disaggregated
2016-05-10,1323691,197588,162034,329449,671578,280179.0,15985.0,174927,82479,35554,-342129,264194.0,92448,2.68597429460501,-25.846591085079524,19.9588876860234,Disaggregated
2016-05-17,1353223,206198,152121,339118,699038,284319.0,18079.0,175863,84568,54077,-359920,266240.0,91295,3.996163233997649,-26.59724228748698,19.674510409592504,Disaggregated
2016-05-24,1412921,221302,146846,362588,755025,282652.0,18715.0,182193,73481,74456,-392437,263937.0,108712,5.269650603253827,-27.77487205583327,18.680237607056586,Disaggregated
2016-05-31,1411252,254843,112553,319064,767676,286035.0,19135.0,184797,78239,142290,-448612,266900.0,106558,10.082536641223538,-31.788227758047466,18.912284978161235,Disaggregated
2016-06-07,1466703,311063,87480,301731,820334,291128.0,23451.0,187464,83532,223583,-518603,267677.0,103932,15.243917821126704,-35.35841953006164,18.250252436928267,Disaggregated
2016-06-14,1480701,342545,74133,286222,841064,295981.0,21204.0,183868,89755,268412,-554842,274777.0,94113,18.127359946403764,-37.47157596300671,18.557223909486115,Disaggregated
2016-06-21,1479366,318494,102123,312604,823820,294496.0,19918.0,191283,78769,216371,-511216,274578.0,112514,14.625927593306862,-34.556424846860075,18.560518492381195,Disaggregated
2016-06-28,1333078,257819,89587,284809,761693,275703.0,11763.0,182412,61529,168232,-476884,263940.0,120883,12.619816694897073,-35.77315055833192,19.79929156433457,Disaggregated
2016-07-05,1288110,205394,119344,299540,691980,260545.0,10350.0,193176,62189,86050,-392440,250195.0,130987,6.68033009603217,-30.466342160219234,19.42341880739999,Disaggregated
2016-07-12,1297529,167882,173768,332127,645498,244217.0,8756.0,217229,62578,-5886,-313371,235461.0,154651,-0.45363147952762517,-24.151367715095382,18.146877642041144,Disaggregated
2016-07-19,1298151,163260,193018,320912,617359,236362.0,6448.0,225096,64714,-29758,-296447,229914.0,160382,-2.2923373320977296,-22.836095338677858,17.710882632297782,Disaggregated
2016-07-26,1309528,148490,216061,335559,585568,241402.0,4963.0,193972,54341,-67571,-250009,236439.0,139631,-5.159950760884838,-19.091535270723497,18.055284041272888,Disaggregated
2016-08-02,1339998,149213,255981,355623,568920,234635.0,6887.0,198983,52999,-106768,-213297,227748.0,145984,-7.967773086228487,-15.917710324940785,16.99614477036533,Disaggregated
2016-08-09,1360945,149953,291448,372801,559909,233786.0,7509.0,201919,55012,-141495,-187108,226277.0,146907,-10.396819856790685,-13.748388068584697,16.626461760027038,Disaggregated
2016-08-16,1379265,156649,321758,370699,551716,232810.0,8315.0,214536,53353,-165109,-181017,224495.0,161183,-11.970796039919811,-13.124163956890083,16.27642258739256,Disaggregated
2016-08-23,1370132,176286,334772,360529,542191,231255.0,7627.0,215582,54897,-158486,-181662,223628.0,160685,-11.567206663299595,-13.258722517246513,16.32163908294967,Disaggregated
2016-08-30,1296621,173135,347624,344130,476301,224107.0,6569.0,188642,60425,-174489,-132171,217538.0,128217,-13.457209161350928,-10.193495246490686,16.777300383072618,Disaggregated
2016-09-06,1317098,172067,358194,357287,485830,226696.0,7187.0,185685,60788,-186127,-128543,219509.0,124897,-14.131598408015197,-9.75956231047348,16.66610988703954,Disaggregated
2016-09-13,1283735,176001,327548,338837,482443,229872.0,5460.0,172935,58059,-151547,-143606,224412.0,114876,-11.80516228037718,-11.186576668860786,17.481177968973345,Disaggregated
2016-09-20,1299946,181231,337264,336252,496214,234570.0,5470.0,176692,55685,-156033,-159962,229100.0,121007,-12.003037049231276,-12.305280373184733,17.623808988988774,Disaggregated
2016-09-27,1307114,172321,350054,344268,488574,237654.0,5364.0,187642,55979,-177733,-144306,232290.0,131663,-13.597360291451244,-11.04004700431638,17.771211998341386,Disaggregated
2016-10-04,1310849,183176,336272,322365,506085,247951.0,4829.0,179923,51931,-153096,-183720,243122.0,127992,-11.679148399243545,-14.015344253991117,18.54691120029843,Disaggregated
2016-10-11,1305996,180101,302015,315849,518062,245986.0,5447.0,173832,52554,-121914,-202213,240539.0,121278,-9.334944364301268,-15.483431802241354,18.418050284993214,Disaggregated
2016-10-18,1316500,203639,255625,310177,559424,246113.0,7446.0,169654,65135,-51986,-249247,238667.0,104519,-3.948803646031143,-18.93254842385112,18.12890239270794,Disaggregated
2016-10-25,1335614,197044,257690,308068,567664,249957.0,6369.0,180642,57984,-60646,-259596,243588.0,122658,-4.5406831614523355,-19.43645394552618,18.237904065096654,Disaggregated
2016-11-01,1345452,203173,255934,311362,592585,259538.0,5517.0,188626,57895,-52761,-281223,254021.0,130731,-3.9214330946031524,-20.901749003308925,18.87997490806064,Disaggregated
2016-11-08,1346960,213728,227206,301532,626733,261139.0,4159.0,189170,62257,-13478,-325201,256980.0,126913,-1.000623626536794,-24.14333016570648,19.078517550632533,Disaggregated
2016-11-15,1398285,180160,254460,353158,622202,263677.0,5418.0,193060,61462,-74300,-269044,258259.0,131598,-5.313652080942012,-19.24099879495239,18.4696968071602,Disaggregated
2016-11-22,1348656,183579,229217,320029,616366,267090.0,6743.0,185730,56757,-45638,-296337,260347.0,128973,-3.3839615142779182,-21.97276399615617,19.304181347949363,Disaggregated
2016-11-29,1236807,183042,248153,283288,588424,276977.0,5389.0,191799,46732,-65111,-305136,271588.0,145067,-5.264443037596004,-24.671270456910417,21.958801979613636,Disaggregated
2016-12-06,1221274,170687,236115,273003,574556,271746.0,4518.0,190828,53787,-65428,-301553,267228.0,137041,-5.3573563344507455,-24.691674431781895,21.881084834361495,Disaggregated
2016-12-13,1219931,169404,238454,272019,573118,274278.0,4016.0,196750,56401,-69050,-301099,270262.0,140349,-5.660156189161518,-24.681641830562548,22.15387591593295,Disaggregated
2016-12-20,1227436,163765,259291,286382,554458,269326.0,3990.0,191416,49869,-95526,-268076,265336.0,141547,-7.782564630660987,-21.840324057629072,21.61709449616925,Disaggregated
2016-12-27,1231462,163648,273250,305691,540774,261693.0,3607.0,178037,58581,-109602,-235083,258086.0,119456,-8.900152826477797,-19.089748607752412,20.957690939712307,Disaggregated
2017-01-03,1244604,177373,271407,313912,550331,242814.0,5720.0,177306,57248,-94034,-236419,237094.0,120058,-7.555334869564938,-18.99551986013222,19.04975397797211,Disaggregated
2017-01-10,1251333,188161,265639,296844,542452,255003.0,8030.0,178490,57991,-77478,-245608,246973.0,120499,-6.191637238049344,-19.627709011110554,19.736792684281482,Disaggregated
2017-01-17,1321861,202824,256592,304114,591022,270018.0,10376.0,186115,65546,-53768,-286908,259642.0,120569,-4.067598635560017,-21.704853989942965,19.6421560209432,Disaggregated
2017-01-24,1351289,250506,232746,296263,615328,274937.0,11885.0,164975,75998,17760,-319065,263052.0,88977,1.314300641831614,-23.611899453040763,19.46674619566947,Disaggregated
2017-01-31,1346772,231087,226259,306849,621461,275903.0,10380.0,159222,67027,4828,-314612,265523.0,92195,0.358486811427621,-23.360450024206028,19.715512351014127,Disaggregated
2017-02-07,1383789,255290,219373,289430,627309,286953.0,13075.0,157819,76554,35917,-337879,273878.0,81265,2.5955546691005638,-24.416945068937533,19.791890237601255,Disaggregated
2017-02-14,1468620,296824,199625,294170,686219,296859.0,13453.0,163739,90522,97199,-392049,283406.0,73217,6.618390053247267,-26.695060669199655,19.297435687924718,Disaggregated
2017-02-21,1501027,294420,187662,324144,730507,308717.0,16288.0,161301,95121,106758,-406363,292429.0,66180,7.112330424436069,-27.072331143943444,19.481928039935326,Disaggregated
2017-02-28,1361513,269490,181833,272990,700668,292390.0,17394.0,167058,60268,87657,-427678,274996.0,106790,6.438205143836305,-31.411965952583632,20.197824038404335,Disaggregated
2017-03-07,1373407,278156,191136,267103,686189,283734.0,17282.0,169087,57217,87020,-419086,266452.0,111870,6.336067895387165,-30.51433406120691,19.40080398599978,Disaggregated
2017-03-14,1376269,211726,239078,312455,634262,268106.0,18151.0,189055,48898,-27352,-321807,249955.0,140157,-1.987402172104436,-23.38256547230229,18.161783779188518,Disaggregated
2017-03-21,1417628,209725,293843,319360,599788,272373.0,18129.0,199416,51649,-84118,-280428,254244.0,147767,-5.933714627532752,-19.78149415784677,17.934465177042213,Disaggregated
2017-03-28,1433425,195089,346887,353547,519307,235106.0,17919.0,181245,52199,-151798,-165760,217187.0,129046,-10.589880879711181,-11.563911610303993,15.151612396881594,Disaggregated
2017-04-04,1455465,190938,332697,372447,547054,227191.0,20587.0,185893,58675,-141759,-174607,206604.0,127218,-9.739773886696005,-11.996647119649047,14.195051066154116,Disaggregated
2017-04-11,1457532,199311,346554,382741,560148,234396.0,19847.0,181169,59690,-147243,-177407,214549.0,121479,-10.10221387935222,-12.171739625613709,14.720019869203558,Disaggregated
2017-04-18,1475977,187399,347776,394406,555238,228764.0,20175.0,188379,64744,-160377,-160832,208589.0,123635,-10.865819724833111,-10.896646763465826,14.132266288702331,Disaggregated
2017-04-25,1431459,196788,377148,388768,515216,228218.0,23650.0,166847,69755,-180360,-126448,204568.0,97092,-12.5997321613822,-8.833504836673631,14.290873856673505,Disaggregated
2017-05-02,1326162,194698,365301,333834,464217,228911.0,25226.0,169064,75178,-170603,-130383,203685.0,93886,-12.864416262869845,-9.831604283639555,15.358983291634054,Disaggregated
2017-05-09,1357901,190389,394365,346775,455293,228524.0,23380.0,175314,71145,-203976,-108518,205144.0,104169,-15.021419087253046,-7.99159879843965,15.107434194392669,Disaggregated
2017-05-16,1371182,207524,408219,341312,449920,225196.0,22634.0,173980,70586,-200695,-108608,202562.0,103394,-14.636641962919583,-7.92075741951105,14.772801860001078,Disaggregated
2017-05-23,1389074,215676,388864,340185,478966,222579.0,23724.0,181000,74482,-173188,-138781,198855.0,106518,-12.467874281715732,-9.990900412792984,14.31565200990012,Disaggregated
2017-05-30,1390444,214236,412350,347970,457969,222251.0,23267.0,168574,69961,-198114,-109999,198984.0,98613,-14.248254514385334,-7.9110701329934905,14.310824456073023,Disaggregated
2017-06-06,1413738,246423,373501,332014,501633,215143.0,25675.0,172022,77403,-127078,-169619,189468.0,94619,-8.988794246175742,-11.997909089237185,13.401917469856508,Disaggregated
2017-06-13,1444543,265153,269168,292955,566550,211656.0,27828.0,172991,83718,-4015,-273595,183828.0,89273,-0.277942574225897,-18.93990002374453,12.725685562838903,Disaggregated
2017-06-20,1422725,248050,298377,319446,551619,213167.0,29116.0,169063,76836,-50327,-232173,184051.0,92227,-3.5373666731097013,-16.318895078107154,12.936512678135268,Disaggregated
2017-06-27,1361668,219901,325471,349966,513493,209454.0,26072.0,144184,69622,-105570,-163527,183382.0,74562,-7.752991184341558,-12.00931504595834,13.467453153044648,Disaggregated
2017-07-03,1330520,223757,261364,338128,572237,218217.0,28666.0,152028,70941,-37607,-234109,189551.0,81087,-2.826488891561194,-17.59530108528996,14.246384872080089,Disaggregated
2017-07-11,1373866,263074,148008,335189,702553,232039.0,27033.0,150542,89863,115066,-367364,205006.0,60679,8.375343738035587,-26.739434559120028,14.921833715951921,Disaggregated
2017-07-18,1400131,251564,143761,362938,727356,232757.0,28045.0,150867,81523,107803,-364418,204712.0,69344,7.699493833077048,-26.02742171982479,14.620917614137536,Disaggregated
2017-07-25,1400075,246547,139869,345939,706858,237985.0,29632.0,147700,82313,106678,-360919,208353.0,65387,7.619448958091531,-25.778547577808332,14.881559916433048,Disaggregated
2017-08-01,1434247,247063,165620,355775,693080,233319.0,29556.0,154224,87472,81443,-337305,203763.0,66752,5.678450085654703,-23.517915672823438,14.206967140248505,Disaggregated
2017-08-08,1391126,234162,170480,347467,686148,240666.0,31019.0,160443,86361,63682,-338681,209647.0,74082,4.577730557835882,-24.345817704507,15.07030995035676,Disaggregated
2017-08-15,1405868,233556,204671,367754,670428,238701.0,29408.0,165378,91004,28885,-302674,209293.0,74374,2.0546025658169897,-21.52933276808349,14.88710177626918,Disaggregated
2017-08-22,1447921,228781,254804,387731,663750,239180.0,31770.0,177686,81155,-26023,-276019,207410.0,96531,-1.7972665635763279,-19.063125681580694,14.324676553485999,Disaggregated
2017-08-29,1373874,220845,284377,356603,586028,245868.0,26970.0,139852,73944,-63532,-229425,218898.0,65908,-4.6242959689170915,-16.699129614506134,15.932902143864721,Disaggregated
2017-09-05,1337632,215999,319897,333770,556243,245987.0,28946.0,153920,64022,-103898,-222473,217041.0,89898,-7.767308198368459,-16.631853903016676,16.22576313963781,Disaggregated
2017-09-12,1368725,218509,334853,341560,557503,247964.0,27190.0,155284,63554,-116344,-215943,220774.0,91730,-8.500173519151035,-15.776945697638315,16.12990191601673,Disaggregated
2017-09-19,1395966,218664,349566,346181,546176,248463.0,29618.0,159564,66687,-130902,-199995,218845.0,92877,-9.377162481034638,-14.326638327867583,15.676957748254614,Disaggregated
2017-09-26,1405286,219642,341313,341706,557248,252289.0,26368.0,161533,72789,-121671,-215542,225921.0,88744,-8.658095220474692,-15.337945443133997,16.07651396228241,Disaggregated
2017-10-03,1433227,216268,347227,356064,553654,257335.0,30671.0,158739,74883,-130959,-197590,226664.0,83856,-9.137352282646084,-13.786371593613572,15.814940689786056,Disaggregated
2017-10-10,1449877,212150,363113,367445,547867,252739.0,30172.0,162388,73085,-150963,-180422,222567.0,89303,-10.412124614708695,-12.44395214214723,15.35075044296861,Disaggregated
2017-10-17,1489037,213330,367969,375481,546278,251371.0,32591.0,169019,78557,-154639,-170797,218780.0,90462,-10.385168400785204,-11.470299260528785,14.692717508027,Disaggregated
2017-10-24,1546282,214861,370168,398663,559401,249400.0,28523.0,166012,81261,-155307,-160738,220877.0,84751,-10.043898848980975,-10.395128443582736,14.28439314432943,Disaggregated
2017-10-31,1593417,195077,394212,435300,567550,242678.0,29218.0,181796,74420,-199135,-132250,213460.0,107376,-12.497356310369478,-8.299773380100751,13.39636768027453,Disaggregated
2017-11-07,1623655,202829,405285,436352,580769,245536.0,26264.0,189210,73754,-202456,-144417,219272.0,115456,-12.469151389919658,-8.894561960515011,13.50483939014138,Disaggregated
2017-11-14,1702668,204586,447470,499638,596750,250166.0,31440.0,207084,89313,-242884,-97112,218726.0,117771,-14.264906605398117,-5.703519417760832,12.846074513645645,Disaggregated
2017-11-21,1681453,219169,431448,477484,614456,252029.0,28819.0,204716,85074,-212279,-136972,223210.0,119642,-12.624735868323409,-8.146049874721447,13.274828377599611,Disaggregated
2017-11-28,1573236,216408,410428,433879,589658,269001.0,29918.0,172552,70384,-194020,-155779,239083.0,102168,-12.332542606449381,-9.901820197351192,15.196893536634045,Disaggregated
2017-12-05,1484205,230912,385973,370763,564709,270083.0,28082.0,173646,72293,-155061,-193946,242001.0,101353,-10.447411240361001,-13.067332342904114,16.30509262534488,Disaggregated
2017-12-12,1520469,207082,406002,393125,568209,269370.0,31123.0,193764,70693,-198920,-175084,238247.0,123071,-13.082805371237427,-11.515131186495745,15.669309930028168,Disaggregated
2017-12-19,1549922,209192,432597,407312,564007,258967.0,29498.0,200351,69918,-223405,-156695,229469.0,130433,-14.41395115367096,-10.109863593135653,14.805196648605543,Disaggregated
2017-12-26,1544322,211405,409898,414867,584759,257477.0,30139.0,195747,71911,-198493,-169892,227338.0,123836,-12.853083748078445,-11.001073610296299,14.72089369963,Disaggregated
2018-01-02,1542911,213196,402732,407230,585777,256760.0,27014.0,190235,70430,-189536,-178547,229746.0,119805,-12.284311927259576,-11.572086789192637,14.890424658324427,Disaggregated
2018-01-09,1589938,204600,421432,423112,575621,250654.0,29483.0,205698,75580,-216832,-152509,221171.0,130118,-13.637764491445578,-9.592135039227944,13.910668214735416,Disaggregated
2018-01-16,1637164,213267,438330,442113,590885,248122.0,28943.0,207854,75038,-225063,-148772,219179.0,132816,-13.747126127865014,-9.087177582697885,13.387724137594034,Disaggregated
2018-01-23,1668554,207907,424964,456452,619520,248047.0,26811.0,216526,76494,-217057,-163068,221236.0,140032,-13.008688960620992,-9.773013040033467,13.259145343812667,Disaggregated
2018-01-30,1692248,236675,365729,430105,682085,254055.0,23087.0,216821,74013,-129054,-251980,230968.0,142808,-7.626187178238651,-14.890252492542464,13.648590513919945,Disaggregated
2018-02-06,1711904,242857,327729,440104,716045,252863.0,23627.0,210362,77420,-84872,-275941,229236.0,132942,-4.957754640447128,-16.118952931940107,13.390704151634672,Disaggregated
2018-02-13,1661360,258539,263755,410526,753601,252468.0,22166.0,218971,79783,-5216,-343075,230302.0,139188,-0.31395964751769634,-20.65025039726489,13.862257427649634,Disaggregated
2018-02-20,1681923,265863,243467,393842,756271,253988.0,23646.0,230038,86502,22396,-362429,230342.0,143536,1.3315710647871513,-21.54848943738804,13.695157269387481,Disaggregated
2018-02-27,1636559,282353,223908,390418,810533,268349.0,24480.0,225124,69077,58445,-420115,243869.0,156047,3.5712125257934484,-25.67062965649268,14.901326502741421,Disaggregated
2018-03-06,1743951,344088,180474,399525,924373,288266.0,25413.0,234011,77241,163614,-524848,262853.0,156770,9.38180029140727,-30.095340981483997,15.07226980574569,Disaggregated
2018-03-13,1860162,379108,141465,401212,997799,292225.0,30843.0,250832,73025,237643,-596587,261382.0,177807,12.77539268085253,-32.07177654419346,14.051571852344043,Disaggregated
2018-03-20,1862226,368293,160917,429031,973564,281100.0,30100.0,256449,85224,207376,-544533,251000.0,171225,11.135920129994963,-29.240972900174306,13.478492943391403,Disaggregated
2018-03-27,1850903,307875,199036,447504,927130,276755.0,26444.0,274971,82075,108839,-479626,250311.0,192896,5.880318957827612,-25.913081344619354,13.523723285336942,Disaggregated
2018-04-03,1865937,319724,181479,425732,960100,274456.0,30097.0,308671,79599,138245,-534368,244359.0,229072,7.4088782204329515,-28.63805155265156,13.095779761053025,Disaggregated
2018-04-10,1882013,323112,153327,428661,980464,281224.0,31015.0,289935,77416,169785,-551803,250209.0,212519,9.021457343812184,-29.31982935293221,13.294754074493639,Disaggregated
2018-04-17,1854949,292821,166432,434498,955800,288297.0,28215.0,291686,78015,126389,-521302,260082.0,213671,6.813610508968171,-28.103306344271463,14.020978474340803,Disaggregated
2018-04-24,1797330,299404,185286,393843,910450,283890.0,28810.0,281200,61902,114118,-516607,255080.0,219298,6.349307027646564,-28.743024375045206,14.192162819293063,Disaggregated
2018-05-01,1750116,339428,153152,346782,928927,291764.0,29462.0,283443,76012,186276,-582145,262302.0,207431,10.64363733603944,-33.26322369488651,14.9876922443998,Disaggregated
2018-05-08,1792804,339273,133126,378464,968139,296779.0,32840.0,284423,78417,206147,-589675,263939.0,206006,11.498579878224279,-32.89121398658191,14.722133596310583,Disaggregated
2018-05-15,1831023,330210,145437,392356,967057,295207.0,31920.0,287970,78433,184773,-574701,263287.0,209537,10.091244075033465,-31.386880448798294,14.379229534527965,Disaggregated
2018-05-22,1884621,340066,149131,397612,973771,289083.0,33234.0,292853,83450,190935,-576159,255849.0,209403,10.131214711074534,-30.571610949893905,13.575620774680958,Disaggregated
2018-05-29,1959252,335541,154751,440373,1001517,280923.0,31117.0,291999,80180,180790,-561144,249806.0,211819,9.22750110756554,-28.640726154675356,12.750069924644711,Disaggregated
2018-06-05,1988935,306994,228298,467925,948202,253260.0,35568.0,320467,69124,78696,-480277,217692.0,251343,3.956690389580354,-24.147445743576338,10.945154064863859,Disaggregated
2018-06-12,1963233,292054,304292,488666,917204,235249.0,37674.0,363918,65030,-12238,-428538,197575.0,298888,-0.6233595299182523,-21.828178316073537,10.063757078247972,Disaggregated
2018-06-19,1992169,299377,356828,525197,920764,222105.0,41144.0,379025,56652,-57451,-395567,180961.0,322373,-2.8838416821062873,-19.856096546025963,9.083616901979703,Disaggregated
2018-06-26,1885804,287061,377825,513100,840177,223131.0,32763.0,330396,58283,-90764,-327077,190368.0,272113,-4.813013441481724,-17.344167262345398,10.09479245987388,Disaggregated
2018-07-03,1830330,274795,382191,484257,773851,210341.0,36927.0,322256,66508,-107396,-289594,173414.0,255748,-5.867575792343457,-15.821955603634317,9.474466353062017,Disaggregated
2018-07-10,1818055,263353,404297,500172,750062,208128.0,39513.0,320946,70682,-140944,-249890,168615.0,250264,-7.752460734136206,-13.744908707382338,9.274471894414635,Disaggregated
2018-07-17,1845765,254060,420025,505218,743674,204707.0,39218.0,330865,74095,-165965,-238456,165489.0,256770,-8.991664702711342,-12.91908774952391,8.96587593761936,Disaggregated
2018-07-24,1906291,266787,431710,523308,739394,203704.0,42482.0,309631,73333,-164923,-216086,161222.0,236298,-8.651512282227634,-11.335415212053144,8.457365638299715,Disaggregated
2018-07-31,1851246,279674,375287,503994,771799,202321.0,27428.0,277608,71422,-95613,-267805,174893.0,206186,-5.164791713256909,-14.466202762895907,9.447312782850037,Disaggregated
2018-08-07,1760500,257337,325362,495397,757966,196736.0,30512.0,266201,76861,-68025,-262569,166224.0,189340,-3.863959102527691,-14.914456120420336,9.441863107071855,Disaggregated
2018-08-14,1717134,249690,309829,500755,767517,205230.0,33146.0,263517,80672,-60139,-266762,172084.0,182845,-3.5022892796951197,-15.535304757811563,10.021582474052696,Disaggregated
2018-08-21,1713501,250778,300674,502867,770705,199833.0,35528.0,262983,79143,-49896,-267838,164305.0,183840,-2.91193293730205,-15.631038441179784,9.588847628335204,Disaggregated
2018-08-28,1671504,250704,330009,496053,722502,210129.0,25467.0,221237,76562,-79305,-226449,184662.0,144675,-4.744529477644085,-13.54761938948396,11.047655285299946,Disaggregated
2018-09-04,1655575,266879,347418,466529,708220,214754.0,25363.0,236707,84283,-80539,-241691,189391.0,152424,-4.8647146761699105,-14.598613774670433,11.43959047460852,Disaggregated
2018-09-11,1677065,258836,342728,479020,720222,220229.0,29753.0,232034,78934,-83892,-241202,190476.0,153100,-5.002310584264772,-14.38238827952405,11.357699313980078,Disaggregated
2018-09-18,1726248,240866,399290,513539,678313,218968.0,30905.0,228576,84667,-158424,-164774,188063.0,143909,-9.17736037927343,-9.545210189961118,10.89432109407223,Disaggregated
2018-09-25,1716016,247611,372466,506125,703372,224370.0,26729.0,216468,82116,-124855,-197247,197641.0,134352,-7.275864560703396,-11.49447324500471,11.517433403884345,Disaggregated
2018-10-02,1683276,248380,315767,483072,721261,221361.0,26060.0,204954,81402,-67387,-238189,195301.0,123552,-4.003324469665105,-14.15032353577191,11.60243477599633,Disaggregated
2018-10-09,1649056,252289,291688,465517,706491,222889.0,28558.0,188833,83499,-39399,-240974,194331.0,105334,-2.389185085285157,-14.612845167174433,11.784378456523005,Disaggregated
2018-10-16,1622531,259114,237856,447345,735431,233267.0,31872.0,166305,77952,21258,-288086,201395.0,88353,1.3101752755417309,-17.75534643097728,12.412397667594641,Disaggregated
2018-10-23,1655068,259272,231369,456653,751028,237621.0,33032.0,172753,77376,27903,-294375,204589.0,95377,1.685912602986705,-17.786278267720725,12.36136521278884,Disaggregated
2018-10-30,1684473,243634,232064,466163,747483,230902.0,33946.0,177271,66377,11570,-281320,196956.0,110894,0.686861706895866,-16.700772289018584,11.692440306256021,Disaggregated
2018-11-06,1711027,237768,223206,466259,760752,227216.0,36020.0,180683,64905,14562,-294493,191196.0,115778,0.8510678089825583,-17.211475914757628,11.174341491981131,Disaggregated
2018-11-13,1760527,240283,224450,502828,777982,224817.0,37973.0,164027,62868,15833,-275154,186844.0,101159,0.8993329838167776,-15.629070159105767,10.612958506174571,Disaggregated
2018-11-20,1740400,220820,230672,518189,783246,218157.0,37465.0,167452,58505,-9852,-265057,180692.0,108947,-0.5660767639623075,-15.229659848310733,10.382210985980235,Disaggregated
2018-11-27,1653425,215823,246877,534836,752570,202523.0,22160.0,120187,47111,-31054,-217734,180363.0,73076,-1.878161997066695,-13.168665043772776,10.908447616311594,Disaggregated
2018-12-04,1566078,259022,219112,446006,745349,204659.0,22951.0,133580,49761,39910,-299343,181708.0,83819,2.548404357892774,-19.114182052234945,11.602742647556507,Disaggregated
2018-12-11,1578442,268915,179181,447646,790525,207088.0,22892.0,135475,53499,89734,-342879,184196.0,81976,5.684972903660698,-21.722622687434825,11.669481678769317,Disaggregated
2018-12-18,1576445,289292,164865,433816,804894,208880.0,21092.0,131657,52956,124427,-371078,187788.0,78701,7.89288557482183,-23.538911918906148,11.912118722822553,Disaggregated
2018-12-24,1577091,267961,177081,430862,776709,205021.0,23319.0,142600,49691,90880,-345847,181702.0,92909,5.7625083143585245,-21.929425759198423,11.5213389715622,Disaggregated
2018-12-31,1592333,252288,203100,430470,760457,206426.0,23314.0,159428,48663,49188,-329987,183112.0,110765,3.089052352742799,-20.723491882665247,11.499604668119042,Disaggregated
2019-01-08,1621715,263578,193418,415738,758239,202302.0,23445.0,156047,51870,70160,-342501,178857.0,104177,4.32628421146749,-21.1196788584924,11.028879920331255,Disaggregated
2019-01-15,1641752,237425,221731,444441,727698,183206.0,22098.0,167266,48102,15694,-283257,161108.0,119164,0.9559300064808814,-17.2533366793523,9.813175193330052,Disaggregated
2019-01-22,1659373,233371,200052,440663,745228,192257.0,17289.0,163073,48390,33319,-304565,174968.0,114683,2.007927090533593,-18.35422174520135,10.544223631455978,Disaggregated
2019-01-29,1690695,204165,213997,458300,733318,191425.0,17245.0,169343,44639,-9832,-275018,174180.0,124704,-0.581535995552125,-16.26656493335581,10.302272142521272,Disaggregated
2019-02-05,1704301,208095,214679,450073,723610,180372.0,17966.0,184489,49688,-6584,-273537,162406.0,134801,-0.3863167363042092,-16.04980575614284,9.529185278891465,Disaggregated
2019-02-12,1748355,217914,250739,502422,734548,167475.0,17838.0,177151,46024,-32825,-232126,149637.0,131127,-1.877479116083404,-13.276823070829435,8.558730921351785,Disaggregated
2019-02-19,1786101,206034,309693,535146,715747,170192.0,18080.0,184541,45050,-103659,-180601,152112.0,139491,-5.80364716217056,-10.111466260866548,8.516427682421094,Disaggregated
2019-02-26,1661824,218980,336927,476046,663066,176199.0,16427.0,172876,39986,-117947,-187020,159772.0,132890,-7.0974423284294845,-11.253899329892937,9.614255179850574,Disaggregated
2019-03-05,1667797,211082,403929,470342,598044,165651.0,13810.0,198691,52161,-192847,-127702,151841.0,146530,-11.562977988328315,-7.6569270720597284,9.10428547359181,Disaggregated
2019-03-12,1757475,200436,483417,499593,576894,157862.0,14369.0,234022,53358,-282981,-77301,143493.0,180664,-16.1015661673708,-4.398412495199079,8.164724960525755,Disaggregated
2019-03-19,1810048,196687,479532,515660,591460,146566.0,14232.0,236427,54277,-282845,-75800,132334.0,182150,-15.626381178841667,-4.187734247931547,7.311076833321548,Disaggregated
2019-03-26,1813508,196246,414673,517153,634117,145200.0,12850.0,213993,57414,-218427,-116964,132350.0,156579,-12.044446454054793,-6.449599340063568,7.298010265187692,Disaggregated
2019-04-02,1823857,183992,447760,524139,600513,138981.0,13276.0,215987,57330,-263768,-76374,125705.0,158657,-14.462098728134936,-4.187499348907289,6.8922618385103664,Disaggregated
2019-04-09,1748710,181495,471354,548007,601625,139574.0,12030.0,221827,61206,-289859,-53618,127544.0,160621,-16.575590006347536,-3.0661459018362107,7.293605000257332,Disaggregated
2019-04-16,1810497,182959,509846,575164,608567,139641.0,11776.0,229453,57057,-326887,-33403,127865.0,172396,-18.05509757817881,-1.8449630129185521,7.062425400318255,Disaggregated
2019-04-23,1840777,185815,530000,593215,608451,140979.0,13280.0,231712,60669,-344185,-15236,127699.0,171043,-18.697810761433896,-0.827693957497296,6.937233570389026,Disaggregated
2019-04-30,1636675,188517,507481,500318,510531,163950.0,10825.0,185085,74413,-318964,-10213,153125.0,110672,-19.488536209082437,-0.6240090427238151,9.355858676890646,Disaggregated
2019-05-07,1611629,192469,488467,474637,509266,165694.0,12300.0,183147,78197,-295998,-34629,153394.0,104950,-18.36638581211929,-2.1486955124287292,9.517947368780284,Disaggregated
2019-05-14,1636522,184831,483382,495087,516943,164104.0,26669.0,188800,74138,-298551,-21856,137435.0,114662,-18.243017814609274,-1.3355151962515628,8.397992816472984,Disaggregated
2019-05-21,1742099,223236,341190,523077,698136,163625.0,35048.0,192315,71116,-117954,-175059,128577.0,121199,-6.770797756040271,-10.048740054382673,7.380579404499973,Disaggregated
2019-05-28,1818382,233812,256106,526352,807081,166651.0,42459.0,204834,72546,-22294,-280729,124192.0,132288,-1.2260350135450087,-15.438395232684881,6.829808038135002,Disaggregated
2019-06-04,1797358,247479,152217,517196,890957,161414.0,38358.0,202040,73287,95262,-373761,123056.0,128753,5.3001127210049415,-20.795022471872603,6.846493575570364,Disaggregated
2019-06-11,1790591,251997,130255,513204,902410,173345.0,50209.0,195559,77926,121742,-389206,123136.0,117633,6.798984245983589,-21.736175374499258,6.876835636948917,Disaggregated
2019-06-18,1841025,270804,115774,530393,978040,189441.0,46879.0,202839,87523,155030,-447647,142562.0,115316,8.420852514224412,-24.315096209991715,7.743621080648008,Disaggregated
2019-06-25,1761307,278396,99813,502146,985574,163938.0,34184.0,183719,55101,178583,-483428,129754.0,128618,10.139231831815804,-27.447117396342602,7.3669155916600575,Disaggregated
2019-07-02,1746923,277037,107612,472739,968383,164703.0,30079.0,188672,57298,169425,-495644,134624.0,131374,9.698481272500276,-28.37240107320128,7.706349965052839,Disaggregated
2019-07-09,1780296,279679,105361,472415,985427,178541.0,28500.0,189878,60990,174318,-513012,150041.0,128888,9.791517815015032,-28.816106984456518,8.427868174730495,Disaggregated
2019-07-16,1797311,275757,97025,469850,1008082,194013.0,31321.0,193268,53779,178732,-538232,162692.0,139489,9.94441140125443,-29.946514543114688,9.051967077484086,Disaggregated
2019-07-23,1783259,260840,117300,460046,977132,197865.0,29488.0,195195,51699,143540,-517086,168377.0,143496,8.049307475806936,-28.996685282395884,9.442094502256824,Disaggregated
2019-07-30,1781850,240328,134421,466060,946257,194145.0,30978.0,192768,57016,105907,-480197,163167.0,135752,5.943654067401857,-26.949350394253162,9.157168111793922,Disaggregated
2019-08-06,1814664,222989,154903,510653,958132,179921.0,30268.0,201358,47824,68086,-447479,149653.0,153534,3.751989348992431,-24.65905534027236,8.246871046099995,Disaggregated
2019-08-13,1765396,207309,185782,550964,947929,184116.0,25579.0,207716,67604,21527,-396965,158537.0,140112,1.219386471930377,-22.485889851342137,8.980251456330478,Disaggregated
2019-08-20,1743824,178428,260694,550265,878594,168548.0,21821.0,237285,60935,-82266,-328329,146727.0,176350,-4.717563240327005,-18.828104212351704,8.414094541650991,Disaggregated
2019-08-27,1639672,169261,265631,551366,823087,173685.0,25492.0,189996,54682,-96370,-271721,148193.0,135314,-5.87739499119336,-16.571667992135012,9.037966129811329,Disaggregated
2019-09-03,1571335,165073,288873,508203,753680,165036.0,30340.0,198960,54148,-123800,-245477,134696.0,144812,-7.8786509560342,-15.622193866998444,8.572074064410199,Disaggregated
2019-09-10,1625371,172377,315844,538557,740868,147366.0,27208.0,205950,69961,-143467,-202311,120158.0,135989,-8.826723252721994,-12.44706593140889,7.3926506625256625,Disaggregated
2019-09-17,1625789,160496,337139,521870,702921,147075.0,26677.0,212722,74819,-176643,-181051,120398.0,137903,-10.865063055537957,-11.136192950007658,7.405512031389066,Disaggregated
2019-09-24,1615504,157849,320400,511975,685147,149073.0,27863.0,201952,81322,-162551,-173172,121210.0,120630,-10.061937327298477,-10.719379215402746,7.502921688835188,Disaggregated
2019-10-01,1602769,164794,292825,494333,697318,159382.0,31301.0,197255,83230,-128031,-202985,128081.0,114025,-7.988113071815089,-12.664644749180948,7.991232672955366,Disaggregated
2019-10-08,1621187,169885,266744,498624,724493,176076.0,33131.0,176177,83580,-96859,-225869,142945.0,92597,-5.974572951793963,-13.932322427949398,8.817304851321902,Disaggregated
2019-10-15,1570763,155973,220722,488407,704373,173362.0,33206.0,156583,96081,-64749,-215966,140156.0,60502,-4.12213682140463,-13.7491142839499,8.922797392095434,Disaggregated
2019-10-22,1608763,153476,228662,511872,715232,169864.0,33112.0,158927,95120,-75186,-203360,136752.0,63807,-4.67352866767821,-12.640768093249285,8.500444130055204,Disaggregated
2019-10-29,1591878,138111,226229,503030,705270,165638.0,33796.0,165339,85274,-88118,-202240,131842.0,80065,-5.535474452187919,-12.704491173318559,8.282167352020695,Disaggregated
2019-11-05,1609336,136563,246283,510400,713864,183912.0,34465.0,164268,80535,-109720,-203464,149447.0,83733,-6.817718611899566,-12.642729672361769,9.286252218306183,Disaggregated
2019-11-12,1610507,134274,254810,491114,687523,180824.0,33967.0,170009,81459,-120536,-196409,146857.0,88550,-7.484351201205583,-12.195476331366457,9.118681260000733,Disaggregated
2019-11-19,1641549,132724,271539,499433,697606,174460.0,31443.0,186541,74220,-138815,-198173,143017.0,112321,-8.456342150005879,-12.07231706150715,8.712319888105686,Disaggregated
2019-11-26,1505976,139042,255989,453561,680757,200272.0,23596.0,134556,55071,-116947,-227196,176676.0,79485,-7.765528799927754,-15.086296195955315,11.731661062327687,Disaggregated
2019-12-03,1449806,152487,238069,392428,633071,179392.0,24994.0,140502,56856,-85582,-240643,154398.0,83646,-5.902996676796757,-16.598289702208433,10.649562769087726,Disaggregated
2019-12-10,1478582,141108,259557,401797,633380,176418.0,25534.0,156737,56109,-118449,-231583,150884.0,100628,-8.010986201644549,-15.66250637435056,10.20464201511989,Disaggregated
2019-12-17,1484315,150825,246796,406337,654628,174558.0,23981.0,154235,55596,-95971,-248291,150577.0,98639,-6.465676086275487,-16.727648780750716,10.144544790020985,Disaggregated
2019-12-24,1465801,145638,232355,400582,660266,172477.0,33252.0,158892,45541,-86717,-259684,139225.0,113351,-5.9160145203885115,-17.716183847602778,9.498219744699314,Disaggregated
2019-12-31,1472855,154175,239290,399823,666260,175580.0,32288.0,160932,39568,-85115,-266437,143292.0,121364,-5.778912384450608,-18.089832332442775,9.728859935295734,Disaggregated
2020-01-07,1487222,151938,237445,396694,665761,173497.0,32786.0,161740,36002,-85507,-269067,140711.0,125738,-5.74944426588633,-18.091919027556074,9.461331260565,Disaggregated
2020-01-14,1556447,173887,253027,400745,671904,187080.0,30231.0,157834,42779,-79140,-271159,156849.0,115055,-5.0846575566016705,-17.42166614089654,10.077374944344394,Disaggregated
2020-01-21,1529460,179310,245200,388270,668721,187647.0,31516.0,151225,37312,-65890,-280451,156131.0,113913,-4.308056438220025,-18.33660246099931,10.20824343232252,Disaggregated
2020-01-28,1528284,186117,211507,390631,689756,190836.0,31532.0,134792,35982,-25390,-299125,159304.0,98810,-1.6613404314904823,-19.572605615186706,10.42371705782433,Disaggregated
2020-02-04,1567004,174808,226853,400339,683606,196333.0,33593.0,140643,35979,-52045,-283267,162740.0,104664,-3.3213061357852314,-18.076980020472188,10.38542339394156,Disaggregated
2020-02-11,1573430,171566,240667,404186,675263,195583.0,34665.0,141689,34367,-69101,-271077,160918.0,107322,-4.391742880204394,-17.22841181368094,10.227210616296881,Disaggregated
2020-02-18,1607877,192969,249824,408362,677263,194266.0,39196.0,137754,37126,-56855,-268901,155070.0,100628,-3.536029186312137,-16.72397826450655,9.644394440619525,Disaggregated
2020-02-25,1584614,206263,294420,416118,651901,215276.0,35526.0,115565,34540,-88157,-235783,179750.0,81025,-5.563310686387978,-14.879522710262563,11.343456513699866,Disaggregated
2020-03-03,1501015,204939,282118,378340,616552,206251.0,30410.0,120931,38187,-77179,-238212,175841.0,82744,-5.141787390532406,-15.870061258548382,11.714806314393927,Disaggregated
2020-03-10,1470043,198468,250816,370668,623841,218222.0,29098.0,116324,49124,-52348,-253173,189124.0,67200,-3.560984270528141,-17.22214928406856,12.865201902257281,Disaggregated
2020-03-17,1440256,156274,250113,422197,618813,208409.0,24927.0,130655,55126,-93839,-196616,183482.0,75529,-6.515438921969427,-13.651461962317809,12.739540748311413,Disaggregated
2020-03-24,1382708,137880,250105,440225,604273,200483.0,29001.0,128929,50230,-112225,-164048,171482.0,78699,-8.116319570003212,-11.864254781197477,12.401895411034,Disaggregated
2020-03-31,1389346,122863,222788,465970,609963,199361.0,29454.0,112492,51503,-99925,-143993,169907.0,60989,-7.192232892310482,-10.364084972353899,12.229279099662719,Disaggregated
2020-04-07,1430281,123396,233616,510894,634026,197269.0,34394.0,104222,49777,-110220,-123132,162875.0,54445,-7.706178016767335,-8.60893768427323,11.387622432235343,Disaggregated
2020-04-14,1439982,121382,258676,502925,610723,193753.0,35040.0,110035,46035,-137294,-107798,158713.0,64000,-9.534424735864754,-7.486065798044699,11.021873884534667,Disaggregated
2020-04-21,1470777,126210,286235,539610,613203,190024.0,36009.0,108810,47262,-160025,-73593,154015.0,61548,-10.88030340425503,-5.003681727413469,10.471675855687163,Disaggregated
2020-04-28,1423461,126903,287548,517962,580787,198150.0,36447.0,99417,57220,-160645,-62825,161703.0,42197,-11.28552169676584,-4.413538551460138,11.3598475827578,Disaggregated
2020-05-05,1397612,117976,307717,511064,548163,206724.0,33902.0,95770,59119,-189741,-37099,172822.0,36651,-13.57608549440045,-2.6544563154867014,12.36552061659459,Disaggregated
2020-05-12,1421348,114292,328971,519063,535155,207668.0,35863.0,96541,59433,-214679,-16092,171805.0,37108,-15.10390136687145,-1.1321646774751857,12.087469078649281,Disaggregated
2020-05-19,1436588,116792,362851,529187,525279,204161.0,36882.0,101536,54523,-246059,3908,167279.0,47013,-17.128014434201038,0.2720334570524047,11.644187477550975,Disaggregated
2020-05-26,1465739,115520,392558,538679,516872,201287.0,38692.0,107841,50878,-277038,21807,162595.0,56963,-18.900909370631467,1.4877819311623692,11.09303907448734,Disaggregated
2020-06-02,1518926,121597,407804,544072,528021,208385.0,45616.0,114274,47505,-286207,16051,162769.0,66769,-18.842721765247287,1.0567335077548214,10.71605858349913,Disaggregated
2020-06-09,1534533,124134,426007,544421,514644,215153.0,47370.0,111993,45133,-301873,29777,167783.0,66860,-19.671978380393256,1.9404600617907857,10.933815043404085,Disaggregated
2020-06-16,1583800,135732,413335,547312,525466,209876.0,51608.0,107559,44614,-277603,21846,158268.0,62945,-17.527655006945324,1.3793408258618511,9.992928400050511,Disaggregated
2020-06-23,1609523,140752,426694,563865,528752,210843.0,52255.0,116882,52916,-285942,35113,158588.0,63966,-17.765636154314045,2.1815780203203063,9.85310554741995,Disaggregated
2020-06-30,1559526,163898,375566,531652,542140,230331.0,53459.0,106376,52152,-211668,-10488,176872.0,54224,-13.572585516368434,-0.6725120325021834,11.341394757124922,Disaggregated
2020-07-07,1489681,156509,306847,516596,575792,233346.0,53844.0,99963,56864,-150338,-59196,179502.0,43099,-10.091959285242948,-3.973736659056536,12.049693860631908,Disaggregated
2020-07-14,1497743,155760,304546,527337,594975,232087.0,50849.0,103975,54878,-148786,-67638,181238.0,49097,-9.934014046468587,-4.515995067244514,12.100740914829847,Disaggregated
2020-07-21,1523220,156811,312487,516672,585550,231132.0,50007.0,109810,52988,-155676,-68878,181125.0,56822,-10.22019143656202,-4.521868147739657,11.890928427935558,Disaggregated
2020-07-28,1599450,165112,323394,521320,587868,232582.0,48615.0,121422,65559,-158282,-66548,183967.0,55863,-9.896026759198474,-4.160680233830379,11.501891275125825,Disaggregated
2020-08-04,1638917,177225,371322,548664,576246,228954.0,42802.0,116989,71333,-194097,-27582,186152.0,45656,-11.843003642039225,-1.6829406248150456,11.35823229608333,Disaggregated
2020-08-11,1589059,174857,367644,553613,580020,229722.0,45835.0,116856,73971,-192787,-26407,183887.0,42885,-12.132148648980309,-1.6618011036720475,11.57206875263914,Disaggregated
2020-08-18,1525023,184420,312531,493092,583890,224337.0,46448.0,128901,77956,-128111,-90798,177889.0,50945,-8.400594613982872,-5.953877416930761,11.664676532747375,Disaggregated
2020-08-25,1418392,183481,254647,453640,605666,230976.0,48433.0,119185,65406,-71166,-152026,182543.0,53779,-5.017371784386826,-10.71819356003136,12.869714437193666,Disaggregated
2020-09-01,1381162,192676,184315,408428,627708,237347.0,49116.0,116928,64038,8361,-219280,188231.0,52890,0.6053598346899205,-15.876486610549668,13.62845198463323,Disaggregated
2020-09-08,1396854,186828,162938,416827,654650,242200.0,48479.0,129863,70064,23890,-237823,193721.0,59799,1.710271796479804,-17.025616134542336,13.868378513430896,Disaggregated
2020-09-15,1458330,198747,152552,436117,690974,241698.0,50310.0,141154,75515,46195,-254857,191388.0,65639,3.167664383232876,-17.47594851645375,13.123778568636729,Disaggregated
2020-09-22,1502375,215832,134017,442271,736172,248497.0,48767.0,145682,70603,81815,-293901,199730.0,75079,5.445710957650387,-19.562426158582245,13.294284050253765,Disaggregated
2020-09-29,1513913,213237,128489,452862,764534,237822.0,45322.0,153662,56518,84748,-311672,192500.0,97144,5.597943871279261,-20.58718037298048,12.715393817214068,Disaggregated
2020-10-06,1550416,225311,108027,444006,811542,246580.0,47690.0,168759,60369,117284,-367536,198890.0,108390,7.564679415073115,-23.705637712717103,12.828169987925822,Disaggregated
2020-10-13,1550756,246910,89982,456821,842102,235845.0,48270.0,167743,64684,156928,-385281,187575.0,103059,10.11945141595454,-24.844720897420355,12.09571331660171,Disaggregated
2020-10-20,1622230,287514,75939,470506,936748,243357.0,46613.0,182879,64546,211575,-466242,196744.0,118333,13.042231989298681,-28.740807407087775,12.12799664659142,Disaggregated
2020-10-27,1682271,317756,59018,450217,1015917,254518.0,44681.0,199671,47396,258738,-565700,209837.0,152275,15.380280584994926,-33.62716232996943,12.473436206176055,Disaggregated
2020-11-03,1703764,320549,50153,474651,1052349,268302.0,42765.0,184255,48448,270396,-577698,225537.0,135807,15.8705078872426,-33.90716085091597,13.237572809379703,Disaggregated
2020-11-10,1760320,332181,63356,503101,1115046,287260.0,46736.0,205133,51299,268825,-611945,240524.0,153834,15.271371114342847,-34.7632816760589,13.663652063261225,Disaggregated
2020-11-17,1783436,330834,62724,505633,1122953,293403.0,46286.0,205052,61662,268110,-617320,247117.0,143390,15.033340136679982,-34.614082030417684,13.856230332907938,Disaggregated
2020-11-24,1714374,333185,66625,424262,1099242,305759.0,45766.0,240461,55682,266560,-674980,259993.0,184779,15.548532583905262,-39.37180568534054,15.165477311251804,Disaggregated
2020-12-01,1670784,323611,72512,404539,1062135,306203.0,44956.0,237632,53779,251099,-657596,261247.0,183853,15.028812820807477,-39.35852869072244,15.636192350417529,Disaggregated
2020-12-08,1662063,327765,80170,403244,1062076,304920.0,43355.0,237401,50231,247595,-658832,261565.0,187170,14.896848073749311,-39.6394119837816,15.737369762758693,Disaggregated
2020-12-15,1671904,316486,88179,416523,1063825,310072.0,42141.0,236477,50550,228307,-647302,267931.0,185927,13.655508928742321,-38.71645740425287,16.025501464198904,Disaggregated
2020-12-21,1688402,325373,78265,410848,1076161,314092.0,47115.0,240705,51358,247108,-665313,266977.0,189347,14.635614030307947,-39.40489291057461,15.812407234769918,Disaggregated
2020-12-29,1722252,382904,73741,394774,1128592,313885.0,48979.0,248695,47310,309163,-733818,264906.0,201385,17.951089619869798,-42.60805038983842,15.381372760780652,Disaggregated
2021-01-05,1778403,396972,68764,407962,1178285,324437.0,48926.0,247619,54730,328208,-770323,275511.0,192889,18.45520953349719,-43.31543525286451,15.492045391286451,Disaggregated
2021-01-12,1891208,417788,57604,456306,1230620,323303.0,46514.0,240935,58996,360184,-774314,276789.0,181939,19.045181703969103,-40.942825960973096,14.635566262410057,Disaggregated
2021-01-19,1893524,374478,38391,497836,1260245,318187.0,44890.0,253833,61269,336087,-762409,273297.0,192564,17.749286515512875,-40.26402622834461,14.433247215245226,Disaggregated
2021-01-26,1923315,371320,30142,516411,1295884,313969.0,39512.0,255952,49453,341178,-779473,274457.0,206499,17.739059904383836,-40.527578685758705,14.269997374325058,Disaggregated
2021-02-02,1951339,348638,26329,534530,1303259,315546.0,42391.0,261509,55304,322309,-768729,273155.0,206205,16.517324770324375,-39.39494880182275,13.998336526866936,Disaggregated
2021-02-09,1970144,367402,27026,529454,1309007,324916.0,40374.0,245725,63669,340376,-779553,284542.0,182056,17.276706677278412,-39.568325970081375,14.442700635080483,Disaggregated
2021-02-16,1948459,376278,27787,516563,1283918,325299.0,39290.0,225932,59964,348491,-767355,286009.0,165968,17.88546743862714,-39.382660861737406,14.67872816415434,Disaggregated
2021-02-23,1928495,368814,23754,502579,1285934,324808.0,39257.0,237669,52895,345060,-783355,285551.0,184774,17.89270908143397,-40.620017163643155,14.80693494149583,Disaggregated
2021-03-02,1799033,358493,27654,476579,1239964,327618.0,40441.0,219553,46627,330839,-763385,287177.0,172926,18.389823866488275,-42.43307376796312,15.962853377342162,Disaggregated
2021-03-09,1790049,368598,29616,473710,1234980,322857.0,39802.0,213851,49435,338982,-761270,283055.0,164416,18.93702351164689,-42.52788610814564,15.812695630119622,Disaggregated
2021-03-16,1790781,385346,24560,467946,1229440,325718.0,42889.0,197933,49635,360786,-761494,282829.0,148298,20.1468521276471,-42.52301090976507,15.793611837516702,Disaggregated
2021-03-23,1747316,405685,26176,426493,1189934,307178.0,45035.0,210416,51225,379509,-763441,262143.0,159191,21.71954014042108,-43.6922113687507,15.002609716845722,Disaggregated
2021-03-30,1740902,415872,28174,425474,1186608,306833.0,41688.0,197574,49927,387698,-761134,265145.0,147647,22.269949715722078,-43.72066894058367,15.230323131342258,Disaggregated
2021-04-06,1763485,403716,24074,446874,1194501,297840.0,42175.0,204773,48263,379642,-747627,255665.0,156510,21.5279404134427,-42.394860177432754,14.497713334675371,Disaggregated
2021-04-13,1793078,420776,23545,463369,1221226,300513.0,37343.0,199070,53015,397231,-757857,263170.0,146055,22.15358171814054,-42.26570177092129,14.676996761992505,Disaggregated
2021-04-20,1810407,405179,25096,465913,1220273,301356.0,35500.0,202275,59613,380083,-754360,265856.0,142662,20.99433994676335,-41.66797852637556,14.684874727064134,Disaggregated
2021-04-27,1698687,388010,25772,431006,1185315,296956.0,31006.0,206182,46857,362238,-754309,265950.0,159325,21.324587755130874,-44.40541429939712,15.656209766719826,Disaggregated
2021-05-04,1670424,380677,25178,407083,1167441,295271.0,29074.0,228693,48046,355499,-760358,266197.0,180647,21.281961944991213,-45.51886227688299,15.935894120295208,Disaggregated
2021-05-11,1717273,340481,28958,468572,1191983,295297.0,36571.0,240476,51143,311523,-723411,258726.0,189333,18.140563556289536,-42.12556768783997,15.066096072086383,Disaggregated
2021-05-18,1697454,325081,30711,493432,1170374,293575.0,37033.0,218981,53873,294370,-676942,256542.0,165108,17.341854330073154,-39.87984357749901,15.113340332050235,Disaggregated
2021-05-25,1720733,307029,38278,519652,1159886,299083.0,38318.0,211116,51441,268751,-640234,260765.0,159675,15.618402157685127,-37.20705071617735,15.15429761619031,Disaggregated
2021-06-01,1735715,315054,24954,508391,1174936,300366.0,38904.0,216284,54008,290100,-666545,261462.0,162276,16.713573368899848,-38.40175374413426,15.063648121955506,Disaggregated
2021-06-08,1728203,308049,30496,519244,1159338,299352.0,41425.0,211553,60678,277553,-640094,257927.0,150875,16.060208204707433,-37.03812572944266,14.924577726112037,Disaggregated
2021-06-15,1723608,288211,33304,514221,1120372,301339.0,44093.0,208552,62083,254907,-606151,257246.0,146469,14.78915159363382,-35.16756710342491,14.92485530352609,Disaggregated
2021-06-22,1632258,272269,29458,462116,1043157,296690.0,44608.0,206362,60762,242811,-581041,252082.0,145600,14.875773315247956,-35.59737492479743,15.443759503705909,Disaggregated
2021-06-29,1485202,272222,33744,402396,962861,307322.0,37332.0,163832,49343,238478,-560465,269990.0,114489,16.05694040271963,-37.73661764527653,18.178671992092656,Disaggregated
2021-07-06,1512738,265362,47952,399797,940111,308820.0,40015.0,166872,57468,217410,-540314,268805.0,109404,14.37195337196527,-35.71761931015153,17.76943528886033,Disaggregated
2021-07-13,1494978,246971,42083,400066,926269,306319.0,34697.0,160546,52455,204888,-526203,271622.0,108091,13.705084623318871,-35.19804304812512,18.168963021529414,Disaggregated
2021-07-20,1478051,258994,40431,399077,926541,304199.0,33218.0,151010,58044,218563,-527464,270981.0,92966,14.787243471301059,-35.686454662254555,18.333670489042664,Disaggregated
2021-07-27,1466666,256470,30521,393364,907177,301798.0,34279.0,136993,56265,225949,-513813,267519.0,80728,15.405620638918471,-35.03272046941839,18.239940109063685,Disaggregated
2021-08-03,1471063,272018,29341,384598,898775,296324.0,34051.0,132841,57475,242677,-514177,262273.0,75366,16.49671020207836,-34.952751853591586,17.828808147577636,Disaggregated
2021-08-10,1424121,278740,32269,389993,892609,286174.0,33858.0,133463,58375,246471,-502616,252316.0,75088,17.306886142399417,-35.29306849628648,17.717314750642675,Disaggregated
2021-08-17,1435341,294478,25396,387305,907619,282928.0,33607.0,137820,61056,269082,-520314,249321.0,76764,18.74690404579818,-36.25020117170763,17.370158032133133,Disaggregated
2021-08-24,1443764,286857,28974,387929,890946,281998.0,35681.0,132680,59596,257883,-503017,246317.0,73084,17.86185276818095,-34.84066648011725,17.06075231131958,Disaggregated
2021-08-31,1374654,281251,35501,365254,856998,294903.0,35020.0,119472,61050,245750,-491744,259883.0,58422,17.87722583282775,-35.772201586726545,18.905339088963476,Disaggregated
2021-09-07,1381035,256533,54331,388091,845357,291847.0,32820.0,125681,60106,202202,-457266,259027.0,65575,14.64133783720181,-33.110384602852214,18.75600545967336,Disaggregated
2021-09-14,1380464,248897,51140,397222,844243,287616.0,31921.0,121452,60575,197757,-447021,255695.0,60877,14.325400734825392,-32.38193824685033,18.522395368513774,Disaggregated
2021-09-21,1379770,246431,46488,393411,847180,286347.0,31592.0,122345,56787,199943,-453769,254755.0,65558,14.49103836146604,-32.88729280967117,18.46358451046189,Disaggregated
2021-09-28,1394022,268145,33101,391852,856384,283182.0,33740.0,118032,74530,235044,-464532,249442.0,43502,16.860852985103534,-33.323146980463726,17.893691778178535,Disaggregated
2021-10-05,1397458,282046,38449,384219,859888,272176.0,34100.0,128753,75345,243597,-475669,238076.0,53408,17.431436222054618,-34.038160717531404,17.036361736810697,Disaggregated
2021-10-12,1400377,273419,55180,399174,864657,274583.0,32436.0,129307,68258,218239,-465483,242147.0,61049,15.584303369735435,-33.23983470165534,17.291557916189713,Disaggregated
2021-10-19,1404126,262955,51301,407346,867520,273602.0,31600.0,127126,61751,211654,-460174,242002.0,65375,15.073718455466247,-32.7729847606269,17.23506295019108,Disaggregated
2021-10-26,1438930,271210,36003,409033,904910,275054.0,31236.0,133680,61077,235207,-495877,243818.0,72603,16.345965404849437,-34.46150959393438,16.944396183275074,Disaggregated
2021-11-02,1506602,346283,27459,390760,954877,277775.0,34043.0,136451,72166,318824,-564117,243732.0,64285,21.16179322740843,-37.44300087216133,16.177597003057212,Disaggregated
2021-11-09,1540731,342325,30688,404692,978038,283484.0,31015.0,133988,70327,311637,-573346,252469.0,63661,20.226567778541487,-37.21259583924773,16.386312730775195,Disaggregated
2021-11-16,1598926,364192,28919,400740,992609,285621.0,34424.0,140659,76746,335273,-591869,251197.0,63913,20.96863769805482,-37.01665993298001,15.710358077859762,Disaggregated
2021-11-23,1611856,388087,26078,399604,1016114,287901.0,35053.0,138803,83723,362009,-616510,252848.0,55080,22.45914027059489,-38.24845395618467,15.686761100247168,Disaggregated
2021-11-30,1405105,341147,37613,342519,956589,298329.0,25353.0,133207,41829,303534,-614070,272976.0,91378,21.602229014913476,-43.7027837777248,19.427444924044824,Disaggregated
2021-12-07,1430401,348164,27277,359101,1000227,296960.0,23707.0,134264,44337,320887,-641126,273253.0,89927,22.433359596364934,-44.8214172109779,19.103244474801123,Disaggregated
2021-12-14,1459289,361859,26387,359599,1014889,295500.0,22107.0,134005,42856,335472,-655290,273393.0,91149,22.98872944289993,-44.90474470786801,18.734671473573776,Disaggregated
2021-12-21,1485412,378288,27385,353370,1025375,297366.0,26641.0,139430,45013,350903,-672005,270725.0,94417,23.62327758224654,-45.24031043239182,18.22558320519829,Disaggregated
2021-12-28,1522692,390822,28291,359702,1042454,296848.0,25889.0,146112,50467,362531,-682752,270959.0,95645,23.808557475838843,-44.83848342278018,17.794734588478825,Disaggregated
2022-01-04,1520233,382122,26767,357738,1013465,297666.0,24739.0,144875,54749,355355,-655727,272927.0,90126,23.3750352741981,-43.133322326248674,17.952971682630228,Disaggregated
2022-01-11,1504234,365679,30903,355637,1018920,319128.0,22678.0,125649,52933,334776,-663283,296450.0,72716,22.255579916422576,-44.09440286551162,19.707705051208787,Disaggregated
2022-01-18,1487858,351850,32906,354288,998982,322945.0,20938.0,124599,55405,318944,-644694,302007.0,69194,21.43645428528798,-43.33034469687295,20.29810640531556,Disaggregated
2022-01-25,1539124,390867,30743,343083,1035430,324158.0,21282.0,134036,55062,360124,-692347,302876.0,78974,23.39798482773318,-44.98318524043547,19.67846645234562,Disaggregated
2022-02-01,1568959,402021,33192,355875,1053297,310570.0,20811.0,145575,59184,368829,-697422,289759.0,86391,23.507880065699613,-44.45125717115616,18.468232758153654,Disaggregated
2022-02-08,1575318,374736,40286,367483,1041520,313316.0,22153.0,145119,59967,334450,-674037,291163.0,85152,21.230634068803887,-42.787361028059095,18.482807915608152,Disaggregated
2022-02-15,1607591,363571,40372,382097,1060998,319939.0,16007.0,147163,55870,323199,-678901,303932.0,91293,20.104553956821107,-42.23095302225504,18.906052596711476,Disaggregated
2022-02-22,1563758,382449,37659,340679,1061141,326965.0,17465.0,154449,47497,344790,-720462,309500.0,106952,22.04880806365179,-46.07247412962875,19.79206501261704,Disaggregated
2022-03-01,1484670,366738,29517,311473,1053914,332395.0,17766.0,164895,41178,337221,-742441,314629.0,123717,22.713532300107094,-50.00713963372332,21.191847346548393,Disaggregated
2022-03-08,1487815,370280,14456,337677,1104332,332036.0,22065.0,188022,45813,355824,-766655,309971.0,142209,23.91587663788845,-51.5289199262005,20.833974654106864,Disaggregated
2022-03-15,1504159,376324,15074,346731,1106344,317244.0,26389.0,195095,49139,361250,-759613,290855.0,145956,24.016742910822593,-50.5008446580448,19.3367190569614,Disaggregated
2022-03-22,1526201,384354,12440,341147,1109157,325703.0,28408.0,198490,51048,371914,-768010,297295.0,147442,24.36861199802647,-50.32168108918812,19.479413262080158,Disaggregated
2022-03-29,1515106,358316,16677,349779,1076396,330764.0,28846.0,194220,53767,341639,-726617,301918.0,140453,22.54885136749508,-47.95816266320641,19.927186612685848,Disaggregated
2022-04-05,1556206,363898,14794,363570,1093191,332908.0,27441.0,194145,56176,349104,-729621,305467.0,137969,22.43301979300941,-46.884602681136045,19.62895657772814,Disaggregated
2022-04-12,1589848,371950,15073,382433,1127788,329189.0,27540.0,200577,61873,356877,-745355,301649.0,138704,22.447240239318475,-46.88215477202852,18.9734490341215,Disaggregated
2022-04-19,1625198,381896,18995,391317,1151424,328625.0,24787.0,204742,67031,362901,-760107,303838.0,137711,22.329648448988983,-46.7701166257896,18.695445108842122,Disaggregated
2022-04-26,1525877,361353,22759,336247,1078263,320344.0,25584.0,213729,54698,338594,-742016,294760.0,159031,22.190124105678244,-48.6288213270139,19.317415492860825,Disaggregated
2022-05-03,1513880,361980,34178,311244,1058425,322788.0,26817.0,227876,53813,327802,-747181,295971.0,174063,21.653103284276163,-49.35536502232674,19.550492773535552,Disaggregated
2022-05-10,1510783,357196,43805,319633,1023632,315989.0,27335.0,216131,58614,313391,-703999,288654.0,157517,20.743614403921676,-46.598287113371015,19.10625152652631,Disaggregated
2022-05-17,1548438,366698,54333,320024,1043922,323469.0,24327.0,222654,61276,312365,-723898,299142.0,161378,20.17290973225922,-46.75020892021508,19.3189523894402,Disaggregated
2022-05-24,1544885,340248,72757,334115,997729,312254.0,21162.0,223602,63245,267491,-663614,291092.0,160357,17.314622123976868,-42.95555979894944,18.842308650805723,Disaggregated
2022-05-31,1564217,329922,83222,341978,980417,304029.0,18938.0,221927,64427,246700,-638439,285091.0,157500,15.771469048092431,-40.81524494363634,18.225796037250586,Disaggregated
2022-06-07,1557167,307876,68284,360691,979054,298969.0,17743.0,212907,61235,239592,-618363,281226.0,151672,15.386403641998578,-39.71076962201228,18.060105306624145,Disaggregated
2022-06-14,1521565,311522,58282,364558,986129,296650.0,19275.0,208163,61628,253240,-621571,277375.0,146535,16.643390193649303,-40.850768780827636,18.229585985482053,Disaggregated
2022-06-21,1512152,301168,59477,370029,964346,290119.0,22276.0,203006,64528,241691,-594317,267843.0,138478,15.98324771583809,-39.30272882620265,17.712703484834858,Disaggregated
2022-06-28,1338054,263154,51221,304496,842089,283423.0,19940.0,170556,54387,211933,-537593,263483.0,116169,15.838897383812611,-40.17722752594439,19.69150721869222,Disaggregated
2022-07-05,1331035,235802,77826,326655,798756,281393.0,16733.0,159911,57182,157976,-472101,264660.0,102729,11.868658600262203,-35.46871419609552,19.883774656564253,Disaggregated
2022-07-12,1333199,213486,84962,339195,790890,273544.0,18382.0,170838,52206,128524,-451695,255162.0,118632,9.640271257329177,-33.88053846425027,19.13907826213491,Disaggregated
2022-07-19,1308458,191567,88252,347504,763603,271081.0,20593.0,166911,60286,103315,-416099,250488.0,106625,7.8959355210484405,-31.800715040146493,19.14375547400069,Disaggregated
2022-07-26,1320768,191556,79772,362783,753397,272040.0,20325.0,138471,63727,111784,-390614,251715.0,74744,8.46356059504773,-29.574762562387946,19.058229757232155,Disaggregated
2022-08-02,1347894,199417,81383,363396,762273,270689.0,21246.0,147066,63745,118034,-398877,249443.0,83321,8.756920054544349,-29.592608914350834,18.5061288202188,Disaggregated
2022-08-09,1317913,210573,75810,362277,767053,266643.0,22521.0,138925,62902,134763,-404776,244122.0,76023,10.225485293794051,-30.71340824470204,18.523377491533964,Disaggregated
2022-08-16,1316462,222057,79411,361381,771177,266986.0,23508.0,145314,67831,142646,-409796,243478.0,77483,10.835557729733178,-31.128585557349925,18.494874899541347,Disaggregated
2022-08-23,1312958,234120,58593,336404,783218,267125.0,27117.0,155600,67884,175527,-446814,240008.0,87716,13.36882063249548,-34.03109619652723,18.279944979199637,Disaggregated
2022-08-30,1267735,256197,50989,318007,779446,262552.0,26872.0,146115,67926,205208,-461439,235680.0,78189,16.186979139962215,-36.398695310928545,18.59063605564254,Disaggregated
2022-09-06,1280087,259011,48780,310916,779576,264151.0,26193.0,147884,71568,210231,-468660,237958.0,76316,16.42318061194278,-36.611574057075806,18.589205264954646,Disaggregated
2022-09-13,1310411,279069,51394,309586,780010,263389.0,27144.0,145242,78348,227675,-470424,236245.0,66894,17.374319965262806,-35.89896604958292,18.02831325439118,Disaggregated
2022-09-20,1330841,286479,50287,317207,790396,260822.0,28871.0,146430,76945,236192,-473189,231951.0,69485,17.747574653921845,-35.55563737516352,17.4289039787623,Disaggregated
2022-09-27,1347278,266517,42155,337994,788968,252101.0,30563.0,149444,77184,224362,-450974,221538.0,72260,16.652984758899052,-33.47297291279157,16.443376942249483,Disaggregated
2022-10-04,1365622,262214,33393,362813,817758,245196.0,30210.0,153462,77321,228821,-454945,214986.0,76141,16.755807976145668,-33.31412352759402,15.742716505738777,Disaggregated
2022-10-11,1408939,293077,38524,375358,852527,249127.0,30183.0,152699,82131,254553,-477169,218944.0,70568,18.066999351994657,-33.86725756047636,15.539636563399837,Disaggregated
2022-10-18,1419087,283721,44363,368217,840387,251566.0,28651.0,154185,81124,239358,-472170,222915.0,73061,16.867041978398785,-33.27280145614751,15.70833923501519,Disaggregated
2022-10-25,1445842,296158,47272,358865,854443,250516.0,28583.0,156878,75980,248886,-495578,221933.0,80898,17.213914106797283,-34.276082725498355,15.349740843052007,Disaggregated
2022-11-01,1472517,307665,46153,361857,873118,250103.0,25632.0,157516,78240,261512,-511261,224471.0,79276,17.75952331959495,-34.72021036089906,15.2440345340665,Disaggregated
2022-11-08,1484427,280700,58892,383698,871997,256796.0,22679.0,156767,77021,221808,-488299,234117.0,79746,14.942331283384094,-32.89478027548677,15.771540129625775,Disaggregated
2022-11-15,1421555,229227,63380,384712,835811,259112.0,19875.0,157260,70199,165847,-451099,239237.0,87061,11.666590459039574,-31.732785576358285,16.829246845883556,Disaggregated
2022-11-22,1362664,217181,60446,344878,796430,255323.0,19267.0,156541,64511,156735,-451552,236056.0,92030,11.50210176536549,-33.137442539026495,17.323125876958663,Disaggregated
2022-11-29,1226410,243675,49686,289403,756117,252992.0,17447.0,116675,40422,193989,-466714,235545.0,76253,15.81763031938748,-38.05529961432148,19.206056702081685,Disaggregated
2022-12-06,1232307,195226,76037,335947,725978,248483.0,15988.0,120044,40858,119189,-390031,232495.0,79186,9.672021663432895,-31.650473461564367,18.866646054919755,Disaggregated
2022-12-13,1205259,194077,66451,315341,715167,242729.0,16126.0,122107,37503,127626,-399826,226603.0,84604,10.589093298618803,-33.17345068570324,18.801187130732895,Disaggregated
2022-12-20,1187781,182194,68640,306661,683095,237241.0,19423.0,126623,40197,113554,-376434,217818.0,86426,9.560179864806727,-31.692205886438664,18.33822901696525,Disaggregated
2022-12-27,1186971,219730,56064,294025,702714,238512.0,19696.0,112597,41130,163666,-408689,218816.0,71467,13.788542432797431,-34.43125400704819,18.434822754726106,Disaggregated
2023-01-03,1221434,248234,48280,285156,723634,242053.0,20692.0,111259,43681,199954,-438478,221361.0,67578,16.370430166509202,-35.89862407629065,18.123042260163054,Disaggregated
2023-01-10,1214817,213800,64135,305773,703533,236158.0,21009.0,119022,34892,149665,-397760,215149.0,84130,12.319962595189233,-32.74238012803575,17.710404118480398,Disaggregated
2023-01-17,1251033,260234,61369,307047,734912,236305.0,22238.0,116498,43490,198865,-427865,214067.0,73008,15.896063493129278,-34.2009363462035,17.111219288380084,Disaggregated
2023-01-24,1274410,269201,65695,307668,726173,234844.0,22001.0,119116,45253,203506,-418505,212843.0,73863,15.968644313839345,-32.83911770937139,16.70129707080139,Disaggregated
2023-01-31,1298164,286885,67658,295007,732996,234334.0,21967.0,120881,43296,219227,-437989,212367.0,77585,16.887465682302082,-33.73911154522849,16.359027056673884,Disaggregated
2023-02-07,1319429,284351,86222,316191,734981,237657.0,23292.0,122184,37963,198129,-418790,214365.0,84221,15.01626840095223,-31.740245212133427,16.24680069939345,Disaggregated
2023-02-14,1375249,311076,77278,310175,750640,240190.0,23329.0,117339,46425,233798,-440465,216861.0,70914,17.00041228897458,-32.028018198886166,15.76885349489438,Disaggregated
2023-02-21,1340322,296041,78751,305884,730822,236401.0,21098.0,118461,52728,217290,-424938,215303.0,65733,16.21177597622064,-31.704172579424945,16.063528017894207,Disaggregated
2023-02-28,1248175,213046,146696,339796,631990,233978.0,17130.0,125196,48415,66350,-292194,216848.0,76781,5.315761011076171,-23.409698159312597,17.37320487912352,Disaggregated
2023-03-07,1278143,196754,181157,366857,623552,228998.0,16475.0,131404,43729,15597,-256695,212523.0,87675,1.2202859930383376,-20.083433543821,16.627482214431407,Disaggregated
2023-03-14,1336866,172256,232160,422761,622404,234529.0,15203.0,143944,40263,-59904,-199643,219326.0,103681,-4.48092778184201,-14.933658272407257,16.4059823497643,Disaggregated
2023-03-21,1349372,181845,227741,417278,630088,233320.0,16717.0,145292,39920,-45896,-212810,216603.0,105372,-3.4012859315296304,-15.771040157940138,16.052133881538968,Disaggregated
2023-03-28,1345886,185631,199068,404873,637412,238007.0,17986.0,131540,46575,-13437,-232539,220021.0,84965,-0.9983757911145521,-17.277763495570948,16.347669862083418,Disaggregated
2023-04-04,1334671,200597,176019,387861,659091,236843.0,18927.0,109691,48579,24578,-271230,217916.0,61112,1.84150251260423,-20.321862091856346,16.32731961659465,Disaggregated
2023-04-11,1338484,211778,182893,381728,646881,240325.0,20455.0,124417,49993,28885,-265153,219870.0,74424,2.158038497284988,-19.80994916637031,16.42679329749179,Disaggregated
2023-04-18,1319551,225174,167475,361368,632169,250562.0,21005.0,115451,67514,57699,-270801,229557.0,47937,4.3726237182193035,-20.522207932849888,17.396599297791447,Disaggregated
2023-04-25,1242943,190550,200609,369345,570929,254296.0,18012.0,106701,71994,-10059,-201584,236284.0,34707,-0.8092889215354204,-16.218281932478,19.010043099321532,Disaggregated
2023-05-02,1223954,154487,266271,371125,499878,258137.0,16125.0,114674,63523,-111784,-128753,242012.0,51151,-9.13302297308559,-10.519431285816298,19.772965323860213,Disaggregated
2023-05-09,1269874,162025,266530,379390,520132,260568.0,16174.0,111073,65661,-104505,-140742,244394.0,45412,-8.22955663317778,-11.083146831890408,19.24553144642697,Disaggregated
2023-05-16,1299501,172849,260510,396456,540844,260624.0,13611.0,109432,70230,-87661,-144388,247013.0,39202,-6.7457431737259155,-11.111034158496222,19.00829626141111,Disaggregated
2023-05-23,1299841,172929,270578,403111,532448,258962.0,13793.0,109951,74569,-97649,-129337,245169.0,35382,-7.512380360367153,-9.950216988077774,18.861460747891474,Disaggregated
2023-05-30,1319205,176111,222957,399553,572169,261381.0,16555.0,98845,72406,-46846,-172616,244826.0,26439,-3.5510781114383287,-13.084850345473221,18.55860158201341,Disaggregated
2023-06-06,1322137,166101,210647,387359,564065,261573.0,18747.0,102662,72887,-44546,-176706,242826.0,29775,-3.3692423704956447,-13.365180764171944,18.366175366092925,Disaggregated
2023-06-13,1295247,174652,172797,378613,600483,254882.0,20162.0,105162,61925,1855,-221870,234720.0,43237,0.1432159271552067,-17.129551351981515,18.121640119606532,Disaggregated
2023-06-20,1290348,221039,154978,348724,645616,259676.0,20814.0,121086,68374,66061,-296892,238862.0,52712,5.119626643355126,-23.008676729068437,18.511440324625607,Disaggregated
2023-06-27,1246075,188486,121725,353822,633945,241166.0,21072.0,107700,61023,66761,-280123,220094.0,46677,5.357703188010352,-22.480428545633288,17.66298176273499,Disaggregated
2023-07-03,1246983,161939,169298,368816,579341,229278.0,18229.0,108833,55071,-7359,-210525,211049.0,53762,-0.5901443724573632,-16.882748201058074,16.9247696239644,Disaggregated
2023-07-11,1241940,154200,210367,369274,536044,217138.0,15153.0,113996,50018,-56167,-166770,201985.0,63978,-4.522521216805965,-13.42818493647036,16.263668132115882,Disaggregated
2023-07-18,1285176,152673,198823,391882,563749,217648.0,14513.0,118049,52029,-46150,-171867,203135.0,66020,-3.5909478546129088,-13.373032176137741,15.806006336875262,Disaggregated
2023-07-25,1280207,180113,155059,384081,591119,219552.0,19480.0,111518,66096,25054,-207038,200072.0,45422,1.9570272619974738,-16.17222839743885,15.628097643584201,Disaggregated
2023-08-01,1317852,188722,176047,390366,601581,210510.0,17517.0,118710,51311,12675,-211215,192993.0,67399,0.9617923712222617,-16.027217016781854,14.64451243386966,Disaggregated
2023-08-08,1284433,180074,213127,398684,559987,204318.0,16221.0,110340,51560,-33053,-161303,188097.0,58780,-2.573353378494635,-12.558303936445109,14.64436058556577,Disaggregated
2023-08-15,1287019,168408,255032,414403,534859,206613.0,12983.0,109129,49471,-86624,-120456,193630.0,59658,-6.730592166860007,-9.359302387921236,15.044843937812885,Disaggregated
2023-08-22,1301339,161136,282748,423802,517557,203048.0,12324.0,116935,46873,-121612,-93755,190724.0,70062,-9.345143732724525,-7.204502439410485,14.655981262376674,Disaggregated
2023-08-29,1214917,168277,259408,398704,509529,200699.0,10494.0,103520,48202,-91131,-110825,190205.0,55318,-7.501006241578642,-9.122022327451177,15.655802001288976,Disaggregated
2023-09-05,1229700,177439,273627,402471,504133,190345.0,8718.0,100883,50327,-96188,-101662,181627.0,50556,-7.822070423680573,-8.26721964706839,14.770025209400666,Disaggregated
2023-09-12,1268176,162065,300228,425465,491519,192584.0,7694.0,102408,52233,-138163,-66054,184890.0,50175,-10.8946234592044,-5.208583035793139,14.579206671629175,Disaggregated
2023-09-19,1292194,169624,319079,436766,484641,189514.0,6883.0,101250,53028,-149455,-47875,182631.0,48222,-11.565987769638305,-3.704939041660927,14.133404117338419,Disaggregated
2023-09-26,1339607,168180,334848,465344,498687,190036.0,5243.0,106884,58756,-166668,-33343,184793.0,48128,-12.441559352854979,-2.48901356890491,13.794568108407915,Disaggregated
2023-10-03,1367904,169275,324902,463657,511157,193766.0,5463.0,112043,63960,-155627,-47500,188303.0,48083,-11.377041078906123,-3.472465904040049,13.765805202704284,Disaggregated
2023-10-10,1357079,177938,288387,442792,528728,185659.0,5336.0,112694,67029,-110449,-85936,180323.0,45665,-8.138730317100183,-6.332424273015794,13.287583110489514,Disaggregated
2023-10-17,1360702,180408,285980,439279,524340,183517.0,5044.0,108062,65044,-105572,-85061,178473.0,43018,-7.758642230260556,-6.251258541546936,13.116244409135872,Disaggregated
2023-10-24,1401898,174629,274151,445077,536609,181678.0,7112.0,108408,57166,-99522,-91532,174566.0,51242,-7.099089948056135,-6.529148340321478,12.452118485082368,Disaggregated
2023-10-31,1412108,164307,311448,444084,512349,189301.0,6983.0,114612,55167,-147141,-68265,182318.0,59445,-10.419953714588402,-4.834261968631295,12.91105212915726,Disaggregated
2023-11-07,1436125,152573,328638,456874,510684,189193.0,7286.0,119004,48980,-176065,-53810,181907.0,70024,-12.259726695099662,-3.7468883279658804,12.666515797719558,Disaggregated
2023-11-14,1448933,163701,338344,461327,517294,196619.0,7567.0,116724,51281,-174643,-55967,189052.0,65443,-12.053214330821369,-3.8626354703771675,13.047670251143428,Disaggregated
2023-11-21,1431159,161120,362910,454979,500532,197237.0,8461.0,121504,43720,-201790,-45553,188776.0,77784,-14.099761102714654,-3.1829447322065545,13.190428177442199,Disaggregated
2023-11-28,1290429,155932,367955,413475,424439,191345.0,5221.0,95262,40387,-212023,-10964,186124.0,54875,-16.430427400500143,-0.8496399259471075,14.423420428400169,Disaggregated
2023-12-05,1256256,181404,338232,375937,429673,197899.0,6409.0,91495,45106,-156828,-53736,191490.0,46389,-12.483761271587957,-4.277472107595904,15.242912272657803,Disaggregated
2023-12-12,1251100,175122,324777,374348,433387,196969.0,6400.0,91533,43093,-149655,-59039,190569.0,48440,-11.961873551274877,-4.718967308768284,15.232115738150428,Disaggregated
2023-12-19,1267540,169272,351630,379254,410944,186754.0,7162.0,98142,43354,-182358,-31690,179592.0,54788,-14.386764914716696,-2.5001183394606876,14.168546949208704,Disaggregated
2023-12-26,1280828,173446,345461,384167,413763,188232.0,6759.0,91913,47549,-172015,-29596,181473.0,44364,-13.429984353871088,-2.310692770614009,14.168412932884042,Disaggregated
2024-01-02,1330004,161734,362683,399772,411006,192684.0,6352.0,100617,46396,-200949,-11234,186332.0,54221,-15.108901928114502,-0.8446591138071766,14.00988267704458,Disaggregated
2024-01-09,1410115,155242,392451,415353,428416,212912.0,5828.0,107869,43693,-237209,-13063,207084.0,64176,-16.821961329395123,-0.926378345028597,14.685610748059554,Disaggregated
2024-01-16,1503822,151563,423213,454447,438904,232727.0,6053.0,101262,49580,-271650,15543,226674.0,51682,-18.063972996804143,1.0335664726277445,15.07319350295447,Disaggregated
2024-01-23,1584896,157008,432475,475357,461794,231664.0,6401.0,103796,47529,-275467,13563,225263.0,56267,-17.380761892262964,0.8557659303828138,14.213109251332579,Disaggregated
2024-01-30,1602005,164097,443645,460975,456373,244768.0,7643.0,102574,47858,-279548,4602,237125.0,54716,-17.449883115221237,0.28726502102053364,14.801764039438078,Disaggregated
2024-02-06,1609377,168628,462306,460487,450202,241897.0,8191.0,107336,43080,-293678,10285,233706.0,64256,-18.247930721018133,0.6390671669844915,14.52151981791712,Disaggregated
2024-02-13,1610391,177104,482107,458996,430526,243179.0,8145.0,104110,45046,-305003,28470,235034.0,59064,-18.939686076238626,1.7678936357692014,14.594840631871389,Disaggregated
2024-02-20,1600980,169844,498428,467638,419038,240941.0,7073.0,112705,50188,-328584,48600,233868.0,62517,-20.523929093430272,3.03564067008957,14.60780272083349,Disaggregated
2024-02-27,1504488,181933,469728,407671,390989,240688.0,6742.0,113743,58552,-287795,16682,233946.0,55191,-19.12909906891913,1.108815756589617,15.549874774674175,Disaggregated
2024-03-05,1502134,178511,464091,377286,373280,243850.0,8395.0,113318,58625,-285580,4006,235455.0,54693,-19.011619469368245,0.2666872595920204,15.674700126619861,Disaggregated
2024-03-12,1532171,181104,433423,381516,416926,244291.0,9831.0,116140,52851,-252319,-35410,234460.0,63289,-16.46807046994102,-2.3110997401726046,15.302469502424989,Disaggregated
2024-03-19,1566606,174040,418226,391933,442039,243881.0,10285.0,120089,51416,-244186,-50106,233596.0,68673,-15.586944005065728,-3.1983791712785474,14.910960381870106,Disaggregated
2024-03-26,1591835,175778,421241,400558,435120,238604.0,9443.0,118154,50712,-245463,-34562,229161.0,67442,-15.420128342447553,-2.171204930159219,14.396027226439925,Disaggregated
2024-04-02,1620571,170645,420660,399768,435195,237540.0,9473.0,123653,54974,-250015,-35427,228067.0,68679,-15.427586943120666,-2.186081325656204,14.073249490457377,Disaggregated
2024-04-09,1557580,160557,416223,400181,434775,240749.0,10273.0,118360,52885,-255666,-34594,230476.0,65475,-16.414309377367456,-2.2210095147600764,14.797056972996572,Disaggregated
2024-04-16,1520896,159713,431313,404265,420376,240221.0,9940.0,118858,52115,-271600,-16111,230281.0,66743,-17.857894293889917,-1.059309775290355,15.141140485608485,Disaggregated
2024-04-23,1512625,173812,399755,388281,447574,244176.0,12495.0,114717,48942,-225943,-59293,231681.0,65775,-14.937145690438808,-3.919874390546236,15.316486240806546,Disaggregated
2024-04-30,1417715,171980,385095,345595,417942,243876.0,14424.0,112035,42344,-213115,-72347,229452.0,69691,-15.032287871680838,-5.103070786441562,16.1846351347062,Disaggregated
2024-05-07,1456699,202413,296190,334703,513925,253445.0,17581.0,109498,47075,-93777,-179222,235864.0,62423,-6.437637425439298,-12.303296700279192,16.1916772099109,Disaggregated
2024-05-14,1513128,223385,284675,338718,535257,255725.0,18781.0,113832,52318,-61290,-196539,236944.0,61514,-4.050549589988421,-12.988920963725475,15.659217197751943,Disaggregated
2024-05-21,1535429,211949,327594,356732,518755,255714.0,17606.0,120771,46953,-115645,-162023,238108.0,73818,-7.531771250901214,-10.552295156597928,15.50758778165581,Disaggregated
2024-05-28,1542346,213816,345636,358756,502850,254398.0,19370.0,124087,43899,-131820,-144094,235028.0,80188,-8.546720385698151,-9.342521068554008,15.238344703458237,Disaggregated
2024-06-04,1635740,199930,419538,400251,478760,251045.0,17287.0,139214,39539,-219608,-78509,233758.0,99675,-13.42560553633218,-4.799601403646056,14.290657439446367,Disaggregated
2024-06-11,1600311,203123,423115,405024,504320,253755.0,18795.0,164829,45869,-219992,-99296,234960.0,118960,-13.746827960315214,-6.204793943177295,14.68214615784057,Disaggregated
2024-06-18,1566775,206268,415602,400018,515852,248880.0,20664.0,176678,44055,-209334,-115834,228216.0,132623,-13.360820794306777,-7.393148346125002,14.565971501970608,Disaggregated
2024-06-25,1519023,180785,477036,402928,435914,242858.0,15961.0,169794,43326,-296251,-32986,226897.0,126468,-19.502733006676003,-2.171527356728634,14.937035186432333,Disaggregated
2024-07-02,1520100,150743,497517,409680,404022,242563.0,12453.0,163014,44951,-346774,5658,230110.0,118063,-22.812578119860536,0.3722123544503651,15.137819880271033,Disaggregated
2024-07-09,1561542,152750,509165,431752,409070,240179.0,12299.0,156445,39971,-356415,22682,227880.0,116474,-22.82455419066538,1.4525385804544484,14.593267424123077,Disaggregated
2024-07-16,1573324,146256,499028,448643,427676,237698.0,12442.0,161528,47572,-352772,20967,225256.0,113956,-22.4220821648942,1.3326562106724362,14.317203576631387,Disaggregated
2024-07-23,1597184,154545,488430,442705,444413,248228.0,14290.0,168324,56391,-333885,-1708,233938.0,111933,-20.904604604103223,-0.10693821125180318,14.646903550248439,Disaggregated
2024-07-30,1597889,156102,456412,449901,453866,242954.0,13431.0,152531,64663,-300310,-3965,229523.0,87868,-18.79417156010211,-0.24813988956679717,14.364139186138711,Disaggregated
2024-08-06,1578304,170859,419663,435408,478135,230405.0,14199.0,149544,52709,-248804,-42727,216206.0,96835,-15.764009975264587,-2.7071464052552616,13.698628401119176,Disaggregated
2024-08-13,1578796,183061,436108,438711,465330,218248.0,13558.0,145935,46893,-253047,-26619,204690.0,99042,-16.027846536221272,-1.6860316342326684,12.964942905859909,Disaggregated
2024-08-20,1552961,176939,434198,425001,444446,229745.0,13179.0,142905,50942,-257259,-19445,216566.0,91963,-16.565708990760232,-1.2521241679604318,13.945359864156279,Disaggregated
2024-08-27,1452969,176695,425360,380743,424324,231046.0,12450.0,140957,40826,-248665,-43581,218596.0,100131,-17.114267406943988,-2.9994445855348597,15.044780721405617,Disaggregated
2024-09-03,1359772,195014,383008,337331,440383,241881.0,15923.0,140217,42706,-187994,-103052,225958.0,97511,-13.825406023951073,-7.578623475112003,16.617344672489214,Disaggregated
2024-09-10,1360059,204012,350607,332609,466615,242472.0,15622.0,135485,36650,-146595,-134006,226850.0,98835,-10.778576517636369,-9.85295490857382,16.679423466187863,Disaggregated
2024-09-17,1421907,210804,354841,342268,469206,247081.0,16054.0,127030,49288,-144037,-126938,231027.0,77742,-10.129846748064395,-8.927306778854032,16.247687085020328,Disaggregated
2024-09-24,1467170,197394,337705,355049,487728,249240.0,14368.0,128772,52683,-140311,-132679,234872.0,76089,-9.56337711376323,-9.04319199547428,16.00850617174561,Disaggregated
2024-10-01,1484174,209082,281167,365386,556180,261964.0,13992.0,112219,47327,-72085,-190794,247972.0,64892,-4.856910308360071,-12.85523125994661,16.70774450974077,Disaggregated
2024-10-08,1494666,205521,240375,374972,601473,259685.0,12956.0,118119,47194,-34854,-226501,246729.0,70925,-2.331892208694116,-15.153954127544214,16.507299958652972,Disaggregated
2024-10-15,1554671,191421,298869,432474,605185,241702.0,12873.0,141718,39422,-107448,-172711,228829.0,102296,-6.911301490797732,-11.109167148547828,14.718805457875009,Disaggregated
2024-10-22,1643455,227567,315425,464631,673837,246129.0,10448.0,150154,44456,-87858,-209206,235681.0,105698,-5.345932806191834,-12.729645776732553,14.340581275422814,Disaggregated
2024-10-29,1683328,244750,280258,467951,739993,246092.0,10902.0,160512,41700,-35508,-272042,235190.0,118812,-2.1093928218386435,-16.160962094137325,13.971727435176032,Disaggregated
2024-11-05,1673634,270820,267785,450775,749051,247296.0,9249.0,152057,52444,3035,-298276,238047.0,99613,0.18134191824496873,-17.822056674278844,14.223360663084044,Disaggregated
2024-11-12,1674185,292348,192569,458247,840018,264791.0,9140.0,142436,64569,99779,-381771,255651.0,77867,5.959855093672443,-22.80339389016148,15.270176235003897,Disaggregated
2024-11-19,1666967,285074,177975,464862,847460,276814.0,7367.0,133916,77714,107099,-382598,269447.0,56202,6.424782254237786,-22.951744095713952,16.163907263911042,Disaggregated
2024-11-26,1545896,265341,181439,439601,787239,258234.0,6916.0,134369,81402,83902,-347638,251318.0,52967,5.4274026195811365,-22.487799955495067,16.25710914576401,Disaggregated
2024-12-03,1532058,262174,188935,425244,781752,260761.0,6221.0,142746,78757,73239,-356508,254540.0,63989,4.780432594588455,-23.269876205731116,16.614253507373743,Disaggregated
2024-12-10,1583031,327933,162361,399526,854975,278751.0,6784.0,137873,79022,165572,-455449,271967.0,58851,10.459176099520477,-28.770693688247416,17.180143661115924,Disaggregated
2024-12-17,1616832,310458,152753,410751,868905,296285.0,8809.0,144177,80034,157705,-458154,287476.0,64143,9.753950936151684,-28.336524759529745,17.780202272097533,Disaggregated
2024-12-24,1623692,316257,150651,408982,869264,303150.0,10211.0,145588,85519,165606,-460282,292939.0,60069,10.199348152235768,-28.34786400376426,18.041537434439537,Disaggregated
2024-12-31,1650801,347394,123498,386667,911525,304983.0,11398.0,146039,79420,223896,-524858,293585.0,66619,13.562870388375098,-31.79414114723701,17.784396786771996,Disaggregated
2025-01-07,1682563,353322,109607,372163,920395,304788.0,11902.0,153091,76993,243715,-548232,292886.0,76098,14.48474737647268,-32.58314844674464,17.407134235092535,Disaggregated
2025-01-14,1839734,389883,97720,419647,1017844,339492.0,13714.0,144545,88633,292163,-598197,325778.0,55912,15.880719712741081,-32.5154071186378,17.707886031350185,Disaggregated
2025-01-21,1942644,424992,103308,407046,1064955,360807.0,16999.0,162343,91104,321684,-657909,343808.0,71239,16.55908133451111,-33.8666786091533,17.69794156829558,Disaggregated
2025-01-28,1980020,438643,94854,388998,1074786,346934.0,17105.0,178656,78570,343789,-685788,329829.0,100086,17.362905425197724,-34.63540772315431,16.657862041797557,Disaggregated
2025-02-04,2019421,444920,83389,373512,1081690,354980.0,21366.0,181081,80231,361531,-708178,333614.0,100850,17.902705775566364,-35.06836860664517,16.520279822780886,Disaggregated
2025-02-11,2026132,410303,84059,388483,1065840,361193.0,22308.0,175971,77446,326244,-677357,338885.0,98525,16.10181370216748,-33.431040030955536,16.725711848981213,Disaggregated
2025-02-18,2071614,438583,78850,383524,1096835,363005.0,26968.0,188911,79920,359733,-713311,336037.0,108991,17.36486623473292,-34.4326211350184,16.221023800765973,Disaggregated
2025-02-25,1917072,411839,77996,364605,1033670,333977.0,23595.0,185867,78549,333843,-669065,310382.0,107318,17.41421292471018,-34.900358463323236,16.190419556490316,Disaggregated
2025-03-04,1849114,297148,90304,385230,959222,321637.0,20474.0,195730,67136,206844,-573992,301163.0,128594,11.186113998379764,-31.041460937508454,16.286881176606745,Disaggregated
2025-03-11,1829935,248286,115874,427454,937088,312427.0,19512.0,200719,64774,132412,-509634,292915.0,135945,7.2358854276244795,-27.849841661042607,16.006852702418392,Disaggregated
2025-03-18,1819184,243695,139265,406688,881701,312990.0,19700.0,197907,62961,104430,-475013,293290.0,134946,5.740485844202675,-26.111322439071582,16.122063518588554,Disaggregated
2025-03-25,1841552,230554,156634,434489,857635,304654.0,21946.0,185581,59130,73920,-423146,282708.0,126451,4.014005577903855,-22.97768404041808,15.351616462635864,Disaggregated
2025-04-01,1879992,285078,156645,456129,846437,302341.0,23417.0,127693,89257,128433,-390308,278924.0,38436,6.831571623709038,-20.761152175115637,14.836446112536649,Disaggregated
2025-04-08,1810136,290992,159808,456137,851365,292840.0,23416.0,127039,85341,131184,-395228,269424.0,41698,7.247190266366727,-21.83416052716481,14.884185497664266,Disaggregated
2025-04-15,1723995,277472,132318,438090,879297,287956.0,25848.0,161364,72336,145154,-441207,262108.0,89028,8.41962998732595,-25.592127587376996,15.203524372170452,Disaggregated
2025-04-22,1707988,289843,157429,424352,845964,287295.0,27162.0,160869,73440,132414,-421612,260133.0,87429,7.7526305805427205,-24.684716754450264,15.230376325828987,Disaggregated
2025-04-29,1543934,262858,176729,345202,733387,284294.0,24763.0,149178,59878,86129,-388185,259531.0,89300,5.578541569782128,-25.14259029207207,16.809721140929597,Disaggregated
2025-05-06,1548526,234641,205622,363567,696239,278700.0,21325.0,141976,55096,29019,-332672,257375.0,86880,1.873975638768739,-21.48313945003184,16.620644406358046,Disaggregated
2025-05-13,1589429,196463,260735,409441,653642,276928.0,19576.0,144715,62337,-64272,-244201,257352.0,82378,-4.043716328316647,-15.364070996565433,16.191475051732414,Disaggregated
2025-05-20,1637956,190130,285613,423061,648349,284329.0,20027.0,152199,68268,-95483,-225288,264302.0,83931,-5.829399568730784,-13.754215619955604,16.13608668364718,Disaggregated
2025-05-27,1654814,184967,275116,435332,644339,282082.0,20511.0,139410,69594,-90149,-209007,261571.0,69816,-5.447681733415357,-12.630241223484937,15.806670719488716,Disaggregated
2025-06-03,1669150,183615,317594,454147,614708,283751.0,18465.0,133795,80875,-133979,-160561,265286.0,52920,-8.026780097654495,-9.619327202468323,15.893478716712098,Disaggregated
2025-06-10,1614274,183575,333718,445799,575216,263480.0,19512.0,138392,83743,-150143,-129417,243968.0,54649,-9.300961299011197,-8.017040477638865,15.113171617705545,Disaggregated
2025-06-17,1592477,171613,340685,426337,544861,266710.0,19269.0,139096,77268,-169072,-118524,247441.0,61828,-10.616919428035695,-7.4427448559696625,15.538120801744704,Disaggregated
2025-06-24,1534968,173552,348948,417739,516055,258634.0,16790.0,115753,70927,-175396,-98316,241844.0,44826,-11.426687722480208,-6.405084666260144,15.755637902549108,Disaggregated
2025-07-01,1498667,188779,378319,391867,452839,250989.0,15757.0,107700,73686,-189540,-60972,235232.0,34014,-12.647239179884522,-4.068415465210083,15.696081918131247,Disaggregated
2025-07-08,1498964,179925,359212,407427,469197,245191.0,17757.0,107234,69709,-179287,-61770,227434.0,37525,-11.960727542489346,-4.120846131061186,15.172745976554475,Disaggregated
2025-07-15,1470395,190143,349187,379548,442736,238887.0,18432.0,103405,73818,-159044,-63188,220455.0,29587,-10.816413276704559,-4.29734867161545,14.992910068382987,Disaggregated
2025-07-22,1493670,196655,347418,385902,434918,233981.0,19442.0,92652,75772,-150763,-49016,214539.0,16880,-10.093461072392161,-3.281581607717903,14.363212757838076,Disaggregated
2025-07-29,1575283,201664,352608,408528,461894,235045.0,17782.0,94380,76903,-150944,-53366,217263.0,17477,-9.58202430928284,-3.387708748205878,13.791998009246592,Disaggregated
2025-08-05,1617501,204378,340224,410901,468684,223219.0,17564.0,99675,71797,-135846,-57783,205655.0,27878,-8.39851103646922,-3.5723625518624096,12.714366173498501,Disaggregated
2025-08-12,1549876,212492,354831,440487,491650,218507.0,12165.0,100725,91560,-142339,-51163,206342.0,9165,-9.18389600200274,-3.3011027979012515,13.313452172948029,Disaggregated
2025-08-19,1566367,239953,354590,456402,535131,214993.0,12309.0,94767,85340,-114637,-78729,202684.0,9427,-7.318655206602284,-5.026216716771995,12.9397516673934,Disaggregated
2025-08-26,1456701,233908,344843,416465,532892,222508.0,12312.0,103099,63104,-110935,-116427,210196.0,39995,-7.615495561546261,-7.992511846974774,14.429591247620479,Disaggregated
2025-09-02,1454514,238659,333856,410891,541842,233385.0,14620.0,111951,69209,-95197,-130951,218765.0,42742,-6.544935284225521,-9.003075941517235,15.040418999060853,Disaggregated
2025-09-09,1477847,225350,324943,417502,554288,236435.0,13659.0,119142,73793,-99593,-136786,222776.0,45349,-6.7390602680791725,-9.25576192934722,15.074361554342227,Disaggregated
2025-09-16,1529796,217894,299391,415020,571856,240261.0,15052.0,128856,83528,-81497,-156836,225209.0,45328,-5.32731161540493,-10.252085899034904,14.721505351040271,Disaggregated
2025-09-23,1543065,205034,302357,426187,574973,242825.0,14393.0,130543,84406,-97323,-148786,228432.0,46137,-6.307122512661488,-9.64223801330469,14.803783379183638,Disaggregated
2025-09-30,1550059,179951,309308,440265,558986,237118.0,13694.0,128949,80899,-129357,-118721,223424.0,48050,-8.345295243600406,-7.6591278138445045,14.413902954661726,Disaggregated
2025-10-07,1596361,172022,306634,469099,578856,242594.0,15121.0,123938,81679,-134612,-109757,227473.0,42259,-8.432428504580104,-6.87544985125545,14.249471140926143,Disaggregated
2025-10-14,1655731,162573,350565,487376,567803,235157.0,14238.0,141823,74795,-187992,-80427,220919.0,67028,-11.354018255380856,-4.857491947665412,13.342686704543189,Disaggregated
2025-10-21,1644250,151763,311035,473649,595281,238952.0,16675.0,149259,73330,-159272,-121632,222277.0,75929,-9.686604835031169,-7.397415234909534,13.518443059145508,Disaggregated
2025-10-28,1637907,172733,255658,451652,645953,248470.0,20834.0,151969,82906,-82925,-194301,227636.0,69063,-5.062863764548292,-11.862761438836271,13.897980776686344,Disaggregated
