date,open_interest,managed_long,managed_short,producer_long,producer_short,swap_long,swap_short,other_long,other_short,managed_net,producer_net,swap_net,other_net,managed_net_pct,producer_net_pct,swap_net_pct,format
2000-01-04,135255,19741,13935,47442,63588,,,44592,34252,5806,-16146,,10340,4.292632435030129,-11.937451480536764,,Legacy
2000-01-11,142749,23731,12091,45152,69005,,,47128,34915,11640,-23853,,12213,8.154172708740516,-16.709749280205116,,Legacy
2000-01-18,144887,31988,6097,42160,79225,,,49635,38461,25891,-37065,,11174,17.869788179753876,-25.58200528687874,,Legacy
2000-01-25,159160,43482,6152,41530,88451,,,49508,39917,37330,-46921,,9591,23.454385524001005,-29.480397084694648,,Legacy
2000-02-01,170641,52154,5540,42635,95651,,,47756,41354,46614,-53016,,6402,27.316998845529504,-31.06873494646656,,Legacy
2000-02-08,174373,49739,6804,44288,99847,,,51751,39127,42935,-55559,,12624,24.622504630877486,-31.862157558796373,,Legacy
2000-02-15,177860,52435,8193,45041,102924,,,52615,38974,44242,-57883,,13641,24.874620488024288,-32.54413583717531,,Legacy
2000-02-22,178029,47451,7965,48747,101057,,,52892,40068,39486,-52310,,12824,22.17953254806801,-29.382853355352218,,Legacy
2000-02-29,160141,40888,9991,46062,88639,,,46973,35293,30897,-42577,,11680,19.293622495176127,-26.587195034375956,,Legacy
2000-03-07,163061,41546,8381,46472,90058,,,47158,36737,33165,-43586,,10421,20.339014233936993,-26.729874096197126,,Legacy
2000-03-14,170171,46325,8008,47825,98215,,,50221,38148,38317,-50390,,12073,22.516762550610856,-29.611390895040874,,Legacy
2000-03-21,183394,53456,13080,50310,105786,,,53065,37965,40376,-55476,,15100,22.015987436884522,-30.249626487235133,,Legacy
2000-03-28,182351,52244,9534,50573,108694,,,53416,38005,42710,-58121,,15411,23.421862232726994,-31.873145746390204,,Legacy
2000-04-04,197191,56177,11221,53531,115856,,,57513,40144,44956,-62325,,17369,22.798200729242208,-31.606412057345416,,Legacy
2000-04-11,195149,53100,12163,49927,111060,,,59667,39471,40937,-61133,,20196,20.977304521160754,-31.326319888905402,,Legacy
2000-04-18,194330,49046,11631,48857,105908,,,60981,41345,37415,-57051,,19636,19.253331961097103,-29.35779344414141,,Legacy
2000-04-25,196071,52343,10514,46274,109733,,,61751,40121,41829,-63459,,21630,21.333598543384795,-32.36531664550086,,Legacy
2000-05-02,192833,55097,10690,43635,110141,,,60104,38005,44407,-66506,,22099,23.028734708270886,-34.488910093189446,,Legacy
2000-05-09,193358,56559,11379,46107,114906,,,59299,35680,45180,-68799,,23619,23.365984339929042,-35.581149991208015,,Legacy
2000-05-16,196485,48963,13080,54042,115671,,,60131,34385,35883,-61629,,25746,18.26246278341858,-31.365753110924498,,Legacy
2000-05-23,198558,46058,11737,55223,118203,,,62567,33908,34321,-62980,,28659,17.28512575670585,-31.718691767644717,,Legacy
2000-05-30,179235,35543,13969,53001,97764,,,56401,33212,21574,-44763,,23189,12.036711579769577,-24.974474851452005,,Legacy
2000-06-06,178741,33761,17863,48946,88362,,,58344,34826,15898,-39416,,23518,8.894433845620199,-22.052019402375503,,Legacy
2000-06-13,170583,27833,21445,52739,83607,,,55545,31065,6388,-30868,,24480,3.7448045819337215,-18.09558983017065,,Legacy
2000-06-20,163601,26178,19308,50563,85722,,,57333,29044,6870,-35159,,28289,4.199240835936211,-21.490699934596975,,Legacy
2000-06-27,156455,24714,16816,48160,84109,,,56893,28842,7898,-35949,,28051,5.0480968968713045,-22.977213895369275,,Legacy
2000-07-05,147896,24865,19171,45583,73847,,,49957,27387,5694,-28264,,22570,3.8500027046032343,-19.110726456428843,,Legacy
2000-07-11,144578,26829,22601,46473,69075,,,47289,28915,4228,-22602,,18374,2.9243730028081725,-15.633083871681722,,Legacy
2000-07-18,143720,22087,23930,48176,67797,,,49359,27895,-1843,-19621,,21464,-1.2823545783467853,-13.65224046757584,,Legacy
2000-07-25,133616,21031,24724,47689,64216,,,45979,25759,-3693,-16527,,20220,-2.763890552029697,-12.369027661357922,,Legacy
2000-08-01,126390,21416,22234,40728,59678,,,45139,25371,-818,-18950,,19768,-0.6472031015111954,-14.993274784397501,,Legacy
2000-08-08,126688,23886,23158,39175,58995,,,43045,23953,728,-19820,,19092,0.574640060621369,-15.644733518565292,,Legacy
2000-08-15,125448,24491,20699,38790,62421,,,43558,23719,3792,-23631,,19839,3.0227664052037495,-18.837287162808494,,Legacy
2000-08-22,124787,22120,20629,39993,61857,,,44968,24595,1491,-21864,,20373,1.1948360005449286,-17.521055879218185,,Legacy
2000-08-29,131704,25864,18895,38784,64906,,,50190,31037,6969,-26122,,19153,5.291411042944786,-19.83386989005649,,Legacy
2000-09-05,140918,30862,16878,39807,73878,,,45919,25832,13984,-34071,,20087,9.923501610865895,-24.17789068820165,,Legacy
2000-09-12,144350,31155,15764,43772,77476,,,45334,27021,15391,-33704,,18313,10.662279182542433,-23.34880498787669,,Legacy
2000-09-19,149492,28640,15995,51904,82780,,,44533,26302,12645,-30876,,18231,8.458646616541353,-20.65394803735317,,Legacy
2000-09-26,155553,31742,14013,49869,84357,,,47140,30381,17729,-34488,,16759,11.397401528739401,-22.171221384351313,,Legacy
2000-10-03,169849,36380,17131,51328,92992,,,52218,29803,19249,-41664,,22415,11.333007553768347,-24.530023726957474,,Legacy
2000-10-10,183941,40247,17127,54058,100372,,,59320,36126,23120,-46314,,23194,12.56924774791917,-25.17872578707303,,Legacy
2000-10-17,189042,37026,26655,60148,94640,,,61301,37180,10371,-34492,,24121,5.486082457866505,-18.245680853990116,,Legacy
2000-10-24,190407,31263,25420,64503,96469,,,67553,41430,5843,-31966,,26123,3.0686897015340824,-16.788248331206308,,Legacy
2000-10-31,176985,35231,27697,56498,85724,,,59670,37978,7534,-29226,,21692,4.256857925812922,-16.5132638359183,,Legacy
2000-11-07,172757,36325,23227,51031,88049,,,59561,35641,13098,-37018,,23920,7.581747772883299,-21.42778584948801,,Legacy
2000-11-14,162934,31993,23412,51870,82167,,,58150,36434,8581,-30297,,21716,5.26654964586888,-18.59464568475579,,Legacy
2000-11-21,164646,28460,19439,56750,88045,,,58734,36460,9021,-31295,,22274,5.479027732225502,-19.00744627868275,,Legacy
2000-11-28,166627,33648,14813,62374,95805,,,51284,36688,18835,-33431,,14596,11.303690278286233,-20.06337508326982,,Legacy
2000-12-05,174751,33288,13505,70720,105051,,,52373,37825,19783,-34331,,14548,11.320679137744563,-19.645667263706645,,Legacy
2000-12-12,185875,39835,8730,72699,117745,,,53726,39785,31105,-45046,,13941,16.73436449226631,-24.234566240753193,,Legacy
2000-12-19,180842,31621,8295,71626,110554,,,53944,38342,23326,-38928,,15602,12.898552327446058,-21.525972948761904,,Legacy
2000-12-26,173063,29003,9581,69544,104045,,,52250,37171,19422,-34501,,15079,11.222502788002057,-19.935514812524918,,Legacy
2001-01-02,162985,28842,11657,66282,97191,,,48155,34431,17185,-30909,,13724,10.543915084210203,-18.964321870110744,,Legacy
2001-01-09,160394,27030,14569,65234,92948,,,49470,34217,12461,-27714,,15253,7.768993852637879,-17.27870119829919,,Legacy
2001-01-16,158990,21658,25925,70469,78908,,,47465,34759,-4267,-8439,,12706,-2.6838165922385055,-5.307880998804956,,Legacy
2001-01-23,160263,21371,32275,70014,75311,,,50427,34226,-10904,-5297,,16201,-6.803816227076743,-3.3051920905012384,,Legacy
2001-01-30,162757,20841,33626,71586,73585,,,50235,35451,-12785,-1999,,14784,-7.855268897804703,-1.2282113826133438,,Legacy
2001-02-06,163541,19980,35011,70350,72806,,,51713,34226,-15031,-2456,,17487,-9.190967402669667,-1.50176408362429,,Legacy
2001-02-13,167465,18234,37073,73988,73090,,,53260,35319,-18839,898,,17941,-11.249514823993072,0.536231451348043,,Legacy
2001-02-20,164094,15409,37805,74512,72602,,,53179,32693,-22396,1910,,20486,-13.648274769339524,1.163966994527527,,Legacy
2001-02-27,157699,14676,38979,69212,66724,,,52964,31149,-24303,2488,,21815,-15.41100450858915,1.5776891419729993,,Legacy
2001-03-06,152061,18734,34966,61265,67597,,,51335,28771,-16232,-6332,,22564,-10.674663457428268,-4.164118347242225,,Legacy
2001-03-13,149266,17154,34560,60049,63314,,,51315,30644,-17406,-3265,,20671,-11.661061460747927,-2.1873701981697105,,Legacy
2001-03-20,144633,14836,36033,59708,56136,,,48528,30903,-21197,3572,,17625,-14.655714809206751,2.4696991696224235,,Legacy
2001-03-27,144485,14906,37064,63071,56802,,,47192,31303,-22158,6269,,15889,-15.335848011904348,4.338858705055888,,Legacy
2001-04-03,152792,13988,44642,72492,56195,,,46158,31801,-30654,16297,,14357,-20.062568720875436,10.666134352583905,,Legacy
2001-04-10,160099,14250,44947,76752,60676,,,46475,31854,-30697,16076,,14621,-19.1737612352357,10.0412869536974,,Legacy
2001-04-17,160027,14261,44177,77197,63252,,,46568,30597,-29916,13945,,15971,-18.69434532922569,8.714154486430415,,Legacy
2001-04-24,159681,13310,43391,76798,63158,,,47751,31310,-30081,13640,,16441,-18.83818362860954,8.542030673655601,,Legacy
2001-05-01,142367,17067,36813,62007,57549,,,44201,28913,-19746,4458,,15288,-13.869787240020509,3.1313436400289394,,Legacy
2001-05-08,132766,17177,37492,55827,50885,,,43748,28375,-20315,4942,,15373,-15.301357275206001,3.722338550532516,,Legacy
2001-05-15,133468,20826,32876,49531,56967,,,47092,27606,-12050,-7436,,19486,-9.0283813348518,-5.571372913357509,,Legacy
2001-05-22,134979,21640,30223,50463,61168,,,47106,27818,-8583,-10705,,19288,-6.358766919298557,-7.930863319479327,,Legacy
2001-05-29,143164,21056,32024,55654,63334,,,47490,28842,-10968,-7680,,18648,-7.661143862982314,-5.364477103182364,,Legacy
2001-06-05,149484,22229,28718,57288,71593,,,49014,28220,-6489,-14305,,20794,-4.340932808862487,-9.569586042653395,,Legacy
2001-06-12,158185,31929,24701,57186,82633,,,46493,28274,7228,-25447,,18219,4.569333375478079,-16.086860321775138,,Legacy
2001-06-19,155944,31855,24892,56615,79414,,,43653,27817,6963,-22799,,15836,4.465064382085877,-14.619991791925308,,Legacy
2001-06-26,146451,22684,19195,56670,79006,,,42977,24130,3489,-22336,,18847,2.382366798451359,-15.25151757243037,,Legacy
2001-07-03,162976,41951,18751,48725,91426,,,44888,25387,23200,-42701,,19501,14.235224818378168,-26.20079030041233,,Legacy
2001-07-10,178824,51299,19090,48548,102051,,,47338,26044,32209,-53503,,21294,18.011564443251466,-29.919362054310383,,Legacy
2001-07-17,197587,57799,13980,51951,121165,,,52426,27031,43819,-69214,,25395,22.177066304969458,-35.02963251630927,,Legacy
2001-07-24,183899,52823,9803,51076,117722,,,49787,26161,43020,-66646,,23626,23.393275656746365,-36.24054508181121,,Legacy
2001-07-31,174179,43094,9756,49152,108039,,,52714,27165,33338,-58887,,25549,19.140080032610133,-33.80832362110243,,Legacy
2001-08-07,163799,36253,14411,51542,99333,,,48536,22587,21842,-47791,,25949,13.33463574258695,-29.176612799833947,,Legacy
2001-08-14,168055,39421,17283,54738,103732,,,49808,22952,22138,-48994,,26856,13.17306834072179,-29.153550920829492,,Legacy
2001-08-21,168086,32896,18216,60862,103252,,,50413,22703,14680,-42390,,27710,8.73362445414847,-25.2192330116726,,Legacy
2001-08-28,161267,26573,14846,60329,98449,,,48749,22356,11727,-38120,,26393,7.271791501051052,-23.63781802848692,,Legacy
2001-09-04,157270,27382,14201,57693,95644,,,46043,21273,13181,-37951,,24770,8.381127996439245,-24.13111210020983,,Legacy
2001-09-10,161935,25480,15265,63081,91400,,,47354,29250,10215,-28319,,18104,6.308086577947942,-17.487880939883286,,Legacy
2001-09-18,166852,23929,14251,70616,102617,,,44363,22040,9678,-32001,,22323,5.800350010788004,-19.179272648814518,,Legacy
2001-09-25,174023,24305,22302,75677,98649,,,45507,24538,2003,-22972,,20969,1.1509972819684755,-13.200553949765261,,Legacy
2001-10-02,184975,25927,24433,86600,107386,,,44002,24710,1494,-20786,,19292,0.8076767130693336,-11.237194215434517,,Legacy
2001-10-09,190657,28755,26225,86750,109234,,,47422,27468,2530,-22484,,19954,1.32699035440608,-11.792905584374033,,Legacy
2001-10-16,198588,25484,32924,98019,109014,,,47638,29203,-7440,-10995,,18435,-3.746449936552058,-5.5365883134932625,,Legacy
2001-10-23,206353,25035,37608,106426,111213,,,50192,32832,-12573,-4787,,17360,-6.0929572140942945,-2.3198111973172186,,Legacy
2001-10-30,188589,22944,29068,86551,96808,,,52202,35821,-6124,-10257,,16381,-3.2472731707575733,-5.438811383484721,,Legacy
2001-11-06,178704,19049,34722,86948,87748,,,51865,35392,-15673,-800,,16473,-8.770368878144867,-0.44766765153550003,,Legacy
2001-11-13,173378,20413,31448,81514,90401,,,54576,34654,-11035,-8887,,19922,-6.364706018064576,-5.125794506800171,,Legacy
2001-11-20,173668,23246,27913,79123,93329,,,54852,35979,-4667,-14206,,18873,-2.6873114217933067,-8.179975585600111,,Legacy
2001-11-27,172041,17815,30022,83664,88909,,,53156,35704,-12207,-5245,,17452,-7.095401677507105,-3.048691881586366,,Legacy
2001-12-04,173600,19134,26615,85306,97012,,,52346,33159,-7481,-11706,,19187,-4.309331797235023,-6.743087557603687,,Legacy
2001-12-11,179505,21015,28834,87511,98494,,,52709,33907,-7819,-10983,,18802,-4.355867524581488,-6.118492521099691,,Legacy
2001-12-18,178174,18963,31758,87583,92913,,,53159,35034,-12795,-5330,,18125,-7.1811824396376585,-2.991457788453983,,Legacy
2001-12-21,172238,18107,29035,82998,91126,,,53183,34127,-10928,-8128,,19056,-6.344709065363044,-4.719051544955236,,Legacy
2001-12-28,158067,13017,31058,80473,81799,,,48765,29398,-18041,-1326,,19367,-11.413514522322812,-0.838884776708611,,Legacy
2002-01-08,156995,16381,33038,75652,78993,,,50879,30881,-16657,-3341,,19998,-10.609892034778177,-2.1280932513774324,,Legacy
2002-01-15,153854,19787,18056,69573,85850,,,47285,32739,1731,-16277,,14546,1.125092620276366,-10.579510444967307,,Legacy
2002-01-22,155236,22242,15367,70719,86810,,,45422,36206,6875,-16091,,9216,4.428740756010203,-10.365508000721482,,Legacy
2002-01-29,157679,18775,21788,75878,83869,,,45134,34130,-3013,-7991,,11004,-1.910844183435968,-5.067891095199741,,Legacy
2002-02-05,164862,19580,28389,80959,86358,,,46705,32497,-8809,-5399,,14208,-5.343256784462156,-3.274860186095037,,Legacy
2002-02-12,168718,19811,30345,82714,87550,,,46835,31465,-10534,-4836,,15370,-6.24355433326616,-2.866321317227563,,Legacy
2002-02-19,173356,22332,29186,83836,93335,,,48607,32254,-6854,-9499,,16353,-3.9537137451256372,-5.479475760862041,,Legacy
2002-02-26,166796,21932,21823,81433,93293,,,46085,34334,109,-11860,,11751,0.06534928895177342,-7.110482265761769,,Legacy
2002-03-05,157071,28123,19614,68038,84115,,,41990,34422,8509,-16077,,7568,5.417295363243374,-10.235498596176251,,Legacy
2002-03-12,171925,47741,22255,63471,90996,,,40640,38601,25486,-27525,,2039,14.823905772866075,-16.00988803257234,,Legacy
2002-03-19,174457,50281,22786,65994,93298,,,39273,39464,27495,-27304,,-191,15.760330625884889,-15.650848059980396,,Legacy
2002-03-26,172367,46823,22541,68441,90453,,,38520,40790,24282,-22012,,-2270,14.087383315831916,-12.77042589358752,,Legacy
2002-04-02,178079,51742,21460,66195,95841,,,39708,40344,30282,-29646,,-636,17.00481247086967,-16.64766760819636,,Legacy
2002-04-09,169867,36947,19420,76067,91173,,,36660,39081,17527,-15106,,-2421,10.318072374269281,-8.892839692229803,,Legacy
2002-04-16,156018,33521,19491,66292,78392,,,36574,38504,14030,-12100,,-1930,8.99255214141958,-7.755515389249959,,Legacy
2002-04-23,161203,38807,23163,66841,80775,,,35832,37542,15644,-13934,,-1710,9.7045340347264,-8.643759731518644,,Legacy
2002-04-30,146479,31663,21997,60798,69276,,,35434,36622,9666,-8478,,-1188,6.598898135568922,-5.78786037589006,,Legacy
2002-05-07,143054,29945,22902,59275,65741,,,35220,35797,7043,-6466,,-577,4.923315671005354,-4.519971479301523,,Legacy
2002-05-14,148500,36107,21022,58438,72852,,,34940,35611,15085,-14414,,-671,10.158249158249157,-9.706397306397307,,Legacy
2002-05-21,165430,48747,22013,59350,82466,,,34723,38341,26734,-23116,,-3618,16.16030949646376,-13.973281750589372,,Legacy
2002-05-28,168789,55835,24215,56881,83077,,,35035,40459,31620,-26196,,-5424,18.733448269733216,-15.519968718340651,,Legacy
2002-06-04,182993,60099,23392,61829,97111,,,37755,39180,36707,-35282,,-1425,20.0592372385829,-19.28051892695349,,Legacy
2002-06-11,183910,58800,20559,65505,101585,,,37304,39465,38241,-36080,,-2161,20.79332282094503,-19.61829155565222,,Legacy
2002-06-18,188658,52298,19617,75533,106751,,,36898,38361,32681,-31218,,-1463,17.322880556350643,-16.547403237604556,,Legacy
2002-06-25,191074,46863,16451,76841,114004,,,42881,36130,30412,-37163,,6751,15.916346546364235,-19.4495326418037,,Legacy
2002-07-02,216267,62100,20167,81714,137396,,,48836,35087,41933,-55682,,13749,19.389458400958077,-25.74687770209972,,Legacy
2002-07-09,210013,67533,17602,71020,138031,,,48915,31835,49931,-67011,,17080,23.77519486888907,-31.908024741325537,,Legacy
2002-07-16,228356,71201,18703,75262,149605,,,54621,32776,52498,-74343,,21845,22.989542643941917,-32.555746290879156,,Legacy
2002-07-23,236040,71439,20368,81101,154234,,,55009,32947,51071,-73133,,22062,21.636587019149296,-30.983307913912896,,Legacy
2002-07-30,205510,55391,13518,77801,136564,,,47004,30114,41873,-58763,,16890,20.37516422558513,-28.593742396963652,,Legacy
2002-08-06,202226,56039,13507,74052,135471,,,49632,30745,42532,-61419,,18887,21.03191478840505,-30.3714655880055,,Legacy
2002-08-13,207399,59794,11197,72988,138948,,,51641,34278,48597,-65960,,17363,23.431646247088946,-31.803432031977007,,Legacy
2002-08-20,205221,56945,15128,75187,133860,,,48445,31589,41817,-58673,,16856,20.376569649304894,-28.590154029071098,,Legacy
2002-08-27,192213,48778,15466,77598,124686,,,44265,30489,33312,-47088,,13776,17.330773672956564,-24.497822727911224,,Legacy
2002-09-03,198759,49555,19213,81474,128631,,,47347,30532,30342,-47157,,16815,15.265723816280016,-23.725718080690687,,Legacy
2002-09-10,198398,57351,17461,74849,129177,,,46346,31908,39890,-54328,,14438,20.106049456143708,-27.38334055786853,,Legacy
2002-09-17,200614,60733,12082,73442,134998,,,45964,33059,48651,-61556,,12905,24.251049278714344,-30.683800731753518,,Legacy
2002-09-24,204093,62637,12656,73481,134900,,,45738,34300,49981,-61419,,11438,24.48932594454489,-30.0936337845982,,Legacy
2002-10-01,204804,58613,12957,75915,133743,,,45207,33035,45656,-57828,,12172,22.292533348958028,-28.235776644987403,,Legacy
2002-10-08,203254,55416,12224,77857,132887,,,45242,33404,43192,-55030,,11838,21.25025829749968,-27.074497918860146,,Legacy
2002-10-15,206560,54961,10574,76257,135503,,,50212,35353,44387,-59246,,14859,21.48867157242448,-28.682223082881485,,Legacy
2002-10-22,216002,56286,11256,81429,142135,,,52433,36757,45030,-60706,,15676,20.847029194174127,-28.104369403987,,Legacy
2002-10-29,212590,50570,10107,79695,140410,,,56411,36159,40463,-60715,,20252,19.03335058093043,-28.559668846135754,,Legacy
2002-11-05,208129,57066,10880,75624,140717,,,55035,36128,46186,-65093,,18907,22.191044976913357,-31.275314828784072,,Legacy
2002-11-12,202358,55857,11694,71860,136393,,,55266,34896,44163,-64533,,20370,21.824192767273843,-31.890510876762963,,Legacy
2002-11-19,205644,59145,9360,72449,141450,,,52308,33092,49785,-69001,,19216,24.209313182003854,-33.55361693022894,,Legacy
2002-11-26,214020,66049,8735,73007,152169,,,55293,33445,57314,-79162,,21848,26.779740211195215,-36.988131950285016,,Legacy
2002-12-03,218024,66064,8327,74949,151449,,,55972,37209,57737,-76500,,18763,26.481946941621104,-35.0878802333688,,Legacy
2002-12-10,214901,62685,8508,78629,149454,,,52699,36051,54177,-70825,,16648,25.210213074857723,-32.957036030544295,,Legacy
2002-12-17,218612,62080,10449,83584,149840,,,50459,35834,51631,-66256,,14625,23.617642215431907,-30.307576894223555,,Legacy
2002-12-23,210265,61134,7711,80874,145995,,,47611,35913,53423,-65121,,11698,25.40746201222267,-30.97091765153497,,Legacy
2002-12-31,201351,55491,5141,80800,144030,,,45823,32943,50350,-63230,,12880,25.006083903233655,-31.40287358890693,,Legacy
2003-01-07,212793,77709,7168,68961,153879,,,49236,34859,70541,-84918,,14377,33.150056627802606,-39.90638789809815,,Legacy
2003-01-14,195164,53950,8807,77322,135239,,,45652,32878,45143,-57917,,12774,23.130802811994013,-29.676067307495234,,Legacy
2003-01-21,196991,48384,13202,85666,130626,,,44038,34260,35182,-44960,,9778,17.859699174073942,-22.82337771776376,,Legacy
2003-01-28,196797,58412,9469,78091,134644,,,42606,34996,48943,-56553,,7610,24.86978968175328,-28.736718547538835,,Legacy
2003-02-04,202453,55789,12604,81218,134094,,,44227,34536,43185,-52876,,9691,21.330876796095886,-26.11766681649568,,Legacy
2003-02-11,209314,58390,12591,83236,138235,,,43923,34723,45799,-54999,,9200,21.880523997439255,-26.27583439234834,,Legacy
2003-02-18,223540,62206,13852,93062,145295,,,42133,38254,48354,-52233,,3879,21.631028003936656,-23.366287912677823,,Legacy
2003-02-25,231839,73362,13088,90752,154376,,,42760,39410,60274,-63624,,3350,25.998214278011893,-27.443182553409912,,Legacy
2003-03-04,231179,77109,14182,89726,152141,,,38067,38579,62927,-62415,,-512,27.220032961471414,-26.9985595577453,,Legacy
2003-03-11,223717,61577,13261,96209,148412,,,40416,36529,48316,-52203,,3887,21.59692826204535,-23.334391217475652,,Legacy
2003-03-18,229911,65493,13348,96754,151048,,,40269,38120,52145,-54294,,2149,22.680515503825394,-23.615225021856283,,Legacy
2003-03-25,224338,63667,13727,94861,146901,,,38876,36776,49940,-52040,,2100,22.261052518966917,-23.1971400297765,,Legacy
2003-04-01,225346,59146,12798,96505,144447,,,40690,39096,46348,-47942,,1594,20.56748289297347,-21.27483958002361,,Legacy
2003-04-08,250245,85188,18330,90030,154105,,,40891,43674,66858,-64075,,-2783,26.71701732302344,-25.604907190952865,,Legacy
2003-04-15,264241,89426,19360,94072,159873,,,45228,49493,70066,-65801,,-4265,26.51594567080809,-24.90188880605205,,Legacy
2003-04-22,259644,86884,22115,92943,156424,,,45003,46291,64769,-63481,,-1288,24.9453097317866,-24.44924589052703,,Legacy
2003-04-29,244760,83609,23453,86127,146891,,,42233,41625,60156,-60764,,608,24.577545350547474,-24.825951952933487,,Legacy
2003-05-06,227968,81681,25194,75783,134291,,,44394,42373,56487,-58508,,2021,24.778477681078044,-25.665005614823134,,Legacy
2003-05-13,228340,78738,27965,79133,132070,,,45879,43715,50773,-52937,,2164,22.235701147411753,-23.183410703337128,,Legacy
2003-05-20,234615,81504,33063,83899,131393,,,45941,46888,48441,-47494,,-947,20.647017454126974,-20.24337744815975,,Legacy
2003-05-27,226964,72021,31977,88678,125602,,,44591,47711,40044,-36924,,-3120,17.643326694982463,-16.26865934685677,,Legacy
2003-06-03,225277,60636,36370,99315,117986,,,43296,48891,24266,-18671,,-5595,10.771627818197153,-8.288018750249693,,Legacy
2003-06-10,223015,67941,40271,95849,117717,,,39651,45453,27670,-21868,,-5802,12.407237181355514,-9.805618456157658,,Legacy
2003-06-17,219421,57510,38233,99316,111210,,,39997,47380,19277,-11894,,-7383,8.78539428769352,-5.420629748292096,,Legacy
2003-06-24,227141,59246,36555,98689,116074,,,42402,47708,22691,-17385,,-5306,9.989830105529164,-7.653836163440331,,Legacy
2003-07-01,206282,51026,38189,99622,108008,,,35018,39469,12837,-8386,,-4451,6.223034486770537,-4.06530865514199,,Legacy
2003-07-08,186585,31478,37787,101817,91667,,,35995,39836,-6309,10150,,-3841,-3.381300747648525,5.439879947477022,,Legacy
2003-07-15,187716,26122,41511,112259,89049,,,31932,39753,-15389,23210,,-7821,-8.198022544695178,12.364422851541692,,Legacy
2003-07-22,192674,23326,51710,118553,83052,,,33629,40746,-28384,35501,,-7117,-14.731619211725505,18.42542325378619,,Legacy
2003-07-29,181182,23054,58621,112208,71964,,,33429,38106,-35567,40244,,-4677,-19.63053724983718,22.21191950635273,,Legacy
2003-08-05,175653,20802,57474,112277,71540,,,30815,34880,-36672,40737,,-4065,-20.877525575993577,23.19174736554457,,Legacy
2003-08-12,177014,27525,48017,107245,80881,,,29149,35021,-20492,26364,,-5872,-11.576485475725084,14.893737218525088,,Legacy
2003-08-19,196787,39681,40935,106885,100280,,,31425,36776,-1254,6605,,-5351,-0.6372372158729998,3.356420901787212,,Legacy
2003-08-26,210908,47327,41187,106260,110944,,,35377,36833,6140,-4684,,-1456,2.911221954596317,-2.220873556242532,,Legacy
2003-09-02,212264,47764,37381,104457,113071,,,36364,38133,10383,-8614,,-1769,4.891550145102325,-4.058153996909509,,Legacy
2003-09-09,215151,56590,34624,99814,117616,,,34845,39009,21966,-17802,,-4164,10.209573741232902,-8.27418882552254,,Legacy
2003-09-16,230740,58505,32474,105903,126988,,,38404,43350,26031,-21085,,-4946,11.281528993672532,-9.13799081216954,,Legacy
2003-09-23,245042,62067,27596,106981,137060,,,41695,46087,34471,-30079,,-4392,14.067384366761617,-12.27503856481746,,Legacy
2003-09-30,256461,69073,20910,107851,152382,,,46239,49871,48163,-44531,,-3632,18.77985346699888,-17.363653732926252,,Legacy
2003-10-07,263408,70147,18229,108221,160585,,,50457,50011,51918,-52364,,446,19.710107513818865,-19.879426592966045,,Legacy
2003-10-14,269327,75773,18983,106941,163226,,,53931,54436,56790,-56285,,-505,21.085891871219744,-20.89838746208141,,Legacy
2003-10-21,267664,77093,15366,103415,173306,,,60372,52208,61727,-69891,,8164,23.061375455795325,-26.111468109271325,,Legacy
2003-10-28,263976,73612,14357,97735,170723,,,64721,50988,59255,-72988,,13733,22.447116404521623,-27.649483286359366,,Legacy
2003-11-04,245228,67232,18447,91804,156213,,,61635,46011,48785,-64409,,15624,19.893731547784103,-26.264945275417162,,Legacy
2003-11-11,237914,64690,16283,87620,154136,,,63598,45489,48407,-66516,,18109,20.346427700765823,-27.958001630841395,,Legacy
2003-11-18,240829,66069,18403,89763,153813,,,63222,46838,47666,-64050,,16384,19.792466854074885,-26.59563424670617,,Legacy
2003-11-25,241924,66000,18320,92409,155311,,,64306,49084,47680,-62902,,15222,19.708668838147517,-26.00072750119872,,Legacy
2003-12-02,245648,68804,18117,90664,157789,,,65571,49133,50687,-67125,,16438,20.633996613039795,-27.325685533771903,,Legacy
2003-12-09,259917,76850,18090,91357,165940,,,68752,52929,58760,-74583,,15823,22.607216919247296,-28.694929535197776,,Legacy
2003-12-16,259222,70770,19188,91605,162490,,,75227,55924,51582,-70885,,19303,19.898774023809708,-27.345287051253365,,Legacy
2003-12-22,252417,70389,16249,91331,162737,,,70189,52923,54140,-71406,,17266,21.44863460068062,-28.28890288688955,,Legacy
2003-12-30,246795,73096,14208,87700,160847,,,62984,48725,58888,-73147,,14259,23.86109929293543,-29.638769018821286,,Legacy
2004-01-06,243722,74712,14381,85752,165417,,,62810,43476,60331,-79665,,19334,24.754023026234808,-32.686831718105054,,Legacy
2004-01-13,257217,84045,15243,87546,174901,,,65988,47435,68802,-87355,,18553,26.74862081433187,-33.961596628527666,,Legacy
2004-01-20,262542,87636,18594,91516,180838,,,64039,43759,69042,-89322,,20280,26.297506684644745,-34.02198505381996,,Legacy
2004-01-27,274561,88937,18410,96619,188928,,,69678,47896,70527,-92309,,21782,25.687187910883193,-33.62057976187441,,Legacy
2004-02-03,267713,73834,21218,105889,179479,,,69097,48123,52616,-73590,,20974,19.65388307627945,-27.48839242024108,,Legacy
2004-02-10,267299,71505,24072,103571,173533,,,68374,45845,47433,-69962,,22529,17.74529646575558,-26.1736856479074,,Legacy
2004-02-17,261298,71869,24997,104211,167482,,,60155,43756,46872,-63271,,16399,17.938139595404483,-24.2141156840083,,Legacy
2004-02-24,274330,75631,18893,103706,172267,,,71533,59710,56738,-68561,,11823,20.68238982247658,-24.9921627237269,,Legacy
2004-03-02,266334,76462,17708,97281,165007,,,71226,62254,58754,-67726,,8972,22.060270187058357,-25.428972643372603,,Legacy
2004-03-09,252173,73561,17725,94813,161855,,,64897,53691,55836,-67042,,11206,22.141942238066726,-26.585716948285505,,Legacy
2004-03-16,262994,76769,19505,96172,163944,,,69745,59237,57264,-67772,,10508,21.77388077294539,-25.769409188042314,,Legacy
2004-03-23,268598,74740,20467,97222,166079,,,76452,61868,54273,-68857,,14584,20.20603280739246,-25.635708382043056,,Legacy
2004-03-30,269823,71515,18265,100378,170508,,,78025,61145,53250,-70130,,16880,19.7351597158137,-25.99111269239464,,Legacy
2004-04-06,275392,63756,20643,105397,163950,,,82315,66875,43113,-58553,,15440,15.655138856611666,-21.26169242389031,,Legacy
2004-04-12,268926,57102,21206,105588,155000,,,81982,68466,35896,-49412,,13516,13.347909833932011,-18.37382774443527,,Legacy
2004-04-20,262329,54497,20828,106021,148279,,,77491,68902,33669,-42258,,8589,12.834646569765448,-16.10877943345951,,Legacy
2004-04-27,255513,54075,15888,100627,149616,,,75702,64900,38187,-48989,,10802,14.945227835765696,-19.17280138388262,,Legacy
2004-05-04,242547,58742,18277,96401,151736,,,68950,54080,40465,-55335,,14870,16.6833644613209,-22.814134992393225,,Legacy
2004-05-11,235332,61811,19982,92007,148096,,,62112,47852,41829,-56089,,14260,17.774463311406862,-23.833987727975796,,Legacy
2004-05-18,215413,40553,22249,100458,125029,,,59705,53438,18304,-24571,,6267,8.497165909206965,-11.406461077093768,,Legacy
2004-05-25,204428,41921,19083,92977,120139,,,52611,48287,22838,-27162,,4324,11.171659459565225,-13.286829592815074,,Legacy
2004-06-01,201050,41072,18086,93418,118070,,,50841,49175,22986,-24652,,1666,11.43297687142502,-12.261626461079334,,Legacy
2004-06-08,204374,40234,18564,91545,112054,,,57227,58388,21670,-20509,,-1161,10.603109984636012,-10.035033810562988,,Legacy
2004-06-15,202352,41124,16425,91058,117239,,,51892,50410,24699,-26181,,1482,12.205957934688067,-12.938345062070056,,Legacy
2004-06-22,200105,41445,15383,90226,113350,,,49765,52703,26062,-23124,,-2938,13.024162314784737,-11.55593313510407,,Legacy
2004-06-29,183456,34735,17108,88209,103790,,,46459,48505,17627,-15581,,-2046,9.608298447584161,-8.49304465375894,,Legacy
2004-07-06,168902,29585,19828,84534,94422,,,42116,41985,9757,-9888,,131,5.7767225965352695,-5.854282364921671,,Legacy
2004-07-13,178515,28848,27092,89493,90637,,,48035,48647,1756,-1144,,-612,0.9836708399854354,-0.6408425062319694,,Legacy
2004-07-20,169419,25037,32809,91697,75260,,,41053,49718,-7772,16437,,-8665,-4.587442966845513,9.701981477874384,,Legacy
2004-07-27,166698,25014,40018,96854,67798,,,32956,47008,-15004,29056,,-14052,-9.000707866921019,17.43032309925734,,Legacy
2004-08-03,170508,32066,43239,101653,72406,,,26057,44131,-11173,29247,,-18074,-6.552771717456072,17.152860862833418,,Legacy
2004-08-10,168452,28427,47895,103698,67513,,,26440,43157,-19468,36185,,-16717,-11.557001400992567,21.480896635243273,,Legacy
2004-08-17,172276,28433,49381,105060,66555,,,28075,45632,-20948,38505,,-17557,-12.159557918688616,22.350762729573475,,Legacy
2004-08-24,176009,29469,51770,108568,70727,,,30085,45625,-22301,37841,,-15540,-12.670374810379014,21.499468777164804,,Legacy
2004-08-31,174311,30928,50049,107126,69061,,,27289,46233,-19121,38065,,-18944,-10.969474100888641,21.8374055567348,,Legacy
2004-09-07,177806,32437,51898,106355,69180,,,29500,47214,-19461,37175,,-17714,-10.945074969348616,20.907618415576525,,Legacy
2004-09-14,181876,32439,58506,107176,62697,,,30262,48674,-26067,44479,,-18412,-14.33229233103873,24.455673095955486,,Legacy
2004-09-21,194711,34179,66518,116630,61300,,,30709,53700,-32339,55330,,-22991,-16.60871753521886,28.41647364555675,,Legacy
2004-09-28,207611,35038,72651,125621,66189,,,32969,54788,-37613,59432,,-21819,-18.11705545467244,28.626614196742945,,Legacy
2004-10-05,231567,39091,83308,146918,79601,,,32437,55537,-44217,67317,,-23100,-19.094689657852804,29.07020430372203,,Legacy
2004-10-12,246199,38245,88987,157403,81977,,,36445,61129,-50742,75426,,-24684,-20.61015682435753,30.63619267340647,,Legacy
2004-10-19,264885,45197,92842,167431,92141,,,34969,62614,-47645,75290,,-27645,-17.98705098438945,28.423655548634315,,Legacy
2004-10-26,234339,32904,68778,147384,88465,,,40789,63834,-35874,58919,,-23045,-15.308591399638985,25.142635242106522,,Legacy
2004-11-02,229304,30780,82205,151563,80389,,,33476,53225,-51425,71174,,-19749,-22.426560374001326,31.039144541743713,,Legacy
2004-11-09,229696,31465,91675,146389,71931,,,37628,51876,-60210,74458,,-14248,-26.21290749512399,32.4158888269713,,Legacy
2004-11-16,225177,33489,75539,134578,81719,,,40047,50856,-42050,52859,,-10809,-18.674198519386973,23.474422343312153,,Legacy
2004-11-23,228585,39758,67215,131640,94241,,,42121,52063,-27457,37399,,-9942,-12.011724303869457,16.3610910602183,,Legacy
2004-11-30,237803,36769,65757,141461,101780,,,42382,53075,-28988,39681,,-10693,-12.18992191015252,16.68650101134132,,Legacy
2004-12-07,242872,29029,78605,146032,87049,,,48216,57623,-49576,58983,,-9407,-20.412398300339273,24.285631937810866,,Legacy
2004-12-14,253055,32052,69574,148699,101131,,,49319,59365,-37522,47568,,-10046,-14.827606646776392,18.797494615794985,,Legacy
2004-12-21,242690,37562,70567,141602,99268,,,45721,55050,-33005,42334,,-9329,-13.599653879434669,17.44365239606082,,Legacy
2004-12-28,236272,36521,67090,144920,100484,,,38544,52411,-30569,44436,,-13867,-12.938054445723573,18.807137536398727,,Legacy
2005-01-04,233674,30135,75205,147212,89160,,,39913,52895,-45070,58052,,-12982,-19.287554456208223,24.843157561388942,,Legacy
2005-01-11,233595,28599,80137,151466,88576,,,37740,49092,-51538,62890,,-11352,-22.06297223827565,26.922665296774333,,Legacy
2005-01-18,247702,27455,101769,158347,77775,,,45472,51730,-74314,80572,,-6258,-30.00137261709635,32.52779549620108,,Legacy
2005-01-25,253102,27221,99935,151859,71612,,,54023,61556,-72714,80247,,-7533,-28.729128967767934,31.705399404192775,,Legacy
2005-02-01,269530,31256,107015,161571,76931,,,54484,63365,-75759,84640,,-8881,-28.107817311616518,31.402812302897637,,Legacy
2005-02-08,272127,31832,109993,161938,78725,,,56008,61060,-78161,83213,,-5052,-28.722251007801503,30.57873713376475,,Legacy
2005-02-15,262376,36829,86385,151637,89365,,,52337,65053,-49556,62272,,-12716,-18.887398237643687,23.73387809860658,,Legacy
2005-02-22,265774,38055,67274,153463,101083,,,52363,75524,-29219,52380,,-23161,-10.99392717120561,19.708474117107016,,Legacy
2005-03-01,273860,53541,61425,149249,107261,,,48361,82465,-7884,41988,,-34104,-2.878843204557073,15.331921419703498,,Legacy
2005-03-08,288410,63758,57401,152118,115099,,,49709,93085,6357,37019,,-43376,2.2041538088138415,12.835546617662356,,Legacy
2005-03-15,308206,67062,57683,171316,135854,,,52330,97171,9379,35462,,-44841,3.0430945536426934,11.505940831781341,,Legacy
2005-03-22,304258,65696,48054,168604,139161,,,48291,95376,17642,29443,,-47085,5.798368489900019,9.67698466433093,,Legacy
2005-03-29,297970,58203,44086,167051,136513,,,49889,94544,14117,30538,,-44655,4.737725274356479,10.248682753297311,,Legacy
2005-04-05,281916,52451,43780,157699,123439,,,47444,90375,8671,34260,,-42931,3.075738872571972,12.152556080534627,,Legacy
2005-04-12,274659,48109,47117,151951,112833,,,51928,92038,992,39118,,-40110,0.3611751298883342,14.242387833640988,,Legacy
2005-04-19,269197,55300,43196,139425,114750,,,51221,88000,12104,24675,,-36779,4.496335397497001,9.166149697062002,,Legacy
2005-04-26,255408,52928,32277,129970,116762,,,50369,84228,20651,13208,,-33859,8.085494581219068,5.171333709202531,,Legacy
2005-05-03,241954,42480,29853,125995,107966,,,46694,77350,12627,18029,,-30656,5.218760590856113,7.451416384932672,,Legacy
2005-05-10,247350,48840,26813,124304,119365,,,49501,76467,22027,4939,,-26966,8.905195067717809,1.9967657165959167,,Legacy
2005-05-17,237723,36976,32098,127073,105341,,,46378,72988,4878,21732,,-26610,2.0519680468444363,9.141732184096616,,Legacy
2005-05-24,261822,50721,24261,128763,131497,,,52482,76208,26460,-2734,,-23726,10.106102619336802,-1.0442208828899024,,Legacy
2005-05-31,292238,66077,25449,131391,148410,,,59272,82881,40628,-17019,,-23609,13.902367248612432,-5.823677961113886,,Legacy
2005-06-07,303804,77855,27490,130426,157332,,,60428,83887,50365,-26906,,-23459,16.57812273702782,-8.856367921423022,,Legacy
2005-06-14,305060,81562,23957,128749,164341,,,63628,85641,57605,-35592,,-22013,18.883170523831378,-11.667213007277256,,Legacy
2005-06-21,336252,89292,34712,142790,185419,,,70183,82134,54580,-42629,,-11951,16.231873713762297,-12.677694110369602,,Legacy
2005-06-28,317235,80445,23852,146586,191875,,,63051,74355,56593,-45289,,-11304,17.839456554289406,-14.276167509890145,,Legacy
2005-07-05,290635,72412,25331,137615,176770,,,59187,67113,47081,-39155,,-7926,16.199356581278924,-13.472224611626265,,Legacy
2005-07-12,276341,68949,26011,135329,169825,,,57187,65629,42938,-34496,,-8442,15.538049004671764,-12.48312772986998,,Legacy
2005-07-19,277449,65890,25523,134892,169448,,,59300,65111,40367,-34556,,-5811,14.549340599533608,-12.454901621559278,,Legacy
2005-07-26,273064,69015,27235,132023,164466,,,56933,66270,41780,-32443,,-9337,15.300442387132687,-11.881097471654996,,Legacy
2005-08-02,272292,70606,24332,128304,166197,,,55876,64257,46274,-37893,,-8381,16.994256166174548,-13.916310431448592,,Legacy
2005-08-09,256519,61850,24292,124635,151160,,,52287,63320,37558,-26525,,-11033,14.641410577773966,-10.340364651351361,,Legacy
2005-08-16,258024,65536,27383,124827,146454,,,48239,64765,38153,-21627,,-16526,14.786608997612625,-8.381778439214957,,Legacy
2005-08-23,256077,59712,30532,126600,141003,,,49409,64186,29180,-14403,,-14777,11.395010094619977,-5.624480136833842,,Legacy
2005-08-30,243909,55566,33554,125656,130533,,,47146,64281,22012,-4877,,-17135,9.024677236182347,-1.99951621301387,,Legacy
2005-09-06,245509,60018,38829,121485,125162,,,49044,66556,21189,-3677,,-17512,8.63064083190433,-1.4977047684606268,,Legacy
2005-09-13,244304,58961,43025,123463,118674,,,44812,65537,15936,4789,,-20725,6.5230204990503635,1.9602626236164777,,Legacy
2005-09-20,248126,59238,49371,127698,112094,,,42960,68431,9867,15604,,-25471,3.9766086585041474,6.2887403980235845,,Legacy
2005-09-27,253289,56245,54331,130414,106992,,,44259,69595,1914,23422,,-25336,0.7556585560367801,9.247144566088538,,Legacy
2005-10-04,267206,57675,55468,139835,113097,,,45306,74251,2207,26738,,-28945,0.8259545070095732,10.00651182982418,,Legacy
2005-10-11,288160,58096,54032,151573,122401,,,49382,82618,4064,29172,,-33236,1.4103275957801222,10.123542476402,,Legacy
2005-10-18,298791,60825,49055,156777,137683,,,48528,79392,11770,19094,,-30864,3.9392083429554434,6.390420059506479,,Legacy
2005-10-25,289231,44149,43187,164848,136267,,,51356,80899,962,28581,,-29543,0.33260611760150194,9.881720839052523,,Legacy
2005-11-01,274636,47813,44732,156209,129813,,,42393,71870,3081,26396,,-29477,1.1218485559067273,9.611267277414468,,Legacy
2005-11-08,270161,47024,43007,151917,129973,,,44038,69999,4017,21944,,-25961,1.4868911500919821,8.12256395260604,,Legacy
2005-11-15,268851,50295,44700,146031,127283,,,46703,71046,5595,18748,,-24343,2.0810783668277226,6.9733793067535546,,Legacy
2005-11-22,272262,43581,56945,153838,117989,,,47735,70220,-13364,35849,,-22485,-4.908507246696197,13.167096399791378,,Legacy
2005-11-29,286509,42981,71252,162032,110750,,,50799,73810,-28271,51282,,-23011,-9.867403816285004,17.89891417023549,,Legacy
2005-12-06,290574,45313,72878,162072,112498,,,52449,74458,-27565,49574,,-22009,-9.486395892268407,17.06071431029617,,Legacy
2005-12-13,289887,49798,62320,153942,119230,,,53100,75290,-12522,34712,,-22190,-4.319614194496476,11.974321028538707,,Legacy
2005-12-20,294849,54193,47946,151604,130977,,,55596,82470,6247,20627,,-26874,2.118711611706331,6.995784282802384,,Legacy
2005-12-27,292006,55477,43978,149942,132142,,,52649,81948,11499,17800,,-29299,3.9379327822031054,6.095765155510503,,Legacy
2006-01-03,287751,57119,41997,147461,131343,,,48491,79731,15122,16118,,-31240,5.255238035662778,5.601370629467838,,Legacy
2006-01-10,299439,57101,52153,158211,128715,,,50114,84558,4948,29496,,-34444,1.652423365025932,9.850420285934698,,Legacy
2006-01-17,317721,53444,66189,169966,124983,,,55514,87752,-12745,44983,,-32238,-4.01138105444714,14.158019142581068,,Legacy
2006-01-24,330206,54707,76211,176515,123280,,,53587,85318,-21504,53235,,-31731,-6.5122983834333725,16.12175429883164,,Legacy
2006-01-31,342701,58411,72271,179140,130065,,,57756,92971,-13860,49075,,-35215,-4.044341860689055,14.320063262143968,,Legacy
2006-02-07,351064,58678,65463,187730,144136,,,57677,94486,-6785,43594,,-36809,-1.9326960326322264,12.417678827792084,,Legacy
2006-02-14,362570,58908,60672,190062,155174,,,60104,93228,-1764,34888,,-33124,-0.48652673966406484,9.622417740022616,,Legacy
2006-02-21,376082,65152,50631,190857,161992,,,65023,108409,14521,28865,,-43386,3.8611260310251487,7.6751878579671455,,Legacy
2006-02-28,351265,55656,59472,189918,148109,,,54317,92310,-3816,41809,,-37993,-1.0863593013821473,11.902409861500576,,Legacy
2006-03-07,353277,56249,60592,186299,144626,,,53617,90947,-4343,41673,,-37330,-1.2293469430503543,11.796125986124203,,Legacy
2006-03-14,348345,51891,67410,186765,134353,,,54755,91648,-15519,52412,,-36893,-4.455066098264651,15.04600324391049,,Legacy
2006-03-21,353546,51011,81041,192530,123565,,,53622,92557,-30030,68965,,-38935,-8.49394421093719,19.506655428147965,,Legacy
2006-03-28,359713,48230,82184,195818,123408,,,57017,95473,-33954,72410,,-38456,-9.439191800129548,20.129936921934988,,Legacy
2006-04-04,377734,53596,96803,205776,116308,,,57320,103581,-43207,89468,,-46261,-11.438472575939683,23.68545060809988,,Legacy
2006-04-11,385414,56138,103208,207150,118858,,,61312,102534,-47070,88292,,-41222,-12.21284125641518,22.90835309563223,,Legacy
2006-04-18,375811,53521,93543,199015,120940,,,58297,96350,-40022,78075,,-38053,-10.649502010319017,20.775070447645223,,Legacy
2006-04-25,365777,45868,85714,199341,115642,,,57780,101633,-39846,83699,,-43853,-10.89352255609292,22.882521317633422,,Legacy
2006-05-02,356906,55608,69636,191712,137682,,,46506,86508,-14028,54030,,-40002,-3.9304466722330247,15.13843981328417,,Legacy
2006-05-09,368136,61909,64558,185067,142265,,,57777,97930,-2649,42802,,-40153,-0.7195710280983114,11.626681443814242,,Legacy
2006-05-16,388099,69328,63227,186951,153480,,,65824,105396,6101,33471,,-39572,1.572021571815439,8.624345849899123,,Legacy
2006-05-23,372852,59890,72265,188548,137057,,,59137,98253,-12375,51491,,-39116,-3.3190112967075405,13.81003722656711,,Legacy
2006-05-30,384517,60241,85930,197916,135238,,,57782,94771,-25689,62678,,-36989,-6.680848961164266,16.300449655021755,,Legacy
2006-06-06,383302,67728,80212,191146,141017,,,56244,93889,-12484,50129,,-37645,-3.256961873405304,13.078199435432115,,Legacy
2006-06-13,379960,69171,72400,171054,132237,,,59721,95309,-3229,38817,,-35588,-0.8498262975050006,10.216075376355406,,Legacy
2006-06-20,374060,62316,74388,180339,134051,,,58647,92863,-12072,46288,,-34216,-3.227289739613966,12.374485376677539,,Legacy
2006-06-27,351200,52932,87247,184680,118277,,,48787,80875,-34315,66403,,-32088,-9.770785876993166,18.90746013667426,,Legacy
2006-07-03,331145,58658,70570,162613,116075,,,46916,81542,-11912,46538,,-34626,-3.597215721209742,14.053662292953236,,Legacy
2006-07-11,339653,64866,68796,165698,133185,,,48602,77185,-3930,32513,,-28583,-1.1570632380694414,9.57241655454243,,Legacy
2006-07-18,332154,59998,67314,169724,134045,,,48100,76463,-7316,35679,,-28363,-2.202592773231694,10.741704149280153,,Legacy
2006-07-25,329423,58961,76970,170110,126281,,,50420,76240,-18009,43829,,-25820,-5.46683139914335,13.304778354881112,,Legacy
2006-08-01,342520,62002,97535,178380,118075,,,50260,75032,-35533,60305,,-24772,-10.373992759546887,17.606271166647204,,Legacy
2006-08-08,340431,65896,107136,175294,111551,,,52254,74757,-41240,63743,,-22503,-12.114055417984847,18.72420549244928,,Legacy
2006-08-15,343399,63370,107696,180534,112811,,,49468,72865,-44326,67723,,-23397,-12.908016622063547,19.72137367901479,,Legacy
2006-08-22,354380,63215,104640,184131,120608,,,50906,73004,-41425,63523,,-22098,-11.689429426039846,17.925108640442463,,Legacy
2006-08-29,360481,64395,104171,188066,123524,,,50136,74902,-39776,64542,,-24766,-11.034146043758202,17.904411050790472,,Legacy
2006-09-05,358095,68266,108450,189034,121302,,,49432,76980,-40184,67732,,-27548,-11.221603205853196,18.914533852748573,,Legacy
2006-09-12,355804,68463,111954,193104,122924,,,48828,75517,-43491,70180,,-26689,-12.223302717226337,19.72434261559735,,Legacy
2006-09-19,360125,67181,109480,192855,124627,,,49554,75483,-42299,68228,,-25929,-11.74564387365498,18.94564387365498,,Legacy
2006-09-26,366727,64033,107087,200137,130561,,,50034,76556,-43054,69576,,-26522,-11.740068225137499,18.9721509460716,,Legacy
2006-10-03,379185,64087,102483,205401,138994,,,49986,77997,-38396,66407,,-28011,-10.1259279771088,17.513087279296386,,Legacy
2006-10-10,378618,68192,85959,204912,163969,,,55280,78456,-17767,40943,,-23176,-4.692592533899603,10.813801773819524,,Legacy
2006-10-17,396327,79176,68149,198199,183770,,,54432,79888,11027,14429,,-25456,2.7822984555682555,3.6406805491425014,,Legacy
2006-10-24,384774,80832,50050,194551,195951,,,50577,79959,30782,-1400,,-29382,8.000020791425616,-0.36384994828132877,,Legacy
2006-10-31,375802,68240,45483,200978,193603,,,48165,78297,22757,7375,,-30132,6.055582460976791,1.962469598352324,,Legacy
2006-11-07,385229,77892,43993,195919,203626,,,51560,77752,33899,-7707,,-26192,8.799700957093053,-2.0006281977732727,,Legacy
2006-11-14,394104,87271,47278,202189,209729,,,50653,83106,39993,-7540,,-32453,10.14782899945192,-1.9132005764975744,,Legacy
2006-11-21,393988,85926,50031,205394,204846,,,46652,83095,35895,548,,-36443,9.11068357411901,0.1390905306760612,,Legacy
2006-11-28,410571,95812,47553,199510,215413,,,50317,82673,48259,-15903,,-32356,11.754118045356345,-3.8733860891295295,,Legacy
2006-12-05,418234,92076,43689,203073,221247,,,55567,85780,48387,-18174,,-30213,11.569360692817897,-4.34541428960821,,Legacy
2006-12-12,425133,99936,45028,192375,218091,,,52859,82051,54908,-25716,,-29192,12.915487623873002,-6.0489305699628115,,Legacy
2006-12-19,423743,96622,42314,201626,225813,,,50247,80368,54308,-24187,,-30121,12.816258911651637,-5.70794089813873,,Legacy
2006-12-26,397897,91973,37231,190397,217143,,,47734,75730,54742,-26746,,-27996,13.757831800692138,-6.7218400741900535,,Legacy
2007-01-03,398484,106770,35488,177919,223175,,,48683,74709,71282,-45256,,-26026,17.88829664428183,-11.357043193704138,,Legacy
2007-01-09,391999,104630,38494,177355,215736,,,47391,75146,66136,-38381,,-27755,16.871471610896965,-9.791096405858179,,Legacy
2007-01-16,416414,114828,42095,180928,229381,,,57460,81740,72733,-48453,,-24280,17.46651169269045,-11.635775934526697,,Legacy
2007-01-23,430593,129173,41205,179818,242292,,,57720,83214,87968,-62474,,-25494,20.429500711809062,-14.508828522525913,,Legacy
2007-01-30,441976,128492,36451,181540,249565,,,60906,84922,92041,-68025,,-24016,20.82488641917208,-15.391107209441238,,Legacy
2007-02-06,461503,143740,36050,185742,266713,,,63031,89750,107690,-80971,,-26719,23.33462621044717,-17.545064712472076,,Legacy
2007-02-13,475776,146228,43064,188052,264309,,,66645,93552,103164,-76257,,-26907,21.683313155770783,-16.027920702179177,,Legacy
2007-02-20,496764,148612,44055,198667,278835,,,66385,90774,104557,-80168,,-24389,21.047620197920942,-16.13804543002311,,Legacy
2007-02-27,488437,148520,37137,193322,282787,,,63635,85553,111383,-89465,,-21918,22.80396448262519,-18.316589447564375,,Legacy
2007-03-06,464840,125674,38553,200605,269173,,,68435,86988,87121,-68568,,-18553,18.742147835814475,-14.75088202392221,,Legacy
2007-03-13,462504,128566,32500,198227,275743,,,69240,87790,96066,-77516,,-18550,20.77084738726584,-16.760071264248523,,Legacy
2007-03-20,474073,133426,32495,200525,281212,,,69349,89593,100931,-80687,,-20244,21.290181048066437,-17.019952623330163,,Legacy
2007-03-27,480346,137387,33276,207041,290287,,,66659,87524,104111,-83246,,-20865,21.674168203753126,-17.330424319136622,,Legacy
2007-04-03,489702,139928,33549,213527,298710,,,63377,84573,106379,-85183,,-21196,21.723211259092263,-17.394864631959845,,Legacy
2007-04-10,483434,133054,37912,215542,284830,,,60356,86210,95142,-69288,,-25854,19.68045276087325,-14.332463169739821,,Legacy
2007-04-17,482956,121395,36714,220029,276415,,,54263,82558,84681,-56386,,-28295,17.533895427326712,-11.675183660623329,,Legacy
2007-04-24,444969,99572,37469,213530,243933,,,50642,82342,62103,-30403,,-31700,13.956702601754278,-6.83261081109021,,Legacy
2007-05-01,429319,110728,35293,203126,243984,,,45256,79833,75435,-40858,,-34577,17.570850579638915,-9.51693263051484,,Legacy
2007-05-08,428623,111780,35859,200807,242501,,,47327,81554,75921,-41694,,-34227,17.71276856351619,-9.727429465987592,,Legacy
2007-05-15,454835,131515,32862,203915,272755,,,50150,79963,98653,-68840,,-29813,21.689843569646136,-15.135158903778292,,Legacy
2007-05-22,486231,155525,36973,209030,298612,,,49200,78170,118552,-89582,,-28970,24.381826744901087,-18.423753318895752,,Legacy
2007-05-29,513389,170560,46462,215528,313080,,,54133,80679,124098,-97552,,-26546,24.172313781557456,-19.001575803143425,,Legacy
2007-06-05,551445,189374,46309,218708,337033,,,60194,84934,143065,-118325,,-24740,25.943657119023655,-21.457262283636627,,Legacy
2007-06-12,555547,187530,48316,212692,333024,,,63205,82087,139214,-120332,,-18882,25.05890590715097,-21.660093565440906,,Legacy
2007-06-19,564214,189883,47349,214578,334033,,,61296,84375,142534,-119455,,-23079,25.262400436713726,-21.17193121758765,,Legacy
2007-06-26,537815,163198,38491,217232,321817,,,55189,75311,124707,-104585,,-20122,23.187713247120293,-19.446277995221408,,Legacy
2007-07-03,532745,169342,41749,218427,324194,,,58878,80704,127593,-105767,,-21826,23.950107462294344,-19.853213075674102,,Legacy
2007-07-10,543396,182802,43809,220145,338149,,,57768,78757,138993,-118004,,-20989,25.578583574409823,-21.71602293723178,,Legacy
2007-07-17,554480,177627,42818,234610,346794,,,59989,82614,134809,-112184,,-22625,24.312689366613764,-20.232289712884143,,Legacy
2007-07-24,528766,163521,44879,237922,329502,,,53286,80348,118642,-91580,,-27062,22.43752434914499,-17.319570471626392,,Legacy
2007-07-31,509020,152196,48017,233010,315729,,,54671,76131,104179,-82719,,-21460,20.466582845467762,-16.250638481788535,,Legacy
2007-08-07,497711,148100,44311,237110,318428,,,53820,76291,103789,-81318,,-22471,20.853266252905804,-16.33839718230057,,Legacy
2007-08-14,502421,155375,45798,233364,320961,,,53165,75145,109577,-87597,,-21980,21.809796963104645,-17.4349798276744,,Legacy
2007-08-21,487792,139380,43261,234679,299521,,,50371,81648,96119,-64842,,-31277,19.704915209761538,-13.292960934168663,,Legacy
2007-08-28,489777,140143,38992,234285,303617,,,50003,81822,101151,-69332,,-31819,20.652460201275275,-14.155830102271032,,Legacy
2007-09-04,495206,145569,42971,236088,308786,,,50172,80072,102598,-72698,,-29900,20.718246547901277,-14.680355246099602,,Legacy
2007-09-11,501872,148492,45319,244381,316073,,,48405,79886,103173,-71692,,-31481,20.55763222494979,-14.284917269742087,,Legacy
2007-09-18,528123,157295,49553,255798,331569,,,54100,86071,107742,-75771,,-31971,20.400929328963137,-14.347225930323049,,Legacy
2007-09-25,553678,166909,43353,259757,347836,,,53910,89387,123556,-88079,,-35477,22.315497455199594,-15.907982618055982,,Legacy
2007-10-02,570934,172281,44282,259126,346144,,,49454,90435,127999,-87018,,-40981,22.41922884256324,-15.241341380965226,,Legacy
2007-10-09,570647,171442,40333,261247,349169,,,56781,99968,131109,-87922,,-43187,22.97549973976907,-15.407423503496908,,Legacy
2007-10-16,577823,170486,42892,267630,354001,,,60302,101525,127594,-86371,,-41223,22.081848593773525,-14.947656981463181,,Legacy
2007-10-23,585945,171299,45440,278326,364656,,,55129,94658,125859,-86330,,-39529,21.47966106033843,-14.733464744984598,,Legacy
2007-10-30,575413,162640,26534,275776,374859,,,53363,90386,136106,-99083,,-37023,23.653619226538154,-17.219458024062718,,Legacy
2007-11-06,573768,172087,26402,272478,382401,,,57234,92996,145685,-109923,,-35762,25.390924554872353,-19.15809177228427,,Legacy
2007-11-13,587804,175016,25929,286183,396540,,,59519,98249,149087,-110357,,-38730,25.363386434934093,-18.774455430721808,,Legacy
2007-11-20,603146,185043,32137,287873,396897,,,55529,99411,152906,-109024,,-43882,25.351407453585033,-18.07588875661946,,Legacy
2007-11-27,591839,176566,36473,273342,375551,,,62366,100250,140093,-102209,,-37884,23.67079560488579,-17.26973045034207,,Legacy
2007-12-04,588929,178459,34868,261773,364687,,,63653,104330,143591,-102914,,-40677,24.3817166415646,-17.474772001378774,,Legacy
2007-12-11,584420,184032,28754,251587,367120,,,75737,115482,155278,-115533,,-39745,26.569590363095035,-19.768830635501867,,Legacy
2007-12-18,586724,183434,38312,255380,363594,,,70755,107663,145122,-108214,,-36908,24.734287331010833,-18.44376572289526,,Legacy
2007-12-24,574967,179981,30225,251442,368333,,,68525,101390,149756,-116891,,-32865,26.046016553993535,-20.330036332519956,,Legacy
2007-12-31,555441,178748,30133,244908,360846,,,61714,94391,148615,-115938,,-32677,26.756217131972615,-20.873144042301522,,Legacy
2008-01-08,562878,182026,36883,251409,368000,,,66245,94797,145143,-116591,,-28552,25.785871894087176,-20.71336950458181,,Legacy
2008-01-15,568671,188930,40897,250235,369082,,,70957,100143,148033,-118847,,-29186,26.03139600929184,-20.89907872917733,,Legacy
2008-01-22,564184,183141,38011,249679,358469,,,67303,103643,145130,-108790,,-36340,25.723877316620108,-19.282716276959288,,Legacy
2008-01-29,570217,182690,34701,255180,363297,,,62270,102142,147989,-108117,,-39872,25.953102064652576,-18.960676374082148,,Legacy
2008-02-05,596086,194232,40039,252103,369404,,,71644,108536,154193,-117301,,-36892,25.867576155118556,-19.678536318584904,,Legacy
2008-02-12,596447,197116,44754,255864,369817,,,66143,104552,152362,-113953,,-38409,25.544935258287826,-19.105301896061174,,Legacy
2008-02-19,616048,201702,48956,266005,384516,,,69013,103248,152746,-118511,,-34235,24.79449653273771,-19.237299690933174,,Legacy
2008-02-26,594443,189976,44719,263404,378270,,,66866,97257,145257,-114866,,-30391,24.43581638609589,-19.323299290259957,,Legacy
2008-03-04,567980,175782,48801,266667,364795,,,66952,95805,126981,-98128,,-28853,22.356597063276876,-17.276664671291243,,Legacy
2008-03-11,552030,165821,50025,266110,352951,,,61938,90893,115796,-86841,,-28955,20.976396210350888,-15.73121026031194,,Legacy
2008-03-18,539598,166454,50661,272122,359357,,,40738,69296,115793,-87235,,-28558,21.459123273251567,-16.166664813435187,,Legacy
2008-03-25,527444,165236,50477,261149,341015,,,35793,70686,114759,-79866,,-34893,21.757570471936358,-15.142081434237568,,Legacy
2008-04-01,512579,155130,50367,234942,303372,,,54412,90745,104763,-68430,,-36333,20.43841046941057,-13.35013724713654,,Legacy
2008-04-08,497185,155570,39448,219957,301700,,,54440,88819,116122,-81743,,-34379,23.35589368142643,-16.44116375192333,,Legacy
2008-04-15,518020,156938,37142,230538,314644,,,55592,91282,119796,-84106,,-35690,23.12574804061619,-16.23605266205938,,Legacy
2008-04-22,524833,164082,37744,234131,324454,,,51993,88008,126338,-90323,,-36015,24.072038153088695,-17.20985532540827,,Legacy
2008-04-29,476613,149941,41426,219683,292503,,,46554,82249,108515,-72820,,-35695,22.76794799973983,-15.278643259835547,,Legacy
2008-05-06,457916,146317,38464,213994,287856,,,47435,81426,107853,-73862,,-33991,23.55300972230715,-16.130032582395025,,Legacy
2008-05-13,456423,144657,32470,211775,292751,,,50863,82074,112187,-80976,,-31211,24.579611456916062,-17.741437219421456,,Legacy
2008-05-20,455553,148977,32216,205893,288592,,,46882,80944,116761,-82699,,-34062,25.63060719608915,-18.153540861326782,,Legacy
2008-05-27,459932,147460,32734,204170,285146,,,49108,82858,114726,-80976,,-33750,24.94412217458233,-17.60608089891549,,Legacy
2008-06-03,470984,153734,32332,205338,289869,,,46760,83631,121402,-84531,,-36871,25.776247176124876,-17.947743447760434,,Legacy
2008-06-10,489586,166026,39423,201278,300962,,,54583,81502,126603,-99684,,-26919,25.859195320127622,-20.36087633224806,,Legacy
2008-06-17,503179,170109,42403,203573,302981,,,55379,83677,127706,-99408,,-28298,25.379835009012698,-19.755991406636607,,Legacy
2008-06-24,476188,149602,29564,206919,297749,,,53368,82576,120038,-90830,,-29208,25.208111082177627,-19.07439918687577,,Legacy
2008-07-01,479364,157366,32924,196682,298897,,,55771,77998,124442,-102215,,-22227,25.959813419447435,-21.323044700895352,,Legacy
2008-07-08,472456,149633,33335,200484,291115,,,56097,81764,116298,-90631,,-25667,24.615625582064784,-19.182950369981544,,Legacy
2008-07-15,459324,153194,37359,192021,282135,,,56728,82449,115835,-90114,,-25721,25.218582090202123,-19.618831151866654,,Legacy
2008-07-22,431191,141798,37636,184026,258411,,,45823,75600,104162,-74385,,-29777,24.156812178361793,-17.251055796619134,,Legacy
2008-07-29,398492,123526,36827,175295,234958,,,47501,74537,86699,-59663,,-27036,21.75677303433946,-14.972195175812814,,Legacy
2008-08-05,393411,124220,38749,176751,228821,,,42428,75829,85471,-52070,,-33401,21.725625363805282,-13.23552213842521,,Legacy
2008-08-12,392492,119663,42730,176609,220444,,,41350,74448,76933,-43835,,-33098,19.60116384537774,-11.168380502022972,,Legacy
2008-08-19,390464,119378,45527,175250,218262,,,41711,72550,73851,-43012,,-30839,18.913651450581874,-11.015612194722177,,Legacy
2008-08-26,382481,110965,45042,170738,208953,,,45968,73676,65923,-38215,,-27708,17.23562739064163,-9.991345975355639,,Legacy
2008-09-02,370781,108913,40848,167145,205503,,,44115,73822,68065,-38358,,-29707,18.357197375270037,-10.345190287528219,,Legacy
2008-09-09,376479,102432,48497,175638,197662,,,42232,74143,53935,-22024,,-31911,14.326164274766986,-5.849994289190101,,Legacy
2008-09-16,374393,94377,43651,179259,199434,,,45070,75621,50726,-20175,,-30551,13.54886442855502,-5.388722545560413,,Legacy
2008-09-23,355159,93993,40417,170294,193148,,,42864,73586,53576,-22854,,-30722,15.085074572233845,-6.434864384684043,,Legacy
2008-09-30,357108,88696,39748,169618,186570,,,43212,75208,48948,-16952,,-31996,13.706777781511475,-4.747023309475005,,Legacy
2008-10-07,358347,87244,36497,169812,186786,,,43180,76953,50747,-16974,,-33773,14.161413378652535,-4.7367495751324835,,Legacy
2008-10-14,367209,77251,36914,180714,192215,,,43699,72535,40337,-11501,,-28836,10.98475255236119,-3.1320038452216585,,Legacy
2008-10-21,360818,63461,39518,201174,200923,,,39946,64140,23943,251,,-24194,6.635755422401321,0.06956415699881935,,Legacy
2008-10-28,322020,51074,30277,179218,176943,,,44646,67718,20797,2275,,-23072,6.4582945158685785,0.7064778585181045,,Legacy
2008-11-04,308399,56179,27341,161808,172362,,,40984,59268,28838,-10554,,-18284,9.3508733815609,-3.4221900849224545,,Legacy
2008-11-11,316811,54783,31539,163011,166050,,,43375,63580,23244,-3039,,-20205,7.336866459813579,-0.9592469958429474,,Legacy
2008-11-18,311824,54541,29954,158826,164822,,,41705,60296,24587,-5996,,-18591,7.884896608343168,-1.9228795730925137,,Legacy
2008-11-25,315608,57802,31430,160663,168939,,,46030,64126,26372,-8276,,-18096,8.355935210767788,-2.6222402473955033,,Legacy
2008-12-02,316328,57175,35841,159469,163089,,,44545,62259,21334,-3620,,-17714,6.744265445992767,-1.1443817809362433,,Legacy
2008-12-09,316006,58676,37788,164513,165825,,,41088,60664,20888,-1312,,-19576,6.610001075928938,-0.41518199021537566,,Legacy
2008-12-16,313818,56556,35598,161368,166400,,,45109,61035,20958,-5032,,-15926,6.678393208802555,-1.6034771746681196,,Legacy
2008-12-22,298713,57850,36024,153865,160054,,,41436,57073,21826,-6189,,-15637,7.306678986184063,-2.0718884012413255,,Legacy
2008-12-30,278773,54751,28574,138610,147472,,,40285,57600,26177,-8862,,-17315,9.390077231295715,-3.178930527705337,,Legacy
2009-01-06,283833,58597,29580,138636,151773,,,41941,57821,29017,-13137,,-15880,10.223265088978378,-4.62842587014195,,Legacy
2009-01-13,285407,65182,28536,135290,151192,,,38113,58857,36646,-15902,,-20744,12.839909322476323,-5.57169235512794,,Legacy
2009-01-20,303202,65251,31937,144669,157727,,,38823,59079,33314,-13058,,-20256,10.98739454225236,-4.30669982387979,,Legacy
2009-01-27,322483,70604,30201,152483,171462,,,38372,59796,40403,-18979,,-21424,12.528722444283884,-5.885271471674476,,Legacy
2009-02-03,324725,70869,33879,150208,162308,,,40820,65710,36990,-12100,,-24890,11.391177149896066,-3.7262298868273156,,Legacy
2009-02-10,322897,72464,30676,151920,171452,,,41964,64220,41788,-19532,,-22256,12.941588184467493,-6.048987757706017,,Legacy
2009-02-17,326895,67587,34307,156846,167542,,,42402,64986,33280,-10696,,-22584,10.18063904311782,-3.2719986540020494,,Legacy
2009-02-24,294087,60089,45161,148576,142456,,,39273,60321,14928,6120,,-21048,5.076048924297912,2.0810168419549315,,Legacy
2009-03-03,282295,57012,49401,147059,130161,,,36536,61045,7611,16898,,-24509,2.696115765422696,5.985936697426451,,Legacy
2009-03-10,279743,56182,47379,145798,132359,,,40159,62401,8803,13439,,-22242,3.146816899797314,4.804052290852676,,Legacy
2009-03-17,289249,66201,49496,144941,140899,,,37895,58642,16705,4042,,-20747,5.775300865344392,1.3974119184508849,,Legacy
2009-03-24,311776,79258,45261,148199,159316,,,40623,63503,33997,-11117,,-22880,10.904303089397516,-3.5657010161141334,,Legacy
2009-03-31,316690,84467,44131,148370,162905,,,37801,63602,40336,-14535,,-25801,12.736745713473743,-4.589661814392624,,Legacy
2009-04-07,338305,98460,32809,147354,189103,,,42074,65976,65651,-41749,,-23902,19.405861574614622,-12.340639363887616,,Legacy
2009-04-14,361793,109037,32034,152795,207224,,,44990,67564,77003,-54429,,-22574,21.283717484860126,-15.044238003499238,,Legacy
2009-04-21,379420,123265,32940,159009,223355,,,41751,67730,90325,-64346,,-25979,23.806072426334932,-16.9590427494597,,Legacy
2009-04-28,373874,118925,25196,157365,228071,,,46037,69060,93729,-70706,,-23023,25.069675880109344,-18.911718921347834,,Legacy
2009-05-05,397105,135267,24794,156156,244648,,,50730,72711,110473,-88492,,-21981,27.819594313846462,-22.284282494554336,,Legacy
2009-05-12,408703,139138,22323,157031,252841,,,56533,77538,116815,-95810,,-21005,28.58187975131085,-23.44245087508533,,Legacy
2009-05-19,422416,146122,26692,159969,259767,,,53533,73165,119430,-99798,,-19632,28.273076777394795,-23.625525548274688,,Legacy
2009-05-26,441819,150799,25332,167043,273609,,,59123,78024,125467,-106566,,-18901,28.397828069865717,-24.11983187685455,,Legacy
2009-06-02,447013,151772,26362,171540,280169,,,58732,75513,125410,-108629,,-16781,28.055112491135603,-24.301082966267202,,Legacy
2009-06-09,460526,157798,29378,180269,292344,,,63237,79582,128420,-112075,,-16345,27.885504835774743,-24.336302402035933,,Legacy
2009-06-16,459871,154138,29978,189105,288816,,,53144,77593,124160,-99711,,-24449,26.9988757716838,-21.68238484270589,,Legacy
2009-06-23,462276,145837,24520,194062,288324,,,51583,78638,121317,-94262,,-27055,26.243413025984474,-20.390848757019615,,Legacy
2009-06-30,437046,140154,23695,181614,267912,,,47494,77655,116459,-86298,,-30161,26.646851818801682,-19.7457475872105,,Legacy
2009-07-07,428415,129551,24998,188350,263946,,,47716,76673,104553,-75596,,-28957,24.40460768180386,-17.645507276822705,,Legacy
2009-07-14,412669,119746,33661,192585,245163,,,48120,81627,86085,-52578,,-33507,20.860544407261024,-12.740961884706628,,Legacy
2009-07-21,402975,115131,31970,192060,237671,,,41317,78867,83161,-45611,,-37550,20.63676406724983,-11.31856814938892,,Legacy
2009-07-28,392027,101941,34257,195769,227056,,,43226,79623,67684,-31287,,-36397,17.26513735023353,-7.980827851142906,,Legacy
2009-08-04,396717,115785,34237,181565,232681,,,43985,74417,81548,-51116,,-30432,20.55571099801622,-12.884751598746714,,Legacy
2009-08-11,407168,127443,36696,177182,238739,,,45203,74393,90747,-61557,,-29190,22.28736049984282,-15.118329534737503,,Legacy
2009-08-18,407708,116156,42696,189248,231889,,,41423,72242,73460,-42641,,-30819,18.0177970508305,-10.458710645854385,,Legacy
2009-08-25,395788,105901,38410,185838,222928,,,42044,72445,67491,-37090,,-30401,17.05231083307225,-9.371178509707217,,Legacy
2009-09-01,407468,106343,48827,201097,227590,,,44471,75494,57516,-26493,,-31023,14.115464281857717,-6.501860268781844,,Legacy
2009-09-08,425202,103800,57764,217404,230225,,,45124,78339,46036,-12821,,-33215,10.826854059952682,-3.015272740956063,,Legacy
2009-09-15,432114,110186,62711,215963,230422,,,42511,75527,47475,-14459,,-33016,10.986684069481663,-3.346107740087106,,Legacy
2009-09-22,436080,99942,67558,227272,222974,,,41894,78576,32384,4298,,-36682,7.4261603375527425,0.985598972665566,,Legacy
2009-09-29,437758,96237,63542,225903,220513,,,40688,78773,32695,5390,,-38085,7.468738435391244,1.23127390019143,,Legacy
2009-10-06,452603,104113,73235,226727,223305,,,46165,80465,30878,3422,,-34300,6.822314478693247,0.7560709937848401,,Legacy
2009-10-13,474712,112958,52195,210485,245232,,,56018,82034,60763,-34747,,-26016,12.799971351050743,-7.319595881292236,,Legacy
2009-10-20,477120,124214,54082,204423,252570,,,60216,82201,70132,-48147,,-21985,14.699027498323272,-10.091172032193159,,Legacy
2009-10-27,451029,112953,38488,193395,244009,,,62420,86271,74465,-50614,,-23851,16.510024854277663,-11.221894822727585,,Legacy
2009-11-03,430745,124277,32805,185175,251291,,,48692,74048,91472,-66116,,-25356,21.235765940405578,-15.349220536512323,,Legacy
2009-11-09,422618,115156,37682,197426,245072,,,50451,80279,77474,-47646,,-29828,18.33192149884766,-11.27401104543583,,Legacy
2009-11-17,443987,129122,38011,198033,259361,,,59898,89681,91111,-61328,,-29783,20.521096338406306,-13.813017047796444,,Legacy
2009-11-24,467225,141666,30256,204176,284111,,,55160,86635,111410,-79935,,-31475,23.845042538391567,-17.10845952164375,,Legacy
2009-12-01,478986,145732,29440,210540,298723,,,58043,86152,116292,-88183,,-28109,24.278788941639213,-18.410350198126878,,Legacy
2009-12-08,482172,151235,34318,210643,294042,,,57922,91440,116917,-83399,,-33518,24.24798619579735,-17.296524891532485,,Legacy
2009-12-15,487238,154200,34733,214456,295953,,,55481,93451,119467,-81497,,-37970,24.51922879578358,-16.72632265956268,,Legacy
2009-12-22,457655,126422,35303,214761,264433,,,48492,89939,91119,-49672,,-41447,19.90997585517475,-10.85359058679573,,Legacy
2009-12-29,423295,111706,36056,202975,240082,,,45209,83752,75650,-37107,,-38543,17.871697043433066,-8.766226863062403,,Legacy
2015-01-06,609763,121157,64899,206130,248071,94099.0,7614.0,68355,92204,56258,-41941,86485.0,-23849,9.226207559330428,-6.878246138253714,14.183379444144691,Disaggregated
2015-01-13,618995,111750,77949,222581,239955,91341.0,7338.0,72974,93629,33801,-17374,84003.0,-20655,5.460625691645328,-2.8068078094330327,13.570868908472605,Disaggregated
2015-01-20,648949,101185,85483,237719,231561,90831.0,8595.0,80008,103450,15702,6158,82236.0,-23442,2.4196046222430425,0.9489189443238221,12.672182251609913,Disaggregated
2015-01-27,682972,89486,95273,273810,243229,92586.0,8809.0,75016,102712,-5787,30581,83777.0,-27696,-0.8473260982880704,4.477635979220231,12.26653508489367,Disaggregated
2015-02-03,708274,102226,90679,275191,261762,93936.0,7991.0,71697,109486,11547,13429,85945.0,-37789,1.6303012675885322,1.896017642889616,12.134428201515233,Disaggregated
2015-02-10,726768,90146,97900,279939,256998,95999.0,6406.0,70671,104030,-7754,22941,89593.0,-33359,-1.0669154393148845,3.156578165246681,12.32759284943751,Disaggregated
2015-02-17,702704,93014,84163,261350,257742,98717.0,6826.0,72192,109648,8851,3608,91891.0,-37456,1.2595630592681983,0.5134452059473121,13.076772012113208,Disaggregated
2015-02-24,677947,101549,78215,236151,250325,98081.0,5815.0,74670,111070,23334,-14174,92266.0,-36400,3.4418619744611307,-2.0907239061460556,13.609618450999857,Disaggregated
2015-03-03,671988,99816,78031,218491,245853,103866.0,5685.0,93102,110176,21785,-27362,98181.0,-17074,3.2418733667863115,-4.071798901170854,14.610528759442133,Disaggregated
2015-03-10,678241,84788,81382,243008,260141,103308.0,5446.0,92566,104365,3406,-17133,97862.0,-11799,0.5021813780057531,-2.5260932323466143,14.428794484556374,Disaggregated
2015-03-17,716017,80507,94847,263521,277208,101586.0,5825.0,101939,98124,-14340,-13687,95761.0,3815,-2.0027457448635997,-1.9115467928834093,13.374123798736623,Disaggregated
2015-03-24,728285,82536,95806,261763,291504,110092.0,5097.0,102654,97960,-13270,-29741,104995.0,4694,-1.822088880040094,-4.083703495197622,14.416746191394852,Disaggregated
2015-03-31,763912,85022,106956,274182,301309,111689.0,4955.0,103504,95856,-21934,-27127,106734.0,7648,-2.871273130936548,-3.551063473279645,13.972028191728892,Disaggregated
2015-04-07,753955,77695,102638,272032,306402,112680.0,5718.0,106559,92654,-24943,-34370,106962.0,13905,-3.308287629898336,-4.558627504294023,14.186788336173908,Disaggregated
2015-04-14,794398,69960,126724,295330,308716,115979.0,4751.0,110491,90942,-56764,-13386,111228.0,19549,-7.145536620182829,-1.6850495595406836,14.001545824637022,Disaggregated
2015-04-21,749699,75942,103560,260347,297769,114701.0,4408.0,107917,91047,-27618,-37422,110293.0,16870,-3.6838784632232406,-4.991603296789778,14.711637603891695,Disaggregated
2015-04-28,692811,80110,102024,235474,277026,112646.0,3508.0,106424,88394,-21914,-41552,109138.0,18030,-3.1630560138334984,-5.997595303769715,15.752925401011241,Disaggregated
2015-05-05,688679,84620,100328,228534,274572,118359.0,3646.0,107010,92245,-15708,-46038,114713.0,14765,-2.2808884836041177,-6.684972243962717,16.6569620970002,Disaggregated
2015-05-12,693980,80444,118929,232697,274707,119732.0,3278.0,118130,87069,-38485,-42010,116454.0,31061,-5.5455488630796275,-6.053488573157728,16.78059886452059,Disaggregated
2015-05-19,692395,66485,142086,240677,245449,118837.0,3092.0,114991,85241,-75601,-4772,115745.0,29750,-10.918767466547274,-0.6892019728623112,16.716614071447655,Disaggregated
2015-05-26,710533,67245,157174,243962,237825,117389.0,3069.0,113283,78308,-89929,6137,114320.0,34975,-12.656555008704734,0.8637178005806908,16.089330122598106,Disaggregated
2015-06-02,748391,73142,156035,255287,265985,126352.0,4103.0,113170,79106,-82893,-10698,122249.0,34064,-11.076162059672017,-1.4294666825229059,16.33491049464785,Disaggregated
2015-06-09,744119,70751,148247,249429,276145,128786.0,5453.0,109730,70315,-77496,-26716,123333.0,39415,-10.414463278050958,-3.5902859623259182,16.574365121707686,Disaggregated
2015-06-16,737549,81604,140178,231287,276550,127197.0,5263.0,111911,73249,-58574,-45263,121934.0,38662,-7.941709635563196,-6.136948189205056,16.532325309911613,Disaggregated
2015-06-23,701538,90440,85655,200943,303582,127448.0,5390.0,101826,76393,4785,-102639,122058.0,25433,0.6820728171531691,-14.63056883590055,17.39862986751965,Disaggregated
2015-06-30,665965,110319,54429,186104,355367,134202.0,5816.0,82325,58099,55890,-169263,128386.0,24226,8.392332930409257,-25.41620055108001,19.27819029528579,Disaggregated
2015-07-07,665404,113848,50614,179358,369280,133004.0,4669.0,79288,43929,63234,-189922,128335.0,35359,9.503098869258375,-28.54235922837855,19.286779159728525,Disaggregated
2015-07-14,676444,114017,40508,190577,383695,121661.0,5257.0,83200,49663,73509,-193118,116404.0,33537,10.86697494545003,-28.54900036070983,17.208224184115757,Disaggregated
2015-07-21,679722,117221,34842,188287,387890,119510.0,4311.0,83954,52412,82379,-199603,115199.0,31542,12.119513565840153,-29.365387614348222,16.947958135826116,Disaggregated
2015-07-28,634083,104990,34290,184285,347131,109177.0,3015.0,70899,49628,70700,-162846,106162.0,21271,11.149959863298653,-25.682126787818,16.742603097701718,Disaggregated
2015-08-04,642573,98758,38213,193532,349837,107419.0,4804.0,77408,50150,60545,-156305,102615.0,27258,9.422275756995703,-24.3248627004247,15.969391804510927,Disaggregated
2015-08-11,648712,100159,33895,191805,371962,109100.0,6650.0,82032,43913,66264,-180157,102450.0,38119,10.214702364069108,-27.771491817632477,15.792832566685988,Disaggregated
2015-08-18,658363,83655,51235,213381,351854,104535.0,5309.0,88844,53688,32420,-138473,99226.0,35156,4.924335055281053,-21.032925604871476,15.071624620460142,Disaggregated
2015-08-25,655907,72565,53969,223678,329748,101559.0,7088.0,88551,60236,18596,-106070,94471.0,28315,2.835158033074811,-16.171499923007378,14.403108977339777,Disaggregated
2015-09-01,656453,71519,74504,223010,316665,101615.0,6890.0,91658,57957,-2985,-93655,94725.0,33701,-0.4547164838914591,-14.266824890738562,14.42982208931942,Disaggregated
2015-09-08,654678,72456,76442,216765,317930,101177.0,6368.0,97820,59009,-3986,-101165,94809.0,38811,-0.6088489303138336,-15.45263473035599,14.48177577373915,Disaggregated
2015-09-15,669738,73608,85784,221876,316745,99640.0,6686.0,99521,60288,-12176,-94869,92954.0,39233,-1.8180243617653469,-14.165091423810505,13.879158715796327,Disaggregated
2015-09-22,688550,72258,99574,232743,318366,100690.0,6306.0,100585,55717,-27316,-85623,94384.0,44868,-3.967177401786363,-12.435262508169341,13.707646503521895,Disaggregated
2015-09-29,699001,68925,86004,233596,342458,100471.0,7516.0,107690,50694,-17079,-108862,92955.0,56996,-2.443344143999794,-15.573940523690238,13.298264237104096,Disaggregated
2015-10-06,704546,72736,80963,232487,353067,103918.0,6432.0,102860,50945,-8227,-120580,97486.0,51915,-1.1677023217788476,-17.11456739517363,13.836711868352102,Disaggregated
2015-10-13,733840,88446,78724,223958,360426,101441.0,8624.0,104160,50749,9722,-136468,92817.0,53411,1.3248119481085796,-18.59642428867328,12.648124931865256,Disaggregated
2015-10-20,733699,78684,66755,251446,369743,83038.0,8893.0,107245,55034,11929,-118297,74145.0,52211,1.625871099728908,-16.123369392625587,10.105642777215179,Disaggregated
2015-10-27,657291,75343,71688,236318,328408,89938.0,8716.0,66410,46262,3655,-92090,81222.0,20148,0.5560702945879374,-14.010537189768307,12.357083848706282,Disaggregated
2015-11-03,637483,64006,83809,238522,308080,87045.0,8723.0,67573,46527,-19803,-69558,78322.0,21046,-3.106435779463923,-10.911349792857221,12.28613155174334,Disaggregated
2015-11-10,668620,63234,112164,260882,297052,85283.0,8612.0,69929,49944,-48930,-36170,76671.0,19985,-7.318058089796894,-5.409649726301936,11.467051538990756,Disaggregated
2015-11-17,679275,58904,105874,260901,301137,85094.0,7958.0,72736,52852,-46970,-40236,77136.0,19884,-6.9147252585477155,-5.923374185712708,11.355636524235397,Disaggregated
2015-11-24,692979,55768,105952,268591,304465,87497.0,7935.0,73133,59008,-50184,-35874,79562.0,14125,-7.241777889373272,-5.176780248752126,11.4811559946261,Disaggregated
2015-12-01,688485,66721,96493,252859,309084,99073.0,8450.0,66535,62971,-29772,-56225,90623.0,3564,-4.324277217368571,-8.166481477446858,13.162668758215501,Disaggregated
2015-12-08,698467,77525,85737,259209,328529,96847.0,6752.0,60298,62866,-8212,-69320,90095.0,-2568,-1.1757176788595596,-9.92459199933569,12.898963014716514,Disaggregated
2015-12-15,692992,68305,91256,260964,310902,91214.0,6954.0,60006,63242,-22951,-49938,84260.0,-3236,-3.3118708441078684,-7.20614379386775,12.158870520871814,Disaggregated
2015-12-22,680534,62878,92363,263322,310923,93777.0,5398.0,59682,64678,-29485,-47601,88379.0,-4996,-4.332627025247819,-6.9946541980268435,12.986713375084861,Disaggregated
2015-12-29,646657,53186,109641,255949,274080,93335.0,4351.0,58328,62156,-56455,-18131,88984.0,-3828,-8.730285143437712,-2.803804799143905,13.760618071094877,Disaggregated
2016-01-05,658069,55531,125289,257802,253315,94193.0,4203.0,62185,71342,-69758,4487,89990.0,-9157,-10.60040816388555,0.6818433933219769,13.674857803664967,Disaggregated
2016-01-12,671806,67091,112276,252684,274555,101136.0,4333.0,59579,79892,-45185,-21871,96803.0,-20313,-6.725900036617714,-3.255552942367291,14.409368180695022,Disaggregated
2016-01-19,665786,70235,87061,244382,291904,102527.0,5219.0,63145,85413,-16826,-47522,97308.0,-22268,-2.527238482034768,-7.137728939929647,14.6155070848591,Disaggregated
2016-01-26,685068,68513,89706,259407,305264,104284.0,4982.0,66208,85519,-21193,-45857,99302.0,-19311,-3.0935615150612787,-6.693788061915022,14.49520339586727,Disaggregated
2016-02-02,715617,80874,96663,262366,313880,108272.0,5090.0,67559,92297,-15789,-51514,103182.0,-24738,-2.206347808953672,-7.198543354895147,14.418606601017025,Disaggregated
2016-02-09,736229,65511,120853,279113,299087,109040.0,4848.0,69384,84581,-55342,-19974,104192.0,-15197,-7.516954643188464,-2.7130145647617794,14.152118430542671,Disaggregated
2016-02-16,746016,77622,110694,272891,310764,109751.0,5065.0,66710,89219,-33072,-37873,104686.0,-22509,-4.433148886887144,-5.07670076781195,14.032674902414962,Disaggregated
2016-02-23,713828,82684,95126,250343,302065,101835.0,5236.0,67015,83950,-12442,-51722,96599.0,-16935,-1.74299691242148,-7.245723059336423,13.532531646278937,Disaggregated
2016-03-01,701548,58003,127930,249441,263690,103007.0,4900.0,76020,84084,-69927,-14249,98107.0,-8064,-9.967528950264274,-2.031079840581115,13.984360300364337,Disaggregated
2016-03-08,696854,66138,106256,248794,289242,102927.0,6681.0,72913,75087,-40118,-40448,96246.0,-2174,-5.757016534309913,-5.804372221440933,13.811501404885384,Disaggregated
2016-03-15,710513,102438,78923,229901,326194,110132.0,8848.0,71985,82039,23515,-96293,101284.0,-10054,3.3095805425094262,-13.552602133951103,14.25505233542525,Disaggregated
2016-03-22,749752,125456,72603,219647,350737,119497.0,12064.0,76915,84503,52853,-131090,107433.0,-7588,7.049397667495386,-17.48444819086845,14.329138168354335,Disaggregated
2016-03-29,763700,139667,69512,204358,359253,127377.0,13028.0,75893,77190,70155,-154895,114349.0,-1297,9.18619876915019,-20.282178866046877,14.973026057352362,Disaggregated
2016-04-05,772217,139732,69454,207421,358339,136284.0,10708.0,75295,84513,70278,-150918,125576.0,-9218,9.100809746483177,-19.543470293971772,16.2617502593183,Disaggregated
2016-04-12,840936,159592,65574,238476,405154,137673.0,12567.0,81219,92040,94018,-166678,125106.0,-10821,11.180161153761999,-19.82053331050163,14.876994206455663,Disaggregated
2016-04-19,895583,178900,49016,248724,459544,136580.0,13494.0,90310,87483,129884,-210820,123086.0,2827,14.502731740106722,-23.53997340280019,13.743673115724617,Disaggregated
2016-04-26,807402,181961,32882,197540,437186,125802.0,13275.0,88208,56207,149079,-239646,112527.0,32001,18.46403650226281,-29.681125387353514,13.936923614259067,Disaggregated
2016-05-03,794400,192263,31271,181528,435967,127311.0,12450.0,89182,56650,160992,-254439,114861.0,32532,20.265861027190333,-32.02907854984895,14.458836858006041,Disaggregated
2016-05-10,834128,215951,23421,183707,473881,129803.0,12680.0,98789,61803,192530,-290174,117123.0,36986,23.08158939635164,-34.787706443135825,14.041370149425509,Disaggregated
2016-05-17,856259,205228,17721,210169,495053,122079.0,12202.0,96137,57642,187507,-284884,109877.0,38495,21.898397564288373,-33.27077438018169,12.83221548620219,Disaggregated
2016-05-24,869742,193910,13354,235328,517502,117325.0,11086.0,111728,67707,180556,-282174,106239.0,44021,20.759719549015685,-32.44341425388219,12.215001690156392,Disaggregated
2016-05-31,885635,200896,14910,240428,525781,112475.0,11319.0,112581,64878,185986,-285353,101156.0,47703,21.00029922033343,-32.22015841740672,11.421861150473953,Disaggregated
2016-06-07,872273,196159,15060,230862,533508,113585.0,10520.0,125901,64823,181099,-302646,103065.0,61078,20.761733998415632,-34.69624761972456,11.815681558411185,Disaggregated
2016-06-14,882500,195597,17371,222608,541801,117553.0,5724.0,127558,58676,178226,-319193,111829.0,68882,20.19558073654391,-36.16917847025496,12.671841359773369,Disaggregated
2016-06-21,865099,188907,13452,222934,532660,113634.0,7087.0,128159,61131,175455,-309726,106547.0,67028,20.28149379435186,-35.80237637542062,12.316162658840202,Disaggregated
2016-06-28,781072,176956,10353,194138,497989,101457.0,6251.0,134096,48625,166603,-303851,95206.0,85471,21.330043837187866,-38.901791384148964,12.189145174836636,Disaggregated
2016-07-05,758851,161792,19755,194036,472688,101748.0,4557.0,135414,49217,142037,-278652,97191.0,86197,18.717376665511413,-36.72025206529345,12.807652622188018,Disaggregated
2016-07-12,766037,148582,19769,203274,472793,99705.0,5611.0,143416,56123,128813,-269519,94094.0,87293,16.8155063006095,-35.183548575329915,12.283218695702688,Disaggregated
2016-07-19,771578,140945,27669,214586,471893,95796.0,3794.0,150317,61447,113276,-257307,92002.0,88870,14.681082145939877,-33.348151450663444,11.923875486340979,Disaggregated
2016-07-26,702484,128722,19026,198477,427349,87880.0,4045.0,124782,53007,109696,-228872,83835.0,71775,15.61544462222627,-32.58038617249645,11.934079637400995,Disaggregated
2016-08-02,682021,120374,23353,200430,407105,86585.0,7818.0,124220,56540,97021,-206675,78767.0,67680,14.22551505012309,-30.303319106009933,11.549057873584538,Disaggregated
2016-08-09,674104,118622,19197,191331,401779,87781.0,8867.0,125612,54990,99425,-210448,78914.0,70622,14.74920783736634,-31.218921709409823,11.706502260778752,Disaggregated
2016-08-16,670757,111003,22493,197245,399908,87491.0,7953.0,118731,50321,88510,-202663,79538.0,68410,13.19553877186522,-30.21407156391957,11.857945574925047,Disaggregated
2016-08-23,669874,134135,20689,182297,405334,88412.0,8074.0,114850,48917,113446,-223037,80338.0,65933,16.93542367669144,-33.295365994201894,11.993001668970582,Disaggregated
2016-08-30,632779,117387,24123,186929,369603,87767.0,8634.0,100125,46843,93264,-182674,79133.0,53282,14.738795061150892,-28.86853071925585,12.505629927668268,Disaggregated
2016-09-06,628449,104750,27203,186937,355163,87715.0,8935.0,102673,48132,77547,-168226,78780.0,54541,12.339426110949338,-26.768441034992495,12.535623415742567,Disaggregated
2016-09-13,625277,102602,29716,186430,340368,87157.0,9967.0,96861,50795,72886,-153938,77190.0,46066,11.65659379762889,-24.619168784394756,12.344928727587932,Disaggregated
2016-09-20,650105,110243,23461,192281,356962,86606.0,10356.0,93339,54905,86782,-164681,76250.0,38434,13.348920558986624,-25.331446458648987,11.728874566416195,Disaggregated
2016-09-27,645605,95210,40598,193614,330921,91498.0,9774.0,93717,49859,54612,-137307,81724.0,43858,8.459042293662533,-21.267957961911694,12.658514106922963,Disaggregated
2016-10-04,651042,100243,38252,190216,342974,92810.0,7758.0,89683,46734,61991,-152758,85052.0,42949,9.521812724831886,-23.463616786628204,13.06398051124198,Disaggregated
2016-10-11,652265,95771,26982,182441,349493,96172.0,8118.0,95225,45179,68789,-167052,88054.0,50046,10.546173717737423,-25.611062988202647,13.499727871340635,Disaggregated
2016-10-18,687868,112057,23785,190684,377072,92943.0,7257.0,100967,49466,88272,-186388,85686.0,51501,12.832694644902801,-27.09647781260358,12.456750423046282,Disaggregated
2016-10-25,639067,119324,19858,163250,361442,119737.0,3092.0,74635,49124,99466,-198192,116645.0,25511,15.564252261499966,-31.012710717342628,18.25238981202284,Disaggregated
2016-11-01,615146,133244,21436,143329,358206,123784.0,1811.0,76682,48853,111808,-214877,121973.0,27829,18.175847684939836,-34.931057017358484,19.82830092368316,Disaggregated
2016-11-08,620641,144227,19106,139611,369344,125894.0,3157.0,76377,48827,125121,-229733,122737.0,27550,20.159963650483938,-37.01544048814049,19.77584465093347,Disaggregated
2016-11-15,617685,124841,28088,151460,354833,134904.0,2596.0,72278,49691,96753,-203373,132308.0,22587,15.663809223147721,-32.925034605017125,21.41997943935825,Disaggregated
2016-11-22,668531,145457,29813,159037,379580,136671.0,3974.0,81266,56665,115644,-220543,132697.0,24601,17.2982255123547,-32.989195714185286,19.849042153617408,Disaggregated
2016-11-29,721091,171058,33687,166752,413537,144865.0,3957.0,89149,62347,137371,-246785,140908.0,26802,19.050438848910886,-34.223835826546164,19.54094559493878,Disaggregated
2016-12-06,736998,159782,35024,178851,414040,144460.0,4180.0,88205,57528,124758,-235189,140280.0,30677,16.927861405322673,-31.911755527152042,19.03397295515049,Disaggregated
2016-12-13,742646,155222,33363,192565,410717,131245.0,3742.0,85360,55225,121859,-218152,127503.0,30135,16.40876002833113,-29.374964653414953,17.168745270290287,Disaggregated
2016-12-20,716574,146628,34635,199510,395657,124953.0,4061.0,77732,53151,111993,-196147,120892.0,24581,15.628951092280769,-27.372888215313424,16.870832600680462,Disaggregated
2016-12-27,677946,135016,27723,191750,380500,121821.0,3339.0,69173,42733,107293,-188750,118482.0,26440,15.826186746437031,-27.841450499007298,17.476613181580834,Disaggregated
2017-01-03,629759,126044,27790,176731,351687,114861.0,4412.0,69359,41783,98254,-174956,110449.0,27576,15.601841339305988,-27.781421146819657,17.538296395922885,Disaggregated
2017-01-10,628625,128922,29174,177196,348947,118864.0,5313.0,67703,48349,99748,-171751,113551.0,19354,15.867647643666732,-27.321694173792004,18.063392324517796,Disaggregated
2017-01-17,682682,163971,26750,180899,387260,123601.0,5607.0,78616,61072,137221,-206361,117994.0,17544,20.100280950720833,-30.22798316053448,17.283889131396464,Disaggregated
2017-01-24,728991,210540,24437,180622,414746,124807.0,5699.0,65058,70150,186103,-234124,119108.0,-5092,25.528847406895284,-32.11617153023837,16.33874766629492,Disaggregated
2017-01-31,722216,185695,26228,191391,410217,123875.0,4596.0,66365,57383,159467,-218826,119279.0,8982,22.080236383575,-30.299245655039492,16.515696135228243,Disaggregated
2017-02-07,729898,180101,23793,190351,409882,131547.0,4967.0,65312,61087,156308,-219531,126580.0,4225,21.41504703396913,-30.076942257685317,17.342149177008295,Disaggregated
2017-02-14,772254,195440,20736,190736,427901,133665.0,5661.0,66081,64464,174704,-237165,128004.0,1617,22.622608623587574,-30.71075060796059,16.575375459369585,Disaggregated
2017-02-21,756976,184924,23329,195860,417621,130243.0,6802.0,66638,61464,161595,-221761,123441.0,5174,21.347440341569616,-29.295644776056307,16.307122022362663,Disaggregated
2017-02-28,684523,163164,33474,167806,372828,129481.0,5324.0,67906,49404,129690,-205022,124157.0,18502,18.94603979705576,-29.951075420402233,18.137739710718268,Disaggregated
2017-03-07,676564,160472,36407,166229,367885,133054.0,4580.0,67665,48351,124065,-201656,128474.0,19314,18.337511307134285,-29.805901585068078,18.9891865366765,Disaggregated
2017-03-14,676014,138945,45401,203365,350383,118829.0,7534.0,62087,50153,93544,-147018,111295.0,11934,13.837583245317406,-21.747774454375204,16.463416438121104,Disaggregated
2017-03-21,699616,120463,59824,226936,345174,122661.0,6835.0,63231,52913,60639,-118238,115826.0,10318,8.667469011572063,-16.900413941362117,16.555653387000866,Disaggregated
2017-03-28,708598,109724,72926,249948,340316,114771.0,6907.0,58283,43416,36798,-90368,107864.0,14867,5.193071388855176,-12.753070146966264,15.222171104067469,Disaggregated
2017-04-04,741939,91210,95568,279892,334069,104310.0,7209.0,71427,44912,-4358,-54177,97101.0,26515,-0.5873798250260467,-7.30208278578158,13.087464063757261,Disaggregated
2017-04-11,768817,83350,117313,295387,321151,97506.0,7569.0,79583,45566,-33963,-25764,89937.0,34017,-4.4175662088637475,-3.3511225688297737,11.698102409285955,Disaggregated
2017-04-18,771596,84774,133964,311712,320352,90511.0,8012.0,77498,40981,-49190,-8640,82499.0,36517,-6.375097849133485,-1.119756971264755,10.691994256061463,Disaggregated
2017-04-25,673587,81578,134053,280565,261723,90209.0,9703.0,52886,44148,-52475,18842,80506.0,8738,-7.790381940269037,2.7972630113110855,11.951833987294885,Disaggregated
2017-05-02,641899,84803,136286,258068,247525,92011.0,9168.0,54273,42573,-51483,10543,82843.0,11700,-8.020420658078606,1.6424702328559477,12.905924452289222,Disaggregated
2017-05-09,640178,95545,133898,251364,249510,92506.0,9148.0,52925,44459,-38353,1854,83358.0,8466,-5.9909900059046075,0.28960695306617845,13.021066016014297,Disaggregated
2017-05-16,647710,93423,132735,252092,250968,94363.0,8881.0,52619,42130,-39312,1124,85482.0,10489,-6.069382902842321,0.17353445214679408,13.197572987911258,Disaggregated
2017-05-23,666788,78255,148030,273018,254590,91793.0,8636.0,64129,42285,-69775,18428,83157.0,21844,-10.46434548912098,2.7636970071446996,12.471280226998687,Disaggregated
2017-05-30,688531,73586,167376,292178,253912,87541.0,8615.0,70999,40556,-93790,38266,78926.0,30443,-13.621754140336456,5.557629213499465,11.462955190107635,Disaggregated
2017-06-06,706764,78869,180621,296092,255634,80037.0,9199.0,77978,43108,-101752,40458,70838.0,34870,-14.39688495735493,5.724400224120075,10.022864775229072,Disaggregated
2017-06-13,700351,75600,166390,280149,257791,77246.0,9794.0,83901,39067,-90790,22358,67452.0,44834,-12.963499730849245,3.1923992398097525,9.631170655856849,Disaggregated
2017-06-20,706456,71851,168284,293790,259470,70515.0,10990.0,86143,40200,-96433,34320,59525.0,45943,-13.650248564666448,4.858052023055929,8.425860917028096,Disaggregated
2017-06-27,684964,70093,196005,292118,239241,88473.0,6923.0,67147,35775,-125912,52877,81550.0,31372,-18.382279944639425,7.719675778581064,11.905735191922496,Disaggregated
2017-07-03,658517,76394,159024,262859,248465,90904.0,13518.0,67231,44030,-82630,14394,77386.0,23201,-12.547891702112473,2.1858205634782397,11.751556907414692,Disaggregated
2017-07-11,675354,100304,93092,254875,310077,88692.0,15337.0,67608,56820,7212,-55202,73355.0,10788,1.0678843984043924,-8.173787376694296,10.861711043393539,Disaggregated
2017-07-18,652228,103654,72369,233114,315639,91117.0,14111.0,65673,56127,31285,-82525,77006.0,9546,4.79663553235985,-12.652783995780617,11.80660750535089,Disaggregated
2017-07-25,628115,94209,58256,214214,318177,95374.0,12792.0,76024,53192,35953,-103963,82582.0,22832,5.723951824108642,-16.551586890935578,13.147592399480986,Disaggregated
2017-08-01,623648,95655,69139,208767,308621,95429.0,13275.0,76468,48279,26516,-99854,82154.0,28189,4.251757401611165,-16.01127559135923,13.173136128072246,Disaggregated
2017-08-08,619352,77483,76670,222281,307220,94696.0,14037.0,81756,41157,813,-84939,80659.0,40599,0.1312662266368721,-13.71417223162273,13.023127397667238,Disaggregated
2017-08-15,647201,74701,97352,235802,304949,91070.0,18467.0,92900,36964,-22651,-69147,72603.0,55936,-3.499840080593201,-10.684006977739529,11.217998736095897,Disaggregated
2017-08-22,673527,78000,113295,245293,301734,92285.0,18277.0,94725,41392,-35295,-56441,74008.0,53333,-5.240324441336427,-8.37991646956989,10.98812668237502,Disaggregated
2017-08-29,652422,76736,109413,245875,276549,96178.0,15523.0,67360,49390,-32677,-30674,80655.0,17970,-5.00856807403797,-4.701558193929696,12.362397344050322,Disaggregated
2017-09-05,663179,83238,95767,241223,290056,96449.0,15316.0,62400,51915,-12529,-48833,81133.0,10485,-1.889233525187016,-7.363472003787816,12.23395191946669,Disaggregated
2017-09-12,667033,87260,94506,239912,292223,99619.0,15016.0,62615,51777,-7246,-52311,84603.0,10838,-1.0863030764594854,-7.842340633821715,12.683480427505087,Disaggregated
2017-09-19,662802,89333,77744,225736,297061,101332.0,15020.0,65772,57237,11589,-71325,86312.0,8535,1.7484859731865625,-10.761132283849475,13.02229021638438,Disaggregated
2017-09-26,673029,96108,71095,224783,311567,101980.0,15265.0,63915,54900,25013,-86784,86715.0,9015,3.7164817563581956,-12.894540948458388,12.88428878993327,Disaggregated
2017-10-03,695045,96167,73032,239034,326917,97247.0,14404.0,67256,52257,23135,-87883,82843.0,14999,3.3285614600493494,-12.64421728089548,11.91908437583178,Disaggregated
2017-10-10,717176,87957,62088,258764,355555,97347.0,12884.0,69617,51243,25869,-96791,84463.0,18374,3.6070643747141564,-13.496129262552008,11.77716488002945,Disaggregated
2017-10-17,744280,110613,43100,256656,386025,98027.0,10803.0,67707,53336,67513,-129369,87224.0,14371,9.070914172085773,-17.381764927177944,11.719245445262535,Disaggregated
2017-10-24,765011,98658,51424,273738,379465,98003.0,11809.0,71257,61998,47234,-105727,86194.0,9259,6.1742903043224215,-13.820324152201731,11.267027532937435,Disaggregated
2017-10-31,665457,94831,55815,217037,333807,98746.0,13614.0,70713,41857,39016,-116770,85132.0,28856,5.8630384833279985,-17.547339647790917,12.793012921946872,Disaggregated
2017-11-07,687514,97847,52794,221913,348536,102400.0,13252.0,72002,46241,45053,-126623,89148.0,25761,6.553030192839709,-18.417515861495186,12.966717768656347,Disaggregated
2017-11-14,711001,92482,75213,245421,341005,94976.0,14088.0,80578,45960,17269,-95584,80888.0,34618,2.428829214023609,-13.443581654596828,11.376636601073697,Disaggregated
2017-11-21,719935,84836,64522,255864,355817,97768.0,17267.0,76608,44679,20314,-99953,80501.0,31929,2.821643620604638,-13.88361449297506,11.181703903824651,Disaggregated
2017-11-28,733424,86557,56512,258676,365486,98661.0,17369.0,76896,44068,30045,-106810,81292.0,32828,4.096538973363293,-14.563199458975982,11.08390235389079,Disaggregated
2017-12-05,769361,106441,51556,253848,388668,99083.0,19035.0,80177,42477,54885,-134820,80048.0,37700,7.133842240508683,-17.523633248890963,10.404478521786261,Disaggregated
2017-12-12,732220,83076,70621,272159,365816,97126.0,18424.0,81356,38566,12455,-93657,78702.0,42790,1.7009915052852969,-12.790827893256127,10.748408948130344,Disaggregated
2017-12-19,758065,69068,121555,295997,337358,89848.0,19360.0,95987,33218,-52487,-41361,70488.0,62769,-6.923812601821744,-5.456128432258447,9.298411086120584,Disaggregated
2017-12-26,745186,69246,140623,286859,306722,96350.0,16534.0,87238,39192,-71377,-19863,79816.0,48046,-9.57841397986543,-2.665509013856943,10.710882920505753,Disaggregated
2018-01-02,714287,67873,155716,276361,278603,94586.0,14390.0,87962,44873,-87843,-2242,80196.0,43089,-12.297997863603847,-0.313879435017017,11.227419790644378,Disaggregated
2018-01-09,733182,69126,164834,290837,279268,99239.0,13768.0,81269,50994,-95708,11569,85471.0,30275,-13.053784735577251,1.5779165336846783,11.657542056406186,Disaggregated
2018-01-16,766686,70762,176467,298868,276500,102413.0,12805.0,80895,53838,-105705,22368,89608.0,27057,-13.787261016896096,2.9174916458628437,11.687705266562844,Disaggregated
2018-01-23,783339,73602,154820,299842,290460,109467.0,13203.0,73074,58946,-81218,9382,96264.0,14128,-10.368180315291337,1.197693463494094,12.28893237793599,Disaggregated
2018-01-30,790223,83342,106484,286892,327803,113152.0,13053.0,70944,60601,-23142,-40911,100099.0,10343,-2.9285404246649365,-5.177146197971965,12.667183820263395,Disaggregated
2018-02-06,784222,80633,93228,282073,340023,113167.0,13181.0,70167,55679,-12595,-57950,99986.0,14488,-1.6060503275858111,-7.389489200762029,12.749706078125836,Disaggregated
2018-02-13,757288,94855,57989,273897,381024,120181.0,12028.0,72157,57860,36866,-107127,108153.0,14297,4.868161122320702,-14.146137268780173,14.281620730818394,Disaggregated
2018-02-20,804370,127468,34887,271749,434334,125530.0,12968.0,81428,67143,92581,-162585,112562.0,14285,11.509752974377463,-20.212713054937403,13.99380881932444,Disaggregated
2018-02-27,772367,160203,20357,231781,442159,122529.0,12726.0,78041,62530,139846,-210378,109803.0,15511,18.10615937760158,-27.23808759307428,14.216428200583401,Disaggregated
2018-03-06,819234,188512,10681,221435,477898,142031.0,18018.0,84462,67416,177831,-256463,124013.0,17046,21.706984817524663,-31.30521926580196,15.137677391319206,Disaggregated
2018-03-13,849743,209152,8378,226003,491597,147484.0,19362.0,82143,81535,200774,-265594,128122.0,608,23.627614466962363,-31.255803225210443,15.077735268192855,Disaggregated
2018-03-20,851441,196461,12221,239171,494446,146597.0,21490.0,82864,69284,184240,-255275,125107.0,13580,21.638610308876363,-29.981525437464253,14.693560681245089,Disaggregated
2018-03-27,872794,183493,10482,259540,505453,145050.0,21631.0,89529,69740,173011,-245913,123419.0,19789,19.82266147567467,-28.175377007632957,14.140679243899475,Disaggregated
2018-04-03,906217,184893,12464,259471,533718,155604.0,22051.0,99158,61126,172429,-274247,133553.0,38032,19.027341133525415,-30.2628399158259,14.737419403961743,Disaggregated
2018-04-10,936447,180851,11312,276117,557537,158375.0,22791.0,101291,60565,169539,-281420,135584.0,40726,18.1044949687489,-30.051887613500817,14.478555647036085,Disaggregated
2018-04-17,970469,195145,6982,287591,585045,159883.0,20109.0,94485,58291,188163,-297454,139774.0,36194,19.388872802737644,-30.65054113011338,14.402726928938483,Disaggregated
2018-04-24,906318,180681,10766,269504,544472,161164.0,15943.0,79256,56149,169915,-274968,145221.0,23107,18.747834645234896,-30.339020079045103,16.0231839155793,Disaggregated
2018-05-01,847595,187160,8878,226073,520796,160315.0,12976.0,83686,58808,178282,-294723,147339.0,24878,21.0338664102549,-34.77167751107545,17.383184185843476,Disaggregated
2018-05-08,852051,148614,26149,244376,514548,163428.0,10224.0,99071,48889,122465,-270172,153204.0,50182,14.372965937484963,-31.708430598637875,17.980613836495703,Disaggregated
2018-05-15,878836,140492,39420,258649,516804,165656.0,10863.0,104707,50131,101072,-258155,154793.0,54576,11.500666791073648,-29.374650105366644,17.613411375956378,Disaggregated
2018-05-22,897471,129399,34603,266694,515893,164119.0,8856.0,102130,53456,94796,-249199,155263.0,48674,10.562569709773353,-27.766802492782496,17.300057606318198,Disaggregated
2018-05-29,910312,131910,28320,265299,515947,162604.0,9516.0,106029,59386,103590,-250648,153088.0,46643,11.379614901264622,-27.534295933701852,16.817091282988688,Disaggregated
2018-06-05,912593,109869,44692,257006,493998,168839.0,10583.0,115888,54116,65177,-236992,158256.0,61772,7.141957038899049,-25.96907931575193,17.341355894686895,Disaggregated
2018-06-12,923162,87605,87500,261420,458756,157739.0,10151.0,144463,52912,105,-197336,147588.0,91551,0.011373951700784911,-21.37609650310563,15.98722651062327,Disaggregated
2018-06-19,917545,87683,114720,277906,438872,150750.0,12476.0,136982,51766,-27037,-160966,138274.0,85216,-2.946667465900855,-17.543117776239857,15.069996566925873,Disaggregated
2018-06-26,838292,77622,130278,279133,373427,134810.0,11518.0,95467,41526,-52656,-94294,123292.0,53941,-6.281343493675235,-11.248347831066024,14.707524347124867,Disaggregated
2018-07-03,803511,72724,136886,248977,333087,130021.0,11248.0,101306,41873,-64162,-84110,118773.0,59433,-7.98520493185532,-10.467809401489214,14.781751587719397,Disaggregated
2018-07-10,831732,77363,140906,252800,345110,129241.0,14354.0,109432,40742,-63543,-92310,114887.0,68690,-7.639840717923561,-11.098526929347434,13.812983028186965,Disaggregated
2018-07-17,857941,75154,147163,270186,356644,128867.0,17223.0,112913,39754,-72009,-86458,111644.0,73159,-8.393234499808262,-10.077382943582368,13.01301604655798,Disaggregated
2018-07-24,860280,81975,155334,264280,341268,130411.0,18918.0,104230,41685,-73359,-76988,111493.0,62545,-8.527339935834846,-8.94917933696006,12.960082763751338,Disaggregated
2018-07-31,804573,83014,149573,222763,307828,134306.0,16217.0,94534,42058,-66559,-85065,118089.0,52476,-8.272586825558403,-10.572688867262512,14.677226305133281,Disaggregated
2018-08-07,789827,76334,139400,237133,310364,133060.0,15813.0,90588,46200,-63066,-73231,117247.0,44388,-7.984786541862965,-9.271777237293737,14.844643194015905,Disaggregated
2018-08-14,800037,77154,139388,255122,311298,135494.0,16952.0,78023,51550,-62234,-56176,118542.0,26473,-7.778890226327033,-7.021675247519803,14.817064710757128,Disaggregated
2018-08-21,789943,78911,120938,256199,323121,133458.0,18483.0,76227,52004,-42027,-66922,114975.0,24223,-5.320257284386342,-8.47175049339003,14.554847628246595,Disaggregated
2018-08-28,801315,75059,136308,273659,314241,136066.0,22471.0,74406,53722,-61249,-40582,113595.0,20684,-7.643560896775925,-5.064425350829574,14.176073079874957,Disaggregated
2018-09-04,808144,78159,147958,277871,306447,134375.0,19200.0,75354,61212,-69799,-28576,115175.0,14142,-8.636950840444277,-3.5360034845275097,14.251791759884377,Disaggregated
2018-09-11,826269,77326,156221,294544,309269,132459.0,21209.0,76703,64360,-78895,-14725,111250.0,12343,-9.548343215103072,-1.7821072798325968,13.464138192283626,Disaggregated
2018-09-18,868535,83287,165504,306808,314824,131097.0,23994.0,79816,67125,-82217,-8016,107103.0,12691,-9.466170044960768,-0.922933445399437,12.331454690945097,Disaggregated
2018-09-25,865196,89562,149688,305097,328643,128076.0,21664.0,72039,66774,-60126,-23546,106412.0,5265,-6.949407995413756,-2.721464269367866,12.299178452050171,Disaggregated
2018-10-02,861752,91548,134426,296297,338860,129854.0,17980.0,70756,66905,-42878,-42563,111874.0,3851,-4.975677457087422,-4.939124017118615,12.982157279588561,Disaggregated
2018-10-09,847629,87990,127681,283926,321944,126252.0,17051.0,68096,69699,-39691,-38018,109201.0,-1603,-4.682591086430502,-4.485216999418378,12.883112776934249,Disaggregated
2018-10-16,856882,87564,118676,288313,339896,128749.0,14188.0,67336,65998,-31112,-51583,114561.0,1338,-3.630838318461585,-6.019848707289919,13.36951879021849,Disaggregated
2018-10-23,840910,85486,124765,287145,325840,124748.0,18100.0,69427,61687,-39279,-38695,106648.0,7740,-4.671011166474415,-4.601562592905305,12.682451154106861,Disaggregated
2018-10-30,758346,74062,143977,264293,271269,118698.0,13101.0,61185,55485,-69915,-6976,105597.0,5700,-9.219406445079159,-0.919896722604194,13.924646533376587,Disaggregated
2018-11-06,749701,74952,113818,252369,291597,120020.0,12595.0,60556,55703,-38866,-39228,107425.0,4853,-5.184200101106975,-5.232486017759079,14.329045846277383,Disaggregated
2018-11-13,747077,74434,123919,264356,291324,119486.0,15532.0,60713,53186,-49485,-26968,103954.0,7527,-6.6238152158345125,-3.6098019347403283,13.914763806140465,Disaggregated
2018-11-20,736279,73778,126957,262966,292352,117752.0,14888.0,61751,50919,-53179,-29386,102864.0,10832,-7.222669667340777,-3.991150093918202,13.970790963751512,Disaggregated
2018-11-27,740891,73241,132544,268142,298470,118168.0,15837.0,65814,46357,-59303,-30328,102331.0,19457,-8.004281331531898,-4.093449643739768,13.811883259480814,Disaggregated
2018-12-04,741450,88963,101539,250456,325059,113374.0,16592.0,65923,44396,-12576,-74603,96782.0,21527,-1.6961359498280395,-10.061770854406905,13.053071683862703,Disaggregated
2018-12-11,739226,84880,85563,261739,325559,112694.0,18316.0,59929,53315,-683,-63820,94378.0,6614,-0.09239393636046352,-8.633354346302754,12.767137519513652,Disaggregated
2018-12-18,738470,88020,74854,265086,334434,109922.0,21664.0,57137,55772,13166,-69348,88258.0,1365,1.782875404552656,-9.390767397456905,11.951467222771406,Disaggregated
2018-12-24,701165,74614,77853,262347,329066,105377.0,7906.0,54702,47353,-3239,-66719,97471.0,7349,-0.4619454764570393,-9.515449287970734,13.901292848330993,Disaggregated
2018-12-31,665638,68802,83097,240584,301144,104891.0,6906.0,58405,46204,-14295,-60560,97985.0,12201,-2.1475636907748656,-9.098038273055325,14.72046367545122,Disaggregated
2019-01-08,673773,81299,76585,240270,313024,103941.0,6059.0,55141,49081,4714,-72754,97882.0,6060,0.6996421643491205,-10.7979987325108,14.527444703186385,Disaggregated
2019-01-15,684787,68349,85047,249103,307826,104365.0,6050.0,59231,46640,-16698,-58723,98315.0,12591,-2.4384224583702667,-8.575367230978392,14.357019043877878,Disaggregated
2019-01-22,696118,66095,81389,254570,303691,105026.0,6412.0,55147,51690,-15294,-49121,98614.0,3457,-2.1970413062153256,-7.056418595697855,14.166276407160854,Disaggregated
2019-01-29,691916,75594,70933,247842,314422,104095.0,7617.0,53971,50060,4661,-66580,96478.0,3911,0.6736366842217841,-9.622555339087404,13.943600090184358,Disaggregated
2019-02-05,740350,82242,70562,266871,331450,104741.0,8159.0,52880,57668,11680,-64579,96582.0,-4788,1.5776322009860202,-8.722766259201729,13.045451475653408,Disaggregated
2019-02-12,731689,75108,77236,283045,327500,101427.0,8468.0,50705,53899,-2128,-44455,92959.0,-3194,-0.2908339472098118,-6.075668760907981,12.70471470802486,Disaggregated
2019-02-19,727412,65993,103890,283237,299965,95868.0,8652.0,54562,44984,-37897,-16728,87216.0,9578,-5.2098398156752985,-2.299659615183692,11.989903933396755,Disaggregated
2019-02-26,650974,70733,103141,239604,264982,98700.0,9306.0,52223,42787,-32408,-25378,89394.0,9436,-4.9783862335515705,-3.8984659909612365,13.732345685081123,Disaggregated
2019-03-05,658689,69493,116249,233218,249555,93044.0,8216.0,53586,37761,-46756,-16337,84828.0,15825,-7.098342313292008,-2.4802296683260234,12.87830827598457,Disaggregated
2019-03-12,694573,64923,153973,273427,249047,87460.0,8561.0,59840,36757,-89050,24380,78899.0,23083,-12.820826608578221,3.5100702158016506,11.359353156543662,Disaggregated
2019-03-19,689476,71955,134159,265002,266966,87397.0,9228.0,55592,33868,-62204,-1964,78169.0,21724,-9.021923895828136,-0.28485400507051734,11.33745046963201,Disaggregated
2019-03-26,711711,79563,127263,270837,287260,89817.0,9792.0,55598,35409,-47700,-16423,80025.0,20189,-6.702158600892778,-2.3075377505757255,11.244030231372005,Disaggregated
2019-04-02,737102,81122,150275,281306,284112,88855.0,9789.0,63642,38529,-69153,-2806,79066.0,25113,-9.381740925950547,-0.3806800144349086,10.726602288421413,Disaggregated
2019-04-09,767938,77057,147791,287153,299757,90934.0,10209.0,68051,35960,-70734,-12604,80725.0,32091,-9.210899838268194,-1.6412783323653732,10.511916326578447,Disaggregated
2019-04-16,787124,72985,165729,301929,294472,89923.0,9073.0,70299,34461,-92744,7457,80850.0,35838,-11.782641616822763,0.9473729679186508,10.27157093418572,Disaggregated
2019-04-23,811336,63440,197384,330554,293056,86207.0,9164.0,79483,32039,-133944,37498,77043.0,47444,-16.509066527308043,4.621759665539308,9.49581924135007,Disaggregated
2019-04-30,727156,59360,207396,287768,236106,100927.0,7310.0,66262,36561,-148036,51662,93617.0,29701,-20.35821749390777,7.104665298780455,12.874403841816612,Disaggregated
2019-05-07,752910,60617,223645,292040,246920,101437.0,7531.0,77915,32398,-163028,45120,93906.0,45517,-21.6530528217184,5.992748137227557,12.472407060604853,Disaggregated
2019-05-14,757088,59587,230728,283609,239870,107489.0,8563.0,79616,31870,-171141,43739,98926.0,47746,-22.60516611014836,5.777267635994758,13.06664482860645,Disaggregated
2019-05-21,771522,62145,220143,285841,263077,105471.0,9190.0,87801,29744,-157998,22764,96281.0,58057,-20.478742019022143,2.9505315467348954,12.479358981338185,Disaggregated
2019-05-28,778621,64252,192389,276732,280120,105134.0,9610.0,80352,29198,-128137,-3388,95524.0,51154,-16.456915495472124,-0.43512825880627415,12.268356491797679,Disaggregated
2019-06-04,771623,67402,158222,275594,292009,99835.0,11950.0,72353,29426,-90820,-16415,87885.0,42927,-11.76999648792221,-2.127334203360968,11.389629391555202,Disaggregated
2019-06-11,757333,67825,156714,270135,285237,98902.0,12010.0,72607,31387,-88889,-15102,86892.0,41220,-11.737109039220528,-1.9941029903622318,11.47342054287876,Disaggregated
2019-06-18,777993,74092,128367,254419,321456,104809.0,16060.0,83141,31600,-54275,-67037,88749.0,51541,-6.976283848312261,-8.616658504639501,11.407429115686131,Disaggregated
2019-06-25,654165,65754,102618,223419,284401,92191.0,14280.0,61889,26893,-36864,-60982,77911.0,34996,-5.635275503886634,-9.322112922580693,11.909992127368477,Disaggregated
2019-07-02,648855,63061,103648,226798,289180,90495.0,10944.0,69548,25809,-40587,-62382,79551.0,43739,-6.255172573225143,-9.614166493284323,12.260212219987517,Disaggregated
2019-07-09,676785,67359,113109,226581,288988,92741.0,12170.0,71319,26807,-45750,-62407,80571.0,44512,-6.759901593563687,-9.221096803268395,11.90496243267803,Disaggregated
2019-07-16,670495,68002,110483,217209,287611,94836.0,12054.0,72906,25241,-42481,-70402,82782.0,47665,-6.3357668588132645,-10.500003728588581,12.34640079344365,Disaggregated
2019-07-23,666535,70547,113203,213662,281452,93172.0,12027.0,74185,27409,-42656,-67790,81145.0,46776,-6.399663933626891,-10.170508675463404,12.17415439549311,Disaggregated
2019-07-30,605996,71714,126874,190070,240708,90890.0,12128.0,66048,22171,-55160,-50638,78762.0,43877,-9.102370312675331,-8.356160766737734,12.997115492511501,Disaggregated
2019-08-06,633067,71331,147649,210699,240849,83469.0,10575.0,74624,23783,-76318,-30150,72894.0,50841,-12.055280088837359,-4.762529084599261,11.514421064437098,Disaggregated
2019-08-13,622488,72877,140080,202305,238998,83047.0,12779.0,78843,29287,-67203,-36693,70268.0,49556,-10.79587076377376,-5.894571461618537,11.288249733328193,Disaggregated
2019-08-20,642876,73564,150384,208846,242344,83156.0,12454.0,79483,24403,-76820,-33498,70702.0,55080,-11.94942726124478,-5.210647154350139,10.997766287744447,Disaggregated
2019-08-27,644246,73400,148951,205225,233392,83828.0,13002.0,72388,26804,-75551,-28167,70826.0,45584,-11.727042154704879,-4.37208768079274,10.993626658139902,Disaggregated
2019-09-03,642132,75721,147279,208165,244436,86001.0,12527.0,71257,24683,-71558,-36271,73474.0,46574,-11.14381466738926,-5.64852709411772,11.442195685622272,Disaggregated
2019-09-10,669501,66899,156912,227311,250356,90789.0,12581.0,68831,25445,-90013,-23045,78208.0,43386,-13.444789477536254,-3.4421158444871627,11.681535949908962,Disaggregated
2019-09-17,669738,77648,123260,216020,282263,95807.0,11531.0,66440,30624,-45612,-66243,84276.0,35816,-6.810424374904814,-9.890882703385504,12.583428146528941,Disaggregated
2019-09-24,690291,77243,120296,222283,304299,98224.0,10955.0,71028,26740,-43053,-82016,87269.0,44288,-6.236934857907752,-11.881365974639682,12.642349385983593,Disaggregated
2019-10-01,713462,88430,99247,219204,345010,106396.0,13991.0,76628,27046,-10817,-125806,92405.0,49582,-1.516128399270038,-17.633174576922105,12.951635826435046,Disaggregated
2019-10-08,711318,99108,94644,209357,353154,118285.0,15094.0,64621,27664,4464,-143797,103191.0,36957,0.6275674171045862,-20.215571657121007,14.507013740689818,Disaggregated
2019-10-15,752145,120425,72472,213310,396301,129517.0,21307.0,55339,25944,47953,-182991,108210.0,29395,6.375499405034933,-24.329218435275113,14.386853598707697,Disaggregated
2019-10-22,795241,127694,60522,226404,429474,135626.0,22006.0,52814,28530,67172,-203070,113620.0,24284,8.446747589724373,-25.535655229043776,14.287492722331974,Disaggregated
2019-10-29,714564,121711,55862,188800,408623,131753.0,13857.0,61037,24203,65849,-219823,117896.0,36834,9.215269730912837,-30.763234643782784,16.49901198493067,Disaggregated
2019-11-05,704165,116541,63038,183635,392011,136625.0,14876.0,61775,23345,53503,-208376,121749.0,38430,7.598077155212202,-29.59192802823202,17.289839739265656,Disaggregated
2019-11-12,743089,101227,75767,215570,400732,137368.0,13156.0,65721,22847,25460,-185162,124212.0,42874,3.4262383106195893,-24.917876593517065,16.715628948887684,Disaggregated
2019-11-19,765303,93397,81721,229649,408909,137209.0,13232.0,69021,20783,11676,-179260,123977.0,48238,1.5256702247345169,-23.423402234147783,16.19972742822124,Disaggregated
2019-11-26,807569,73939,118595,256457,389594,132101.0,11181.0,80495,21972,-44656,-133137,120920.0,58523,-5.529682293401555,-16.486145456301568,14.973333547969276,Disaggregated
2019-12-03,850064,63681,165399,288895,376161,125329.0,9800.0,94789,19214,-101718,-87266,115529.0,75575,-11.965922565830338,-10.265815279790697,13.590623764798886,Disaggregated
2019-12-10,862952,61099,175349,317061,383634,121194.0,12203.0,89702,18949,-114250,-66573,108991.0,70753,-13.2394385782755,-7.714565815943413,12.630018819123196,Disaggregated
2019-12-17,805804,68124,148264,282719,377136,124536.0,13763.0,80140,16995,-80140,-94417,110773.0,63145,-9.945346511062244,-11.717117313887744,13.746891303592438,Disaggregated
2019-12-24,762410,71299,105187,246474,378795,131848.0,15005.0,70394,17265,-33888,-132321,116843.0,53129,-4.444852507181175,-17.35562230296035,15.325481040385094,Disaggregated
2019-12-31,713516,76687,84211,227236,369511,137797.0,15773.0,55447,18344,-7524,-142275,122024.0,37103,-1.0544963252400787,-19.93998733034718,17.10178888770539,Disaggregated
2020-01-07,722012,77451,80302,228941,372710,139325.0,15466.0,50422,19120,-2851,-143769,123859.0,31302,-0.39486878334432113,-19.912272926211752,17.15470102989978,Disaggregated
2020-01-14,746122,79869,76684,233793,386047,140818.0,14441.0,50937,19461,3185,-152254,126377.0,31476,0.4268738892567167,-20.406046196198478,16.937846625618867,Disaggregated
2020-01-21,772676,69222,88563,249260,392564,146875.0,11971.0,55473,18488,-19341,-143304,134904.0,36985,-2.5031190304862583,-18.546454141192427,17.459323183326518,Disaggregated
2020-01-28,818168,68439,123885,273190,389193,142985.0,11044.0,66434,17284,-55446,-116003,131941.0,49150,-6.776847786762621,-14.178383901594781,16.126394579108446,Disaggregated
2020-02-04,859677,74341,161337,273956,373182,134739.0,11192.0,83158,16000,-86996,-99226,123547.0,67158,-10.119614692494972,-11.542242028110557,14.37132783591977,Disaggregated
2020-02-11,880780,76546,173958,290427,376489,124567.0,16192.0,88455,14727,-97412,-86062,108375.0,73728,-11.059742500965054,-9.771111968936625,12.304434705601853,Disaggregated
2020-02-18,860488,74892,170867,287563,387072,123187.0,12628.0,93919,13808,-95975,-99509,110559.0,80111,-11.153554727085096,-11.564251912868047,12.848406950474613,Disaggregated
2020-02-25,812537,84976,160712,273565,357706,123551.0,10899.0,63272,18094,-75736,-84141,112652.0,45178,-9.320929385369528,-10.355343818189203,13.864230182748601,Disaggregated
2020-03-03,787023,86040,121028,253099,386379,124905.0,8043.0,63042,16676,-34988,-133280,116862.0,46366,-4.445613406469697,-16.934702035391595,14.848613064675364,Disaggregated
2020-03-10,810750,80983,108518,257395,405807,122584.0,7868.0,74289,15286,-27535,-148412,114716.0,59003,-3.3962380511871726,-18.305519580635217,14.14936786925686,Disaggregated
2020-03-17,790660,68222,101338,268929,407118,113145.0,7537.0,81943,15211,-33116,-138189,105608.0,66732,-4.188399564920446,-17.477676877545342,13.356942301368477,Disaggregated
2020-03-24,769458,64547,69262,262187,428289,112668.0,10068.0,81654,16592,-4715,-166102,102600.0,65062,-0.6127689880409327,-21.586883234692472,13.334061118345641,Disaggregated
2020-03-31,793202,72965,50059,274696,460735,109769.0,15297.0,85064,18559,22906,-186039,94472.0,66505,2.8877889869163216,-23.45417686793528,11.910206983845224,Disaggregated
2020-04-07,821968,72766,55759,287109,477066,112222.0,19979.0,91588,15494,17007,-189957,92243.0,76094,2.069058649485138,-23.11002374788313,11.222213030190957,Disaggregated
2020-04-14,837282,74504,63057,289542,484054,112841.0,20171.0,102630,17153,11447,-194512,92670.0,85477,1.367161840335753,-23.231360521305845,11.067955599188805,Disaggregated
2020-04-21,844117,75162,80030,287383,472128,114380.0,19471.0,106663,18773,-4868,-184745,94909.0,87890,-0.5766973061791197,-21.88618402425256,11.243583531666818,Disaggregated
2020-04-28,814337,76635,70257,270826,468122,124807.0,15854.0,90043,19792,6378,-197296,108953.0,70251,0.7832138291640931,-24.227807406515975,13.379350318111543,Disaggregated
2020-05-05,802711,80601,71115,260914,460486,122993.0,16394.0,92535,19238,9486,-199572,106599.0,73297,1.181745360409911,-24.86224805689719,13.27987283094414,Disaggregated
2020-05-12,849557,94166,63129,277705,501383,123658.0,17701.0,94096,21906,31037,-223678,105957.0,72190,3.6533157869336605,-26.328780764563177,12.472029540101488,Disaggregated
2020-05-19,861248,89101,77116,282992,495720,125289.0,17125.0,97642,22026,11985,-212728,108164.0,75616,1.391585234450472,-24.699970275692948,12.558984171806495,Disaggregated
2020-05-26,872254,88348,81334,292737,494973,124183.0,16810.0,93754,21909,7014,-202236,107373.0,71845,0.8041235695107158,-23.185448275387674,12.309831769186498,Disaggregated
2020-06-02,875645,88069,80935,290821,492502,132707.0,17284.0,90864,26162,7134,-201681,115423.0,64702,0.8147137253110565,-23.032279062862234,13.181483363691907,Disaggregated
2020-06-09,871756,90891,71759,277181,488834,135423.0,17789.0,96396,31419,19132,-211653,117634.0,64977,2.194650796782586,-24.278926672142205,13.493913434493138,Disaggregated
2020-06-16,887070,88850,68971,290531,507391,133343.0,18671.0,98645,28322,19879,-216860,114672.0,70323,2.240973091187843,-24.446774211730755,12.92705198011431,Disaggregated
2020-06-23,862796,97017,53989,266646,495028,127591.0,16405.0,98137,33151,43028,-228382,111186.0,64986,4.987042128150803,-26.46998827069203,12.886707866054085,Disaggregated
2020-06-30,811476,112444,49078,235956,478300,130695.0,15643.0,91112,31607,63366,-242344,115052.0,59505,7.808733714860329,-29.86459242171056,14.178114941168932,Disaggregated
2020-07-07,840495,125810,35192,236313,507997,135647.0,16382.0,92325,32434,90618,-271684,119265.0,59891,10.781503756714793,-32.324285093903,14.189852408402192,Disaggregated
2020-07-14,818767,103498,39820,240369,489046,137804.0,16438.0,95617,31601,63678,-248677,121366.0,64016,7.777304165898234,-30.372132731289852,14.823020468582637,Disaggregated
2020-07-21,837841,115676,42567,253298,494532,140871.0,17928.0,84290,35900,73109,-241234,122943.0,48390,8.72587997006592,-28.792336493439684,14.67378655377333,Disaggregated
2020-07-28,833537,112609,53417,244089,481209,147818.0,18113.0,88682,34831,59192,-237120,129705.0,53851,7.101304441194572,-28.447447443844727,15.560796941227565,Disaggregated
2020-08-04,835308,98475,54824,260145,483235,159130.0,17719.0,86510,38210,43651,-223090,141411.0,48300,5.225737093383518,-26.707513875121514,16.929204556882013,Disaggregated
2020-08-11,833360,88553,60281,278499,487572,158960.0,16729.0,88940,38923,28272,-209073,142231.0,50017,3.3925314389939523,-25.08795718537007,17.067173850436788,Disaggregated
2020-08-18,839582,134121,27727,241798,517119,158902.0,17610.0,71567,39381,106394,-275321,141292.0,32186,12.672258338077757,-32.792627760004386,16.828850547057943,Disaggregated
2020-08-25,843945,135560,31284,247708,527004,153993.0,18367.0,66957,27981,104276,-279296,135626.0,38976,12.35578147865086,-33.094099733987406,16.07047852644426,Disaggregated
2020-09-01,871449,180079,22930,230692,554020,155360.0,20170.0,68384,33524,157149,-323328,135190.0,34860,18.03306906084005,-37.10234333850862,15.513242886273321,Disaggregated
2020-09-08,891905,191087,19819,250931,565236,153176.0,21197.0,63331,42170,171268,-314305,131979.0,21161,19.202493539110108,-35.23973965837169,14.79742797719488,Disaggregated
2020-09-15,939247,208096,18123,255694,594233,162545.0,19805.0,64086,43924,189973,-338539,142740.0,20162,20.226096010953455,-36.04366050676766,15.197280374597948,Disaggregated
2020-09-22,974805,223846,12256,253957,605380,169656.0,19970.0,60957,53981,211590,-351423,149686.0,6976,21.705879637465955,-36.05059473433148,15.355481352680792,Disaggregated
2020-09-29,984246,234327,9425,248107,616580,169853.0,19823.0,64121,49151,224902,-368473,150030.0,14970,22.850181763502214,-37.437083818476275,15.243140434403593,Disaggregated
2020-10-06,1023352,236869,6123,263717,660698,172350.0,21713.0,73563,47026,230746,-396981,150637.0,26537,22.548057755298277,-38.79222398549082,14.719959505624653,Disaggregated
2020-10-13,1041802,230197,10818,282317,672560,178865.0,29769.0,86712,51338,219379,-390243,149096.0,35374,21.057648190347113,-37.45846139669534,14.311356668541622,Disaggregated
2020-10-20,1036264,231965,4318,288475,687932,180141.0,31690.0,85447,53222,227647,-399457,148451.0,32225,21.96805061258521,-38.54780249048505,14.325596566126006,Disaggregated
2020-10-27,969014,229110,5197,239363,659495,175864.0,24715.0,94688,37737,223913,-420132,151149.0,56951,23.107302887264787,-43.35664912994034,15.598226651008137,Disaggregated
2020-11-03,910994,211552,7276,224198,633464,180491.0,28752.0,94872,33257,204276,-409266,151739.0,61615,22.423418815052568,-44.925213557937816,16.656421447342133,Disaggregated
2020-11-10,925282,214416,2436,220260,644803,176318.0,29272.0,105411,35316,211980,-424543,147046.0,70095,22.909772372098452,-45.882552562353965,15.89201994635149,Disaggregated
2020-11-17,929300,207784,7661,224861,646382,170865.0,23843.0,112616,36396,200123,-421521,147022.0,76220,21.534811148176047,-45.35897987732702,15.820725277090283,Disaggregated
2020-11-24,946353,204997,9986,224443,648023,167268.0,23439.0,118113,31394,195011,-423580,143829.0,86719,20.60658126513045,-44.759196621133974,15.198239980218798,Disaggregated
2020-12-01,947968,202216,12999,235646,641079,161859.0,23556.0,114337,31225,189217,-405433,138303.0,83112,19.960272920604915,-42.76863775992439,14.589416520388873,Disaggregated
2020-12-08,937033,193210,15374,245752,627797,145350.0,23639.0,116879,25747,177836,-382045,121711.0,91132,18.97862722017261,-40.77177644757442,12.988976909030953,Disaggregated
2020-12-15,938967,191284,10514,238409,621129,145660.0,24723.0,112888,26155,180770,-382720,120937.0,86733,19.25200779154113,-40.75968591015446,12.879792367569893,Disaggregated
2020-12-21,957607,193242,14890,244512,630018,146609.0,26019.0,116312,23426,178352,-385506,120590.0,92886,18.624759426361752,-40.257224519035475,12.592848632058873,Disaggregated
2020-12-29,896793,194363,14757,232957,599822,142592.0,26071.0,106312,25470,179606,-366865,116521.0,80842,20.027587191247033,-40.90854857252454,12.993076440159545,Disaggregated
2021-01-05,926263,175999,16553,258603,598635,143471.0,39806.0,109085,26963,159446,-340032,103665.0,82122,17.213901451315664,-36.71009205808717,11.191745756874667,Disaggregated
2021-01-12,935394,168507,17966,264892,587297,143663.0,48186.0,108327,28011,150541,-322405,95477.0,80316,16.093859913576523,-34.467293995899055,10.207142658601615,Disaggregated
2021-01-19,941826,157227,19731,273706,585064,135787.0,49383.0,118908,29717,137496,-311358,86404.0,89191,14.598874951424149,-33.05897267648164,9.174093728565575,Disaggregated
2021-01-26,934794,162925,14814,275689,591748,132800.0,48108.0,116222,27900,148111,-316059,84692.0,88322,15.844239479500297,-33.81055077375336,9.059964013461789,Disaggregated
2021-02-02,922823,162592,14345,263167,581671,130286.0,50407.0,118859,24884,148247,-318504,79879.0,93975,16.064510745830997,-34.51409425209385,8.655939438007072,Disaggregated
2021-02-09,916791,171311,11767,248907,582705,136635.0,49745.0,114902,25271,159544,-333798,86890.0,89631,17.402439596374748,-36.40938883562338,9.477623580510716,Disaggregated
2021-02-16,910575,161131,11498,252502,564624,133100.0,49955.0,112683,26208,149633,-312122,83145.0,86475,16.432803448370535,-34.27746204321445,9.131043571369739,Disaggregated
2021-02-23,889784,170925,11010,232564,544064,126128.0,41375.0,106359,26466,159915,-311500,84753.0,79893,17.97233935427025,-35.00849644408081,9.525120703451623,Disaggregated
2021-03-02,848466,155364,12035,219538,528177,132870.0,37909.0,106986,26653,143329,-308639,94961.0,80333,16.892721688317504,-36.37611878378155,11.192080766937037,Disaggregated
2021-03-09,866929,160226,13688,224721,535489,132965.0,38066.0,105648,27441,146538,-310768,94899.0,78207,16.90311432654808,-35.84699554404109,10.946571172495096,Disaggregated
2021-03-16,856153,160017,14815,218767,523794,130646.0,37670.0,105514,29185,145202,-305027,92976.0,76329,16.959819097754725,-35.627627304932645,10.859741191118877,Disaggregated
2021-03-23,853452,164929,13357,214315,521084,128362.0,37587.0,105816,29724,151572,-306769,90775.0,76092,17.75987401751944,-35.944493656350915,10.636216213682784,Disaggregated
2021-03-30,863609,152917,19142,229897,515144,127514.0,38273.0,108842,30938,133775,-285247,89241.0,77904,15.490227637738837,-33.0296465182739,10.333495829709973,Disaggregated
2021-04-06,870313,154809,13666,229139,525053,120343.0,48439.0,122125,29465,141143,-295914,71904.0,92660,16.21749876193967,-34.00087095102566,8.26185521760562,Disaggregated
2021-04-13,885436,147769,17456,233529,518404,118152.0,49326.0,122308,28603,130313,-284875,68826.0,93705,14.71738217104342,-32.173415131076666,7.773119683410207,Disaggregated
2021-04-20,901330,173029,12935,228647,533321,113352.0,48069.0,117924,34856,160094,-304674,65283.0,83068,17.761973971797232,-33.80271376743257,7.242963176638967,Disaggregated
2021-04-27,849061,182691,13840,202064,516104,119897.0,54321.0,119119,37337,168851,-314040,65576.0,81782,19.886792586162834,-36.98674182420344,7.723355565736738,Disaggregated
2021-05-04,806892,178114,15139,181550,497985,122256.0,46492.0,124350,39738,162975,-316435,75764.0,84612,20.19787034696093,-39.21652464022446,9.38960852257799,Disaggregated
2021-05-11,809326,181501,14373,195282,511817,122923.0,48478.0,117976,39196,167128,-316535,74445.0,78780,20.650269483496146,-39.11093922597322,9.198394713625905,Disaggregated
2021-05-18,805419,160552,15958,206986,497922,120746.0,46856.0,124180,40433,144594,-290936,73890.0,83747,17.952643282564726,-36.122316458886615,9.174106893430624,Disaggregated
2021-05-25,804827,148454,14797,211608,495861,128249.0,48442.0,126955,39557,133657,-284253,79807.0,87398,16.606922978478604,-35.318521868674885,9.91604406909808,Disaggregated
2021-06-01,807816,144226,14305,207414,495347,124438.0,49980.0,132031,37876,129921,-287933,74458.0,94155,16.08299414718203,-35.64338908860434,9.217197975776662,Disaggregated
2021-06-08,814479,145514,15629,218797,511923,120199.0,49689.0,135833,39030,129885,-293126,70510.0,96803,15.94700415848659,-35.98938708057543,8.65706789248096,Disaggregated
2021-06-15,791507,119644,17402,218792,484799,121894.0,50195.0,144223,41072,102242,-266007,71699.0,103151,12.917384179798788,-33.60766234537408,9.058542754517648,Disaggregated
2021-06-22,757801,95390,15072,228684,456509,111129.0,49251.0,143586,42956,80318,-227825,61878.0,100630,10.598824757423122,-30.063961383001608,8.165468242981996,Disaggregated
2021-06-29,676464,90898,19178,207297,401873,116447.0,39277.0,99246,36955,71720,-194576,77170.0,62291,10.602190212635113,-28.763688828969464,11.407850232976182,Disaggregated
2021-07-06,690273,98546,21245,197868,398084,116726.0,40173.0,103617,41654,77301,-200216,76553.0,61963,11.198612722792287,-29.005335570129496,11.090249799716924,Disaggregated
2021-07-13,682359,91477,14916,193892,386524,117055.0,39948.0,102829,48750,76561,-192632,77107.0,54079,11.220046925445404,-28.2303010585337,11.300063456333104,Disaggregated
2021-07-20,692028,100773,12152,195800,400553,117119.0,39905.0,98550,49492,88621,-204753,77214.0,49058,12.805984728941603,-29.587386637534895,11.157641020305537,Disaggregated
2021-07-27,667567,100165,12221,191169,385004,121297.0,39793.0,88380,50663,87944,-193835,81504.0,37717,13.173808771254421,-29.036036832258034,12.209111594791235,Disaggregated
2021-08-03,655874,93406,20403,187557,371930,122252.0,39746.0,88988,46188,73003,-184373,82506.0,42800,11.130643995645505,-28.111039620414896,12.579550340461735,Disaggregated
2021-08-10,660007,100014,13106,195430,384872,122078.0,39122.0,83121,47633,86908,-189442,82956.0,35488,13.16773913003953,-28.703028907269168,12.568957601964827,Disaggregated
2021-08-17,665803,105558,11852,204997,391619,122613.0,36584.0,76981,54283,93706,-186622,86029.0,22698,14.074133039352482,-28.029612362816025,12.921089271150777,Disaggregated
2021-08-24,684606,98968,20399,225933,398550,128871.0,36671.0,76283,53205,78569,-172617,92200.0,23078,11.476528105216723,-25.214064732123294,13.467600342386715,Disaggregated
2021-08-31,669205,93271,27454,226795,382540,132815.0,35266.0,65710,50392,65817,-155745,97549.0,15318,9.835102845914182,-23.27313752885887,14.576848648769808,Disaggregated
2021-09-07,663939,86702,32402,219453,364580,135439.0,35147.0,62146,46209,54300,-145127,100292.0,15937,8.178462178001292,-21.858483987233768,15.10560458114375,Disaggregated
2021-09-14,654989,81710,31266,221572,363850,132590.0,35914.0,61406,46095,50444,-142278,96676.0,15311,7.701503384026297,-21.722196861321336,14.759942533386056,Disaggregated
2021-09-21,660472,77859,32298,231805,364579,129717.0,36302.0,61008,45515,45561,-132774,93415.0,15493,6.89824852529706,-20.102896110660254,14.143673009605251,Disaggregated
2021-09-28,686272,83357,26215,245129,381969,130367.0,36091.0,57748,50170,57142,-136840,94276.0,7578,8.326436165252261,-19.939615779166278,13.737410239671732,Disaggregated
2021-10-05,715835,81450,34305,254582,375006,133285.0,35453.0,56097,51841,47145,-120424,97832.0,4256,6.586014933609002,-16.82287119238372,13.66683663134661,Disaggregated
2021-10-12,759101,74693,50485,288283,394825,131598.0,34721.0,59565,41783,24208,-106542,96877.0,17782,3.1890354511455,-14.035286477030064,12.76206986949036,Disaggregated
2021-10-19,750939,76997,61723,286302,388751,126415.0,33541.0,61579,33312,15274,-102449,92874.0,28267,2.0339867818824167,-13.642785898721469,12.367715620043706,Disaggregated
2021-10-26,658960,78820,54060,226088,375460,145054.0,5859.0,47229,28759,24760,-149372,139195.0,18470,3.757435959694063,-22.667840233094573,21.123436930921454,Disaggregated
2021-11-02,620172,91006,47998,202368,367252,149994.0,4995.0,44932,29184,43008,-164884,144999.0,15748,6.934850331843425,-26.586817850531787,23.380449294711788,Disaggregated
2021-11-09,644317,79061,69839,226675,360023,147222.0,4789.0,44843,26481,9222,-133348,142433.0,18362,1.4312830485615,-20.69602385161341,22.106044074578197,Disaggregated
2021-11-16,662972,87129,57590,237685,384021,146773.0,5364.0,45235,27857,29539,-146336,141409.0,17378,4.455542617184436,-22.07272705332955,21.329558412723312,Disaggregated
2021-11-23,691303,95484,45216,240271,410559,147217.0,6102.0,47537,31591,50268,-170288,141115.0,15946,7.271485875224033,-24.63290337232733,20.412901433958773,Disaggregated
2021-11-30,671433,82716,51642,240192,400039,146919.0,4052.0,46937,22694,31074,-159847,142867.0,24243,4.628012028005773,-23.80684297614207,21.27792348603658,Disaggregated
2021-12-07,672116,80371,43876,234884,399329,145624.0,3923.0,44886,21727,36495,-164445,141701.0,23159,5.429866273083813,-24.46675871426956,21.08281903719001,Disaggregated
2021-12-14,647243,78854,38403,218052,384382,143094.0,3929.0,44715,21945,40451,-166330,139165.0,22770,6.249739278756201,-25.698230803577637,21.501198158960392,Disaggregated
2021-12-21,654460,101411,27459,196247,406384,143745.0,5960.0,50597,21672,73952,-210137,137785.0,28925,11.299697460501788,-32.108455826177305,21.05323472786725,Disaggregated
2021-12-28,647225,118698,19592,187654,418157,144598.0,7174.0,49313,23134,99106,-230503,137424.0,26179,15.312449302792691,-35.61404457491599,21.232801575958902,Disaggregated
2022-01-04,648148,118780,18496,187600,423919,149123.0,4697.0,54382,24110,100284,-236319,144426.0,30272,15.472392107975338,-36.4606540481495,22.282873664656837,Disaggregated
2022-01-11,678613,126345,19067,183649,441170,158046.0,5421.0,55377,24383,107278,-257521,152625.0,30994,15.808420999892428,-37.948138335104105,22.4907274101734,Disaggregated
2022-01-18,692022,127093,28642,187980,442176,167138.0,5140.0,52568,23004,98451,-254196,161998.0,29564,14.22657083156316,-36.732358219825386,23.409371378366583,Disaggregated
2022-01-25,735966,130917,22914,197870,461525,156117.0,5261.0,66399,25530,108003,-263655,150856.0,40869,14.674998573303657,-35.824345146379045,20.4976860344092,Disaggregated
2022-02-01,796285,162619,13175,208281,510460,152379.0,5777.0,73353,29424,149444,-302179,146602.0,43929,18.76765228529986,-37.94859880570399,18.410744896613647,Disaggregated
2022-02-08,832618,175466,11130,216971,532165,145355.0,6241.0,79758,34364,164336,-315194,139114.0,45394,19.7372624661009,-37.8557753976013,16.70802216622749,Disaggregated
2022-02-15,856917,183127,10274,212742,541968,148358.0,5570.0,78539,34660,172853,-329226,142788.0,43879,20.171498523194195,-38.4198236235248,16.662990698048937,Disaggregated
2022-02-22,826824,182575,11191,195965,531508,145062.0,6274.0,91437,36357,171384,-335543,138788.0,55080,20.727990479231373,-40.582155331727186,16.785676274515495,Disaggregated
2022-03-01,758796,175639,9581,166941,497385,149458.0,8247.0,89260,36411,166058,-330444,141211.0,52849,21.88440634900553,-43.548463618680124,18.60987669940274,Disaggregated
2022-03-08,743566,168811,7141,168696,502647,152140.0,7408.0,94233,39326,161670,-333951,144732.0,54907,21.74252184742175,-44.912085813498734,19.464580144869455,Disaggregated
2022-03-15,745345,169037,7109,168115,497865,150005.0,14213.0,96912,41241,161928,-329750,135792.0,55671,21.725241331195623,-44.24125740428929,18.21867725684079,Disaggregated
2022-03-22,754382,171042,6794,174339,500725,156139.0,23399.0,94149,39761,164248,-326386,132740.0,54388,21.77252373465963,-43.26534832485399,17.59585992242657,Disaggregated
2022-03-29,755139,160523,9495,187030,495666,153270.0,23398.0,93203,37762,151028,-308636,129872.0,55441,20.000026485190144,-40.87141572611135,17.198423071778837,Disaggregated
2022-04-05,756785,165927,9116,190972,486837,147717.0,22734.0,77878,35765,156811,-295865,124983.0,42113,20.720680246040818,-39.09498734779363,16.51499435110368,Disaggregated
2022-04-12,752157,171513,6864,196448,488084,144520.0,23578.0,76252,42606,164649,-291636,120942.0,33646,21.890243659236035,-38.773288023644,16.079355772797435,Disaggregated
2022-04-19,762855,176869,5504,195027,490540,144760.0,24120.0,73697,44964,171365,-295513,120640.0,28733,22.463639879138235,-38.73776798998499,15.814276631863198,Disaggregated
2022-04-26,726717,172362,5674,181376,474442,131911.0,16637.0,76911,39793,166688,-293066,115274.0,37118,22.937126832040533,-40.327390167011366,15.86229577676042,Disaggregated
2022-05-03,700856,160502,12491,175440,456946,132169.0,16016.0,78853,36462,148011,-281506,116153.0,42391,21.118603536247104,-40.166025545903864,16.573019279281336,Disaggregated
2022-05-10,694454,143822,17271,185294,451801,133839.0,15030.0,81438,33381,126551,-266507,118809.0,48057,18.22309325023688,-38.376479939636035,17.108260590334275,Disaggregated
2022-05-17,709144,158732,16703,191123,454198,132106.0,25968.0,73179,31561,142029,-263075,106138.0,41618,20.02823121961125,-37.09754295319427,14.967058876617441,Disaggregated
2022-05-24,729900,172218,13713,193369,462448,135997.0,25965.0,63946,34083,158505,-269079,110032.0,29863,21.715988491574187,-36.865187011919446,15.074941772845596,Disaggregated
2022-05-31,753373,174663,14504,198390,473838,142257.0,25566.0,63173,37254,160159,-275448,116691.0,25919,21.25892486192099,-36.56196863970437,15.48914017359263,Disaggregated
2022-06-07,760444,168458,14804,205268,467379,140282.0,26561.0,61437,38447,153654,-262111,113721.0,22990,20.20582712204975,-34.46815281598645,14.954552866483265,Disaggregated
2022-06-14,754428,169958,11579,216690,484513,139178.0,27018.0,59972,35684,158379,-267823,112160.0,24288,20.993255817652578,-35.5001405037989,14.866892533150944,Disaggregated
2022-06-21,745494,164297,14981,219631,483855,137805.0,26549.0,61894,32831,149316,-264224,111256.0,29063,20.02913504334039,-35.44280705143167,14.923795496677371,Disaggregated
2022-06-28,653337,141235,18620,196492,409169,130903.0,24931.0,50145,35567,122615,-212677,105972.0,14578,18.76749671302865,-32.55241934866692,16.220113050385944,Disaggregated
2022-07-05,638675,130236,28539,186669,384566,128520.0,24261.0,60335,36541,101697,-197897,104259.0,23794,15.923122088699259,-30.985556033976593,16.32426508004854,Disaggregated
2022-07-12,611751,111266,20531,176546,362725,122261.0,23366.0,60344,35960,90735,-186179,98895.0,24384,14.8320149864896,-30.43378760312611,16.165891024289294,Disaggregated
2022-07-19,602987,102627,19557,184941,353525,117228.0,23071.0,56635,37112,83070,-168584,94157.0,19523,13.776416406987217,-27.958148351456995,15.615096179519625,Disaggregated
2022-07-26,583850,104602,18640,186912,335787,114997.0,23695.0,39106,39827,85962,-148875,91302.0,-721,14.723302218035455,-25.498843881133855,15.637920698809626,Disaggregated
2022-08-02,572925,111594,11551,179962,336321,115319.0,24592.0,34939,42455,100043,-156359,90727.0,-7516,17.46179691931754,-27.291355762098007,15.835755116289219,Disaggregated
2022-08-09,583208,114484,12130,185424,338807,115472.0,25060.0,34049,47502,102354,-153383,90412.0,-13453,17.55017077955035,-26.299879288349953,15.502530829481076,Disaggregated
2022-08-16,595095,113627,12125,200508,339662,112782.0,25278.0,31071,49390,101502,-139154,87504.0,-18319,17.056436367302698,-23.383493391811392,14.704206891336677,Disaggregated
2022-08-23,611218,124157,12812,206676,348953,108821.0,24903.0,33201,56710,111345,-142277,83918.0,-23509,18.216904606866944,-23.27761944183581,13.729634925673,Disaggregated
2022-08-30,605924,121245,17096,215171,352274,109494.0,25182.0,34227,54814,104149,-137103,84312.0,-20587,17.188459278721425,-22.62709514724619,13.91461635452631,Disaggregated
2022-09-06,606187,116494,16925,215054,348877,108595.0,25598.0,35364,53682,99569,-133823,82997.0,-18318,16.42545947042744,-22.076191010364788,13.69164960647457,Disaggregated
2022-09-13,643018,127643,12882,231626,372326,105495.0,26219.0,35683,58334,114761,-140700,79276.0,-22651,17.847245333723162,-21.88119150630309,12.328737298178279,Disaggregated
2022-09-20,656310,122949,15465,242997,374273,104608.0,28817.0,36840,59551,107484,-131276,75791.0,-22711,16.377016958449513,-20.002133138303545,11.548048940287364,Disaggregated
2022-09-27,699311,109716,12953,253609,378011,102701.0,28505.0,40058,56770,96763,-124402,74196.0,-16712,13.836905182386664,-17.789223964731,10.609871716589616,Disaggregated
2022-10-04,677178,94815,17454,261409,376399,100782.0,25875.0,43165,53769,77361,-114990,74907.0,-10604,11.424027360605336,-16.98076428944827,11.061641104702161,Disaggregated
2022-10-11,694960,87130,21524,286752,391767,99869.0,25468.0,42157,51994,65606,-105015,74401.0,-9837,9.440255554276506,-15.110941636928743,10.705796017036953,Disaggregated
2022-10-18,714532,87884,21135,273651,375639,97370.0,25977.0,44260,56326,66749,-101988,71393.0,-12066,9.34163900287181,-14.273398532186102,9.991574904972765,Disaggregated
2022-10-25,651685,94174,18639,242091,352341,99763.0,24814.0,32519,50669,75535,-110250,74949.0,-18150,11.590722511642895,-16.917682622739513,11.500801767725205,Disaggregated
2022-11-01,584073,116757,14460,195431,331208,97743.0,19852.0,33398,49173,102297,-135777,77891.0,-15775,17.514420286505285,-23.24658047881001,13.33583302087239,Disaggregated
2022-11-08,611011,117775,12403,207220,346630,96923.0,18479.0,34362,51925,105372,-139410,78444.0,-17563,17.2455160381728,-22.81628317657129,12.838394071465162,Disaggregated
2022-11-15,616094,112070,16491,214753,347418,102823.0,19204.0,31111,49886,95579,-132665,83619.0,-18775,15.513704077624519,-21.533240057523688,13.57244186763708,Disaggregated
2022-11-22,623227,104981,21145,212726,341376,105338.0,21127.0,32388,45985,83836,-128650,84211.0,-13597,13.451920407812883,-20.642558810834576,13.512091100032572,Disaggregated
2022-11-29,634754,121009,17813,211351,353639,103219.0,22482.0,30308,46296,103196,-142288,80737.0,-15988,16.257636816782565,-22.416243143012885,12.719415710653262,Disaggregated
2022-12-06,622200,128378,27623,205776,338645,100481.0,27494.0,32140,43234,100755,-132869,72987.0,-11094,16.19334619093539,-21.354709096753453,11.730472516875603,Disaggregated
2022-12-13,638744,142109,21657,204117,364469,105926.0,27585.0,30221,37614,120452,-160352,78341.0,-7393,18.857633104968503,-25.104267124231306,12.264851020126999,Disaggregated
2022-12-20,627125,145970,19244,200045,365240,102678.0,29164.0,31041,33073,126726,-165195,73514.0,-2032,20.207454654175802,-26.341638429340243,11.722383894757824,Disaggregated
2022-12-27,595601,148868,19624,184169,351018,97092.0,30324.0,30875,26600,129244,-166849,66768.0,4275,21.69976208904955,-28.013552697191574,11.210189371743835,Disaggregated
2023-01-03,603609,163906,21042,178397,357874,95358.0,27210.0,31414,25639,142864,-179477,68148.0,5775,23.668301831152284,-29.733983423043725,11.290090108000378,Disaggregated
2023-01-10,620659,155310,22663,191168,363944,96815.0,28205.0,32527,24846,132647,-172776,68610.0,7681,21.371961092967314,-27.837508196932614,11.05437929684416,Disaggregated
2023-01-17,651328,185361,16981,191386,390841,97483.0,28818.0,31470,30785,168380,-199455,68665.0,685,25.851798172349415,-30.622819838852315,10.542307408863124,Disaggregated
2023-01-24,667416,171256,23618,195115,385300,100681.0,28441.0,35073,27489,147638,-190185,72240.0,7584,22.12083618013353,-28.49572080980977,10.823834010572117,Disaggregated
2023-01-31,689806,193064,17832,206813,418812,103066.0,28220.0,29759,26593,175232,-211999,74846.0,3166,25.403084345453646,-30.733133663667754,10.850297040037344,Disaggregated
2023-02-07,717684,187487,21580,222715,435936,106928.0,27497.0,31649,22743,165907,-213221,79431.0,8906,23.116998567614715,-29.709593637311126,11.067684384771013,Disaggregated
2023-02-14,743026,198281,16333,222108,455219,108781.0,25443.0,36954,27016,181948,-233111,83338.0,9938,24.48743381792831,-31.373195554395135,11.216027433764095,Disaggregated
2023-02-21,731529,201091,14054,204925,436003,104786.0,23849.0,38524,32301,187037,-231078,80937.0,6223,25.56795424378254,-31.588358082864794,11.064086317835658,Disaggregated
2023-02-28,672590,159302,28773,174738,393701,120968.0,19893.0,48140,20248,130529,-218963,101075.0,27892,19.40691952006423,-32.55519707399753,15.027728631112563,Disaggregated
2023-03-07,691538,173671,19047,167477,403305,115272.0,20805.0,49081,23506,154624,-235828,94467.0,25575,22.359436502404783,-34.101958243798606,13.660420685486555,Disaggregated
2023-03-14,698188,146732,19386,189271,410998,111277.0,20031.0,60082,19434,127346,-221727,91246.0,40648,18.239499962760746,-31.75749225137069,13.068972826803096,Disaggregated
2023-03-21,696280,134040,23086,183240,414461,108921.0,19548.0,76722,15889,110954,-231221,89373.0,60833,15.935255931521802,-33.20804848624117,12.835784454529787,Disaggregated
2023-03-28,723433,124836,26432,202303,418847,107138.0,19915.0,79881,17265,98404,-216544,87223.0,62616,13.602365388363538,-29.93283413944346,12.056817977615065,Disaggregated
2023-04-04,746111,158658,13359,195635,444758,107747.0,21891.0,56091,17045,145299,-249123,85856.0,39046,19.474180115291155,-33.3895358733486,11.507134997339538,Disaggregated
2023-04-11,716906,143243,18544,192082,427071,109370.0,22892.0,71377,16730,124699,-234989,86478.0,54647,17.394051660887204,-32.77821639099129,12.06266930392548,Disaggregated
2023-04-18,683161,154308,18678,169352,403859,110015.0,24999.0,64993,23113,135630,-234507,85016.0,41880,19.85329958823762,-34.32675460103841,12.444504296937325,Disaggregated
2023-04-25,630935,115735,28603,185466,354213,113241.0,20985.0,44348,27384,87132,-168747,92256.0,16964,13.809980425875882,-26.745544311220648,14.622108458082053,Disaggregated
2023-05-02,601051,106508,51518,185743,332364,116594.0,18489.0,47426,27296,54990,-146621,98105.0,20130,9.148974047127448,-24.394102996251565,16.322242205736284,Disaggregated
2023-05-09,618744,106429,56666,204188,339266,114895.0,18385.0,43099,28587,49763,-135078,96510.0,14512,8.042583039189067,-21.830999573329198,15.5977270082619,Disaggregated
2023-05-16,642160,100504,78686,218454,322751,113456.0,20223.0,46213,29877,21818,-104297,93233.0,16336,3.3975956148000495,-16.241590880777377,14.518655786719819,Disaggregated
2023-05-23,651248,85902,85192,226456,315859,108809.0,21810.0,52785,24290,710,-89403,86999.0,28495,0.10902144805051224,-13.727950028253447,13.358812618234527,Disaggregated
2023-05-30,672482,79311,77073,238895,324014,104024.0,23067.0,52990,25414,2238,-85119,80957.0,27576,0.33279701166722675,-12.657439158222822,12.038537834469919,Disaggregated
2023-06-06,669123,84268,70316,231977,322417,98595.0,24244.0,52450,27247,13952,-90440,74351.0,25203,2.085117384994986,-13.51619956271119,11.111708908526534,Disaggregated
2023-06-13,660855,101446,51635,233623,339084,96340.0,27401.0,46991,33853,49811,-105461,68939.0,13138,7.537356908852925,-15.958266185471851,10.431789121668142,Disaggregated
2023-06-20,662469,117577,34164,233330,364869,95860.0,31955.0,44216,39097,83413,-131539,63905.0,5119,12.591230684001816,-19.85587250120383,9.646489118736122,Disaggregated
2023-06-27,622093,131435,32372,195720,359314,106467.0,23102.0,43499,40713,99063,-163594,83365.0,2786,15.924146389687715,-26.297354254106704,13.400729472924466,Disaggregated
2023-07-03,610352,126691,36498,192552,341354,101851.0,24973.0,43515,42735,90193,-148802,76878.0,780,14.777210527695495,-24.37970220462946,12.59568249141479,Disaggregated
2023-07-11,622509,124246,40002,201026,352314,98912.0,24804.0,46653,40034,84244,-151288,74108.0,6619,13.532977033263776,-24.30294180485744,11.904727481851667,Disaggregated
2023-07-18,659917,131863,36893,205687,362460,101961.0,26651.0,53295,40982,94970,-156773,75310.0,12313,14.391203742288802,-23.756472404863036,11.412041211243231,Disaggregated
2023-07-25,676643,142159,30375,212314,403180,101957.0,27967.0,55987,32789,111784,-190866,73990.0,23198,16.520380762085768,-28.207784607244886,10.934865209571369,Disaggregated
2023-08-01,639859,123434,33118,199532,379297,106037.0,21654.0,52449,29005,90316,-179765,84383.0,23444,14.114984707568388,-28.09447081310101,13.187749175990335,Disaggregated
2023-08-08,628182,102379,39402,208369,365783,112177.0,18415.0,47736,27250,62977,-157414,93762.0,20486,10.02527929803783,-25.058661343368644,14.92592910971661,Disaggregated
2023-08-15,638785,92768,43578,225744,360199,110446.0,19640.0,45331,29188,49190,-134455,90806.0,16143,7.700556525278459,-21.048553112549605,14.215424595129816,Disaggregated
2023-08-22,665704,97524,43241,235026,369734,111748.0,25188.0,45541,33691,54283,-134708,86560.0,11850,8.154224700467475,-20.235419946402605,13.002776008556355,Disaggregated
2023-08-29,698855,118276,33384,239937,398482,115828.0,30973.0,42998,35728,84892,-158545,84855.0,7270,12.147298080431563,-22.68639417332637,12.14200370606206,Disaggregated
2023-09-05,716200,114348,37871,241469,395217,117361.0,32456.0,47120,36268,76477,-153748,84905.0,10852,10.678162524434516,-21.467187936330635,11.854928790840548,Disaggregated
2023-09-12,740047,110244,42769,238861,392247,116558.0,31612.0,52517,34775,67475,-153386,84946.0,17742,9.117664148358145,-20.726521423639312,11.47846015185522,Disaggregated
2023-09-19,773220,88139,49725,258902,390203,116468.0,28932.0,56459,32183,38414,-131301,87536.0,24276,4.96805566332997,-16.98106619073485,11.320969452419751,Disaggregated
2023-09-26,777270,80290,54360,264209,384688,114350.0,25279.0,52322,31764,25930,-120479,89071.0,20558,3.3360350971991712,-15.500276609157693,11.459467109241318,Disaggregated
2023-10-03,803439,68267,65880,276258,378652,119901.0,23387.0,55533,35417,2387,-102394,96514.0,20116,0.2970978506146702,-12.744464732232316,12.0126107893692,Disaggregated
2023-10-10,821757,67247,70432,288524,392549,115639.0,21043.0,62705,36142,-3185,-104025,94596.0,26563,-0.38758416417505415,-12.658851704335952,11.511432211712222,Disaggregated
2023-10-17,842086,69982,73394,315348,420461,114227.0,21163.0,66430,35913,-3412,-105113,93064.0,30517,-0.405184268590144,-12.482454286141795,11.051602805414174,Disaggregated
2023-10-24,814726,74133,67316,310384,427133,112021.0,19755.0,61005,31368,6817,-116749,92266.0,29637,0.8367230209911062,-14.329848317102927,11.324788947449818,Disaggregated
2023-10-31,706923,79383,56260,276019,370212,113005.0,20625.0,24245,31108,23123,-94193,92380.0,-6863,3.2709361557057846,-13.324364888396614,13.067901313155748,Disaggregated
2023-11-07,722948,110041,38268,251692,396729,117316.0,21602.0,29943,38159,71773,-145037,95714.0,-8216,9.927823301260947,-20.061885502138466,13.239403110597166,Disaggregated
2023-11-14,738268,129591,34353,248954,413665,117915.0,22699.0,30867,39428,95238,-164711,95216.0,-8561,12.90019342569365,-22.310461783525763,12.897213478032368,Disaggregated
2023-11-21,745196,121835,36013,255405,408819,122647.0,23010.0,28733,40749,85822,-153414,99637.0,-12016,11.516701646278294,-20.587067026661444,13.370576331595982,Disaggregated
2023-11-28,736483,112278,41127,264157,395019,120688.0,20220.0,26110,46564,71151,-130862,100468.0,-20454,9.660915459012632,-17.768502463736432,13.641591184046339,Disaggregated
2023-12-05,715603,89877,52145,262948,372629,123461.0,16741.0,26884,44318,37732,-109681,106720.0,-17434,5.272755983415385,-15.327073810478714,14.913296897860965,Disaggregated
2023-12-12,718648,81782,50035,250111,356005,120870.0,15192.0,26078,40286,31747,-105894,105678.0,-14208,4.417600828221883,-14.73516937360154,14.705112934287717,Disaggregated
2023-12-19,693382,71506,61020,249262,339275,116106.0,15014.0,29638,38126,10486,-90013,101092.0,-8488,1.5122976944887523,-12.981733012971205,14.579553550568086,Disaggregated
2023-12-26,637033,68851,57354,230991,316485,119630.0,13420.0,28643,52066,11497,-85494,106210.0,-23423,1.8047730651316336,-13.420654816940408,16.67260565779167,Disaggregated
2024-01-02,639490,68765,77635,236596,309357,121166.0,13067.0,31045,44103,-8870,-72761,108099.0,-13058,-1.3870427997310357,-11.377973072291983,16.903939076451547,Disaggregated
2024-01-09,658250,62565,95842,246238,305027,122628.0,10219.0,36672,41444,-33277,-58789,112409.0,-4772,-5.055374097987087,-8.931105203190278,17.076946448917585,Disaggregated
2024-01-16,680005,54101,132928,265419,272476,128101.0,8605.0,31349,46190,-78827,-7057,119496.0,-14841,-11.592120646171718,-1.0377864868640672,17.572811964617905,Disaggregated
2024-01-23,726789,48552,144944,284252,281404,127269.0,6627.0,33210,42812,-96392,2848,120642.0,-9602,-13.26272136754959,0.3918606363057228,16.599315619801622,Disaggregated
2024-01-30,755093,42993,144591,307072,278047,131794.0,4997.0,34887,73866,-101598,29025,126797.0,-38979,-13.455031366997177,3.843897374230724,16.79223618812517,Disaggregated
2024-02-06,777099,44605,165768,310226,262645,128783.0,4444.0,35654,75308,-121163,47581,124339.0,-39654,-15.591707105529668,6.122900685755612,16.000406640595344,Disaggregated
2024-02-13,769700,49000,173369,314749,267879,128578.0,3810.0,37975,75357,-124369,46870,124768.0,-37382,-16.15811355073405,6.089385474860335,16.209951929323115,Disaggregated
2024-02-20,804919,53586,180260,335054,288638,129002.0,3670.0,47390,81004,-126674,46416,125332.0,-33614,-15.737484144367322,5.766542968919854,15.570759293792294,Disaggregated
2024-02-27,714761,48431,199461,295206,215120,127145.0,4281.0,43930,84132,-151030,80086,122864.0,-40202,-21.13014000484078,11.204584469493998,17.189522091999983,Disaggregated
2024-03-05,720033,53084,213374,295065,216086,132217.0,3918.0,44819,81770,-160290,78979,128299.0,-36951,-22.261479682181236,10.968802818759697,17.81848887481546,Disaggregated
2024-03-12,743055,58631,205249,306117,242320,131928.0,4394.0,40716,74511,-146618,63797,127534.0,-33795,-19.731782977034,8.585770905249275,17.163467038106198,Disaggregated
2024-03-19,773473,58310,196942,329194,276807,131979.0,3550.0,39273,68294,-138632,52387,128429.0,-29021,-17.923314711696463,6.772957814946352,16.604199500176477,Disaggregated
2024-03-26,803536,58432,181602,333169,297183,132999.0,2564.0,40056,70600,-123170,35986,130435.0,-30544,-15.328498038669084,4.478455227892715,16.232626789590014,Disaggregated
2024-04-02,823372,56757,183775,346223,307415,132861.0,2529.0,38632,69654,-127018,38808,130332.0,-31022,-15.426562963034934,4.713300913803238,15.8290541820708,Disaggregated
2024-04-09,832041,53027,179384,335552,305187,136632.0,1345.0,37938,70058,-126357,30365,135287.0,-32120,-15.18639105524848,3.649459581919641,16.25965547370863,Disaggregated
2024-04-16,867734,45859,201551,352472,305673,134270.0,1351.0,48559,64760,-155692,46799,132919.0,-16201,-17.942364826087257,5.393242629653788,15.317943056282225,Disaggregated
2024-04-23,814420,50620,189298,331932,298760,130873.0,4723.0,45810,61702,-138678,33172,126150.0,-15892,-17.027823481741606,4.073082684609906,15.489550846000835,Disaggregated
2024-04-30,722851,52791,194028,302198,258525,130662.0,5659.0,39309,60415,-141237,43673,125003.0,-21106,-19.538881456897755,6.041770710699716,17.293052095106738,Disaggregated
2024-05-07,743039,82311,112481,278671,324726,132765.0,12387.0,41013,70891,-30170,-46055,120378.0,-29878,-4.0603521484067455,-6.198194172849608,16.200764697411575,Disaggregated
2024-05-14,752796,71749,104082,293668,338419,137708.0,11353.0,40390,74032,-32333,-44751,126355.0,-33642,-4.2950547027348716,-5.944638388089203,16.784759748989103,Disaggregated
2024-05-21,784815,76100,94119,299105,367069,140773.0,12680.0,43957,70920,-18019,-67964,128093.0,-26963,-2.295955097698184,-8.659875257226226,16.32142606856393,Disaggregated
2024-05-28,803411,84788,86335,301036,385917,141240.0,11631.0,44900,69261,-1547,-84881,129609.0,-24361,-0.19255399789149016,-10.565078148046268,16.13234073220307,Disaggregated
2024-06-04,835855,76076,116877,321463,378612,138737.0,10296.0,52000,63188,-40801,-57149,128441.0,-11188,-4.8813490378115825,-6.837190661059633,15.366421209420295,Disaggregated
2024-06-11,809104,73899,135278,316749,369740,133481.0,8105.0,58727,53693,-61379,-52991,125376.0,5034,-7.586045798809547,-6.549343471296644,15.495659396072693,Disaggregated
2024-06-18,812433,69478,168745,305575,345340,134383.0,6844.0,72392,47427,-99267,-39765,127539.0,24965,-12.218484478104656,-4.8945574588919945,15.698402206705046,Disaggregated
2024-06-25,758183,70026,196378,281805,295277,139191.0,7475.0,62243,47070,-126352,-13472,131716.0,15173,-16.665105917700608,-1.7768797242881995,17.372586829301106,Disaggregated
2024-07-02,786077,62710,196476,305544,307301,138226.0,6658.0,60337,48785,-133766,-1757,131568.0,11552,-17.01690801282826,-0.2235149991667483,16.737291639368664,Disaggregated
2024-07-09,814807,60681,223484,331635,302177,137124.0,5900.0,63676,51023,-162803,29458,131224.0,12653,-19.98055981355094,3.6153346743461947,16.104918097169023,Disaggregated
2024-07-16,836293,60560,243705,340045,292533,130382.0,4484.0,74692,53050,-183145,47512,125898.0,21642,-21.89962130497326,5.681262428359438,15.054293172369015,Disaggregated
2024-07-23,834895,59309,232254,328598,303609,130374.0,6127.0,82106,47584,-172945,24989,124247.0,34522,-20.714580875439424,2.9930709849741586,14.881751597506273,Disaggregated
2024-07-30,779994,50445,220124,325843,265486,123965.0,5365.0,61133,59354,-169679,60357,118600.0,1779,-21.753885286297074,7.73813644720344,15.205245168552578,Disaggregated
2024-08-06,786832,52121,209026,333294,278657,124491.0,5917.0,59138,61361,-156905,54637,118574.0,-2223,-19.941359782011915,6.9439219553856475,15.069798889724872,Disaggregated
2024-08-13,809131,57074,211875,341770,274337,119992.0,6246.0,61248,72170,-154801,67433,113746.0,-10922,-19.13175987571852,8.334002775817513,14.057797810243336,Disaggregated
2024-08-20,816088,50775,218701,358564,276781,121899.0,6228.0,54962,65929,-167926,81783,115671.0,-10967,-20.576947584084067,10.021345737224417,14.173839095783789,Disaggregated
2024-08-27,815642,51944,219459,364231,284483,124588.0,5389.0,56828,73579,-167515,79748,119199.0,-16751,-20.537809480139572,9.77732877904767,14.614132180539993,Disaggregated
2024-09-03,828616,51555,198125,377356,314149,128247.0,6878.0,59552,75007,-146570,63207,121369.0,-15455,-17.688531237629977,7.62802069957616,14.647194840553404,Disaggregated
2024-09-10,824157,49042,169762,363485,317823,129701.0,7200.0,56722,80233,-120720,45662,122501.0,-23511,-14.647694553343598,5.540449210526635,14.863794155725182,Disaggregated
2024-09-17,846003,53287,166039,364789,328164,125558.0,6545.0,58086,79972,-112752,36625,119013.0,-21886,-13.327612313431514,4.329180865788892,14.067680611061665,Disaggregated
2024-09-24,857319,64551,140568,355577,362144,130308.0,8342.0,54395,71809,-76017,-6567,121966.0,-17414,-8.866827866873358,-0.7659925885230585,14.226443132602917,Disaggregated
2024-10-01,865375,85109,116890,354554,375485,132562.0,10783.0,44420,86336,-31781,-20931,121779.0,-41916,-3.6725119167990754,-2.418720208002311,14.072396359959555,Disaggregated
2024-10-08,882069,93918,112820,364361,401014,130942.0,10374.0,50443,82727,-18902,-36653,120568.0,-32284,-2.142916257118207,-4.15534385631963,13.668771944144959,Disaggregated
2024-10-15,948228,96792,137280,401986,432755,134154.0,9235.0,57963,82854,-40488,-30769,124919.0,-24891,-4.269859147799896,-3.244894687775514,13.173941288382117,Disaggregated
2024-10-22,942741,95543,153610,385380,409762,130173.0,7739.0,62294,82522,-58067,-24382,122434.0,-20228,-6.159379935740569,-2.586288280662451,12.987024007654277,Disaggregated
2024-10-29,834791,96177,158047,332670,346333,127909.0,7254.0,49714,79904,-61870,-13663,120655.0,-30190,-7.411435916295217,-1.6366970894511321,14.453318255707117,Disaggregated
2024-11-05,845153,99954,156326,326667,342952,131805.0,7508.0,51078,83689,-56372,-16285,124297.0,-32611,-6.670034893090364,-1.926870046015337,14.707041210289734,Disaggregated
2024-11-12,862260,109617,149318,332860,364683,136421.0,8241.0,51725,89137,-39701,-31823,128180.0,-37412,-4.604295688075522,-3.6906501519263326,14.865585786189781,Disaggregated
2024-11-19,902539,112061,160583,358409,375158,133843.0,8017.0,56073,93882,-48522,-16749,125826.0,-37809,-5.3761665700872765,-1.8557646816370263,13.941336607060748,Disaggregated
2024-11-26,909831,106652,165118,359462,362163,132070.0,6144.0,53273,100744,-58466,-2701,125926.0,-47471,-6.426028570141049,-0.29686831950109416,13.840592373748532,Disaggregated
2024-12-03,923030,109442,154902,353510,361766,129280.0,5371.0,49455,102479,-45460,-8256,123909.0,-53024,-4.925083691754331,-0.8944454676446053,13.424157394667564,Disaggregated
2024-12-10,914773,112085,142679,352337,367559,123987.0,6212.0,48861,104483,-30594,-15222,117775.0,-55622,-3.3444362699817334,-1.6640193796712408,12.874778770252293,Disaggregated
2024-12-17,916280,104530,161606,363979,353184,121039.0,6802.0,51504,103757,-57076,10795,114237.0,-52253,-6.229100275025101,1.1781333216920593,12.467477190378487,Disaggregated
2024-12-24,858415,107921,161721,337687,328013,119709.0,7098.0,51539,102657,-53800,9674,112611.0,-51118,-6.267364852664503,1.1269607357746545,13.118479989282573,Disaggregated
2024-12-31,810055,114130,139314,316989,334783,122433.0,8498.0,46973,91707,-25184,-17794,113935.0,-44734,-3.1089247026436473,-2.1966409688231043,14.065094345445681,Disaggregated
2025-01-07,806968,109641,124037,303693,342975,124259.0,9757.0,51299,86904,-14396,-39282,114502.0,-35605,-1.7839616936483231,-4.8678510176363865,14.18916239553489,Disaggregated
2025-01-14,825366,138614,80287,287900,397137,142030.0,14382.0,47433,91242,58327,-109237,127648.0,-43809,7.06680430257607,-13.234976967793683,15.465623735409503,Disaggregated
2025-01-21,853697,144412,78491,299843,426309,156268.0,14927.0,42843,90215,65921,-126466,141341.0,-47372,7.721826362280762,-14.813921098469363,16.556342589935305,Disaggregated
2025-01-28,863769,140673,67638,303795,432555,147388.0,15020.0,42040,83724,73035,-128760,132368.0,-41684,8.455385641299932,-14.906763266567797,15.324467537038258,Disaggregated
2025-02-04,890575,135908,63152,312952,450141,148419.0,16156.0,46211,81801,72756,-137189,132263.0,-35590,8.16955337843528,-15.404542009375966,14.851416219857958,Disaggregated
2025-02-11,904578,120695,78474,332956,441527,147646.0,15692.0,49667,85107,42221,-108571,131954.0,-35440,4.667480305733723,-12.002392275735204,14.587354545434444,Disaggregated
2025-02-18,902685,115099,81395,325382,417130,145828.0,16486.0,51814,91160,33704,-91748,129342.0,-39346,3.7337498684480193,-10.16389992079186,14.328586383954537,Disaggregated
2025-02-25,828710,111182,87468,298969,387299,149867.0,15489.0,49470,83734,23714,-88330,134378.0,-34264,2.8615559122008905,-10.658734659893087,16.21532260983939,Disaggregated
2025-03-04,813417,99542,124067,297819,365330,150767.0,15752.0,61812,71570,-24525,-67511,135015.0,-9758,-3.015058696830777,-8.299679008429871,16.5984974496476,Disaggregated
2025-03-11,810374,101927,109849,287040,372337,146093.0,16492.0,63831,68049,-7922,-85297,129601.0,-4218,-0.9775733179988499,-10.525633843139094,15.99273915500744,Disaggregated
2025-03-18,830437,97402,115386,278942,371976,148147.0,15645.0,69921,60214,-17984,-93034,132502.0,9707,-2.165606782934768,-11.20301720660327,15.955695615681865,Disaggregated
2025-03-25,853368,89649,123470,287691,380080,147137.0,12611.0,72064,52653,-33821,-92389,134526.0,19411,-3.9632374309793668,-10.826396115157822,15.764125207413448,Disaggregated
2025-04-01,853961,102571,106252,272034,380185,145780.0,12048.0,56082,55913,-3681,-108151,133732.0,169,-0.431050129923966,-12.66462988356611,15.660199938873088,Disaggregated
2025-04-08,868685,96941,124275,275172,369222,145469.0,12799.0,65345,54859,-27334,-94050,132670.0,10486,-3.1465951409314084,-10.826709336525898,15.272509597840415,Disaggregated
2025-04-15,815871,123563,80215,269006,416854,137405.0,16267.0,59261,52448,43348,-147848,121138.0,6813,5.313094839747951,-18.121492245710414,14.847690382425652,Disaggregated
2025-04-22,813041,136399,83154,272628,419695,132405.0,16790.0,55136,52697,53245,-147067,115615.0,2439,6.548870229176634,-18.088509681553575,14.220070082566561,Disaggregated
2025-04-29,752688,134677,75749,234187,389261,131956.0,15858.0,49490,48945,58928,-155074,116098.0,545,7.829007503773145,-20.602693280615608,15.424452097017621,Disaggregated
2025-05-06,778000,126245,84517,241720,388000,133496.0,18174.0,51401,43744,41728,-146280,115322.0,7657,5.363496143958868,-18.80205655526992,14.822879177377892,Disaggregated
2025-05-13,822498,136702,81035,242025,408222,134590.0,20369.0,52118,42607,55667,-166197,114221.0,9511,6.768040773351425,-20.20637132248346,13.887085439721433,Disaggregated
2025-05-20,844860,125737,94407,256476,412072,137833.0,16953.0,54302,37719,31330,-155596,120880.0,16583,3.708306701702057,-18.416779111332055,14.30769594962479,Disaggregated
2025-05-27,859854,141474,80555,261065,441009,135217.0,16409.0,53539,41897,60919,-179944,118808.0,11642,7.084807420794694,-20.927273699953712,13.817229436625286,Disaggregated
2025-06-03,876302,134570,99966,269443,432421,132416.0,13815.0,57346,32003,34604,-162978,118601.0,25343,3.948866943131477,-18.598382749326145,13.53426101960283,Disaggregated
2025-06-10,858945,127770,92699,269397,441960,128236.0,13791.0,62613,27288,35071,-172563,114445.0,35325,4.08303209169388,-20.090110542584217,13.323903160272193,Disaggregated
2025-06-17,846169,137366,75077,272044,442633,119038.0,18396.0,58618,35684,62289,-170589,100642.0,22934,7.361295438618054,-20.160157131731367,11.89384153756519,Disaggregated
2025-06-24,838160,131177,95781,272342,428417,127813.0,14295.0,59088,38614,35396,-156075,113518.0,20474,4.223060036269924,-18.6211463205116,13.543714803856066,Disaggregated
2025-07-01,846236,122465,108564,280982,422361,129243.0,13461.0,60280,32848,13901,-141379,115782.0,27432,1.6426859646717937,-16.706805193822998,13.681998875018317,Disaggregated
2025-07-08,845981,119999,112815,286866,422887,126018.0,12358.0,62513,31629,7184,-136021,113660.0,30884,0.8491916485122005,-16.07849348862445,13.435289917858675,Disaggregated
2025-07-15,881394,118284,135476,310486,426681,126655.0,10542.0,68496,36010,-17192,-116195,116113.0,32486,-1.9505465206252823,-13.183094053283776,13.17379060896716,Disaggregated
2025-07-22,898005,118238,109129,315560,451482,130461.0,12950.0,63883,36959,9109,-135922,117511.0,26924,1.0143596082427158,-15.135995902027272,13.085784600308461,Disaggregated
2025-07-29,852812,106822,131594,311514,408927,138467.0,13144.0,55970,41982,-24772,-97413,125323.0,13988,-2.904743366650563,-11.422564410444506,14.695266952153583,Disaggregated
2025-08-05,852135,99566,153160,292585,370633,142851.0,9910.0,57227,42793,-53594,-78048,132941.0,14434,-6.289379030317967,-9.159112112517382,15.60093177724187,Disaggregated
2025-08-12,880351,99633,125856,300312,396628,140506.0,13672.0,53806,43158,-26223,-96316,126834.0,10648,-2.978698269213075,-10.940636178069884,14.40720803406823,Disaggregated
2025-08-19,894160,97108,98861,320681,447377,140101.0,17610.0,58589,37090,-1753,-126696,122491.0,21499,-0.19604992395097073,-14.169276192180371,13.699002415675047,Disaggregated
2025-08-26,861446,104112,84967,319776,441698,142532.0,21253.0,49663,50619,19145,-121922,121279.0,-956,2.22242601393471,-14.153179653744981,14.078537714494002,Disaggregated
2025-09-02,862506,101829,90413,322920,447066,139117.0,21643.0,55523,45519,11416,-124146,117474.0,10004,1.3235849953507568,-14.393639000772168,13.620079164666683,Disaggregated
2025-09-09,866412,93311,106693,332244,452585,144346.0,19072.0,60054,38349,-13382,-120341,125274.0,21705,-1.54453077750539,-13.889581400072945,14.458941011897341,Disaggregated
2025-09-16,895633,105484,105296,333805,467640,144628.0,19086.0,61867,40868,188,-133835,125542.0,20999,0.020990740627020218,-14.943062616049207,14.01712531807113,Disaggregated
2025-09-23,925006,99535,124277,339671,458105,141750.0,15945.0,66409,35919,-24742,-118434,125805.0,30490,-2.6747934607991732,-12.803592625345134,13.600452321390346,Disaggregated
2025-09-30,932138,98361,129954,345736,446102,133971.0,12002.0,63139,39879,-31593,-100366,121969.0,23260,-3.389305017068288,-10.767289821893325,13.084865116538538,Disaggregated
2025-10-07,943056,117965,114064,340811,482844,134318.0,13006.0,68843,32870,3901,-142033,121312.0,35973,0.41365518060433315,-15.060929573641438,12.863711168795913,Disaggregated
2025-10-14,977612,118367,115741,339885,489789,134930.0,11360.0,72067,28528,2626,-149904,123570.0,43539,0.2686137240541237,-15.333690666644845,12.639983960917009,Disaggregated
2025-10-21,943984,126339,88846,321540,494434,127362.0,14222.0,70319,30196,37493,-172894,113140.0,40123,3.9717834200579674,-18.315352802589874,11.985372633434466,Disaggregated
2025-10-28,878206,170860,50841,258979,512005,138224.0,22576.0,71318,34144,120019,-253026,115648.0,37174,13.66638351366308,-28.811691106642407,13.168664299720112,Disaggregated
