date,fedfunds,fedfunds_change,fedfunds_pct_change,fedfunds_ma30,fedfunds_ma90,fedfunds_lag7,fedfunds_lag30
2000-01-01,5.45,,,,,,
2000-01-02,5.45,0.0,0.0,,,,
2000-01-03,5.45,0.0,0.0,,,,
2000-01-04,5.45,0.0,0.0,,,,
2000-01-05,5.45,0.0,0.0,,,,
2000-01-06,5.45,0.0,0.0,,,,
2000-01-07,5.45,0.0,0.0,,,,
2000-01-08,5.45,0.0,0.0,,,5.45,
2000-01-09,5.45,0.0,0.0,,,5.45,
2000-01-10,5.45,0.0,0.0,,,5.45,
2000-01-11,5.45,0.0,0.0,,,5.45,
2000-01-12,5.45,0.0,0.0,,,5.45,
2000-01-13,5.45,0.0,0.0,,,5.45,
2000-01-14,5.45,0.0,0.0,,,5.45,
2000-01-15,5.45,0.0,0.0,,,5.45,
2000-01-16,5.45,0.0,0.0,,,5.45,
2000-01-17,5.45,0.0,0.0,,,5.45,
2000-01-18,5.45,0.0,0.0,,,5.45,
2000-01-19,5.45,0.0,0.0,,,5.45,
2000-01-20,5.45,0.0,0.0,,,5.45,
2000-01-21,5.45,0.0,0.0,,,5.45,
2000-01-22,5.45,0.0,0.0,,,5.45,
2000-01-23,5.45,0.0,0.0,,,5.45,
2000-01-24,5.45,0.0,0.0,,,5.45,
2000-01-25,5.45,0.0,0.0,,,5.45,
2000-01-26,5.45,0.0,0.0,,,5.45,
2000-01-27,5.45,0.0,0.0,,,5.45,
2000-01-28,5.45,0.0,0.0,,,5.45,
2000-01-29,5.45,0.0,0.0,,,5.45,
2000-01-30,5.45,0.0,0.0,5.45,,5.45,
2000-01-31,5.45,0.0,0.0,5.45,,5.45,5.45
2000-02-01,5.73,0.28000000000000025,0.05137614678899083,5.459333333333333,,5.45,5.45
2000-02-02,5.73,0.0,0.0,5.468666666666667,,5.45,5.45
2000-02-03,5.73,0.0,0.0,5.478,,5.45,5.45
2000-02-04,5.73,0.0,0.0,5.487333333333334,,5.45,5.45
2000-02-05,5.73,0.0,0.0,5.496666666666667,,5.45,5.45
2000-02-06,5.73,0.0,0.0,5.506,,5.45,5.45
2000-02-07,5.73,0.0,0.0,5.515333333333333,,5.45,5.45
2000-02-08,5.73,0.0,0.0,5.524666666666667,,5.73,5.45
2000-02-09,5.73,0.0,0.0,5.534000000000001,,5.73,5.45
2000-02-10,5.73,0.0,0.0,5.543333333333334,,5.73,5.45
2000-02-11,5.73,0.0,0.0,5.552666666666667,,5.73,5.45
2000-02-12,5.73,0.0,0.0,5.562,,5.73,5.45
2000-02-13,5.73,0.0,0.0,5.571333333333333,,5.73,5.45
2000-02-14,5.73,0.0,0.0,5.5806666666666676,,5.73,5.45
2000-02-15,5.73,0.0,0.0,5.590000000000001,,5.73,5.45
2000-02-16,5.73,0.0,0.0,5.599333333333334,,5.73,5.45
2000-02-17,5.73,0.0,0.0,5.608666666666667,,5.73,5.45
2000-02-18,5.73,0.0,0.0,5.617999999999999,,5.73,5.45
2000-02-19,5.73,0.0,0.0,5.627333333333334,,5.73,5.45
2000-02-20,5.73,0.0,0.0,5.636666666666667,,5.73,5.45
2000-02-21,5.73,0.0,0.0,5.646,,5.73,5.45
2000-02-22,5.73,0.0,0.0,5.655333333333334,,5.73,5.45
2000-02-23,5.73,0.0,0.0,5.664666666666666,,5.73,5.45
2000-02-24,5.73,0.0,0.0,5.674000000000001,,5.73,5.45
2000-02-25,5.73,0.0,0.0,5.683333333333334,,5.73,5.45
2000-02-26,5.73,0.0,0.0,5.692666666666667,,5.73,5.45
2000-02-27,5.73,0.0,0.0,5.702000000000001,,5.73,5.45
2000-02-28,5.73,0.0,0.0,5.711333333333333,,5.73,5.45
2000-02-29,5.73,0.0,0.0,5.720666666666667,,5.73,5.45
2000-03-01,5.85,0.11999999999999922,0.02094240837696315,5.734,,5.73,5.45
2000-03-02,5.85,0.0,0.0,5.738,,5.73,5.73
2000-03-03,5.85,0.0,0.0,5.742000000000001,,5.73,5.73
2000-03-04,5.85,0.0,0.0,5.7459999999999996,,5.73,5.73
2000-03-05,5.85,0.0,0.0,5.75,,5.73,5.73
2000-03-06,5.85,0.0,0.0,5.754000000000001,,5.73,5.73
2000-03-07,5.85,0.0,0.0,5.758,,5.73,5.73
2000-03-08,5.85,0.0,0.0,5.7620000000000005,,5.85,5.73
2000-03-09,5.85,0.0,0.0,5.766,,5.85,5.73
2000-03-10,5.85,0.0,0.0,5.77,,5.85,5.73
2000-03-11,5.85,0.0,0.0,5.774000000000001,,5.85,5.73
2000-03-12,5.85,0.0,0.0,5.7780000000000005,,5.85,5.73
2000-03-13,5.85,0.0,0.0,5.782,,5.85,5.73
2000-03-14,5.85,0.0,0.0,5.7860000000000005,,5.85,5.73
2000-03-15,5.85,0.0,0.0,5.79,,5.85,5.73
2000-03-16,5.85,0.0,0.0,5.794,,5.85,5.73
2000-03-17,5.85,0.0,0.0,5.798,,5.85,5.73
2000-03-18,5.85,0.0,0.0,5.8020000000000005,,5.85,5.73
2000-03-19,5.85,0.0,0.0,5.806,,5.85,5.73
2000-03-20,5.85,0.0,0.0,5.81,,5.85,5.73
2000-03-21,5.85,0.0,0.0,5.813999999999999,,5.85,5.73
2000-03-22,5.85,0.0,0.0,5.8180000000000005,,5.85,5.73
2000-03-23,5.85,0.0,0.0,5.822,,5.85,5.73
2000-03-24,5.85,0.0,0.0,5.826,,5.85,5.73
2000-03-25,5.85,0.0,0.0,5.829999999999999,,5.85,5.73
2000-03-26,5.85,0.0,0.0,5.834,,5.85,5.73
2000-03-27,5.85,0.0,0.0,5.838,,5.85,5.73
2000-03-28,5.85,0.0,0.0,5.842,,5.85,5.73
2000-03-29,5.85,0.0,0.0,5.846,,5.85,5.73
2000-03-30,5.85,0.0,0.0,5.85,5.673555555555556,5.85,5.73
2000-03-31,5.85,0.0,0.0,5.85,5.678000000000001,5.85,5.85
2000-04-01,6.02,0.16999999999999993,0.029059829059828957,5.855666666666666,5.684333333333334,5.85,5.85
2000-04-02,6.02,0.0,0.0,5.8613333333333335,5.690666666666666,5.85,5.85
2000-04-03,6.02,0.0,0.0,5.867,5.697,5.85,5.85
2000-04-04,6.02,0.0,0.0,5.8726666666666665,5.703333333333333,5.85,5.85
2000-04-05,6.02,0.0,0.0,5.878333333333332,5.709666666666667,5.85,5.85
2000-04-06,6.02,0.0,0.0,5.8839999999999995,5.716,5.85,5.85
2000-04-07,6.02,0.0,0.0,5.889666666666667,5.722333333333333,5.85,5.85
2000-04-08,6.02,0.0,0.0,5.895333333333332,5.728666666666667,6.02,5.85
2000-04-09,6.02,0.0,0.0,5.901,5.734999999999999,6.02,5.85
2000-04-10,6.02,0.0,0.0,5.906666666666666,5.741333333333333,6.02,5.85
2000-04-11,6.02,0.0,0.0,5.912333333333333,5.747666666666667,6.02,5.85
2000-04-12,6.02,0.0,0.0,5.918,5.7540000000000004,6.02,5.85
2000-04-13,6.02,0.0,0.0,5.923666666666666,5.760333333333334,6.02,5.85
2000-04-14,6.02,0.0,0.0,5.929333333333333,5.766666666666667,6.02,5.85
2000-04-15,6.02,0.0,0.0,5.9350000000000005,5.773,6.02,5.85
2000-04-16,6.02,0.0,0.0,5.940666666666666,5.779333333333333,6.02,5.85
2000-04-17,6.02,0.0,0.0,5.946333333333333,5.785666666666666,6.02,5.85
2000-04-18,6.02,0.0,0.0,5.952,5.792000000000001,6.02,5.85
2000-04-19,6.02,0.0,0.0,5.957666666666666,5.798333333333334,6.02,5.85
2000-04-20,6.02,0.0,0.0,5.963333333333334,5.804666666666666,6.02,5.85
2000-04-21,6.02,0.0,0.0,5.9689999999999985,5.811,6.02,5.85
2000-04-22,6.02,0.0,0.0,5.974666666666666,5.817333333333333,6.02,5.85
2000-04-23,6.02,0.0,0.0,5.980333333333333,5.823666666666667,6.02,5.85
2000-04-24,6.02,0.0,0.0,5.986,5.83,6.02,5.85
2000-04-25,6.02,0.0,0.0,5.991666666666666,5.836333333333333,6.02,5.85
2000-04-26,6.02,0.0,0.0,5.997333333333333,5.842666666666667,6.02,5.85
2000-04-27,6.02,0.0,0.0,6.002999999999999,5.848999999999999,6.02,5.85
2000-04-28,6.02,0.0,0.0,6.008666666666667,5.855333333333333,6.02,5.85
2000-04-29,6.02,0.0,0.0,6.014333333333332,5.861666666666666,6.02,5.85
2000-04-30,6.02,0.0,0.0,6.02,5.868,6.02,5.85
2000-05-01,6.27,0.25,0.04152823920265791,6.028333333333333,5.8740000000000006,6.02,6.02
2000-05-02,6.27,0.0,0.0,6.036666666666665,5.880000000000001,6.02,6.02
2000-05-03,6.27,0.0,0.0,6.045,5.886,6.02,6.02
2000-05-04,6.27,0.0,0.0,6.053333333333333,5.8919999999999995,6.02,6.02
2000-05-05,6.27,0.0,0.0,6.0616666666666665,5.898,6.02,6.02
2000-05-06,6.27,0.0,0.0,6.069999999999999,5.903999999999999,6.02,6.02
2000-05-07,6.27,0.0,0.0,6.078333333333332,5.91,6.02,6.02
2000-05-08,6.27,0.0,0.0,6.086666666666667,5.916,6.27,6.02
2000-05-09,6.27,0.0,0.0,6.095,5.922000000000001,6.27,6.02
2000-05-10,6.27,0.0,0.0,6.103333333333333,5.928,6.27,6.02
2000-05-11,6.27,0.0,0.0,6.111666666666666,5.933999999999999,6.27,6.02
2000-05-12,6.27,0.0,0.0,6.12,5.939999999999999,6.27,6.02
2000-05-13,6.27,0.0,0.0,6.128333333333333,5.946,6.27,6.02
2000-05-14,6.27,0.0,0.0,6.136666666666667,5.952000000000001,6.27,6.02
2000-05-15,6.27,0.0,0.0,6.144999999999999,5.958,6.27,6.02
2000-05-16,6.27,0.0,0.0,6.153333333333333,5.9639999999999995,6.27,6.02
2000-05-17,6.27,0.0,0.0,6.161666666666666,5.97,6.27,6.02
2000-05-18,6.27,0.0,0.0,6.169999999999999,5.975999999999999,6.27,6.02
2000-05-19,6.27,0.0,0.0,6.178333333333333,5.981999999999998,6.27,6.02
2000-05-20,6.27,0.0,0.0,6.1866666666666665,5.9879999999999995,6.27,6.02
2000-05-21,6.27,0.0,0.0,6.194999999999999,5.994000000000001,6.27,6.02
2000-05-22,6.27,0.0,0.0,6.203333333333333,6.0,6.27,6.02
2000-05-23,6.27,0.0,0.0,6.211666666666665,6.005999999999999,6.27,6.02
2000-05-24,6.27,0.0,0.0,6.22,6.012,6.27,6.02
2000-05-25,6.27,0.0,0.0,6.2283333333333335,6.017999999999999,6.27,6.02
2000-05-26,6.27,0.0,0.0,6.2366666666666655,6.024,6.27,6.02
2000-05-27,6.27,0.0,0.0,6.245,6.03,6.27,6.02
2000-05-28,6.27,0.0,0.0,6.253333333333333,6.0360000000000005,6.27,6.02
2000-05-29,6.27,0.0,0.0,6.261666666666667,6.042,6.27,6.02
2000-05-30,6.27,0.0,0.0,6.27,6.046666666666666,6.27,6.02
2000-05-31,6.27,0.0,0.0,6.27,6.051333333333332,6.27,6.27
2000-06-01,6.53,0.2600000000000007,0.04146730462519943,6.278666666666666,6.058888888888888,6.27,6.27
2000-06-02,6.53,0.0,0.0,6.287333333333333,6.0664444444444445,6.27,6.27
2000-06-03,6.53,0.0,0.0,6.2959999999999985,6.074,6.27,6.27
2000-06-04,6.53,0.0,0.0,6.304666666666666,6.081555555555554,6.27,6.27
2000-06-05,6.53,0.0,0.0,6.313333333333333,6.0891111111111105,6.27,6.27
2000-06-06,6.53,0.0,0.0,6.322,6.096666666666668,6.27,6.27
2000-06-07,6.53,0.0,0.0,6.330666666666667,6.104222222222222,6.27,6.27
2000-06-08,6.53,0.0,0.0,6.339333333333332,6.111777777777777,6.53,6.27
2000-06-09,6.53,0.0,0.0,6.348,6.1193333333333335,6.53,6.27
2000-06-10,6.53,0.0,0.0,6.3566666666666665,6.126888888888889,6.53,6.27
2000-06-11,6.53,0.0,0.0,6.365333333333333,6.134444444444445,6.53,6.27
2000-06-12,6.53,0.0,0.0,6.374,6.1419999999999995,6.53,6.27
2000-06-13,6.53,0.0,0.0,6.382666666666666,6.149555555555556,6.53,6.27
2000-06-14,6.53,0.0,0.0,6.391333333333334,6.157111111111111,6.53,6.27
2000-06-15,6.53,0.0,0.0,6.4,6.164666666666666,6.53,6.27
2000-06-16,6.53,0.0,0.0,6.408666666666666,6.1722222222222225,6.53,6.27
2000-06-17,6.53,0.0,0.0,6.417333333333334,6.179777777777777,6.53,6.27
2000-06-18,6.53,0.0,0.0,6.426,6.187333333333333,6.53,6.27
2000-06-19,6.53,0.0,0.0,6.434666666666667,6.1948888888888884,6.53,6.27
2000-06-20,6.53,0.0,0.0,6.443333333333333,6.202444444444444,6.53,6.27
2000-06-21,6.53,0.0,0.0,6.452,6.21,6.53,6.27
2000-06-22,6.53,0.0,0.0,6.4606666666666674,6.217555555555556,6.53,6.27
2000-06-23,6.53,0.0,0.0,6.469333333333334,6.225111111111111,6.53,6.27
2000-06-24,6.53,0.0,0.0,6.478,6.232666666666666,6.53,6.27
2000-06-25,6.53,0.0,0.0,6.486666666666667,6.240222222222221,6.53,6.27
2000-06-26,6.53,0.0,0.0,6.495333333333334,6.247777777777778,6.53,6.27
2000-06-27,6.53,0.0,0.0,6.5040000000000004,6.255333333333334,6.53,6.27
2000-06-28,6.53,0.0,0.0,6.512666666666667,6.262888888888889,6.53,6.27
2000-06-29,6.53,0.0,0.0,6.521333333333333,6.270444444444443,6.53,6.27
2000-06-30,6.53,0.0,0.0,6.53,6.276111111111112,6.53,6.27
2000-07-01,6.54,0.009999999999999787,0.0015313935681469104,6.530333333333334,6.281888888888889,6.53,6.53
2000-07-02,6.54,0.0,0.0,6.530666666666667,6.2876666666666665,6.53,6.53
2000-07-03,6.54,0.0,0.0,6.531000000000001,6.293444444444446,6.53,6.53
2000-07-04,6.54,0.0,0.0,6.531333333333334,6.299222222222221,6.53,6.53
2000-07-05,6.54,0.0,0.0,6.531666666666667,6.304999999999999,6.53,6.53
2000-07-06,6.54,0.0,0.0,6.532,6.310777777777778,6.53,6.53
2000-07-07,6.54,0.0,0.0,6.532333333333333,6.3165555555555555,6.53,6.53
2000-07-08,6.54,0.0,0.0,6.5326666666666675,6.322333333333333,6.54,6.53
2000-07-09,6.54,0.0,0.0,6.533,6.328111111111111,6.54,6.53
2000-07-10,6.54,0.0,0.0,6.533333333333333,6.333888888888889,6.54,6.53
2000-07-11,6.54,0.0,0.0,6.533666666666667,6.339666666666666,6.54,6.53
2000-07-12,6.54,0.0,0.0,6.534000000000001,6.3454444444444436,6.54,6.53
2000-07-13,6.54,0.0,0.0,6.5343333333333335,6.351222222222223,6.54,6.53
2000-07-14,6.54,0.0,0.0,6.534666666666666,6.357,6.54,6.53
2000-07-15,6.54,0.0,0.0,6.535,6.362777777777778,6.54,6.53
2000-07-16,6.54,0.0,0.0,6.535333333333333,6.368555555555556,6.54,6.53
2000-07-17,6.54,0.0,0.0,6.535666666666667,6.3743333333333325,6.54,6.53
2000-07-18,6.54,0.0,0.0,6.5360000000000005,6.38011111111111,6.54,6.53
2000-07-19,6.54,0.0,0.0,6.536333333333333,6.385888888888889,6.54,6.53
2000-07-20,6.54,0.0,0.0,6.536666666666666,6.391666666666667,6.54,6.53
2000-07-21,6.54,0.0,0.0,6.537,6.397444444444444,6.54,6.53
2000-07-22,6.54,0.0,0.0,6.537333333333334,6.403222222222223,6.54,6.53
2000-07-23,6.54,0.0,0.0,6.5376666666666665,6.409,6.54,6.53
2000-07-24,6.54,0.0,0.0,6.537999999999999,6.414777777777777,6.54,6.53
2000-07-25,6.54,0.0,0.0,6.538333333333332,6.420555555555556,6.54,6.53
2000-07-26,6.54,0.0,0.0,6.538666666666667,6.426333333333333,6.54,6.53
2000-07-27,6.54,0.0,0.0,6.539,6.432111111111111,6.54,6.53
2000-07-28,6.54,0.0,0.0,6.5393333333333326,6.43788888888889,6.54,6.53
2000-07-29,6.54,0.0,0.0,6.539666666666666,6.443666666666666,6.54,6.53
2000-07-30,6.54,0.0,0.0,6.54,6.446666666666666,6.54,6.53
2000-07-31,6.54,0.0,0.0,6.54,6.449666666666667,6.54,6.54
2000-08-01,6.5,-0.040000000000000036,-0.006116207951070374,6.538666666666667,6.452222222222223,6.54,6.54
2000-08-02,6.5,0.0,0.0,6.537333333333334,6.454777777777778,6.54,6.54
2000-08-03,6.5,0.0,0.0,6.536,6.4573333333333345,6.54,6.54
2000-08-04,6.5,0.0,0.0,6.534666666666666,6.45988888888889,6.54,6.54
2000-08-05,6.5,0.0,0.0,6.533333333333333,6.462444444444444,6.54,6.54
2000-08-06,6.5,0.0,0.0,6.532,6.465,6.54,6.54
2000-08-07,6.5,0.0,0.0,6.530666666666666,6.467555555555556,6.54,6.54
2000-08-08,6.5,0.0,0.0,6.529333333333333,6.470111111111112,6.5,6.54
2000-08-09,6.5,0.0,0.0,6.5280000000000005,6.472666666666668,6.5,6.54
2000-08-10,6.5,0.0,0.0,6.526666666666666,6.475222222222223,6.5,6.54
2000-08-11,6.5,0.0,0.0,6.525333333333333,6.477777777777778,6.5,6.54
2000-08-12,6.5,0.0,0.0,6.524,6.480333333333333,6.5,6.54
2000-08-13,6.5,0.0,0.0,6.522666666666667,6.48288888888889,6.5,6.54
2000-08-14,6.5,0.0,0.0,6.521333333333333,6.485444444444445,6.5,6.54
2000-08-15,6.5,0.0,0.0,6.52,6.488,6.5,6.54
2000-08-16,6.5,0.0,0.0,6.518666666666666,6.490555555555557,6.5,6.54
2000-08-17,6.5,0.0,0.0,6.517333333333332,6.493111111111112,6.5,6.54
2000-08-18,6.5,0.0,0.0,6.516,6.495666666666667,6.5,6.54
2000-08-19,6.5,0.0,0.0,6.514666666666667,6.498222222222223,6.5,6.54
2000-08-20,6.5,0.0,0.0,6.513333333333334,6.500777777777778,6.5,6.54
2000-08-21,6.5,0.0,0.0,6.512,6.503333333333334,6.5,6.54
2000-08-22,6.5,0.0,0.0,6.510666666666666,6.50588888888889,6.5,6.54
2000-08-23,6.5,0.0,0.0,6.509333333333333,6.508444444444446,6.5,6.54
2000-08-24,6.5,0.0,0.0,6.508,6.511,6.5,6.54
2000-08-25,6.5,0.0,0.0,6.506666666666666,6.5135555555555555,6.5,6.54
2000-08-26,6.5,0.0,0.0,6.505333333333334,6.516111111111112,6.5,6.54
2000-08-27,6.5,0.0,0.0,6.5040000000000004,6.518666666666667,6.5,6.54
2000-08-28,6.5,0.0,0.0,6.502666666666666,6.521222222222223,6.5,6.54
2000-08-29,6.5,0.0,0.0,6.501333333333333,6.523777777777779,6.5,6.54
2000-08-30,6.5,0.0,0.0,6.5,6.523444444444444,6.5,6.54
2000-08-31,6.5,0.0,0.0,6.5,6.5231111111111115,6.5,6.5
2000-09-01,6.52,0.019999999999999574,0.003076923076922977,6.500666666666667,6.523000000000001,6.5,6.5
2000-09-02,6.52,0.0,0.0,6.501333333333333,6.52288888888889,6.5,6.5
2000-09-03,6.52,0.0,0.0,6.502,6.522777777777777,6.5,6.5
2000-09-04,6.52,0.0,0.0,6.502666666666667,6.522666666666666,6.5,6.5
2000-09-05,6.52,0.0,0.0,6.503333333333333,6.522555555555555,6.5,6.5
2000-09-06,6.52,0.0,0.0,6.5040000000000004,6.522444444444444,6.5,6.5
2000-09-07,6.52,0.0,0.0,6.504666666666667,6.522333333333333,6.5,6.5
2000-09-08,6.52,0.0,0.0,6.505333333333334,6.522222222222222,6.52,6.5
2000-09-09,6.52,0.0,0.0,6.506,6.522111111111111,6.52,6.5
2000-09-10,6.52,0.0,0.0,6.506666666666666,6.522,6.52,6.5
2000-09-11,6.52,0.0,0.0,6.507333333333333,6.521888888888889,6.52,6.5
2000-09-12,6.52,0.0,0.0,6.508,6.521777777777777,6.52,6.5
2000-09-13,6.52,0.0,0.0,6.508666666666667,6.521666666666667,6.52,6.5
2000-09-14,6.52,0.0,0.0,6.509333333333333,6.521555555555556,6.52,6.5
2000-09-15,6.52,0.0,0.0,6.510000000000001,6.5214444444444455,6.52,6.5
2000-09-16,6.52,0.0,0.0,6.510666666666666,6.521333333333333,6.52,6.5
2000-09-17,6.52,0.0,0.0,6.511333333333334,6.521222222222222,6.52,6.5
2000-09-18,6.52,0.0,0.0,6.512,6.521111111111111,6.52,6.5
2000-09-19,6.52,0.0,0.0,6.512666666666666,6.521000000000001,6.52,6.5
2000-09-20,6.52,0.0,0.0,6.513333333333334,6.520888888888889,6.52,6.5
2000-09-21,6.52,0.0,0.0,6.513999999999999,6.520777777777778,6.52,6.5
2000-09-22,6.52,0.0,0.0,6.514666666666667,6.520666666666667,6.52,6.5
2000-09-23,6.52,0.0,0.0,6.515333333333333,6.520555555555556,6.52,6.5
2000-09-24,6.52,0.0,0.0,6.516,6.520444444444443,6.52,6.5
2000-09-25,6.52,0.0,0.0,6.516666666666667,6.520333333333332,6.52,6.5
2000-09-26,6.52,0.0,0.0,6.517333333333332,6.520222222222222,6.52,6.5
2000-09-27,6.52,0.0,0.0,6.518,6.520111111111111,6.52,6.5
2000-09-28,6.52,0.0,0.0,6.518666666666666,6.52,6.52,6.5
2000-09-29,6.52,0.0,0.0,6.519333333333333,6.519777777777778,6.52,6.5
2000-09-30,6.52,0.0,0.0,6.52,6.519555555555556,6.52,6.5
2000-10-01,6.51,-0.009999999999999787,-0.0015337423312883347,6.519666666666666,6.519222222222221,6.52,6.52
2000-10-02,6.51,0.0,0.0,6.519333333333334,6.518888888888888,6.52,6.52
2000-10-03,6.51,0.0,0.0,6.519,6.518555555555555,6.52,6.52
2000-10-04,6.51,0.0,0.0,6.5186666666666655,6.518222222222222,6.52,6.52
2000-10-05,6.51,0.0,0.0,6.5183333333333335,6.517888888888889,6.52,6.52
2000-10-06,6.51,0.0,0.0,6.518,6.517555555555556,6.52,6.52
2000-10-07,6.51,0.0,0.0,6.517666666666666,6.517222222222221,6.52,6.52
2000-10-08,6.51,0.0,0.0,6.517333333333332,6.5168888888888885,6.51,6.52
2000-10-09,6.51,0.0,0.0,6.5169999999999995,6.516555555555556,6.51,6.52
2000-10-10,6.51,0.0,0.0,6.516666666666667,6.516222222222223,6.51,6.52
2000-10-11,6.51,0.0,0.0,6.516333333333333,6.515888888888888,6.51,6.52
2000-10-12,6.51,0.0,0.0,6.516,6.515555555555555,6.51,6.52
2000-10-13,6.51,0.0,0.0,6.515666666666666,6.5152222222222225,6.51,6.52
2000-10-14,6.51,0.0,0.0,6.5153333333333325,6.514888888888888,6.51,6.52
2000-10-15,6.51,0.0,0.0,6.515,6.514555555555555,6.51,6.52
2000-10-16,6.51,0.0,0.0,6.514666666666667,6.514222222222222,6.51,6.52
2000-10-17,6.51,0.0,0.0,6.514333333333332,6.513888888888889,6.51,6.52
2000-10-18,6.51,0.0,0.0,6.514,6.5135555555555555,6.51,6.52
2000-10-19,6.51,0.0,0.0,6.5136666666666665,6.513222222222223,6.51,6.52
2000-10-20,6.51,0.0,0.0,6.513333333333333,6.512888888888889,6.51,6.52
2000-10-21,6.51,0.0,0.0,6.513,6.512555555555555,6.51,6.52
2000-10-22,6.51,0.0,0.0,6.512666666666666,6.512222222222222,6.51,6.52
2000-10-23,6.51,0.0,0.0,6.512333333333332,6.511888888888889,6.51,6.52
2000-10-24,6.51,0.0,0.0,6.512,6.511555555555555,6.51,6.52
2000-10-25,6.51,0.0,0.0,6.511666666666667,6.511222222222222,6.51,6.52
2000-10-26,6.51,0.0,0.0,6.511333333333334,6.510888888888887,6.51,6.52
2000-10-27,6.51,0.0,0.0,6.510999999999999,6.5105555555555545,6.51,6.52
2000-10-28,6.51,0.0,0.0,6.510666666666666,6.510222222222222,6.51,6.52
2000-10-29,6.51,0.0,0.0,6.5103333333333335,6.509888888888887,6.51,6.52
2000-10-30,6.51,0.0,0.0,6.51,6.51,6.51,6.52
2000-10-31,6.51,0.0,0.0,6.51,6.510111111111111,6.51,6.51
2000-11-01,6.51,0.0,0.0,6.51,6.510222222222222,6.51,6.51
2000-11-02,6.51,0.0,0.0,6.51,6.510333333333333,6.51,6.51
2000-11-03,6.51,0.0,0.0,6.51,6.510444444444444,6.51,6.51
2000-11-04,6.51,0.0,0.0,6.51,6.5105555555555545,6.51,6.51
2000-11-05,6.51,0.0,0.0,6.51,6.5106666666666655,6.51,6.51
2000-11-06,6.51,0.0,0.0,6.51,6.510777777777776,6.51,6.51
2000-11-07,6.51,0.0,0.0,6.51,6.510888888888887,6.51,6.51
2000-11-08,6.51,0.0,0.0,6.51,6.510999999999999,6.51,6.51
2000-11-09,6.51,0.0,0.0,6.51,6.51111111111111,6.51,6.51
2000-11-10,6.51,0.0,0.0,6.51,6.511222222222221,6.51,6.51
2000-11-11,6.51,0.0,0.0,6.51,6.511333333333333,6.51,6.51
2000-11-12,6.51,0.0,0.0,6.51,6.511444444444444,6.51,6.51
2000-11-13,6.51,0.0,0.0,6.51,6.511555555555555,6.51,6.51
2000-11-14,6.51,0.0,0.0,6.51,6.511666666666666,6.51,6.51
2000-11-15,6.51,0.0,0.0,6.51,6.511777777777777,6.51,6.51
2000-11-16,6.51,0.0,0.0,6.51,6.511888888888889,6.51,6.51
2000-11-17,6.51,0.0,0.0,6.51,6.512,6.51,6.51
2000-11-18,6.51,0.0,0.0,6.51,6.5121111111111105,6.51,6.51
2000-11-19,6.51,0.0,0.0,6.51,6.5122222222222215,6.51,6.51
2000-11-20,6.51,0.0,0.0,6.51,6.512333333333332,6.51,6.51
2000-11-21,6.51,0.0,0.0,6.51,6.512444444444443,6.51,6.51
2000-11-22,6.51,0.0,0.0,6.51,6.512555555555554,6.51,6.51
2000-11-23,6.51,0.0,0.0,6.51,6.512666666666665,6.51,6.51
2000-11-24,6.51,0.0,0.0,6.51,6.512777777777777,6.51,6.51
2000-11-25,6.51,0.0,0.0,6.51,6.512888888888889,6.51,6.51
2000-11-26,6.51,0.0,0.0,6.51,6.513,6.51,6.51
2000-11-27,6.51,0.0,0.0,6.51,6.513111111111111,6.51,6.51
2000-11-28,6.51,0.0,0.0,6.51,6.513222222222222,6.51,6.51
2000-11-29,6.51,0.0,0.0,6.51,6.513333333333333,6.51,6.51
2000-11-30,6.51,0.0,0.0,6.51,6.513222222222222,6.51,6.51
2000-12-01,6.4,-0.10999999999999943,-0.016897081413210335,6.506333333333333,6.511888888888889,6.51,6.51
2000-12-02,6.4,0.0,0.0,6.502666666666667,6.5105555555555545,6.51,6.51
2000-12-03,6.4,0.0,0.0,6.498999999999999,6.509222222222222,6.51,6.51
2000-12-04,6.4,0.0,0.0,6.495333333333333,6.507888888888889,6.51,6.51
2000-12-05,6.4,0.0,0.0,6.491666666666666,6.506555555555556,6.51,6.51
2000-12-06,6.4,0.0,0.0,6.488,6.505222222222221,6.51,6.51
2000-12-07,6.4,0.0,0.0,6.484333333333334,6.503888888888888,6.51,6.51
2000-12-08,6.4,0.0,0.0,6.480666666666667,6.502555555555555,6.4,6.51
2000-12-09,6.4,0.0,0.0,6.477,6.501222222222222,6.4,6.51
2000-12-10,6.4,0.0,0.0,6.473333333333333,6.499888888888889,6.4,6.51
2000-12-11,6.4,0.0,0.0,6.469666666666667,6.498555555555556,6.4,6.51
2000-12-12,6.4,0.0,0.0,6.466,6.497222222222221,6.4,6.51
2000-12-13,6.4,0.0,0.0,6.4623333333333335,6.495888888888889,6.4,6.51
2000-12-14,6.4,0.0,0.0,6.458666666666667,6.494555555555555,6.4,6.51
2000-12-15,6.4,0.0,0.0,6.455,6.493222222222222,6.4,6.51
2000-12-16,6.4,0.0,0.0,6.451333333333333,6.491888888888889,6.4,6.51
2000-12-17,6.4,0.0,0.0,6.447666666666667,6.490555555555555,6.4,6.51
2000-12-18,6.4,0.0,0.0,6.444000000000001,6.489222222222222,6.4,6.51
2000-12-19,6.4,0.0,0.0,6.440333333333332,6.487888888888889,6.4,6.51
2000-12-20,6.4,0.0,0.0,6.4366666666666665,6.486555555555555,6.4,6.51
2000-12-21,6.4,0.0,0.0,6.433000000000001,6.485222222222221,6.4,6.51
2000-12-22,6.4,0.0,0.0,6.429333333333334,6.483888888888888,6.4,6.51
2000-12-23,6.4,0.0,0.0,6.425666666666667,6.482555555555556,6.4,6.51
2000-12-24,6.4,0.0,0.0,6.422000000000001,6.481222222222223,6.4,6.51
2000-12-25,6.4,0.0,0.0,6.418333333333334,6.479888888888889,6.4,6.51
2000-12-26,6.4,0.0,0.0,6.414666666666666,6.4785555555555545,6.4,6.51
2000-12-27,6.4,0.0,0.0,6.4110000000000005,6.477222222222221,6.4,6.51
2000-12-28,6.4,0.0,0.0,6.407333333333335,6.475888888888889,6.4,6.51
2000-12-29,6.4,0.0,0.0,6.403666666666667,6.474555555555556,6.4,6.51
2000-12-30,6.4,0.0,0.0,6.4,6.473333333333334,6.4,6.51
2000-12-31,6.4,0.0,0.0,6.4,6.472111111111111,6.4,6.4
2001-01-01,5.98,-0.41999999999999993,-0.06562499999999993,6.386,6.466222222222223,6.4,6.4
2001-01-02,5.98,0.0,0.0,6.372000000000001,6.460333333333333,6.4,6.4
2001-01-03,5.98,0.0,0.0,6.3580000000000005,6.454444444444444,6.4,6.4
2001-01-04,5.98,0.0,0.0,6.344,6.448555555555556,6.4,6.4
2001-01-05,5.98,0.0,0.0,6.33,6.442666666666667,6.4,6.4
2001-01-06,5.98,0.0,0.0,6.316,6.4367777777777775,6.4,6.4
2001-01-07,5.98,0.0,0.0,6.3020000000000005,6.430888888888888,6.4,6.4
2001-01-08,5.98,0.0,0.0,6.288,6.425,5.98,6.4
2001-01-09,5.98,0.0,0.0,6.274000000000001,6.419111111111111,5.98,6.4
2001-01-10,5.98,0.0,0.0,6.260000000000001,6.413222222222223,5.98,6.4
2001-01-11,5.98,0.0,0.0,6.2459999999999996,6.407333333333335,5.98,6.4
2001-01-12,5.98,0.0,0.0,6.232,6.4014444444444445,5.98,6.4
2001-01-13,5.98,0.0,0.0,6.218000000000001,6.395555555555556,5.98,6.4
2001-01-14,5.98,0.0,0.0,6.204,6.389666666666667,5.98,6.4
2001-01-15,5.98,0.0,0.0,6.19,6.3837777777777776,5.98,6.4
2001-01-16,5.98,0.0,0.0,6.176,6.377888888888889,5.98,6.4
2001-01-17,5.98,0.0,0.0,6.162000000000001,6.372,5.98,6.4
2001-01-18,5.98,0.0,0.0,6.148000000000001,6.366111111111111,5.98,6.4
2001-01-19,5.98,0.0,0.0,6.134,6.360222222222221,5.98,6.4
2001-01-20,5.98,0.0,0.0,6.120000000000001,6.354333333333333,5.98,6.4
2001-01-21,5.98,0.0,0.0,6.106,6.348444444444445,5.98,6.4
2001-01-22,5.98,0.0,0.0,6.092,6.342555555555556,5.98,6.4
2001-01-23,5.98,0.0,0.0,6.078000000000001,6.336666666666668,5.98,6.4
2001-01-24,5.98,0.0,0.0,6.064000000000001,6.3307777777777785,5.98,6.4
2001-01-25,5.98,0.0,0.0,6.050000000000001,6.324888888888889,5.98,6.4
2001-01-26,5.98,0.0,0.0,6.0360000000000005,6.319000000000001,5.98,6.4
2001-01-27,5.98,0.0,0.0,6.022,6.313111111111112,5.98,6.4
2001-01-28,5.98,0.0,0.0,6.008,6.307222222222222,5.98,6.4
2001-01-29,5.98,0.0,0.0,5.994000000000001,6.301333333333333,5.98,6.4
2001-01-30,5.98,0.0,0.0,5.98,6.295444444444445,5.98,6.4
2001-01-31,5.98,0.0,0.0,5.98,6.289555555555555,5.98,5.98
2001-02-01,5.49,-0.4900000000000002,-0.08193979933110374,5.963666666666668,6.2782222222222215,5.98,5.98
2001-02-02,5.49,0.0,0.0,5.947333333333334,6.2668888888888885,5.98,5.98
2001-02-03,5.49,0.0,0.0,5.931,6.2555555555555555,5.98,5.98
2001-02-04,5.49,0.0,0.0,5.914666666666667,6.244222222222223,5.98,5.98
2001-02-05,5.49,0.0,0.0,5.898333333333334,6.23288888888889,5.98,5.98
2001-02-06,5.49,0.0,0.0,5.882000000000001,6.221555555555556,5.98,5.98
2001-02-07,5.49,0.0,0.0,5.865666666666668,6.210222222222223,5.98,5.98
2001-02-08,5.49,0.0,0.0,5.849333333333333,6.19888888888889,5.49,5.98
2001-02-09,5.49,0.0,0.0,5.833,6.187555555555556,5.49,5.98
2001-02-10,5.49,0.0,0.0,5.816666666666667,6.176222222222222,5.49,5.98
2001-02-11,5.49,0.0,0.0,5.800333333333333,6.164888888888889,5.49,5.98
2001-02-12,5.49,0.0,0.0,5.784000000000001,6.153555555555556,5.49,5.98
2001-02-13,5.49,0.0,0.0,5.767666666666668,6.142222222222221,5.49,5.98
2001-02-14,5.49,0.0,0.0,5.751333333333333,6.130888888888888,5.49,5.98
2001-02-15,5.49,0.0,0.0,5.735,6.119555555555555,5.49,5.98
2001-02-16,5.49,0.0,0.0,5.718666666666667,6.108222222222222,5.49,5.98
2001-02-17,5.49,0.0,0.0,5.702333333333333,6.0968888888888895,5.49,5.98
2001-02-18,5.49,0.0,0.0,5.686000000000001,6.0855555555555565,5.49,5.98
2001-02-19,5.49,0.0,0.0,5.669666666666667,6.074222222222223,5.49,5.98
2001-02-20,5.49,0.0,0.0,5.653333333333334,6.06288888888889,5.49,5.98
2001-02-21,5.49,0.0,0.0,5.6370000000000005,6.051555555555557,5.49,5.98
2001-02-22,5.49,0.0,0.0,5.620666666666667,6.040222222222222,5.49,5.98
2001-02-23,5.49,0.0,0.0,5.604333333333334,6.028888888888889,5.49,5.98
2001-02-24,5.49,0.0,0.0,5.587999999999999,6.017555555555556,5.49,5.98
2001-02-25,5.49,0.0,0.0,5.571666666666667,6.006222222222221,5.49,5.98
2001-02-26,5.49,0.0,0.0,5.555333333333334,5.994888888888888,5.49,5.98
2001-02-27,5.49,0.0,0.0,5.539,5.983555555555555,5.49,5.98
2001-02-28,5.49,0.0,0.0,5.522666666666667,5.972222222222222,5.49,5.98
2001-03-01,5.31,-0.1800000000000006,-0.03278688524590179,5.500333333333334,5.960111111111112,5.49,5.98
2001-03-02,5.31,0.0,0.0,5.478,5.948,5.49,5.98
2001-03-03,5.31,0.0,0.0,5.472,5.935888888888889,5.49,5.49
2001-03-04,5.31,0.0,0.0,5.466,5.923777777777778,5.49,5.49
2001-03-05,5.31,0.0,0.0,5.46,5.911666666666667,5.49,5.49
2001-03-06,5.31,0.0,0.0,5.454,5.899555555555556,5.49,5.49
2001-03-07,5.31,0.0,0.0,5.4479999999999995,5.887444444444446,5.49,5.49
2001-03-08,5.31,0.0,0.0,5.441999999999999,5.875333333333333,5.31,5.49
2001-03-09,5.31,0.0,0.0,5.435999999999999,5.863222222222223,5.31,5.49
2001-03-10,5.31,0.0,0.0,5.430000000000001,5.851111111111111,5.31,5.49
2001-03-11,5.31,0.0,0.0,5.424,5.839000000000001,5.31,5.49
2001-03-12,5.31,0.0,0.0,5.418,5.82688888888889,5.31,5.49
2001-03-13,5.31,0.0,0.0,5.412000000000001,5.814777777777777,5.31,5.49
2001-03-14,5.31,0.0,0.0,5.406000000000001,5.802666666666667,5.31,5.49
2001-03-15,5.31,0.0,0.0,5.4,5.790555555555556,5.31,5.49
2001-03-16,5.31,0.0,0.0,5.394000000000001,5.778444444444445,5.31,5.49
2001-03-17,5.31,0.0,0.0,5.388,5.766333333333334,5.31,5.49
2001-03-18,5.31,0.0,0.0,5.382,5.754222222222222,5.31,5.49
2001-03-19,5.31,0.0,0.0,5.3759999999999994,5.742111111111111,5.31,5.49
2001-03-20,5.31,0.0,0.0,5.37,5.73,5.31,5.49
2001-03-21,5.31,0.0,0.0,5.364,5.717888888888889,5.31,5.49
2001-03-22,5.31,0.0,0.0,5.358,5.705777777777778,5.31,5.49
2001-03-23,5.31,0.0,0.0,5.352,5.693666666666667,5.31,5.49
2001-03-24,5.31,0.0,0.0,5.346,5.681555555555556,5.31,5.49
2001-03-25,5.31,0.0,0.0,5.34,5.669444444444444,5.31,5.49
2001-03-26,5.31,0.0,0.0,5.3340000000000005,5.657333333333333,5.31,5.49
2001-03-27,5.31,0.0,0.0,5.328,5.645222222222222,5.31,5.49
2001-03-28,5.31,0.0,0.0,5.321999999999999,5.633111111111111,5.31,5.49
2001-03-29,5.31,0.0,0.0,5.316,5.6209999999999996,5.31,5.49
2001-03-30,5.31,0.0,0.0,5.31,5.608888888888889,5.31,5.49
2001-03-31,5.31,0.0,0.0,5.31,5.596777777777778,5.31,5.31
2001-04-01,4.8,-0.5099999999999998,-0.096045197740113,5.293,5.583666666666667,5.31,5.31
2001-04-02,4.8,0.0,0.0,5.275999999999999,5.570555555555556,5.31,5.31
2001-04-03,4.8,0.0,0.0,5.2589999999999995,5.557444444444444,5.31,5.31
2001-04-04,4.8,0.0,0.0,5.242,5.544333333333333,5.31,5.31
2001-04-05,4.8,0.0,0.0,5.224999999999999,5.5312222222222225,5.31,5.31
2001-04-06,4.8,0.0,0.0,5.208,5.518111111111111,5.31,5.31
2001-04-07,4.8,0.0,0.0,5.191,5.505000000000001,5.31,5.31
2001-04-08,4.8,0.0,0.0,5.174,5.491888888888889,4.8,5.31
2001-04-09,4.8,0.0,0.0,5.156999999999999,5.478777777777777,4.8,5.31
2001-04-10,4.8,0.0,0.0,5.14,5.465666666666667,4.8,5.31
2001-04-11,4.8,0.0,0.0,5.123,5.452555555555556,4.8,5.31
2001-04-12,4.8,0.0,0.0,5.105999999999999,5.439444444444445,4.8,5.31
2001-04-13,4.8,0.0,0.0,5.0889999999999995,5.426333333333333,4.8,5.31
2001-04-14,4.8,0.0,0.0,5.071999999999999,5.413222222222222,4.8,5.31
2001-04-15,4.8,0.0,0.0,5.054999999999999,5.400111111111111,4.8,5.31
2001-04-16,4.8,0.0,0.0,5.038,5.387,4.8,5.31
2001-04-17,4.8,0.0,0.0,5.021,5.37388888888889,4.8,5.31
2001-04-18,4.8,0.0,0.0,5.0040000000000004,5.360777777777778,4.8,5.31
2001-04-19,4.8,0.0,0.0,4.986999999999999,5.347666666666666,4.8,5.31
2001-04-20,4.8,0.0,0.0,4.97,5.334555555555555,4.8,5.31
2001-04-21,4.8,0.0,0.0,4.953,5.321444444444444,4.8,5.31
2001-04-22,4.8,0.0,0.0,4.935999999999999,5.308333333333334,4.8,5.31
2001-04-23,4.8,0.0,0.0,4.919,5.295222222222222,4.8,5.31
2001-04-24,4.8,0.0,0.0,4.901999999999999,5.282111111111111,4.8,5.31
2001-04-25,4.8,0.0,0.0,4.885,5.269,4.8,5.31
2001-04-26,4.8,0.0,0.0,4.867999999999999,5.255888888888889,4.8,5.31
2001-04-27,4.8,0.0,0.0,4.851,5.242777777777778,4.8,5.31
2001-04-28,4.8,0.0,0.0,4.8340000000000005,5.229666666666666,4.8,5.31
2001-04-29,4.8,0.0,0.0,4.816999999999999,5.216555555555555,4.8,5.31
2001-04-30,4.8,0.0,0.0,4.8,5.203444444444444,4.8,5.31
2001-05-01,4.21,-0.5899999999999999,-0.12291666666666667,4.780333333333333,5.183777777777777,4.8,4.8
2001-05-02,4.21,0.0,0.0,4.760666666666666,5.169555555555555,4.8,4.8
2001-05-03,4.21,0.0,0.0,4.741,5.155333333333333,4.8,4.8
2001-05-04,4.21,0.0,0.0,4.721333333333333,5.141111111111111,4.8,4.8
2001-05-05,4.21,0.0,0.0,4.701666666666667,5.126888888888889,4.8,4.8
2001-05-06,4.21,0.0,0.0,4.6819999999999995,5.112666666666667,4.8,4.8
2001-05-07,4.21,0.0,0.0,4.662333333333334,5.098444444444445,4.8,4.8
2001-05-08,4.21,0.0,0.0,4.642666666666667,5.084222222222222,4.21,4.8
2001-05-09,4.21,0.0,0.0,4.623,5.069999999999999,4.21,4.8
2001-05-10,4.21,0.0,0.0,4.6033333333333335,5.055777777777777,4.21,4.8
2001-05-11,4.21,0.0,0.0,4.583666666666667,5.041555555555556,4.21,4.8
2001-05-12,4.21,0.0,0.0,4.564000000000001,5.027333333333333,4.21,4.8
2001-05-13,4.21,0.0,0.0,4.5443333333333324,5.013111111111111,4.21,4.8
2001-05-14,4.21,0.0,0.0,4.524666666666667,4.998888888888889,4.21,4.8
2001-05-15,4.21,0.0,0.0,4.505,4.984666666666666,4.21,4.8
2001-05-16,4.21,0.0,0.0,4.485333333333332,4.970444444444444,4.21,4.8
2001-05-17,4.21,0.0,0.0,4.4656666666666665,4.956222222222222,4.21,4.8
2001-05-18,4.21,0.0,0.0,4.446,4.941999999999999,4.21,4.8
2001-05-19,4.21,0.0,0.0,4.426333333333334,4.927777777777778,4.21,4.8
2001-05-20,4.21,0.0,0.0,4.406666666666666,4.913555555555555,4.21,4.8
2001-05-21,4.21,0.0,0.0,4.3870000000000005,4.899333333333333,4.21,4.8
2001-05-22,4.21,0.0,0.0,4.367333333333334,4.885111111111111,4.21,4.8
2001-05-23,4.21,0.0,0.0,4.347666666666667,4.870888888888889,4.21,4.8
2001-05-24,4.21,0.0,0.0,4.328,4.856666666666667,4.21,4.8
2001-05-25,4.21,0.0,0.0,4.308333333333334,4.842444444444444,4.21,4.8
2001-05-26,4.21,0.0,0.0,4.288666666666667,4.828222222222222,4.21,4.8
2001-05-27,4.21,0.0,0.0,4.269,4.814,4.21,4.8
2001-05-28,4.21,0.0,0.0,4.249333333333333,4.799777777777777,4.21,4.8
2001-05-29,4.21,0.0,0.0,4.229666666666667,4.785555555555555,4.21,4.8
2001-05-30,4.21,0.0,0.0,4.21,4.773333333333333,4.21,4.8
2001-05-31,4.21,0.0,0.0,4.21,4.761111111111111,4.21,4.21
2001-06-01,3.97,-0.23999999999999977,-0.05700712589073631,4.202,4.746222222222222,4.21,4.21
2001-06-02,3.97,0.0,0.0,4.194,4.731333333333334,4.21,4.21
2001-06-03,3.97,0.0,0.0,4.186,4.716444444444445,4.21,4.21
2001-06-04,3.97,0.0,0.0,4.178,4.701555555555555,4.21,4.21
2001-06-05,3.97,0.0,0.0,4.17,4.6866666666666665,4.21,4.21
2001-06-06,3.97,0.0,0.0,4.162,4.671777777777778,4.21,4.21
2001-06-07,3.97,0.0,0.0,4.154,4.656888888888889,4.21,4.21
2001-06-08,3.97,0.0,0.0,4.146,4.6419999999999995,3.97,4.21
2001-06-09,3.97,0.0,0.0,4.138,4.627111111111111,3.97,4.21
2001-06-10,3.97,0.0,0.0,4.13,4.612222222222222,3.97,4.21
2001-06-11,3.97,0.0,0.0,4.122000000000001,4.597333333333333,3.97,4.21
2001-06-12,3.97,0.0,0.0,4.114,4.582444444444444,3.97,4.21
2001-06-13,3.97,0.0,0.0,4.106,4.567555555555556,3.97,4.21
2001-06-14,3.97,0.0,0.0,4.098,4.552666666666666,3.97,4.21
2001-06-15,3.97,0.0,0.0,4.09,4.5377777777777775,3.97,4.21
2001-06-16,3.97,0.0,0.0,4.082,4.522888888888888,3.97,4.21
2001-06-17,3.97,0.0,0.0,4.074,4.508,3.97,4.21
2001-06-18,3.97,0.0,0.0,4.066,4.493111111111111,3.97,4.21
2001-06-19,3.97,0.0,0.0,4.058,4.478222222222222,3.97,4.21
2001-06-20,3.97,0.0,0.0,4.05,4.463333333333334,3.97,4.21
2001-06-21,3.97,0.0,0.0,4.042,4.448444444444444,3.97,4.21
2001-06-22,3.97,0.0,0.0,4.034000000000001,4.433555555555556,3.97,4.21
2001-06-23,3.97,0.0,0.0,4.026000000000001,4.418666666666667,3.97,4.21
2001-06-24,3.97,0.0,0.0,4.018,4.403777777777778,3.97,4.21
2001-06-25,3.97,0.0,0.0,4.010000000000001,4.388888888888889,3.97,4.21
2001-06-26,3.97,0.0,0.0,4.002,4.3740000000000006,3.97,4.21
2001-06-27,3.97,0.0,0.0,3.994,4.359111111111111,3.97,4.21
2001-06-28,3.97,0.0,0.0,3.9859999999999998,4.344222222222222,3.97,4.21
2001-06-29,3.97,0.0,0.0,3.978,4.3293333333333335,3.97,4.21
2001-06-30,3.97,0.0,0.0,3.97,4.320111111111111,3.97,4.21
2001-07-01,3.77,-0.20000000000000018,-0.05037783375314864,3.9633333333333334,4.308666666666666,3.97,3.97
2001-07-02,3.77,0.0,0.0,3.9566666666666666,4.2972222222222225,3.97,3.97
2001-07-03,3.77,0.0,0.0,3.95,4.285777777777778,3.97,3.97
2001-07-04,3.77,0.0,0.0,3.9433333333333334,4.274333333333333,3.97,3.97
2001-07-05,3.77,0.0,0.0,3.936666666666667,4.262888888888889,3.97,3.97
2001-07-06,3.77,0.0,0.0,3.93,4.251444444444444,3.97,3.97
2001-07-07,3.77,0.0,0.0,3.9233333333333333,4.24,3.97,3.97
2001-07-08,3.77,0.0,0.0,3.916666666666667,4.228555555555555,3.77,3.97
2001-07-09,3.77,0.0,0.0,3.9100000000000006,4.2171111111111115,3.77,3.97
2001-07-10,3.77,0.0,0.0,3.9033333333333338,4.205666666666667,3.77,3.97
2001-07-11,3.77,0.0,0.0,3.8966666666666665,4.194222222222222,3.77,3.97
2001-07-12,3.77,0.0,0.0,3.89,4.182777777777778,3.77,3.97
2001-07-13,3.77,0.0,0.0,3.8833333333333333,4.171333333333333,3.77,3.97
2001-07-14,3.77,0.0,0.0,3.8766666666666665,4.159888888888888,3.77,3.97
2001-07-15,3.77,0.0,0.0,3.87,4.148444444444444,3.77,3.97
2001-07-16,3.77,0.0,0.0,3.8633333333333337,4.137,3.77,3.97
2001-07-17,3.77,0.0,0.0,3.856666666666667,4.125555555555556,3.77,3.97
2001-07-18,3.77,0.0,0.0,3.85,4.114111111111112,3.77,3.97
2001-07-19,3.77,0.0,0.0,3.8433333333333337,4.102666666666667,3.77,3.97
2001-07-20,3.77,0.0,0.0,3.836666666666667,4.091222222222222,3.77,3.97
2001-07-21,3.77,0.0,0.0,3.83,4.079777777777778,3.77,3.97
2001-07-22,3.77,0.0,0.0,3.823333333333333,4.068333333333333,3.77,3.97
2001-07-23,3.77,0.0,0.0,3.816666666666667,4.0568888888888885,3.77,3.97
2001-07-24,3.77,0.0,0.0,3.81,4.045444444444445,3.77,3.97
2001-07-25,3.77,0.0,0.0,3.8033333333333332,4.034,3.77,3.97
2001-07-26,3.77,0.0,0.0,3.796666666666667,4.022555555555555,3.77,3.97
2001-07-27,3.77,0.0,0.0,3.79,4.011111111111111,3.77,3.97
2001-07-28,3.77,0.0,0.0,3.783333333333333,3.999666666666667,3.77,3.97
2001-07-29,3.77,0.0,0.0,3.7766666666666664,3.9882222222222223,3.77,3.97
2001-07-30,3.77,0.0,0.0,3.77,3.9833333333333334,3.77,3.97
2001-07-31,3.77,0.0,0.0,3.77,3.9784444444444444,3.77,3.77
2001-08-01,3.65,-0.1200000000000001,-0.03183023872679047,3.766,3.9722222222222223,3.77,3.77
2001-08-02,3.65,0.0,0.0,3.762,3.9660000000000006,3.77,3.77
2001-08-03,3.65,0.0,0.0,3.7580000000000005,3.9597777777777776,3.77,3.77
2001-08-04,3.65,0.0,0.0,3.7539999999999996,3.9535555555555555,3.77,3.77
2001-08-05,3.65,0.0,0.0,3.75,3.947333333333334,3.77,3.77
2001-08-06,3.65,0.0,0.0,3.7460000000000004,3.941111111111111,3.77,3.77
2001-08-07,3.65,0.0,0.0,3.7419999999999995,3.9348888888888895,3.77,3.77
2001-08-08,3.65,0.0,0.0,3.738,3.9286666666666665,3.65,3.77
2001-08-09,3.65,0.0,0.0,3.734,3.9224444444444444,3.65,3.77
2001-08-10,3.65,0.0,0.0,3.73,3.9162222222222227,3.65,3.77
2001-08-11,3.65,0.0,0.0,3.726,3.9099999999999997,3.65,3.77
2001-08-12,3.65,0.0,0.0,3.722,3.903777777777778,3.65,3.77
2001-08-13,3.65,0.0,0.0,3.7180000000000004,3.897555555555556,3.65,3.77
2001-08-14,3.65,0.0,0.0,3.7139999999999995,3.891333333333333,3.65,3.77
2001-08-15,3.65,0.0,0.0,3.71,3.885111111111111,3.65,3.77
2001-08-16,3.65,0.0,0.0,3.7060000000000004,3.878888888888889,3.65,3.77
2001-08-17,3.65,0.0,0.0,3.702,3.872666666666667,3.65,3.77
2001-08-18,3.65,0.0,0.0,3.698,3.866444444444445,3.65,3.77
2001-08-19,3.65,0.0,0.0,3.694,3.8602222222222218,3.65,3.77
2001-08-20,3.65,0.0,0.0,3.69,3.854,3.65,3.77
2001-08-21,3.65,0.0,0.0,3.6860000000000004,3.847777777777778,3.65,3.77
2001-08-22,3.65,0.0,0.0,3.682,3.841555555555556,3.65,3.77
2001-08-23,3.65,0.0,0.0,3.678,3.8353333333333333,3.65,3.77
2001-08-24,3.65,0.0,0.0,3.674,3.829111111111111,3.65,3.77
2001-08-25,3.65,0.0,0.0,3.67,3.822888888888889,3.65,3.77
2001-08-26,3.65,0.0,0.0,3.6659999999999995,3.816666666666667,3.65,3.77
2001-08-27,3.65,0.0,0.0,3.662,3.810444444444445,3.65,3.77
2001-08-28,3.65,0.0,0.0,3.6580000000000004,3.804222222222222,3.65,3.77
2001-08-29,3.65,0.0,0.0,3.6539999999999995,3.798,3.65,3.77
2001-08-30,3.65,0.0,0.0,3.65,3.7944444444444443,3.65,3.77
2001-08-31,3.65,0.0,0.0,3.65,3.790888888888889,3.65,3.65
2001-09-01,3.07,-0.5800000000000001,-0.1589041095890411,3.630666666666667,3.7808888888888887,3.65,3.65
2001-09-02,3.07,0.0,0.0,3.611333333333333,3.770888888888889,3.65,3.65
2001-09-03,3.07,0.0,0.0,3.592,3.7608888888888883,3.65,3.65
2001-09-04,3.07,0.0,0.0,3.572666666666666,3.7508888888888894,3.65,3.65
2001-09-05,3.07,0.0,0.0,3.5533333333333332,3.740888888888889,3.65,3.65
2001-09-06,3.07,0.0,0.0,3.534,3.7308888888888894,3.65,3.65
2001-09-07,3.07,0.0,0.0,3.5146666666666664,3.7208888888888887,3.65,3.65
2001-09-08,3.07,0.0,0.0,3.4953333333333334,3.710888888888889,3.07,3.65
2001-09-09,3.07,0.0,0.0,3.476,3.7008888888888887,3.07,3.65
2001-09-10,3.07,0.0,0.0,3.456666666666666,3.690888888888889,3.07,3.65
2001-09-11,3.07,0.0,0.0,3.4373333333333336,3.6808888888888887,3.07,3.65
2001-09-12,3.07,0.0,0.0,3.4179999999999997,3.6708888888888893,3.07,3.65
2001-09-13,3.07,0.0,0.0,3.3986666666666667,3.660888888888889,3.07,3.65
2001-09-14,3.07,0.0,0.0,3.3793333333333333,3.650888888888889,3.07,3.65
2001-09-15,3.07,0.0,0.0,3.3599999999999994,3.640888888888889,3.07,3.65
2001-09-16,3.07,0.0,0.0,3.3406666666666665,3.6308888888888884,3.07,3.65
2001-09-17,3.07,0.0,0.0,3.321333333333333,3.620888888888889,3.07,3.65
2001-09-18,3.07,0.0,0.0,3.302,3.6108888888888884,3.07,3.65
2001-09-19,3.07,0.0,0.0,3.282666666666666,3.6008888888888886,3.07,3.65
2001-09-20,3.07,0.0,0.0,3.263333333333333,3.5908888888888884,3.07,3.65
2001-09-21,3.07,0.0,0.0,3.2439999999999998,3.580888888888889,3.07,3.65
2001-09-22,3.07,0.0,0.0,3.2246666666666663,3.570888888888889,3.07,3.65
2001-09-23,3.07,0.0,0.0,3.2053333333333334,3.560888888888889,3.07,3.65
2001-09-24,3.07,0.0,0.0,3.186,3.5508888888888888,3.07,3.65
2001-09-25,3.07,0.0,0.0,3.1666666666666665,3.540888888888889,3.07,3.65
2001-09-26,3.07,0.0,0.0,3.1473333333333335,3.5308888888888887,3.07,3.65
2001-09-27,3.07,0.0,0.0,3.1279999999999997,3.520888888888889,3.07,3.65
2001-09-28,3.07,0.0,0.0,3.1086666666666667,3.5108888888888883,3.07,3.65
2001-09-29,3.07,0.0,0.0,3.0893333333333333,3.5031111111111115,3.07,3.65
2001-09-30,3.07,0.0,0.0,3.07,3.495333333333334,3.07,3.65
2001-10-01,2.49,-0.5799999999999996,-0.18892508143322462,3.0506666666666664,3.481111111111111,3.07,3.07
2001-10-02,2.49,0.0,0.0,3.0313333333333334,3.4668888888888887,3.07,3.07
2001-10-03,2.49,0.0,0.0,3.012,3.4526666666666666,3.07,3.07
2001-10-04,2.49,0.0,0.0,2.9926666666666666,3.4384444444444444,3.07,3.07
2001-10-05,2.49,0.0,0.0,2.973333333333333,3.4242222222222223,3.07,3.07
2001-10-06,2.49,0.0,0.0,2.954,3.4100000000000006,3.07,3.07
2001-10-07,2.49,0.0,0.0,2.9346666666666663,3.395777777777778,3.07,3.07
2001-10-08,2.49,0.0,0.0,2.9153333333333338,3.3815555555555554,2.49,3.07
2001-10-09,2.49,0.0,0.0,2.896,3.3673333333333333,2.49,3.07
2001-10-10,2.49,0.0,0.0,2.8766666666666665,3.3531111111111107,2.49,3.07
2001-10-11,2.49,0.0,0.0,2.8573333333333335,3.338888888888889,2.49,3.07
2001-10-12,2.49,0.0,0.0,2.838,3.324666666666667,2.49,3.07
2001-10-13,2.49,0.0,0.0,2.818666666666666,3.3104444444444443,2.49,3.07
2001-10-14,2.49,0.0,0.0,2.7993333333333337,3.2962222222222217,2.49,3.07
2001-10-15,2.49,0.0,0.0,2.7800000000000002,3.282,2.49,3.07
2001-10-16,2.49,0.0,0.0,2.7606666666666664,3.2677777777777774,2.49,3.07
2001-10-17,2.49,0.0,0.0,2.741333333333334,3.2535555555555553,2.49,3.07
2001-10-18,2.49,0.0,0.0,2.722,3.2393333333333336,2.49,3.07
2001-10-19,2.49,0.0,0.0,2.702666666666667,3.225111111111111,2.49,3.07
2001-10-20,2.49,0.0,0.0,2.683333333333333,3.210888888888889,2.49,3.07
2001-10-21,2.49,0.0,0.0,2.664,3.1966666666666663,2.49,3.07
2001-10-22,2.49,0.0,0.0,2.6446666666666667,3.182444444444444,2.49,3.07
2001-10-23,2.49,0.0,0.0,2.6253333333333333,3.168222222222222,2.49,3.07
2001-10-24,2.49,0.0,0.0,2.6060000000000003,3.1540000000000004,2.49,3.07
2001-10-25,2.49,0.0,0.0,2.586666666666667,3.1397777777777782,2.49,3.07
2001-10-26,2.49,0.0,0.0,2.567333333333333,3.1255555555555556,2.49,3.07
2001-10-27,2.49,0.0,0.0,2.5480000000000005,3.111333333333333,2.49,3.07
2001-10-28,2.49,0.0,0.0,2.5286666666666666,3.0971111111111114,2.49,3.07
2001-10-29,2.49,0.0,0.0,2.509333333333333,3.082888888888889,2.49,3.07
2001-10-30,2.49,0.0,0.0,2.49,3.0700000000000003,2.49,3.07
2001-10-31,2.49,0.0,0.0,2.49,3.057111111111111,2.49,2.49
2001-11-01,2.09,-0.40000000000000036,-0.1606425702811246,2.476666666666667,3.0397777777777777,2.49,2.49
2001-11-02,2.09,0.0,0.0,2.4633333333333334,3.022444444444445,2.49,2.49
2001-11-03,2.09,0.0,0.0,2.45,3.005111111111111,2.49,2.49
2001-11-04,2.09,0.0,0.0,2.436666666666667,2.987777777777778,2.49,2.49
2001-11-05,2.09,0.0,0.0,2.4233333333333333,2.970444444444444,2.49,2.49
2001-11-06,2.09,0.0,0.0,2.4100000000000006,2.953111111111111,2.49,2.49
2001-11-07,2.09,0.0,0.0,2.3966666666666665,2.935777777777778,2.49,2.49
2001-11-08,2.09,0.0,0.0,2.3833333333333333,2.918444444444444,2.09,2.49
2001-11-09,2.09,0.0,0.0,2.37,2.901111111111111,2.09,2.49
2001-11-10,2.09,0.0,0.0,2.356666666666667,2.8837777777777776,2.09,2.49
2001-11-11,2.09,0.0,0.0,2.3433333333333333,2.866444444444445,2.09,2.49
2001-11-12,2.09,0.0,0.0,2.33,2.849111111111111,2.09,2.49
2001-11-13,2.09,0.0,0.0,2.316666666666667,2.831777777777778,2.09,2.49
2001-11-14,2.09,0.0,0.0,2.3033333333333337,2.8144444444444447,2.09,2.49
2001-11-15,2.09,0.0,0.0,2.29,2.797111111111111,2.09,2.49
2001-11-16,2.09,0.0,0.0,2.2766666666666664,2.779777777777778,2.09,2.49
2001-11-17,2.09,0.0,0.0,2.2633333333333336,2.7624444444444443,2.09,2.49
2001-11-18,2.09,0.0,0.0,2.25,2.745111111111111,2.09,2.49
2001-11-19,2.09,0.0,0.0,2.2366666666666664,2.727777777777778,2.09,2.49
2001-11-20,2.09,0.0,0.0,2.2233333333333336,2.710444444444444,2.09,2.49
2001-11-21,2.09,0.0,0.0,2.21,2.693111111111111,2.09,2.49
2001-11-22,2.09,0.0,0.0,2.1966666666666668,2.675777777777778,2.09,2.49
2001-11-23,2.09,0.0,0.0,2.183333333333333,2.6584444444444446,2.09,2.49
2001-11-24,2.09,0.0,0.0,2.17,2.6411111111111114,2.09,2.49
2001-11-25,2.09,0.0,0.0,2.1566666666666667,2.6237777777777778,2.09,2.49
2001-11-26,2.09,0.0,0.0,2.143333333333333,2.606444444444444,2.09,2.49
2001-11-27,2.09,0.0,0.0,2.13,2.589111111111111,2.09,2.49
2001-11-28,2.09,0.0,0.0,2.1166666666666663,2.5717777777777777,2.09,2.49
2001-11-29,2.09,0.0,0.0,2.103333333333333,2.5544444444444445,2.09,2.49
2001-11-30,2.09,0.0,0.0,2.09,2.543555555555556,2.09,2.49
2001-12-01,1.82,-0.2699999999999998,-0.1291866028708133,2.081,2.5296666666666665,2.09,2.09
2001-12-02,1.82,0.0,0.0,2.072,2.5157777777777777,2.09,2.09
2001-12-03,1.82,0.0,0.0,2.0629999999999997,2.5018888888888893,2.09,2.09
2001-12-04,1.82,0.0,0.0,2.054,2.488,2.09,2.09
2001-12-05,1.82,0.0,0.0,2.045,2.474111111111111,2.09,2.09
2001-12-06,1.82,0.0,0.0,2.036,2.460222222222222,2.09,2.09
2001-12-07,1.82,0.0,0.0,2.0269999999999997,2.4463333333333335,2.09,2.09
2001-12-08,1.82,0.0,0.0,2.018,2.4324444444444446,1.82,2.09
2001-12-09,1.82,0.0,0.0,2.009,2.4185555555555553,1.82,2.09
2001-12-10,1.82,0.0,0.0,2.0,2.4046666666666665,1.82,2.09
2001-12-11,1.82,0.0,0.0,1.9909999999999999,2.3907777777777777,1.82,2.09
2001-12-12,1.82,0.0,0.0,1.982,2.3768888888888893,1.82,2.09
2001-12-13,1.82,0.0,0.0,1.9729999999999999,2.363,1.82,2.09
2001-12-14,1.82,0.0,0.0,1.964,2.349111111111111,1.82,2.09
2001-12-15,1.82,0.0,0.0,1.9549999999999998,2.335222222222222,1.82,2.09
2001-12-16,1.82,0.0,0.0,1.9460000000000002,2.3213333333333335,1.82,2.09
2001-12-17,1.82,0.0,0.0,1.937,2.3074444444444446,1.82,2.09
2001-12-18,1.82,0.0,0.0,1.9280000000000002,2.2935555555555553,1.82,2.09
2001-12-19,1.82,0.0,0.0,1.919,2.2796666666666665,1.82,2.09
2001-12-20,1.82,0.0,0.0,1.9100000000000001,2.265777777777778,1.82,2.09
2001-12-21,1.82,0.0,0.0,1.901,2.2518888888888893,1.82,2.09
2001-12-22,1.82,0.0,0.0,1.8920000000000001,2.238,1.82,2.09
2001-12-23,1.82,0.0,0.0,1.883,2.224111111111111,1.82,2.09
2001-12-24,1.82,0.0,0.0,1.8739999999999999,2.2102222222222223,1.82,2.09
2001-12-25,1.82,0.0,0.0,1.8649999999999998,2.1963333333333335,1.82,2.09
2001-12-26,1.82,0.0,0.0,1.856,2.182444444444444,1.82,2.09
2001-12-27,1.82,0.0,0.0,1.847,2.1685555555555553,1.82,2.09
2001-12-28,1.82,0.0,0.0,1.838,2.154666666666667,1.82,2.09
2001-12-29,1.82,0.0,0.0,1.829,2.140777777777778,1.82,2.09
2001-12-30,1.82,0.0,0.0,1.82,2.1333333333333333,1.82,2.09
2001-12-31,1.82,0.0,0.0,1.82,2.1258888888888885,1.82,1.82
2002-01-01,1.73,-0.09000000000000008,-0.0494505494505495,1.8170000000000002,2.1174444444444447,1.82,1.82
2002-01-02,1.73,0.0,0.0,1.814,2.109,1.82,1.82
2002-01-03,1.73,0.0,0.0,1.8110000000000002,2.1005555555555553,1.82,1.82
2002-01-04,1.73,0.0,0.0,1.808,2.0921111111111115,1.82,1.82
2002-01-05,1.73,0.0,0.0,1.805,2.083666666666667,1.82,1.82
2002-01-06,1.73,0.0,0.0,1.802,2.075222222222222,1.82,1.82
2002-01-07,1.73,0.0,0.0,1.799,2.066777777777778,1.82,1.82
2002-01-08,1.73,0.0,0.0,1.796,2.058333333333333,1.73,1.82
2002-01-09,1.73,0.0,0.0,1.793,2.049888888888889,1.73,1.82
2002-01-10,1.73,0.0,0.0,1.79,2.041444444444444,1.73,1.82
2002-01-11,1.73,0.0,0.0,1.787,2.033,1.73,1.82
2002-01-12,1.73,0.0,0.0,1.784,2.0245555555555557,1.73,1.82
2002-01-13,1.73,0.0,0.0,1.781,2.016111111111111,1.73,1.82
2002-01-14,1.73,0.0,0.0,1.7779999999999998,2.0076666666666667,1.73,1.82
2002-01-15,1.73,0.0,0.0,1.775,1.9992222222222222,1.73,1.82
2002-01-16,1.73,0.0,0.0,1.7719999999999998,1.9907777777777775,1.73,1.82
2002-01-17,1.73,0.0,0.0,1.769,1.9823333333333333,1.73,1.82
2002-01-18,1.73,0.0,0.0,1.7659999999999998,1.973888888888889,1.73,1.82
2002-01-19,1.73,0.0,0.0,1.7630000000000001,1.9654444444444443,1.73,1.82
2002-01-20,1.73,0.0,0.0,1.76,1.9570000000000003,1.73,1.82
2002-01-21,1.73,0.0,0.0,1.757,1.9485555555555556,1.73,1.82
2002-01-22,1.73,0.0,0.0,1.754,1.940111111111111,1.73,1.82
2002-01-23,1.73,0.0,0.0,1.751,1.9316666666666669,1.73,1.82
2002-01-24,1.73,0.0,0.0,1.7480000000000002,1.9232222222222222,1.73,1.82
2002-01-25,1.73,0.0,0.0,1.745,1.9147777777777777,1.73,1.82
2002-01-26,1.73,0.0,0.0,1.7420000000000002,1.9063333333333332,1.73,1.82
2002-01-27,1.73,0.0,0.0,1.739,1.897888888888889,1.73,1.82
2002-01-28,1.73,0.0,0.0,1.7360000000000002,1.8894444444444443,1.73,1.82
2002-01-29,1.73,0.0,0.0,1.733,1.881,1.73,1.82
2002-01-30,1.73,0.0,0.0,1.73,1.877,1.73,1.82
2002-01-31,1.73,0.0,0.0,1.73,1.873,1.73,1.73
2002-02-01,1.74,0.010000000000000009,0.005780346820809301,1.7303333333333335,1.8691111111111112,1.73,1.73
2002-02-02,1.74,0.0,0.0,1.7306666666666666,1.8652222222222223,1.73,1.73
2002-02-03,1.74,0.0,0.0,1.731,1.861333333333333,1.73,1.73
2002-02-04,1.74,0.0,0.0,1.7313333333333334,1.8574444444444442,1.73,1.73
2002-02-05,1.74,0.0,0.0,1.7316666666666665,1.8535555555555554,1.73,1.73
2002-02-06,1.74,0.0,0.0,1.732,1.8496666666666666,1.73,1.73
2002-02-07,1.74,0.0,0.0,1.7323333333333333,1.8457777777777777,1.73,1.73
2002-02-08,1.74,0.0,0.0,1.7326666666666668,1.841888888888889,1.74,1.73
2002-02-09,1.74,0.0,0.0,1.7329999999999999,1.838,1.74,1.73
2002-02-10,1.74,0.0,0.0,1.7333333333333334,1.834111111111111,1.74,1.73
2002-02-11,1.74,0.0,0.0,1.7336666666666667,1.8302222222222222,1.74,1.73
2002-02-12,1.74,0.0,0.0,1.7339999999999998,1.8263333333333334,1.74,1.73
2002-02-13,1.74,0.0,0.0,1.7343333333333333,1.8224444444444443,1.74,1.73
2002-02-14,1.74,0.0,0.0,1.7346666666666666,1.8185555555555555,1.74,1.73
2002-02-15,1.74,0.0,0.0,1.735,1.8146666666666669,1.74,1.73
2002-02-16,1.74,0.0,0.0,1.7353333333333332,1.8107777777777778,1.74,1.73
2002-02-17,1.74,0.0,0.0,1.7356666666666667,1.806888888888889,1.74,1.73
2002-02-18,1.74,0.0,0.0,1.736,1.8030000000000002,1.74,1.73
2002-02-19,1.74,0.0,0.0,1.7363333333333335,1.7991111111111109,1.74,1.73
2002-02-20,1.74,0.0,0.0,1.7366666666666668,1.795222222222222,1.74,1.73
2002-02-21,1.74,0.0,0.0,1.7369999999999999,1.7913333333333332,1.74,1.73
2002-02-22,1.74,0.0,0.0,1.7373333333333334,1.7874444444444442,1.74,1.73
2002-02-23,1.74,0.0,0.0,1.7376666666666665,1.7835555555555556,1.74,1.73
2002-02-24,1.74,0.0,0.0,1.738,1.779666666666667,1.74,1.73
2002-02-25,1.74,0.0,0.0,1.7383333333333333,1.7757777777777777,1.74,1.73
2002-02-26,1.74,0.0,0.0,1.7386666666666668,1.7718888888888888,1.74,1.73
2002-02-27,1.74,0.0,0.0,1.7389999999999999,1.768,1.74,1.73
2002-02-28,1.74,0.0,0.0,1.7393333333333334,1.764111111111111,1.74,1.73
2002-03-01,1.73,-0.010000000000000009,-0.005747126436781658,1.7393333333333334,1.7631111111111113,1.74,1.73
2002-03-02,1.73,0.0,0.0,1.7393333333333334,1.7621111111111112,1.74,1.73
2002-03-03,1.73,0.0,0.0,1.7389999999999999,1.761111111111111,1.74,1.74
2002-03-04,1.73,0.0,0.0,1.7386666666666668,1.7601111111111112,1.74,1.74
2002-03-05,1.73,0.0,0.0,1.7383333333333333,1.759111111111111,1.74,1.74
2002-03-06,1.73,0.0,0.0,1.738,1.7581111111111114,1.74,1.74
2002-03-07,1.73,0.0,0.0,1.7376666666666667,1.757111111111111,1.74,1.74
2002-03-08,1.73,0.0,0.0,1.7373333333333332,1.756111111111111,1.73,1.74
2002-03-09,1.73,0.0,0.0,1.7369999999999999,1.7551111111111113,1.73,1.74
2002-03-10,1.73,0.0,0.0,1.7366666666666666,1.7541111111111112,1.73,1.74
2002-03-11,1.73,0.0,0.0,1.7363333333333335,1.753111111111111,1.73,1.74
2002-03-12,1.73,0.0,0.0,1.736,1.7521111111111112,1.73,1.74
2002-03-13,1.73,0.0,0.0,1.7356666666666667,1.751111111111111,1.73,1.74
2002-03-14,1.73,0.0,0.0,1.7353333333333334,1.7501111111111114,1.73,1.74
2002-03-15,1.73,0.0,0.0,1.735,1.7491111111111113,1.73,1.74
2002-03-16,1.73,0.0,0.0,1.7346666666666666,1.748111111111111,1.73,1.74
2002-03-17,1.73,0.0,0.0,1.734333333333333,1.7471111111111113,1.73,1.74
2002-03-18,1.73,0.0,0.0,1.7340000000000002,1.7461111111111112,1.73,1.74
2002-03-19,1.73,0.0,0.0,1.7336666666666667,1.745111111111111,1.73,1.74
2002-03-20,1.73,0.0,0.0,1.7333333333333334,1.7441111111111112,1.73,1.74
2002-03-21,1.73,0.0,0.0,1.733,1.743111111111111,1.73,1.74
2002-03-22,1.73,0.0,0.0,1.7326666666666668,1.742111111111111,1.73,1.74
2002-03-23,1.73,0.0,0.0,1.7323333333333333,1.7411111111111113,1.73,1.74
2002-03-24,1.73,0.0,0.0,1.7319999999999998,1.740111111111111,1.73,1.74
2002-03-25,1.73,0.0,0.0,1.7316666666666667,1.7391111111111108,1.73,1.74
2002-03-26,1.73,0.0,0.0,1.7313333333333332,1.7381111111111112,1.73,1.74
2002-03-27,1.73,0.0,0.0,1.731,1.737111111111111,1.73,1.74
2002-03-28,1.73,0.0,0.0,1.7306666666666666,1.7361111111111112,1.73,1.74
2002-03-29,1.73,0.0,0.0,1.7303333333333335,1.735111111111111,1.73,1.74
2002-03-30,1.73,0.0,0.0,1.73,1.734111111111111,1.73,1.74
2002-03-31,1.73,0.0,0.0,1.73,1.7331111111111113,1.73,1.73
2002-04-01,1.75,0.020000000000000018,0.011560693641618602,1.7306666666666668,1.7333333333333334,1.73,1.73
2002-04-02,1.75,0.0,0.0,1.7313333333333334,1.7335555555555557,1.73,1.73
2002-04-03,1.75,0.0,0.0,1.732,1.733777777777778,1.73,1.73
2002-04-04,1.75,0.0,0.0,1.7326666666666668,1.734,1.73,1.73
2002-04-05,1.75,0.0,0.0,1.7333333333333334,1.7342222222222223,1.73,1.73
2002-04-06,1.75,0.0,0.0,1.7340000000000002,1.7344444444444447,1.73,1.73
2002-04-07,1.75,0.0,0.0,1.7346666666666668,1.7346666666666668,1.73,1.73
2002-04-08,1.75,0.0,0.0,1.7353333333333334,1.7348888888888891,1.75,1.73
2002-04-09,1.75,0.0,0.0,1.7360000000000002,1.735111111111111,1.75,1.73
2002-04-10,1.75,0.0,0.0,1.7366666666666668,1.7353333333333334,1.75,1.73
2002-04-11,1.75,0.0,0.0,1.7373333333333334,1.7355555555555557,1.75,1.73
2002-04-12,1.75,0.0,0.0,1.738,1.7357777777777779,1.75,1.73
2002-04-13,1.75,0.0,0.0,1.7386666666666668,1.7360000000000002,1.75,1.73
2002-04-14,1.75,0.0,0.0,1.7393333333333334,1.7362222222222223,1.75,1.73
2002-04-15,1.75,0.0,0.0,1.74,1.7364444444444445,1.75,1.73
2002-04-16,1.75,0.0,0.0,1.7406666666666668,1.7366666666666668,1.75,1.73
2002-04-17,1.75,0.0,0.0,1.7413333333333334,1.7368888888888891,1.75,1.73
2002-04-18,1.75,0.0,0.0,1.7420000000000002,1.737111111111111,1.75,1.73
2002-04-19,1.75,0.0,0.0,1.7426666666666668,1.7373333333333334,1.75,1.73
2002-04-20,1.75,0.0,0.0,1.7433333333333334,1.7375555555555555,1.75,1.73
2002-04-21,1.75,0.0,0.0,1.744,1.7377777777777779,1.75,1.73
2002-04-22,1.75,0.0,0.0,1.7446666666666668,1.7380000000000002,1.75,1.73
2002-04-23,1.75,0.0,0.0,1.7453333333333336,1.7382222222222221,1.75,1.73
2002-04-24,1.75,0.0,0.0,1.746,1.7384444444444445,1.75,1.73
2002-04-25,1.75,0.0,0.0,1.7466666666666668,1.7386666666666668,1.75,1.73
2002-04-26,1.75,0.0,0.0,1.7473333333333334,1.738888888888889,1.75,1.73
2002-04-27,1.75,0.0,0.0,1.7480000000000002,1.7391111111111113,1.75,1.73
2002-04-28,1.75,0.0,0.0,1.7486666666666666,1.7393333333333336,1.75,1.73
2002-04-29,1.75,0.0,0.0,1.7493333333333334,1.7395555555555555,1.75,1.73
2002-04-30,1.75,0.0,0.0,1.75,1.7397777777777779,1.75,1.73
2002-05-01,1.75,0.0,0.0,1.75,1.7400000000000002,1.75,1.75
2002-05-02,1.75,0.0,0.0,1.75,1.7401111111111112,1.75,1.75
2002-05-03,1.75,0.0,0.0,1.75,1.7402222222222223,1.75,1.75
2002-05-04,1.75,0.0,0.0,1.75,1.7403333333333333,1.75,1.75
2002-05-05,1.75,0.0,0.0,1.75,1.7404444444444447,1.75,1.75
2002-05-06,1.75,0.0,0.0,1.75,1.7405555555555556,1.75,1.75
2002-05-07,1.75,0.0,0.0,1.75,1.7406666666666666,1.75,1.75
2002-05-08,1.75,0.0,0.0,1.75,1.740777777777778,1.75,1.75
2002-05-09,1.75,0.0,0.0,1.75,1.740888888888889,1.75,1.75
2002-05-10,1.75,0.0,0.0,1.75,1.7409999999999999,1.75,1.75
2002-05-11,1.75,0.0,0.0,1.75,1.7411111111111113,1.75,1.75
2002-05-12,1.75,0.0,0.0,1.75,1.7412222222222222,1.75,1.75
2002-05-13,1.75,0.0,0.0,1.75,1.7413333333333334,1.75,1.75
2002-05-14,1.75,0.0,0.0,1.75,1.7414444444444446,1.75,1.75
2002-05-15,1.75,0.0,0.0,1.75,1.7415555555555557,1.75,1.75
2002-05-16,1.75,0.0,0.0,1.75,1.7416666666666667,1.75,1.75
2002-05-17,1.75,0.0,0.0,1.75,1.741777777777778,1.75,1.75
2002-05-18,1.75,0.0,0.0,1.75,1.741888888888889,1.75,1.75
2002-05-19,1.75,0.0,0.0,1.75,1.742,1.75,1.75
2002-05-20,1.75,0.0,0.0,1.75,1.7421111111111114,1.75,1.75
2002-05-21,1.75,0.0,0.0,1.75,1.7422222222222223,1.75,1.75
2002-05-22,1.75,0.0,0.0,1.75,1.7423333333333333,1.75,1.75
2002-05-23,1.75,0.0,0.0,1.75,1.7424444444444447,1.75,1.75
2002-05-24,1.75,0.0,0.0,1.75,1.7425555555555556,1.75,1.75
2002-05-25,1.75,0.0,0.0,1.75,1.7426666666666668,1.75,1.75
2002-05-26,1.75,0.0,0.0,1.75,1.742777777777778,1.75,1.75
2002-05-27,1.75,0.0,0.0,1.75,1.742888888888889,1.75,1.75
2002-05-28,1.75,0.0,0.0,1.75,1.743,1.75,1.75
2002-05-29,1.75,0.0,0.0,1.75,1.7431111111111113,1.75,1.75
2002-05-30,1.75,0.0,0.0,1.75,1.7433333333333334,1.75,1.75
2002-05-31,1.75,0.0,0.0,1.75,1.7435555555555557,1.75,1.75
2002-06-01,1.75,0.0,0.0,1.75,1.7437777777777776,1.75,1.75
2002-06-02,1.75,0.0,0.0,1.75,1.744,1.75,1.75
2002-06-03,1.75,0.0,0.0,1.75,1.7442222222222223,1.75,1.75
2002-06-04,1.75,0.0,0.0,1.75,1.7444444444444445,1.75,1.75
2002-06-05,1.75,0.0,0.0,1.75,1.7446666666666668,1.75,1.75
2002-06-06,1.75,0.0,0.0,1.75,1.7448888888888892,1.75,1.75
2002-06-07,1.75,0.0,0.0,1.75,1.745111111111111,1.75,1.75
2002-06-08,1.75,0.0,0.0,1.75,1.7453333333333334,1.75,1.75
2002-06-09,1.75,0.0,0.0,1.75,1.7455555555555557,1.75,1.75
2002-06-10,1.75,0.0,0.0,1.75,1.7457777777777779,1.75,1.75
2002-06-11,1.75,0.0,0.0,1.75,1.7460000000000002,1.75,1.75
2002-06-12,1.75,0.0,0.0,1.75,1.7462222222222221,1.75,1.75
2002-06-13,1.75,0.0,0.0,1.75,1.7464444444444445,1.75,1.75
2002-06-14,1.75,0.0,0.0,1.75,1.7466666666666668,1.75,1.75
2002-06-15,1.75,0.0,0.0,1.75,1.746888888888889,1.75,1.75
2002-06-16,1.75,0.0,0.0,1.75,1.7471111111111113,1.75,1.75
2002-06-17,1.75,0.0,0.0,1.75,1.7473333333333336,1.75,1.75
2002-06-18,1.75,0.0,0.0,1.75,1.7475555555555555,1.75,1.75
2002-06-19,1.75,0.0,0.0,1.75,1.7477777777777779,1.75,1.75
2002-06-20,1.75,0.0,0.0,1.75,1.7480000000000002,1.75,1.75
2002-06-21,1.75,0.0,0.0,1.75,1.7482222222222223,1.75,1.75
2002-06-22,1.75,0.0,0.0,1.75,1.7484444444444447,1.75,1.75
2002-06-23,1.75,0.0,0.0,1.75,1.748666666666667,1.75,1.75
2002-06-24,1.75,0.0,0.0,1.75,1.748888888888889,1.75,1.75
2002-06-25,1.75,0.0,0.0,1.75,1.7491111111111113,1.75,1.75
2002-06-26,1.75,0.0,0.0,1.75,1.7493333333333334,1.75,1.75
2002-06-27,1.75,0.0,0.0,1.75,1.7495555555555558,1.75,1.75
2002-06-28,1.75,0.0,0.0,1.75,1.7497777777777779,1.75,1.75
2002-06-29,1.75,0.0,0.0,1.75,1.75,1.75,1.75
2002-06-30,1.75,0.0,0.0,1.75,1.75,1.75,1.75
2002-07-01,1.73,-0.020000000000000018,-0.011428571428571455,1.7493333333333332,1.7497777777777777,1.75,1.75
2002-07-02,1.73,0.0,0.0,1.7486666666666664,1.7495555555555553,1.75,1.75
2002-07-03,1.73,0.0,0.0,1.748,1.7493333333333334,1.75,1.75
2002-07-04,1.73,0.0,0.0,1.7473333333333332,1.749111111111111,1.75,1.75
2002-07-05,1.73,0.0,0.0,1.7466666666666666,1.7488888888888887,1.75,1.75
2002-07-06,1.73,0.0,0.0,1.7459999999999998,1.7486666666666666,1.75,1.75
2002-07-07,1.73,0.0,0.0,1.7453333333333334,1.7484444444444442,1.75,1.75
2002-07-08,1.73,0.0,0.0,1.7446666666666666,1.7482222222222223,1.73,1.75
2002-07-09,1.73,0.0,0.0,1.7439999999999998,1.748,1.73,1.75
2002-07-10,1.73,0.0,0.0,1.7433333333333332,1.7477777777777777,1.73,1.75
2002-07-11,1.73,0.0,0.0,1.7426666666666664,1.7475555555555555,1.73,1.75
2002-07-12,1.73,0.0,0.0,1.742,1.7473333333333332,1.73,1.75
2002-07-13,1.73,0.0,0.0,1.7413333333333332,1.7471111111111108,1.73,1.75
2002-07-14,1.73,0.0,0.0,1.7406666666666666,1.746888888888889,1.73,1.75
2002-07-15,1.73,0.0,0.0,1.7399999999999998,1.7466666666666666,1.73,1.75
2002-07-16,1.73,0.0,0.0,1.7393333333333334,1.7464444444444442,1.73,1.75
2002-07-17,1.73,0.0,0.0,1.7386666666666666,1.7462222222222221,1.73,1.75
2002-07-18,1.73,0.0,0.0,1.7379999999999998,1.7459999999999998,1.73,1.75
2002-07-19,1.73,0.0,0.0,1.7373333333333332,1.7457777777777774,1.73,1.75
2002-07-20,1.73,0.0,0.0,1.7366666666666666,1.7455555555555555,1.73,1.75
2002-07-21,1.73,0.0,0.0,1.736,1.7453333333333332,1.73,1.75
2002-07-22,1.73,0.0,0.0,1.7353333333333332,1.745111111111111,1.73,1.75
2002-07-23,1.73,0.0,0.0,1.7346666666666666,1.7448888888888887,1.73,1.75
2002-07-24,1.73,0.0,0.0,1.7339999999999998,1.7446666666666664,1.73,1.75
2002-07-25,1.73,0.0,0.0,1.7333333333333332,1.7444444444444445,1.73,1.75
2002-07-26,1.73,0.0,0.0,1.7326666666666666,1.7442222222222221,1.73,1.75
2002-07-27,1.73,0.0,0.0,1.7319999999999998,1.7439999999999998,1.73,1.75
2002-07-28,1.73,0.0,0.0,1.7313333333333332,1.7437777777777776,1.73,1.75
2002-07-29,1.73,0.0,0.0,1.7306666666666666,1.7435555555555555,1.73,1.75
2002-07-30,1.73,0.0,0.0,1.73,1.7433333333333332,1.73,1.75
2002-07-31,1.73,0.0,0.0,1.73,1.743111111111111,1.73,1.73
2002-08-01,1.74,0.010000000000000009,0.005780346820809301,1.7303333333333335,1.7429999999999997,1.73,1.73
2002-08-02,1.74,0.0,0.0,1.7306666666666668,1.7428888888888887,1.73,1.73
2002-08-03,1.74,0.0,0.0,1.731,1.7427777777777778,1.73,1.73
2002-08-04,1.74,0.0,0.0,1.7313333333333332,1.7426666666666664,1.73,1.73
2002-08-05,1.74,0.0,0.0,1.7316666666666667,1.7425555555555554,1.73,1.73
2002-08-06,1.74,0.0,0.0,1.7319999999999998,1.7424444444444445,1.73,1.73
2002-08-07,1.74,0.0,0.0,1.7323333333333333,1.7423333333333333,1.73,1.73
2002-08-08,1.74,0.0,0.0,1.7326666666666668,1.7422222222222221,1.74,1.73
2002-08-09,1.74,0.0,0.0,1.733,1.742111111111111,1.74,1.73
2002-08-10,1.74,0.0,0.0,1.7333333333333334,1.742,1.74,1.73
2002-08-11,1.74,0.0,0.0,1.7336666666666667,1.7418888888888886,1.74,1.73
2002-08-12,1.74,0.0,0.0,1.7340000000000002,1.7417777777777776,1.74,1.73
2002-08-13,1.74,0.0,0.0,1.734333333333333,1.7416666666666667,1.74,1.73
2002-08-14,1.74,0.0,0.0,1.7346666666666666,1.7415555555555553,1.74,1.73
2002-08-15,1.74,0.0,0.0,1.7349999999999999,1.7414444444444444,1.74,1.73
2002-08-16,1.74,0.0,0.0,1.7353333333333334,1.7413333333333334,1.74,1.73
2002-08-17,1.74,0.0,0.0,1.7356666666666667,1.741222222222222,1.74,1.73
2002-08-18,1.74,0.0,0.0,1.736,1.741111111111111,1.74,1.73
2002-08-19,1.74,0.0,0.0,1.7363333333333335,1.7409999999999999,1.74,1.73
2002-08-20,1.74,0.0,0.0,1.7366666666666666,1.7408888888888887,1.74,1.73
2002-08-21,1.74,0.0,0.0,1.7369999999999999,1.7407777777777775,1.74,1.73
2002-08-22,1.74,0.0,0.0,1.7373333333333332,1.7406666666666666,1.74,1.73
2002-08-23,1.74,0.0,0.0,1.7376666666666667,1.7405555555555554,1.74,1.73
2002-08-24,1.74,0.0,0.0,1.738,1.7404444444444442,1.74,1.73
2002-08-25,1.74,0.0,0.0,1.7383333333333333,1.7403333333333333,1.74,1.73
2002-08-26,1.74,0.0,0.0,1.7386666666666668,1.740222222222222,1.74,1.73
2002-08-27,1.74,0.0,0.0,1.739,1.740111111111111,1.74,1.73
2002-08-28,1.74,0.0,0.0,1.7393333333333334,1.74,1.74,1.73
2002-08-29,1.74,0.0,0.0,1.7396666666666667,1.7398888888888886,1.74,1.73
2002-08-30,1.74,0.0,0.0,1.74,1.7397777777777776,1.74,1.73
2002-08-31,1.74,0.0,0.0,1.74,1.7396666666666667,1.74,1.74
2002-09-01,1.75,0.010000000000000009,0.005747126436781658,1.740333333333333,1.7396666666666667,1.74,1.74
2002-09-02,1.75,0.0,0.0,1.7406666666666666,1.7396666666666667,1.74,1.74
2002-09-03,1.75,0.0,0.0,1.7409999999999999,1.7396666666666667,1.74,1.74
2002-09-04,1.75,0.0,0.0,1.7413333333333332,1.7396666666666667,1.74,1.74
2002-09-05,1.75,0.0,0.0,1.7416666666666667,1.7396666666666667,1.74,1.74
2002-09-06,1.75,0.0,0.0,1.742,1.7396666666666667,1.74,1.74
2002-09-07,1.75,0.0,0.0,1.7423333333333333,1.7396666666666667,1.74,1.74
2002-09-08,1.75,0.0,0.0,1.7426666666666664,1.7396666666666667,1.75,1.74
2002-09-09,1.75,0.0,0.0,1.7429999999999999,1.7396666666666667,1.75,1.74
2002-09-10,1.75,0.0,0.0,1.7433333333333332,1.7396666666666667,1.75,1.74
2002-09-11,1.75,0.0,0.0,1.7436666666666665,1.7396666666666667,1.75,1.74
2002-09-12,1.75,0.0,0.0,1.744,1.7396666666666667,1.75,1.74
2002-09-13,1.75,0.0,0.0,1.7443333333333333,1.7396666666666667,1.75,1.74
2002-09-14,1.75,0.0,0.0,1.7446666666666666,1.7396666666666667,1.75,1.74
2002-09-15,1.75,0.0,0.0,1.7449999999999999,1.7396666666666667,1.75,1.74
2002-09-16,1.75,0.0,0.0,1.7453333333333334,1.7396666666666667,1.75,1.74
2002-09-17,1.75,0.0,0.0,1.7456666666666665,1.7396666666666667,1.75,1.74
2002-09-18,1.75,0.0,0.0,1.7459999999999998,1.7396666666666667,1.75,1.74
2002-09-19,1.75,0.0,0.0,1.7463333333333333,1.7396666666666667,1.75,1.74
2002-09-20,1.75,0.0,0.0,1.7466666666666666,1.7396666666666667,1.75,1.74
2002-09-21,1.75,0.0,0.0,1.7469999999999999,1.7396666666666667,1.75,1.74
2002-09-22,1.75,0.0,0.0,1.7473333333333332,1.7396666666666667,1.75,1.74
2002-09-23,1.75,0.0,0.0,1.7476666666666667,1.7396666666666667,1.75,1.74
2002-09-24,1.75,0.0,0.0,1.748,1.7396666666666667,1.75,1.74
2002-09-25,1.75,0.0,0.0,1.7483333333333333,1.7396666666666667,1.75,1.74
2002-09-26,1.75,0.0,0.0,1.7486666666666664,1.7396666666666667,1.75,1.74
2002-09-27,1.75,0.0,0.0,1.7489999999999999,1.7396666666666667,1.75,1.74
2002-09-28,1.75,0.0,0.0,1.7493333333333332,1.7396666666666667,1.75,1.74
2002-09-29,1.75,0.0,0.0,1.7496666666666665,1.7398888888888888,1.75,1.74
2002-09-30,1.75,0.0,0.0,1.75,1.7401111111111112,1.75,1.74
2002-10-01,1.75,0.0,0.0,1.75,1.7403333333333333,1.75,1.75
2002-10-02,1.75,0.0,0.0,1.75,1.7405555555555556,1.75,1.75
2002-10-03,1.75,0.0,0.0,1.75,1.740777777777778,1.75,1.75
2002-10-04,1.75,0.0,0.0,1.75,1.7409999999999999,1.75,1.75
2002-10-05,1.75,0.0,0.0,1.75,1.7412222222222222,1.75,1.75
2002-10-06,1.75,0.0,0.0,1.75,1.7414444444444444,1.75,1.75
2002-10-07,1.75,0.0,0.0,1.75,1.7416666666666667,1.75,1.75
2002-10-08,1.75,0.0,0.0,1.75,1.741888888888889,1.75,1.75
2002-10-09,1.75,0.0,0.0,1.75,1.742111111111111,1.75,1.75
2002-10-10,1.75,0.0,0.0,1.75,1.7423333333333333,1.75,1.75
2002-10-11,1.75,0.0,0.0,1.75,1.7425555555555556,1.75,1.75
2002-10-12,1.75,0.0,0.0,1.75,1.7427777777777778,1.75,1.75
2002-10-13,1.75,0.0,0.0,1.75,1.743,1.75,1.75
2002-10-14,1.75,0.0,0.0,1.75,1.7432222222222225,1.75,1.75
2002-10-15,1.75,0.0,0.0,1.75,1.7434444444444444,1.75,1.75
2002-10-16,1.75,0.0,0.0,1.75,1.7436666666666667,1.75,1.75
2002-10-17,1.75,0.0,0.0,1.75,1.743888888888889,1.75,1.75
2002-10-18,1.75,0.0,0.0,1.75,1.7441111111111112,1.75,1.75
2002-10-19,1.75,0.0,0.0,1.75,1.7443333333333335,1.75,1.75
2002-10-20,1.75,0.0,0.0,1.75,1.7445555555555554,1.75,1.75
2002-10-21,1.75,0.0,0.0,1.75,1.7447777777777778,1.75,1.75
2002-10-22,1.75,0.0,0.0,1.75,1.745,1.75,1.75
2002-10-23,1.75,0.0,0.0,1.75,1.7452222222222222,1.75,1.75
2002-10-24,1.75,0.0,0.0,1.75,1.7454444444444446,1.75,1.75
2002-10-25,1.75,0.0,0.0,1.75,1.745666666666667,1.75,1.75
2002-10-26,1.75,0.0,0.0,1.75,1.7458888888888888,1.75,1.75
2002-10-27,1.75,0.0,0.0,1.75,1.7461111111111112,1.75,1.75
2002-10-28,1.75,0.0,0.0,1.75,1.7463333333333335,1.75,1.75
2002-10-29,1.75,0.0,0.0,1.75,1.7465555555555556,1.75,1.75
2002-10-30,1.75,0.0,0.0,1.75,1.7466666666666668,1.75,1.75
2002-10-31,1.75,0.0,0.0,1.75,1.7467777777777778,1.75,1.75
2002-11-01,1.34,-0.4099999999999999,-0.2342857142857142,1.7363333333333335,1.7423333333333333,1.75,1.75
2002-11-02,1.34,0.0,0.0,1.7226666666666666,1.7378888888888893,1.75,1.75
2002-11-03,1.34,0.0,0.0,1.709,1.7334444444444443,1.75,1.75
2002-11-04,1.34,0.0,0.0,1.6953333333333334,1.7289999999999999,1.75,1.75
2002-11-05,1.34,0.0,0.0,1.6816666666666669,1.7245555555555554,1.75,1.75
2002-11-06,1.34,0.0,0.0,1.6680000000000001,1.7201111111111111,1.75,1.75
2002-11-07,1.34,0.0,0.0,1.6543333333333334,1.7156666666666667,1.75,1.75
2002-11-08,1.34,0.0,0.0,1.640666666666667,1.7112222222222222,1.34,1.75
2002-11-09,1.34,0.0,0.0,1.627,1.706777777777778,1.34,1.75
2002-11-10,1.34,0.0,0.0,1.6133333333333335,1.7023333333333335,1.34,1.75
2002-11-11,1.34,0.0,0.0,1.5996666666666668,1.697888888888889,1.34,1.75
2002-11-12,1.34,0.0,0.0,1.586,1.6934444444444443,1.34,1.75
2002-11-13,1.34,0.0,0.0,1.5723333333333334,1.6889999999999998,1.34,1.75
2002-11-14,1.34,0.0,0.0,1.5586666666666669,1.6845555555555554,1.34,1.75
2002-11-15,1.34,0.0,0.0,1.5450000000000002,1.680111111111111,1.34,1.75
2002-11-16,1.34,0.0,0.0,1.5313333333333334,1.6756666666666666,1.34,1.75
2002-11-17,1.34,0.0,0.0,1.5176666666666667,1.6712222222222222,1.34,1.75
2002-11-18,1.34,0.0,0.0,1.5040000000000002,1.666777777777778,1.34,1.75
2002-11-19,1.34,0.0,0.0,1.4903333333333333,1.6623333333333334,1.34,1.75
2002-11-20,1.34,0.0,0.0,1.4766666666666668,1.6578888888888887,1.34,1.75
2002-11-21,1.34,0.0,0.0,1.4630000000000003,1.6534444444444445,1.34,1.75
2002-11-22,1.34,0.0,0.0,1.4493333333333334,1.649,1.34,1.75
2002-11-23,1.34,0.0,0.0,1.4356666666666669,1.6445555555555555,1.34,1.75
2002-11-24,1.34,0.0,0.0,1.4220000000000002,1.6401111111111113,1.34,1.75
2002-11-25,1.34,0.0,0.0,1.4083333333333337,1.6356666666666668,1.34,1.75
2002-11-26,1.34,0.0,0.0,1.3946666666666667,1.6312222222222224,1.34,1.75
2002-11-27,1.34,0.0,0.0,1.3810000000000002,1.626777777777778,1.34,1.75
2002-11-28,1.34,0.0,0.0,1.3673333333333335,1.6223333333333336,1.34,1.75
2002-11-29,1.34,0.0,0.0,1.3536666666666668,1.6178888888888887,1.34,1.75
2002-11-30,1.34,0.0,0.0,1.34,1.6133333333333333,1.34,1.75
2002-12-01,1.24,-0.10000000000000009,-0.0746268656716419,1.3366666666666667,1.6076666666666666,1.34,1.34
2002-12-02,1.24,0.0,0.0,1.3333333333333335,1.602,1.34,1.34
2002-12-03,1.24,0.0,0.0,1.3299999999999998,1.5963333333333332,1.34,1.34
2002-12-04,1.24,0.0,0.0,1.3266666666666669,1.5906666666666667,1.34,1.34
2002-12-05,1.24,0.0,0.0,1.3233333333333335,1.585,1.34,1.34
2002-12-06,1.24,0.0,0.0,1.32,1.5793333333333333,1.34,1.34
2002-12-07,1.24,0.0,0.0,1.3166666666666667,1.5736666666666665,1.34,1.34
2002-12-08,1.24,0.0,0.0,1.3133333333333332,1.568,1.24,1.34
2002-12-09,1.24,0.0,0.0,1.31,1.5623333333333331,1.24,1.34
2002-12-10,1.24,0.0,0.0,1.3066666666666669,1.5566666666666666,1.24,1.34
2002-12-11,1.24,0.0,0.0,1.3033333333333335,1.551,1.24,1.34
2002-12-12,1.24,0.0,0.0,1.3,1.5453333333333332,1.24,1.34
2002-12-13,1.24,0.0,0.0,1.2966666666666669,1.5396666666666665,1.24,1.34
2002-12-14,1.24,0.0,0.0,1.2933333333333332,1.534,1.24,1.34
2002-12-15,1.24,0.0,0.0,1.29,1.5283333333333335,1.24,1.34
2002-12-16,1.24,0.0,0.0,1.2866666666666666,1.5226666666666666,1.24,1.34
2002-12-17,1.24,0.0,0.0,1.2833333333333337,1.517,1.24,1.34
2002-12-18,1.24,0.0,0.0,1.28,1.5113333333333334,1.24,1.34
2002-12-19,1.24,0.0,0.0,1.2766666666666668,1.5056666666666665,1.24,1.34
2002-12-20,1.24,0.0,0.0,1.2733333333333334,1.5,1.24,1.34
2002-12-21,1.24,0.0,0.0,1.2699999999999998,1.4943333333333335,1.24,1.34
2002-12-22,1.24,0.0,0.0,1.2666666666666666,1.4886666666666666,1.24,1.34
2002-12-23,1.24,0.0,0.0,1.2633333333333332,1.483,1.24,1.34
2002-12-24,1.24,0.0,0.0,1.2600000000000002,1.4773333333333334,1.24,1.34
2002-12-25,1.24,0.0,0.0,1.2566666666666666,1.4716666666666665,1.24,1.34
2002-12-26,1.24,0.0,0.0,1.2533333333333334,1.466,1.24,1.34
2002-12-27,1.24,0.0,0.0,1.25,1.4603333333333335,1.24,1.34
2002-12-28,1.24,0.0,0.0,1.2466666666666666,1.4546666666666666,1.24,1.34
2002-12-29,1.24,0.0,0.0,1.2433333333333332,1.449,1.24,1.34
2002-12-30,1.24,0.0,0.0,1.24,1.4433333333333334,1.24,1.34
2002-12-31,1.24,0.0,0.0,1.24,1.4376666666666664,1.24,1.24
2003-01-01,1.24,0.0,0.0,1.24,1.432,1.24,1.24
2003-01-02,1.24,0.0,0.0,1.24,1.4263333333333335,1.24,1.24
2003-01-03,1.24,0.0,0.0,1.24,1.4206666666666667,1.24,1.24
2003-01-04,1.24,0.0,0.0,1.24,1.415,1.24,1.24
2003-01-05,1.24,0.0,0.0,1.24,1.4093333333333333,1.24,1.24
2003-01-06,1.24,0.0,0.0,1.24,1.4036666666666666,1.24,1.24
2003-01-07,1.24,0.0,0.0,1.24,1.398,1.24,1.24
2003-01-08,1.24,0.0,0.0,1.24,1.3923333333333334,1.24,1.24
2003-01-09,1.24,0.0,0.0,1.24,1.3866666666666667,1.24,1.24
2003-01-10,1.24,0.0,0.0,1.24,1.381,1.24,1.24
2003-01-11,1.24,0.0,0.0,1.24,1.3753333333333333,1.24,1.24
2003-01-12,1.24,0.0,0.0,1.24,1.3696666666666666,1.24,1.24
2003-01-13,1.24,0.0,0.0,1.24,1.3639999999999999,1.24,1.24
2003-01-14,1.24,0.0,0.0,1.24,1.3583333333333334,1.24,1.24
2003-01-15,1.24,0.0,0.0,1.24,1.3526666666666667,1.24,1.24
2003-01-16,1.24,0.0,0.0,1.24,1.347,1.24,1.24
2003-01-17,1.24,0.0,0.0,1.24,1.3413333333333333,1.24,1.24
2003-01-18,1.24,0.0,0.0,1.24,1.3356666666666666,1.24,1.24
2003-01-19,1.24,0.0,0.0,1.24,1.33,1.24,1.24
2003-01-20,1.24,0.0,0.0,1.24,1.3243333333333334,1.24,1.24
2003-01-21,1.24,0.0,0.0,1.24,1.3186666666666667,1.24,1.24
2003-01-22,1.24,0.0,0.0,1.24,1.313,1.24,1.24
2003-01-23,1.24,0.0,0.0,1.24,1.3073333333333332,1.24,1.24
2003-01-24,1.24,0.0,0.0,1.24,1.3016666666666665,1.24,1.24
2003-01-25,1.24,0.0,0.0,1.24,1.296,1.24,1.24
2003-01-26,1.24,0.0,0.0,1.24,1.2903333333333333,1.24,1.24
2003-01-27,1.24,0.0,0.0,1.24,1.2846666666666666,1.24,1.24
2003-01-28,1.24,0.0,0.0,1.24,1.279,1.24,1.24
2003-01-29,1.24,0.0,0.0,1.24,1.2733333333333332,1.24,1.24
2003-01-30,1.24,0.0,0.0,1.24,1.2722222222222224,1.24,1.24
2003-01-31,1.24,0.0,0.0,1.24,1.271111111111111,1.24,1.24
2003-02-01,1.26,0.020000000000000018,0.016129032258064502,1.2406666666666666,1.2702222222222224,1.24,1.24
2003-02-02,1.26,0.0,0.0,1.2413333333333332,1.2693333333333332,1.24,1.24
2003-02-03,1.26,0.0,0.0,1.2420000000000002,1.2684444444444445,1.24,1.24
2003-02-04,1.26,0.0,0.0,1.2426666666666668,1.2675555555555558,1.24,1.24
2003-02-05,1.26,0.0,0.0,1.2433333333333332,1.2666666666666666,1.24,1.24
2003-02-06,1.26,0.0,0.0,1.244,1.265777777777778,1.24,1.24
2003-02-07,1.26,0.0,0.0,1.2446666666666668,1.2648888888888887,1.24,1.24
2003-02-08,1.26,0.0,0.0,1.2453333333333334,1.264,1.26,1.24
2003-02-09,1.26,0.0,0.0,1.2459999999999998,1.2631111111111113,1.26,1.24
2003-02-10,1.26,0.0,0.0,1.2466666666666668,1.2622222222222221,1.26,1.24
2003-02-11,1.26,0.0,0.0,1.2473333333333334,1.2613333333333332,1.26,1.24
2003-02-12,1.26,0.0,0.0,1.248,1.2604444444444445,1.26,1.24
2003-02-13,1.26,0.0,0.0,1.2486666666666666,1.2595555555555555,1.26,1.24
2003-02-14,1.26,0.0,0.0,1.2493333333333334,1.2586666666666666,1.26,1.24
2003-02-15,1.26,0.0,0.0,1.25,1.2577777777777779,1.26,1.24
2003-02-16,1.26,0.0,0.0,1.2506666666666666,1.256888888888889,1.26,1.24
2003-02-17,1.26,0.0,0.0,1.2513333333333334,1.256,1.26,1.24
2003-02-18,1.26,0.0,0.0,1.252,1.255111111111111,1.26,1.24
2003-02-19,1.26,0.0,0.0,1.2526666666666666,1.2542222222222221,1.26,1.24
2003-02-20,1.26,0.0,0.0,1.2533333333333332,1.2533333333333334,1.26,1.24
2003-02-21,1.26,0.0,0.0,1.2540000000000002,1.2524444444444445,1.26,1.24
2003-02-22,1.26,0.0,0.0,1.2546666666666666,1.2515555555555555,1.26,1.24
2003-02-23,1.26,0.0,0.0,1.2553333333333332,1.2506666666666666,1.26,1.24
2003-02-24,1.26,0.0,0.0,1.256,1.2497777777777777,1.26,1.24
2003-02-25,1.26,0.0,0.0,1.2566666666666668,1.248888888888889,1.26,1.24
2003-02-26,1.26,0.0,0.0,1.2573333333333332,1.248,1.26,1.24
2003-02-27,1.26,0.0,0.0,1.2579999999999998,1.247111111111111,1.26,1.24
2003-02-28,1.26,0.0,0.0,1.2586666666666668,1.2462222222222221,1.26,1.24
2003-03-01,1.25,-0.010000000000000009,-0.007936507936507908,1.2590000000000001,1.2463333333333333,1.26,1.24
2003-03-02,1.25,0.0,0.0,1.2593333333333334,1.2464444444444445,1.26,1.24
2003-03-03,1.25,0.0,0.0,1.2590000000000001,1.2465555555555556,1.26,1.26
2003-03-04,1.25,0.0,0.0,1.2586666666666668,1.2466666666666666,1.26,1.26
2003-03-05,1.25,0.0,0.0,1.2583333333333333,1.2467777777777778,1.26,1.26
2003-03-06,1.25,0.0,0.0,1.258,1.246888888888889,1.26,1.26
2003-03-07,1.25,0.0,0.0,1.2576666666666667,1.247,1.26,1.26
2003-03-08,1.25,0.0,0.0,1.2573333333333332,1.247111111111111,1.25,1.26
2003-03-09,1.25,0.0,0.0,1.2570000000000001,1.2472222222222222,1.25,1.26
2003-03-10,1.25,0.0,0.0,1.2566666666666668,1.2473333333333334,1.25,1.26
2003-03-11,1.25,0.0,0.0,1.2563333333333335,1.2474444444444444,1.25,1.26
2003-03-12,1.25,0.0,0.0,1.256,1.2475555555555555,1.25,1.26
2003-03-13,1.25,0.0,0.0,1.2556666666666667,1.2476666666666667,1.25,1.26
2003-03-14,1.25,0.0,0.0,1.2553333333333334,1.2477777777777777,1.25,1.26
2003-03-15,1.25,0.0,0.0,1.255,1.2478888888888888,1.25,1.26
2003-03-16,1.25,0.0,0.0,1.2546666666666666,1.248,1.25,1.26
2003-03-17,1.25,0.0,0.0,1.2543333333333335,1.2481111111111112,1.25,1.26
2003-03-18,1.25,0.0,0.0,1.2540000000000002,1.2482222222222223,1.25,1.26
2003-03-19,1.25,0.0,0.0,1.2536666666666667,1.2483333333333335,1.25,1.26
2003-03-20,1.25,0.0,0.0,1.2533333333333334,1.2484444444444445,1.25,1.26
2003-03-21,1.25,0.0,0.0,1.2530000000000001,1.2485555555555556,1.25,1.26
2003-03-22,1.25,0.0,0.0,1.2526666666666666,1.2486666666666666,1.25,1.26
2003-03-23,1.25,0.0,0.0,1.2523333333333333,1.2487777777777778,1.25,1.26
2003-03-24,1.25,0.0,0.0,1.252,1.248888888888889,1.25,1.26
2003-03-25,1.25,0.0,0.0,1.2516666666666667,1.2489999999999999,1.25,1.26
2003-03-26,1.25,0.0,0.0,1.2513333333333334,1.249111111111111,1.25,1.26
2003-03-27,1.25,0.0,0.0,1.2510000000000001,1.2492222222222222,1.25,1.26
2003-03-28,1.25,0.0,0.0,1.2506666666666668,1.2493333333333334,1.25,1.26
2003-03-29,1.25,0.0,0.0,1.2503333333333335,1.2494444444444446,1.25,1.26
2003-03-30,1.25,0.0,0.0,1.25,1.2495555555555558,1.25,1.26
2003-03-31,1.25,0.0,0.0,1.25,1.2496666666666667,1.25,1.25
2003-04-01,1.26,0.010000000000000009,0.008000000000000007,1.2503333333333333,1.249888888888889,1.25,1.25
2003-04-02,1.26,0.0,0.0,1.2506666666666666,1.250111111111111,1.25,1.25
2003-04-03,1.26,0.0,0.0,1.2510000000000001,1.2503333333333333,1.25,1.25
2003-04-04,1.26,0.0,0.0,1.2513333333333334,1.2505555555555554,1.25,1.25
2003-04-05,1.26,0.0,0.0,1.2516666666666665,1.2507777777777778,1.25,1.25
2003-04-06,1.26,0.0,0.0,1.2519999999999998,1.2510000000000001,1.25,1.25
2003-04-07,1.26,0.0,0.0,1.2523333333333333,1.2512222222222222,1.25,1.25
2003-04-08,1.26,0.0,0.0,1.2526666666666666,1.2514444444444444,1.26,1.25
2003-04-09,1.26,0.0,0.0,1.253,1.2516666666666667,1.26,1.25
2003-04-10,1.26,0.0,0.0,1.2533333333333334,1.2518888888888888,1.26,1.25
2003-04-11,1.26,0.0,0.0,1.2536666666666667,1.2521111111111112,1.26,1.25
2003-04-12,1.26,0.0,0.0,1.254,1.2523333333333335,1.26,1.25
2003-04-13,1.26,0.0,0.0,1.254333333333333,1.2525555555555556,1.26,1.25
2003-04-14,1.26,0.0,0.0,1.2546666666666666,1.2527777777777778,1.26,1.25
2003-04-15,1.26,0.0,0.0,1.255,1.253,1.26,1.25
2003-04-16,1.26,0.0,0.0,1.2553333333333332,1.2532222222222222,1.26,1.25
2003-04-17,1.26,0.0,0.0,1.2556666666666667,1.2534444444444444,1.26,1.25
2003-04-18,1.26,0.0,0.0,1.256,1.2536666666666667,1.26,1.25
2003-04-19,1.26,0.0,0.0,1.2563333333333333,1.2538888888888888,1.26,1.25
2003-04-20,1.26,0.0,0.0,1.2566666666666666,1.2541111111111112,1.26,1.25
2003-04-21,1.26,0.0,0.0,1.2570000000000001,1.2543333333333333,1.26,1.25
2003-04-22,1.26,0.0,0.0,1.2573333333333332,1.2545555555555554,1.26,1.25
2003-04-23,1.26,0.0,0.0,1.2576666666666665,1.2547777777777778,1.26,1.25
2003-04-24,1.26,0.0,0.0,1.2579999999999998,1.2550000000000001,1.26,1.25
2003-04-25,1.26,0.0,0.0,1.2583333333333333,1.2552222222222222,1.26,1.25
2003-04-26,1.26,0.0,0.0,1.2586666666666666,1.2554444444444446,1.26,1.25
2003-04-27,1.26,0.0,0.0,1.259,1.2556666666666665,1.26,1.25
2003-04-28,1.26,0.0,0.0,1.2593333333333334,1.2558888888888888,1.26,1.25
2003-04-29,1.26,0.0,0.0,1.2596666666666667,1.2561111111111112,1.26,1.25
2003-04-30,1.26,0.0,0.0,1.26,1.2563333333333333,1.26,1.25
2003-05-01,1.26,0.0,0.0,1.26,1.2565555555555556,1.26,1.26
2003-05-02,1.26,0.0,0.0,1.26,1.2565555555555554,1.26,1.26
2003-05-03,1.26,0.0,0.0,1.26,1.2565555555555556,1.26,1.26
2003-05-04,1.26,0.0,0.0,1.26,1.2565555555555556,1.26,1.26
2003-05-05,1.26,0.0,0.0,1.26,1.2565555555555556,1.26,1.26
2003-05-06,1.26,0.0,0.0,1.26,1.2565555555555556,1.26,1.26
2003-05-07,1.26,0.0,0.0,1.26,1.2565555555555556,1.26,1.26
2003-05-08,1.26,0.0,0.0,1.26,1.2565555555555556,1.26,1.26
2003-05-09,1.26,0.0,0.0,1.26,1.2565555555555556,1.26,1.26
2003-05-10,1.26,0.0,0.0,1.26,1.2565555555555556,1.26,1.26
2003-05-11,1.26,0.0,0.0,1.26,1.2565555555555556,1.26,1.26
2003-05-12,1.26,0.0,0.0,1.26,1.2565555555555556,1.26,1.26
2003-05-13,1.26,0.0,0.0,1.26,1.2565555555555554,1.26,1.26
2003-05-14,1.26,0.0,0.0,1.26,1.2565555555555556,1.26,1.26
2003-05-15,1.26,0.0,0.0,1.26,1.2565555555555556,1.26,1.26
2003-05-16,1.26,0.0,0.0,1.26,1.2565555555555554,1.26,1.26
2003-05-17,1.26,0.0,0.0,1.26,1.2565555555555556,1.26,1.26
2003-05-18,1.26,0.0,0.0,1.26,1.2565555555555556,1.26,1.26
2003-05-19,1.26,0.0,0.0,1.26,1.2565555555555556,1.26,1.26
2003-05-20,1.26,0.0,0.0,1.26,1.2565555555555556,1.26,1.26
2003-05-21,1.26,0.0,0.0,1.26,1.2565555555555556,1.26,1.26
2003-05-22,1.26,0.0,0.0,1.26,1.2565555555555556,1.26,1.26
2003-05-23,1.26,0.0,0.0,1.26,1.2565555555555556,1.26,1.26
2003-05-24,1.26,0.0,0.0,1.26,1.2565555555555554,1.26,1.26
2003-05-25,1.26,0.0,0.0,1.26,1.2565555555555556,1.26,1.26
2003-05-26,1.26,0.0,0.0,1.26,1.2565555555555556,1.26,1.26
2003-05-27,1.26,0.0,0.0,1.26,1.2565555555555554,1.26,1.26
2003-05-28,1.26,0.0,0.0,1.26,1.2565555555555556,1.26,1.26
2003-05-29,1.26,0.0,0.0,1.26,1.2565555555555556,1.26,1.26
2003-05-30,1.26,0.0,0.0,1.26,1.2566666666666666,1.26,1.26
2003-05-31,1.26,0.0,0.0,1.26,1.2567777777777778,1.26,1.26
2003-06-01,1.22,-0.040000000000000036,-0.031746031746031744,1.2586666666666666,1.2564444444444445,1.26,1.26
2003-06-02,1.22,0.0,0.0,1.2573333333333332,1.2561111111111112,1.26,1.26
2003-06-03,1.22,0.0,0.0,1.256,1.2557777777777777,1.26,1.26
2003-06-04,1.22,0.0,0.0,1.2546666666666666,1.2554444444444444,1.26,1.26
2003-06-05,1.22,0.0,0.0,1.2533333333333334,1.255111111111111,1.26,1.26
2003-06-06,1.22,0.0,0.0,1.252,1.2547777777777778,1.26,1.26
2003-06-07,1.22,0.0,0.0,1.2506666666666668,1.2544444444444445,1.26,1.26
2003-06-08,1.22,0.0,0.0,1.2493333333333332,1.2541111111111112,1.22,1.26
2003-06-09,1.22,0.0,0.0,1.248,1.2537777777777779,1.22,1.26
2003-06-10,1.22,0.0,0.0,1.2466666666666666,1.2534444444444444,1.22,1.26
2003-06-11,1.22,0.0,0.0,1.2453333333333334,1.253111111111111,1.22,1.26
2003-06-12,1.22,0.0,0.0,1.244,1.2527777777777778,1.22,1.26
2003-06-13,1.22,0.0,0.0,1.2426666666666668,1.2524444444444445,1.22,1.26
2003-06-14,1.22,0.0,0.0,1.2413333333333334,1.2521111111111112,1.22,1.26
2003-06-15,1.22,0.0,0.0,1.2399999999999998,1.2517777777777777,1.22,1.26
2003-06-16,1.22,0.0,0.0,1.2386666666666666,1.2514444444444444,1.22,1.26
2003-06-17,1.22,0.0,0.0,1.2373333333333334,1.251111111111111,1.22,1.26
2003-06-18,1.22,0.0,0.0,1.236,1.2507777777777778,1.22,1.26
2003-06-19,1.22,0.0,0.0,1.2346666666666666,1.2504444444444442,1.22,1.26
2003-06-20,1.22,0.0,0.0,1.2333333333333334,1.2501111111111112,1.22,1.26
2003-06-21,1.22,0.0,0.0,1.232,1.2497777777777779,1.22,1.26
2003-06-22,1.22,0.0,0.0,1.2306666666666666,1.2494444444444446,1.22,1.26
2003-06-23,1.22,0.0,0.0,1.2293333333333332,1.249111111111111,1.22,1.26
2003-06-24,1.22,0.0,0.0,1.2280000000000002,1.2487777777777778,1.22,1.26
2003-06-25,1.22,0.0,0.0,1.2266666666666666,1.2484444444444445,1.22,1.26
2003-06-26,1.22,0.0,0.0,1.2253333333333332,1.2481111111111112,1.22,1.26
2003-06-27,1.22,0.0,0.0,1.224,1.2477777777777777,1.22,1.26
2003-06-28,1.22,0.0,0.0,1.2226666666666666,1.2474444444444444,1.22,1.26
2003-06-29,1.22,0.0,0.0,1.2213333333333332,1.247111111111111,1.22,1.26
2003-06-30,1.22,0.0,0.0,1.22,1.2466666666666666,1.22,1.26
2003-07-01,1.01,-0.20999999999999996,-0.17213114754098358,1.213,1.2438888888888888,1.22,1.22
2003-07-02,1.01,0.0,0.0,1.206,1.241111111111111,1.22,1.22
2003-07-03,1.01,0.0,0.0,1.199,1.2383333333333333,1.22,1.22
2003-07-04,1.01,0.0,0.0,1.192,1.2355555555555555,1.22,1.22
2003-07-05,1.01,0.0,0.0,1.1849999999999998,1.2327777777777778,1.22,1.22
2003-07-06,1.01,0.0,0.0,1.178,1.23,1.22,1.22
2003-07-07,1.01,0.0,0.0,1.171,1.2272222222222222,1.22,1.22
2003-07-08,1.01,0.0,0.0,1.1640000000000001,1.2244444444444442,1.01,1.22
2003-07-09,1.01,0.0,0.0,1.157,1.2216666666666667,1.01,1.22
2003-07-10,1.01,0.0,0.0,1.15,1.218888888888889,1.01,1.22
2003-07-11,1.01,0.0,0.0,1.143,1.216111111111111,1.01,1.22
2003-07-12,1.01,0.0,0.0,1.136,1.2133333333333334,1.01,1.22
2003-07-13,1.01,0.0,0.0,1.129,1.2105555555555556,1.01,1.22
2003-07-14,1.01,0.0,0.0,1.122,1.2077777777777778,1.01,1.22
2003-07-15,1.01,0.0,0.0,1.115,1.205,1.01,1.22
2003-07-16,1.01,0.0,0.0,1.108,1.2022222222222223,1.01,1.22
2003-07-17,1.01,0.0,0.0,1.1009999999999998,1.1994444444444445,1.01,1.22
2003-07-18,1.01,0.0,0.0,1.094,1.1966666666666668,1.01,1.22
2003-07-19,1.01,0.0,0.0,1.087,1.1938888888888888,1.01,1.22
2003-07-20,1.01,0.0,0.0,1.0799999999999998,1.1911111111111112,1.01,1.22
2003-07-21,1.01,0.0,0.0,1.073,1.1883333333333335,1.01,1.22
2003-07-22,1.01,0.0,0.0,1.066,1.1855555555555555,1.01,1.22
2003-07-23,1.01,0.0,0.0,1.059,1.1827777777777777,1.01,1.22
2003-07-24,1.01,0.0,0.0,1.052,1.18,1.01,1.22
2003-07-25,1.01,0.0,0.0,1.045,1.1772222222222222,1.01,1.22
2003-07-26,1.01,0.0,0.0,1.038,1.1744444444444444,1.01,1.22
2003-07-27,1.01,0.0,0.0,1.031,1.1716666666666666,1.01,1.22
2003-07-28,1.01,0.0,0.0,1.024,1.1688888888888889,1.01,1.22
2003-07-29,1.01,0.0,0.0,1.017,1.166111111111111,1.01,1.22
2003-07-30,1.01,0.0,0.0,1.01,1.1633333333333333,1.01,1.22
2003-07-31,1.01,0.0,0.0,1.01,1.1605555555555556,1.01,1.01
2003-08-01,1.03,0.020000000000000018,0.01980198019801982,1.0106666666666666,1.158,1.01,1.01
2003-08-02,1.03,0.0,0.0,1.0113333333333334,1.1554444444444445,1.01,1.01
2003-08-03,1.03,0.0,0.0,1.012,1.1528888888888889,1.01,1.01
2003-08-04,1.03,0.0,0.0,1.0126666666666666,1.1503333333333334,1.01,1.01
2003-08-05,1.03,0.0,0.0,1.0133333333333332,1.1477777777777778,1.01,1.01
2003-08-06,1.03,0.0,0.0,1.014,1.1452222222222224,1.01,1.01
2003-08-07,1.03,0.0,0.0,1.0146666666666666,1.1426666666666667,1.01,1.01
2003-08-08,1.03,0.0,0.0,1.0153333333333334,1.1401111111111113,1.03,1.01
2003-08-09,1.03,0.0,0.0,1.016,1.1375555555555554,1.03,1.01
2003-08-10,1.03,0.0,0.0,1.0166666666666666,1.135,1.03,1.01
2003-08-11,1.03,0.0,0.0,1.0173333333333334,1.1324444444444444,1.03,1.01
2003-08-12,1.03,0.0,0.0,1.018,1.129888888888889,1.03,1.01
2003-08-13,1.03,0.0,0.0,1.0186666666666668,1.1273333333333333,1.03,1.01
2003-08-14,1.03,0.0,0.0,1.0193333333333332,1.1247777777777779,1.03,1.01
2003-08-15,1.03,0.0,0.0,1.02,1.1222222222222222,1.03,1.01
2003-08-16,1.03,0.0,0.0,1.0206666666666666,1.1196666666666666,1.03,1.01
2003-08-17,1.03,0.0,0.0,1.0213333333333334,1.1171111111111112,1.03,1.01
2003-08-18,1.03,0.0,0.0,1.022,1.1145555555555555,1.03,1.01
2003-08-19,1.03,0.0,0.0,1.0226666666666668,1.1119999999999999,1.03,1.01
2003-08-20,1.03,0.0,0.0,1.0233333333333332,1.1094444444444445,1.03,1.01
2003-08-21,1.03,0.0,0.0,1.024,1.106888888888889,1.03,1.01
2003-08-22,1.03,0.0,0.0,1.0246666666666668,1.1043333333333334,1.03,1.01
2003-08-23,1.03,0.0,0.0,1.0253333333333332,1.1017777777777777,1.03,1.01
2003-08-24,1.03,0.0,0.0,1.026,1.099222222222222,1.03,1.01
2003-08-25,1.03,0.0,0.0,1.0266666666666666,1.0966666666666667,1.03,1.01
2003-08-26,1.03,0.0,0.0,1.0273333333333334,1.094111111111111,1.03,1.01
2003-08-27,1.03,0.0,0.0,1.028,1.0915555555555554,1.03,1.01
2003-08-28,1.03,0.0,0.0,1.0286666666666666,1.089,1.03,1.01
2003-08-29,1.03,0.0,0.0,1.0293333333333334,1.0864444444444445,1.03,1.01
2003-08-30,1.03,0.0,0.0,1.03,1.0843333333333334,1.03,1.01
2003-08-31,1.03,0.0,0.0,1.03,1.0822222222222222,1.03,1.03
2003-09-01,1.01,-0.020000000000000018,-0.01941747572815533,1.0293333333333334,1.079888888888889,1.03,1.03
2003-09-02,1.01,0.0,0.0,1.0286666666666666,1.0775555555555556,1.03,1.03
2003-09-03,1.01,0.0,0.0,1.028,1.0752222222222223,1.03,1.03
2003-09-04,1.01,0.0,0.0,1.0273333333333334,1.072888888888889,1.03,1.03
2003-09-05,1.01,0.0,0.0,1.0266666666666666,1.0705555555555557,1.03,1.03
2003-09-06,1.01,0.0,0.0,1.026,1.0682222222222222,1.03,1.03
2003-09-07,1.01,0.0,0.0,1.0253333333333334,1.0658888888888889,1.03,1.03
2003-09-08,1.01,0.0,0.0,1.0246666666666666,1.0635555555555556,1.01,1.03
2003-09-09,1.01,0.0,0.0,1.024,1.061222222222222,1.01,1.03
2003-09-10,1.01,0.0,0.0,1.0233333333333334,1.0588888888888888,1.01,1.03
2003-09-11,1.01,0.0,0.0,1.0226666666666666,1.0565555555555557,1.01,1.03
2003-09-12,1.01,0.0,0.0,1.022,1.0542222222222222,1.01,1.03
2003-09-13,1.01,0.0,0.0,1.0213333333333334,1.0518888888888889,1.01,1.03
2003-09-14,1.01,0.0,0.0,1.0206666666666666,1.0495555555555556,1.01,1.03
2003-09-15,1.01,0.0,0.0,1.02,1.0472222222222223,1.01,1.03
2003-09-16,1.01,0.0,0.0,1.0193333333333334,1.044888888888889,1.01,1.03
2003-09-17,1.01,0.0,0.0,1.0186666666666668,1.0425555555555557,1.01,1.03
2003-09-18,1.01,0.0,0.0,1.018,1.0402222222222222,1.01,1.03
2003-09-19,1.01,0.0,0.0,1.0173333333333334,1.0378888888888889,1.01,1.03
2003-09-20,1.01,0.0,0.0,1.0166666666666666,1.0355555555555556,1.01,1.03
2003-09-21,1.01,0.0,0.0,1.016,1.0332222222222223,1.01,1.03
2003-09-22,1.01,0.0,0.0,1.0153333333333334,1.030888888888889,1.01,1.03
2003-09-23,1.01,0.0,0.0,1.0146666666666666,1.0285555555555554,1.01,1.03
2003-09-24,1.01,0.0,0.0,1.014,1.0262222222222221,1.01,1.03
2003-09-25,1.01,0.0,0.0,1.0133333333333334,1.0238888888888888,1.01,1.03
2003-09-26,1.01,0.0,0.0,1.0126666666666668,1.0215555555555556,1.01,1.03
2003-09-27,1.01,0.0,0.0,1.012,1.0192222222222223,1.01,1.03
2003-09-28,1.01,0.0,0.0,1.0113333333333334,1.016888888888889,1.01,1.03
2003-09-29,1.01,0.0,0.0,1.0106666666666666,1.016888888888889,1.01,1.03
2003-09-30,1.01,0.0,0.0,1.01,1.016888888888889,1.01,1.03
2003-10-01,1.01,0.0,0.0,1.01,1.016888888888889,1.01,1.01
2003-10-02,1.01,0.0,0.0,1.01,1.016888888888889,1.01,1.01
2003-10-03,1.01,0.0,0.0,1.01,1.016888888888889,1.01,1.01
2003-10-04,1.01,0.0,0.0,1.01,1.016888888888889,1.01,1.01
2003-10-05,1.01,0.0,0.0,1.01,1.016888888888889,1.01,1.01
2003-10-06,1.01,0.0,0.0,1.01,1.016888888888889,1.01,1.01
2003-10-07,1.01,0.0,0.0,1.01,1.016888888888889,1.01,1.01
2003-10-08,1.01,0.0,0.0,1.01,1.016888888888889,1.01,1.01
2003-10-09,1.01,0.0,0.0,1.01,1.016888888888889,1.01,1.01
2003-10-10,1.01,0.0,0.0,1.01,1.016888888888889,1.01,1.01
2003-10-11,1.01,0.0,0.0,1.01,1.016888888888889,1.01,1.01
2003-10-12,1.01,0.0,0.0,1.01,1.016888888888889,1.01,1.01
2003-10-13,1.01,0.0,0.0,1.01,1.016888888888889,1.01,1.01
2003-10-14,1.01,0.0,0.0,1.01,1.016888888888889,1.01,1.01
2003-10-15,1.01,0.0,0.0,1.01,1.016888888888889,1.01,1.01
2003-10-16,1.01,0.0,0.0,1.01,1.016888888888889,1.01,1.01
2003-10-17,1.01,0.0,0.0,1.01,1.016888888888889,1.01,1.01
2003-10-18,1.01,0.0,0.0,1.01,1.016888888888889,1.01,1.01
2003-10-19,1.01,0.0,0.0,1.01,1.016888888888889,1.01,1.01
2003-10-20,1.01,0.0,0.0,1.01,1.016888888888889,1.01,1.01
2003-10-21,1.01,0.0,0.0,1.01,1.016888888888889,1.01,1.01
2003-10-22,1.01,0.0,0.0,1.01,1.016888888888889,1.01,1.01
2003-10-23,1.01,0.0,0.0,1.01,1.016888888888889,1.01,1.01
2003-10-24,1.01,0.0,0.0,1.01,1.016888888888889,1.01,1.01
2003-10-25,1.01,0.0,0.0,1.01,1.016888888888889,1.01,1.01
2003-10-26,1.01,0.0,0.0,1.01,1.016888888888889,1.01,1.01
2003-10-27,1.01,0.0,0.0,1.01,1.016888888888889,1.01,1.01
2003-10-28,1.01,0.0,0.0,1.01,1.016888888888889,1.01,1.01
2003-10-29,1.01,0.0,0.0,1.01,1.016888888888889,1.01,1.01
2003-10-30,1.01,0.0,0.0,1.01,1.0166666666666666,1.01,1.01
2003-10-31,1.01,0.0,0.0,1.01,1.0164444444444445,1.01,1.01
2003-11-01,1.0,-0.010000000000000009,-0.00990099009900991,1.0096666666666667,1.0161111111111112,1.01,1.01
2003-11-02,1.0,0.0,0.0,1.0093333333333334,1.015777777777778,1.01,1.01
2003-11-03,1.0,0.0,0.0,1.009,1.0154444444444444,1.01,1.01
2003-11-04,1.0,0.0,0.0,1.0086666666666666,1.015111111111111,1.01,1.01
2003-11-05,1.0,0.0,0.0,1.0083333333333333,1.0147777777777778,1.01,1.01
2003-11-06,1.0,0.0,0.0,1.008,1.0144444444444445,1.01,1.01
2003-11-07,1.0,0.0,0.0,1.0076666666666667,1.0141111111111112,1.01,1.01
2003-11-08,1.0,0.0,0.0,1.0073333333333332,1.0137777777777779,1.0,1.01
2003-11-09,1.0,0.0,0.0,1.0070000000000001,1.0134444444444446,1.0,1.01
2003-11-10,1.0,0.0,0.0,1.0066666666666666,1.0131111111111113,1.0,1.01
2003-11-11,1.0,0.0,0.0,1.0063333333333333,1.0127777777777778,1.0,1.01
2003-11-12,1.0,0.0,0.0,1.006,1.0124444444444445,1.0,1.01
2003-11-13,1.0,0.0,0.0,1.0056666666666667,1.0121111111111112,1.0,1.01
2003-11-14,1.0,0.0,0.0,1.0053333333333334,1.0117777777777779,1.0,1.01
2003-11-15,1.0,0.0,0.0,1.005,1.0114444444444444,1.0,1.01
2003-11-16,1.0,0.0,0.0,1.0046666666666666,1.011111111111111,1.0,1.01
2003-11-17,1.0,0.0,0.0,1.0043333333333333,1.0107777777777778,1.0,1.01
2003-11-18,1.0,0.0,0.0,1.004,1.0104444444444445,1.0,1.01
2003-11-19,1.0,0.0,0.0,1.0036666666666667,1.0101111111111112,1.0,1.01
2003-11-20,1.0,0.0,0.0,1.0033333333333332,1.0097777777777779,1.0,1.01
2003-11-21,1.0,0.0,0.0,1.003,1.0094444444444446,1.0,1.01
2003-11-22,1.0,0.0,0.0,1.0026666666666666,1.0091111111111113,1.0,1.01
2003-11-23,1.0,0.0,0.0,1.0023333333333333,1.0087777777777778,1.0,1.01
2003-11-24,1.0,0.0,0.0,1.002,1.0084444444444445,1.0,1.01
2003-11-25,1.0,0.0,0.0,1.0016666666666667,1.0081111111111112,1.0,1.01
2003-11-26,1.0,0.0,0.0,1.0013333333333334,1.0077777777777779,1.0,1.01
2003-11-27,1.0,0.0,0.0,1.001,1.0074444444444444,1.0,1.01
2003-11-28,1.0,0.0,0.0,1.0006666666666666,1.007111111111111,1.0,1.01
2003-11-29,1.0,0.0,0.0,1.0003333333333333,1.0067777777777778,1.0,1.01
2003-11-30,1.0,0.0,0.0,1.0,1.0066666666666668,1.0,1.01
2003-12-01,0.98,-0.020000000000000018,-0.020000000000000018,0.9993333333333333,1.0063333333333335,1.0,1.0
2003-12-02,0.98,0.0,0.0,0.9986666666666667,1.006,1.0,1.0
2003-12-03,0.98,0.0,0.0,0.998,1.0056666666666667,1.0,1.0
2003-12-04,0.98,0.0,0.0,0.9973333333333334,1.0053333333333334,1.0,1.0
2003-12-05,0.98,0.0,0.0,0.9966666666666667,1.005,1.0,1.0
2003-12-06,0.98,0.0,0.0,0.9960000000000001,1.0046666666666666,1.0,1.0
2003-12-07,0.98,0.0,0.0,0.9953333333333333,1.0043333333333333,1.0,1.0
2003-12-08,0.98,0.0,0.0,0.9946666666666667,1.004,0.98,1.0
2003-12-09,0.98,0.0,0.0,0.994,1.0036666666666667,0.98,1.0
2003-12-10,0.98,0.0,0.0,0.9933333333333334,1.0033333333333334,0.98,1.0
2003-12-11,0.98,0.0,0.0,0.9926666666666667,1.0030000000000001,0.98,1.0
2003-12-12,0.98,0.0,0.0,0.9920000000000001,1.0026666666666666,0.98,1.0
2003-12-13,0.98,0.0,0.0,0.9913333333333334,1.0023333333333333,0.98,1.0
2003-12-14,0.98,0.0,0.0,0.9906666666666666,1.002,0.98,1.0
2003-12-15,0.98,0.0,0.0,0.99,1.0016666666666667,0.98,1.0
2003-12-16,0.98,0.0,0.0,0.9893333333333333,1.0013333333333332,0.98,1.0
2003-12-17,0.98,0.0,0.0,0.9886666666666667,1.0010000000000001,0.98,1.0
2003-12-18,0.98,0.0,0.0,0.988,1.0006666666666666,0.98,1.0
2003-12-19,0.98,0.0,0.0,0.9873333333333334,1.0003333333333333,0.98,1.0
2003-12-20,0.98,0.0,0.0,0.9866666666666667,1.0,0.98,1.0
2003-12-21,0.98,0.0,0.0,0.9860000000000001,0.9996666666666667,0.98,1.0
2003-12-22,0.98,0.0,0.0,0.9853333333333334,0.9993333333333335,0.98,1.0
2003-12-23,0.98,0.0,0.0,0.9846666666666667,0.999,0.98,1.0
2003-12-24,0.98,0.0,0.0,0.984,0.9986666666666666,0.98,1.0
2003-12-25,0.98,0.0,0.0,0.9833333333333333,0.9983333333333334,0.98,1.0
2003-12-26,0.98,0.0,0.0,0.9826666666666667,0.9979999999999999,0.98,1.0
2003-12-27,0.98,0.0,0.0,0.982,0.9976666666666666,0.98,1.0
2003-12-28,0.98,0.0,0.0,0.9813333333333334,0.9973333333333334,0.98,1.0
2003-12-29,0.98,0.0,0.0,0.9806666666666667,0.997,0.98,1.0
2003-12-30,0.98,0.0,0.0,0.98,0.9966666666666666,0.98,1.0
2003-12-31,0.98,0.0,0.0,0.98,0.9963333333333334,0.98,0.98
2004-01-01,1.0,0.020000000000000018,0.020408163265306145,0.9806666666666666,0.9962222222222222,0.98,0.98
2004-01-02,1.0,0.0,0.0,0.9813333333333333,0.9961111111111111,0.98,0.98
2004-01-03,1.0,0.0,0.0,0.9819999999999999,0.996,0.98,0.98
2004-01-04,1.0,0.0,0.0,0.9826666666666666,0.9958888888888888,0.98,0.98
2004-01-05,1.0,0.0,0.0,0.9833333333333333,0.9957777777777779,0.98,0.98
2004-01-06,1.0,0.0,0.0,0.984,0.9956666666666667,0.98,0.98
2004-01-07,1.0,0.0,0.0,0.9846666666666667,0.9955555555555555,0.98,0.98
2004-01-08,1.0,0.0,0.0,0.9853333333333333,0.9954444444444445,1.0,0.98
2004-01-09,1.0,0.0,0.0,0.986,0.9953333333333333,1.0,0.98
2004-01-10,1.0,0.0,0.0,0.9866666666666666,0.9952222222222221,1.0,0.98
2004-01-11,1.0,0.0,0.0,0.9873333333333333,0.9951111111111112,1.0,0.98
2004-01-12,1.0,0.0,0.0,0.9879999999999999,0.995,1.0,0.98
2004-01-13,1.0,0.0,0.0,0.9886666666666666,0.9948888888888888,1.0,0.98
2004-01-14,1.0,0.0,0.0,0.9893333333333333,0.9947777777777778,1.0,0.98
2004-01-15,1.0,0.0,0.0,0.99,0.9946666666666666,1.0,0.98
2004-01-16,1.0,0.0,0.0,0.9906666666666666,0.9945555555555556,1.0,0.98
2004-01-17,1.0,0.0,0.0,0.9913333333333333,0.9944444444444445,1.0,0.98
2004-01-18,1.0,0.0,0.0,0.9919999999999999,0.9943333333333333,1.0,0.98
2004-01-19,1.0,0.0,0.0,0.9926666666666666,0.9942222222222222,1.0,0.98
2004-01-20,1.0,0.0,0.0,0.9933333333333333,0.9941111111111111,1.0,0.98
2004-01-21,1.0,0.0,0.0,0.994,0.9939999999999999,1.0,0.98
2004-01-22,1.0,0.0,0.0,0.9946666666666667,0.9938888888888889,1.0,0.98
2004-01-23,1.0,0.0,0.0,0.9953333333333333,0.9937777777777778,1.0,0.98
2004-01-24,1.0,0.0,0.0,0.996,0.9936666666666666,1.0,0.98
2004-01-25,1.0,0.0,0.0,0.9966666666666666,0.9935555555555555,1.0,0.98
2004-01-26,1.0,0.0,0.0,0.9973333333333333,0.9934444444444444,1.0,0.98
2004-01-27,1.0,0.0,0.0,0.9979999999999999,0.9933333333333333,1.0,0.98
2004-01-28,1.0,0.0,0.0,0.9986666666666666,0.9932222222222222,1.0,0.98
2004-01-29,1.0,0.0,0.0,0.9993333333333332,0.9931111111111111,1.0,0.98
2004-01-30,1.0,0.0,0.0,1.0,0.9931111111111111,1.0,0.98
2004-01-31,1.0,0.0,0.0,1.0,0.9931111111111111,1.0,1.0
2004-02-01,1.01,0.010000000000000009,0.010000000000000009,1.0003333333333333,0.9932222222222222,1.0,1.0
2004-02-02,1.01,0.0,0.0,1.0006666666666668,0.9933333333333333,1.0,1.0
2004-02-03,1.01,0.0,0.0,1.0010000000000001,0.9934444444444444,1.0,1.0
2004-02-04,1.01,0.0,0.0,1.0013333333333334,0.9935555555555555,1.0,1.0
2004-02-05,1.01,0.0,0.0,1.0016666666666667,0.9936666666666666,1.0,1.0
2004-02-06,1.01,0.0,0.0,1.002,0.9937777777777778,1.0,1.0
2004-02-07,1.01,0.0,0.0,1.0023333333333333,0.9938888888888889,1.0,1.0
2004-02-08,1.01,0.0,0.0,1.0026666666666668,0.9939999999999999,1.01,1.0
2004-02-09,1.01,0.0,0.0,1.003,0.9941111111111111,1.01,1.0
2004-02-10,1.01,0.0,0.0,1.0033333333333334,0.9942222222222221,1.01,1.0
2004-02-11,1.01,0.0,0.0,1.0036666666666667,0.9943333333333333,1.01,1.0
2004-02-12,1.01,0.0,0.0,1.004,0.9944444444444445,1.01,1.0
2004-02-13,1.01,0.0,0.0,1.0043333333333335,0.9945555555555554,1.01,1.0
2004-02-14,1.01,0.0,0.0,1.0046666666666666,0.9946666666666666,1.01,1.0
2004-02-15,1.01,0.0,0.0,1.0050000000000001,0.9947777777777778,1.01,1.0
2004-02-16,1.01,0.0,0.0,1.0053333333333334,0.9948888888888888,1.01,1.0
2004-02-17,1.01,0.0,0.0,1.0056666666666667,0.995,1.01,1.0
2004-02-18,1.01,0.0,0.0,1.006,0.9951111111111112,1.01,1.0
2004-02-19,1.01,0.0,0.0,1.0063333333333333,0.9952222222222221,1.01,1.0
2004-02-20,1.01,0.0,0.0,1.0066666666666668,0.9953333333333333,1.01,1.0
2004-02-21,1.01,0.0,0.0,1.0070000000000001,0.9954444444444445,1.01,1.0
2004-02-22,1.01,0.0,0.0,1.0073333333333334,0.9955555555555555,1.01,1.0
2004-02-23,1.01,0.0,0.0,1.0076666666666667,0.9956666666666667,1.01,1.0
2004-02-24,1.01,0.0,0.0,1.008,0.9957777777777777,1.01,1.0
2004-02-25,1.01,0.0,0.0,1.0083333333333333,0.9958888888888888,1.01,1.0
2004-02-26,1.01,0.0,0.0,1.0086666666666668,0.996,1.01,1.0
2004-02-27,1.01,0.0,0.0,1.0090000000000001,0.9961111111111111,1.01,1.0
2004-02-28,1.01,0.0,0.0,1.0093333333333334,0.9962222222222222,1.01,1.0
2004-02-29,1.01,0.0,0.0,1.0096666666666667,0.9965555555555555,1.01,1.0
2004-03-01,1.0,-0.010000000000000009,-0.00990099009900991,1.0096666666666667,0.9967777777777779,1.01,1.0
2004-03-02,1.0,0.0,0.0,1.0093333333333334,0.997,1.01,1.01
2004-03-03,1.0,0.0,0.0,1.0090000000000001,0.9972222222222222,1.01,1.01
2004-03-04,1.0,0.0,0.0,1.0086666666666668,0.9974444444444446,1.01,1.01
2004-03-05,1.0,0.0,0.0,1.0083333333333333,0.9976666666666667,1.01,1.01
2004-03-06,1.0,0.0,0.0,1.008,0.9978888888888889,1.01,1.01
2004-03-07,1.0,0.0,0.0,1.0076666666666667,0.9981111111111111,1.01,1.01
2004-03-08,1.0,0.0,0.0,1.0073333333333334,0.9983333333333334,1.0,1.01
2004-03-09,1.0,0.0,0.0,1.0070000000000001,0.9985555555555556,1.0,1.01
2004-03-10,1.0,0.0,0.0,1.0066666666666668,0.9987777777777778,1.0,1.01
2004-03-11,1.0,0.0,0.0,1.0063333333333333,0.9990000000000001,1.0,1.01
2004-03-12,1.0,0.0,0.0,1.006,0.9992222222222223,1.0,1.01
2004-03-13,1.0,0.0,0.0,1.0056666666666667,0.9994444444444445,1.0,1.01
2004-03-14,1.0,0.0,0.0,1.0053333333333334,0.9996666666666667,1.0,1.01
2004-03-15,1.0,0.0,0.0,1.0050000000000001,0.9998888888888889,1.0,1.01
2004-03-16,1.0,0.0,0.0,1.0046666666666666,1.0001111111111112,1.0,1.01
2004-03-17,1.0,0.0,0.0,1.0043333333333335,1.0003333333333333,1.0,1.01
2004-03-18,1.0,0.0,0.0,1.004,1.0005555555555556,1.0,1.01
2004-03-19,1.0,0.0,0.0,1.0036666666666667,1.0007777777777778,1.0,1.01
2004-03-20,1.0,0.0,0.0,1.0033333333333334,1.0010000000000001,1.0,1.01
2004-03-21,1.0,0.0,0.0,1.003,1.0012222222222222,1.0,1.01
2004-03-22,1.0,0.0,0.0,1.0026666666666668,1.0014444444444446,1.0,1.01
2004-03-23,1.0,0.0,0.0,1.0023333333333333,1.0016666666666667,1.0,1.01
2004-03-24,1.0,0.0,0.0,1.002,1.0018888888888888,1.0,1.01
2004-03-25,1.0,0.0,0.0,1.0016666666666667,1.0021111111111112,1.0,1.01
2004-03-26,1.0,0.0,0.0,1.0013333333333334,1.0023333333333335,1.0,1.01
2004-03-27,1.0,0.0,0.0,1.0010000000000001,1.0025555555555556,1.0,1.01
2004-03-28,1.0,0.0,0.0,1.0006666666666666,1.0027777777777778,1.0,1.01
2004-03-29,1.0,0.0,0.0,1.0003333333333333,1.0030000000000001,1.0,1.01
2004-03-30,1.0,0.0,0.0,1.0,1.0032222222222222,1.0,1.01
2004-03-31,1.0,0.0,0.0,1.0,1.0032222222222222,1.0,1.0
2004-04-01,1.0,0.0,0.0,1.0,1.0032222222222222,1.0,1.0
2004-04-02,1.0,0.0,0.0,1.0,1.0032222222222222,1.0,1.0
2004-04-03,1.0,0.0,0.0,1.0,1.0032222222222222,1.0,1.0
2004-04-04,1.0,0.0,0.0,1.0,1.0032222222222222,1.0,1.0
2004-04-05,1.0,0.0,0.0,1.0,1.0032222222222222,1.0,1.0
2004-04-06,1.0,0.0,0.0,1.0,1.0032222222222222,1.0,1.0
2004-04-07,1.0,0.0,0.0,1.0,1.0032222222222222,1.0,1.0
2004-04-08,1.0,0.0,0.0,1.0,1.0032222222222222,1.0,1.0
2004-04-09,1.0,0.0,0.0,1.0,1.0032222222222222,1.0,1.0
2004-04-10,1.0,0.0,0.0,1.0,1.0032222222222222,1.0,1.0
2004-04-11,1.0,0.0,0.0,1.0,1.0032222222222222,1.0,1.0
2004-04-12,1.0,0.0,0.0,1.0,1.0032222222222222,1.0,1.0
2004-04-13,1.0,0.0,0.0,1.0,1.0032222222222222,1.0,1.0
2004-04-14,1.0,0.0,0.0,1.0,1.0032222222222222,1.0,1.0
2004-04-15,1.0,0.0,0.0,1.0,1.0032222222222222,1.0,1.0
2004-04-16,1.0,0.0,0.0,1.0,1.0032222222222222,1.0,1.0
2004-04-17,1.0,0.0,0.0,1.0,1.0032222222222222,1.0,1.0
2004-04-18,1.0,0.0,0.0,1.0,1.0032222222222222,1.0,1.0
2004-04-19,1.0,0.0,0.0,1.0,1.0032222222222222,1.0,1.0
2004-04-20,1.0,0.0,0.0,1.0,1.0032222222222222,1.0,1.0
2004-04-21,1.0,0.0,0.0,1.0,1.0032222222222222,1.0,1.0
2004-04-22,1.0,0.0,0.0,1.0,1.0032222222222222,1.0,1.0
2004-04-23,1.0,0.0,0.0,1.0,1.0032222222222222,1.0,1.0
2004-04-24,1.0,0.0,0.0,1.0,1.0032222222222222,1.0,1.0
2004-04-25,1.0,0.0,0.0,1.0,1.0032222222222222,1.0,1.0
2004-04-26,1.0,0.0,0.0,1.0,1.0032222222222222,1.0,1.0
2004-04-27,1.0,0.0,0.0,1.0,1.0032222222222222,1.0,1.0
2004-04-28,1.0,0.0,0.0,1.0,1.0032222222222222,1.0,1.0
2004-04-29,1.0,0.0,0.0,1.0,1.0032222222222222,1.0,1.0
2004-04-30,1.0,0.0,0.0,1.0,1.0032222222222222,1.0,1.0
2004-05-01,1.0,0.0,0.0,1.0,1.003111111111111,1.0,1.0
2004-05-02,1.0,0.0,0.0,1.0,1.0030000000000001,1.0,1.0
2004-05-03,1.0,0.0,0.0,1.0,1.002888888888889,1.0,1.0
2004-05-04,1.0,0.0,0.0,1.0,1.0027777777777778,1.0,1.0
2004-05-05,1.0,0.0,0.0,1.0,1.0026666666666668,1.0,1.0
2004-05-06,1.0,0.0,0.0,1.0,1.0025555555555556,1.0,1.0
2004-05-07,1.0,0.0,0.0,1.0,1.0024444444444445,1.0,1.0
2004-05-08,1.0,0.0,0.0,1.0,1.0023333333333335,1.0,1.0
2004-05-09,1.0,0.0,0.0,1.0,1.0022222222222223,1.0,1.0
2004-05-10,1.0,0.0,0.0,1.0,1.0021111111111112,1.0,1.0
2004-05-11,1.0,0.0,0.0,1.0,1.002,1.0,1.0
2004-05-12,1.0,0.0,0.0,1.0,1.0018888888888888,1.0,1.0
2004-05-13,1.0,0.0,0.0,1.0,1.0017777777777779,1.0,1.0
2004-05-14,1.0,0.0,0.0,1.0,1.0016666666666667,1.0,1.0
2004-05-15,1.0,0.0,0.0,1.0,1.0015555555555555,1.0,1.0
2004-05-16,1.0,0.0,0.0,1.0,1.0014444444444446,1.0,1.0
2004-05-17,1.0,0.0,0.0,1.0,1.0013333333333334,1.0,1.0
2004-05-18,1.0,0.0,0.0,1.0,1.0012222222222222,1.0,1.0
2004-05-19,1.0,0.0,0.0,1.0,1.0011111111111113,1.0,1.0
2004-05-20,1.0,0.0,0.0,1.0,1.0010000000000001,1.0,1.0
2004-05-21,1.0,0.0,0.0,1.0,1.000888888888889,1.0,1.0
2004-05-22,1.0,0.0,0.0,1.0,1.0007777777777778,1.0,1.0
2004-05-23,1.0,0.0,0.0,1.0,1.0006666666666666,1.0,1.0
2004-05-24,1.0,0.0,0.0,1.0,1.0005555555555556,1.0,1.0
2004-05-25,1.0,0.0,0.0,1.0,1.0004444444444445,1.0,1.0
2004-05-26,1.0,0.0,0.0,1.0,1.0003333333333333,1.0,1.0
2004-05-27,1.0,0.0,0.0,1.0,1.0002222222222223,1.0,1.0
2004-05-28,1.0,0.0,0.0,1.0,1.0001111111111112,1.0,1.0
2004-05-29,1.0,0.0,0.0,1.0,1.0,1.0,1.0
2004-05-30,1.0,0.0,0.0,1.0,1.0,1.0,1.0
2004-05-31,1.0,0.0,0.0,1.0,1.0,1.0,1.0
2004-06-01,1.03,0.030000000000000027,0.030000000000000027,1.001,1.0003333333333333,1.0,1.0
2004-06-02,1.03,0.0,0.0,1.002,1.0006666666666666,1.0,1.0
2004-06-03,1.03,0.0,0.0,1.003,1.001,1.0,1.0
2004-06-04,1.03,0.0,0.0,1.004,1.0013333333333332,1.0,1.0
2004-06-05,1.03,0.0,0.0,1.005,1.0016666666666665,1.0,1.0
2004-06-06,1.03,0.0,0.0,1.006,1.002,1.0,1.0
2004-06-07,1.03,0.0,0.0,1.0070000000000001,1.0023333333333333,1.0,1.0
2004-06-08,1.03,0.0,0.0,1.008,1.0026666666666666,1.03,1.0
2004-06-09,1.03,0.0,0.0,1.009,1.003,1.03,1.0
2004-06-10,1.03,0.0,0.0,1.01,1.0033333333333334,1.03,1.0
2004-06-11,1.03,0.0,0.0,1.011,1.0036666666666667,1.03,1.0
2004-06-12,1.03,0.0,0.0,1.012,1.004,1.03,1.0
2004-06-13,1.03,0.0,0.0,1.0130000000000001,1.0043333333333333,1.03,1.0
2004-06-14,1.03,0.0,0.0,1.014,1.0046666666666666,1.03,1.0
2004-06-15,1.03,0.0,0.0,1.015,1.005,1.03,1.0
2004-06-16,1.03,0.0,0.0,1.016,1.0053333333333332,1.03,1.0
2004-06-17,1.03,0.0,0.0,1.017,1.0056666666666665,1.03,1.0
2004-06-18,1.03,0.0,0.0,1.018,1.006,1.03,1.0
2004-06-19,1.03,0.0,0.0,1.019,1.0063333333333333,1.03,1.0
2004-06-20,1.03,0.0,0.0,1.02,1.0066666666666666,1.03,1.0
2004-06-21,1.03,0.0,0.0,1.021,1.007,1.03,1.0
2004-06-22,1.03,0.0,0.0,1.022,1.0073333333333332,1.03,1.0
2004-06-23,1.03,0.0,0.0,1.023,1.0076666666666667,1.03,1.0
2004-06-24,1.03,0.0,0.0,1.024,1.008,1.03,1.0
2004-06-25,1.03,0.0,0.0,1.025,1.0083333333333333,1.03,1.0
2004-06-26,1.03,0.0,0.0,1.026,1.0086666666666666,1.03,1.0
2004-06-27,1.03,0.0,0.0,1.027,1.0090000000000001,1.03,1.0
2004-06-28,1.03,0.0,0.0,1.028,1.0093333333333332,1.03,1.0
2004-06-29,1.03,0.0,0.0,1.0290000000000001,1.0096666666666665,1.03,1.0
2004-06-30,1.03,0.0,0.0,1.03,1.01,1.03,1.0
2004-07-01,1.26,0.22999999999999998,0.2233009708737863,1.0376666666666667,1.012888888888889,1.03,1.03
2004-07-02,1.26,0.0,0.0,1.0453333333333332,1.015777777777778,1.03,1.03
2004-07-03,1.26,0.0,0.0,1.053,1.0186666666666666,1.03,1.03
2004-07-04,1.26,0.0,0.0,1.0606666666666669,1.0215555555555556,1.03,1.03
2004-07-05,1.26,0.0,0.0,1.0683333333333336,1.0244444444444445,1.03,1.03
2004-07-06,1.26,0.0,0.0,1.076,1.0273333333333332,1.03,1.03
2004-07-07,1.26,0.0,0.0,1.0836666666666666,1.0302222222222222,1.03,1.03
2004-07-08,1.26,0.0,0.0,1.0913333333333335,1.033111111111111,1.26,1.03
2004-07-09,1.26,0.0,0.0,1.099,1.036,1.26,1.03
2004-07-10,1.26,0.0,0.0,1.1066666666666665,1.038888888888889,1.26,1.03
2004-07-11,1.26,0.0,0.0,1.1143333333333334,1.0417777777777777,1.26,1.03
2004-07-12,1.26,0.0,0.0,1.122,1.0446666666666666,1.26,1.03
2004-07-13,1.26,0.0,0.0,1.1296666666666666,1.0475555555555556,1.26,1.03
2004-07-14,1.26,0.0,0.0,1.1373333333333335,1.0504444444444443,1.26,1.03
2004-07-15,1.26,0.0,0.0,1.145,1.0533333333333332,1.26,1.03
2004-07-16,1.26,0.0,0.0,1.1526666666666665,1.0562222222222222,1.26,1.03
2004-07-17,1.26,0.0,0.0,1.1603333333333332,1.0591111111111111,1.26,1.03
2004-07-18,1.26,0.0,0.0,1.168,1.062,1.26,1.03
2004-07-19,1.26,0.0,0.0,1.1756666666666669,1.064888888888889,1.26,1.03
2004-07-20,1.26,0.0,0.0,1.1833333333333333,1.0677777777777777,1.26,1.03
2004-07-21,1.26,0.0,0.0,1.191,1.0706666666666667,1.26,1.03
2004-07-22,1.26,0.0,0.0,1.1986666666666668,1.0735555555555554,1.26,1.03
2004-07-23,1.26,0.0,0.0,1.2063333333333333,1.0764444444444443,1.26,1.03
2004-07-24,1.26,0.0,0.0,1.2139999999999997,1.0793333333333333,1.26,1.03
2004-07-25,1.26,0.0,0.0,1.221666666666667,1.0822222222222222,1.26,1.03
2004-07-26,1.26,0.0,0.0,1.2293333333333334,1.0851111111111111,1.26,1.03
2004-07-27,1.26,0.0,0.0,1.2369999999999999,1.088,1.26,1.03
2004-07-28,1.26,0.0,0.0,1.2446666666666668,1.0908888888888888,1.26,1.03
2004-07-29,1.26,0.0,0.0,1.2523333333333333,1.0937777777777777,1.26,1.03
2004-07-30,1.26,0.0,0.0,1.26,1.0966666666666667,1.26,1.03
2004-07-31,1.26,0.0,0.0,1.26,1.0995555555555554,1.26,1.26
2004-08-01,1.43,0.16999999999999993,0.13492063492063489,1.2656666666666667,1.1043333333333334,1.26,1.26
2004-08-02,1.43,0.0,0.0,1.2713333333333332,1.109111111111111,1.26,1.26
2004-08-03,1.43,0.0,0.0,1.277,1.113888888888889,1.26,1.26
2004-08-04,1.43,0.0,0.0,1.2826666666666668,1.1186666666666665,1.26,1.26
2004-08-05,1.43,0.0,0.0,1.2883333333333336,1.1234444444444445,1.26,1.26
2004-08-06,1.43,0.0,0.0,1.294,1.1282222222222222,1.26,1.26
2004-08-07,1.43,0.0,0.0,1.2996666666666667,1.133,1.26,1.26
2004-08-08,1.43,0.0,0.0,1.3053333333333335,1.1377777777777778,1.43,1.26
2004-08-09,1.43,0.0,0.0,1.3110000000000002,1.1425555555555555,1.43,1.26
2004-08-10,1.43,0.0,0.0,1.3166666666666667,1.1473333333333333,1.43,1.26
2004-08-11,1.43,0.0,0.0,1.3223333333333334,1.152111111111111,1.43,1.26
2004-08-12,1.43,0.0,0.0,1.328,1.1568888888888889,1.43,1.26
2004-08-13,1.43,0.0,0.0,1.3336666666666666,1.1616666666666666,1.43,1.26
2004-08-14,1.43,0.0,0.0,1.3393333333333333,1.1664444444444444,1.43,1.26
2004-08-15,1.43,0.0,0.0,1.345,1.1712222222222222,1.43,1.26
2004-08-16,1.43,0.0,0.0,1.3506666666666667,1.176,1.43,1.26
2004-08-17,1.43,0.0,0.0,1.3563333333333332,1.1807777777777777,1.43,1.26
2004-08-18,1.43,0.0,0.0,1.3619999999999999,1.1855555555555555,1.43,1.26
2004-08-19,1.43,0.0,0.0,1.3676666666666668,1.1903333333333332,1.43,1.26
2004-08-20,1.43,0.0,0.0,1.3733333333333333,1.1951111111111112,1.43,1.26
2004-08-21,1.43,0.0,0.0,1.379,1.1998888888888888,1.43,1.26
2004-08-22,1.43,0.0,0.0,1.3846666666666667,1.2046666666666668,1.43,1.26
2004-08-23,1.43,0.0,0.0,1.3903333333333334,1.2094444444444443,1.43,1.26
2004-08-24,1.43,0.0,0.0,1.396,1.2142222222222223,1.43,1.26
2004-08-25,1.43,0.0,0.0,1.4016666666666666,1.2189999999999999,1.43,1.26
2004-08-26,1.43,0.0,0.0,1.4073333333333333,1.2237777777777779,1.43,1.26
2004-08-27,1.43,0.0,0.0,1.4129999999999998,1.2285555555555554,1.43,1.26
2004-08-28,1.43,0.0,0.0,1.4186666666666665,1.2333333333333334,1.43,1.26
2004-08-29,1.43,0.0,0.0,1.4243333333333332,1.238111111111111,1.43,1.26
2004-08-30,1.43,0.0,0.0,1.43,1.2425555555555556,1.43,1.26
2004-08-31,1.43,0.0,0.0,1.43,1.2469999999999999,1.43,1.43
2004-09-01,1.61,0.18000000000000016,0.12587412587412605,1.436,1.2534444444444444,1.43,1.43
2004-09-02,1.61,0.0,0.0,1.4420000000000002,1.2598888888888888,1.43,1.43
2004-09-03,1.61,0.0,0.0,1.448,1.2663333333333333,1.43,1.43
2004-09-04,1.61,0.0,0.0,1.454,1.2727777777777778,1.43,1.43
2004-09-05,1.61,0.0,0.0,1.46,1.2792222222222223,1.43,1.43
2004-09-06,1.61,0.0,0.0,1.466,1.2856666666666665,1.43,1.43
2004-09-07,1.61,0.0,0.0,1.472,1.292111111111111,1.43,1.43
2004-09-08,1.61,0.0,0.0,1.478,1.2985555555555557,1.61,1.43
2004-09-09,1.61,0.0,0.0,1.4839999999999998,1.305,1.61,1.43
2004-09-10,1.61,0.0,0.0,1.4899999999999998,1.3114444444444444,1.61,1.43
2004-09-11,1.61,0.0,0.0,1.4959999999999998,1.3178888888888889,1.61,1.43
2004-09-12,1.61,0.0,0.0,1.5019999999999998,1.3243333333333334,1.61,1.43
2004-09-13,1.61,0.0,0.0,1.508,1.3307777777777778,1.61,1.43
2004-09-14,1.61,0.0,0.0,1.514,1.3372222222222223,1.61,1.43
2004-09-15,1.61,0.0,0.0,1.52,1.3436666666666668,1.61,1.43
2004-09-16,1.61,0.0,0.0,1.526,1.3501111111111113,1.61,1.43
2004-09-17,1.61,0.0,0.0,1.532,1.3565555555555555,1.61,1.43
2004-09-18,1.61,0.0,0.0,1.538,1.363,1.61,1.43
2004-09-19,1.61,0.0,0.0,1.544,1.3694444444444445,1.61,1.43
2004-09-20,1.61,0.0,0.0,1.55,1.375888888888889,1.61,1.43
2004-09-21,1.61,0.0,0.0,1.556,1.3823333333333332,1.61,1.43
2004-09-22,1.61,0.0,0.0,1.562,1.3887777777777777,1.61,1.43
2004-09-23,1.61,0.0,0.0,1.5680000000000003,1.3952222222222221,1.61,1.43
2004-09-24,1.61,0.0,0.0,1.5740000000000003,1.4016666666666666,1.61,1.43
2004-09-25,1.61,0.0,0.0,1.5800000000000003,1.408111111111111,1.61,1.43
2004-09-26,1.61,0.0,0.0,1.586,1.4145555555555556,1.61,1.43
2004-09-27,1.61,0.0,0.0,1.592,1.421,1.61,1.43
2004-09-28,1.61,0.0,0.0,1.598,1.4274444444444445,1.61,1.43
2004-09-29,1.61,0.0,0.0,1.604,1.4313333333333333,1.61,1.43
2004-09-30,1.61,0.0,0.0,1.61,1.4352222222222222,1.61,1.43
2004-10-01,1.76,0.1499999999999999,0.09316770186335388,1.615,1.440777777777778,1.61,1.61
2004-10-02,1.76,0.0,0.0,1.62,1.4463333333333335,1.61,1.61
2004-10-03,1.76,0.0,0.0,1.625,1.4518888888888888,1.61,1.61
2004-10-04,1.76,0.0,0.0,1.63,1.4574444444444445,1.61,1.61
2004-10-05,1.76,0.0,0.0,1.6350000000000002,1.463,1.61,1.61
2004-10-06,1.76,0.0,0.0,1.6400000000000001,1.4685555555555554,1.61,1.61
2004-10-07,1.76,0.0,0.0,1.645,1.4741111111111114,1.61,1.61
2004-10-08,1.76,0.0,0.0,1.65,1.479666666666667,1.76,1.61
2004-10-09,1.76,0.0,0.0,1.6550000000000002,1.485222222222222,1.76,1.61
2004-10-10,1.76,0.0,0.0,1.6600000000000001,1.4907777777777775,1.76,1.61
2004-10-11,1.76,0.0,0.0,1.665,1.4963333333333335,1.76,1.61
2004-10-12,1.76,0.0,0.0,1.6700000000000004,1.5018888888888888,1.76,1.61
2004-10-13,1.76,0.0,0.0,1.675,1.5074444444444444,1.76,1.61
2004-10-14,1.76,0.0,0.0,1.68,1.5130000000000001,1.76,1.61
2004-10-15,1.76,0.0,0.0,1.6849999999999998,1.5185555555555554,1.76,1.61
2004-10-16,1.76,0.0,0.0,1.6900000000000002,1.524111111111111,1.76,1.61
2004-10-17,1.76,0.0,0.0,1.695,1.529666666666667,1.76,1.61
2004-10-18,1.76,0.0,0.0,1.7,1.535222222222222,1.76,1.61
2004-10-19,1.76,0.0,0.0,1.7050000000000003,1.5407777777777776,1.76,1.61
2004-10-20,1.76,0.0,0.0,1.7100000000000002,1.5463333333333336,1.76,1.61
2004-10-21,1.76,0.0,0.0,1.715,1.5518888888888887,1.76,1.61
2004-10-22,1.76,0.0,0.0,1.72,1.5574444444444444,1.76,1.61
2004-10-23,1.76,0.0,0.0,1.725,1.5630000000000002,1.76,1.61
2004-10-24,1.76,0.0,0.0,1.73,1.5685555555555557,1.76,1.61
2004-10-25,1.76,0.0,0.0,1.7349999999999999,1.574111111111111,1.76,1.61
2004-10-26,1.76,0.0,0.0,1.7399999999999998,1.5796666666666668,1.76,1.61
2004-10-27,1.76,0.0,0.0,1.745,1.5852222222222223,1.76,1.61
2004-10-28,1.76,0.0,0.0,1.75,1.5907777777777776,1.76,1.61
2004-10-29,1.76,0.0,0.0,1.755,1.5963333333333336,1.76,1.61
2004-10-30,1.76,0.0,0.0,1.76,1.6,1.76,1.61
2004-10-31,1.76,0.0,0.0,1.76,1.6036666666666666,1.76,1.76
2004-11-01,1.93,0.16999999999999993,0.09659090909090895,1.7656666666666667,1.6092222222222223,1.76,1.76
2004-11-02,1.93,0.0,0.0,1.7713333333333334,1.6147777777777779,1.76,1.76
2004-11-03,1.93,0.0,0.0,1.7770000000000001,1.6203333333333332,1.76,1.76
2004-11-04,1.93,0.0,0.0,1.7826666666666666,1.6258888888888887,1.76,1.76
2004-11-05,1.93,0.0,0.0,1.7883333333333333,1.6314444444444445,1.76,1.76
2004-11-06,1.93,0.0,0.0,1.794,1.6370000000000002,1.76,1.76
2004-11-07,1.93,0.0,0.0,1.7996666666666667,1.6425555555555558,1.76,1.76
2004-11-08,1.93,0.0,0.0,1.8053333333333332,1.6481111111111109,1.93,1.76
2004-11-09,1.93,0.0,0.0,1.811,1.6536666666666668,1.93,1.76
2004-11-10,1.93,0.0,0.0,1.8166666666666667,1.6592222222222224,1.93,1.76
2004-11-11,1.93,0.0,0.0,1.8223333333333331,1.664777777777778,1.93,1.76
2004-11-12,1.93,0.0,0.0,1.8279999999999998,1.6703333333333332,1.93,1.76
2004-11-13,1.93,0.0,0.0,1.8336666666666666,1.675888888888889,1.93,1.76
2004-11-14,1.93,0.0,0.0,1.8393333333333333,1.6814444444444445,1.93,1.76
2004-11-15,1.93,0.0,0.0,1.8449999999999998,1.687,1.93,1.76
2004-11-16,1.93,0.0,0.0,1.8506666666666665,1.6925555555555554,1.93,1.76
2004-11-17,1.93,0.0,0.0,1.8563333333333332,1.6981111111111113,1.93,1.76
2004-11-18,1.93,0.0,0.0,1.8619999999999997,1.7036666666666669,1.93,1.76
2004-11-19,1.93,0.0,0.0,1.8676666666666664,1.7092222222222224,1.93,1.76
2004-11-20,1.93,0.0,0.0,1.8733333333333335,1.7147777777777775,1.93,1.76
2004-11-21,1.93,0.0,0.0,1.8790000000000002,1.720333333333333,1.93,1.76
2004-11-22,1.93,0.0,0.0,1.8846666666666667,1.725888888888889,1.93,1.76
2004-11-23,1.93,0.0,0.0,1.8903333333333334,1.7314444444444446,1.93,1.76
2004-11-24,1.93,0.0,0.0,1.8960000000000001,1.7369999999999999,1.93,1.76
2004-11-25,1.93,0.0,0.0,1.9016666666666668,1.7425555555555554,1.93,1.76
2004-11-26,1.93,0.0,0.0,1.9073333333333333,1.7481111111111112,1.93,1.76
2004-11-27,1.93,0.0,0.0,1.913,1.7536666666666667,1.93,1.76
2004-11-28,1.93,0.0,0.0,1.9186666666666667,1.759222222222222,1.93,1.76
2004-11-29,1.93,0.0,0.0,1.9243333333333332,1.7647777777777776,1.93,1.76
2004-11-30,1.93,0.0,0.0,1.93,1.7683333333333333,1.93,1.76
2004-12-01,2.16,0.2300000000000002,0.11917098445595875,1.9376666666666664,1.7744444444444443,1.93,1.93
2004-12-02,2.16,0.0,0.0,1.9453333333333334,1.7805555555555554,1.93,1.93
2004-12-03,2.16,0.0,0.0,1.9529999999999998,1.7866666666666664,1.93,1.93
2004-12-04,2.16,0.0,0.0,1.9606666666666668,1.7927777777777778,1.93,1.93
2004-12-05,2.16,0.0,0.0,1.9683333333333333,1.798888888888889,1.93,1.93
2004-12-06,2.16,0.0,0.0,1.976,1.8050000000000002,1.93,1.93
2004-12-07,2.16,0.0,0.0,1.9836666666666667,1.8111111111111111,1.93,1.93
2004-12-08,2.16,0.0,0.0,1.9913333333333334,1.8172222222222223,2.16,1.93
2004-12-09,2.16,0.0,0.0,1.9989999999999999,1.8233333333333333,2.16,1.93
2004-12-10,2.16,0.0,0.0,2.006666666666667,1.8294444444444444,2.16,1.93
2004-12-11,2.16,0.0,0.0,2.0143333333333335,1.8355555555555554,2.16,1.93
2004-12-12,2.16,0.0,0.0,2.0220000000000002,1.8416666666666666,2.16,1.93
2004-12-13,2.16,0.0,0.0,2.0296666666666665,1.847777777777778,2.16,1.93
2004-12-14,2.16,0.0,0.0,2.0373333333333337,1.8538888888888891,2.16,1.93
2004-12-15,2.16,0.0,0.0,2.045,1.86,2.16,1.93
2004-12-16,2.16,0.0,0.0,2.0526666666666666,1.8661111111111113,2.16,1.93
2004-12-17,2.16,0.0,0.0,2.0603333333333333,1.8722222222222222,2.16,1.93
2004-12-18,2.16,0.0,0.0,2.068,1.8783333333333332,2.16,1.93
2004-12-19,2.16,0.0,0.0,2.0756666666666668,1.8844444444444444,2.16,1.93
2004-12-20,2.16,0.0,0.0,2.0833333333333335,1.8905555555555553,2.16,1.93
2004-12-21,2.16,0.0,0.0,2.0909999999999997,1.896666666666667,2.16,1.93
2004-12-22,2.16,0.0,0.0,2.098666666666667,1.9027777777777777,2.16,1.93
2004-12-23,2.16,0.0,0.0,2.106333333333333,1.908888888888889,2.16,1.93
2004-12-24,2.16,0.0,0.0,2.114,1.915,2.16,1.93
2004-12-25,2.16,0.0,0.0,2.1216666666666666,1.9211111111111112,2.16,1.93
2004-12-26,2.16,0.0,0.0,2.1293333333333333,1.9272222222222222,2.16,1.93
2004-12-27,2.16,0.0,0.0,2.137,1.9333333333333333,2.16,1.93
2004-12-28,2.16,0.0,0.0,2.1446666666666667,1.9394444444444443,2.16,1.93
2004-12-29,2.16,0.0,0.0,2.1523333333333334,1.9455555555555557,2.16,1.93
2004-12-30,2.16,0.0,0.0,2.16,1.95,2.16,1.93
2004-12-31,2.16,0.0,0.0,2.16,1.9544444444444444,2.16,2.16
2005-01-01,2.28,0.11999999999999966,0.05555555555555536,2.164,1.9602222222222223,2.16,2.16
2005-01-02,2.28,0.0,0.0,2.168,1.966,2.16,2.16
2005-01-03,2.28,0.0,0.0,2.1719999999999997,1.9717777777777779,2.16,2.16
2005-01-04,2.28,0.0,0.0,2.176,1.9775555555555557,2.16,2.16
2005-01-05,2.28,0.0,0.0,2.18,1.9833333333333334,2.16,2.16
2005-01-06,2.28,0.0,0.0,2.184,1.9891111111111113,2.16,2.16
2005-01-07,2.28,0.0,0.0,2.188,1.9948888888888892,2.16,2.16
2005-01-08,2.28,0.0,0.0,2.192,2.0006666666666666,2.28,2.16
2005-01-09,2.28,0.0,0.0,2.1959999999999997,2.0064444444444445,2.28,2.16
2005-01-10,2.28,0.0,0.0,2.2,2.0122222222222224,2.28,2.16
2005-01-11,2.28,0.0,0.0,2.204,2.0180000000000002,2.28,2.16
2005-01-12,2.28,0.0,0.0,2.208,2.0237777777777777,2.28,2.16
2005-01-13,2.28,0.0,0.0,2.212,2.0295555555555556,2.28,2.16
2005-01-14,2.28,0.0,0.0,2.2159999999999997,2.0353333333333334,2.28,2.16
2005-01-15,2.28,0.0,0.0,2.2199999999999998,2.041111111111111,2.28,2.16
2005-01-16,2.28,0.0,0.0,2.2239999999999998,2.0468888888888888,2.28,2.16
2005-01-17,2.28,0.0,0.0,2.228,2.0526666666666666,2.28,2.16
2005-01-18,2.28,0.0,0.0,2.2319999999999998,2.0584444444444445,2.28,2.16
2005-01-19,2.28,0.0,0.0,2.2359999999999998,2.0642222222222224,2.28,2.16
2005-01-20,2.28,0.0,0.0,2.24,2.0700000000000003,2.28,2.16
2005-01-21,2.28,0.0,0.0,2.244,2.0757777777777777,2.28,2.16
2005-01-22,2.28,0.0,0.0,2.2479999999999998,2.0815555555555556,2.28,2.16
2005-01-23,2.28,0.0,0.0,2.2520000000000002,2.0873333333333335,2.28,2.16
2005-01-24,2.28,0.0,0.0,2.256,2.093111111111111,2.28,2.16
2005-01-25,2.28,0.0,0.0,2.26,2.098888888888889,2.28,2.16
2005-01-26,2.28,0.0,0.0,2.264,2.1046666666666667,2.28,2.16
2005-01-27,2.28,0.0,0.0,2.268,2.1104444444444446,2.28,2.16
2005-01-28,2.28,0.0,0.0,2.272,2.1162222222222224,2.28,2.16
2005-01-29,2.28,0.0,0.0,2.2760000000000002,2.122,2.28,2.16
2005-01-30,2.28,0.0,0.0,2.28,2.1258888888888885,2.28,2.16
2005-01-31,2.28,0.0,0.0,2.28,2.1297777777777775,2.28,2.28
2005-02-01,2.5,0.2200000000000002,0.09649122807017552,2.2873333333333337,2.136111111111111,2.28,2.28
2005-02-02,2.5,0.0,0.0,2.2946666666666666,2.142444444444444,2.28,2.28
2005-02-03,2.5,0.0,0.0,2.302,2.1487777777777777,2.28,2.28
2005-02-04,2.5,0.0,0.0,2.3093333333333335,2.1551111111111108,2.28,2.28
2005-02-05,2.5,0.0,0.0,2.316666666666667,2.1614444444444443,2.28,2.28
2005-02-06,2.5,0.0,0.0,2.324,2.167777777777778,2.28,2.28
2005-02-07,2.5,0.0,0.0,2.3313333333333333,2.174111111111111,2.28,2.28
2005-02-08,2.5,0.0,0.0,2.3386666666666667,2.1804444444444444,2.5,2.28
2005-02-09,2.5,0.0,0.0,2.3459999999999996,2.1867777777777775,2.5,2.28
2005-02-10,2.5,0.0,0.0,2.353333333333333,2.193111111111111,2.5,2.28
2005-02-11,2.5,0.0,0.0,2.3606666666666665,2.1994444444444445,2.5,2.28
2005-02-12,2.5,0.0,0.0,2.3680000000000003,2.2057777777777776,2.5,2.28
2005-02-13,2.5,0.0,0.0,2.3753333333333333,2.2121111111111107,2.5,2.28
2005-02-14,2.5,0.0,0.0,2.3826666666666667,2.218444444444444,2.5,2.28
2005-02-15,2.5,0.0,0.0,2.39,2.2247777777777777,2.5,2.28
2005-02-16,2.5,0.0,0.0,2.3973333333333335,2.231111111111111,2.5,2.28
2005-02-17,2.5,0.0,0.0,2.4046666666666665,2.2374444444444443,2.5,2.28
2005-02-18,2.5,0.0,0.0,2.412,2.243777777777778,2.5,2.28
2005-02-19,2.5,0.0,0.0,2.4193333333333333,2.250111111111111,2.5,2.28
2005-02-20,2.5,0.0,0.0,2.4266666666666667,2.2564444444444445,2.5,2.28
2005-02-21,2.5,0.0,0.0,2.4339999999999997,2.2627777777777776,2.5,2.28
2005-02-22,2.5,0.0,0.0,2.4413333333333336,2.269111111111111,2.5,2.28
2005-02-23,2.5,0.0,0.0,2.448666666666667,2.275444444444444,2.5,2.28
2005-02-24,2.5,0.0,0.0,2.4560000000000004,2.2817777777777777,2.5,2.28
2005-02-25,2.5,0.0,0.0,2.4633333333333334,2.2881111111111108,2.5,2.28
2005-02-26,2.5,0.0,0.0,2.470666666666667,2.2944444444444443,2.5,2.28
2005-02-27,2.5,0.0,0.0,2.478,2.300777777777778,2.5,2.28
2005-02-28,2.5,0.0,0.0,2.4853333333333336,2.307111111111111,2.5,2.28
2005-03-01,2.63,0.1299999999999999,0.052000000000000046,2.497,2.3123333333333336,2.5,2.28
2005-03-02,2.63,0.0,0.0,2.508666666666666,2.317555555555556,2.5,2.28
2005-03-03,2.63,0.0,0.0,2.513,2.322777777777778,2.5,2.5
2005-03-04,2.63,0.0,0.0,2.517333333333333,2.3280000000000003,2.5,2.5
2005-03-05,2.63,0.0,0.0,2.5216666666666665,2.333222222222222,2.5,2.5
2005-03-06,2.63,0.0,0.0,2.5260000000000002,2.3384444444444443,2.5,2.5
2005-03-07,2.63,0.0,0.0,2.530333333333333,2.3436666666666666,2.5,2.5
2005-03-08,2.63,0.0,0.0,2.5346666666666664,2.348888888888889,2.63,2.5
2005-03-09,2.63,0.0,0.0,2.539,2.354111111111111,2.63,2.5
2005-03-10,2.63,0.0,0.0,2.5433333333333334,2.3593333333333333,2.63,2.5
2005-03-11,2.63,0.0,0.0,2.5476666666666663,2.3645555555555555,2.63,2.5
2005-03-12,2.63,0.0,0.0,2.552,2.3697777777777778,2.63,2.5
2005-03-13,2.63,0.0,0.0,2.5563333333333333,2.3749999999999996,2.63,2.5
2005-03-14,2.63,0.0,0.0,2.5606666666666666,2.3802222222222222,2.63,2.5
2005-03-15,2.63,0.0,0.0,2.5649999999999995,2.3854444444444445,2.63,2.5
2005-03-16,2.63,0.0,0.0,2.5693333333333332,2.3906666666666667,2.63,2.5
2005-03-17,2.63,0.0,0.0,2.5736666666666665,2.395888888888889,2.63,2.5
2005-03-18,2.63,0.0,0.0,2.578,2.401111111111111,2.63,2.5
2005-03-19,2.63,0.0,0.0,2.582333333333333,2.4063333333333334,2.63,2.5
2005-03-20,2.63,0.0,0.0,2.5866666666666664,2.4115555555555557,2.63,2.5
2005-03-21,2.63,0.0,0.0,2.5909999999999997,2.4167777777777775,2.63,2.5
2005-03-22,2.63,0.0,0.0,2.5953333333333335,2.4219999999999997,2.63,2.5
2005-03-23,2.63,0.0,0.0,2.5996666666666663,2.427222222222222,2.63,2.5
2005-03-24,2.63,0.0,0.0,2.6039999999999996,2.432444444444444,2.63,2.5
2005-03-25,2.63,0.0,0.0,2.6083333333333334,2.4376666666666664,2.63,2.5
2005-03-26,2.63,0.0,0.0,2.6126666666666667,2.4428888888888887,2.63,2.5
2005-03-27,2.63,0.0,0.0,2.6169999999999995,2.4481111111111113,2.63,2.5
2005-03-28,2.63,0.0,0.0,2.621333333333333,2.4533333333333336,2.63,2.5
2005-03-29,2.63,0.0,0.0,2.6256666666666666,2.4585555555555554,2.63,2.5
2005-03-30,2.63,0.0,0.0,2.63,2.4637777777777776,2.63,2.5
2005-03-31,2.63,0.0,0.0,2.63,2.469,2.63,2.63
2005-04-01,2.79,0.16000000000000014,0.06083650190114076,2.6353333333333335,2.4746666666666663,2.63,2.63
2005-04-02,2.79,0.0,0.0,2.6406666666666667,2.4803333333333333,2.63,2.63
2005-04-03,2.79,0.0,0.0,2.646,2.4859999999999998,2.63,2.63
2005-04-04,2.79,0.0,0.0,2.6513333333333335,2.4916666666666663,2.63,2.63
2005-04-05,2.79,0.0,0.0,2.6566666666666663,2.497333333333333,2.63,2.63
2005-04-06,2.79,0.0,0.0,2.662,2.5029999999999997,2.63,2.63
2005-04-07,2.79,0.0,0.0,2.667333333333333,2.5086666666666666,2.63,2.63
2005-04-08,2.79,0.0,0.0,2.6726666666666663,2.514333333333333,2.79,2.63
2005-04-09,2.79,0.0,0.0,2.678,2.52,2.79,2.63
2005-04-10,2.79,0.0,0.0,2.683333333333333,2.5256666666666665,2.79,2.63
2005-04-11,2.79,0.0,0.0,2.688666666666667,2.5313333333333334,2.79,2.63
2005-04-12,2.79,0.0,0.0,2.694,2.537,2.79,2.63
2005-04-13,2.79,0.0,0.0,2.6993333333333336,2.542666666666667,2.79,2.63
2005-04-14,2.79,0.0,0.0,2.7046666666666668,2.5483333333333333,2.79,2.63
2005-04-15,2.79,0.0,0.0,2.71,2.554,2.79,2.63
2005-04-16,2.79,0.0,0.0,2.715333333333333,2.5596666666666668,2.79,2.63
2005-04-17,2.79,0.0,0.0,2.720666666666667,2.5653333333333332,2.79,2.63
2005-04-18,2.79,0.0,0.0,2.726,2.5709999999999997,2.79,2.63
2005-04-19,2.79,0.0,0.0,2.731333333333333,2.5766666666666667,2.79,2.63
2005-04-20,2.79,0.0,0.0,2.736666666666667,2.582333333333333,2.79,2.63
2005-04-21,2.79,0.0,0.0,2.7419999999999995,2.588,2.79,2.63
2005-04-22,2.79,0.0,0.0,2.747333333333333,2.5936666666666666,2.79,2.63
2005-04-23,2.79,0.0,0.0,2.752666666666667,2.5993333333333335,2.79,2.63
2005-04-24,2.79,0.0,0.0,2.758,2.605,2.79,2.63
2005-04-25,2.79,0.0,0.0,2.7633333333333336,2.6106666666666665,2.79,2.63
2005-04-26,2.79,0.0,0.0,2.768666666666667,2.6163333333333334,2.79,2.63
2005-04-27,2.79,0.0,0.0,2.7740000000000005,2.622,2.79,2.63
2005-04-28,2.79,0.0,0.0,2.779333333333333,2.6276666666666664,2.79,2.63
2005-04-29,2.79,0.0,0.0,2.784666666666667,2.6333333333333333,2.79,2.63
2005-04-30,2.79,0.0,0.0,2.79,2.6390000000000002,2.79,2.63
2005-05-01,3.0,0.20999999999999996,0.07526881720430101,2.7969999999999997,2.6470000000000002,2.79,2.79
2005-05-02,3.0,0.0,0.0,2.804,2.6525555555555558,2.79,2.79
2005-05-03,3.0,0.0,0.0,2.811,2.6581111111111113,2.79,2.79
2005-05-04,3.0,0.0,0.0,2.8179999999999996,2.663666666666667,2.79,2.79
2005-05-05,3.0,0.0,0.0,2.825,2.6692222222222224,2.79,2.79
2005-05-06,3.0,0.0,0.0,2.832,2.674777777777778,2.79,2.79
2005-05-07,3.0,0.0,0.0,2.839,2.6803333333333335,2.79,2.79
2005-05-08,3.0,0.0,0.0,2.8459999999999996,2.685888888888889,3.0,2.79
2005-05-09,3.0,0.0,0.0,2.853,2.6914444444444445,3.0,2.79
2005-05-10,3.0,0.0,0.0,2.86,2.697,3.0,2.79
2005-05-11,3.0,0.0,0.0,2.8669999999999995,2.7025555555555556,3.0,2.79
2005-05-12,3.0,0.0,0.0,2.874,2.708111111111111,3.0,2.79
2005-05-13,3.0,0.0,0.0,2.881,2.7136666666666667,3.0,2.79
2005-05-14,3.0,0.0,0.0,2.888,2.719222222222222,3.0,2.79
2005-05-15,3.0,0.0,0.0,2.895,2.724777777777778,3.0,2.79
2005-05-16,3.0,0.0,0.0,2.902,2.7303333333333337,3.0,2.79
2005-05-17,3.0,0.0,0.0,2.909,2.7358888888888893,3.0,2.79
2005-05-18,3.0,0.0,0.0,2.9159999999999995,2.741444444444445,3.0,2.79
2005-05-19,3.0,0.0,0.0,2.923,2.7470000000000003,3.0,2.79
2005-05-20,3.0,0.0,0.0,2.9299999999999997,2.752555555555556,3.0,2.79
2005-05-21,3.0,0.0,0.0,2.937,2.7581111111111114,3.0,2.79
2005-05-22,3.0,0.0,0.0,2.944,2.763666666666667,3.0,2.79
2005-05-23,3.0,0.0,0.0,2.951,2.7692222222222225,3.0,2.79
2005-05-24,3.0,0.0,0.0,2.9579999999999997,2.774777777777778,3.0,2.79
2005-05-25,3.0,0.0,0.0,2.9649999999999994,2.7803333333333335,3.0,2.79
2005-05-26,3.0,0.0,0.0,2.972,2.785888888888889,3.0,2.79
2005-05-27,3.0,0.0,0.0,2.9789999999999996,2.7914444444444446,3.0,2.79
2005-05-28,3.0,0.0,0.0,2.9859999999999998,2.797,3.0,2.79
2005-05-29,3.0,0.0,0.0,2.993,2.8025555555555557,3.0,2.79
2005-05-30,3.0,0.0,0.0,3.0,2.8066666666666666,3.0,2.79
2005-05-31,3.0,0.0,0.0,3.0,2.8107777777777776,3.0,3.0
2005-06-01,3.04,0.040000000000000036,0.01333333333333342,3.0013333333333336,2.8153333333333332,3.0,3.0
2005-06-02,3.04,0.0,0.0,3.002666666666667,2.819888888888889,3.0,3.0
2005-06-03,3.04,0.0,0.0,3.004,2.8244444444444445,3.0,3.0
2005-06-04,3.04,0.0,0.0,3.0053333333333336,2.829,3.0,3.0
2005-06-05,3.04,0.0,0.0,3.006666666666667,2.833555555555556,3.0,3.0
2005-06-06,3.04,0.0,0.0,3.0080000000000005,2.838111111111111,3.0,3.0
2005-06-07,3.04,0.0,0.0,3.009333333333333,2.8426666666666667,3.0,3.0
2005-06-08,3.04,0.0,0.0,3.010666666666667,2.8472222222222223,3.04,3.0
2005-06-09,3.04,0.0,0.0,3.012,2.851777777777778,3.04,3.0
2005-06-10,3.04,0.0,0.0,3.0133333333333336,2.856333333333333,3.04,3.0
2005-06-11,3.04,0.0,0.0,3.0146666666666664,2.8608888888888893,3.04,3.0
2005-06-12,3.04,0.0,0.0,3.016,2.8654444444444445,3.04,3.0
2005-06-13,3.04,0.0,0.0,3.0173333333333336,2.87,3.04,3.0
2005-06-14,3.04,0.0,0.0,3.018666666666667,2.8745555555555553,3.04,3.0
2005-06-15,3.04,0.0,0.0,3.0200000000000005,2.879111111111111,3.04,3.0
2005-06-16,3.04,0.0,0.0,3.021333333333333,2.883666666666667,3.04,3.0
2005-06-17,3.04,0.0,0.0,3.022666666666667,2.8882222222222222,3.04,3.0
2005-06-18,3.04,0.0,0.0,3.024,2.892777777777778,3.04,3.0
2005-06-19,3.04,0.0,0.0,3.0253333333333337,2.897333333333333,3.04,3.0
2005-06-20,3.04,0.0,0.0,3.026666666666667,2.901888888888889,3.04,3.0
2005-06-21,3.04,0.0,0.0,3.028,2.906444444444445,3.04,3.0
2005-06-22,3.04,0.0,0.0,3.0293333333333337,2.9109999999999996,3.04,3.0
2005-06-23,3.04,0.0,0.0,3.030666666666667,2.9155555555555552,3.04,3.0
2005-06-24,3.04,0.0,0.0,3.0320000000000005,2.9201111111111113,3.04,3.0
2005-06-25,3.04,0.0,0.0,3.033333333333333,2.9246666666666665,3.04,3.0
2005-06-26,3.04,0.0,0.0,3.034666666666667,2.929222222222222,3.04,3.0
2005-06-27,3.04,0.0,0.0,3.0360000000000005,2.933777777777778,3.04,3.0
2005-06-28,3.04,0.0,0.0,3.0373333333333337,2.938333333333333,3.04,3.0
2005-06-29,3.04,0.0,0.0,3.038666666666667,2.942888888888889,3.04,3.0
2005-06-30,3.04,0.0,0.0,3.04,2.945666666666667,3.04,3.0
2005-07-01,3.26,0.21999999999999975,0.07236842105263142,3.0473333333333334,2.9508888888888896,3.04,3.04
2005-07-02,3.26,0.0,0.0,3.054666666666667,2.9561111111111114,3.04,3.04
2005-07-03,3.26,0.0,0.0,3.062,2.961333333333333,3.04,3.04
2005-07-04,3.26,0.0,0.0,3.0693333333333332,2.966555555555556,3.04,3.04
2005-07-05,3.26,0.0,0.0,3.0766666666666667,2.9717777777777776,3.04,3.04
2005-07-06,3.26,0.0,0.0,3.084,2.9769999999999994,3.04,3.04
2005-07-07,3.26,0.0,0.0,3.0913333333333335,2.9822222222222226,3.04,3.04
2005-07-08,3.26,0.0,0.0,3.0986666666666665,2.9874444444444443,3.26,3.04
2005-07-09,3.26,0.0,0.0,3.1060000000000003,2.9926666666666666,3.26,3.04
2005-07-10,3.26,0.0,0.0,3.113333333333333,2.997888888888889,3.26,3.04
2005-07-11,3.26,0.0,0.0,3.1206666666666663,3.0031111111111106,3.26,3.04
2005-07-12,3.26,0.0,0.0,3.128,3.0083333333333333,3.26,3.04
2005-07-13,3.26,0.0,0.0,3.135333333333333,3.013555555555556,3.26,3.04
2005-07-14,3.26,0.0,0.0,3.1426666666666665,3.018777777777778,3.26,3.04
2005-07-15,3.26,0.0,0.0,3.15,3.0240000000000005,3.26,3.04
2005-07-16,3.26,0.0,0.0,3.1573333333333333,3.0292222222222223,3.26,3.04
2005-07-17,3.26,0.0,0.0,3.1646666666666667,3.034444444444444,3.26,3.04
2005-07-18,3.26,0.0,0.0,3.1719999999999997,3.0396666666666667,3.26,3.04
2005-07-19,3.26,0.0,0.0,3.179333333333333,3.044888888888889,3.26,3.04
2005-07-20,3.26,0.0,0.0,3.1866666666666665,3.050111111111111,3.26,3.04
2005-07-21,3.26,0.0,0.0,3.194,3.0553333333333335,3.26,3.04
2005-07-22,3.26,0.0,0.0,3.201333333333333,3.0605555555555553,3.26,3.04
2005-07-23,3.26,0.0,0.0,3.208666666666667,3.065777777777778,3.26,3.04
2005-07-24,3.26,0.0,0.0,3.2159999999999997,3.0709999999999997,3.26,3.04
2005-07-25,3.26,0.0,0.0,3.2233333333333336,3.0762222222222215,3.26,3.04
2005-07-26,3.26,0.0,0.0,3.230666666666666,3.081444444444445,3.26,3.04
2005-07-27,3.26,0.0,0.0,3.238,3.086666666666667,3.26,3.04
2005-07-28,3.26,0.0,0.0,3.2453333333333334,3.0918888888888887,3.26,3.04
2005-07-29,3.26,0.0,0.0,3.252666666666666,3.0971111111111114,3.26,3.04
2005-07-30,3.26,0.0,0.0,3.26,3.1,3.26,3.04
2005-07-31,3.26,0.0,0.0,3.26,3.102888888888889,3.26,3.26
2005-08-01,3.5,0.2400000000000002,0.07361963190184051,3.2680000000000002,3.1084444444444443,3.26,3.26
2005-08-02,3.5,0.0,0.0,3.2760000000000002,3.114,3.26,3.26
2005-08-03,3.5,0.0,0.0,3.284,3.1195555555555554,3.26,3.26
2005-08-04,3.5,0.0,0.0,3.2920000000000003,3.125111111111111,3.26,3.26
2005-08-05,3.5,0.0,0.0,3.3,3.1306666666666665,3.26,3.26
2005-08-06,3.5,0.0,0.0,3.308,3.136222222222222,3.26,3.26
2005-08-07,3.5,0.0,0.0,3.3160000000000003,3.1417777777777776,3.26,3.26
2005-08-08,3.5,0.0,0.0,3.324,3.147333333333333,3.5,3.26
2005-08-09,3.5,0.0,0.0,3.3320000000000003,3.1528888888888886,3.5,3.26
2005-08-10,3.5,0.0,0.0,3.3400000000000003,3.158444444444444,3.5,3.26
2005-08-11,3.5,0.0,0.0,3.348,3.1639999999999997,3.5,3.26
2005-08-12,3.5,0.0,0.0,3.3560000000000003,3.1695555555555552,3.5,3.26
2005-08-13,3.5,0.0,0.0,3.364,3.175111111111111,3.5,3.26
2005-08-14,3.5,0.0,0.0,3.372,3.1806666666666668,3.5,3.26
2005-08-15,3.5,0.0,0.0,3.3800000000000003,3.1862222222222223,3.5,3.26
2005-08-16,3.5,0.0,0.0,3.388,3.191777777777778,3.5,3.26
2005-08-17,3.5,0.0,0.0,3.3960000000000004,3.1973333333333334,3.5,3.26
2005-08-18,3.5,0.0,0.0,3.4040000000000004,3.202888888888889,3.5,3.26
2005-08-19,3.5,0.0,0.0,3.412,3.2084444444444444,3.5,3.26
2005-08-20,3.5,0.0,0.0,3.4200000000000004,3.214,3.5,3.26
2005-08-21,3.5,0.0,0.0,3.428,3.2195555555555555,3.5,3.26
2005-08-22,3.5,0.0,0.0,3.436,3.225111111111111,3.5,3.26
2005-08-23,3.5,0.0,0.0,3.4440000000000004,3.2306666666666666,3.5,3.26
2005-08-24,3.5,0.0,0.0,3.452,3.236222222222222,3.5,3.26
2005-08-25,3.5,0.0,0.0,3.4600000000000004,3.2417777777777776,3.5,3.26
2005-08-26,3.5,0.0,0.0,3.4680000000000004,3.247333333333333,3.5,3.26
2005-08-27,3.5,0.0,0.0,3.476,3.2528888888888887,3.5,3.26
2005-08-28,3.5,0.0,0.0,3.4840000000000004,3.2584444444444443,3.5,3.26
2005-08-29,3.5,0.0,0.0,3.492,3.264,3.5,3.26
2005-08-30,3.5,0.0,0.0,3.5,3.2691111111111106,3.5,3.26
2005-08-31,3.5,0.0,0.0,3.5,3.2742222222222215,3.5,3.5
2005-09-01,3.62,0.1200000000000001,0.03428571428571425,3.5039999999999996,3.2806666666666664,3.5,3.5
2005-09-02,3.62,0.0,0.0,3.508,3.287111111111111,3.5,3.5
2005-09-03,3.62,0.0,0.0,3.512,3.293555555555555,3.5,3.5
2005-09-04,3.62,0.0,0.0,3.5159999999999996,3.3,3.5,3.5
2005-09-05,3.62,0.0,0.0,3.52,3.3064444444444443,3.5,3.5
2005-09-06,3.62,0.0,0.0,3.524,3.312888888888889,3.5,3.5
2005-09-07,3.62,0.0,0.0,3.5279999999999996,3.3193333333333332,3.5,3.5
2005-09-08,3.62,0.0,0.0,3.5319999999999996,3.3257777777777777,3.62,3.5
2005-09-09,3.62,0.0,0.0,3.536,3.3322222222222226,3.62,3.5
2005-09-10,3.62,0.0,0.0,3.5399999999999996,3.3386666666666667,3.62,3.5
2005-09-11,3.62,0.0,0.0,3.5439999999999996,3.345111111111111,3.62,3.5
2005-09-12,3.62,0.0,0.0,3.548,3.3515555555555556,3.62,3.5
2005-09-13,3.62,0.0,0.0,3.552,3.3579999999999997,3.62,3.5
2005-09-14,3.62,0.0,0.0,3.5559999999999996,3.364444444444444,3.62,3.5
2005-09-15,3.62,0.0,0.0,3.56,3.370888888888889,3.62,3.5
2005-09-16,3.62,0.0,0.0,3.564,3.377333333333333,3.62,3.5
2005-09-17,3.62,0.0,0.0,3.5679999999999996,3.3837777777777776,3.62,3.5
2005-09-18,3.62,0.0,0.0,3.572,3.3902222222222225,3.62,3.5
2005-09-19,3.62,0.0,0.0,3.576,3.3966666666666665,3.62,3.5
2005-09-20,3.62,0.0,0.0,3.5799999999999996,3.4031111111111114,3.62,3.5
2005-09-21,3.62,0.0,0.0,3.584,3.409555555555556,3.62,3.5
2005-09-22,3.62,0.0,0.0,3.588,3.416,3.62,3.5
2005-09-23,3.62,0.0,0.0,3.5919999999999996,3.422444444444445,3.62,3.5
2005-09-24,3.62,0.0,0.0,3.5959999999999996,3.4288888888888893,3.62,3.5
2005-09-25,3.62,0.0,0.0,3.6,3.435333333333333,3.62,3.5
2005-09-26,3.62,0.0,0.0,3.6039999999999996,3.441777777777778,3.62,3.5
2005-09-27,3.62,0.0,0.0,3.6079999999999997,3.448222222222222,3.62,3.5
2005-09-28,3.62,0.0,0.0,3.612,3.4546666666666663,3.62,3.5
2005-09-29,3.62,0.0,0.0,3.6159999999999997,3.4586666666666663,3.62,3.5
2005-09-30,3.62,0.0,0.0,3.62,3.4626666666666663,3.62,3.5
2005-10-01,3.78,0.1599999999999997,0.044198895027624197,3.6253333333333333,3.4684444444444447,3.62,3.62
2005-10-02,3.78,0.0,0.0,3.630666666666667,3.474222222222222,3.62,3.62
2005-10-03,3.78,0.0,0.0,3.636,3.48,3.62,3.62
2005-10-04,3.78,0.0,0.0,3.6413333333333338,3.485777777777778,3.62,3.62
2005-10-05,3.78,0.0,0.0,3.646666666666667,3.491555555555555,3.62,3.62
2005-10-06,3.78,0.0,0.0,3.652,3.497333333333333,3.62,3.62
2005-10-07,3.78,0.0,0.0,3.6573333333333338,3.5031111111111106,3.62,3.62
2005-10-08,3.78,0.0,0.0,3.6626666666666665,3.508888888888889,3.78,3.62
2005-10-09,3.78,0.0,0.0,3.6679999999999997,3.5146666666666664,3.78,3.62
2005-10-10,3.78,0.0,0.0,3.6733333333333333,3.5204444444444447,3.78,3.62
2005-10-11,3.78,0.0,0.0,3.6786666666666665,3.5262222222222217,3.78,3.62
2005-10-12,3.78,0.0,0.0,3.6839999999999997,3.532,3.78,3.62
2005-10-13,3.78,0.0,0.0,3.6893333333333334,3.5377777777777775,3.78,3.62
2005-10-14,3.78,0.0,0.0,3.694666666666667,3.543555555555556,3.78,3.62
2005-10-15,3.78,0.0,0.0,3.7,3.5493333333333332,3.78,3.62
2005-10-16,3.78,0.0,0.0,3.7053333333333334,3.5551111111111116,3.78,3.62
2005-10-17,3.78,0.0,0.0,3.710666666666667,3.5608888888888885,3.78,3.62
2005-10-18,3.78,0.0,0.0,3.7159999999999997,3.566666666666667,3.78,3.62
2005-10-19,3.78,0.0,0.0,3.721333333333333,3.5724444444444443,3.78,3.62
2005-10-20,3.78,0.0,0.0,3.7266666666666666,3.5782222222222226,3.78,3.62
2005-10-21,3.78,0.0,0.0,3.7319999999999998,3.584,3.78,3.62
2005-10-22,3.78,0.0,0.0,3.737333333333333,3.5897777777777784,3.78,3.62
2005-10-23,3.78,0.0,0.0,3.7426666666666666,3.595555555555556,3.78,3.62
2005-10-24,3.78,0.0,0.0,3.7479999999999998,3.601333333333333,3.78,3.62
2005-10-25,3.78,0.0,0.0,3.753333333333333,3.607111111111111,3.78,3.62
2005-10-26,3.78,0.0,0.0,3.758666666666667,3.6128888888888886,3.78,3.62
2005-10-27,3.78,0.0,0.0,3.7640000000000002,3.618666666666667,3.78,3.62
2005-10-28,3.78,0.0,0.0,3.7693333333333334,3.6244444444444444,3.78,3.62
2005-10-29,3.78,0.0,0.0,3.7746666666666666,3.6302222222222227,3.78,3.62
2005-10-30,3.78,0.0,0.0,3.78,3.6333333333333333,3.78,3.62
2005-10-31,3.78,0.0,0.0,3.78,3.636444444444445,3.78,3.78
2005-11-01,4.0,0.2200000000000002,0.058201058201058364,3.787333333333333,3.6420000000000003,3.78,3.78
2005-11-02,4.0,0.0,0.0,3.794666666666666,3.647555555555556,3.78,3.78
2005-11-03,4.0,0.0,0.0,3.8019999999999996,3.6531111111111114,3.78,3.78
2005-11-04,4.0,0.0,0.0,3.809333333333333,3.658666666666667,3.78,3.78
2005-11-05,4.0,0.0,0.0,3.816666666666666,3.6642222222222225,3.78,3.78
2005-11-06,4.0,0.0,0.0,3.8239999999999994,3.669777777777778,3.78,3.78
2005-11-07,4.0,0.0,0.0,3.8313333333333333,3.6753333333333336,3.78,3.78
2005-11-08,4.0,0.0,0.0,3.8386666666666667,3.680888888888889,4.0,3.78
2005-11-09,4.0,0.0,0.0,3.8459999999999996,3.6864444444444446,4.0,3.78
2005-11-10,4.0,0.0,0.0,3.853333333333333,3.692,4.0,3.78
2005-11-11,4.0,0.0,0.0,3.8606666666666665,3.6975555555555557,4.0,3.78
2005-11-12,4.0,0.0,0.0,3.868,3.7031111111111112,4.0,3.78
2005-11-13,4.0,0.0,0.0,3.875333333333333,3.708666666666667,4.0,3.78
2005-11-14,4.0,0.0,0.0,3.8826666666666663,3.7142222222222228,4.0,3.78
2005-11-15,4.0,0.0,0.0,3.8899999999999997,3.7197777777777783,4.0,3.78
2005-11-16,4.0,0.0,0.0,3.897333333333333,3.725333333333334,4.0,3.78
2005-11-17,4.0,0.0,0.0,3.904666666666666,3.7308888888888894,4.0,3.78
2005-11-18,4.0,0.0,0.0,3.912,3.736444444444445,4.0,3.78
2005-11-19,4.0,0.0,0.0,3.9193333333333333,3.7420000000000004,4.0,3.78
2005-11-20,4.0,0.0,0.0,3.9266666666666667,3.747555555555556,4.0,3.78
2005-11-21,4.0,0.0,0.0,3.9339999999999997,3.7531111111111115,4.0,3.78
2005-11-22,4.0,0.0,0.0,3.941333333333333,3.758666666666667,4.0,3.78
2005-11-23,4.0,0.0,0.0,3.9486666666666665,3.7642222222222226,4.0,3.78
2005-11-24,4.0,0.0,0.0,3.956,3.769777777777778,4.0,3.78
2005-11-25,4.0,0.0,0.0,3.963333333333333,3.7753333333333337,4.0,3.78
2005-11-26,4.0,0.0,0.0,3.9706666666666663,3.780888888888889,4.0,3.78
2005-11-27,4.0,0.0,0.0,3.9779999999999998,3.7864444444444447,4.0,3.78
2005-11-28,4.0,0.0,0.0,3.9853333333333336,3.7920000000000003,4.0,3.78
2005-11-29,4.0,0.0,0.0,3.9926666666666666,3.797555555555556,4.0,3.78
2005-11-30,4.0,0.0,0.0,4.0,3.801777777777778,4.0,3.78
2005-12-01,4.16,0.16000000000000014,0.040000000000000036,4.005333333333334,3.8077777777777775,4.0,4.0
2005-12-02,4.16,0.0,0.0,4.010666666666667,3.8137777777777777,4.0,4.0
2005-12-03,4.16,0.0,0.0,4.016,3.8197777777777775,4.0,4.0
2005-12-04,4.16,0.0,0.0,4.021333333333334,3.8257777777777777,4.0,4.0
2005-12-05,4.16,0.0,0.0,4.026666666666667,3.831777777777778,4.0,4.0
2005-12-06,4.16,0.0,0.0,4.032,3.8377777777777777,4.0,4.0
2005-12-07,4.16,0.0,0.0,4.037333333333334,3.843777777777778,4.0,4.0
2005-12-08,4.16,0.0,0.0,4.042666666666666,3.8497777777777773,4.16,4.0
2005-12-09,4.16,0.0,0.0,4.048,3.8557777777777775,4.16,4.0
2005-12-10,4.16,0.0,0.0,4.053333333333334,3.8617777777777773,4.16,4.0
2005-12-11,4.16,0.0,0.0,4.058666666666666,3.867777777777778,4.16,4.0
2005-12-12,4.16,0.0,0.0,4.064,3.873777777777778,4.16,4.0
2005-12-13,4.16,0.0,0.0,4.069333333333334,3.879777777777778,4.16,4.0
2005-12-14,4.16,0.0,0.0,4.074666666666667,3.885777777777778,4.16,4.0
2005-12-15,4.16,0.0,0.0,4.08,3.8917777777777776,4.16,4.0
2005-12-16,4.16,0.0,0.0,4.085333333333334,3.897777777777778,4.16,4.0
2005-12-17,4.16,0.0,0.0,4.0906666666666665,3.9037777777777776,4.16,4.0
2005-12-18,4.16,0.0,0.0,4.096,3.909777777777778,4.16,4.0
2005-12-19,4.16,0.0,0.0,4.101333333333334,3.915777777777777,4.16,4.0
2005-12-20,4.16,0.0,0.0,4.1066666666666665,3.9217777777777774,4.16,4.0
2005-12-21,4.16,0.0,0.0,4.112,3.9277777777777776,4.16,4.0
2005-12-22,4.16,0.0,0.0,4.117333333333334,3.9337777777777774,4.16,4.0
2005-12-23,4.16,0.0,0.0,4.1226666666666665,3.9397777777777776,4.16,4.0
2005-12-24,4.16,0.0,0.0,4.128,3.945777777777778,4.16,4.0
2005-12-25,4.16,0.0,0.0,4.133333333333334,3.951777777777778,4.16,4.0
2005-12-26,4.16,0.0,0.0,4.138666666666667,3.957777777777778,4.16,4.0
2005-12-27,4.16,0.0,0.0,4.144,3.963777777777778,4.16,4.0
2005-12-28,4.16,0.0,0.0,4.149333333333334,3.9697777777777783,4.16,4.0
2005-12-29,4.16,0.0,0.0,4.154666666666667,3.9757777777777776,4.16,4.0
2005-12-30,4.16,0.0,0.0,4.16,3.98,4.16,4.0
2005-12-31,4.16,0.0,0.0,4.16,3.984222222222222,4.16,4.16
2006-01-01,4.29,0.1299999999999999,0.03125,4.164333333333333,3.9898888888888893,4.16,4.16
2006-01-02,4.29,0.0,0.0,4.168666666666667,3.9955555555555557,4.16,4.16
2006-01-03,4.29,0.0,0.0,4.173,4.001222222222222,4.16,4.16
2006-01-04,4.29,0.0,0.0,4.177333333333333,4.006888888888889,4.16,4.16
2006-01-05,4.29,0.0,0.0,4.181666666666667,4.012555555555555,4.16,4.16
2006-01-06,4.29,0.0,0.0,4.186,4.018222222222222,4.16,4.16
2006-01-07,4.29,0.0,0.0,4.190333333333333,4.023888888888889,4.16,4.16
2006-01-08,4.29,0.0,0.0,4.1946666666666665,4.029555555555556,4.29,4.16
2006-01-09,4.29,0.0,0.0,4.199,4.035222222222222,4.29,4.16
2006-01-10,4.29,0.0,0.0,4.203333333333334,4.0408888888888885,4.29,4.16
2006-01-11,4.29,0.0,0.0,4.207666666666666,4.046555555555556,4.29,4.16
2006-01-12,4.29,0.0,0.0,4.212,4.052222222222222,4.29,4.16
2006-01-13,4.29,0.0,0.0,4.216333333333333,4.057888888888889,4.29,4.16
2006-01-14,4.29,0.0,0.0,4.220666666666667,4.063555555555555,4.29,4.16
2006-01-15,4.29,0.0,0.0,4.225,4.069222222222223,4.29,4.16
2006-01-16,4.29,0.0,0.0,4.229333333333334,4.074888888888889,4.29,4.16
2006-01-17,4.29,0.0,0.0,4.233666666666667,4.080555555555556,4.29,4.16
2006-01-18,4.29,0.0,0.0,4.238,4.086222222222222,4.29,4.16
2006-01-19,4.29,0.0,0.0,4.242333333333334,4.091888888888889,4.29,4.16
2006-01-20,4.29,0.0,0.0,4.246666666666667,4.097555555555555,4.29,4.16
2006-01-21,4.29,0.0,0.0,4.251,4.1032222222222225,4.29,4.16
2006-01-22,4.29,0.0,0.0,4.255333333333334,4.108888888888889,4.29,4.16
2006-01-23,4.29,0.0,0.0,4.259666666666667,4.1145555555555555,4.29,4.16
2006-01-24,4.29,0.0,0.0,4.263999999999999,4.120222222222223,4.29,4.16
2006-01-25,4.29,0.0,0.0,4.2683333333333335,4.1258888888888885,4.29,4.16
2006-01-26,4.29,0.0,0.0,4.272666666666667,4.131555555555556,4.29,4.16
2006-01-27,4.29,0.0,0.0,4.277,4.137222222222222,4.29,4.16
2006-01-28,4.29,0.0,0.0,4.281333333333333,4.142888888888889,4.29,4.16
2006-01-29,4.29,0.0,0.0,4.285666666666667,4.148555555555555,4.29,4.16
2006-01-30,4.29,0.0,0.0,4.29,4.151777777777777,4.29,4.16
2006-01-31,4.29,0.0,0.0,4.29,4.155,4.29,4.29
2006-02-01,4.49,0.20000000000000018,0.046620046620046596,4.296666666666667,4.160444444444445,4.29,4.29
2006-02-02,4.49,0.0,0.0,4.303333333333333,4.1658888888888885,4.29,4.29
2006-02-03,4.49,0.0,0.0,4.3100000000000005,4.171333333333333,4.29,4.29
2006-02-04,4.49,0.0,0.0,4.316666666666666,4.176777777777778,4.29,4.29
2006-02-05,4.49,0.0,0.0,4.323333333333334,4.182222222222222,4.29,4.29
2006-02-06,4.49,0.0,0.0,4.33,4.187666666666667,4.29,4.29
2006-02-07,4.49,0.0,0.0,4.336666666666668,4.1931111111111115,4.29,4.29
2006-02-08,4.49,0.0,0.0,4.343333333333334,4.198555555555556,4.49,4.29
2006-02-09,4.49,0.0,0.0,4.35,4.204,4.49,4.29
2006-02-10,4.49,0.0,0.0,4.356666666666667,4.209444444444444,4.49,4.29
2006-02-11,4.49,0.0,0.0,4.363333333333333,4.214888888888889,4.49,4.29
2006-02-12,4.49,0.0,0.0,4.37,4.2203333333333335,4.49,4.29
2006-02-13,4.49,0.0,0.0,4.376666666666667,4.225777777777778,4.49,4.29
2006-02-14,4.49,0.0,0.0,4.383333333333334,4.231222222222223,4.49,4.29
2006-02-15,4.49,0.0,0.0,4.390000000000001,4.236666666666666,4.49,4.29
2006-02-16,4.49,0.0,0.0,4.3966666666666665,4.242111111111111,4.49,4.29
2006-02-17,4.49,0.0,0.0,4.403333333333333,4.2475555555555555,4.49,4.29
2006-02-18,4.49,0.0,0.0,4.41,4.253,4.49,4.29
2006-02-19,4.49,0.0,0.0,4.416666666666667,4.258444444444445,4.49,4.29
2006-02-20,4.49,0.0,0.0,4.423333333333334,4.263888888888889,4.49,4.29
2006-02-21,4.49,0.0,0.0,4.430000000000001,4.269333333333334,4.49,4.29
2006-02-22,4.49,0.0,0.0,4.4366666666666665,4.274777777777778,4.49,4.29
2006-02-23,4.49,0.0,0.0,4.443333333333333,4.280222222222222,4.49,4.29
2006-02-24,4.49,0.0,0.0,4.45,4.285666666666667,4.49,4.29
2006-02-25,4.49,0.0,0.0,4.456666666666666,4.291111111111111,4.49,4.29
2006-02-26,4.49,0.0,0.0,4.463333333333334,4.296555555555556,4.49,4.29
2006-02-27,4.49,0.0,0.0,4.470000000000001,4.3020000000000005,4.49,4.29
2006-02-28,4.49,0.0,0.0,4.476666666666666,4.307444444444444,4.49,4.29
2006-03-01,4.59,0.09999999999999964,0.022271714922048824,4.486666666666666,4.312222222222222,4.49,4.29
2006-03-02,4.59,0.0,0.0,4.496666666666667,4.317,4.49,4.29
2006-03-03,4.59,0.0,0.0,4.5,4.321777777777777,4.49,4.49
2006-03-04,4.59,0.0,0.0,4.503333333333333,4.326555555555555,4.49,4.49
2006-03-05,4.59,0.0,0.0,4.506666666666667,4.331333333333333,4.49,4.49
2006-03-06,4.59,0.0,0.0,4.510000000000001,4.336111111111111,4.49,4.49
2006-03-07,4.59,0.0,0.0,4.513333333333334,4.340888888888889,4.49,4.49
2006-03-08,4.59,0.0,0.0,4.516666666666667,4.345666666666667,4.59,4.49
2006-03-09,4.59,0.0,0.0,4.52,4.350444444444444,4.59,4.49
2006-03-10,4.59,0.0,0.0,4.5233333333333325,4.355222222222222,4.59,4.49
2006-03-11,4.59,0.0,0.0,4.526666666666667,4.36,4.59,4.49
2006-03-12,4.59,0.0,0.0,4.53,4.364777777777777,4.59,4.49
2006-03-13,4.59,0.0,0.0,4.533333333333333,4.369555555555555,4.59,4.49
2006-03-14,4.59,0.0,0.0,4.536666666666667,4.374333333333333,4.59,4.49
2006-03-15,4.59,0.0,0.0,4.540000000000001,4.379111111111111,4.59,4.49
2006-03-16,4.59,0.0,0.0,4.543333333333333,4.383888888888889,4.59,4.49
2006-03-17,4.59,0.0,0.0,4.546666666666666,4.3886666666666665,4.59,4.49
2006-03-18,4.59,0.0,0.0,4.55,4.3934444444444445,4.59,4.49
2006-03-19,4.59,0.0,0.0,4.553333333333333,4.398222222222222,4.59,4.49
2006-03-20,4.59,0.0,0.0,4.556666666666667,4.403,4.59,4.49
2006-03-21,4.59,0.0,0.0,4.5600000000000005,4.407777777777778,4.59,4.49
2006-03-22,4.59,0.0,0.0,4.5633333333333335,4.412555555555556,4.59,4.49
2006-03-23,4.59,0.0,0.0,4.566666666666666,4.417333333333334,4.59,4.49
2006-03-24,4.59,0.0,0.0,4.569999999999999,4.4221111111111115,4.59,4.49
2006-03-25,4.59,0.0,0.0,4.573333333333333,4.426888888888889,4.59,4.49
2006-03-26,4.59,0.0,0.0,4.576666666666666,4.431666666666667,4.59,4.49
2006-03-27,4.59,0.0,0.0,4.58,4.436444444444445,4.59,4.49
2006-03-28,4.59,0.0,0.0,4.583333333333333,4.441222222222222,4.59,4.49
2006-03-29,4.59,0.0,0.0,4.586666666666667,4.446,4.59,4.49
2006-03-30,4.59,0.0,0.0,4.59,4.450777777777778,4.59,4.49
2006-03-31,4.59,0.0,0.0,4.59,4.455555555555556,4.59,4.59
2006-04-01,4.79,0.20000000000000018,0.04357298474945548,4.596666666666667,4.461111111111111,4.59,4.59
2006-04-02,4.79,0.0,0.0,4.6033333333333335,4.466666666666667,4.59,4.59
2006-04-03,4.79,0.0,0.0,4.609999999999999,4.472222222222222,4.59,4.59
2006-04-04,4.79,0.0,0.0,4.616666666666666,4.477777777777778,4.59,4.59
2006-04-05,4.79,0.0,0.0,4.623333333333333,4.483333333333333,4.59,4.59
2006-04-06,4.79,0.0,0.0,4.629999999999999,4.488888888888889,4.59,4.59
2006-04-07,4.79,0.0,0.0,4.636666666666668,4.4944444444444445,4.59,4.59
2006-04-08,4.79,0.0,0.0,4.6433333333333335,4.5,4.79,4.59
2006-04-09,4.79,0.0,0.0,4.65,4.5055555555555555,4.79,4.59
2006-04-10,4.79,0.0,0.0,4.656666666666666,4.511111111111111,4.79,4.59
2006-04-11,4.79,0.0,0.0,4.663333333333333,4.516666666666667,4.79,4.59
2006-04-12,4.79,0.0,0.0,4.67,4.522222222222222,4.79,4.59
2006-04-13,4.79,0.0,0.0,4.676666666666666,4.527777777777778,4.79,4.59
2006-04-14,4.79,0.0,0.0,4.683333333333334,4.533333333333333,4.79,4.59
2006-04-15,4.79,0.0,0.0,4.69,4.538888888888889,4.79,4.59
2006-04-16,4.79,0.0,0.0,4.696666666666667,4.544444444444445,4.79,4.59
2006-04-17,4.79,0.0,0.0,4.703333333333333,4.55,4.79,4.59
2006-04-18,4.79,0.0,0.0,4.71,4.555555555555555,4.79,4.59
2006-04-19,4.79,0.0,0.0,4.716666666666667,4.561111111111111,4.79,4.59
2006-04-20,4.79,0.0,0.0,4.723333333333333,4.566666666666666,4.79,4.59
2006-04-21,4.79,0.0,0.0,4.7299999999999995,4.572222222222222,4.79,4.59
2006-04-22,4.79,0.0,0.0,4.736666666666666,4.5777777777777775,4.79,4.59
2006-04-23,4.79,0.0,0.0,4.743333333333334,4.583333333333333,4.79,4.59
2006-04-24,4.79,0.0,0.0,4.75,4.588888888888889,4.79,4.59
2006-04-25,4.79,0.0,0.0,4.756666666666667,4.594444444444444,4.79,4.59
2006-04-26,4.79,0.0,0.0,4.763333333333334,4.6,4.79,4.59
2006-04-27,4.79,0.0,0.0,4.77,4.605555555555555,4.79,4.59
2006-04-28,4.79,0.0,0.0,4.776666666666666,4.611111111111111,4.79,4.59
2006-04-29,4.79,0.0,0.0,4.783333333333333,4.616666666666666,4.79,4.59
2006-04-30,4.79,0.0,0.0,4.79,4.622222222222223,4.79,4.59
2006-05-01,4.94,0.15000000000000036,0.03131524008350728,4.795,4.629444444444445,4.79,4.79
2006-05-02,4.94,0.0,0.0,4.8,4.634444444444445,4.79,4.79
2006-05-03,4.94,0.0,0.0,4.805000000000001,4.639444444444445,4.79,4.79
2006-05-04,4.94,0.0,0.0,4.81,4.644444444444445,4.79,4.79
2006-05-05,4.94,0.0,0.0,4.8149999999999995,4.649444444444445,4.79,4.79
2006-05-06,4.94,0.0,0.0,4.820000000000001,4.654444444444445,4.79,4.79
2006-05-07,4.94,0.0,0.0,4.825,4.6594444444444445,4.79,4.79
2006-05-08,4.94,0.0,0.0,4.83,4.664444444444444,4.94,4.79
2006-05-09,4.94,0.0,0.0,4.835,4.669444444444444,4.94,4.79
2006-05-10,4.94,0.0,0.0,4.840000000000001,4.674444444444444,4.94,4.79
2006-05-11,4.94,0.0,0.0,4.845,4.679444444444444,4.94,4.79
2006-05-12,4.94,0.0,0.0,4.85,4.684444444444445,4.94,4.79
2006-05-13,4.94,0.0,0.0,4.855,4.689444444444445,4.94,4.79
2006-05-14,4.94,0.0,0.0,4.859999999999999,4.694444444444445,4.94,4.79
2006-05-15,4.94,0.0,0.0,4.864999999999999,4.6994444444444445,4.94,4.79
2006-05-16,4.94,0.0,0.0,4.870000000000001,4.704444444444444,4.94,4.79
2006-05-17,4.94,0.0,0.0,4.875000000000001,4.709444444444444,4.94,4.79
2006-05-18,4.94,0.0,0.0,4.88,4.714444444444444,4.94,4.79
2006-05-19,4.94,0.0,0.0,4.885000000000001,4.719444444444444,4.94,4.79
2006-05-20,4.94,0.0,0.0,4.890000000000001,4.724444444444444,4.94,4.79
2006-05-21,4.94,0.0,0.0,4.8950000000000005,4.729444444444444,4.94,4.79
2006-05-22,4.94,0.0,0.0,4.9,4.734444444444445,4.94,4.79
2006-05-23,4.94,0.0,0.0,4.905,4.739444444444445,4.94,4.79
2006-05-24,4.94,0.0,0.0,4.91,4.7444444444444445,4.94,4.79
2006-05-25,4.94,0.0,0.0,4.915,4.749444444444445,4.94,4.79
2006-05-26,4.94,0.0,0.0,4.92,4.754444444444445,4.94,4.79
2006-05-27,4.94,0.0,0.0,4.925000000000001,4.759444444444445,4.94,4.79
2006-05-28,4.94,0.0,0.0,4.9300000000000015,4.764444444444445,4.94,4.79
2006-05-29,4.94,0.0,0.0,4.9350000000000005,4.769444444444445,4.94,4.79
2006-05-30,4.94,0.0,0.0,4.94,4.773333333333333,4.94,4.79
2006-05-31,4.94,0.0,0.0,4.94,4.777222222222222,4.94,4.94
2006-06-01,4.99,0.04999999999999982,0.010121457489878471,4.941666666666667,4.781666666666667,4.94,4.94
2006-06-02,4.99,0.0,0.0,4.943333333333333,4.786111111111111,4.94,4.94
2006-06-03,4.99,0.0,0.0,4.945000000000001,4.790555555555556,4.94,4.94
2006-06-04,4.99,0.0,0.0,4.946666666666668,4.795,4.94,4.94
2006-06-05,4.99,0.0,0.0,4.948333333333333,4.799444444444444,4.94,4.94
2006-06-06,4.99,0.0,0.0,4.95,4.803888888888889,4.94,4.94
2006-06-07,4.99,0.0,0.0,4.951666666666667,4.808333333333334,4.94,4.94
2006-06-08,4.99,0.0,0.0,4.953333333333333,4.812777777777778,4.99,4.94
2006-06-09,4.99,0.0,0.0,4.955,4.817222222222222,4.99,4.94
2006-06-10,4.99,0.0,0.0,4.956666666666667,4.821666666666666,4.99,4.94
2006-06-11,4.99,0.0,0.0,4.958333333333333,4.8261111111111115,4.99,4.94
2006-06-12,4.99,0.0,0.0,4.96,4.830555555555556,4.99,4.94
2006-06-13,4.99,0.0,0.0,4.961666666666668,4.835,4.99,4.94
2006-06-14,4.99,0.0,0.0,4.963333333333335,4.839444444444444,4.99,4.94
2006-06-15,4.99,0.0,0.0,4.965,4.843888888888889,4.99,4.94
2006-06-16,4.99,0.0,0.0,4.966666666666667,4.848333333333333,4.99,4.94
2006-06-17,4.99,0.0,0.0,4.968333333333334,4.852777777777778,4.99,4.94
2006-06-18,4.99,0.0,0.0,4.97,4.857222222222223,4.99,4.94
2006-06-19,4.99,0.0,0.0,4.971666666666667,4.861666666666666,4.99,4.94
2006-06-20,4.99,0.0,0.0,4.973333333333334,4.8661111111111115,4.99,4.94
2006-06-21,4.99,0.0,0.0,4.975,4.870555555555556,4.99,4.94
2006-06-22,4.99,0.0,0.0,4.9766666666666675,4.875000000000001,4.99,4.94
2006-06-23,4.99,0.0,0.0,4.978333333333334,4.879444444444444,4.99,4.94
2006-06-24,4.99,0.0,0.0,4.98,4.883888888888889,4.99,4.94
2006-06-25,4.99,0.0,0.0,4.981666666666667,4.888333333333334,4.99,4.94
2006-06-26,4.99,0.0,0.0,4.983333333333333,4.892777777777778,4.99,4.94
2006-06-27,4.99,0.0,0.0,4.985,4.897222222222223,4.99,4.94
2006-06-28,4.99,0.0,0.0,4.986666666666666,4.901666666666667,4.99,4.94
2006-06-29,4.99,0.0,0.0,4.988333333333333,4.9061111111111115,4.99,4.94
2006-06-30,4.99,0.0,0.0,4.99,4.908333333333333,4.99,4.94
2006-07-01,5.24,0.25,0.05010020040080154,4.998333333333333,4.913333333333333,4.99,4.99
2006-07-02,5.24,0.0,0.0,5.006666666666667,4.918333333333334,4.99,4.99
2006-07-03,5.24,0.0,0.0,5.015000000000001,4.923333333333334,4.99,4.99
2006-07-04,5.24,0.0,0.0,5.0233333333333325,4.928333333333334,4.99,4.99
2006-07-05,5.24,0.0,0.0,5.031666666666667,4.933333333333334,4.99,4.99
2006-07-06,5.24,0.0,0.0,5.040000000000001,4.9383333333333335,4.99,4.99
2006-07-07,5.24,0.0,0.0,5.048333333333333,4.943333333333333,4.99,4.99
2006-07-08,5.24,0.0,0.0,5.0566666666666675,4.948333333333333,5.24,4.99
2006-07-09,5.24,0.0,0.0,5.065,4.953333333333333,5.24,4.99
2006-07-10,5.24,0.0,0.0,5.073333333333333,4.958333333333334,5.24,4.99
2006-07-11,5.24,0.0,0.0,5.081666666666666,4.963333333333334,5.24,4.99
2006-07-12,5.24,0.0,0.0,5.090000000000001,4.968333333333333,5.24,4.99
2006-07-13,5.24,0.0,0.0,5.098333333333333,4.973333333333334,5.24,4.99
2006-07-14,5.24,0.0,0.0,5.1066666666666665,4.9783333333333335,5.24,4.99
2006-07-15,5.24,0.0,0.0,5.115,4.983333333333333,5.24,4.99
2006-07-16,5.24,0.0,0.0,5.123333333333334,4.988333333333334,5.24,4.99
2006-07-17,5.24,0.0,0.0,5.131666666666666,4.993333333333334,5.24,4.99
2006-07-18,5.24,0.0,0.0,5.140000000000001,4.998333333333334,5.24,4.99
2006-07-19,5.24,0.0,0.0,5.148333333333334,5.003333333333334,5.24,4.99
2006-07-20,5.24,0.0,0.0,5.156666666666666,5.008333333333334,5.24,4.99
2006-07-21,5.24,0.0,0.0,5.165000000000001,5.013333333333334,5.24,4.99
2006-07-22,5.24,0.0,0.0,5.173333333333334,5.0183333333333335,5.24,4.99
2006-07-23,5.24,0.0,0.0,5.181666666666667,5.023333333333333,5.24,4.99
2006-07-24,5.24,0.0,0.0,5.19,5.028333333333334,5.24,4.99
2006-07-25,5.24,0.0,0.0,5.198333333333334,5.033333333333333,5.24,4.99
2006-07-26,5.24,0.0,0.0,5.206666666666666,5.038333333333333,5.24,4.99
2006-07-27,5.24,0.0,0.0,5.215,5.043333333333334,5.24,4.99
2006-07-28,5.24,0.0,0.0,5.223333333333334,5.048333333333334,5.24,4.99
2006-07-29,5.24,0.0,0.0,5.2316666666666665,5.053333333333334,5.24,4.99
2006-07-30,5.24,0.0,0.0,5.24,5.056666666666667,5.24,4.99
2006-07-31,5.24,0.0,0.0,5.24,5.06,5.24,5.24
2006-08-01,5.25,0.009999999999999787,0.00190839694656475,5.240333333333334,5.063444444444444,5.24,5.24
2006-08-02,5.25,0.0,0.0,5.240666666666667,5.066888888888888,5.24,5.24
2006-08-03,5.25,0.0,0.0,5.2410000000000005,5.070333333333333,5.24,5.24
2006-08-04,5.25,0.0,0.0,5.241333333333333,5.073777777777778,5.24,5.24
2006-08-05,5.25,0.0,0.0,5.241666666666666,5.077222222222222,5.24,5.24
2006-08-06,5.25,0.0,0.0,5.242000000000001,5.080666666666667,5.24,5.24
2006-08-07,5.25,0.0,0.0,5.242333333333334,5.0841111111111115,5.24,5.24
2006-08-08,5.25,0.0,0.0,5.242666666666667,5.087555555555555,5.25,5.24
2006-08-09,5.25,0.0,0.0,5.243,5.091,5.25,5.24
2006-08-10,5.25,0.0,0.0,5.243333333333334,5.094444444444444,5.25,5.24
2006-08-11,5.25,0.0,0.0,5.243666666666667,5.097888888888889,5.25,5.24
2006-08-12,5.25,0.0,0.0,5.244,5.101333333333334,5.25,5.24
2006-08-13,5.25,0.0,0.0,5.2443333333333335,5.104777777777778,5.25,5.24
2006-08-14,5.25,0.0,0.0,5.244666666666666,5.108222222222222,5.25,5.24
2006-08-15,5.25,0.0,0.0,5.245,5.111666666666666,5.25,5.24
2006-08-16,5.25,0.0,0.0,5.245333333333334,5.115111111111111,5.25,5.24
2006-08-17,5.25,0.0,0.0,5.245666666666667,5.118555555555556,5.25,5.24
2006-08-18,5.25,0.0,0.0,5.2459999999999996,5.122,5.25,5.24
2006-08-19,5.25,0.0,0.0,5.246333333333334,5.125444444444444,5.25,5.24
2006-08-20,5.25,0.0,0.0,5.246666666666667,5.128888888888889,5.25,5.24
2006-08-21,5.25,0.0,0.0,5.247,5.132333333333333,5.25,5.24
2006-08-22,5.25,0.0,0.0,5.247333333333334,5.135777777777777,5.25,5.24
2006-08-23,5.25,0.0,0.0,5.2476666666666665,5.139222222222222,5.25,5.24
2006-08-24,5.25,0.0,0.0,5.248,5.142666666666666,5.25,5.24
2006-08-25,5.25,0.0,0.0,5.248333333333334,5.146111111111111,5.25,5.24
2006-08-26,5.25,0.0,0.0,5.248666666666667,5.149555555555556,5.25,5.24
2006-08-27,5.25,0.0,0.0,5.249,5.153,5.25,5.24
2006-08-28,5.25,0.0,0.0,5.249333333333334,5.156444444444444,5.25,5.24
2006-08-29,5.25,0.0,0.0,5.249666666666667,5.159888888888888,5.25,5.24
2006-08-30,5.25,0.0,0.0,5.25,5.1627777777777775,5.25,5.24
2006-08-31,5.25,0.0,0.0,5.25,5.165666666666667,5.25,5.25
2006-09-01,5.25,0.0,0.0,5.25,5.168555555555555,5.25,5.25
2006-09-02,5.25,0.0,0.0,5.25,5.171444444444445,5.25,5.25
2006-09-03,5.25,0.0,0.0,5.25,5.174333333333333,5.25,5.25
2006-09-04,5.25,0.0,0.0,5.25,5.177222222222222,5.25,5.25
2006-09-05,5.25,0.0,0.0,5.25,5.180111111111111,5.25,5.25
2006-09-06,5.25,0.0,0.0,5.25,5.183,5.25,5.25
2006-09-07,5.25,0.0,0.0,5.25,5.185888888888888,5.25,5.25
2006-09-08,5.25,0.0,0.0,5.25,5.188777777777778,5.25,5.25
2006-09-09,5.25,0.0,0.0,5.25,5.191666666666666,5.25,5.25
2006-09-10,5.25,0.0,0.0,5.25,5.194555555555556,5.25,5.25
2006-09-11,5.25,0.0,0.0,5.25,5.197444444444444,5.25,5.25
2006-09-12,5.25,0.0,0.0,5.25,5.200333333333333,5.25,5.25
2006-09-13,5.25,0.0,0.0,5.25,5.203222222222222,5.25,5.25
2006-09-14,5.25,0.0,0.0,5.25,5.206111111111111,5.25,5.25
2006-09-15,5.25,0.0,0.0,5.25,5.209,5.25,5.25
2006-09-16,5.25,0.0,0.0,5.25,5.211888888888889,5.25,5.25
2006-09-17,5.25,0.0,0.0,5.25,5.214777777777778,5.25,5.25
2006-09-18,5.25,0.0,0.0,5.25,5.217666666666666,5.25,5.25
2006-09-19,5.25,0.0,0.0,5.25,5.220555555555555,5.25,5.25
2006-09-20,5.25,0.0,0.0,5.25,5.223444444444444,5.25,5.25
2006-09-21,5.25,0.0,0.0,5.25,5.226333333333334,5.25,5.25
2006-09-22,5.25,0.0,0.0,5.25,5.229222222222222,5.25,5.25
2006-09-23,5.25,0.0,0.0,5.25,5.232111111111111,5.25,5.25
2006-09-24,5.25,0.0,0.0,5.25,5.234999999999999,5.25,5.25
2006-09-25,5.25,0.0,0.0,5.25,5.237888888888889,5.25,5.25
2006-09-26,5.25,0.0,0.0,5.25,5.240777777777778,5.25,5.25
2006-09-27,5.25,0.0,0.0,5.25,5.243666666666667,5.25,5.25
2006-09-28,5.25,0.0,0.0,5.25,5.246555555555555,5.25,5.25
2006-09-29,5.25,0.0,0.0,5.25,5.246666666666666,5.25,5.25
2006-09-30,5.25,0.0,0.0,5.25,5.246777777777778,5.25,5.25
2006-10-01,5.25,0.0,0.0,5.25,5.246888888888889,5.25,5.25
2006-10-02,5.25,0.0,0.0,5.25,5.247,5.25,5.25
2006-10-03,5.25,0.0,0.0,5.25,5.247111111111111,5.25,5.25
2006-10-04,5.25,0.0,0.0,5.25,5.247222222222222,5.25,5.25
2006-10-05,5.25,0.0,0.0,5.25,5.247333333333334,5.25,5.25
2006-10-06,5.25,0.0,0.0,5.25,5.247444444444445,5.25,5.25
2006-10-07,5.25,0.0,0.0,5.25,5.2475555555555555,5.25,5.25
2006-10-08,5.25,0.0,0.0,5.25,5.2476666666666665,5.25,5.25
2006-10-09,5.25,0.0,0.0,5.25,5.247777777777777,5.25,5.25
2006-10-10,5.25,0.0,0.0,5.25,5.247888888888889,5.25,5.25
2006-10-11,5.25,0.0,0.0,5.25,5.248,5.25,5.25
2006-10-12,5.25,0.0,0.0,5.25,5.248111111111111,5.25,5.25
2006-10-13,5.25,0.0,0.0,5.25,5.248222222222222,5.25,5.25
2006-10-14,5.25,0.0,0.0,5.25,5.248333333333333,5.25,5.25
2006-10-15,5.25,0.0,0.0,5.25,5.248444444444444,5.25,5.25
2006-10-16,5.25,0.0,0.0,5.25,5.248555555555556,5.25,5.25
2006-10-17,5.25,0.0,0.0,5.25,5.248666666666667,5.25,5.25
2006-10-18,5.25,0.0,0.0,5.25,5.248777777777778,5.25,5.25
2006-10-19,5.25,0.0,0.0,5.25,5.248888888888889,5.25,5.25
2006-10-20,5.25,0.0,0.0,5.25,5.249,5.25,5.25
2006-10-21,5.25,0.0,0.0,5.25,5.249111111111111,5.25,5.25
2006-10-22,5.25,0.0,0.0,5.25,5.249222222222222,5.25,5.25
2006-10-23,5.25,0.0,0.0,5.25,5.249333333333333,5.25,5.25
2006-10-24,5.25,0.0,0.0,5.25,5.249444444444444,5.25,5.25
2006-10-25,5.25,0.0,0.0,5.25,5.249555555555555,5.25,5.25
2006-10-26,5.25,0.0,0.0,5.25,5.249666666666666,5.25,5.25
2006-10-27,5.25,0.0,0.0,5.25,5.249777777777777,5.25,5.25
2006-10-28,5.25,0.0,0.0,5.25,5.249888888888888,5.25,5.25
2006-10-29,5.25,0.0,0.0,5.25,5.25,5.25,5.25
2006-10-30,5.25,0.0,0.0,5.25,5.25,5.25,5.25
2006-10-31,5.25,0.0,0.0,5.25,5.25,5.25,5.25
2006-11-01,5.25,0.0,0.0,5.25,5.25,5.25,5.25
2006-11-02,5.25,0.0,0.0,5.25,5.25,5.25,5.25
2006-11-03,5.25,0.0,0.0,5.25,5.25,5.25,5.25
2006-11-04,5.25,0.0,0.0,5.25,5.25,5.25,5.25
2006-11-05,5.25,0.0,0.0,5.25,5.25,5.25,5.25
2006-11-06,5.25,0.0,0.0,5.25,5.25,5.25,5.25
2006-11-07,5.25,0.0,0.0,5.25,5.25,5.25,5.25
2006-11-08,5.25,0.0,0.0,5.25,5.25,5.25,5.25
2006-11-09,5.25,0.0,0.0,5.25,5.25,5.25,5.25
2006-11-10,5.25,0.0,0.0,5.25,5.25,5.25,5.25
2006-11-11,5.25,0.0,0.0,5.25,5.25,5.25,5.25
2006-11-12,5.25,0.0,0.0,5.25,5.25,5.25,5.25
2006-11-13,5.25,0.0,0.0,5.25,5.25,5.25,5.25
2006-11-14,5.25,0.0,0.0,5.25,5.25,5.25,5.25
2006-11-15,5.25,0.0,0.0,5.25,5.25,5.25,5.25
2006-11-16,5.25,0.0,0.0,5.25,5.25,5.25,5.25
2006-11-17,5.25,0.0,0.0,5.25,5.25,5.25,5.25
2006-11-18,5.25,0.0,0.0,5.25,5.25,5.25,5.25
2006-11-19,5.25,0.0,0.0,5.25,5.25,5.25,5.25
2006-11-20,5.25,0.0,0.0,5.25,5.25,5.25,5.25
2006-11-21,5.25,0.0,0.0,5.25,5.25,5.25,5.25
2006-11-22,5.25,0.0,0.0,5.25,5.25,5.25,5.25
2006-11-23,5.25,0.0,0.0,5.25,5.25,5.25,5.25
2006-11-24,5.25,0.0,0.0,5.25,5.25,5.25,5.25
2006-11-25,5.25,0.0,0.0,5.25,5.25,5.25,5.25
2006-11-26,5.25,0.0,0.0,5.25,5.25,5.25,5.25
2006-11-27,5.25,0.0,0.0,5.25,5.25,5.25,5.25
2006-11-28,5.25,0.0,0.0,5.25,5.25,5.25,5.25
2006-11-29,5.25,0.0,0.0,5.25,5.25,5.25,5.25
2006-11-30,5.25,0.0,0.0,5.25,5.25,5.25,5.25
2006-12-01,5.24,-0.009999999999999787,-0.0019047619047618536,5.249666666666667,5.249888888888889,5.25,5.25
2006-12-02,5.24,0.0,0.0,5.249333333333333,5.249777777777778,5.25,5.25
2006-12-03,5.24,0.0,0.0,5.249,5.249666666666667,5.25,5.25
2006-12-04,5.24,0.0,0.0,5.248666666666667,5.249555555555556,5.25,5.25
2006-12-05,5.24,0.0,0.0,5.248333333333333,5.249444444444445,5.25,5.25
2006-12-06,5.24,0.0,0.0,5.248,5.249333333333334,5.25,5.25
2006-12-07,5.24,0.0,0.0,5.2476666666666665,5.2492222222222225,5.25,5.25
2006-12-08,5.24,0.0,0.0,5.247333333333333,5.2491111111111115,5.24,5.25
2006-12-09,5.24,0.0,0.0,5.247,5.2490000000000006,5.24,5.25
2006-12-10,5.24,0.0,0.0,5.246666666666667,5.24888888888889,5.24,5.25
2006-12-11,5.24,0.0,0.0,5.246333333333333,5.248777777777779,5.24,5.25
2006-12-12,5.24,0.0,0.0,5.2459999999999996,5.248666666666667,5.24,5.25
2006-12-13,5.24,0.0,0.0,5.245666666666667,5.248555555555556,5.24,5.25
2006-12-14,5.24,0.0,0.0,5.245333333333334,5.248444444444445,5.24,5.25
2006-12-15,5.24,0.0,0.0,5.245,5.248333333333334,5.24,5.25
2006-12-16,5.24,0.0,0.0,5.244666666666666,5.248222222222223,5.24,5.25
2006-12-17,5.24,0.0,0.0,5.2443333333333335,5.248111111111111,5.24,5.25
2006-12-18,5.24,0.0,0.0,5.244,5.248,5.24,5.25
2006-12-19,5.24,0.0,0.0,5.243666666666667,5.247888888888889,5.24,5.25
2006-12-20,5.24,0.0,0.0,5.243333333333334,5.247777777777778,5.24,5.25
2006-12-21,5.24,0.0,0.0,5.242999999999999,5.2476666666666665,5.24,5.25
2006-12-22,5.24,0.0,0.0,5.242666666666667,5.2475555555555555,5.24,5.25
2006-12-23,5.24,0.0,0.0,5.242333333333334,5.247444444444445,5.24,5.25
2006-12-24,5.24,0.0,0.0,5.242,5.247333333333334,5.24,5.25
2006-12-25,5.24,0.0,0.0,5.241666666666666,5.247222222222223,5.24,5.25
2006-12-26,5.24,0.0,0.0,5.241333333333333,5.247111111111111,5.24,5.25
2006-12-27,5.24,0.0,0.0,5.241,5.247,5.24,5.25
2006-12-28,5.24,0.0,0.0,5.240666666666667,5.246888888888889,5.24,5.25
2006-12-29,5.24,0.0,0.0,5.240333333333334,5.246777777777778,5.24,5.25
2006-12-30,5.24,0.0,0.0,5.24,5.246666666666667,5.24,5.25
2006-12-31,5.24,0.0,0.0,5.24,5.246555555555556,5.24,5.24
2007-01-01,5.25,0.009999999999999787,0.00190839694656475,5.240333333333334,5.246555555555556,5.24,5.24
2007-01-02,5.25,0.0,0.0,5.240666666666667,5.246555555555556,5.24,5.24
2007-01-03,5.25,0.0,0.0,5.241,5.246555555555556,5.24,5.24
2007-01-04,5.25,0.0,0.0,5.241333333333333,5.246555555555556,5.24,5.24
2007-01-05,5.25,0.0,0.0,5.241666666666666,5.246555555555556,5.24,5.24
2007-01-06,5.25,0.0,0.0,5.242,5.246555555555556,5.24,5.24
2007-01-07,5.25,0.0,0.0,5.242333333333334,5.246555555555556,5.24,5.24
2007-01-08,5.25,0.0,0.0,5.242666666666667,5.246555555555556,5.25,5.24
2007-01-09,5.25,0.0,0.0,5.242999999999999,5.246555555555556,5.25,5.24
2007-01-10,5.25,0.0,0.0,5.243333333333334,5.246555555555556,5.25,5.24
2007-01-11,5.25,0.0,0.0,5.243666666666667,5.246555555555556,5.25,5.24
2007-01-12,5.25,0.0,0.0,5.244,5.246555555555556,5.25,5.24
2007-01-13,5.25,0.0,0.0,5.244333333333333,5.246555555555556,5.25,5.24
2007-01-14,5.25,0.0,0.0,5.244666666666666,5.246555555555556,5.25,5.24
2007-01-15,5.25,0.0,0.0,5.245,5.246555555555556,5.25,5.24
2007-01-16,5.25,0.0,0.0,5.245333333333333,5.246555555555556,5.25,5.24
2007-01-17,5.25,0.0,0.0,5.245666666666667,5.246555555555556,5.25,5.24
2007-01-18,5.25,0.0,0.0,5.2459999999999996,5.246555555555556,5.25,5.24
2007-01-19,5.25,0.0,0.0,5.246333333333333,5.246555555555556,5.25,5.24
2007-01-20,5.25,0.0,0.0,5.246666666666667,5.246555555555556,5.25,5.24
2007-01-21,5.25,0.0,0.0,5.247,5.246555555555556,5.25,5.24
2007-01-22,5.25,0.0,0.0,5.247333333333333,5.246555555555556,5.25,5.24
2007-01-23,5.25,0.0,0.0,5.2476666666666665,5.246555555555556,5.25,5.24
2007-01-24,5.25,0.0,0.0,5.248,5.246555555555556,5.25,5.24
2007-01-25,5.25,0.0,0.0,5.248333333333333,5.246555555555556,5.25,5.24
2007-01-26,5.25,0.0,0.0,5.248666666666667,5.246555555555556,5.25,5.24
2007-01-27,5.25,0.0,0.0,5.249,5.246555555555556,5.25,5.24
2007-01-28,5.25,0.0,0.0,5.249333333333333,5.246555555555556,5.25,5.24
2007-01-29,5.25,0.0,0.0,5.249666666666667,5.246555555555556,5.25,5.24
2007-01-30,5.25,0.0,0.0,5.25,5.246555555555556,5.25,5.24
2007-01-31,5.25,0.0,0.0,5.25,5.246555555555556,5.25,5.25
2007-02-01,5.26,0.009999999999999787,0.0019047619047618536,5.250333333333333,5.246666666666667,5.25,5.25
2007-02-02,5.26,0.0,0.0,5.250666666666667,5.246777777777778,5.25,5.25
2007-02-03,5.26,0.0,0.0,5.251,5.246888888888889,5.25,5.25
2007-02-04,5.26,0.0,0.0,5.251333333333333,5.247,5.25,5.25
2007-02-05,5.26,0.0,0.0,5.251666666666667,5.247111111111111,5.25,5.25
2007-02-06,5.26,0.0,0.0,5.252,5.247222222222223,5.25,5.25
2007-02-07,5.26,0.0,0.0,5.2523333333333335,5.247333333333334,5.25,5.25
2007-02-08,5.26,0.0,0.0,5.252666666666667,5.247444444444445,5.26,5.25
2007-02-09,5.26,0.0,0.0,5.253,5.2475555555555555,5.26,5.25
2007-02-10,5.26,0.0,0.0,5.253333333333333,5.2476666666666665,5.26,5.25
2007-02-11,5.26,0.0,0.0,5.253666666666667,5.247777777777778,5.26,5.25
2007-02-12,5.26,0.0,0.0,5.2540000000000004,5.247888888888889,5.26,5.25
2007-02-13,5.26,0.0,0.0,5.254333333333333,5.248,5.26,5.25
2007-02-14,5.26,0.0,0.0,5.254666666666667,5.248111111111111,5.26,5.25
2007-02-15,5.26,0.0,0.0,5.255,5.248222222222223,5.26,5.25
2007-02-16,5.26,0.0,0.0,5.255333333333334,5.248333333333334,5.26,5.25
2007-02-17,5.26,0.0,0.0,5.255666666666667,5.248444444444445,5.26,5.25
2007-02-18,5.26,0.0,0.0,5.256,5.248555555555556,5.26,5.25
2007-02-19,5.26,0.0,0.0,5.256333333333333,5.248666666666667,5.26,5.25
2007-02-20,5.26,0.0,0.0,5.256666666666666,5.248777777777779,5.26,5.25
2007-02-21,5.26,0.0,0.0,5.257000000000001,5.24888888888889,5.26,5.25
2007-02-22,5.26,0.0,0.0,5.257333333333333,5.2490000000000006,5.26,5.25
2007-02-23,5.26,0.0,0.0,5.257666666666666,5.2491111111111115,5.26,5.25
2007-02-24,5.26,0.0,0.0,5.258,5.2492222222222225,5.26,5.25
2007-02-25,5.26,0.0,0.0,5.258333333333334,5.249333333333334,5.26,5.25
2007-02-26,5.26,0.0,0.0,5.258666666666667,5.249444444444445,5.26,5.25
2007-02-27,5.26,0.0,0.0,5.259,5.249555555555556,5.26,5.25
2007-02-28,5.26,0.0,0.0,5.259333333333333,5.249666666666667,5.26,5.25
2007-03-01,5.26,0.0,0.0,5.259666666666666,5.249888888888889,5.26,5.25
2007-03-02,5.26,0.0,0.0,5.26,5.250111111111111,5.26,5.25
2007-03-03,5.26,0.0,0.0,5.26,5.250333333333333,5.26,5.26
2007-03-04,5.26,0.0,0.0,5.26,5.250555555555556,5.26,5.26
2007-03-05,5.26,0.0,0.0,5.26,5.2507777777777775,5.26,5.26
2007-03-06,5.26,0.0,0.0,5.26,5.251,5.26,5.26
2007-03-07,5.26,0.0,0.0,5.26,5.251222222222222,5.26,5.26
2007-03-08,5.26,0.0,0.0,5.26,5.251444444444444,5.26,5.26
2007-03-09,5.26,0.0,0.0,5.26,5.251666666666666,5.26,5.26
2007-03-10,5.26,0.0,0.0,5.26,5.251888888888889,5.26,5.26
2007-03-11,5.26,0.0,0.0,5.26,5.252111111111111,5.26,5.26
2007-03-12,5.26,0.0,0.0,5.26,5.2523333333333335,5.26,5.26
2007-03-13,5.26,0.0,0.0,5.26,5.252555555555555,5.26,5.26
2007-03-14,5.26,0.0,0.0,5.26,5.252777777777778,5.26,5.26
2007-03-15,5.26,0.0,0.0,5.26,5.253,5.26,5.26
2007-03-16,5.26,0.0,0.0,5.26,5.253222222222222,5.26,5.26
2007-03-17,5.26,0.0,0.0,5.26,5.253444444444445,5.26,5.26
2007-03-18,5.26,0.0,0.0,5.26,5.253666666666667,5.26,5.26
2007-03-19,5.26,0.0,0.0,5.26,5.2538888888888895,5.26,5.26
2007-03-20,5.26,0.0,0.0,5.26,5.254111111111111,5.26,5.26
2007-03-21,5.26,0.0,0.0,5.26,5.254333333333333,5.26,5.26
2007-03-22,5.26,0.0,0.0,5.26,5.254555555555555,5.26,5.26
2007-03-23,5.26,0.0,0.0,5.26,5.254777777777778,5.26,5.26
2007-03-24,5.26,0.0,0.0,5.26,5.255,5.26,5.26
2007-03-25,5.26,0.0,0.0,5.26,5.255222222222222,5.26,5.26
2007-03-26,5.26,0.0,0.0,5.26,5.255444444444445,5.26,5.26
2007-03-27,5.26,0.0,0.0,5.26,5.2556666666666665,5.26,5.26
2007-03-28,5.26,0.0,0.0,5.26,5.255888888888888,5.26,5.26
2007-03-29,5.26,0.0,0.0,5.26,5.25611111111111,5.26,5.26
2007-03-30,5.26,0.0,0.0,5.26,5.256333333333333,5.26,5.26
2007-03-31,5.26,0.0,0.0,5.26,5.256555555555555,5.26,5.26
2007-04-01,5.25,-0.009999999999999787,-0.0019011406844106071,5.259666666666666,5.256555555555555,5.26,5.26
2007-04-02,5.25,0.0,0.0,5.259333333333333,5.256555555555555,5.26,5.26
2007-04-03,5.25,0.0,0.0,5.259,5.256555555555555,5.26,5.26
2007-04-04,5.25,0.0,0.0,5.258666666666667,5.256555555555555,5.26,5.26
2007-04-05,5.25,0.0,0.0,5.258333333333334,5.256555555555555,5.26,5.26
2007-04-06,5.25,0.0,0.0,5.258,5.256555555555555,5.26,5.26
2007-04-07,5.25,0.0,0.0,5.257666666666667,5.256555555555555,5.26,5.26
2007-04-08,5.25,0.0,0.0,5.257333333333333,5.256555555555555,5.25,5.26
2007-04-09,5.25,0.0,0.0,5.257000000000001,5.256555555555555,5.25,5.26
2007-04-10,5.25,0.0,0.0,5.256666666666667,5.256555555555555,5.25,5.26
2007-04-11,5.25,0.0,0.0,5.256333333333333,5.256555555555555,5.25,5.26
2007-04-12,5.25,0.0,0.0,5.256,5.256555555555555,5.25,5.26
2007-04-13,5.25,0.0,0.0,5.255666666666667,5.256555555555555,5.25,5.26
2007-04-14,5.25,0.0,0.0,5.255333333333334,5.256555555555555,5.25,5.26
2007-04-15,5.25,0.0,0.0,5.255,5.256555555555555,5.25,5.26
2007-04-16,5.25,0.0,0.0,5.254666666666667,5.256555555555555,5.25,5.26
2007-04-17,5.25,0.0,0.0,5.254333333333333,5.256555555555555,5.25,5.26
2007-04-18,5.25,0.0,0.0,5.2540000000000004,5.256555555555555,5.25,5.26
2007-04-19,5.25,0.0,0.0,5.253666666666667,5.256555555555555,5.25,5.26
2007-04-20,5.25,0.0,0.0,5.253333333333334,5.256555555555555,5.25,5.26
2007-04-21,5.25,0.0,0.0,5.253,5.256555555555555,5.25,5.26
2007-04-22,5.25,0.0,0.0,5.252666666666667,5.256555555555555,5.25,5.26
2007-04-23,5.25,0.0,0.0,5.252333333333334,5.256555555555555,5.25,5.26
2007-04-24,5.25,0.0,0.0,5.252,5.256555555555555,5.25,5.26
2007-04-25,5.25,0.0,0.0,5.251666666666667,5.256555555555555,5.25,5.26
2007-04-26,5.25,0.0,0.0,5.251333333333334,5.256555555555555,5.25,5.26
2007-04-27,5.25,0.0,0.0,5.251,5.256555555555555,5.25,5.26
2007-04-28,5.25,0.0,0.0,5.250666666666667,5.256555555555555,5.25,5.26
2007-04-29,5.25,0.0,0.0,5.250333333333334,5.256555555555555,5.25,5.26
2007-04-30,5.25,0.0,0.0,5.25,5.256555555555555,5.25,5.26
2007-05-01,5.25,0.0,0.0,5.25,5.256555555555555,5.25,5.25
2007-05-02,5.25,0.0,0.0,5.25,5.256444444444444,5.25,5.25
2007-05-03,5.25,0.0,0.0,5.25,5.256333333333333,5.25,5.25
2007-05-04,5.25,0.0,0.0,5.25,5.256222222222222,5.25,5.25
2007-05-05,5.25,0.0,0.0,5.25,5.256111111111111,5.25,5.25
2007-05-06,5.25,0.0,0.0,5.25,5.256,5.25,5.25
2007-05-07,5.25,0.0,0.0,5.25,5.255888888888888,5.25,5.25
2007-05-08,5.25,0.0,0.0,5.25,5.255777777777777,5.25,5.25
2007-05-09,5.25,0.0,0.0,5.25,5.2556666666666665,5.25,5.25
2007-05-10,5.25,0.0,0.0,5.25,5.2555555555555555,5.25,5.25
2007-05-11,5.25,0.0,0.0,5.25,5.255444444444445,5.25,5.25
2007-05-12,5.25,0.0,0.0,5.25,5.255333333333334,5.25,5.25
2007-05-13,5.25,0.0,0.0,5.25,5.255222222222223,5.25,5.25
2007-05-14,5.25,0.0,0.0,5.25,5.255111111111111,5.25,5.25
2007-05-15,5.25,0.0,0.0,5.25,5.255,5.25,5.25
2007-05-16,5.25,0.0,0.0,5.25,5.254888888888889,5.25,5.25
2007-05-17,5.25,0.0,0.0,5.25,5.254777777777778,5.25,5.25
2007-05-18,5.25,0.0,0.0,5.25,5.254666666666667,5.25,5.25
2007-05-19,5.25,0.0,0.0,5.25,5.254555555555556,5.25,5.25
2007-05-20,5.25,0.0,0.0,5.25,5.254444444444444,5.25,5.25
2007-05-21,5.25,0.0,0.0,5.25,5.254333333333333,5.25,5.25
2007-05-22,5.25,0.0,0.0,5.25,5.254222222222222,5.25,5.25
2007-05-23,5.25,0.0,0.0,5.25,5.254111111111111,5.25,5.25
2007-05-24,5.25,0.0,0.0,5.25,5.2540000000000004,5.25,5.25
2007-05-25,5.25,0.0,0.0,5.25,5.2538888888888895,5.25,5.25
2007-05-26,5.25,0.0,0.0,5.25,5.2537777777777785,5.25,5.25
2007-05-27,5.25,0.0,0.0,5.25,5.253666666666667,5.25,5.25
2007-05-28,5.25,0.0,0.0,5.25,5.253555555555556,5.25,5.25
2007-05-29,5.25,0.0,0.0,5.25,5.253444444444445,5.25,5.25
2007-05-30,5.25,0.0,0.0,5.25,5.253333333333334,5.25,5.25
2007-05-31,5.25,0.0,0.0,5.25,5.253222222222222,5.25,5.25
2007-06-01,5.25,0.0,0.0,5.25,5.253111111111111,5.25,5.25
2007-06-02,5.25,0.0,0.0,5.25,5.253,5.25,5.25
2007-06-03,5.25,0.0,0.0,5.25,5.252888888888889,5.25,5.25
2007-06-04,5.25,0.0,0.0,5.25,5.252777777777778,5.25,5.25
2007-06-05,5.25,0.0,0.0,5.25,5.252666666666666,5.25,5.25
2007-06-06,5.25,0.0,0.0,5.25,5.252555555555555,5.25,5.25
2007-06-07,5.25,0.0,0.0,5.25,5.2524444444444445,5.25,5.25
2007-06-08,5.25,0.0,0.0,5.25,5.2523333333333335,5.25,5.25
2007-06-09,5.25,0.0,0.0,5.25,5.252222222222222,5.25,5.25
2007-06-10,5.25,0.0,0.0,5.25,5.252111111111111,5.25,5.25
2007-06-11,5.25,0.0,0.0,5.25,5.252,5.25,5.25
2007-06-12,5.25,0.0,0.0,5.25,5.251888888888889,5.25,5.25
2007-06-13,5.25,0.0,0.0,5.25,5.251777777777778,5.25,5.25
2007-06-14,5.25,0.0,0.0,5.25,5.251666666666667,5.25,5.25
2007-06-15,5.25,0.0,0.0,5.25,5.251555555555555,5.25,5.25
2007-06-16,5.25,0.0,0.0,5.25,5.251444444444444,5.25,5.25
2007-06-17,5.25,0.0,0.0,5.25,5.251333333333333,5.25,5.25
2007-06-18,5.25,0.0,0.0,5.25,5.251222222222222,5.25,5.25
2007-06-19,5.25,0.0,0.0,5.25,5.251111111111111,5.25,5.25
2007-06-20,5.25,0.0,0.0,5.25,5.251,5.25,5.25
2007-06-21,5.25,0.0,0.0,5.25,5.2508888888888885,5.25,5.25
2007-06-22,5.25,0.0,0.0,5.25,5.2507777777777775,5.25,5.25
2007-06-23,5.25,0.0,0.0,5.25,5.250666666666667,5.25,5.25
2007-06-24,5.25,0.0,0.0,5.25,5.250555555555556,5.25,5.25
2007-06-25,5.25,0.0,0.0,5.25,5.250444444444445,5.25,5.25
2007-06-26,5.25,0.0,0.0,5.25,5.250333333333334,5.25,5.25
2007-06-27,5.25,0.0,0.0,5.25,5.250222222222222,5.25,5.25
2007-06-28,5.25,0.0,0.0,5.25,5.250111111111111,5.25,5.25
2007-06-29,5.25,0.0,0.0,5.25,5.25,5.25,5.25
2007-06-30,5.25,0.0,0.0,5.25,5.25,5.25,5.25
2007-07-01,5.26,0.009999999999999787,0.0019047619047618536,5.250333333333333,5.250111111111111,5.25,5.25
2007-07-02,5.26,0.0,0.0,5.250666666666666,5.250222222222222,5.25,5.25
2007-07-03,5.26,0.0,0.0,5.251,5.250333333333333,5.25,5.25
2007-07-04,5.26,0.0,0.0,5.251333333333333,5.250444444444444,5.25,5.25
2007-07-05,5.26,0.0,0.0,5.251666666666666,5.250555555555556,5.25,5.25
2007-07-06,5.26,0.0,0.0,5.252,5.250666666666667,5.25,5.25
2007-07-07,5.26,0.0,0.0,5.2523333333333335,5.2507777777777775,5.25,5.25
2007-07-08,5.26,0.0,0.0,5.252666666666666,5.2508888888888885,5.26,5.25
2007-07-09,5.26,0.0,0.0,5.252999999999999,5.2509999999999994,5.26,5.25
2007-07-10,5.26,0.0,0.0,5.253333333333333,5.25111111111111,5.26,5.25
2007-07-11,5.26,0.0,0.0,5.253666666666666,5.251222222222222,5.26,5.25
2007-07-12,5.26,0.0,0.0,5.254,5.251333333333333,5.26,5.25
2007-07-13,5.26,0.0,0.0,5.254333333333333,5.251444444444444,5.26,5.25
2007-07-14,5.26,0.0,0.0,5.254666666666666,5.251555555555555,5.26,5.25
2007-07-15,5.26,0.0,0.0,5.254999999999999,5.251666666666666,5.26,5.25
2007-07-16,5.26,0.0,0.0,5.255333333333334,5.251777777777777,5.26,5.25
2007-07-17,5.26,0.0,0.0,5.2556666666666665,5.251888888888889,5.26,5.25
2007-07-18,5.26,0.0,0.0,5.255999999999999,5.252,5.26,5.25
2007-07-19,5.26,0.0,0.0,5.256333333333333,5.252111111111111,5.26,5.25
2007-07-20,5.26,0.0,0.0,5.256666666666666,5.252222222222222,5.26,5.25
2007-07-21,5.26,0.0,0.0,5.257,5.2523333333333335,5.26,5.25
2007-07-22,5.26,0.0,0.0,5.2573333333333325,5.2524444444444445,5.26,5.25
2007-07-23,5.26,0.0,0.0,5.257666666666666,5.252555555555555,5.26,5.25
2007-07-24,5.26,0.0,0.0,5.257999999999999,5.252666666666666,5.26,5.25
2007-07-25,5.26,0.0,0.0,5.258333333333332,5.252777777777778,5.26,5.25
2007-07-26,5.26,0.0,0.0,5.258666666666667,5.252888888888889,5.26,5.25
2007-07-27,5.26,0.0,0.0,5.2589999999999995,5.253,5.26,5.25
2007-07-28,5.26,0.0,0.0,5.259333333333332,5.253111111111111,5.26,5.25
2007-07-29,5.26,0.0,0.0,5.259666666666666,5.253222222222222,5.26,5.25
2007-07-30,5.26,0.0,0.0,5.26,5.253333333333333,5.26,5.25
2007-07-31,5.26,0.0,0.0,5.26,5.253444444444445,5.26,5.26
2007-08-01,5.02,-0.2400000000000002,-0.04562737642585557,5.252,5.2508888888888885,5.26,5.26
2007-08-02,5.02,0.0,0.0,5.244,5.248333333333333,5.26,5.26
2007-08-03,5.02,0.0,0.0,5.236,5.245777777777778,5.26,5.26
2007-08-04,5.02,0.0,0.0,5.228,5.243222222222222,5.26,5.26
2007-08-05,5.02,0.0,0.0,5.219999999999999,5.240666666666666,5.26,5.26
2007-08-06,5.02,0.0,0.0,5.212,5.238111111111111,5.26,5.26
2007-08-07,5.02,0.0,0.0,5.204,5.235555555555555,5.26,5.26
2007-08-08,5.02,0.0,0.0,5.196,5.233,5.02,5.26
2007-08-09,5.02,0.0,0.0,5.188,5.230444444444444,5.02,5.26
2007-08-10,5.02,0.0,0.0,5.180000000000001,5.227888888888889,5.02,5.26
2007-08-11,5.02,0.0,0.0,5.172,5.225333333333333,5.02,5.26
2007-08-12,5.02,0.0,0.0,5.164,5.222777777777777,5.02,5.26
2007-08-13,5.02,0.0,0.0,5.156,5.2202222222222225,5.02,5.26
2007-08-14,5.02,0.0,0.0,5.148,5.217666666666666,5.02,5.26
2007-08-15,5.02,0.0,0.0,5.14,5.215111111111111,5.02,5.26
2007-08-16,5.02,0.0,0.0,5.132,5.212555555555555,5.02,5.26
2007-08-17,5.02,0.0,0.0,5.124,5.21,5.02,5.26
2007-08-18,5.02,0.0,0.0,5.116,5.207444444444444,5.02,5.26
2007-08-19,5.02,0.0,0.0,5.108,5.204888888888889,5.02,5.26
2007-08-20,5.02,0.0,0.0,5.1,5.202333333333333,5.02,5.26
2007-08-21,5.02,0.0,0.0,5.092,5.199777777777777,5.02,5.26
2007-08-22,5.02,0.0,0.0,5.084,5.197222222222222,5.02,5.26
2007-08-23,5.02,0.0,0.0,5.076,5.1946666666666665,5.02,5.26
2007-08-24,5.02,0.0,0.0,5.068,5.192111111111111,5.02,5.26
2007-08-25,5.02,0.0,0.0,5.06,5.189555555555555,5.02,5.26
2007-08-26,5.02,0.0,0.0,5.0520000000000005,5.186999999999999,5.02,5.26
2007-08-27,5.02,0.0,0.0,5.044,5.184444444444444,5.02,5.26
2007-08-28,5.02,0.0,0.0,5.036,5.1818888888888885,5.02,5.26
2007-08-29,5.02,0.0,0.0,5.028,5.179333333333333,5.02,5.26
2007-08-30,5.02,0.0,0.0,5.02,5.176777777777778,5.02,5.26
2007-08-31,5.02,0.0,0.0,5.02,5.174222222222221,5.02,5.02
2007-09-01,4.94,-0.07999999999999918,-0.015936254980079556,5.017333333333332,5.1707777777777775,5.02,5.02
2007-09-02,4.94,0.0,0.0,5.014666666666667,5.167333333333333,5.02,5.02
2007-09-03,4.94,0.0,0.0,5.012,5.163888888888888,5.02,5.02
2007-09-04,4.94,0.0,0.0,5.009333333333333,5.160444444444445,5.02,5.02
2007-09-05,4.94,0.0,0.0,5.006666666666666,5.157,5.02,5.02
2007-09-06,4.94,0.0,0.0,5.004,5.153555555555555,5.02,5.02
2007-09-07,4.94,0.0,0.0,5.001333333333333,5.150111111111111,5.02,5.02
2007-09-08,4.94,0.0,0.0,4.998666666666666,5.1466666666666665,4.94,5.02
2007-09-09,4.94,0.0,0.0,4.9959999999999996,5.143222222222222,4.94,5.02
2007-09-10,4.94,0.0,0.0,4.993333333333334,5.139777777777778,4.94,5.02
2007-09-11,4.94,0.0,0.0,4.990666666666667,5.136333333333333,4.94,5.02
2007-09-12,4.94,0.0,0.0,4.988,5.132888888888889,4.94,5.02
2007-09-13,4.94,0.0,0.0,4.985333333333333,5.129444444444444,4.94,5.02
2007-09-14,4.94,0.0,0.0,4.982666666666666,5.1259999999999994,4.94,5.02
2007-09-15,4.94,0.0,0.0,4.98,5.1225555555555555,4.94,5.02
2007-09-16,4.94,0.0,0.0,4.977333333333333,5.119111111111111,4.94,5.02
2007-09-17,4.94,0.0,0.0,4.974666666666666,5.115666666666666,4.94,5.02
2007-09-18,4.94,0.0,0.0,4.9719999999999995,5.112222222222222,4.94,5.02
2007-09-19,4.94,0.0,0.0,4.969333333333333,5.108777777777777,4.94,5.02
2007-09-20,4.94,0.0,0.0,4.966666666666668,5.105333333333333,4.94,5.02
2007-09-21,4.94,0.0,0.0,4.964,5.1018888888888885,4.94,5.02
2007-09-22,4.94,0.0,0.0,4.961333333333333,5.098444444444444,4.94,5.02
2007-09-23,4.94,0.0,0.0,4.958666666666668,5.095,4.94,5.02
2007-09-24,4.94,0.0,0.0,4.956,5.091555555555555,4.94,5.02
2007-09-25,4.94,0.0,0.0,4.953333333333333,5.088111111111111,4.94,5.02
2007-09-26,4.94,0.0,0.0,4.950666666666667,5.084666666666667,4.94,5.02
2007-09-27,4.94,0.0,0.0,4.9479999999999995,5.081222222222222,4.94,5.02
2007-09-28,4.94,0.0,0.0,4.945333333333334,5.0777777777777775,4.94,5.02
2007-09-29,4.94,0.0,0.0,4.942666666666667,5.074222222222223,4.94,5.02
2007-09-30,4.94,0.0,0.0,4.94,5.070666666666667,4.94,5.02
2007-10-01,4.76,-0.1800000000000006,-0.036437246963562875,4.934,5.065111111111111,4.94,4.94
2007-10-02,4.76,0.0,0.0,4.928,5.059555555555556,4.94,4.94
2007-10-03,4.76,0.0,0.0,4.922,5.053999999999999,4.94,4.94
2007-10-04,4.76,0.0,0.0,4.916,5.048444444444444,4.94,4.94
2007-10-05,4.76,0.0,0.0,4.91,5.042888888888889,4.94,4.94
2007-10-06,4.76,0.0,0.0,4.904,5.037333333333334,4.94,4.94
2007-10-07,4.76,0.0,0.0,4.898000000000001,5.031777777777778,4.94,4.94
2007-10-08,4.76,0.0,0.0,4.892,5.026222222222223,4.76,4.94
2007-10-09,4.76,0.0,0.0,4.885999999999999,5.020666666666666,4.76,4.94
2007-10-10,4.76,0.0,0.0,4.88,5.015111111111111,4.76,4.94
2007-10-11,4.76,0.0,0.0,4.874,5.009555555555555,4.76,4.94
2007-10-12,4.76,0.0,0.0,4.867999999999999,5.0040000000000004,4.76,4.94
2007-10-13,4.76,0.0,0.0,4.862,4.998444444444445,4.76,4.94
2007-10-14,4.76,0.0,0.0,4.856,4.992888888888889,4.76,4.94
2007-10-15,4.76,0.0,0.0,4.85,4.987333333333334,4.76,4.94
2007-10-16,4.76,0.0,0.0,4.843999999999999,4.981777777777777,4.76,4.94
2007-10-17,4.76,0.0,0.0,4.838,4.976222222222222,4.76,4.94
2007-10-18,4.76,0.0,0.0,4.832,4.970666666666667,4.76,4.94
2007-10-19,4.76,0.0,0.0,4.826,4.965111111111112,4.76,4.94
2007-10-20,4.76,0.0,0.0,4.819999999999999,4.959555555555555,4.76,4.94
2007-10-21,4.76,0.0,0.0,4.813999999999999,4.954,4.76,4.94
2007-10-22,4.76,0.0,0.0,4.807999999999999,4.948444444444444,4.76,4.94
2007-10-23,4.76,0.0,0.0,4.8020000000000005,4.942888888888889,4.76,4.94
2007-10-24,4.76,0.0,0.0,4.796,4.937333333333333,4.76,4.94
2007-10-25,4.76,0.0,0.0,4.79,4.931777777777778,4.76,4.94
2007-10-26,4.76,0.0,0.0,4.784000000000001,4.926222222222222,4.76,4.94
2007-10-27,4.76,0.0,0.0,4.7780000000000005,4.9206666666666665,4.76,4.94
2007-10-28,4.76,0.0,0.0,4.772,4.915111111111111,4.76,4.94
2007-10-29,4.76,0.0,0.0,4.766000000000001,4.9095555555555555,4.76,4.94
2007-10-30,4.76,0.0,0.0,4.76,4.906666666666666,4.76,4.94
2007-10-31,4.76,0.0,0.0,4.76,4.903777777777778,4.76,4.76
2007-11-01,4.49,-0.2699999999999996,-0.05672268907563016,4.751,4.897888888888888,4.76,4.76
2007-11-02,4.49,0.0,0.0,4.742000000000001,4.8919999999999995,4.76,4.76
2007-11-03,4.49,0.0,0.0,4.733,4.886111111111111,4.76,4.76
2007-11-04,4.49,0.0,0.0,4.724,4.880222222222222,4.76,4.76
2007-11-05,4.49,0.0,0.0,4.715000000000001,4.874333333333333,4.76,4.76
2007-11-06,4.49,0.0,0.0,4.7059999999999995,4.868444444444445,4.76,4.76
2007-11-07,4.49,0.0,0.0,4.697,4.862555555555556,4.76,4.76
2007-11-08,4.49,0.0,0.0,4.688000000000001,4.8566666666666665,4.49,4.76
2007-11-09,4.49,0.0,0.0,4.678999999999999,4.850777777777778,4.49,4.76
2007-11-10,4.49,0.0,0.0,4.67,4.844888888888889,4.49,4.76
2007-11-11,4.49,0.0,0.0,4.6610000000000005,4.8389999999999995,4.49,4.76
2007-11-12,4.49,0.0,0.0,4.651999999999999,4.833111111111111,4.49,4.76
2007-11-13,4.49,0.0,0.0,4.643,4.827222222222223,4.49,4.76
2007-11-14,4.49,0.0,0.0,4.634,4.821333333333333,4.49,4.76
2007-11-15,4.49,0.0,0.0,4.625,4.815444444444444,4.49,4.76
2007-11-16,4.49,0.0,0.0,4.616,4.809555555555556,4.49,4.76
2007-11-17,4.49,0.0,0.0,4.607,4.8036666666666665,4.49,4.76
2007-11-18,4.49,0.0,0.0,4.598000000000001,4.797777777777778,4.49,4.76
2007-11-19,4.49,0.0,0.0,4.5889999999999995,4.79188888888889,4.49,4.76
2007-11-20,4.49,0.0,0.0,4.58,4.786,4.49,4.76
2007-11-21,4.49,0.0,0.0,4.571000000000001,4.780111111111111,4.49,4.76
2007-11-22,4.49,0.0,0.0,4.561999999999999,4.774222222222222,4.49,4.76
2007-11-23,4.49,0.0,0.0,4.553,4.7683333333333335,4.49,4.76
2007-11-24,4.49,0.0,0.0,4.5440000000000005,4.762444444444444,4.49,4.76
2007-11-25,4.49,0.0,0.0,4.534999999999999,4.756555555555556,4.49,4.76
2007-11-26,4.49,0.0,0.0,4.526,4.7506666666666675,4.49,4.76
2007-11-27,4.49,0.0,0.0,4.517,4.744777777777777,4.49,4.76
2007-11-28,4.49,0.0,0.0,4.507999999999999,4.738888888888889,4.49,4.76
2007-11-29,4.49,0.0,0.0,4.499,4.7330000000000005,4.49,4.76
2007-11-30,4.49,0.0,0.0,4.49,4.728000000000001,4.49,4.76
2007-12-01,4.24,-0.25,-0.055679287305122505,4.4816666666666665,4.7202222222222225,4.49,4.49
2007-12-02,4.24,0.0,0.0,4.473333333333333,4.712444444444445,4.49,4.49
2007-12-03,4.24,0.0,0.0,4.465000000000001,4.704666666666666,4.49,4.49
2007-12-04,4.24,0.0,0.0,4.456666666666667,4.696888888888888,4.49,4.49
2007-12-05,4.24,0.0,0.0,4.448333333333333,4.689111111111111,4.49,4.49
2007-12-06,4.24,0.0,0.0,4.44,4.681333333333333,4.49,4.49
2007-12-07,4.24,0.0,0.0,4.4316666666666675,4.673555555555556,4.49,4.49
2007-12-08,4.24,0.0,0.0,4.423333333333333,4.665777777777778,4.24,4.49
2007-12-09,4.24,0.0,0.0,4.415000000000001,4.658,4.24,4.49
2007-12-10,4.24,0.0,0.0,4.406666666666667,4.650222222222222,4.24,4.49
2007-12-11,4.24,0.0,0.0,4.3983333333333325,4.642444444444444,4.24,4.49
2007-12-12,4.24,0.0,0.0,4.390000000000001,4.634666666666667,4.24,4.49
2007-12-13,4.24,0.0,0.0,4.381666666666667,4.626888888888889,4.24,4.49
2007-12-14,4.24,0.0,0.0,4.373333333333333,4.619111111111112,4.24,4.49
2007-12-15,4.24,0.0,0.0,4.365,4.6113333333333335,4.24,4.49
2007-12-16,4.24,0.0,0.0,4.356666666666667,4.603555555555555,4.24,4.49
2007-12-17,4.24,0.0,0.0,4.348333333333333,4.595777777777778,4.24,4.49
2007-12-18,4.24,0.0,0.0,4.340000000000001,4.588,4.24,4.49
2007-12-19,4.24,0.0,0.0,4.331666666666666,4.580222222222223,4.24,4.49
2007-12-20,4.24,0.0,0.0,4.323333333333334,4.572444444444445,4.24,4.49
2007-12-21,4.24,0.0,0.0,4.315,4.5646666666666675,4.24,4.49
2007-12-22,4.24,0.0,0.0,4.306666666666667,4.5568888888888885,4.24,4.49
2007-12-23,4.24,0.0,0.0,4.298333333333334,4.549111111111111,4.24,4.49
2007-12-24,4.24,0.0,0.0,4.290000000000001,4.541333333333333,4.24,4.49
2007-12-25,4.24,0.0,0.0,4.281666666666666,4.533555555555555,4.24,4.49
2007-12-26,4.24,0.0,0.0,4.273333333333334,4.525777777777778,4.24,4.49
2007-12-27,4.24,0.0,0.0,4.265,4.518,4.24,4.49
2007-12-28,4.24,0.0,0.0,4.256666666666667,4.510222222222223,4.24,4.49
2007-12-29,4.24,0.0,0.0,4.248333333333334,4.5024444444444445,4.24,4.49
2007-12-30,4.24,0.0,0.0,4.24,4.496666666666666,4.24,4.49
2007-12-31,4.24,0.0,0.0,4.24,4.490888888888889,4.24,4.24
2008-01-01,3.94,-0.30000000000000027,-0.07075471698113212,4.23,4.481777777777778,4.24,4.24
2008-01-02,3.94,0.0,0.0,4.220000000000001,4.472666666666667,4.24,4.24
2008-01-03,3.94,0.0,0.0,4.21,4.463555555555555,4.24,4.24
2008-01-04,3.94,0.0,0.0,4.2,4.454444444444444,4.24,4.24
2008-01-05,3.94,0.0,0.0,4.19,4.445333333333333,4.24,4.24
2008-01-06,3.94,0.0,0.0,4.180000000000001,4.436222222222222,4.24,4.24
2008-01-07,3.94,0.0,0.0,4.17,4.427111111111111,4.24,4.24
2008-01-08,3.94,0.0,0.0,4.16,4.418,3.94,4.24
2008-01-09,3.94,0.0,0.0,4.15,4.408888888888889,3.94,4.24
2008-01-10,3.94,0.0,0.0,4.14,4.399777777777778,3.94,4.24
2008-01-11,3.94,0.0,0.0,4.13,4.390666666666666,3.94,4.24
2008-01-12,3.94,0.0,0.0,4.12,4.381555555555556,3.94,4.24
2008-01-13,3.94,0.0,0.0,4.11,4.372444444444445,3.94,4.24
2008-01-14,3.94,0.0,0.0,4.1,4.363333333333334,3.94,4.24
2008-01-15,3.94,0.0,0.0,4.09,4.354222222222223,3.94,4.24
2008-01-16,3.94,0.0,0.0,4.08,4.345111111111111,3.94,4.24
2008-01-17,3.94,0.0,0.0,4.07,4.336,3.94,4.24
2008-01-18,3.94,0.0,0.0,4.06,4.326888888888889,3.94,4.24
2008-01-19,3.94,0.0,0.0,4.05,4.317777777777778,3.94,4.24
2008-01-20,3.94,0.0,0.0,4.04,4.308666666666667,3.94,4.24
2008-01-21,3.94,0.0,0.0,4.03,4.299555555555556,3.94,4.24
2008-01-22,3.94,0.0,0.0,4.0200000000000005,4.290444444444445,3.94,4.24
2008-01-23,3.94,0.0,0.0,4.01,4.281333333333333,3.94,4.24
2008-01-24,3.94,0.0,0.0,4.0,4.272222222222222,3.94,4.24
2008-01-25,3.94,0.0,0.0,3.99,4.263111111111111,3.94,4.24
2008-01-26,3.94,0.0,0.0,3.9799999999999995,4.2540000000000004,3.94,4.24
2008-01-27,3.94,0.0,0.0,3.9699999999999998,4.244888888888889,3.94,4.24
2008-01-28,3.94,0.0,0.0,3.96,4.235777777777778,3.94,4.24
2008-01-29,3.94,0.0,0.0,3.95,4.226666666666667,3.94,4.24
2008-01-30,3.94,0.0,0.0,3.94,4.220555555555555,3.94,4.24
2008-01-31,3.94,0.0,0.0,3.94,4.214444444444444,3.94,3.94
2008-02-01,2.98,-0.96,-0.24365482233502533,3.908,4.197666666666667,3.94,3.94
2008-02-02,2.98,0.0,0.0,3.876,4.180888888888889,3.94,3.94
2008-02-03,2.98,0.0,0.0,3.844,4.164111111111111,3.94,3.94
2008-02-04,2.98,0.0,0.0,3.812,4.147333333333333,3.94,3.94
2008-02-05,2.98,0.0,0.0,3.7800000000000002,4.1305555555555555,3.94,3.94
2008-02-06,2.98,0.0,0.0,3.7479999999999998,4.113777777777778,3.94,3.94
2008-02-07,2.98,0.0,0.0,3.716,4.097,3.94,3.94
2008-02-08,2.98,0.0,0.0,3.6839999999999997,4.080222222222223,2.98,3.94
2008-02-09,2.98,0.0,0.0,3.652,4.063444444444444,2.98,3.94
2008-02-10,2.98,0.0,0.0,3.6199999999999997,4.046666666666667,2.98,3.94
2008-02-11,2.98,0.0,0.0,3.588,4.029888888888889,2.98,3.94
2008-02-12,2.98,0.0,0.0,3.556,4.013111111111111,2.98,3.94
2008-02-13,2.98,0.0,0.0,3.524,3.9963333333333333,2.98,3.94
2008-02-14,2.98,0.0,0.0,3.4919999999999995,3.9795555555555557,2.98,3.94
2008-02-15,2.98,0.0,0.0,3.46,3.9627777777777777,2.98,3.94
2008-02-16,2.98,0.0,0.0,3.428,3.9459999999999997,2.98,3.94
2008-02-17,2.98,0.0,0.0,3.396,3.929222222222222,2.98,3.94
2008-02-18,2.98,0.0,0.0,3.364,3.912444444444445,2.98,3.94
2008-02-19,2.98,0.0,0.0,3.3320000000000003,3.8956666666666666,2.98,3.94
2008-02-20,2.98,0.0,0.0,3.2999999999999994,3.878888888888889,2.98,3.94
2008-02-21,2.98,0.0,0.0,3.268,3.8621111111111115,2.98,3.94
2008-02-22,2.98,0.0,0.0,3.2359999999999998,3.845333333333333,2.98,3.94
2008-02-23,2.98,0.0,0.0,3.204,3.8285555555555555,2.98,3.94
2008-02-24,2.98,0.0,0.0,3.1719999999999997,3.811777777777778,2.98,3.94
2008-02-25,2.98,0.0,0.0,3.14,3.795,2.98,3.94
2008-02-26,2.98,0.0,0.0,3.108,3.7782222222222224,2.98,3.94
2008-02-27,2.98,0.0,0.0,3.076,3.761444444444445,2.98,3.94
2008-02-28,2.98,0.0,0.0,3.0439999999999996,3.7446666666666664,2.98,3.94
2008-02-29,2.98,0.0,0.0,3.012,3.7306666666666666,2.98,3.94
2008-03-01,2.61,-0.3700000000000001,-0.12416107382550334,2.9676666666666667,3.7125555555555554,2.98,3.94
2008-03-02,2.61,0.0,0.0,2.9553333333333334,3.6944444444444446,2.98,2.98
2008-03-03,2.61,0.0,0.0,2.9429999999999996,3.6763333333333335,2.98,2.98
2008-03-04,2.61,0.0,0.0,2.9306666666666668,3.6582222222222223,2.98,2.98
2008-03-05,2.61,0.0,0.0,2.9183333333333334,3.640111111111111,2.98,2.98
2008-03-06,2.61,0.0,0.0,2.9059999999999997,3.6220000000000003,2.98,2.98
2008-03-07,2.61,0.0,0.0,2.893666666666667,3.6038888888888887,2.98,2.98
2008-03-08,2.61,0.0,0.0,2.881333333333333,3.585777777777778,2.61,2.98
2008-03-09,2.61,0.0,0.0,2.8689999999999998,3.567666666666667,2.61,2.98
2008-03-10,2.61,0.0,0.0,2.8566666666666665,3.549555555555556,2.61,2.98
2008-03-11,2.61,0.0,0.0,2.844333333333333,3.5314444444444444,2.61,2.98
2008-03-12,2.61,0.0,0.0,2.832,3.513333333333333,2.61,2.98
2008-03-13,2.61,0.0,0.0,2.819666666666666,3.495222222222222,2.61,2.98
2008-03-14,2.61,0.0,0.0,2.8073333333333332,3.4771111111111113,2.61,2.98
2008-03-15,2.61,0.0,0.0,2.795,3.459,2.61,2.98
2008-03-16,2.61,0.0,0.0,2.782666666666666,3.440888888888889,2.61,2.98
2008-03-17,2.61,0.0,0.0,2.770333333333333,3.4227777777777777,2.61,2.98
2008-03-18,2.61,0.0,0.0,2.7580000000000005,3.404666666666667,2.61,2.98
2008-03-19,2.61,0.0,0.0,2.7456666666666667,3.3865555555555553,2.61,2.98
2008-03-20,2.61,0.0,0.0,2.7333333333333334,3.368444444444444,2.61,2.98
2008-03-21,2.61,0.0,0.0,2.7210000000000005,3.350333333333334,2.61,2.98
2008-03-22,2.61,0.0,0.0,2.708666666666667,3.3322222222222226,2.61,2.98
2008-03-23,2.61,0.0,0.0,2.6963333333333335,3.314111111111111,2.61,2.98
2008-03-24,2.61,0.0,0.0,2.6839999999999997,3.296,2.61,2.98
2008-03-25,2.61,0.0,0.0,2.671666666666667,3.2778888888888886,2.61,2.98
2008-03-26,2.61,0.0,0.0,2.6593333333333335,3.259777777777778,2.61,2.98
2008-03-27,2.61,0.0,0.0,2.647,3.2416666666666663,2.61,2.98
2008-03-28,2.61,0.0,0.0,2.634666666666667,3.2235555555555555,2.61,2.98
2008-03-29,2.61,0.0,0.0,2.622333333333333,3.2054444444444448,2.61,2.98
2008-03-30,2.61,0.0,0.0,2.61,3.1873333333333336,2.61,2.98
2008-03-31,2.61,0.0,0.0,2.61,3.1725555555555554,2.61,2.61
2008-04-01,2.28,-0.33000000000000007,-0.12643678160919547,2.5989999999999998,3.1541111111111113,2.61,2.61
2008-04-02,2.28,0.0,0.0,2.588,3.1356666666666664,2.61,2.61
2008-04-03,2.28,0.0,0.0,2.577,3.1172222222222223,2.61,2.61
2008-04-04,2.28,0.0,0.0,2.5660000000000003,3.0987777777777774,2.61,2.61
2008-04-05,2.28,0.0,0.0,2.5549999999999997,3.0803333333333334,2.61,2.61
2008-04-06,2.28,0.0,0.0,2.5439999999999996,3.061888888888889,2.61,2.61
2008-04-07,2.28,0.0,0.0,2.533,3.043444444444445,2.61,2.61
2008-04-08,2.28,0.0,0.0,2.522,3.025,2.28,2.61
2008-04-09,2.28,0.0,0.0,2.511,3.006555555555556,2.28,2.61
2008-04-10,2.28,0.0,0.0,2.5,2.9881111111111114,2.28,2.61
2008-04-11,2.28,0.0,0.0,2.489,2.9696666666666665,2.28,2.61
2008-04-12,2.28,0.0,0.0,2.478,2.9512222222222215,2.28,2.61
2008-04-13,2.28,0.0,0.0,2.467,2.9327777777777775,2.28,2.61
2008-04-14,2.28,0.0,0.0,2.4560000000000004,2.914333333333333,2.28,2.61
2008-04-15,2.28,0.0,0.0,2.445,2.895888888888889,2.28,2.61
2008-04-16,2.28,0.0,0.0,2.4339999999999997,2.877444444444444,2.28,2.61
2008-04-17,2.28,0.0,0.0,2.423,2.859,2.28,2.61
2008-04-18,2.28,0.0,0.0,2.4119999999999995,2.8405555555555555,2.28,2.61
2008-04-19,2.28,0.0,0.0,2.4009999999999994,2.822111111111111,2.28,2.61
2008-04-20,2.28,0.0,0.0,2.3899999999999997,2.8036666666666665,2.28,2.61
2008-04-21,2.28,0.0,0.0,2.3789999999999996,2.785222222222222,2.28,2.61
2008-04-22,2.28,0.0,0.0,2.368,2.7667777777777776,2.28,2.61
2008-04-23,2.28,0.0,0.0,2.3569999999999998,2.748333333333333,2.28,2.61
2008-04-24,2.28,0.0,0.0,2.3459999999999996,2.729888888888889,2.28,2.61
2008-04-25,2.28,0.0,0.0,2.335,2.7114444444444445,2.28,2.61
2008-04-26,2.28,0.0,0.0,2.3239999999999994,2.693,2.28,2.61
2008-04-27,2.28,0.0,0.0,2.3129999999999997,2.6745555555555556,2.28,2.61
2008-04-28,2.28,0.0,0.0,2.3019999999999996,2.656111111111111,2.28,2.61
2008-04-29,2.28,0.0,0.0,2.2909999999999995,2.637666666666667,2.28,2.61
2008-04-30,2.28,0.0,0.0,2.28,2.619222222222222,2.28,2.61
2008-05-01,1.98,-0.2999999999999998,-0.13157894736842102,2.27,2.608111111111111,2.28,2.28
2008-05-02,1.98,0.0,0.0,2.26,2.597,2.28,2.28
2008-05-03,1.98,0.0,0.0,2.2499999999999996,2.585888888888889,2.28,2.28
2008-05-04,1.98,0.0,0.0,2.2399999999999998,2.574777777777778,2.28,2.28
2008-05-05,1.98,0.0,0.0,2.23,2.5636666666666668,2.28,2.28
2008-05-06,1.98,0.0,0.0,2.2199999999999998,2.5525555555555552,2.28,2.28
2008-05-07,1.98,0.0,0.0,2.21,2.541444444444444,2.28,2.28
2008-05-08,1.98,0.0,0.0,2.2,2.530333333333333,1.98,2.28
2008-05-09,1.98,0.0,0.0,2.19,2.519222222222222,1.98,2.28
2008-05-10,1.98,0.0,0.0,2.1799999999999997,2.508111111111111,1.98,2.28
2008-05-11,1.98,0.0,0.0,2.17,2.4970000000000003,1.98,2.28
2008-05-12,1.98,0.0,0.0,2.1599999999999997,2.485888888888889,1.98,2.28
2008-05-13,1.98,0.0,0.0,2.15,2.4747777777777777,1.98,2.28
2008-05-14,1.98,0.0,0.0,2.14,2.4636666666666667,1.98,2.28
2008-05-15,1.98,0.0,0.0,2.13,2.4525555555555556,1.98,2.28
2008-05-16,1.98,0.0,0.0,2.1199999999999997,2.4414444444444445,1.98,2.28
2008-05-17,1.98,0.0,0.0,2.11,2.430333333333333,1.98,2.28
2008-05-18,1.98,0.0,0.0,2.1,2.419222222222222,1.98,2.28
2008-05-19,1.98,0.0,0.0,2.0900000000000003,2.408111111111111,1.98,2.28
2008-05-20,1.98,0.0,0.0,2.08,2.397,1.98,2.28
2008-05-21,1.98,0.0,0.0,2.07,2.3858888888888887,1.98,2.28
2008-05-22,1.98,0.0,0.0,2.06,2.3747777777777777,1.98,2.28
2008-05-23,1.98,0.0,0.0,2.05,2.3636666666666666,1.98,2.28
2008-05-24,1.98,0.0,0.0,2.04,2.3525555555555555,1.98,2.28
2008-05-25,1.98,0.0,0.0,2.03,2.3414444444444444,1.98,2.28
2008-05-26,1.98,0.0,0.0,2.02,2.3303333333333334,1.98,2.28
2008-05-27,1.98,0.0,0.0,2.01,2.3192222222222223,1.98,2.28
2008-05-28,1.98,0.0,0.0,1.9999999999999998,2.308111111111111,1.98,2.28
2008-05-29,1.98,0.0,0.0,1.99,2.2969999999999997,1.98,2.28
2008-05-30,1.98,0.0,0.0,1.98,2.29,1.98,2.28
2008-05-31,1.98,0.0,0.0,1.98,2.283,1.98,1.98
2008-06-01,2.0,0.020000000000000018,0.010101010101010166,1.9806666666666668,2.276222222222222,1.98,1.98
2008-06-02,2.0,0.0,0.0,1.9813333333333332,2.2694444444444444,1.98,1.98
2008-06-03,2.0,0.0,0.0,1.982,2.2626666666666666,1.98,1.98
2008-06-04,2.0,0.0,0.0,1.9826666666666668,2.255888888888889,1.98,1.98
2008-06-05,2.0,0.0,0.0,1.9833333333333334,2.249111111111111,1.98,1.98
2008-06-06,2.0,0.0,0.0,1.9840000000000002,2.2423333333333333,1.98,1.98
2008-06-07,2.0,0.0,0.0,1.9846666666666666,2.2355555555555555,1.98,1.98
2008-06-08,2.0,0.0,0.0,1.9853333333333334,2.2287777777777777,2.0,1.98
2008-06-09,2.0,0.0,0.0,1.986,2.222,2.0,1.98
2008-06-10,2.0,0.0,0.0,1.9866666666666668,2.215222222222222,2.0,1.98
2008-06-11,2.0,0.0,0.0,1.9873333333333334,2.2084444444444444,2.0,1.98
2008-06-12,2.0,0.0,0.0,1.988,2.2016666666666667,2.0,1.98
2008-06-13,2.0,0.0,0.0,1.9886666666666668,2.194888888888889,2.0,1.98
2008-06-14,2.0,0.0,0.0,1.9893333333333334,2.188111111111111,2.0,1.98
2008-06-15,2.0,0.0,0.0,1.99,2.1813333333333333,2.0,1.98
2008-06-16,2.0,0.0,0.0,1.9906666666666666,2.1745555555555556,2.0,1.98
2008-06-17,2.0,0.0,0.0,1.9913333333333334,2.167777777777778,2.0,1.98
2008-06-18,2.0,0.0,0.0,1.9920000000000002,2.161,2.0,1.98
2008-06-19,2.0,0.0,0.0,1.9926666666666668,2.1542222222222223,2.0,1.98
2008-06-20,2.0,0.0,0.0,1.9933333333333334,2.1474444444444445,2.0,1.98
2008-06-21,2.0,0.0,0.0,1.994,2.1406666666666667,2.0,1.98
2008-06-22,2.0,0.0,0.0,1.9946666666666668,2.133888888888889,2.0,1.98
2008-06-23,2.0,0.0,0.0,1.9953333333333334,2.127111111111111,2.0,1.98
2008-06-24,2.0,0.0,0.0,1.996,2.1203333333333334,2.0,1.98
2008-06-25,2.0,0.0,0.0,1.9966666666666666,2.1135555555555556,2.0,1.98
2008-06-26,2.0,0.0,0.0,1.9973333333333334,2.106777777777778,2.0,1.98
2008-06-27,2.0,0.0,0.0,1.9980000000000002,2.1,2.0,1.98
2008-06-28,2.0,0.0,0.0,1.9986666666666666,2.0932222222222223,2.0,1.98
2008-06-29,2.0,0.0,0.0,1.9993333333333334,2.0864444444444445,2.0,1.98
2008-06-30,2.0,0.0,0.0,2.0,2.0833333333333335,2.0,1.98
2008-07-01,2.01,0.009999999999999787,0.004999999999999893,2.0003333333333333,2.0803333333333334,2.0,2.0
2008-07-02,2.01,0.0,0.0,2.0006666666666666,2.0773333333333333,2.0,2.0
2008-07-03,2.01,0.0,0.0,2.001,2.074333333333333,2.0,2.0
2008-07-04,2.01,0.0,0.0,2.001333333333333,2.071333333333333,2.0,2.0
2008-07-05,2.01,0.0,0.0,2.0016666666666665,2.068333333333333,2.0,2.0
2008-07-06,2.01,0.0,0.0,2.002,2.0653333333333332,2.0,2.0
2008-07-07,2.01,0.0,0.0,2.002333333333333,2.062333333333333,2.0,2.0
2008-07-08,2.01,0.0,0.0,2.002666666666667,2.059333333333333,2.01,2.0
2008-07-09,2.01,0.0,0.0,2.0029999999999997,2.0563333333333333,2.01,2.0
2008-07-10,2.01,0.0,0.0,2.003333333333333,2.0533333333333337,2.01,2.0
2008-07-11,2.01,0.0,0.0,2.0036666666666667,2.0503333333333336,2.01,2.0
2008-07-12,2.01,0.0,0.0,2.004,2.0473333333333334,2.01,2.0
2008-07-13,2.01,0.0,0.0,2.0043333333333333,2.0443333333333333,2.01,2.0
2008-07-14,2.01,0.0,0.0,2.0046666666666666,2.041333333333333,2.01,2.0
2008-07-15,2.01,0.0,0.0,2.005,2.038333333333333,2.01,2.0
2008-07-16,2.01,0.0,0.0,2.005333333333333,2.0353333333333334,2.01,2.0
2008-07-17,2.01,0.0,0.0,2.0056666666666665,2.0323333333333333,2.01,2.0
2008-07-18,2.01,0.0,0.0,2.006,2.029333333333333,2.01,2.0
2008-07-19,2.01,0.0,0.0,2.006333333333333,2.0263333333333335,2.01,2.0
2008-07-20,2.01,0.0,0.0,2.0066666666666664,2.0233333333333334,2.01,2.0
2008-07-21,2.01,0.0,0.0,2.0069999999999997,2.0203333333333333,2.01,2.0
2008-07-22,2.01,0.0,0.0,2.007333333333333,2.017333333333333,2.01,2.0
2008-07-23,2.01,0.0,0.0,2.0076666666666663,2.014333333333333,2.01,2.0
2008-07-24,2.01,0.0,0.0,2.008,2.011333333333333,2.01,2.0
2008-07-25,2.01,0.0,0.0,2.0083333333333333,2.0083333333333333,2.01,2.0
2008-07-26,2.01,0.0,0.0,2.008666666666666,2.005333333333333,2.01,2.0
2008-07-27,2.01,0.0,0.0,2.009,2.002333333333333,2.01,2.0
2008-07-28,2.01,0.0,0.0,2.009333333333333,1.999333333333333,2.01,2.0
2008-07-29,2.01,0.0,0.0,2.0096666666666665,1.9963333333333333,2.01,2.0
2008-07-30,2.01,0.0,0.0,2.01,1.9966666666666666,2.01,2.0
2008-07-31,2.01,0.0,0.0,2.01,1.9969999999999999,2.01,2.01
2008-08-01,2.0,-0.009999999999999787,-0.004975124378109319,2.0096666666666665,1.997222222222222,2.01,2.01
2008-08-02,2.0,0.0,0.0,2.0093333333333327,1.9974444444444441,2.01,2.01
2008-08-03,2.0,0.0,0.0,2.009,1.9976666666666665,2.01,2.01
2008-08-04,2.0,0.0,0.0,2.008666666666666,1.9978888888888886,2.01,2.01
2008-08-05,2.0,0.0,0.0,2.0083333333333333,1.998111111111111,2.01,2.01
2008-08-06,2.0,0.0,0.0,2.008,1.9983333333333333,2.01,2.01
2008-08-07,2.0,0.0,0.0,2.0076666666666663,1.9985555555555552,2.01,2.01
2008-08-08,2.0,0.0,0.0,2.0073333333333334,1.9987777777777775,2.0,2.01
2008-08-09,2.0,0.0,0.0,2.0069999999999997,1.9989999999999997,2.0,2.01
2008-08-10,2.0,0.0,0.0,2.0066666666666664,1.999222222222222,2.0,2.01
2008-08-11,2.0,0.0,0.0,2.006333333333333,1.9994444444444444,2.0,2.01
2008-08-12,2.0,0.0,0.0,2.006,1.9996666666666663,2.0,2.01
2008-08-13,2.0,0.0,0.0,2.005666666666667,1.9998888888888886,2.0,2.01
2008-08-14,2.0,0.0,0.0,2.005333333333333,2.000111111111111,2.0,2.01
2008-08-15,2.0,0.0,0.0,2.005,2.000333333333333,2.0,2.01
2008-08-16,2.0,0.0,0.0,2.0046666666666666,2.000555555555555,2.0,2.01
2008-08-17,2.0,0.0,0.0,2.0043333333333333,2.0007777777777775,2.0,2.01
2008-08-18,2.0,0.0,0.0,2.0039999999999996,2.001,2.0,2.01
2008-08-19,2.0,0.0,0.0,2.0036666666666667,2.0012222222222222,2.0,2.01
2008-08-20,2.0,0.0,0.0,2.003333333333333,2.0014444444444446,2.0,2.01
2008-08-21,2.0,0.0,0.0,2.003,2.0016666666666665,2.0,2.01
2008-08-22,2.0,0.0,0.0,2.002666666666667,2.001888888888889,2.0,2.01
2008-08-23,2.0,0.0,0.0,2.002333333333333,2.0021111111111107,2.0,2.01
2008-08-24,2.0,0.0,0.0,2.0020000000000002,2.002333333333333,2.0,2.01
2008-08-25,2.0,0.0,0.0,2.0016666666666665,2.0025555555555554,2.0,2.01
2008-08-26,2.0,0.0,0.0,2.001333333333333,2.0027777777777773,2.0,2.01
2008-08-27,2.0,0.0,0.0,2.001,2.0029999999999997,2.0,2.01
2008-08-28,2.0,0.0,0.0,2.0006666666666666,2.003222222222222,2.0,2.01
2008-08-29,2.0,0.0,0.0,2.0003333333333333,2.0034444444444444,2.0,2.01
2008-08-30,2.0,0.0,0.0,2.0,2.0034444444444444,2.0,2.01
2008-08-31,2.0,0.0,0.0,2.0,2.0034444444444444,2.0,2.0
2008-09-01,1.81,-0.18999999999999995,-0.09499999999999997,1.9936666666666665,2.001333333333333,2.0,2.0
2008-09-02,1.81,0.0,0.0,1.9873333333333334,1.999222222222222,2.0,2.0
2008-09-03,1.81,0.0,0.0,1.9810000000000003,1.9971111111111108,2.0,2.0
2008-09-04,1.81,0.0,0.0,1.9746666666666668,1.9949999999999999,2.0,2.0
2008-09-05,1.81,0.0,0.0,1.9683333333333333,1.9928888888888887,2.0,2.0
2008-09-06,1.81,0.0,0.0,1.962,1.9907777777777775,2.0,2.0
2008-09-07,1.81,0.0,0.0,1.9556666666666664,1.9886666666666666,2.0,2.0
2008-09-08,1.81,0.0,0.0,1.9493333333333334,1.9865555555555554,1.81,2.0
2008-09-09,1.81,0.0,0.0,1.9430000000000003,1.9844444444444445,1.81,2.0
2008-09-10,1.81,0.0,0.0,1.9366666666666668,1.9823333333333333,1.81,2.0
2008-09-11,1.81,0.0,0.0,1.9303333333333332,1.980222222222222,1.81,2.0
2008-09-12,1.81,0.0,0.0,1.924,1.9781111111111107,1.81,2.0
2008-09-13,1.81,0.0,0.0,1.9176666666666664,1.9759999999999998,1.81,2.0
2008-09-14,1.81,0.0,0.0,1.9113333333333336,1.9738888888888886,1.81,2.0
2008-09-15,1.81,0.0,0.0,1.9050000000000002,1.9717777777777776,1.81,2.0
2008-09-16,1.81,0.0,0.0,1.898666666666667,1.9696666666666665,1.81,2.0
2008-09-17,1.81,0.0,0.0,1.8923333333333334,1.9675555555555553,1.81,2.0
2008-09-18,1.81,0.0,0.0,1.886,1.9654444444444443,1.81,2.0
2008-09-19,1.81,0.0,0.0,1.8796666666666666,1.9633333333333332,1.81,2.0
2008-09-20,1.81,0.0,0.0,1.8733333333333333,1.9612222222222222,1.81,2.0
2008-09-21,1.81,0.0,0.0,1.8670000000000002,1.959111111111111,1.81,2.0
2008-09-22,1.81,0.0,0.0,1.860666666666667,1.9569999999999999,1.81,2.0
2008-09-23,1.81,0.0,0.0,1.8543333333333334,1.954888888888889,1.81,2.0
2008-09-24,1.81,0.0,0.0,1.8479999999999999,1.9527777777777777,1.81,2.0
2008-09-25,1.81,0.0,0.0,1.8416666666666666,1.9506666666666663,1.81,2.0
2008-09-26,1.81,0.0,0.0,1.8353333333333333,1.9485555555555554,1.81,2.0
2008-09-27,1.81,0.0,0.0,1.8290000000000002,1.9464444444444442,1.81,2.0
2008-09-28,1.81,0.0,0.0,1.8226666666666669,1.944333333333333,1.81,2.0
2008-09-29,1.81,0.0,0.0,1.8163333333333334,1.9421111111111111,1.81,2.0
2008-09-30,1.81,0.0,0.0,1.81,1.939888888888889,1.81,2.0
2008-10-01,0.97,-0.8400000000000001,-0.4640883977900553,1.782,1.9283333333333332,1.81,1.81
2008-10-02,0.97,0.0,0.0,1.754,1.9167777777777777,1.81,1.81
2008-10-03,0.97,0.0,0.0,1.726,1.9052222222222222,1.81,1.81
2008-10-04,0.97,0.0,0.0,1.6980000000000002,1.8936666666666664,1.81,1.81
2008-10-05,0.97,0.0,0.0,1.6700000000000002,1.882111111111111,1.81,1.81
2008-10-06,0.97,0.0,0.0,1.642,1.8705555555555555,1.81,1.81
2008-10-07,0.97,0.0,0.0,1.614,1.8589999999999998,1.81,1.81
2008-10-08,0.97,0.0,0.0,1.5859999999999999,1.8474444444444442,0.97,1.81
2008-10-09,0.97,0.0,0.0,1.558,1.8358888888888887,0.97,1.81
2008-10-10,0.97,0.0,0.0,1.5300000000000002,1.8243333333333334,0.97,1.81
2008-10-11,0.97,0.0,0.0,1.502,1.8127777777777776,0.97,1.81
2008-10-12,0.97,0.0,0.0,1.474,1.8012222222222223,0.97,1.81
2008-10-13,0.97,0.0,0.0,1.4460000000000002,1.789666666666667,0.97,1.81
2008-10-14,0.97,0.0,0.0,1.418,1.7781111111111112,0.97,1.81
2008-10-15,0.97,0.0,0.0,1.39,1.7665555555555557,0.97,1.81
2008-10-16,0.97,0.0,0.0,1.3620000000000003,1.7550000000000001,0.97,1.81
2008-10-17,0.97,0.0,0.0,1.334,1.7434444444444444,0.97,1.81
2008-10-18,0.97,0.0,0.0,1.306,1.731888888888889,0.97,1.81
2008-10-19,0.97,0.0,0.0,1.2779999999999998,1.7203333333333335,0.97,1.81
2008-10-20,0.97,0.0,0.0,1.25,1.7087777777777777,0.97,1.81
2008-10-21,0.97,0.0,0.0,1.222,1.6972222222222222,0.97,1.81
2008-10-22,0.97,0.0,0.0,1.194,1.6856666666666666,0.97,1.81
2008-10-23,0.97,0.0,0.0,1.1660000000000001,1.6741111111111109,0.97,1.81
2008-10-24,0.97,0.0,0.0,1.1380000000000001,1.6625555555555556,0.97,1.81
2008-10-25,0.97,0.0,0.0,1.1099999999999999,1.651,0.97,1.81
2008-10-26,0.97,0.0,0.0,1.082,1.6394444444444445,0.97,1.81
2008-10-27,0.97,0.0,0.0,1.054,1.6278888888888887,0.97,1.81
2008-10-28,0.97,0.0,0.0,1.026,1.6163333333333334,0.97,1.81
2008-10-29,0.97,0.0,0.0,0.9979999999999999,1.6047777777777779,0.97,1.81
2008-10-30,0.97,0.0,0.0,0.97,1.5933333333333335,0.97,1.81
2008-10-31,0.97,0.0,0.0,0.97,1.581888888888889,0.97,0.97
2008-11-01,0.39,-0.58,-0.5979381443298969,0.9506666666666667,1.5640000000000003,0.97,0.97
2008-11-02,0.39,0.0,0.0,0.9313333333333333,1.5461111111111112,0.97,0.97
2008-11-03,0.39,0.0,0.0,0.9119999999999998,1.5282222222222224,0.97,0.97
2008-11-04,0.39,0.0,0.0,0.8926666666666666,1.5103333333333333,0.97,0.97
2008-11-05,0.39,0.0,0.0,0.8733333333333333,1.4924444444444447,0.97,0.97
2008-11-06,0.39,0.0,0.0,0.854,1.4745555555555556,0.97,0.97
2008-11-07,0.39,0.0,0.0,0.8346666666666667,1.456666666666667,0.97,0.97
2008-11-08,0.39,0.0,0.0,0.8153333333333334,1.438777777777778,0.39,0.97
2008-11-09,0.39,0.0,0.0,0.796,1.4208888888888889,0.39,0.97
2008-11-10,0.39,0.0,0.0,0.7766666666666666,1.403,0.39,0.97
2008-11-11,0.39,0.0,0.0,0.7573333333333333,1.3851111111111112,0.39,0.97
2008-11-12,0.39,0.0,0.0,0.738,1.3672222222222221,0.39,0.97
2008-11-13,0.39,0.0,0.0,0.7186666666666667,1.3493333333333333,0.39,0.97
2008-11-14,0.39,0.0,0.0,0.6993333333333334,1.3314444444444444,0.39,0.97
2008-11-15,0.39,0.0,0.0,0.68,1.3135555555555556,0.39,0.97
2008-11-16,0.39,0.0,0.0,0.6606666666666665,1.2956666666666667,0.39,0.97
2008-11-17,0.39,0.0,0.0,0.6413333333333333,1.2777777777777777,0.39,0.97
2008-11-18,0.39,0.0,0.0,0.622,1.2598888888888888,0.39,0.97
2008-11-19,0.39,0.0,0.0,0.6026666666666666,1.242,0.39,0.97
2008-11-20,0.39,0.0,0.0,0.5833333333333334,1.2241111111111111,0.39,0.97
2008-11-21,0.39,0.0,0.0,0.5640000000000001,1.2062222222222223,0.39,0.97
2008-11-22,0.39,0.0,0.0,0.5446666666666666,1.1883333333333335,0.39,0.97
2008-11-23,0.39,0.0,0.0,0.5253333333333334,1.1704444444444444,0.39,0.97
2008-11-24,0.39,0.0,0.0,0.506,1.1525555555555556,0.39,0.97
2008-11-25,0.39,0.0,0.0,0.48666666666666664,1.1346666666666667,0.39,0.97
2008-11-26,0.39,0.0,0.0,0.4673333333333334,1.1167777777777776,0.39,0.97
2008-11-27,0.39,0.0,0.0,0.448,1.0988888888888888,0.39,0.97
2008-11-28,0.39,0.0,0.0,0.42866666666666664,1.081,0.39,0.97
2008-11-29,0.39,0.0,0.0,0.4093333333333334,1.0631111111111111,0.39,0.97
2008-11-30,0.39,0.0,0.0,0.39,1.0473333333333332,0.39,0.97
2008-12-01,0.16,-0.23,-0.5897435897435898,0.3823333333333333,1.0290000000000001,0.39,0.39
2008-12-02,0.16,0.0,0.0,0.37466666666666665,1.0106666666666668,0.39,0.39
2008-12-03,0.16,0.0,0.0,0.367,0.9923333333333334,0.39,0.39
2008-12-04,0.16,0.0,0.0,0.35933333333333334,0.974,0.39,0.39
2008-12-05,0.16,0.0,0.0,0.3516666666666667,0.9556666666666668,0.39,0.39
2008-12-06,0.16,0.0,0.0,0.34400000000000003,0.9373333333333334,0.39,0.39
2008-12-07,0.16,0.0,0.0,0.3363333333333333,0.919,0.39,0.39
2008-12-08,0.16,0.0,0.0,0.3286666666666667,0.9006666666666667,0.16,0.39
2008-12-09,0.16,0.0,0.0,0.321,0.8823333333333333,0.16,0.39
2008-12-10,0.16,0.0,0.0,0.31333333333333335,0.8640000000000001,0.16,0.39
2008-12-11,0.16,0.0,0.0,0.3056666666666667,0.8456666666666667,0.16,0.39
2008-12-12,0.16,0.0,0.0,0.29800000000000004,0.8273333333333333,0.16,0.39
2008-12-13,0.16,0.0,0.0,0.2903333333333333,0.8089999999999998,0.16,0.39
2008-12-14,0.16,0.0,0.0,0.2826666666666667,0.7906666666666667,0.16,0.39
2008-12-15,0.16,0.0,0.0,0.275,0.7723333333333334,0.16,0.39
2008-12-16,0.16,0.0,0.0,0.2673333333333333,0.754,0.16,0.39
2008-12-17,0.16,0.0,0.0,0.25966666666666666,0.7356666666666666,0.16,0.39
2008-12-18,0.16,0.0,0.0,0.252,0.7173333333333334,0.16,0.39
2008-12-19,0.16,0.0,0.0,0.24433333333333335,0.6990000000000001,0.16,0.39
2008-12-20,0.16,0.0,0.0,0.2366666666666667,0.6806666666666666,0.16,0.39
2008-12-21,0.16,0.0,0.0,0.229,0.6623333333333333,0.16,0.39
2008-12-22,0.16,0.0,0.0,0.22133333333333335,0.644,0.16,0.39
2008-12-23,0.16,0.0,0.0,0.21366666666666667,0.6256666666666667,0.16,0.39
2008-12-24,0.16,0.0,0.0,0.206,0.6073333333333333,0.16,0.39
2008-12-25,0.16,0.0,0.0,0.19833333333333333,0.5890000000000001,0.16,0.39
2008-12-26,0.16,0.0,0.0,0.19066666666666668,0.5706666666666667,0.16,0.39
2008-12-27,0.16,0.0,0.0,0.183,0.5523333333333333,0.16,0.39
2008-12-28,0.16,0.0,0.0,0.17533333333333337,0.534,0.16,0.39
2008-12-29,0.16,0.0,0.0,0.16766666666666666,0.5156666666666667,0.16,0.39
2008-12-30,0.16,0.0,0.0,0.16,0.5066666666666667,0.16,0.39
2008-12-31,0.16,0.0,0.0,0.16,0.49766666666666676,0.16,0.16
2009-01-01,0.15,-0.010000000000000009,-0.0625,0.15966666666666668,0.4885555555555555,0.16,0.16
2009-01-02,0.15,0.0,0.0,0.1593333333333333,0.47944444444444445,0.16,0.16
2009-01-03,0.15,0.0,0.0,0.159,0.4703333333333333,0.16,0.16
2009-01-04,0.15,0.0,0.0,0.15866666666666668,0.4612222222222222,0.16,0.16
2009-01-05,0.15,0.0,0.0,0.15833333333333333,0.4521111111111112,0.16,0.16
2009-01-06,0.15,0.0,0.0,0.158,0.44300000000000006,0.16,0.16
2009-01-07,0.15,0.0,0.0,0.15766666666666665,0.4338888888888889,0.16,0.16
2009-01-08,0.15,0.0,0.0,0.15733333333333333,0.42477777777777775,0.15,0.16
2009-01-09,0.15,0.0,0.0,0.15700000000000003,0.41566666666666663,0.15,0.16
2009-01-10,0.15,0.0,0.0,0.15666666666666668,0.4065555555555556,0.15,0.16
2009-01-11,0.15,0.0,0.0,0.15633333333333335,0.3974444444444445,0.15,0.16
2009-01-12,0.15,0.0,0.0,0.156,0.38833333333333336,0.15,0.16
2009-01-13,0.15,0.0,0.0,0.15566666666666668,0.37922222222222224,0.15,0.16
2009-01-14,0.15,0.0,0.0,0.1553333333333333,0.37011111111111106,0.15,0.16
2009-01-15,0.15,0.0,0.0,0.155,0.36100000000000004,0.15,0.16
2009-01-16,0.15,0.0,0.0,0.15466666666666667,0.35188888888888886,0.15,0.16
2009-01-17,0.15,0.0,0.0,0.15433333333333332,0.3427777777777778,0.15,0.16
2009-01-18,0.15,0.0,0.0,0.154,0.33366666666666667,0.15,0.16
2009-01-19,0.15,0.0,0.0,0.15366666666666665,0.32455555555555554,0.15,0.16
2009-01-20,0.15,0.0,0.0,0.15333333333333332,0.31544444444444447,0.15,0.16
2009-01-21,0.15,0.0,0.0,0.153,0.30633333333333335,0.15,0.16
2009-01-22,0.15,0.0,0.0,0.15266666666666667,0.2972222222222222,0.15,0.16
2009-01-23,0.15,0.0,0.0,0.15233333333333335,0.2881111111111111,0.15,0.16
2009-01-24,0.15,0.0,0.0,0.152,0.279,0.15,0.16
2009-01-25,0.15,0.0,0.0,0.15166666666666667,0.2698888888888889,0.15,0.16
2009-01-26,0.15,0.0,0.0,0.15133333333333335,0.2607777777777778,0.15,0.16
2009-01-27,0.15,0.0,0.0,0.15099999999999997,0.2516666666666667,0.15,0.16
2009-01-28,0.15,0.0,0.0,0.15066666666666667,0.24255555555555552,0.15,0.16
2009-01-29,0.15,0.0,0.0,0.15033333333333332,0.23344444444444445,0.15,0.16
2009-01-30,0.15,0.0,0.0,0.15,0.23077777777777778,0.15,0.16
2009-01-31,0.15,0.0,0.0,0.15,0.2281111111111111,0.15,0.15
2009-02-01,0.22,0.07,0.4666666666666668,0.15233333333333335,0.22622222222222227,0.15,0.15
2009-02-02,0.22,0.0,0.0,0.15466666666666665,0.22433333333333336,0.15,0.15
2009-02-03,0.22,0.0,0.0,0.15699999999999997,0.22244444444444444,0.15,0.15
2009-02-04,0.22,0.0,0.0,0.15933333333333335,0.22055555555555556,0.15,0.15
2009-02-05,0.22,0.0,0.0,0.16166666666666665,0.21866666666666668,0.15,0.15
2009-02-06,0.22,0.0,0.0,0.164,0.21677777777777776,0.15,0.15
2009-02-07,0.22,0.0,0.0,0.16633333333333333,0.21488888888888888,0.15,0.15
2009-02-08,0.22,0.0,0.0,0.16866666666666666,0.21300000000000002,0.22,0.15
2009-02-09,0.22,0.0,0.0,0.17099999999999999,0.2111111111111111,0.22,0.15
2009-02-10,0.22,0.0,0.0,0.1733333333333333,0.20922222222222225,0.22,0.15
2009-02-11,0.22,0.0,0.0,0.1756666666666667,0.20733333333333334,0.22,0.15
2009-02-12,0.22,0.0,0.0,0.178,0.20544444444444443,0.22,0.15
2009-02-13,0.22,0.0,0.0,0.18033333333333335,0.20355555555555555,0.22,0.15
2009-02-14,0.22,0.0,0.0,0.18266666666666667,0.2016666666666667,0.22,0.15
2009-02-15,0.22,0.0,0.0,0.185,0.19977777777777778,0.22,0.15
2009-02-16,0.22,0.0,0.0,0.18733333333333332,0.19788888888888892,0.22,0.15
2009-02-17,0.22,0.0,0.0,0.18966666666666665,0.196,0.22,0.15
2009-02-18,0.22,0.0,0.0,0.19200000000000003,0.1941111111111111,0.22,0.15
2009-02-19,0.22,0.0,0.0,0.19433333333333333,0.19222222222222218,0.22,0.15
2009-02-20,0.22,0.0,0.0,0.19666666666666666,0.19033333333333333,0.22,0.15
2009-02-21,0.22,0.0,0.0,0.19899999999999998,0.18844444444444444,0.22,0.15
2009-02-22,0.22,0.0,0.0,0.20133333333333334,0.18655555555555556,0.22,0.15
2009-02-23,0.22,0.0,0.0,0.2036666666666667,0.18466666666666667,0.22,0.15
2009-02-24,0.22,0.0,0.0,0.206,0.18277777777777776,0.22,0.15
2009-02-25,0.22,0.0,0.0,0.20833333333333334,0.18088888888888885,0.22,0.15
2009-02-26,0.22,0.0,0.0,0.21066666666666667,0.179,0.22,0.15
2009-02-27,0.22,0.0,0.0,0.213,0.1771111111111111,0.22,0.15
2009-02-28,0.22,0.0,0.0,0.21533333333333332,0.17522222222222222,0.22,0.15
2009-03-01,0.18,-0.04000000000000001,-0.18181818181818188,0.21633333333333335,0.17544444444444446,0.22,0.15
2009-03-02,0.18,0.0,0.0,0.21733333333333332,0.17566666666666667,0.22,0.15
2009-03-03,0.18,0.0,0.0,0.216,0.1758888888888889,0.22,0.22
2009-03-04,0.18,0.0,0.0,0.21466666666666667,0.1761111111111111,0.22,0.22
2009-03-05,0.18,0.0,0.0,0.21333333333333335,0.17633333333333334,0.22,0.22
2009-03-06,0.18,0.0,0.0,0.212,0.17655555555555555,0.22,0.22
2009-03-07,0.18,0.0,0.0,0.21066666666666667,0.17677777777777778,0.22,0.22
2009-03-08,0.18,0.0,0.0,0.20933333333333334,0.177,0.18,0.22
2009-03-09,0.18,0.0,0.0,0.208,0.17722222222222223,0.18,0.22
2009-03-10,0.18,0.0,0.0,0.20666666666666667,0.17744444444444443,0.18,0.22
2009-03-11,0.18,0.0,0.0,0.20533333333333334,0.17766666666666664,0.18,0.22
2009-03-12,0.18,0.0,0.0,0.20400000000000001,0.17788888888888887,0.18,0.22
2009-03-13,0.18,0.0,0.0,0.20266666666666666,0.17811111111111114,0.18,0.22
2009-03-14,0.18,0.0,0.0,0.20133333333333334,0.17833333333333334,0.18,0.22
2009-03-15,0.18,0.0,0.0,0.2,0.17855555555555555,0.18,0.22
2009-03-16,0.18,0.0,0.0,0.19866666666666663,0.17877777777777779,0.18,0.22
2009-03-17,0.18,0.0,0.0,0.19733333333333333,0.179,0.18,0.22
2009-03-18,0.18,0.0,0.0,0.196,0.1792222222222222,0.18,0.22
2009-03-19,0.18,0.0,0.0,0.19466666666666665,0.17944444444444443,0.18,0.22
2009-03-20,0.18,0.0,0.0,0.19333333333333333,0.17966666666666664,0.18,0.22
2009-03-21,0.18,0.0,0.0,0.192,0.17988888888888888,0.18,0.22
2009-03-22,0.18,0.0,0.0,0.19066666666666665,0.1801111111111111,0.18,0.22
2009-03-23,0.18,0.0,0.0,0.18933333333333335,0.18033333333333335,0.18,0.22
2009-03-24,0.18,0.0,0.0,0.188,0.18055555555555555,0.18,0.22
2009-03-25,0.18,0.0,0.0,0.18666666666666665,0.18077777777777776,0.18,0.22
2009-03-26,0.18,0.0,0.0,0.18533333333333335,0.181,0.18,0.22
2009-03-27,0.18,0.0,0.0,0.184,0.1812222222222222,0.18,0.22
2009-03-28,0.18,0.0,0.0,0.18266666666666664,0.18144444444444444,0.18,0.22
2009-03-29,0.18,0.0,0.0,0.18133333333333332,0.18166666666666664,0.18,0.22
2009-03-30,0.18,0.0,0.0,0.18,0.18188888888888885,0.18,0.22
2009-03-31,0.18,0.0,0.0,0.18,0.18211111111111108,0.18,0.18
2009-04-01,0.15,-0.03,-0.16666666666666663,0.179,0.1821111111111111,0.18,0.18
2009-04-02,0.15,0.0,0.0,0.178,0.1821111111111111,0.18,0.18
2009-04-03,0.15,0.0,0.0,0.177,0.18211111111111108,0.18,0.18
2009-04-04,0.15,0.0,0.0,0.176,0.1821111111111111,0.18,0.18
2009-04-05,0.15,0.0,0.0,0.175,0.18211111111111108,0.18,0.18
2009-04-06,0.15,0.0,0.0,0.174,0.1821111111111111,0.18,0.18
2009-04-07,0.15,0.0,0.0,0.173,0.1821111111111111,0.18,0.18
2009-04-08,0.15,0.0,0.0,0.17200000000000001,0.18211111111111108,0.15,0.18
2009-04-09,0.15,0.0,0.0,0.17099999999999996,0.1821111111111111,0.15,0.18
2009-04-10,0.15,0.0,0.0,0.16999999999999998,0.18211111111111108,0.15,0.18
2009-04-11,0.15,0.0,0.0,0.169,0.1821111111111111,0.15,0.18
2009-04-12,0.15,0.0,0.0,0.168,0.1821111111111111,0.15,0.18
2009-04-13,0.15,0.0,0.0,0.16699999999999998,0.18211111111111108,0.15,0.18
2009-04-14,0.15,0.0,0.0,0.16599999999999998,0.1821111111111111,0.15,0.18
2009-04-15,0.15,0.0,0.0,0.165,0.18211111111111108,0.15,0.18
2009-04-16,0.15,0.0,0.0,0.164,0.1821111111111111,0.15,0.18
2009-04-17,0.15,0.0,0.0,0.16299999999999998,0.1821111111111111,0.15,0.18
2009-04-18,0.15,0.0,0.0,0.162,0.18211111111111108,0.15,0.18
2009-04-19,0.15,0.0,0.0,0.16099999999999998,0.1821111111111111,0.15,0.18
2009-04-20,0.15,0.0,0.0,0.16,0.18211111111111108,0.15,0.18
2009-04-21,0.15,0.0,0.0,0.159,0.1821111111111111,0.15,0.18
2009-04-22,0.15,0.0,0.0,0.15799999999999997,0.1821111111111111,0.15,0.18
2009-04-23,0.15,0.0,0.0,0.157,0.18211111111111108,0.15,0.18
2009-04-24,0.15,0.0,0.0,0.156,0.1821111111111111,0.15,0.18
2009-04-25,0.15,0.0,0.0,0.15499999999999997,0.1821111111111111,0.15,0.18
2009-04-26,0.15,0.0,0.0,0.154,0.1821111111111111,0.15,0.18
2009-04-27,0.15,0.0,0.0,0.153,0.1821111111111111,0.15,0.18
2009-04-28,0.15,0.0,0.0,0.15200000000000002,0.18211111111111108,0.15,0.18
2009-04-29,0.15,0.0,0.0,0.15099999999999997,0.1821111111111111,0.15,0.18
2009-04-30,0.15,0.0,0.0,0.15,0.1821111111111111,0.15,0.18
2009-05-01,0.18,0.03,0.19999999999999996,0.15099999999999997,0.18244444444444444,0.15,0.15
2009-05-02,0.18,0.0,0.0,0.15200000000000002,0.182,0.15,0.15
2009-05-03,0.18,0.0,0.0,0.153,0.18155555555555553,0.15,0.15
2009-05-04,0.18,0.0,0.0,0.15399999999999997,0.1811111111111111,0.15,0.15
2009-05-05,0.18,0.0,0.0,0.155,0.1806666666666667,0.15,0.15
2009-05-06,0.18,0.0,0.0,0.156,0.18022222222222226,0.15,0.15
2009-05-07,0.18,0.0,0.0,0.157,0.1797777777777778,0.15,0.15
2009-05-08,0.18,0.0,0.0,0.15799999999999997,0.17933333333333334,0.18,0.15
2009-05-09,0.18,0.0,0.0,0.159,0.17888888888888888,0.18,0.15
2009-05-10,0.18,0.0,0.0,0.16,0.17844444444444443,0.18,0.15
2009-05-11,0.18,0.0,0.0,0.16099999999999998,0.178,0.18,0.15
2009-05-12,0.18,0.0,0.0,0.162,0.17755555555555555,0.18,0.15
2009-05-13,0.18,0.0,0.0,0.16299999999999998,0.17711111111111114,0.18,0.15
2009-05-14,0.18,0.0,0.0,0.164,0.17666666666666667,0.18,0.15
2009-05-15,0.18,0.0,0.0,0.165,0.17622222222222222,0.18,0.15
2009-05-16,0.18,0.0,0.0,0.16599999999999998,0.17577777777777778,0.18,0.15
2009-05-17,0.18,0.0,0.0,0.16699999999999998,0.1753333333333333,0.18,0.15
2009-05-18,0.18,0.0,0.0,0.168,0.17488888888888887,0.18,0.15
2009-05-19,0.18,0.0,0.0,0.169,0.17444444444444443,0.18,0.15
2009-05-20,0.18,0.0,0.0,0.16999999999999998,0.174,0.18,0.15
2009-05-21,0.18,0.0,0.0,0.17099999999999996,0.17355555555555555,0.18,0.15
2009-05-22,0.18,0.0,0.0,0.17200000000000001,0.1731111111111111,0.18,0.15
2009-05-23,0.18,0.0,0.0,0.173,0.17266666666666666,0.18,0.15
2009-05-24,0.18,0.0,0.0,0.174,0.1722222222222222,0.18,0.15
2009-05-25,0.18,0.0,0.0,0.175,0.17177777777777778,0.18,0.15
2009-05-26,0.18,0.0,0.0,0.176,0.17133333333333334,0.18,0.15
2009-05-27,0.18,0.0,0.0,0.177,0.1708888888888889,0.18,0.15
2009-05-28,0.18,0.0,0.0,0.178,0.17044444444444445,0.18,0.15
2009-05-29,0.18,0.0,0.0,0.179,0.16999999999999998,0.18,0.15
2009-05-30,0.18,0.0,0.0,0.18,0.16999999999999998,0.18,0.15
2009-05-31,0.18,0.0,0.0,0.18,0.16999999999999998,0.18,0.18
2009-06-01,0.21,0.03,0.16666666666666674,0.181,0.17033333333333334,0.18,0.18
2009-06-02,0.21,0.0,0.0,0.182,0.17066666666666666,0.18,0.18
2009-06-03,0.21,0.0,0.0,0.183,0.171,0.18,0.18
2009-06-04,0.21,0.0,0.0,0.18400000000000002,0.1713333333333333,0.18,0.18
2009-06-05,0.21,0.0,0.0,0.185,0.17166666666666666,0.18,0.18
2009-06-06,0.21,0.0,0.0,0.186,0.172,0.18,0.18
2009-06-07,0.21,0.0,0.0,0.187,0.17233333333333334,0.18,0.18
2009-06-08,0.21,0.0,0.0,0.188,0.17266666666666666,0.21,0.18
2009-06-09,0.21,0.0,0.0,0.189,0.17300000000000001,0.21,0.18
2009-06-10,0.21,0.0,0.0,0.19,0.1733333333333333,0.21,0.18
2009-06-11,0.21,0.0,0.0,0.19099999999999998,0.17366666666666666,0.21,0.18
2009-06-12,0.21,0.0,0.0,0.192,0.174,0.21,0.18
2009-06-13,0.21,0.0,0.0,0.193,0.17433333333333334,0.21,0.18
2009-06-14,0.21,0.0,0.0,0.19399999999999998,0.17466666666666666,0.21,0.18
2009-06-15,0.21,0.0,0.0,0.19499999999999998,0.175,0.21,0.18
2009-06-16,0.21,0.0,0.0,0.196,0.1753333333333333,0.21,0.18
2009-06-17,0.21,0.0,0.0,0.19699999999999998,0.17566666666666667,0.21,0.18
2009-06-18,0.21,0.0,0.0,0.19799999999999998,0.176,0.21,0.18
2009-06-19,0.21,0.0,0.0,0.19899999999999998,0.17633333333333331,0.21,0.18
2009-06-20,0.21,0.0,0.0,0.19999999999999998,0.17666666666666667,0.21,0.18
2009-06-21,0.21,0.0,0.0,0.20099999999999998,0.177,0.21,0.18
2009-06-22,0.21,0.0,0.0,0.20199999999999999,0.17733333333333334,0.21,0.18
2009-06-23,0.21,0.0,0.0,0.20299999999999999,0.17766666666666664,0.21,0.18
2009-06-24,0.21,0.0,0.0,0.204,0.178,0.21,0.18
2009-06-25,0.21,0.0,0.0,0.205,0.17833333333333334,0.21,0.18
2009-06-26,0.21,0.0,0.0,0.206,0.17866666666666664,0.21,0.18
2009-06-27,0.21,0.0,0.0,0.20699999999999996,0.179,0.21,0.18
2009-06-28,0.21,0.0,0.0,0.20800000000000002,0.17933333333333334,0.21,0.18
2009-06-29,0.21,0.0,0.0,0.20900000000000002,0.17966666666666664,0.21,0.18
2009-06-30,0.21,0.0,0.0,0.21,0.18033333333333335,0.21,0.18
2009-07-01,0.16,-0.04999999999999999,-0.23809523809523803,0.20833333333333331,0.18044444444444444,0.21,0.21
2009-07-02,0.16,0.0,0.0,0.20666666666666664,0.18055555555555555,0.21,0.21
2009-07-03,0.16,0.0,0.0,0.205,0.1806666666666667,0.21,0.21
2009-07-04,0.16,0.0,0.0,0.2033333333333333,0.18077777777777776,0.21,0.21
2009-07-05,0.16,0.0,0.0,0.20166666666666666,0.1808888888888889,0.21,0.21
2009-07-06,0.16,0.0,0.0,0.2,0.181,0.21,0.21
2009-07-07,0.16,0.0,0.0,0.1983333333333333,0.1811111111111111,0.21,0.21
2009-07-08,0.16,0.0,0.0,0.19666666666666666,0.18122222222222226,0.16,0.21
2009-07-09,0.16,0.0,0.0,0.19499999999999998,0.18133333333333335,0.16,0.21
2009-07-10,0.16,0.0,0.0,0.19333333333333333,0.18144444444444444,0.16,0.21
2009-07-11,0.16,0.0,0.0,0.19166666666666668,0.18155555555555553,0.16,0.21
2009-07-12,0.16,0.0,0.0,0.19,0.18166666666666664,0.16,0.21
2009-07-13,0.16,0.0,0.0,0.18833333333333335,0.18177777777777776,0.16,0.21
2009-07-14,0.16,0.0,0.0,0.18666666666666665,0.18188888888888885,0.16,0.21
2009-07-15,0.16,0.0,0.0,0.185,0.182,0.16,0.21
2009-07-16,0.16,0.0,0.0,0.18333333333333332,0.18211111111111108,0.16,0.21
2009-07-17,0.16,0.0,0.0,0.18166666666666667,0.1822222222222222,0.16,0.21
2009-07-18,0.16,0.0,0.0,0.18000000000000002,0.18233333333333335,0.16,0.21
2009-07-19,0.16,0.0,0.0,0.17833333333333334,0.18244444444444444,0.16,0.21
2009-07-20,0.16,0.0,0.0,0.17666666666666667,0.18255555555555555,0.16,0.21
2009-07-21,0.16,0.0,0.0,0.175,0.18266666666666664,0.16,0.21
2009-07-22,0.16,0.0,0.0,0.17333333333333334,0.18277777777777776,0.16,0.21
2009-07-23,0.16,0.0,0.0,0.1716666666666667,0.1828888888888889,0.16,0.21
2009-07-24,0.16,0.0,0.0,0.17,0.183,0.16,0.21
2009-07-25,0.16,0.0,0.0,0.16833333333333336,0.1831111111111111,0.16,0.21
2009-07-26,0.16,0.0,0.0,0.16666666666666666,0.1832222222222222,0.16,0.21
2009-07-27,0.16,0.0,0.0,0.165,0.18333333333333332,0.16,0.21
2009-07-28,0.16,0.0,0.0,0.16333333333333336,0.18344444444444447,0.16,0.21
2009-07-29,0.16,0.0,0.0,0.16166666666666665,0.18355555555555556,0.16,0.21
2009-07-30,0.16,0.0,0.0,0.16,0.18333333333333332,0.16,0.21
2009-07-31,0.16,0.0,0.0,0.16,0.1831111111111111,0.16,0.16
2009-08-01,0.16,0.0,0.0,0.16,0.1828888888888889,0.16,0.16
2009-08-02,0.16,0.0,0.0,0.16,0.18266666666666667,0.16,0.16
2009-08-03,0.16,0.0,0.0,0.16,0.18244444444444446,0.16,0.16
2009-08-04,0.16,0.0,0.0,0.16,0.18222222222222226,0.16,0.16
2009-08-05,0.16,0.0,0.0,0.16,0.182,0.16,0.16
2009-08-06,0.16,0.0,0.0,0.16,0.18177777777777776,0.16,0.16
2009-08-07,0.16,0.0,0.0,0.16,0.18155555555555555,0.16,0.16
2009-08-08,0.16,0.0,0.0,0.16,0.1813333333333333,0.16,0.16
2009-08-09,0.16,0.0,0.0,0.16,0.18111111111111108,0.16,0.16
2009-08-10,0.16,0.0,0.0,0.16,0.18088888888888885,0.16,0.16
2009-08-11,0.16,0.0,0.0,0.16,0.18066666666666664,0.16,0.16
2009-08-12,0.16,0.0,0.0,0.16,0.18044444444444444,0.16,0.16
2009-08-13,0.16,0.0,0.0,0.16,0.1802222222222222,0.16,0.16
2009-08-14,0.16,0.0,0.0,0.16,0.18,0.16,0.16
2009-08-15,0.16,0.0,0.0,0.16,0.1797777777777778,0.16,0.16
2009-08-16,0.16,0.0,0.0,0.16,0.17955555555555555,0.16,0.16
2009-08-17,0.16,0.0,0.0,0.16,0.17933333333333334,0.16,0.16
2009-08-18,0.16,0.0,0.0,0.16,0.17911111111111108,0.16,0.16
2009-08-19,0.16,0.0,0.0,0.16,0.17888888888888888,0.16,0.16
2009-08-20,0.16,0.0,0.0,0.16,0.17866666666666664,0.16,0.16
2009-08-21,0.16,0.0,0.0,0.16,0.17844444444444443,0.16,0.16
2009-08-22,0.16,0.0,0.0,0.16,0.17822222222222223,0.16,0.16
2009-08-23,0.16,0.0,0.0,0.16,0.178,0.16,0.16
2009-08-24,0.16,0.0,0.0,0.16,0.17777777777777776,0.16,0.16
2009-08-25,0.16,0.0,0.0,0.16,0.17755555555555555,0.16,0.16
2009-08-26,0.16,0.0,0.0,0.16,0.17733333333333332,0.16,0.16
2009-08-27,0.16,0.0,0.0,0.16,0.1771111111111111,0.16,0.16
2009-08-28,0.16,0.0,0.0,0.16,0.1768888888888889,0.16,0.16
2009-08-29,0.16,0.0,0.0,0.16,0.17666666666666667,0.16,0.16
2009-08-30,0.16,0.0,0.0,0.16,0.1761111111111111,0.16,0.16
2009-08-31,0.16,0.0,0.0,0.16,0.17555555555555558,0.16,0.16
2009-09-01,0.15,-0.010000000000000009,-0.0625,0.15966666666666668,0.1748888888888889,0.16,0.16
2009-09-02,0.15,0.0,0.0,0.15933333333333335,0.17422222222222225,0.16,0.16
2009-09-03,0.15,0.0,0.0,0.159,0.17355555555555555,0.16,0.16
2009-09-04,0.15,0.0,0.0,0.15866666666666665,0.1728888888888889,0.16,0.16
2009-09-05,0.15,0.0,0.0,0.15833333333333333,0.17222222222222222,0.16,0.16
2009-09-06,0.15,0.0,0.0,0.15799999999999997,0.17155555555555557,0.16,0.16
2009-09-07,0.15,0.0,0.0,0.15766666666666668,0.1708888888888889,0.16,0.16
2009-09-08,0.15,0.0,0.0,0.15733333333333335,0.17022222222222222,0.15,0.16
2009-09-09,0.15,0.0,0.0,0.157,0.16955555555555554,0.15,0.16
2009-09-10,0.15,0.0,0.0,0.15666666666666668,0.1688888888888889,0.15,0.16
2009-09-11,0.15,0.0,0.0,0.15633333333333332,0.16822222222222222,0.15,0.16
2009-09-12,0.15,0.0,0.0,0.156,0.16755555555555554,0.15,0.16
2009-09-13,0.15,0.0,0.0,0.15566666666666668,0.1668888888888889,0.15,0.16
2009-09-14,0.15,0.0,0.0,0.15533333333333335,0.16622222222222222,0.15,0.16
2009-09-15,0.15,0.0,0.0,0.155,0.16555555555555557,0.15,0.16
2009-09-16,0.15,0.0,0.0,0.15466666666666665,0.1648888888888889,0.15,0.16
2009-09-17,0.15,0.0,0.0,0.15433333333333332,0.16422222222222221,0.15,0.16
2009-09-18,0.15,0.0,0.0,0.154,0.16355555555555554,0.15,0.16
2009-09-19,0.15,0.0,0.0,0.15366666666666665,0.1628888888888889,0.15,0.16
2009-09-20,0.15,0.0,0.0,0.15333333333333335,0.1622222222222222,0.15,0.16
2009-09-21,0.15,0.0,0.0,0.153,0.16155555555555556,0.15,0.16
2009-09-22,0.15,0.0,0.0,0.15266666666666667,0.1608888888888889,0.15,0.16
2009-09-23,0.15,0.0,0.0,0.15233333333333335,0.1602222222222222,0.15,0.16
2009-09-24,0.15,0.0,0.0,0.152,0.15955555555555556,0.15,0.16
2009-09-25,0.15,0.0,0.0,0.15166666666666667,0.15888888888888889,0.15,0.16
2009-09-26,0.15,0.0,0.0,0.15133333333333335,0.15822222222222224,0.15,0.16
2009-09-27,0.15,0.0,0.0,0.151,0.15755555555555556,0.15,0.16
2009-09-28,0.15,0.0,0.0,0.15066666666666664,0.15688888888888888,0.15,0.16
2009-09-29,0.15,0.0,0.0,0.15033333333333332,0.15677777777777777,0.15,0.16
2009-09-30,0.15,0.0,0.0,0.15,0.15666666666666668,0.15,0.16
2009-10-01,0.12,-0.03,-0.19999999999999996,0.14900000000000002,0.1562222222222222,0.15,0.15
2009-10-02,0.12,0.0,0.0,0.148,0.1557777777777778,0.15,0.15
2009-10-03,0.12,0.0,0.0,0.14699999999999996,0.15533333333333335,0.15,0.15
2009-10-04,0.12,0.0,0.0,0.146,0.1548888888888889,0.15,0.15
2009-10-05,0.12,0.0,0.0,0.145,0.15444444444444444,0.15,0.15
2009-10-06,0.12,0.0,0.0,0.14400000000000002,0.154,0.15,0.15
2009-10-07,0.12,0.0,0.0,0.143,0.15355555555555556,0.15,0.15
2009-10-08,0.12,0.0,0.0,0.142,0.15311111111111111,0.12,0.15
2009-10-09,0.12,0.0,0.0,0.14100000000000001,0.15266666666666667,0.12,0.15
2009-10-10,0.12,0.0,0.0,0.13999999999999999,0.1522222222222222,0.12,0.15
2009-10-11,0.12,0.0,0.0,0.13899999999999998,0.1517777777777778,0.12,0.15
2009-10-12,0.12,0.0,0.0,0.13799999999999998,0.15133333333333332,0.12,0.15
2009-10-13,0.12,0.0,0.0,0.137,0.15088888888888888,0.12,0.15
2009-10-14,0.12,0.0,0.0,0.136,0.15044444444444444,0.12,0.15
2009-10-15,0.12,0.0,0.0,0.13499999999999998,0.15,0.12,0.15
2009-10-16,0.12,0.0,0.0,0.13399999999999998,0.14955555555555555,0.12,0.15
2009-10-17,0.12,0.0,0.0,0.13299999999999998,0.1491111111111111,0.12,0.15
2009-10-18,0.12,0.0,0.0,0.132,0.14866666666666667,0.12,0.15
2009-10-19,0.12,0.0,0.0,0.131,0.14822222222222223,0.12,0.15
2009-10-20,0.12,0.0,0.0,0.13,0.14777777777777779,0.12,0.15
2009-10-21,0.12,0.0,0.0,0.12899999999999998,0.14733333333333334,0.12,0.15
2009-10-22,0.12,0.0,0.0,0.128,0.14688888888888887,0.12,0.15
2009-10-23,0.12,0.0,0.0,0.127,0.14644444444444443,0.12,0.15
2009-10-24,0.12,0.0,0.0,0.126,0.146,0.12,0.15
2009-10-25,0.12,0.0,0.0,0.125,0.14555555555555555,0.12,0.15
2009-10-26,0.12,0.0,0.0,0.12399999999999999,0.1451111111111111,0.12,0.15
2009-10-27,0.12,0.0,0.0,0.123,0.14466666666666667,0.12,0.15
2009-10-28,0.12,0.0,0.0,0.12199999999999998,0.14422222222222222,0.12,0.15
2009-10-29,0.12,0.0,0.0,0.121,0.14377777777777778,0.12,0.15
2009-10-30,0.12,0.0,0.0,0.12,0.14333333333333334,0.12,0.15
2009-10-31,0.12,0.0,0.0,0.12,0.14288888888888887,0.12,0.12
2009-11-01,0.12,0.0,0.0,0.12,0.14244444444444446,0.12,0.12
2009-11-02,0.12,0.0,0.0,0.12,0.142,0.12,0.12
2009-11-03,0.12,0.0,0.0,0.12,0.14155555555555555,0.12,0.12
2009-11-04,0.12,0.0,0.0,0.12,0.1411111111111111,0.12,0.12
2009-11-05,0.12,0.0,0.0,0.12,0.14066666666666666,0.12,0.12
2009-11-06,0.12,0.0,0.0,0.12,0.14022222222222222,0.12,0.12
2009-11-07,0.12,0.0,0.0,0.12,0.13977777777777775,0.12,0.12
2009-11-08,0.12,0.0,0.0,0.12,0.13933333333333334,0.12,0.12
2009-11-09,0.12,0.0,0.0,0.12,0.13888888888888887,0.12,0.12
2009-11-10,0.12,0.0,0.0,0.12,0.13844444444444445,0.12,0.12
2009-11-11,0.12,0.0,0.0,0.12,0.138,0.12,0.12
2009-11-12,0.12,0.0,0.0,0.12,0.13755555555555557,0.12,0.12
2009-11-13,0.12,0.0,0.0,0.12,0.1371111111111111,0.12,0.12
2009-11-14,0.12,0.0,0.0,0.12,0.1366666666666667,0.12,0.12
2009-11-15,0.12,0.0,0.0,0.12,0.13622222222222222,0.12,0.12
2009-11-16,0.12,0.0,0.0,0.12,0.13577777777777778,0.12,0.12
2009-11-17,0.12,0.0,0.0,0.12,0.13533333333333333,0.12,0.12
2009-11-18,0.12,0.0,0.0,0.12,0.13488888888888886,0.12,0.12
2009-11-19,0.12,0.0,0.0,0.12,0.13444444444444445,0.12,0.12
2009-11-20,0.12,0.0,0.0,0.12,0.13399999999999998,0.12,0.12
2009-11-21,0.12,0.0,0.0,0.12,0.13355555555555554,0.12,0.12
2009-11-22,0.12,0.0,0.0,0.12,0.13311111111111112,0.12,0.12
2009-11-23,0.12,0.0,0.0,0.12,0.13266666666666665,0.12,0.12
2009-11-24,0.12,0.0,0.0,0.12,0.1322222222222222,0.12,0.12
2009-11-25,0.12,0.0,0.0,0.12,0.13177777777777777,0.12,0.12
2009-11-26,0.12,0.0,0.0,0.12,0.13133333333333333,0.12,0.12
2009-11-27,0.12,0.0,0.0,0.12,0.1308888888888889,0.12,0.12
2009-11-28,0.12,0.0,0.0,0.12,0.13044444444444445,0.12,0.12
2009-11-29,0.12,0.0,0.0,0.12,0.13,0.12,0.12
2009-11-30,0.12,0.0,0.0,0.12,0.12966666666666665,0.12,0.12
2009-12-01,0.12,0.0,0.0,0.12,0.12933333333333333,0.12,0.12
2009-12-02,0.12,0.0,0.0,0.12,0.129,0.12,0.12
2009-12-03,0.12,0.0,0.0,0.12,0.12866666666666668,0.12,0.12
2009-12-04,0.12,0.0,0.0,0.12,0.12833333333333333,0.12,0.12
2009-12-05,0.12,0.0,0.0,0.12,0.128,0.12,0.12
2009-12-06,0.12,0.0,0.0,0.12,0.12766666666666665,0.12,0.12
2009-12-07,0.12,0.0,0.0,0.12,0.12733333333333335,0.12,0.12
2009-12-08,0.12,0.0,0.0,0.12,0.127,0.12,0.12
2009-12-09,0.12,0.0,0.0,0.12,0.12666666666666665,0.12,0.12
2009-12-10,0.12,0.0,0.0,0.12,0.12633333333333333,0.12,0.12
2009-12-11,0.12,0.0,0.0,0.12,0.12599999999999997,0.12,0.12
2009-12-12,0.12,0.0,0.0,0.12,0.12566666666666668,0.12,0.12
2009-12-13,0.12,0.0,0.0,0.12,0.12533333333333332,0.12,0.12
2009-12-14,0.12,0.0,0.0,0.12,0.125,0.12,0.12
2009-12-15,0.12,0.0,0.0,0.12,0.12466666666666665,0.12,0.12
2009-12-16,0.12,0.0,0.0,0.12,0.12433333333333335,0.12,0.12
2009-12-17,0.12,0.0,0.0,0.12,0.124,0.12,0.12
2009-12-18,0.12,0.0,0.0,0.12,0.12366666666666666,0.12,0.12
2009-12-19,0.12,0.0,0.0,0.12,0.12333333333333332,0.12,0.12
2009-12-20,0.12,0.0,0.0,0.12,0.12299999999999998,0.12,0.12
2009-12-21,0.12,0.0,0.0,0.12,0.12266666666666667,0.12,0.12
2009-12-22,0.12,0.0,0.0,0.12,0.12233333333333334,0.12,0.12
2009-12-23,0.12,0.0,0.0,0.12,0.12200000000000001,0.12,0.12
2009-12-24,0.12,0.0,0.0,0.12,0.12166666666666666,0.12,0.12
2009-12-25,0.12,0.0,0.0,0.12,0.12133333333333331,0.12,0.12
2009-12-26,0.12,0.0,0.0,0.12,0.12100000000000001,0.12,0.12
2009-12-27,0.12,0.0,0.0,0.12,0.12066666666666666,0.12,0.12
2009-12-28,0.12,0.0,0.0,0.12,0.12033333333333333,0.12,0.12
2009-12-29,0.12,0.0,0.0,0.12,0.12,0.12,0.12
2009-12-30,0.12,0.0,0.0,0.12,0.12,0.12,0.12
2009-12-31,0.12,0.0,0.0,0.12,0.12,0.12,0.12
2010-01-01,0.11,-0.009999999999999995,-0.08333333333333326,0.11966666666666666,0.11988888888888888,0.12,0.12
2010-01-02,0.11,0.0,0.0,0.11933333333333333,0.11977777777777777,0.12,0.12
2010-01-03,0.11,0.0,0.0,0.119,0.11966666666666666,0.12,0.12
2010-01-04,0.11,0.0,0.0,0.11866666666666666,0.11955555555555555,0.12,0.12
2010-01-05,0.11,0.0,0.0,0.11833333333333333,0.11944444444444445,0.12,0.12
2010-01-06,0.11,0.0,0.0,0.11800000000000001,0.11933333333333333,0.12,0.12
2010-01-07,0.11,0.0,0.0,0.11766666666666666,0.1192222222222222,0.12,0.12
2010-01-08,0.11,0.0,0.0,0.11733333333333333,0.11911111111111111,0.11,0.12
2010-01-09,0.11,0.0,0.0,0.11699999999999999,0.119,0.11,0.12
2010-01-10,0.11,0.0,0.0,0.11666666666666667,0.11888888888888888,0.11,0.12
2010-01-11,0.11,0.0,0.0,0.11633333333333333,0.11877777777777777,0.11,0.12
2010-01-12,0.11,0.0,0.0,0.116,0.11866666666666667,0.11,0.12
2010-01-13,0.11,0.0,0.0,0.11566666666666665,0.11855555555555555,0.11,0.12
2010-01-14,0.11,0.0,0.0,0.11533333333333333,0.11844444444444445,0.11,0.12
2010-01-15,0.11,0.0,0.0,0.115,0.11833333333333333,0.11,0.12
2010-01-16,0.11,0.0,0.0,0.11466666666666667,0.11822222222222221,0.11,0.12
2010-01-17,0.11,0.0,0.0,0.11433333333333333,0.11811111111111113,0.11,0.12
2010-01-18,0.11,0.0,0.0,0.114,0.118,0.11,0.12
2010-01-19,0.11,0.0,0.0,0.11366666666666667,0.11788888888888888,0.11,0.12
2010-01-20,0.11,0.0,0.0,0.11333333333333333,0.11777777777777779,0.11,0.12
2010-01-21,0.11,0.0,0.0,0.11299999999999999,0.11766666666666667,0.11,0.12
2010-01-22,0.11,0.0,0.0,0.11266666666666668,0.11755555555555555,0.11,0.12
2010-01-23,0.11,0.0,0.0,0.11233333333333334,0.11744444444444443,0.11,0.12
2010-01-24,0.11,0.0,0.0,0.112,0.11733333333333335,0.11,0.12
2010-01-25,0.11,0.0,0.0,0.11166666666666665,0.11722222222222221,0.11,0.12
2010-01-26,0.11,0.0,0.0,0.11133333333333334,0.1171111111111111,0.11,0.12
2010-01-27,0.11,0.0,0.0,0.111,0.11699999999999999,0.11,0.12
2010-01-28,0.11,0.0,0.0,0.11066666666666666,0.11688888888888889,0.11,0.12
2010-01-29,0.11,0.0,0.0,0.11033333333333334,0.11677777777777777,0.11,0.12
2010-01-30,0.11,0.0,0.0,0.11,0.11666666666666667,0.11,0.12
2010-01-31,0.11,0.0,0.0,0.11,0.11655555555555555,0.11,0.11
2010-02-01,0.13,0.020000000000000004,0.18181818181818188,0.11066666666666666,0.11666666666666667,0.11,0.11
2010-02-02,0.13,0.0,0.0,0.11133333333333334,0.11677777777777777,0.11,0.11
2010-02-03,0.13,0.0,0.0,0.11200000000000002,0.11688888888888889,0.11,0.11
2010-02-04,0.13,0.0,0.0,0.11266666666666666,0.11699999999999999,0.11,0.11
2010-02-05,0.13,0.0,0.0,0.11333333333333333,0.11711111111111112,0.11,0.11
2010-02-06,0.13,0.0,0.0,0.11400000000000002,0.11722222222222221,0.11,0.11
2010-02-07,0.13,0.0,0.0,0.11466666666666667,0.11733333333333335,0.11,0.11
2010-02-08,0.13,0.0,0.0,0.11533333333333333,0.11744444444444445,0.13,0.11
2010-02-09,0.13,0.0,0.0,0.116,0.11755555555555555,0.13,0.11
2010-02-10,0.13,0.0,0.0,0.11666666666666668,0.11766666666666667,0.13,0.11
2010-02-11,0.13,0.0,0.0,0.11733333333333333,0.11777777777777777,0.13,0.11
2010-02-12,0.13,0.0,0.0,0.11800000000000001,0.11788888888888888,0.13,0.11
2010-02-13,0.13,0.0,0.0,0.11866666666666667,0.118,0.13,0.11
2010-02-14,0.13,0.0,0.0,0.11933333333333333,0.11811111111111113,0.13,0.11
2010-02-15,0.13,0.0,0.0,0.12000000000000001,0.11822222222222221,0.13,0.11
2010-02-16,0.13,0.0,0.0,0.12066666666666667,0.11833333333333333,0.13,0.11
2010-02-17,0.13,0.0,0.0,0.12133333333333333,0.11844444444444445,0.13,0.11
2010-02-18,0.13,0.0,0.0,0.12200000000000001,0.11855555555555555,0.13,0.11
2010-02-19,0.13,0.0,0.0,0.12266666666666667,0.11866666666666667,0.13,0.11
2010-02-20,0.13,0.0,0.0,0.12333333333333334,0.11877777777777777,0.13,0.11
2010-02-21,0.13,0.0,0.0,0.12399999999999999,0.1188888888888889,0.13,0.11
2010-02-22,0.13,0.0,0.0,0.12466666666666668,0.119,0.13,0.11
2010-02-23,0.13,0.0,0.0,0.12533333333333335,0.11911111111111111,0.13,0.11
2010-02-24,0.13,0.0,0.0,0.126,0.11922222222222223,0.13,0.11
2010-02-25,0.13,0.0,0.0,0.12666666666666665,0.11933333333333333,0.13,0.11
2010-02-26,0.13,0.0,0.0,0.12733333333333335,0.11944444444444445,0.13,0.11
2010-02-27,0.13,0.0,0.0,0.128,0.11955555555555555,0.13,0.11
2010-02-28,0.13,0.0,0.0,0.12866666666666665,0.11966666666666666,0.13,0.11
2010-03-01,0.16,0.03,0.23076923076923084,0.13033333333333333,0.12011111111111111,0.13,0.11
2010-03-02,0.16,0.0,0.0,0.132,0.12055555555555557,0.13,0.11
2010-03-03,0.16,0.0,0.0,0.133,0.12100000000000001,0.13,0.13
2010-03-04,0.16,0.0,0.0,0.13399999999999998,0.12144444444444444,0.13,0.13
2010-03-05,0.16,0.0,0.0,0.13499999999999998,0.12188888888888888,0.13,0.13
2010-03-06,0.16,0.0,0.0,0.136,0.12233333333333334,0.13,0.13
2010-03-07,0.16,0.0,0.0,0.137,0.12277777777777776,0.13,0.13
2010-03-08,0.16,0.0,0.0,0.13799999999999998,0.12322222222222222,0.16,0.13
2010-03-09,0.16,0.0,0.0,0.13899999999999998,0.12366666666666667,0.16,0.13
2010-03-10,0.16,0.0,0.0,0.14,0.12411111111111112,0.16,0.13
2010-03-11,0.16,0.0,0.0,0.14100000000000001,0.12455555555555556,0.16,0.13
2010-03-12,0.16,0.0,0.0,0.14200000000000002,0.125,0.16,0.13
2010-03-13,0.16,0.0,0.0,0.14300000000000004,0.12544444444444444,0.16,0.13
2010-03-14,0.16,0.0,0.0,0.144,0.12588888888888888,0.16,0.13
2010-03-15,0.16,0.0,0.0,0.145,0.12633333333333335,0.16,0.13
2010-03-16,0.16,0.0,0.0,0.146,0.12677777777777777,0.16,0.13
2010-03-17,0.16,0.0,0.0,0.147,0.1272222222222222,0.16,0.13
2010-03-18,0.16,0.0,0.0,0.14800000000000002,0.12766666666666668,0.16,0.13
2010-03-19,0.16,0.0,0.0,0.14900000000000002,0.1281111111111111,0.16,0.13
2010-03-20,0.16,0.0,0.0,0.15,0.12855555555555556,0.16,0.13
2010-03-21,0.16,0.0,0.0,0.151,0.129,0.16,0.13
2010-03-22,0.16,0.0,0.0,0.152,0.12944444444444445,0.16,0.13
2010-03-23,0.16,0.0,0.0,0.153,0.1298888888888889,0.16,0.13
2010-03-24,0.16,0.0,0.0,0.154,0.13033333333333333,0.16,0.13
2010-03-25,0.16,0.0,0.0,0.155,0.1307777777777778,0.16,0.13
2010-03-26,0.16,0.0,0.0,0.156,0.13122222222222224,0.16,0.13
2010-03-27,0.16,0.0,0.0,0.157,0.13166666666666668,0.16,0.13
2010-03-28,0.16,0.0,0.0,0.158,0.13211111111111112,0.16,0.13
2010-03-29,0.16,0.0,0.0,0.159,0.13255555555555557,0.16,0.13
2010-03-30,0.16,0.0,0.0,0.16,0.13299999999999998,0.16,0.13
2010-03-31,0.16,0.0,0.0,0.16,0.13344444444444445,0.16,0.16
2010-04-01,0.2,0.04000000000000001,0.25,0.16133333333333336,0.13444444444444445,0.16,0.16
2010-04-02,0.2,0.0,0.0,0.16266666666666665,0.13544444444444445,0.16,0.16
2010-04-03,0.2,0.0,0.0,0.164,0.13644444444444445,0.16,0.16
2010-04-04,0.2,0.0,0.0,0.16533333333333333,0.13744444444444445,0.16,0.16
2010-04-05,0.2,0.0,0.0,0.16666666666666666,0.13844444444444443,0.16,0.16
2010-04-06,0.2,0.0,0.0,0.16800000000000004,0.13944444444444445,0.16,0.16
2010-04-07,0.2,0.0,0.0,0.16933333333333334,0.14044444444444446,0.16,0.16
2010-04-08,0.2,0.0,0.0,0.17066666666666666,0.14144444444444446,0.2,0.16
2010-04-09,0.2,0.0,0.0,0.17200000000000001,0.14244444444444446,0.2,0.16
2010-04-10,0.2,0.0,0.0,0.17333333333333334,0.14344444444444446,0.2,0.16
2010-04-11,0.2,0.0,0.0,0.17466666666666666,0.14444444444444443,0.2,0.16
2010-04-12,0.2,0.0,0.0,0.176,0.14544444444444443,0.2,0.16
2010-04-13,0.2,0.0,0.0,0.17733333333333334,0.14644444444444446,0.2,0.16
2010-04-14,0.2,0.0,0.0,0.17866666666666667,0.14744444444444443,0.2,0.16
2010-04-15,0.2,0.0,0.0,0.18000000000000002,0.14844444444444443,0.2,0.16
2010-04-16,0.2,0.0,0.0,0.18133333333333335,0.14944444444444446,0.2,0.16
2010-04-17,0.2,0.0,0.0,0.18266666666666667,0.15044444444444444,0.2,0.16
2010-04-18,0.2,0.0,0.0,0.184,0.15144444444444446,0.2,0.16
2010-04-19,0.2,0.0,0.0,0.18533333333333335,0.15244444444444444,0.2,0.16
2010-04-20,0.2,0.0,0.0,0.18666666666666668,0.15344444444444444,0.2,0.16
2010-04-21,0.2,0.0,0.0,0.18800000000000003,0.15444444444444444,0.2,0.16
2010-04-22,0.2,0.0,0.0,0.18933333333333335,0.15544444444444444,0.2,0.16
2010-04-23,0.2,0.0,0.0,0.19066666666666665,0.15644444444444447,0.2,0.16
2010-04-24,0.2,0.0,0.0,0.192,0.15744444444444444,0.2,0.16
2010-04-25,0.2,0.0,0.0,0.19333333333333333,0.15844444444444447,0.2,0.16
2010-04-26,0.2,0.0,0.0,0.19466666666666668,0.15944444444444447,0.2,0.16
2010-04-27,0.2,0.0,0.0,0.19600000000000004,0.16044444444444445,0.2,0.16
2010-04-28,0.2,0.0,0.0,0.19733333333333333,0.16144444444444445,0.2,0.16
2010-04-29,0.2,0.0,0.0,0.19866666666666666,0.16244444444444445,0.2,0.16
2010-04-30,0.2,0.0,0.0,0.2,0.16344444444444445,0.2,0.16
2010-05-01,0.2,0.0,0.0,0.2,0.16444444444444445,0.2,0.2
2010-05-02,0.2,0.0,0.0,0.2,0.16522222222222221,0.2,0.2
2010-05-03,0.2,0.0,0.0,0.2,0.166,0.2,0.2
2010-05-04,0.2,0.0,0.0,0.2,0.16677777777777777,0.2,0.2
2010-05-05,0.2,0.0,0.0,0.2,0.16755555555555557,0.2,0.2
2010-05-06,0.2,0.0,0.0,0.2,0.16833333333333333,0.2,0.2
2010-05-07,0.2,0.0,0.0,0.2,0.16911111111111113,0.2,0.2
2010-05-08,0.2,0.0,0.0,0.2,0.1698888888888889,0.2,0.2
2010-05-09,0.2,0.0,0.0,0.2,0.17066666666666666,0.2,0.2
2010-05-10,0.2,0.0,0.0,0.2,0.17144444444444445,0.2,0.2
2010-05-11,0.2,0.0,0.0,0.2,0.17222222222222222,0.2,0.2
2010-05-12,0.2,0.0,0.0,0.2,0.17300000000000001,0.2,0.2
2010-05-13,0.2,0.0,0.0,0.2,0.17377777777777778,0.2,0.2
2010-05-14,0.2,0.0,0.0,0.2,0.17455555555555557,0.2,0.2
2010-05-15,0.2,0.0,0.0,0.2,0.17533333333333334,0.2,0.2
2010-05-16,0.2,0.0,0.0,0.2,0.17611111111111113,0.2,0.2
2010-05-17,0.2,0.0,0.0,0.2,0.1768888888888889,0.2,0.2
2010-05-18,0.2,0.0,0.0,0.2,0.17766666666666667,0.2,0.2
2010-05-19,0.2,0.0,0.0,0.2,0.17844444444444446,0.2,0.2
2010-05-20,0.2,0.0,0.0,0.2,0.1792222222222222,0.2,0.2
2010-05-21,0.2,0.0,0.0,0.2,0.18000000000000002,0.2,0.2
2010-05-22,0.2,0.0,0.0,0.2,0.18077777777777781,0.2,0.2
2010-05-23,0.2,0.0,0.0,0.2,0.18155555555555555,0.2,0.2
2010-05-24,0.2,0.0,0.0,0.2,0.18233333333333335,0.2,0.2
2010-05-25,0.2,0.0,0.0,0.2,0.1831111111111111,0.2,0.2
2010-05-26,0.2,0.0,0.0,0.2,0.1838888888888889,0.2,0.2
2010-05-27,0.2,0.0,0.0,0.2,0.18466666666666667,0.2,0.2
2010-05-28,0.2,0.0,0.0,0.2,0.18544444444444447,0.2,0.2
2010-05-29,0.2,0.0,0.0,0.2,0.18622222222222223,0.2,0.2
2010-05-30,0.2,0.0,0.0,0.2,0.18666666666666668,0.2,0.2
2010-05-31,0.2,0.0,0.0,0.2,0.18711111111111114,0.2,0.2
2010-06-01,0.18,-0.020000000000000018,-0.10000000000000009,0.19933333333333333,0.18733333333333338,0.2,0.2
2010-06-02,0.18,0.0,0.0,0.19866666666666666,0.1875555555555556,0.2,0.2
2010-06-03,0.18,0.0,0.0,0.198,0.1877777777777778,0.2,0.2
2010-06-04,0.18,0.0,0.0,0.19733333333333336,0.18800000000000003,0.2,0.2
2010-06-05,0.18,0.0,0.0,0.19666666666666668,0.18822222222222224,0.2,0.2
2010-06-06,0.18,0.0,0.0,0.196,0.18844444444444444,0.2,0.2
2010-06-07,0.18,0.0,0.0,0.1953333333333333,0.18866666666666668,0.2,0.2
2010-06-08,0.18,0.0,0.0,0.19466666666666668,0.18888888888888888,0.18,0.2
2010-06-09,0.18,0.0,0.0,0.194,0.18911111111111112,0.18,0.2
2010-06-10,0.18,0.0,0.0,0.19333333333333333,0.18933333333333333,0.18,0.2
2010-06-11,0.18,0.0,0.0,0.19266666666666668,0.18955555555555553,0.18,0.2
2010-06-12,0.18,0.0,0.0,0.192,0.1897777777777778,0.18,0.2
2010-06-13,0.18,0.0,0.0,0.19133333333333333,0.19,0.18,0.2
2010-06-14,0.18,0.0,0.0,0.19066666666666668,0.19022222222222224,0.18,0.2
2010-06-15,0.18,0.0,0.0,0.19,0.19044444444444444,0.18,0.2
2010-06-16,0.18,0.0,0.0,0.18933333333333333,0.19066666666666668,0.18,0.2
2010-06-17,0.18,0.0,0.0,0.18866666666666668,0.19088888888888889,0.18,0.2
2010-06-18,0.18,0.0,0.0,0.188,0.1911111111111111,0.18,0.2
2010-06-19,0.18,0.0,0.0,0.18733333333333332,0.19133333333333333,0.18,0.2
2010-06-20,0.18,0.0,0.0,0.18666666666666668,0.19155555555555553,0.18,0.2
2010-06-21,0.18,0.0,0.0,0.186,0.1917777777777778,0.18,0.2
2010-06-22,0.18,0.0,0.0,0.18533333333333332,0.192,0.18,0.2
2010-06-23,0.18,0.0,0.0,0.18466666666666665,0.19222222222222224,0.18,0.2
2010-06-24,0.18,0.0,0.0,0.18400000000000002,0.19244444444444445,0.18,0.2
2010-06-25,0.18,0.0,0.0,0.18333333333333332,0.1926666666666667,0.18,0.2
2010-06-26,0.18,0.0,0.0,0.18266666666666664,0.19288888888888892,0.18,0.2
2010-06-27,0.18,0.0,0.0,0.182,0.19311111111111115,0.18,0.2
2010-06-28,0.18,0.0,0.0,0.18133333333333332,0.19333333333333336,0.18,0.2
2010-06-29,0.18,0.0,0.0,0.18066666666666667,0.19355555555555556,0.18,0.2
2010-06-30,0.18,0.0,0.0,0.18,0.19333333333333336,0.18,0.2
2010-07-01,0.18,0.0,0.0,0.18,0.1931111111111111,0.18,0.18
2010-07-02,0.18,0.0,0.0,0.18,0.1928888888888889,0.18,0.18
2010-07-03,0.18,0.0,0.0,0.18,0.19266666666666665,0.18,0.18
2010-07-04,0.18,0.0,0.0,0.18,0.19244444444444445,0.18,0.18
2010-07-05,0.18,0.0,0.0,0.18,0.19222222222222224,0.18,0.18
2010-07-06,0.18,0.0,0.0,0.18,0.19199999999999998,0.18,0.18
2010-07-07,0.18,0.0,0.0,0.18,0.19177777777777777,0.18,0.18
2010-07-08,0.18,0.0,0.0,0.18,0.1915555555555556,0.18,0.18
2010-07-09,0.18,0.0,0.0,0.18,0.19133333333333336,0.18,0.18
2010-07-10,0.18,0.0,0.0,0.18,0.19111111111111115,0.18,0.18
2010-07-11,0.18,0.0,0.0,0.18,0.19088888888888889,0.18,0.18
2010-07-12,0.18,0.0,0.0,0.18,0.19066666666666668,0.18,0.18
2010-07-13,0.18,0.0,0.0,0.18,0.19044444444444444,0.18,0.18
2010-07-14,0.18,0.0,0.0,0.18,0.19022222222222224,0.18,0.18
2010-07-15,0.18,0.0,0.0,0.18,0.19,0.18,0.18
2010-07-16,0.18,0.0,0.0,0.18,0.18977777777777777,0.18,0.18
2010-07-17,0.18,0.0,0.0,0.18,0.18955555555555553,0.18,0.18
2010-07-18,0.18,0.0,0.0,0.18,0.18933333333333333,0.18,0.18
2010-07-19,0.18,0.0,0.0,0.18,0.18911111111111112,0.18,0.18
2010-07-20,0.18,0.0,0.0,0.18,0.18888888888888888,0.18,0.18
2010-07-21,0.18,0.0,0.0,0.18,0.18866666666666668,0.18,0.18
2010-07-22,0.18,0.0,0.0,0.18,0.18844444444444444,0.18,0.18
2010-07-23,0.18,0.0,0.0,0.18,0.18822222222222224,0.18,0.18
2010-07-24,0.18,0.0,0.0,0.18,0.18800000000000003,0.18,0.18
2010-07-25,0.18,0.0,0.0,0.18,0.1877777777777778,0.18,0.18
2010-07-26,0.18,0.0,0.0,0.18,0.18755555555555553,0.18,0.18
2010-07-27,0.18,0.0,0.0,0.18,0.18733333333333332,0.18,0.18
2010-07-28,0.18,0.0,0.0,0.18,0.18711111111111112,0.18,0.18
2010-07-29,0.18,0.0,0.0,0.18,0.18688888888888888,0.18,0.18
2010-07-30,0.18,0.0,0.0,0.18,0.18666666666666668,0.18,0.18
2010-07-31,0.18,0.0,0.0,0.18,0.1864444444444444,0.18,0.18
2010-08-01,0.19,0.010000000000000009,0.05555555555555558,0.18033333333333335,0.18633333333333332,0.18,0.18
2010-08-02,0.19,0.0,0.0,0.18066666666666664,0.18622222222222223,0.18,0.18
2010-08-03,0.19,0.0,0.0,0.181,0.18611111111111112,0.18,0.18
2010-08-04,0.19,0.0,0.0,0.18133333333333335,0.18600000000000003,0.18,0.18
2010-08-05,0.19,0.0,0.0,0.18166666666666664,0.18588888888888888,0.18,0.18
2010-08-06,0.19,0.0,0.0,0.182,0.18577777777777776,0.18,0.18
2010-08-07,0.19,0.0,0.0,0.18233333333333332,0.18566666666666667,0.18,0.18
2010-08-08,0.19,0.0,0.0,0.18266666666666667,0.18555555555555556,0.19,0.18
2010-08-09,0.19,0.0,0.0,0.18299999999999997,0.1854444444444444,0.19,0.18
2010-08-10,0.19,0.0,0.0,0.18333333333333332,0.18533333333333332,0.19,0.18
2010-08-11,0.19,0.0,0.0,0.1836666666666667,0.1852222222222222,0.19,0.18
2010-08-12,0.19,0.0,0.0,0.184,0.18511111111111112,0.19,0.18
2010-08-13,0.19,0.0,0.0,0.18433333333333335,0.18500000000000003,0.19,0.18
2010-08-14,0.19,0.0,0.0,0.18466666666666667,0.18488888888888885,0.19,0.18
2010-08-15,0.19,0.0,0.0,0.185,0.18477777777777776,0.19,0.18
2010-08-16,0.19,0.0,0.0,0.18533333333333332,0.18466666666666667,0.19,0.18
2010-08-17,0.19,0.0,0.0,0.18566666666666667,0.18455555555555556,0.19,0.18
2010-08-18,0.19,0.0,0.0,0.18599999999999997,0.18444444444444447,0.19,0.18
2010-08-19,0.19,0.0,0.0,0.18633333333333332,0.18433333333333332,0.19,0.18
2010-08-20,0.19,0.0,0.0,0.18666666666666668,0.1842222222222222,0.19,0.18
2010-08-21,0.19,0.0,0.0,0.18699999999999997,0.18411111111111111,0.19,0.18
2010-08-22,0.19,0.0,0.0,0.18733333333333332,0.184,0.19,0.18
2010-08-23,0.19,0.0,0.0,0.18766666666666668,0.1838888888888889,0.19,0.18
2010-08-24,0.19,0.0,0.0,0.18800000000000003,0.18377777777777776,0.19,0.18
2010-08-25,0.19,0.0,0.0,0.18833333333333332,0.18366666666666664,0.19,0.18
2010-08-26,0.19,0.0,0.0,0.18866666666666668,0.18355555555555556,0.19,0.18
2010-08-27,0.19,0.0,0.0,0.18900000000000003,0.18344444444444447,0.19,0.18
2010-08-28,0.19,0.0,0.0,0.18933333333333333,0.18333333333333332,0.19,0.18
2010-08-29,0.19,0.0,0.0,0.18966666666666668,0.1832222222222222,0.19,0.18
2010-08-30,0.19,0.0,0.0,0.19,0.18333333333333332,0.19,0.18
2010-08-31,0.19,0.0,0.0,0.19,0.1834444444444444,0.19,0.19
2010-09-01,0.19,0.0,0.0,0.19,0.18355555555555556,0.19,0.19
2010-09-02,0.19,0.0,0.0,0.19,0.18366666666666664,0.19,0.19
2010-09-03,0.19,0.0,0.0,0.19,0.18377777777777776,0.19,0.19
2010-09-04,0.19,0.0,0.0,0.19,0.1838888888888889,0.19,0.19
2010-09-05,0.19,0.0,0.0,0.19,0.184,0.19,0.19
2010-09-06,0.19,0.0,0.0,0.19,0.18411111111111111,0.19,0.19
2010-09-07,0.19,0.0,0.0,0.19,0.18422222222222223,0.19,0.19
2010-09-08,0.19,0.0,0.0,0.19,0.18433333333333332,0.19,0.19
2010-09-09,0.19,0.0,0.0,0.19,0.18444444444444447,0.19,0.19
2010-09-10,0.19,0.0,0.0,0.19,0.18455555555555556,0.19,0.19
2010-09-11,0.19,0.0,0.0,0.19,0.18466666666666665,0.19,0.19
2010-09-12,0.19,0.0,0.0,0.19,0.18477777777777776,0.19,0.19
2010-09-13,0.19,0.0,0.0,0.19,0.1848888888888889,0.19,0.19
2010-09-14,0.19,0.0,0.0,0.19,0.185,0.19,0.19
2010-09-15,0.19,0.0,0.0,0.19,0.18511111111111112,0.19,0.19
2010-09-16,0.19,0.0,0.0,0.19,0.1852222222222222,0.19,0.19
2010-09-17,0.19,0.0,0.0,0.19,0.18533333333333332,0.19,0.19
2010-09-18,0.19,0.0,0.0,0.19,0.18544444444444447,0.19,0.19
2010-09-19,0.19,0.0,0.0,0.19,0.18555555555555556,0.19,0.19
2010-09-20,0.19,0.0,0.0,0.19,0.18566666666666667,0.19,0.19
2010-09-21,0.19,0.0,0.0,0.19,0.1857777777777778,0.19,0.19
2010-09-22,0.19,0.0,0.0,0.19,0.18588888888888888,0.19,0.19
2010-09-23,0.19,0.0,0.0,0.19,0.18599999999999997,0.19,0.19
2010-09-24,0.19,0.0,0.0,0.19,0.18611111111111112,0.19,0.19
2010-09-25,0.19,0.0,0.0,0.19,0.1862222222222222,0.19,0.19
2010-09-26,0.19,0.0,0.0,0.19,0.18633333333333332,0.19,0.19
2010-09-27,0.19,0.0,0.0,0.19,0.1864444444444444,0.19,0.19
2010-09-28,0.19,0.0,0.0,0.19,0.18655555555555556,0.19,0.19
2010-09-29,0.19,0.0,0.0,0.19,0.18666666666666668,0.19,0.19
2010-09-30,0.19,0.0,0.0,0.19,0.18677777777777776,0.19,0.19
2010-10-01,0.19,0.0,0.0,0.19,0.18688888888888888,0.19,0.19
2010-10-02,0.19,0.0,0.0,0.19,0.18700000000000003,0.19,0.19
2010-10-03,0.19,0.0,0.0,0.19,0.18711111111111112,0.19,0.19
2010-10-04,0.19,0.0,0.0,0.19,0.18722222222222223,0.19,0.19
2010-10-05,0.19,0.0,0.0,0.19,0.18733333333333338,0.19,0.19
2010-10-06,0.19,0.0,0.0,0.19,0.1874444444444444,0.19,0.19
2010-10-07,0.19,0.0,0.0,0.19,0.18755555555555553,0.19,0.19
2010-10-08,0.19,0.0,0.0,0.19,0.18766666666666668,0.19,0.19
2010-10-09,0.19,0.0,0.0,0.19,0.18777777777777777,0.19,0.19
2010-10-10,0.19,0.0,0.0,0.19,0.18788888888888888,0.19,0.19
2010-10-11,0.19,0.0,0.0,0.19,0.18799999999999997,0.19,0.19
2010-10-12,0.19,0.0,0.0,0.19,0.18811111111111112,0.19,0.19
2010-10-13,0.19,0.0,0.0,0.19,0.18822222222222224,0.19,0.19
2010-10-14,0.19,0.0,0.0,0.19,0.18833333333333332,0.19,0.19
2010-10-15,0.19,0.0,0.0,0.19,0.18844444444444444,0.19,0.19
2010-10-16,0.19,0.0,0.0,0.19,0.1885555555555556,0.19,0.19
2010-10-17,0.19,0.0,0.0,0.19,0.18866666666666668,0.19,0.19
2010-10-18,0.19,0.0,0.0,0.19,0.1887777777777778,0.19,0.19
2010-10-19,0.19,0.0,0.0,0.19,0.18888888888888888,0.19,0.19
2010-10-20,0.19,0.0,0.0,0.19,0.18899999999999997,0.19,0.19
2010-10-21,0.19,0.0,0.0,0.19,0.18911111111111112,0.19,0.19
2010-10-22,0.19,0.0,0.0,0.19,0.18922222222222224,0.19,0.19
2010-10-23,0.19,0.0,0.0,0.19,0.18933333333333333,0.19,0.19
2010-10-24,0.19,0.0,0.0,0.19,0.18944444444444444,0.19,0.19
2010-10-25,0.19,0.0,0.0,0.19,0.18955555555555553,0.19,0.19
2010-10-26,0.19,0.0,0.0,0.19,0.18966666666666668,0.19,0.19
2010-10-27,0.19,0.0,0.0,0.19,0.1897777777777778,0.19,0.19
2010-10-28,0.19,0.0,0.0,0.19,0.18988888888888888,0.19,0.19
2010-10-29,0.19,0.0,0.0,0.19,0.19,0.19,0.19
2010-10-30,0.19,0.0,0.0,0.19,0.19,0.19,0.19
2010-10-31,0.19,0.0,0.0,0.19,0.19,0.19,0.19
2010-11-01,0.19,0.0,0.0,0.19,0.19,0.19,0.19
2010-11-02,0.19,0.0,0.0,0.19,0.19,0.19,0.19
2010-11-03,0.19,0.0,0.0,0.19,0.19,0.19,0.19
2010-11-04,0.19,0.0,0.0,0.19,0.19,0.19,0.19
2010-11-05,0.19,0.0,0.0,0.19,0.19,0.19,0.19
2010-11-06,0.19,0.0,0.0,0.19,0.19,0.19,0.19
2010-11-07,0.19,0.0,0.0,0.19,0.19,0.19,0.19
2010-11-08,0.19,0.0,0.0,0.19,0.19,0.19,0.19
2010-11-09,0.19,0.0,0.0,0.19,0.19,0.19,0.19
2010-11-10,0.19,0.0,0.0,0.19,0.19,0.19,0.19
2010-11-11,0.19,0.0,0.0,0.19,0.19,0.19,0.19
2010-11-12,0.19,0.0,0.0,0.19,0.19,0.19,0.19
2010-11-13,0.19,0.0,0.0,0.19,0.19,0.19,0.19
2010-11-14,0.19,0.0,0.0,0.19,0.19,0.19,0.19
2010-11-15,0.19,0.0,0.0,0.19,0.19,0.19,0.19
2010-11-16,0.19,0.0,0.0,0.19,0.19,0.19,0.19
2010-11-17,0.19,0.0,0.0,0.19,0.19,0.19,0.19
2010-11-18,0.19,0.0,0.0,0.19,0.19,0.19,0.19
2010-11-19,0.19,0.0,0.0,0.19,0.19,0.19,0.19
2010-11-20,0.19,0.0,0.0,0.19,0.19,0.19,0.19
2010-11-21,0.19,0.0,0.0,0.19,0.19,0.19,0.19
2010-11-22,0.19,0.0,0.0,0.19,0.19,0.19,0.19
2010-11-23,0.19,0.0,0.0,0.19,0.19,0.19,0.19
2010-11-24,0.19,0.0,0.0,0.19,0.19,0.19,0.19
2010-11-25,0.19,0.0,0.0,0.19,0.19,0.19,0.19
2010-11-26,0.19,0.0,0.0,0.19,0.19,0.19,0.19
2010-11-27,0.19,0.0,0.0,0.19,0.19,0.19,0.19
2010-11-28,0.19,0.0,0.0,0.19,0.19,0.19,0.19
2010-11-29,0.19,0.0,0.0,0.19,0.19,0.19,0.19
2010-11-30,0.19,0.0,0.0,0.19,0.19,0.19,0.19
2010-12-01,0.18,-0.010000000000000009,-0.052631578947368474,0.18966666666666665,0.18988888888888894,0.19,0.19
2010-12-02,0.18,0.0,0.0,0.18933333333333335,0.1897777777777778,0.19,0.19
2010-12-03,0.18,0.0,0.0,0.189,0.18966666666666668,0.19,0.19
2010-12-04,0.18,0.0,0.0,0.18866666666666668,0.1895555555555556,0.19,0.19
2010-12-05,0.18,0.0,0.0,0.18833333333333335,0.18944444444444444,0.19,0.19
2010-12-06,0.18,0.0,0.0,0.18800000000000003,0.18933333333333333,0.19,0.19
2010-12-07,0.18,0.0,0.0,0.18766666666666668,0.18922222222222224,0.19,0.19
2010-12-08,0.18,0.0,0.0,0.1873333333333333,0.18911111111111112,0.18,0.19
2010-12-09,0.18,0.0,0.0,0.187,0.18899999999999997,0.18,0.19
2010-12-10,0.18,0.0,0.0,0.18666666666666665,0.18888888888888888,0.18,0.19
2010-12-11,0.18,0.0,0.0,0.18633333333333332,0.18877777777777777,0.18,0.19
2010-12-12,0.18,0.0,0.0,0.186,0.18866666666666662,0.18,0.19
2010-12-13,0.18,0.0,0.0,0.18566666666666667,0.1885555555555556,0.18,0.19
2010-12-14,0.18,0.0,0.0,0.18533333333333332,0.18844444444444444,0.18,0.19
2010-12-15,0.18,0.0,0.0,0.185,0.18833333333333335,0.18,0.19
2010-12-16,0.18,0.0,0.0,0.18466666666666667,0.18822222222222224,0.18,0.19
2010-12-17,0.18,0.0,0.0,0.18433333333333332,0.18811111111111112,0.18,0.19
2010-12-18,0.18,0.0,0.0,0.18400000000000002,0.18800000000000003,0.18,0.19
2010-12-19,0.18,0.0,0.0,0.18366666666666667,0.18788888888888888,0.18,0.19
2010-12-20,0.18,0.0,0.0,0.18333333333333332,0.18777777777777777,0.18,0.19
2010-12-21,0.18,0.0,0.0,0.183,0.18766666666666668,0.18,0.19
2010-12-22,0.18,0.0,0.0,0.18266666666666667,0.18755555555555553,0.18,0.19
2010-12-23,0.18,0.0,0.0,0.18233333333333332,0.1874444444444444,0.18,0.19
2010-12-24,0.18,0.0,0.0,0.18199999999999997,0.18733333333333332,0.18,0.19
2010-12-25,0.18,0.0,0.0,0.18166666666666667,0.1872222222222222,0.18,0.19
2010-12-26,0.18,0.0,0.0,0.18133333333333332,0.18711111111111114,0.18,0.19
2010-12-27,0.18,0.0,0.0,0.181,0.18700000000000003,0.18,0.19
2010-12-28,0.18,0.0,0.0,0.18066666666666667,0.18688888888888888,0.18,0.19
2010-12-29,0.18,0.0,0.0,0.18033333333333335,0.1867777777777778,0.18,0.19
2010-12-30,0.18,0.0,0.0,0.18,0.18666666666666668,0.18,0.19
2010-12-31,0.18,0.0,0.0,0.18,0.18655555555555556,0.18,0.18
2011-01-01,0.17,-0.009999999999999981,-0.05555555555555547,0.17966666666666667,0.18633333333333332,0.18,0.18
2011-01-02,0.17,0.0,0.0,0.17933333333333332,0.18611111111111112,0.18,0.18
2011-01-03,0.17,0.0,0.0,0.179,0.18588888888888885,0.18,0.18
2011-01-04,0.17,0.0,0.0,0.17866666666666664,0.18566666666666667,0.18,0.18
2011-01-05,0.17,0.0,0.0,0.17833333333333332,0.18544444444444447,0.18,0.18
2011-01-06,0.17,0.0,0.0,0.178,0.1852222222222222,0.18,0.18
2011-01-07,0.17,0.0,0.0,0.17766666666666667,0.18500000000000003,0.18,0.18
2011-01-08,0.17,0.0,0.0,0.17733333333333332,0.18477777777777776,0.17,0.18
2011-01-09,0.17,0.0,0.0,0.17700000000000002,0.18455555555555558,0.17,0.18
2011-01-10,0.17,0.0,0.0,0.1766666666666667,0.18433333333333332,0.17,0.18
2011-01-11,0.17,0.0,0.0,0.17633333333333334,0.18411111111111111,0.17,0.18
2011-01-12,0.17,0.0,0.0,0.17600000000000002,0.1838888888888889,0.17,0.18
2011-01-13,0.17,0.0,0.0,0.1756666666666667,0.18366666666666667,0.17,0.18
2011-01-14,0.17,0.0,0.0,0.1753333333333333,0.1834444444444444,0.17,0.18
2011-01-15,0.17,0.0,0.0,0.175,0.18322222222222223,0.17,0.18
2011-01-16,0.17,0.0,0.0,0.17466666666666666,0.183,0.17,0.18
2011-01-17,0.17,0.0,0.0,0.1743333333333333,0.18277777777777776,0.17,0.18
2011-01-18,0.17,0.0,0.0,0.174,0.18255555555555555,0.17,0.18
2011-01-19,0.17,0.0,0.0,0.17366666666666666,0.18233333333333335,0.17,0.18
2011-01-20,0.17,0.0,0.0,0.17333333333333334,0.18211111111111108,0.17,0.18
2011-01-21,0.17,0.0,0.0,0.17300000000000001,0.1818888888888889,0.17,0.18
2011-01-22,0.17,0.0,0.0,0.1726666666666667,0.18166666666666664,0.17,0.18
2011-01-23,0.17,0.0,0.0,0.17233333333333337,0.18144444444444446,0.17,0.18
2011-01-24,0.17,0.0,0.0,0.17200000000000001,0.1812222222222222,0.17,0.18
2011-01-25,0.17,0.0,0.0,0.1716666666666667,0.181,0.17,0.18
2011-01-26,0.17,0.0,0.0,0.17133333333333337,0.18077777777777781,0.17,0.18
2011-01-27,0.17,0.0,0.0,0.17099999999999999,0.18055555555555555,0.17,0.18
2011-01-28,0.17,0.0,0.0,0.17066666666666666,0.18033333333333335,0.17,0.18
2011-01-29,0.17,0.0,0.0,0.17033333333333334,0.1801111111111111,0.17,0.18
2011-01-30,0.17,0.0,0.0,0.17,0.1798888888888889,0.17,0.18
2011-01-31,0.17,0.0,0.0,0.17,0.17966666666666664,0.17,0.17
2011-02-01,0.16,-0.010000000000000009,-0.05882352941176472,0.16966666666666666,0.17933333333333334,0.17,0.17
2011-02-02,0.16,0.0,0.0,0.16933333333333334,0.179,0.17,0.17
2011-02-03,0.16,0.0,0.0,0.169,0.1786666666666667,0.17,0.17
2011-02-04,0.16,0.0,0.0,0.1686666666666667,0.17833333333333334,0.17,0.17
2011-02-05,0.16,0.0,0.0,0.16833333333333336,0.178,0.17,0.17
2011-02-06,0.16,0.0,0.0,0.16800000000000004,0.17766666666666667,0.17,0.17
2011-02-07,0.16,0.0,0.0,0.16766666666666669,0.17733333333333334,0.17,0.17
2011-02-08,0.16,0.0,0.0,0.1673333333333333,0.17700000000000002,0.16,0.17
2011-02-09,0.16,0.0,0.0,0.16699999999999998,0.17666666666666667,0.16,0.17
2011-02-10,0.16,0.0,0.0,0.16666666666666666,0.17633333333333334,0.16,0.17
2011-02-11,0.16,0.0,0.0,0.16633333333333333,0.176,0.16,0.17
2011-02-12,0.16,0.0,0.0,0.166,0.17566666666666667,0.16,0.17
2011-02-13,0.16,0.0,0.0,0.16566666666666668,0.1753333333333333,0.16,0.17
2011-02-14,0.16,0.0,0.0,0.16533333333333333,0.175,0.16,0.17
2011-02-15,0.16,0.0,0.0,0.165,0.17466666666666666,0.16,0.17
2011-02-16,0.16,0.0,0.0,0.16466666666666668,0.17433333333333334,0.16,0.17
2011-02-17,0.16,0.0,0.0,0.16433333333333336,0.174,0.16,0.17
2011-02-18,0.16,0.0,0.0,0.16400000000000003,0.17366666666666666,0.16,0.17
2011-02-19,0.16,0.0,0.0,0.16366666666666668,0.17333333333333334,0.16,0.17
2011-02-20,0.16,0.0,0.0,0.1633333333333333,0.17300000000000001,0.16,0.17
2011-02-21,0.16,0.0,0.0,0.16299999999999998,0.1726666666666667,0.16,0.17
2011-02-22,0.16,0.0,0.0,0.16266666666666665,0.17233333333333334,0.16,0.17
2011-02-23,0.16,0.0,0.0,0.16233333333333333,0.172,0.16,0.17
2011-02-24,0.16,0.0,0.0,0.162,0.17166666666666666,0.16,0.17
2011-02-25,0.16,0.0,0.0,0.16166666666666668,0.17133333333333334,0.16,0.17
2011-02-26,0.16,0.0,0.0,0.16133333333333333,0.171,0.16,0.17
2011-02-27,0.16,0.0,0.0,0.161,0.17066666666666666,0.16,0.17
2011-02-28,0.16,0.0,0.0,0.16066666666666668,0.17033333333333334,0.16,0.17
2011-03-01,0.14,-0.01999999999999999,-0.12499999999999989,0.1596666666666667,0.1698888888888889,0.16,0.17
2011-03-02,0.14,0.0,0.0,0.15866666666666665,0.16944444444444445,0.16,0.17
2011-03-03,0.14,0.0,0.0,0.158,0.169,0.16,0.16
2011-03-04,0.14,0.0,0.0,0.15733333333333335,0.16855555555555554,0.16,0.16
2011-03-05,0.14,0.0,0.0,0.15666666666666668,0.16811111111111113,0.16,0.16
2011-03-06,0.14,0.0,0.0,0.156,0.16766666666666666,0.16,0.16
2011-03-07,0.14,0.0,0.0,0.15533333333333335,0.16722222222222222,0.16,0.16
2011-03-08,0.14,0.0,0.0,0.15466666666666665,0.1667777777777778,0.14,0.16
2011-03-09,0.14,0.0,0.0,0.15400000000000003,0.16633333333333333,0.14,0.16
2011-03-10,0.14,0.0,0.0,0.15333333333333335,0.1658888888888889,0.14,0.16
2011-03-11,0.14,0.0,0.0,0.15266666666666667,0.16544444444444445,0.14,0.16
2011-03-12,0.14,0.0,0.0,0.15200000000000002,0.165,0.14,0.16
2011-03-13,0.14,0.0,0.0,0.15133333333333335,0.16455555555555557,0.14,0.16
2011-03-14,0.14,0.0,0.0,0.15066666666666664,0.16411111111111112,0.14,0.16
2011-03-15,0.14,0.0,0.0,0.15,0.16366666666666668,0.14,0.16
2011-03-16,0.14,0.0,0.0,0.14933333333333335,0.16322222222222224,0.14,0.16
2011-03-17,0.14,0.0,0.0,0.1486666666666667,0.16277777777777777,0.14,0.16
2011-03-18,0.14,0.0,0.0,0.14800000000000002,0.16233333333333333,0.14,0.16
2011-03-19,0.14,0.0,0.0,0.14733333333333334,0.1618888888888889,0.14,0.16
2011-03-20,0.14,0.0,0.0,0.14666666666666667,0.16144444444444445,0.14,0.16
2011-03-21,0.14,0.0,0.0,0.146,0.16100000000000003,0.14,0.16
2011-03-22,0.14,0.0,0.0,0.14533333333333334,0.16055555555555556,0.14,0.16
2011-03-23,0.14,0.0,0.0,0.1446666666666667,0.16011111111111112,0.14,0.16
2011-03-24,0.14,0.0,0.0,0.14400000000000002,0.15966666666666668,0.14,0.16
2011-03-25,0.14,0.0,0.0,0.14333333333333337,0.1592222222222222,0.14,0.16
2011-03-26,0.14,0.0,0.0,0.14266666666666666,0.1587777777777778,0.14,0.16
2011-03-27,0.14,0.0,0.0,0.142,0.15833333333333335,0.14,0.16
2011-03-28,0.14,0.0,0.0,0.14133333333333334,0.1578888888888889,0.14,0.16
2011-03-29,0.14,0.0,0.0,0.1406666666666667,0.15744444444444444,0.14,0.16
2011-03-30,0.14,0.0,0.0,0.14,0.157,0.14,0.16
2011-03-31,0.14,0.0,0.0,0.14,0.15655555555555556,0.14,0.14
2011-04-01,0.1,-0.04000000000000001,-0.2857142857142857,0.13866666666666666,0.1557777777777778,0.14,0.14
2011-04-02,0.1,0.0,0.0,0.13733333333333336,0.155,0.14,0.14
2011-04-03,0.1,0.0,0.0,0.13600000000000004,0.15422222222222223,0.14,0.14
2011-04-04,0.1,0.0,0.0,0.13466666666666666,0.15344444444444444,0.14,0.14
2011-04-05,0.1,0.0,0.0,0.13333333333333333,0.15266666666666667,0.14,0.14
2011-04-06,0.1,0.0,0.0,0.132,0.1518888888888889,0.14,0.14
2011-04-07,0.1,0.0,0.0,0.13066666666666668,0.15111111111111114,0.14,0.14
2011-04-08,0.1,0.0,0.0,0.12933333333333336,0.15033333333333335,0.1,0.14
2011-04-09,0.1,0.0,0.0,0.128,0.14955555555555555,0.1,0.14
2011-04-10,0.1,0.0,0.0,0.12666666666666668,0.1487777777777778,0.1,0.14
2011-04-11,0.1,0.0,0.0,0.12533333333333335,0.14800000000000002,0.1,0.14
2011-04-12,0.1,0.0,0.0,0.12400000000000001,0.14722222222222225,0.1,0.14
2011-04-13,0.1,0.0,0.0,0.12266666666666667,0.14644444444444446,0.1,0.14
2011-04-14,0.1,0.0,0.0,0.12133333333333333,0.14566666666666667,0.1,0.14
2011-04-15,0.1,0.0,0.0,0.12000000000000002,0.14488888888888887,0.1,0.14
2011-04-16,0.1,0.0,0.0,0.11866666666666668,0.1441111111111111,0.1,0.14
2011-04-17,0.1,0.0,0.0,0.11733333333333333,0.14333333333333334,0.1,0.14
2011-04-18,0.1,0.0,0.0,0.116,0.14255555555555555,0.1,0.14
2011-04-19,0.1,0.0,0.0,0.11466666666666668,0.14177777777777778,0.1,0.14
2011-04-20,0.1,0.0,0.0,0.11333333333333334,0.141,0.1,0.14
2011-04-21,0.1,0.0,0.0,0.11200000000000002,0.14022222222222222,0.1,0.14
2011-04-22,0.1,0.0,0.0,0.11066666666666668,0.13944444444444445,0.1,0.14
2011-04-23,0.1,0.0,0.0,0.10933333333333334,0.13866666666666666,0.1,0.14
2011-04-24,0.1,0.0,0.0,0.10800000000000001,0.1378888888888889,0.1,0.14
2011-04-25,0.1,0.0,0.0,0.10666666666666667,0.1371111111111111,0.1,0.14
2011-04-26,0.1,0.0,0.0,0.10533333333333333,0.13633333333333336,0.1,0.14
2011-04-27,0.1,0.0,0.0,0.10400000000000002,0.13555555555555557,0.1,0.14
2011-04-28,0.1,0.0,0.0,0.10266666666666667,0.13477777777777777,0.1,0.14
2011-04-29,0.1,0.0,0.0,0.10133333333333333,0.134,0.1,0.14
2011-04-30,0.1,0.0,0.0,0.1,0.13322222222222224,0.1,0.14
2011-05-01,0.09,-0.010000000000000009,-0.10000000000000009,0.09966666666666667,0.13233333333333336,0.1,0.1
2011-05-02,0.09,0.0,0.0,0.09933333333333334,0.13155555555555556,0.1,0.1
2011-05-03,0.09,0.0,0.0,0.099,0.1307777777777778,0.1,0.1
2011-05-04,0.09,0.0,0.0,0.09866666666666667,0.13,0.1,0.1
2011-05-05,0.09,0.0,0.0,0.09833333333333334,0.12922222222222224,0.1,0.1
2011-05-06,0.09,0.0,0.0,0.09800000000000002,0.12844444444444444,0.1,0.1
2011-05-07,0.09,0.0,0.0,0.09766666666666667,0.12766666666666668,0.1,0.1
2011-05-08,0.09,0.0,0.0,0.09733333333333333,0.12688888888888888,0.09,0.1
2011-05-09,0.09,0.0,0.0,0.097,0.12611111111111112,0.09,0.1
2011-05-10,0.09,0.0,0.0,0.09666666666666666,0.12533333333333332,0.09,0.1
2011-05-11,0.09,0.0,0.0,0.09633333333333333,0.12455555555555556,0.09,0.1
2011-05-12,0.09,0.0,0.0,0.09600000000000002,0.12377777777777778,0.09,0.1
2011-05-13,0.09,0.0,0.0,0.09566666666666666,0.12300000000000003,0.09,0.1
2011-05-14,0.09,0.0,0.0,0.09533333333333333,0.12222222222222225,0.09,0.1
2011-05-15,0.09,0.0,0.0,0.095,0.12144444444444447,0.09,0.1
2011-05-16,0.09,0.0,0.0,0.09466666666666666,0.12066666666666669,0.09,0.1
2011-05-17,0.09,0.0,0.0,0.09433333333333334,0.1198888888888889,0.09,0.1
2011-05-18,0.09,0.0,0.0,0.09400000000000001,0.11911111111111111,0.09,0.1
2011-05-19,0.09,0.0,0.0,0.09366666666666666,0.11833333333333333,0.09,0.1
2011-05-20,0.09,0.0,0.0,0.09333333333333332,0.11755555555555555,0.09,0.1
2011-05-21,0.09,0.0,0.0,0.093,0.11677777777777777,0.09,0.1
2011-05-22,0.09,0.0,0.0,0.09266666666666667,0.11599999999999999,0.09,0.1
2011-05-23,0.09,0.0,0.0,0.09233333333333334,0.11522222222222221,0.09,0.1
2011-05-24,0.09,0.0,0.0,0.092,0.11444444444444445,0.09,0.1
2011-05-25,0.09,0.0,0.0,0.09166666666666666,0.11366666666666667,0.09,0.1
2011-05-26,0.09,0.0,0.0,0.09133333333333332,0.11288888888888891,0.09,0.1
2011-05-27,0.09,0.0,0.0,0.09099999999999998,0.11211111111111113,0.09,0.1
2011-05-28,0.09,0.0,0.0,0.09066666666666667,0.11133333333333335,0.09,0.1
2011-05-29,0.09,0.0,0.0,0.09033333333333333,0.11055555555555557,0.09,0.1
2011-05-30,0.09,0.0,0.0,0.09,0.11,0.09,0.1
2011-05-31,0.09,0.0,0.0,0.09,0.10944444444444446,0.09,0.09
2011-06-01,0.09,0.0,0.0,0.09,0.1088888888888889,0.09,0.09
2011-06-02,0.09,0.0,0.0,0.09,0.10833333333333334,0.09,0.09
2011-06-03,0.09,0.0,0.0,0.09,0.10777777777777776,0.09,0.09
2011-06-04,0.09,0.0,0.0,0.09,0.10722222222222223,0.09,0.09
2011-06-05,0.09,0.0,0.0,0.09,0.10666666666666666,0.09,0.09
2011-06-06,0.09,0.0,0.0,0.09,0.1061111111111111,0.09,0.09
2011-06-07,0.09,0.0,0.0,0.09,0.10555555555555556,0.09,0.09
2011-06-08,0.09,0.0,0.0,0.09,0.10500000000000001,0.09,0.09
2011-06-09,0.09,0.0,0.0,0.09,0.10444444444444445,0.09,0.09
2011-06-10,0.09,0.0,0.0,0.09,0.1038888888888889,0.09,0.09
2011-06-11,0.09,0.0,0.0,0.09,0.10333333333333335,0.09,0.09
2011-06-12,0.09,0.0,0.0,0.09,0.10277777777777777,0.09,0.09
2011-06-13,0.09,0.0,0.0,0.09,0.10222222222222223,0.09,0.09
2011-06-14,0.09,0.0,0.0,0.09,0.10166666666666667,0.09,0.09
2011-06-15,0.09,0.0,0.0,0.09,0.10111111111111111,0.09,0.09
2011-06-16,0.09,0.0,0.0,0.09,0.10055555555555556,0.09,0.09
2011-06-17,0.09,0.0,0.0,0.09,0.1,0.09,0.09
2011-06-18,0.09,0.0,0.0,0.09,0.09944444444444443,0.09,0.09
2011-06-19,0.09,0.0,0.0,0.09,0.09888888888888887,0.09,0.09
2011-06-20,0.09,0.0,0.0,0.09,0.09833333333333333,0.09,0.09
2011-06-21,0.09,0.0,0.0,0.09,0.09777777777777778,0.09,0.09
2011-06-22,0.09,0.0,0.0,0.09,0.09722222222222222,0.09,0.09
2011-06-23,0.09,0.0,0.0,0.09,0.09666666666666668,0.09,0.09
2011-06-24,0.09,0.0,0.0,0.09,0.09611111111111112,0.09,0.09
2011-06-25,0.09,0.0,0.0,0.09,0.09555555555555555,0.09,0.09
2011-06-26,0.09,0.0,0.0,0.09,0.095,0.09,0.09
2011-06-27,0.09,0.0,0.0,0.09,0.09444444444444444,0.09,0.09
2011-06-28,0.09,0.0,0.0,0.09,0.09388888888888888,0.09,0.09
2011-06-29,0.09,0.0,0.0,0.09,0.09333333333333334,0.09,0.09
2011-06-30,0.09,0.0,0.0,0.09,0.0932222222222222,0.09,0.09
2011-07-01,0.07,-0.01999999999999999,-0.2222222222222221,0.08933333333333332,0.09288888888888888,0.09,0.09
2011-07-02,0.07,0.0,0.0,0.08866666666666667,0.09255555555555556,0.09,0.09
2011-07-03,0.07,0.0,0.0,0.088,0.09222222222222223,0.09,0.09
2011-07-04,0.07,0.0,0.0,0.08733333333333333,0.09188888888888891,0.09,0.09
2011-07-05,0.07,0.0,0.0,0.08666666666666667,0.09155555555555554,0.09,0.09
2011-07-06,0.07,0.0,0.0,0.086,0.09122222222222222,0.09,0.09
2011-07-07,0.07,0.0,0.0,0.08533333333333333,0.09088888888888888,0.09,0.09
2011-07-08,0.07,0.0,0.0,0.08466666666666667,0.09055555555555556,0.07,0.09
2011-07-09,0.07,0.0,0.0,0.084,0.09022222222222223,0.07,0.09
2011-07-10,0.07,0.0,0.0,0.08333333333333333,0.0898888888888889,0.07,0.09
2011-07-11,0.07,0.0,0.0,0.08266666666666667,0.08955555555555555,0.07,0.09
2011-07-12,0.07,0.0,0.0,0.08200000000000002,0.08922222222222222,0.07,0.09
2011-07-13,0.07,0.0,0.0,0.08133333333333333,0.08888888888888889,0.07,0.09
2011-07-14,0.07,0.0,0.0,0.08066666666666666,0.08855555555555555,0.07,0.09
2011-07-15,0.07,0.0,0.0,0.08000000000000002,0.08822222222222223,0.07,0.09
2011-07-16,0.07,0.0,0.0,0.07933333333333333,0.08788888888888889,0.07,0.09
2011-07-17,0.07,0.0,0.0,0.07866666666666666,0.08755555555555555,0.07,0.09
2011-07-18,0.07,0.0,0.0,0.07800000000000001,0.08722222222222221,0.07,0.09
2011-07-19,0.07,0.0,0.0,0.07733333333333332,0.08688888888888889,0.07,0.09
2011-07-20,0.07,0.0,0.0,0.07666666666666667,0.08655555555555555,0.07,0.09
2011-07-21,0.07,0.0,0.0,0.07600000000000001,0.08622222222222221,0.07,0.09
2011-07-22,0.07,0.0,0.0,0.07533333333333332,0.08588888888888889,0.07,0.09
2011-07-23,0.07,0.0,0.0,0.07466666666666667,0.08555555555555555,0.07,0.09
2011-07-24,0.07,0.0,0.0,0.07400000000000001,0.08522222222222223,0.07,0.09
2011-07-25,0.07,0.0,0.0,0.07333333333333332,0.08488888888888889,0.07,0.09
2011-07-26,0.07,0.0,0.0,0.07266666666666667,0.08455555555555555,0.07,0.09
2011-07-27,0.07,0.0,0.0,0.07200000000000001,0.08422222222222223,0.07,0.09
2011-07-28,0.07,0.0,0.0,0.07133333333333335,0.08388888888888889,0.07,0.09
2011-07-29,0.07,0.0,0.0,0.07066666666666667,0.08355555555555555,0.07,0.09
2011-07-30,0.07,0.0,0.0,0.07,0.08333333333333333,0.07,0.09
2011-07-31,0.07,0.0,0.0,0.07,0.08311111111111112,0.07,0.07
2011-08-01,0.1,0.03,0.4285714285714286,0.071,0.08322222222222223,0.07,0.07
2011-08-02,0.1,0.0,0.0,0.07200000000000001,0.08333333333333333,0.07,0.07
2011-08-03,0.1,0.0,0.0,0.073,0.08344444444444445,0.07,0.07
2011-08-04,0.1,0.0,0.0,0.07400000000000001,0.08355555555555555,0.07,0.07
2011-08-05,0.1,0.0,0.0,0.07500000000000001,0.08366666666666667,0.07,0.07
2011-08-06,0.1,0.0,0.0,0.07600000000000001,0.08377777777777778,0.07,0.07
2011-08-07,0.1,0.0,0.0,0.077,0.0838888888888889,0.07,0.07
2011-08-08,0.1,0.0,0.0,0.07800000000000001,0.08399999999999999,0.1,0.07
2011-08-09,0.1,0.0,0.0,0.079,0.08411111111111111,0.1,0.07
2011-08-10,0.1,0.0,0.0,0.08000000000000002,0.08422222222222223,0.1,0.07
2011-08-11,0.1,0.0,0.0,0.081,0.08433333333333333,0.1,0.07
2011-08-12,0.1,0.0,0.0,0.082,0.08444444444444445,0.1,0.07
2011-08-13,0.1,0.0,0.0,0.083,0.08455555555555556,0.1,0.07
2011-08-14,0.1,0.0,0.0,0.084,0.08466666666666667,0.1,0.07
2011-08-15,0.1,0.0,0.0,0.085,0.08477777777777777,0.1,0.07
2011-08-16,0.1,0.0,0.0,0.08600000000000002,0.08488888888888889,0.1,0.07
2011-08-17,0.1,0.0,0.0,0.08700000000000001,0.085,0.1,0.07
2011-08-18,0.1,0.0,0.0,0.08800000000000001,0.08511111111111111,0.1,0.07
2011-08-19,0.1,0.0,0.0,0.089,0.08522222222222223,0.1,0.07
2011-08-20,0.1,0.0,0.0,0.09000000000000001,0.08533333333333334,0.1,0.07
2011-08-21,0.1,0.0,0.0,0.09100000000000001,0.08544444444444443,0.1,0.07
2011-08-22,0.1,0.0,0.0,0.09200000000000001,0.08555555555555555,0.1,0.07
2011-08-23,0.1,0.0,0.0,0.093,0.08566666666666667,0.1,0.07
2011-08-24,0.1,0.0,0.0,0.09400000000000001,0.08577777777777779,0.1,0.07
2011-08-25,0.1,0.0,0.0,0.095,0.08588888888888889,0.1,0.07
2011-08-26,0.1,0.0,0.0,0.09600000000000002,0.08600000000000001,0.1,0.07
2011-08-27,0.1,0.0,0.0,0.097,0.08611111111111111,0.1,0.07
2011-08-28,0.1,0.0,0.0,0.098,0.08622222222222221,0.1,0.07
2011-08-29,0.1,0.0,0.0,0.099,0.08633333333333335,0.1,0.07
2011-08-30,0.1,0.0,0.0,0.1,0.08644444444444445,0.1,0.07
2011-08-31,0.1,0.0,0.0,0.1,0.08655555555555555,0.1,0.1
2011-09-01,0.08,-0.020000000000000004,-0.20000000000000007,0.09933333333333334,0.08644444444444445,0.1,0.1
2011-09-02,0.08,0.0,0.0,0.09866666666666668,0.08633333333333335,0.1,0.1
2011-09-03,0.08,0.0,0.0,0.098,0.08622222222222221,0.1,0.1
2011-09-04,0.08,0.0,0.0,0.09733333333333333,0.08611111111111111,0.1,0.1
2011-09-05,0.08,0.0,0.0,0.09666666666666666,0.08600000000000001,0.1,0.1
2011-09-06,0.08,0.0,0.0,0.09600000000000002,0.08588888888888889,0.1,0.1
2011-09-07,0.08,0.0,0.0,0.09533333333333334,0.08577777777777779,0.1,0.1
2011-09-08,0.08,0.0,0.0,0.09466666666666668,0.08566666666666668,0.08,0.1
2011-09-09,0.08,0.0,0.0,0.094,0.08555555555555555,0.08,0.1
2011-09-10,0.08,0.0,0.0,0.09333333333333332,0.08544444444444445,0.08,0.1
2011-09-11,0.08,0.0,0.0,0.09266666666666667,0.08533333333333334,0.08,0.1
2011-09-12,0.08,0.0,0.0,0.09200000000000001,0.08522222222222223,0.08,0.1
2011-09-13,0.08,0.0,0.0,0.09133333333333334,0.08511111111111111,0.08,0.1
2011-09-14,0.08,0.0,0.0,0.09066666666666667,0.085,0.08,0.1
2011-09-15,0.08,0.0,0.0,0.09000000000000001,0.08488888888888889,0.08,0.1
2011-09-16,0.08,0.0,0.0,0.08933333333333333,0.08477777777777777,0.08,0.1
2011-09-17,0.08,0.0,0.0,0.08866666666666667,0.08466666666666667,0.08,0.1
2011-09-18,0.08,0.0,0.0,0.08800000000000001,0.08455555555555556,0.08,0.1
2011-09-19,0.08,0.0,0.0,0.08733333333333333,0.08444444444444445,0.08,0.1
2011-09-20,0.08,0.0,0.0,0.08666666666666667,0.08433333333333334,0.08,0.1
2011-09-21,0.08,0.0,0.0,0.08600000000000001,0.08422222222222223,0.08,0.1
2011-09-22,0.08,0.0,0.0,0.08533333333333333,0.08411111111111111,0.08,0.1
2011-09-23,0.08,0.0,0.0,0.08466666666666667,0.084,0.08,0.1
2011-09-24,0.08,0.0,0.0,0.084,0.0838888888888889,0.08,0.1
2011-09-25,0.08,0.0,0.0,0.08333333333333333,0.08377777777777778,0.08,0.1
2011-09-26,0.08,0.0,0.0,0.08266666666666667,0.08366666666666667,0.08,0.1
2011-09-27,0.08,0.0,0.0,0.08200000000000002,0.08355555555555556,0.08,0.1
2011-09-28,0.08,0.0,0.0,0.08133333333333334,0.08344444444444445,0.08,0.1
2011-09-29,0.08,0.0,0.0,0.08066666666666666,0.08355555555555556,0.08,0.1
2011-09-30,0.08,0.0,0.0,0.08,0.08366666666666667,0.08,0.1
2011-10-01,0.07,-0.009999999999999995,-0.12499999999999989,0.07966666666666668,0.08366666666666667,0.08,0.08
2011-10-02,0.07,0.0,0.0,0.07933333333333333,0.08366666666666667,0.08,0.08
2011-10-03,0.07,0.0,0.0,0.079,0.08366666666666667,0.08,0.08
2011-10-04,0.07,0.0,0.0,0.07866666666666668,0.08366666666666667,0.08,0.08
2011-10-05,0.07,0.0,0.0,0.07833333333333334,0.08366666666666668,0.08,0.08
2011-10-06,0.07,0.0,0.0,0.078,0.08366666666666667,0.08,0.08
2011-10-07,0.07,0.0,0.0,0.07766666666666668,0.08366666666666667,0.08,0.08
2011-10-08,0.07,0.0,0.0,0.07733333333333332,0.08366666666666668,0.07,0.08
2011-10-09,0.07,0.0,0.0,0.07700000000000001,0.08366666666666667,0.07,0.08
2011-10-10,0.07,0.0,0.0,0.07666666666666667,0.08366666666666667,0.07,0.08
2011-10-11,0.07,0.0,0.0,0.07633333333333334,0.08366666666666668,0.07,0.08
2011-10-12,0.07,0.0,0.0,0.07600000000000001,0.08366666666666667,0.07,0.08
2011-10-13,0.07,0.0,0.0,0.07566666666666667,0.08366666666666667,0.07,0.08
2011-10-14,0.07,0.0,0.0,0.07533333333333332,0.08366666666666667,0.07,0.08
2011-10-15,0.07,0.0,0.0,0.075,0.08366666666666667,0.07,0.08
2011-10-16,0.07,0.0,0.0,0.07466666666666667,0.08366666666666667,0.07,0.08
2011-10-17,0.07,0.0,0.0,0.07433333333333335,0.08366666666666667,0.07,0.08
2011-10-18,0.07,0.0,0.0,0.07400000000000001,0.08366666666666667,0.07,0.08
2011-10-19,0.07,0.0,0.0,0.07366666666666667,0.08366666666666667,0.07,0.08
2011-10-20,0.07,0.0,0.0,0.07333333333333333,0.08366666666666667,0.07,0.08
2011-10-21,0.07,0.0,0.0,0.073,0.08366666666666668,0.07,0.08
2011-10-22,0.07,0.0,0.0,0.07266666666666667,0.08366666666666667,0.07,0.08
2011-10-23,0.07,0.0,0.0,0.07233333333333335,0.08366666666666667,0.07,0.08
2011-10-24,0.07,0.0,0.0,0.07200000000000001,0.08366666666666668,0.07,0.08
2011-10-25,0.07,0.0,0.0,0.07166666666666668,0.08366666666666667,0.07,0.08
2011-10-26,0.07,0.0,0.0,0.07133333333333333,0.08366666666666667,0.07,0.08
2011-10-27,0.07,0.0,0.0,0.071,0.08366666666666668,0.07,0.08
2011-10-28,0.07,0.0,0.0,0.07066666666666667,0.08366666666666667,0.07,0.08
2011-10-29,0.07,0.0,0.0,0.07033333333333334,0.08366666666666667,0.07,0.08
2011-10-30,0.07,0.0,0.0,0.07,0.08333333333333334,0.07,0.08
2011-10-31,0.07,0.0,0.0,0.07,0.08299999999999999,0.07,0.07
2011-11-01,0.08,0.009999999999999995,0.1428571428571428,0.07033333333333334,0.08277777777777778,0.07,0.07
2011-11-02,0.08,0.0,0.0,0.07066666666666667,0.08255555555555556,0.07,0.07
2011-11-03,0.08,0.0,0.0,0.071,0.08233333333333334,0.07,0.07
2011-11-04,0.08,0.0,0.0,0.07133333333333333,0.08211111111111112,0.07,0.07
2011-11-05,0.08,0.0,0.0,0.07166666666666668,0.08188888888888889,0.07,0.07
2011-11-06,0.08,0.0,0.0,0.07200000000000001,0.08166666666666668,0.07,0.07
2011-11-07,0.08,0.0,0.0,0.07233333333333335,0.08144444444444444,0.07,0.07
2011-11-08,0.08,0.0,0.0,0.07266666666666667,0.08122222222222222,0.08,0.07
2011-11-09,0.08,0.0,0.0,0.073,0.08100000000000002,0.08,0.07
2011-11-10,0.08,0.0,0.0,0.07333333333333333,0.08077777777777778,0.08,0.07
2011-11-11,0.08,0.0,0.0,0.07366666666666667,0.08055555555555556,0.08,0.07
2011-11-12,0.08,0.0,0.0,0.07400000000000001,0.08033333333333333,0.08,0.07
2011-11-13,0.08,0.0,0.0,0.07433333333333335,0.0801111111111111,0.08,0.07
2011-11-14,0.08,0.0,0.0,0.07466666666666667,0.0798888888888889,0.08,0.07
2011-11-15,0.08,0.0,0.0,0.075,0.07966666666666666,0.08,0.07
2011-11-16,0.08,0.0,0.0,0.07533333333333332,0.07944444444444444,0.08,0.07
2011-11-17,0.08,0.0,0.0,0.07566666666666667,0.07922222222222222,0.08,0.07
2011-11-18,0.08,0.0,0.0,0.07600000000000001,0.079,0.08,0.07
2011-11-19,0.08,0.0,0.0,0.07633333333333334,0.07877777777777778,0.08,0.07
2011-11-20,0.08,0.0,0.0,0.07666666666666667,0.07855555555555556,0.08,0.07
2011-11-21,0.08,0.0,0.0,0.07700000000000001,0.07833333333333334,0.08,0.07
2011-11-22,0.08,0.0,0.0,0.07733333333333332,0.07811111111111112,0.08,0.07
2011-11-23,0.08,0.0,0.0,0.07766666666666668,0.0778888888888889,0.08,0.07
2011-11-24,0.08,0.0,0.0,0.078,0.07766666666666668,0.08,0.07
2011-11-25,0.08,0.0,0.0,0.07833333333333334,0.07744444444444444,0.08,0.07
2011-11-26,0.08,0.0,0.0,0.07866666666666668,0.07722222222222222,0.08,0.07
2011-11-27,0.08,0.0,0.0,0.079,0.077,0.08,0.07
2011-11-28,0.08,0.0,0.0,0.07933333333333333,0.07677777777777778,0.08,0.07
2011-11-29,0.08,0.0,0.0,0.07966666666666668,0.07655555555555556,0.08,0.07
2011-11-30,0.08,0.0,0.0,0.08,0.07655555555555556,0.08,0.07
2011-12-01,0.07,-0.009999999999999995,-0.12499999999999989,0.07966666666666665,0.07644444444444445,0.08,0.08
2011-12-02,0.07,0.0,0.0,0.07933333333333333,0.07633333333333334,0.08,0.08
2011-12-03,0.07,0.0,0.0,0.079,0.07622222222222222,0.08,0.08
2011-12-04,0.07,0.0,0.0,0.07866666666666668,0.07611111111111112,0.08,0.08
2011-12-05,0.07,0.0,0.0,0.07833333333333334,0.076,0.08,0.08
2011-12-06,0.07,0.0,0.0,0.078,0.0758888888888889,0.08,0.08
2011-12-07,0.07,0.0,0.0,0.07766666666666668,0.07577777777777778,0.08,0.08
2011-12-08,0.07,0.0,0.0,0.07733333333333332,0.07566666666666667,0.07,0.08
2011-12-09,0.07,0.0,0.0,0.07700000000000001,0.07555555555555556,0.07,0.08
2011-12-10,0.07,0.0,0.0,0.07666666666666667,0.07544444444444444,0.07,0.08
2011-12-11,0.07,0.0,0.0,0.07633333333333334,0.07533333333333335,0.07,0.08
2011-12-12,0.07,0.0,0.0,0.07600000000000001,0.07522222222222223,0.07,0.08
2011-12-13,0.07,0.0,0.0,0.07566666666666667,0.07511111111111111,0.07,0.08
2011-12-14,0.07,0.0,0.0,0.07533333333333332,0.07500000000000001,0.07,0.08
2011-12-15,0.07,0.0,0.0,0.07500000000000001,0.0748888888888889,0.07,0.08
2011-12-16,0.07,0.0,0.0,0.07466666666666667,0.07477777777777778,0.07,0.08
2011-12-17,0.07,0.0,0.0,0.07433333333333335,0.07466666666666667,0.07,0.08
2011-12-18,0.07,0.0,0.0,0.07400000000000001,0.07455555555555556,0.07,0.08
2011-12-19,0.07,0.0,0.0,0.07366666666666667,0.07444444444444445,0.07,0.08
2011-12-20,0.07,0.0,0.0,0.07333333333333333,0.07433333333333333,0.07,0.08
2011-12-21,0.07,0.0,0.0,0.073,0.07422222222222222,0.07,0.08
2011-12-22,0.07,0.0,0.0,0.07266666666666667,0.07411111111111111,0.07,0.08
2011-12-23,0.07,0.0,0.0,0.07233333333333335,0.074,0.07,0.08
2011-12-24,0.07,0.0,0.0,0.07200000000000001,0.0738888888888889,0.07,0.08
2011-12-25,0.07,0.0,0.0,0.07166666666666668,0.07377777777777779,0.07,0.08
2011-12-26,0.07,0.0,0.0,0.07133333333333333,0.07366666666666667,0.07,0.08
2011-12-27,0.07,0.0,0.0,0.071,0.07355555555555557,0.07,0.08
2011-12-28,0.07,0.0,0.0,0.07066666666666668,0.07344444444444445,0.07,0.08
2011-12-29,0.07,0.0,0.0,0.07033333333333334,0.07333333333333333,0.07,0.08
2011-12-30,0.07,0.0,0.0,0.07,0.07333333333333333,0.07,0.08
2011-12-31,0.07,0.0,0.0,0.07,0.07333333333333333,0.07,0.07
2012-01-01,0.08,0.009999999999999995,0.1428571428571428,0.07033333333333334,0.07344444444444445,0.07,0.07
2012-01-02,0.08,0.0,0.0,0.07066666666666667,0.07355555555555555,0.07,0.07
2012-01-03,0.08,0.0,0.0,0.071,0.07366666666666667,0.07,0.07
2012-01-04,0.08,0.0,0.0,0.07133333333333333,0.07377777777777779,0.07,0.07
2012-01-05,0.08,0.0,0.0,0.07166666666666668,0.07388888888888889,0.07,0.07
2012-01-06,0.08,0.0,0.0,0.07200000000000001,0.074,0.07,0.07
2012-01-07,0.08,0.0,0.0,0.07233333333333335,0.07411111111111111,0.07,0.07
2012-01-08,0.08,0.0,0.0,0.07266666666666668,0.07422222222222223,0.08,0.07
2012-01-09,0.08,0.0,0.0,0.073,0.07433333333333333,0.08,0.07
2012-01-10,0.08,0.0,0.0,0.07333333333333333,0.07444444444444445,0.08,0.07
2012-01-11,0.08,0.0,0.0,0.07366666666666667,0.07455555555555557,0.08,0.07
2012-01-12,0.08,0.0,0.0,0.07400000000000001,0.07466666666666666,0.08,0.07
2012-01-13,0.08,0.0,0.0,0.07433333333333335,0.07477777777777778,0.08,0.07
2012-01-14,0.08,0.0,0.0,0.07466666666666667,0.0748888888888889,0.08,0.07
2012-01-15,0.08,0.0,0.0,0.075,0.075,0.08,0.07
2012-01-16,0.08,0.0,0.0,0.07533333333333332,0.07511111111111111,0.08,0.07
2012-01-17,0.08,0.0,0.0,0.07566666666666667,0.07522222222222223,0.08,0.07
2012-01-18,0.08,0.0,0.0,0.07600000000000001,0.07533333333333334,0.08,0.07
2012-01-19,0.08,0.0,0.0,0.07633333333333334,0.07544444444444444,0.08,0.07
2012-01-20,0.08,0.0,0.0,0.07666666666666667,0.07555555555555557,0.08,0.07
2012-01-21,0.08,0.0,0.0,0.077,0.07566666666666667,0.08,0.07
2012-01-22,0.08,0.0,0.0,0.07733333333333332,0.07577777777777778,0.08,0.07
2012-01-23,0.08,0.0,0.0,0.07766666666666668,0.0758888888888889,0.08,0.07
2012-01-24,0.08,0.0,0.0,0.078,0.076,0.08,0.07
2012-01-25,0.08,0.0,0.0,0.07833333333333334,0.0761111111111111,0.08,0.07
2012-01-26,0.08,0.0,0.0,0.07866666666666668,0.07622222222222222,0.08,0.07
2012-01-27,0.08,0.0,0.0,0.079,0.07633333333333334,0.08,0.07
2012-01-28,0.08,0.0,0.0,0.07933333333333333,0.07644444444444444,0.08,0.07
2012-01-29,0.08,0.0,0.0,0.07966666666666668,0.07655555555555556,0.08,0.07
2012-01-30,0.08,0.0,0.0,0.08,0.07655555555555556,0.08,0.07
2012-01-31,0.08,0.0,0.0,0.08,0.07655555555555556,0.08,0.08
2012-02-01,0.1,0.020000000000000004,0.25,0.08066666666666668,0.07677777777777778,0.08,0.08
2012-02-02,0.1,0.0,0.0,0.08133333333333334,0.07700000000000001,0.08,0.08
2012-02-03,0.1,0.0,0.0,0.082,0.07722222222222222,0.08,0.08
2012-02-04,0.1,0.0,0.0,0.08266666666666667,0.07744444444444445,0.08,0.08
2012-02-05,0.1,0.0,0.0,0.08333333333333333,0.07766666666666668,0.08,0.08
2012-02-06,0.1,0.0,0.0,0.084,0.07788888888888888,0.08,0.08
2012-02-07,0.1,0.0,0.0,0.08466666666666668,0.07811111111111112,0.08,0.08
2012-02-08,0.1,0.0,0.0,0.08533333333333333,0.07833333333333334,0.1,0.08
2012-02-09,0.1,0.0,0.0,0.08600000000000001,0.07855555555555556,0.1,0.08
2012-02-10,0.1,0.0,0.0,0.08666666666666667,0.07877777777777778,0.1,0.08
2012-02-11,0.1,0.0,0.0,0.08733333333333333,0.079,0.1,0.08
2012-02-12,0.1,0.0,0.0,0.08800000000000001,0.07922222222222224,0.1,0.08
2012-02-13,0.1,0.0,0.0,0.08866666666666666,0.07944444444444444,0.1,0.08
2012-02-14,0.1,0.0,0.0,0.08933333333333333,0.07966666666666668,0.1,0.08
2012-02-15,0.1,0.0,0.0,0.09000000000000001,0.0798888888888889,0.1,0.08
2012-02-16,0.1,0.0,0.0,0.09066666666666667,0.0801111111111111,0.1,0.08
2012-02-17,0.1,0.0,0.0,0.09133333333333334,0.08033333333333334,0.1,0.08
2012-02-18,0.1,0.0,0.0,0.09200000000000001,0.08055555555555556,0.1,0.08
2012-02-19,0.1,0.0,0.0,0.09266666666666666,0.08077777777777778,0.1,0.08
2012-02-20,0.1,0.0,0.0,0.09333333333333334,0.081,0.1,0.08
2012-02-21,0.1,0.0,0.0,0.09400000000000001,0.08122222222222222,0.1,0.08
2012-02-22,0.1,0.0,0.0,0.09466666666666668,0.08144444444444444,0.1,0.08
2012-02-23,0.1,0.0,0.0,0.09533333333333334,0.08166666666666668,0.1,0.08
2012-02-24,0.1,0.0,0.0,0.096,0.0818888888888889,0.1,0.08
2012-02-25,0.1,0.0,0.0,0.09666666666666666,0.08211111111111112,0.1,0.08
2012-02-26,0.1,0.0,0.0,0.09733333333333333,0.08233333333333334,0.1,0.08
2012-02-27,0.1,0.0,0.0,0.09800000000000002,0.08255555555555556,0.1,0.08
2012-02-28,0.1,0.0,0.0,0.09866666666666668,0.08277777777777778,0.1,0.08
2012-02-29,0.1,0.0,0.0,0.09933333333333333,0.08311111111111112,0.1,0.08
2012-03-01,0.13,0.03,0.30000000000000004,0.101,0.08377777777777778,0.1,0.08
2012-03-02,0.13,0.0,0.0,0.10200000000000001,0.08444444444444445,0.1,0.1
2012-03-03,0.13,0.0,0.0,0.103,0.08511111111111111,0.1,0.1
2012-03-04,0.13,0.0,0.0,0.10400000000000001,0.08577777777777777,0.1,0.1
2012-03-05,0.13,0.0,0.0,0.10500000000000001,0.08644444444444445,0.1,0.1
2012-03-06,0.13,0.0,0.0,0.10600000000000001,0.08711111111111111,0.1,0.1
2012-03-07,0.13,0.0,0.0,0.107,0.08777777777777779,0.1,0.1
2012-03-08,0.13,0.0,0.0,0.10800000000000001,0.08844444444444445,0.13,0.1
2012-03-09,0.13,0.0,0.0,0.10900000000000001,0.08911111111111111,0.13,0.1
2012-03-10,0.13,0.0,0.0,0.11000000000000001,0.08977777777777778,0.13,0.1
2012-03-11,0.13,0.0,0.0,0.111,0.09044444444444445,0.13,0.1
2012-03-12,0.13,0.0,0.0,0.11200000000000002,0.0911111111111111,0.13,0.1
2012-03-13,0.13,0.0,0.0,0.113,0.09177777777777779,0.13,0.1
2012-03-14,0.13,0.0,0.0,0.11400000000000002,0.09244444444444445,0.13,0.1
2012-03-15,0.13,0.0,0.0,0.115,0.09311111111111112,0.13,0.1
2012-03-16,0.13,0.0,0.0,0.11600000000000002,0.09377777777777777,0.13,0.1
2012-03-17,0.13,0.0,0.0,0.117,0.09444444444444444,0.13,0.1
2012-03-18,0.13,0.0,0.0,0.11800000000000001,0.09511111111111109,0.13,0.1
2012-03-19,0.13,0.0,0.0,0.119,0.0957777777777778,0.13,0.1
2012-03-20,0.13,0.0,0.0,0.12000000000000002,0.09644444444444446,0.13,0.1
2012-03-21,0.13,0.0,0.0,0.12100000000000001,0.09711111111111112,0.13,0.1
2012-03-22,0.13,0.0,0.0,0.12200000000000001,0.09777777777777778,0.13,0.1
2012-03-23,0.13,0.0,0.0,0.123,0.09844444444444443,0.13,0.1
2012-03-24,0.13,0.0,0.0,0.12399999999999999,0.09911111111111111,0.13,0.1
2012-03-25,0.13,0.0,0.0,0.12500000000000003,0.09977777777777778,0.13,0.1
2012-03-26,0.13,0.0,0.0,0.126,0.10044444444444446,0.13,0.1
2012-03-27,0.13,0.0,0.0,0.127,0.10111111111111112,0.13,0.1
2012-03-28,0.13,0.0,0.0,0.128,0.10177777777777777,0.13,0.1
2012-03-29,0.13,0.0,0.0,0.129,0.10244444444444445,0.13,0.1
2012-03-30,0.13,0.0,0.0,0.13,0.1031111111111111,0.13,0.1
2012-03-31,0.13,0.0,0.0,0.13,0.10366666666666667,0.13,0.13
2012-04-01,0.14,0.010000000000000009,0.0769230769230771,0.13033333333333333,0.10433333333333333,0.13,0.13
2012-04-02,0.14,0.0,0.0,0.13066666666666668,0.105,0.13,0.13
2012-04-03,0.14,0.0,0.0,0.13099999999999998,0.10566666666666666,0.13,0.13
2012-04-04,0.14,0.0,0.0,0.13133333333333333,0.10633333333333336,0.13,0.13
2012-04-05,0.14,0.0,0.0,0.13166666666666668,0.10700000000000001,0.13,0.13
2012-04-06,0.14,0.0,0.0,0.132,0.10766666666666667,0.13,0.13
2012-04-07,0.14,0.0,0.0,0.13233333333333333,0.10833333333333335,0.13,0.13
2012-04-08,0.14,0.0,0.0,0.13266666666666665,0.109,0.14,0.13
2012-04-09,0.14,0.0,0.0,0.133,0.10966666666666668,0.14,0.13
2012-04-10,0.14,0.0,0.0,0.13333333333333333,0.11033333333333335,0.14,0.13
2012-04-11,0.14,0.0,0.0,0.13366666666666668,0.111,0.14,0.13
2012-04-12,0.14,0.0,0.0,0.134,0.11166666666666668,0.14,0.13
2012-04-13,0.14,0.0,0.0,0.13433333333333333,0.11233333333333334,0.14,0.13
2012-04-14,0.14,0.0,0.0,0.13466666666666666,0.113,0.14,0.13
2012-04-15,0.14,0.0,0.0,0.13500000000000004,0.11366666666666667,0.14,0.13
2012-04-16,0.14,0.0,0.0,0.13533333333333336,0.11433333333333334,0.14,0.13
2012-04-17,0.14,0.0,0.0,0.13566666666666669,0.11500000000000002,0.14,0.13
2012-04-18,0.14,0.0,0.0,0.136,0.11566666666666667,0.14,0.13
2012-04-19,0.14,0.0,0.0,0.13633333333333336,0.11633333333333334,0.14,0.13
2012-04-20,0.14,0.0,0.0,0.1366666666666667,0.117,0.14,0.13
2012-04-21,0.14,0.0,0.0,0.137,0.11766666666666667,0.14,0.13
2012-04-22,0.14,0.0,0.0,0.13733333333333334,0.11833333333333333,0.14,0.13
2012-04-23,0.14,0.0,0.0,0.1376666666666667,0.11900000000000001,0.14,0.13
2012-04-24,0.14,0.0,0.0,0.138,0.11966666666666666,0.14,0.13
2012-04-25,0.14,0.0,0.0,0.13833333333333334,0.12033333333333333,0.14,0.13
2012-04-26,0.14,0.0,0.0,0.13866666666666666,0.12100000000000001,0.14,0.13
2012-04-27,0.14,0.0,0.0,0.13899999999999998,0.12166666666666666,0.14,0.13
2012-04-28,0.14,0.0,0.0,0.13933333333333336,0.12233333333333334,0.14,0.13
2012-04-29,0.14,0.0,0.0,0.1396666666666667,0.123,0.14,0.13
2012-04-30,0.14,0.0,0.0,0.14,0.12366666666666667,0.14,0.13
2012-05-01,0.16,0.01999999999999999,0.1428571428571428,0.1406666666666667,0.12433333333333332,0.14,0.14
2012-05-02,0.16,0.0,0.0,0.14133333333333334,0.125,0.14,0.14
2012-05-03,0.16,0.0,0.0,0.14200000000000002,0.12566666666666668,0.14,0.14
2012-05-04,0.16,0.0,0.0,0.14266666666666666,0.12633333333333335,0.14,0.14
2012-05-05,0.16,0.0,0.0,0.14333333333333337,0.12700000000000003,0.14,0.14
2012-05-06,0.16,0.0,0.0,0.14400000000000002,0.12766666666666668,0.14,0.14
2012-05-07,0.16,0.0,0.0,0.14466666666666667,0.12833333333333335,0.14,0.14
2012-05-08,0.16,0.0,0.0,0.14533333333333334,0.129,0.16,0.14
2012-05-09,0.16,0.0,0.0,0.14600000000000002,0.12966666666666668,0.16,0.14
2012-05-10,0.16,0.0,0.0,0.14666666666666667,0.13033333333333333,0.16,0.14
2012-05-11,0.16,0.0,0.0,0.14733333333333337,0.131,0.16,0.14
2012-05-12,0.16,0.0,0.0,0.148,0.13166666666666668,0.16,0.14
2012-05-13,0.16,0.0,0.0,0.14866666666666667,0.13233333333333333,0.16,0.14
2012-05-14,0.16,0.0,0.0,0.14933333333333335,0.133,0.16,0.14
2012-05-15,0.16,0.0,0.0,0.15,0.13366666666666666,0.16,0.14
2012-05-16,0.16,0.0,0.0,0.15066666666666667,0.13433333333333333,0.16,0.14
2012-05-17,0.16,0.0,0.0,0.15133333333333338,0.135,0.16,0.14
2012-05-18,0.16,0.0,0.0,0.15200000000000002,0.13566666666666669,0.16,0.14
2012-05-19,0.16,0.0,0.0,0.15266666666666667,0.13633333333333336,0.16,0.14
2012-05-20,0.16,0.0,0.0,0.15333333333333332,0.137,0.16,0.14
2012-05-21,0.16,0.0,0.0,0.154,0.13766666666666666,0.16,0.14
2012-05-22,0.16,0.0,0.0,0.15466666666666667,0.13833333333333334,0.16,0.14
2012-05-23,0.16,0.0,0.0,0.15533333333333335,0.139,0.16,0.14
2012-05-24,0.16,0.0,0.0,0.15600000000000003,0.1396666666666667,0.16,0.14
2012-05-25,0.16,0.0,0.0,0.15666666666666668,0.1403333333333333,0.16,0.14
2012-05-26,0.16,0.0,0.0,0.15733333333333333,0.141,0.16,0.14
2012-05-27,0.16,0.0,0.0,0.158,0.14166666666666666,0.16,0.14
2012-05-28,0.16,0.0,0.0,0.15866666666666665,0.14233333333333334,0.16,0.14
2012-05-29,0.16,0.0,0.0,0.15933333333333335,0.14300000000000002,0.16,0.14
2012-05-30,0.16,0.0,0.0,0.16,0.14333333333333334,0.16,0.14
2012-05-31,0.16,0.0,0.0,0.16,0.14366666666666666,0.16,0.16
2012-06-01,0.16,0.0,0.0,0.16,0.14400000000000002,0.16,0.16
2012-06-02,0.16,0.0,0.0,0.16,0.14433333333333334,0.16,0.16
2012-06-03,0.16,0.0,0.0,0.16,0.1446666666666667,0.16,0.16
2012-06-04,0.16,0.0,0.0,0.16,0.14500000000000002,0.16,0.16
2012-06-05,0.16,0.0,0.0,0.16,0.14533333333333334,0.16,0.16
2012-06-06,0.16,0.0,0.0,0.16,0.14566666666666667,0.16,0.16
2012-06-07,0.16,0.0,0.0,0.16,0.14600000000000002,0.16,0.16
2012-06-08,0.16,0.0,0.0,0.16,0.14633333333333334,0.16,0.16
2012-06-09,0.16,0.0,0.0,0.16,0.14666666666666667,0.16,0.16
2012-06-10,0.16,0.0,0.0,0.16,0.147,0.16,0.16
2012-06-11,0.16,0.0,0.0,0.16,0.14733333333333334,0.16,0.16
2012-06-12,0.16,0.0,0.0,0.16,0.14766666666666667,0.16,0.16
2012-06-13,0.16,0.0,0.0,0.16,0.148,0.16,0.16
2012-06-14,0.16,0.0,0.0,0.16,0.14833333333333334,0.16,0.16
2012-06-15,0.16,0.0,0.0,0.16,0.14866666666666667,0.16,0.16
2012-06-16,0.16,0.0,0.0,0.16,0.149,0.16,0.16
2012-06-17,0.16,0.0,0.0,0.16,0.14933333333333335,0.16,0.16
2012-06-18,0.16,0.0,0.0,0.16,0.14966666666666667,0.16,0.16
2012-06-19,0.16,0.0,0.0,0.16,0.15000000000000002,0.16,0.16
2012-06-20,0.16,0.0,0.0,0.16,0.15033333333333332,0.16,0.16
2012-06-21,0.16,0.0,0.0,0.16,0.15066666666666667,0.16,0.16
2012-06-22,0.16,0.0,0.0,0.16,0.151,0.16,0.16
2012-06-23,0.16,0.0,0.0,0.16,0.15133333333333335,0.16,0.16
2012-06-24,0.16,0.0,0.0,0.16,0.15166666666666667,0.16,0.16
2012-06-25,0.16,0.0,0.0,0.16,0.152,0.16,0.16
2012-06-26,0.16,0.0,0.0,0.16,0.15233333333333335,0.16,0.16
2012-06-27,0.16,0.0,0.0,0.16,0.15266666666666667,0.16,0.16
2012-06-28,0.16,0.0,0.0,0.16,0.15300000000000002,0.16,0.16
2012-06-29,0.16,0.0,0.0,0.16,0.15333333333333335,0.16,0.16
2012-06-30,0.16,0.0,0.0,0.16,0.15355555555555556,0.16,0.16
2012-07-01,0.16,0.0,0.0,0.16,0.1537777777777778,0.16,0.16
2012-07-02,0.16,0.0,0.0,0.16,0.15400000000000003,0.16,0.16
2012-07-03,0.16,0.0,0.0,0.16,0.1542222222222222,0.16,0.16
2012-07-04,0.16,0.0,0.0,0.16,0.15444444444444444,0.16,0.16
2012-07-05,0.16,0.0,0.0,0.16,0.15466666666666667,0.16,0.16
2012-07-06,0.16,0.0,0.0,0.16,0.15488888888888888,0.16,0.16
2012-07-07,0.16,0.0,0.0,0.16,0.15511111111111112,0.16,0.16
2012-07-08,0.16,0.0,0.0,0.16,0.15533333333333335,0.16,0.16
2012-07-09,0.16,0.0,0.0,0.16,0.15555555555555556,0.16,0.16
2012-07-10,0.16,0.0,0.0,0.16,0.1557777777777778,0.16,0.16
2012-07-11,0.16,0.0,0.0,0.16,0.156,0.16,0.16
2012-07-12,0.16,0.0,0.0,0.16,0.15622222222222223,0.16,0.16
2012-07-13,0.16,0.0,0.0,0.16,0.15644444444444447,0.16,0.16
2012-07-14,0.16,0.0,0.0,0.16,0.15666666666666668,0.16,0.16
2012-07-15,0.16,0.0,0.0,0.16,0.1568888888888889,0.16,0.16
2012-07-16,0.16,0.0,0.0,0.16,0.1571111111111111,0.16,0.16
2012-07-17,0.16,0.0,0.0,0.16,0.15733333333333333,0.16,0.16
2012-07-18,0.16,0.0,0.0,0.16,0.15755555555555556,0.16,0.16
2012-07-19,0.16,0.0,0.0,0.16,0.15777777777777777,0.16,0.16
2012-07-20,0.16,0.0,0.0,0.16,0.158,0.16,0.16
2012-07-21,0.16,0.0,0.0,0.16,0.15822222222222224,0.16,0.16
2012-07-22,0.16,0.0,0.0,0.16,0.15844444444444444,0.16,0.16
2012-07-23,0.16,0.0,0.0,0.16,0.15866666666666668,0.16,0.16
2012-07-24,0.16,0.0,0.0,0.16,0.15888888888888889,0.16,0.16
2012-07-25,0.16,0.0,0.0,0.16,0.15911111111111112,0.16,0.16
2012-07-26,0.16,0.0,0.0,0.16,0.15933333333333335,0.16,0.16
2012-07-27,0.16,0.0,0.0,0.16,0.15955555555555556,0.16,0.16
2012-07-28,0.16,0.0,0.0,0.16,0.15977777777777777,0.16,0.16
2012-07-29,0.16,0.0,0.0,0.16,0.16,0.16,0.16
2012-07-30,0.16,0.0,0.0,0.16,0.16,0.16,0.16
2012-07-31,0.16,0.0,0.0,0.16,0.16,0.16,0.16
2012-08-01,0.13,-0.03,-0.1875,0.15899999999999997,0.15966666666666668,0.16,0.16
2012-08-02,0.13,0.0,0.0,0.158,0.15933333333333333,0.16,0.16
2012-08-03,0.13,0.0,0.0,0.157,0.159,0.16,0.16
2012-08-04,0.13,0.0,0.0,0.156,0.15866666666666668,0.16,0.16
2012-08-05,0.13,0.0,0.0,0.155,0.15833333333333333,0.16,0.16
2012-08-06,0.13,0.0,0.0,0.154,0.158,0.16,0.16
2012-08-07,0.13,0.0,0.0,0.153,0.15766666666666665,0.16,0.16
2012-08-08,0.13,0.0,0.0,0.15200000000000002,0.15733333333333333,0.13,0.16
2012-08-09,0.13,0.0,0.0,0.151,0.157,0.13,0.16
2012-08-10,0.13,0.0,0.0,0.15,0.15666666666666668,0.13,0.16
2012-08-11,0.13,0.0,0.0,0.149,0.15633333333333332,0.13,0.16
2012-08-12,0.13,0.0,0.0,0.148,0.156,0.13,0.16
2012-08-13,0.13,0.0,0.0,0.147,0.15566666666666668,0.13,0.16
2012-08-14,0.13,0.0,0.0,0.146,0.15533333333333335,0.13,0.16
2012-08-15,0.13,0.0,0.0,0.14500000000000002,0.155,0.13,0.16
2012-08-16,0.13,0.0,0.0,0.14400000000000002,0.15466666666666667,0.13,0.16
2012-08-17,0.13,0.0,0.0,0.143,0.15433333333333335,0.13,0.16
2012-08-18,0.13,0.0,0.0,0.142,0.154,0.13,0.16
2012-08-19,0.13,0.0,0.0,0.141,0.15366666666666667,0.13,0.16
2012-08-20,0.13,0.0,0.0,0.13999999999999999,0.15333333333333335,0.13,0.16
2012-08-21,0.13,0.0,0.0,0.13900000000000004,0.153,0.13,0.16
2012-08-22,0.13,0.0,0.0,0.138,0.15266666666666667,0.13,0.16
2012-08-23,0.13,0.0,0.0,0.137,0.15233333333333335,0.13,0.16
2012-08-24,0.13,0.0,0.0,0.136,0.15200000000000002,0.13,0.16
2012-08-25,0.13,0.0,0.0,0.13499999999999998,0.15166666666666667,0.13,0.16
2012-08-26,0.13,0.0,0.0,0.134,0.15133333333333335,0.13,0.16
2012-08-27,0.13,0.0,0.0,0.133,0.151,0.13,0.16
2012-08-28,0.13,0.0,0.0,0.132,0.15066666666666667,0.13,0.16
2012-08-29,0.13,0.0,0.0,0.131,0.15033333333333335,0.13,0.16
2012-08-30,0.13,0.0,0.0,0.13,0.15,0.13,0.16
2012-08-31,0.13,0.0,0.0,0.13,0.14966666666666667,0.13,0.13
2012-09-01,0.14,0.010000000000000009,0.0769230769230771,0.13033333333333333,0.14944444444444444,0.13,0.13
2012-09-02,0.14,0.0,0.0,0.13066666666666665,0.14922222222222223,0.13,0.13
2012-09-03,0.14,0.0,0.0,0.131,0.149,0.13,0.13
2012-09-04,0.14,0.0,0.0,0.13133333333333336,0.14877777777777776,0.13,0.13
2012-09-05,0.14,0.0,0.0,0.13166666666666668,0.14855555555555558,0.13,0.13
2012-09-06,0.14,0.0,0.0,0.132,0.14833333333333334,0.13,0.13
2012-09-07,0.14,0.0,0.0,0.13233333333333333,0.14811111111111114,0.13,0.13
2012-09-08,0.14,0.0,0.0,0.13266666666666668,0.1478888888888889,0.14,0.13
2012-09-09,0.14,0.0,0.0,0.133,0.14766666666666667,0.14,0.13
2012-09-10,0.14,0.0,0.0,0.13333333333333333,0.14744444444444446,0.14,0.13
2012-09-11,0.14,0.0,0.0,0.13366666666666666,0.14722222222222223,0.14,0.13
2012-09-12,0.14,0.0,0.0,0.134,0.147,0.14,0.13
2012-09-13,0.14,0.0,0.0,0.13433333333333333,0.14677777777777778,0.14,0.13
2012-09-14,0.14,0.0,0.0,0.13466666666666666,0.14655555555555555,0.14,0.13
2012-09-15,0.14,0.0,0.0,0.13500000000000004,0.14633333333333334,0.14,0.13
2012-09-16,0.14,0.0,0.0,0.13533333333333336,0.1461111111111111,0.14,0.13
2012-09-17,0.14,0.0,0.0,0.13566666666666669,0.14588888888888887,0.14,0.13
2012-09-18,0.14,0.0,0.0,0.136,0.14566666666666667,0.14,0.13
2012-09-19,0.14,0.0,0.0,0.13633333333333333,0.14544444444444446,0.14,0.13
2012-09-20,0.14,0.0,0.0,0.1366666666666667,0.14522222222222222,0.14,0.13
2012-09-21,0.14,0.0,0.0,0.137,0.14500000000000002,0.14,0.13
2012-09-22,0.14,0.0,0.0,0.13733333333333334,0.14477777777777778,0.14,0.13
2012-09-23,0.14,0.0,0.0,0.1376666666666667,0.14455555555555558,0.14,0.13
2012-09-24,0.14,0.0,0.0,0.138,0.14433333333333334,0.14,0.13
2012-09-25,0.14,0.0,0.0,0.13833333333333334,0.1441111111111111,0.14,0.13
2012-09-26,0.14,0.0,0.0,0.1386666666666667,0.1438888888888889,0.14,0.13
2012-09-27,0.14,0.0,0.0,0.13900000000000004,0.14366666666666666,0.14,0.13
2012-09-28,0.14,0.0,0.0,0.13933333333333334,0.14344444444444446,0.14,0.13
2012-09-29,0.14,0.0,0.0,0.1396666666666667,0.14322222222222222,0.14,0.13
2012-09-30,0.14,0.0,0.0,0.14,0.143,0.14,0.13
2012-10-01,0.16,0.01999999999999999,0.1428571428571428,0.1406666666666667,0.14300000000000002,0.14,0.14
2012-10-02,0.16,0.0,0.0,0.14133333333333334,0.14300000000000002,0.14,0.14
2012-10-03,0.16,0.0,0.0,0.14200000000000002,0.14300000000000002,0.14,0.14
2012-10-04,0.16,0.0,0.0,0.1426666666666667,0.14300000000000002,0.14,0.14
2012-10-05,0.16,0.0,0.0,0.14333333333333334,0.14300000000000002,0.14,0.14
2012-10-06,0.16,0.0,0.0,0.14400000000000002,0.14300000000000002,0.14,0.14
2012-10-07,0.16,0.0,0.0,0.14466666666666667,0.14300000000000002,0.14,0.14
2012-10-08,0.16,0.0,0.0,0.14533333333333334,0.14300000000000002,0.16,0.14
2012-10-09,0.16,0.0,0.0,0.14600000000000002,0.14300000000000002,0.16,0.14
2012-10-10,0.16,0.0,0.0,0.14666666666666667,0.14300000000000002,0.16,0.14
2012-10-11,0.16,0.0,0.0,0.14733333333333334,0.143,0.16,0.14
2012-10-12,0.16,0.0,0.0,0.14800000000000002,0.143,0.16,0.14
2012-10-13,0.16,0.0,0.0,0.14866666666666667,0.14300000000000002,0.16,0.14
2012-10-14,0.16,0.0,0.0,0.14933333333333335,0.14300000000000002,0.16,0.14
2012-10-15,0.16,0.0,0.0,0.15,0.14300000000000002,0.16,0.14
2012-10-16,0.16,0.0,0.0,0.15066666666666667,0.14300000000000002,0.16,0.14
2012-10-17,0.16,0.0,0.0,0.15133333333333335,0.14300000000000002,0.16,0.14
2012-10-18,0.16,0.0,0.0,0.152,0.14300000000000002,0.16,0.14
2012-10-19,0.16,0.0,0.0,0.15266666666666667,0.14300000000000002,0.16,0.14
2012-10-20,0.16,0.0,0.0,0.15333333333333335,0.14300000000000002,0.16,0.14
2012-10-21,0.16,0.0,0.0,0.154,0.14300000000000002,0.16,0.14
2012-10-22,0.16,0.0,0.0,0.15466666666666667,0.14300000000000002,0.16,0.14
2012-10-23,0.16,0.0,0.0,0.15533333333333335,0.14300000000000002,0.16,0.14
2012-10-24,0.16,0.0,0.0,0.156,0.143,0.16,0.14
2012-10-25,0.16,0.0,0.0,0.15666666666666668,0.143,0.16,0.14
2012-10-26,0.16,0.0,0.0,0.15733333333333333,0.14300000000000002,0.16,0.14
2012-10-27,0.16,0.0,0.0,0.158,0.14300000000000002,0.16,0.14
2012-10-28,0.16,0.0,0.0,0.15866666666666668,0.14300000000000002,0.16,0.14
2012-10-29,0.16,0.0,0.0,0.15933333333333335,0.14300000000000002,0.16,0.14
2012-10-30,0.16,0.0,0.0,0.16,0.14333333333333334,0.16,0.14
2012-10-31,0.16,0.0,0.0,0.16,0.1436666666666667,0.16,0.16
2012-11-01,0.16,0.0,0.0,0.16,0.14400000000000002,0.16,0.16
2012-11-02,0.16,0.0,0.0,0.16,0.14433333333333337,0.16,0.16
2012-11-03,0.16,0.0,0.0,0.16,0.1446666666666667,0.16,0.16
2012-11-04,0.16,0.0,0.0,0.16,0.14500000000000002,0.16,0.16
2012-11-05,0.16,0.0,0.0,0.16,0.14533333333333334,0.16,0.16
2012-11-06,0.16,0.0,0.0,0.16,0.14566666666666667,0.16,0.16
2012-11-07,0.16,0.0,0.0,0.16,0.14600000000000002,0.16,0.16
2012-11-08,0.16,0.0,0.0,0.16,0.14633333333333334,0.16,0.16
2012-11-09,0.16,0.0,0.0,0.16,0.14666666666666667,0.16,0.16
2012-11-10,0.16,0.0,0.0,0.16,0.147,0.16,0.16
2012-11-11,0.16,0.0,0.0,0.16,0.14733333333333334,0.16,0.16
2012-11-12,0.16,0.0,0.0,0.16,0.14766666666666667,0.16,0.16
2012-11-13,0.16,0.0,0.0,0.16,0.148,0.16,0.16
2012-11-14,0.16,0.0,0.0,0.16,0.14833333333333334,0.16,0.16
2012-11-15,0.16,0.0,0.0,0.16,0.14866666666666667,0.16,0.16
2012-11-16,0.16,0.0,0.0,0.16,0.14900000000000002,0.16,0.16
2012-11-17,0.16,0.0,0.0,0.16,0.14933333333333335,0.16,0.16
2012-11-18,0.16,0.0,0.0,0.16,0.14966666666666667,0.16,0.16
2012-11-19,0.16,0.0,0.0,0.16,0.15,0.16,0.16
2012-11-20,0.16,0.0,0.0,0.16,0.15033333333333332,0.16,0.16
2012-11-21,0.16,0.0,0.0,0.16,0.15066666666666667,0.16,0.16
2012-11-22,0.16,0.0,0.0,0.16,0.151,0.16,0.16
2012-11-23,0.16,0.0,0.0,0.16,0.15133333333333335,0.16,0.16
2012-11-24,0.16,0.0,0.0,0.16,0.15166666666666667,0.16,0.16
2012-11-25,0.16,0.0,0.0,0.16,0.15200000000000002,0.16,0.16
2012-11-26,0.16,0.0,0.0,0.16,0.15233333333333335,0.16,0.16
2012-11-27,0.16,0.0,0.0,0.16,0.15266666666666667,0.16,0.16
2012-11-28,0.16,0.0,0.0,0.16,0.15300000000000002,0.16,0.16
2012-11-29,0.16,0.0,0.0,0.16,0.15333333333333335,0.16,0.16
2012-11-30,0.16,0.0,0.0,0.16,0.15355555555555558,0.16,0.16
2012-12-01,0.16,0.0,0.0,0.16,0.15377777777777776,0.16,0.16
2012-12-02,0.16,0.0,0.0,0.16,0.154,0.16,0.16
2012-12-03,0.16,0.0,0.0,0.16,0.15422222222222223,0.16,0.16
2012-12-04,0.16,0.0,0.0,0.16,0.15444444444444444,0.16,0.16
2012-12-05,0.16,0.0,0.0,0.16,0.15466666666666667,0.16,0.16
2012-12-06,0.16,0.0,0.0,0.16,0.1548888888888889,0.16,0.16
2012-12-07,0.16,0.0,0.0,0.16,0.15511111111111112,0.16,0.16
2012-12-08,0.16,0.0,0.0,0.16,0.15533333333333335,0.16,0.16
2012-12-09,0.16,0.0,0.0,0.16,0.15555555555555556,0.16,0.16
2012-12-10,0.16,0.0,0.0,0.16,0.1557777777777778,0.16,0.16
2012-12-11,0.16,0.0,0.0,0.16,0.156,0.16,0.16
2012-12-12,0.16,0.0,0.0,0.16,0.15622222222222223,0.16,0.16
2012-12-13,0.16,0.0,0.0,0.16,0.15644444444444447,0.16,0.16
2012-12-14,0.16,0.0,0.0,0.16,0.15666666666666668,0.16,0.16
2012-12-15,0.16,0.0,0.0,0.16,0.15688888888888888,0.16,0.16
2012-12-16,0.16,0.0,0.0,0.16,0.15711111111111112,0.16,0.16
2012-12-17,0.16,0.0,0.0,0.16,0.15733333333333333,0.16,0.16
2012-12-18,0.16,0.0,0.0,0.16,0.15755555555555556,0.16,0.16
2012-12-19,0.16,0.0,0.0,0.16,0.1577777777777778,0.16,0.16
2012-12-20,0.16,0.0,0.0,0.16,0.158,0.16,0.16
2012-12-21,0.16,0.0,0.0,0.16,0.15822222222222224,0.16,0.16
2012-12-22,0.16,0.0,0.0,0.16,0.15844444444444447,0.16,0.16
2012-12-23,0.16,0.0,0.0,0.16,0.15866666666666668,0.16,0.16
2012-12-24,0.16,0.0,0.0,0.16,0.15888888888888889,0.16,0.16
2012-12-25,0.16,0.0,0.0,0.16,0.15911111111111112,0.16,0.16
2012-12-26,0.16,0.0,0.0,0.16,0.15933333333333335,0.16,0.16
2012-12-27,0.16,0.0,0.0,0.16,0.15955555555555556,0.16,0.16
2012-12-28,0.16,0.0,0.0,0.16,0.15977777777777777,0.16,0.16
2012-12-29,0.16,0.0,0.0,0.16,0.16,0.16,0.16
2012-12-30,0.16,0.0,0.0,0.16,0.16,0.16,0.16
2012-12-31,0.16,0.0,0.0,0.16,0.16,0.16,0.16
2013-01-01,0.14,-0.01999999999999999,-0.12499999999999989,0.15933333333333335,0.1597777777777778,0.16,0.16
2013-01-02,0.14,0.0,0.0,0.15866666666666665,0.15955555555555556,0.16,0.16
2013-01-03,0.14,0.0,0.0,0.158,0.15933333333333333,0.16,0.16
2013-01-04,0.14,0.0,0.0,0.15733333333333333,0.15911111111111112,0.16,0.16
2013-01-05,0.14,0.0,0.0,0.15666666666666668,0.15888888888888889,0.16,0.16
2013-01-06,0.14,0.0,0.0,0.15600000000000003,0.15866666666666665,0.16,0.16
2013-01-07,0.14,0.0,0.0,0.15533333333333335,0.15844444444444444,0.16,0.16
2013-01-08,0.14,0.0,0.0,0.15466666666666667,0.15822222222222224,0.14,0.16
2013-01-09,0.14,0.0,0.0,0.154,0.158,0.14,0.16
2013-01-10,0.14,0.0,0.0,0.15333333333333332,0.1577777777777778,0.14,0.16
2013-01-11,0.14,0.0,0.0,0.15266666666666667,0.15755555555555556,0.14,0.16
2013-01-12,0.14,0.0,0.0,0.152,0.15733333333333333,0.14,0.16
2013-01-13,0.14,0.0,0.0,0.15133333333333338,0.15711111111111112,0.14,0.16
2013-01-14,0.14,0.0,0.0,0.15066666666666667,0.1568888888888889,0.14,0.16
2013-01-15,0.14,0.0,0.0,0.15,0.15666666666666668,0.14,0.16
2013-01-16,0.14,0.0,0.0,0.14933333333333335,0.15644444444444444,0.14,0.16
2013-01-17,0.14,0.0,0.0,0.14866666666666667,0.15622222222222223,0.14,0.16
2013-01-18,0.14,0.0,0.0,0.148,0.156,0.14,0.16
2013-01-19,0.14,0.0,0.0,0.14733333333333337,0.15577777777777777,0.14,0.16
2013-01-20,0.14,0.0,0.0,0.14666666666666667,0.15555555555555556,0.14,0.16
2013-01-21,0.14,0.0,0.0,0.14600000000000002,0.15533333333333335,0.14,0.16
2013-01-22,0.14,0.0,0.0,0.14533333333333334,0.15511111111111112,0.14,0.16
2013-01-23,0.14,0.0,0.0,0.14466666666666667,0.1548888888888889,0.14,0.16
2013-01-24,0.14,0.0,0.0,0.14400000000000002,0.15466666666666667,0.14,0.16
2013-01-25,0.14,0.0,0.0,0.14333333333333334,0.15444444444444444,0.14,0.16
2013-01-26,0.14,0.0,0.0,0.1426666666666667,0.15422222222222223,0.14,0.16
2013-01-27,0.14,0.0,0.0,0.14200000000000002,0.15400000000000003,0.14,0.16
2013-01-28,0.14,0.0,0.0,0.14133333333333334,0.15377777777777776,0.14,0.16
2013-01-29,0.14,0.0,0.0,0.1406666666666667,0.15355555555555556,0.14,0.16
2013-01-30,0.14,0.0,0.0,0.14,0.15333333333333335,0.14,0.16
2013-01-31,0.14,0.0,0.0,0.14,0.15311111111111111,0.14,0.14
2013-02-01,0.15,0.009999999999999981,0.0714285714285714,0.14033333333333337,0.153,0.14,0.14
2013-02-02,0.15,0.0,0.0,0.1406666666666667,0.15288888888888888,0.14,0.14
2013-02-03,0.15,0.0,0.0,0.14100000000000001,0.1527777777777778,0.14,0.14
2013-02-04,0.15,0.0,0.0,0.14133333333333334,0.1526666666666667,0.14,0.14
2013-02-05,0.15,0.0,0.0,0.14166666666666666,0.15255555555555556,0.14,0.14
2013-02-06,0.15,0.0,0.0,0.14200000000000002,0.15244444444444444,0.14,0.14
2013-02-07,0.15,0.0,0.0,0.14233333333333334,0.15233333333333335,0.14,0.14
2013-02-08,0.15,0.0,0.0,0.14266666666666666,0.15222222222222223,0.15,0.14
2013-02-09,0.15,0.0,0.0,0.14300000000000004,0.1521111111111111,0.15,0.14
2013-02-10,0.15,0.0,0.0,0.14333333333333334,0.152,0.15,0.14
2013-02-11,0.15,0.0,0.0,0.1436666666666667,0.15188888888888888,0.15,0.14
2013-02-12,0.15,0.0,0.0,0.14400000000000002,0.1517777777777778,0.15,0.14
2013-02-13,0.15,0.0,0.0,0.14433333333333334,0.15166666666666667,0.15,0.14
2013-02-14,0.15,0.0,0.0,0.1446666666666667,0.15155555555555555,0.15,0.14
2013-02-15,0.15,0.0,0.0,0.145,0.15144444444444444,0.15,0.14
2013-02-16,0.15,0.0,0.0,0.14533333333333334,0.15133333333333335,0.15,0.14
2013-02-17,0.15,0.0,0.0,0.14566666666666667,0.15122222222222223,0.15,0.14
2013-02-18,0.15,0.0,0.0,0.146,0.15111111111111114,0.15,0.14
2013-02-19,0.15,0.0,0.0,0.14633333333333334,0.15100000000000002,0.15,0.14
2013-02-20,0.15,0.0,0.0,0.14666666666666664,0.15088888888888888,0.15,0.14
2013-02-21,0.15,0.0,0.0,0.147,0.1507777777777778,0.15,0.14
2013-02-22,0.15,0.0,0.0,0.14733333333333334,0.15066666666666667,0.15,0.14
2013-02-23,0.15,0.0,0.0,0.14766666666666667,0.15055555555555555,0.15,0.14
2013-02-24,0.15,0.0,0.0,0.14800000000000002,0.15044444444444446,0.15,0.14
2013-02-25,0.15,0.0,0.0,0.14833333333333334,0.15033333333333332,0.15,0.14
2013-02-26,0.15,0.0,0.0,0.14866666666666667,0.15022222222222223,0.15,0.14
2013-02-27,0.15,0.0,0.0,0.149,0.1501111111111111,0.15,0.14
2013-02-28,0.15,0.0,0.0,0.14933333333333332,0.15,0.15,0.14
2013-03-01,0.14,-0.009999999999999981,-0.06666666666666654,0.14933333333333332,0.1497777777777778,0.15,0.14
2013-03-02,0.14,0.0,0.0,0.14933333333333335,0.14955555555555555,0.15,0.14
2013-03-03,0.14,0.0,0.0,0.149,0.14933333333333335,0.15,0.15
2013-03-04,0.14,0.0,0.0,0.14866666666666664,0.14911111111111114,0.15,0.15
2013-03-05,0.14,0.0,0.0,0.14833333333333334,0.1488888888888889,0.15,0.15
2013-03-06,0.14,0.0,0.0,0.148,0.14866666666666667,0.15,0.15
2013-03-07,0.14,0.0,0.0,0.1476666666666667,0.14844444444444446,0.15,0.15
2013-03-08,0.14,0.0,0.0,0.14733333333333334,0.14822222222222223,0.14,0.15
2013-03-09,0.14,0.0,0.0,0.14699999999999996,0.148,0.14,0.15
2013-03-10,0.14,0.0,0.0,0.14666666666666667,0.14777777777777779,0.14,0.15
2013-03-11,0.14,0.0,0.0,0.14633333333333332,0.14755555555555555,0.14,0.15
2013-03-12,0.14,0.0,0.0,0.14600000000000002,0.14733333333333334,0.14,0.15
2013-03-13,0.14,0.0,0.0,0.14566666666666667,0.1471111111111111,0.14,0.15
2013-03-14,0.14,0.0,0.0,0.14533333333333334,0.1468888888888889,0.14,0.15
2013-03-15,0.14,0.0,0.0,0.14500000000000002,0.14666666666666667,0.14,0.15
2013-03-16,0.14,0.0,0.0,0.14466666666666667,0.14644444444444446,0.14,0.15
2013-03-17,0.14,0.0,0.0,0.14433333333333334,0.14622222222222223,0.14,0.15
2013-03-18,0.14,0.0,0.0,0.14400000000000002,0.14600000000000002,0.14,0.15
2013-03-19,0.14,0.0,0.0,0.1436666666666667,0.14577777777777778,0.14,0.15
2013-03-20,0.14,0.0,0.0,0.14333333333333337,0.14555555555555558,0.14,0.15
2013-03-21,0.14,0.0,0.0,0.143,0.14533333333333334,0.14,0.15
2013-03-22,0.14,0.0,0.0,0.14266666666666666,0.1451111111111111,0.14,0.15
2013-03-23,0.14,0.0,0.0,0.14233333333333334,0.1448888888888889,0.14,0.15
2013-03-24,0.14,0.0,0.0,0.14200000000000002,0.14466666666666667,0.14,0.15
2013-03-25,0.14,0.0,0.0,0.14166666666666666,0.14444444444444443,0.14,0.15
2013-03-26,0.14,0.0,0.0,0.14133333333333334,0.14422222222222222,0.14,0.15
2013-03-27,0.14,0.0,0.0,0.14100000000000001,0.14400000000000002,0.14,0.15
2013-03-28,0.14,0.0,0.0,0.1406666666666667,0.14377777777777778,0.14,0.15
2013-03-29,0.14,0.0,0.0,0.14033333333333337,0.14355555555555558,0.14,0.15
2013-03-30,0.14,0.0,0.0,0.14,0.14333333333333334,0.14,0.15
2013-03-31,0.14,0.0,0.0,0.14,0.14311111111111113,0.14,0.14
2013-04-01,0.15,0.009999999999999981,0.0714285714285714,0.14033333333333334,0.14322222222222222,0.14,0.14
2013-04-02,0.15,0.0,0.0,0.1406666666666667,0.14333333333333334,0.14,0.14
2013-04-03,0.15,0.0,0.0,0.141,0.14344444444444446,0.14,0.14
2013-04-04,0.15,0.0,0.0,0.14133333333333334,0.14355555555555555,0.14,0.14
2013-04-05,0.15,0.0,0.0,0.1416666666666667,0.14366666666666666,0.14,0.14
2013-04-06,0.15,0.0,0.0,0.142,0.14377777777777778,0.14,0.14
2013-04-07,0.15,0.0,0.0,0.14233333333333334,0.1438888888888889,0.14,0.14
2013-04-08,0.15,0.0,0.0,0.14266666666666666,0.144,0.15,0.14
2013-04-09,0.15,0.0,0.0,0.143,0.1441111111111111,0.15,0.14
2013-04-10,0.15,0.0,0.0,0.14333333333333337,0.14422222222222222,0.15,0.14
2013-04-11,0.15,0.0,0.0,0.14366666666666666,0.14433333333333334,0.15,0.14
2013-04-12,0.15,0.0,0.0,0.14400000000000002,0.14444444444444446,0.15,0.14
2013-04-13,0.15,0.0,0.0,0.14433333333333334,0.14455555555555555,0.15,0.14
2013-04-14,0.15,0.0,0.0,0.14466666666666667,0.14466666666666667,0.15,0.14
2013-04-15,0.15,0.0,0.0,0.14500000000000002,0.14477777777777778,0.15,0.14
2013-04-16,0.15,0.0,0.0,0.14533333333333334,0.1448888888888889,0.15,0.14
2013-04-17,0.15,0.0,0.0,0.14566666666666667,0.14500000000000002,0.15,0.14
2013-04-18,0.15,0.0,0.0,0.146,0.1451111111111111,0.15,0.14
2013-04-19,0.15,0.0,0.0,0.14633333333333334,0.14522222222222222,0.15,0.14
2013-04-20,0.15,0.0,0.0,0.14666666666666667,0.14533333333333334,0.15,0.14
2013-04-21,0.15,0.0,0.0,0.147,0.14544444444444443,0.15,0.14
2013-04-22,0.15,0.0,0.0,0.14733333333333334,0.14555555555555558,0.15,0.14
2013-04-23,0.15,0.0,0.0,0.14766666666666667,0.14566666666666667,0.15,0.14
2013-04-24,0.15,0.0,0.0,0.14800000000000002,0.14577777777777776,0.15,0.14
2013-04-25,0.15,0.0,0.0,0.14833333333333332,0.1458888888888889,0.15,0.14
2013-04-26,0.15,0.0,0.0,0.14866666666666667,0.14600000000000002,0.15,0.14
2013-04-27,0.15,0.0,0.0,0.14900000000000002,0.1461111111111111,0.15,0.14
2013-04-28,0.15,0.0,0.0,0.14933333333333332,0.14622222222222223,0.15,0.14
2013-04-29,0.15,0.0,0.0,0.14966666666666667,0.14633333333333334,0.15,0.14
2013-04-30,0.15,0.0,0.0,0.15,0.14644444444444443,0.15,0.14
2013-05-01,0.11,-0.039999999999999994,-0.2666666666666666,0.14866666666666667,0.1461111111111111,0.15,0.15
2013-05-02,0.11,0.0,0.0,0.14733333333333334,0.14566666666666667,0.15,0.15
2013-05-03,0.11,0.0,0.0,0.146,0.14522222222222222,0.15,0.15
2013-05-04,0.11,0.0,0.0,0.14466666666666667,0.14477777777777778,0.15,0.15
2013-05-05,0.11,0.0,0.0,0.14333333333333334,0.14433333333333334,0.15,0.15
2013-05-06,0.11,0.0,0.0,0.142,0.1438888888888889,0.15,0.15
2013-05-07,0.11,0.0,0.0,0.14066666666666666,0.14344444444444446,0.15,0.15
2013-05-08,0.11,0.0,0.0,0.13933333333333336,0.14300000000000002,0.11,0.15
2013-05-09,0.11,0.0,0.0,0.13799999999999998,0.14255555555555555,0.11,0.15
2013-05-10,0.11,0.0,0.0,0.13666666666666666,0.1421111111111111,0.11,0.15
2013-05-11,0.11,0.0,0.0,0.13533333333333333,0.14166666666666666,0.11,0.15
2013-05-12,0.11,0.0,0.0,0.13399999999999998,0.14122222222222222,0.11,0.15
2013-05-13,0.11,0.0,0.0,0.13266666666666665,0.14077777777777778,0.11,0.15
2013-05-14,0.11,0.0,0.0,0.13133333333333333,0.1403333333333333,0.11,0.15
2013-05-15,0.11,0.0,0.0,0.13,0.1398888888888889,0.11,0.15
2013-05-16,0.11,0.0,0.0,0.12866666666666665,0.13944444444444445,0.11,0.15
2013-05-17,0.11,0.0,0.0,0.12733333333333335,0.13899999999999998,0.11,0.15
2013-05-18,0.11,0.0,0.0,0.126,0.13855555555555557,0.11,0.15
2013-05-19,0.11,0.0,0.0,0.12466666666666666,0.1381111111111111,0.11,0.15
2013-05-20,0.11,0.0,0.0,0.12333333333333334,0.13766666666666666,0.11,0.15
2013-05-21,0.11,0.0,0.0,0.12200000000000001,0.13722222222222225,0.11,0.15
2013-05-22,0.11,0.0,0.0,0.12066666666666667,0.13677777777777778,0.11,0.15
2013-05-23,0.11,0.0,0.0,0.11933333333333332,0.13633333333333333,0.11,0.15
2013-05-24,0.11,0.0,0.0,0.11800000000000001,0.1358888888888889,0.11,0.15
2013-05-25,0.11,0.0,0.0,0.11666666666666667,0.13544444444444445,0.11,0.15
2013-05-26,0.11,0.0,0.0,0.11533333333333333,0.135,0.11,0.15
2013-05-27,0.11,0.0,0.0,0.114,0.13455555555555557,0.11,0.15
2013-05-28,0.11,0.0,0.0,0.11266666666666666,0.13411111111111113,0.11,0.15
2013-05-29,0.11,0.0,0.0,0.11133333333333333,0.13366666666666666,0.11,0.15
2013-05-30,0.11,0.0,0.0,0.11,0.13333333333333336,0.11,0.15
2013-05-31,0.11,0.0,0.0,0.11,0.133,0.11,0.11
2013-06-01,0.09,-0.020000000000000004,-0.18181818181818188,0.10933333333333334,0.13244444444444445,0.11,0.11
2013-06-02,0.09,0.0,0.0,0.10866666666666666,0.1318888888888889,0.11,0.11
2013-06-03,0.09,0.0,0.0,0.10800000000000001,0.13133333333333333,0.11,0.11
2013-06-04,0.09,0.0,0.0,0.10733333333333334,0.13077777777777777,0.11,0.11
2013-06-05,0.09,0.0,0.0,0.10666666666666666,0.1302222222222222,0.11,0.11
2013-06-06,0.09,0.0,0.0,0.106,0.12966666666666665,0.11,0.11
2013-06-07,0.09,0.0,0.0,0.10533333333333333,0.1291111111111111,0.11,0.11
2013-06-08,0.09,0.0,0.0,0.10466666666666667,0.12855555555555556,0.09,0.11
2013-06-09,0.09,0.0,0.0,0.104,0.128,0.09,0.11
2013-06-10,0.09,0.0,0.0,0.10333333333333333,0.12744444444444444,0.09,0.11
2013-06-11,0.09,0.0,0.0,0.10266666666666667,0.12688888888888888,0.09,0.11
2013-06-12,0.09,0.0,0.0,0.102,0.12633333333333335,0.09,0.11
2013-06-13,0.09,0.0,0.0,0.10133333333333333,0.1257777777777778,0.09,0.11
2013-06-14,0.09,0.0,0.0,0.10066666666666667,0.1252222222222222,0.09,0.11
2013-06-15,0.09,0.0,0.0,0.1,0.12466666666666668,0.09,0.11
2013-06-16,0.09,0.0,0.0,0.09933333333333333,0.12411111111111112,0.09,0.11
2013-06-17,0.09,0.0,0.0,0.09866666666666667,0.12355555555555554,0.09,0.11
2013-06-18,0.09,0.0,0.0,0.098,0.123,0.09,0.11
2013-06-19,0.09,0.0,0.0,0.09733333333333334,0.12244444444444444,0.09,0.11
2013-06-20,0.09,0.0,0.0,0.09666666666666666,0.12188888888888888,0.09,0.11
2013-06-21,0.09,0.0,0.0,0.096,0.12133333333333333,0.09,0.11
2013-06-22,0.09,0.0,0.0,0.09533333333333333,0.12077777777777779,0.09,0.11
2013-06-23,0.09,0.0,0.0,0.09466666666666666,0.12022222222222223,0.09,0.11
2013-06-24,0.09,0.0,0.0,0.094,0.11966666666666666,0.09,0.11
2013-06-25,0.09,0.0,0.0,0.09333333333333332,0.11911111111111111,0.09,0.11
2013-06-26,0.09,0.0,0.0,0.09266666666666667,0.11855555555555555,0.09,0.11
2013-06-27,0.09,0.0,0.0,0.092,0.118,0.09,0.11
2013-06-28,0.09,0.0,0.0,0.09133333333333332,0.11744444444444445,0.09,0.11
2013-06-29,0.09,0.0,0.0,0.09066666666666667,0.11688888888888889,0.09,0.11
2013-06-30,0.09,0.0,0.0,0.09,0.11622222222222221,0.09,0.11
2013-07-01,0.09,0.0,0.0,0.09,0.11555555555555554,0.09,0.09
2013-07-02,0.09,0.0,0.0,0.09,0.11488888888888889,0.09,0.09
2013-07-03,0.09,0.0,0.0,0.09,0.11422222222222221,0.09,0.09
2013-07-04,0.09,0.0,0.0,0.09,0.11355555555555556,0.09,0.09
2013-07-05,0.09,0.0,0.0,0.09,0.11288888888888889,0.09,0.09
2013-07-06,0.09,0.0,0.0,0.09,0.11222222222222222,0.09,0.09
2013-07-07,0.09,0.0,0.0,0.09,0.11155555555555556,0.09,0.09
2013-07-08,0.09,0.0,0.0,0.09,0.1108888888888889,0.09,0.09
2013-07-09,0.09,0.0,0.0,0.09,0.11022222222222222,0.09,0.09
2013-07-10,0.09,0.0,0.0,0.09,0.10955555555555554,0.09,0.09
2013-07-11,0.09,0.0,0.0,0.09,0.10888888888888888,0.09,0.09
2013-07-12,0.09,0.0,0.0,0.09,0.10822222222222222,0.09,0.09
2013-07-13,0.09,0.0,0.0,0.09,0.10755555555555556,0.09,0.09
2013-07-14,0.09,0.0,0.0,0.09,0.10688888888888888,0.09,0.09
2013-07-15,0.09,0.0,0.0,0.09,0.1062222222222222,0.09,0.09
2013-07-16,0.09,0.0,0.0,0.09,0.10555555555555554,0.09,0.09
2013-07-17,0.09,0.0,0.0,0.09,0.1048888888888889,0.09,0.09
2013-07-18,0.09,0.0,0.0,0.09,0.10422222222222223,0.09,0.09
2013-07-19,0.09,0.0,0.0,0.09,0.10355555555555555,0.09,0.09
2013-07-20,0.09,0.0,0.0,0.09,0.10288888888888889,0.09,0.09
2013-07-21,0.09,0.0,0.0,0.09,0.10222222222222221,0.09,0.09
2013-07-22,0.09,0.0,0.0,0.09,0.10155555555555557,0.09,0.09
2013-07-23,0.09,0.0,0.0,0.09,0.10088888888888889,0.09,0.09
2013-07-24,0.09,0.0,0.0,0.09,0.10022222222222221,0.09,0.09
2013-07-25,0.09,0.0,0.0,0.09,0.09955555555555555,0.09,0.09
2013-07-26,0.09,0.0,0.0,0.09,0.09888888888888887,0.09,0.09
2013-07-27,0.09,0.0,0.0,0.09,0.09822222222222222,0.09,0.09
2013-07-28,0.09,0.0,0.0,0.09,0.09755555555555555,0.09,0.09
2013-07-29,0.09,0.0,0.0,0.09,0.0968888888888889,0.09,0.09
2013-07-30,0.09,0.0,0.0,0.09,0.09666666666666668,0.09,0.09
2013-07-31,0.09,0.0,0.0,0.09,0.09644444444444444,0.09,0.09
2013-08-01,0.08,-0.009999999999999995,-0.11111111111111105,0.08966666666666664,0.09611111111111112,0.09,0.09
2013-08-02,0.08,0.0,0.0,0.08933333333333332,0.0957777777777778,0.09,0.09
2013-08-03,0.08,0.0,0.0,0.089,0.09544444444444444,0.09,0.09
2013-08-04,0.08,0.0,0.0,0.08866666666666666,0.09511111111111112,0.09,0.09
2013-08-05,0.08,0.0,0.0,0.08833333333333333,0.09477777777777777,0.09,0.09
2013-08-06,0.08,0.0,0.0,0.08800000000000001,0.09444444444444443,0.09,0.09
2013-08-07,0.08,0.0,0.0,0.08766666666666668,0.0941111111111111,0.09,0.09
2013-08-08,0.08,0.0,0.0,0.08733333333333332,0.09377777777777777,0.08,0.09
2013-08-09,0.08,0.0,0.0,0.087,0.09344444444444444,0.08,0.09
2013-08-10,0.08,0.0,0.0,0.08666666666666667,0.0931111111111111,0.08,0.09
2013-08-11,0.08,0.0,0.0,0.08633333333333333,0.09277777777777778,0.08,0.09
2013-08-12,0.08,0.0,0.0,0.08600000000000001,0.09244444444444445,0.08,0.09
2013-08-13,0.08,0.0,0.0,0.08566666666666668,0.0921111111111111,0.08,0.09
2013-08-14,0.08,0.0,0.0,0.08533333333333332,0.09177777777777778,0.08,0.09
2013-08-15,0.08,0.0,0.0,0.08499999999999999,0.09144444444444445,0.08,0.09
2013-08-16,0.08,0.0,0.0,0.08466666666666667,0.0911111111111111,0.08,0.09
2013-08-17,0.08,0.0,0.0,0.08433333333333333,0.09077777777777778,0.08,0.09
2013-08-18,0.08,0.0,0.0,0.084,0.09044444444444445,0.08,0.09
2013-08-19,0.08,0.0,0.0,0.08366666666666668,0.0901111111111111,0.08,0.09
2013-08-20,0.08,0.0,0.0,0.08333333333333333,0.08977777777777778,0.08,0.09
2013-08-21,0.08,0.0,0.0,0.08299999999999999,0.08944444444444444,0.08,0.09
2013-08-22,0.08,0.0,0.0,0.08266666666666667,0.08911111111111111,0.08,0.09
2013-08-23,0.08,0.0,0.0,0.08233333333333334,0.08877777777777777,0.08,0.09
2013-08-24,0.08,0.0,0.0,0.082,0.08844444444444444,0.08,0.09
2013-08-25,0.08,0.0,0.0,0.08166666666666668,0.08811111111111111,0.08,0.09
2013-08-26,0.08,0.0,0.0,0.08133333333333334,0.08777777777777777,0.08,0.09
2013-08-27,0.08,0.0,0.0,0.08099999999999999,0.08744444444444444,0.08,0.09
2013-08-28,0.08,0.0,0.0,0.08066666666666666,0.08711111111111111,0.08,0.09
2013-08-29,0.08,0.0,0.0,0.08033333333333334,0.08677777777777777,0.08,0.09
2013-08-30,0.08,0.0,0.0,0.08,0.08666666666666667,0.08,0.09
2013-08-31,0.08,0.0,0.0,0.08,0.08655555555555555,0.08,0.08
2013-09-01,0.08,0.0,0.0,0.08,0.08644444444444445,0.08,0.08
2013-09-02,0.08,0.0,0.0,0.08,0.08633333333333335,0.08,0.08
2013-09-03,0.08,0.0,0.0,0.08,0.08622222222222221,0.08,0.08
2013-09-04,0.08,0.0,0.0,0.08,0.08611111111111111,0.08,0.08
2013-09-05,0.08,0.0,0.0,0.08,0.08600000000000001,0.08,0.08
2013-09-06,0.08,0.0,0.0,0.08,0.08588888888888889,0.08,0.08
2013-09-07,0.08,0.0,0.0,0.08,0.08577777777777777,0.08,0.08
2013-09-08,0.08,0.0,0.0,0.08,0.08566666666666667,0.08,0.08
2013-09-09,0.08,0.0,0.0,0.08,0.08555555555555555,0.08,0.08
2013-09-10,0.08,0.0,0.0,0.08,0.08544444444444443,0.08,0.08
2013-09-11,0.08,0.0,0.0,0.08,0.08533333333333333,0.08,0.08
2013-09-12,0.08,0.0,0.0,0.08,0.08522222222222223,0.08,0.08
2013-09-13,0.08,0.0,0.0,0.08,0.08511111111111111,0.08,0.08
2013-09-14,0.08,0.0,0.0,0.08,0.085,0.08,0.08
2013-09-15,0.08,0.0,0.0,0.08,0.08488888888888889,0.08,0.08
2013-09-16,0.08,0.0,0.0,0.08,0.08477777777777777,0.08,0.08
2013-09-17,0.08,0.0,0.0,0.08,0.08466666666666667,0.08,0.08
2013-09-18,0.08,0.0,0.0,0.08,0.08455555555555555,0.08,0.08
2013-09-19,0.08,0.0,0.0,0.08,0.08444444444444445,0.08,0.08
2013-09-20,0.08,0.0,0.0,0.08,0.08433333333333333,0.08,0.08
2013-09-21,0.08,0.0,0.0,0.08,0.08422222222222223,0.08,0.08
2013-09-22,0.08,0.0,0.0,0.08,0.08411111111111111,0.08,0.08
2013-09-23,0.08,0.0,0.0,0.08,0.08399999999999999,0.08,0.08
2013-09-24,0.08,0.0,0.0,0.08,0.08388888888888889,0.08,0.08
2013-09-25,0.08,0.0,0.0,0.08,0.08377777777777778,0.08,0.08
2013-09-26,0.08,0.0,0.0,0.08,0.08366666666666667,0.08,0.08
2013-09-27,0.08,0.0,0.0,0.08,0.08355555555555556,0.08,0.08
2013-09-28,0.08,0.0,0.0,0.08,0.08344444444444445,0.08,0.08
2013-09-29,0.08,0.0,0.0,0.08,0.08333333333333333,0.08,0.08
2013-09-30,0.08,0.0,0.0,0.08,0.08322222222222223,0.08,0.08
2013-10-01,0.09,0.009999999999999995,0.125,0.08033333333333333,0.08322222222222223,0.08,0.08
2013-10-02,0.09,0.0,0.0,0.08066666666666668,0.08322222222222223,0.08,0.08
2013-10-03,0.09,0.0,0.0,0.081,0.08322222222222223,0.08,0.08
2013-10-04,0.09,0.0,0.0,0.08133333333333333,0.08322222222222223,0.08,0.08
2013-10-05,0.09,0.0,0.0,0.08166666666666668,0.08322222222222221,0.08,0.08
2013-10-06,0.09,0.0,0.0,0.082,0.08322222222222223,0.08,0.08
2013-10-07,0.09,0.0,0.0,0.08233333333333333,0.08322222222222223,0.08,0.08
2013-10-08,0.09,0.0,0.0,0.08266666666666667,0.08322222222222223,0.09,0.08
2013-10-09,0.09,0.0,0.0,0.083,0.08322222222222223,0.09,0.08
2013-10-10,0.09,0.0,0.0,0.08333333333333333,0.08322222222222223,0.09,0.08
2013-10-11,0.09,0.0,0.0,0.08366666666666668,0.08322222222222221,0.09,0.08
2013-10-12,0.09,0.0,0.0,0.084,0.08322222222222221,0.09,0.08
2013-10-13,0.09,0.0,0.0,0.08433333333333333,0.08322222222222223,0.09,0.08
2013-10-14,0.09,0.0,0.0,0.08466666666666667,0.08322222222222223,0.09,0.08
2013-10-15,0.09,0.0,0.0,0.085,0.08322222222222223,0.09,0.08
2013-10-16,0.09,0.0,0.0,0.08533333333333333,0.08322222222222223,0.09,0.08
2013-10-17,0.09,0.0,0.0,0.08566666666666665,0.08322222222222223,0.09,0.08
2013-10-18,0.09,0.0,0.0,0.08600000000000001,0.08322222222222221,0.09,0.08
2013-10-19,0.09,0.0,0.0,0.08633333333333333,0.08322222222222223,0.09,0.08
2013-10-20,0.09,0.0,0.0,0.08666666666666666,0.08322222222222223,0.09,0.08
2013-10-21,0.09,0.0,0.0,0.087,0.08322222222222223,0.09,0.08
2013-10-22,0.09,0.0,0.0,0.08733333333333333,0.08322222222222223,0.09,0.08
2013-10-23,0.09,0.0,0.0,0.08766666666666666,0.08322222222222223,0.09,0.08
2013-10-24,0.09,0.0,0.0,0.08800000000000001,0.08322222222222221,0.09,0.08
2013-10-25,0.09,0.0,0.0,0.08833333333333333,0.08322222222222221,0.09,0.08
2013-10-26,0.09,0.0,0.0,0.08866666666666666,0.08322222222222223,0.09,0.08
2013-10-27,0.09,0.0,0.0,0.089,0.08322222222222223,0.09,0.08
2013-10-28,0.09,0.0,0.0,0.08933333333333333,0.08322222222222223,0.09,0.08
2013-10-29,0.09,0.0,0.0,0.08966666666666666,0.08322222222222223,0.09,0.08
2013-10-30,0.09,0.0,0.0,0.09,0.08333333333333333,0.09,0.08
2013-10-31,0.09,0.0,0.0,0.09,0.08344444444444445,0.09,0.09
2013-11-01,0.08,-0.009999999999999995,-0.11111111111111105,0.08966666666666666,0.08344444444444445,0.09,0.09
2013-11-02,0.08,0.0,0.0,0.08933333333333332,0.08344444444444445,0.09,0.09
2013-11-03,0.08,0.0,0.0,0.089,0.08344444444444445,0.09,0.09
2013-11-04,0.08,0.0,0.0,0.08866666666666666,0.08344444444444445,0.09,0.09
2013-11-05,0.08,0.0,0.0,0.08833333333333333,0.08344444444444445,0.09,0.09
2013-11-06,0.08,0.0,0.0,0.08800000000000001,0.08344444444444445,0.09,0.09
2013-11-07,0.08,0.0,0.0,0.08766666666666666,0.08344444444444445,0.09,0.09
2013-11-08,0.08,0.0,0.0,0.08733333333333333,0.08344444444444445,0.08,0.09
2013-11-09,0.08,0.0,0.0,0.087,0.08344444444444445,0.08,0.09
2013-11-10,0.08,0.0,0.0,0.08666666666666666,0.08344444444444445,0.08,0.09
2013-11-11,0.08,0.0,0.0,0.08633333333333333,0.08344444444444445,0.08,0.09
2013-11-12,0.08,0.0,0.0,0.08600000000000001,0.08344444444444445,0.08,0.09
2013-11-13,0.08,0.0,0.0,0.08566666666666668,0.08344444444444445,0.08,0.09
2013-11-14,0.08,0.0,0.0,0.08533333333333333,0.08344444444444445,0.08,0.09
2013-11-15,0.08,0.0,0.0,0.08499999999999999,0.08344444444444445,0.08,0.09
2013-11-16,0.08,0.0,0.0,0.08466666666666667,0.08344444444444445,0.08,0.09
2013-11-17,0.08,0.0,0.0,0.08433333333333333,0.08344444444444445,0.08,0.09
2013-11-18,0.08,0.0,0.0,0.084,0.08344444444444445,0.08,0.09
2013-11-19,0.08,0.0,0.0,0.08366666666666668,0.08344444444444445,0.08,0.09
2013-11-20,0.08,0.0,0.0,0.08333333333333333,0.08344444444444445,0.08,0.09
2013-11-21,0.08,0.0,0.0,0.083,0.08344444444444445,0.08,0.09
2013-11-22,0.08,0.0,0.0,0.08266666666666667,0.08344444444444445,0.08,0.09
2013-11-23,0.08,0.0,0.0,0.08233333333333333,0.08344444444444445,0.08,0.09
2013-11-24,0.08,0.0,0.0,0.082,0.08344444444444445,0.08,0.09
2013-11-25,0.08,0.0,0.0,0.08166666666666668,0.08344444444444445,0.08,0.09
2013-11-26,0.08,0.0,0.0,0.08133333333333333,0.08344444444444445,0.08,0.09
2013-11-27,0.08,0.0,0.0,0.081,0.08344444444444445,0.08,0.09
2013-11-28,0.08,0.0,0.0,0.08066666666666666,0.08344444444444445,0.08,0.09
2013-11-29,0.08,0.0,0.0,0.08033333333333334,0.08344444444444445,0.08,0.09
2013-11-30,0.08,0.0,0.0,0.08,0.08344444444444445,0.08,0.09
2013-12-01,0.09,0.009999999999999995,0.125,0.08033333333333333,0.08355555555555555,0.08,0.08
2013-12-02,0.09,0.0,0.0,0.08066666666666668,0.08366666666666665,0.08,0.08
2013-12-03,0.09,0.0,0.0,0.081,0.08377777777777778,0.08,0.08
2013-12-04,0.09,0.0,0.0,0.08133333333333333,0.08388888888888889,0.08,0.08
2013-12-05,0.09,0.0,0.0,0.08166666666666668,0.084,0.08,0.08
2013-12-06,0.09,0.0,0.0,0.082,0.08411111111111111,0.08,0.08
2013-12-07,0.09,0.0,0.0,0.08233333333333333,0.08422222222222223,0.08,0.08
2013-12-08,0.09,0.0,0.0,0.08266666666666667,0.08433333333333333,0.09,0.08
2013-12-09,0.09,0.0,0.0,0.083,0.08444444444444445,0.09,0.08
2013-12-10,0.09,0.0,0.0,0.08333333333333333,0.08455555555555556,0.09,0.08
2013-12-11,0.09,0.0,0.0,0.08366666666666668,0.08466666666666667,0.09,0.08
2013-12-12,0.09,0.0,0.0,0.084,0.08477777777777777,0.09,0.08
2013-12-13,0.09,0.0,0.0,0.08433333333333333,0.08488888888888889,0.09,0.08
2013-12-14,0.09,0.0,0.0,0.08466666666666667,0.08499999999999999,0.09,0.08
2013-12-15,0.09,0.0,0.0,0.085,0.08511111111111111,0.09,0.08
2013-12-16,0.09,0.0,0.0,0.08533333333333333,0.08522222222222223,0.09,0.08
2013-12-17,0.09,0.0,0.0,0.08566666666666665,0.08533333333333333,0.09,0.08
2013-12-18,0.09,0.0,0.0,0.08600000000000001,0.08544444444444445,0.09,0.08
2013-12-19,0.09,0.0,0.0,0.08633333333333333,0.08555555555555555,0.09,0.08
2013-12-20,0.09,0.0,0.0,0.08666666666666666,0.08566666666666667,0.09,0.08
2013-12-21,0.09,0.0,0.0,0.087,0.08577777777777777,0.09,0.08
2013-12-22,0.09,0.0,0.0,0.08733333333333333,0.08588888888888889,0.09,0.08
2013-12-23,0.09,0.0,0.0,0.08766666666666666,0.08600000000000001,0.09,0.08
2013-12-24,0.09,0.0,0.0,0.08800000000000001,0.08611111111111111,0.09,0.08
2013-12-25,0.09,0.0,0.0,0.08833333333333333,0.08622222222222221,0.09,0.08
2013-12-26,0.09,0.0,0.0,0.08866666666666666,0.08633333333333333,0.09,0.08
2013-12-27,0.09,0.0,0.0,0.089,0.08644444444444443,0.09,0.08
2013-12-28,0.09,0.0,0.0,0.08933333333333333,0.08655555555555555,0.09,0.08
2013-12-29,0.09,0.0,0.0,0.08966666666666666,0.08666666666666667,0.09,0.08
2013-12-30,0.09,0.0,0.0,0.09,0.08666666666666667,0.09,0.08
2013-12-31,0.09,0.0,0.0,0.09,0.08666666666666667,0.09,0.09
2014-01-01,0.07,-0.01999999999999999,-0.2222222222222221,0.08933333333333332,0.08644444444444445,0.09,0.09
2014-01-02,0.07,0.0,0.0,0.08866666666666667,0.08622222222222221,0.09,0.09
2014-01-03,0.07,0.0,0.0,0.08800000000000001,0.08600000000000001,0.09,0.09
2014-01-04,0.07,0.0,0.0,0.08733333333333332,0.08577777777777779,0.09,0.09
2014-01-05,0.07,0.0,0.0,0.08666666666666667,0.08555555555555555,0.09,0.09
2014-01-06,0.07,0.0,0.0,0.08600000000000001,0.08533333333333333,0.09,0.09
2014-01-07,0.07,0.0,0.0,0.08533333333333332,0.08511111111111111,0.09,0.09
2014-01-08,0.07,0.0,0.0,0.08466666666666667,0.08488888888888889,0.07,0.09
2014-01-09,0.07,0.0,0.0,0.084,0.08466666666666667,0.07,0.09
2014-01-10,0.07,0.0,0.0,0.08333333333333333,0.08444444444444445,0.07,0.09
2014-01-11,0.07,0.0,0.0,0.08266666666666667,0.08422222222222221,0.07,0.09
2014-01-12,0.07,0.0,0.0,0.082,0.08399999999999999,0.07,0.09
2014-01-13,0.07,0.0,0.0,0.08133333333333334,0.08377777777777778,0.07,0.09
2014-01-14,0.07,0.0,0.0,0.08066666666666666,0.08355555555555556,0.07,0.09
2014-01-15,0.07,0.0,0.0,0.08,0.08333333333333333,0.07,0.09
2014-01-16,0.07,0.0,0.0,0.07933333333333334,0.08311111111111112,0.07,0.09
2014-01-17,0.07,0.0,0.0,0.07866666666666666,0.08288888888888889,0.07,0.09
2014-01-18,0.07,0.0,0.0,0.07800000000000001,0.08266666666666667,0.07,0.09
2014-01-19,0.07,0.0,0.0,0.07733333333333334,0.08244444444444445,0.07,0.09
2014-01-20,0.07,0.0,0.0,0.07666666666666666,0.08222222222222222,0.07,0.09
2014-01-21,0.07,0.0,0.0,0.07600000000000001,0.082,0.07,0.09
2014-01-22,0.07,0.0,0.0,0.07533333333333334,0.08177777777777778,0.07,0.09
2014-01-23,0.07,0.0,0.0,0.07466666666666666,0.08155555555555556,0.07,0.09
2014-01-24,0.07,0.0,0.0,0.07400000000000001,0.08133333333333333,0.07,0.09
2014-01-25,0.07,0.0,0.0,0.07333333333333333,0.0811111111111111,0.07,0.09
2014-01-26,0.07,0.0,0.0,0.07266666666666667,0.08088888888888889,0.07,0.09
2014-01-27,0.07,0.0,0.0,0.07200000000000001,0.08066666666666666,0.07,0.09
2014-01-28,0.07,0.0,0.0,0.07133333333333333,0.08044444444444444,0.07,0.09
2014-01-29,0.07,0.0,0.0,0.07066666666666667,0.08022222222222222,0.07,0.09
2014-01-30,0.07,0.0,0.0,0.07,0.08011111111111112,0.07,0.09
2014-01-31,0.07,0.0,0.0,0.07,0.08,0.07,0.07
2014-02-01,0.07,0.0,0.0,0.07,0.0798888888888889,0.07,0.07
2014-02-02,0.07,0.0,0.0,0.07,0.07977777777777778,0.07,0.07
2014-02-03,0.07,0.0,0.0,0.07,0.07966666666666666,0.07,0.07
2014-02-04,0.07,0.0,0.0,0.07,0.07955555555555556,0.07,0.07
2014-02-05,0.07,0.0,0.0,0.07,0.07944444444444444,0.07,0.07
2014-02-06,0.07,0.0,0.0,0.07,0.07933333333333333,0.07,0.07
2014-02-07,0.07,0.0,0.0,0.07,0.07922222222222222,0.07,0.07
2014-02-08,0.07,0.0,0.0,0.07,0.07911111111111112,0.07,0.07
2014-02-09,0.07,0.0,0.0,0.07,0.07899999999999999,0.07,0.07
2014-02-10,0.07,0.0,0.0,0.07,0.0788888888888889,0.07,0.07
2014-02-11,0.07,0.0,0.0,0.07,0.07877777777777778,0.07,0.07
2014-02-12,0.07,0.0,0.0,0.07,0.07866666666666666,0.07,0.07
2014-02-13,0.07,0.0,0.0,0.07,0.07855555555555556,0.07,0.07
2014-02-14,0.07,0.0,0.0,0.07,0.07844444444444446,0.07,0.07
2014-02-15,0.07,0.0,0.0,0.07,0.07833333333333334,0.07,0.07
2014-02-16,0.07,0.0,0.0,0.07,0.07822222222222222,0.07,0.07
2014-02-17,0.07,0.0,0.0,0.07,0.07811111111111112,0.07,0.07
2014-02-18,0.07,0.0,0.0,0.07,0.078,0.07,0.07
2014-02-19,0.07,0.0,0.0,0.07,0.07788888888888888,0.07,0.07
2014-02-20,0.07,0.0,0.0,0.07,0.07777777777777778,0.07,0.07
2014-02-21,0.07,0.0,0.0,0.07,0.07766666666666668,0.07,0.07
2014-02-22,0.07,0.0,0.0,0.07,0.07755555555555554,0.07,0.07
2014-02-23,0.07,0.0,0.0,0.07,0.07744444444444445,0.07,0.07
2014-02-24,0.07,0.0,0.0,0.07,0.07733333333333334,0.07,0.07
2014-02-25,0.07,0.0,0.0,0.07,0.07722222222222222,0.07,0.07
2014-02-26,0.07,0.0,0.0,0.07,0.07711111111111112,0.07,0.07
2014-02-27,0.07,0.0,0.0,0.07,0.07700000000000001,0.07,0.07
2014-02-28,0.07,0.0,0.0,0.07,0.07688888888888888,0.07,0.07
2014-03-01,0.08,0.009999999999999995,0.1428571428571428,0.07033333333333334,0.07677777777777778,0.07,0.07
2014-03-02,0.08,0.0,0.0,0.07066666666666668,0.07666666666666667,0.07,0.07
2014-03-03,0.08,0.0,0.0,0.071,0.07655555555555556,0.07,0.07
2014-03-04,0.08,0.0,0.0,0.07133333333333333,0.07644444444444444,0.07,0.07
2014-03-05,0.08,0.0,0.0,0.07166666666666667,0.07633333333333334,0.07,0.07
2014-03-06,0.08,0.0,0.0,0.07200000000000001,0.07622222222222222,0.07,0.07
2014-03-07,0.08,0.0,0.0,0.07233333333333335,0.07611111111111112,0.07,0.07
2014-03-08,0.08,0.0,0.0,0.07266666666666667,0.07600000000000001,0.08,0.07
2014-03-09,0.08,0.0,0.0,0.07300000000000001,0.0758888888888889,0.08,0.07
2014-03-10,0.08,0.0,0.0,0.07333333333333333,0.07577777777777778,0.08,0.07
2014-03-11,0.08,0.0,0.0,0.07366666666666667,0.07566666666666667,0.08,0.07
2014-03-12,0.08,0.0,0.0,0.07400000000000001,0.07555555555555557,0.08,0.07
2014-03-13,0.08,0.0,0.0,0.07433333333333333,0.07544444444444444,0.08,0.07
2014-03-14,0.08,0.0,0.0,0.07466666666666667,0.07533333333333334,0.08,0.07
2014-03-15,0.08,0.0,0.0,0.07500000000000001,0.07522222222222223,0.08,0.07
2014-03-16,0.08,0.0,0.0,0.07533333333333332,0.07511111111111111,0.08,0.07
2014-03-17,0.08,0.0,0.0,0.07566666666666667,0.075,0.08,0.07
2014-03-18,0.08,0.0,0.0,0.07600000000000001,0.0748888888888889,0.08,0.07
2014-03-19,0.08,0.0,0.0,0.07633333333333334,0.07477777777777778,0.08,0.07
2014-03-20,0.08,0.0,0.0,0.07666666666666667,0.07466666666666667,0.08,0.07
2014-03-21,0.08,0.0,0.0,0.077,0.07455555555555557,0.08,0.07
2014-03-22,0.08,0.0,0.0,0.07733333333333334,0.07444444444444445,0.08,0.07
2014-03-23,0.08,0.0,0.0,0.07766666666666668,0.07433333333333333,0.08,0.07
2014-03-24,0.08,0.0,0.0,0.078,0.07422222222222223,0.08,0.07
2014-03-25,0.08,0.0,0.0,0.07833333333333334,0.07411111111111111,0.08,0.07
2014-03-26,0.08,0.0,0.0,0.07866666666666668,0.074,0.08,0.07
2014-03-27,0.08,0.0,0.0,0.079,0.07388888888888889,0.08,0.07
2014-03-28,0.08,0.0,0.0,0.07933333333333334,0.07377777777777779,0.08,0.07
2014-03-29,0.08,0.0,0.0,0.07966666666666665,0.07366666666666667,0.08,0.07
2014-03-30,0.08,0.0,0.0,0.08,0.07355555555555555,0.08,0.07
2014-03-31,0.08,0.0,0.0,0.08,0.07344444444444445,0.08,0.08
2014-04-01,0.09,0.009999999999999995,0.125,0.08033333333333333,0.07366666666666667,0.08,0.08
2014-04-02,0.09,0.0,0.0,0.08066666666666668,0.07388888888888889,0.08,0.08
2014-04-03,0.09,0.0,0.0,0.081,0.07411111111111111,0.08,0.08
2014-04-04,0.09,0.0,0.0,0.08133333333333333,0.07433333333333333,0.08,0.08
2014-04-05,0.09,0.0,0.0,0.08166666666666668,0.07455555555555557,0.08,0.08
2014-04-06,0.09,0.0,0.0,0.082,0.07477777777777778,0.08,0.08
2014-04-07,0.09,0.0,0.0,0.08233333333333333,0.075,0.08,0.08
2014-04-08,0.09,0.0,0.0,0.08266666666666667,0.07522222222222223,0.09,0.08
2014-04-09,0.09,0.0,0.0,0.083,0.07544444444444444,0.09,0.08
2014-04-10,0.09,0.0,0.0,0.08333333333333333,0.07566666666666667,0.09,0.08
2014-04-11,0.09,0.0,0.0,0.08366666666666668,0.0758888888888889,0.09,0.08
2014-04-12,0.09,0.0,0.0,0.084,0.07611111111111112,0.09,0.08
2014-04-13,0.09,0.0,0.0,0.08433333333333333,0.07633333333333334,0.09,0.08
2014-04-14,0.09,0.0,0.0,0.08466666666666665,0.07655555555555556,0.09,0.08
2014-04-15,0.09,0.0,0.0,0.085,0.07677777777777778,0.09,0.08
2014-04-16,0.09,0.0,0.0,0.08533333333333333,0.07700000000000001,0.09,0.08
2014-04-17,0.09,0.0,0.0,0.08566666666666665,0.07722222222222222,0.09,0.08
2014-04-18,0.09,0.0,0.0,0.08600000000000001,0.07744444444444445,0.09,0.08
2014-04-19,0.09,0.0,0.0,0.08633333333333333,0.07766666666666668,0.09,0.08
2014-04-20,0.09,0.0,0.0,0.08666666666666666,0.07788888888888888,0.09,0.08
2014-04-21,0.09,0.0,0.0,0.087,0.07811111111111112,0.09,0.08
2014-04-22,0.09,0.0,0.0,0.08733333333333333,0.07833333333333334,0.09,0.08
2014-04-23,0.09,0.0,0.0,0.08766666666666666,0.07855555555555556,0.09,0.08
2014-04-24,0.09,0.0,0.0,0.08800000000000001,0.07877777777777778,0.09,0.08
2014-04-25,0.09,0.0,0.0,0.08833333333333333,0.079,0.09,0.08
2014-04-26,0.09,0.0,0.0,0.08866666666666666,0.07922222222222222,0.09,0.08
2014-04-27,0.09,0.0,0.0,0.089,0.07944444444444444,0.09,0.08
2014-04-28,0.09,0.0,0.0,0.08933333333333333,0.07966666666666666,0.09,0.08
2014-04-29,0.09,0.0,0.0,0.08966666666666666,0.0798888888888889,0.09,0.08
2014-04-30,0.09,0.0,0.0,0.09,0.0801111111111111,0.09,0.08
2014-05-01,0.09,0.0,0.0,0.09,0.08033333333333334,0.09,0.09
2014-05-02,0.09,0.0,0.0,0.09,0.08055555555555556,0.09,0.09
2014-05-03,0.09,0.0,0.0,0.09,0.08077777777777777,0.09,0.09
2014-05-04,0.09,0.0,0.0,0.09,0.081,0.09,0.09
2014-05-05,0.09,0.0,0.0,0.09,0.08122222222222222,0.09,0.09
2014-05-06,0.09,0.0,0.0,0.09,0.08144444444444444,0.09,0.09
2014-05-07,0.09,0.0,0.0,0.09,0.08166666666666668,0.09,0.09
2014-05-08,0.09,0.0,0.0,0.09,0.08188888888888889,0.09,0.09
2014-05-09,0.09,0.0,0.0,0.09,0.08211111111111111,0.09,0.09
2014-05-10,0.09,0.0,0.0,0.09,0.08233333333333334,0.09,0.09
2014-05-11,0.09,0.0,0.0,0.09,0.08255555555555555,0.09,0.09
2014-05-12,0.09,0.0,0.0,0.09,0.08277777777777778,0.09,0.09
2014-05-13,0.09,0.0,0.0,0.09,0.083,0.09,0.09
2014-05-14,0.09,0.0,0.0,0.09,0.08322222222222223,0.09,0.09
2014-05-15,0.09,0.0,0.0,0.09,0.08344444444444445,0.09,0.09
2014-05-16,0.09,0.0,0.0,0.09,0.08366666666666665,0.09,0.09
2014-05-17,0.09,0.0,0.0,0.09,0.08388888888888889,0.09,0.09
2014-05-18,0.09,0.0,0.0,0.09,0.08411111111111111,0.09,0.09
2014-05-19,0.09,0.0,0.0,0.09,0.08433333333333333,0.09,0.09
2014-05-20,0.09,0.0,0.0,0.09,0.08455555555555556,0.09,0.09
2014-05-21,0.09,0.0,0.0,0.09,0.08477777777777777,0.09,0.09
2014-05-22,0.09,0.0,0.0,0.09,0.08499999999999999,0.09,0.09
2014-05-23,0.09,0.0,0.0,0.09,0.08522222222222223,0.09,0.09
2014-05-24,0.09,0.0,0.0,0.09,0.08544444444444443,0.09,0.09
2014-05-25,0.09,0.0,0.0,0.09,0.08566666666666667,0.09,0.09
2014-05-26,0.09,0.0,0.0,0.09,0.08588888888888889,0.09,0.09
2014-05-27,0.09,0.0,0.0,0.09,0.08611111111111111,0.09,0.09
2014-05-28,0.09,0.0,0.0,0.09,0.08633333333333333,0.09,0.09
2014-05-29,0.09,0.0,0.0,0.09,0.08655555555555555,0.09,0.09
2014-05-30,0.09,0.0,0.0,0.09,0.08666666666666667,0.09,0.09
2014-05-31,0.09,0.0,0.0,0.09,0.08677777777777779,0.09,0.09
2014-06-01,0.1,0.010000000000000009,0.11111111111111116,0.09033333333333333,0.087,0.09,0.09
2014-06-02,0.1,0.0,0.0,0.09066666666666667,0.08722222222222221,0.09,0.09
2014-06-03,0.1,0.0,0.0,0.091,0.08744444444444445,0.09,0.09
2014-06-04,0.1,0.0,0.0,0.09133333333333332,0.08766666666666666,0.09,0.09
2014-06-05,0.1,0.0,0.0,0.09166666666666666,0.08788888888888889,0.09,0.09
2014-06-06,0.1,0.0,0.0,0.092,0.08811111111111111,0.09,0.09
2014-06-07,0.1,0.0,0.0,0.09233333333333334,0.08833333333333332,0.09,0.09
2014-06-08,0.1,0.0,0.0,0.09266666666666667,0.08855555555555555,0.1,0.09
2014-06-09,0.1,0.0,0.0,0.09299999999999999,0.08877777777777777,0.1,0.09
2014-06-10,0.1,0.0,0.0,0.09333333333333332,0.089,0.1,0.09
2014-06-11,0.1,0.0,0.0,0.09366666666666666,0.08922222222222223,0.1,0.09
2014-06-12,0.1,0.0,0.0,0.094,0.08944444444444445,0.1,0.09
2014-06-13,0.1,0.0,0.0,0.09433333333333334,0.08966666666666667,0.1,0.09
2014-06-14,0.1,0.0,0.0,0.09466666666666668,0.0898888888888889,0.1,0.09
2014-06-15,0.1,0.0,0.0,0.095,0.0901111111111111,0.1,0.09
2014-06-16,0.1,0.0,0.0,0.09533333333333333,0.09033333333333335,0.1,0.09
2014-06-17,0.1,0.0,0.0,0.09566666666666666,0.09055555555555556,0.1,0.09
2014-06-18,0.1,0.0,0.0,0.09600000000000002,0.09077777777777778,0.1,0.09
2014-06-19,0.1,0.0,0.0,0.09633333333333334,0.091,0.1,0.09
2014-06-20,0.1,0.0,0.0,0.09666666666666666,0.09122222222222222,0.1,0.09
2014-06-21,0.1,0.0,0.0,0.097,0.09144444444444445,0.1,0.09
2014-06-22,0.1,0.0,0.0,0.09733333333333333,0.09166666666666666,0.1,0.09
2014-06-23,0.1,0.0,0.0,0.09766666666666667,0.09188888888888888,0.1,0.09
2014-06-24,0.1,0.0,0.0,0.09800000000000002,0.0921111111111111,0.1,0.09
2014-06-25,0.1,0.0,0.0,0.09833333333333333,0.09233333333333332,0.1,0.09
2014-06-26,0.1,0.0,0.0,0.09866666666666667,0.09255555555555556,0.1,0.09
2014-06-27,0.1,0.0,0.0,0.099,0.09277777777777778,0.1,0.09
2014-06-28,0.1,0.0,0.0,0.09933333333333333,0.09299999999999999,0.1,0.09
2014-06-29,0.1,0.0,0.0,0.09966666666666667,0.0932222222222222,0.1,0.09
2014-06-30,0.1,0.0,0.0,0.1,0.09333333333333332,0.1,0.09
2014-07-01,0.09,-0.010000000000000009,-0.10000000000000009,0.09966666666666667,0.09333333333333332,0.1,0.1
2014-07-02,0.09,0.0,0.0,0.09933333333333333,0.09333333333333334,0.1,0.1
2014-07-03,0.09,0.0,0.0,0.09899999999999999,0.09333333333333334,0.1,0.1
2014-07-04,0.09,0.0,0.0,0.09866666666666668,0.09333333333333334,0.1,0.1
2014-07-05,0.09,0.0,0.0,0.09833333333333334,0.09333333333333334,0.1,0.1
2014-07-06,0.09,0.0,0.0,0.098,0.09333333333333334,0.1,0.1
2014-07-07,0.09,0.0,0.0,0.09766666666666667,0.09333333333333334,0.1,0.1
2014-07-08,0.09,0.0,0.0,0.09733333333333333,0.09333333333333334,0.09,0.1
2014-07-09,0.09,0.0,0.0,0.097,0.09333333333333334,0.09,0.1
2014-07-10,0.09,0.0,0.0,0.09666666666666668,0.09333333333333334,0.09,0.1
2014-07-11,0.09,0.0,0.0,0.09633333333333334,0.09333333333333334,0.09,0.1
2014-07-12,0.09,0.0,0.0,0.096,0.09333333333333332,0.09,0.1
2014-07-13,0.09,0.0,0.0,0.09566666666666666,0.09333333333333332,0.09,0.1
2014-07-14,0.09,0.0,0.0,0.09533333333333333,0.09333333333333332,0.09,0.1
2014-07-15,0.09,0.0,0.0,0.095,0.09333333333333334,0.09,0.1
2014-07-16,0.09,0.0,0.0,0.09466666666666668,0.09333333333333334,0.09,0.1
2014-07-17,0.09,0.0,0.0,0.09433333333333334,0.09333333333333334,0.09,0.1
2014-07-18,0.09,0.0,0.0,0.094,0.09333333333333334,0.09,0.1
2014-07-19,0.09,0.0,0.0,0.09366666666666665,0.09333333333333334,0.09,0.1
2014-07-20,0.09,0.0,0.0,0.09333333333333334,0.09333333333333334,0.09,0.1
2014-07-21,0.09,0.0,0.0,0.093,0.09333333333333334,0.09,0.1
2014-07-22,0.09,0.0,0.0,0.09266666666666666,0.09333333333333334,0.09,0.1
2014-07-23,0.09,0.0,0.0,0.09233333333333334,0.09333333333333334,0.09,0.1
2014-07-24,0.09,0.0,0.0,0.092,0.09333333333333334,0.09,0.1
2014-07-25,0.09,0.0,0.0,0.09166666666666666,0.09333333333333332,0.09,0.1
2014-07-26,0.09,0.0,0.0,0.09133333333333334,0.09333333333333332,0.09,0.1
2014-07-27,0.09,0.0,0.0,0.091,0.09333333333333332,0.09,0.1
2014-07-28,0.09,0.0,0.0,0.09066666666666666,0.09333333333333334,0.09,0.1
2014-07-29,0.09,0.0,0.0,0.09033333333333333,0.09333333333333334,0.09,0.1
2014-07-30,0.09,0.0,0.0,0.09,0.09333333333333334,0.09,0.1
2014-07-31,0.09,0.0,0.0,0.09,0.09333333333333334,0.09,0.09
2014-08-01,0.09,0.0,0.0,0.09,0.09333333333333334,0.09,0.09
2014-08-02,0.09,0.0,0.0,0.09,0.09333333333333334,0.09,0.09
2014-08-03,0.09,0.0,0.0,0.09,0.09333333333333334,0.09,0.09
2014-08-04,0.09,0.0,0.0,0.09,0.09333333333333334,0.09,0.09
2014-08-05,0.09,0.0,0.0,0.09,0.09333333333333334,0.09,0.09
2014-08-06,0.09,0.0,0.0,0.09,0.09333333333333334,0.09,0.09
2014-08-07,0.09,0.0,0.0,0.09,0.09333333333333332,0.09,0.09
2014-08-08,0.09,0.0,0.0,0.09,0.09333333333333332,0.09,0.09
2014-08-09,0.09,0.0,0.0,0.09,0.09333333333333334,0.09,0.09
2014-08-10,0.09,0.0,0.0,0.09,0.09333333333333334,0.09,0.09
2014-08-11,0.09,0.0,0.0,0.09,0.09333333333333334,0.09,0.09
2014-08-12,0.09,0.0,0.0,0.09,0.09333333333333334,0.09,0.09
2014-08-13,0.09,0.0,0.0,0.09,0.09333333333333334,0.09,0.09
2014-08-14,0.09,0.0,0.0,0.09,0.09333333333333334,0.09,0.09
2014-08-15,0.09,0.0,0.0,0.09,0.09333333333333334,0.09,0.09
2014-08-16,0.09,0.0,0.0,0.09,0.09333333333333334,0.09,0.09
2014-08-17,0.09,0.0,0.0,0.09,0.09333333333333334,0.09,0.09
2014-08-18,0.09,0.0,0.0,0.09,0.09333333333333334,0.09,0.09
2014-08-19,0.09,0.0,0.0,0.09,0.09333333333333332,0.09,0.09
2014-08-20,0.09,0.0,0.0,0.09,0.09333333333333332,0.09,0.09
2014-08-21,0.09,0.0,0.0,0.09,0.09333333333333332,0.09,0.09
2014-08-22,0.09,0.0,0.0,0.09,0.09333333333333334,0.09,0.09
2014-08-23,0.09,0.0,0.0,0.09,0.09333333333333334,0.09,0.09
2014-08-24,0.09,0.0,0.0,0.09,0.09333333333333334,0.09,0.09
2014-08-25,0.09,0.0,0.0,0.09,0.09333333333333334,0.09,0.09
2014-08-26,0.09,0.0,0.0,0.09,0.09333333333333334,0.09,0.09
2014-08-27,0.09,0.0,0.0,0.09,0.09333333333333334,0.09,0.09
2014-08-28,0.09,0.0,0.0,0.09,0.09333333333333334,0.09,0.09
2014-08-29,0.09,0.0,0.0,0.09,0.09333333333333334,0.09,0.09
2014-08-30,0.09,0.0,0.0,0.09,0.09322222222222223,0.09,0.09
2014-08-31,0.09,0.0,0.0,0.09,0.0931111111111111,0.09,0.09
2014-09-01,0.09,0.0,0.0,0.09,0.09299999999999999,0.09,0.09
2014-09-02,0.09,0.0,0.0,0.09,0.09288888888888888,0.09,0.09
2014-09-03,0.09,0.0,0.0,0.09,0.09277777777777778,0.09,0.09
2014-09-04,0.09,0.0,0.0,0.09,0.09266666666666666,0.09,0.09
2014-09-05,0.09,0.0,0.0,0.09,0.09255555555555556,0.09,0.09
2014-09-06,0.09,0.0,0.0,0.09,0.09244444444444445,0.09,0.09
2014-09-07,0.09,0.0,0.0,0.09,0.09233333333333334,0.09,0.09
2014-09-08,0.09,0.0,0.0,0.09,0.09222222222222223,0.09,0.09
2014-09-09,0.09,0.0,0.0,0.09,0.0921111111111111,0.09,0.09
2014-09-10,0.09,0.0,0.0,0.09,0.092,0.09,0.09
2014-09-11,0.09,0.0,0.0,0.09,0.09188888888888888,0.09,0.09
2014-09-12,0.09,0.0,0.0,0.09,0.09177777777777778,0.09,0.09
2014-09-13,0.09,0.0,0.0,0.09,0.09166666666666666,0.09,0.09
2014-09-14,0.09,0.0,0.0,0.09,0.09155555555555554,0.09,0.09
2014-09-15,0.09,0.0,0.0,0.09,0.09144444444444443,0.09,0.09
2014-09-16,0.09,0.0,0.0,0.09,0.09133333333333332,0.09,0.09
2014-09-17,0.09,0.0,0.0,0.09,0.09122222222222223,0.09,0.09
2014-09-18,0.09,0.0,0.0,0.09,0.09111111111111113,0.09,0.09
2014-09-19,0.09,0.0,0.0,0.09,0.091,0.09,0.09
2014-09-20,0.09,0.0,0.0,0.09,0.09088888888888888,0.09,0.09
2014-09-21,0.09,0.0,0.0,0.09,0.09077777777777778,0.09,0.09
2014-09-22,0.09,0.0,0.0,0.09,0.09066666666666667,0.09,0.09
2014-09-23,0.09,0.0,0.0,0.09,0.09055555555555556,0.09,0.09
2014-09-24,0.09,0.0,0.0,0.09,0.09044444444444442,0.09,0.09
2014-09-25,0.09,0.0,0.0,0.09,0.09033333333333332,0.09,0.09
2014-09-26,0.09,0.0,0.0,0.09,0.09022222222222222,0.09,0.09
2014-09-27,0.09,0.0,0.0,0.09,0.0901111111111111,0.09,0.09
2014-09-28,0.09,0.0,0.0,0.09,0.09,0.09,0.09
2014-09-29,0.09,0.0,0.0,0.09,0.09,0.09,0.09
2014-09-30,0.09,0.0,0.0,0.09,0.09,0.09,0.09
2014-10-01,0.09,0.0,0.0,0.09,0.09,0.09,0.09
2014-10-02,0.09,0.0,0.0,0.09,0.09,0.09,0.09
2014-10-03,0.09,0.0,0.0,0.09,0.09,0.09,0.09
2014-10-04,0.09,0.0,0.0,0.09,0.09,0.09,0.09
2014-10-05,0.09,0.0,0.0,0.09,0.09,0.09,0.09
2014-10-06,0.09,0.0,0.0,0.09,0.09,0.09,0.09
2014-10-07,0.09,0.0,0.0,0.09,0.09,0.09,0.09
2014-10-08,0.09,0.0,0.0,0.09,0.09,0.09,0.09
2014-10-09,0.09,0.0,0.0,0.09,0.09,0.09,0.09
2014-10-10,0.09,0.0,0.0,0.09,0.09,0.09,0.09
2014-10-11,0.09,0.0,0.0,0.09,0.09,0.09,0.09
2014-10-12,0.09,0.0,0.0,0.09,0.09,0.09,0.09
2014-10-13,0.09,0.0,0.0,0.09,0.09,0.09,0.09
2014-10-14,0.09,0.0,0.0,0.09,0.09,0.09,0.09
2014-10-15,0.09,0.0,0.0,0.09,0.09,0.09,0.09
2014-10-16,0.09,0.0,0.0,0.09,0.09,0.09,0.09
2014-10-17,0.09,0.0,0.0,0.09,0.09,0.09,0.09
2014-10-18,0.09,0.0,0.0,0.09,0.09,0.09,0.09
2014-10-19,0.09,0.0,0.0,0.09,0.09,0.09,0.09
2014-10-20,0.09,0.0,0.0,0.09,0.09,0.09,0.09
2014-10-21,0.09,0.0,0.0,0.09,0.09,0.09,0.09
2014-10-22,0.09,0.0,0.0,0.09,0.09,0.09,0.09
2014-10-23,0.09,0.0,0.0,0.09,0.09,0.09,0.09
2014-10-24,0.09,0.0,0.0,0.09,0.09,0.09,0.09
2014-10-25,0.09,0.0,0.0,0.09,0.09,0.09,0.09
2014-10-26,0.09,0.0,0.0,0.09,0.09,0.09,0.09
2014-10-27,0.09,0.0,0.0,0.09,0.09,0.09,0.09
2014-10-28,0.09,0.0,0.0,0.09,0.09,0.09,0.09
2014-10-29,0.09,0.0,0.0,0.09,0.09,0.09,0.09
2014-10-30,0.09,0.0,0.0,0.09,0.09,0.09,0.09
2014-10-31,0.09,0.0,0.0,0.09,0.09,0.09,0.09
2014-11-01,0.09,0.0,0.0,0.09,0.09,0.09,0.09
2014-11-02,0.09,0.0,0.0,0.09,0.09,0.09,0.09
2014-11-03,0.09,0.0,0.0,0.09,0.09,0.09,0.09
2014-11-04,0.09,0.0,0.0,0.09,0.09,0.09,0.09
2014-11-05,0.09,0.0,0.0,0.09,0.09,0.09,0.09
2014-11-06,0.09,0.0,0.0,0.09,0.09,0.09,0.09
2014-11-07,0.09,0.0,0.0,0.09,0.09,0.09,0.09
2014-11-08,0.09,0.0,0.0,0.09,0.09,0.09,0.09
2014-11-09,0.09,0.0,0.0,0.09,0.09,0.09,0.09
2014-11-10,0.09,0.0,0.0,0.09,0.09,0.09,0.09
2014-11-11,0.09,0.0,0.0,0.09,0.09,0.09,0.09
2014-11-12,0.09,0.0,0.0,0.09,0.09,0.09,0.09
2014-11-13,0.09,0.0,0.0,0.09,0.09,0.09,0.09
2014-11-14,0.09,0.0,0.0,0.09,0.09,0.09,0.09
2014-11-15,0.09,0.0,0.0,0.09,0.09,0.09,0.09
2014-11-16,0.09,0.0,0.0,0.09,0.09,0.09,0.09
2014-11-17,0.09,0.0,0.0,0.09,0.09,0.09,0.09
2014-11-18,0.09,0.0,0.0,0.09,0.09,0.09,0.09
2014-11-19,0.09,0.0,0.0,0.09,0.09,0.09,0.09
2014-11-20,0.09,0.0,0.0,0.09,0.09,0.09,0.09
2014-11-21,0.09,0.0,0.0,0.09,0.09,0.09,0.09
2014-11-22,0.09,0.0,0.0,0.09,0.09,0.09,0.09
2014-11-23,0.09,0.0,0.0,0.09,0.09,0.09,0.09
2014-11-24,0.09,0.0,0.0,0.09,0.09,0.09,0.09
2014-11-25,0.09,0.0,0.0,0.09,0.09,0.09,0.09
2014-11-26,0.09,0.0,0.0,0.09,0.09,0.09,0.09
2014-11-27,0.09,0.0,0.0,0.09,0.09,0.09,0.09
2014-11-28,0.09,0.0,0.0,0.09,0.09,0.09,0.09
2014-11-29,0.09,0.0,0.0,0.09,0.09,0.09,0.09
2014-11-30,0.09,0.0,0.0,0.09,0.09,0.09,0.09
2014-12-01,0.12,0.03,0.33333333333333326,0.091,0.09033333333333335,0.09,0.09
2014-12-02,0.12,0.0,0.0,0.092,0.09066666666666667,0.09,0.09
2014-12-03,0.12,0.0,0.0,0.093,0.091,0.09,0.09
2014-12-04,0.12,0.0,0.0,0.094,0.09133333333333332,0.09,0.09
2014-12-05,0.12,0.0,0.0,0.09499999999999999,0.09166666666666666,0.09,0.09
2014-12-06,0.12,0.0,0.0,0.096,0.092,0.09,0.09
2014-12-07,0.12,0.0,0.0,0.097,0.09233333333333332,0.09,0.09
2014-12-08,0.12,0.0,0.0,0.098,0.09266666666666666,0.12,0.09
2014-12-09,0.12,0.0,0.0,0.09899999999999999,0.09299999999999999,0.12,0.09
2014-12-10,0.12,0.0,0.0,0.1,0.09333333333333334,0.12,0.09
2014-12-11,0.12,0.0,0.0,0.101,0.09366666666666666,0.12,0.09
2014-12-12,0.12,0.0,0.0,0.102,0.09400000000000001,0.12,0.09
2014-12-13,0.12,0.0,0.0,0.103,0.09433333333333334,0.12,0.09
2014-12-14,0.12,0.0,0.0,0.10400000000000001,0.09466666666666666,0.12,0.09
2014-12-15,0.12,0.0,0.0,0.105,0.095,0.12,0.09
2014-12-16,0.12,0.0,0.0,0.106,0.09533333333333331,0.12,0.09
2014-12-17,0.12,0.0,0.0,0.107,0.09566666666666666,0.12,0.09
2014-12-18,0.12,0.0,0.0,0.108,0.09599999999999999,0.12,0.09
2014-12-19,0.12,0.0,0.0,0.109,0.09633333333333333,0.12,0.09
2014-12-20,0.12,0.0,0.0,0.11,0.09666666666666666,0.12,0.09
2014-12-21,0.12,0.0,0.0,0.11099999999999999,0.097,0.12,0.09
2014-12-22,0.12,0.0,0.0,0.112,0.09733333333333333,0.12,0.09
2014-12-23,0.12,0.0,0.0,0.113,0.09766666666666665,0.12,0.09
2014-12-24,0.12,0.0,0.0,0.114,0.098,0.12,0.09
2014-12-25,0.12,0.0,0.0,0.11499999999999999,0.09833333333333333,0.12,0.09
2014-12-26,0.12,0.0,0.0,0.116,0.09866666666666668,0.12,0.09
2014-12-27,0.12,0.0,0.0,0.117,0.099,0.12,0.09
2014-12-28,0.12,0.0,0.0,0.11799999999999998,0.09933333333333334,0.12,0.09
2014-12-29,0.12,0.0,0.0,0.119,0.09966666666666665,0.12,0.09
2014-12-30,0.12,0.0,0.0,0.12,0.09999999999999998,0.12,0.09
2014-12-31,0.12,0.0,0.0,0.12,0.10033333333333333,0.12,0.12
2015-01-01,0.11,-0.009999999999999995,-0.08333333333333326,0.11966666666666666,0.10055555555555554,0.12,0.12
2015-01-02,0.11,0.0,0.0,0.11933333333333332,0.10077777777777779,0.12,0.12
2015-01-03,0.11,0.0,0.0,0.119,0.10099999999999999,0.12,0.12
2015-01-04,0.11,0.0,0.0,0.11866666666666667,0.10122222222222221,0.12,0.12
2015-01-05,0.11,0.0,0.0,0.11833333333333333,0.10144444444444443,0.12,0.12
2015-01-06,0.11,0.0,0.0,0.11799999999999998,0.10166666666666667,0.12,0.12
2015-01-07,0.11,0.0,0.0,0.11766666666666667,0.10188888888888889,0.12,0.12
2015-01-08,0.11,0.0,0.0,0.11733333333333333,0.10211111111111111,0.11,0.12
2015-01-09,0.11,0.0,0.0,0.11699999999999999,0.10233333333333335,0.11,0.12
2015-01-10,0.11,0.0,0.0,0.11666666666666665,0.10255555555555554,0.11,0.12
2015-01-11,0.11,0.0,0.0,0.11633333333333334,0.10277777777777776,0.11,0.12
2015-01-12,0.11,0.0,0.0,0.116,0.103,0.11,0.12
2015-01-13,0.11,0.0,0.0,0.11566666666666665,0.10322222222222222,0.11,0.12
2015-01-14,0.11,0.0,0.0,0.11533333333333333,0.10344444444444444,0.11,0.12
2015-01-15,0.11,0.0,0.0,0.115,0.10366666666666667,0.11,0.12
2015-01-16,0.11,0.0,0.0,0.11466666666666667,0.10388888888888889,0.11,0.12
2015-01-17,0.11,0.0,0.0,0.11433333333333333,0.1041111111111111,0.11,0.12
2015-01-18,0.11,0.0,0.0,0.114,0.10433333333333333,0.11,0.12
2015-01-19,0.11,0.0,0.0,0.11366666666666667,0.10455555555555555,0.11,0.12
2015-01-20,0.11,0.0,0.0,0.11333333333333333,0.10477777777777778,0.11,0.12
2015-01-21,0.11,0.0,0.0,0.11299999999999999,0.10500000000000001,0.11,0.12
2015-01-22,0.11,0.0,0.0,0.11266666666666666,0.10522222222222223,0.11,0.12
2015-01-23,0.11,0.0,0.0,0.11233333333333334,0.10544444444444442,0.11,0.12
2015-01-24,0.11,0.0,0.0,0.112,0.10566666666666666,0.11,0.12
2015-01-25,0.11,0.0,0.0,0.11166666666666666,0.10588888888888888,0.11,0.12
2015-01-26,0.11,0.0,0.0,0.11133333333333333,0.1061111111111111,0.11,0.12
2015-01-27,0.11,0.0,0.0,0.111,0.10633333333333334,0.11,0.12
2015-01-28,0.11,0.0,0.0,0.11066666666666666,0.10655555555555556,0.11,0.12
2015-01-29,0.11,0.0,0.0,0.11033333333333334,0.10677777777777778,0.11,0.12
2015-01-30,0.11,0.0,0.0,0.11,0.10700000000000001,0.11,0.12
2015-01-31,0.11,0.0,0.0,0.11,0.10722222222222223,0.11,0.11
2015-02-01,0.11,0.0,0.0,0.11,0.10744444444444444,0.11,0.11
2015-02-02,0.11,0.0,0.0,0.11,0.10766666666666666,0.11,0.11
2015-02-03,0.11,0.0,0.0,0.11,0.1078888888888889,0.11,0.11
2015-02-04,0.11,0.0,0.0,0.11,0.10811111111111112,0.11,0.11
2015-02-05,0.11,0.0,0.0,0.11,0.10833333333333331,0.11,0.11
2015-02-06,0.11,0.0,0.0,0.11,0.10855555555555554,0.11,0.11
2015-02-07,0.11,0.0,0.0,0.11,0.10877777777777776,0.11,0.11
2015-02-08,0.11,0.0,0.0,0.11,0.10899999999999999,0.11,0.11
2015-02-09,0.11,0.0,0.0,0.11,0.10922222222222222,0.11,0.11
2015-02-10,0.11,0.0,0.0,0.11,0.10944444444444444,0.11,0.11
2015-02-11,0.11,0.0,0.0,0.11,0.10966666666666666,0.11,0.11
2015-02-12,0.11,0.0,0.0,0.11,0.1098888888888889,0.11,0.11
2015-02-13,0.11,0.0,0.0,0.11,0.11011111111111112,0.11,0.11
2015-02-14,0.11,0.0,0.0,0.11,0.11033333333333332,0.11,0.11
2015-02-15,0.11,0.0,0.0,0.11,0.11055555555555557,0.11,0.11
2015-02-16,0.11,0.0,0.0,0.11,0.11077777777777778,0.11,0.11
2015-02-17,0.11,0.0,0.0,0.11,0.111,0.11,0.11
2015-02-18,0.11,0.0,0.0,0.11,0.11122222222222222,0.11,0.11
2015-02-19,0.11,0.0,0.0,0.11,0.11144444444444444,0.11,0.11
2015-02-20,0.11,0.0,0.0,0.11,0.11166666666666665,0.11,0.11
2015-02-21,0.11,0.0,0.0,0.11,0.1118888888888889,0.11,0.11
2015-02-22,0.11,0.0,0.0,0.11,0.1121111111111111,0.11,0.11
2015-02-23,0.11,0.0,0.0,0.11,0.11233333333333333,0.11,0.11
2015-02-24,0.11,0.0,0.0,0.11,0.11255555555555556,0.11,0.11
2015-02-25,0.11,0.0,0.0,0.11,0.11277777777777778,0.11,0.11
2015-02-26,0.11,0.0,0.0,0.11,0.113,0.11,0.11
2015-02-27,0.11,0.0,0.0,0.11,0.11322222222222221,0.11,0.11
2015-02-28,0.11,0.0,0.0,0.11,0.11344444444444446,0.11,0.11
2015-03-01,0.11,0.0,0.0,0.11,0.11333333333333333,0.11,0.11
2015-03-02,0.11,0.0,0.0,0.11,0.11322222222222221,0.11,0.11
2015-03-03,0.11,0.0,0.0,0.11,0.1131111111111111,0.11,0.11
2015-03-04,0.11,0.0,0.0,0.11,0.113,0.11,0.11
2015-03-05,0.11,0.0,0.0,0.11,0.11288888888888887,0.11,0.11
2015-03-06,0.11,0.0,0.0,0.11,0.11277777777777778,0.11,0.11
2015-03-07,0.11,0.0,0.0,0.11,0.11266666666666668,0.11,0.11
2015-03-08,0.11,0.0,0.0,0.11,0.11255555555555555,0.11,0.11
2015-03-09,0.11,0.0,0.0,0.11,0.11244444444444446,0.11,0.11
2015-03-10,0.11,0.0,0.0,0.11,0.11233333333333333,0.11,0.11
2015-03-11,0.11,0.0,0.0,0.11,0.11222222222222222,0.11,0.11
2015-03-12,0.11,0.0,0.0,0.11,0.1121111111111111,0.11,0.11
2015-03-13,0.11,0.0,0.0,0.11,0.112,0.11,0.11
2015-03-14,0.11,0.0,0.0,0.11,0.1118888888888889,0.11,0.11
2015-03-15,0.11,0.0,0.0,0.11,0.11177777777777778,0.11,0.11
2015-03-16,0.11,0.0,0.0,0.11,0.11166666666666668,0.11,0.11
2015-03-17,0.11,0.0,0.0,0.11,0.11155555555555555,0.11,0.11
2015-03-18,0.11,0.0,0.0,0.11,0.11144444444444446,0.11,0.11
2015-03-19,0.11,0.0,0.0,0.11,0.11133333333333333,0.11,0.11
2015-03-20,0.11,0.0,0.0,0.11,0.11122222222222222,0.11,0.11
2015-03-21,0.11,0.0,0.0,0.11,0.1111111111111111,0.11,0.11
2015-03-22,0.11,0.0,0.0,0.11,0.111,0.11,0.11
2015-03-23,0.11,0.0,0.0,0.11,0.1108888888888889,0.11,0.11
2015-03-24,0.11,0.0,0.0,0.11,0.11077777777777777,0.11,0.11
2015-03-25,0.11,0.0,0.0,0.11,0.11066666666666668,0.11,0.11
2015-03-26,0.11,0.0,0.0,0.11,0.11055555555555555,0.11,0.11
2015-03-27,0.11,0.0,0.0,0.11,0.11044444444444444,0.11,0.11
2015-03-28,0.11,0.0,0.0,0.11,0.11033333333333332,0.11,0.11
2015-03-29,0.11,0.0,0.0,0.11,0.11022222222222222,0.11,0.11
2015-03-30,0.11,0.0,0.0,0.11,0.11011111111111112,0.11,0.11
2015-03-31,0.11,0.0,0.0,0.11,0.11,0.11,0.11
2015-04-01,0.12,0.009999999999999995,0.09090909090909083,0.11033333333333334,0.11011111111111112,0.11,0.11
2015-04-02,0.12,0.0,0.0,0.11066666666666666,0.11022222222222222,0.11,0.11
2015-04-03,0.12,0.0,0.0,0.111,0.11033333333333332,0.11,0.11
2015-04-04,0.12,0.0,0.0,0.11133333333333333,0.11044444444444444,0.11,0.11
2015-04-05,0.12,0.0,0.0,0.11166666666666666,0.11055555555555555,0.11,0.11
2015-04-06,0.12,0.0,0.0,0.112,0.11066666666666666,0.11,0.11
2015-04-07,0.12,0.0,0.0,0.11233333333333334,0.11077777777777778,0.11,0.11
2015-04-08,0.12,0.0,0.0,0.11266666666666666,0.1108888888888889,0.12,0.11
2015-04-09,0.12,0.0,0.0,0.113,0.111,0.12,0.11
2015-04-10,0.12,0.0,0.0,0.11333333333333333,0.1111111111111111,0.12,0.11
2015-04-11,0.12,0.0,0.0,0.11366666666666665,0.11122222222222224,0.12,0.11
2015-04-12,0.12,0.0,0.0,0.114,0.11133333333333333,0.12,0.11
2015-04-13,0.12,0.0,0.0,0.11433333333333334,0.11144444444444444,0.12,0.11
2015-04-14,0.12,0.0,0.0,0.11466666666666667,0.11155555555555556,0.12,0.11
2015-04-15,0.12,0.0,0.0,0.11499999999999999,0.11166666666666665,0.12,0.11
2015-04-16,0.12,0.0,0.0,0.11533333333333333,0.11177777777777778,0.12,0.11
2015-04-17,0.12,0.0,0.0,0.11566666666666667,0.1118888888888889,0.12,0.11
2015-04-18,0.12,0.0,0.0,0.11599999999999998,0.112,0.12,0.11
2015-04-19,0.12,0.0,0.0,0.11633333333333333,0.1121111111111111,0.12,0.11
2015-04-20,0.12,0.0,0.0,0.11666666666666667,0.11222222222222222,0.12,0.11
2015-04-21,0.12,0.0,0.0,0.117,0.11233333333333333,0.12,0.11
2015-04-22,0.12,0.0,0.0,0.11733333333333332,0.11244444444444443,0.12,0.11
2015-04-23,0.12,0.0,0.0,0.11766666666666666,0.11255555555555556,0.12,0.11
2015-04-24,0.12,0.0,0.0,0.11800000000000001,0.11266666666666665,0.12,0.11
2015-04-25,0.12,0.0,0.0,0.11833333333333333,0.11277777777777778,0.12,0.11
2015-04-26,0.12,0.0,0.0,0.11866666666666666,0.11288888888888889,0.12,0.11
2015-04-27,0.12,0.0,0.0,0.119,0.113,0.12,0.11
2015-04-28,0.12,0.0,0.0,0.11933333333333333,0.1131111111111111,0.12,0.11
2015-04-29,0.12,0.0,0.0,0.11966666666666666,0.11322222222222221,0.12,0.11
2015-04-30,0.12,0.0,0.0,0.12,0.11333333333333333,0.12,0.11
2015-05-01,0.12,0.0,0.0,0.12,0.11344444444444443,0.12,0.12
2015-05-02,0.12,0.0,0.0,0.12,0.11355555555555556,0.12,0.12
2015-05-03,0.12,0.0,0.0,0.12,0.11366666666666667,0.12,0.12
2015-05-04,0.12,0.0,0.0,0.12,0.11377777777777778,0.12,0.12
2015-05-05,0.12,0.0,0.0,0.12,0.11388888888888889,0.12,0.12
2015-05-06,0.12,0.0,0.0,0.12,0.114,0.12,0.12
2015-05-07,0.12,0.0,0.0,0.12,0.11411111111111111,0.12,0.12
2015-05-08,0.12,0.0,0.0,0.12,0.11422222222222221,0.12,0.12
2015-05-09,0.12,0.0,0.0,0.12,0.11433333333333334,0.12,0.12
2015-05-10,0.12,0.0,0.0,0.12,0.11444444444444443,0.12,0.12
2015-05-11,0.12,0.0,0.0,0.12,0.11455555555555556,0.12,0.12
2015-05-12,0.12,0.0,0.0,0.12,0.11466666666666667,0.12,0.12
2015-05-13,0.12,0.0,0.0,0.12,0.11477777777777778,0.12,0.12
2015-05-14,0.12,0.0,0.0,0.12,0.11488888888888889,0.12,0.12
2015-05-15,0.12,0.0,0.0,0.12,0.11499999999999999,0.12,0.12
2015-05-16,0.12,0.0,0.0,0.12,0.11511111111111111,0.12,0.12
2015-05-17,0.12,0.0,0.0,0.12,0.11522222222222221,0.12,0.12
2015-05-18,0.12,0.0,0.0,0.12,0.11533333333333334,0.12,0.12
2015-05-19,0.12,0.0,0.0,0.12,0.11544444444444443,0.12,0.12
2015-05-20,0.12,0.0,0.0,0.12,0.11555555555555556,0.12,0.12
2015-05-21,0.12,0.0,0.0,0.12,0.11566666666666667,0.12,0.12
2015-05-22,0.12,0.0,0.0,0.12,0.11577777777777776,0.12,0.12
2015-05-23,0.12,0.0,0.0,0.12,0.11588888888888889,0.12,0.12
2015-05-24,0.12,0.0,0.0,0.12,0.11599999999999999,0.12,0.12
2015-05-25,0.12,0.0,0.0,0.12,0.11611111111111111,0.12,0.12
2015-05-26,0.12,0.0,0.0,0.12,0.11622222222222221,0.12,0.12
2015-05-27,0.12,0.0,0.0,0.12,0.11633333333333334,0.12,0.12
2015-05-28,0.12,0.0,0.0,0.12,0.11644444444444445,0.12,0.12
2015-05-29,0.12,0.0,0.0,0.12,0.11655555555555555,0.12,0.12
2015-05-30,0.12,0.0,0.0,0.12,0.11666666666666667,0.12,0.12
2015-05-31,0.12,0.0,0.0,0.12,0.11677777777777777,0.12,0.12
2015-06-01,0.13,0.010000000000000009,0.08333333333333348,0.12033333333333333,0.11699999999999999,0.12,0.12
2015-06-02,0.13,0.0,0.0,0.12066666666666666,0.11722222222222223,0.12,0.12
2015-06-03,0.13,0.0,0.0,0.121,0.11744444444444445,0.12,0.12
2015-06-04,0.13,0.0,0.0,0.12133333333333333,0.11766666666666667,0.12,0.12
2015-06-05,0.13,0.0,0.0,0.12166666666666666,0.11788888888888888,0.12,0.12
2015-06-06,0.13,0.0,0.0,0.12199999999999998,0.11811111111111113,0.12,0.12
2015-06-07,0.13,0.0,0.0,0.12233333333333334,0.11833333333333332,0.12,0.12
2015-06-08,0.13,0.0,0.0,0.12266666666666667,0.11855555555555555,0.13,0.12
2015-06-09,0.13,0.0,0.0,0.123,0.11877777777777777,0.13,0.12
2015-06-10,0.13,0.0,0.0,0.12333333333333332,0.119,0.13,0.12
2015-06-11,0.13,0.0,0.0,0.12366666666666666,0.11922222222222223,0.13,0.12
2015-06-12,0.13,0.0,0.0,0.12400000000000001,0.11944444444444445,0.13,0.12
2015-06-13,0.13,0.0,0.0,0.12433333333333334,0.11966666666666666,0.13,0.12
2015-06-14,0.13,0.0,0.0,0.12466666666666666,0.11988888888888888,0.13,0.12
2015-06-15,0.13,0.0,0.0,0.125,0.12011111111111111,0.13,0.12
2015-06-16,0.13,0.0,0.0,0.12533333333333335,0.12033333333333332,0.13,0.12
2015-06-17,0.13,0.0,0.0,0.12566666666666668,0.12055555555555555,0.13,0.12
2015-06-18,0.13,0.0,0.0,0.126,0.12077777777777779,0.13,0.12
2015-06-19,0.13,0.0,0.0,0.12633333333333333,0.12099999999999998,0.13,0.12
2015-06-20,0.13,0.0,0.0,0.12666666666666668,0.12122222222222222,0.13,0.12
2015-06-21,0.13,0.0,0.0,0.127,0.12144444444444444,0.13,0.12
2015-06-22,0.13,0.0,0.0,0.12733333333333333,0.12166666666666667,0.13,0.12
2015-06-23,0.13,0.0,0.0,0.12766666666666668,0.12188888888888888,0.13,0.12
2015-06-24,0.13,0.0,0.0,0.128,0.12211111111111111,0.13,0.12
2015-06-25,0.13,0.0,0.0,0.12833333333333333,0.12233333333333334,0.13,0.12
2015-06-26,0.13,0.0,0.0,0.12866666666666665,0.12255555555555554,0.13,0.12
2015-06-27,0.13,0.0,0.0,0.129,0.12277777777777779,0.13,0.12
2015-06-28,0.13,0.0,0.0,0.12933333333333336,0.123,0.13,0.12
2015-06-29,0.13,0.0,0.0,0.12966666666666668,0.12322222222222222,0.13,0.12
2015-06-30,0.13,0.0,0.0,0.13,0.12333333333333332,0.13,0.12
2015-07-01,0.13,0.0,0.0,0.13,0.12344444444444444,0.13,0.13
2015-07-02,0.13,0.0,0.0,0.13,0.12355555555555554,0.13,0.13
2015-07-03,0.13,0.0,0.0,0.13,0.12366666666666667,0.13,0.13
2015-07-04,0.13,0.0,0.0,0.13,0.12377777777777778,0.13,0.13
2015-07-05,0.13,0.0,0.0,0.13,0.1238888888888889,0.13,0.13
2015-07-06,0.13,0.0,0.0,0.13,0.124,0.13,0.13
2015-07-07,0.13,0.0,0.0,0.13,0.12411111111111112,0.13,0.13
2015-07-08,0.13,0.0,0.0,0.13,0.12422222222222222,0.13,0.13
2015-07-09,0.13,0.0,0.0,0.13,0.12433333333333332,0.13,0.13
2015-07-10,0.13,0.0,0.0,0.13,0.12444444444444444,0.13,0.13
2015-07-11,0.13,0.0,0.0,0.13,0.12455555555555554,0.13,0.13
2015-07-12,0.13,0.0,0.0,0.13,0.12466666666666668,0.13,0.13
2015-07-13,0.13,0.0,0.0,0.13,0.12477777777777778,0.13,0.13
2015-07-14,0.13,0.0,0.0,0.13,0.1248888888888889,0.13,0.13
2015-07-15,0.13,0.0,0.0,0.13,0.125,0.13,0.13
2015-07-16,0.13,0.0,0.0,0.13,0.12511111111111112,0.13,0.13
2015-07-17,0.13,0.0,0.0,0.13,0.1252222222222222,0.13,0.13
2015-07-18,0.13,0.0,0.0,0.13,0.12533333333333332,0.13,0.13
2015-07-19,0.13,0.0,0.0,0.13,0.12544444444444444,0.13,0.13
2015-07-20,0.13,0.0,0.0,0.13,0.12555555555555556,0.13,0.13
2015-07-21,0.13,0.0,0.0,0.13,0.12566666666666668,0.13,0.13
2015-07-22,0.13,0.0,0.0,0.13,0.1257777777777778,0.13,0.13
2015-07-23,0.13,0.0,0.0,0.13,0.12588888888888888,0.13,0.13
2015-07-24,0.13,0.0,0.0,0.13,0.126,0.13,0.13
2015-07-25,0.13,0.0,0.0,0.13,0.12611111111111112,0.13,0.13
2015-07-26,0.13,0.0,0.0,0.13,0.1262222222222222,0.13,0.13
2015-07-27,0.13,0.0,0.0,0.13,0.12633333333333333,0.13,0.13
2015-07-28,0.13,0.0,0.0,0.13,0.12644444444444444,0.13,0.13
2015-07-29,0.13,0.0,0.0,0.13,0.12655555555555556,0.13,0.13
2015-07-30,0.13,0.0,0.0,0.13,0.12666666666666668,0.13,0.13
2015-07-31,0.13,0.0,0.0,0.13,0.12677777777777777,0.13,0.13
2015-08-01,0.14,0.010000000000000009,0.0769230769230771,0.13033333333333333,0.127,0.13,0.13
2015-08-02,0.14,0.0,0.0,0.13066666666666665,0.1272222222222222,0.13,0.13
2015-08-03,0.14,0.0,0.0,0.131,0.12744444444444444,0.13,0.13
2015-08-04,0.14,0.0,0.0,0.13133333333333336,0.12766666666666668,0.13,0.13
2015-08-05,0.14,0.0,0.0,0.13166666666666668,0.12788888888888889,0.13,0.13
2015-08-06,0.14,0.0,0.0,0.132,0.12811111111111112,0.13,0.13
2015-08-07,0.14,0.0,0.0,0.13233333333333333,0.12833333333333335,0.13,0.13
2015-08-08,0.14,0.0,0.0,0.13266666666666668,0.12855555555555556,0.14,0.13
2015-08-09,0.14,0.0,0.0,0.133,0.12877777777777777,0.14,0.13
2015-08-10,0.14,0.0,0.0,0.13333333333333333,0.129,0.14,0.13
2015-08-11,0.14,0.0,0.0,0.13366666666666668,0.1292222222222222,0.14,0.13
2015-08-12,0.14,0.0,0.0,0.134,0.12944444444444445,0.14,0.13
2015-08-13,0.14,0.0,0.0,0.13433333333333333,0.12966666666666668,0.14,0.13
2015-08-14,0.14,0.0,0.0,0.13466666666666666,0.1298888888888889,0.14,0.13
2015-08-15,0.14,0.0,0.0,0.13500000000000004,0.13011111111111112,0.14,0.13
2015-08-16,0.14,0.0,0.0,0.13533333333333336,0.13033333333333333,0.14,0.13
2015-08-17,0.14,0.0,0.0,0.13566666666666669,0.13055555555555556,0.14,0.13
2015-08-18,0.14,0.0,0.0,0.136,0.13077777777777777,0.14,0.13
2015-08-19,0.14,0.0,0.0,0.13633333333333336,0.131,0.14,0.13
2015-08-20,0.14,0.0,0.0,0.1366666666666667,0.13122222222222224,0.14,0.13
2015-08-21,0.14,0.0,0.0,0.137,0.13144444444444445,0.14,0.13
2015-08-22,0.14,0.0,0.0,0.13733333333333334,0.13166666666666668,0.14,0.13
2015-08-23,0.14,0.0,0.0,0.1376666666666667,0.1318888888888889,0.14,0.13
2015-08-24,0.14,0.0,0.0,0.138,0.13211111111111112,0.14,0.13
2015-08-25,0.14,0.0,0.0,0.13833333333333334,0.13233333333333333,0.14,0.13
2015-08-26,0.14,0.0,0.0,0.1386666666666667,0.13255555555555557,0.14,0.13
2015-08-27,0.14,0.0,0.0,0.13899999999999998,0.13277777777777777,0.14,0.13
2015-08-28,0.14,0.0,0.0,0.13933333333333334,0.133,0.14,0.13
2015-08-29,0.14,0.0,0.0,0.1396666666666667,0.13322222222222224,0.14,0.13
2015-08-30,0.14,0.0,0.0,0.14,0.13333333333333333,0.14,0.13
2015-08-31,0.14,0.0,0.0,0.14,0.13344444444444445,0.14,0.14
2015-09-01,0.14,0.0,0.0,0.14,0.13355555555555557,0.14,0.14
2015-09-02,0.14,0.0,0.0,0.14,0.13366666666666666,0.14,0.14
2015-09-03,0.14,0.0,0.0,0.14,0.1337777777777778,0.14,0.14
2015-09-04,0.14,0.0,0.0,0.14,0.1338888888888889,0.14,0.14
2015-09-05,0.14,0.0,0.0,0.14,0.134,0.14,0.14
2015-09-06,0.14,0.0,0.0,0.14,0.13411111111111113,0.14,0.14
2015-09-07,0.14,0.0,0.0,0.14,0.13422222222222224,0.14,0.14
2015-09-08,0.14,0.0,0.0,0.14,0.13433333333333336,0.14,0.14
2015-09-09,0.14,0.0,0.0,0.14,0.13444444444444445,0.14,0.14
2015-09-10,0.14,0.0,0.0,0.14,0.13455555555555557,0.14,0.14
2015-09-11,0.14,0.0,0.0,0.14,0.13466666666666668,0.14,0.14
2015-09-12,0.14,0.0,0.0,0.14,0.13477777777777777,0.14,0.14
2015-09-13,0.14,0.0,0.0,0.14,0.1348888888888889,0.14,0.14
2015-09-14,0.14,0.0,0.0,0.14,0.13500000000000004,0.14,0.14
2015-09-15,0.14,0.0,0.0,0.14,0.13511111111111113,0.14,0.14
2015-09-16,0.14,0.0,0.0,0.14,0.13522222222222222,0.14,0.14
2015-09-17,0.14,0.0,0.0,0.14,0.13533333333333336,0.14,0.14
2015-09-18,0.14,0.0,0.0,0.14,0.13544444444444445,0.14,0.14
2015-09-19,0.14,0.0,0.0,0.14,0.13555555555555557,0.14,0.14
2015-09-20,0.14,0.0,0.0,0.14,0.13566666666666669,0.14,0.14
2015-09-21,0.14,0.0,0.0,0.14,0.13577777777777778,0.14,0.14
2015-09-22,0.14,0.0,0.0,0.14,0.1358888888888889,0.14,0.14
2015-09-23,0.14,0.0,0.0,0.14,0.136,0.14,0.14
2015-09-24,0.14,0.0,0.0,0.14,0.13611111111111113,0.14,0.14
2015-09-25,0.14,0.0,0.0,0.14,0.13622222222222222,0.14,0.14
2015-09-26,0.14,0.0,0.0,0.14,0.13633333333333336,0.14,0.14
2015-09-27,0.14,0.0,0.0,0.14,0.13644444444444445,0.14,0.14
2015-09-28,0.14,0.0,0.0,0.14,0.13655555555555557,0.14,0.14
2015-09-29,0.14,0.0,0.0,0.14,0.1366666666666667,0.14,0.14
2015-09-30,0.14,0.0,0.0,0.14,0.1367777777777778,0.14,0.14
2015-10-01,0.12,-0.020000000000000018,-0.14285714285714302,0.13933333333333336,0.1366666666666667,0.14,0.14
2015-10-02,0.12,0.0,0.0,0.1386666666666667,0.13655555555555557,0.14,0.14
2015-10-03,0.12,0.0,0.0,0.13799999999999998,0.13644444444444445,0.14,0.14
2015-10-04,0.12,0.0,0.0,0.13733333333333334,0.13633333333333333,0.14,0.14
2015-10-05,0.12,0.0,0.0,0.1366666666666667,0.13622222222222224,0.14,0.14
2015-10-06,0.12,0.0,0.0,0.136,0.1361111111111111,0.14,0.14
2015-10-07,0.12,0.0,0.0,0.13533333333333336,0.136,0.14,0.14
2015-10-08,0.12,0.0,0.0,0.13466666666666666,0.1358888888888889,0.12,0.14
2015-10-09,0.12,0.0,0.0,0.134,0.1357777777777778,0.12,0.14
2015-10-10,0.12,0.0,0.0,0.13333333333333333,0.13566666666666669,0.12,0.14
2015-10-11,0.12,0.0,0.0,0.13266666666666668,0.13555555555555554,0.12,0.14
2015-10-12,0.12,0.0,0.0,0.132,0.13544444444444445,0.12,0.14
2015-10-13,0.12,0.0,0.0,0.13133333333333333,0.13533333333333333,0.12,0.14
2015-10-14,0.12,0.0,0.0,0.13066666666666665,0.13522222222222224,0.12,0.14
2015-10-15,0.12,0.0,0.0,0.13,0.13511111111111113,0.12,0.14
2015-10-16,0.12,0.0,0.0,0.12933333333333336,0.13500000000000004,0.12,0.14
2015-10-17,0.12,0.0,0.0,0.12866666666666665,0.1348888888888889,0.12,0.14
2015-10-18,0.12,0.0,0.0,0.128,0.13477777777777777,0.12,0.14
2015-10-19,0.12,0.0,0.0,0.12733333333333335,0.13466666666666668,0.12,0.14
2015-10-20,0.12,0.0,0.0,0.12666666666666668,0.13455555555555554,0.12,0.14
2015-10-21,0.12,0.0,0.0,0.126,0.13444444444444445,0.12,0.14
2015-10-22,0.12,0.0,0.0,0.12533333333333332,0.13433333333333333,0.12,0.14
2015-10-23,0.12,0.0,0.0,0.12466666666666668,0.13422222222222224,0.12,0.14
2015-10-24,0.12,0.0,0.0,0.12400000000000001,0.13411111111111113,0.12,0.14
2015-10-25,0.12,0.0,0.0,0.12333333333333332,0.13400000000000004,0.12,0.14
2015-10-26,0.12,0.0,0.0,0.12266666666666666,0.1338888888888889,0.12,0.14
2015-10-27,0.12,0.0,0.0,0.12200000000000001,0.13377777777777777,0.12,0.14
2015-10-28,0.12,0.0,0.0,0.12133333333333333,0.13366666666666668,0.12,0.14
2015-10-29,0.12,0.0,0.0,0.12066666666666666,0.13355555555555554,0.12,0.14
2015-10-30,0.12,0.0,0.0,0.12,0.13333333333333336,0.12,0.14
2015-10-31,0.12,0.0,0.0,0.12,0.13311111111111112,0.12,0.12
2015-11-01,0.12,0.0,0.0,0.12,0.1328888888888889,0.12,0.12
2015-11-02,0.12,0.0,0.0,0.12,0.13266666666666668,0.12,0.12
2015-11-03,0.12,0.0,0.0,0.12,0.13244444444444448,0.12,0.12
2015-11-04,0.12,0.0,0.0,0.12,0.1322222222222222,0.12,0.12
2015-11-05,0.12,0.0,0.0,0.12,0.13199999999999998,0.12,0.12
2015-11-06,0.12,0.0,0.0,0.12,0.1317777777777778,0.12,0.12
2015-11-07,0.12,0.0,0.0,0.12,0.13155555555555556,0.12,0.12
2015-11-08,0.12,0.0,0.0,0.12,0.13133333333333333,0.12,0.12
2015-11-09,0.12,0.0,0.0,0.12,0.13111111111111112,0.12,0.12
2015-11-10,0.12,0.0,0.0,0.12,0.1308888888888889,0.12,0.12
2015-11-11,0.12,0.0,0.0,0.12,0.13066666666666665,0.12,0.12
2015-11-12,0.12,0.0,0.0,0.12,0.13044444444444445,0.12,0.12
2015-11-13,0.12,0.0,0.0,0.12,0.13022222222222224,0.12,0.12
2015-11-14,0.12,0.0,0.0,0.12,0.13,0.12,0.12
2015-11-15,0.12,0.0,0.0,0.12,0.1297777777777778,0.12,0.12
2015-11-16,0.12,0.0,0.0,0.12,0.12955555555555556,0.12,0.12
2015-11-17,0.12,0.0,0.0,0.12,0.12933333333333333,0.12,0.12
2015-11-18,0.12,0.0,0.0,0.12,0.12911111111111112,0.12,0.12
2015-11-19,0.12,0.0,0.0,0.12,0.12888888888888891,0.12,0.12
2015-11-20,0.12,0.0,0.0,0.12,0.12866666666666668,0.12,0.12
2015-11-21,0.12,0.0,0.0,0.12,0.12844444444444442,0.12,0.12
2015-11-22,0.12,0.0,0.0,0.12,0.12822222222222224,0.12,0.12
2015-11-23,0.12,0.0,0.0,0.12,0.128,0.12,0.12
2015-11-24,0.12,0.0,0.0,0.12,0.12777777777777777,0.12,0.12
2015-11-25,0.12,0.0,0.0,0.12,0.12755555555555556,0.12,0.12
2015-11-26,0.12,0.0,0.0,0.12,0.12733333333333335,0.12,0.12
2015-11-27,0.12,0.0,0.0,0.12,0.12711111111111112,0.12,0.12
2015-11-28,0.12,0.0,0.0,0.12,0.12688888888888888,0.12,0.12
2015-11-29,0.12,0.0,0.0,0.12,0.12666666666666668,0.12,0.12
2015-11-30,0.12,0.0,0.0,0.12,0.12644444444444444,0.12,0.12
2015-12-01,0.24,0.12,1.0,0.12399999999999999,0.12755555555555556,0.12,0.12
2015-12-02,0.24,0.0,0.0,0.128,0.12866666666666668,0.12,0.12
2015-12-03,0.24,0.0,0.0,0.132,0.12977777777777777,0.12,0.12
2015-12-04,0.24,0.0,0.0,0.136,0.1308888888888889,0.12,0.12
2015-12-05,0.24,0.0,0.0,0.13999999999999999,0.132,0.12,0.12
2015-12-06,0.24,0.0,0.0,0.144,0.13311111111111112,0.12,0.12
2015-12-07,0.24,0.0,0.0,0.148,0.13422222222222221,0.12,0.12
2015-12-08,0.24,0.0,0.0,0.15200000000000002,0.13533333333333333,0.24,0.12
2015-12-09,0.24,0.0,0.0,0.156,0.13644444444444442,0.24,0.12
2015-12-10,0.24,0.0,0.0,0.16,0.13755555555555554,0.24,0.12
2015-12-11,0.24,0.0,0.0,0.164,0.13866666666666666,0.24,0.12
2015-12-12,0.24,0.0,0.0,0.168,0.13977777777777778,0.24,0.12
2015-12-13,0.24,0.0,0.0,0.172,0.1408888888888889,0.24,0.12
2015-12-14,0.24,0.0,0.0,0.176,0.14200000000000002,0.24,0.12
2015-12-15,0.24,0.0,0.0,0.18,0.1431111111111111,0.24,0.12
2015-12-16,0.24,0.0,0.0,0.18400000000000002,0.1442222222222222,0.24,0.12
2015-12-17,0.24,0.0,0.0,0.188,0.14533333333333334,0.24,0.12
2015-12-18,0.24,0.0,0.0,0.192,0.14644444444444443,0.24,0.12
2015-12-19,0.24,0.0,0.0,0.196,0.14755555555555555,0.24,0.12
2015-12-20,0.24,0.0,0.0,0.2,0.14866666666666667,0.24,0.12
2015-12-21,0.24,0.0,0.0,0.204,0.1497777777777778,0.24,0.12
2015-12-22,0.24,0.0,0.0,0.208,0.15088888888888888,0.24,0.12
2015-12-23,0.24,0.0,0.0,0.212,0.15199999999999997,0.24,0.12
2015-12-24,0.24,0.0,0.0,0.21600000000000003,0.15311111111111111,0.24,0.12
2015-12-25,0.24,0.0,0.0,0.22,0.1542222222222222,0.24,0.12
2015-12-26,0.24,0.0,0.0,0.224,0.15533333333333332,0.24,0.12
2015-12-27,0.24,0.0,0.0,0.228,0.15644444444444444,0.24,0.12
2015-12-28,0.24,0.0,0.0,0.232,0.15755555555555556,0.24,0.12
2015-12-29,0.24,0.0,0.0,0.23599999999999996,0.15866666666666665,0.24,0.12
2015-12-30,0.24,0.0,0.0,0.24,0.16,0.24,0.12
2015-12-31,0.24,0.0,0.0,0.24,0.1613333333333333,0.24,0.24
2016-01-01,0.34,0.10000000000000003,0.41666666666666674,0.24333333333333332,0.16377777777777777,0.24,0.24
2016-01-02,0.34,0.0,0.0,0.24666666666666665,0.16622222222222224,0.24,0.24
2016-01-03,0.34,0.0,0.0,0.25,0.16866666666666666,0.24,0.24
2016-01-04,0.34,0.0,0.0,0.25333333333333335,0.1711111111111111,0.24,0.24
2016-01-05,0.34,0.0,0.0,0.25666666666666665,0.17355555555555555,0.24,0.24
2016-01-06,0.34,0.0,0.0,0.26,0.176,0.24,0.24
2016-01-07,0.34,0.0,0.0,0.2633333333333333,0.17844444444444443,0.24,0.24
2016-01-08,0.34,0.0,0.0,0.26666666666666666,0.1808888888888889,0.34,0.24
2016-01-09,0.34,0.0,0.0,0.26999999999999996,0.18333333333333332,0.34,0.24
2016-01-10,0.34,0.0,0.0,0.2733333333333333,0.1857777777777778,0.34,0.24
2016-01-11,0.34,0.0,0.0,0.27666666666666667,0.18822222222222224,0.34,0.24
2016-01-12,0.34,0.0,0.0,0.28,0.19066666666666668,0.34,0.24
2016-01-13,0.34,0.0,0.0,0.2833333333333333,0.1931111111111111,0.34,0.24
2016-01-14,0.34,0.0,0.0,0.28666666666666674,0.19555555555555557,0.34,0.24
2016-01-15,0.34,0.0,0.0,0.29000000000000004,0.198,0.34,0.24
2016-01-16,0.34,0.0,0.0,0.29333333333333333,0.20044444444444443,0.34,0.24
2016-01-17,0.34,0.0,0.0,0.2966666666666667,0.2028888888888889,0.34,0.24
2016-01-18,0.34,0.0,0.0,0.3,0.20533333333333334,0.34,0.24
2016-01-19,0.34,0.0,0.0,0.30333333333333334,0.20777777777777778,0.34,0.24
2016-01-20,0.34,0.0,0.0,0.30666666666666664,0.2102222222222222,0.34,0.24
2016-01-21,0.34,0.0,0.0,0.30999999999999994,0.21266666666666667,0.34,0.24
2016-01-22,0.34,0.0,0.0,0.3133333333333334,0.21511111111111111,0.34,0.24
2016-01-23,0.34,0.0,0.0,0.3166666666666667,0.21755555555555553,0.34,0.24
2016-01-24,0.34,0.0,0.0,0.32000000000000006,0.21999999999999997,0.34,0.24
2016-01-25,0.34,0.0,0.0,0.32333333333333336,0.22244444444444444,0.34,0.24
2016-01-26,0.34,0.0,0.0,0.3266666666666667,0.22488888888888886,0.34,0.24
2016-01-27,0.34,0.0,0.0,0.33,0.22733333333333333,0.34,0.24
2016-01-28,0.34,0.0,0.0,0.3333333333333333,0.2297777777777778,0.34,0.24
2016-01-29,0.34,0.0,0.0,0.33666666666666667,0.23222222222222225,0.34,0.24
2016-01-30,0.34,0.0,0.0,0.34,0.2346666666666667,0.34,0.24
2016-01-31,0.34,0.0,0.0,0.34,0.2371111111111111,0.34,0.34
2016-02-01,0.38,0.03999999999999998,0.11764705882352944,0.3413333333333333,0.24000000000000002,0.34,0.34
2016-02-02,0.38,0.0,0.0,0.34266666666666673,0.24288888888888888,0.34,0.34
2016-02-03,0.38,0.0,0.0,0.34400000000000003,0.2457777777777778,0.34,0.34
2016-02-04,0.38,0.0,0.0,0.3453333333333334,0.2486666666666667,0.34,0.34
2016-02-05,0.38,0.0,0.0,0.3466666666666667,0.2515555555555556,0.34,0.34
2016-02-06,0.38,0.0,0.0,0.34800000000000003,0.2544444444444444,0.34,0.34
2016-02-07,0.38,0.0,0.0,0.34933333333333333,0.25733333333333336,0.34,0.34
2016-02-08,0.38,0.0,0.0,0.35066666666666674,0.26022222222222224,0.38,0.34
2016-02-09,0.38,0.0,0.0,0.35200000000000004,0.26311111111111113,0.38,0.34
2016-02-10,0.38,0.0,0.0,0.35333333333333333,0.26599999999999996,0.38,0.34
2016-02-11,0.38,0.0,0.0,0.3546666666666667,0.2688888888888889,0.38,0.34
2016-02-12,0.38,0.0,0.0,0.356,0.2717777777777778,0.38,0.34
2016-02-13,0.38,0.0,0.0,0.35733333333333334,0.27466666666666667,0.38,0.34
2016-02-14,0.38,0.0,0.0,0.35866666666666663,0.27755555555555556,0.38,0.34
2016-02-15,0.38,0.0,0.0,0.36000000000000004,0.28044444444444444,0.38,0.34
2016-02-16,0.38,0.0,0.0,0.36133333333333334,0.2833333333333333,0.38,0.34
2016-02-17,0.38,0.0,0.0,0.3626666666666667,0.2862222222222222,0.38,0.34
2016-02-18,0.38,0.0,0.0,0.36400000000000005,0.28911111111111115,0.38,0.34
2016-02-19,0.38,0.0,0.0,0.36533333333333334,0.29200000000000004,0.38,0.34
2016-02-20,0.38,0.0,0.0,0.36666666666666675,0.29488888888888887,0.38,0.34
2016-02-21,0.38,0.0,0.0,0.368,0.2977777777777778,0.38,0.34
2016-02-22,0.38,0.0,0.0,0.36933333333333335,0.3006666666666667,0.38,0.34
2016-02-23,0.38,0.0,0.0,0.37066666666666664,0.3035555555555556,0.38,0.34
2016-02-24,0.38,0.0,0.0,0.372,0.3064444444444444,0.38,0.34
2016-02-25,0.38,0.0,0.0,0.3733333333333333,0.30933333333333335,0.38,0.34
2016-02-26,0.38,0.0,0.0,0.37466666666666665,0.31222222222222223,0.38,0.34
2016-02-27,0.38,0.0,0.0,0.37600000000000006,0.3151111111111111,0.38,0.34
2016-02-28,0.38,0.0,0.0,0.37733333333333335,0.318,0.38,0.34
2016-02-29,0.38,0.0,0.0,0.3786666666666667,0.3195555555555556,0.38,0.34
2016-03-01,0.36,-0.020000000000000018,-0.052631578947368474,0.37933333333333336,0.3208888888888889,0.38,0.34
2016-03-02,0.36,0.0,0.0,0.37866666666666665,0.32222222222222224,0.38,0.38
2016-03-03,0.36,0.0,0.0,0.37800000000000006,0.32355555555555554,0.38,0.38
2016-03-04,0.36,0.0,0.0,0.37733333333333335,0.3248888888888889,0.38,0.38
2016-03-05,0.36,0.0,0.0,0.37666666666666665,0.32622222222222225,0.38,0.38
2016-03-06,0.36,0.0,0.0,0.37600000000000006,0.32755555555555554,0.38,0.38
2016-03-07,0.36,0.0,0.0,0.37533333333333335,0.3288888888888889,0.38,0.38
2016-03-08,0.36,0.0,0.0,0.37466666666666665,0.3302222222222222,0.36,0.38
2016-03-09,0.36,0.0,0.0,0.37399999999999994,0.33155555555555555,0.36,0.38
2016-03-10,0.36,0.0,0.0,0.37333333333333335,0.3328888888888889,0.36,0.38
2016-03-11,0.36,0.0,0.0,0.37266666666666665,0.33422222222222225,0.36,0.38
2016-03-12,0.36,0.0,0.0,0.37199999999999994,0.3355555555555556,0.36,0.38
2016-03-13,0.36,0.0,0.0,0.37133333333333335,0.3368888888888889,0.36,0.38
2016-03-14,0.36,0.0,0.0,0.37066666666666664,0.33822222222222226,0.36,0.38
2016-03-15,0.36,0.0,0.0,0.37,0.33955555555555555,0.36,0.38
2016-03-16,0.36,0.0,0.0,0.36933333333333335,0.3408888888888889,0.36,0.38
2016-03-17,0.36,0.0,0.0,0.3686666666666667,0.3422222222222222,0.36,0.38
2016-03-18,0.36,0.0,0.0,0.368,0.34355555555555556,0.36,0.38
2016-03-19,0.36,0.0,0.0,0.3673333333333334,0.3448888888888889,0.36,0.38
2016-03-20,0.36,0.0,0.0,0.36666666666666664,0.3462222222222222,0.36,0.38
2016-03-21,0.36,0.0,0.0,0.36599999999999994,0.34755555555555556,0.36,0.38
2016-03-22,0.36,0.0,0.0,0.36533333333333334,0.34888888888888886,0.36,0.38
2016-03-23,0.36,0.0,0.0,0.36466666666666664,0.3502222222222222,0.36,0.38
2016-03-24,0.36,0.0,0.0,0.364,0.35155555555555557,0.36,0.38
2016-03-25,0.36,0.0,0.0,0.3633333333333333,0.3528888888888889,0.36,0.38
2016-03-26,0.36,0.0,0.0,0.3626666666666667,0.35422222222222227,0.36,0.38
2016-03-27,0.36,0.0,0.0,0.362,0.35555555555555557,0.36,0.38
2016-03-28,0.36,0.0,0.0,0.3613333333333333,0.3568888888888889,0.36,0.38
2016-03-29,0.36,0.0,0.0,0.3606666666666667,0.3582222222222222,0.36,0.38
2016-03-30,0.36,0.0,0.0,0.36,0.3595555555555556,0.36,0.38
2016-03-31,0.36,0.0,0.0,0.36,0.3597777777777778,0.36,0.36
2016-04-01,0.37,0.010000000000000009,0.0277777777777779,0.36033333333333334,0.36011111111111105,0.36,0.36
2016-04-02,0.37,0.0,0.0,0.36066666666666664,0.3604444444444445,0.36,0.36
2016-04-03,0.37,0.0,0.0,0.361,0.36077777777777775,0.36,0.36
2016-04-04,0.37,0.0,0.0,0.36133333333333334,0.3611111111111111,0.36,0.36
2016-04-05,0.37,0.0,0.0,0.36166666666666664,0.36144444444444446,0.36,0.36
2016-04-06,0.37,0.0,0.0,0.362,0.3617777777777778,0.36,0.36
2016-04-07,0.37,0.0,0.0,0.3623333333333333,0.36211111111111105,0.36,0.36
2016-04-08,0.37,0.0,0.0,0.36266666666666664,0.3624444444444445,0.37,0.36
2016-04-09,0.37,0.0,0.0,0.36299999999999993,0.36277777777777775,0.37,0.36
2016-04-10,0.37,0.0,0.0,0.36333333333333334,0.3631111111111111,0.37,0.36
2016-04-11,0.37,0.0,0.0,0.3636666666666667,0.36344444444444446,0.37,0.36
2016-04-12,0.37,0.0,0.0,0.364,0.3637777777777778,0.37,0.36
2016-04-13,0.37,0.0,0.0,0.36433333333333334,0.36411111111111116,0.37,0.36
2016-04-14,0.37,0.0,0.0,0.3646666666666667,0.3644444444444445,0.37,0.36
2016-04-15,0.37,0.0,0.0,0.365,0.36477777777777776,0.37,0.36
2016-04-16,0.37,0.0,0.0,0.3653333333333333,0.3651111111111111,0.37,0.36
2016-04-17,0.37,0.0,0.0,0.3656666666666667,0.36544444444444446,0.37,0.36
2016-04-18,0.37,0.0,0.0,0.36599999999999994,0.3657777777777777,0.37,0.36
2016-04-19,0.37,0.0,0.0,0.36633333333333334,0.36611111111111116,0.37,0.36
2016-04-20,0.37,0.0,0.0,0.36666666666666664,0.3664444444444444,0.37,0.36
2016-04-21,0.37,0.0,0.0,0.367,0.36677777777777776,0.37,0.36
2016-04-22,0.37,0.0,0.0,0.36733333333333335,0.3671111111111111,0.37,0.36
2016-04-23,0.37,0.0,0.0,0.36766666666666664,0.36744444444444446,0.37,0.36
2016-04-24,0.37,0.0,0.0,0.368,0.3677777777777777,0.37,0.36
2016-04-25,0.37,0.0,0.0,0.3683333333333333,0.36811111111111117,0.37,0.36
2016-04-26,0.37,0.0,0.0,0.3686666666666667,0.3684444444444444,0.37,0.36
2016-04-27,0.37,0.0,0.0,0.369,0.3687777777777778,0.37,0.36
2016-04-28,0.37,0.0,0.0,0.36933333333333335,0.3691111111111111,0.37,0.36
2016-04-29,0.37,0.0,0.0,0.36966666666666664,0.36944444444444446,0.37,0.36
2016-04-30,0.37,0.0,0.0,0.37,0.3697777777777778,0.37,0.36
2016-05-01,0.37,0.0,0.0,0.37,0.3696666666666667,0.37,0.37
2016-05-02,0.37,0.0,0.0,0.37,0.3695555555555555,0.37,0.37
2016-05-03,0.37,0.0,0.0,0.37,0.36944444444444446,0.37,0.37
2016-05-04,0.37,0.0,0.0,0.37,0.36933333333333335,0.37,0.37
2016-05-05,0.37,0.0,0.0,0.37,0.3692222222222222,0.37,0.37
2016-05-06,0.37,0.0,0.0,0.37,0.3691111111111111,0.37,0.37
2016-05-07,0.37,0.0,0.0,0.37,0.369,0.37,0.37
2016-05-08,0.37,0.0,0.0,0.37,0.36888888888888893,0.37,0.37
2016-05-09,0.37,0.0,0.0,0.37,0.36877777777777776,0.37,0.37
2016-05-10,0.37,0.0,0.0,0.37,0.36866666666666664,0.37,0.37
2016-05-11,0.37,0.0,0.0,0.37,0.3685555555555556,0.37,0.37
2016-05-12,0.37,0.0,0.0,0.37,0.3684444444444444,0.37,0.37
2016-05-13,0.37,0.0,0.0,0.37,0.3683333333333333,0.37,0.37
2016-05-14,0.37,0.0,0.0,0.37,0.36822222222222223,0.37,0.37
2016-05-15,0.37,0.0,0.0,0.37,0.36811111111111117,0.37,0.37
2016-05-16,0.37,0.0,0.0,0.37,0.368,0.37,0.37
2016-05-17,0.37,0.0,0.0,0.37,0.3678888888888889,0.37,0.37
2016-05-18,0.37,0.0,0.0,0.37,0.3677777777777778,0.37,0.37
2016-05-19,0.37,0.0,0.0,0.37,0.36766666666666664,0.37,0.37
2016-05-20,0.37,0.0,0.0,0.37,0.3675555555555555,0.37,0.37
2016-05-21,0.37,0.0,0.0,0.37,0.36744444444444446,0.37,0.37
2016-05-22,0.37,0.0,0.0,0.37,0.36733333333333335,0.37,0.37
2016-05-23,0.37,0.0,0.0,0.37,0.36722222222222217,0.37,0.37
2016-05-24,0.37,0.0,0.0,0.37,0.3671111111111111,0.37,0.37
2016-05-25,0.37,0.0,0.0,0.37,0.367,0.37,0.37
2016-05-26,0.37,0.0,0.0,0.37,0.36688888888888893,0.37,0.37
2016-05-27,0.37,0.0,0.0,0.37,0.36677777777777776,0.37,0.37
2016-05-28,0.37,0.0,0.0,0.37,0.36666666666666664,0.37,0.37
2016-05-29,0.37,0.0,0.0,0.37,0.3665555555555556,0.37,0.37
2016-05-30,0.37,0.0,0.0,0.37,0.3666666666666666,0.37,0.37
2016-05-31,0.37,0.0,0.0,0.37,0.36677777777777776,0.37,0.37
2016-06-01,0.38,0.010000000000000009,0.027027027027026973,0.37033333333333335,0.36699999999999994,0.37,0.37
2016-06-02,0.38,0.0,0.0,0.37066666666666664,0.36722222222222217,0.37,0.37
2016-06-03,0.38,0.0,0.0,0.37100000000000005,0.36744444444444446,0.37,0.37
2016-06-04,0.38,0.0,0.0,0.3713333333333333,0.36766666666666664,0.37,0.37
2016-06-05,0.38,0.0,0.0,0.3716666666666667,0.3678888888888889,0.37,0.37
2016-06-06,0.38,0.0,0.0,0.37199999999999994,0.36811111111111117,0.37,0.37
2016-06-07,0.38,0.0,0.0,0.37233333333333335,0.3683333333333333,0.37,0.37
2016-06-08,0.38,0.0,0.0,0.3726666666666667,0.3685555555555556,0.38,0.37
2016-06-09,0.38,0.0,0.0,0.373,0.3687777777777778,0.38,0.37
2016-06-10,0.38,0.0,0.0,0.37333333333333335,0.369,0.38,0.37
2016-06-11,0.38,0.0,0.0,0.37366666666666665,0.3692222222222223,0.38,0.37
2016-06-12,0.38,0.0,0.0,0.374,0.36944444444444435,0.38,0.37
2016-06-13,0.38,0.0,0.0,0.3743333333333333,0.36966666666666664,0.38,0.37
2016-06-14,0.38,0.0,0.0,0.37466666666666665,0.3698888888888889,0.38,0.37
2016-06-15,0.38,0.0,0.0,0.375,0.37011111111111106,0.38,0.37
2016-06-16,0.38,0.0,0.0,0.37533333333333335,0.3703333333333333,0.38,0.37
2016-06-17,0.38,0.0,0.0,0.3756666666666667,0.3705555555555556,0.38,0.37
2016-06-18,0.38,0.0,0.0,0.376,0.37077777777777776,0.38,0.37
2016-06-19,0.38,0.0,0.0,0.37633333333333335,0.371,0.38,0.37
2016-06-20,0.38,0.0,0.0,0.37666666666666665,0.3712222222222223,0.38,0.37
2016-06-21,0.38,0.0,0.0,0.377,0.37144444444444447,0.38,0.37
2016-06-22,0.38,0.0,0.0,0.3773333333333333,0.3716666666666667,0.38,0.37
2016-06-23,0.38,0.0,0.0,0.37766666666666665,0.3718888888888889,0.38,0.37
2016-06-24,0.38,0.0,0.0,0.37800000000000006,0.3721111111111111,0.38,0.37
2016-06-25,0.38,0.0,0.0,0.3783333333333333,0.3723333333333333,0.38,0.37
2016-06-26,0.38,0.0,0.0,0.3786666666666667,0.3725555555555555,0.38,0.37
2016-06-27,0.38,0.0,0.0,0.37899999999999995,0.37277777777777776,0.38,0.37
2016-06-28,0.38,0.0,0.0,0.37933333333333336,0.373,0.38,0.37
2016-06-29,0.38,0.0,0.0,0.37966666666666665,0.3732222222222222,0.38,0.37
2016-06-30,0.38,0.0,0.0,0.38,0.37333333333333335,0.38,0.37
2016-07-01,0.39,0.010000000000000009,0.026315789473684292,0.38033333333333336,0.37355555555555553,0.38,0.38
2016-07-02,0.39,0.0,0.0,0.38066666666666665,0.37377777777777776,0.38,0.38
2016-07-03,0.39,0.0,0.0,0.381,0.37400000000000005,0.38,0.38
2016-07-04,0.39,0.0,0.0,0.38133333333333336,0.37422222222222223,0.38,0.38
2016-07-05,0.39,0.0,0.0,0.38166666666666665,0.37444444444444447,0.38,0.38
2016-07-06,0.39,0.0,0.0,0.382,0.37466666666666676,0.38,0.38
2016-07-07,0.39,0.0,0.0,0.38233333333333336,0.3748888888888888,0.38,0.38
2016-07-08,0.39,0.0,0.0,0.3826666666666666,0.37511111111111106,0.39,0.38
2016-07-09,0.39,0.0,0.0,0.383,0.37533333333333335,0.39,0.38
2016-07-10,0.39,0.0,0.0,0.38333333333333336,0.37555555555555553,0.39,0.38
2016-07-11,0.39,0.0,0.0,0.3836666666666667,0.37577777777777777,0.39,0.38
2016-07-12,0.39,0.0,0.0,0.384,0.37599999999999995,0.39,0.38
2016-07-13,0.39,0.0,0.0,0.38433333333333336,0.37622222222222224,0.39,0.38
2016-07-14,0.39,0.0,0.0,0.3846666666666667,0.37644444444444447,0.39,0.38
2016-07-15,0.39,0.0,0.0,0.38499999999999995,0.37666666666666665,0.39,0.38
2016-07-16,0.39,0.0,0.0,0.38533333333333336,0.3768888888888889,0.39,0.38
2016-07-17,0.39,0.0,0.0,0.38566666666666666,0.3771111111111112,0.39,0.38
2016-07-18,0.39,0.0,0.0,0.386,0.37733333333333335,0.39,0.38
2016-07-19,0.39,0.0,0.0,0.3863333333333333,0.3775555555555556,0.39,0.38
2016-07-20,0.39,0.0,0.0,0.3866666666666667,0.37777777777777777,0.39,0.38
2016-07-21,0.39,0.0,0.0,0.38699999999999996,0.37799999999999995,0.39,0.38
2016-07-22,0.39,0.0,0.0,0.38733333333333336,0.37822222222222224,0.39,0.38
2016-07-23,0.39,0.0,0.0,0.3876666666666667,0.37844444444444447,0.39,0.38
2016-07-24,0.39,0.0,0.0,0.38799999999999996,0.37866666666666665,0.39,0.38
2016-07-25,0.39,0.0,0.0,0.38833333333333336,0.3788888888888889,0.39,0.38
2016-07-26,0.39,0.0,0.0,0.38866666666666666,0.37911111111111107,0.39,0.38
2016-07-27,0.39,0.0,0.0,0.38900000000000007,0.37933333333333336,0.39,0.38
2016-07-28,0.39,0.0,0.0,0.3893333333333333,0.3795555555555556,0.39,0.38
2016-07-29,0.39,0.0,0.0,0.3896666666666667,0.37977777777777777,0.39,0.38
2016-07-30,0.39,0.0,0.0,0.39,0.38,0.39,0.38
2016-07-31,0.39,0.0,0.0,0.39,0.3802222222222223,0.39,0.39
2016-08-01,0.4,0.010000000000000009,0.025641025641025772,0.39033333333333337,0.38055555555555554,0.39,0.39
2016-08-02,0.4,0.0,0.0,0.39066666666666666,0.3808888888888889,0.39,0.39
2016-08-03,0.4,0.0,0.0,0.391,0.38122222222222224,0.39,0.39
2016-08-04,0.4,0.0,0.0,0.3913333333333334,0.38155555555555554,0.39,0.39
2016-08-05,0.4,0.0,0.0,0.39166666666666666,0.38188888888888894,0.39,0.39
2016-08-06,0.4,0.0,0.0,0.392,0.3822222222222222,0.39,0.39
2016-08-07,0.4,0.0,0.0,0.39233333333333337,0.38255555555555554,0.39,0.39
2016-08-08,0.4,0.0,0.0,0.3926666666666667,0.3828888888888889,0.4,0.39
2016-08-09,0.4,0.0,0.0,0.393,0.3832222222222222,0.4,0.39
2016-08-10,0.4,0.0,0.0,0.39333333333333337,0.3835555555555556,0.4,0.39
2016-08-11,0.4,0.0,0.0,0.39366666666666666,0.38388888888888895,0.4,0.39
2016-08-12,0.4,0.0,0.0,0.394,0.3842222222222222,0.4,0.39
2016-08-13,0.4,0.0,0.0,0.3943333333333333,0.38455555555555554,0.4,0.39
2016-08-14,0.4,0.0,0.0,0.3946666666666667,0.3848888888888889,0.4,0.39
2016-08-15,0.4,0.0,0.0,0.39499999999999996,0.38522222222222224,0.4,0.39
2016-08-16,0.4,0.0,0.0,0.3953333333333333,0.3855555555555556,0.4,0.39
2016-08-17,0.4,0.0,0.0,0.3956666666666667,0.38588888888888895,0.4,0.39
2016-08-18,0.4,0.0,0.0,0.396,0.3862222222222222,0.4,0.39
2016-08-19,0.4,0.0,0.0,0.39633333333333337,0.38655555555555554,0.4,0.39
2016-08-20,0.4,0.0,0.0,0.3966666666666667,0.3868888888888889,0.4,0.39
2016-08-21,0.4,0.0,0.0,0.397,0.38722222222222225,0.4,0.39
2016-08-22,0.4,0.0,0.0,0.3973333333333333,0.3875555555555556,0.4,0.39
2016-08-23,0.4,0.0,0.0,0.3976666666666667,0.38788888888888884,0.4,0.39
2016-08-24,0.4,0.0,0.0,0.398,0.3882222222222222,0.4,0.39
2016-08-25,0.4,0.0,0.0,0.3983333333333334,0.3885555555555556,0.4,0.39
2016-08-26,0.4,0.0,0.0,0.39866666666666667,0.3888888888888889,0.4,0.39
2016-08-27,0.4,0.0,0.0,0.399,0.38922222222222225,0.4,0.39
2016-08-28,0.4,0.0,0.0,0.3993333333333334,0.3895555555555556,0.4,0.39
2016-08-29,0.4,0.0,0.0,0.39966666666666667,0.38988888888888884,0.4,0.39
2016-08-30,0.4,0.0,0.0,0.4,0.3901111111111112,0.4,0.39
2016-08-31,0.4,0.0,0.0,0.4,0.39033333333333337,0.4,0.4
2016-09-01,0.4,0.0,0.0,0.4,0.39055555555555554,0.4,0.4
2016-09-02,0.4,0.0,0.0,0.4,0.3907777777777778,0.4,0.4
2016-09-03,0.4,0.0,0.0,0.4,0.39099999999999996,0.4,0.4
2016-09-04,0.4,0.0,0.0,0.4,0.39122222222222225,0.4,0.4
2016-09-05,0.4,0.0,0.0,0.4,0.3914444444444445,0.4,0.4
2016-09-06,0.4,0.0,0.0,0.4,0.39166666666666666,0.4,0.4
2016-09-07,0.4,0.0,0.0,0.4,0.39188888888888884,0.4,0.4
2016-09-08,0.4,0.0,0.0,0.4,0.3921111111111111,0.4,0.4
2016-09-09,0.4,0.0,0.0,0.4,0.39233333333333337,0.4,0.4
2016-09-10,0.4,0.0,0.0,0.4,0.3925555555555556,0.4,0.4
2016-09-11,0.4,0.0,0.0,0.4,0.3927777777777778,0.4,0.4
2016-09-12,0.4,0.0,0.0,0.4,0.39299999999999996,0.4,0.4
2016-09-13,0.4,0.0,0.0,0.4,0.39322222222222225,0.4,0.4
2016-09-14,0.4,0.0,0.0,0.4,0.3934444444444445,0.4,0.4
2016-09-15,0.4,0.0,0.0,0.4,0.39366666666666666,0.4,0.4
2016-09-16,0.4,0.0,0.0,0.4,0.3938888888888889,0.4,0.4
2016-09-17,0.4,0.0,0.0,0.4,0.3941111111111111,0.4,0.4
2016-09-18,0.4,0.0,0.0,0.4,0.39433333333333337,0.4,0.4
2016-09-19,0.4,0.0,0.0,0.4,0.3945555555555556,0.4,0.4
2016-09-20,0.4,0.0,0.0,0.4,0.3947777777777778,0.4,0.4
2016-09-21,0.4,0.0,0.0,0.4,0.3950000000000001,0.4,0.4
2016-09-22,0.4,0.0,0.0,0.4,0.39522222222222225,0.4,0.4
2016-09-23,0.4,0.0,0.0,0.4,0.3954444444444445,0.4,0.4
2016-09-24,0.4,0.0,0.0,0.4,0.3956666666666667,0.4,0.4
2016-09-25,0.4,0.0,0.0,0.4,0.3958888888888889,0.4,0.4
2016-09-26,0.4,0.0,0.0,0.4,0.3961111111111111,0.4,0.4
2016-09-27,0.4,0.0,0.0,0.4,0.39633333333333337,0.4,0.4
2016-09-28,0.4,0.0,0.0,0.4,0.3965555555555556,0.4,0.4
2016-09-29,0.4,0.0,0.0,0.4,0.3966666666666667,0.4,0.4
2016-09-30,0.4,0.0,0.0,0.4,0.3967777777777778,0.4,0.4
2016-10-01,0.4,0.0,0.0,0.4,0.3968888888888889,0.4,0.4
2016-10-02,0.4,0.0,0.0,0.4,0.39699999999999996,0.4,0.4
2016-10-03,0.4,0.0,0.0,0.4,0.39711111111111114,0.4,0.4
2016-10-04,0.4,0.0,0.0,0.4,0.3972222222222222,0.4,0.4
2016-10-05,0.4,0.0,0.0,0.4,0.39733333333333337,0.4,0.4
2016-10-06,0.4,0.0,0.0,0.4,0.3974444444444445,0.4,0.4
2016-10-07,0.4,0.0,0.0,0.4,0.39755555555555555,0.4,0.4
2016-10-08,0.4,0.0,0.0,0.4,0.3976666666666667,0.4,0.4
2016-10-09,0.4,0.0,0.0,0.4,0.39777777777777784,0.4,0.4
2016-10-10,0.4,0.0,0.0,0.4,0.3978888888888889,0.4,0.4
2016-10-11,0.4,0.0,0.0,0.4,0.398,0.4,0.4
2016-10-12,0.4,0.0,0.0,0.4,0.3981111111111111,0.4,0.4
2016-10-13,0.4,0.0,0.0,0.4,0.39822222222222226,0.4,0.4
2016-10-14,0.4,0.0,0.0,0.4,0.3983333333333334,0.4,0.4
2016-10-15,0.4,0.0,0.0,0.4,0.39844444444444443,0.4,0.4
2016-10-16,0.4,0.0,0.0,0.4,0.39855555555555555,0.4,0.4
2016-10-17,0.4,0.0,0.0,0.4,0.39866666666666667,0.4,0.4
2016-10-18,0.4,0.0,0.0,0.4,0.39877777777777784,0.4,0.4
2016-10-19,0.4,0.0,0.0,0.4,0.39888888888888896,0.4,0.4
2016-10-20,0.4,0.0,0.0,0.4,0.399,0.4,0.4
2016-10-21,0.4,0.0,0.0,0.4,0.39911111111111114,0.4,0.4
2016-10-22,0.4,0.0,0.0,0.4,0.3992222222222222,0.4,0.4
2016-10-23,0.4,0.0,0.0,0.4,0.3993333333333334,0.4,0.4
2016-10-24,0.4,0.0,0.0,0.4,0.3994444444444445,0.4,0.4
2016-10-25,0.4,0.0,0.0,0.4,0.39955555555555555,0.4,0.4
2016-10-26,0.4,0.0,0.0,0.4,0.39966666666666667,0.4,0.4
2016-10-27,0.4,0.0,0.0,0.4,0.39977777777777773,0.4,0.4
2016-10-28,0.4,0.0,0.0,0.4,0.3998888888888889,0.4,0.4
2016-10-29,0.4,0.0,0.0,0.4,0.4,0.4,0.4
2016-10-30,0.4,0.0,0.0,0.4,0.4,0.4,0.4
2016-10-31,0.4,0.0,0.0,0.4,0.4,0.4,0.4
2016-11-01,0.41,0.009999999999999953,0.02499999999999991,0.4003333333333334,0.4001111111111112,0.4,0.4
2016-11-02,0.41,0.0,0.0,0.4006666666666667,0.40022222222222226,0.4,0.4
2016-11-03,0.41,0.0,0.0,0.401,0.4003333333333333,0.4,0.4
2016-11-04,0.41,0.0,0.0,0.4013333333333334,0.40044444444444444,0.4,0.4
2016-11-05,0.41,0.0,0.0,0.40166666666666667,0.4005555555555556,0.4,0.4
2016-11-06,0.41,0.0,0.0,0.402,0.40066666666666667,0.4,0.4
2016-11-07,0.41,0.0,0.0,0.4023333333333333,0.40077777777777784,0.4,0.4
2016-11-08,0.41,0.0,0.0,0.4026666666666667,0.40088888888888885,0.41,0.4
2016-11-09,0.41,0.0,0.0,0.40299999999999997,0.401,0.41,0.4
2016-11-10,0.41,0.0,0.0,0.4033333333333333,0.40111111111111114,0.41,0.4
2016-11-11,0.41,0.0,0.0,0.4036666666666667,0.4012222222222222,0.41,0.4
2016-11-12,0.41,0.0,0.0,0.404,0.4013333333333334,0.41,0.4
2016-11-13,0.41,0.0,0.0,0.4043333333333334,0.4014444444444444,0.41,0.4
2016-11-14,0.41,0.0,0.0,0.4046666666666667,0.40155555555555555,0.41,0.4
2016-11-15,0.41,0.0,0.0,0.405,0.40166666666666667,0.41,0.4
2016-11-16,0.41,0.0,0.0,0.4053333333333333,0.40177777777777784,0.41,0.4
2016-11-17,0.41,0.0,0.0,0.4056666666666667,0.4018888888888889,0.41,0.4
2016-11-18,0.41,0.0,0.0,0.40599999999999997,0.402,0.41,0.4
2016-11-19,0.41,0.0,0.0,0.4063333333333333,0.4021111111111111,0.41,0.4
2016-11-20,0.41,0.0,0.0,0.4066666666666666,0.40222222222222226,0.41,0.4
2016-11-21,0.41,0.0,0.0,0.407,0.4023333333333333,0.41,0.4
2016-11-22,0.41,0.0,0.0,0.40733333333333327,0.4024444444444445,0.41,0.4
2016-11-23,0.41,0.0,0.0,0.4076666666666667,0.4025555555555555,0.41,0.4
2016-11-24,0.41,0.0,0.0,0.40800000000000003,0.4026666666666667,0.41,0.4
2016-11-25,0.41,0.0,0.0,0.4083333333333333,0.4027777777777778,0.41,0.4
2016-11-26,0.41,0.0,0.0,0.4086666666666667,0.40288888888888896,0.41,0.4
2016-11-27,0.41,0.0,0.0,0.4089999999999999,0.403,0.41,0.4
2016-11-28,0.41,0.0,0.0,0.4093333333333333,0.40311111111111114,0.41,0.4
2016-11-29,0.41,0.0,0.0,0.4096666666666666,0.4032222222222222,0.41,0.4
2016-11-30,0.41,0.0,0.0,0.41,0.4033333333333334,0.41,0.4
2016-12-01,0.54,0.13000000000000006,0.3170731707317074,0.41433333333333333,0.40488888888888896,0.41,0.41
2016-12-02,0.54,0.0,0.0,0.41866666666666663,0.4064444444444445,0.41,0.41
2016-12-03,0.54,0.0,0.0,0.423,0.408,0.41,0.41
2016-12-04,0.54,0.0,0.0,0.4273333333333333,0.40955555555555556,0.41,0.41
2016-12-05,0.54,0.0,0.0,0.43166666666666664,0.4111111111111111,0.41,0.41
2016-12-06,0.54,0.0,0.0,0.436,0.4126666666666667,0.41,0.41
2016-12-07,0.54,0.0,0.0,0.44033333333333335,0.4142222222222222,0.41,0.41
2016-12-08,0.54,0.0,0.0,0.44466666666666665,0.4157777777777778,0.54,0.41
2016-12-09,0.54,0.0,0.0,0.449,0.41733333333333333,0.54,0.41
2016-12-10,0.54,0.0,0.0,0.4533333333333333,0.4188888888888889,0.54,0.41
2016-12-11,0.54,0.0,0.0,0.45766666666666667,0.4204444444444445,0.54,0.41
2016-12-12,0.54,0.0,0.0,0.46199999999999997,0.422,0.54,0.41
2016-12-13,0.54,0.0,0.0,0.4663333333333333,0.4235555555555555,0.54,0.41
2016-12-14,0.54,0.0,0.0,0.4706666666666666,0.4251111111111111,0.54,0.41
2016-12-15,0.54,0.0,0.0,0.475,0.42666666666666664,0.54,0.41
2016-12-16,0.54,0.0,0.0,0.4793333333333333,0.4282222222222223,0.54,0.41
2016-12-17,0.54,0.0,0.0,0.48366666666666674,0.42977777777777776,0.54,0.41
2016-12-18,0.54,0.0,0.0,0.48800000000000004,0.43133333333333335,0.54,0.41
2016-12-19,0.54,0.0,0.0,0.4923333333333334,0.4328888888888889,0.54,0.41
2016-12-20,0.54,0.0,0.0,0.4966666666666667,0.43444444444444447,0.54,0.41
2016-12-21,0.54,0.0,0.0,0.501,0.436,0.54,0.41
2016-12-22,0.54,0.0,0.0,0.5053333333333333,0.43755555555555553,0.54,0.41
2016-12-23,0.54,0.0,0.0,0.5096666666666667,0.43911111111111106,0.54,0.41
2016-12-24,0.54,0.0,0.0,0.514,0.4406666666666667,0.54,0.41
2016-12-25,0.54,0.0,0.0,0.5183333333333333,0.4422222222222223,0.54,0.41
2016-12-26,0.54,0.0,0.0,0.5226666666666666,0.4437777777777778,0.54,0.41
2016-12-27,0.54,0.0,0.0,0.527,0.4453333333333333,0.54,0.41
2016-12-28,0.54,0.0,0.0,0.5313333333333333,0.4468888888888889,0.54,0.41
2016-12-29,0.54,0.0,0.0,0.5356666666666666,0.4484444444444444,0.54,0.41
2016-12-30,0.54,0.0,0.0,0.54,0.45,0.54,0.41
2016-12-31,0.54,0.0,0.0,0.54,0.45155555555555554,0.54,0.54
2017-01-01,0.65,0.10999999999999999,0.20370370370370372,0.5436666666666667,0.45433333333333337,0.54,0.54
2017-01-02,0.65,0.0,0.0,0.5473333333333333,0.45711111111111113,0.54,0.54
2017-01-03,0.65,0.0,0.0,0.551,0.4598888888888889,0.54,0.54
2017-01-04,0.65,0.0,0.0,0.5546666666666666,0.46266666666666667,0.54,0.54
2017-01-05,0.65,0.0,0.0,0.5583333333333333,0.46544444444444444,0.54,0.54
2017-01-06,0.65,0.0,0.0,0.562,0.4682222222222222,0.54,0.54
2017-01-07,0.65,0.0,0.0,0.5656666666666667,0.47100000000000003,0.54,0.54
2017-01-08,0.65,0.0,0.0,0.5693333333333334,0.4737777777777778,0.65,0.54
2017-01-09,0.65,0.0,0.0,0.5730000000000001,0.47655555555555557,0.65,0.54
2017-01-10,0.65,0.0,0.0,0.5766666666666667,0.47933333333333333,0.65,0.54
2017-01-11,0.65,0.0,0.0,0.5803333333333334,0.4821111111111111,0.65,0.54
2017-01-12,0.65,0.0,0.0,0.584,0.48488888888888887,0.65,0.54
2017-01-13,0.65,0.0,0.0,0.5876666666666668,0.4876666666666667,0.65,0.54
2017-01-14,0.65,0.0,0.0,0.5913333333333334,0.49044444444444446,0.65,0.54
2017-01-15,0.65,0.0,0.0,0.595,0.49322222222222223,0.65,0.54
2017-01-16,0.65,0.0,0.0,0.5986666666666667,0.496,0.65,0.54
2017-01-17,0.65,0.0,0.0,0.6023333333333334,0.49877777777777776,0.65,0.54
2017-01-18,0.65,0.0,0.0,0.6060000000000001,0.5015555555555555,0.65,0.54
2017-01-19,0.65,0.0,0.0,0.6096666666666667,0.5043333333333333,0.65,0.54
2017-01-20,0.65,0.0,0.0,0.6133333333333333,0.5071111111111111,0.65,0.54
2017-01-21,0.65,0.0,0.0,0.6170000000000001,0.509888888888889,0.65,0.54
2017-01-22,0.65,0.0,0.0,0.6206666666666667,0.5126666666666667,0.65,0.54
2017-01-23,0.65,0.0,0.0,0.6243333333333333,0.5154444444444445,0.65,0.54
2017-01-24,0.65,0.0,0.0,0.628,0.5182222222222223,0.65,0.54
2017-01-25,0.65,0.0,0.0,0.6316666666666667,0.521,0.65,0.54
2017-01-26,0.65,0.0,0.0,0.6353333333333334,0.5237777777777778,0.65,0.54
2017-01-27,0.65,0.0,0.0,0.6389999999999999,0.5265555555555556,0.65,0.54
2017-01-28,0.65,0.0,0.0,0.6426666666666667,0.5293333333333333,0.65,0.54
2017-01-29,0.65,0.0,0.0,0.6463333333333333,0.5321111111111111,0.65,0.54
2017-01-30,0.65,0.0,0.0,0.65,0.5347777777777778,0.65,0.54
2017-01-31,0.65,0.0,0.0,0.65,0.5374444444444445,0.65,0.65
2017-02-01,0.66,0.010000000000000009,0.01538461538461533,0.6503333333333334,0.5402222222222222,0.65,0.65
2017-02-02,0.66,0.0,0.0,0.6506666666666666,0.543,0.65,0.65
2017-02-03,0.66,0.0,0.0,0.651,0.5457777777777777,0.65,0.65
2017-02-04,0.66,0.0,0.0,0.6513333333333334,0.5485555555555556,0.65,0.65
2017-02-05,0.66,0.0,0.0,0.6516666666666667,0.5513333333333333,0.65,0.65
2017-02-06,0.66,0.0,0.0,0.652,0.5541111111111111,0.65,0.65
2017-02-07,0.66,0.0,0.0,0.6523333333333333,0.5568888888888889,0.65,0.65
2017-02-08,0.66,0.0,0.0,0.6526666666666667,0.5596666666666668,0.66,0.65
2017-02-09,0.66,0.0,0.0,0.6530000000000001,0.5624444444444445,0.66,0.65
2017-02-10,0.66,0.0,0.0,0.6533333333333334,0.5652222222222223,0.66,0.65
2017-02-11,0.66,0.0,0.0,0.6536666666666667,0.5680000000000001,0.66,0.65
2017-02-12,0.66,0.0,0.0,0.654,0.5707777777777778,0.66,0.65
2017-02-13,0.66,0.0,0.0,0.6543333333333334,0.5735555555555556,0.66,0.65
2017-02-14,0.66,0.0,0.0,0.6546666666666667,0.5763333333333334,0.66,0.65
2017-02-15,0.66,0.0,0.0,0.6549999999999999,0.5791111111111111,0.66,0.65
2017-02-16,0.66,0.0,0.0,0.6553333333333333,0.5818888888888889,0.66,0.65
2017-02-17,0.66,0.0,0.0,0.6556666666666666,0.5846666666666667,0.66,0.65
2017-02-18,0.66,0.0,0.0,0.656,0.5874444444444444,0.66,0.65
2017-02-19,0.66,0.0,0.0,0.6563333333333333,0.5902222222222223,0.66,0.65
2017-02-20,0.66,0.0,0.0,0.6566666666666666,0.593,0.66,0.65
2017-02-21,0.66,0.0,0.0,0.657,0.5957777777777779,0.66,0.65
2017-02-22,0.66,0.0,0.0,0.6573333333333333,0.5985555555555555,0.66,0.65
2017-02-23,0.66,0.0,0.0,0.6576666666666667,0.6013333333333334,0.66,0.65
2017-02-24,0.66,0.0,0.0,0.6579999999999999,0.604111111111111,0.66,0.65
2017-02-25,0.66,0.0,0.0,0.6583333333333333,0.6068888888888889,0.66,0.65
2017-02-26,0.66,0.0,0.0,0.6586666666666667,0.6096666666666667,0.66,0.65
2017-02-27,0.66,0.0,0.0,0.659,0.6124444444444445,0.66,0.65
2017-02-28,0.66,0.0,0.0,0.6593333333333333,0.6152222222222222,0.66,0.65
2017-03-01,0.79,0.13,0.19696969696969702,0.6639999999999999,0.618,0.66,0.65
2017-03-02,0.79,0.0,0.0,0.6686666666666667,0.6207777777777779,0.66,0.65
2017-03-03,0.79,0.0,0.0,0.673,0.6235555555555556,0.66,0.66
2017-03-04,0.79,0.0,0.0,0.6773333333333333,0.6263333333333334,0.66,0.66
2017-03-05,0.79,0.0,0.0,0.6816666666666666,0.6291111111111112,0.66,0.66
2017-03-06,0.79,0.0,0.0,0.686,0.6318888888888889,0.66,0.66
2017-03-07,0.79,0.0,0.0,0.6903333333333334,0.6346666666666667,0.66,0.66
2017-03-08,0.79,0.0,0.0,0.6946666666666667,0.6374444444444444,0.79,0.66
2017-03-09,0.79,0.0,0.0,0.699,0.6402222222222222,0.79,0.66
2017-03-10,0.79,0.0,0.0,0.7033333333333334,0.643,0.79,0.66
2017-03-11,0.79,0.0,0.0,0.7076666666666667,0.6457777777777778,0.79,0.66
2017-03-12,0.79,0.0,0.0,0.712,0.6485555555555556,0.79,0.66
2017-03-13,0.79,0.0,0.0,0.7163333333333333,0.6513333333333334,0.79,0.66
2017-03-14,0.79,0.0,0.0,0.7206666666666667,0.6541111111111112,0.79,0.66
2017-03-15,0.79,0.0,0.0,0.725,0.656888888888889,0.79,0.66
2017-03-16,0.79,0.0,0.0,0.7293333333333334,0.6596666666666666,0.79,0.66
2017-03-17,0.79,0.0,0.0,0.7336666666666667,0.6624444444444444,0.79,0.66
2017-03-18,0.79,0.0,0.0,0.7380000000000001,0.6652222222222223,0.79,0.66
2017-03-19,0.79,0.0,0.0,0.7423333333333334,0.668,0.79,0.66
2017-03-20,0.79,0.0,0.0,0.7466666666666667,0.6707777777777778,0.79,0.66
2017-03-21,0.79,0.0,0.0,0.751,0.6735555555555556,0.79,0.66
2017-03-22,0.79,0.0,0.0,0.7553333333333334,0.6763333333333333,0.79,0.66
2017-03-23,0.79,0.0,0.0,0.7596666666666667,0.6791111111111111,0.79,0.66
2017-03-24,0.79,0.0,0.0,0.764,0.6818888888888889,0.79,0.66
2017-03-25,0.79,0.0,0.0,0.7683333333333333,0.6846666666666666,0.79,0.66
2017-03-26,0.79,0.0,0.0,0.7726666666666667,0.6874444444444445,0.79,0.66
2017-03-27,0.79,0.0,0.0,0.777,0.6902222222222223,0.79,0.66
2017-03-28,0.79,0.0,0.0,0.7813333333333333,0.6930000000000001,0.79,0.66
2017-03-29,0.79,0.0,0.0,0.7856666666666666,0.6957777777777778,0.79,0.66
2017-03-30,0.79,0.0,0.0,0.79,0.6985555555555556,0.79,0.66
2017-03-31,0.79,0.0,0.0,0.79,0.7013333333333334,0.79,0.79
2017-04-01,0.9,0.10999999999999999,0.139240506329114,0.7936666666666666,0.7041111111111111,0.79,0.79
2017-04-02,0.9,0.0,0.0,0.7973333333333333,0.7068888888888889,0.79,0.79
2017-04-03,0.9,0.0,0.0,0.801,0.7096666666666667,0.79,0.79
2017-04-04,0.9,0.0,0.0,0.8046666666666666,0.7124444444444445,0.79,0.79
2017-04-05,0.9,0.0,0.0,0.8083333333333333,0.7152222222222223,0.79,0.79
2017-04-06,0.9,0.0,0.0,0.8119999999999999,0.7180000000000001,0.79,0.79
2017-04-07,0.9,0.0,0.0,0.8156666666666668,0.7207777777777779,0.79,0.79
2017-04-08,0.9,0.0,0.0,0.8193333333333334,0.7235555555555554,0.9,0.79
2017-04-09,0.9,0.0,0.0,0.823,0.7263333333333334,0.9,0.79
2017-04-10,0.9,0.0,0.0,0.8266666666666667,0.7291111111111112,0.9,0.79
2017-04-11,0.9,0.0,0.0,0.8303333333333334,0.7318888888888889,0.9,0.79
2017-04-12,0.9,0.0,0.0,0.8340000000000001,0.7346666666666667,0.9,0.79
2017-04-13,0.9,0.0,0.0,0.8376666666666667,0.7374444444444443,0.9,0.79
2017-04-14,0.9,0.0,0.0,0.8413333333333334,0.7402222222222222,0.9,0.79
2017-04-15,0.9,0.0,0.0,0.8450000000000001,0.7430000000000001,0.9,0.79
2017-04-16,0.9,0.0,0.0,0.8486666666666667,0.7457777777777779,0.9,0.79
2017-04-17,0.9,0.0,0.0,0.8523333333333334,0.7485555555555556,0.9,0.79
2017-04-18,0.9,0.0,0.0,0.856,0.7513333333333332,0.9,0.79
2017-04-19,0.9,0.0,0.0,0.8596666666666668,0.7541111111111112,0.9,0.79
2017-04-20,0.9,0.0,0.0,0.8633333333333334,0.7568888888888889,0.9,0.79
2017-04-21,0.9,0.0,0.0,0.8669999999999999,0.7596666666666667,0.9,0.79
2017-04-22,0.9,0.0,0.0,0.8706666666666667,0.7624444444444445,0.9,0.79
2017-04-23,0.9,0.0,0.0,0.8743333333333333,0.7652222222222221,0.9,0.79
2017-04-24,0.9,0.0,0.0,0.8780000000000001,0.768,0.9,0.79
2017-04-25,0.9,0.0,0.0,0.8816666666666666,0.7707777777777778,0.9,0.79
2017-04-26,0.9,0.0,0.0,0.8853333333333333,0.7735555555555556,0.9,0.79
2017-04-27,0.9,0.0,0.0,0.889,0.7763333333333334,0.9,0.79
2017-04-28,0.9,0.0,0.0,0.8926666666666667,0.779111111111111,0.9,0.79
2017-04-29,0.9,0.0,0.0,0.8963333333333333,0.781888888888889,0.9,0.79
2017-04-30,0.9,0.0,0.0,0.9,0.7846666666666667,0.9,0.79
2017-05-01,0.91,0.010000000000000009,0.011111111111111072,0.9003333333333334,0.7875555555555557,0.9,0.9
2017-05-02,0.91,0.0,0.0,0.9006666666666666,0.7903333333333333,0.9,0.9
2017-05-03,0.91,0.0,0.0,0.901,0.7931111111111111,0.9,0.9
2017-05-04,0.91,0.0,0.0,0.9013333333333334,0.795888888888889,0.9,0.9
2017-05-05,0.91,0.0,0.0,0.9016666666666667,0.7986666666666667,0.9,0.9
2017-05-06,0.91,0.0,0.0,0.902,0.8014444444444444,0.9,0.9
2017-05-07,0.91,0.0,0.0,0.9023333333333333,0.8042222222222222,0.9,0.9
2017-05-08,0.91,0.0,0.0,0.9026666666666667,0.8070000000000002,0.91,0.9
2017-05-09,0.91,0.0,0.0,0.9030000000000001,0.8097777777777779,0.91,0.9
2017-05-10,0.91,0.0,0.0,0.9033333333333334,0.8125555555555555,0.91,0.9
2017-05-11,0.91,0.0,0.0,0.9036666666666667,0.8153333333333332,0.91,0.9
2017-05-12,0.91,0.0,0.0,0.904,0.8181111111111112,0.91,0.9
2017-05-13,0.91,0.0,0.0,0.9043333333333334,0.820888888888889,0.91,0.9
2017-05-14,0.91,0.0,0.0,0.9046666666666668,0.8236666666666667,0.91,0.9
2017-05-15,0.91,0.0,0.0,0.905,0.8264444444444444,0.91,0.9
2017-05-16,0.91,0.0,0.0,0.9053333333333334,0.8292222222222222,0.91,0.9
2017-05-17,0.91,0.0,0.0,0.9056666666666666,0.8320000000000001,0.91,0.9
2017-05-18,0.91,0.0,0.0,0.906,0.8347777777777778,0.91,0.9
2017-05-19,0.91,0.0,0.0,0.9063333333333332,0.8375555555555555,0.91,0.9
2017-05-20,0.91,0.0,0.0,0.9066666666666666,0.8403333333333333,0.91,0.9
2017-05-21,0.91,0.0,0.0,0.907,0.8431111111111113,0.91,0.9
2017-05-22,0.91,0.0,0.0,0.9073333333333333,0.845888888888889,0.91,0.9
2017-05-23,0.91,0.0,0.0,0.9076666666666667,0.8486666666666666,0.91,0.9
2017-05-24,0.91,0.0,0.0,0.9079999999999999,0.8514444444444444,0.91,0.9
2017-05-25,0.91,0.0,0.0,0.9083333333333333,0.8542222222222223,0.91,0.9
2017-05-26,0.91,0.0,0.0,0.9086666666666667,0.8570000000000001,0.91,0.9
2017-05-27,0.91,0.0,0.0,0.909,0.8597777777777778,0.91,0.9
2017-05-28,0.91,0.0,0.0,0.9093333333333333,0.8625555555555555,0.91,0.9
2017-05-29,0.91,0.0,0.0,0.9096666666666666,0.8653333333333334,0.91,0.9
2017-05-30,0.91,0.0,0.0,0.91,0.8666666666666667,0.91,0.9
2017-05-31,0.91,0.0,0.0,0.91,0.8680000000000001,0.91,0.91
2017-06-01,1.04,0.13,0.1428571428571428,0.9143333333333333,0.8707777777777779,0.91,0.91
2017-06-02,1.04,0.0,0.0,0.9186666666666667,0.8735555555555556,0.91,0.91
2017-06-03,1.04,0.0,0.0,0.923,0.8763333333333334,0.91,0.91
2017-06-04,1.04,0.0,0.0,0.9273333333333333,0.879111111111111,0.91,0.91
2017-06-05,1.04,0.0,0.0,0.9316666666666666,0.8818888888888889,0.91,0.91
2017-06-06,1.04,0.0,0.0,0.9359999999999999,0.8846666666666667,0.91,0.91
2017-06-07,1.04,0.0,0.0,0.9403333333333334,0.8874444444444445,0.91,0.91
2017-06-08,1.04,0.0,0.0,0.9446666666666667,0.8902222222222222,1.04,0.91
2017-06-09,1.04,0.0,0.0,0.949,0.893,1.04,0.91
2017-06-10,1.04,0.0,0.0,0.9533333333333334,0.8957777777777778,1.04,0.91
2017-06-11,1.04,0.0,0.0,0.9576666666666667,0.8985555555555556,1.04,0.91
2017-06-12,1.04,0.0,0.0,0.962,0.9013333333333334,1.04,0.91
2017-06-13,1.04,0.0,0.0,0.9663333333333333,0.904111111111111,1.04,0.91
2017-06-14,1.04,0.0,0.0,0.9706666666666666,0.906888888888889,1.04,0.91
2017-06-15,1.04,0.0,0.0,0.9750000000000001,0.9096666666666667,1.04,0.91
2017-06-16,1.04,0.0,0.0,0.9793333333333334,0.9124444444444445,1.04,0.91
2017-06-17,1.04,0.0,0.0,0.9836666666666667,0.9152222222222223,1.04,0.91
2017-06-18,1.04,0.0,0.0,0.988,0.918,1.04,0.91
2017-06-19,1.04,0.0,0.0,0.9923333333333334,0.9207777777777778,1.04,0.91
2017-06-20,1.04,0.0,0.0,0.9966666666666667,0.9235555555555555,1.04,0.91
2017-06-21,1.04,0.0,0.0,1.0010000000000001,0.9263333333333333,1.04,0.91
2017-06-22,1.04,0.0,0.0,1.0053333333333334,0.9291111111111111,1.04,0.91
2017-06-23,1.04,0.0,0.0,1.0096666666666667,0.931888888888889,1.04,0.91
2017-06-24,1.04,0.0,0.0,1.014,0.9346666666666668,1.04,0.91
2017-06-25,1.04,0.0,0.0,1.0183333333333333,0.9374444444444445,1.04,0.91
2017-06-26,1.04,0.0,0.0,1.0226666666666666,0.9402222222222223,1.04,0.91
2017-06-27,1.04,0.0,0.0,1.0270000000000001,0.9430000000000001,1.04,0.91
2017-06-28,1.04,0.0,0.0,1.0313333333333334,0.9457777777777778,1.04,0.91
2017-06-29,1.04,0.0,0.0,1.0356666666666667,0.9485555555555555,1.04,0.91
2017-06-30,1.04,0.0,0.0,1.04,0.9501111111111111,1.04,0.91
2017-07-01,1.15,0.10999999999999988,0.10576923076923062,1.0436666666666667,0.9528888888888889,1.04,1.04
2017-07-02,1.15,0.0,0.0,1.0473333333333334,0.9556666666666668,1.04,1.04
2017-07-03,1.15,0.0,0.0,1.051,0.9584444444444445,1.04,1.04
2017-07-04,1.15,0.0,0.0,1.0546666666666666,0.9612222222222221,1.04,1.04
2017-07-05,1.15,0.0,0.0,1.0583333333333333,0.9640000000000001,1.04,1.04
2017-07-06,1.15,0.0,0.0,1.062,0.9667777777777778,1.04,1.04
2017-07-07,1.15,0.0,0.0,1.0656666666666665,0.9695555555555556,1.04,1.04
2017-07-08,1.15,0.0,0.0,1.0693333333333332,0.9723333333333334,1.15,1.04
2017-07-09,1.15,0.0,0.0,1.073,0.975111111111111,1.15,1.04
2017-07-10,1.15,0.0,0.0,1.0766666666666669,0.9778888888888889,1.15,1.04
2017-07-11,1.15,0.0,0.0,1.0803333333333331,0.9806666666666667,1.15,1.04
2017-07-12,1.15,0.0,0.0,1.0839999999999999,0.9834444444444445,1.15,1.04
2017-07-13,1.15,0.0,0.0,1.0876666666666668,0.9862222222222223,1.15,1.04
2017-07-14,1.15,0.0,0.0,1.0913333333333335,0.9889999999999999,1.15,1.04
2017-07-15,1.15,0.0,0.0,1.095,0.9917777777777779,1.15,1.04
2017-07-16,1.15,0.0,0.0,1.0986666666666667,0.9945555555555554,1.15,1.04
2017-07-17,1.15,0.0,0.0,1.1023333333333334,0.9973333333333334,1.15,1.04
2017-07-18,1.15,0.0,0.0,1.106,1.0001111111111112,1.15,1.04
2017-07-19,1.15,0.0,0.0,1.1096666666666666,1.0028888888888887,1.15,1.04
2017-07-20,1.15,0.0,0.0,1.1133333333333335,1.0056666666666667,1.15,1.04
2017-07-21,1.15,0.0,0.0,1.117,1.0084444444444443,1.15,1.04
2017-07-22,1.15,0.0,0.0,1.1206666666666665,1.0112222222222222,1.15,1.04
2017-07-23,1.15,0.0,0.0,1.1243333333333332,1.014,1.15,1.04
2017-07-24,1.15,0.0,0.0,1.128,1.0167777777777778,1.15,1.04
2017-07-25,1.15,0.0,0.0,1.1316666666666666,1.0195555555555555,1.15,1.04
2017-07-26,1.15,0.0,0.0,1.1353333333333333,1.0223333333333333,1.15,1.04
2017-07-27,1.15,0.0,0.0,1.139,1.025111111111111,1.15,1.04
2017-07-28,1.15,0.0,0.0,1.1426666666666665,1.0278888888888889,1.15,1.04
2017-07-29,1.15,0.0,0.0,1.1463333333333332,1.0306666666666666,1.15,1.04
2017-07-30,1.15,0.0,0.0,1.15,1.0333333333333334,1.15,1.04
2017-07-31,1.15,0.0,0.0,1.15,1.036,1.15,1.15
2017-08-01,1.16,0.010000000000000009,0.008695652173912993,1.1503333333333332,1.0387777777777778,1.15,1.15
2017-08-02,1.16,0.0,0.0,1.1506666666666665,1.0415555555555556,1.15,1.15
2017-08-03,1.16,0.0,0.0,1.1509999999999998,1.0443333333333333,1.15,1.15
2017-08-04,1.16,0.0,0.0,1.151333333333333,1.047111111111111,1.15,1.15
2017-08-05,1.16,0.0,0.0,1.1516666666666666,1.049888888888889,1.15,1.15
2017-08-06,1.16,0.0,0.0,1.152,1.0526666666666666,1.15,1.15
2017-08-07,1.16,0.0,0.0,1.1523333333333334,1.0554444444444444,1.15,1.15
2017-08-08,1.16,0.0,0.0,1.1526666666666665,1.0582222222222222,1.16,1.15
2017-08-09,1.16,0.0,0.0,1.1529999999999998,1.0610000000000002,1.16,1.15
2017-08-10,1.16,0.0,0.0,1.153333333333333,1.0637777777777777,1.16,1.15
2017-08-11,1.16,0.0,0.0,1.1536666666666666,1.0665555555555555,1.16,1.15
2017-08-12,1.16,0.0,0.0,1.154,1.0693333333333332,1.16,1.15
2017-08-13,1.16,0.0,0.0,1.1543333333333334,1.072111111111111,1.16,1.15
2017-08-14,1.16,0.0,0.0,1.1546666666666665,1.0748888888888888,1.16,1.15
2017-08-15,1.16,0.0,0.0,1.155,1.0776666666666666,1.16,1.15
2017-08-16,1.16,0.0,0.0,1.1553333333333333,1.0804444444444443,1.16,1.15
2017-08-17,1.16,0.0,0.0,1.1556666666666666,1.083222222222222,1.16,1.15
2017-08-18,1.16,0.0,0.0,1.156,1.086,1.16,1.15
2017-08-19,1.16,0.0,0.0,1.1563333333333332,1.0887777777777776,1.16,1.15
2017-08-20,1.16,0.0,0.0,1.1566666666666665,1.0915555555555554,1.16,1.15
2017-08-21,1.16,0.0,0.0,1.1569999999999998,1.0943333333333334,1.16,1.15
2017-08-22,1.16,0.0,0.0,1.1573333333333333,1.0971111111111111,1.16,1.15
2017-08-23,1.16,0.0,0.0,1.1576666666666666,1.099888888888889,1.16,1.15
2017-08-24,1.16,0.0,0.0,1.1580000000000001,1.1026666666666667,1.16,1.15
2017-08-25,1.16,0.0,0.0,1.158333333333333,1.1054444444444445,1.16,1.15
2017-08-26,1.16,0.0,0.0,1.1586666666666665,1.1082222222222222,1.16,1.15
2017-08-27,1.16,0.0,0.0,1.1589999999999998,1.111,1.16,1.15
2017-08-28,1.16,0.0,0.0,1.1593333333333333,1.1137777777777778,1.16,1.15
2017-08-29,1.16,0.0,0.0,1.1596666666666666,1.1165555555555555,1.16,1.15
2017-08-30,1.16,0.0,0.0,1.16,1.1178888888888887,1.16,1.15
2017-08-31,1.16,0.0,0.0,1.16,1.1192222222222223,1.16,1.16
2017-09-01,1.15,-0.010000000000000009,-0.008620689655172376,1.1596666666666666,1.1204444444444444,1.16,1.16
2017-09-02,1.15,0.0,0.0,1.159333333333333,1.1216666666666666,1.16,1.16
2017-09-03,1.15,0.0,0.0,1.159,1.1228888888888888,1.16,1.16
2017-09-04,1.15,0.0,0.0,1.1586666666666665,1.124111111111111,1.16,1.16
2017-09-05,1.15,0.0,0.0,1.1583333333333334,1.1253333333333333,1.16,1.16
2017-09-06,1.15,0.0,0.0,1.158,1.1265555555555553,1.16,1.16
2017-09-07,1.15,0.0,0.0,1.1576666666666666,1.1277777777777778,1.16,1.16
2017-09-08,1.15,0.0,0.0,1.1573333333333333,1.1289999999999998,1.15,1.16
2017-09-09,1.15,0.0,0.0,1.157,1.1302222222222222,1.15,1.16
2017-09-10,1.15,0.0,0.0,1.1566666666666665,1.1314444444444445,1.15,1.16
2017-09-11,1.15,0.0,0.0,1.1563333333333332,1.1326666666666667,1.15,1.16
2017-09-12,1.15,0.0,0.0,1.1559999999999997,1.133888888888889,1.15,1.16
2017-09-13,1.15,0.0,0.0,1.1556666666666666,1.135111111111111,1.15,1.16
2017-09-14,1.15,0.0,0.0,1.1553333333333333,1.1363333333333332,1.15,1.16
2017-09-15,1.15,0.0,0.0,1.155,1.1375555555555554,1.15,1.16
2017-09-16,1.15,0.0,0.0,1.1546666666666665,1.1387777777777777,1.15,1.16
2017-09-17,1.15,0.0,0.0,1.1543333333333332,1.14,1.15,1.16
2017-09-18,1.15,0.0,0.0,1.154,1.1412222222222221,1.15,1.16
2017-09-19,1.15,0.0,0.0,1.1536666666666666,1.1424444444444444,1.15,1.16
2017-09-20,1.15,0.0,0.0,1.1533333333333333,1.1436666666666668,1.15,1.16
2017-09-21,1.15,0.0,0.0,1.1529999999999998,1.1448888888888888,1.15,1.16
2017-09-22,1.15,0.0,0.0,1.1526666666666665,1.146111111111111,1.15,1.16
2017-09-23,1.15,0.0,0.0,1.1523333333333332,1.1473333333333333,1.15,1.16
2017-09-24,1.15,0.0,0.0,1.1520000000000001,1.1485555555555556,1.15,1.16
2017-09-25,1.15,0.0,0.0,1.1516666666666666,1.1497777777777778,1.15,1.16
2017-09-26,1.15,0.0,0.0,1.1513333333333333,1.1509999999999998,1.15,1.16
2017-09-27,1.15,0.0,0.0,1.1509999999999998,1.1522222222222223,1.15,1.16
2017-09-28,1.15,0.0,0.0,1.1506666666666665,1.1534444444444443,1.15,1.16
2017-09-29,1.15,0.0,0.0,1.1503333333333332,1.1534444444444443,1.15,1.16
2017-09-30,1.15,0.0,0.0,1.15,1.1534444444444443,1.15,1.16
2017-10-01,1.15,0.0,0.0,1.15,1.1534444444444443,1.15,1.15
2017-10-02,1.15,0.0,0.0,1.15,1.1534444444444445,1.15,1.15
2017-10-03,1.15,0.0,0.0,1.15,1.1534444444444443,1.15,1.15
2017-10-04,1.15,0.0,0.0,1.15,1.1534444444444443,1.15,1.15
2017-10-05,1.15,0.0,0.0,1.15,1.1534444444444443,1.15,1.15
2017-10-06,1.15,0.0,0.0,1.15,1.1534444444444443,1.15,1.15
2017-10-07,1.15,0.0,0.0,1.15,1.1534444444444445,1.15,1.15
2017-10-08,1.15,0.0,0.0,1.15,1.1534444444444443,1.15,1.15
2017-10-09,1.15,0.0,0.0,1.15,1.1534444444444443,1.15,1.15
2017-10-10,1.15,0.0,0.0,1.15,1.1534444444444443,1.15,1.15
2017-10-11,1.15,0.0,0.0,1.15,1.1534444444444443,1.15,1.15
2017-10-12,1.15,0.0,0.0,1.15,1.1534444444444445,1.15,1.15
2017-10-13,1.15,0.0,0.0,1.15,1.1534444444444443,1.15,1.15
2017-10-14,1.15,0.0,0.0,1.15,1.1534444444444445,1.15,1.15
2017-10-15,1.15,0.0,0.0,1.15,1.1534444444444443,1.15,1.15
2017-10-16,1.15,0.0,0.0,1.15,1.1534444444444443,1.15,1.15
2017-10-17,1.15,0.0,0.0,1.15,1.1534444444444445,1.15,1.15
2017-10-18,1.15,0.0,0.0,1.15,1.1534444444444443,1.15,1.15
2017-10-19,1.15,0.0,0.0,1.15,1.1534444444444445,1.15,1.15
2017-10-20,1.15,0.0,0.0,1.15,1.1534444444444443,1.15,1.15
2017-10-21,1.15,0.0,0.0,1.15,1.1534444444444443,1.15,1.15
2017-10-22,1.15,0.0,0.0,1.15,1.1534444444444445,1.15,1.15
2017-10-23,1.15,0.0,0.0,1.15,1.1534444444444443,1.15,1.15
2017-10-24,1.15,0.0,0.0,1.15,1.1534444444444445,1.15,1.15
2017-10-25,1.15,0.0,0.0,1.15,1.1534444444444443,1.15,1.15
2017-10-26,1.15,0.0,0.0,1.15,1.1534444444444443,1.15,1.15
2017-10-27,1.15,0.0,0.0,1.15,1.1534444444444445,1.15,1.15
2017-10-28,1.15,0.0,0.0,1.15,1.1534444444444443,1.15,1.15
2017-10-29,1.15,0.0,0.0,1.15,1.1534444444444445,1.15,1.15
2017-10-30,1.15,0.0,0.0,1.15,1.153333333333333,1.15,1.15
2017-10-31,1.15,0.0,0.0,1.15,1.1532222222222221,1.15,1.15
2017-11-01,1.16,0.010000000000000009,0.008695652173912993,1.1503333333333332,1.1532222222222221,1.15,1.15
2017-11-02,1.16,0.0,0.0,1.1506666666666665,1.1532222222222221,1.15,1.15
2017-11-03,1.16,0.0,0.0,1.151,1.1532222222222221,1.15,1.15
2017-11-04,1.16,0.0,0.0,1.151333333333333,1.1532222222222221,1.15,1.15
2017-11-05,1.16,0.0,0.0,1.1516666666666666,1.1532222222222221,1.15,1.15
2017-11-06,1.16,0.0,0.0,1.152,1.1532222222222221,1.15,1.15
2017-11-07,1.16,0.0,0.0,1.1523333333333334,1.1532222222222221,1.15,1.15
2017-11-08,1.16,0.0,0.0,1.1526666666666665,1.1532222222222221,1.16,1.15
2017-11-09,1.16,0.0,0.0,1.1529999999999998,1.1532222222222221,1.16,1.15
2017-11-10,1.16,0.0,0.0,1.153333333333333,1.1532222222222221,1.16,1.15
2017-11-11,1.16,0.0,0.0,1.1536666666666666,1.1532222222222221,1.16,1.15
2017-11-12,1.16,0.0,0.0,1.154,1.1532222222222221,1.16,1.15
2017-11-13,1.16,0.0,0.0,1.1543333333333334,1.1532222222222221,1.16,1.15
2017-11-14,1.16,0.0,0.0,1.1546666666666665,1.1532222222222221,1.16,1.15
2017-11-15,1.16,0.0,0.0,1.155,1.1532222222222221,1.16,1.15
2017-11-16,1.16,0.0,0.0,1.1553333333333333,1.1532222222222221,1.16,1.15
2017-11-17,1.16,0.0,0.0,1.1556666666666666,1.1532222222222221,1.16,1.15
2017-11-18,1.16,0.0,0.0,1.156,1.1532222222222221,1.16,1.15
2017-11-19,1.16,0.0,0.0,1.1563333333333332,1.1532222222222221,1.16,1.15
2017-11-20,1.16,0.0,0.0,1.1566666666666665,1.1532222222222221,1.16,1.15
2017-11-21,1.16,0.0,0.0,1.1569999999999998,1.1532222222222221,1.16,1.15
2017-11-22,1.16,0.0,0.0,1.1573333333333333,1.1532222222222221,1.16,1.15
2017-11-23,1.16,0.0,0.0,1.1576666666666666,1.1532222222222221,1.16,1.15
2017-11-24,1.16,0.0,0.0,1.1580000000000001,1.1532222222222224,1.16,1.15
2017-11-25,1.16,0.0,0.0,1.158333333333333,1.1532222222222221,1.16,1.15
2017-11-26,1.16,0.0,0.0,1.1586666666666665,1.1532222222222221,1.16,1.15
2017-11-27,1.16,0.0,0.0,1.1589999999999998,1.1532222222222221,1.16,1.15
2017-11-28,1.16,0.0,0.0,1.1593333333333333,1.1532222222222221,1.16,1.15
2017-11-29,1.16,0.0,0.0,1.1596666666666666,1.1532222222222221,1.16,1.15
2017-11-30,1.16,0.0,0.0,1.16,1.1533333333333333,1.16,1.15
2017-12-01,1.3,0.14000000000000012,0.12068965517241392,1.1646666666666665,1.1549999999999998,1.16,1.16
2017-12-02,1.3,0.0,0.0,1.1693333333333333,1.1566666666666665,1.16,1.16
2017-12-03,1.3,0.0,0.0,1.174,1.1583333333333334,1.16,1.16
2017-12-04,1.3,0.0,0.0,1.1786666666666668,1.16,1.16,1.16
2017-12-05,1.3,0.0,0.0,1.1833333333333333,1.1616666666666666,1.16,1.16
2017-12-06,1.3,0.0,0.0,1.188,1.163333333333333,1.16,1.16
2017-12-07,1.3,0.0,0.0,1.1926666666666665,1.165,1.16,1.16
2017-12-08,1.3,0.0,0.0,1.1973333333333334,1.1666666666666667,1.3,1.16
2017-12-09,1.3,0.0,0.0,1.2019999999999997,1.1683333333333332,1.3,1.16
2017-12-10,1.3,0.0,0.0,1.2066666666666668,1.17,1.3,1.16
2017-12-11,1.3,0.0,0.0,1.2113333333333332,1.1716666666666666,1.3,1.16
2017-12-12,1.3,0.0,0.0,1.216,1.1733333333333333,1.3,1.16
2017-12-13,1.3,0.0,0.0,1.2206666666666666,1.175,1.3,1.16
2017-12-14,1.3,0.0,0.0,1.2253333333333332,1.1766666666666665,1.3,1.16
2017-12-15,1.3,0.0,0.0,1.23,1.1783333333333332,1.3,1.16
2017-12-16,1.3,0.0,0.0,1.2346666666666666,1.18,1.3,1.16
2017-12-17,1.3,0.0,0.0,1.2393333333333332,1.1816666666666666,1.3,1.16
2017-12-18,1.3,0.0,0.0,1.244,1.1833333333333333,1.3,1.16
2017-12-19,1.3,0.0,0.0,1.2486666666666666,1.1849999999999998,1.3,1.16
2017-12-20,1.3,0.0,0.0,1.2533333333333334,1.1866666666666665,1.3,1.16
2017-12-21,1.3,0.0,0.0,1.258,1.1883333333333332,1.3,1.16
2017-12-22,1.3,0.0,0.0,1.2626666666666668,1.19,1.3,1.16
2017-12-23,1.3,0.0,0.0,1.2673333333333334,1.1916666666666667,1.3,1.16
2017-12-24,1.3,0.0,0.0,1.2719999999999998,1.1933333333333331,1.3,1.16
2017-12-25,1.3,0.0,0.0,1.2766666666666668,1.195,1.3,1.16
2017-12-26,1.3,0.0,0.0,1.2813333333333332,1.1966666666666665,1.3,1.16
2017-12-27,1.3,0.0,0.0,1.2860000000000003,1.1983333333333333,1.3,1.16
2017-12-28,1.3,0.0,0.0,1.2906666666666666,1.2,1.3,1.16
2017-12-29,1.3,0.0,0.0,1.2953333333333332,1.2016666666666667,1.3,1.16
2017-12-30,1.3,0.0,0.0,1.3,1.2033333333333334,1.3,1.16
2017-12-31,1.3,0.0,0.0,1.3,1.2049999999999998,1.3,1.3
2018-01-01,1.41,0.10999999999999988,0.08461538461538454,1.303666666666667,1.2078888888888888,1.3,1.3
2018-01-02,1.41,0.0,0.0,1.3073333333333332,1.2107777777777777,1.3,1.3
2018-01-03,1.41,0.0,0.0,1.3110000000000002,1.2136666666666667,1.3,1.3
2018-01-04,1.41,0.0,0.0,1.3146666666666667,1.2165555555555554,1.3,1.3
2018-01-05,1.41,0.0,0.0,1.3183333333333336,1.2194444444444443,1.3,1.3
2018-01-06,1.41,0.0,0.0,1.322,1.2223333333333335,1.3,1.3
2018-01-07,1.41,0.0,0.0,1.3256666666666665,1.2252222222222222,1.3,1.3
2018-01-08,1.41,0.0,0.0,1.3293333333333335,1.2281111111111112,1.41,1.3
2018-01-09,1.41,0.0,0.0,1.3329999999999997,1.2309999999999999,1.41,1.3
2018-01-10,1.41,0.0,0.0,1.3366666666666667,1.2338888888888888,1.41,1.3
2018-01-11,1.41,0.0,0.0,1.3403333333333334,1.2367777777777778,1.41,1.3
2018-01-12,1.41,0.0,0.0,1.344,1.2396666666666667,1.41,1.3
2018-01-13,1.41,0.0,0.0,1.3476666666666666,1.2425555555555556,1.41,1.3
2018-01-14,1.41,0.0,0.0,1.3513333333333333,1.2454444444444446,1.41,1.3
2018-01-15,1.41,0.0,0.0,1.355,1.2483333333333333,1.41,1.3
2018-01-16,1.41,0.0,0.0,1.3586666666666667,1.2512222222222222,1.41,1.3
2018-01-17,1.41,0.0,0.0,1.3623333333333332,1.254111111111111,1.41,1.3
2018-01-18,1.41,0.0,0.0,1.366,1.257,1.41,1.3
2018-01-19,1.41,0.0,0.0,1.3696666666666666,1.2598888888888888,1.41,1.3
2018-01-20,1.41,0.0,0.0,1.3733333333333335,1.2627777777777778,1.41,1.3
2018-01-21,1.41,0.0,0.0,1.3769999999999998,1.2656666666666667,1.41,1.3
2018-01-22,1.41,0.0,0.0,1.3806666666666667,1.2685555555555554,1.41,1.3
2018-01-23,1.41,0.0,0.0,1.3843333333333334,1.2714444444444446,1.41,1.3
2018-01-24,1.41,0.0,0.0,1.3879999999999997,1.2743333333333333,1.41,1.3
2018-01-25,1.41,0.0,0.0,1.3916666666666666,1.277222222222222,1.41,1.3
2018-01-26,1.41,0.0,0.0,1.395333333333333,1.280111111111111,1.41,1.3
2018-01-27,1.41,0.0,0.0,1.399,1.283,1.41,1.3
2018-01-28,1.41,0.0,0.0,1.4026666666666665,1.2858888888888889,1.41,1.3
2018-01-29,1.41,0.0,0.0,1.4063333333333332,1.2887777777777778,1.41,1.3
2018-01-30,1.41,0.0,0.0,1.41,1.2915555555555556,1.41,1.3
2018-01-31,1.41,0.0,0.0,1.41,1.2943333333333333,1.41,1.41
2018-02-01,1.42,0.010000000000000009,0.007092198581560183,1.4103333333333332,1.297222222222222,1.41,1.41
2018-02-02,1.42,0.0,0.0,1.4106666666666665,1.300111111111111,1.41,1.41
2018-02-03,1.42,0.0,0.0,1.411,1.303,1.41,1.41
2018-02-04,1.42,0.0,0.0,1.411333333333333,1.3058888888888889,1.41,1.41
2018-02-05,1.42,0.0,0.0,1.4116666666666664,1.3087777777777776,1.41,1.41
2018-02-06,1.42,0.0,0.0,1.412,1.3116666666666665,1.41,1.41
2018-02-07,1.42,0.0,0.0,1.4123333333333332,1.3145555555555555,1.41,1.41
2018-02-08,1.42,0.0,0.0,1.4126666666666667,1.3174444444444444,1.42,1.41
2018-02-09,1.42,0.0,0.0,1.4129999999999998,1.3203333333333334,1.42,1.41
2018-02-10,1.42,0.0,0.0,1.4133333333333333,1.323222222222222,1.42,1.41
2018-02-11,1.42,0.0,0.0,1.4136666666666666,1.326111111111111,1.42,1.41
2018-02-12,1.42,0.0,0.0,1.4140000000000001,1.329,1.42,1.41
2018-02-13,1.42,0.0,0.0,1.414333333333333,1.331888888888889,1.42,1.41
2018-02-14,1.42,0.0,0.0,1.4146666666666665,1.3347777777777776,1.42,1.41
2018-02-15,1.42,0.0,0.0,1.4149999999999998,1.3376666666666668,1.42,1.41
2018-02-16,1.42,0.0,0.0,1.4153333333333333,1.3405555555555555,1.42,1.41
2018-02-17,1.42,0.0,0.0,1.4156666666666664,1.3434444444444444,1.42,1.41
2018-02-18,1.42,0.0,0.0,1.416,1.3463333333333332,1.42,1.41
2018-02-19,1.42,0.0,0.0,1.4163333333333332,1.349222222222222,1.42,1.41
2018-02-20,1.42,0.0,0.0,1.4166666666666667,1.352111111111111,1.42,1.41
2018-02-21,1.42,0.0,0.0,1.417,1.355,1.42,1.41
2018-02-22,1.42,0.0,0.0,1.4173333333333331,1.357888888888889,1.42,1.41
2018-02-23,1.42,0.0,0.0,1.4176666666666666,1.3607777777777779,1.42,1.41
2018-02-24,1.42,0.0,0.0,1.418,1.3636666666666666,1.42,1.41
2018-02-25,1.42,0.0,0.0,1.4183333333333332,1.3665555555555555,1.42,1.41
2018-02-26,1.42,0.0,0.0,1.4186666666666665,1.3694444444444445,1.42,1.41
2018-02-27,1.42,0.0,0.0,1.419,1.3723333333333332,1.42,1.41
2018-02-28,1.42,0.0,0.0,1.4193333333333333,1.3752222222222221,1.42,1.41
2018-03-01,1.51,0.09000000000000008,0.06338028169014098,1.4226666666666667,1.3775555555555556,1.42,1.41
2018-03-02,1.51,0.0,0.0,1.4259999999999997,1.379888888888889,1.42,1.41
2018-03-03,1.51,0.0,0.0,1.429,1.382222222222222,1.42,1.42
2018-03-04,1.51,0.0,0.0,1.432,1.3845555555555555,1.42,1.42
2018-03-05,1.51,0.0,0.0,1.4349999999999998,1.3868888888888888,1.42,1.42
2018-03-06,1.51,0.0,0.0,1.4379999999999997,1.3892222222222221,1.42,1.42
2018-03-07,1.51,0.0,0.0,1.441,1.3915555555555554,1.42,1.42
2018-03-08,1.51,0.0,0.0,1.444,1.3938888888888887,1.51,1.42
2018-03-09,1.51,0.0,0.0,1.4469999999999998,1.3962222222222223,1.51,1.42
2018-03-10,1.51,0.0,0.0,1.45,1.3985555555555556,1.51,1.42
2018-03-11,1.51,0.0,0.0,1.453,1.4008888888888889,1.51,1.42
2018-03-12,1.51,0.0,0.0,1.456,1.4032222222222224,1.51,1.42
2018-03-13,1.51,0.0,0.0,1.4589999999999999,1.4055555555555554,1.51,1.42
2018-03-14,1.51,0.0,0.0,1.462,1.4078888888888887,1.51,1.42
2018-03-15,1.51,0.0,0.0,1.465,1.4102222222222223,1.51,1.42
2018-03-16,1.51,0.0,0.0,1.468,1.4125555555555556,1.51,1.42
2018-03-17,1.51,0.0,0.0,1.4709999999999999,1.4148888888888889,1.51,1.42
2018-03-18,1.51,0.0,0.0,1.474,1.4172222222222222,1.51,1.42
2018-03-19,1.51,0.0,0.0,1.477,1.4195555555555555,1.51,1.42
2018-03-20,1.51,0.0,0.0,1.48,1.421888888888889,1.51,1.42
2018-03-21,1.51,0.0,0.0,1.483,1.4242222222222223,1.51,1.42
2018-03-22,1.51,0.0,0.0,1.486,1.4265555555555558,1.51,1.42
2018-03-23,1.51,0.0,0.0,1.489,1.4288888888888889,1.51,1.42
2018-03-24,1.51,0.0,0.0,1.492,1.4312222222222222,1.51,1.42
2018-03-25,1.51,0.0,0.0,1.495,1.4335555555555552,1.51,1.42
2018-03-26,1.51,0.0,0.0,1.498,1.4358888888888888,1.51,1.42
2018-03-27,1.51,0.0,0.0,1.5010000000000001,1.4382222222222223,1.51,1.42
2018-03-28,1.51,0.0,0.0,1.5040000000000002,1.4405555555555554,1.51,1.42
2018-03-29,1.51,0.0,0.0,1.5070000000000001,1.442888888888889,1.51,1.42
2018-03-30,1.51,0.0,0.0,1.51,1.4452222222222222,1.51,1.42
2018-03-31,1.51,0.0,0.0,1.51,1.4475555555555553,1.51,1.51
2018-04-01,1.69,0.17999999999999994,0.11920529801324498,1.5160000000000002,1.4506666666666668,1.51,1.51
2018-04-02,1.69,0.0,0.0,1.5219999999999998,1.4537777777777778,1.51,1.51
2018-04-03,1.69,0.0,0.0,1.5279999999999998,1.456888888888889,1.51,1.51
2018-04-04,1.69,0.0,0.0,1.534,1.46,1.51,1.51
2018-04-05,1.69,0.0,0.0,1.54,1.4631111111111113,1.51,1.51
2018-04-06,1.69,0.0,0.0,1.5459999999999998,1.4662222222222223,1.51,1.51
2018-04-07,1.69,0.0,0.0,1.552,1.4693333333333334,1.51,1.51
2018-04-08,1.69,0.0,0.0,1.558,1.4724444444444442,1.69,1.51
2018-04-09,1.69,0.0,0.0,1.5639999999999998,1.4755555555555553,1.69,1.51
2018-04-10,1.69,0.0,0.0,1.57,1.4786666666666666,1.69,1.51
2018-04-11,1.69,0.0,0.0,1.576,1.4817777777777776,1.69,1.51
2018-04-12,1.69,0.0,0.0,1.582,1.4848888888888887,1.69,1.51
2018-04-13,1.69,0.0,0.0,1.588,1.4879999999999998,1.69,1.51
2018-04-14,1.69,0.0,0.0,1.594,1.4911111111111113,1.69,1.51
2018-04-15,1.69,0.0,0.0,1.6,1.4942222222222223,1.69,1.51
2018-04-16,1.69,0.0,0.0,1.6059999999999997,1.4973333333333336,1.69,1.51
2018-04-17,1.69,0.0,0.0,1.6119999999999999,1.5004444444444442,1.69,1.51
2018-04-18,1.69,0.0,0.0,1.6179999999999999,1.5035555555555555,1.69,1.51
2018-04-19,1.69,0.0,0.0,1.6239999999999999,1.5066666666666666,1.69,1.51
2018-04-20,1.69,0.0,0.0,1.63,1.5097777777777777,1.69,1.51
2018-04-21,1.69,0.0,0.0,1.636,1.512888888888889,1.69,1.51
2018-04-22,1.69,0.0,0.0,1.642,1.516,1.69,1.51
2018-04-23,1.69,0.0,0.0,1.6480000000000001,1.519111111111111,1.69,1.51
2018-04-24,1.69,0.0,0.0,1.654,1.5222222222222221,1.69,1.51
2018-04-25,1.69,0.0,0.0,1.66,1.525333333333333,1.69,1.51
2018-04-26,1.69,0.0,0.0,1.6660000000000001,1.528444444444444,1.69,1.51
2018-04-27,1.69,0.0,0.0,1.672,1.5315555555555556,1.69,1.51
2018-04-28,1.69,0.0,0.0,1.678,1.5346666666666666,1.69,1.51
2018-04-29,1.69,0.0,0.0,1.684,1.537777777777778,1.69,1.51
2018-04-30,1.69,0.0,0.0,1.69,1.540888888888889,1.69,1.51
2018-05-01,1.7,0.010000000000000009,0.00591715976331364,1.690333333333333,1.544111111111111,1.69,1.69
2018-05-02,1.7,0.0,0.0,1.6906666666666665,1.5472222222222223,1.69,1.69
2018-05-03,1.7,0.0,0.0,1.691,1.5503333333333333,1.69,1.69
2018-05-04,1.7,0.0,0.0,1.6913333333333331,1.5534444444444442,1.69,1.69
2018-05-05,1.7,0.0,0.0,1.6916666666666667,1.5565555555555557,1.69,1.69
2018-05-06,1.7,0.0,0.0,1.692,1.5596666666666668,1.69,1.69
2018-05-07,1.7,0.0,0.0,1.6923333333333332,1.5627777777777778,1.69,1.69
2018-05-08,1.7,0.0,0.0,1.6926666666666668,1.5658888888888889,1.7,1.69
2018-05-09,1.7,0.0,0.0,1.693,1.5689999999999997,1.7,1.69
2018-05-10,1.7,0.0,0.0,1.6933333333333331,1.5721111111111112,1.7,1.69
2018-05-11,1.7,0.0,0.0,1.6936666666666664,1.575222222222222,1.7,1.69
2018-05-12,1.7,0.0,0.0,1.694,1.5783333333333334,1.7,1.69
2018-05-13,1.7,0.0,0.0,1.6943333333333332,1.5814444444444447,1.7,1.69
2018-05-14,1.7,0.0,0.0,1.6946666666666665,1.5845555555555555,1.7,1.69
2018-05-15,1.7,0.0,0.0,1.695,1.5876666666666668,1.7,1.69
2018-05-16,1.7,0.0,0.0,1.6953333333333334,1.5907777777777776,1.7,1.69
2018-05-17,1.7,0.0,0.0,1.6956666666666667,1.5938888888888891,1.7,1.69
2018-05-18,1.7,0.0,0.0,1.696,1.597,1.7,1.69
2018-05-19,1.7,0.0,0.0,1.6963333333333332,1.600111111111111,1.7,1.69
2018-05-20,1.7,0.0,0.0,1.6966666666666665,1.603222222222222,1.7,1.69
2018-05-21,1.7,0.0,0.0,1.6969999999999998,1.6063333333333332,1.7,1.69
2018-05-22,1.7,0.0,0.0,1.6973333333333334,1.6094444444444447,1.7,1.69
2018-05-23,1.7,0.0,0.0,1.6976666666666664,1.6125555555555555,1.7,1.69
2018-05-24,1.7,0.0,0.0,1.698,1.6156666666666666,1.7,1.69
2018-05-25,1.7,0.0,0.0,1.6983333333333335,1.6187777777777776,1.7,1.69
2018-05-26,1.7,0.0,0.0,1.6986666666666665,1.621888888888889,1.7,1.69
2018-05-27,1.7,0.0,0.0,1.699,1.625,1.7,1.69
2018-05-28,1.7,0.0,0.0,1.6993333333333331,1.628111111111111,1.7,1.69
2018-05-29,1.7,0.0,0.0,1.6996666666666664,1.6312222222222224,1.7,1.69
2018-05-30,1.7,0.0,0.0,1.7,1.6333333333333333,1.7,1.69
2018-05-31,1.7,0.0,0.0,1.7,1.6354444444444445,1.7,1.7
2018-06-01,1.82,0.1200000000000001,0.07058823529411762,1.704,1.6388888888888888,1.7,1.7
2018-06-02,1.82,0.0,0.0,1.7079999999999997,1.6423333333333334,1.7,1.7
2018-06-03,1.82,0.0,0.0,1.712,1.6457777777777778,1.7,1.7
2018-06-04,1.82,0.0,0.0,1.716,1.6492222222222224,1.7,1.7
2018-06-05,1.82,0.0,0.0,1.72,1.6526666666666665,1.7,1.7
2018-06-06,1.82,0.0,0.0,1.724,1.6561111111111113,1.7,1.7
2018-06-07,1.82,0.0,0.0,1.728,1.6595555555555557,1.7,1.7
2018-06-08,1.82,0.0,0.0,1.732,1.6629999999999998,1.82,1.7
2018-06-09,1.82,0.0,0.0,1.736,1.6664444444444444,1.82,1.7
2018-06-10,1.82,0.0,0.0,1.74,1.6698888888888892,1.82,1.7
2018-06-11,1.82,0.0,0.0,1.744,1.6733333333333333,1.82,1.7
2018-06-12,1.82,0.0,0.0,1.748,1.6767777777777777,1.82,1.7
2018-06-13,1.82,0.0,0.0,1.752,1.6802222222222223,1.82,1.7
2018-06-14,1.82,0.0,0.0,1.756,1.6836666666666666,1.82,1.7
2018-06-15,1.82,0.0,0.0,1.7600000000000002,1.6871111111111112,1.82,1.7
2018-06-16,1.82,0.0,0.0,1.764,1.6905555555555556,1.82,1.7
2018-06-17,1.82,0.0,0.0,1.768,1.6939999999999997,1.82,1.7
2018-06-18,1.82,0.0,0.0,1.772,1.6974444444444443,1.82,1.7
2018-06-19,1.82,0.0,0.0,1.776,1.7008888888888891,1.82,1.7
2018-06-20,1.82,0.0,0.0,1.7800000000000002,1.7043333333333333,1.82,1.7
2018-06-21,1.82,0.0,0.0,1.784,1.7077777777777776,1.82,1.7
2018-06-22,1.82,0.0,0.0,1.7880000000000003,1.7112222222222222,1.82,1.7
2018-06-23,1.82,0.0,0.0,1.7920000000000003,1.714666666666667,1.82,1.7
2018-06-24,1.82,0.0,0.0,1.7959999999999998,1.7181111111111111,1.82,1.7
2018-06-25,1.82,0.0,0.0,1.8,1.7215555555555555,1.82,1.7
2018-06-26,1.82,0.0,0.0,1.8039999999999998,1.725,1.82,1.7
2018-06-27,1.82,0.0,0.0,1.808,1.7284444444444444,1.82,1.7
2018-06-28,1.82,0.0,0.0,1.812,1.731888888888889,1.82,1.7
2018-06-29,1.82,0.0,0.0,1.8159999999999998,1.7353333333333334,1.82,1.7
2018-06-30,1.82,0.0,0.0,1.82,1.7367777777777778,1.82,1.7
2018-07-01,1.91,0.08999999999999986,0.049450549450549275,1.8230000000000002,1.739222222222222,1.82,1.82
2018-07-02,1.91,0.0,0.0,1.826,1.7416666666666667,1.82,1.82
2018-07-03,1.91,0.0,0.0,1.8290000000000002,1.7441111111111112,1.82,1.82
2018-07-04,1.91,0.0,0.0,1.832,1.7465555555555556,1.82,1.82
2018-07-05,1.91,0.0,0.0,1.8350000000000002,1.7489999999999999,1.82,1.82
2018-07-06,1.91,0.0,0.0,1.838,1.7514444444444444,1.82,1.82
2018-07-07,1.91,0.0,0.0,1.8410000000000002,1.7538888888888888,1.82,1.82
2018-07-08,1.91,0.0,0.0,1.844,1.7563333333333333,1.91,1.82
2018-07-09,1.91,0.0,0.0,1.847,1.7587777777777778,1.91,1.82
2018-07-10,1.91,0.0,0.0,1.85,1.7612222222222225,1.91,1.82
2018-07-11,1.91,0.0,0.0,1.853,1.763666666666667,1.91,1.82
2018-07-12,1.91,0.0,0.0,1.856,1.7661111111111114,1.91,1.82
2018-07-13,1.91,0.0,0.0,1.8589999999999998,1.7685555555555554,1.91,1.82
2018-07-14,1.91,0.0,0.0,1.8619999999999999,1.771,1.91,1.82
2018-07-15,1.91,0.0,0.0,1.8649999999999998,1.7734444444444444,1.91,1.82
2018-07-16,1.91,0.0,0.0,1.8679999999999999,1.7758888888888886,1.91,1.82
2018-07-17,1.91,0.0,0.0,1.8709999999999998,1.778333333333333,1.91,1.82
2018-07-18,1.91,0.0,0.0,1.8739999999999999,1.7807777777777776,1.91,1.82
2018-07-19,1.91,0.0,0.0,1.8769999999999998,1.7832222222222223,1.91,1.82
2018-07-20,1.91,0.0,0.0,1.88,1.7856666666666667,1.91,1.82
2018-07-21,1.91,0.0,0.0,1.8829999999999998,1.7881111111111112,1.91,1.82
2018-07-22,1.91,0.0,0.0,1.886,1.7905555555555557,1.91,1.82
2018-07-23,1.91,0.0,0.0,1.889,1.7930000000000001,1.91,1.82
2018-07-24,1.91,0.0,0.0,1.8920000000000001,1.7954444444444444,1.91,1.82
2018-07-25,1.91,0.0,0.0,1.895,1.7978888888888889,1.91,1.82
2018-07-26,1.91,0.0,0.0,1.898,1.8003333333333331,1.91,1.82
2018-07-27,1.91,0.0,0.0,1.901,1.8027777777777778,1.91,1.82
2018-07-28,1.91,0.0,0.0,1.904,1.8052222222222223,1.91,1.82
2018-07-29,1.91,0.0,0.0,1.907,1.8076666666666665,1.91,1.82
2018-07-30,1.91,0.0,0.0,1.91,1.81,1.91,1.82
2018-07-31,1.91,0.0,0.0,1.91,1.8123333333333331,1.91,1.91
2018-08-01,1.91,0.0,0.0,1.91,1.8146666666666667,1.91,1.91
2018-08-02,1.91,0.0,0.0,1.91,1.817,1.91,1.91
2018-08-03,1.91,0.0,0.0,1.91,1.819333333333333,1.91,1.91
2018-08-04,1.91,0.0,0.0,1.91,1.8216666666666665,1.91,1.91
2018-08-05,1.91,0.0,0.0,1.91,1.824,1.91,1.91
2018-08-06,1.91,0.0,0.0,1.91,1.8263333333333334,1.91,1.91
2018-08-07,1.91,0.0,0.0,1.91,1.8286666666666669,1.91,1.91
2018-08-08,1.91,0.0,0.0,1.91,1.831,1.91,1.91
2018-08-09,1.91,0.0,0.0,1.91,1.8333333333333333,1.91,1.91
2018-08-10,1.91,0.0,0.0,1.91,1.8356666666666663,1.91,1.91
2018-08-11,1.91,0.0,0.0,1.91,1.8379999999999999,1.91,1.91
2018-08-12,1.91,0.0,0.0,1.91,1.8403333333333334,1.91,1.91
2018-08-13,1.91,0.0,0.0,1.91,1.8426666666666667,1.91,1.91
2018-08-14,1.91,0.0,0.0,1.91,1.8450000000000002,1.91,1.91
2018-08-15,1.91,0.0,0.0,1.91,1.8473333333333333,1.91,1.91
2018-08-16,1.91,0.0,0.0,1.91,1.8496666666666666,1.91,1.91
2018-08-17,1.91,0.0,0.0,1.91,1.852,1.91,1.91
2018-08-18,1.91,0.0,0.0,1.91,1.8543333333333332,1.91,1.91
2018-08-19,1.91,0.0,0.0,1.91,1.8566666666666667,1.91,1.91
2018-08-20,1.91,0.0,0.0,1.91,1.8589999999999998,1.91,1.91
2018-08-21,1.91,0.0,0.0,1.91,1.861333333333333,1.91,1.91
2018-08-22,1.91,0.0,0.0,1.91,1.8636666666666668,1.91,1.91
2018-08-23,1.91,0.0,0.0,1.91,1.8659999999999999,1.91,1.91
2018-08-24,1.91,0.0,0.0,1.91,1.8683333333333334,1.91,1.91
2018-08-25,1.91,0.0,0.0,1.91,1.8706666666666665,1.91,1.91
2018-08-26,1.91,0.0,0.0,1.91,1.873,1.91,1.91
2018-08-27,1.91,0.0,0.0,1.91,1.8753333333333333,1.91,1.91
2018-08-28,1.91,0.0,0.0,1.91,1.8776666666666664,1.91,1.91
2018-08-29,1.91,0.0,0.0,1.91,1.88,1.91,1.91
2018-08-30,1.91,0.0,0.0,1.91,1.8810000000000002,1.91,1.91
2018-08-31,1.91,0.0,0.0,1.91,1.882,1.91,1.91
2018-09-01,1.95,0.040000000000000036,0.020942408376963373,1.911333333333333,1.8834444444444443,1.91,1.91
2018-09-02,1.95,0.0,0.0,1.9126666666666667,1.8848888888888888,1.91,1.91
2018-09-03,1.95,0.0,0.0,1.914,1.8863333333333334,1.91,1.91
2018-09-04,1.95,0.0,0.0,1.9153333333333333,1.8877777777777776,1.91,1.91
2018-09-05,1.95,0.0,0.0,1.9166666666666665,1.8892222222222221,1.91,1.91
2018-09-06,1.95,0.0,0.0,1.918,1.8906666666666667,1.91,1.91
2018-09-07,1.95,0.0,0.0,1.9193333333333333,1.892111111111111,1.91,1.91
2018-09-08,1.95,0.0,0.0,1.9206666666666665,1.8935555555555554,1.95,1.91
2018-09-09,1.95,0.0,0.0,1.922,1.8949999999999998,1.95,1.91
2018-09-10,1.95,0.0,0.0,1.9233333333333331,1.8964444444444446,1.95,1.91
2018-09-11,1.95,0.0,0.0,1.9246666666666667,1.897888888888889,1.95,1.91
2018-09-12,1.95,0.0,0.0,1.9259999999999997,1.899333333333333,1.95,1.91
2018-09-13,1.95,0.0,0.0,1.9273333333333333,1.9007777777777777,1.95,1.91
2018-09-14,1.95,0.0,0.0,1.9286666666666668,1.902222222222222,1.95,1.91
2018-09-15,1.95,0.0,0.0,1.93,1.9036666666666668,1.95,1.91
2018-09-16,1.95,0.0,0.0,1.9313333333333333,1.9051111111111112,1.95,1.91
2018-09-17,1.95,0.0,0.0,1.9326666666666665,1.9065555555555553,1.95,1.91
2018-09-18,1.95,0.0,0.0,1.934,1.908,1.95,1.91
2018-09-19,1.95,0.0,0.0,1.9353333333333333,1.9094444444444443,1.95,1.91
2018-09-20,1.95,0.0,0.0,1.9366666666666665,1.910888888888889,1.95,1.91
2018-09-21,1.95,0.0,0.0,1.938,1.9123333333333332,1.95,1.91
2018-09-22,1.95,0.0,0.0,1.9393333333333331,1.9137777777777776,1.95,1.91
2018-09-23,1.95,0.0,0.0,1.9406666666666665,1.9152222222222224,1.95,1.91
2018-09-24,1.95,0.0,0.0,1.942,1.9166666666666667,1.95,1.91
2018-09-25,1.95,0.0,0.0,1.9433333333333331,1.918111111111111,1.95,1.91
2018-09-26,1.95,0.0,0.0,1.9446666666666668,1.9195555555555555,1.95,1.91
2018-09-27,1.95,0.0,0.0,1.946,1.9209999999999998,1.95,1.91
2018-09-28,1.95,0.0,0.0,1.9473333333333334,1.9224444444444446,1.95,1.91
2018-09-29,1.95,0.0,0.0,1.9486666666666668,1.9228888888888889,1.95,1.91
2018-09-30,1.95,0.0,0.0,1.95,1.9233333333333333,1.95,1.91
2018-10-01,2.19,0.24,0.12307692307692308,1.9579999999999997,1.9264444444444444,1.95,1.95
2018-10-02,2.19,0.0,0.0,1.966,1.9295555555555555,1.95,1.95
2018-10-03,2.19,0.0,0.0,1.974,1.9326666666666665,1.95,1.95
2018-10-04,2.19,0.0,0.0,1.9819999999999998,1.9357777777777778,1.95,1.95
2018-10-05,2.19,0.0,0.0,1.99,1.9388888888888889,1.95,1.95
2018-10-06,2.19,0.0,0.0,1.998,1.942,1.95,1.95
2018-10-07,2.19,0.0,0.0,2.006,1.9451111111111112,1.95,1.95
2018-10-08,2.19,0.0,0.0,2.0140000000000002,1.9482222222222219,2.19,1.95
2018-10-09,2.19,0.0,0.0,2.022,1.9513333333333331,2.19,1.95
2018-10-10,2.19,0.0,0.0,2.03,1.9544444444444442,2.19,1.95
2018-10-11,2.19,0.0,0.0,2.038,1.9575555555555553,2.19,1.95
2018-10-12,2.19,0.0,0.0,2.0460000000000003,1.9606666666666668,2.19,1.95
2018-10-13,2.19,0.0,0.0,2.054,1.9637777777777778,2.19,1.95
2018-10-14,2.19,0.0,0.0,2.062,1.966888888888889,2.19,1.95
2018-10-15,2.19,0.0,0.0,2.07,1.9700000000000002,2.19,1.95
2018-10-16,2.19,0.0,0.0,2.078,1.9731111111111113,2.19,1.95
2018-10-17,2.19,0.0,0.0,2.086,1.976222222222222,2.19,1.95
2018-10-18,2.19,0.0,0.0,2.094,1.9793333333333332,2.19,1.95
2018-10-19,2.19,0.0,0.0,2.102,1.9824444444444442,2.19,1.95
2018-10-20,2.19,0.0,0.0,2.11,1.9855555555555555,2.19,1.95
2018-10-21,2.19,0.0,0.0,2.118,1.9886666666666666,2.19,1.95
2018-10-22,2.19,0.0,0.0,2.126,1.9917777777777776,2.19,1.95
2018-10-23,2.19,0.0,0.0,2.134,1.9948888888888887,2.19,1.95
2018-10-24,2.19,0.0,0.0,2.142,1.998,2.19,1.95
2018-10-25,2.19,0.0,0.0,2.15,2.001111111111111,2.19,1.95
2018-10-26,2.19,0.0,0.0,2.158,2.0042222222222223,2.19,1.95
2018-10-27,2.19,0.0,0.0,2.166,2.0073333333333334,2.19,1.95
2018-10-28,2.19,0.0,0.0,2.174,2.0104444444444445,2.19,1.95
2018-10-29,2.19,0.0,0.0,2.182,2.0135555555555555,2.19,1.95
2018-10-30,2.19,0.0,0.0,2.19,2.0166666666666666,2.19,1.95
2018-10-31,2.19,0.0,0.0,2.19,2.0197777777777777,2.19,2.19
2018-11-01,2.2,0.010000000000000231,0.004566210045662267,2.1903333333333332,2.023,2.19,2.19
2018-11-02,2.2,0.0,0.0,2.1906666666666665,2.0262222222222226,2.19,2.19
2018-11-03,2.2,0.0,0.0,2.1910000000000003,2.029444444444444,2.19,2.19
2018-11-04,2.2,0.0,0.0,2.191333333333333,2.0326666666666666,2.19,2.19
2018-11-05,2.2,0.0,0.0,2.191666666666667,2.0358888888888886,2.19,2.19
2018-11-06,2.2,0.0,0.0,2.192,2.039111111111111,2.19,2.19
2018-11-07,2.2,0.0,0.0,2.192333333333333,2.0423333333333336,2.19,2.19
2018-11-08,2.2,0.0,0.0,2.1926666666666668,2.0455555555555556,2.2,2.19
2018-11-09,2.2,0.0,0.0,2.193,2.048777777777778,2.2,2.19
2018-11-10,2.2,0.0,0.0,2.1933333333333334,2.052,2.2,2.19
2018-11-11,2.2,0.0,0.0,2.1936666666666667,2.055222222222222,2.2,2.19
2018-11-12,2.2,0.0,0.0,2.1940000000000004,2.0584444444444445,2.2,2.19
2018-11-13,2.2,0.0,0.0,2.1943333333333332,2.0616666666666665,2.2,2.19
2018-11-14,2.2,0.0,0.0,2.194666666666667,2.064888888888889,2.2,2.19
2018-11-15,2.2,0.0,0.0,2.1950000000000003,2.068111111111111,2.2,2.19
2018-11-16,2.2,0.0,0.0,2.195333333333333,2.0713333333333335,2.2,2.19
2018-11-17,2.2,0.0,0.0,2.195666666666667,2.0745555555555555,2.2,2.19
2018-11-18,2.2,0.0,0.0,2.196,2.077777777777778,2.2,2.19
2018-11-19,2.2,0.0,0.0,2.1963333333333335,2.0810000000000004,2.2,2.19
2018-11-20,2.2,0.0,0.0,2.1966666666666668,2.084222222222222,2.2,2.19
2018-11-21,2.2,0.0,0.0,2.197,2.0874444444444444,2.2,2.19
2018-11-22,2.2,0.0,0.0,2.1973333333333334,2.0906666666666665,2.2,2.19
2018-11-23,2.2,0.0,0.0,2.197666666666667,2.093888888888889,2.2,2.19
2018-11-24,2.2,0.0,0.0,2.198,2.0971111111111114,2.2,2.19
2018-11-25,2.2,0.0,0.0,2.1983333333333333,2.1003333333333334,2.2,2.19
2018-11-26,2.2,0.0,0.0,2.198666666666667,2.103555555555556,2.2,2.19
2018-11-27,2.2,0.0,0.0,2.199,2.106777777777778,2.2,2.19
2018-11-28,2.2,0.0,0.0,2.1993333333333336,2.11,2.2,2.19
2018-11-29,2.2,0.0,0.0,2.199666666666667,2.1132222222222223,2.2,2.19
2018-11-30,2.2,0.0,0.0,2.2,2.116,2.2,2.19
2018-12-01,2.27,0.06999999999999984,0.031818181818181746,2.2023333333333337,2.119555555555556,2.2,2.2
2018-12-02,2.27,0.0,0.0,2.2046666666666668,2.1231111111111107,2.2,2.2
2018-12-03,2.27,0.0,0.0,2.2070000000000003,2.126666666666667,2.2,2.2
2018-12-04,2.27,0.0,0.0,2.2093333333333334,2.1302222222222222,2.2,2.2
2018-12-05,2.27,0.0,0.0,2.211666666666667,2.1337777777777776,2.2,2.2
2018-12-06,2.27,0.0,0.0,2.2140000000000004,2.1373333333333333,2.2,2.2
2018-12-07,2.27,0.0,0.0,2.2163333333333335,2.140888888888889,2.2,2.2
2018-12-08,2.27,0.0,0.0,2.2186666666666666,2.1444444444444444,2.27,2.2
2018-12-09,2.27,0.0,0.0,2.2209999999999996,2.148,2.27,2.2
2018-12-10,2.27,0.0,0.0,2.2233333333333336,2.151555555555556,2.27,2.2
2018-12-11,2.27,0.0,0.0,2.225666666666667,2.155111111111111,2.27,2.2
2018-12-12,2.27,0.0,0.0,2.228,2.1586666666666665,2.27,2.2
2018-12-13,2.27,0.0,0.0,2.2303333333333333,2.1622222222222223,2.27,2.2
2018-12-14,2.27,0.0,0.0,2.232666666666667,2.1657777777777776,2.27,2.2
2018-12-15,2.27,0.0,0.0,2.235,2.1693333333333333,2.27,2.2
2018-12-16,2.27,0.0,0.0,2.2373333333333334,2.172888888888889,2.27,2.2
2018-12-17,2.27,0.0,0.0,2.239666666666667,2.1764444444444444,2.27,2.2
2018-12-18,2.27,0.0,0.0,2.242,2.18,2.27,2.2
2018-12-19,2.27,0.0,0.0,2.244333333333333,2.1835555555555555,2.27,2.2
2018-12-20,2.27,0.0,0.0,2.2466666666666666,2.1871111111111112,2.27,2.2
2018-12-21,2.27,0.0,0.0,2.249,2.190666666666667,2.27,2.2
2018-12-22,2.27,0.0,0.0,2.2513333333333336,2.1942222222222223,2.27,2.2
2018-12-23,2.27,0.0,0.0,2.2536666666666667,2.197777777777778,2.27,2.2
2018-12-24,2.27,0.0,0.0,2.2560000000000002,2.2013333333333334,2.27,2.2
2018-12-25,2.27,0.0,0.0,2.2583333333333333,2.2048888888888887,2.27,2.2
2018-12-26,2.27,0.0,0.0,2.2606666666666664,2.208444444444445,2.27,2.2
2018-12-27,2.27,0.0,0.0,2.263,2.212,2.27,2.2
2018-12-28,2.27,0.0,0.0,2.2653333333333334,2.2155555555555555,2.27,2.2
2018-12-29,2.27,0.0,0.0,2.2676666666666665,2.2191111111111113,2.27,2.2
2018-12-30,2.27,0.0,0.0,2.27,2.2199999999999998,2.27,2.2
2018-12-31,2.27,0.0,0.0,2.27,2.2208888888888887,2.27,2.27
2019-01-01,2.4,0.1299999999999999,0.05726872246696035,2.2743333333333333,2.223222222222222,2.27,2.27
2019-01-02,2.4,0.0,0.0,2.2786666666666666,2.2255555555555557,2.27,2.27
2019-01-03,2.4,0.0,0.0,2.283,2.227888888888889,2.27,2.27
2019-01-04,2.4,0.0,0.0,2.2873333333333337,2.2302222222222223,2.27,2.27
2019-01-05,2.4,0.0,0.0,2.2916666666666665,2.232555555555556,2.27,2.27
2019-01-06,2.4,0.0,0.0,2.296,2.234888888888889,2.27,2.27
2019-01-07,2.4,0.0,0.0,2.3003333333333336,2.2372222222222224,2.27,2.27
2019-01-08,2.4,0.0,0.0,2.304666666666667,2.2395555555555555,2.4,2.27
2019-01-09,2.4,0.0,0.0,2.3089999999999997,2.241888888888889,2.4,2.27
2019-01-10,2.4,0.0,0.0,2.313333333333333,2.244222222222222,2.4,2.27
2019-01-11,2.4,0.0,0.0,2.3176666666666668,2.2465555555555556,2.4,2.27
2019-01-12,2.4,0.0,0.0,2.3220000000000005,2.248888888888889,2.4,2.27
2019-01-13,2.4,0.0,0.0,2.326333333333333,2.2512222222222222,2.4,2.27
2019-01-14,2.4,0.0,0.0,2.3306666666666667,2.2535555555555553,2.4,2.27
2019-01-15,2.4,0.0,0.0,2.335,2.255888888888889,2.4,2.27
2019-01-16,2.4,0.0,0.0,2.3393333333333333,2.2582222222222224,2.4,2.27
2019-01-17,2.4,0.0,0.0,2.3436666666666666,2.260555555555556,2.4,2.27
2019-01-18,2.4,0.0,0.0,2.348,2.262888888888889,2.4,2.27
2019-01-19,2.4,0.0,0.0,2.3523333333333336,2.2652222222222225,2.4,2.27
2019-01-20,2.4,0.0,0.0,2.3566666666666665,2.2675555555555555,2.4,2.27
2019-01-21,2.4,0.0,0.0,2.3609999999999998,2.269888888888889,2.4,2.27
2019-01-22,2.4,0.0,0.0,2.3653333333333335,2.2722222222222226,2.4,2.27
2019-01-23,2.4,0.0,0.0,2.3696666666666664,2.274555555555555,2.4,2.27
2019-01-24,2.4,0.0,0.0,2.374,2.2768888888888887,2.4,2.27
2019-01-25,2.4,0.0,0.0,2.378333333333333,2.2792222222222223,2.4,2.27
2019-01-26,2.4,0.0,0.0,2.3826666666666667,2.281555555555556,2.4,2.27
2019-01-27,2.4,0.0,0.0,2.387,2.283888888888889,2.4,2.27
2019-01-28,2.4,0.0,0.0,2.3913333333333333,2.286222222222222,2.4,2.27
2019-01-29,2.4,0.0,0.0,2.3956666666666666,2.2885555555555555,2.4,2.27
2019-01-30,2.4,0.0,0.0,2.4,2.290777777777778,2.4,2.27
2019-01-31,2.4,0.0,0.0,2.4,2.293,2.4,2.4
2019-02-01,2.4,0.0,0.0,2.4,2.2952222222222223,2.4,2.4
2019-02-02,2.4,0.0,0.0,2.4,2.2974444444444444,2.4,2.4
2019-02-03,2.4,0.0,0.0,2.4,2.2996666666666665,2.4,2.4
2019-02-04,2.4,0.0,0.0,2.4,2.301888888888889,2.4,2.4
2019-02-05,2.4,0.0,0.0,2.4,2.304111111111111,2.4,2.4
2019-02-06,2.4,0.0,0.0,2.4,2.306333333333334,2.4,2.4
2019-02-07,2.4,0.0,0.0,2.4,2.3085555555555555,2.4,2.4
2019-02-08,2.4,0.0,0.0,2.4,2.3107777777777776,2.4,2.4
2019-02-09,2.4,0.0,0.0,2.4,2.3129999999999997,2.4,2.4
2019-02-10,2.4,0.0,0.0,2.4,2.3152222222222223,2.4,2.4
2019-02-11,2.4,0.0,0.0,2.4,2.317444444444445,2.4,2.4
2019-02-12,2.4,0.0,0.0,2.4,2.3196666666666665,2.4,2.4
2019-02-13,2.4,0.0,0.0,2.4,2.3218888888888887,2.4,2.4
2019-02-14,2.4,0.0,0.0,2.4,2.324111111111111,2.4,2.4
2019-02-15,2.4,0.0,0.0,2.4,2.3263333333333334,2.4,2.4
2019-02-16,2.4,0.0,0.0,2.4,2.328555555555556,2.4,2.4
2019-02-17,2.4,0.0,0.0,2.4,2.3307777777777776,2.4,2.4
2019-02-18,2.4,0.0,0.0,2.4,2.333,2.4,2.4
2019-02-19,2.4,0.0,0.0,2.4,2.335222222222222,2.4,2.4
2019-02-20,2.4,0.0,0.0,2.4,2.3374444444444444,2.4,2.4
2019-02-21,2.4,0.0,0.0,2.4,2.339666666666667,2.4,2.4
2019-02-22,2.4,0.0,0.0,2.4,2.3418888888888887,2.4,2.4
2019-02-23,2.4,0.0,0.0,2.4,2.3441111111111113,2.4,2.4
2019-02-24,2.4,0.0,0.0,2.4,2.3463333333333334,2.4,2.4
2019-02-25,2.4,0.0,0.0,2.4,2.3485555555555555,2.4,2.4
2019-02-26,2.4,0.0,0.0,2.4,2.3507777777777776,2.4,2.4
2019-02-27,2.4,0.0,0.0,2.4,2.3529999999999998,2.4,2.4
2019-02-28,2.4,0.0,0.0,2.4,2.3552222222222223,2.4,2.4
2019-03-01,2.41,0.010000000000000231,0.004166666666666874,2.4003333333333337,2.3567777777777774,2.4,2.4
2019-03-02,2.41,0.0,0.0,2.4006666666666665,2.358333333333333,2.4,2.4
2019-03-03,2.41,0.0,0.0,2.4009999999999994,2.359888888888889,2.4,2.4
2019-03-04,2.41,0.0,0.0,2.4013333333333335,2.3614444444444445,2.4,2.4
2019-03-05,2.41,0.0,0.0,2.4016666666666664,2.363,2.4,2.4
2019-03-06,2.41,0.0,0.0,2.402,2.3645555555555555,2.4,2.4
2019-03-07,2.41,0.0,0.0,2.402333333333333,2.366111111111111,2.4,2.4
2019-03-08,2.41,0.0,0.0,2.4026666666666667,2.3676666666666666,2.41,2.4
2019-03-09,2.41,0.0,0.0,2.403,2.369222222222222,2.41,2.4
2019-03-10,2.41,0.0,0.0,2.4033333333333333,2.3707777777777777,2.41,2.4
2019-03-11,2.41,0.0,0.0,2.4036666666666666,2.372333333333333,2.41,2.4
2019-03-12,2.41,0.0,0.0,2.4040000000000004,2.373888888888889,2.41,2.4
2019-03-13,2.41,0.0,0.0,2.4043333333333337,2.3754444444444442,2.41,2.4
2019-03-14,2.41,0.0,0.0,2.4046666666666665,2.3770000000000002,2.41,2.4
2019-03-15,2.41,0.0,0.0,2.405,2.3785555555555553,2.41,2.4
2019-03-16,2.41,0.0,0.0,2.4053333333333335,2.3801111111111113,2.41,2.4
2019-03-17,2.41,0.0,0.0,2.405666666666667,2.381666666666667,2.41,2.4
2019-03-18,2.41,0.0,0.0,2.406,2.383222222222222,2.41,2.4
2019-03-19,2.41,0.0,0.0,2.4063333333333334,2.384777777777778,2.41,2.4
2019-03-20,2.41,0.0,0.0,2.4066666666666667,2.3863333333333334,2.41,2.4
2019-03-21,2.41,0.0,0.0,2.4070000000000005,2.387888888888889,2.41,2.4
2019-03-22,2.41,0.0,0.0,2.4073333333333333,2.3894444444444445,2.41,2.4
2019-03-23,2.41,0.0,0.0,2.4076666666666666,2.391,2.41,2.4
2019-03-24,2.41,0.0,0.0,2.4080000000000004,2.3925555555555555,2.41,2.4
2019-03-25,2.41,0.0,0.0,2.408333333333333,2.394111111111111,2.41,2.4
2019-03-26,2.41,0.0,0.0,2.408666666666667,2.3956666666666666,2.41,2.4
2019-03-27,2.41,0.0,0.0,2.409,2.3972222222222217,2.41,2.4
2019-03-28,2.41,0.0,0.0,2.409333333333334,2.398777777777778,2.41,2.4
2019-03-29,2.41,0.0,0.0,2.409666666666667,2.400333333333333,2.41,2.4
2019-03-30,2.41,0.0,0.0,2.41,2.401888888888889,2.41,2.4
2019-03-31,2.41,0.0,0.0,2.41,2.4034444444444443,2.41,2.41
2019-04-01,2.42,0.009999999999999787,0.004149377593360981,2.4103333333333334,2.4036666666666666,2.41,2.41
2019-04-02,2.42,0.0,0.0,2.4106666666666667,2.403888888888889,2.41,2.41
2019-04-03,2.42,0.0,0.0,2.411,2.4041111111111113,2.41,2.41
2019-04-04,2.42,0.0,0.0,2.4113333333333333,2.4043333333333337,2.41,2.41
2019-04-05,2.42,0.0,0.0,2.411666666666667,2.4045555555555556,2.41,2.41
2019-04-06,2.42,0.0,0.0,2.4120000000000004,2.404777777777778,2.41,2.41
2019-04-07,2.42,0.0,0.0,2.412333333333333,2.405,2.41,2.41
2019-04-08,2.42,0.0,0.0,2.4126666666666665,2.405222222222222,2.42,2.41
2019-04-09,2.42,0.0,0.0,2.413,2.4054444444444445,2.42,2.41
2019-04-10,2.42,0.0,0.0,2.4133333333333336,2.4056666666666664,2.42,2.41
2019-04-11,2.42,0.0,0.0,2.4136666666666664,2.4058888888888887,2.42,2.41
2019-04-12,2.42,0.0,0.0,2.414,2.406111111111111,2.42,2.41
2019-04-13,2.42,0.0,0.0,2.4143333333333334,2.4063333333333334,2.42,2.41
2019-04-14,2.42,0.0,0.0,2.414666666666667,2.406555555555556,2.42,2.41
2019-04-15,2.42,0.0,0.0,2.4149999999999996,2.406777777777778,2.42,2.41
2019-04-16,2.42,0.0,0.0,2.4153333333333333,2.407,2.42,2.41
2019-04-17,2.42,0.0,0.0,2.4156666666666666,2.407222222222222,2.42,2.41
2019-04-18,2.42,0.0,0.0,2.416,2.4074444444444447,2.42,2.41
2019-04-19,2.42,0.0,0.0,2.416333333333333,2.4076666666666666,2.42,2.41
2019-04-20,2.42,0.0,0.0,2.4166666666666665,2.407888888888889,2.42,2.41
2019-04-21,2.42,0.0,0.0,2.4170000000000003,2.408111111111111,2.42,2.41
2019-04-22,2.42,0.0,0.0,2.4173333333333336,2.408333333333333,2.42,2.41
2019-04-23,2.42,0.0,0.0,2.4176666666666664,2.4085555555555556,2.42,2.41
2019-04-24,2.42,0.0,0.0,2.4179999999999997,2.408777777777778,2.42,2.41
2019-04-25,2.42,0.0,0.0,2.4183333333333334,2.409,2.42,2.41
2019-04-26,2.42,0.0,0.0,2.4186666666666667,2.409222222222222,2.42,2.41
2019-04-27,2.42,0.0,0.0,2.4189999999999996,2.4094444444444445,2.42,2.41
2019-04-28,2.42,0.0,0.0,2.4193333333333333,2.409666666666667,2.42,2.41
2019-04-29,2.42,0.0,0.0,2.4196666666666666,2.409888888888889,2.42,2.41
2019-04-30,2.42,0.0,0.0,2.42,2.410111111111111,2.42,2.41
2019-05-01,2.39,-0.029999999999999805,-0.012396694214875992,2.419,2.41,2.42,2.42
2019-05-02,2.39,0.0,0.0,2.4179999999999997,2.4098888888888887,2.42,2.42
2019-05-03,2.39,0.0,0.0,2.417,2.4097777777777782,2.42,2.42
2019-05-04,2.39,0.0,0.0,2.4159999999999995,2.409666666666667,2.42,2.42
2019-05-05,2.39,0.0,0.0,2.4149999999999996,2.409555555555556,2.42,2.42
2019-05-06,2.39,0.0,0.0,2.4139999999999997,2.4094444444444445,2.42,2.42
2019-05-07,2.39,0.0,0.0,2.413,2.409333333333333,2.42,2.42
2019-05-08,2.39,0.0,0.0,2.412,2.409222222222222,2.39,2.42
2019-05-09,2.39,0.0,0.0,2.411,2.409111111111111,2.39,2.42
2019-05-10,2.39,0.0,0.0,2.4099999999999997,2.409,2.39,2.42
2019-05-11,2.39,0.0,0.0,2.409,2.408888888888889,2.39,2.42
2019-05-12,2.39,0.0,0.0,2.408,2.408777777777778,2.39,2.42
2019-05-13,2.39,0.0,0.0,2.4069999999999996,2.4086666666666665,2.39,2.42
2019-05-14,2.39,0.0,0.0,2.4059999999999997,2.4085555555555556,2.39,2.42
2019-05-15,2.39,0.0,0.0,2.4050000000000002,2.408444444444444,2.39,2.42
2019-05-16,2.39,0.0,0.0,2.4040000000000004,2.408333333333333,2.39,2.42
2019-05-17,2.39,0.0,0.0,2.403,2.408222222222222,2.39,2.42
2019-05-18,2.39,0.0,0.0,2.402,2.4081111111111113,2.39,2.42
2019-05-19,2.39,0.0,0.0,2.4010000000000002,2.408,2.39,2.42
2019-05-20,2.39,0.0,0.0,2.4,2.407888888888889,2.39,2.42
2019-05-21,2.39,0.0,0.0,2.399,2.4077777777777776,2.39,2.42
2019-05-22,2.39,0.0,0.0,2.398,2.4076666666666666,2.39,2.42
2019-05-23,2.39,0.0,0.0,2.3970000000000002,2.4075555555555557,2.39,2.42
2019-05-24,2.39,0.0,0.0,2.3960000000000004,2.4074444444444447,2.39,2.42
2019-05-25,2.39,0.0,0.0,2.3950000000000005,2.4073333333333333,2.39,2.42
2019-05-26,2.39,0.0,0.0,2.394,2.4072222222222224,2.39,2.42
2019-05-27,2.39,0.0,0.0,2.3930000000000002,2.407111111111111,2.39,2.42
2019-05-28,2.39,0.0,0.0,2.3920000000000003,2.4070000000000005,2.39,2.42
2019-05-29,2.39,0.0,0.0,2.391,2.406888888888889,2.39,2.42
2019-05-30,2.39,0.0,0.0,2.39,2.4066666666666667,2.39,2.42
2019-05-31,2.39,0.0,0.0,2.39,2.4064444444444444,2.39,2.39
2019-06-01,2.38,-0.010000000000000231,-0.004184100418410108,2.3896666666666664,2.406111111111111,2.39,2.39
2019-06-02,2.38,0.0,0.0,2.3893333333333335,2.405777777777778,2.39,2.39
2019-06-03,2.38,0.0,0.0,2.3890000000000007,2.4054444444444445,2.39,2.39
2019-06-04,2.38,0.0,0.0,2.388666666666667,2.405111111111111,2.39,2.39
2019-06-05,2.38,0.0,0.0,2.3883333333333336,2.404777777777778,2.39,2.39
2019-06-06,2.38,0.0,0.0,2.388,2.4044444444444446,2.39,2.39
2019-06-07,2.38,0.0,0.0,2.387666666666667,2.4041111111111113,2.39,2.39
2019-06-08,2.38,0.0,0.0,2.3873333333333333,2.403777777777778,2.38,2.39
2019-06-09,2.38,0.0,0.0,2.387,2.4034444444444447,2.38,2.39
2019-06-10,2.38,0.0,0.0,2.386666666666667,2.403111111111111,2.38,2.39
2019-06-11,2.38,0.0,0.0,2.3863333333333334,2.4027777777777777,2.38,2.39
2019-06-12,2.38,0.0,0.0,2.386,2.4024444444444444,2.38,2.39
2019-06-13,2.38,0.0,0.0,2.385666666666667,2.402111111111111,2.38,2.39
2019-06-14,2.38,0.0,0.0,2.3853333333333335,2.401777777777778,2.38,2.39
2019-06-15,2.38,0.0,0.0,2.385,2.4014444444444445,2.38,2.39
2019-06-16,2.38,0.0,0.0,2.384666666666667,2.401111111111111,2.38,2.39
2019-06-17,2.38,0.0,0.0,2.384333333333333,2.400777777777778,2.38,2.39
2019-06-18,2.38,0.0,0.0,2.384,2.400444444444444,2.38,2.39
2019-06-19,2.38,0.0,0.0,2.383666666666667,2.400111111111111,2.38,2.39
2019-06-20,2.38,0.0,0.0,2.3833333333333333,2.3997777777777776,2.38,2.39
2019-06-21,2.38,0.0,0.0,2.383,2.3994444444444443,2.38,2.39
2019-06-22,2.38,0.0,0.0,2.3826666666666663,2.3991111111111114,2.38,2.39
2019-06-23,2.38,0.0,0.0,2.3823333333333334,2.398777777777778,2.38,2.39
2019-06-24,2.38,0.0,0.0,2.3819999999999997,2.3984444444444444,2.38,2.39
2019-06-25,2.38,0.0,0.0,2.3816666666666664,2.398111111111111,2.38,2.39
2019-06-26,2.38,0.0,0.0,2.381333333333333,2.397777777777778,2.38,2.39
2019-06-27,2.38,0.0,0.0,2.381,2.397444444444444,2.38,2.39
2019-06-28,2.38,0.0,0.0,2.380666666666666,2.3971111111111107,2.38,2.39
2019-06-29,2.38,0.0,0.0,2.380333333333333,2.396777777777778,2.38,2.39
2019-06-30,2.38,0.0,0.0,2.38,2.3963333333333336,2.38,2.39
2019-07-01,2.4,0.020000000000000018,0.008403361344537785,2.380666666666667,2.3961111111111113,2.38,2.38
2019-07-02,2.4,0.0,0.0,2.381333333333333,2.395888888888889,2.38,2.38
2019-07-03,2.4,0.0,0.0,2.3819999999999997,2.3956666666666666,2.38,2.38
2019-07-04,2.4,0.0,0.0,2.3826666666666663,2.3954444444444443,2.38,2.38
2019-07-05,2.4,0.0,0.0,2.3833333333333333,2.3952222222222224,2.38,2.38
2019-07-06,2.4,0.0,0.0,2.3840000000000003,2.395,2.38,2.38
2019-07-07,2.4,0.0,0.0,2.3846666666666665,2.3947777777777777,2.38,2.38
2019-07-08,2.4,0.0,0.0,2.3853333333333335,2.3945555555555553,2.4,2.38
2019-07-09,2.4,0.0,0.0,2.386,2.3943333333333334,2.4,2.38
2019-07-10,2.4,0.0,0.0,2.3866666666666663,2.394111111111111,2.4,2.38
2019-07-11,2.4,0.0,0.0,2.3873333333333333,2.393888888888889,2.4,2.38
2019-07-12,2.4,0.0,0.0,2.388,2.3936666666666664,2.4,2.38
2019-07-13,2.4,0.0,0.0,2.3886666666666665,2.3934444444444445,2.4,2.38
2019-07-14,2.4,0.0,0.0,2.389333333333333,2.393222222222222,2.4,2.38
2019-07-15,2.4,0.0,0.0,2.39,2.3930000000000002,2.4,2.38
2019-07-16,2.4,0.0,0.0,2.3906666666666663,2.392777777777778,2.4,2.38
2019-07-17,2.4,0.0,0.0,2.3913333333333333,2.3925555555555555,2.4,2.38
2019-07-18,2.4,0.0,0.0,2.3920000000000003,2.392333333333333,2.4,2.38
2019-07-19,2.4,0.0,0.0,2.392666666666666,2.392111111111111,2.4,2.38
2019-07-20,2.4,0.0,0.0,2.393333333333333,2.391888888888889,2.4,2.38
2019-07-21,2.4,0.0,0.0,2.3939999999999997,2.3916666666666666,2.4,2.38
2019-07-22,2.4,0.0,0.0,2.3946666666666667,2.3914444444444443,2.4,2.38
2019-07-23,2.4,0.0,0.0,2.3953333333333333,2.3912222222222224,2.4,2.38
2019-07-24,2.4,0.0,0.0,2.396,2.391,2.4,2.38
2019-07-25,2.4,0.0,0.0,2.396666666666667,2.390777777777778,2.4,2.38
2019-07-26,2.4,0.0,0.0,2.397333333333333,2.3905555555555558,2.4,2.38
2019-07-27,2.4,0.0,0.0,2.398,2.3903333333333334,2.4,2.38
2019-07-28,2.4,0.0,0.0,2.3986666666666667,2.390111111111111,2.4,2.38
2019-07-29,2.4,0.0,0.0,2.399333333333333,2.3898888888888887,2.4,2.38
2019-07-30,2.4,0.0,0.0,2.4,2.39,2.4,2.38
2019-07-31,2.4,0.0,0.0,2.4,2.390111111111111,2.4,2.4
2019-08-01,2.13,-0.27,-0.11250000000000004,2.391,2.3872222222222224,2.4,2.4
2019-08-02,2.13,0.0,0.0,2.3819999999999997,2.384333333333333,2.4,2.4
2019-08-03,2.13,0.0,0.0,2.3729999999999998,2.3814444444444445,2.4,2.4
2019-08-04,2.13,0.0,0.0,2.364,2.3785555555555553,2.4,2.4
2019-08-05,2.13,0.0,0.0,2.3549999999999995,2.3756666666666666,2.4,2.4
2019-08-06,2.13,0.0,0.0,2.3459999999999996,2.3727777777777774,2.4,2.4
2019-08-07,2.13,0.0,0.0,2.337,2.369888888888889,2.4,2.4
2019-08-08,2.13,0.0,0.0,2.3280000000000003,2.367,2.13,2.4
2019-08-09,2.13,0.0,0.0,2.319,2.3641111111111113,2.13,2.4
2019-08-10,2.13,0.0,0.0,2.3099999999999996,2.361222222222222,2.13,2.4
2019-08-11,2.13,0.0,0.0,2.301,2.3583333333333334,2.13,2.4
2019-08-12,2.13,0.0,0.0,2.292,2.3554444444444442,2.13,2.4
2019-08-13,2.13,0.0,0.0,2.283,2.352555555555556,2.13,2.4
2019-08-14,2.13,0.0,0.0,2.274,2.349666666666667,2.13,2.4
2019-08-15,2.13,0.0,0.0,2.265,2.346777777777778,2.13,2.4
2019-08-16,2.13,0.0,0.0,2.256,2.343888888888889,2.13,2.4
2019-08-17,2.13,0.0,0.0,2.247,2.341,2.13,2.4
2019-08-18,2.13,0.0,0.0,2.238,2.338111111111111,2.13,2.4
2019-08-19,2.13,0.0,0.0,2.2289999999999996,2.335222222222222,2.13,2.4
2019-08-20,2.13,0.0,0.0,2.22,2.332333333333333,2.13,2.4
2019-08-21,2.13,0.0,0.0,2.211,2.3294444444444444,2.13,2.4
2019-08-22,2.13,0.0,0.0,2.202,2.3265555555555553,2.13,2.4
2019-08-23,2.13,0.0,0.0,2.193,2.3236666666666665,2.13,2.4
2019-08-24,2.13,0.0,0.0,2.1839999999999997,2.3207777777777774,2.13,2.4
2019-08-25,2.13,0.0,0.0,2.175,2.3178888888888887,2.13,2.4
2019-08-26,2.13,0.0,0.0,2.1659999999999995,2.315,2.13,2.4
2019-08-27,2.13,0.0,0.0,2.1569999999999996,2.3121111111111112,2.13,2.4
2019-08-28,2.13,0.0,0.0,2.148,2.309222222222222,2.13,2.4
2019-08-29,2.13,0.0,0.0,2.139,2.3063333333333333,2.13,2.4
2019-08-30,2.13,0.0,0.0,2.13,2.3035555555555556,2.13,2.4
2019-08-31,2.13,0.0,0.0,2.13,2.300777777777778,2.13,2.13
2019-09-01,2.04,-0.08999999999999986,-0.04225352112676051,2.127,2.2969999999999997,2.13,2.13
2019-09-02,2.04,0.0,0.0,2.1239999999999997,2.293222222222222,2.13,2.13
2019-09-03,2.04,0.0,0.0,2.121,2.2894444444444444,2.13,2.13
2019-09-04,2.04,0.0,0.0,2.118,2.2856666666666663,2.13,2.13
2019-09-05,2.04,0.0,0.0,2.1149999999999998,2.281888888888889,2.13,2.13
2019-09-06,2.04,0.0,0.0,2.112,2.278111111111111,2.13,2.13
2019-09-07,2.04,0.0,0.0,2.109,2.274333333333333,2.13,2.13
2019-09-08,2.04,0.0,0.0,2.106,2.2705555555555557,2.04,2.13
2019-09-09,2.04,0.0,0.0,2.1029999999999998,2.2667777777777776,2.04,2.13
2019-09-10,2.04,0.0,0.0,2.0999999999999996,2.263,2.04,2.13
2019-09-11,2.04,0.0,0.0,2.097,2.2592222222222222,2.04,2.13
2019-09-12,2.04,0.0,0.0,2.094,2.2554444444444446,2.04,2.13
2019-09-13,2.04,0.0,0.0,2.0909999999999997,2.251666666666667,2.04,2.13
2019-09-14,2.04,0.0,0.0,2.088,2.2478888888888884,2.04,2.13
2019-09-15,2.04,0.0,0.0,2.085,2.244111111111111,2.04,2.13
2019-09-16,2.04,0.0,0.0,2.082,2.240333333333333,2.04,2.13
2019-09-17,2.04,0.0,0.0,2.0789999999999997,2.2365555555555554,2.04,2.13
2019-09-18,2.04,0.0,0.0,2.0759999999999996,2.2327777777777778,2.04,2.13
2019-09-19,2.04,0.0,0.0,2.073,2.229,2.04,2.13
2019-09-20,2.04,0.0,0.0,2.07,2.225222222222222,2.04,2.13
2019-09-21,2.04,0.0,0.0,2.0669999999999997,2.2214444444444443,2.04,2.13
2019-09-22,2.04,0.0,0.0,2.064,2.2176666666666667,2.04,2.13
2019-09-23,2.04,0.0,0.0,2.061,2.213888888888889,2.04,2.13
2019-09-24,2.04,0.0,0.0,2.0580000000000003,2.210111111111111,2.04,2.13
2019-09-25,2.04,0.0,0.0,2.055,2.2063333333333333,2.04,2.13
2019-09-26,2.04,0.0,0.0,2.052,2.2025555555555556,2.04,2.13
2019-09-27,2.04,0.0,0.0,2.049,2.1987777777777775,2.04,2.13
2019-09-28,2.04,0.0,0.0,2.0460000000000003,2.195,2.04,2.13
2019-09-29,2.04,0.0,0.0,2.043,2.191,2.04,2.13
2019-09-30,2.04,0.0,0.0,2.04,2.1870000000000003,2.04,2.13
2019-10-01,1.83,-0.20999999999999996,-0.1029411764705882,2.033,2.1806666666666668,2.04,2.04
2019-10-02,1.83,0.0,0.0,2.0260000000000002,2.1743333333333332,2.04,2.04
2019-10-03,1.83,0.0,0.0,2.019,2.1679999999999997,2.04,2.04
2019-10-04,1.83,0.0,0.0,2.012,2.1616666666666666,2.04,2.04
2019-10-05,1.83,0.0,0.0,2.005,2.1553333333333335,2.04,2.04
2019-10-06,1.83,0.0,0.0,1.998,2.149,2.04,2.04
2019-10-07,1.83,0.0,0.0,1.991,2.1426666666666665,2.04,2.04
2019-10-08,1.83,0.0,0.0,1.9840000000000002,2.136333333333333,1.83,2.04
2019-10-09,1.83,0.0,0.0,1.977,2.13,1.83,2.04
2019-10-10,1.83,0.0,0.0,1.97,2.123666666666667,1.83,2.04
2019-10-11,1.83,0.0,0.0,1.9630000000000003,2.1173333333333333,1.83,2.04
2019-10-12,1.83,0.0,0.0,1.956,2.111,1.83,2.04
2019-10-13,1.83,0.0,0.0,1.949,2.1046666666666667,1.83,2.04
2019-10-14,1.83,0.0,0.0,1.942,2.098333333333333,1.83,2.04
2019-10-15,1.83,0.0,0.0,1.935,2.092,1.83,2.04
2019-10-16,1.83,0.0,0.0,1.9280000000000002,2.0856666666666666,1.83,2.04
2019-10-17,1.83,0.0,0.0,1.921,2.079333333333333,1.83,2.04
2019-10-18,1.83,0.0,0.0,1.9140000000000001,2.073,1.83,2.04
2019-10-19,1.83,0.0,0.0,1.907,2.0666666666666664,1.83,2.04
2019-10-20,1.83,0.0,0.0,1.9,2.0603333333333333,1.83,2.04
2019-10-21,1.83,0.0,0.0,1.893,2.0540000000000003,1.83,2.04
2019-10-22,1.83,0.0,0.0,1.886,2.0476666666666667,1.83,2.04
2019-10-23,1.83,0.0,0.0,1.8790000000000002,2.041333333333333,1.83,2.04
2019-10-24,1.83,0.0,0.0,1.872,2.0349999999999997,1.83,2.04
2019-10-25,1.83,0.0,0.0,1.865,2.0286666666666666,1.83,2.04
2019-10-26,1.83,0.0,0.0,1.858,2.022333333333333,1.83,2.04
2019-10-27,1.83,0.0,0.0,1.8510000000000002,2.016,1.83,2.04
2019-10-28,1.83,0.0,0.0,1.844,2.009666666666667,1.83,2.04
2019-10-29,1.83,0.0,0.0,1.837,2.0033333333333334,1.83,2.04
2019-10-30,1.83,0.0,0.0,1.83,2.0,1.83,2.04
2019-10-31,1.83,0.0,0.0,1.83,1.9966666666666666,1.83,1.83
2019-11-01,1.55,-0.28,-0.15300546448087438,1.8206666666666669,1.9902222222222223,1.83,1.83
2019-11-02,1.55,0.0,0.0,1.8113333333333332,1.9837777777777776,1.83,1.83
2019-11-03,1.55,0.0,0.0,1.802,1.9773333333333334,1.83,1.83
2019-11-04,1.55,0.0,0.0,1.7926666666666666,1.9708888888888891,1.83,1.83
2019-11-05,1.55,0.0,0.0,1.7833333333333337,1.9644444444444442,1.83,1.83
2019-11-06,1.55,0.0,0.0,1.774,1.958,1.83,1.83
2019-11-07,1.55,0.0,0.0,1.7646666666666666,1.9515555555555555,1.83,1.83
2019-11-08,1.55,0.0,0.0,1.7553333333333334,1.9451111111111112,1.55,1.83
2019-11-09,1.55,0.0,0.0,1.746,1.9386666666666668,1.55,1.83
2019-11-10,1.55,0.0,0.0,1.7366666666666668,1.9322222222222223,1.55,1.83
2019-11-11,1.55,0.0,0.0,1.7273333333333334,1.9257777777777778,1.55,1.83
2019-11-12,1.55,0.0,0.0,1.7180000000000002,1.9193333333333331,1.55,1.83
2019-11-13,1.55,0.0,0.0,1.7086666666666668,1.9128888888888889,1.55,1.83
2019-11-14,1.55,0.0,0.0,1.6993333333333331,1.9064444444444446,1.55,1.83
2019-11-15,1.55,0.0,0.0,1.6900000000000002,1.9,1.55,1.83
2019-11-16,1.55,0.0,0.0,1.6806666666666668,1.8935555555555557,1.55,1.83
2019-11-17,1.55,0.0,0.0,1.6713333333333336,1.8871111111111112,1.55,1.83
2019-11-18,1.55,0.0,0.0,1.662,1.8806666666666665,1.55,1.83
2019-11-19,1.55,0.0,0.0,1.6526666666666665,1.8742222222222222,1.55,1.83
2019-11-20,1.55,0.0,0.0,1.6433333333333335,1.8677777777777778,1.55,1.83
2019-11-21,1.55,0.0,0.0,1.6340000000000001,1.8613333333333335,1.55,1.83
2019-11-22,1.55,0.0,0.0,1.6246666666666667,1.8548888888888888,1.55,1.83
2019-11-23,1.55,0.0,0.0,1.6153333333333333,1.8484444444444446,1.55,1.83
2019-11-24,1.55,0.0,0.0,1.606,1.842,1.55,1.83
2019-11-25,1.55,0.0,0.0,1.596666666666667,1.8355555555555554,1.55,1.83
2019-11-26,1.55,0.0,0.0,1.5873333333333333,1.8291111111111111,1.55,1.83
2019-11-27,1.55,0.0,0.0,1.578,1.8226666666666667,1.55,1.83
2019-11-28,1.55,0.0,0.0,1.5686666666666667,1.8162222222222224,1.55,1.83
2019-11-29,1.55,0.0,0.0,1.5593333333333335,1.8097777777777782,1.55,1.83
2019-11-30,1.55,0.0,0.0,1.55,1.8043333333333331,1.55,1.83
2019-12-01,1.55,0.0,0.0,1.55,1.798888888888889,1.55,1.55
2019-12-02,1.55,0.0,0.0,1.55,1.7934444444444444,1.55,1.55
2019-12-03,1.55,0.0,0.0,1.55,1.7880000000000003,1.55,1.55
2019-12-04,1.55,0.0,0.0,1.55,1.7825555555555557,1.55,1.55
2019-12-05,1.55,0.0,0.0,1.55,1.777111111111111,1.55,1.55
2019-12-06,1.55,0.0,0.0,1.55,1.771666666666667,1.55,1.55
2019-12-07,1.55,0.0,0.0,1.55,1.766222222222222,1.55,1.55
2019-12-08,1.55,0.0,0.0,1.55,1.7607777777777778,1.55,1.55
2019-12-09,1.55,0.0,0.0,1.55,1.7553333333333336,1.55,1.55
2019-12-10,1.55,0.0,0.0,1.55,1.749888888888889,1.55,1.55
2019-12-11,1.55,0.0,0.0,1.55,1.7444444444444445,1.55,1.55
2019-12-12,1.55,0.0,0.0,1.55,1.7389999999999999,1.55,1.55
2019-12-13,1.55,0.0,0.0,1.55,1.7335555555555557,1.55,1.55
2019-12-14,1.55,0.0,0.0,1.55,1.7281111111111112,1.55,1.55
2019-12-15,1.55,0.0,0.0,1.55,1.7226666666666666,1.55,1.55
2019-12-16,1.55,0.0,0.0,1.55,1.7172222222222224,1.55,1.55
2019-12-17,1.55,0.0,0.0,1.55,1.7117777777777778,1.55,1.55
2019-12-18,1.55,0.0,0.0,1.55,1.7063333333333333,1.55,1.55
2019-12-19,1.55,0.0,0.0,1.55,1.7008888888888891,1.55,1.55
2019-12-20,1.55,0.0,0.0,1.55,1.6954444444444445,1.55,1.55
2019-12-21,1.55,0.0,0.0,1.55,1.69,1.55,1.55
2019-12-22,1.55,0.0,0.0,1.55,1.6845555555555558,1.55,1.55
2019-12-23,1.55,0.0,0.0,1.55,1.6791111111111112,1.55,1.55
2019-12-24,1.55,0.0,0.0,1.55,1.6736666666666669,1.55,1.55
2019-12-25,1.55,0.0,0.0,1.55,1.668222222222222,1.55,1.55
2019-12-26,1.55,0.0,0.0,1.55,1.662777777777778,1.55,1.55
2019-12-27,1.55,0.0,0.0,1.55,1.6573333333333335,1.55,1.55
2019-12-28,1.55,0.0,0.0,1.55,1.6518888888888887,1.55,1.55
2019-12-29,1.55,0.0,0.0,1.55,1.6464444444444446,1.55,1.55
2019-12-30,1.55,0.0,0.0,1.55,1.6433333333333333,1.55,1.55
2019-12-31,1.55,0.0,0.0,1.55,1.6402222222222222,1.55,1.55
2020-01-01,1.55,0.0,0.0,1.55,1.6371111111111114,1.55,1.55
2020-01-02,1.55,0.0,0.0,1.55,1.6340000000000001,1.55,1.55
2020-01-03,1.55,0.0,0.0,1.55,1.6308888888888888,1.55,1.55
2020-01-04,1.55,0.0,0.0,1.55,1.6277777777777778,1.55,1.55
2020-01-05,1.55,0.0,0.0,1.55,1.6246666666666667,1.55,1.55
2020-01-06,1.55,0.0,0.0,1.55,1.6215555555555559,1.55,1.55
2020-01-07,1.55,0.0,0.0,1.55,1.6184444444444444,1.55,1.55
2020-01-08,1.55,0.0,0.0,1.55,1.6153333333333335,1.55,1.55
2020-01-09,1.55,0.0,0.0,1.55,1.6122222222222222,1.55,1.55
2020-01-10,1.55,0.0,0.0,1.55,1.609111111111111,1.55,1.55
2020-01-11,1.55,0.0,0.0,1.55,1.6060000000000003,1.55,1.55
2020-01-12,1.55,0.0,0.0,1.55,1.6028888888888888,1.55,1.55
2020-01-13,1.55,0.0,0.0,1.55,1.599777777777778,1.55,1.55
2020-01-14,1.55,0.0,0.0,1.55,1.5966666666666665,1.55,1.55
2020-01-15,1.55,0.0,0.0,1.55,1.5935555555555558,1.55,1.55
2020-01-16,1.55,0.0,0.0,1.55,1.5904444444444445,1.55,1.55
2020-01-17,1.55,0.0,0.0,1.55,1.5873333333333335,1.55,1.55
2020-01-18,1.55,0.0,0.0,1.55,1.5842222222222224,1.55,1.55
2020-01-19,1.55,0.0,0.0,1.55,1.581111111111111,1.55,1.55
2020-01-20,1.55,0.0,0.0,1.55,1.578,1.55,1.55
2020-01-21,1.55,0.0,0.0,1.55,1.574888888888889,1.55,1.55
2020-01-22,1.55,0.0,0.0,1.55,1.571777777777778,1.55,1.55
2020-01-23,1.55,0.0,0.0,1.55,1.5686666666666667,1.55,1.55
2020-01-24,1.55,0.0,0.0,1.55,1.5655555555555556,1.55,1.55
2020-01-25,1.55,0.0,0.0,1.55,1.5624444444444445,1.55,1.55
2020-01-26,1.55,0.0,0.0,1.55,1.5593333333333335,1.55,1.55
2020-01-27,1.55,0.0,0.0,1.55,1.5562222222222222,1.55,1.55
2020-01-28,1.55,0.0,0.0,1.55,1.553111111111111,1.55,1.55
2020-01-29,1.55,0.0,0.0,1.55,1.55,1.55,1.55
2020-01-30,1.55,0.0,0.0,1.55,1.55,1.55,1.55
2020-01-31,1.55,0.0,0.0,1.55,1.55,1.55,1.55
2020-02-01,1.58,0.030000000000000027,0.019354838709677358,1.551,1.5503333333333333,1.55,1.55
2020-02-02,1.58,0.0,0.0,1.552,1.5506666666666666,1.55,1.55
2020-02-03,1.58,0.0,0.0,1.5530000000000002,1.551,1.55,1.55
2020-02-04,1.58,0.0,0.0,1.554,1.5513333333333335,1.55,1.55
2020-02-05,1.58,0.0,0.0,1.555,1.5516666666666667,1.55,1.55
2020-02-06,1.58,0.0,0.0,1.5560000000000003,1.552,1.55,1.55
2020-02-07,1.58,0.0,0.0,1.557,1.5523333333333331,1.55,1.55
2020-02-08,1.58,0.0,0.0,1.558,1.5526666666666669,1.58,1.55
2020-02-09,1.58,0.0,0.0,1.5590000000000002,1.5530000000000002,1.58,1.55
2020-02-10,1.58,0.0,0.0,1.5599999999999998,1.5533333333333335,1.58,1.55
2020-02-11,1.58,0.0,0.0,1.5610000000000002,1.5536666666666668,1.58,1.55
2020-02-12,1.58,0.0,0.0,1.562,1.5539999999999998,1.58,1.55
2020-02-13,1.58,0.0,0.0,1.563,1.5543333333333336,1.58,1.55
2020-02-14,1.58,0.0,0.0,1.564,1.5546666666666664,1.58,1.55
2020-02-15,1.58,0.0,0.0,1.5650000000000002,1.5550000000000002,1.58,1.55
2020-02-16,1.58,0.0,0.0,1.566,1.5553333333333335,1.58,1.55
2020-02-17,1.58,0.0,0.0,1.567,1.5556666666666665,1.58,1.55
2020-02-18,1.58,0.0,0.0,1.5680000000000003,1.5560000000000003,1.58,1.55
2020-02-19,1.58,0.0,0.0,1.569,1.5563333333333333,1.58,1.55
2020-02-20,1.58,0.0,0.0,1.57,1.5566666666666669,1.58,1.55
2020-02-21,1.58,0.0,0.0,1.5710000000000002,1.557,1.58,1.55
2020-02-22,1.58,0.0,0.0,1.5719999999999998,1.5573333333333332,1.58,1.55
2020-02-23,1.58,0.0,0.0,1.5730000000000002,1.5576666666666665,1.58,1.55
2020-02-24,1.58,0.0,0.0,1.574,1.558,1.58,1.55
2020-02-25,1.58,0.0,0.0,1.575,1.5583333333333336,1.58,1.55
2020-02-26,1.58,0.0,0.0,1.576,1.5586666666666666,1.58,1.55
2020-02-27,1.58,0.0,0.0,1.5770000000000002,1.559,1.58,1.55
2020-02-28,1.58,0.0,0.0,1.578,1.5593333333333335,1.58,1.55
2020-02-29,1.58,0.0,0.0,1.579,1.5596666666666668,1.58,1.55
2020-03-01,0.65,-0.93,-0.5886075949367089,1.549,1.549666666666667,1.58,1.55
2020-03-02,0.65,0.0,0.0,1.5180000000000002,1.5396666666666665,1.58,1.58
2020-03-03,0.65,0.0,0.0,1.4870000000000003,1.5296666666666665,1.58,1.58
2020-03-04,0.65,0.0,0.0,1.456,1.5196666666666667,1.58,1.58
2020-03-05,0.65,0.0,0.0,1.425,1.5096666666666667,1.58,1.58
2020-03-06,0.65,0.0,0.0,1.394,1.499666666666667,1.58,1.58
2020-03-07,0.65,0.0,0.0,1.363,1.4896666666666667,1.58,1.58
2020-03-08,0.65,0.0,0.0,1.332,1.4796666666666665,0.65,1.58
2020-03-09,0.65,0.0,0.0,1.301,1.4696666666666667,0.65,1.58
2020-03-10,0.65,0.0,0.0,1.27,1.4596666666666667,0.65,1.58
2020-03-11,0.65,0.0,0.0,1.2389999999999999,1.4496666666666669,0.65,1.58
2020-03-12,0.65,0.0,0.0,1.208,1.4396666666666667,0.65,1.58
2020-03-13,0.65,0.0,0.0,1.177,1.4296666666666664,0.65,1.58
2020-03-14,0.65,0.0,0.0,1.1460000000000001,1.4196666666666666,0.65,1.58
2020-03-15,0.65,0.0,0.0,1.1149999999999998,1.4096666666666666,0.65,1.58
2020-03-16,0.65,0.0,0.0,1.0839999999999999,1.3996666666666666,0.65,1.58
2020-03-17,0.65,0.0,0.0,1.053,1.3896666666666668,0.65,1.58
2020-03-18,0.65,0.0,0.0,1.022,1.3796666666666668,0.65,1.58
2020-03-19,0.65,0.0,0.0,0.991,1.3696666666666666,0.65,1.58
2020-03-20,0.65,0.0,0.0,0.9600000000000001,1.3596666666666668,0.65,1.58
2020-03-21,0.65,0.0,0.0,0.929,1.3496666666666666,0.65,1.58
2020-03-22,0.65,0.0,0.0,0.8979999999999999,1.3396666666666668,0.65,1.58
2020-03-23,0.65,0.0,0.0,0.8670000000000001,1.3296666666666668,0.65,1.58
2020-03-24,0.65,0.0,0.0,0.836,1.3196666666666665,0.65,1.58
2020-03-25,0.65,0.0,0.0,0.805,1.3096666666666668,0.65,1.58
2020-03-26,0.65,0.0,0.0,0.7739999999999999,1.2996666666666667,0.65,1.58
2020-03-27,0.65,0.0,0.0,0.743,1.2896666666666667,0.65,1.58
2020-03-28,0.65,0.0,0.0,0.7120000000000001,1.279666666666667,0.65,1.58
2020-03-29,0.65,0.0,0.0,0.6809999999999999,1.2696666666666667,0.65,1.58
2020-03-30,0.65,0.0,0.0,0.65,1.2596666666666667,0.65,1.58
2020-03-31,0.65,0.0,0.0,0.65,1.2496666666666667,0.65,0.65
2020-04-01,0.05,-0.6,-0.9230769230769231,0.6300000000000001,1.233,0.65,0.65
2020-04-02,0.05,0.0,0.0,0.61,1.2163333333333335,0.65,0.65
2020-04-03,0.05,0.0,0.0,0.59,1.1996666666666667,0.65,0.65
2020-04-04,0.05,0.0,0.0,0.57,1.183,0.65,0.65
2020-04-05,0.05,0.0,0.0,0.55,1.1663333333333332,0.65,0.65
2020-04-06,0.05,0.0,0.0,0.53,1.1496666666666668,0.65,0.65
2020-04-07,0.05,0.0,0.0,0.51,1.1330000000000002,0.65,0.65
2020-04-08,0.05,0.0,0.0,0.49000000000000005,1.1163333333333334,0.05,0.65
2020-04-09,0.05,0.0,0.0,0.47000000000000003,1.0996666666666666,0.05,0.65
2020-04-10,0.05,0.0,0.0,0.45,1.083,0.05,0.65
2020-04-11,0.05,0.0,0.0,0.43,1.0663333333333336,0.05,0.65
2020-04-12,0.05,0.0,0.0,0.41,1.0496666666666667,0.05,0.65
2020-04-13,0.05,0.0,0.0,0.39,1.033,0.05,0.65
2020-04-14,0.05,0.0,0.0,0.37000000000000005,1.0163333333333333,0.05,0.65
2020-04-15,0.05,0.0,0.0,0.35,0.9996666666666667,0.05,0.65
2020-04-16,0.05,0.0,0.0,0.33,0.9830000000000001,0.05,0.65
2020-04-17,0.05,0.0,0.0,0.30999999999999994,0.9663333333333335,0.05,0.65
2020-04-18,0.05,0.0,0.0,0.29000000000000004,0.9496666666666667,0.05,0.65
2020-04-19,0.05,0.0,0.0,0.2700000000000001,0.9329999999999999,0.05,0.65
2020-04-20,0.05,0.0,0.0,0.25,0.9163333333333333,0.05,0.65
2020-04-21,0.05,0.0,0.0,0.23,0.8996666666666668,0.05,0.65
2020-04-22,0.05,0.0,0.0,0.21000000000000002,0.8830000000000001,0.05,0.65
2020-04-23,0.05,0.0,0.0,0.19,0.8663333333333333,0.05,0.65
2020-04-24,0.05,0.0,0.0,0.16999999999999998,0.8496666666666667,0.05,0.65
2020-04-25,0.05,0.0,0.0,0.15,0.833,0.05,0.65
2020-04-26,0.05,0.0,0.0,0.13,0.8163333333333335,0.05,0.65
2020-04-27,0.05,0.0,0.0,0.11000000000000001,0.7996666666666666,0.05,0.65
2020-04-28,0.05,0.0,0.0,0.09000000000000001,0.783,0.05,0.65
2020-04-29,0.05,0.0,0.0,0.07,0.7663333333333333,0.05,0.65
2020-04-30,0.05,0.0,0.0,0.05,0.7496666666666667,0.05,0.65
2020-05-01,0.05,0.0,0.0,0.05,0.7326666666666668,0.05,0.05
2020-05-02,0.05,0.0,0.0,0.05,0.7156666666666668,0.05,0.05
2020-05-03,0.05,0.0,0.0,0.05,0.6986666666666667,0.05,0.05
2020-05-04,0.05,0.0,0.0,0.05,0.6816666666666666,0.05,0.05
2020-05-05,0.05,0.0,0.0,0.05,0.6646666666666666,0.05,0.05
2020-05-06,0.05,0.0,0.0,0.05,0.6476666666666666,0.05,0.05
2020-05-07,0.05,0.0,0.0,0.05,0.6306666666666667,0.05,0.05
2020-05-08,0.05,0.0,0.0,0.05,0.6136666666666667,0.05,0.05
2020-05-09,0.05,0.0,0.0,0.05,0.5966666666666667,0.05,0.05
2020-05-10,0.05,0.0,0.0,0.05,0.5796666666666667,0.05,0.05
2020-05-11,0.05,0.0,0.0,0.05,0.5626666666666666,0.05,0.05
2020-05-12,0.05,0.0,0.0,0.05,0.5456666666666667,0.05,0.05
2020-05-13,0.05,0.0,0.0,0.05,0.5286666666666666,0.05,0.05
2020-05-14,0.05,0.0,0.0,0.05,0.5116666666666666,0.05,0.05
2020-05-15,0.05,0.0,0.0,0.05,0.4946666666666667,0.05,0.05
2020-05-16,0.05,0.0,0.0,0.05,0.4776666666666667,0.05,0.05
2020-05-17,0.05,0.0,0.0,0.05,0.46066666666666667,0.05,0.05
2020-05-18,0.05,0.0,0.0,0.05,0.44366666666666665,0.05,0.05
2020-05-19,0.05,0.0,0.0,0.05,0.42666666666666664,0.05,0.05
2020-05-20,0.05,0.0,0.0,0.05,0.40966666666666673,0.05,0.05
2020-05-21,0.05,0.0,0.0,0.05,0.3926666666666667,0.05,0.05
2020-05-22,0.05,0.0,0.0,0.05,0.3756666666666667,0.05,0.05
2020-05-23,0.05,0.0,0.0,0.05,0.3586666666666667,0.05,0.05
2020-05-24,0.05,0.0,0.0,0.05,0.34166666666666673,0.05,0.05
2020-05-25,0.05,0.0,0.0,0.05,0.3246666666666667,0.05,0.05
2020-05-26,0.05,0.0,0.0,0.05,0.30766666666666664,0.05,0.05
2020-05-27,0.05,0.0,0.0,0.05,0.2906666666666667,0.05,0.05
2020-05-28,0.05,0.0,0.0,0.05,0.27366666666666667,0.05,0.05
2020-05-29,0.05,0.0,0.0,0.05,0.2566666666666667,0.05,0.05
2020-05-30,0.05,0.0,0.0,0.05,0.25000000000000006,0.05,0.05
2020-05-31,0.05,0.0,0.0,0.05,0.24333333333333332,0.05,0.05
2020-06-01,0.08,0.03,0.5999999999999999,0.05100000000000001,0.23700000000000002,0.05,0.05
2020-06-02,0.08,0.0,0.0,0.052000000000000005,0.23066666666666663,0.05,0.05
2020-06-03,0.08,0.0,0.0,0.053000000000000005,0.22433333333333336,0.05,0.05
2020-06-04,0.08,0.0,0.0,0.054000000000000006,0.218,0.05,0.05
2020-06-05,0.08,0.0,0.0,0.055,0.21166666666666667,0.05,0.05
2020-06-06,0.08,0.0,0.0,0.056,0.20533333333333334,0.05,0.05
2020-06-07,0.08,0.0,0.0,0.05700000000000001,0.199,0.05,0.05
2020-06-08,0.08,0.0,0.0,0.05800000000000001,0.19266666666666665,0.08,0.05
2020-06-09,0.08,0.0,0.0,0.059000000000000004,0.18633333333333338,0.08,0.05
2020-06-10,0.08,0.0,0.0,0.060000000000000005,0.18,0.08,0.05
2020-06-11,0.08,0.0,0.0,0.061000000000000006,0.17366666666666666,0.08,0.05
2020-06-12,0.08,0.0,0.0,0.062000000000000006,0.16733333333333333,0.08,0.05
2020-06-13,0.08,0.0,0.0,0.063,0.161,0.08,0.05
2020-06-14,0.08,0.0,0.0,0.064,0.15466666666666667,0.08,0.05
2020-06-15,0.08,0.0,0.0,0.065,0.14833333333333332,0.08,0.05
2020-06-16,0.08,0.0,0.0,0.066,0.142,0.08,0.05
2020-06-17,0.08,0.0,0.0,0.067,0.13566666666666669,0.08,0.05
2020-06-18,0.08,0.0,0.0,0.068,0.12933333333333333,0.08,0.05
2020-06-19,0.08,0.0,0.0,0.069,0.123,0.08,0.05
2020-06-20,0.08,0.0,0.0,0.07,0.11666666666666667,0.08,0.05
2020-06-21,0.08,0.0,0.0,0.071,0.11033333333333332,0.08,0.05
2020-06-22,0.08,0.0,0.0,0.07200000000000001,0.10400000000000001,0.08,0.05
2020-06-23,0.08,0.0,0.0,0.073,0.09766666666666668,0.08,0.05
2020-06-24,0.08,0.0,0.0,0.07400000000000001,0.09133333333333334,0.08,0.05
2020-06-25,0.08,0.0,0.0,0.075,0.085,0.08,0.05
2020-06-26,0.08,0.0,0.0,0.076,0.07866666666666666,0.08,0.05
2020-06-27,0.08,0.0,0.0,0.077,0.07233333333333335,0.08,0.05
2020-06-28,0.08,0.0,0.0,0.078,0.066,0.08,0.05
2020-06-29,0.08,0.0,0.0,0.079,0.05966666666666668,0.08,0.05
2020-06-30,0.08,0.0,0.0,0.08,0.05999999999999999,0.08,0.05
2020-07-01,0.09,0.009999999999999995,0.125,0.08033333333333334,0.060444444444444446,0.08,0.08
2020-07-02,0.09,0.0,0.0,0.08066666666666666,0.060888888888888895,0.08,0.08
2020-07-03,0.09,0.0,0.0,0.081,0.06133333333333334,0.08,0.08
2020-07-04,0.09,0.0,0.0,0.08133333333333333,0.061777777777777786,0.08,0.08
2020-07-05,0.09,0.0,0.0,0.08166666666666665,0.06222222222222222,0.08,0.08
2020-07-06,0.09,0.0,0.0,0.082,0.06266666666666666,0.08,0.08
2020-07-07,0.09,0.0,0.0,0.08233333333333334,0.06311111111111112,0.08,0.08
2020-07-08,0.09,0.0,0.0,0.08266666666666667,0.06355555555555556,0.09,0.08
2020-07-09,0.09,0.0,0.0,0.083,0.064,0.09,0.08
2020-07-10,0.09,0.0,0.0,0.08333333333333333,0.06444444444444444,0.09,0.08
2020-07-11,0.09,0.0,0.0,0.08366666666666665,0.06488888888888888,0.09,0.08
2020-07-12,0.09,0.0,0.0,0.084,0.06533333333333333,0.09,0.08
2020-07-13,0.09,0.0,0.0,0.08433333333333334,0.06577777777777778,0.09,0.08
2020-07-14,0.09,0.0,0.0,0.08466666666666667,0.06622222222222224,0.09,0.08
2020-07-15,0.09,0.0,0.0,0.085,0.06666666666666667,0.09,0.08
2020-07-16,0.09,0.0,0.0,0.08533333333333333,0.06711111111111111,0.09,0.08
2020-07-17,0.09,0.0,0.0,0.08566666666666665,0.06755555555555556,0.09,0.08
2020-07-18,0.09,0.0,0.0,0.086,0.068,0.09,0.08
2020-07-19,0.09,0.0,0.0,0.08633333333333333,0.06844444444444445,0.09,0.08
2020-07-20,0.09,0.0,0.0,0.08666666666666667,0.06888888888888889,0.09,0.08
2020-07-21,0.09,0.0,0.0,0.087,0.06933333333333333,0.09,0.08
2020-07-22,0.09,0.0,0.0,0.08733333333333333,0.06977777777777779,0.09,0.08
2020-07-23,0.09,0.0,0.0,0.08766666666666666,0.07022222222222223,0.09,0.08
2020-07-24,0.09,0.0,0.0,0.088,0.07066666666666667,0.09,0.08
2020-07-25,0.09,0.0,0.0,0.08833333333333333,0.07111111111111111,0.09,0.08
2020-07-26,0.09,0.0,0.0,0.08866666666666667,0.07155555555555555,0.09,0.08
2020-07-27,0.09,0.0,0.0,0.089,0.07200000000000001,0.09,0.08
2020-07-28,0.09,0.0,0.0,0.08933333333333333,0.07244444444444445,0.09,0.08
2020-07-29,0.09,0.0,0.0,0.08966666666666666,0.07288888888888889,0.09,0.08
2020-07-30,0.09,0.0,0.0,0.09,0.07333333333333333,0.09,0.08
2020-07-31,0.09,0.0,0.0,0.09,0.07377777777777778,0.09,0.09
2020-08-01,0.1,0.010000000000000009,0.11111111111111116,0.09033333333333333,0.07433333333333333,0.09,0.09
2020-08-02,0.1,0.0,0.0,0.09066666666666666,0.0748888888888889,0.09,0.09
2020-08-03,0.1,0.0,0.0,0.091,0.07544444444444444,0.09,0.09
2020-08-04,0.1,0.0,0.0,0.09133333333333334,0.076,0.09,0.09
2020-08-05,0.1,0.0,0.0,0.09166666666666666,0.07655555555555556,0.09,0.09
2020-08-06,0.1,0.0,0.0,0.092,0.07711111111111112,0.09,0.09
2020-08-07,0.1,0.0,0.0,0.09233333333333334,0.07766666666666668,0.09,0.09
2020-08-08,0.1,0.0,0.0,0.09266666666666666,0.07822222222222222,0.1,0.09
2020-08-09,0.1,0.0,0.0,0.093,0.07877777777777778,0.1,0.09
2020-08-10,0.1,0.0,0.0,0.09333333333333334,0.07933333333333333,0.1,0.09
2020-08-11,0.1,0.0,0.0,0.09366666666666665,0.0798888888888889,0.1,0.09
2020-08-12,0.1,0.0,0.0,0.094,0.08044444444444444,0.1,0.09
2020-08-13,0.1,0.0,0.0,0.09433333333333334,0.081,0.1,0.09
2020-08-14,0.1,0.0,0.0,0.09466666666666666,0.08155555555555555,0.1,0.09
2020-08-15,0.1,0.0,0.0,0.095,0.08211111111111111,0.1,0.09
2020-08-16,0.1,0.0,0.0,0.09533333333333334,0.08266666666666667,0.1,0.09
2020-08-17,0.1,0.0,0.0,0.09566666666666666,0.08322222222222223,0.1,0.09
2020-08-18,0.1,0.0,0.0,0.096,0.08377777777777778,0.1,0.09
2020-08-19,0.1,0.0,0.0,0.09633333333333334,0.08433333333333333,0.1,0.09
2020-08-20,0.1,0.0,0.0,0.09666666666666668,0.08488888888888889,0.1,0.09
2020-08-21,0.1,0.0,0.0,0.097,0.08544444444444445,0.1,0.09
2020-08-22,0.1,0.0,0.0,0.09733333333333333,0.08600000000000001,0.1,0.09
2020-08-23,0.1,0.0,0.0,0.09766666666666667,0.08655555555555555,0.1,0.09
2020-08-24,0.1,0.0,0.0,0.098,0.08711111111111111,0.1,0.09
2020-08-25,0.1,0.0,0.0,0.09833333333333334,0.08766666666666666,0.1,0.09
2020-08-26,0.1,0.0,0.0,0.09866666666666668,0.08822222222222223,0.1,0.09
2020-08-27,0.1,0.0,0.0,0.09899999999999999,0.08877777777777777,0.1,0.09
2020-08-28,0.1,0.0,0.0,0.09933333333333333,0.08933333333333332,0.1,0.09
2020-08-29,0.1,0.0,0.0,0.09966666666666667,0.0898888888888889,0.1,0.09
2020-08-30,0.1,0.0,0.0,0.1,0.0901111111111111,0.1,0.09
2020-08-31,0.1,0.0,0.0,0.1,0.09033333333333332,0.1,0.1
2020-09-01,0.09,-0.010000000000000009,-0.10000000000000009,0.09966666666666667,0.09044444444444445,0.1,0.1
2020-09-02,0.09,0.0,0.0,0.09933333333333333,0.09055555555555556,0.1,0.1
2020-09-03,0.09,0.0,0.0,0.099,0.09066666666666667,0.1,0.1
2020-09-04,0.09,0.0,0.0,0.09866666666666667,0.09077777777777778,0.1,0.1
2020-09-05,0.09,0.0,0.0,0.09833333333333334,0.09088888888888888,0.1,0.1
2020-09-06,0.09,0.0,0.0,0.09800000000000002,0.091,0.1,0.1
2020-09-07,0.09,0.0,0.0,0.09766666666666667,0.0911111111111111,0.1,0.1
2020-09-08,0.09,0.0,0.0,0.09733333333333333,0.09122222222222223,0.09,0.1
2020-09-09,0.09,0.0,0.0,0.097,0.09133333333333334,0.09,0.1
2020-09-10,0.09,0.0,0.0,0.09666666666666668,0.09144444444444445,0.09,0.1
2020-09-11,0.09,0.0,0.0,0.09633333333333334,0.09155555555555556,0.09,0.1
2020-09-12,0.09,0.0,0.0,0.096,0.09166666666666666,0.09,0.1
2020-09-13,0.09,0.0,0.0,0.09566666666666666,0.09177777777777778,0.09,0.1
2020-09-14,0.09,0.0,0.0,0.09533333333333333,0.09188888888888891,0.09,0.1
2020-09-15,0.09,0.0,0.0,0.09499999999999999,0.09200000000000001,0.09,0.1
2020-09-16,0.09,0.0,0.0,0.09466666666666668,0.09211111111111112,0.09,0.1
2020-09-17,0.09,0.0,0.0,0.09433333333333334,0.09222222222222223,0.09,0.1
2020-09-18,0.09,0.0,0.0,0.094,0.09233333333333334,0.09,0.1
2020-09-19,0.09,0.0,0.0,0.09366666666666666,0.09244444444444445,0.09,0.1
2020-09-20,0.09,0.0,0.0,0.09333333333333332,0.09255555555555556,0.09,0.1
2020-09-21,0.09,0.0,0.0,0.093,0.09266666666666666,0.09,0.1
2020-09-22,0.09,0.0,0.0,0.09266666666666667,0.09277777777777778,0.09,0.1
2020-09-23,0.09,0.0,0.0,0.09233333333333334,0.09288888888888888,0.09,0.1
2020-09-24,0.09,0.0,0.0,0.092,0.09299999999999999,0.09,0.1
2020-09-25,0.09,0.0,0.0,0.09166666666666666,0.0931111111111111,0.09,0.1
2020-09-26,0.09,0.0,0.0,0.09133333333333334,0.0932222222222222,0.09,0.1
2020-09-27,0.09,0.0,0.0,0.091,0.09333333333333334,0.09,0.1
2020-09-28,0.09,0.0,0.0,0.09066666666666666,0.09344444444444444,0.09,0.1
2020-09-29,0.09,0.0,0.0,0.09033333333333333,0.09344444444444444,0.09,0.1
2020-09-30,0.09,0.0,0.0,0.09,0.09344444444444444,0.09,0.1
2020-10-01,0.09,0.0,0.0,0.09,0.09344444444444444,0.09,0.09
2020-10-02,0.09,0.0,0.0,0.09,0.09344444444444444,0.09,0.09
2020-10-03,0.09,0.0,0.0,0.09,0.09344444444444444,0.09,0.09
2020-10-04,0.09,0.0,0.0,0.09,0.09344444444444444,0.09,0.09
2020-10-05,0.09,0.0,0.0,0.09,0.09344444444444444,0.09,0.09
2020-10-06,0.09,0.0,0.0,0.09,0.09344444444444444,0.09,0.09
2020-10-07,0.09,0.0,0.0,0.09,0.09344444444444444,0.09,0.09
2020-10-08,0.09,0.0,0.0,0.09,0.09344444444444444,0.09,0.09
2020-10-09,0.09,0.0,0.0,0.09,0.09344444444444443,0.09,0.09
2020-10-10,0.09,0.0,0.0,0.09,0.09344444444444444,0.09,0.09
2020-10-11,0.09,0.0,0.0,0.09,0.09344444444444444,0.09,0.09
2020-10-12,0.09,0.0,0.0,0.09,0.09344444444444444,0.09,0.09
2020-10-13,0.09,0.0,0.0,0.09,0.09344444444444444,0.09,0.09
2020-10-14,0.09,0.0,0.0,0.09,0.09344444444444444,0.09,0.09
2020-10-15,0.09,0.0,0.0,0.09,0.09344444444444444,0.09,0.09
2020-10-16,0.09,0.0,0.0,0.09,0.09344444444444444,0.09,0.09
2020-10-17,0.09,0.0,0.0,0.09,0.09344444444444444,0.09,0.09
2020-10-18,0.09,0.0,0.0,0.09,0.09344444444444444,0.09,0.09
2020-10-19,0.09,0.0,0.0,0.09,0.09344444444444444,0.09,0.09
2020-10-20,0.09,0.0,0.0,0.09,0.09344444444444444,0.09,0.09
2020-10-21,0.09,0.0,0.0,0.09,0.09344444444444443,0.09,0.09
2020-10-22,0.09,0.0,0.0,0.09,0.09344444444444443,0.09,0.09
2020-10-23,0.09,0.0,0.0,0.09,0.09344444444444444,0.09,0.09
2020-10-24,0.09,0.0,0.0,0.09,0.09344444444444444,0.09,0.09
2020-10-25,0.09,0.0,0.0,0.09,0.09344444444444444,0.09,0.09
2020-10-26,0.09,0.0,0.0,0.09,0.09344444444444444,0.09,0.09
2020-10-27,0.09,0.0,0.0,0.09,0.09344444444444444,0.09,0.09
2020-10-28,0.09,0.0,0.0,0.09,0.09344444444444444,0.09,0.09
2020-10-29,0.09,0.0,0.0,0.09,0.09344444444444444,0.09,0.09
2020-10-30,0.09,0.0,0.0,0.09,0.09333333333333334,0.09,0.09
2020-10-31,0.09,0.0,0.0,0.09,0.0932222222222222,0.09,0.09
2020-11-01,0.09,0.0,0.0,0.09,0.0931111111111111,0.09,0.09
2020-11-02,0.09,0.0,0.0,0.09,0.09299999999999999,0.09,0.09
2020-11-03,0.09,0.0,0.0,0.09,0.09288888888888888,0.09,0.09
2020-11-04,0.09,0.0,0.0,0.09,0.09277777777777779,0.09,0.09
2020-11-05,0.09,0.0,0.0,0.09,0.09266666666666666,0.09,0.09
2020-11-06,0.09,0.0,0.0,0.09,0.09255555555555556,0.09,0.09
2020-11-07,0.09,0.0,0.0,0.09,0.09244444444444445,0.09,0.09
2020-11-08,0.09,0.0,0.0,0.09,0.09233333333333334,0.09,0.09
2020-11-09,0.09,0.0,0.0,0.09,0.09222222222222223,0.09,0.09
2020-11-10,0.09,0.0,0.0,0.09,0.0921111111111111,0.09,0.09
2020-11-11,0.09,0.0,0.0,0.09,0.092,0.09,0.09
2020-11-12,0.09,0.0,0.0,0.09,0.09188888888888888,0.09,0.09
2020-11-13,0.09,0.0,0.0,0.09,0.09177777777777778,0.09,0.09
2020-11-14,0.09,0.0,0.0,0.09,0.09166666666666666,0.09,0.09
2020-11-15,0.09,0.0,0.0,0.09,0.09155555555555554,0.09,0.09
2020-11-16,0.09,0.0,0.0,0.09,0.09144444444444443,0.09,0.09
2020-11-17,0.09,0.0,0.0,0.09,0.09133333333333334,0.09,0.09
2020-11-18,0.09,0.0,0.0,0.09,0.09122222222222223,0.09,0.09
2020-11-19,0.09,0.0,0.0,0.09,0.09111111111111113,0.09,0.09
2020-11-20,0.09,0.0,0.0,0.09,0.091,0.09,0.09
2020-11-21,0.09,0.0,0.0,0.09,0.09088888888888888,0.09,0.09
2020-11-22,0.09,0.0,0.0,0.09,0.09077777777777778,0.09,0.09
2020-11-23,0.09,0.0,0.0,0.09,0.09066666666666667,0.09,0.09
2020-11-24,0.09,0.0,0.0,0.09,0.09055555555555556,0.09,0.09
2020-11-25,0.09,0.0,0.0,0.09,0.09044444444444442,0.09,0.09
2020-11-26,0.09,0.0,0.0,0.09,0.09033333333333332,0.09,0.09
2020-11-27,0.09,0.0,0.0,0.09,0.09022222222222222,0.09,0.09
2020-11-28,0.09,0.0,0.0,0.09,0.0901111111111111,0.09,0.09
2020-11-29,0.09,0.0,0.0,0.09,0.09,0.09,0.09
2020-11-30,0.09,0.0,0.0,0.09,0.09,0.09,0.09
2020-12-01,0.09,0.0,0.0,0.09,0.09,0.09,0.09
2020-12-02,0.09,0.0,0.0,0.09,0.09,0.09,0.09
2020-12-03,0.09,0.0,0.0,0.09,0.09,0.09,0.09
2020-12-04,0.09,0.0,0.0,0.09,0.09,0.09,0.09
2020-12-05,0.09,0.0,0.0,0.09,0.09,0.09,0.09
2020-12-06,0.09,0.0,0.0,0.09,0.09,0.09,0.09
2020-12-07,0.09,0.0,0.0,0.09,0.09,0.09,0.09
2020-12-08,0.09,0.0,0.0,0.09,0.09,0.09,0.09
2020-12-09,0.09,0.0,0.0,0.09,0.09,0.09,0.09
2020-12-10,0.09,0.0,0.0,0.09,0.09,0.09,0.09
2020-12-11,0.09,0.0,0.0,0.09,0.09,0.09,0.09
2020-12-12,0.09,0.0,0.0,0.09,0.09,0.09,0.09
2020-12-13,0.09,0.0,0.0,0.09,0.09,0.09,0.09
2020-12-14,0.09,0.0,0.0,0.09,0.09,0.09,0.09
2020-12-15,0.09,0.0,0.0,0.09,0.09,0.09,0.09
2020-12-16,0.09,0.0,0.0,0.09,0.09,0.09,0.09
2020-12-17,0.09,0.0,0.0,0.09,0.09,0.09,0.09
2020-12-18,0.09,0.0,0.0,0.09,0.09,0.09,0.09
2020-12-19,0.09,0.0,0.0,0.09,0.09,0.09,0.09
2020-12-20,0.09,0.0,0.0,0.09,0.09,0.09,0.09
2020-12-21,0.09,0.0,0.0,0.09,0.09,0.09,0.09
2020-12-22,0.09,0.0,0.0,0.09,0.09,0.09,0.09
2020-12-23,0.09,0.0,0.0,0.09,0.09,0.09,0.09
2020-12-24,0.09,0.0,0.0,0.09,0.09,0.09,0.09
2020-12-25,0.09,0.0,0.0,0.09,0.09,0.09,0.09
2020-12-26,0.09,0.0,0.0,0.09,0.09,0.09,0.09
2020-12-27,0.09,0.0,0.0,0.09,0.09,0.09,0.09
2020-12-28,0.09,0.0,0.0,0.09,0.09,0.09,0.09
2020-12-29,0.09,0.0,0.0,0.09,0.09,0.09,0.09
2020-12-30,0.09,0.0,0.0,0.09,0.09,0.09,0.09
2020-12-31,0.09,0.0,0.0,0.09,0.09,0.09,0.09
2021-01-01,0.09,0.0,0.0,0.09,0.09,0.09,0.09
2021-01-02,0.09,0.0,0.0,0.09,0.09,0.09,0.09
2021-01-03,0.09,0.0,0.0,0.09,0.09,0.09,0.09
2021-01-04,0.09,0.0,0.0,0.09,0.09,0.09,0.09
2021-01-05,0.09,0.0,0.0,0.09,0.09,0.09,0.09
2021-01-06,0.09,0.0,0.0,0.09,0.09,0.09,0.09
2021-01-07,0.09,0.0,0.0,0.09,0.09,0.09,0.09
2021-01-08,0.09,0.0,0.0,0.09,0.09,0.09,0.09
2021-01-09,0.09,0.0,0.0,0.09,0.09,0.09,0.09
2021-01-10,0.09,0.0,0.0,0.09,0.09,0.09,0.09
2021-01-11,0.09,0.0,0.0,0.09,0.09,0.09,0.09
2021-01-12,0.09,0.0,0.0,0.09,0.09,0.09,0.09
2021-01-13,0.09,0.0,0.0,0.09,0.09,0.09,0.09
2021-01-14,0.09,0.0,0.0,0.09,0.09,0.09,0.09
2021-01-15,0.09,0.0,0.0,0.09,0.09,0.09,0.09
2021-01-16,0.09,0.0,0.0,0.09,0.09,0.09,0.09
2021-01-17,0.09,0.0,0.0,0.09,0.09,0.09,0.09
2021-01-18,0.09,0.0,0.0,0.09,0.09,0.09,0.09
2021-01-19,0.09,0.0,0.0,0.09,0.09,0.09,0.09
2021-01-20,0.09,0.0,0.0,0.09,0.09,0.09,0.09
2021-01-21,0.09,0.0,0.0,0.09,0.09,0.09,0.09
2021-01-22,0.09,0.0,0.0,0.09,0.09,0.09,0.09
2021-01-23,0.09,0.0,0.0,0.09,0.09,0.09,0.09
2021-01-24,0.09,0.0,0.0,0.09,0.09,0.09,0.09
2021-01-25,0.09,0.0,0.0,0.09,0.09,0.09,0.09
2021-01-26,0.09,0.0,0.0,0.09,0.09,0.09,0.09
2021-01-27,0.09,0.0,0.0,0.09,0.09,0.09,0.09
2021-01-28,0.09,0.0,0.0,0.09,0.09,0.09,0.09
2021-01-29,0.09,0.0,0.0,0.09,0.09,0.09,0.09
2021-01-30,0.09,0.0,0.0,0.09,0.09,0.09,0.09
2021-01-31,0.09,0.0,0.0,0.09,0.09,0.09,0.09
2021-02-01,0.08,-0.009999999999999995,-0.11111111111111105,0.08966666666666666,0.0898888888888889,0.09,0.09
2021-02-02,0.08,0.0,0.0,0.08933333333333332,0.08977777777777778,0.09,0.09
2021-02-03,0.08,0.0,0.0,0.089,0.08966666666666667,0.09,0.09
2021-02-04,0.08,0.0,0.0,0.08866666666666667,0.08955555555555555,0.09,0.09
2021-02-05,0.08,0.0,0.0,0.08833333333333333,0.08944444444444445,0.09,0.09
2021-02-06,0.08,0.0,0.0,0.08800000000000001,0.08933333333333332,0.09,0.09
2021-02-07,0.08,0.0,0.0,0.08766666666666666,0.08922222222222222,0.09,0.09
2021-02-08,0.08,0.0,0.0,0.08733333333333332,0.08911111111111111,0.08,0.09
2021-02-09,0.08,0.0,0.0,0.087,0.089,0.08,0.09
2021-02-10,0.08,0.0,0.0,0.08666666666666667,0.08888888888888889,0.08,0.09
2021-02-11,0.08,0.0,0.0,0.08633333333333333,0.08877777777777777,0.08,0.09
2021-02-12,0.08,0.0,0.0,0.08600000000000001,0.08866666666666666,0.08,0.09
2021-02-13,0.08,0.0,0.0,0.08566666666666668,0.08855555555555555,0.08,0.09
2021-02-14,0.08,0.0,0.0,0.08533333333333332,0.08844444444444445,0.08,0.09
2021-02-15,0.08,0.0,0.0,0.08499999999999999,0.08833333333333333,0.08,0.09
2021-02-16,0.08,0.0,0.0,0.08466666666666667,0.08822222222222223,0.08,0.09
2021-02-17,0.08,0.0,0.0,0.08433333333333334,0.08811111111111111,0.08,0.09
2021-02-18,0.08,0.0,0.0,0.084,0.088,0.08,0.09
2021-02-19,0.08,0.0,0.0,0.08366666666666668,0.08788888888888888,0.08,0.09
2021-02-20,0.08,0.0,0.0,0.08333333333333333,0.08777777777777777,0.08,0.09
2021-02-21,0.08,0.0,0.0,0.08299999999999999,0.08766666666666666,0.08,0.09
2021-02-22,0.08,0.0,0.0,0.08266666666666667,0.08755555555555555,0.08,0.09
2021-02-23,0.08,0.0,0.0,0.08233333333333334,0.08744444444444445,0.08,0.09
2021-02-24,0.08,0.0,0.0,0.082,0.08733333333333333,0.08,0.09
2021-02-25,0.08,0.0,0.0,0.08166666666666668,0.08722222222222221,0.08,0.09
2021-02-26,0.08,0.0,0.0,0.08133333333333333,0.08711111111111111,0.08,0.09
2021-02-27,0.08,0.0,0.0,0.08099999999999999,0.087,0.08,0.09
2021-02-28,0.08,0.0,0.0,0.08066666666666666,0.08688888888888889,0.08,0.09
2021-03-01,0.07,-0.009999999999999995,-0.12499999999999989,0.08000000000000002,0.08666666666666667,0.08,0.09
2021-03-02,0.07,0.0,0.0,0.07933333333333333,0.08644444444444445,0.08,0.09
2021-03-03,0.07,0.0,0.0,0.079,0.08622222222222221,0.08,0.08
2021-03-04,0.07,0.0,0.0,0.07866666666666668,0.086,0.08,0.08
2021-03-05,0.07,0.0,0.0,0.07833333333333334,0.08577777777777777,0.08,0.08
2021-03-06,0.07,0.0,0.0,0.078,0.08555555555555555,0.08,0.08
2021-03-07,0.07,0.0,0.0,0.07766666666666668,0.08533333333333333,0.08,0.08
2021-03-08,0.07,0.0,0.0,0.07733333333333332,0.08511111111111111,0.07,0.08
2021-03-09,0.07,0.0,0.0,0.07700000000000001,0.08488888888888889,0.07,0.08
2021-03-10,0.07,0.0,0.0,0.07666666666666667,0.08466666666666665,0.07,0.08
2021-03-11,0.07,0.0,0.0,0.07633333333333334,0.08444444444444445,0.07,0.08
2021-03-12,0.07,0.0,0.0,0.07600000000000001,0.08422222222222223,0.07,0.08
2021-03-13,0.07,0.0,0.0,0.07566666666666667,0.084,0.07,0.08
2021-03-14,0.07,0.0,0.0,0.07533333333333332,0.08377777777777778,0.07,0.08
2021-03-15,0.07,0.0,0.0,0.075,0.08355555555555556,0.07,0.08
2021-03-16,0.07,0.0,0.0,0.07466666666666667,0.08333333333333333,0.07,0.08
2021-03-17,0.07,0.0,0.0,0.07433333333333335,0.08311111111111111,0.07,0.08
2021-03-18,0.07,0.0,0.0,0.07400000000000001,0.08288888888888889,0.07,0.08
2021-03-19,0.07,0.0,0.0,0.07366666666666667,0.08266666666666667,0.07,0.08
2021-03-20,0.07,0.0,0.0,0.07333333333333333,0.08244444444444445,0.07,0.08
2021-03-21,0.07,0.0,0.0,0.073,0.08222222222222222,0.07,0.08
2021-03-22,0.07,0.0,0.0,0.07266666666666667,0.082,0.07,0.08
2021-03-23,0.07,0.0,0.0,0.07233333333333335,0.08177777777777777,0.07,0.08
2021-03-24,0.07,0.0,0.0,0.07200000000000001,0.08155555555555555,0.07,0.08
2021-03-25,0.07,0.0,0.0,0.07166666666666668,0.08133333333333334,0.07,0.08
2021-03-26,0.07,0.0,0.0,0.07133333333333333,0.0811111111111111,0.07,0.08
2021-03-27,0.07,0.0,0.0,0.071,0.08088888888888889,0.07,0.08
2021-03-28,0.07,0.0,0.0,0.07066666666666668,0.08066666666666668,0.07,0.08
2021-03-29,0.07,0.0,0.0,0.07033333333333334,0.08044444444444444,0.07,0.08
2021-03-30,0.07,0.0,0.0,0.07,0.08022222222222222,0.07,0.08
2021-03-31,0.07,0.0,0.0,0.07,0.08,0.07,0.07
2021-04-01,0.07,0.0,0.0,0.07,0.07977777777777778,0.07,0.07
2021-04-02,0.07,0.0,0.0,0.07,0.07955555555555556,0.07,0.07
2021-04-03,0.07,0.0,0.0,0.07,0.07933333333333334,0.07,0.07
2021-04-04,0.07,0.0,0.0,0.07,0.07911111111111112,0.07,0.07
2021-04-05,0.07,0.0,0.0,0.07,0.07888888888888888,0.07,0.07
2021-04-06,0.07,0.0,0.0,0.07,0.07866666666666666,0.07,0.07
2021-04-07,0.07,0.0,0.0,0.07,0.07844444444444446,0.07,0.07
2021-04-08,0.07,0.0,0.0,0.07,0.07822222222222222,0.07,0.07
2021-04-09,0.07,0.0,0.0,0.07,0.078,0.07,0.07
2021-04-10,0.07,0.0,0.0,0.07,0.07777777777777779,0.07,0.07
2021-04-11,0.07,0.0,0.0,0.07,0.07755555555555554,0.07,0.07
2021-04-12,0.07,0.0,0.0,0.07,0.07733333333333334,0.07,0.07
2021-04-13,0.07,0.0,0.0,0.07,0.07711111111111112,0.07,0.07
2021-04-14,0.07,0.0,0.0,0.07,0.0768888888888889,0.07,0.07
2021-04-15,0.07,0.0,0.0,0.07,0.07666666666666667,0.07,0.07
2021-04-16,0.07,0.0,0.0,0.07,0.07644444444444445,0.07,0.07
2021-04-17,0.07,0.0,0.0,0.07,0.07622222222222222,0.07,0.07
2021-04-18,0.07,0.0,0.0,0.07,0.076,0.07,0.07
2021-04-19,0.07,0.0,0.0,0.07,0.07577777777777778,0.07,0.07
2021-04-20,0.07,0.0,0.0,0.07,0.07555555555555557,0.07,0.07
2021-04-21,0.07,0.0,0.0,0.07,0.07533333333333334,0.07,0.07
2021-04-22,0.07,0.0,0.0,0.07,0.07511111111111111,0.07,0.07
2021-04-23,0.07,0.0,0.0,0.07,0.0748888888888889,0.07,0.07
2021-04-24,0.07,0.0,0.0,0.07,0.07466666666666666,0.07,0.07
2021-04-25,0.07,0.0,0.0,0.07,0.07444444444444445,0.07,0.07
2021-04-26,0.07,0.0,0.0,0.07,0.07422222222222223,0.07,0.07
2021-04-27,0.07,0.0,0.0,0.07,0.074,0.07,0.07
2021-04-28,0.07,0.0,0.0,0.07,0.07377777777777779,0.07,0.07
2021-04-29,0.07,0.0,0.0,0.07,0.07355555555555557,0.07,0.07
2021-04-30,0.07,0.0,0.0,0.07,0.07333333333333333,0.07,0.07
2021-05-01,0.06,-0.010000000000000009,-0.14285714285714302,0.06966666666666668,0.07300000000000001,0.07,0.07
2021-05-02,0.06,0.0,0.0,0.06933333333333333,0.07277777777777777,0.07,0.07
2021-05-03,0.06,0.0,0.0,0.069,0.07255555555555555,0.07,0.07
2021-05-04,0.06,0.0,0.0,0.06866666666666668,0.07233333333333333,0.07,0.07
2021-05-05,0.06,0.0,0.0,0.06833333333333334,0.07211111111111113,0.07,0.07
2021-05-06,0.06,0.0,0.0,0.068,0.07188888888888889,0.07,0.07
2021-05-07,0.06,0.0,0.0,0.06766666666666668,0.07166666666666668,0.07,0.07
2021-05-08,0.06,0.0,0.0,0.06733333333333333,0.07144444444444445,0.06,0.07
2021-05-09,0.06,0.0,0.0,0.067,0.07122222222222223,0.06,0.07
2021-05-10,0.06,0.0,0.0,0.06666666666666667,0.07100000000000001,0.06,0.07
2021-05-11,0.06,0.0,0.0,0.06633333333333333,0.07077777777777777,0.06,0.07
2021-05-12,0.06,0.0,0.0,0.066,0.07055555555555557,0.06,0.07
2021-05-13,0.06,0.0,0.0,0.06566666666666668,0.07033333333333333,0.06,0.07
2021-05-14,0.06,0.0,0.0,0.06533333333333334,0.07011111111111111,0.06,0.07
2021-05-15,0.06,0.0,0.0,0.065,0.06988888888888889,0.06,0.07
2021-05-16,0.06,0.0,0.0,0.06466666666666666,0.06966666666666667,0.06,0.07
2021-05-17,0.06,0.0,0.0,0.06433333333333334,0.06944444444444445,0.06,0.07
2021-05-18,0.06,0.0,0.0,0.064,0.06922222222222223,0.06,0.07
2021-05-19,0.06,0.0,0.0,0.06366666666666666,0.069,0.06,0.07
2021-05-20,0.06,0.0,0.0,0.06333333333333332,0.06877777777777778,0.06,0.07
2021-05-21,0.06,0.0,0.0,0.063,0.06855555555555556,0.06,0.07
2021-05-22,0.06,0.0,0.0,0.06266666666666668,0.06833333333333334,0.06,0.07
2021-05-23,0.06,0.0,0.0,0.06233333333333333,0.06811111111111112,0.06,0.07
2021-05-24,0.06,0.0,0.0,0.06199999999999999,0.06788888888888889,0.06,0.07
2021-05-25,0.06,0.0,0.0,0.06166666666666667,0.06766666666666667,0.06,0.07
2021-05-26,0.06,0.0,0.0,0.06133333333333334,0.06744444444444445,0.06,0.07
2021-05-27,0.06,0.0,0.0,0.06099999999999999,0.06722222222222222,0.06,0.07
2021-05-28,0.06,0.0,0.0,0.06066666666666666,0.067,0.06,0.07
2021-05-29,0.06,0.0,0.0,0.060333333333333336,0.06677777777777777,0.06,0.07
2021-05-30,0.06,0.0,0.0,0.06,0.06666666666666668,0.06,0.07
2021-05-31,0.06,0.0,0.0,0.06,0.06655555555555556,0.06,0.06
2021-06-01,0.08,0.020000000000000004,0.3333333333333335,0.06066666666666666,0.06666666666666667,0.06,0.06
2021-06-02,0.08,0.0,0.0,0.06133333333333334,0.06677777777777778,0.06,0.06
2021-06-03,0.08,0.0,0.0,0.06199999999999999,0.0668888888888889,0.06,0.06
2021-06-04,0.08,0.0,0.0,0.06266666666666666,0.067,0.06,0.06
2021-06-05,0.08,0.0,0.0,0.06333333333333332,0.06711111111111112,0.06,0.06
2021-06-06,0.08,0.0,0.0,0.064,0.06722222222222222,0.06,0.06
2021-06-07,0.08,0.0,0.0,0.06466666666666666,0.06733333333333334,0.06,0.06
2021-06-08,0.08,0.0,0.0,0.06533333333333333,0.06744444444444445,0.08,0.06
2021-06-09,0.08,0.0,0.0,0.066,0.06755555555555556,0.08,0.06
2021-06-10,0.08,0.0,0.0,0.06666666666666667,0.06766666666666667,0.08,0.06
2021-06-11,0.08,0.0,0.0,0.06733333333333333,0.06777777777777777,0.08,0.06
2021-06-12,0.08,0.0,0.0,0.068,0.06788888888888889,0.08,0.06
2021-06-13,0.08,0.0,0.0,0.06866666666666667,0.068,0.08,0.06
2021-06-14,0.08,0.0,0.0,0.06933333333333332,0.06811111111111111,0.08,0.06
2021-06-15,0.08,0.0,0.0,0.06999999999999999,0.06822222222222223,0.08,0.06
2021-06-16,0.08,0.0,0.0,0.07066666666666667,0.06833333333333334,0.08,0.06
2021-06-17,0.08,0.0,0.0,0.07133333333333333,0.06844444444444445,0.08,0.06
2021-06-18,0.08,0.0,0.0,0.07200000000000001,0.06855555555555556,0.08,0.06
2021-06-19,0.08,0.0,0.0,0.07266666666666667,0.06866666666666667,0.08,0.06
2021-06-20,0.08,0.0,0.0,0.07333333333333333,0.06877777777777778,0.08,0.06
2021-06-21,0.08,0.0,0.0,0.074,0.06888888888888889,0.08,0.06
2021-06-22,0.08,0.0,0.0,0.07466666666666666,0.069,0.08,0.06
2021-06-23,0.08,0.0,0.0,0.07533333333333332,0.06911111111111111,0.08,0.06
2021-06-24,0.08,0.0,0.0,0.07600000000000001,0.06922222222222223,0.08,0.06
2021-06-25,0.08,0.0,0.0,0.07666666666666667,0.06933333333333333,0.08,0.06
2021-06-26,0.08,0.0,0.0,0.07733333333333334,0.06944444444444445,0.08,0.06
2021-06-27,0.08,0.0,0.0,0.078,0.06955555555555555,0.08,0.06
2021-06-28,0.08,0.0,0.0,0.07866666666666666,0.06966666666666667,0.08,0.06
2021-06-29,0.08,0.0,0.0,0.07933333333333333,0.06977777777777779,0.08,0.06
2021-06-30,0.08,0.0,0.0,0.08,0.06988888888888889,0.08,0.06
2021-07-01,0.1,0.020000000000000004,0.25,0.08066666666666668,0.07022222222222223,0.08,0.08
2021-07-02,0.1,0.0,0.0,0.08133333333333334,0.07055555555555557,0.08,0.08
2021-07-03,0.1,0.0,0.0,0.082,0.07088888888888889,0.08,0.08
2021-07-04,0.1,0.0,0.0,0.08266666666666667,0.07122222222222223,0.08,0.08
2021-07-05,0.1,0.0,0.0,0.08333333333333333,0.07155555555555557,0.08,0.08
2021-07-06,0.1,0.0,0.0,0.084,0.07188888888888889,0.08,0.08
2021-07-07,0.1,0.0,0.0,0.08466666666666667,0.07222222222222223,0.08,0.08
2021-07-08,0.1,0.0,0.0,0.08533333333333333,0.07255555555555555,0.1,0.08
2021-07-09,0.1,0.0,0.0,0.08600000000000001,0.07288888888888888,0.1,0.08
2021-07-10,0.1,0.0,0.0,0.08666666666666667,0.07322222222222223,0.1,0.08
2021-07-11,0.1,0.0,0.0,0.08733333333333333,0.07355555555555555,0.1,0.08
2021-07-12,0.1,0.0,0.0,0.08800000000000001,0.07388888888888889,0.1,0.08
2021-07-13,0.1,0.0,0.0,0.08866666666666667,0.07422222222222222,0.1,0.08
2021-07-14,0.1,0.0,0.0,0.08933333333333333,0.07455555555555556,0.1,0.08
2021-07-15,0.1,0.0,0.0,0.09000000000000001,0.0748888888888889,0.1,0.08
2021-07-16,0.1,0.0,0.0,0.09066666666666667,0.07522222222222222,0.1,0.08
2021-07-17,0.1,0.0,0.0,0.09133333333333334,0.07555555555555557,0.1,0.08
2021-07-18,0.1,0.0,0.0,0.09200000000000001,0.0758888888888889,0.1,0.08
2021-07-19,0.1,0.0,0.0,0.09266666666666666,0.07622222222222222,0.1,0.08
2021-07-20,0.1,0.0,0.0,0.09333333333333332,0.07655555555555556,0.1,0.08
2021-07-21,0.1,0.0,0.0,0.09400000000000001,0.07688888888888888,0.1,0.08
2021-07-22,0.1,0.0,0.0,0.09466666666666668,0.07722222222222222,0.1,0.08
2021-07-23,0.1,0.0,0.0,0.09533333333333334,0.07755555555555556,0.1,0.08
2021-07-24,0.1,0.0,0.0,0.096,0.07788888888888888,0.1,0.08
2021-07-25,0.1,0.0,0.0,0.09666666666666666,0.07822222222222222,0.1,0.08
2021-07-26,0.1,0.0,0.0,0.09733333333333333,0.07855555555555556,0.1,0.08
2021-07-27,0.1,0.0,0.0,0.09800000000000002,0.0788888888888889,0.1,0.08
2021-07-28,0.1,0.0,0.0,0.09866666666666668,0.07922222222222222,0.1,0.08
2021-07-29,0.1,0.0,0.0,0.09933333333333334,0.07955555555555556,0.1,0.08
2021-07-30,0.1,0.0,0.0,0.1,0.08,0.1,0.08
2021-07-31,0.1,0.0,0.0,0.1,0.08044444444444444,0.1,0.1
2021-08-01,0.09,-0.010000000000000009,-0.10000000000000009,0.09966666666666665,0.08077777777777777,0.1,0.1
2021-08-02,0.09,0.0,0.0,0.09933333333333334,0.08111111111111112,0.1,0.1
2021-08-03,0.09,0.0,0.0,0.099,0.08144444444444444,0.1,0.1
2021-08-04,0.09,0.0,0.0,0.09866666666666667,0.08177777777777778,0.1,0.1
2021-08-05,0.09,0.0,0.0,0.09833333333333334,0.08211111111111111,0.1,0.1
2021-08-06,0.09,0.0,0.0,0.098,0.08244444444444445,0.1,0.1
2021-08-07,0.09,0.0,0.0,0.09766666666666667,0.08277777777777778,0.1,0.1
2021-08-08,0.09,0.0,0.0,0.09733333333333334,0.08311111111111112,0.09,0.1
2021-08-09,0.09,0.0,0.0,0.097,0.08344444444444445,0.09,0.1
2021-08-10,0.09,0.0,0.0,0.09666666666666666,0.08377777777777778,0.09,0.1
2021-08-11,0.09,0.0,0.0,0.09633333333333334,0.08411111111111111,0.09,0.1
2021-08-12,0.09,0.0,0.0,0.096,0.08444444444444445,0.09,0.1
2021-08-13,0.09,0.0,0.0,0.09566666666666666,0.08477777777777777,0.09,0.1
2021-08-14,0.09,0.0,0.0,0.09533333333333334,0.08511111111111111,0.09,0.1
2021-08-15,0.09,0.0,0.0,0.095,0.08544444444444445,0.09,0.1
2021-08-16,0.09,0.0,0.0,0.09466666666666666,0.08577777777777779,0.09,0.1
2021-08-17,0.09,0.0,0.0,0.09433333333333332,0.08611111111111111,0.09,0.1
2021-08-18,0.09,0.0,0.0,0.09400000000000001,0.08644444444444445,0.09,0.1
2021-08-19,0.09,0.0,0.0,0.09366666666666666,0.08677777777777777,0.09,0.1
2021-08-20,0.09,0.0,0.0,0.09333333333333332,0.08711111111111111,0.09,0.1
2021-08-21,0.09,0.0,0.0,0.093,0.08744444444444445,0.09,0.1
2021-08-22,0.09,0.0,0.0,0.09266666666666666,0.08777777777777779,0.09,0.1
2021-08-23,0.09,0.0,0.0,0.09233333333333334,0.08811111111111111,0.09,0.1
2021-08-24,0.09,0.0,0.0,0.09200000000000001,0.08844444444444445,0.09,0.1
2021-08-25,0.09,0.0,0.0,0.09166666666666666,0.08877777777777777,0.09,0.1
2021-08-26,0.09,0.0,0.0,0.09133333333333332,0.08911111111111111,0.09,0.1
2021-08-27,0.09,0.0,0.0,0.091,0.08944444444444445,0.09,0.1
2021-08-28,0.09,0.0,0.0,0.09066666666666666,0.08977777777777778,0.09,0.1
2021-08-29,0.09,0.0,0.0,0.09033333333333333,0.0901111111111111,0.09,0.1
2021-08-30,0.09,0.0,0.0,0.09,0.09022222222222223,0.09,0.1
2021-08-31,0.09,0.0,0.0,0.09,0.09033333333333335,0.09,0.09
2021-09-01,0.08,-0.009999999999999995,-0.11111111111111105,0.08966666666666666,0.09033333333333335,0.09,0.09
2021-09-02,0.08,0.0,0.0,0.08933333333333333,0.09033333333333335,0.09,0.09
2021-09-03,0.08,0.0,0.0,0.089,0.09033333333333335,0.09,0.09
2021-09-04,0.08,0.0,0.0,0.08866666666666666,0.09033333333333335,0.09,0.09
2021-09-05,0.08,0.0,0.0,0.08833333333333333,0.09033333333333335,0.09,0.09
2021-09-06,0.08,0.0,0.0,0.08800000000000001,0.09033333333333335,0.09,0.09
2021-09-07,0.08,0.0,0.0,0.08766666666666666,0.09033333333333335,0.09,0.09
2021-09-08,0.08,0.0,0.0,0.08733333333333333,0.09033333333333335,0.08,0.09
2021-09-09,0.08,0.0,0.0,0.087,0.09033333333333335,0.08,0.09
2021-09-10,0.08,0.0,0.0,0.08666666666666666,0.09033333333333335,0.08,0.09
2021-09-11,0.08,0.0,0.0,0.08633333333333333,0.09033333333333335,0.08,0.09
2021-09-12,0.08,0.0,0.0,0.08600000000000001,0.09033333333333335,0.08,0.09
2021-09-13,0.08,0.0,0.0,0.08566666666666665,0.09033333333333335,0.08,0.09
2021-09-14,0.08,0.0,0.0,0.08533333333333333,0.09033333333333335,0.08,0.09
2021-09-15,0.08,0.0,0.0,0.08499999999999999,0.09033333333333332,0.08,0.09
2021-09-16,0.08,0.0,0.0,0.08466666666666667,0.09033333333333332,0.08,0.09
2021-09-17,0.08,0.0,0.0,0.08433333333333333,0.09033333333333332,0.08,0.09
2021-09-18,0.08,0.0,0.0,0.084,0.09033333333333332,0.08,0.09
2021-09-19,0.08,0.0,0.0,0.08366666666666668,0.09033333333333332,0.08,0.09
2021-09-20,0.08,0.0,0.0,0.08333333333333333,0.09033333333333332,0.08,0.09
2021-09-21,0.08,0.0,0.0,0.083,0.09033333333333332,0.08,0.09
2021-09-22,0.08,0.0,0.0,0.08266666666666667,0.09033333333333332,0.08,0.09
2021-09-23,0.08,0.0,0.0,0.08233333333333333,0.09033333333333332,0.08,0.09
2021-09-24,0.08,0.0,0.0,0.082,0.09033333333333332,0.08,0.09
2021-09-25,0.08,0.0,0.0,0.08166666666666668,0.09033333333333335,0.08,0.09
2021-09-26,0.08,0.0,0.0,0.08133333333333333,0.09033333333333335,0.08,0.09
2021-09-27,0.08,0.0,0.0,0.081,0.09033333333333335,0.08,0.09
2021-09-28,0.08,0.0,0.0,0.08066666666666666,0.09033333333333335,0.08,0.09
2021-09-29,0.08,0.0,0.0,0.08033333333333333,0.0901111111111111,0.08,0.09
2021-09-30,0.08,0.0,0.0,0.08,0.0898888888888889,0.08,0.09
2021-10-01,0.08,0.0,0.0,0.08,0.08966666666666667,0.08,0.08
2021-10-02,0.08,0.0,0.0,0.08,0.08944444444444445,0.08,0.08
2021-10-03,0.08,0.0,0.0,0.08,0.08922222222222222,0.08,0.08
2021-10-04,0.08,0.0,0.0,0.08,0.089,0.08,0.08
2021-10-05,0.08,0.0,0.0,0.08,0.08877777777777777,0.08,0.08
2021-10-06,0.08,0.0,0.0,0.08,0.08855555555555555,0.08,0.08
2021-10-07,0.08,0.0,0.0,0.08,0.08833333333333333,0.08,0.08
2021-10-08,0.08,0.0,0.0,0.08,0.08811111111111111,0.08,0.08
2021-10-09,0.08,0.0,0.0,0.08,0.08788888888888889,0.08,0.08
2021-10-10,0.08,0.0,0.0,0.08,0.08766666666666666,0.08,0.08
2021-10-11,0.08,0.0,0.0,0.08,0.08744444444444445,0.08,0.08
2021-10-12,0.08,0.0,0.0,0.08,0.08722222222222223,0.08,0.08
2021-10-13,0.08,0.0,0.0,0.08,0.087,0.08,0.08
2021-10-14,0.08,0.0,0.0,0.08,0.08677777777777779,0.08,0.08
2021-10-15,0.08,0.0,0.0,0.08,0.08655555555555555,0.08,0.08
2021-10-16,0.08,0.0,0.0,0.08,0.08633333333333335,0.08,0.08
2021-10-17,0.08,0.0,0.0,0.08,0.08611111111111111,0.08,0.08
2021-10-18,0.08,0.0,0.0,0.08,0.08588888888888889,0.08,0.08
2021-10-19,0.08,0.0,0.0,0.08,0.08566666666666667,0.08,0.08
2021-10-20,0.08,0.0,0.0,0.08,0.08544444444444443,0.08,0.08
2021-10-21,0.08,0.0,0.0,0.08,0.08522222222222223,0.08,0.08
2021-10-22,0.08,0.0,0.0,0.08,0.085,0.08,0.08
2021-10-23,0.08,0.0,0.0,0.08,0.08477777777777777,0.08,0.08
2021-10-24,0.08,0.0,0.0,0.08,0.08455555555555556,0.08,0.08
2021-10-25,0.08,0.0,0.0,0.08,0.08433333333333333,0.08,0.08
2021-10-26,0.08,0.0,0.0,0.08,0.08411111111111111,0.08,0.08
2021-10-27,0.08,0.0,0.0,0.08,0.08388888888888889,0.08,0.08
2021-10-28,0.08,0.0,0.0,0.08,0.08366666666666667,0.08,0.08
2021-10-29,0.08,0.0,0.0,0.08,0.08344444444444445,0.08,0.08
2021-10-30,0.08,0.0,0.0,0.08,0.08333333333333333,0.08,0.08
2021-10-31,0.08,0.0,0.0,0.08,0.08322222222222221,0.08,0.08
2021-11-01,0.08,0.0,0.0,0.08,0.08311111111111111,0.08,0.08
2021-11-02,0.08,0.0,0.0,0.08,0.08299999999999999,0.08,0.08
2021-11-03,0.08,0.0,0.0,0.08,0.08288888888888889,0.08,0.08
2021-11-04,0.08,0.0,0.0,0.08,0.08277777777777778,0.08,0.08
2021-11-05,0.08,0.0,0.0,0.08,0.08266666666666667,0.08,0.08
2021-11-06,0.08,0.0,0.0,0.08,0.08255555555555555,0.08,0.08
2021-11-07,0.08,0.0,0.0,0.08,0.08244444444444445,0.08,0.08
2021-11-08,0.08,0.0,0.0,0.08,0.08233333333333334,0.08,0.08
2021-11-09,0.08,0.0,0.0,0.08,0.08222222222222222,0.08,0.08
2021-11-10,0.08,0.0,0.0,0.08,0.08211111111111112,0.08,0.08
2021-11-11,0.08,0.0,0.0,0.08,0.082,0.08,0.08
2021-11-12,0.08,0.0,0.0,0.08,0.08188888888888889,0.08,0.08
2021-11-13,0.08,0.0,0.0,0.08,0.08177777777777777,0.08,0.08
2021-11-14,0.08,0.0,0.0,0.08,0.08166666666666667,0.08,0.08
2021-11-15,0.08,0.0,0.0,0.08,0.08155555555555555,0.08,0.08
2021-11-16,0.08,0.0,0.0,0.08,0.08144444444444444,0.08,0.08
2021-11-17,0.08,0.0,0.0,0.08,0.08133333333333334,0.08,0.08
2021-11-18,0.08,0.0,0.0,0.08,0.08122222222222222,0.08,0.08
2021-11-19,0.08,0.0,0.0,0.08,0.0811111111111111,0.08,0.08
2021-11-20,0.08,0.0,0.0,0.08,0.081,0.08,0.08
2021-11-21,0.08,0.0,0.0,0.08,0.08088888888888889,0.08,0.08
2021-11-22,0.08,0.0,0.0,0.08,0.08077777777777778,0.08,0.08
2021-11-23,0.08,0.0,0.0,0.08,0.08066666666666668,0.08,0.08
2021-11-24,0.08,0.0,0.0,0.08,0.08055555555555556,0.08,0.08
2021-11-25,0.08,0.0,0.0,0.08,0.08044444444444444,0.08,0.08
2021-11-26,0.08,0.0,0.0,0.08,0.08033333333333333,0.08,0.08
2021-11-27,0.08,0.0,0.0,0.08,0.08022222222222222,0.08,0.08
2021-11-28,0.08,0.0,0.0,0.08,0.0801111111111111,0.08,0.08
2021-11-29,0.08,0.0,0.0,0.08,0.08,0.08,0.08
2021-11-30,0.08,0.0,0.0,0.08,0.08,0.08,0.08
2021-12-01,0.08,0.0,0.0,0.08,0.08,0.08,0.08
2021-12-02,0.08,0.0,0.0,0.08,0.08,0.08,0.08
2021-12-03,0.08,0.0,0.0,0.08,0.08,0.08,0.08
2021-12-04,0.08,0.0,0.0,0.08,0.08,0.08,0.08
2021-12-05,0.08,0.0,0.0,0.08,0.08,0.08,0.08
2021-12-06,0.08,0.0,0.0,0.08,0.08,0.08,0.08
2021-12-07,0.08,0.0,0.0,0.08,0.08,0.08,0.08
2021-12-08,0.08,0.0,0.0,0.08,0.08,0.08,0.08
2021-12-09,0.08,0.0,0.0,0.08,0.08,0.08,0.08
2021-12-10,0.08,0.0,0.0,0.08,0.08,0.08,0.08
2021-12-11,0.08,0.0,0.0,0.08,0.08,0.08,0.08
2021-12-12,0.08,0.0,0.0,0.08,0.08,0.08,0.08
2021-12-13,0.08,0.0,0.0,0.08,0.08,0.08,0.08
2021-12-14,0.08,0.0,0.0,0.08,0.08,0.08,0.08
2021-12-15,0.08,0.0,0.0,0.08,0.08,0.08,0.08
2021-12-16,0.08,0.0,0.0,0.08,0.08,0.08,0.08
2021-12-17,0.08,0.0,0.0,0.08,0.08,0.08,0.08
2021-12-18,0.08,0.0,0.0,0.08,0.08,0.08,0.08
2021-12-19,0.08,0.0,0.0,0.08,0.08,0.08,0.08
2021-12-20,0.08,0.0,0.0,0.08,0.08,0.08,0.08
2021-12-21,0.08,0.0,0.0,0.08,0.08,0.08,0.08
2021-12-22,0.08,0.0,0.0,0.08,0.08,0.08,0.08
2021-12-23,0.08,0.0,0.0,0.08,0.08,0.08,0.08
2021-12-24,0.08,0.0,0.0,0.08,0.08,0.08,0.08
2021-12-25,0.08,0.0,0.0,0.08,0.08,0.08,0.08
2021-12-26,0.08,0.0,0.0,0.08,0.08,0.08,0.08
2021-12-27,0.08,0.0,0.0,0.08,0.08,0.08,0.08
2021-12-28,0.08,0.0,0.0,0.08,0.08,0.08,0.08
2021-12-29,0.08,0.0,0.0,0.08,0.08,0.08,0.08
2021-12-30,0.08,0.0,0.0,0.08,0.08,0.08,0.08
2021-12-31,0.08,0.0,0.0,0.08,0.08,0.08,0.08
2022-01-01,0.08,0.0,0.0,0.08,0.08,0.08,0.08
2022-01-02,0.08,0.0,0.0,0.08,0.08,0.08,0.08
2022-01-03,0.08,0.0,0.0,0.08,0.08,0.08,0.08
2022-01-04,0.08,0.0,0.0,0.08,0.08,0.08,0.08
2022-01-05,0.08,0.0,0.0,0.08,0.08,0.08,0.08
2022-01-06,0.08,0.0,0.0,0.08,0.08,0.08,0.08
2022-01-07,0.08,0.0,0.0,0.08,0.08,0.08,0.08
2022-01-08,0.08,0.0,0.0,0.08,0.08,0.08,0.08
2022-01-09,0.08,0.0,0.0,0.08,0.08,0.08,0.08
2022-01-10,0.08,0.0,0.0,0.08,0.08,0.08,0.08
2022-01-11,0.08,0.0,0.0,0.08,0.08,0.08,0.08
2022-01-12,0.08,0.0,0.0,0.08,0.08,0.08,0.08
2022-01-13,0.08,0.0,0.0,0.08,0.08,0.08,0.08
2022-01-14,0.08,0.0,0.0,0.08,0.08,0.08,0.08
2022-01-15,0.08,0.0,0.0,0.08,0.08,0.08,0.08
2022-01-16,0.08,0.0,0.0,0.08,0.08,0.08,0.08
2022-01-17,0.08,0.0,0.0,0.08,0.08,0.08,0.08
2022-01-18,0.08,0.0,0.0,0.08,0.08,0.08,0.08
2022-01-19,0.08,0.0,0.0,0.08,0.08,0.08,0.08
2022-01-20,0.08,0.0,0.0,0.08,0.08,0.08,0.08
2022-01-21,0.08,0.0,0.0,0.08,0.08,0.08,0.08
2022-01-22,0.08,0.0,0.0,0.08,0.08,0.08,0.08
2022-01-23,0.08,0.0,0.0,0.08,0.08,0.08,0.08
2022-01-24,0.08,0.0,0.0,0.08,0.08,0.08,0.08
2022-01-25,0.08,0.0,0.0,0.08,0.08,0.08,0.08
2022-01-26,0.08,0.0,0.0,0.08,0.08,0.08,0.08
2022-01-27,0.08,0.0,0.0,0.08,0.08,0.08,0.08
2022-01-28,0.08,0.0,0.0,0.08,0.08,0.08,0.08
2022-01-29,0.08,0.0,0.0,0.08,0.08,0.08,0.08
2022-01-30,0.08,0.0,0.0,0.08,0.08,0.08,0.08
2022-01-31,0.08,0.0,0.0,0.08,0.08,0.08,0.08
2022-02-01,0.08,0.0,0.0,0.08,0.08,0.08,0.08
2022-02-02,0.08,0.0,0.0,0.08,0.08,0.08,0.08
2022-02-03,0.08,0.0,0.0,0.08,0.08,0.08,0.08
2022-02-04,0.08,0.0,0.0,0.08,0.08,0.08,0.08
2022-02-05,0.08,0.0,0.0,0.08,0.08,0.08,0.08
2022-02-06,0.08,0.0,0.0,0.08,0.08,0.08,0.08
2022-02-07,0.08,0.0,0.0,0.08,0.08,0.08,0.08
2022-02-08,0.08,0.0,0.0,0.08,0.08,0.08,0.08
2022-02-09,0.08,0.0,0.0,0.08,0.08,0.08,0.08
2022-02-10,0.08,0.0,0.0,0.08,0.08,0.08,0.08
2022-02-11,0.08,0.0,0.0,0.08,0.08,0.08,0.08
2022-02-12,0.08,0.0,0.0,0.08,0.08,0.08,0.08
2022-02-13,0.08,0.0,0.0,0.08,0.08,0.08,0.08
2022-02-14,0.08,0.0,0.0,0.08,0.08,0.08,0.08
2022-02-15,0.08,0.0,0.0,0.08,0.08,0.08,0.08
2022-02-16,0.08,0.0,0.0,0.08,0.08,0.08,0.08
2022-02-17,0.08,0.0,0.0,0.08,0.08,0.08,0.08
2022-02-18,0.08,0.0,0.0,0.08,0.08,0.08,0.08
2022-02-19,0.08,0.0,0.0,0.08,0.08,0.08,0.08
2022-02-20,0.08,0.0,0.0,0.08,0.08,0.08,0.08
2022-02-21,0.08,0.0,0.0,0.08,0.08,0.08,0.08
2022-02-22,0.08,0.0,0.0,0.08,0.08,0.08,0.08
2022-02-23,0.08,0.0,0.0,0.08,0.08,0.08,0.08
2022-02-24,0.08,0.0,0.0,0.08,0.08,0.08,0.08
2022-02-25,0.08,0.0,0.0,0.08,0.08,0.08,0.08
2022-02-26,0.08,0.0,0.0,0.08,0.08,0.08,0.08
2022-02-27,0.08,0.0,0.0,0.08,0.08,0.08,0.08
2022-02-28,0.08,0.0,0.0,0.08,0.08,0.08,0.08
2022-03-01,0.2,0.12000000000000001,1.5,0.084,0.08133333333333334,0.08,0.08
2022-03-02,0.2,0.0,0.0,0.08800000000000001,0.08266666666666667,0.08,0.08
2022-03-03,0.2,0.0,0.0,0.092,0.08399999999999999,0.08,0.08
2022-03-04,0.2,0.0,0.0,0.096,0.08533333333333333,0.08,0.08
2022-03-05,0.2,0.0,0.0,0.10000000000000002,0.08666666666666667,0.08,0.08
2022-03-06,0.2,0.0,0.0,0.10400000000000001,0.088,0.08,0.08
2022-03-07,0.2,0.0,0.0,0.10800000000000001,0.08933333333333332,0.08,0.08
2022-03-08,0.2,0.0,0.0,0.11200000000000002,0.09066666666666667,0.2,0.08
2022-03-09,0.2,0.0,0.0,0.116,0.09200000000000001,0.2,0.08
2022-03-10,0.2,0.0,0.0,0.12000000000000001,0.09333333333333334,0.2,0.08
2022-03-11,0.2,0.0,0.0,0.12399999999999999,0.09466666666666666,0.2,0.08
2022-03-12,0.2,0.0,0.0,0.128,0.096,0.2,0.08
2022-03-13,0.2,0.0,0.0,0.132,0.09733333333333333,0.2,0.08
2022-03-14,0.2,0.0,0.0,0.136,0.09866666666666668,0.2,0.08
2022-03-15,0.2,0.0,0.0,0.14,0.1,0.2,0.08
2022-03-16,0.2,0.0,0.0,0.14400000000000002,0.10133333333333334,0.2,0.08
2022-03-17,0.2,0.0,0.0,0.14800000000000002,0.10266666666666667,0.2,0.08
2022-03-18,0.2,0.0,0.0,0.152,0.104,0.2,0.08
2022-03-19,0.2,0.0,0.0,0.156,0.10533333333333333,0.2,0.08
2022-03-20,0.2,0.0,0.0,0.16,0.10666666666666666,0.2,0.08
2022-03-21,0.2,0.0,0.0,0.16400000000000003,0.10800000000000001,0.2,0.08
2022-03-22,0.2,0.0,0.0,0.16800000000000004,0.10933333333333334,0.2,0.08
2022-03-23,0.2,0.0,0.0,0.17200000000000001,0.11066666666666666,0.2,0.08
2022-03-24,0.2,0.0,0.0,0.17600000000000002,0.112,0.2,0.08
2022-03-25,0.2,0.0,0.0,0.18000000000000002,0.11333333333333333,0.2,0.08
2022-03-26,0.2,0.0,0.0,0.18400000000000002,0.11466666666666667,0.2,0.08
2022-03-27,0.2,0.0,0.0,0.18800000000000003,0.11600000000000002,0.2,0.08
2022-03-28,0.2,0.0,0.0,0.19200000000000003,0.11733333333333335,0.2,0.08
2022-03-29,0.2,0.0,0.0,0.196,0.11866666666666668,0.2,0.08
2022-03-30,0.2,0.0,0.0,0.2,0.12000000000000001,0.2,0.08
2022-03-31,0.2,0.0,0.0,0.2,0.12133333333333335,0.2,0.2
2022-04-01,0.33,0.13,0.6499999999999999,0.20433333333333337,0.12411111111111113,0.2,0.2
2022-04-02,0.33,0.0,0.0,0.2086666666666667,0.1268888888888889,0.2,0.2
2022-04-03,0.33,0.0,0.0,0.21300000000000002,0.12966666666666668,0.2,0.2
2022-04-04,0.33,0.0,0.0,0.21733333333333335,0.13244444444444445,0.2,0.2
2022-04-05,0.33,0.0,0.0,0.22166666666666668,0.13522222222222222,0.2,0.2
2022-04-06,0.33,0.0,0.0,0.22600000000000003,0.138,0.2,0.2
2022-04-07,0.33,0.0,0.0,0.23033333333333333,0.14077777777777778,0.2,0.2
2022-04-08,0.33,0.0,0.0,0.23466666666666666,0.14355555555555555,0.33,0.2
2022-04-09,0.33,0.0,0.0,0.239,0.14633333333333334,0.33,0.2
2022-04-10,0.33,0.0,0.0,0.24333333333333332,0.1491111111111111,0.33,0.2
2022-04-11,0.33,0.0,0.0,0.24766666666666665,0.15188888888888888,0.33,0.2
2022-04-12,0.33,0.0,0.0,0.252,0.15466666666666667,0.33,0.2
2022-04-13,0.33,0.0,0.0,0.25633333333333336,0.15744444444444444,0.33,0.2
2022-04-14,0.33,0.0,0.0,0.26066666666666666,0.1602222222222222,0.33,0.2
2022-04-15,0.33,0.0,0.0,0.265,0.163,0.33,0.2
2022-04-16,0.33,0.0,0.0,0.2693333333333333,0.16577777777777777,0.33,0.2
2022-04-17,0.33,0.0,0.0,0.27366666666666667,0.16855555555555554,0.33,0.2
2022-04-18,0.33,0.0,0.0,0.27799999999999997,0.17133333333333334,0.33,0.2
2022-04-19,0.33,0.0,0.0,0.2823333333333334,0.1741111111111111,0.33,0.2
2022-04-20,0.33,0.0,0.0,0.28666666666666674,0.1768888888888889,0.33,0.2
2022-04-21,0.33,0.0,0.0,0.29100000000000004,0.17966666666666664,0.33,0.2
2022-04-22,0.33,0.0,0.0,0.2953333333333334,0.18244444444444446,0.33,0.2
2022-04-23,0.33,0.0,0.0,0.2996666666666667,0.1852222222222222,0.33,0.2
2022-04-24,0.33,0.0,0.0,0.30400000000000005,0.18800000000000003,0.33,0.2
2022-04-25,0.33,0.0,0.0,0.3083333333333334,0.19077777777777777,0.33,0.2
2022-04-26,0.33,0.0,0.0,0.3126666666666667,0.19355555555555556,0.33,0.2
2022-04-27,0.33,0.0,0.0,0.31700000000000006,0.1963333333333333,0.33,0.2
2022-04-28,0.33,0.0,0.0,0.32133333333333336,0.19911111111111113,0.33,0.2
2022-04-29,0.33,0.0,0.0,0.3256666666666667,0.20188888888888887,0.33,0.2
2022-04-30,0.33,0.0,0.0,0.33,0.2046666666666667,0.33,0.2
2022-05-01,0.77,0.44,1.3333333333333335,0.34466666666666673,0.21233333333333332,0.33,0.33
2022-05-02,0.77,0.0,0.0,0.3593333333333334,0.22,0.33,0.33
2022-05-03,0.77,0.0,0.0,0.374,0.22766666666666666,0.33,0.33
2022-05-04,0.77,0.0,0.0,0.38866666666666666,0.23533333333333334,0.33,0.33
2022-05-05,0.77,0.0,0.0,0.4033333333333334,0.24300000000000002,0.33,0.33
2022-05-06,0.77,0.0,0.0,0.41800000000000004,0.2506666666666667,0.33,0.33
2022-05-07,0.77,0.0,0.0,0.4326666666666667,0.25833333333333336,0.33,0.33
2022-05-08,0.77,0.0,0.0,0.4473333333333334,0.266,0.77,0.33
2022-05-09,0.77,0.0,0.0,0.462,0.27366666666666667,0.77,0.33
2022-05-10,0.77,0.0,0.0,0.4766666666666667,0.2813333333333333,0.77,0.33
2022-05-11,0.77,0.0,0.0,0.49133333333333334,0.28900000000000003,0.77,0.33
2022-05-12,0.77,0.0,0.0,0.506,0.29666666666666663,0.77,0.33
2022-05-13,0.77,0.0,0.0,0.5206666666666667,0.30433333333333334,0.77,0.33
2022-05-14,0.77,0.0,0.0,0.5353333333333334,0.312,0.77,0.33
2022-05-15,0.77,0.0,0.0,0.55,0.3196666666666667,0.77,0.33
2022-05-16,0.77,0.0,0.0,0.5646666666666668,0.32733333333333337,0.77,0.33
2022-05-17,0.77,0.0,0.0,0.5793333333333333,0.335,0.77,0.33
2022-05-18,0.77,0.0,0.0,0.594,0.3426666666666667,0.77,0.33
2022-05-19,0.77,0.0,0.0,0.6086666666666667,0.35033333333333333,0.77,0.33
2022-05-20,0.77,0.0,0.0,0.6233333333333334,0.358,0.77,0.33
2022-05-21,0.77,0.0,0.0,0.638,0.3656666666666667,0.77,0.33
2022-05-22,0.77,0.0,0.0,0.6526666666666667,0.37333333333333335,0.77,0.33
2022-05-23,0.77,0.0,0.0,0.6673333333333333,0.381,0.77,0.33
2022-05-24,0.77,0.0,0.0,0.682,0.3886666666666666,0.77,0.33
2022-05-25,0.77,0.0,0.0,0.6966666666666667,0.39633333333333337,0.77,0.33
2022-05-26,0.77,0.0,0.0,0.7113333333333335,0.4040000000000001,0.77,0.33
2022-05-27,0.77,0.0,0.0,0.7260000000000001,0.4116666666666666,0.77,0.33
2022-05-28,0.77,0.0,0.0,0.7406666666666667,0.41933333333333334,0.77,0.33
2022-05-29,0.77,0.0,0.0,0.7553333333333333,0.427,0.77,0.33
2022-05-30,0.77,0.0,0.0,0.77,0.43333333333333335,0.77,0.33
2022-05-31,0.77,0.0,0.0,0.77,0.43966666666666665,0.77,0.77
2022-06-01,1.21,0.43999999999999995,0.5714285714285714,0.7846666666666666,0.4508888888888889,0.77,0.77
2022-06-02,1.21,0.0,0.0,0.7993333333333333,0.46211111111111114,0.77,0.77
2022-06-03,1.21,0.0,0.0,0.814,0.47333333333333333,0.77,0.77
2022-06-04,1.21,0.0,0.0,0.8286666666666667,0.4845555555555556,0.77,0.77
2022-06-05,1.21,0.0,0.0,0.8433333333333334,0.4957777777777778,0.77,0.77
2022-06-06,1.21,0.0,0.0,0.8580000000000001,0.507,0.77,0.77
2022-06-07,1.21,0.0,0.0,0.8726666666666667,0.5182222222222223,0.77,0.77
2022-06-08,1.21,0.0,0.0,0.8873333333333334,0.5294444444444444,1.21,0.77
2022-06-09,1.21,0.0,0.0,0.902,0.5406666666666666,1.21,0.77
2022-06-10,1.21,0.0,0.0,0.9166666666666666,0.5518888888888889,1.21,0.77
2022-06-11,1.21,0.0,0.0,0.9313333333333332,0.5631111111111111,1.21,0.77
2022-06-12,1.21,0.0,0.0,0.946,0.5743333333333334,1.21,0.77
2022-06-13,1.21,0.0,0.0,0.9606666666666667,0.5855555555555556,1.21,0.77
2022-06-14,1.21,0.0,0.0,0.9753333333333334,0.5967777777777777,1.21,0.77
2022-06-15,1.21,0.0,0.0,0.99,0.608,1.21,0.77
2022-06-16,1.21,0.0,0.0,1.0046666666666666,0.6192222222222222,1.21,0.77
2022-06-17,1.21,0.0,0.0,1.0193333333333332,0.6304444444444445,1.21,0.77
2022-06-18,1.21,0.0,0.0,1.034,0.6416666666666667,1.21,0.77
2022-06-19,1.21,0.0,0.0,1.0486666666666666,0.6528888888888889,1.21,0.77
2022-06-20,1.21,0.0,0.0,1.0633333333333332,0.6641111111111111,1.21,0.77
2022-06-21,1.21,0.0,0.0,1.0779999999999998,0.6753333333333333,1.21,0.77
2022-06-22,1.21,0.0,0.0,1.0926666666666667,0.6865555555555556,1.21,0.77
2022-06-23,1.21,0.0,0.0,1.1073333333333333,0.6977777777777777,1.21,0.77
2022-06-24,1.21,0.0,0.0,1.122,0.709,1.21,0.77
2022-06-25,1.21,0.0,0.0,1.1366666666666665,0.7202222222222223,1.21,0.77
2022-06-26,1.21,0.0,0.0,1.1513333333333333,0.7314444444444445,1.21,0.77
2022-06-27,1.21,0.0,0.0,1.166,0.7426666666666666,1.21,0.77
2022-06-28,1.21,0.0,0.0,1.1806666666666668,0.7538888888888888,1.21,0.77
2022-06-29,1.21,0.0,0.0,1.1953333333333334,0.7651111111111111,1.21,0.77
2022-06-30,1.21,0.0,0.0,1.21,0.774888888888889,1.21,0.77
2022-07-01,1.68,0.47,0.38842975206611574,1.2256666666666667,0.7898888888888888,1.21,1.21
2022-07-02,1.68,0.0,0.0,1.2413333333333334,0.8048888888888889,1.21,1.21
2022-07-03,1.68,0.0,0.0,1.2570000000000001,0.8198888888888888,1.21,1.21
2022-07-04,1.68,0.0,0.0,1.2726666666666666,0.8348888888888889,1.21,1.21
2022-07-05,1.68,0.0,0.0,1.2883333333333333,0.8498888888888888,1.21,1.21
2022-07-06,1.68,0.0,0.0,1.3039999999999998,0.8648888888888889,1.21,1.21
2022-07-07,1.68,0.0,0.0,1.3196666666666665,0.8798888888888888,1.21,1.21
2022-07-08,1.68,0.0,0.0,1.3353333333333333,0.894888888888889,1.68,1.21
2022-07-09,1.68,0.0,0.0,1.351,0.9098888888888887,1.68,1.21
2022-07-10,1.68,0.0,0.0,1.3666666666666667,0.9248888888888889,1.68,1.21
2022-07-11,1.68,0.0,0.0,1.3823333333333332,0.9398888888888888,1.68,1.21
2022-07-12,1.68,0.0,0.0,1.398,0.9548888888888889,1.68,1.21
2022-07-13,1.68,0.0,0.0,1.4136666666666666,0.9698888888888888,1.68,1.21
2022-07-14,1.68,0.0,0.0,1.4293333333333331,0.9848888888888889,1.68,1.21
2022-07-15,1.68,0.0,0.0,1.4449999999999998,0.9998888888888889,1.68,1.21
2022-07-16,1.68,0.0,0.0,1.4606666666666663,1.014888888888889,1.68,1.21
2022-07-17,1.68,0.0,0.0,1.4763333333333333,1.0298888888888889,1.68,1.21
2022-07-18,1.68,0.0,0.0,1.492,1.0448888888888888,1.68,1.21
2022-07-19,1.68,0.0,0.0,1.5076666666666665,1.0598888888888889,1.68,1.21
2022-07-20,1.68,0.0,0.0,1.5233333333333332,1.0748888888888888,1.68,1.21
2022-07-21,1.68,0.0,0.0,1.539,1.089888888888889,1.68,1.21
2022-07-22,1.68,0.0,0.0,1.5546666666666666,1.1048888888888888,1.68,1.21
2022-07-23,1.68,0.0,0.0,1.5703333333333334,1.119888888888889,1.68,1.21
2022-07-24,1.68,0.0,0.0,1.5859999999999999,1.1348888888888888,1.68,1.21
2022-07-25,1.68,0.0,0.0,1.6016666666666668,1.149888888888889,1.68,1.21
2022-07-26,1.68,0.0,0.0,1.6173333333333335,1.1648888888888889,1.68,1.21
2022-07-27,1.68,0.0,0.0,1.633,1.1798888888888888,1.68,1.21
2022-07-28,1.68,0.0,0.0,1.6486666666666667,1.194888888888889,1.68,1.21
2022-07-29,1.68,0.0,0.0,1.6643333333333332,1.2098888888888888,1.68,1.21
2022-07-30,1.68,0.0,0.0,1.68,1.22,1.68,1.21
2022-07-31,1.68,0.0,0.0,1.68,1.230111111111111,1.68,1.68
2022-08-01,2.33,0.6500000000000001,0.3869047619047621,1.7016666666666667,1.2474444444444444,1.68,1.68
2022-08-02,2.33,0.0,0.0,1.7233333333333332,1.2647777777777778,1.68,1.68
2022-08-03,2.33,0.0,0.0,1.7449999999999999,1.2821111111111112,1.68,1.68
2022-08-04,2.33,0.0,0.0,1.7666666666666666,1.2994444444444444,1.68,1.68
2022-08-05,2.33,0.0,0.0,1.7883333333333333,1.3167777777777776,1.68,1.68
2022-08-06,2.33,0.0,0.0,1.8099999999999998,1.3341111111111112,1.68,1.68
2022-08-07,2.33,0.0,0.0,1.8316666666666668,1.3514444444444444,1.68,1.68
2022-08-08,2.33,0.0,0.0,1.8533333333333333,1.3687777777777776,2.33,1.68
2022-08-09,2.33,0.0,0.0,1.875,1.386111111111111,2.33,1.68
2022-08-10,2.33,0.0,0.0,1.8966666666666667,1.4034444444444445,2.33,1.68
2022-08-11,2.33,0.0,0.0,1.9183333333333332,1.4207777777777777,2.33,1.68
2022-08-12,2.33,0.0,0.0,1.9400000000000002,1.4381111111111111,2.33,1.68
2022-08-13,2.33,0.0,0.0,1.9616666666666667,1.4554444444444443,2.33,1.68
2022-08-14,2.33,0.0,0.0,1.9833333333333334,1.472777777777778,2.33,1.68
2022-08-15,2.33,0.0,0.0,2.0050000000000003,1.490111111111111,2.33,1.68
2022-08-16,2.33,0.0,0.0,2.026666666666667,1.5074444444444444,2.33,1.68
2022-08-17,2.33,0.0,0.0,2.0483333333333333,1.5247777777777776,2.33,1.68
2022-08-18,2.33,0.0,0.0,2.07,1.542111111111111,2.33,1.68
2022-08-19,2.33,0.0,0.0,2.091666666666667,1.5594444444444446,2.33,1.68
2022-08-20,2.33,0.0,0.0,2.1133333333333337,1.5767777777777778,2.33,1.68
2022-08-21,2.33,0.0,0.0,2.135,1.594111111111111,2.33,1.68
2022-08-22,2.33,0.0,0.0,2.1566666666666667,1.6114444444444445,2.33,1.68
2022-08-23,2.33,0.0,0.0,2.1783333333333332,1.6287777777777779,2.33,1.68
2022-08-24,2.33,0.0,0.0,2.2,1.6461111111111109,2.33,1.68
2022-08-25,2.33,0.0,0.0,2.2216666666666667,1.6634444444444445,2.33,1.68
2022-08-26,2.33,0.0,0.0,2.243333333333333,1.680777777777778,2.33,1.68
2022-08-27,2.33,0.0,0.0,2.265,1.698111111111111,2.33,1.68
2022-08-28,2.33,0.0,0.0,2.2866666666666666,1.7154444444444445,2.33,1.68
2022-08-29,2.33,0.0,0.0,2.308333333333333,1.7327777777777778,2.33,1.68
2022-08-30,2.33,0.0,0.0,2.33,1.7452222222222222,2.33,1.68
2022-08-31,2.33,0.0,0.0,2.33,1.7576666666666667,2.33,2.33
2022-09-01,2.56,0.22999999999999998,0.09871244635193133,2.337666666666667,1.7726666666666666,2.33,2.33
2022-09-02,2.56,0.0,0.0,2.3453333333333335,1.7876666666666665,2.33,2.33
2022-09-03,2.56,0.0,0.0,2.353,1.8026666666666669,2.33,2.33
2022-09-04,2.56,0.0,0.0,2.3606666666666665,1.8176666666666668,2.33,2.33
2022-09-05,2.56,0.0,0.0,2.368333333333333,1.8326666666666667,2.33,2.33
2022-09-06,2.56,0.0,0.0,2.376,1.8476666666666666,2.33,2.33
2022-09-07,2.56,0.0,0.0,2.383666666666667,1.862666666666667,2.33,2.33
2022-09-08,2.56,0.0,0.0,2.3913333333333338,1.8776666666666668,2.56,2.33
2022-09-09,2.56,0.0,0.0,2.399,1.8926666666666667,2.56,2.33
2022-09-10,2.56,0.0,0.0,2.4066666666666667,1.907666666666667,2.56,2.33
2022-09-11,2.56,0.0,0.0,2.4143333333333334,1.9226666666666665,2.56,2.33
2022-09-12,2.56,0.0,0.0,2.4219999999999997,1.9376666666666664,2.56,2.33
2022-09-13,2.56,0.0,0.0,2.429666666666667,1.9526666666666666,2.56,2.33
2022-09-14,2.56,0.0,0.0,2.4373333333333336,1.9676666666666667,2.56,2.33
2022-09-15,2.56,0.0,0.0,2.445,1.9826666666666666,2.56,2.33
2022-09-16,2.56,0.0,0.0,2.4526666666666666,1.9976666666666665,2.56,2.33
2022-09-17,2.56,0.0,0.0,2.4603333333333333,2.012666666666667,2.56,2.33
2022-09-18,2.56,0.0,0.0,2.4680000000000004,2.0276666666666667,2.56,2.33
2022-09-19,2.56,0.0,0.0,2.475666666666667,2.042666666666667,2.56,2.33
2022-09-20,2.56,0.0,0.0,2.4833333333333334,2.0576666666666665,2.56,2.33
2022-09-21,2.56,0.0,0.0,2.4909999999999997,2.072666666666667,2.56,2.33
2022-09-22,2.56,0.0,0.0,2.4986666666666664,2.087666666666667,2.56,2.33
2022-09-23,2.56,0.0,0.0,2.506333333333333,2.102666666666667,2.56,2.33
2022-09-24,2.56,0.0,0.0,2.5140000000000002,2.1176666666666666,2.56,2.33
2022-09-25,2.56,0.0,0.0,2.521666666666667,2.1326666666666667,2.56,2.33
2022-09-26,2.56,0.0,0.0,2.5293333333333337,2.1476666666666664,2.56,2.33
2022-09-27,2.56,0.0,0.0,2.5370000000000004,2.1626666666666665,2.56,2.33
2022-09-28,2.56,0.0,0.0,2.544666666666666,2.1776666666666666,2.56,2.33
2022-09-29,2.56,0.0,0.0,2.552333333333333,2.1874444444444445,2.56,2.33
2022-09-30,2.56,0.0,0.0,2.56,2.1972222222222224,2.56,2.33
2022-10-01,3.08,0.52,0.203125,2.5773333333333333,2.2127777777777777,2.56,2.56
2022-10-02,3.08,0.0,0.0,2.594666666666667,2.2283333333333335,2.56,2.56
2022-10-03,3.08,0.0,0.0,2.612,2.2438888888888893,2.56,2.56
2022-10-04,3.08,0.0,0.0,2.6293333333333337,2.2594444444444446,2.56,2.56
2022-10-05,3.08,0.0,0.0,2.646666666666667,2.275,2.56,2.56
2022-10-06,3.08,0.0,0.0,2.664,2.2905555555555557,2.56,2.56
2022-10-07,3.08,0.0,0.0,2.6813333333333333,2.3061111111111114,2.56,2.56
2022-10-08,3.08,0.0,0.0,2.6986666666666665,2.3216666666666663,3.08,2.56
2022-10-09,3.08,0.0,0.0,2.716,2.337222222222222,3.08,2.56
2022-10-10,3.08,0.0,0.0,2.7333333333333334,2.3527777777777783,3.08,2.56
2022-10-11,3.08,0.0,0.0,2.7506666666666666,2.368333333333333,3.08,2.56
2022-10-12,3.08,0.0,0.0,2.7680000000000002,2.383888888888889,3.08,2.56
2022-10-13,3.08,0.0,0.0,2.7853333333333334,2.3994444444444443,3.08,2.56
2022-10-14,3.08,0.0,0.0,2.8026666666666666,2.415,3.08,2.56
2022-10-15,3.08,0.0,0.0,2.8200000000000003,2.4305555555555554,3.08,2.56
2022-10-16,3.08,0.0,0.0,2.8373333333333335,2.446111111111111,3.08,2.56
2022-10-17,3.08,0.0,0.0,2.8546666666666667,2.461666666666667,3.08,2.56
2022-10-18,3.08,0.0,0.0,2.872,2.477222222222222,3.08,2.56
2022-10-19,3.08,0.0,0.0,2.889333333333333,2.492777777777778,3.08,2.56
2022-10-20,3.08,0.0,0.0,2.9066666666666667,2.5083333333333333,3.08,2.56
2022-10-21,3.08,0.0,0.0,2.9240000000000004,2.523888888888889,3.08,2.56
2022-10-22,3.08,0.0,0.0,2.9413333333333336,2.5394444444444444,3.08,2.56
2022-10-23,3.08,0.0,0.0,2.958666666666667,2.555,3.08,2.56
2022-10-24,3.08,0.0,0.0,2.976,2.5705555555555555,3.08,2.56
2022-10-25,3.08,0.0,0.0,2.993333333333333,2.5861111111111112,3.08,2.56
2022-10-26,3.08,0.0,0.0,3.0106666666666664,2.6016666666666666,3.08,2.56
2022-10-27,3.08,0.0,0.0,3.0279999999999996,2.6172222222222223,3.08,2.56
2022-10-28,3.08,0.0,0.0,3.0453333333333337,2.632777777777778,3.08,2.56
2022-10-29,3.08,0.0,0.0,3.062666666666667,2.6483333333333334,3.08,2.56
2022-10-30,3.08,0.0,0.0,3.08,2.6566666666666667,3.08,2.56
2022-10-31,3.08,0.0,0.0,3.08,2.665,3.08,3.08
2022-11-01,3.78,0.6999999999999997,0.22727272727272707,3.1033333333333335,2.681111111111111,3.08,3.08
2022-11-02,3.78,0.0,0.0,3.126666666666667,2.6972222222222224,3.08,3.08
2022-11-03,3.78,0.0,0.0,3.15,2.7133333333333334,3.08,3.08
2022-11-04,3.78,0.0,0.0,3.1733333333333333,2.7294444444444443,3.08,3.08
2022-11-05,3.78,0.0,0.0,3.1966666666666663,2.7455555555555553,3.08,3.08
2022-11-06,3.78,0.0,0.0,3.2199999999999998,2.7616666666666667,3.08,3.08
2022-11-07,3.78,0.0,0.0,3.243333333333333,2.7777777777777777,3.08,3.08
2022-11-08,3.78,0.0,0.0,3.2666666666666666,2.7938888888888886,3.78,3.08
2022-11-09,3.78,0.0,0.0,3.29,2.81,3.78,3.08
2022-11-10,3.78,0.0,0.0,3.3133333333333335,2.826111111111111,3.78,3.08
2022-11-11,3.78,0.0,0.0,3.3366666666666664,2.8422222222222224,3.78,3.08
2022-11-12,3.78,0.0,0.0,3.36,2.8583333333333334,3.78,3.08
2022-11-13,3.78,0.0,0.0,3.3833333333333333,2.8744444444444444,3.78,3.08
2022-11-14,3.78,0.0,0.0,3.4066666666666667,2.8905555555555558,3.78,3.08
2022-11-15,3.78,0.0,0.0,3.43,2.9066666666666663,3.78,3.08
2022-11-16,3.78,0.0,0.0,3.453333333333333,2.9227777777777777,3.78,3.08
2022-11-17,3.78,0.0,0.0,3.4766666666666666,2.938888888888889,3.78,3.08
2022-11-18,3.78,0.0,0.0,3.5,2.955,3.78,3.08
2022-11-19,3.78,0.0,0.0,3.523333333333333,2.971111111111111,3.78,3.08
2022-11-20,3.78,0.0,0.0,3.5466666666666664,2.9872222222222224,3.78,3.08
2022-11-21,3.78,0.0,0.0,3.57,3.0033333333333334,3.78,3.08
2022-11-22,3.78,0.0,0.0,3.5933333333333333,3.0194444444444444,3.78,3.08
2022-11-23,3.78,0.0,0.0,3.6166666666666667,3.0355555555555553,3.78,3.08
2022-11-24,3.78,0.0,0.0,3.64,3.051666666666667,3.78,3.08
2022-11-25,3.78,0.0,0.0,3.6633333333333336,3.0677777777777773,3.78,3.08
2022-11-26,3.78,0.0,0.0,3.6866666666666665,3.083888888888889,3.78,3.08
2022-11-27,3.78,0.0,0.0,3.7099999999999995,3.1,3.78,3.08
2022-11-28,3.78,0.0,0.0,3.733333333333333,3.1161111111111115,3.78,3.08
2022-11-29,3.78,0.0,0.0,3.7566666666666664,3.132222222222222,3.78,3.08
2022-11-30,3.78,0.0,0.0,3.78,3.145777777777778,3.78,3.08
2022-12-01,4.1,0.31999999999999984,0.08465608465608465,3.7906666666666666,3.1628888888888884,3.78,3.78
2022-12-02,4.1,0.0,0.0,3.801333333333333,3.1799999999999997,3.78,3.78
2022-12-03,4.1,0.0,0.0,3.8119999999999994,3.1971111111111106,3.78,3.78
2022-12-04,4.1,0.0,0.0,3.822666666666666,3.2142222222222228,3.78,3.78
2022-12-05,4.1,0.0,0.0,3.8333333333333335,3.231333333333333,3.78,3.78
2022-12-06,4.1,0.0,0.0,3.844,3.2484444444444445,3.78,3.78
2022-12-07,4.1,0.0,0.0,3.8546666666666667,3.2655555555555558,3.78,3.78
2022-12-08,4.1,0.0,0.0,3.865333333333333,3.2826666666666666,4.1,3.78
2022-12-09,4.1,0.0,0.0,3.876,3.299777777777778,4.1,3.78
2022-12-10,4.1,0.0,0.0,3.8866666666666663,3.3168888888888888,4.1,3.78
2022-12-11,4.1,0.0,0.0,3.897333333333333,3.334,4.1,3.78
2022-12-12,4.1,0.0,0.0,3.908,3.3511111111111114,4.1,3.78
2022-12-13,4.1,0.0,0.0,3.9186666666666663,3.3682222222222222,4.1,3.78
2022-12-14,4.1,0.0,0.0,3.9293333333333327,3.3853333333333335,4.1,3.78
2022-12-15,4.1,0.0,0.0,3.9399999999999995,3.402444444444444,4.1,3.78
2022-12-16,4.1,0.0,0.0,3.9506666666666663,3.4195555555555552,4.1,3.78
2022-12-17,4.1,0.0,0.0,3.9613333333333336,3.436666666666667,4.1,3.78
2022-12-18,4.1,0.0,0.0,3.972,3.4537777777777774,4.1,3.78
2022-12-19,4.1,0.0,0.0,3.9826666666666664,3.4708888888888887,4.1,3.78
2022-12-20,4.1,0.0,0.0,3.993333333333333,3.4879999999999995,4.1,3.78
2022-12-21,4.1,0.0,0.0,4.004,3.505111111111111,4.1,3.78
2022-12-22,4.1,0.0,0.0,4.014666666666666,3.522222222222222,4.1,3.78
2022-12-23,4.1,0.0,0.0,4.025333333333333,3.539333333333333,4.1,3.78
2022-12-24,4.1,0.0,0.0,4.036,3.5564444444444443,4.1,3.78
2022-12-25,4.1,0.0,0.0,4.046666666666666,3.573555555555555,4.1,3.78
2022-12-26,4.1,0.0,0.0,4.057333333333333,3.5906666666666665,4.1,3.78
2022-12-27,4.1,0.0,0.0,4.068,3.6077777777777778,4.1,3.78
2022-12-28,4.1,0.0,0.0,4.078666666666667,3.624888888888888,4.1,3.78
2022-12-29,4.1,0.0,0.0,4.089333333333333,3.6420000000000003,4.1,3.78
2022-12-30,4.1,0.0,0.0,4.1,3.653333333333333,4.1,3.78
2022-12-31,4.1,0.0,0.0,4.1,3.6646666666666667,4.1,4.1
2023-01-01,4.33,0.23000000000000043,0.056097560975609806,4.107666666666666,3.6785555555555556,4.1,4.1
2023-01-02,4.33,0.0,0.0,4.115333333333333,3.6924444444444435,4.1,4.1
2023-01-03,4.33,0.0,0.0,4.122999999999999,3.7063333333333333,4.1,4.1
2023-01-04,4.33,0.0,0.0,4.1306666666666665,3.720222222222222,4.1,4.1
2023-01-05,4.33,0.0,0.0,4.138333333333333,3.734111111111111,4.1,4.1
2023-01-06,4.33,0.0,0.0,4.146,3.7479999999999998,4.1,4.1
2023-01-07,4.33,0.0,0.0,4.153666666666667,3.7618888888888886,4.1,4.1
2023-01-08,4.33,0.0,0.0,4.161333333333333,3.775777777777778,4.33,4.1
2023-01-09,4.33,0.0,0.0,4.169,3.789666666666666,4.33,4.1
2023-01-10,4.33,0.0,0.0,4.176666666666667,3.8035555555555556,4.33,4.1
2023-01-11,4.33,0.0,0.0,4.184333333333333,3.8174444444444444,4.33,4.1
2023-01-12,4.33,0.0,0.0,4.191999999999999,3.8313333333333333,4.33,4.1
2023-01-13,4.33,0.0,0.0,4.199666666666666,3.845222222222222,4.33,4.1
2023-01-14,4.33,0.0,0.0,4.207333333333334,3.859111111111111,4.33,4.1
2023-01-15,4.33,0.0,0.0,4.215,3.8729999999999998,4.33,4.1
2023-01-16,4.33,0.0,0.0,4.222666666666666,3.886888888888888,4.33,4.1
2023-01-17,4.33,0.0,0.0,4.230333333333333,3.900777777777778,4.33,4.1
2023-01-18,4.33,0.0,0.0,4.238,3.9146666666666667,4.33,4.1
2023-01-19,4.33,0.0,0.0,4.245666666666667,3.9285555555555556,4.33,4.1
2023-01-20,4.33,0.0,0.0,4.253333333333333,3.9424444444444444,4.33,4.1
2023-01-21,4.33,0.0,0.0,4.261,3.9563333333333333,4.33,4.1
2023-01-22,4.33,0.0,0.0,4.268666666666666,3.970222222222222,4.33,4.1
2023-01-23,4.33,0.0,0.0,4.276333333333333,3.9841111111111105,4.33,4.1
2023-01-24,4.33,0.0,0.0,4.284000000000001,3.9979999999999998,4.33,4.1
2023-01-25,4.33,0.0,0.0,4.291666666666667,4.011888888888889,4.33,4.1
2023-01-26,4.33,0.0,0.0,4.299333333333334,4.025777777777778,4.33,4.1
2023-01-27,4.33,0.0,0.0,4.307,4.039666666666666,4.33,4.1
2023-01-28,4.33,0.0,0.0,4.314666666666667,4.053555555555556,4.33,4.1
2023-01-29,4.33,0.0,0.0,4.322333333333334,4.067444444444444,4.33,4.1
2023-01-30,4.33,0.0,0.0,4.33,4.073555555555555,4.33,4.1
2023-01-31,4.33,0.0,0.0,4.33,4.079666666666667,4.33,4.33
2023-02-01,4.57,0.2400000000000002,0.05542725173210172,4.338,4.088444444444444,4.33,4.33
2023-02-02,4.57,0.0,0.0,4.346,4.097222222222222,4.33,4.33
2023-02-03,4.57,0.0,0.0,4.354,4.106,4.33,4.33
2023-02-04,4.57,0.0,0.0,4.362,4.114777777777777,4.33,4.33
2023-02-05,4.57,0.0,0.0,4.37,4.123555555555555,4.33,4.33
2023-02-06,4.57,0.0,0.0,4.378,4.132333333333333,4.33,4.33
2023-02-07,4.57,0.0,0.0,4.386,4.141111111111112,4.33,4.33
2023-02-08,4.57,0.0,0.0,4.394,4.149888888888889,4.57,4.33
2023-02-09,4.57,0.0,0.0,4.402,4.158666666666667,4.57,4.33
2023-02-10,4.57,0.0,0.0,4.41,4.1674444444444445,4.57,4.33
2023-02-11,4.57,0.0,0.0,4.418000000000001,4.176222222222222,4.57,4.33
2023-02-12,4.57,0.0,0.0,4.426,4.185,4.57,4.33
2023-02-13,4.57,0.0,0.0,4.434,4.193777777777778,4.57,4.33
2023-02-14,4.57,0.0,0.0,4.441999999999999,4.202555555555555,4.57,4.33
2023-02-15,4.57,0.0,0.0,4.450000000000001,4.211333333333333,4.57,4.33
2023-02-16,4.57,0.0,0.0,4.458,4.220111111111111,4.57,4.33
2023-02-17,4.57,0.0,0.0,4.466,4.228888888888889,4.57,4.33
2023-02-18,4.57,0.0,0.0,4.474,4.237666666666667,4.57,4.33
2023-02-19,4.57,0.0,0.0,4.482,4.246444444444444,4.57,4.33
2023-02-20,4.57,0.0,0.0,4.49,4.255222222222222,4.57,4.33
2023-02-21,4.57,0.0,0.0,4.498,4.264,4.57,4.33
2023-02-22,4.57,0.0,0.0,4.506,4.272777777777777,4.57,4.33
2023-02-23,4.57,0.0,0.0,4.514,4.281555555555556,4.57,4.33
2023-02-24,4.57,0.0,0.0,4.522000000000001,4.290333333333333,4.57,4.33
2023-02-25,4.57,0.0,0.0,4.53,4.299111111111111,4.57,4.33
2023-02-26,4.57,0.0,0.0,4.537999999999999,4.307888888888889,4.57,4.33
2023-02-27,4.57,0.0,0.0,4.546000000000001,4.316666666666666,4.57,4.33
2023-02-28,4.57,0.0,0.0,4.554,4.325444444444444,4.57,4.33
2023-03-01,4.65,0.08000000000000007,0.017505470459518557,4.5646666666666675,4.331555555555556,4.57,4.33
2023-03-02,4.65,0.0,0.0,4.575333333333333,4.337666666666666,4.57,4.33
2023-03-03,4.65,0.0,0.0,4.578,4.3437777777777775,4.57,4.57
2023-03-04,4.65,0.0,0.0,4.5806666666666676,4.349888888888889,4.57,4.57
2023-03-05,4.65,0.0,0.0,4.583333333333333,4.356,4.57,4.57
2023-03-06,4.65,0.0,0.0,4.586,4.362111111111111,4.57,4.57
2023-03-07,4.65,0.0,0.0,4.588666666666668,4.368222222222222,4.57,4.57
2023-03-08,4.65,0.0,0.0,4.591333333333334,4.374333333333333,4.65,4.57
2023-03-09,4.65,0.0,0.0,4.593999999999999,4.380444444444445,4.65,4.57
2023-03-10,4.65,0.0,0.0,4.596666666666667,4.386555555555556,4.65,4.57
2023-03-11,4.65,0.0,0.0,4.599333333333334,4.392666666666667,4.65,4.57
2023-03-12,4.65,0.0,0.0,4.602000000000001,4.398777777777777,4.65,4.57
2023-03-13,4.65,0.0,0.0,4.604666666666666,4.404888888888889,4.65,4.57
2023-03-14,4.65,0.0,0.0,4.607333333333333,4.4110000000000005,4.65,4.57
2023-03-15,4.65,0.0,0.0,4.61,4.417111111111112,4.65,4.57
2023-03-16,4.65,0.0,0.0,4.612666666666668,4.423222222222223,4.65,4.57
2023-03-17,4.65,0.0,0.0,4.615333333333334,4.429333333333333,4.65,4.57
2023-03-18,4.65,0.0,0.0,4.617999999999999,4.435444444444444,4.65,4.57
2023-03-19,4.65,0.0,0.0,4.620666666666667,4.4415555555555555,4.65,4.57
2023-03-20,4.65,0.0,0.0,4.623333333333334,4.447666666666667,4.65,4.57
2023-03-21,4.65,0.0,0.0,4.626,4.453777777777778,4.65,4.57
2023-03-22,4.65,0.0,0.0,4.628666666666667,4.459888888888889,4.65,4.57
2023-03-23,4.65,0.0,0.0,4.631333333333333,4.466,4.65,4.57
2023-03-24,4.65,0.0,0.0,4.634,4.472111111111111,4.65,4.57
2023-03-25,4.65,0.0,0.0,4.636666666666667,4.4782222222222225,4.65,4.57
2023-03-26,4.65,0.0,0.0,4.639333333333334,4.484333333333334,4.65,4.57
2023-03-27,4.65,0.0,0.0,4.642,4.490444444444444,4.65,4.57
2023-03-28,4.65,0.0,0.0,4.644666666666668,4.496555555555556,4.65,4.57
2023-03-29,4.65,0.0,0.0,4.647333333333333,4.502666666666666,4.65,4.57
2023-03-30,4.65,0.0,0.0,4.65,4.508777777777778,4.65,4.57
2023-03-31,4.65,0.0,0.0,4.65,4.51488888888889,4.65,4.65
2023-04-01,4.83,0.17999999999999972,0.038709677419354716,4.6560000000000015,4.520444444444445,4.65,4.65
2023-04-02,4.83,0.0,0.0,4.662000000000001,4.526000000000001,4.65,4.65
2023-04-03,4.83,0.0,0.0,4.668000000000001,4.531555555555556,4.65,4.65
2023-04-04,4.83,0.0,0.0,4.674,4.537111111111112,4.65,4.65
2023-04-05,4.83,0.0,0.0,4.680000000000001,4.542666666666667,4.65,4.65
2023-04-06,4.83,0.0,0.0,4.685999999999999,4.548222222222222,4.65,4.65
2023-04-07,4.83,0.0,0.0,4.692000000000001,4.553777777777778,4.65,4.65
2023-04-08,4.83,0.0,0.0,4.6979999999999995,4.559333333333334,4.83,4.65
2023-04-09,4.83,0.0,0.0,4.704,4.564888888888889,4.83,4.65
2023-04-10,4.83,0.0,0.0,4.71,4.570444444444445,4.83,4.65
2023-04-11,4.83,0.0,0.0,4.715999999999999,4.5760000000000005,4.83,4.65
2023-04-12,4.83,0.0,0.0,4.722,4.581555555555556,4.83,4.65
2023-04-13,4.83,0.0,0.0,4.728,4.587111111111111,4.83,4.65
2023-04-14,4.83,0.0,0.0,4.734,4.592666666666667,4.83,4.65
2023-04-15,4.83,0.0,0.0,4.739999999999999,4.598222222222223,4.83,4.65
2023-04-16,4.83,0.0,0.0,4.7459999999999996,4.603777777777778,4.83,4.65
2023-04-17,4.83,0.0,0.0,4.752000000000001,4.609333333333334,4.83,4.65
2023-04-18,4.83,0.0,0.0,4.758,4.614888888888889,4.83,4.65
2023-04-19,4.83,0.0,0.0,4.764,4.620444444444445,4.83,4.65
2023-04-20,4.83,0.0,0.0,4.77,4.6259999999999994,4.83,4.65
2023-04-21,4.83,0.0,0.0,4.776,4.631555555555556,4.83,4.65
2023-04-22,4.83,0.0,0.0,4.781999999999999,4.637111111111111,4.83,4.65
2023-04-23,4.83,0.0,0.0,4.788,4.642666666666667,4.83,4.65
2023-04-24,4.83,0.0,0.0,4.794,4.648222222222222,4.83,4.65
2023-04-25,4.83,0.0,0.0,4.8,4.653777777777778,4.83,4.65
2023-04-26,4.83,0.0,0.0,4.806,4.6593333333333335,4.83,4.65
2023-04-27,4.83,0.0,0.0,4.811999999999999,4.664888888888888,4.83,4.65
2023-04-28,4.83,0.0,0.0,4.8180000000000005,4.670444444444445,4.83,4.65
2023-04-29,4.83,0.0,0.0,4.824,4.676,4.83,4.65
2023-04-30,4.83,0.0,0.0,4.83,4.681555555555556,4.83,4.65
2023-05-01,5.06,0.22999999999999954,0.04761904761904745,4.837666666666666,4.689666666666667,4.83,4.83
2023-05-02,5.06,0.0,0.0,4.8453333333333335,4.695111111111111,4.83,4.83
2023-05-03,5.06,0.0,0.0,4.853,4.700555555555556,4.83,4.83
2023-05-04,5.06,0.0,0.0,4.860666666666666,4.706,4.83,4.83
2023-05-05,5.06,0.0,0.0,4.868333333333333,4.711444444444445,4.83,4.83
2023-05-06,5.06,0.0,0.0,4.876,4.71688888888889,4.83,4.83
2023-05-07,5.06,0.0,0.0,4.883666666666667,4.722333333333334,4.83,4.83
2023-05-08,5.06,0.0,0.0,4.891333333333334,4.727777777777779,5.06,4.83
2023-05-09,5.06,0.0,0.0,4.899,4.733222222222222,5.06,4.83
2023-05-10,5.06,0.0,0.0,4.906666666666666,4.738666666666667,5.06,4.83
2023-05-11,5.06,0.0,0.0,4.914333333333333,4.744111111111112,5.06,4.83
2023-05-12,5.06,0.0,0.0,4.922,4.749555555555556,5.06,4.83
2023-05-13,5.06,0.0,0.0,4.929666666666667,4.755000000000001,5.06,4.83
2023-05-14,5.06,0.0,0.0,4.937333333333333,4.760444444444445,5.06,4.83
2023-05-15,5.06,0.0,0.0,4.944999999999999,4.765888888888889,5.06,4.83
2023-05-16,5.06,0.0,0.0,4.9526666666666666,4.771333333333334,5.06,4.83
2023-05-17,5.06,0.0,0.0,4.960333333333333,4.776777777777777,5.06,4.83
2023-05-18,5.06,0.0,0.0,4.968,4.782222222222222,5.06,4.83
2023-05-19,5.06,0.0,0.0,4.975666666666666,4.7876666666666665,5.06,4.83
2023-05-20,5.06,0.0,0.0,4.983333333333333,4.793111111111111,5.06,4.83
2023-05-21,5.06,0.0,0.0,4.991,4.798555555555556,5.06,4.83
2023-05-22,5.06,0.0,0.0,4.998666666666667,4.804,5.06,4.83
2023-05-23,5.06,0.0,0.0,5.006333333333333,4.809444444444445,5.06,4.83
2023-05-24,5.06,0.0,0.0,5.014,4.8148888888888886,5.06,4.83
2023-05-25,5.06,0.0,0.0,5.0216666666666665,4.820333333333333,5.06,4.83
2023-05-26,5.06,0.0,0.0,5.029333333333332,4.825777777777778,5.06,4.83
2023-05-27,5.06,0.0,0.0,5.037,4.831222222222222,5.06,4.83
2023-05-28,5.06,0.0,0.0,5.044666666666666,4.836666666666667,5.06,4.83
2023-05-29,5.06,0.0,0.0,5.052333333333333,4.8421111111111115,5.06,4.83
2023-05-30,5.06,0.0,0.0,5.06,4.846666666666667,5.06,4.83
2023-05-31,5.06,0.0,0.0,5.06,4.851222222222223,5.06,5.06
2023-06-01,5.08,0.020000000000000462,0.0039525691699606735,5.060666666666666,4.856,5.06,5.06
2023-06-02,5.08,0.0,0.0,5.061333333333333,4.860777777777778,5.06,5.06
2023-06-03,5.08,0.0,0.0,5.061999999999999,4.865555555555556,5.06,5.06
2023-06-04,5.08,0.0,0.0,5.062666666666667,4.870333333333333,5.06,5.06
2023-06-05,5.08,0.0,0.0,5.0633333333333335,4.875111111111111,5.06,5.06
2023-06-06,5.08,0.0,0.0,5.063999999999999,4.879888888888889,5.06,5.06
2023-06-07,5.08,0.0,0.0,5.064666666666667,4.884666666666667,5.06,5.06
2023-06-08,5.08,0.0,0.0,5.065333333333332,4.889444444444445,5.08,5.06
2023-06-09,5.08,0.0,0.0,5.066,4.894222222222222,5.08,5.06
2023-06-10,5.08,0.0,0.0,5.066666666666666,4.899,5.08,5.06
2023-06-11,5.08,0.0,0.0,5.067333333333333,4.903777777777778,5.08,5.06
2023-06-12,5.08,0.0,0.0,5.068,4.908555555555555,5.08,5.06
2023-06-13,5.08,0.0,0.0,5.068666666666666,4.913333333333333,5.08,5.06
2023-06-14,5.08,0.0,0.0,5.069333333333334,4.918111111111111,5.08,5.06
2023-06-15,5.08,0.0,0.0,5.069999999999999,4.922888888888889,5.08,5.06
2023-06-16,5.08,0.0,0.0,5.070666666666667,4.927666666666667,5.08,5.06
2023-06-17,5.08,0.0,0.0,5.0713333333333335,4.932444444444444,5.08,5.06
2023-06-18,5.08,0.0,0.0,5.072,4.937222222222222,5.08,5.06
2023-06-19,5.08,0.0,0.0,5.072666666666667,4.941999999999999,5.08,5.06
2023-06-20,5.08,0.0,0.0,5.073333333333333,4.946777777777777,5.08,5.06
2023-06-21,5.08,0.0,0.0,5.074,4.951555555555556,5.08,5.06
2023-06-22,5.08,0.0,0.0,5.074666666666666,4.956333333333333,5.08,5.06
2023-06-23,5.08,0.0,0.0,5.075333333333333,4.961111111111111,5.08,5.06
2023-06-24,5.08,0.0,0.0,5.075999999999999,4.965888888888888,5.08,5.06
2023-06-25,5.08,0.0,0.0,5.076666666666667,4.970666666666667,5.08,5.06
2023-06-26,5.08,0.0,0.0,5.077333333333334,4.975444444444444,5.08,5.06
2023-06-27,5.08,0.0,0.0,5.078,4.980222222222222,5.08,5.06
2023-06-28,5.08,0.0,0.0,5.078666666666667,4.985,5.08,5.06
2023-06-29,5.08,0.0,0.0,5.0793333333333335,4.989777777777777,5.08,5.06
2023-06-30,5.08,0.0,0.0,5.08,4.992555555555556,5.08,5.06
2023-07-01,5.12,0.040000000000000036,0.007874015748031482,5.081333333333333,4.995777777777778,5.08,5.08
2023-07-02,5.12,0.0,0.0,5.082666666666667,4.999,5.08,5.08
2023-07-03,5.12,0.0,0.0,5.084,5.002222222222222,5.08,5.08
2023-07-04,5.12,0.0,0.0,5.085333333333334,5.005444444444445,5.08,5.08
2023-07-05,5.12,0.0,0.0,5.086666666666667,5.008666666666667,5.08,5.08
2023-07-06,5.12,0.0,0.0,5.088,5.011888888888889,5.08,5.08
2023-07-07,5.12,0.0,0.0,5.089333333333333,5.0151111111111115,5.08,5.08
2023-07-08,5.12,0.0,0.0,5.090666666666667,5.0183333333333335,5.12,5.08
2023-07-09,5.12,0.0,0.0,5.092,5.021555555555555,5.12,5.08
2023-07-10,5.12,0.0,0.0,5.093333333333333,5.024777777777778,5.12,5.08
2023-07-11,5.12,0.0,0.0,5.094666666666667,5.028,5.12,5.08
2023-07-12,5.12,0.0,0.0,5.096,5.0312222222222225,5.12,5.08
2023-07-13,5.12,0.0,0.0,5.097333333333334,5.0344444444444445,5.12,5.08
2023-07-14,5.12,0.0,0.0,5.098666666666667,5.0376666666666665,5.12,5.08
2023-07-15,5.12,0.0,0.0,5.1,5.0408888888888885,5.12,5.08
2023-07-16,5.12,0.0,0.0,5.101333333333333,5.044111111111111,5.12,5.08
2023-07-17,5.12,0.0,0.0,5.102666666666666,5.0473333333333334,5.12,5.08
2023-07-18,5.12,0.0,0.0,5.104,5.0505555555555555,5.12,5.08
2023-07-19,5.12,0.0,0.0,5.105333333333333,5.053777777777778,5.12,5.08
2023-07-20,5.12,0.0,0.0,5.106666666666667,5.057,5.12,5.08
2023-07-21,5.12,0.0,0.0,5.1080000000000005,5.0602222222222215,5.12,5.08
2023-07-22,5.12,0.0,0.0,5.109333333333334,5.063444444444444,5.12,5.08
2023-07-23,5.12,0.0,0.0,5.110666666666666,5.066666666666666,5.12,5.08
2023-07-24,5.12,0.0,0.0,5.112,5.0698888888888884,5.12,5.08
2023-07-25,5.12,0.0,0.0,5.113333333333333,5.073111111111111,5.12,5.08
2023-07-26,5.12,0.0,0.0,5.1146666666666665,5.076333333333333,5.12,5.08
2023-07-27,5.12,0.0,0.0,5.1160000000000005,5.079555555555555,5.12,5.08
2023-07-28,5.12,0.0,0.0,5.117333333333333,5.082777777777777,5.12,5.08
2023-07-29,5.12,0.0,0.0,5.118666666666667,5.086,5.12,5.08
2023-07-30,5.12,0.0,0.0,5.12,5.086666666666667,5.12,5.08
2023-07-31,5.12,0.0,0.0,5.12,5.0873333333333335,5.12,5.12
2023-08-01,5.33,0.20999999999999996,0.041015625,5.127,5.090333333333334,5.12,5.12
2023-08-02,5.33,0.0,0.0,5.134,5.093333333333333,5.12,5.12
2023-08-03,5.33,0.0,0.0,5.141000000000001,5.096333333333334,5.12,5.12
2023-08-04,5.33,0.0,0.0,5.148,5.099333333333333,5.12,5.12
2023-08-05,5.33,0.0,0.0,5.155,5.102333333333333,5.12,5.12
2023-08-06,5.33,0.0,0.0,5.162,5.105333333333333,5.12,5.12
2023-08-07,5.33,0.0,0.0,5.169,5.108333333333333,5.12,5.12
2023-08-08,5.33,0.0,0.0,5.176000000000001,5.1113333333333335,5.33,5.12
2023-08-09,5.33,0.0,0.0,5.183000000000001,5.114333333333333,5.33,5.12
2023-08-10,5.33,0.0,0.0,5.19,5.117333333333334,5.33,5.12
2023-08-11,5.33,0.0,0.0,5.197,5.120333333333333,5.33,5.12
2023-08-12,5.33,0.0,0.0,5.204,5.123333333333333,5.33,5.12
2023-08-13,5.33,0.0,0.0,5.210999999999999,5.126333333333333,5.33,5.12
2023-08-14,5.33,0.0,0.0,5.218,5.129333333333334,5.33,5.12
2023-08-15,5.33,0.0,0.0,5.225,5.132333333333333,5.33,5.12
2023-08-16,5.33,0.0,0.0,5.232,5.1353333333333335,5.33,5.12
2023-08-17,5.33,0.0,0.0,5.239000000000001,5.138333333333334,5.33,5.12
2023-08-18,5.33,0.0,0.0,5.2459999999999996,5.141333333333334,5.33,5.12
2023-08-19,5.33,0.0,0.0,5.253,5.144333333333334,5.33,5.12
2023-08-20,5.33,0.0,0.0,5.26,5.147333333333333,5.33,5.12
2023-08-21,5.33,0.0,0.0,5.267,5.150333333333334,5.33,5.12
2023-08-22,5.33,0.0,0.0,5.274,5.153333333333333,5.33,5.12
2023-08-23,5.33,0.0,0.0,5.281000000000001,5.156333333333333,5.33,5.12
2023-08-24,5.33,0.0,0.0,5.287999999999999,5.159333333333333,5.33,5.12
2023-08-25,5.33,0.0,0.0,5.295,5.162333333333334,5.33,5.12
2023-08-26,5.33,0.0,0.0,5.3020000000000005,5.165333333333333,5.33,5.12
2023-08-27,5.33,0.0,0.0,5.309,5.168333333333333,5.33,5.12
2023-08-28,5.33,0.0,0.0,5.316000000000001,5.171333333333333,5.33,5.12
2023-08-29,5.33,0.0,0.0,5.3229999999999995,5.174333333333333,5.33,5.12
2023-08-30,5.33,0.0,0.0,5.33,5.177111111111111,5.33,5.12
2023-08-31,5.33,0.0,0.0,5.33,5.179888888888889,5.33,5.33
2023-09-01,5.33,0.0,0.0,5.33,5.182666666666667,5.33,5.33
2023-09-02,5.33,0.0,0.0,5.33,5.185444444444444,5.33,5.33
2023-09-03,5.33,0.0,0.0,5.33,5.1882222222222225,5.33,5.33
2023-09-04,5.33,0.0,0.0,5.33,5.191000000000001,5.33,5.33
2023-09-05,5.33,0.0,0.0,5.33,5.193777777777778,5.33,5.33
2023-09-06,5.33,0.0,0.0,5.33,5.196555555555555,5.33,5.33
2023-09-07,5.33,0.0,0.0,5.33,5.199333333333334,5.33,5.33
2023-09-08,5.33,0.0,0.0,5.33,5.202111111111111,5.33,5.33
2023-09-09,5.33,0.0,0.0,5.33,5.204888888888889,5.33,5.33
2023-09-10,5.33,0.0,0.0,5.33,5.207666666666666,5.33,5.33
2023-09-11,5.33,0.0,0.0,5.33,5.210444444444445,5.33,5.33
2023-09-12,5.33,0.0,0.0,5.33,5.213222222222222,5.33,5.33
2023-09-13,5.33,0.0,0.0,5.33,5.216,5.33,5.33
2023-09-14,5.33,0.0,0.0,5.33,5.2187777777777775,5.33,5.33
2023-09-15,5.33,0.0,0.0,5.33,5.221555555555556,5.33,5.33
2023-09-16,5.33,0.0,0.0,5.33,5.224333333333333,5.33,5.33
2023-09-17,5.33,0.0,0.0,5.33,5.227111111111111,5.33,5.33
2023-09-18,5.33,0.0,0.0,5.33,5.2298888888888895,5.33,5.33
2023-09-19,5.33,0.0,0.0,5.33,5.232666666666667,5.33,5.33
2023-09-20,5.33,0.0,0.0,5.33,5.235444444444444,5.33,5.33
2023-09-21,5.33,0.0,0.0,5.33,5.238222222222222,5.33,5.33
2023-09-22,5.33,0.0,0.0,5.33,5.2410000000000005,5.33,5.33
2023-09-23,5.33,0.0,0.0,5.33,5.243777777777778,5.33,5.33
2023-09-24,5.33,0.0,0.0,5.33,5.246555555555555,5.33,5.33
2023-09-25,5.33,0.0,0.0,5.33,5.249333333333333,5.33,5.33
2023-09-26,5.33,0.0,0.0,5.33,5.252111111111111,5.33,5.33
2023-09-27,5.33,0.0,0.0,5.33,5.254888888888889,5.33,5.33
2023-09-28,5.33,0.0,0.0,5.33,5.257666666666666,5.33,5.33
2023-09-29,5.33,0.0,0.0,5.33,5.260000000000001,5.33,5.33
2023-09-30,5.33,0.0,0.0,5.33,5.262333333333333,5.33,5.33
2023-10-01,5.33,0.0,0.0,5.33,5.264666666666667,5.33,5.33
2023-10-02,5.33,0.0,0.0,5.33,5.2669999999999995,5.33,5.33
2023-10-03,5.33,0.0,0.0,5.33,5.269333333333334,5.33,5.33
2023-10-04,5.33,0.0,0.0,5.33,5.2716666666666665,5.33,5.33
2023-10-05,5.33,0.0,0.0,5.33,5.274,5.33,5.33
2023-10-06,5.33,0.0,0.0,5.33,5.2763333333333335,5.33,5.33
2023-10-07,5.33,0.0,0.0,5.33,5.278666666666667,5.33,5.33
2023-10-08,5.33,0.0,0.0,5.33,5.281000000000001,5.33,5.33
2023-10-09,5.33,0.0,0.0,5.33,5.283333333333333,5.33,5.33
2023-10-10,5.33,0.0,0.0,5.33,5.285666666666667,5.33,5.33
2023-10-11,5.33,0.0,0.0,5.33,5.288,5.33,5.33
2023-10-12,5.33,0.0,0.0,5.33,5.290333333333333,5.33,5.33
2023-10-13,5.33,0.0,0.0,5.33,5.292666666666667,5.33,5.33
2023-10-14,5.33,0.0,0.0,5.33,5.295,5.33,5.33
2023-10-15,5.33,0.0,0.0,5.33,5.2973333333333334,5.33,5.33
2023-10-16,5.33,0.0,0.0,5.33,5.299666666666666,5.33,5.33
2023-10-17,5.33,0.0,0.0,5.33,5.3020000000000005,5.33,5.33
2023-10-18,5.33,0.0,0.0,5.33,5.304333333333333,5.33,5.33
2023-10-19,5.33,0.0,0.0,5.33,5.306666666666667,5.33,5.33
2023-10-20,5.33,0.0,0.0,5.33,5.309000000000001,5.33,5.33
2023-10-21,5.33,0.0,0.0,5.33,5.311333333333334,5.33,5.33
2023-10-22,5.33,0.0,0.0,5.33,5.313666666666667,5.33,5.33
2023-10-23,5.33,0.0,0.0,5.33,5.316,5.33,5.33
2023-10-24,5.33,0.0,0.0,5.33,5.318333333333333,5.33,5.33
2023-10-25,5.33,0.0,0.0,5.33,5.320666666666667,5.33,5.33
2023-10-26,5.33,0.0,0.0,5.33,5.3229999999999995,5.33,5.33
2023-10-27,5.33,0.0,0.0,5.33,5.325333333333333,5.33,5.33
2023-10-28,5.33,0.0,0.0,5.33,5.3276666666666666,5.33,5.33
2023-10-29,5.33,0.0,0.0,5.33,5.33,5.33,5.33
2023-10-30,5.33,0.0,0.0,5.33,5.33,5.33,5.33
2023-10-31,5.33,0.0,0.0,5.33,5.33,5.33,5.33
2023-11-01,5.33,0.0,0.0,5.33,5.33,5.33,5.33
2023-11-02,5.33,0.0,0.0,5.33,5.33,5.33,5.33
2023-11-03,5.33,0.0,0.0,5.33,5.33,5.33,5.33
2023-11-04,5.33,0.0,0.0,5.33,5.33,5.33,5.33
2023-11-05,5.33,0.0,0.0,5.33,5.33,5.33,5.33
2023-11-06,5.33,0.0,0.0,5.33,5.33,5.33,5.33
2023-11-07,5.33,0.0,0.0,5.33,5.33,5.33,5.33
2023-11-08,5.33,0.0,0.0,5.33,5.33,5.33,5.33
2023-11-09,5.33,0.0,0.0,5.33,5.33,5.33,5.33
2023-11-10,5.33,0.0,0.0,5.33,5.33,5.33,5.33
2023-11-11,5.33,0.0,0.0,5.33,5.33,5.33,5.33
2023-11-12,5.33,0.0,0.0,5.33,5.33,5.33,5.33
2023-11-13,5.33,0.0,0.0,5.33,5.33,5.33,5.33
2023-11-14,5.33,0.0,0.0,5.33,5.33,5.33,5.33
2023-11-15,5.33,0.0,0.0,5.33,5.33,5.33,5.33
2023-11-16,5.33,0.0,0.0,5.33,5.33,5.33,5.33
2023-11-17,5.33,0.0,0.0,5.33,5.33,5.33,5.33
2023-11-18,5.33,0.0,0.0,5.33,5.33,5.33,5.33
2023-11-19,5.33,0.0,0.0,5.33,5.33,5.33,5.33
2023-11-20,5.33,0.0,0.0,5.33,5.33,5.33,5.33
2023-11-21,5.33,0.0,0.0,5.33,5.33,5.33,5.33
2023-11-22,5.33,0.0,0.0,5.33,5.33,5.33,5.33
2023-11-23,5.33,0.0,0.0,5.33,5.33,5.33,5.33
2023-11-24,5.33,0.0,0.0,5.33,5.33,5.33,5.33
2023-11-25,5.33,0.0,0.0,5.33,5.33,5.33,5.33
2023-11-26,5.33,0.0,0.0,5.33,5.33,5.33,5.33
2023-11-27,5.33,0.0,0.0,5.33,5.33,5.33,5.33
2023-11-28,5.33,0.0,0.0,5.33,5.33,5.33,5.33
2023-11-29,5.33,0.0,0.0,5.33,5.33,5.33,5.33
2023-11-30,5.33,0.0,0.0,5.33,5.33,5.33,5.33
2023-12-01,5.33,0.0,0.0,5.33,5.33,5.33,5.33
2023-12-02,5.33,0.0,0.0,5.33,5.33,5.33,5.33
2023-12-03,5.33,0.0,0.0,5.33,5.33,5.33,5.33
2023-12-04,5.33,0.0,0.0,5.33,5.33,5.33,5.33
2023-12-05,5.33,0.0,0.0,5.33,5.33,5.33,5.33
2023-12-06,5.33,0.0,0.0,5.33,5.33,5.33,5.33
2023-12-07,5.33,0.0,0.0,5.33,5.33,5.33,5.33
2023-12-08,5.33,0.0,0.0,5.33,5.33,5.33,5.33
2023-12-09,5.33,0.0,0.0,5.33,5.33,5.33,5.33
2023-12-10,5.33,0.0,0.0,5.33,5.33,5.33,5.33
2023-12-11,5.33,0.0,0.0,5.33,5.33,5.33,5.33
2023-12-12,5.33,0.0,0.0,5.33,5.33,5.33,5.33
2023-12-13,5.33,0.0,0.0,5.33,5.33,5.33,5.33
2023-12-14,5.33,0.0,0.0,5.33,5.33,5.33,5.33
2023-12-15,5.33,0.0,0.0,5.33,5.33,5.33,5.33
2023-12-16,5.33,0.0,0.0,5.33,5.33,5.33,5.33
2023-12-17,5.33,0.0,0.0,5.33,5.33,5.33,5.33
2023-12-18,5.33,0.0,0.0,5.33,5.33,5.33,5.33
2023-12-19,5.33,0.0,0.0,5.33,5.33,5.33,5.33
2023-12-20,5.33,0.0,0.0,5.33,5.33,5.33,5.33
2023-12-21,5.33,0.0,0.0,5.33,5.33,5.33,5.33
2023-12-22,5.33,0.0,0.0,5.33,5.33,5.33,5.33
2023-12-23,5.33,0.0,0.0,5.33,5.33,5.33,5.33
2023-12-24,5.33,0.0,0.0,5.33,5.33,5.33,5.33
2023-12-25,5.33,0.0,0.0,5.33,5.33,5.33,5.33
2023-12-26,5.33,0.0,0.0,5.33,5.33,5.33,5.33
2023-12-27,5.33,0.0,0.0,5.33,5.33,5.33,5.33
2023-12-28,5.33,0.0,0.0,5.33,5.33,5.33,5.33
2023-12-29,5.33,0.0,0.0,5.33,5.33,5.33,5.33
2023-12-30,5.33,0.0,0.0,5.33,5.33,5.33,5.33
2023-12-31,5.33,0.0,0.0,5.33,5.33,5.33,5.33
2024-01-01,5.33,0.0,0.0,5.33,5.33,5.33,5.33
2024-01-02,5.33,0.0,0.0,5.33,5.33,5.33,5.33
2024-01-03,5.33,0.0,0.0,5.33,5.33,5.33,5.33
2024-01-04,5.33,0.0,0.0,5.33,5.33,5.33,5.33
2024-01-05,5.33,0.0,0.0,5.33,5.33,5.33,5.33
2024-01-06,5.33,0.0,0.0,5.33,5.33,5.33,5.33
2024-01-07,5.33,0.0,0.0,5.33,5.33,5.33,5.33
2024-01-08,5.33,0.0,0.0,5.33,5.33,5.33,5.33
2024-01-09,5.33,0.0,0.0,5.33,5.33,5.33,5.33
2024-01-10,5.33,0.0,0.0,5.33,5.33,5.33,5.33
2024-01-11,5.33,0.0,0.0,5.33,5.33,5.33,5.33
2024-01-12,5.33,0.0,0.0,5.33,5.33,5.33,5.33
2024-01-13,5.33,0.0,0.0,5.33,5.33,5.33,5.33
2024-01-14,5.33,0.0,0.0,5.33,5.33,5.33,5.33
2024-01-15,5.33,0.0,0.0,5.33,5.33,5.33,5.33
2024-01-16,5.33,0.0,0.0,5.33,5.33,5.33,5.33
2024-01-17,5.33,0.0,0.0,5.33,5.33,5.33,5.33
2024-01-18,5.33,0.0,0.0,5.33,5.33,5.33,5.33
2024-01-19,5.33,0.0,0.0,5.33,5.33,5.33,5.33
2024-01-20,5.33,0.0,0.0,5.33,5.33,5.33,5.33
2024-01-21,5.33,0.0,0.0,5.33,5.33,5.33,5.33
2024-01-22,5.33,0.0,0.0,5.33,5.33,5.33,5.33
2024-01-23,5.33,0.0,0.0,5.33,5.33,5.33,5.33
2024-01-24,5.33,0.0,0.0,5.33,5.33,5.33,5.33
2024-01-25,5.33,0.0,0.0,5.33,5.33,5.33,5.33
2024-01-26,5.33,0.0,0.0,5.33,5.33,5.33,5.33
2024-01-27,5.33,0.0,0.0,5.33,5.33,5.33,5.33
2024-01-28,5.33,0.0,0.0,5.33,5.33,5.33,5.33
2024-01-29,5.33,0.0,0.0,5.33,5.33,5.33,5.33
2024-01-30,5.33,0.0,0.0,5.33,5.33,5.33,5.33
2024-01-31,5.33,0.0,0.0,5.33,5.33,5.33,5.33
2024-02-01,5.33,0.0,0.0,5.33,5.33,5.33,5.33
2024-02-02,5.33,0.0,0.0,5.33,5.33,5.33,5.33
2024-02-03,5.33,0.0,0.0,5.33,5.33,5.33,5.33
2024-02-04,5.33,0.0,0.0,5.33,5.33,5.33,5.33
2024-02-05,5.33,0.0,0.0,5.33,5.33,5.33,5.33
2024-02-06,5.33,0.0,0.0,5.33,5.33,5.33,5.33
2024-02-07,5.33,0.0,0.0,5.33,5.33,5.33,5.33
2024-02-08,5.33,0.0,0.0,5.33,5.33,5.33,5.33
2024-02-09,5.33,0.0,0.0,5.33,5.33,5.33,5.33
2024-02-10,5.33,0.0,0.0,5.33,5.33,5.33,5.33
2024-02-11,5.33,0.0,0.0,5.33,5.33,5.33,5.33
2024-02-12,5.33,0.0,0.0,5.33,5.33,5.33,5.33
2024-02-13,5.33,0.0,0.0,5.33,5.33,5.33,5.33
2024-02-14,5.33,0.0,0.0,5.33,5.33,5.33,5.33
2024-02-15,5.33,0.0,0.0,5.33,5.33,5.33,5.33
2024-02-16,5.33,0.0,0.0,5.33,5.33,5.33,5.33
2024-02-17,5.33,0.0,0.0,5.33,5.33,5.33,5.33
2024-02-18,5.33,0.0,0.0,5.33,5.33,5.33,5.33
2024-02-19,5.33,0.0,0.0,5.33,5.33,5.33,5.33
2024-02-20,5.33,0.0,0.0,5.33,5.33,5.33,5.33
2024-02-21,5.33,0.0,0.0,5.33,5.33,5.33,5.33
2024-02-22,5.33,0.0,0.0,5.33,5.33,5.33,5.33
2024-02-23,5.33,0.0,0.0,5.33,5.33,5.33,5.33
2024-02-24,5.33,0.0,0.0,5.33,5.33,5.33,5.33
2024-02-25,5.33,0.0,0.0,5.33,5.33,5.33,5.33
2024-02-26,5.33,0.0,0.0,5.33,5.33,5.33,5.33
2024-02-27,5.33,0.0,0.0,5.33,5.33,5.33,5.33
2024-02-28,5.33,0.0,0.0,5.33,5.33,5.33,5.33
2024-02-29,5.33,0.0,0.0,5.33,5.33,5.33,5.33
2024-03-01,5.33,0.0,0.0,5.33,5.33,5.33,5.33
2024-03-02,5.33,0.0,0.0,5.33,5.33,5.33,5.33
2024-03-03,5.33,0.0,0.0,5.33,5.33,5.33,5.33
2024-03-04,5.33,0.0,0.0,5.33,5.33,5.33,5.33
2024-03-05,5.33,0.0,0.0,5.33,5.33,5.33,5.33
2024-03-06,5.33,0.0,0.0,5.33,5.33,5.33,5.33
2024-03-07,5.33,0.0,0.0,5.33,5.33,5.33,5.33
2024-03-08,5.33,0.0,0.0,5.33,5.33,5.33,5.33
2024-03-09,5.33,0.0,0.0,5.33,5.33,5.33,5.33
2024-03-10,5.33,0.0,0.0,5.33,5.33,5.33,5.33
2024-03-11,5.33,0.0,0.0,5.33,5.33,5.33,5.33
2024-03-12,5.33,0.0,0.0,5.33,5.33,5.33,5.33
2024-03-13,5.33,0.0,0.0,5.33,5.33,5.33,5.33
2024-03-14,5.33,0.0,0.0,5.33,5.33,5.33,5.33
2024-03-15,5.33,0.0,0.0,5.33,5.33,5.33,5.33
2024-03-16,5.33,0.0,0.0,5.33,5.33,5.33,5.33
2024-03-17,5.33,0.0,0.0,5.33,5.33,5.33,5.33
2024-03-18,5.33,0.0,0.0,5.33,5.33,5.33,5.33
2024-03-19,5.33,0.0,0.0,5.33,5.33,5.33,5.33
2024-03-20,5.33,0.0,0.0,5.33,5.33,5.33,5.33
2024-03-21,5.33,0.0,0.0,5.33,5.33,5.33,5.33
2024-03-22,5.33,0.0,0.0,5.33,5.33,5.33,5.33
2024-03-23,5.33,0.0,0.0,5.33,5.33,5.33,5.33
2024-03-24,5.33,0.0,0.0,5.33,5.33,5.33,5.33
2024-03-25,5.33,0.0,0.0,5.33,5.33,5.33,5.33
2024-03-26,5.33,0.0,0.0,5.33,5.33,5.33,5.33
2024-03-27,5.33,0.0,0.0,5.33,5.33,5.33,5.33
2024-03-28,5.33,0.0,0.0,5.33,5.33,5.33,5.33
2024-03-29,5.33,0.0,0.0,5.33,5.33,5.33,5.33
2024-03-30,5.33,0.0,0.0,5.33,5.33,5.33,5.33
2024-03-31,5.33,0.0,0.0,5.33,5.33,5.33,5.33
2024-04-01,5.33,0.0,0.0,5.33,5.33,5.33,5.33
2024-04-02,5.33,0.0,0.0,5.33,5.33,5.33,5.33
2024-04-03,5.33,0.0,0.0,5.33,5.33,5.33,5.33
2024-04-04,5.33,0.0,0.0,5.33,5.33,5.33,5.33
2024-04-05,5.33,0.0,0.0,5.33,5.33,5.33,5.33
2024-04-06,5.33,0.0,0.0,5.33,5.33,5.33,5.33
2024-04-07,5.33,0.0,0.0,5.33,5.33,5.33,5.33
2024-04-08,5.33,0.0,0.0,5.33,5.33,5.33,5.33
2024-04-09,5.33,0.0,0.0,5.33,5.33,5.33,5.33
2024-04-10,5.33,0.0,0.0,5.33,5.33,5.33,5.33
2024-04-11,5.33,0.0,0.0,5.33,5.33,5.33,5.33
2024-04-12,5.33,0.0,0.0,5.33,5.33,5.33,5.33
2024-04-13,5.33,0.0,0.0,5.33,5.33,5.33,5.33
2024-04-14,5.33,0.0,0.0,5.33,5.33,5.33,5.33
2024-04-15,5.33,0.0,0.0,5.33,5.33,5.33,5.33
2024-04-16,5.33,0.0,0.0,5.33,5.33,5.33,5.33
2024-04-17,5.33,0.0,0.0,5.33,5.33,5.33,5.33
2024-04-18,5.33,0.0,0.0,5.33,5.33,5.33,5.33
2024-04-19,5.33,0.0,0.0,5.33,5.33,5.33,5.33
2024-04-20,5.33,0.0,0.0,5.33,5.33,5.33,5.33
2024-04-21,5.33,0.0,0.0,5.33,5.33,5.33,5.33
2024-04-22,5.33,0.0,0.0,5.33,5.33,5.33,5.33
2024-04-23,5.33,0.0,0.0,5.33,5.33,5.33,5.33
2024-04-24,5.33,0.0,0.0,5.33,5.33,5.33,5.33
2024-04-25,5.33,0.0,0.0,5.33,5.33,5.33,5.33
2024-04-26,5.33,0.0,0.0,5.33,5.33,5.33,5.33
2024-04-27,5.33,0.0,0.0,5.33,5.33,5.33,5.33
2024-04-28,5.33,0.0,0.0,5.33,5.33,5.33,5.33
2024-04-29,5.33,0.0,0.0,5.33,5.33,5.33,5.33
2024-04-30,5.33,0.0,0.0,5.33,5.33,5.33,5.33
2024-05-01,5.33,0.0,0.0,5.33,5.33,5.33,5.33
2024-05-02,5.33,0.0,0.0,5.33,5.33,5.33,5.33
2024-05-03,5.33,0.0,0.0,5.33,5.33,5.33,5.33
2024-05-04,5.33,0.0,0.0,5.33,5.33,5.33,5.33
2024-05-05,5.33,0.0,0.0,5.33,5.33,5.33,5.33
2024-05-06,5.33,0.0,0.0,5.33,5.33,5.33,5.33
2024-05-07,5.33,0.0,0.0,5.33,5.33,5.33,5.33
2024-05-08,5.33,0.0,0.0,5.33,5.33,5.33,5.33
2024-05-09,5.33,0.0,0.0,5.33,5.33,5.33,5.33
2024-05-10,5.33,0.0,0.0,5.33,5.33,5.33,5.33
2024-05-11,5.33,0.0,0.0,5.33,5.33,5.33,5.33
2024-05-12,5.33,0.0,0.0,5.33,5.33,5.33,5.33
2024-05-13,5.33,0.0,0.0,5.33,5.33,5.33,5.33
2024-05-14,5.33,0.0,0.0,5.33,5.33,5.33,5.33
2024-05-15,5.33,0.0,0.0,5.33,5.33,5.33,5.33
2024-05-16,5.33,0.0,0.0,5.33,5.33,5.33,5.33
2024-05-17,5.33,0.0,0.0,5.33,5.33,5.33,5.33
2024-05-18,5.33,0.0,0.0,5.33,5.33,5.33,5.33
2024-05-19,5.33,0.0,0.0,5.33,5.33,5.33,5.33
2024-05-20,5.33,0.0,0.0,5.33,5.33,5.33,5.33
2024-05-21,5.33,0.0,0.0,5.33,5.33,5.33,5.33
2024-05-22,5.33,0.0,0.0,5.33,5.33,5.33,5.33
2024-05-23,5.33,0.0,0.0,5.33,5.33,5.33,5.33
2024-05-24,5.33,0.0,0.0,5.33,5.33,5.33,5.33
2024-05-25,5.33,0.0,0.0,5.33,5.33,5.33,5.33
2024-05-26,5.33,0.0,0.0,5.33,5.33,5.33,5.33
2024-05-27,5.33,0.0,0.0,5.33,5.33,5.33,5.33
2024-05-28,5.33,0.0,0.0,5.33,5.33,5.33,5.33
2024-05-29,5.33,0.0,0.0,5.33,5.33,5.33,5.33
2024-05-30,5.33,0.0,0.0,5.33,5.33,5.33,5.33
2024-05-31,5.33,0.0,0.0,5.33,5.33,5.33,5.33
2024-06-01,5.33,0.0,0.0,5.33,5.33,5.33,5.33
2024-06-02,5.33,0.0,0.0,5.33,5.33,5.33,5.33
2024-06-03,5.33,0.0,0.0,5.33,5.33,5.33,5.33
2024-06-04,5.33,0.0,0.0,5.33,5.33,5.33,5.33
2024-06-05,5.33,0.0,0.0,5.33,5.33,5.33,5.33
2024-06-06,5.33,0.0,0.0,5.33,5.33,5.33,5.33
2024-06-07,5.33,0.0,0.0,5.33,5.33,5.33,5.33
2024-06-08,5.33,0.0,0.0,5.33,5.33,5.33,5.33
2024-06-09,5.33,0.0,0.0,5.33,5.33,5.33,5.33
2024-06-10,5.33,0.0,0.0,5.33,5.33,5.33,5.33
2024-06-11,5.33,0.0,0.0,5.33,5.33,5.33,5.33
2024-06-12,5.33,0.0,0.0,5.33,5.33,5.33,5.33
2024-06-13,5.33,0.0,0.0,5.33,5.33,5.33,5.33
2024-06-14,5.33,0.0,0.0,5.33,5.33,5.33,5.33
2024-06-15,5.33,0.0,0.0,5.33,5.33,5.33,5.33
2024-06-16,5.33,0.0,0.0,5.33,5.33,5.33,5.33
2024-06-17,5.33,0.0,0.0,5.33,5.33,5.33,5.33
2024-06-18,5.33,0.0,0.0,5.33,5.33,5.33,5.33
2024-06-19,5.33,0.0,0.0,5.33,5.33,5.33,5.33
2024-06-20,5.33,0.0,0.0,5.33,5.33,5.33,5.33
2024-06-21,5.33,0.0,0.0,5.33,5.33,5.33,5.33
2024-06-22,5.33,0.0,0.0,5.33,5.33,5.33,5.33
2024-06-23,5.33,0.0,0.0,5.33,5.33,5.33,5.33
2024-06-24,5.33,0.0,0.0,5.33,5.33,5.33,5.33
2024-06-25,5.33,0.0,0.0,5.33,5.33,5.33,5.33
2024-06-26,5.33,0.0,0.0,5.33,5.33,5.33,5.33
2024-06-27,5.33,0.0,0.0,5.33,5.33,5.33,5.33
2024-06-28,5.33,0.0,0.0,5.33,5.33,5.33,5.33
2024-06-29,5.33,0.0,0.0,5.33,5.33,5.33,5.33
2024-06-30,5.33,0.0,0.0,5.33,5.33,5.33,5.33
2024-07-01,5.33,0.0,0.0,5.33,5.33,5.33,5.33
2024-07-02,5.33,0.0,0.0,5.33,5.33,5.33,5.33
2024-07-03,5.33,0.0,0.0,5.33,5.33,5.33,5.33
2024-07-04,5.33,0.0,0.0,5.33,5.33,5.33,5.33
2024-07-05,5.33,0.0,0.0,5.33,5.33,5.33,5.33
2024-07-06,5.33,0.0,0.0,5.33,5.33,5.33,5.33
2024-07-07,5.33,0.0,0.0,5.33,5.33,5.33,5.33
2024-07-08,5.33,0.0,0.0,5.33,5.33,5.33,5.33
2024-07-09,5.33,0.0,0.0,5.33,5.33,5.33,5.33
2024-07-10,5.33,0.0,0.0,5.33,5.33,5.33,5.33
2024-07-11,5.33,0.0,0.0,5.33,5.33,5.33,5.33
2024-07-12,5.33,0.0,0.0,5.33,5.33,5.33,5.33
2024-07-13,5.33,0.0,0.0,5.33,5.33,5.33,5.33
2024-07-14,5.33,0.0,0.0,5.33,5.33,5.33,5.33
2024-07-15,5.33,0.0,0.0,5.33,5.33,5.33,5.33
2024-07-16,5.33,0.0,0.0,5.33,5.33,5.33,5.33
2024-07-17,5.33,0.0,0.0,5.33,5.33,5.33,5.33
2024-07-18,5.33,0.0,0.0,5.33,5.33,5.33,5.33
2024-07-19,5.33,0.0,0.0,5.33,5.33,5.33,5.33
2024-07-20,5.33,0.0,0.0,5.33,5.33,5.33,5.33
2024-07-21,5.33,0.0,0.0,5.33,5.33,5.33,5.33
2024-07-22,5.33,0.0,0.0,5.33,5.33,5.33,5.33
2024-07-23,5.33,0.0,0.0,5.33,5.33,5.33,5.33
2024-07-24,5.33,0.0,0.0,5.33,5.33,5.33,5.33
2024-07-25,5.33,0.0,0.0,5.33,5.33,5.33,5.33
2024-07-26,5.33,0.0,0.0,5.33,5.33,5.33,5.33
2024-07-27,5.33,0.0,0.0,5.33,5.33,5.33,5.33
2024-07-28,5.33,0.0,0.0,5.33,5.33,5.33,5.33
2024-07-29,5.33,0.0,0.0,5.33,5.33,5.33,5.33
2024-07-30,5.33,0.0,0.0,5.33,5.33,5.33,5.33
2024-07-31,5.33,0.0,0.0,5.33,5.33,5.33,5.33
2024-08-01,5.33,0.0,0.0,5.33,5.33,5.33,5.33
2024-08-02,5.33,0.0,0.0,5.33,5.33,5.33,5.33
2024-08-03,5.33,0.0,0.0,5.33,5.33,5.33,5.33
2024-08-04,5.33,0.0,0.0,5.33,5.33,5.33,5.33
2024-08-05,5.33,0.0,0.0,5.33,5.33,5.33,5.33
2024-08-06,5.33,0.0,0.0,5.33,5.33,5.33,5.33
2024-08-07,5.33,0.0,0.0,5.33,5.33,5.33,5.33
2024-08-08,5.33,0.0,0.0,5.33,5.33,5.33,5.33
2024-08-09,5.33,0.0,0.0,5.33,5.33,5.33,5.33
2024-08-10,5.33,0.0,0.0,5.33,5.33,5.33,5.33
2024-08-11,5.33,0.0,0.0,5.33,5.33,5.33,5.33
2024-08-12,5.33,0.0,0.0,5.33,5.33,5.33,5.33
2024-08-13,5.33,0.0,0.0,5.33,5.33,5.33,5.33
2024-08-14,5.33,0.0,0.0,5.33,5.33,5.33,5.33
2024-08-15,5.33,0.0,0.0,5.33,5.33,5.33,5.33
2024-08-16,5.33,0.0,0.0,5.33,5.33,5.33,5.33
2024-08-17,5.33,0.0,0.0,5.33,5.33,5.33,5.33
2024-08-18,5.33,0.0,0.0,5.33,5.33,5.33,5.33
2024-08-19,5.33,0.0,0.0,5.33,5.33,5.33,5.33
2024-08-20,5.33,0.0,0.0,5.33,5.33,5.33,5.33
2024-08-21,5.33,0.0,0.0,5.33,5.33,5.33,5.33
2024-08-22,5.33,0.0,0.0,5.33,5.33,5.33,5.33
2024-08-23,5.33,0.0,0.0,5.33,5.33,5.33,5.33
2024-08-24,5.33,0.0,0.0,5.33,5.33,5.33,5.33
2024-08-25,5.33,0.0,0.0,5.33,5.33,5.33,5.33
2024-08-26,5.33,0.0,0.0,5.33,5.33,5.33,5.33
2024-08-27,5.33,0.0,0.0,5.33,5.33,5.33,5.33
2024-08-28,5.33,0.0,0.0,5.33,5.33,5.33,5.33
2024-08-29,5.33,0.0,0.0,5.33,5.33,5.33,5.33
2024-08-30,5.33,0.0,0.0,5.33,5.33,5.33,5.33
2024-08-31,5.33,0.0,0.0,5.33,5.33,5.33,5.33
2024-09-01,5.13,-0.20000000000000018,-0.03752345215759856,5.323333333333333,5.3277777777777775,5.33,5.33
2024-09-02,5.13,0.0,0.0,5.316666666666666,5.325555555555556,5.33,5.33
2024-09-03,5.13,0.0,0.0,5.3100000000000005,5.323333333333333,5.33,5.33
2024-09-04,5.13,0.0,0.0,5.303333333333333,5.321111111111112,5.33,5.33
2024-09-05,5.13,0.0,0.0,5.296666666666667,5.318888888888889,5.33,5.33
2024-09-06,5.13,0.0,0.0,5.29,5.316666666666666,5.33,5.33
2024-09-07,5.13,0.0,0.0,5.283333333333333,5.314444444444445,5.33,5.33
2024-09-08,5.13,0.0,0.0,5.276666666666667,5.312222222222222,5.13,5.33
2024-09-09,5.13,0.0,0.0,5.2700000000000005,5.31,5.13,5.33
2024-09-10,5.13,0.0,0.0,5.263333333333334,5.307777777777778,5.13,5.33
2024-09-11,5.13,0.0,0.0,5.256666666666666,5.305555555555555,5.13,5.33
2024-09-12,5.13,0.0,0.0,5.25,5.303333333333334,5.13,5.33
2024-09-13,5.13,0.0,0.0,5.243333333333333,5.301111111111111,5.13,5.33
2024-09-14,5.13,0.0,0.0,5.236666666666667,5.2988888888888885,5.13,5.33
2024-09-15,5.13,0.0,0.0,5.23,5.296666666666667,5.13,5.33
2024-09-16,5.13,0.0,0.0,5.223333333333334,5.294444444444444,5.13,5.33
2024-09-17,5.13,0.0,0.0,5.216666666666667,5.292222222222223,5.13,5.33
2024-09-18,5.13,0.0,0.0,5.209999999999999,5.29,5.13,5.33
2024-09-19,5.13,0.0,0.0,5.203333333333333,5.287777777777778,5.13,5.33
2024-09-20,5.13,0.0,0.0,5.196666666666666,5.285555555555556,5.13,5.33
2024-09-21,5.13,0.0,0.0,5.19,5.283333333333333,5.13,5.33
2024-09-22,5.13,0.0,0.0,5.183333333333334,5.2811111111111115,5.13,5.33
2024-09-23,5.13,0.0,0.0,5.176666666666667,5.278888888888888,5.13,5.33
2024-09-24,5.13,0.0,0.0,5.17,5.276666666666666,5.13,5.33
2024-09-25,5.13,0.0,0.0,5.163333333333332,5.274444444444445,5.13,5.33
2024-09-26,5.13,0.0,0.0,5.156666666666666,5.272222222222222,5.13,5.33
2024-09-27,5.13,0.0,0.0,5.15,5.27,5.13,5.33
2024-09-28,5.13,0.0,0.0,5.1433333333333335,5.267777777777778,5.13,5.33
2024-09-29,5.13,0.0,0.0,5.136666666666667,5.265555555555556,5.13,5.33
2024-09-30,5.13,0.0,0.0,5.13,5.263333333333334,5.13,5.33
2024-10-01,4.83,-0.2999999999999998,-0.05847953216374269,5.120000000000001,5.257777777777777,5.13,5.13
2024-10-02,4.83,0.0,0.0,5.109999999999999,5.252222222222222,5.13,5.13
2024-10-03,4.83,0.0,0.0,5.1,5.246666666666667,5.13,5.13
2024-10-04,4.83,0.0,0.0,5.09,5.241111111111111,5.13,5.13
2024-10-05,4.83,0.0,0.0,5.08,5.235555555555555,5.13,5.13
2024-10-06,4.83,0.0,0.0,5.069999999999999,5.2299999999999995,5.13,5.13
2024-10-07,4.83,0.0,0.0,5.0600000000000005,5.224444444444445,5.13,5.13
2024-10-08,4.83,0.0,0.0,5.05,5.2188888888888885,4.83,5.13
2024-10-09,4.83,0.0,0.0,5.04,5.213333333333333,4.83,5.13
2024-10-10,4.83,0.0,0.0,5.03,5.207777777777778,4.83,5.13
2024-10-11,4.83,0.0,0.0,5.02,5.202222222222222,4.83,5.13
2024-10-12,4.83,0.0,0.0,5.010000000000001,5.196666666666666,4.83,5.13
2024-10-13,4.83,0.0,0.0,5.0,5.191111111111111,4.83,5.13
2024-10-14,4.83,0.0,0.0,4.99,5.185555555555556,4.83,5.13
2024-10-15,4.83,0.0,0.0,4.9799999999999995,5.18,4.83,5.13
2024-10-16,4.83,0.0,0.0,4.97,5.174444444444444,4.83,5.13
2024-10-17,4.83,0.0,0.0,4.96,5.1688888888888895,4.83,5.13
2024-10-18,4.83,0.0,0.0,4.95,5.163333333333333,4.83,5.13
2024-10-19,4.83,0.0,0.0,4.94,5.157777777777778,4.83,5.13
2024-10-20,4.83,0.0,0.0,4.930000000000001,5.152222222222222,4.83,5.13
2024-10-21,4.83,0.0,0.0,4.92,5.146666666666667,4.83,5.13
2024-10-22,4.83,0.0,0.0,4.909999999999999,5.141111111111111,4.83,5.13
2024-10-23,4.83,0.0,0.0,4.9,5.135555555555555,4.83,5.13
2024-10-24,4.83,0.0,0.0,4.89,5.13,4.83,5.13
2024-10-25,4.83,0.0,0.0,4.88,5.124444444444444,4.83,5.13
2024-10-26,4.83,0.0,0.0,4.870000000000001,5.118888888888889,4.83,5.13
2024-10-27,4.83,0.0,0.0,4.859999999999999,5.113333333333333,4.83,5.13
2024-10-28,4.83,0.0,0.0,4.85,5.107777777777779,4.83,5.13
2024-10-29,4.83,0.0,0.0,4.84,5.102222222222222,4.83,5.13
2024-10-30,4.83,0.0,0.0,4.83,5.096666666666667,4.83,5.13
2024-10-31,4.83,0.0,0.0,4.83,5.091111111111111,4.83,4.83
2024-11-01,4.64,-0.1900000000000004,-0.03933747412008293,4.823666666666667,5.083444444444445,4.83,4.83
2024-11-02,4.64,0.0,0.0,4.817333333333333,5.075777777777778,4.83,4.83
2024-11-03,4.64,0.0,0.0,4.811000000000001,5.0681111111111115,4.83,4.83
2024-11-04,4.64,0.0,0.0,4.804666666666666,5.060444444444444,4.83,4.83
2024-11-05,4.64,0.0,0.0,4.798333333333334,5.052777777777778,4.83,4.83
2024-11-06,4.64,0.0,0.0,4.792,5.045111111111111,4.83,4.83
2024-11-07,4.64,0.0,0.0,4.785666666666668,5.037444444444445,4.83,4.83
2024-11-08,4.64,0.0,0.0,4.779333333333333,5.0297777777777775,4.64,4.83
2024-11-09,4.64,0.0,0.0,4.773,5.022111111111111,4.64,4.83
2024-11-10,4.64,0.0,0.0,4.766666666666667,5.014444444444445,4.64,4.83
2024-11-11,4.64,0.0,0.0,4.7603333333333335,5.006777777777778,4.64,4.83
2024-11-12,4.64,0.0,0.0,4.7540000000000004,4.999111111111111,4.64,4.83
2024-11-13,4.64,0.0,0.0,4.7476666666666665,4.991444444444444,4.64,4.83
2024-11-14,4.64,0.0,0.0,4.741333333333333,4.983777777777778,4.64,4.83
2024-11-15,4.64,0.0,0.0,4.734999999999999,4.976111111111111,4.64,4.83
2024-11-16,4.64,0.0,0.0,4.728666666666666,4.968444444444444,4.64,4.83
2024-11-17,4.64,0.0,0.0,4.722333333333333,4.9607777777777775,4.64,4.83
2024-11-18,4.64,0.0,0.0,4.715999999999999,4.953111111111111,4.64,4.83
2024-11-19,4.64,0.0,0.0,4.709666666666666,4.945444444444444,4.64,4.83
2024-11-20,4.64,0.0,0.0,4.703333333333333,4.937777777777778,4.64,4.83
2024-11-21,4.64,0.0,0.0,4.697,4.930111111111111,4.64,4.83
2024-11-22,4.64,0.0,0.0,4.690666666666667,4.922444444444445,4.64,4.83
2024-11-23,4.64,0.0,0.0,4.684333333333332,4.914777777777777,4.64,4.83
2024-11-24,4.64,0.0,0.0,4.678,4.907111111111111,4.64,4.83
2024-11-25,4.64,0.0,0.0,4.671666666666666,4.899444444444445,4.64,4.83
2024-11-26,4.64,0.0,0.0,4.665333333333334,4.891777777777778,4.64,4.83
2024-11-27,4.64,0.0,0.0,4.659,4.884111111111111,4.64,4.83
2024-11-28,4.64,0.0,0.0,4.652666666666667,4.876444444444444,4.64,4.83
2024-11-29,4.64,0.0,0.0,4.646333333333333,4.868777777777778,4.64,4.83
2024-11-30,4.64,0.0,0.0,4.64,4.863333333333333,4.64,4.83
2024-12-01,4.48,-0.15999999999999925,-0.0344827586206895,4.634666666666666,4.856111111111111,4.64,4.64
2024-12-02,4.48,0.0,0.0,4.629333333333333,4.848888888888888,4.64,4.64
2024-12-03,4.48,0.0,0.0,4.624,4.841666666666667,4.64,4.64
2024-12-04,4.48,0.0,0.0,4.618666666666667,4.834444444444444,4.64,4.64
2024-12-05,4.48,0.0,0.0,4.613333333333332,4.827222222222222,4.64,4.64
2024-12-06,4.48,0.0,0.0,4.6080000000000005,4.82,4.64,4.64
2024-12-07,4.48,0.0,0.0,4.602666666666666,4.812777777777778,4.64,4.64
2024-12-08,4.48,0.0,0.0,4.597333333333334,4.805555555555555,4.48,4.64
2024-12-09,4.48,0.0,0.0,4.592,4.798333333333334,4.48,4.64
2024-12-10,4.48,0.0,0.0,4.586666666666667,4.791111111111111,4.48,4.64
2024-12-11,4.48,0.0,0.0,4.581333333333333,4.783888888888889,4.48,4.64
2024-12-12,4.48,0.0,0.0,4.576,4.776666666666667,4.48,4.64
2024-12-13,4.48,0.0,0.0,4.570666666666666,4.769444444444445,4.48,4.64
2024-12-14,4.48,0.0,0.0,4.565333333333333,4.7622222222222215,4.48,4.64
2024-12-15,4.48,0.0,0.0,4.5600000000000005,4.755,4.48,4.64
2024-12-16,4.48,0.0,0.0,4.554666666666666,4.747777777777777,4.48,4.64
2024-12-17,4.48,0.0,0.0,4.549333333333334,4.740555555555555,4.48,4.64
2024-12-18,4.48,0.0,0.0,4.544,4.733333333333333,4.48,4.64
2024-12-19,4.48,0.0,0.0,4.538666666666668,4.726111111111111,4.48,4.64
2024-12-20,4.48,0.0,0.0,4.533333333333333,4.7188888888888885,4.48,4.64
2024-12-21,4.48,0.0,0.0,4.5280000000000005,4.711666666666667,4.48,4.64
2024-12-22,4.48,0.0,0.0,4.522666666666667,4.704444444444444,4.48,4.64
2024-12-23,4.48,0.0,0.0,4.517333333333334,4.697222222222222,4.48,4.64
2024-12-24,4.48,0.0,0.0,4.5120000000000005,4.69,4.48,4.64
2024-12-25,4.48,0.0,0.0,4.506666666666667,4.682777777777778,4.48,4.64
2024-12-26,4.48,0.0,0.0,4.501333333333333,4.6755555555555555,4.48,4.64
2024-12-27,4.48,0.0,0.0,4.496,4.668333333333333,4.48,4.64
2024-12-28,4.48,0.0,0.0,4.490666666666667,4.661111111111111,4.48,4.64
2024-12-29,4.48,0.0,0.0,4.485333333333333,4.653888888888888,4.48,4.64
2024-12-30,4.48,0.0,0.0,4.48,4.65,4.48,4.64
2024-12-31,4.48,0.0,0.0,4.48,4.646111111111112,4.48,4.48
2025-01-01,4.33,-0.15000000000000036,-0.033482142857142905,4.4750000000000005,4.640555555555555,4.48,4.48
2025-01-02,4.33,0.0,0.0,4.47,4.635,4.48,4.48
2025-01-03,4.33,0.0,0.0,4.465000000000001,4.629444444444445,4.48,4.48
2025-01-04,4.33,0.0,0.0,4.46,4.62388888888889,4.48,4.48
2025-01-05,4.33,0.0,0.0,4.455,4.618333333333333,4.48,4.48
2025-01-06,4.33,0.0,0.0,4.45,4.612777777777778,4.48,4.48
2025-01-07,4.33,0.0,0.0,4.444999999999999,4.607222222222223,4.48,4.48
2025-01-08,4.33,0.0,0.0,4.44,4.601666666666667,4.33,4.48
2025-01-09,4.33,0.0,0.0,4.4350000000000005,4.596111111111111,4.33,4.48
2025-01-10,4.33,0.0,0.0,4.430000000000001,4.5905555555555555,4.33,4.48
2025-01-11,4.33,0.0,0.0,4.425,4.585,4.33,4.48
2025-01-12,4.33,0.0,0.0,4.420000000000001,4.579444444444444,4.33,4.48
2025-01-13,4.33,0.0,0.0,4.415,4.573888888888889,4.33,4.48
2025-01-14,4.33,0.0,0.0,4.41,4.568333333333333,4.33,4.48
2025-01-15,4.33,0.0,0.0,4.405,4.562777777777778,4.33,4.48
2025-01-16,4.33,0.0,0.0,4.4,4.557222222222222,4.33,4.48
2025-01-17,4.33,0.0,0.0,4.3950000000000005,4.551666666666667,4.33,4.48
2025-01-18,4.33,0.0,0.0,4.390000000000001,4.546111111111111,4.33,4.48
2025-01-19,4.33,0.0,0.0,4.385000000000001,4.540555555555556,4.33,4.48
2025-01-20,4.33,0.0,0.0,4.38,4.535,4.33,4.48
2025-01-21,4.33,0.0,0.0,4.375,4.529444444444445,4.33,4.48
2025-01-22,4.33,0.0,0.0,4.370000000000001,4.523888888888889,4.33,4.48
2025-01-23,4.33,0.0,0.0,4.365,4.518333333333333,4.33,4.48
2025-01-24,4.33,0.0,0.0,4.36,4.512777777777778,4.33,4.48
2025-01-25,4.33,0.0,0.0,4.355,4.5072222222222225,4.33,4.48
2025-01-26,4.33,0.0,0.0,4.35,4.501666666666666,4.33,4.48
2025-01-27,4.33,0.0,0.0,4.345,4.4961111111111105,4.33,4.48
2025-01-28,4.33,0.0,0.0,4.34,4.490555555555556,4.33,4.48
2025-01-29,4.33,0.0,0.0,4.335,4.485,4.33,4.48
2025-01-30,4.33,0.0,0.0,4.33,4.4815555555555555,4.33,4.48
2025-01-31,4.33,0.0,0.0,4.33,4.478111111111111,4.33,4.33
2025-02-01,4.33,0.0,0.0,4.33,4.474666666666667,4.33,4.33
2025-02-02,4.33,0.0,0.0,4.33,4.471222222222223,4.33,4.33
2025-02-03,4.33,0.0,0.0,4.33,4.467777777777777,4.33,4.33
2025-02-04,4.33,0.0,0.0,4.33,4.464333333333333,4.33,4.33
2025-02-05,4.33,0.0,0.0,4.33,4.460888888888889,4.33,4.33
2025-02-06,4.33,0.0,0.0,4.33,4.4574444444444445,4.33,4.33
2025-02-07,4.33,0.0,0.0,4.33,4.454,4.33,4.33
2025-02-08,4.33,0.0,0.0,4.33,4.450555555555556,4.33,4.33
2025-02-09,4.33,0.0,0.0,4.33,4.447111111111111,4.33,4.33
2025-02-10,4.33,0.0,0.0,4.33,4.443666666666667,4.33,4.33
2025-02-11,4.33,0.0,0.0,4.33,4.440222222222223,4.33,4.33
2025-02-12,4.33,0.0,0.0,4.33,4.4367777777777775,4.33,4.33
2025-02-13,4.33,0.0,0.0,4.33,4.433333333333334,4.33,4.33
2025-02-14,4.33,0.0,0.0,4.33,4.429888888888889,4.33,4.33
2025-02-15,4.33,0.0,0.0,4.33,4.426444444444445,4.33,4.33
2025-02-16,4.33,0.0,0.0,4.33,4.423,4.33,4.33
2025-02-17,4.33,0.0,0.0,4.33,4.419555555555555,4.33,4.33
2025-02-18,4.33,0.0,0.0,4.33,4.416111111111111,4.33,4.33
2025-02-19,4.33,0.0,0.0,4.33,4.412666666666667,4.33,4.33
2025-02-20,4.33,0.0,0.0,4.33,4.409222222222222,4.33,4.33
2025-02-21,4.33,0.0,0.0,4.33,4.405777777777778,4.33,4.33
2025-02-22,4.33,0.0,0.0,4.33,4.402333333333334,4.33,4.33
2025-02-23,4.33,0.0,0.0,4.33,4.398888888888889,4.33,4.33
2025-02-24,4.33,0.0,0.0,4.33,4.395444444444444,4.33,4.33
2025-02-25,4.33,0.0,0.0,4.33,4.392,4.33,4.33
2025-02-26,4.33,0.0,0.0,4.33,4.3885555555555555,4.33,4.33
2025-02-27,4.33,0.0,0.0,4.33,4.385111111111112,4.33,4.33
2025-02-28,4.33,0.0,0.0,4.33,4.381666666666667,4.33,4.33
2025-03-01,4.33,0.0,0.0,4.33,4.380000000000001,4.33,4.33
2025-03-02,4.33,0.0,0.0,4.33,4.378333333333334,4.33,4.33
2025-03-03,4.33,0.0,0.0,4.33,4.376666666666666,4.33,4.33
2025-03-04,4.33,0.0,0.0,4.33,4.375,4.33,4.33
2025-03-05,4.33,0.0,0.0,4.33,4.373333333333334,4.33,4.33
2025-03-06,4.33,0.0,0.0,4.33,4.371666666666666,4.33,4.33
2025-03-07,4.33,0.0,0.0,4.33,4.37,4.33,4.33
2025-03-08,4.33,0.0,0.0,4.33,4.368333333333334,4.33,4.33
2025-03-09,4.33,0.0,0.0,4.33,4.366666666666666,4.33,4.33
2025-03-10,4.33,0.0,0.0,4.33,4.365,4.33,4.33
2025-03-11,4.33,0.0,0.0,4.33,4.363333333333333,4.33,4.33
2025-03-12,4.33,0.0,0.0,4.33,4.361666666666666,4.33,4.33
2025-03-13,4.33,0.0,0.0,4.33,4.36,4.33,4.33
2025-03-14,4.33,0.0,0.0,4.33,4.358333333333333,4.33,4.33
2025-03-15,4.33,0.0,0.0,4.33,4.356666666666667,4.33,4.33
2025-03-16,4.33,0.0,0.0,4.33,4.355,4.33,4.33
2025-03-17,4.33,0.0,0.0,4.33,4.3533333333333335,4.33,4.33
2025-03-18,4.33,0.0,0.0,4.33,4.351666666666667,4.33,4.33
2025-03-19,4.33,0.0,0.0,4.33,4.35,4.33,4.33
2025-03-20,4.33,0.0,0.0,4.33,4.348333333333334,4.33,4.33
2025-03-21,4.33,0.0,0.0,4.33,4.346666666666667,4.33,4.33
2025-03-22,4.33,0.0,0.0,4.33,4.345,4.33,4.33
2025-03-23,4.33,0.0,0.0,4.33,4.343333333333334,4.33,4.33
2025-03-24,4.33,0.0,0.0,4.33,4.341666666666667,4.33,4.33
2025-03-25,4.33,0.0,0.0,4.33,4.34,4.33,4.33
2025-03-26,4.33,0.0,0.0,4.33,4.338333333333334,4.33,4.33
2025-03-27,4.33,0.0,0.0,4.33,4.336666666666667,4.33,4.33
2025-03-28,4.33,0.0,0.0,4.33,4.335,4.33,4.33
2025-03-29,4.33,0.0,0.0,4.33,4.333333333333334,4.33,4.33
2025-03-30,4.33,0.0,0.0,4.33,4.331666666666667,4.33,4.33
2025-03-31,4.33,0.0,0.0,4.33,4.33,4.33,4.33
2025-04-01,4.33,0.0,0.0,4.33,4.33,4.33,4.33
2025-04-02,4.33,0.0,0.0,4.33,4.33,4.33,4.33
2025-04-03,4.33,0.0,0.0,4.33,4.33,4.33,4.33
2025-04-04,4.33,0.0,0.0,4.33,4.33,4.33,4.33
2025-04-05,4.33,0.0,0.0,4.33,4.33,4.33,4.33
2025-04-06,4.33,0.0,0.0,4.33,4.33,4.33,4.33
2025-04-07,4.33,0.0,0.0,4.33,4.33,4.33,4.33
2025-04-08,4.33,0.0,0.0,4.33,4.33,4.33,4.33
2025-04-09,4.33,0.0,0.0,4.33,4.33,4.33,4.33
2025-04-10,4.33,0.0,0.0,4.33,4.33,4.33,4.33
2025-04-11,4.33,0.0,0.0,4.33,4.33,4.33,4.33
2025-04-12,4.33,0.0,0.0,4.33,4.33,4.33,4.33
2025-04-13,4.33,0.0,0.0,4.33,4.33,4.33,4.33
2025-04-14,4.33,0.0,0.0,4.33,4.33,4.33,4.33
2025-04-15,4.33,0.0,0.0,4.33,4.33,4.33,4.33
2025-04-16,4.33,0.0,0.0,4.33,4.33,4.33,4.33
2025-04-17,4.33,0.0,0.0,4.33,4.33,4.33,4.33
2025-04-18,4.33,0.0,0.0,4.33,4.33,4.33,4.33
2025-04-19,4.33,0.0,0.0,4.33,4.33,4.33,4.33
2025-04-20,4.33,0.0,0.0,4.33,4.33,4.33,4.33
2025-04-21,4.33,0.0,0.0,4.33,4.33,4.33,4.33
2025-04-22,4.33,0.0,0.0,4.33,4.33,4.33,4.33
2025-04-23,4.33,0.0,0.0,4.33,4.33,4.33,4.33
2025-04-24,4.33,0.0,0.0,4.33,4.33,4.33,4.33
2025-04-25,4.33,0.0,0.0,4.33,4.33,4.33,4.33
2025-04-26,4.33,0.0,0.0,4.33,4.33,4.33,4.33
2025-04-27,4.33,0.0,0.0,4.33,4.33,4.33,4.33
2025-04-28,4.33,0.0,0.0,4.33,4.33,4.33,4.33
2025-04-29,4.33,0.0,0.0,4.33,4.33,4.33,4.33
2025-04-30,4.33,0.0,0.0,4.33,4.33,4.33,4.33
2025-05-01,4.33,0.0,0.0,4.33,4.33,4.33,4.33
2025-05-02,4.33,0.0,0.0,4.33,4.33,4.33,4.33
2025-05-03,4.33,0.0,0.0,4.33,4.33,4.33,4.33
2025-05-04,4.33,0.0,0.0,4.33,4.33,4.33,4.33
2025-05-05,4.33,0.0,0.0,4.33,4.33,4.33,4.33
2025-05-06,4.33,0.0,0.0,4.33,4.33,4.33,4.33
2025-05-07,4.33,0.0,0.0,4.33,4.33,4.33,4.33
2025-05-08,4.33,0.0,0.0,4.33,4.33,4.33,4.33
2025-05-09,4.33,0.0,0.0,4.33,4.33,4.33,4.33
2025-05-10,4.33,0.0,0.0,4.33,4.33,4.33,4.33
2025-05-11,4.33,0.0,0.0,4.33,4.33,4.33,4.33
2025-05-12,4.33,0.0,0.0,4.33,4.33,4.33,4.33
2025-05-13,4.33,0.0,0.0,4.33,4.33,4.33,4.33
2025-05-14,4.33,0.0,0.0,4.33,4.33,4.33,4.33
2025-05-15,4.33,0.0,0.0,4.33,4.33,4.33,4.33
2025-05-16,4.33,0.0,0.0,4.33,4.33,4.33,4.33
2025-05-17,4.33,0.0,0.0,4.33,4.33,4.33,4.33
2025-05-18,4.33,0.0,0.0,4.33,4.33,4.33,4.33
2025-05-19,4.33,0.0,0.0,4.33,4.33,4.33,4.33
2025-05-20,4.33,0.0,0.0,4.33,4.33,4.33,4.33
2025-05-21,4.33,0.0,0.0,4.33,4.33,4.33,4.33
2025-05-22,4.33,0.0,0.0,4.33,4.33,4.33,4.33
2025-05-23,4.33,0.0,0.0,4.33,4.33,4.33,4.33
2025-05-24,4.33,0.0,0.0,4.33,4.33,4.33,4.33
2025-05-25,4.33,0.0,0.0,4.33,4.33,4.33,4.33
2025-05-26,4.33,0.0,0.0,4.33,4.33,4.33,4.33
2025-05-27,4.33,0.0,0.0,4.33,4.33,4.33,4.33
2025-05-28,4.33,0.0,0.0,4.33,4.33,4.33,4.33
2025-05-29,4.33,0.0,0.0,4.33,4.33,4.33,4.33
2025-05-30,4.33,0.0,0.0,4.33,4.33,4.33,4.33
2025-05-31,4.33,0.0,0.0,4.33,4.33,4.33,4.33
2025-06-01,4.33,0.0,0.0,4.33,4.33,4.33,4.33
2025-06-02,4.33,0.0,0.0,4.33,4.33,4.33,4.33
2025-06-03,4.33,0.0,0.0,4.33,4.33,4.33,4.33
2025-06-04,4.33,0.0,0.0,4.33,4.33,4.33,4.33
2025-06-05,4.33,0.0,0.0,4.33,4.33,4.33,4.33
2025-06-06,4.33,0.0,0.0,4.33,4.33,4.33,4.33
2025-06-07,4.33,0.0,0.0,4.33,4.33,4.33,4.33
2025-06-08,4.33,0.0,0.0,4.33,4.33,4.33,4.33
2025-06-09,4.33,0.0,0.0,4.33,4.33,4.33,4.33
2025-06-10,4.33,0.0,0.0,4.33,4.33,4.33,4.33
2025-06-11,4.33,0.0,0.0,4.33,4.33,4.33,4.33
2025-06-12,4.33,0.0,0.0,4.33,4.33,4.33,4.33
2025-06-13,4.33,0.0,0.0,4.33,4.33,4.33,4.33
2025-06-14,4.33,0.0,0.0,4.33,4.33,4.33,4.33
2025-06-15,4.33,0.0,0.0,4.33,4.33,4.33,4.33
2025-06-16,4.33,0.0,0.0,4.33,4.33,4.33,4.33
2025-06-17,4.33,0.0,0.0,4.33,4.33,4.33,4.33
2025-06-18,4.33,0.0,0.0,4.33,4.33,4.33,4.33
2025-06-19,4.33,0.0,0.0,4.33,4.33,4.33,4.33
2025-06-20,4.33,0.0,0.0,4.33,4.33,4.33,4.33
2025-06-21,4.33,0.0,0.0,4.33,4.33,4.33,4.33
2025-06-22,4.33,0.0,0.0,4.33,4.33,4.33,4.33
2025-06-23,4.33,0.0,0.0,4.33,4.33,4.33,4.33
2025-06-24,4.33,0.0,0.0,4.33,4.33,4.33,4.33
2025-06-25,4.33,0.0,0.0,4.33,4.33,4.33,4.33
2025-06-26,4.33,0.0,0.0,4.33,4.33,4.33,4.33
2025-06-27,4.33,0.0,0.0,4.33,4.33,4.33,4.33
2025-06-28,4.33,0.0,0.0,4.33,4.33,4.33,4.33
2025-06-29,4.33,0.0,0.0,4.33,4.33,4.33,4.33
2025-06-30,4.33,0.0,0.0,4.33,4.33,4.33,4.33
2025-07-01,4.33,0.0,0.0,4.33,4.33,4.33,4.33
2025-07-02,4.33,0.0,0.0,4.33,4.33,4.33,4.33
2025-07-03,4.33,0.0,0.0,4.33,4.33,4.33,4.33
2025-07-04,4.33,0.0,0.0,4.33,4.33,4.33,4.33
2025-07-05,4.33,0.0,0.0,4.33,4.33,4.33,4.33
2025-07-06,4.33,0.0,0.0,4.33,4.33,4.33,4.33
2025-07-07,4.33,0.0,0.0,4.33,4.33,4.33,4.33
2025-07-08,4.33,0.0,0.0,4.33,4.33,4.33,4.33
2025-07-09,4.33,0.0,0.0,4.33,4.33,4.33,4.33
2025-07-10,4.33,0.0,0.0,4.33,4.33,4.33,4.33
2025-07-11,4.33,0.0,0.0,4.33,4.33,4.33,4.33
2025-07-12,4.33,0.0,0.0,4.33,4.33,4.33,4.33
2025-07-13,4.33,0.0,0.0,4.33,4.33,4.33,4.33
2025-07-14,4.33,0.0,0.0,4.33,4.33,4.33,4.33
2025-07-15,4.33,0.0,0.0,4.33,4.33,4.33,4.33
2025-07-16,4.33,0.0,0.0,4.33,4.33,4.33,4.33
2025-07-17,4.33,0.0,0.0,4.33,4.33,4.33,4.33
2025-07-18,4.33,0.0,0.0,4.33,4.33,4.33,4.33
2025-07-19,4.33,0.0,0.0,4.33,4.33,4.33,4.33
2025-07-20,4.33,0.0,0.0,4.33,4.33,4.33,4.33
2025-07-21,4.33,0.0,0.0,4.33,4.33,4.33,4.33
2025-07-22,4.33,0.0,0.0,4.33,4.33,4.33,4.33
2025-07-23,4.33,0.0,0.0,4.33,4.33,4.33,4.33
2025-07-24,4.33,0.0,0.0,4.33,4.33,4.33,4.33
2025-07-25,4.33,0.0,0.0,4.33,4.33,4.33,4.33
2025-07-26,4.33,0.0,0.0,4.33,4.33,4.33,4.33
2025-07-27,4.33,0.0,0.0,4.33,4.33,4.33,4.33
2025-07-28,4.33,0.0,0.0,4.33,4.33,4.33,4.33
2025-07-29,4.33,0.0,0.0,4.33,4.33,4.33,4.33
2025-07-30,4.33,0.0,0.0,4.33,4.33,4.33,4.33
2025-07-31,4.33,0.0,0.0,4.33,4.33,4.33,4.33
2025-08-01,4.33,0.0,0.0,4.33,4.33,4.33,4.33
2025-08-02,4.33,0.0,0.0,4.33,4.33,4.33,4.33
2025-08-03,4.33,0.0,0.0,4.33,4.33,4.33,4.33
2025-08-04,4.33,0.0,0.0,4.33,4.33,4.33,4.33
2025-08-05,4.33,0.0,0.0,4.33,4.33,4.33,4.33
2025-08-06,4.33,0.0,0.0,4.33,4.33,4.33,4.33
2025-08-07,4.33,0.0,0.0,4.33,4.33,4.33,4.33
2025-08-08,4.33,0.0,0.0,4.33,4.33,4.33,4.33
2025-08-09,4.33,0.0,0.0,4.33,4.33,4.33,4.33
2025-08-10,4.33,0.0,0.0,4.33,4.33,4.33,4.33
2025-08-11,4.33,0.0,0.0,4.33,4.33,4.33,4.33
2025-08-12,4.33,0.0,0.0,4.33,4.33,4.33,4.33
2025-08-13,4.33,0.0,0.0,4.33,4.33,4.33,4.33
2025-08-14,4.33,0.0,0.0,4.33,4.33,4.33,4.33
2025-08-15,4.33,0.0,0.0,4.33,4.33,4.33,4.33
2025-08-16,4.33,0.0,0.0,4.33,4.33,4.33,4.33
2025-08-17,4.33,0.0,0.0,4.33,4.33,4.33,4.33
2025-08-18,4.33,0.0,0.0,4.33,4.33,4.33,4.33
2025-08-19,4.33,0.0,0.0,4.33,4.33,4.33,4.33
2025-08-20,4.33,0.0,0.0,4.33,4.33,4.33,4.33
2025-08-21,4.33,0.0,0.0,4.33,4.33,4.33,4.33
2025-08-22,4.33,0.0,0.0,4.33,4.33,4.33,4.33
2025-08-23,4.33,0.0,0.0,4.33,4.33,4.33,4.33
2025-08-24,4.33,0.0,0.0,4.33,4.33,4.33,4.33
2025-08-25,4.33,0.0,0.0,4.33,4.33,4.33,4.33
2025-08-26,4.33,0.0,0.0,4.33,4.33,4.33,4.33
2025-08-27,4.33,0.0,0.0,4.33,4.33,4.33,4.33
2025-08-28,4.33,0.0,0.0,4.33,4.33,4.33,4.33
2025-08-29,4.33,0.0,0.0,4.33,4.33,4.33,4.33
2025-08-30,4.33,0.0,0.0,4.33,4.33,4.33,4.33
2025-08-31,4.33,0.0,0.0,4.33,4.33,4.33,4.33
2025-09-01,4.22,-0.11000000000000032,-0.025404157043879994,4.326333333333333,4.328777777777778,4.33,4.33
2025-09-02,4.22,0.0,0.0,4.322666666666667,4.327555555555556,4.33,4.33
2025-09-03,4.22,0.0,0.0,4.319,4.326333333333333,4.33,4.33
2025-09-04,4.22,0.0,0.0,4.315333333333333,4.325111111111111,4.33,4.33
2025-09-05,4.22,0.0,0.0,4.3116666666666665,4.323888888888889,4.33,4.33
2025-09-06,4.22,0.0,0.0,4.308000000000001,4.322666666666667,4.33,4.33
2025-09-07,4.22,0.0,0.0,4.304333333333333,4.321444444444444,4.33,4.33
2025-09-08,4.22,0.0,0.0,4.300666666666667,4.320222222222222,4.22,4.33
2025-09-09,4.22,0.0,0.0,4.297,4.319000000000001,4.22,4.33
2025-09-10,4.22,0.0,0.0,4.293333333333334,4.317777777777778,4.22,4.33
2025-09-11,4.22,0.0,0.0,4.289666666666666,4.3165555555555555,4.22,4.33
2025-09-12,4.22,0.0,0.0,4.2860000000000005,4.315333333333333,4.22,4.33
2025-09-13,4.22,0.0,0.0,4.282333333333333,4.314111111111112,4.22,4.33
2025-09-14,4.22,0.0,0.0,4.278666666666666,4.312888888888889,4.22,4.33
2025-09-15,4.22,0.0,0.0,4.275,4.3116666666666665,4.22,4.33
2025-09-16,4.22,0.0,0.0,4.271333333333333,4.310444444444444,4.22,4.33
2025-09-17,4.22,0.0,0.0,4.267666666666667,4.309222222222222,4.22,4.33
2025-09-18,4.22,0.0,0.0,4.264,4.308,4.22,4.33
2025-09-19,4.22,0.0,0.0,4.2603333333333335,4.306777777777778,4.22,4.33
2025-09-20,4.22,0.0,0.0,4.256666666666667,4.305555555555555,4.22,4.33
2025-09-21,4.22,0.0,0.0,4.253,4.304333333333333,4.22,4.33
2025-09-22,4.22,0.0,0.0,4.249333333333333,4.303111111111111,4.22,4.33
2025-09-23,4.22,0.0,0.0,4.245666666666667,4.301888888888889,4.22,4.33
2025-09-24,4.22,0.0,0.0,4.242,4.300666666666666,4.22,4.33
2025-09-25,4.22,0.0,0.0,4.238333333333333,4.299444444444444,4.22,4.33
2025-09-26,4.22,0.0,0.0,4.234666666666667,4.298222222222223,4.22,4.33
2025-09-27,4.22,0.0,0.0,4.231,4.297000000000001,4.22,4.33
2025-09-28,4.22,0.0,0.0,4.227333333333333,4.2957777777777775,4.22,4.33
2025-09-29,4.22,0.0,0.0,4.223666666666666,4.294555555555555,4.22,4.33
2025-09-30,4.22,0.0,0.0,4.22,4.293333333333334,4.22,4.33
2025-10-01,4.09,-0.1299999999999999,-0.0308056872037914,4.2156666666666665,4.290666666666667,4.22,4.22
2025-10-02,4.09,0.0,0.0,4.211333333333333,4.287999999999999,4.22,4.22
2025-10-03,4.09,0.0,0.0,4.207,4.285333333333333,4.22,4.22
2025-10-04,4.09,0.0,0.0,4.2026666666666666,4.282666666666667,4.22,4.22
2025-10-05,4.09,0.0,0.0,4.198333333333333,4.28,4.22,4.22
2025-10-06,4.09,0.0,0.0,4.194,4.277333333333333,4.22,4.22
2025-10-07,4.09,0.0,0.0,4.189666666666667,4.274666666666667,4.22,4.22
2025-10-08,4.09,0.0,0.0,4.185333333333333,4.271999999999999,4.09,4.22
2025-10-09,4.09,0.0,0.0,4.181,4.269333333333334,4.09,4.22
2025-10-10,4.09,0.0,0.0,4.176666666666667,4.266666666666667,4.09,4.22
2025-10-11,4.09,0.0,0.0,4.1723333333333334,4.264,4.09,4.22
2025-10-12,4.09,0.0,0.0,4.168,4.261333333333333,4.09,4.22
2025-10-13,4.09,0.0,0.0,4.163666666666667,4.258666666666667,4.09,4.22
2025-10-14,4.09,0.0,0.0,4.1593333333333335,4.256,4.09,4.22
2025-10-15,4.09,0.0,0.0,4.154999999999999,4.253333333333334,4.09,4.22
2025-10-16,4.09,0.0,0.0,4.150666666666666,4.250666666666667,4.09,4.22
2025-10-17,4.09,0.0,0.0,4.146333333333333,4.248,4.09,4.22
2025-10-18,4.09,0.0,0.0,4.1419999999999995,4.245333333333333,4.09,4.22
2025-10-19,4.09,0.0,0.0,4.137666666666666,4.242666666666667,4.09,4.22
2025-10-20,4.09,0.0,0.0,4.133333333333334,4.239999999999999,4.09,4.22
2025-10-21,4.09,0.0,0.0,4.129,4.237333333333334,4.09,4.22
2025-10-22,4.09,0.0,0.0,4.124666666666666,4.234666666666667,4.09,4.22
2025-10-23,4.09,0.0,0.0,4.120333333333333,4.232,4.09,4.22
2025-10-24,4.09,0.0,0.0,4.116,4.229333333333333,4.09,4.22
2025-10-25,4.09,0.0,0.0,4.111666666666666,4.2266666666666675,4.09,4.22
2025-10-26,4.09,0.0,0.0,4.107333333333333,4.223999999999999,4.09,4.22
2025-10-27,4.09,0.0,0.0,4.103,4.221333333333333,4.09,4.22
2025-10-28,4.09,0.0,0.0,4.098666666666667,4.218666666666667,4.09,4.22
2025-10-29,4.09,0.0,0.0,4.094333333333333,4.216,4.09,4.22
2025-10-30,4.09,0.0,0.0,4.09,4.213333333333333,4.09,4.22
2025-10-31,4.09,0.0,0.0,4.09,4.210666666666667,4.09,4.09
2025-11-01,3.88,-0.20999999999999996,-0.05134474327628358,4.083,4.205666666666667,4.09,4.09
