date,gdp,gdp_change,gdp_pct_change,gdp_lag7,gdp_lag30
2000-01-01,10002.179,,,,
2000-01-02,10002.179,0.0,0.0,,
2000-01-03,10002.179,0.0,0.0,,
2000-01-04,10002.179,0.0,0.0,,
2000-01-05,10002.179,0.0,0.0,,
2000-01-06,10002.179,0.0,0.0,,
2000-01-07,10002.179,0.0,0.0,,
2000-01-08,10002.179,0.0,0.0,10002.179,
2000-01-09,10002.179,0.0,0.0,10002.179,
2000-01-10,10002.179,0.0,0.0,10002.179,
2000-01-11,10002.179,0.0,0.0,10002.179,
2000-01-12,10002.179,0.0,0.0,10002.179,
2000-01-13,10002.179,0.0,0.0,10002.179,
2000-01-14,10002.179,0.0,0.0,10002.179,
2000-01-15,10002.179,0.0,0.0,10002.179,
2000-01-16,10002.179,0.0,0.0,10002.179,
2000-01-17,10002.179,0.0,0.0,10002.179,
2000-01-18,10002.179,0.0,0.0,10002.179,
2000-01-19,10002.179,0.0,0.0,10002.179,
2000-01-20,10002.179,0.0,0.0,10002.179,
2000-01-21,10002.179,0.0,0.0,10002.179,
2000-01-22,10002.179,0.0,0.0,10002.179,
2000-01-23,10002.179,0.0,0.0,10002.179,
2000-01-24,10002.179,0.0,0.0,10002.179,
2000-01-25,10002.179,0.0,0.0,10002.179,
2000-01-26,10002.179,0.0,0.0,10002.179,
2000-01-27,10002.179,0.0,0.0,10002.179,
2000-01-28,10002.179,0.0,0.0,10002.179,
2000-01-29,10002.179,0.0,0.0,10002.179,
2000-01-30,10002.179,0.0,0.0,10002.179,
2000-01-31,10002.179,0.0,0.0,10002.179,10002.179
2000-02-01,10002.179,0.0,0.0,10002.179,10002.179
2000-02-02,10002.179,0.0,0.0,10002.179,10002.179
2000-02-03,10002.179,0.0,0.0,10002.179,10002.179
2000-02-04,10002.179,0.0,0.0,10002.179,10002.179
2000-02-05,10002.179,0.0,0.0,10002.179,10002.179
2000-02-06,10002.179,0.0,0.0,10002.179,10002.179
2000-02-07,10002.179,0.0,0.0,10002.179,10002.179
2000-02-08,10002.179,0.0,0.0,10002.179,10002.179
2000-02-09,10002.179,0.0,0.0,10002.179,10002.179
2000-02-10,10002.179,0.0,0.0,10002.179,10002.179
2000-02-11,10002.179,0.0,0.0,10002.179,10002.179
2000-02-12,10002.179,0.0,0.0,10002.179,10002.179
2000-02-13,10002.179,0.0,0.0,10002.179,10002.179
2000-02-14,10002.179,0.0,0.0,10002.179,10002.179
2000-02-15,10002.179,0.0,0.0,10002.179,10002.179
2000-02-16,10002.179,0.0,0.0,10002.179,10002.179
2000-02-17,10002.179,0.0,0.0,10002.179,10002.179
2000-02-18,10002.179,0.0,0.0,10002.179,10002.179
2000-02-19,10002.179,0.0,0.0,10002.179,10002.179
2000-02-20,10002.179,0.0,0.0,10002.179,10002.179
2000-02-21,10002.179,0.0,0.0,10002.179,10002.179
2000-02-22,10002.179,0.0,0.0,10002.179,10002.179
2000-02-23,10002.179,0.0,0.0,10002.179,10002.179
2000-02-24,10002.179,0.0,0.0,10002.179,10002.179
2000-02-25,10002.179,0.0,0.0,10002.179,10002.179
2000-02-26,10002.179,0.0,0.0,10002.179,10002.179
2000-02-27,10002.179,0.0,0.0,10002.179,10002.179
2000-02-28,10002.179,0.0,0.0,10002.179,10002.179
2000-02-29,10002.179,0.0,0.0,10002.179,10002.179
2000-03-01,10002.179,0.0,0.0,10002.179,10002.179
2000-03-02,10002.179,0.0,0.0,10002.179,10002.179
2000-03-03,10002.179,0.0,0.0,10002.179,10002.179
2000-03-04,10002.179,0.0,0.0,10002.179,10002.179
2000-03-05,10002.179,0.0,0.0,10002.179,10002.179
2000-03-06,10002.179,0.0,0.0,10002.179,10002.179
2000-03-07,10002.179,0.0,0.0,10002.179,10002.179
2000-03-08,10002.179,0.0,0.0,10002.179,10002.179
2000-03-09,10002.179,0.0,0.0,10002.179,10002.179
2000-03-10,10002.179,0.0,0.0,10002.179,10002.179
2000-03-11,10002.179,0.0,0.0,10002.179,10002.179
2000-03-12,10002.179,0.0,0.0,10002.179,10002.179
2000-03-13,10002.179,0.0,0.0,10002.179,10002.179
2000-03-14,10002.179,0.0,0.0,10002.179,10002.179
2000-03-15,10002.179,0.0,0.0,10002.179,10002.179
2000-03-16,10002.179,0.0,0.0,10002.179,10002.179
2000-03-17,10002.179,0.0,0.0,10002.179,10002.179
2000-03-18,10002.179,0.0,0.0,10002.179,10002.179
2000-03-19,10002.179,0.0,0.0,10002.179,10002.179
2000-03-20,10002.179,0.0,0.0,10002.179,10002.179
2000-03-21,10002.179,0.0,0.0,10002.179,10002.179
2000-03-22,10002.179,0.0,0.0,10002.179,10002.179
2000-03-23,10002.179,0.0,0.0,10002.179,10002.179
2000-03-24,10002.179,0.0,0.0,10002.179,10002.179
2000-03-25,10002.179,0.0,0.0,10002.179,10002.179
2000-03-26,10002.179,0.0,0.0,10002.179,10002.179
2000-03-27,10002.179,0.0,0.0,10002.179,10002.179
2000-03-28,10002.179,0.0,0.0,10002.179,10002.179
2000-03-29,10002.179,0.0,0.0,10002.179,10002.179
2000-03-30,10002.179,0.0,0.0,10002.179,10002.179
2000-03-31,10002.179,0.0,0.0,10002.179,10002.179
2000-04-01,10247.72,245.54099999999926,0.024548750827194654,10002.179,10002.179
2000-04-02,10247.72,0.0,0.0,10002.179,10002.179
2000-04-03,10247.72,0.0,0.0,10002.179,10002.179
2000-04-04,10247.72,0.0,0.0,10002.179,10002.179
2000-04-05,10247.72,0.0,0.0,10002.179,10002.179
2000-04-06,10247.72,0.0,0.0,10002.179,10002.179
2000-04-07,10247.72,0.0,0.0,10002.179,10002.179
2000-04-08,10247.72,0.0,0.0,10247.72,10002.179
2000-04-09,10247.72,0.0,0.0,10247.72,10002.179
2000-04-10,10247.72,0.0,0.0,10247.72,10002.179
2000-04-11,10247.72,0.0,0.0,10247.72,10002.179
2000-04-12,10247.72,0.0,0.0,10247.72,10002.179
2000-04-13,10247.72,0.0,0.0,10247.72,10002.179
2000-04-14,10247.72,0.0,0.0,10247.72,10002.179
2000-04-15,10247.72,0.0,0.0,10247.72,10002.179
2000-04-16,10247.72,0.0,0.0,10247.72,10002.179
2000-04-17,10247.72,0.0,0.0,10247.72,10002.179
2000-04-18,10247.72,0.0,0.0,10247.72,10002.179
2000-04-19,10247.72,0.0,0.0,10247.72,10002.179
2000-04-20,10247.72,0.0,0.0,10247.72,10002.179
2000-04-21,10247.72,0.0,0.0,10247.72,10002.179
2000-04-22,10247.72,0.0,0.0,10247.72,10002.179
2000-04-23,10247.72,0.0,0.0,10247.72,10002.179
2000-04-24,10247.72,0.0,0.0,10247.72,10002.179
2000-04-25,10247.72,0.0,0.0,10247.72,10002.179
2000-04-26,10247.72,0.0,0.0,10247.72,10002.179
2000-04-27,10247.72,0.0,0.0,10247.72,10002.179
2000-04-28,10247.72,0.0,0.0,10247.72,10002.179
2000-04-29,10247.72,0.0,0.0,10247.72,10002.179
2000-04-30,10247.72,0.0,0.0,10247.72,10002.179
2000-05-01,10247.72,0.0,0.0,10247.72,10247.72
2000-05-02,10247.72,0.0,0.0,10247.72,10247.72
2000-05-03,10247.72,0.0,0.0,10247.72,10247.72
2000-05-04,10247.72,0.0,0.0,10247.72,10247.72
2000-05-05,10247.72,0.0,0.0,10247.72,10247.72
2000-05-06,10247.72,0.0,0.0,10247.72,10247.72
2000-05-07,10247.72,0.0,0.0,10247.72,10247.72
2000-05-08,10247.72,0.0,0.0,10247.72,10247.72
2000-05-09,10247.72,0.0,0.0,10247.72,10247.72
2000-05-10,10247.72,0.0,0.0,10247.72,10247.72
2000-05-11,10247.72,0.0,0.0,10247.72,10247.72
2000-05-12,10247.72,0.0,0.0,10247.72,10247.72
2000-05-13,10247.72,0.0,0.0,10247.72,10247.72
2000-05-14,10247.72,0.0,0.0,10247.72,10247.72
2000-05-15,10247.72,0.0,0.0,10247.72,10247.72
2000-05-16,10247.72,0.0,0.0,10247.72,10247.72
2000-05-17,10247.72,0.0,0.0,10247.72,10247.72
2000-05-18,10247.72,0.0,0.0,10247.72,10247.72
2000-05-19,10247.72,0.0,0.0,10247.72,10247.72
2000-05-20,10247.72,0.0,0.0,10247.72,10247.72
2000-05-21,10247.72,0.0,0.0,10247.72,10247.72
2000-05-22,10247.72,0.0,0.0,10247.72,10247.72
2000-05-23,10247.72,0.0,0.0,10247.72,10247.72
2000-05-24,10247.72,0.0,0.0,10247.72,10247.72
2000-05-25,10247.72,0.0,0.0,10247.72,10247.72
2000-05-26,10247.72,0.0,0.0,10247.72,10247.72
2000-05-27,10247.72,0.0,0.0,10247.72,10247.72
2000-05-28,10247.72,0.0,0.0,10247.72,10247.72
2000-05-29,10247.72,0.0,0.0,10247.72,10247.72
2000-05-30,10247.72,0.0,0.0,10247.72,10247.72
2000-05-31,10247.72,0.0,0.0,10247.72,10247.72
2000-06-01,10247.72,0.0,0.0,10247.72,10247.72
2000-06-02,10247.72,0.0,0.0,10247.72,10247.72
2000-06-03,10247.72,0.0,0.0,10247.72,10247.72
2000-06-04,10247.72,0.0,0.0,10247.72,10247.72
2000-06-05,10247.72,0.0,0.0,10247.72,10247.72
2000-06-06,10247.72,0.0,0.0,10247.72,10247.72
2000-06-07,10247.72,0.0,0.0,10247.72,10247.72
2000-06-08,10247.72,0.0,0.0,10247.72,10247.72
2000-06-09,10247.72,0.0,0.0,10247.72,10247.72
2000-06-10,10247.72,0.0,0.0,10247.72,10247.72
2000-06-11,10247.72,0.0,0.0,10247.72,10247.72
2000-06-12,10247.72,0.0,0.0,10247.72,10247.72
2000-06-13,10247.72,0.0,0.0,10247.72,10247.72
2000-06-14,10247.72,0.0,0.0,10247.72,10247.72
2000-06-15,10247.72,0.0,0.0,10247.72,10247.72
2000-06-16,10247.72,0.0,0.0,10247.72,10247.72
2000-06-17,10247.72,0.0,0.0,10247.72,10247.72
2000-06-18,10247.72,0.0,0.0,10247.72,10247.72
2000-06-19,10247.72,0.0,0.0,10247.72,10247.72
2000-06-20,10247.72,0.0,0.0,10247.72,10247.72
2000-06-21,10247.72,0.0,0.0,10247.72,10247.72
2000-06-22,10247.72,0.0,0.0,10247.72,10247.72
2000-06-23,10247.72,0.0,0.0,10247.72,10247.72
2000-06-24,10247.72,0.0,0.0,10247.72,10247.72
2000-06-25,10247.72,0.0,0.0,10247.72,10247.72
2000-06-26,10247.72,0.0,0.0,10247.72,10247.72
2000-06-27,10247.72,0.0,0.0,10247.72,10247.72
2000-06-28,10247.72,0.0,0.0,10247.72,10247.72
2000-06-29,10247.72,0.0,0.0,10247.72,10247.72
2000-06-30,10247.72,0.0,0.0,10247.72,10247.72
2000-07-01,10318.165,70.44500000000153,0.006874212019844617,10247.72,10247.72
2000-07-02,10318.165,0.0,0.0,10247.72,10247.72
2000-07-03,10318.165,0.0,0.0,10247.72,10247.72
2000-07-04,10318.165,0.0,0.0,10247.72,10247.72
2000-07-05,10318.165,0.0,0.0,10247.72,10247.72
2000-07-06,10318.165,0.0,0.0,10247.72,10247.72
2000-07-07,10318.165,0.0,0.0,10247.72,10247.72
2000-07-08,10318.165,0.0,0.0,10318.165,10247.72
2000-07-09,10318.165,0.0,0.0,10318.165,10247.72
2000-07-10,10318.165,0.0,0.0,10318.165,10247.72
2000-07-11,10318.165,0.0,0.0,10318.165,10247.72
2000-07-12,10318.165,0.0,0.0,10318.165,10247.72
2000-07-13,10318.165,0.0,0.0,10318.165,10247.72
2000-07-14,10318.165,0.0,0.0,10318.165,10247.72
2000-07-15,10318.165,0.0,0.0,10318.165,10247.72
2000-07-16,10318.165,0.0,0.0,10318.165,10247.72
2000-07-17,10318.165,0.0,0.0,10318.165,10247.72
2000-07-18,10318.165,0.0,0.0,10318.165,10247.72
2000-07-19,10318.165,0.0,0.0,10318.165,10247.72
2000-07-20,10318.165,0.0,0.0,10318.165,10247.72
2000-07-21,10318.165,0.0,0.0,10318.165,10247.72
2000-07-22,10318.165,0.0,0.0,10318.165,10247.72
2000-07-23,10318.165,0.0,0.0,10318.165,10247.72
2000-07-24,10318.165,0.0,0.0,10318.165,10247.72
2000-07-25,10318.165,0.0,0.0,10318.165,10247.72
2000-07-26,10318.165,0.0,0.0,10318.165,10247.72
2000-07-27,10318.165,0.0,0.0,10318.165,10247.72
2000-07-28,10318.165,0.0,0.0,10318.165,10247.72
2000-07-29,10318.165,0.0,0.0,10318.165,10247.72
2000-07-30,10318.165,0.0,0.0,10318.165,10247.72
2000-07-31,10318.165,0.0,0.0,10318.165,10318.165
2000-08-01,10318.165,0.0,0.0,10318.165,10318.165
2000-08-02,10318.165,0.0,0.0,10318.165,10318.165
2000-08-03,10318.165,0.0,0.0,10318.165,10318.165
2000-08-04,10318.165,0.0,0.0,10318.165,10318.165
2000-08-05,10318.165,0.0,0.0,10318.165,10318.165
2000-08-06,10318.165,0.0,0.0,10318.165,10318.165
2000-08-07,10318.165,0.0,0.0,10318.165,10318.165
2000-08-08,10318.165,0.0,0.0,10318.165,10318.165
2000-08-09,10318.165,0.0,0.0,10318.165,10318.165
2000-08-10,10318.165,0.0,0.0,10318.165,10318.165
2000-08-11,10318.165,0.0,0.0,10318.165,10318.165
2000-08-12,10318.165,0.0,0.0,10318.165,10318.165
2000-08-13,10318.165,0.0,0.0,10318.165,10318.165
2000-08-14,10318.165,0.0,0.0,10318.165,10318.165
2000-08-15,10318.165,0.0,0.0,10318.165,10318.165
2000-08-16,10318.165,0.0,0.0,10318.165,10318.165
2000-08-17,10318.165,0.0,0.0,10318.165,10318.165
2000-08-18,10318.165,0.0,0.0,10318.165,10318.165
2000-08-19,10318.165,0.0,0.0,10318.165,10318.165
2000-08-20,10318.165,0.0,0.0,10318.165,10318.165
2000-08-21,10318.165,0.0,0.0,10318.165,10318.165
2000-08-22,10318.165,0.0,0.0,10318.165,10318.165
2000-08-23,10318.165,0.0,0.0,10318.165,10318.165
2000-08-24,10318.165,0.0,0.0,10318.165,10318.165
2000-08-25,10318.165,0.0,0.0,10318.165,10318.165
2000-08-26,10318.165,0.0,0.0,10318.165,10318.165
2000-08-27,10318.165,0.0,0.0,10318.165,10318.165
2000-08-28,10318.165,0.0,0.0,10318.165,10318.165
2000-08-29,10318.165,0.0,0.0,10318.165,10318.165
2000-08-30,10318.165,0.0,0.0,10318.165,10318.165
2000-08-31,10318.165,0.0,0.0,10318.165,10318.165
2000-09-01,10318.165,0.0,0.0,10318.165,10318.165
2000-09-02,10318.165,0.0,0.0,10318.165,10318.165
2000-09-03,10318.165,0.0,0.0,10318.165,10318.165
2000-09-04,10318.165,0.0,0.0,10318.165,10318.165
2000-09-05,10318.165,0.0,0.0,10318.165,10318.165
2000-09-06,10318.165,0.0,0.0,10318.165,10318.165
2000-09-07,10318.165,0.0,0.0,10318.165,10318.165
2000-09-08,10318.165,0.0,0.0,10318.165,10318.165
2000-09-09,10318.165,0.0,0.0,10318.165,10318.165
2000-09-10,10318.165,0.0,0.0,10318.165,10318.165
2000-09-11,10318.165,0.0,0.0,10318.165,10318.165
2000-09-12,10318.165,0.0,0.0,10318.165,10318.165
2000-09-13,10318.165,0.0,0.0,10318.165,10318.165
2000-09-14,10318.165,0.0,0.0,10318.165,10318.165
2000-09-15,10318.165,0.0,0.0,10318.165,10318.165
2000-09-16,10318.165,0.0,0.0,10318.165,10318.165
2000-09-17,10318.165,0.0,0.0,10318.165,10318.165
2000-09-18,10318.165,0.0,0.0,10318.165,10318.165
2000-09-19,10318.165,0.0,0.0,10318.165,10318.165
2000-09-20,10318.165,0.0,0.0,10318.165,10318.165
2000-09-21,10318.165,0.0,0.0,10318.165,10318.165
2000-09-22,10318.165,0.0,0.0,10318.165,10318.165
2000-09-23,10318.165,0.0,0.0,10318.165,10318.165
2000-09-24,10318.165,0.0,0.0,10318.165,10318.165
2000-09-25,10318.165,0.0,0.0,10318.165,10318.165
2000-09-26,10318.165,0.0,0.0,10318.165,10318.165
2000-09-27,10318.165,0.0,0.0,10318.165,10318.165
2000-09-28,10318.165,0.0,0.0,10318.165,10318.165
2000-09-29,10318.165,0.0,0.0,10318.165,10318.165
2000-09-30,10318.165,0.0,0.0,10318.165,10318.165
2000-10-01,10435.744,117.57899999999972,0.011395340159805478,10318.165,10318.165
2000-10-02,10435.744,0.0,0.0,10318.165,10318.165
2000-10-03,10435.744,0.0,0.0,10318.165,10318.165
2000-10-04,10435.744,0.0,0.0,10318.165,10318.165
2000-10-05,10435.744,0.0,0.0,10318.165,10318.165
2000-10-06,10435.744,0.0,0.0,10318.165,10318.165
2000-10-07,10435.744,0.0,0.0,10318.165,10318.165
2000-10-08,10435.744,0.0,0.0,10435.744,10318.165
2000-10-09,10435.744,0.0,0.0,10435.744,10318.165
2000-10-10,10435.744,0.0,0.0,10435.744,10318.165
2000-10-11,10435.744,0.0,0.0,10435.744,10318.165
2000-10-12,10435.744,0.0,0.0,10435.744,10318.165
2000-10-13,10435.744,0.0,0.0,10435.744,10318.165
2000-10-14,10435.744,0.0,0.0,10435.744,10318.165
2000-10-15,10435.744,0.0,0.0,10435.744,10318.165
2000-10-16,10435.744,0.0,0.0,10435.744,10318.165
2000-10-17,10435.744,0.0,0.0,10435.744,10318.165
2000-10-18,10435.744,0.0,0.0,10435.744,10318.165
2000-10-19,10435.744,0.0,0.0,10435.744,10318.165
2000-10-20,10435.744,0.0,0.0,10435.744,10318.165
2000-10-21,10435.744,0.0,0.0,10435.744,10318.165
2000-10-22,10435.744,0.0,0.0,10435.744,10318.165
2000-10-23,10435.744,0.0,0.0,10435.744,10318.165
2000-10-24,10435.744,0.0,0.0,10435.744,10318.165
2000-10-25,10435.744,0.0,0.0,10435.744,10318.165
2000-10-26,10435.744,0.0,0.0,10435.744,10318.165
2000-10-27,10435.744,0.0,0.0,10435.744,10318.165
2000-10-28,10435.744,0.0,0.0,10435.744,10318.165
2000-10-29,10435.744,0.0,0.0,10435.744,10318.165
2000-10-30,10435.744,0.0,0.0,10435.744,10318.165
2000-10-31,10435.744,0.0,0.0,10435.744,10435.744
2000-11-01,10435.744,0.0,0.0,10435.744,10435.744
2000-11-02,10435.744,0.0,0.0,10435.744,10435.744
2000-11-03,10435.744,0.0,0.0,10435.744,10435.744
2000-11-04,10435.744,0.0,0.0,10435.744,10435.744
2000-11-05,10435.744,0.0,0.0,10435.744,10435.744
2000-11-06,10435.744,0.0,0.0,10435.744,10435.744
2000-11-07,10435.744,0.0,0.0,10435.744,10435.744
2000-11-08,10435.744,0.0,0.0,10435.744,10435.744
2000-11-09,10435.744,0.0,0.0,10435.744,10435.744
2000-11-10,10435.744,0.0,0.0,10435.744,10435.744
2000-11-11,10435.744,0.0,0.0,10435.744,10435.744
2000-11-12,10435.744,0.0,0.0,10435.744,10435.744
2000-11-13,10435.744,0.0,0.0,10435.744,10435.744
2000-11-14,10435.744,0.0,0.0,10435.744,10435.744
2000-11-15,10435.744,0.0,0.0,10435.744,10435.744
2000-11-16,10435.744,0.0,0.0,10435.744,10435.744
2000-11-17,10435.744,0.0,0.0,10435.744,10435.744
2000-11-18,10435.744,0.0,0.0,10435.744,10435.744
2000-11-19,10435.744,0.0,0.0,10435.744,10435.744
2000-11-20,10435.744,0.0,0.0,10435.744,10435.744
2000-11-21,10435.744,0.0,0.0,10435.744,10435.744
2000-11-22,10435.744,0.0,0.0,10435.744,10435.744
2000-11-23,10435.744,0.0,0.0,10435.744,10435.744
2000-11-24,10435.744,0.0,0.0,10435.744,10435.744
2000-11-25,10435.744,0.0,0.0,10435.744,10435.744
2000-11-26,10435.744,0.0,0.0,10435.744,10435.744
2000-11-27,10435.744,0.0,0.0,10435.744,10435.744
2000-11-28,10435.744,0.0,0.0,10435.744,10435.744
2000-11-29,10435.744,0.0,0.0,10435.744,10435.744
2000-11-30,10435.744,0.0,0.0,10435.744,10435.744
2000-12-01,10435.744,0.0,0.0,10435.744,10435.744
2000-12-02,10435.744,0.0,0.0,10435.744,10435.744
2000-12-03,10435.744,0.0,0.0,10435.744,10435.744
2000-12-04,10435.744,0.0,0.0,10435.744,10435.744
2000-12-05,10435.744,0.0,0.0,10435.744,10435.744
2000-12-06,10435.744,0.0,0.0,10435.744,10435.744
2000-12-07,10435.744,0.0,0.0,10435.744,10435.744
2000-12-08,10435.744,0.0,0.0,10435.744,10435.744
2000-12-09,10435.744,0.0,0.0,10435.744,10435.744
2000-12-10,10435.744,0.0,0.0,10435.744,10435.744
2000-12-11,10435.744,0.0,0.0,10435.744,10435.744
2000-12-12,10435.744,0.0,0.0,10435.744,10435.744
2000-12-13,10435.744,0.0,0.0,10435.744,10435.744
2000-12-14,10435.744,0.0,0.0,10435.744,10435.744
2000-12-15,10435.744,0.0,0.0,10435.744,10435.744
2000-12-16,10435.744,0.0,0.0,10435.744,10435.744
2000-12-17,10435.744,0.0,0.0,10435.744,10435.744
2000-12-18,10435.744,0.0,0.0,10435.744,10435.744
2000-12-19,10435.744,0.0,0.0,10435.744,10435.744
2000-12-20,10435.744,0.0,0.0,10435.744,10435.744
2000-12-21,10435.744,0.0,0.0,10435.744,10435.744
2000-12-22,10435.744,0.0,0.0,10435.744,10435.744
2000-12-23,10435.744,0.0,0.0,10435.744,10435.744
2000-12-24,10435.744,0.0,0.0,10435.744,10435.744
2000-12-25,10435.744,0.0,0.0,10435.744,10435.744
2000-12-26,10435.744,0.0,0.0,10435.744,10435.744
2000-12-27,10435.744,0.0,0.0,10435.744,10435.744
2000-12-28,10435.744,0.0,0.0,10435.744,10435.744
2000-12-29,10435.744,0.0,0.0,10435.744,10435.744
2000-12-30,10435.744,0.0,0.0,10435.744,10435.744
2000-12-31,10435.744,0.0,0.0,10435.744,10435.744
2001-01-01,10470.231,34.48699999999917,0.0033046996936680895,10435.744,10435.744
2001-01-02,10470.231,0.0,0.0,10435.744,10435.744
2001-01-03,10470.231,0.0,0.0,10435.744,10435.744
2001-01-04,10470.231,0.0,0.0,10435.744,10435.744
2001-01-05,10470.231,0.0,0.0,10435.744,10435.744
2001-01-06,10470.231,0.0,0.0,10435.744,10435.744
2001-01-07,10470.231,0.0,0.0,10435.744,10435.744
2001-01-08,10470.231,0.0,0.0,10470.231,10435.744
2001-01-09,10470.231,0.0,0.0,10470.231,10435.744
2001-01-10,10470.231,0.0,0.0,10470.231,10435.744
2001-01-11,10470.231,0.0,0.0,10470.231,10435.744
2001-01-12,10470.231,0.0,0.0,10470.231,10435.744
2001-01-13,10470.231,0.0,0.0,10470.231,10435.744
2001-01-14,10470.231,0.0,0.0,10470.231,10435.744
2001-01-15,10470.231,0.0,0.0,10470.231,10435.744
2001-01-16,10470.231,0.0,0.0,10470.231,10435.744
2001-01-17,10470.231,0.0,0.0,10470.231,10435.744
2001-01-18,10470.231,0.0,0.0,10470.231,10435.744
2001-01-19,10470.231,0.0,0.0,10470.231,10435.744
2001-01-20,10470.231,0.0,0.0,10470.231,10435.744
2001-01-21,10470.231,0.0,0.0,10470.231,10435.744
2001-01-22,10470.231,0.0,0.0,10470.231,10435.744
2001-01-23,10470.231,0.0,0.0,10470.231,10435.744
2001-01-24,10470.231,0.0,0.0,10470.231,10435.744
2001-01-25,10470.231,0.0,0.0,10470.231,10435.744
2001-01-26,10470.231,0.0,0.0,10470.231,10435.744
2001-01-27,10470.231,0.0,0.0,10470.231,10435.744
2001-01-28,10470.231,0.0,0.0,10470.231,10435.744
2001-01-29,10470.231,0.0,0.0,10470.231,10435.744
2001-01-30,10470.231,0.0,0.0,10470.231,10435.744
2001-01-31,10470.231,0.0,0.0,10470.231,10470.231
2001-02-01,10470.231,0.0,0.0,10470.231,10470.231
2001-02-02,10470.231,0.0,0.0,10470.231,10470.231
2001-02-03,10470.231,0.0,0.0,10470.231,10470.231
2001-02-04,10470.231,0.0,0.0,10470.231,10470.231
2001-02-05,10470.231,0.0,0.0,10470.231,10470.231
2001-02-06,10470.231,0.0,0.0,10470.231,10470.231
2001-02-07,10470.231,0.0,0.0,10470.231,10470.231
2001-02-08,10470.231,0.0,0.0,10470.231,10470.231
2001-02-09,10470.231,0.0,0.0,10470.231,10470.231
2001-02-10,10470.231,0.0,0.0,10470.231,10470.231
2001-02-11,10470.231,0.0,0.0,10470.231,10470.231
2001-02-12,10470.231,0.0,0.0,10470.231,10470.231
2001-02-13,10470.231,0.0,0.0,10470.231,10470.231
2001-02-14,10470.231,0.0,0.0,10470.231,10470.231
2001-02-15,10470.231,0.0,0.0,10470.231,10470.231
2001-02-16,10470.231,0.0,0.0,10470.231,10470.231
2001-02-17,10470.231,0.0,0.0,10470.231,10470.231
2001-02-18,10470.231,0.0,0.0,10470.231,10470.231
2001-02-19,10470.231,0.0,0.0,10470.231,10470.231
2001-02-20,10470.231,0.0,0.0,10470.231,10470.231
2001-02-21,10470.231,0.0,0.0,10470.231,10470.231
2001-02-22,10470.231,0.0,0.0,10470.231,10470.231
2001-02-23,10470.231,0.0,0.0,10470.231,10470.231
2001-02-24,10470.231,0.0,0.0,10470.231,10470.231
2001-02-25,10470.231,0.0,0.0,10470.231,10470.231
2001-02-26,10470.231,0.0,0.0,10470.231,10470.231
2001-02-27,10470.231,0.0,0.0,10470.231,10470.231
2001-02-28,10470.231,0.0,0.0,10470.231,10470.231
2001-03-01,10470.231,0.0,0.0,10470.231,10470.231
2001-03-02,10470.231,0.0,0.0,10470.231,10470.231
2001-03-03,10470.231,0.0,0.0,10470.231,10470.231
2001-03-04,10470.231,0.0,0.0,10470.231,10470.231
2001-03-05,10470.231,0.0,0.0,10470.231,10470.231
2001-03-06,10470.231,0.0,0.0,10470.231,10470.231
2001-03-07,10470.231,0.0,0.0,10470.231,10470.231
2001-03-08,10470.231,0.0,0.0,10470.231,10470.231
2001-03-09,10470.231,0.0,0.0,10470.231,10470.231
2001-03-10,10470.231,0.0,0.0,10470.231,10470.231
2001-03-11,10470.231,0.0,0.0,10470.231,10470.231
2001-03-12,10470.231,0.0,0.0,10470.231,10470.231
2001-03-13,10470.231,0.0,0.0,10470.231,10470.231
2001-03-14,10470.231,0.0,0.0,10470.231,10470.231
2001-03-15,10470.231,0.0,0.0,10470.231,10470.231
2001-03-16,10470.231,0.0,0.0,10470.231,10470.231
2001-03-17,10470.231,0.0,0.0,10470.231,10470.231
2001-03-18,10470.231,0.0,0.0,10470.231,10470.231
2001-03-19,10470.231,0.0,0.0,10470.231,10470.231
2001-03-20,10470.231,0.0,0.0,10470.231,10470.231
2001-03-21,10470.231,0.0,0.0,10470.231,10470.231
2001-03-22,10470.231,0.0,0.0,10470.231,10470.231
2001-03-23,10470.231,0.0,0.0,10470.231,10470.231
2001-03-24,10470.231,0.0,0.0,10470.231,10470.231
2001-03-25,10470.231,0.0,0.0,10470.231,10470.231
2001-03-26,10470.231,0.0,0.0,10470.231,10470.231
2001-03-27,10470.231,0.0,0.0,10470.231,10470.231
2001-03-28,10470.231,0.0,0.0,10470.231,10470.231
2001-03-29,10470.231,0.0,0.0,10470.231,10470.231
2001-03-30,10470.231,0.0,0.0,10470.231,10470.231
2001-03-31,10470.231,0.0,0.0,10470.231,10470.231
2001-04-01,10599.0,128.76900000000023,0.012298582524110424,10470.231,10470.231
2001-04-02,10599.0,0.0,0.0,10470.231,10470.231
2001-04-03,10599.0,0.0,0.0,10470.231,10470.231
2001-04-04,10599.0,0.0,0.0,10470.231,10470.231
2001-04-05,10599.0,0.0,0.0,10470.231,10470.231
2001-04-06,10599.0,0.0,0.0,10470.231,10470.231
2001-04-07,10599.0,0.0,0.0,10470.231,10470.231
2001-04-08,10599.0,0.0,0.0,10599.0,10470.231
2001-04-09,10599.0,0.0,0.0,10599.0,10470.231
2001-04-10,10599.0,0.0,0.0,10599.0,10470.231
2001-04-11,10599.0,0.0,0.0,10599.0,10470.231
2001-04-12,10599.0,0.0,0.0,10599.0,10470.231
2001-04-13,10599.0,0.0,0.0,10599.0,10470.231
2001-04-14,10599.0,0.0,0.0,10599.0,10470.231
2001-04-15,10599.0,0.0,0.0,10599.0,10470.231
2001-04-16,10599.0,0.0,0.0,10599.0,10470.231
2001-04-17,10599.0,0.0,0.0,10599.0,10470.231
2001-04-18,10599.0,0.0,0.0,10599.0,10470.231
2001-04-19,10599.0,0.0,0.0,10599.0,10470.231
2001-04-20,10599.0,0.0,0.0,10599.0,10470.231
2001-04-21,10599.0,0.0,0.0,10599.0,10470.231
2001-04-22,10599.0,0.0,0.0,10599.0,10470.231
2001-04-23,10599.0,0.0,0.0,10599.0,10470.231
2001-04-24,10599.0,0.0,0.0,10599.0,10470.231
2001-04-25,10599.0,0.0,0.0,10599.0,10470.231
2001-04-26,10599.0,0.0,0.0,10599.0,10470.231
2001-04-27,10599.0,0.0,0.0,10599.0,10470.231
2001-04-28,10599.0,0.0,0.0,10599.0,10470.231
2001-04-29,10599.0,0.0,0.0,10599.0,10470.231
2001-04-30,10599.0,0.0,0.0,10599.0,10470.231
2001-05-01,10599.0,0.0,0.0,10599.0,10599.0
2001-05-02,10599.0,0.0,0.0,10599.0,10599.0
2001-05-03,10599.0,0.0,0.0,10599.0,10599.0
2001-05-04,10599.0,0.0,0.0,10599.0,10599.0
2001-05-05,10599.0,0.0,0.0,10599.0,10599.0
2001-05-06,10599.0,0.0,0.0,10599.0,10599.0
2001-05-07,10599.0,0.0,0.0,10599.0,10599.0
2001-05-08,10599.0,0.0,0.0,10599.0,10599.0
2001-05-09,10599.0,0.0,0.0,10599.0,10599.0
2001-05-10,10599.0,0.0,0.0,10599.0,10599.0
2001-05-11,10599.0,0.0,0.0,10599.0,10599.0
2001-05-12,10599.0,0.0,0.0,10599.0,10599.0
2001-05-13,10599.0,0.0,0.0,10599.0,10599.0
2001-05-14,10599.0,0.0,0.0,10599.0,10599.0
2001-05-15,10599.0,0.0,0.0,10599.0,10599.0
2001-05-16,10599.0,0.0,0.0,10599.0,10599.0
2001-05-17,10599.0,0.0,0.0,10599.0,10599.0
2001-05-18,10599.0,0.0,0.0,10599.0,10599.0
2001-05-19,10599.0,0.0,0.0,10599.0,10599.0
2001-05-20,10599.0,0.0,0.0,10599.0,10599.0
2001-05-21,10599.0,0.0,0.0,10599.0,10599.0
2001-05-22,10599.0,0.0,0.0,10599.0,10599.0
2001-05-23,10599.0,0.0,0.0,10599.0,10599.0
2001-05-24,10599.0,0.0,0.0,10599.0,10599.0
2001-05-25,10599.0,0.0,0.0,10599.0,10599.0
2001-05-26,10599.0,0.0,0.0,10599.0,10599.0
2001-05-27,10599.0,0.0,0.0,10599.0,10599.0
2001-05-28,10599.0,0.0,0.0,10599.0,10599.0
2001-05-29,10599.0,0.0,0.0,10599.0,10599.0
2001-05-30,10599.0,0.0,0.0,10599.0,10599.0
2001-05-31,10599.0,0.0,0.0,10599.0,10599.0
2001-06-01,10599.0,0.0,0.0,10599.0,10599.0
2001-06-02,10599.0,0.0,0.0,10599.0,10599.0
2001-06-03,10599.0,0.0,0.0,10599.0,10599.0
2001-06-04,10599.0,0.0,0.0,10599.0,10599.0
2001-06-05,10599.0,0.0,0.0,10599.0,10599.0
2001-06-06,10599.0,0.0,0.0,10599.0,10599.0
2001-06-07,10599.0,0.0,0.0,10599.0,10599.0
2001-06-08,10599.0,0.0,0.0,10599.0,10599.0
2001-06-09,10599.0,0.0,0.0,10599.0,10599.0
2001-06-10,10599.0,0.0,0.0,10599.0,10599.0
2001-06-11,10599.0,0.0,0.0,10599.0,10599.0
2001-06-12,10599.0,0.0,0.0,10599.0,10599.0
2001-06-13,10599.0,0.0,0.0,10599.0,10599.0
2001-06-14,10599.0,0.0,0.0,10599.0,10599.0
2001-06-15,10599.0,0.0,0.0,10599.0,10599.0
2001-06-16,10599.0,0.0,0.0,10599.0,10599.0
2001-06-17,10599.0,0.0,0.0,10599.0,10599.0
2001-06-18,10599.0,0.0,0.0,10599.0,10599.0
2001-06-19,10599.0,0.0,0.0,10599.0,10599.0
2001-06-20,10599.0,0.0,0.0,10599.0,10599.0
2001-06-21,10599.0,0.0,0.0,10599.0,10599.0
2001-06-22,10599.0,0.0,0.0,10599.0,10599.0
2001-06-23,10599.0,0.0,0.0,10599.0,10599.0
2001-06-24,10599.0,0.0,0.0,10599.0,10599.0
2001-06-25,10599.0,0.0,0.0,10599.0,10599.0
2001-06-26,10599.0,0.0,0.0,10599.0,10599.0
2001-06-27,10599.0,0.0,0.0,10599.0,10599.0
2001-06-28,10599.0,0.0,0.0,10599.0,10599.0
2001-06-29,10599.0,0.0,0.0,10599.0,10599.0
2001-06-30,10599.0,0.0,0.0,10599.0,10599.0
2001-07-01,10598.02,-0.9799999999995634,-9.24615529767081e-05,10599.0,10599.0
2001-07-02,10598.02,0.0,0.0,10599.0,10599.0
2001-07-03,10598.02,0.0,0.0,10599.0,10599.0
2001-07-04,10598.02,0.0,0.0,10599.0,10599.0
2001-07-05,10598.02,0.0,0.0,10599.0,10599.0
2001-07-06,10598.02,0.0,0.0,10599.0,10599.0
2001-07-07,10598.02,0.0,0.0,10599.0,10599.0
2001-07-08,10598.02,0.0,0.0,10598.02,10599.0
2001-07-09,10598.02,0.0,0.0,10598.02,10599.0
2001-07-10,10598.02,0.0,0.0,10598.02,10599.0
2001-07-11,10598.02,0.0,0.0,10598.02,10599.0
2001-07-12,10598.02,0.0,0.0,10598.02,10599.0
2001-07-13,10598.02,0.0,0.0,10598.02,10599.0
2001-07-14,10598.02,0.0,0.0,10598.02,10599.0
2001-07-15,10598.02,0.0,0.0,10598.02,10599.0
2001-07-16,10598.02,0.0,0.0,10598.02,10599.0
2001-07-17,10598.02,0.0,0.0,10598.02,10599.0
2001-07-18,10598.02,0.0,0.0,10598.02,10599.0
2001-07-19,10598.02,0.0,0.0,10598.02,10599.0
2001-07-20,10598.02,0.0,0.0,10598.02,10599.0
2001-07-21,10598.02,0.0,0.0,10598.02,10599.0
2001-07-22,10598.02,0.0,0.0,10598.02,10599.0
2001-07-23,10598.02,0.0,0.0,10598.02,10599.0
2001-07-24,10598.02,0.0,0.0,10598.02,10599.0
2001-07-25,10598.02,0.0,0.0,10598.02,10599.0
2001-07-26,10598.02,0.0,0.0,10598.02,10599.0
2001-07-27,10598.02,0.0,0.0,10598.02,10599.0
2001-07-28,10598.02,0.0,0.0,10598.02,10599.0
2001-07-29,10598.02,0.0,0.0,10598.02,10599.0
2001-07-30,10598.02,0.0,0.0,10598.02,10599.0
2001-07-31,10598.02,0.0,0.0,10598.02,10598.02
2001-08-01,10598.02,0.0,0.0,10598.02,10598.02
2001-08-02,10598.02,0.0,0.0,10598.02,10598.02
2001-08-03,10598.02,0.0,0.0,10598.02,10598.02
2001-08-04,10598.02,0.0,0.0,10598.02,10598.02
2001-08-05,10598.02,0.0,0.0,10598.02,10598.02
2001-08-06,10598.02,0.0,0.0,10598.02,10598.02
2001-08-07,10598.02,0.0,0.0,10598.02,10598.02
2001-08-08,10598.02,0.0,0.0,10598.02,10598.02
2001-08-09,10598.02,0.0,0.0,10598.02,10598.02
2001-08-10,10598.02,0.0,0.0,10598.02,10598.02
2001-08-11,10598.02,0.0,0.0,10598.02,10598.02
2001-08-12,10598.02,0.0,0.0,10598.02,10598.02
2001-08-13,10598.02,0.0,0.0,10598.02,10598.02
2001-08-14,10598.02,0.0,0.0,10598.02,10598.02
2001-08-15,10598.02,0.0,0.0,10598.02,10598.02
2001-08-16,10598.02,0.0,0.0,10598.02,10598.02
2001-08-17,10598.02,0.0,0.0,10598.02,10598.02
2001-08-18,10598.02,0.0,0.0,10598.02,10598.02
2001-08-19,10598.02,0.0,0.0,10598.02,10598.02
2001-08-20,10598.02,0.0,0.0,10598.02,10598.02
2001-08-21,10598.02,0.0,0.0,10598.02,10598.02
2001-08-22,10598.02,0.0,0.0,10598.02,10598.02
2001-08-23,10598.02,0.0,0.0,10598.02,10598.02
2001-08-24,10598.02,0.0,0.0,10598.02,10598.02
2001-08-25,10598.02,0.0,0.0,10598.02,10598.02
2001-08-26,10598.02,0.0,0.0,10598.02,10598.02
2001-08-27,10598.02,0.0,0.0,10598.02,10598.02
2001-08-28,10598.02,0.0,0.0,10598.02,10598.02
2001-08-29,10598.02,0.0,0.0,10598.02,10598.02
2001-08-30,10598.02,0.0,0.0,10598.02,10598.02
2001-08-31,10598.02,0.0,0.0,10598.02,10598.02
2001-09-01,10598.02,0.0,0.0,10598.02,10598.02
2001-09-02,10598.02,0.0,0.0,10598.02,10598.02
2001-09-03,10598.02,0.0,0.0,10598.02,10598.02
2001-09-04,10598.02,0.0,0.0,10598.02,10598.02
2001-09-05,10598.02,0.0,0.0,10598.02,10598.02
2001-09-06,10598.02,0.0,0.0,10598.02,10598.02
2001-09-07,10598.02,0.0,0.0,10598.02,10598.02
2001-09-08,10598.02,0.0,0.0,10598.02,10598.02
2001-09-09,10598.02,0.0,0.0,10598.02,10598.02
2001-09-10,10598.02,0.0,0.0,10598.02,10598.02
2001-09-11,10598.02,0.0,0.0,10598.02,10598.02
2001-09-12,10598.02,0.0,0.0,10598.02,10598.02
2001-09-13,10598.02,0.0,0.0,10598.02,10598.02
2001-09-14,10598.02,0.0,0.0,10598.02,10598.02
2001-09-15,10598.02,0.0,0.0,10598.02,10598.02
2001-09-16,10598.02,0.0,0.0,10598.02,10598.02
2001-09-17,10598.02,0.0,0.0,10598.02,10598.02
2001-09-18,10598.02,0.0,0.0,10598.02,10598.02
2001-09-19,10598.02,0.0,0.0,10598.02,10598.02
2001-09-20,10598.02,0.0,0.0,10598.02,10598.02
2001-09-21,10598.02,0.0,0.0,10598.02,10598.02
2001-09-22,10598.02,0.0,0.0,10598.02,10598.02
2001-09-23,10598.02,0.0,0.0,10598.02,10598.02
2001-09-24,10598.02,0.0,0.0,10598.02,10598.02
2001-09-25,10598.02,0.0,0.0,10598.02,10598.02
2001-09-26,10598.02,0.0,0.0,10598.02,10598.02
2001-09-27,10598.02,0.0,0.0,10598.02,10598.02
2001-09-28,10598.02,0.0,0.0,10598.02,10598.02
2001-09-29,10598.02,0.0,0.0,10598.02,10598.02
2001-09-30,10598.02,0.0,0.0,10598.02,10598.02
2001-10-01,10660.465,62.44499999999971,0.005892138342822539,10598.02,10598.02
2001-10-02,10660.465,0.0,0.0,10598.02,10598.02
2001-10-03,10660.465,0.0,0.0,10598.02,10598.02
2001-10-04,10660.465,0.0,0.0,10598.02,10598.02
2001-10-05,10660.465,0.0,0.0,10598.02,10598.02
2001-10-06,10660.465,0.0,0.0,10598.02,10598.02
2001-10-07,10660.465,0.0,0.0,10598.02,10598.02
2001-10-08,10660.465,0.0,0.0,10660.465,10598.02
2001-10-09,10660.465,0.0,0.0,10660.465,10598.02
2001-10-10,10660.465,0.0,0.0,10660.465,10598.02
2001-10-11,10660.465,0.0,0.0,10660.465,10598.02
2001-10-12,10660.465,0.0,0.0,10660.465,10598.02
2001-10-13,10660.465,0.0,0.0,10660.465,10598.02
2001-10-14,10660.465,0.0,0.0,10660.465,10598.02
2001-10-15,10660.465,0.0,0.0,10660.465,10598.02
2001-10-16,10660.465,0.0,0.0,10660.465,10598.02
2001-10-17,10660.465,0.0,0.0,10660.465,10598.02
2001-10-18,10660.465,0.0,0.0,10660.465,10598.02
2001-10-19,10660.465,0.0,0.0,10660.465,10598.02
2001-10-20,10660.465,0.0,0.0,10660.465,10598.02
2001-10-21,10660.465,0.0,0.0,10660.465,10598.02
2001-10-22,10660.465,0.0,0.0,10660.465,10598.02
2001-10-23,10660.465,0.0,0.0,10660.465,10598.02
2001-10-24,10660.465,0.0,0.0,10660.465,10598.02
2001-10-25,10660.465,0.0,0.0,10660.465,10598.02
2001-10-26,10660.465,0.0,0.0,10660.465,10598.02
2001-10-27,10660.465,0.0,0.0,10660.465,10598.02
2001-10-28,10660.465,0.0,0.0,10660.465,10598.02
2001-10-29,10660.465,0.0,0.0,10660.465,10598.02
2001-10-30,10660.465,0.0,0.0,10660.465,10598.02
2001-10-31,10660.465,0.0,0.0,10660.465,10660.465
2001-11-01,10660.465,0.0,0.0,10660.465,10660.465
2001-11-02,10660.465,0.0,0.0,10660.465,10660.465
2001-11-03,10660.465,0.0,0.0,10660.465,10660.465
2001-11-04,10660.465,0.0,0.0,10660.465,10660.465
2001-11-05,10660.465,0.0,0.0,10660.465,10660.465
2001-11-06,10660.465,0.0,0.0,10660.465,10660.465
2001-11-07,10660.465,0.0,0.0,10660.465,10660.465
2001-11-08,10660.465,0.0,0.0,10660.465,10660.465
2001-11-09,10660.465,0.0,0.0,10660.465,10660.465
2001-11-10,10660.465,0.0,0.0,10660.465,10660.465
2001-11-11,10660.465,0.0,0.0,10660.465,10660.465
2001-11-12,10660.465,0.0,0.0,10660.465,10660.465
2001-11-13,10660.465,0.0,0.0,10660.465,10660.465
2001-11-14,10660.465,0.0,0.0,10660.465,10660.465
2001-11-15,10660.465,0.0,0.0,10660.465,10660.465
2001-11-16,10660.465,0.0,0.0,10660.465,10660.465
2001-11-17,10660.465,0.0,0.0,10660.465,10660.465
2001-11-18,10660.465,0.0,0.0,10660.465,10660.465
2001-11-19,10660.465,0.0,0.0,10660.465,10660.465
2001-11-20,10660.465,0.0,0.0,10660.465,10660.465
2001-11-21,10660.465,0.0,0.0,10660.465,10660.465
2001-11-22,10660.465,0.0,0.0,10660.465,10660.465
2001-11-23,10660.465,0.0,0.0,10660.465,10660.465
2001-11-24,10660.465,0.0,0.0,10660.465,10660.465
2001-11-25,10660.465,0.0,0.0,10660.465,10660.465
2001-11-26,10660.465,0.0,0.0,10660.465,10660.465
2001-11-27,10660.465,0.0,0.0,10660.465,10660.465
2001-11-28,10660.465,0.0,0.0,10660.465,10660.465
2001-11-29,10660.465,0.0,0.0,10660.465,10660.465
2001-11-30,10660.465,0.0,0.0,10660.465,10660.465
2001-12-01,10660.465,0.0,0.0,10660.465,10660.465
2001-12-02,10660.465,0.0,0.0,10660.465,10660.465
2001-12-03,10660.465,0.0,0.0,10660.465,10660.465
2001-12-04,10660.465,0.0,0.0,10660.465,10660.465
2001-12-05,10660.465,0.0,0.0,10660.465,10660.465
2001-12-06,10660.465,0.0,0.0,10660.465,10660.465
2001-12-07,10660.465,0.0,0.0,10660.465,10660.465
2001-12-08,10660.465,0.0,0.0,10660.465,10660.465
2001-12-09,10660.465,0.0,0.0,10660.465,10660.465
2001-12-10,10660.465,0.0,0.0,10660.465,10660.465
2001-12-11,10660.465,0.0,0.0,10660.465,10660.465
2001-12-12,10660.465,0.0,0.0,10660.465,10660.465
2001-12-13,10660.465,0.0,0.0,10660.465,10660.465
2001-12-14,10660.465,0.0,0.0,10660.465,10660.465
2001-12-15,10660.465,0.0,0.0,10660.465,10660.465
2001-12-16,10660.465,0.0,0.0,10660.465,10660.465
2001-12-17,10660.465,0.0,0.0,10660.465,10660.465
2001-12-18,10660.465,0.0,0.0,10660.465,10660.465
2001-12-19,10660.465,0.0,0.0,10660.465,10660.465
2001-12-20,10660.465,0.0,0.0,10660.465,10660.465
2001-12-21,10660.465,0.0,0.0,10660.465,10660.465
2001-12-22,10660.465,0.0,0.0,10660.465,10660.465
2001-12-23,10660.465,0.0,0.0,10660.465,10660.465
2001-12-24,10660.465,0.0,0.0,10660.465,10660.465
2001-12-25,10660.465,0.0,0.0,10660.465,10660.465
2001-12-26,10660.465,0.0,0.0,10660.465,10660.465
2001-12-27,10660.465,0.0,0.0,10660.465,10660.465
2001-12-28,10660.465,0.0,0.0,10660.465,10660.465
2001-12-29,10660.465,0.0,0.0,10660.465,10660.465
2001-12-30,10660.465,0.0,0.0,10660.465,10660.465
2001-12-31,10660.465,0.0,0.0,10660.465,10660.465
2002-01-01,10783.5,123.03499999999985,0.011541241399882551,10660.465,10660.465
2002-01-02,10783.5,0.0,0.0,10660.465,10660.465
2002-01-03,10783.5,0.0,0.0,10660.465,10660.465
2002-01-04,10783.5,0.0,0.0,10660.465,10660.465
2002-01-05,10783.5,0.0,0.0,10660.465,10660.465
2002-01-06,10783.5,0.0,0.0,10660.465,10660.465
2002-01-07,10783.5,0.0,0.0,10660.465,10660.465
2002-01-08,10783.5,0.0,0.0,10783.5,10660.465
2002-01-09,10783.5,0.0,0.0,10783.5,10660.465
2002-01-10,10783.5,0.0,0.0,10783.5,10660.465
2002-01-11,10783.5,0.0,0.0,10783.5,10660.465
2002-01-12,10783.5,0.0,0.0,10783.5,10660.465
2002-01-13,10783.5,0.0,0.0,10783.5,10660.465
2002-01-14,10783.5,0.0,0.0,10783.5,10660.465
2002-01-15,10783.5,0.0,0.0,10783.5,10660.465
2002-01-16,10783.5,0.0,0.0,10783.5,10660.465
2002-01-17,10783.5,0.0,0.0,10783.5,10660.465
2002-01-18,10783.5,0.0,0.0,10783.5,10660.465
2002-01-19,10783.5,0.0,0.0,10783.5,10660.465
2002-01-20,10783.5,0.0,0.0,10783.5,10660.465
2002-01-21,10783.5,0.0,0.0,10783.5,10660.465
2002-01-22,10783.5,0.0,0.0,10783.5,10660.465
2002-01-23,10783.5,0.0,0.0,10783.5,10660.465
2002-01-24,10783.5,0.0,0.0,10783.5,10660.465
2002-01-25,10783.5,0.0,0.0,10783.5,10660.465
2002-01-26,10783.5,0.0,0.0,10783.5,10660.465
2002-01-27,10783.5,0.0,0.0,10783.5,10660.465
2002-01-28,10783.5,0.0,0.0,10783.5,10660.465
2002-01-29,10783.5,0.0,0.0,10783.5,10660.465
2002-01-30,10783.5,0.0,0.0,10783.5,10660.465
2002-01-31,10783.5,0.0,0.0,10783.5,10783.5
2002-02-01,10783.5,0.0,0.0,10783.5,10783.5
2002-02-02,10783.5,0.0,0.0,10783.5,10783.5
2002-02-03,10783.5,0.0,0.0,10783.5,10783.5
2002-02-04,10783.5,0.0,0.0,10783.5,10783.5
2002-02-05,10783.5,0.0,0.0,10783.5,10783.5
2002-02-06,10783.5,0.0,0.0,10783.5,10783.5
2002-02-07,10783.5,0.0,0.0,10783.5,10783.5
2002-02-08,10783.5,0.0,0.0,10783.5,10783.5
2002-02-09,10783.5,0.0,0.0,10783.5,10783.5
2002-02-10,10783.5,0.0,0.0,10783.5,10783.5
2002-02-11,10783.5,0.0,0.0,10783.5,10783.5
2002-02-12,10783.5,0.0,0.0,10783.5,10783.5
2002-02-13,10783.5,0.0,0.0,10783.5,10783.5
2002-02-14,10783.5,0.0,0.0,10783.5,10783.5
2002-02-15,10783.5,0.0,0.0,10783.5,10783.5
2002-02-16,10783.5,0.0,0.0,10783.5,10783.5
2002-02-17,10783.5,0.0,0.0,10783.5,10783.5
2002-02-18,10783.5,0.0,0.0,10783.5,10783.5
2002-02-19,10783.5,0.0,0.0,10783.5,10783.5
2002-02-20,10783.5,0.0,0.0,10783.5,10783.5
2002-02-21,10783.5,0.0,0.0,10783.5,10783.5
2002-02-22,10783.5,0.0,0.0,10783.5,10783.5
2002-02-23,10783.5,0.0,0.0,10783.5,10783.5
2002-02-24,10783.5,0.0,0.0,10783.5,10783.5
2002-02-25,10783.5,0.0,0.0,10783.5,10783.5
2002-02-26,10783.5,0.0,0.0,10783.5,10783.5
2002-02-27,10783.5,0.0,0.0,10783.5,10783.5
2002-02-28,10783.5,0.0,0.0,10783.5,10783.5
2002-03-01,10783.5,0.0,0.0,10783.5,10783.5
2002-03-02,10783.5,0.0,0.0,10783.5,10783.5
2002-03-03,10783.5,0.0,0.0,10783.5,10783.5
2002-03-04,10783.5,0.0,0.0,10783.5,10783.5
2002-03-05,10783.5,0.0,0.0,10783.5,10783.5
2002-03-06,10783.5,0.0,0.0,10783.5,10783.5
2002-03-07,10783.5,0.0,0.0,10783.5,10783.5
2002-03-08,10783.5,0.0,0.0,10783.5,10783.5
2002-03-09,10783.5,0.0,0.0,10783.5,10783.5
2002-03-10,10783.5,0.0,0.0,10783.5,10783.5
2002-03-11,10783.5,0.0,0.0,10783.5,10783.5
2002-03-12,10783.5,0.0,0.0,10783.5,10783.5
2002-03-13,10783.5,0.0,0.0,10783.5,10783.5
2002-03-14,10783.5,0.0,0.0,10783.5,10783.5
2002-03-15,10783.5,0.0,0.0,10783.5,10783.5
2002-03-16,10783.5,0.0,0.0,10783.5,10783.5
2002-03-17,10783.5,0.0,0.0,10783.5,10783.5
2002-03-18,10783.5,0.0,0.0,10783.5,10783.5
2002-03-19,10783.5,0.0,0.0,10783.5,10783.5
2002-03-20,10783.5,0.0,0.0,10783.5,10783.5
2002-03-21,10783.5,0.0,0.0,10783.5,10783.5
2002-03-22,10783.5,0.0,0.0,10783.5,10783.5
2002-03-23,10783.5,0.0,0.0,10783.5,10783.5
2002-03-24,10783.5,0.0,0.0,10783.5,10783.5
2002-03-25,10783.5,0.0,0.0,10783.5,10783.5
2002-03-26,10783.5,0.0,0.0,10783.5,10783.5
2002-03-27,10783.5,0.0,0.0,10783.5,10783.5
2002-03-28,10783.5,0.0,0.0,10783.5,10783.5
2002-03-29,10783.5,0.0,0.0,10783.5,10783.5
2002-03-30,10783.5,0.0,0.0,10783.5,10783.5
2002-03-31,10783.5,0.0,0.0,10783.5,10783.5
2002-04-01,10887.46,103.95999999999913,0.009640654703945817,10783.5,10783.5
2002-04-02,10887.46,0.0,0.0,10783.5,10783.5
2002-04-03,10887.46,0.0,0.0,10783.5,10783.5
2002-04-04,10887.46,0.0,0.0,10783.5,10783.5
2002-04-05,10887.46,0.0,0.0,10783.5,10783.5
2002-04-06,10887.46,0.0,0.0,10783.5,10783.5
2002-04-07,10887.46,0.0,0.0,10783.5,10783.5
2002-04-08,10887.46,0.0,0.0,10887.46,10783.5
2002-04-09,10887.46,0.0,0.0,10887.46,10783.5
2002-04-10,10887.46,0.0,0.0,10887.46,10783.5
2002-04-11,10887.46,0.0,0.0,10887.46,10783.5
2002-04-12,10887.46,0.0,0.0,10887.46,10783.5
2002-04-13,10887.46,0.0,0.0,10887.46,10783.5
2002-04-14,10887.46,0.0,0.0,10887.46,10783.5
2002-04-15,10887.46,0.0,0.0,10887.46,10783.5
2002-04-16,10887.46,0.0,0.0,10887.46,10783.5
2002-04-17,10887.46,0.0,0.0,10887.46,10783.5
2002-04-18,10887.46,0.0,0.0,10887.46,10783.5
2002-04-19,10887.46,0.0,0.0,10887.46,10783.5
2002-04-20,10887.46,0.0,0.0,10887.46,10783.5
2002-04-21,10887.46,0.0,0.0,10887.46,10783.5
2002-04-22,10887.46,0.0,0.0,10887.46,10783.5
2002-04-23,10887.46,0.0,0.0,10887.46,10783.5
2002-04-24,10887.46,0.0,0.0,10887.46,10783.5
2002-04-25,10887.46,0.0,0.0,10887.46,10783.5
2002-04-26,10887.46,0.0,0.0,10887.46,10783.5
2002-04-27,10887.46,0.0,0.0,10887.46,10783.5
2002-04-28,10887.46,0.0,0.0,10887.46,10783.5
2002-04-29,10887.46,0.0,0.0,10887.46,10783.5
2002-04-30,10887.46,0.0,0.0,10887.46,10783.5
2002-05-01,10887.46,0.0,0.0,10887.46,10887.46
2002-05-02,10887.46,0.0,0.0,10887.46,10887.46
2002-05-03,10887.46,0.0,0.0,10887.46,10887.46
2002-05-04,10887.46,0.0,0.0,10887.46,10887.46
2002-05-05,10887.46,0.0,0.0,10887.46,10887.46
2002-05-06,10887.46,0.0,0.0,10887.46,10887.46
2002-05-07,10887.46,0.0,0.0,10887.46,10887.46
2002-05-08,10887.46,0.0,0.0,10887.46,10887.46
2002-05-09,10887.46,0.0,0.0,10887.46,10887.46
2002-05-10,10887.46,0.0,0.0,10887.46,10887.46
2002-05-11,10887.46,0.0,0.0,10887.46,10887.46
2002-05-12,10887.46,0.0,0.0,10887.46,10887.46
2002-05-13,10887.46,0.0,0.0,10887.46,10887.46
2002-05-14,10887.46,0.0,0.0,10887.46,10887.46
2002-05-15,10887.46,0.0,0.0,10887.46,10887.46
2002-05-16,10887.46,0.0,0.0,10887.46,10887.46
2002-05-17,10887.46,0.0,0.0,10887.46,10887.46
2002-05-18,10887.46,0.0,0.0,10887.46,10887.46
2002-05-19,10887.46,0.0,0.0,10887.46,10887.46
2002-05-20,10887.46,0.0,0.0,10887.46,10887.46
2002-05-21,10887.46,0.0,0.0,10887.46,10887.46
2002-05-22,10887.46,0.0,0.0,10887.46,10887.46
2002-05-23,10887.46,0.0,0.0,10887.46,10887.46
2002-05-24,10887.46,0.0,0.0,10887.46,10887.46
2002-05-25,10887.46,0.0,0.0,10887.46,10887.46
2002-05-26,10887.46,0.0,0.0,10887.46,10887.46
2002-05-27,10887.46,0.0,0.0,10887.46,10887.46
2002-05-28,10887.46,0.0,0.0,10887.46,10887.46
2002-05-29,10887.46,0.0,0.0,10887.46,10887.46
2002-05-30,10887.46,0.0,0.0,10887.46,10887.46
2002-05-31,10887.46,0.0,0.0,10887.46,10887.46
2002-06-01,10887.46,0.0,0.0,10887.46,10887.46
2002-06-02,10887.46,0.0,0.0,10887.46,10887.46
2002-06-03,10887.46,0.0,0.0,10887.46,10887.46
2002-06-04,10887.46,0.0,0.0,10887.46,10887.46
2002-06-05,10887.46,0.0,0.0,10887.46,10887.46
2002-06-06,10887.46,0.0,0.0,10887.46,10887.46
2002-06-07,10887.46,0.0,0.0,10887.46,10887.46
2002-06-08,10887.46,0.0,0.0,10887.46,10887.46
2002-06-09,10887.46,0.0,0.0,10887.46,10887.46
2002-06-10,10887.46,0.0,0.0,10887.46,10887.46
2002-06-11,10887.46,0.0,0.0,10887.46,10887.46
2002-06-12,10887.46,0.0,0.0,10887.46,10887.46
2002-06-13,10887.46,0.0,0.0,10887.46,10887.46
2002-06-14,10887.46,0.0,0.0,10887.46,10887.46
2002-06-15,10887.46,0.0,0.0,10887.46,10887.46
2002-06-16,10887.46,0.0,0.0,10887.46,10887.46
2002-06-17,10887.46,0.0,0.0,10887.46,10887.46
2002-06-18,10887.46,0.0,0.0,10887.46,10887.46
2002-06-19,10887.46,0.0,0.0,10887.46,10887.46
2002-06-20,10887.46,0.0,0.0,10887.46,10887.46
2002-06-21,10887.46,0.0,0.0,10887.46,10887.46
2002-06-22,10887.46,0.0,0.0,10887.46,10887.46
2002-06-23,10887.46,0.0,0.0,10887.46,10887.46
2002-06-24,10887.46,0.0,0.0,10887.46,10887.46
2002-06-25,10887.46,0.0,0.0,10887.46,10887.46
2002-06-26,10887.46,0.0,0.0,10887.46,10887.46
2002-06-27,10887.46,0.0,0.0,10887.46,10887.46
2002-06-28,10887.46,0.0,0.0,10887.46,10887.46
2002-06-29,10887.46,0.0,0.0,10887.46,10887.46
2002-06-30,10887.46,0.0,0.0,10887.46,10887.46
2002-07-01,10984.04,96.58000000000175,0.008870755897151472,10887.46,10887.46
2002-07-02,10984.04,0.0,0.0,10887.46,10887.46
2002-07-03,10984.04,0.0,0.0,10887.46,10887.46
2002-07-04,10984.04,0.0,0.0,10887.46,10887.46
2002-07-05,10984.04,0.0,0.0,10887.46,10887.46
2002-07-06,10984.04,0.0,0.0,10887.46,10887.46
2002-07-07,10984.04,0.0,0.0,10887.46,10887.46
2002-07-08,10984.04,0.0,0.0,10984.04,10887.46
2002-07-09,10984.04,0.0,0.0,10984.04,10887.46
2002-07-10,10984.04,0.0,0.0,10984.04,10887.46
2002-07-11,10984.04,0.0,0.0,10984.04,10887.46
2002-07-12,10984.04,0.0,0.0,10984.04,10887.46
2002-07-13,10984.04,0.0,0.0,10984.04,10887.46
2002-07-14,10984.04,0.0,0.0,10984.04,10887.46
2002-07-15,10984.04,0.0,0.0,10984.04,10887.46
2002-07-16,10984.04,0.0,0.0,10984.04,10887.46
2002-07-17,10984.04,0.0,0.0,10984.04,10887.46
2002-07-18,10984.04,0.0,0.0,10984.04,10887.46
2002-07-19,10984.04,0.0,0.0,10984.04,10887.46
2002-07-20,10984.04,0.0,0.0,10984.04,10887.46
2002-07-21,10984.04,0.0,0.0,10984.04,10887.46
2002-07-22,10984.04,0.0,0.0,10984.04,10887.46
2002-07-23,10984.04,0.0,0.0,10984.04,10887.46
2002-07-24,10984.04,0.0,0.0,10984.04,10887.46
2002-07-25,10984.04,0.0,0.0,10984.04,10887.46
2002-07-26,10984.04,0.0,0.0,10984.04,10887.46
2002-07-27,10984.04,0.0,0.0,10984.04,10887.46
2002-07-28,10984.04,0.0,0.0,10984.04,10887.46
2002-07-29,10984.04,0.0,0.0,10984.04,10887.46
2002-07-30,10984.04,0.0,0.0,10984.04,10887.46
2002-07-31,10984.04,0.0,0.0,10984.04,10984.04
2002-08-01,10984.04,0.0,0.0,10984.04,10984.04
2002-08-02,10984.04,0.0,0.0,10984.04,10984.04
2002-08-03,10984.04,0.0,0.0,10984.04,10984.04
2002-08-04,10984.04,0.0,0.0,10984.04,10984.04
2002-08-05,10984.04,0.0,0.0,10984.04,10984.04
2002-08-06,10984.04,0.0,0.0,10984.04,10984.04
2002-08-07,10984.04,0.0,0.0,10984.04,10984.04
2002-08-08,10984.04,0.0,0.0,10984.04,10984.04
2002-08-09,10984.04,0.0,0.0,10984.04,10984.04
2002-08-10,10984.04,0.0,0.0,10984.04,10984.04
2002-08-11,10984.04,0.0,0.0,10984.04,10984.04
2002-08-12,10984.04,0.0,0.0,10984.04,10984.04
2002-08-13,10984.04,0.0,0.0,10984.04,10984.04
2002-08-14,10984.04,0.0,0.0,10984.04,10984.04
2002-08-15,10984.04,0.0,0.0,10984.04,10984.04
2002-08-16,10984.04,0.0,0.0,10984.04,10984.04
2002-08-17,10984.04,0.0,0.0,10984.04,10984.04
2002-08-18,10984.04,0.0,0.0,10984.04,10984.04
2002-08-19,10984.04,0.0,0.0,10984.04,10984.04
2002-08-20,10984.04,0.0,0.0,10984.04,10984.04
2002-08-21,10984.04,0.0,0.0,10984.04,10984.04
2002-08-22,10984.04,0.0,0.0,10984.04,10984.04
2002-08-23,10984.04,0.0,0.0,10984.04,10984.04
2002-08-24,10984.04,0.0,0.0,10984.04,10984.04
2002-08-25,10984.04,0.0,0.0,10984.04,10984.04
2002-08-26,10984.04,0.0,0.0,10984.04,10984.04
2002-08-27,10984.04,0.0,0.0,10984.04,10984.04
2002-08-28,10984.04,0.0,0.0,10984.04,10984.04
2002-08-29,10984.04,0.0,0.0,10984.04,10984.04
2002-08-30,10984.04,0.0,0.0,10984.04,10984.04
2002-08-31,10984.04,0.0,0.0,10984.04,10984.04
2002-09-01,10984.04,0.0,0.0,10984.04,10984.04
2002-09-02,10984.04,0.0,0.0,10984.04,10984.04
2002-09-03,10984.04,0.0,0.0,10984.04,10984.04
2002-09-04,10984.04,0.0,0.0,10984.04,10984.04
2002-09-05,10984.04,0.0,0.0,10984.04,10984.04
2002-09-06,10984.04,0.0,0.0,10984.04,10984.04
2002-09-07,10984.04,0.0,0.0,10984.04,10984.04
2002-09-08,10984.04,0.0,0.0,10984.04,10984.04
2002-09-09,10984.04,0.0,0.0,10984.04,10984.04
2002-09-10,10984.04,0.0,0.0,10984.04,10984.04
2002-09-11,10984.04,0.0,0.0,10984.04,10984.04
2002-09-12,10984.04,0.0,0.0,10984.04,10984.04
2002-09-13,10984.04,0.0,0.0,10984.04,10984.04
2002-09-14,10984.04,0.0,0.0,10984.04,10984.04
2002-09-15,10984.04,0.0,0.0,10984.04,10984.04
2002-09-16,10984.04,0.0,0.0,10984.04,10984.04
2002-09-17,10984.04,0.0,0.0,10984.04,10984.04
2002-09-18,10984.04,0.0,0.0,10984.04,10984.04
2002-09-19,10984.04,0.0,0.0,10984.04,10984.04
2002-09-20,10984.04,0.0,0.0,10984.04,10984.04
2002-09-21,10984.04,0.0,0.0,10984.04,10984.04
2002-09-22,10984.04,0.0,0.0,10984.04,10984.04
2002-09-23,10984.04,0.0,0.0,10984.04,10984.04
2002-09-24,10984.04,0.0,0.0,10984.04,10984.04
2002-09-25,10984.04,0.0,0.0,10984.04,10984.04
2002-09-26,10984.04,0.0,0.0,10984.04,10984.04
2002-09-27,10984.04,0.0,0.0,10984.04,10984.04
2002-09-28,10984.04,0.0,0.0,10984.04,10984.04
2002-09-29,10984.04,0.0,0.0,10984.04,10984.04
2002-09-30,10984.04,0.0,0.0,10984.04,10984.04
2002-10-01,11061.433,77.39300000000003,0.007045950306080462,10984.04,10984.04
2002-10-02,11061.433,0.0,0.0,10984.04,10984.04
2002-10-03,11061.433,0.0,0.0,10984.04,10984.04
2002-10-04,11061.433,0.0,0.0,10984.04,10984.04
2002-10-05,11061.433,0.0,0.0,10984.04,10984.04
2002-10-06,11061.433,0.0,0.0,10984.04,10984.04
2002-10-07,11061.433,0.0,0.0,10984.04,10984.04
2002-10-08,11061.433,0.0,0.0,11061.433,10984.04
2002-10-09,11061.433,0.0,0.0,11061.433,10984.04
2002-10-10,11061.433,0.0,0.0,11061.433,10984.04
2002-10-11,11061.433,0.0,0.0,11061.433,10984.04
2002-10-12,11061.433,0.0,0.0,11061.433,10984.04
2002-10-13,11061.433,0.0,0.0,11061.433,10984.04
2002-10-14,11061.433,0.0,0.0,11061.433,10984.04
2002-10-15,11061.433,0.0,0.0,11061.433,10984.04
2002-10-16,11061.433,0.0,0.0,11061.433,10984.04
2002-10-17,11061.433,0.0,0.0,11061.433,10984.04
2002-10-18,11061.433,0.0,0.0,11061.433,10984.04
2002-10-19,11061.433,0.0,0.0,11061.433,10984.04
2002-10-20,11061.433,0.0,0.0,11061.433,10984.04
2002-10-21,11061.433,0.0,0.0,11061.433,10984.04
2002-10-22,11061.433,0.0,0.0,11061.433,10984.04
2002-10-23,11061.433,0.0,0.0,11061.433,10984.04
2002-10-24,11061.433,0.0,0.0,11061.433,10984.04
2002-10-25,11061.433,0.0,0.0,11061.433,10984.04
2002-10-26,11061.433,0.0,0.0,11061.433,10984.04
2002-10-27,11061.433,0.0,0.0,11061.433,10984.04
2002-10-28,11061.433,0.0,0.0,11061.433,10984.04
2002-10-29,11061.433,0.0,0.0,11061.433,10984.04
2002-10-30,11061.433,0.0,0.0,11061.433,10984.04
2002-10-31,11061.433,0.0,0.0,11061.433,11061.433
2002-11-01,11061.433,0.0,0.0,11061.433,11061.433
2002-11-02,11061.433,0.0,0.0,11061.433,11061.433
2002-11-03,11061.433,0.0,0.0,11061.433,11061.433
2002-11-04,11061.433,0.0,0.0,11061.433,11061.433
2002-11-05,11061.433,0.0,0.0,11061.433,11061.433
2002-11-06,11061.433,0.0,0.0,11061.433,11061.433
2002-11-07,11061.433,0.0,0.0,11061.433,11061.433
2002-11-08,11061.433,0.0,0.0,11061.433,11061.433
2002-11-09,11061.433,0.0,0.0,11061.433,11061.433
2002-11-10,11061.433,0.0,0.0,11061.433,11061.433
2002-11-11,11061.433,0.0,0.0,11061.433,11061.433
2002-11-12,11061.433,0.0,0.0,11061.433,11061.433
2002-11-13,11061.433,0.0,0.0,11061.433,11061.433
2002-11-14,11061.433,0.0,0.0,11061.433,11061.433
2002-11-15,11061.433,0.0,0.0,11061.433,11061.433
2002-11-16,11061.433,0.0,0.0,11061.433,11061.433
2002-11-17,11061.433,0.0,0.0,11061.433,11061.433
2002-11-18,11061.433,0.0,0.0,11061.433,11061.433
2002-11-19,11061.433,0.0,0.0,11061.433,11061.433
2002-11-20,11061.433,0.0,0.0,11061.433,11061.433
2002-11-21,11061.433,0.0,0.0,11061.433,11061.433
2002-11-22,11061.433,0.0,0.0,11061.433,11061.433
2002-11-23,11061.433,0.0,0.0,11061.433,11061.433
2002-11-24,11061.433,0.0,0.0,11061.433,11061.433
2002-11-25,11061.433,0.0,0.0,11061.433,11061.433
2002-11-26,11061.433,0.0,0.0,11061.433,11061.433
2002-11-27,11061.433,0.0,0.0,11061.433,11061.433
2002-11-28,11061.433,0.0,0.0,11061.433,11061.433
2002-11-29,11061.433,0.0,0.0,11061.433,11061.433
2002-11-30,11061.433,0.0,0.0,11061.433,11061.433
2002-12-01,11061.433,0.0,0.0,11061.433,11061.433
2002-12-02,11061.433,0.0,0.0,11061.433,11061.433
2002-12-03,11061.433,0.0,0.0,11061.433,11061.433
2002-12-04,11061.433,0.0,0.0,11061.433,11061.433
2002-12-05,11061.433,0.0,0.0,11061.433,11061.433
2002-12-06,11061.433,0.0,0.0,11061.433,11061.433
2002-12-07,11061.433,0.0,0.0,11061.433,11061.433
2002-12-08,11061.433,0.0,0.0,11061.433,11061.433
2002-12-09,11061.433,0.0,0.0,11061.433,11061.433
2002-12-10,11061.433,0.0,0.0,11061.433,11061.433
2002-12-11,11061.433,0.0,0.0,11061.433,11061.433
2002-12-12,11061.433,0.0,0.0,11061.433,11061.433
2002-12-13,11061.433,0.0,0.0,11061.433,11061.433
2002-12-14,11061.433,0.0,0.0,11061.433,11061.433
2002-12-15,11061.433,0.0,0.0,11061.433,11061.433
2002-12-16,11061.433,0.0,0.0,11061.433,11061.433
2002-12-17,11061.433,0.0,0.0,11061.433,11061.433
2002-12-18,11061.433,0.0,0.0,11061.433,11061.433
2002-12-19,11061.433,0.0,0.0,11061.433,11061.433
2002-12-20,11061.433,0.0,0.0,11061.433,11061.433
2002-12-21,11061.433,0.0,0.0,11061.433,11061.433
2002-12-22,11061.433,0.0,0.0,11061.433,11061.433
2002-12-23,11061.433,0.0,0.0,11061.433,11061.433
2002-12-24,11061.433,0.0,0.0,11061.433,11061.433
2002-12-25,11061.433,0.0,0.0,11061.433,11061.433
2002-12-26,11061.433,0.0,0.0,11061.433,11061.433
2002-12-27,11061.433,0.0,0.0,11061.433,11061.433
2002-12-28,11061.433,0.0,0.0,11061.433,11061.433
2002-12-29,11061.433,0.0,0.0,11061.433,11061.433
2002-12-30,11061.433,0.0,0.0,11061.433,11061.433
2002-12-31,11061.433,0.0,0.0,11061.433,11061.433
2003-01-01,11174.129,112.69599999999991,0.010188191710784666,11061.433,11061.433
2003-01-02,11174.129,0.0,0.0,11061.433,11061.433
2003-01-03,11174.129,0.0,0.0,11061.433,11061.433
2003-01-04,11174.129,0.0,0.0,11061.433,11061.433
2003-01-05,11174.129,0.0,0.0,11061.433,11061.433
2003-01-06,11174.129,0.0,0.0,11061.433,11061.433
2003-01-07,11174.129,0.0,0.0,11061.433,11061.433
2003-01-08,11174.129,0.0,0.0,11174.129,11061.433
2003-01-09,11174.129,0.0,0.0,11174.129,11061.433
2003-01-10,11174.129,0.0,0.0,11174.129,11061.433
2003-01-11,11174.129,0.0,0.0,11174.129,11061.433
2003-01-12,11174.129,0.0,0.0,11174.129,11061.433
2003-01-13,11174.129,0.0,0.0,11174.129,11061.433
2003-01-14,11174.129,0.0,0.0,11174.129,11061.433
2003-01-15,11174.129,0.0,0.0,11174.129,11061.433
2003-01-16,11174.129,0.0,0.0,11174.129,11061.433
2003-01-17,11174.129,0.0,0.0,11174.129,11061.433
2003-01-18,11174.129,0.0,0.0,11174.129,11061.433
2003-01-19,11174.129,0.0,0.0,11174.129,11061.433
2003-01-20,11174.129,0.0,0.0,11174.129,11061.433
2003-01-21,11174.129,0.0,0.0,11174.129,11061.433
2003-01-22,11174.129,0.0,0.0,11174.129,11061.433
2003-01-23,11174.129,0.0,0.0,11174.129,11061.433
2003-01-24,11174.129,0.0,0.0,11174.129,11061.433
2003-01-25,11174.129,0.0,0.0,11174.129,11061.433
2003-01-26,11174.129,0.0,0.0,11174.129,11061.433
2003-01-27,11174.129,0.0,0.0,11174.129,11061.433
2003-01-28,11174.129,0.0,0.0,11174.129,11061.433
2003-01-29,11174.129,0.0,0.0,11174.129,11061.433
2003-01-30,11174.129,0.0,0.0,11174.129,11061.433
2003-01-31,11174.129,0.0,0.0,11174.129,11174.129
2003-02-01,11174.129,0.0,0.0,11174.129,11174.129
2003-02-02,11174.129,0.0,0.0,11174.129,11174.129
2003-02-03,11174.129,0.0,0.0,11174.129,11174.129
2003-02-04,11174.129,0.0,0.0,11174.129,11174.129
2003-02-05,11174.129,0.0,0.0,11174.129,11174.129
2003-02-06,11174.129,0.0,0.0,11174.129,11174.129
2003-02-07,11174.129,0.0,0.0,11174.129,11174.129
2003-02-08,11174.129,0.0,0.0,11174.129,11174.129
2003-02-09,11174.129,0.0,0.0,11174.129,11174.129
2003-02-10,11174.129,0.0,0.0,11174.129,11174.129
2003-02-11,11174.129,0.0,0.0,11174.129,11174.129
2003-02-12,11174.129,0.0,0.0,11174.129,11174.129
2003-02-13,11174.129,0.0,0.0,11174.129,11174.129
2003-02-14,11174.129,0.0,0.0,11174.129,11174.129
2003-02-15,11174.129,0.0,0.0,11174.129,11174.129
2003-02-16,11174.129,0.0,0.0,11174.129,11174.129
2003-02-17,11174.129,0.0,0.0,11174.129,11174.129
2003-02-18,11174.129,0.0,0.0,11174.129,11174.129
2003-02-19,11174.129,0.0,0.0,11174.129,11174.129
2003-02-20,11174.129,0.0,0.0,11174.129,11174.129
2003-02-21,11174.129,0.0,0.0,11174.129,11174.129
2003-02-22,11174.129,0.0,0.0,11174.129,11174.129
2003-02-23,11174.129,0.0,0.0,11174.129,11174.129
2003-02-24,11174.129,0.0,0.0,11174.129,11174.129
2003-02-25,11174.129,0.0,0.0,11174.129,11174.129
2003-02-26,11174.129,0.0,0.0,11174.129,11174.129
2003-02-27,11174.129,0.0,0.0,11174.129,11174.129
2003-02-28,11174.129,0.0,0.0,11174.129,11174.129
2003-03-01,11174.129,0.0,0.0,11174.129,11174.129
2003-03-02,11174.129,0.0,0.0,11174.129,11174.129
2003-03-03,11174.129,0.0,0.0,11174.129,11174.129
2003-03-04,11174.129,0.0,0.0,11174.129,11174.129
2003-03-05,11174.129,0.0,0.0,11174.129,11174.129
2003-03-06,11174.129,0.0,0.0,11174.129,11174.129
2003-03-07,11174.129,0.0,0.0,11174.129,11174.129
2003-03-08,11174.129,0.0,0.0,11174.129,11174.129
2003-03-09,11174.129,0.0,0.0,11174.129,11174.129
2003-03-10,11174.129,0.0,0.0,11174.129,11174.129
2003-03-11,11174.129,0.0,0.0,11174.129,11174.129
2003-03-12,11174.129,0.0,0.0,11174.129,11174.129
2003-03-13,11174.129,0.0,0.0,11174.129,11174.129
2003-03-14,11174.129,0.0,0.0,11174.129,11174.129
2003-03-15,11174.129,0.0,0.0,11174.129,11174.129
2003-03-16,11174.129,0.0,0.0,11174.129,11174.129
2003-03-17,11174.129,0.0,0.0,11174.129,11174.129
2003-03-18,11174.129,0.0,0.0,11174.129,11174.129
2003-03-19,11174.129,0.0,0.0,11174.129,11174.129
2003-03-20,11174.129,0.0,0.0,11174.129,11174.129
2003-03-21,11174.129,0.0,0.0,11174.129,11174.129
2003-03-22,11174.129,0.0,0.0,11174.129,11174.129
2003-03-23,11174.129,0.0,0.0,11174.129,11174.129
2003-03-24,11174.129,0.0,0.0,11174.129,11174.129
2003-03-25,11174.129,0.0,0.0,11174.129,11174.129
2003-03-26,11174.129,0.0,0.0,11174.129,11174.129
2003-03-27,11174.129,0.0,0.0,11174.129,11174.129
2003-03-28,11174.129,0.0,0.0,11174.129,11174.129
2003-03-29,11174.129,0.0,0.0,11174.129,11174.129
2003-03-30,11174.129,0.0,0.0,11174.129,11174.129
2003-03-31,11174.129,0.0,0.0,11174.129,11174.129
2003-04-01,11312.766,138.6369999999988,0.012406962547147904,11174.129,11174.129
2003-04-02,11312.766,0.0,0.0,11174.129,11174.129
2003-04-03,11312.766,0.0,0.0,11174.129,11174.129
2003-04-04,11312.766,0.0,0.0,11174.129,11174.129
2003-04-05,11312.766,0.0,0.0,11174.129,11174.129
2003-04-06,11312.766,0.0,0.0,11174.129,11174.129
2003-04-07,11312.766,0.0,0.0,11174.129,11174.129
2003-04-08,11312.766,0.0,0.0,11312.766,11174.129
2003-04-09,11312.766,0.0,0.0,11312.766,11174.129
2003-04-10,11312.766,0.0,0.0,11312.766,11174.129
2003-04-11,11312.766,0.0,0.0,11312.766,11174.129
2003-04-12,11312.766,0.0,0.0,11312.766,11174.129
2003-04-13,11312.766,0.0,0.0,11312.766,11174.129
2003-04-14,11312.766,0.0,0.0,11312.766,11174.129
2003-04-15,11312.766,0.0,0.0,11312.766,11174.129
2003-04-16,11312.766,0.0,0.0,11312.766,11174.129
2003-04-17,11312.766,0.0,0.0,11312.766,11174.129
2003-04-18,11312.766,0.0,0.0,11312.766,11174.129
2003-04-19,11312.766,0.0,0.0,11312.766,11174.129
2003-04-20,11312.766,0.0,0.0,11312.766,11174.129
2003-04-21,11312.766,0.0,0.0,11312.766,11174.129
2003-04-22,11312.766,0.0,0.0,11312.766,11174.129
2003-04-23,11312.766,0.0,0.0,11312.766,11174.129
2003-04-24,11312.766,0.0,0.0,11312.766,11174.129
2003-04-25,11312.766,0.0,0.0,11312.766,11174.129
2003-04-26,11312.766,0.0,0.0,11312.766,11174.129
2003-04-27,11312.766,0.0,0.0,11312.766,11174.129
2003-04-28,11312.766,0.0,0.0,11312.766,11174.129
2003-04-29,11312.766,0.0,0.0,11312.766,11174.129
2003-04-30,11312.766,0.0,0.0,11312.766,11174.129
2003-05-01,11312.766,0.0,0.0,11312.766,11312.766
2003-05-02,11312.766,0.0,0.0,11312.766,11312.766
2003-05-03,11312.766,0.0,0.0,11312.766,11312.766
2003-05-04,11312.766,0.0,0.0,11312.766,11312.766
2003-05-05,11312.766,0.0,0.0,11312.766,11312.766
2003-05-06,11312.766,0.0,0.0,11312.766,11312.766
2003-05-07,11312.766,0.0,0.0,11312.766,11312.766
2003-05-08,11312.766,0.0,0.0,11312.766,11312.766
2003-05-09,11312.766,0.0,0.0,11312.766,11312.766
2003-05-10,11312.766,0.0,0.0,11312.766,11312.766
2003-05-11,11312.766,0.0,0.0,11312.766,11312.766
2003-05-12,11312.766,0.0,0.0,11312.766,11312.766
2003-05-13,11312.766,0.0,0.0,11312.766,11312.766
2003-05-14,11312.766,0.0,0.0,11312.766,11312.766
2003-05-15,11312.766,0.0,0.0,11312.766,11312.766
2003-05-16,11312.766,0.0,0.0,11312.766,11312.766
2003-05-17,11312.766,0.0,0.0,11312.766,11312.766
2003-05-18,11312.766,0.0,0.0,11312.766,11312.766
2003-05-19,11312.766,0.0,0.0,11312.766,11312.766
2003-05-20,11312.766,0.0,0.0,11312.766,11312.766
2003-05-21,11312.766,0.0,0.0,11312.766,11312.766
2003-05-22,11312.766,0.0,0.0,11312.766,11312.766
2003-05-23,11312.766,0.0,0.0,11312.766,11312.766
2003-05-24,11312.766,0.0,0.0,11312.766,11312.766
2003-05-25,11312.766,0.0,0.0,11312.766,11312.766
2003-05-26,11312.766,0.0,0.0,11312.766,11312.766
2003-05-27,11312.766,0.0,0.0,11312.766,11312.766
2003-05-28,11312.766,0.0,0.0,11312.766,11312.766
2003-05-29,11312.766,0.0,0.0,11312.766,11312.766
2003-05-30,11312.766,0.0,0.0,11312.766,11312.766
2003-05-31,11312.766,0.0,0.0,11312.766,11312.766
2003-06-01,11312.766,0.0,0.0,11312.766,11312.766
2003-06-02,11312.766,0.0,0.0,11312.766,11312.766
2003-06-03,11312.766,0.0,0.0,11312.766,11312.766
2003-06-04,11312.766,0.0,0.0,11312.766,11312.766
2003-06-05,11312.766,0.0,0.0,11312.766,11312.766
2003-06-06,11312.766,0.0,0.0,11312.766,11312.766
2003-06-07,11312.766,0.0,0.0,11312.766,11312.766
2003-06-08,11312.766,0.0,0.0,11312.766,11312.766
2003-06-09,11312.766,0.0,0.0,11312.766,11312.766
2003-06-10,11312.766,0.0,0.0,11312.766,11312.766
2003-06-11,11312.766,0.0,0.0,11312.766,11312.766
2003-06-12,11312.766,0.0,0.0,11312.766,11312.766
2003-06-13,11312.766,0.0,0.0,11312.766,11312.766
2003-06-14,11312.766,0.0,0.0,11312.766,11312.766
2003-06-15,11312.766,0.0,0.0,11312.766,11312.766
2003-06-16,11312.766,0.0,0.0,11312.766,11312.766
2003-06-17,11312.766,0.0,0.0,11312.766,11312.766
2003-06-18,11312.766,0.0,0.0,11312.766,11312.766
2003-06-19,11312.766,0.0,0.0,11312.766,11312.766
2003-06-20,11312.766,0.0,0.0,11312.766,11312.766
2003-06-21,11312.766,0.0,0.0,11312.766,11312.766
2003-06-22,11312.766,0.0,0.0,11312.766,11312.766
2003-06-23,11312.766,0.0,0.0,11312.766,11312.766
2003-06-24,11312.766,0.0,0.0,11312.766,11312.766
2003-06-25,11312.766,0.0,0.0,11312.766,11312.766
2003-06-26,11312.766,0.0,0.0,11312.766,11312.766
2003-06-27,11312.766,0.0,0.0,11312.766,11312.766
2003-06-28,11312.766,0.0,0.0,11312.766,11312.766
2003-06-29,11312.766,0.0,0.0,11312.766,11312.766
2003-06-30,11312.766,0.0,0.0,11312.766,11312.766
2003-07-01,11566.669,253.90300000000025,0.02244393634589459,11312.766,11312.766
2003-07-02,11566.669,0.0,0.0,11312.766,11312.766
2003-07-03,11566.669,0.0,0.0,11312.766,11312.766
2003-07-04,11566.669,0.0,0.0,11312.766,11312.766
2003-07-05,11566.669,0.0,0.0,11312.766,11312.766
2003-07-06,11566.669,0.0,0.0,11312.766,11312.766
2003-07-07,11566.669,0.0,0.0,11312.766,11312.766
2003-07-08,11566.669,0.0,0.0,11566.669,11312.766
2003-07-09,11566.669,0.0,0.0,11566.669,11312.766
2003-07-10,11566.669,0.0,0.0,11566.669,11312.766
2003-07-11,11566.669,0.0,0.0,11566.669,11312.766
2003-07-12,11566.669,0.0,0.0,11566.669,11312.766
2003-07-13,11566.669,0.0,0.0,11566.669,11312.766
2003-07-14,11566.669,0.0,0.0,11566.669,11312.766
2003-07-15,11566.669,0.0,0.0,11566.669,11312.766
2003-07-16,11566.669,0.0,0.0,11566.669,11312.766
2003-07-17,11566.669,0.0,0.0,11566.669,11312.766
2003-07-18,11566.669,0.0,0.0,11566.669,11312.766
2003-07-19,11566.669,0.0,0.0,11566.669,11312.766
2003-07-20,11566.669,0.0,0.0,11566.669,11312.766
2003-07-21,11566.669,0.0,0.0,11566.669,11312.766
2003-07-22,11566.669,0.0,0.0,11566.669,11312.766
2003-07-23,11566.669,0.0,0.0,11566.669,11312.766
2003-07-24,11566.669,0.0,0.0,11566.669,11312.766
2003-07-25,11566.669,0.0,0.0,11566.669,11312.766
2003-07-26,11566.669,0.0,0.0,11566.669,11312.766
2003-07-27,11566.669,0.0,0.0,11566.669,11312.766
2003-07-28,11566.669,0.0,0.0,11566.669,11312.766
2003-07-29,11566.669,0.0,0.0,11566.669,11312.766
2003-07-30,11566.669,0.0,0.0,11566.669,11312.766
2003-07-31,11566.669,0.0,0.0,11566.669,11566.669
2003-08-01,11566.669,0.0,0.0,11566.669,11566.669
2003-08-02,11566.669,0.0,0.0,11566.669,11566.669
2003-08-03,11566.669,0.0,0.0,11566.669,11566.669
2003-08-04,11566.669,0.0,0.0,11566.669,11566.669
2003-08-05,11566.669,0.0,0.0,11566.669,11566.669
2003-08-06,11566.669,0.0,0.0,11566.669,11566.669
2003-08-07,11566.669,0.0,0.0,11566.669,11566.669
2003-08-08,11566.669,0.0,0.0,11566.669,11566.669
2003-08-09,11566.669,0.0,0.0,11566.669,11566.669
2003-08-10,11566.669,0.0,0.0,11566.669,11566.669
2003-08-11,11566.669,0.0,0.0,11566.669,11566.669
2003-08-12,11566.669,0.0,0.0,11566.669,11566.669
2003-08-13,11566.669,0.0,0.0,11566.669,11566.669
2003-08-14,11566.669,0.0,0.0,11566.669,11566.669
2003-08-15,11566.669,0.0,0.0,11566.669,11566.669
2003-08-16,11566.669,0.0,0.0,11566.669,11566.669
2003-08-17,11566.669,0.0,0.0,11566.669,11566.669
2003-08-18,11566.669,0.0,0.0,11566.669,11566.669
2003-08-19,11566.669,0.0,0.0,11566.669,11566.669
2003-08-20,11566.669,0.0,0.0,11566.669,11566.669
2003-08-21,11566.669,0.0,0.0,11566.669,11566.669
2003-08-22,11566.669,0.0,0.0,11566.669,11566.669
2003-08-23,11566.669,0.0,0.0,11566.669,11566.669
2003-08-24,11566.669,0.0,0.0,11566.669,11566.669
2003-08-25,11566.669,0.0,0.0,11566.669,11566.669
2003-08-26,11566.669,0.0,0.0,11566.669,11566.669
2003-08-27,11566.669,0.0,0.0,11566.669,11566.669
2003-08-28,11566.669,0.0,0.0,11566.669,11566.669
2003-08-29,11566.669,0.0,0.0,11566.669,11566.669
2003-08-30,11566.669,0.0,0.0,11566.669,11566.669
2003-08-31,11566.669,0.0,0.0,11566.669,11566.669
2003-09-01,11566.669,0.0,0.0,11566.669,11566.669
2003-09-02,11566.669,0.0,0.0,11566.669,11566.669
2003-09-03,11566.669,0.0,0.0,11566.669,11566.669
2003-09-04,11566.669,0.0,0.0,11566.669,11566.669
2003-09-05,11566.669,0.0,0.0,11566.669,11566.669
2003-09-06,11566.669,0.0,0.0,11566.669,11566.669
2003-09-07,11566.669,0.0,0.0,11566.669,11566.669
2003-09-08,11566.669,0.0,0.0,11566.669,11566.669
2003-09-09,11566.669,0.0,0.0,11566.669,11566.669
2003-09-10,11566.669,0.0,0.0,11566.669,11566.669
2003-09-11,11566.669,0.0,0.0,11566.669,11566.669
2003-09-12,11566.669,0.0,0.0,11566.669,11566.669
2003-09-13,11566.669,0.0,0.0,11566.669,11566.669
2003-09-14,11566.669,0.0,0.0,11566.669,11566.669
2003-09-15,11566.669,0.0,0.0,11566.669,11566.669
2003-09-16,11566.669,0.0,0.0,11566.669,11566.669
2003-09-17,11566.669,0.0,0.0,11566.669,11566.669
2003-09-18,11566.669,0.0,0.0,11566.669,11566.669
2003-09-19,11566.669,0.0,0.0,11566.669,11566.669
2003-09-20,11566.669,0.0,0.0,11566.669,11566.669
2003-09-21,11566.669,0.0,0.0,11566.669,11566.669
2003-09-22,11566.669,0.0,0.0,11566.669,11566.669
2003-09-23,11566.669,0.0,0.0,11566.669,11566.669
2003-09-24,11566.669,0.0,0.0,11566.669,11566.669
2003-09-25,11566.669,0.0,0.0,11566.669,11566.669
2003-09-26,11566.669,0.0,0.0,11566.669,11566.669
2003-09-27,11566.669,0.0,0.0,11566.669,11566.669
2003-09-28,11566.669,0.0,0.0,11566.669,11566.669
2003-09-29,11566.669,0.0,0.0,11566.669,11566.669
2003-09-30,11566.669,0.0,0.0,11566.669,11566.669
2003-10-01,11772.234,205.5650000000005,0.01777218661656188,11566.669,11566.669
2003-10-02,11772.234,0.0,0.0,11566.669,11566.669
2003-10-03,11772.234,0.0,0.0,11566.669,11566.669
2003-10-04,11772.234,0.0,0.0,11566.669,11566.669
2003-10-05,11772.234,0.0,0.0,11566.669,11566.669
2003-10-06,11772.234,0.0,0.0,11566.669,11566.669
2003-10-07,11772.234,0.0,0.0,11566.669,11566.669
2003-10-08,11772.234,0.0,0.0,11772.234,11566.669
2003-10-09,11772.234,0.0,0.0,11772.234,11566.669
2003-10-10,11772.234,0.0,0.0,11772.234,11566.669
2003-10-11,11772.234,0.0,0.0,11772.234,11566.669
2003-10-12,11772.234,0.0,0.0,11772.234,11566.669
2003-10-13,11772.234,0.0,0.0,11772.234,11566.669
2003-10-14,11772.234,0.0,0.0,11772.234,11566.669
2003-10-15,11772.234,0.0,0.0,11772.234,11566.669
2003-10-16,11772.234,0.0,0.0,11772.234,11566.669
2003-10-17,11772.234,0.0,0.0,11772.234,11566.669
2003-10-18,11772.234,0.0,0.0,11772.234,11566.669
2003-10-19,11772.234,0.0,0.0,11772.234,11566.669
2003-10-20,11772.234,0.0,0.0,11772.234,11566.669
2003-10-21,11772.234,0.0,0.0,11772.234,11566.669
2003-10-22,11772.234,0.0,0.0,11772.234,11566.669
2003-10-23,11772.234,0.0,0.0,11772.234,11566.669
2003-10-24,11772.234,0.0,0.0,11772.234,11566.669
2003-10-25,11772.234,0.0,0.0,11772.234,11566.669
2003-10-26,11772.234,0.0,0.0,11772.234,11566.669
2003-10-27,11772.234,0.0,0.0,11772.234,11566.669
2003-10-28,11772.234,0.0,0.0,11772.234,11566.669
2003-10-29,11772.234,0.0,0.0,11772.234,11566.669
2003-10-30,11772.234,0.0,0.0,11772.234,11566.669
2003-10-31,11772.234,0.0,0.0,11772.234,11772.234
2003-11-01,11772.234,0.0,0.0,11772.234,11772.234
2003-11-02,11772.234,0.0,0.0,11772.234,11772.234
2003-11-03,11772.234,0.0,0.0,11772.234,11772.234
2003-11-04,11772.234,0.0,0.0,11772.234,11772.234
2003-11-05,11772.234,0.0,0.0,11772.234,11772.234
2003-11-06,11772.234,0.0,0.0,11772.234,11772.234
2003-11-07,11772.234,0.0,0.0,11772.234,11772.234
2003-11-08,11772.234,0.0,0.0,11772.234,11772.234
2003-11-09,11772.234,0.0,0.0,11772.234,11772.234
2003-11-10,11772.234,0.0,0.0,11772.234,11772.234
2003-11-11,11772.234,0.0,0.0,11772.234,11772.234
2003-11-12,11772.234,0.0,0.0,11772.234,11772.234
2003-11-13,11772.234,0.0,0.0,11772.234,11772.234
2003-11-14,11772.234,0.0,0.0,11772.234,11772.234
2003-11-15,11772.234,0.0,0.0,11772.234,11772.234
2003-11-16,11772.234,0.0,0.0,11772.234,11772.234
2003-11-17,11772.234,0.0,0.0,11772.234,11772.234
2003-11-18,11772.234,0.0,0.0,11772.234,11772.234
2003-11-19,11772.234,0.0,0.0,11772.234,11772.234
2003-11-20,11772.234,0.0,0.0,11772.234,11772.234
2003-11-21,11772.234,0.0,0.0,11772.234,11772.234
2003-11-22,11772.234,0.0,0.0,11772.234,11772.234
2003-11-23,11772.234,0.0,0.0,11772.234,11772.234
2003-11-24,11772.234,0.0,0.0,11772.234,11772.234
2003-11-25,11772.234,0.0,0.0,11772.234,11772.234
2003-11-26,11772.234,0.0,0.0,11772.234,11772.234
2003-11-27,11772.234,0.0,0.0,11772.234,11772.234
2003-11-28,11772.234,0.0,0.0,11772.234,11772.234
2003-11-29,11772.234,0.0,0.0,11772.234,11772.234
2003-11-30,11772.234,0.0,0.0,11772.234,11772.234
2003-12-01,11772.234,0.0,0.0,11772.234,11772.234
2003-12-02,11772.234,0.0,0.0,11772.234,11772.234
2003-12-03,11772.234,0.0,0.0,11772.234,11772.234
2003-12-04,11772.234,0.0,0.0,11772.234,11772.234
2003-12-05,11772.234,0.0,0.0,11772.234,11772.234
2003-12-06,11772.234,0.0,0.0,11772.234,11772.234
2003-12-07,11772.234,0.0,0.0,11772.234,11772.234
2003-12-08,11772.234,0.0,0.0,11772.234,11772.234
2003-12-09,11772.234,0.0,0.0,11772.234,11772.234
2003-12-10,11772.234,0.0,0.0,11772.234,11772.234
2003-12-11,11772.234,0.0,0.0,11772.234,11772.234
2003-12-12,11772.234,0.0,0.0,11772.234,11772.234
2003-12-13,11772.234,0.0,0.0,11772.234,11772.234
2003-12-14,11772.234,0.0,0.0,11772.234,11772.234
2003-12-15,11772.234,0.0,0.0,11772.234,11772.234
2003-12-16,11772.234,0.0,0.0,11772.234,11772.234
2003-12-17,11772.234,0.0,0.0,11772.234,11772.234
2003-12-18,11772.234,0.0,0.0,11772.234,11772.234
2003-12-19,11772.234,0.0,0.0,11772.234,11772.234
2003-12-20,11772.234,0.0,0.0,11772.234,11772.234
2003-12-21,11772.234,0.0,0.0,11772.234,11772.234
2003-12-22,11772.234,0.0,0.0,11772.234,11772.234
2003-12-23,11772.234,0.0,0.0,11772.234,11772.234
2003-12-24,11772.234,0.0,0.0,11772.234,11772.234
2003-12-25,11772.234,0.0,0.0,11772.234,11772.234
2003-12-26,11772.234,0.0,0.0,11772.234,11772.234
2003-12-27,11772.234,0.0,0.0,11772.234,11772.234
2003-12-28,11772.234,0.0,0.0,11772.234,11772.234
2003-12-29,11772.234,0.0,0.0,11772.234,11772.234
2003-12-30,11772.234,0.0,0.0,11772.234,11772.234
2003-12-31,11772.234,0.0,0.0,11772.234,11772.234
2004-01-01,11923.447,151.21299999999974,0.012844885686098317,11772.234,11772.234
2004-01-02,11923.447,0.0,0.0,11772.234,11772.234
2004-01-03,11923.447,0.0,0.0,11772.234,11772.234
2004-01-04,11923.447,0.0,0.0,11772.234,11772.234
2004-01-05,11923.447,0.0,0.0,11772.234,11772.234
2004-01-06,11923.447,0.0,0.0,11772.234,11772.234
2004-01-07,11923.447,0.0,0.0,11772.234,11772.234
2004-01-08,11923.447,0.0,0.0,11923.447,11772.234
2004-01-09,11923.447,0.0,0.0,11923.447,11772.234
2004-01-10,11923.447,0.0,0.0,11923.447,11772.234
2004-01-11,11923.447,0.0,0.0,11923.447,11772.234
2004-01-12,11923.447,0.0,0.0,11923.447,11772.234
2004-01-13,11923.447,0.0,0.0,11923.447,11772.234
2004-01-14,11923.447,0.0,0.0,11923.447,11772.234
2004-01-15,11923.447,0.0,0.0,11923.447,11772.234
2004-01-16,11923.447,0.0,0.0,11923.447,11772.234
2004-01-17,11923.447,0.0,0.0,11923.447,11772.234
2004-01-18,11923.447,0.0,0.0,11923.447,11772.234
2004-01-19,11923.447,0.0,0.0,11923.447,11772.234
2004-01-20,11923.447,0.0,0.0,11923.447,11772.234
2004-01-21,11923.447,0.0,0.0,11923.447,11772.234
2004-01-22,11923.447,0.0,0.0,11923.447,11772.234
2004-01-23,11923.447,0.0,0.0,11923.447,11772.234
2004-01-24,11923.447,0.0,0.0,11923.447,11772.234
2004-01-25,11923.447,0.0,0.0,11923.447,11772.234
2004-01-26,11923.447,0.0,0.0,11923.447,11772.234
2004-01-27,11923.447,0.0,0.0,11923.447,11772.234
2004-01-28,11923.447,0.0,0.0,11923.447,11772.234
2004-01-29,11923.447,0.0,0.0,11923.447,11772.234
2004-01-30,11923.447,0.0,0.0,11923.447,11772.234
2004-01-31,11923.447,0.0,0.0,11923.447,11923.447
2004-02-01,11923.447,0.0,0.0,11923.447,11923.447
2004-02-02,11923.447,0.0,0.0,11923.447,11923.447
2004-02-03,11923.447,0.0,0.0,11923.447,11923.447
2004-02-04,11923.447,0.0,0.0,11923.447,11923.447
2004-02-05,11923.447,0.0,0.0,11923.447,11923.447
2004-02-06,11923.447,0.0,0.0,11923.447,11923.447
2004-02-07,11923.447,0.0,0.0,11923.447,11923.447
2004-02-08,11923.447,0.0,0.0,11923.447,11923.447
2004-02-09,11923.447,0.0,0.0,11923.447,11923.447
2004-02-10,11923.447,0.0,0.0,11923.447,11923.447
2004-02-11,11923.447,0.0,0.0,11923.447,11923.447
2004-02-12,11923.447,0.0,0.0,11923.447,11923.447
2004-02-13,11923.447,0.0,0.0,11923.447,11923.447
2004-02-14,11923.447,0.0,0.0,11923.447,11923.447
2004-02-15,11923.447,0.0,0.0,11923.447,11923.447
2004-02-16,11923.447,0.0,0.0,11923.447,11923.447
2004-02-17,11923.447,0.0,0.0,11923.447,11923.447
2004-02-18,11923.447,0.0,0.0,11923.447,11923.447
2004-02-19,11923.447,0.0,0.0,11923.447,11923.447
2004-02-20,11923.447,0.0,0.0,11923.447,11923.447
2004-02-21,11923.447,0.0,0.0,11923.447,11923.447
2004-02-22,11923.447,0.0,0.0,11923.447,11923.447
2004-02-23,11923.447,0.0,0.0,11923.447,11923.447
2004-02-24,11923.447,0.0,0.0,11923.447,11923.447
2004-02-25,11923.447,0.0,0.0,11923.447,11923.447
2004-02-26,11923.447,0.0,0.0,11923.447,11923.447
2004-02-27,11923.447,0.0,0.0,11923.447,11923.447
2004-02-28,11923.447,0.0,0.0,11923.447,11923.447
2004-02-29,11923.447,0.0,0.0,11923.447,11923.447
2004-03-01,11923.447,0.0,0.0,11923.447,11923.447
2004-03-02,11923.447,0.0,0.0,11923.447,11923.447
2004-03-03,11923.447,0.0,0.0,11923.447,11923.447
2004-03-04,11923.447,0.0,0.0,11923.447,11923.447
2004-03-05,11923.447,0.0,0.0,11923.447,11923.447
2004-03-06,11923.447,0.0,0.0,11923.447,11923.447
2004-03-07,11923.447,0.0,0.0,11923.447,11923.447
2004-03-08,11923.447,0.0,0.0,11923.447,11923.447
2004-03-09,11923.447,0.0,0.0,11923.447,11923.447
2004-03-10,11923.447,0.0,0.0,11923.447,11923.447
2004-03-11,11923.447,0.0,0.0,11923.447,11923.447
2004-03-12,11923.447,0.0,0.0,11923.447,11923.447
2004-03-13,11923.447,0.0,0.0,11923.447,11923.447
2004-03-14,11923.447,0.0,0.0,11923.447,11923.447
2004-03-15,11923.447,0.0,0.0,11923.447,11923.447
2004-03-16,11923.447,0.0,0.0,11923.447,11923.447
2004-03-17,11923.447,0.0,0.0,11923.447,11923.447
2004-03-18,11923.447,0.0,0.0,11923.447,11923.447
2004-03-19,11923.447,0.0,0.0,11923.447,11923.447
2004-03-20,11923.447,0.0,0.0,11923.447,11923.447
2004-03-21,11923.447,0.0,0.0,11923.447,11923.447
2004-03-22,11923.447,0.0,0.0,11923.447,11923.447
2004-03-23,11923.447,0.0,0.0,11923.447,11923.447
2004-03-24,11923.447,0.0,0.0,11923.447,11923.447
2004-03-25,11923.447,0.0,0.0,11923.447,11923.447
2004-03-26,11923.447,0.0,0.0,11923.447,11923.447
2004-03-27,11923.447,0.0,0.0,11923.447,11923.447
2004-03-28,11923.447,0.0,0.0,11923.447,11923.447
2004-03-29,11923.447,0.0,0.0,11923.447,11923.447
2004-03-30,11923.447,0.0,0.0,11923.447,11923.447
2004-03-31,11923.447,0.0,0.0,11923.447,11923.447
2004-04-01,12112.815,189.3680000000004,0.015881984463050003,11923.447,11923.447
2004-04-02,12112.815,0.0,0.0,11923.447,11923.447
2004-04-03,12112.815,0.0,0.0,11923.447,11923.447
2004-04-04,12112.815,0.0,0.0,11923.447,11923.447
2004-04-05,12112.815,0.0,0.0,11923.447,11923.447
2004-04-06,12112.815,0.0,0.0,11923.447,11923.447
2004-04-07,12112.815,0.0,0.0,11923.447,11923.447
2004-04-08,12112.815,0.0,0.0,12112.815,11923.447
2004-04-09,12112.815,0.0,0.0,12112.815,11923.447
2004-04-10,12112.815,0.0,0.0,12112.815,11923.447
2004-04-11,12112.815,0.0,0.0,12112.815,11923.447
2004-04-12,12112.815,0.0,0.0,12112.815,11923.447
2004-04-13,12112.815,0.0,0.0,12112.815,11923.447
2004-04-14,12112.815,0.0,0.0,12112.815,11923.447
2004-04-15,12112.815,0.0,0.0,12112.815,11923.447
2004-04-16,12112.815,0.0,0.0,12112.815,11923.447
2004-04-17,12112.815,0.0,0.0,12112.815,11923.447
2004-04-18,12112.815,0.0,0.0,12112.815,11923.447
2004-04-19,12112.815,0.0,0.0,12112.815,11923.447
2004-04-20,12112.815,0.0,0.0,12112.815,11923.447
2004-04-21,12112.815,0.0,0.0,12112.815,11923.447
2004-04-22,12112.815,0.0,0.0,12112.815,11923.447
2004-04-23,12112.815,0.0,0.0,12112.815,11923.447
2004-04-24,12112.815,0.0,0.0,12112.815,11923.447
2004-04-25,12112.815,0.0,0.0,12112.815,11923.447
2004-04-26,12112.815,0.0,0.0,12112.815,11923.447
2004-04-27,12112.815,0.0,0.0,12112.815,11923.447
2004-04-28,12112.815,0.0,0.0,12112.815,11923.447
2004-04-29,12112.815,0.0,0.0,12112.815,11923.447
2004-04-30,12112.815,0.0,0.0,12112.815,11923.447
2004-05-01,12112.815,0.0,0.0,12112.815,12112.815
2004-05-02,12112.815,0.0,0.0,12112.815,12112.815
2004-05-03,12112.815,0.0,0.0,12112.815,12112.815
2004-05-04,12112.815,0.0,0.0,12112.815,12112.815
2004-05-05,12112.815,0.0,0.0,12112.815,12112.815
2004-05-06,12112.815,0.0,0.0,12112.815,12112.815
2004-05-07,12112.815,0.0,0.0,12112.815,12112.815
2004-05-08,12112.815,0.0,0.0,12112.815,12112.815
2004-05-09,12112.815,0.0,0.0,12112.815,12112.815
2004-05-10,12112.815,0.0,0.0,12112.815,12112.815
2004-05-11,12112.815,0.0,0.0,12112.815,12112.815
2004-05-12,12112.815,0.0,0.0,12112.815,12112.815
2004-05-13,12112.815,0.0,0.0,12112.815,12112.815
2004-05-14,12112.815,0.0,0.0,12112.815,12112.815
2004-05-15,12112.815,0.0,0.0,12112.815,12112.815
2004-05-16,12112.815,0.0,0.0,12112.815,12112.815
2004-05-17,12112.815,0.0,0.0,12112.815,12112.815
2004-05-18,12112.815,0.0,0.0,12112.815,12112.815
2004-05-19,12112.815,0.0,0.0,12112.815,12112.815
2004-05-20,12112.815,0.0,0.0,12112.815,12112.815
2004-05-21,12112.815,0.0,0.0,12112.815,12112.815
2004-05-22,12112.815,0.0,0.0,12112.815,12112.815
2004-05-23,12112.815,0.0,0.0,12112.815,12112.815
2004-05-24,12112.815,0.0,0.0,12112.815,12112.815
2004-05-25,12112.815,0.0,0.0,12112.815,12112.815
2004-05-26,12112.815,0.0,0.0,12112.815,12112.815
2004-05-27,12112.815,0.0,0.0,12112.815,12112.815
2004-05-28,12112.815,0.0,0.0,12112.815,12112.815
2004-05-29,12112.815,0.0,0.0,12112.815,12112.815
2004-05-30,12112.815,0.0,0.0,12112.815,12112.815
2004-05-31,12112.815,0.0,0.0,12112.815,12112.815
2004-06-01,12112.815,0.0,0.0,12112.815,12112.815
2004-06-02,12112.815,0.0,0.0,12112.815,12112.815
2004-06-03,12112.815,0.0,0.0,12112.815,12112.815
2004-06-04,12112.815,0.0,0.0,12112.815,12112.815
2004-06-05,12112.815,0.0,0.0,12112.815,12112.815
2004-06-06,12112.815,0.0,0.0,12112.815,12112.815
2004-06-07,12112.815,0.0,0.0,12112.815,12112.815
2004-06-08,12112.815,0.0,0.0,12112.815,12112.815
2004-06-09,12112.815,0.0,0.0,12112.815,12112.815
2004-06-10,12112.815,0.0,0.0,12112.815,12112.815
2004-06-11,12112.815,0.0,0.0,12112.815,12112.815
2004-06-12,12112.815,0.0,0.0,12112.815,12112.815
2004-06-13,12112.815,0.0,0.0,12112.815,12112.815
2004-06-14,12112.815,0.0,0.0,12112.815,12112.815
2004-06-15,12112.815,0.0,0.0,12112.815,12112.815
2004-06-16,12112.815,0.0,0.0,12112.815,12112.815
2004-06-17,12112.815,0.0,0.0,12112.815,12112.815
2004-06-18,12112.815,0.0,0.0,12112.815,12112.815
2004-06-19,12112.815,0.0,0.0,12112.815,12112.815
2004-06-20,12112.815,0.0,0.0,12112.815,12112.815
2004-06-21,12112.815,0.0,0.0,12112.815,12112.815
2004-06-22,12112.815,0.0,0.0,12112.815,12112.815
2004-06-23,12112.815,0.0,0.0,12112.815,12112.815
2004-06-24,12112.815,0.0,0.0,12112.815,12112.815
2004-06-25,12112.815,0.0,0.0,12112.815,12112.815
2004-06-26,12112.815,0.0,0.0,12112.815,12112.815
2004-06-27,12112.815,0.0,0.0,12112.815,12112.815
2004-06-28,12112.815,0.0,0.0,12112.815,12112.815
2004-06-29,12112.815,0.0,0.0,12112.815,12112.815
2004-06-30,12112.815,0.0,0.0,12112.815,12112.815
2004-07-01,12305.307,192.4920000000002,0.015891599103924348,12112.815,12112.815
2004-07-02,12305.307,0.0,0.0,12112.815,12112.815
2004-07-03,12305.307,0.0,0.0,12112.815,12112.815
2004-07-04,12305.307,0.0,0.0,12112.815,12112.815
2004-07-05,12305.307,0.0,0.0,12112.815,12112.815
2004-07-06,12305.307,0.0,0.0,12112.815,12112.815
2004-07-07,12305.307,0.0,0.0,12112.815,12112.815
2004-07-08,12305.307,0.0,0.0,12305.307,12112.815
2004-07-09,12305.307,0.0,0.0,12305.307,12112.815
2004-07-10,12305.307,0.0,0.0,12305.307,12112.815
2004-07-11,12305.307,0.0,0.0,12305.307,12112.815
2004-07-12,12305.307,0.0,0.0,12305.307,12112.815
2004-07-13,12305.307,0.0,0.0,12305.307,12112.815
2004-07-14,12305.307,0.0,0.0,12305.307,12112.815
2004-07-15,12305.307,0.0,0.0,12305.307,12112.815
2004-07-16,12305.307,0.0,0.0,12305.307,12112.815
2004-07-17,12305.307,0.0,0.0,12305.307,12112.815
2004-07-18,12305.307,0.0,0.0,12305.307,12112.815
2004-07-19,12305.307,0.0,0.0,12305.307,12112.815
2004-07-20,12305.307,0.0,0.0,12305.307,12112.815
2004-07-21,12305.307,0.0,0.0,12305.307,12112.815
2004-07-22,12305.307,0.0,0.0,12305.307,12112.815
2004-07-23,12305.307,0.0,0.0,12305.307,12112.815
2004-07-24,12305.307,0.0,0.0,12305.307,12112.815
2004-07-25,12305.307,0.0,0.0,12305.307,12112.815
2004-07-26,12305.307,0.0,0.0,12305.307,12112.815
2004-07-27,12305.307,0.0,0.0,12305.307,12112.815
2004-07-28,12305.307,0.0,0.0,12305.307,12112.815
2004-07-29,12305.307,0.0,0.0,12305.307,12112.815
2004-07-30,12305.307,0.0,0.0,12305.307,12112.815
2004-07-31,12305.307,0.0,0.0,12305.307,12305.307
2004-08-01,12305.307,0.0,0.0,12305.307,12305.307
2004-08-02,12305.307,0.0,0.0,12305.307,12305.307
2004-08-03,12305.307,0.0,0.0,12305.307,12305.307
2004-08-04,12305.307,0.0,0.0,12305.307,12305.307
2004-08-05,12305.307,0.0,0.0,12305.307,12305.307
2004-08-06,12305.307,0.0,0.0,12305.307,12305.307
2004-08-07,12305.307,0.0,0.0,12305.307,12305.307
2004-08-08,12305.307,0.0,0.0,12305.307,12305.307
2004-08-09,12305.307,0.0,0.0,12305.307,12305.307
2004-08-10,12305.307,0.0,0.0,12305.307,12305.307
2004-08-11,12305.307,0.0,0.0,12305.307,12305.307
2004-08-12,12305.307,0.0,0.0,12305.307,12305.307
2004-08-13,12305.307,0.0,0.0,12305.307,12305.307
2004-08-14,12305.307,0.0,0.0,12305.307,12305.307
2004-08-15,12305.307,0.0,0.0,12305.307,12305.307
2004-08-16,12305.307,0.0,0.0,12305.307,12305.307
2004-08-17,12305.307,0.0,0.0,12305.307,12305.307
2004-08-18,12305.307,0.0,0.0,12305.307,12305.307
2004-08-19,12305.307,0.0,0.0,12305.307,12305.307
2004-08-20,12305.307,0.0,0.0,12305.307,12305.307
2004-08-21,12305.307,0.0,0.0,12305.307,12305.307
2004-08-22,12305.307,0.0,0.0,12305.307,12305.307
2004-08-23,12305.307,0.0,0.0,12305.307,12305.307
2004-08-24,12305.307,0.0,0.0,12305.307,12305.307
2004-08-25,12305.307,0.0,0.0,12305.307,12305.307
2004-08-26,12305.307,0.0,0.0,12305.307,12305.307
2004-08-27,12305.307,0.0,0.0,12305.307,12305.307
2004-08-28,12305.307,0.0,0.0,12305.307,12305.307
2004-08-29,12305.307,0.0,0.0,12305.307,12305.307
2004-08-30,12305.307,0.0,0.0,12305.307,12305.307
2004-08-31,12305.307,0.0,0.0,12305.307,12305.307
2004-09-01,12305.307,0.0,0.0,12305.307,12305.307
2004-09-02,12305.307,0.0,0.0,12305.307,12305.307
2004-09-03,12305.307,0.0,0.0,12305.307,12305.307
2004-09-04,12305.307,0.0,0.0,12305.307,12305.307
2004-09-05,12305.307,0.0,0.0,12305.307,12305.307
2004-09-06,12305.307,0.0,0.0,12305.307,12305.307
2004-09-07,12305.307,0.0,0.0,12305.307,12305.307
2004-09-08,12305.307,0.0,0.0,12305.307,12305.307
2004-09-09,12305.307,0.0,0.0,12305.307,12305.307
2004-09-10,12305.307,0.0,0.0,12305.307,12305.307
2004-09-11,12305.307,0.0,0.0,12305.307,12305.307
2004-09-12,12305.307,0.0,0.0,12305.307,12305.307
2004-09-13,12305.307,0.0,0.0,12305.307,12305.307
2004-09-14,12305.307,0.0,0.0,12305.307,12305.307
2004-09-15,12305.307,0.0,0.0,12305.307,12305.307
2004-09-16,12305.307,0.0,0.0,12305.307,12305.307
2004-09-17,12305.307,0.0,0.0,12305.307,12305.307
2004-09-18,12305.307,0.0,0.0,12305.307,12305.307
2004-09-19,12305.307,0.0,0.0,12305.307,12305.307
2004-09-20,12305.307,0.0,0.0,12305.307,12305.307
2004-09-21,12305.307,0.0,0.0,12305.307,12305.307
2004-09-22,12305.307,0.0,0.0,12305.307,12305.307
2004-09-23,12305.307,0.0,0.0,12305.307,12305.307
2004-09-24,12305.307,0.0,0.0,12305.307,12305.307
2004-09-25,12305.307,0.0,0.0,12305.307,12305.307
2004-09-26,12305.307,0.0,0.0,12305.307,12305.307
2004-09-27,12305.307,0.0,0.0,12305.307,12305.307
2004-09-28,12305.307,0.0,0.0,12305.307,12305.307
2004-09-29,12305.307,0.0,0.0,12305.307,12305.307
2004-09-30,12305.307,0.0,0.0,12305.307,12305.307
2004-10-01,12527.214,221.90699999999924,0.018033438743137342,12305.307,12305.307
2004-10-02,12527.214,0.0,0.0,12305.307,12305.307
2004-10-03,12527.214,0.0,0.0,12305.307,12305.307
2004-10-04,12527.214,0.0,0.0,12305.307,12305.307
2004-10-05,12527.214,0.0,0.0,12305.307,12305.307
2004-10-06,12527.214,0.0,0.0,12305.307,12305.307
2004-10-07,12527.214,0.0,0.0,12305.307,12305.307
2004-10-08,12527.214,0.0,0.0,12527.214,12305.307
2004-10-09,12527.214,0.0,0.0,12527.214,12305.307
2004-10-10,12527.214,0.0,0.0,12527.214,12305.307
2004-10-11,12527.214,0.0,0.0,12527.214,12305.307
2004-10-12,12527.214,0.0,0.0,12527.214,12305.307
2004-10-13,12527.214,0.0,0.0,12527.214,12305.307
2004-10-14,12527.214,0.0,0.0,12527.214,12305.307
2004-10-15,12527.214,0.0,0.0,12527.214,12305.307
2004-10-16,12527.214,0.0,0.0,12527.214,12305.307
2004-10-17,12527.214,0.0,0.0,12527.214,12305.307
2004-10-18,12527.214,0.0,0.0,12527.214,12305.307
2004-10-19,12527.214,0.0,0.0,12527.214,12305.307
2004-10-20,12527.214,0.0,0.0,12527.214,12305.307
2004-10-21,12527.214,0.0,0.0,12527.214,12305.307
2004-10-22,12527.214,0.0,0.0,12527.214,12305.307
2004-10-23,12527.214,0.0,0.0,12527.214,12305.307
2004-10-24,12527.214,0.0,0.0,12527.214,12305.307
2004-10-25,12527.214,0.0,0.0,12527.214,12305.307
2004-10-26,12527.214,0.0,0.0,12527.214,12305.307
2004-10-27,12527.214,0.0,0.0,12527.214,12305.307
2004-10-28,12527.214,0.0,0.0,12527.214,12305.307
2004-10-29,12527.214,0.0,0.0,12527.214,12305.307
2004-10-30,12527.214,0.0,0.0,12527.214,12305.307
2004-10-31,12527.214,0.0,0.0,12527.214,12527.214
2004-11-01,12527.214,0.0,0.0,12527.214,12527.214
2004-11-02,12527.214,0.0,0.0,12527.214,12527.214
2004-11-03,12527.214,0.0,0.0,12527.214,12527.214
2004-11-04,12527.214,0.0,0.0,12527.214,12527.214
2004-11-05,12527.214,0.0,0.0,12527.214,12527.214
2004-11-06,12527.214,0.0,0.0,12527.214,12527.214
2004-11-07,12527.214,0.0,0.0,12527.214,12527.214
2004-11-08,12527.214,0.0,0.0,12527.214,12527.214
2004-11-09,12527.214,0.0,0.0,12527.214,12527.214
2004-11-10,12527.214,0.0,0.0,12527.214,12527.214
2004-11-11,12527.214,0.0,0.0,12527.214,12527.214
2004-11-12,12527.214,0.0,0.0,12527.214,12527.214
2004-11-13,12527.214,0.0,0.0,12527.214,12527.214
2004-11-14,12527.214,0.0,0.0,12527.214,12527.214
2004-11-15,12527.214,0.0,0.0,12527.214,12527.214
2004-11-16,12527.214,0.0,0.0,12527.214,12527.214
2004-11-17,12527.214,0.0,0.0,12527.214,12527.214
2004-11-18,12527.214,0.0,0.0,12527.214,12527.214
2004-11-19,12527.214,0.0,0.0,12527.214,12527.214
2004-11-20,12527.214,0.0,0.0,12527.214,12527.214
2004-11-21,12527.214,0.0,0.0,12527.214,12527.214
2004-11-22,12527.214,0.0,0.0,12527.214,12527.214
2004-11-23,12527.214,0.0,0.0,12527.214,12527.214
2004-11-24,12527.214,0.0,0.0,12527.214,12527.214
2004-11-25,12527.214,0.0,0.0,12527.214,12527.214
2004-11-26,12527.214,0.0,0.0,12527.214,12527.214
2004-11-27,12527.214,0.0,0.0,12527.214,12527.214
2004-11-28,12527.214,0.0,0.0,12527.214,12527.214
2004-11-29,12527.214,0.0,0.0,12527.214,12527.214
2004-11-30,12527.214,0.0,0.0,12527.214,12527.214
2004-12-01,12527.214,0.0,0.0,12527.214,12527.214
2004-12-02,12527.214,0.0,0.0,12527.214,12527.214
2004-12-03,12527.214,0.0,0.0,12527.214,12527.214
2004-12-04,12527.214,0.0,0.0,12527.214,12527.214
2004-12-05,12527.214,0.0,0.0,12527.214,12527.214
2004-12-06,12527.214,0.0,0.0,12527.214,12527.214
2004-12-07,12527.214,0.0,0.0,12527.214,12527.214
2004-12-08,12527.214,0.0,0.0,12527.214,12527.214
2004-12-09,12527.214,0.0,0.0,12527.214,12527.214
2004-12-10,12527.214,0.0,0.0,12527.214,12527.214
2004-12-11,12527.214,0.0,0.0,12527.214,12527.214
2004-12-12,12527.214,0.0,0.0,12527.214,12527.214
2004-12-13,12527.214,0.0,0.0,12527.214,12527.214
2004-12-14,12527.214,0.0,0.0,12527.214,12527.214
2004-12-15,12527.214,0.0,0.0,12527.214,12527.214
2004-12-16,12527.214,0.0,0.0,12527.214,12527.214
2004-12-17,12527.214,0.0,0.0,12527.214,12527.214
2004-12-18,12527.214,0.0,0.0,12527.214,12527.214
2004-12-19,12527.214,0.0,0.0,12527.214,12527.214
2004-12-20,12527.214,0.0,0.0,12527.214,12527.214
2004-12-21,12527.214,0.0,0.0,12527.214,12527.214
2004-12-22,12527.214,0.0,0.0,12527.214,12527.214
2004-12-23,12527.214,0.0,0.0,12527.214,12527.214
2004-12-24,12527.214,0.0,0.0,12527.214,12527.214
2004-12-25,12527.214,0.0,0.0,12527.214,12527.214
2004-12-26,12527.214,0.0,0.0,12527.214,12527.214
2004-12-27,12527.214,0.0,0.0,12527.214,12527.214
2004-12-28,12527.214,0.0,0.0,12527.214,12527.214
2004-12-29,12527.214,0.0,0.0,12527.214,12527.214
2004-12-30,12527.214,0.0,0.0,12527.214,12527.214
2004-12-31,12527.214,0.0,0.0,12527.214,12527.214
2005-01-01,12767.286,240.07200000000012,0.01916403759048113,12527.214,12527.214
2005-01-02,12767.286,0.0,0.0,12527.214,12527.214
2005-01-03,12767.286,0.0,0.0,12527.214,12527.214
2005-01-04,12767.286,0.0,0.0,12527.214,12527.214
2005-01-05,12767.286,0.0,0.0,12527.214,12527.214
2005-01-06,12767.286,0.0,0.0,12527.214,12527.214
2005-01-07,12767.286,0.0,0.0,12527.214,12527.214
2005-01-08,12767.286,0.0,0.0,12767.286,12527.214
2005-01-09,12767.286,0.0,0.0,12767.286,12527.214
2005-01-10,12767.286,0.0,0.0,12767.286,12527.214
2005-01-11,12767.286,0.0,0.0,12767.286,12527.214
2005-01-12,12767.286,0.0,0.0,12767.286,12527.214
2005-01-13,12767.286,0.0,0.0,12767.286,12527.214
2005-01-14,12767.286,0.0,0.0,12767.286,12527.214
2005-01-15,12767.286,0.0,0.0,12767.286,12527.214
2005-01-16,12767.286,0.0,0.0,12767.286,12527.214
2005-01-17,12767.286,0.0,0.0,12767.286,12527.214
2005-01-18,12767.286,0.0,0.0,12767.286,12527.214
2005-01-19,12767.286,0.0,0.0,12767.286,12527.214
2005-01-20,12767.286,0.0,0.0,12767.286,12527.214
2005-01-21,12767.286,0.0,0.0,12767.286,12527.214
2005-01-22,12767.286,0.0,0.0,12767.286,12527.214
2005-01-23,12767.286,0.0,0.0,12767.286,12527.214
2005-01-24,12767.286,0.0,0.0,12767.286,12527.214
2005-01-25,12767.286,0.0,0.0,12767.286,12527.214
2005-01-26,12767.286,0.0,0.0,12767.286,12527.214
2005-01-27,12767.286,0.0,0.0,12767.286,12527.214
2005-01-28,12767.286,0.0,0.0,12767.286,12527.214
2005-01-29,12767.286,0.0,0.0,12767.286,12527.214
2005-01-30,12767.286,0.0,0.0,12767.286,12527.214
2005-01-31,12767.286,0.0,0.0,12767.286,12767.286
2005-02-01,12767.286,0.0,0.0,12767.286,12767.286
2005-02-02,12767.286,0.0,0.0,12767.286,12767.286
2005-02-03,12767.286,0.0,0.0,12767.286,12767.286
2005-02-04,12767.286,0.0,0.0,12767.286,12767.286
2005-02-05,12767.286,0.0,0.0,12767.286,12767.286
2005-02-06,12767.286,0.0,0.0,12767.286,12767.286
2005-02-07,12767.286,0.0,0.0,12767.286,12767.286
2005-02-08,12767.286,0.0,0.0,12767.286,12767.286
2005-02-09,12767.286,0.0,0.0,12767.286,12767.286
2005-02-10,12767.286,0.0,0.0,12767.286,12767.286
2005-02-11,12767.286,0.0,0.0,12767.286,12767.286
2005-02-12,12767.286,0.0,0.0,12767.286,12767.286
2005-02-13,12767.286,0.0,0.0,12767.286,12767.286
2005-02-14,12767.286,0.0,0.0,12767.286,12767.286
2005-02-15,12767.286,0.0,0.0,12767.286,12767.286
2005-02-16,12767.286,0.0,0.0,12767.286,12767.286
2005-02-17,12767.286,0.0,0.0,12767.286,12767.286
2005-02-18,12767.286,0.0,0.0,12767.286,12767.286
2005-02-19,12767.286,0.0,0.0,12767.286,12767.286
2005-02-20,12767.286,0.0,0.0,12767.286,12767.286
2005-02-21,12767.286,0.0,0.0,12767.286,12767.286
2005-02-22,12767.286,0.0,0.0,12767.286,12767.286
2005-02-23,12767.286,0.0,0.0,12767.286,12767.286
2005-02-24,12767.286,0.0,0.0,12767.286,12767.286
2005-02-25,12767.286,0.0,0.0,12767.286,12767.286
2005-02-26,12767.286,0.0,0.0,12767.286,12767.286
2005-02-27,12767.286,0.0,0.0,12767.286,12767.286
2005-02-28,12767.286,0.0,0.0,12767.286,12767.286
2005-03-01,12767.286,0.0,0.0,12767.286,12767.286
2005-03-02,12767.286,0.0,0.0,12767.286,12767.286
2005-03-03,12767.286,0.0,0.0,12767.286,12767.286
2005-03-04,12767.286,0.0,0.0,12767.286,12767.286
2005-03-05,12767.286,0.0,0.0,12767.286,12767.286
2005-03-06,12767.286,0.0,0.0,12767.286,12767.286
2005-03-07,12767.286,0.0,0.0,12767.286,12767.286
2005-03-08,12767.286,0.0,0.0,12767.286,12767.286
2005-03-09,12767.286,0.0,0.0,12767.286,12767.286
2005-03-10,12767.286,0.0,0.0,12767.286,12767.286
2005-03-11,12767.286,0.0,0.0,12767.286,12767.286
2005-03-12,12767.286,0.0,0.0,12767.286,12767.286
2005-03-13,12767.286,0.0,0.0,12767.286,12767.286
2005-03-14,12767.286,0.0,0.0,12767.286,12767.286
2005-03-15,12767.286,0.0,0.0,12767.286,12767.286
2005-03-16,12767.286,0.0,0.0,12767.286,12767.286
2005-03-17,12767.286,0.0,0.0,12767.286,12767.286
2005-03-18,12767.286,0.0,0.0,12767.286,12767.286
2005-03-19,12767.286,0.0,0.0,12767.286,12767.286
2005-03-20,12767.286,0.0,0.0,12767.286,12767.286
2005-03-21,12767.286,0.0,0.0,12767.286,12767.286
2005-03-22,12767.286,0.0,0.0,12767.286,12767.286
2005-03-23,12767.286,0.0,0.0,12767.286,12767.286
2005-03-24,12767.286,0.0,0.0,12767.286,12767.286
2005-03-25,12767.286,0.0,0.0,12767.286,12767.286
2005-03-26,12767.286,0.0,0.0,12767.286,12767.286
2005-03-27,12767.286,0.0,0.0,12767.286,12767.286
2005-03-28,12767.286,0.0,0.0,12767.286,12767.286
2005-03-29,12767.286,0.0,0.0,12767.286,12767.286
2005-03-30,12767.286,0.0,0.0,12767.286,12767.286
2005-03-31,12767.286,0.0,0.0,12767.286,12767.286
2005-04-01,12922.656,155.3700000000008,0.012169383532255829,12767.286,12767.286
2005-04-02,12922.656,0.0,0.0,12767.286,12767.286
2005-04-03,12922.656,0.0,0.0,12767.286,12767.286
2005-04-04,12922.656,0.0,0.0,12767.286,12767.286
2005-04-05,12922.656,0.0,0.0,12767.286,12767.286
2005-04-06,12922.656,0.0,0.0,12767.286,12767.286
2005-04-07,12922.656,0.0,0.0,12767.286,12767.286
2005-04-08,12922.656,0.0,0.0,12922.656,12767.286
2005-04-09,12922.656,0.0,0.0,12922.656,12767.286
2005-04-10,12922.656,0.0,0.0,12922.656,12767.286
2005-04-11,12922.656,0.0,0.0,12922.656,12767.286
2005-04-12,12922.656,0.0,0.0,12922.656,12767.286
2005-04-13,12922.656,0.0,0.0,12922.656,12767.286
2005-04-14,12922.656,0.0,0.0,12922.656,12767.286
2005-04-15,12922.656,0.0,0.0,12922.656,12767.286
2005-04-16,12922.656,0.0,0.0,12922.656,12767.286
2005-04-17,12922.656,0.0,0.0,12922.656,12767.286
2005-04-18,12922.656,0.0,0.0,12922.656,12767.286
2005-04-19,12922.656,0.0,0.0,12922.656,12767.286
2005-04-20,12922.656,0.0,0.0,12922.656,12767.286
2005-04-21,12922.656,0.0,0.0,12922.656,12767.286
2005-04-22,12922.656,0.0,0.0,12922.656,12767.286
2005-04-23,12922.656,0.0,0.0,12922.656,12767.286
2005-04-24,12922.656,0.0,0.0,12922.656,12767.286
2005-04-25,12922.656,0.0,0.0,12922.656,12767.286
2005-04-26,12922.656,0.0,0.0,12922.656,12767.286
2005-04-27,12922.656,0.0,0.0,12922.656,12767.286
2005-04-28,12922.656,0.0,0.0,12922.656,12767.286
2005-04-29,12922.656,0.0,0.0,12922.656,12767.286
2005-04-30,12922.656,0.0,0.0,12922.656,12767.286
2005-05-01,12922.656,0.0,0.0,12922.656,12922.656
2005-05-02,12922.656,0.0,0.0,12922.656,12922.656
2005-05-03,12922.656,0.0,0.0,12922.656,12922.656
2005-05-04,12922.656,0.0,0.0,12922.656,12922.656
2005-05-05,12922.656,0.0,0.0,12922.656,12922.656
2005-05-06,12922.656,0.0,0.0,12922.656,12922.656
2005-05-07,12922.656,0.0,0.0,12922.656,12922.656
2005-05-08,12922.656,0.0,0.0,12922.656,12922.656
2005-05-09,12922.656,0.0,0.0,12922.656,12922.656
2005-05-10,12922.656,0.0,0.0,12922.656,12922.656
2005-05-11,12922.656,0.0,0.0,12922.656,12922.656
2005-05-12,12922.656,0.0,0.0,12922.656,12922.656
2005-05-13,12922.656,0.0,0.0,12922.656,12922.656
2005-05-14,12922.656,0.0,0.0,12922.656,12922.656
2005-05-15,12922.656,0.0,0.0,12922.656,12922.656
2005-05-16,12922.656,0.0,0.0,12922.656,12922.656
2005-05-17,12922.656,0.0,0.0,12922.656,12922.656
2005-05-18,12922.656,0.0,0.0,12922.656,12922.656
2005-05-19,12922.656,0.0,0.0,12922.656,12922.656
2005-05-20,12922.656,0.0,0.0,12922.656,12922.656
2005-05-21,12922.656,0.0,0.0,12922.656,12922.656
2005-05-22,12922.656,0.0,0.0,12922.656,12922.656
2005-05-23,12922.656,0.0,0.0,12922.656,12922.656
2005-05-24,12922.656,0.0,0.0,12922.656,12922.656
2005-05-25,12922.656,0.0,0.0,12922.656,12922.656
2005-05-26,12922.656,0.0,0.0,12922.656,12922.656
2005-05-27,12922.656,0.0,0.0,12922.656,12922.656
2005-05-28,12922.656,0.0,0.0,12922.656,12922.656
2005-05-29,12922.656,0.0,0.0,12922.656,12922.656
2005-05-30,12922.656,0.0,0.0,12922.656,12922.656
2005-05-31,12922.656,0.0,0.0,12922.656,12922.656
2005-06-01,12922.656,0.0,0.0,12922.656,12922.656
2005-06-02,12922.656,0.0,0.0,12922.656,12922.656
2005-06-03,12922.656,0.0,0.0,12922.656,12922.656
2005-06-04,12922.656,0.0,0.0,12922.656,12922.656
2005-06-05,12922.656,0.0,0.0,12922.656,12922.656
2005-06-06,12922.656,0.0,0.0,12922.656,12922.656
2005-06-07,12922.656,0.0,0.0,12922.656,12922.656
2005-06-08,12922.656,0.0,0.0,12922.656,12922.656
2005-06-09,12922.656,0.0,0.0,12922.656,12922.656
2005-06-10,12922.656,0.0,0.0,12922.656,12922.656
2005-06-11,12922.656,0.0,0.0,12922.656,12922.656
2005-06-12,12922.656,0.0,0.0,12922.656,12922.656
2005-06-13,12922.656,0.0,0.0,12922.656,12922.656
2005-06-14,12922.656,0.0,0.0,12922.656,12922.656
2005-06-15,12922.656,0.0,0.0,12922.656,12922.656
2005-06-16,12922.656,0.0,0.0,12922.656,12922.656
2005-06-17,12922.656,0.0,0.0,12922.656,12922.656
2005-06-18,12922.656,0.0,0.0,12922.656,12922.656
2005-06-19,12922.656,0.0,0.0,12922.656,12922.656
2005-06-20,12922.656,0.0,0.0,12922.656,12922.656
2005-06-21,12922.656,0.0,0.0,12922.656,12922.656
2005-06-22,12922.656,0.0,0.0,12922.656,12922.656
2005-06-23,12922.656,0.0,0.0,12922.656,12922.656
2005-06-24,12922.656,0.0,0.0,12922.656,12922.656
2005-06-25,12922.656,0.0,0.0,12922.656,12922.656
2005-06-26,12922.656,0.0,0.0,12922.656,12922.656
2005-06-27,12922.656,0.0,0.0,12922.656,12922.656
2005-06-28,12922.656,0.0,0.0,12922.656,12922.656
2005-06-29,12922.656,0.0,0.0,12922.656,12922.656
2005-06-30,12922.656,0.0,0.0,12922.656,12922.656
2005-07-01,13142.642,219.98599999999897,0.01702328066304637,12922.656,12922.656
2005-07-02,13142.642,0.0,0.0,12922.656,12922.656
2005-07-03,13142.642,0.0,0.0,12922.656,12922.656
2005-07-04,13142.642,0.0,0.0,12922.656,12922.656
2005-07-05,13142.642,0.0,0.0,12922.656,12922.656
2005-07-06,13142.642,0.0,0.0,12922.656,12922.656
2005-07-07,13142.642,0.0,0.0,12922.656,12922.656
2005-07-08,13142.642,0.0,0.0,13142.642,12922.656
2005-07-09,13142.642,0.0,0.0,13142.642,12922.656
2005-07-10,13142.642,0.0,0.0,13142.642,12922.656
2005-07-11,13142.642,0.0,0.0,13142.642,12922.656
2005-07-12,13142.642,0.0,0.0,13142.642,12922.656
2005-07-13,13142.642,0.0,0.0,13142.642,12922.656
2005-07-14,13142.642,0.0,0.0,13142.642,12922.656
2005-07-15,13142.642,0.0,0.0,13142.642,12922.656
2005-07-16,13142.642,0.0,0.0,13142.642,12922.656
2005-07-17,13142.642,0.0,0.0,13142.642,12922.656
2005-07-18,13142.642,0.0,0.0,13142.642,12922.656
2005-07-19,13142.642,0.0,0.0,13142.642,12922.656
2005-07-20,13142.642,0.0,0.0,13142.642,12922.656
2005-07-21,13142.642,0.0,0.0,13142.642,12922.656
2005-07-22,13142.642,0.0,0.0,13142.642,12922.656
2005-07-23,13142.642,0.0,0.0,13142.642,12922.656
2005-07-24,13142.642,0.0,0.0,13142.642,12922.656
2005-07-25,13142.642,0.0,0.0,13142.642,12922.656
2005-07-26,13142.642,0.0,0.0,13142.642,12922.656
2005-07-27,13142.642,0.0,0.0,13142.642,12922.656
2005-07-28,13142.642,0.0,0.0,13142.642,12922.656
2005-07-29,13142.642,0.0,0.0,13142.642,12922.656
2005-07-30,13142.642,0.0,0.0,13142.642,12922.656
2005-07-31,13142.642,0.0,0.0,13142.642,13142.642
2005-08-01,13142.642,0.0,0.0,13142.642,13142.642
2005-08-02,13142.642,0.0,0.0,13142.642,13142.642
2005-08-03,13142.642,0.0,0.0,13142.642,13142.642
2005-08-04,13142.642,0.0,0.0,13142.642,13142.642
2005-08-05,13142.642,0.0,0.0,13142.642,13142.642
2005-08-06,13142.642,0.0,0.0,13142.642,13142.642
2005-08-07,13142.642,0.0,0.0,13142.642,13142.642
2005-08-08,13142.642,0.0,0.0,13142.642,13142.642
2005-08-09,13142.642,0.0,0.0,13142.642,13142.642
2005-08-10,13142.642,0.0,0.0,13142.642,13142.642
2005-08-11,13142.642,0.0,0.0,13142.642,13142.642
2005-08-12,13142.642,0.0,0.0,13142.642,13142.642
2005-08-13,13142.642,0.0,0.0,13142.642,13142.642
2005-08-14,13142.642,0.0,0.0,13142.642,13142.642
2005-08-15,13142.642,0.0,0.0,13142.642,13142.642
2005-08-16,13142.642,0.0,0.0,13142.642,13142.642
2005-08-17,13142.642,0.0,0.0,13142.642,13142.642
2005-08-18,13142.642,0.0,0.0,13142.642,13142.642
2005-08-19,13142.642,0.0,0.0,13142.642,13142.642
2005-08-20,13142.642,0.0,0.0,13142.642,13142.642
2005-08-21,13142.642,0.0,0.0,13142.642,13142.642
2005-08-22,13142.642,0.0,0.0,13142.642,13142.642
2005-08-23,13142.642,0.0,0.0,13142.642,13142.642
2005-08-24,13142.642,0.0,0.0,13142.642,13142.642
2005-08-25,13142.642,0.0,0.0,13142.642,13142.642
2005-08-26,13142.642,0.0,0.0,13142.642,13142.642
2005-08-27,13142.642,0.0,0.0,13142.642,13142.642
2005-08-28,13142.642,0.0,0.0,13142.642,13142.642
2005-08-29,13142.642,0.0,0.0,13142.642,13142.642
2005-08-30,13142.642,0.0,0.0,13142.642,13142.642
2005-08-31,13142.642,0.0,0.0,13142.642,13142.642
2005-09-01,13142.642,0.0,0.0,13142.642,13142.642
2005-09-02,13142.642,0.0,0.0,13142.642,13142.642
2005-09-03,13142.642,0.0,0.0,13142.642,13142.642
2005-09-04,13142.642,0.0,0.0,13142.642,13142.642
2005-09-05,13142.642,0.0,0.0,13142.642,13142.642
2005-09-06,13142.642,0.0,0.0,13142.642,13142.642
2005-09-07,13142.642,0.0,0.0,13142.642,13142.642
2005-09-08,13142.642,0.0,0.0,13142.642,13142.642
2005-09-09,13142.642,0.0,0.0,13142.642,13142.642
2005-09-10,13142.642,0.0,0.0,13142.642,13142.642
2005-09-11,13142.642,0.0,0.0,13142.642,13142.642
2005-09-12,13142.642,0.0,0.0,13142.642,13142.642
2005-09-13,13142.642,0.0,0.0,13142.642,13142.642
2005-09-14,13142.642,0.0,0.0,13142.642,13142.642
2005-09-15,13142.642,0.0,0.0,13142.642,13142.642
2005-09-16,13142.642,0.0,0.0,13142.642,13142.642
2005-09-17,13142.642,0.0,0.0,13142.642,13142.642
2005-09-18,13142.642,0.0,0.0,13142.642,13142.642
2005-09-19,13142.642,0.0,0.0,13142.642,13142.642
2005-09-20,13142.642,0.0,0.0,13142.642,13142.642
2005-09-21,13142.642,0.0,0.0,13142.642,13142.642
2005-09-22,13142.642,0.0,0.0,13142.642,13142.642
2005-09-23,13142.642,0.0,0.0,13142.642,13142.642
2005-09-24,13142.642,0.0,0.0,13142.642,13142.642
2005-09-25,13142.642,0.0,0.0,13142.642,13142.642
2005-09-26,13142.642,0.0,0.0,13142.642,13142.642
2005-09-27,13142.642,0.0,0.0,13142.642,13142.642
2005-09-28,13142.642,0.0,0.0,13142.642,13142.642
2005-09-29,13142.642,0.0,0.0,13142.642,13142.642
2005-09-30,13142.642,0.0,0.0,13142.642,13142.642
2005-10-01,13324.204,181.5619999999999,0.013814726141060607,13142.642,13142.642
2005-10-02,13324.204,0.0,0.0,13142.642,13142.642
2005-10-03,13324.204,0.0,0.0,13142.642,13142.642
2005-10-04,13324.204,0.0,0.0,13142.642,13142.642
2005-10-05,13324.204,0.0,0.0,13142.642,13142.642
2005-10-06,13324.204,0.0,0.0,13142.642,13142.642
2005-10-07,13324.204,0.0,0.0,13142.642,13142.642
2005-10-08,13324.204,0.0,0.0,13324.204,13142.642
2005-10-09,13324.204,0.0,0.0,13324.204,13142.642
2005-10-10,13324.204,0.0,0.0,13324.204,13142.642
2005-10-11,13324.204,0.0,0.0,13324.204,13142.642
2005-10-12,13324.204,0.0,0.0,13324.204,13142.642
2005-10-13,13324.204,0.0,0.0,13324.204,13142.642
2005-10-14,13324.204,0.0,0.0,13324.204,13142.642
2005-10-15,13324.204,0.0,0.0,13324.204,13142.642
2005-10-16,13324.204,0.0,0.0,13324.204,13142.642
2005-10-17,13324.204,0.0,0.0,13324.204,13142.642
2005-10-18,13324.204,0.0,0.0,13324.204,13142.642
2005-10-19,13324.204,0.0,0.0,13324.204,13142.642
2005-10-20,13324.204,0.0,0.0,13324.204,13142.642
2005-10-21,13324.204,0.0,0.0,13324.204,13142.642
2005-10-22,13324.204,0.0,0.0,13324.204,13142.642
2005-10-23,13324.204,0.0,0.0,13324.204,13142.642
2005-10-24,13324.204,0.0,0.0,13324.204,13142.642
2005-10-25,13324.204,0.0,0.0,13324.204,13142.642
2005-10-26,13324.204,0.0,0.0,13324.204,13142.642
2005-10-27,13324.204,0.0,0.0,13324.204,13142.642
2005-10-28,13324.204,0.0,0.0,13324.204,13142.642
2005-10-29,13324.204,0.0,0.0,13324.204,13142.642
2005-10-30,13324.204,0.0,0.0,13324.204,13142.642
2005-10-31,13324.204,0.0,0.0,13324.204,13324.204
2005-11-01,13324.204,0.0,0.0,13324.204,13324.204
2005-11-02,13324.204,0.0,0.0,13324.204,13324.204
2005-11-03,13324.204,0.0,0.0,13324.204,13324.204
2005-11-04,13324.204,0.0,0.0,13324.204,13324.204
2005-11-05,13324.204,0.0,0.0,13324.204,13324.204
2005-11-06,13324.204,0.0,0.0,13324.204,13324.204
2005-11-07,13324.204,0.0,0.0,13324.204,13324.204
2005-11-08,13324.204,0.0,0.0,13324.204,13324.204
2005-11-09,13324.204,0.0,0.0,13324.204,13324.204
2005-11-10,13324.204,0.0,0.0,13324.204,13324.204
2005-11-11,13324.204,0.0,0.0,13324.204,13324.204
2005-11-12,13324.204,0.0,0.0,13324.204,13324.204
2005-11-13,13324.204,0.0,0.0,13324.204,13324.204
2005-11-14,13324.204,0.0,0.0,13324.204,13324.204
2005-11-15,13324.204,0.0,0.0,13324.204,13324.204
2005-11-16,13324.204,0.0,0.0,13324.204,13324.204
2005-11-17,13324.204,0.0,0.0,13324.204,13324.204
2005-11-18,13324.204,0.0,0.0,13324.204,13324.204
2005-11-19,13324.204,0.0,0.0,13324.204,13324.204
2005-11-20,13324.204,0.0,0.0,13324.204,13324.204
2005-11-21,13324.204,0.0,0.0,13324.204,13324.204
2005-11-22,13324.204,0.0,0.0,13324.204,13324.204
2005-11-23,13324.204,0.0,0.0,13324.204,13324.204
2005-11-24,13324.204,0.0,0.0,13324.204,13324.204
2005-11-25,13324.204,0.0,0.0,13324.204,13324.204
2005-11-26,13324.204,0.0,0.0,13324.204,13324.204
2005-11-27,13324.204,0.0,0.0,13324.204,13324.204
2005-11-28,13324.204,0.0,0.0,13324.204,13324.204
2005-11-29,13324.204,0.0,0.0,13324.204,13324.204
2005-11-30,13324.204,0.0,0.0,13324.204,13324.204
2005-12-01,13324.204,0.0,0.0,13324.204,13324.204
2005-12-02,13324.204,0.0,0.0,13324.204,13324.204
2005-12-03,13324.204,0.0,0.0,13324.204,13324.204
2005-12-04,13324.204,0.0,0.0,13324.204,13324.204
2005-12-05,13324.204,0.0,0.0,13324.204,13324.204
2005-12-06,13324.204,0.0,0.0,13324.204,13324.204
2005-12-07,13324.204,0.0,0.0,13324.204,13324.204
2005-12-08,13324.204,0.0,0.0,13324.204,13324.204
2005-12-09,13324.204,0.0,0.0,13324.204,13324.204
2005-12-10,13324.204,0.0,0.0,13324.204,13324.204
2005-12-11,13324.204,0.0,0.0,13324.204,13324.204
2005-12-12,13324.204,0.0,0.0,13324.204,13324.204
2005-12-13,13324.204,0.0,0.0,13324.204,13324.204
2005-12-14,13324.204,0.0,0.0,13324.204,13324.204
2005-12-15,13324.204,0.0,0.0,13324.204,13324.204
2005-12-16,13324.204,0.0,0.0,13324.204,13324.204
2005-12-17,13324.204,0.0,0.0,13324.204,13324.204
2005-12-18,13324.204,0.0,0.0,13324.204,13324.204
2005-12-19,13324.204,0.0,0.0,13324.204,13324.204
2005-12-20,13324.204,0.0,0.0,13324.204,13324.204
2005-12-21,13324.204,0.0,0.0,13324.204,13324.204
2005-12-22,13324.204,0.0,0.0,13324.204,13324.204
2005-12-23,13324.204,0.0,0.0,13324.204,13324.204
2005-12-24,13324.204,0.0,0.0,13324.204,13324.204
2005-12-25,13324.204,0.0,0.0,13324.204,13324.204
2005-12-26,13324.204,0.0,0.0,13324.204,13324.204
2005-12-27,13324.204,0.0,0.0,13324.204,13324.204
2005-12-28,13324.204,0.0,0.0,13324.204,13324.204
2005-12-29,13324.204,0.0,0.0,13324.204,13324.204
2005-12-30,13324.204,0.0,0.0,13324.204,13324.204
2005-12-31,13324.204,0.0,0.0,13324.204,13324.204
2006-01-01,13599.16,274.95600000000013,0.020635829352357637,13324.204,13324.204
2006-01-02,13599.16,0.0,0.0,13324.204,13324.204
2006-01-03,13599.16,0.0,0.0,13324.204,13324.204
2006-01-04,13599.16,0.0,0.0,13324.204,13324.204
2006-01-05,13599.16,0.0,0.0,13324.204,13324.204
2006-01-06,13599.16,0.0,0.0,13324.204,13324.204
2006-01-07,13599.16,0.0,0.0,13324.204,13324.204
2006-01-08,13599.16,0.0,0.0,13599.16,13324.204
2006-01-09,13599.16,0.0,0.0,13599.16,13324.204
2006-01-10,13599.16,0.0,0.0,13599.16,13324.204
2006-01-11,13599.16,0.0,0.0,13599.16,13324.204
2006-01-12,13599.16,0.0,0.0,13599.16,13324.204
2006-01-13,13599.16,0.0,0.0,13599.16,13324.204
2006-01-14,13599.16,0.0,0.0,13599.16,13324.204
2006-01-15,13599.16,0.0,0.0,13599.16,13324.204
2006-01-16,13599.16,0.0,0.0,13599.16,13324.204
2006-01-17,13599.16,0.0,0.0,13599.16,13324.204
2006-01-18,13599.16,0.0,0.0,13599.16,13324.204
2006-01-19,13599.16,0.0,0.0,13599.16,13324.204
2006-01-20,13599.16,0.0,0.0,13599.16,13324.204
2006-01-21,13599.16,0.0,0.0,13599.16,13324.204
2006-01-22,13599.16,0.0,0.0,13599.16,13324.204
2006-01-23,13599.16,0.0,0.0,13599.16,13324.204
2006-01-24,13599.16,0.0,0.0,13599.16,13324.204
2006-01-25,13599.16,0.0,0.0,13599.16,13324.204
2006-01-26,13599.16,0.0,0.0,13599.16,13324.204
2006-01-27,13599.16,0.0,0.0,13599.16,13324.204
2006-01-28,13599.16,0.0,0.0,13599.16,13324.204
2006-01-29,13599.16,0.0,0.0,13599.16,13324.204
2006-01-30,13599.16,0.0,0.0,13599.16,13324.204
2006-01-31,13599.16,0.0,0.0,13599.16,13599.16
2006-02-01,13599.16,0.0,0.0,13599.16,13599.16
2006-02-02,13599.16,0.0,0.0,13599.16,13599.16
2006-02-03,13599.16,0.0,0.0,13599.16,13599.16
2006-02-04,13599.16,0.0,0.0,13599.16,13599.16
2006-02-05,13599.16,0.0,0.0,13599.16,13599.16
2006-02-06,13599.16,0.0,0.0,13599.16,13599.16
2006-02-07,13599.16,0.0,0.0,13599.16,13599.16
2006-02-08,13599.16,0.0,0.0,13599.16,13599.16
2006-02-09,13599.16,0.0,0.0,13599.16,13599.16
2006-02-10,13599.16,0.0,0.0,13599.16,13599.16
2006-02-11,13599.16,0.0,0.0,13599.16,13599.16
2006-02-12,13599.16,0.0,0.0,13599.16,13599.16
2006-02-13,13599.16,0.0,0.0,13599.16,13599.16
2006-02-14,13599.16,0.0,0.0,13599.16,13599.16
2006-02-15,13599.16,0.0,0.0,13599.16,13599.16
2006-02-16,13599.16,0.0,0.0,13599.16,13599.16
2006-02-17,13599.16,0.0,0.0,13599.16,13599.16
2006-02-18,13599.16,0.0,0.0,13599.16,13599.16
2006-02-19,13599.16,0.0,0.0,13599.16,13599.16
2006-02-20,13599.16,0.0,0.0,13599.16,13599.16
2006-02-21,13599.16,0.0,0.0,13599.16,13599.16
2006-02-22,13599.16,0.0,0.0,13599.16,13599.16
2006-02-23,13599.16,0.0,0.0,13599.16,13599.16
2006-02-24,13599.16,0.0,0.0,13599.16,13599.16
2006-02-25,13599.16,0.0,0.0,13599.16,13599.16
2006-02-26,13599.16,0.0,0.0,13599.16,13599.16
2006-02-27,13599.16,0.0,0.0,13599.16,13599.16
2006-02-28,13599.16,0.0,0.0,13599.16,13599.16
2006-03-01,13599.16,0.0,0.0,13599.16,13599.16
2006-03-02,13599.16,0.0,0.0,13599.16,13599.16
2006-03-03,13599.16,0.0,0.0,13599.16,13599.16
2006-03-04,13599.16,0.0,0.0,13599.16,13599.16
2006-03-05,13599.16,0.0,0.0,13599.16,13599.16
2006-03-06,13599.16,0.0,0.0,13599.16,13599.16
2006-03-07,13599.16,0.0,0.0,13599.16,13599.16
2006-03-08,13599.16,0.0,0.0,13599.16,13599.16
2006-03-09,13599.16,0.0,0.0,13599.16,13599.16
2006-03-10,13599.16,0.0,0.0,13599.16,13599.16
2006-03-11,13599.16,0.0,0.0,13599.16,13599.16
2006-03-12,13599.16,0.0,0.0,13599.16,13599.16
2006-03-13,13599.16,0.0,0.0,13599.16,13599.16
2006-03-14,13599.16,0.0,0.0,13599.16,13599.16
2006-03-15,13599.16,0.0,0.0,13599.16,13599.16
2006-03-16,13599.16,0.0,0.0,13599.16,13599.16
2006-03-17,13599.16,0.0,0.0,13599.16,13599.16
2006-03-18,13599.16,0.0,0.0,13599.16,13599.16
2006-03-19,13599.16,0.0,0.0,13599.16,13599.16
2006-03-20,13599.16,0.0,0.0,13599.16,13599.16
2006-03-21,13599.16,0.0,0.0,13599.16,13599.16
2006-03-22,13599.16,0.0,0.0,13599.16,13599.16
2006-03-23,13599.16,0.0,0.0,13599.16,13599.16
2006-03-24,13599.16,0.0,0.0,13599.16,13599.16
2006-03-25,13599.16,0.0,0.0,13599.16,13599.16
2006-03-26,13599.16,0.0,0.0,13599.16,13599.16
2006-03-27,13599.16,0.0,0.0,13599.16,13599.16
2006-03-28,13599.16,0.0,0.0,13599.16,13599.16
2006-03-29,13599.16,0.0,0.0,13599.16,13599.16
2006-03-30,13599.16,0.0,0.0,13599.16,13599.16
2006-03-31,13599.16,0.0,0.0,13599.16,13599.16
2006-04-01,13753.424,154.26400000000103,0.011343641813170935,13599.16,13599.16
2006-04-02,13753.424,0.0,0.0,13599.16,13599.16
2006-04-03,13753.424,0.0,0.0,13599.16,13599.16
2006-04-04,13753.424,0.0,0.0,13599.16,13599.16
2006-04-05,13753.424,0.0,0.0,13599.16,13599.16
2006-04-06,13753.424,0.0,0.0,13599.16,13599.16
2006-04-07,13753.424,0.0,0.0,13599.16,13599.16
2006-04-08,13753.424,0.0,0.0,13753.424,13599.16
2006-04-09,13753.424,0.0,0.0,13753.424,13599.16
2006-04-10,13753.424,0.0,0.0,13753.424,13599.16
2006-04-11,13753.424,0.0,0.0,13753.424,13599.16
2006-04-12,13753.424,0.0,0.0,13753.424,13599.16
2006-04-13,13753.424,0.0,0.0,13753.424,13599.16
2006-04-14,13753.424,0.0,0.0,13753.424,13599.16
2006-04-15,13753.424,0.0,0.0,13753.424,13599.16
2006-04-16,13753.424,0.0,0.0,13753.424,13599.16
2006-04-17,13753.424,0.0,0.0,13753.424,13599.16
2006-04-18,13753.424,0.0,0.0,13753.424,13599.16
2006-04-19,13753.424,0.0,0.0,13753.424,13599.16
2006-04-20,13753.424,0.0,0.0,13753.424,13599.16
2006-04-21,13753.424,0.0,0.0,13753.424,13599.16
2006-04-22,13753.424,0.0,0.0,13753.424,13599.16
2006-04-23,13753.424,0.0,0.0,13753.424,13599.16
2006-04-24,13753.424,0.0,0.0,13753.424,13599.16
2006-04-25,13753.424,0.0,0.0,13753.424,13599.16
2006-04-26,13753.424,0.0,0.0,13753.424,13599.16
2006-04-27,13753.424,0.0,0.0,13753.424,13599.16
2006-04-28,13753.424,0.0,0.0,13753.424,13599.16
2006-04-29,13753.424,0.0,0.0,13753.424,13599.16
2006-04-30,13753.424,0.0,0.0,13753.424,13599.16
2006-05-01,13753.424,0.0,0.0,13753.424,13753.424
2006-05-02,13753.424,0.0,0.0,13753.424,13753.424
2006-05-03,13753.424,0.0,0.0,13753.424,13753.424
2006-05-04,13753.424,0.0,0.0,13753.424,13753.424
2006-05-05,13753.424,0.0,0.0,13753.424,13753.424
2006-05-06,13753.424,0.0,0.0,13753.424,13753.424
2006-05-07,13753.424,0.0,0.0,13753.424,13753.424
2006-05-08,13753.424,0.0,0.0,13753.424,13753.424
2006-05-09,13753.424,0.0,0.0,13753.424,13753.424
2006-05-10,13753.424,0.0,0.0,13753.424,13753.424
2006-05-11,13753.424,0.0,0.0,13753.424,13753.424
2006-05-12,13753.424,0.0,0.0,13753.424,13753.424
2006-05-13,13753.424,0.0,0.0,13753.424,13753.424
2006-05-14,13753.424,0.0,0.0,13753.424,13753.424
2006-05-15,13753.424,0.0,0.0,13753.424,13753.424
2006-05-16,13753.424,0.0,0.0,13753.424,13753.424
2006-05-17,13753.424,0.0,0.0,13753.424,13753.424
2006-05-18,13753.424,0.0,0.0,13753.424,13753.424
2006-05-19,13753.424,0.0,0.0,13753.424,13753.424
2006-05-20,13753.424,0.0,0.0,13753.424,13753.424
2006-05-21,13753.424,0.0,0.0,13753.424,13753.424
2006-05-22,13753.424,0.0,0.0,13753.424,13753.424
2006-05-23,13753.424,0.0,0.0,13753.424,13753.424
2006-05-24,13753.424,0.0,0.0,13753.424,13753.424
2006-05-25,13753.424,0.0,0.0,13753.424,13753.424
2006-05-26,13753.424,0.0,0.0,13753.424,13753.424
2006-05-27,13753.424,0.0,0.0,13753.424,13753.424
2006-05-28,13753.424,0.0,0.0,13753.424,13753.424
2006-05-29,13753.424,0.0,0.0,13753.424,13753.424
2006-05-30,13753.424,0.0,0.0,13753.424,13753.424
2006-05-31,13753.424,0.0,0.0,13753.424,13753.424
2006-06-01,13753.424,0.0,0.0,13753.424,13753.424
2006-06-02,13753.424,0.0,0.0,13753.424,13753.424
2006-06-03,13753.424,0.0,0.0,13753.424,13753.424
2006-06-04,13753.424,0.0,0.0,13753.424,13753.424
2006-06-05,13753.424,0.0,0.0,13753.424,13753.424
2006-06-06,13753.424,0.0,0.0,13753.424,13753.424
2006-06-07,13753.424,0.0,0.0,13753.424,13753.424
2006-06-08,13753.424,0.0,0.0,13753.424,13753.424
2006-06-09,13753.424,0.0,0.0,13753.424,13753.424
2006-06-10,13753.424,0.0,0.0,13753.424,13753.424
2006-06-11,13753.424,0.0,0.0,13753.424,13753.424
2006-06-12,13753.424,0.0,0.0,13753.424,13753.424
2006-06-13,13753.424,0.0,0.0,13753.424,13753.424
2006-06-14,13753.424,0.0,0.0,13753.424,13753.424
2006-06-15,13753.424,0.0,0.0,13753.424,13753.424
2006-06-16,13753.424,0.0,0.0,13753.424,13753.424
2006-06-17,13753.424,0.0,0.0,13753.424,13753.424
2006-06-18,13753.424,0.0,0.0,13753.424,13753.424
2006-06-19,13753.424,0.0,0.0,13753.424,13753.424
2006-06-20,13753.424,0.0,0.0,13753.424,13753.424
2006-06-21,13753.424,0.0,0.0,13753.424,13753.424
2006-06-22,13753.424,0.0,0.0,13753.424,13753.424
2006-06-23,13753.424,0.0,0.0,13753.424,13753.424
2006-06-24,13753.424,0.0,0.0,13753.424,13753.424
2006-06-25,13753.424,0.0,0.0,13753.424,13753.424
2006-06-26,13753.424,0.0,0.0,13753.424,13753.424
2006-06-27,13753.424,0.0,0.0,13753.424,13753.424
2006-06-28,13753.424,0.0,0.0,13753.424,13753.424
2006-06-29,13753.424,0.0,0.0,13753.424,13753.424
2006-06-30,13753.424,0.0,0.0,13753.424,13753.424
2006-07-01,13870.188,116.76399999999921,0.00848981315489139,13753.424,13753.424
2006-07-02,13870.188,0.0,0.0,13753.424,13753.424
2006-07-03,13870.188,0.0,0.0,13753.424,13753.424
2006-07-04,13870.188,0.0,0.0,13753.424,13753.424
2006-07-05,13870.188,0.0,0.0,13753.424,13753.424
2006-07-06,13870.188,0.0,0.0,13753.424,13753.424
2006-07-07,13870.188,0.0,0.0,13753.424,13753.424
2006-07-08,13870.188,0.0,0.0,13870.188,13753.424
2006-07-09,13870.188,0.0,0.0,13870.188,13753.424
2006-07-10,13870.188,0.0,0.0,13870.188,13753.424
2006-07-11,13870.188,0.0,0.0,13870.188,13753.424
2006-07-12,13870.188,0.0,0.0,13870.188,13753.424
2006-07-13,13870.188,0.0,0.0,13870.188,13753.424
2006-07-14,13870.188,0.0,0.0,13870.188,13753.424
2006-07-15,13870.188,0.0,0.0,13870.188,13753.424
2006-07-16,13870.188,0.0,0.0,13870.188,13753.424
2006-07-17,13870.188,0.0,0.0,13870.188,13753.424
2006-07-18,13870.188,0.0,0.0,13870.188,13753.424
2006-07-19,13870.188,0.0,0.0,13870.188,13753.424
2006-07-20,13870.188,0.0,0.0,13870.188,13753.424
2006-07-21,13870.188,0.0,0.0,13870.188,13753.424
2006-07-22,13870.188,0.0,0.0,13870.188,13753.424
2006-07-23,13870.188,0.0,0.0,13870.188,13753.424
2006-07-24,13870.188,0.0,0.0,13870.188,13753.424
2006-07-25,13870.188,0.0,0.0,13870.188,13753.424
2006-07-26,13870.188,0.0,0.0,13870.188,13753.424
2006-07-27,13870.188,0.0,0.0,13870.188,13753.424
2006-07-28,13870.188,0.0,0.0,13870.188,13753.424
2006-07-29,13870.188,0.0,0.0,13870.188,13753.424
2006-07-30,13870.188,0.0,0.0,13870.188,13753.424
2006-07-31,13870.188,0.0,0.0,13870.188,13870.188
2006-08-01,13870.188,0.0,0.0,13870.188,13870.188
2006-08-02,13870.188,0.0,0.0,13870.188,13870.188
2006-08-03,13870.188,0.0,0.0,13870.188,13870.188
2006-08-04,13870.188,0.0,0.0,13870.188,13870.188
2006-08-05,13870.188,0.0,0.0,13870.188,13870.188
2006-08-06,13870.188,0.0,0.0,13870.188,13870.188
2006-08-07,13870.188,0.0,0.0,13870.188,13870.188
2006-08-08,13870.188,0.0,0.0,13870.188,13870.188
2006-08-09,13870.188,0.0,0.0,13870.188,13870.188
2006-08-10,13870.188,0.0,0.0,13870.188,13870.188
2006-08-11,13870.188,0.0,0.0,13870.188,13870.188
2006-08-12,13870.188,0.0,0.0,13870.188,13870.188
2006-08-13,13870.188,0.0,0.0,13870.188,13870.188
2006-08-14,13870.188,0.0,0.0,13870.188,13870.188
2006-08-15,13870.188,0.0,0.0,13870.188,13870.188
2006-08-16,13870.188,0.0,0.0,13870.188,13870.188
2006-08-17,13870.188,0.0,0.0,13870.188,13870.188
2006-08-18,13870.188,0.0,0.0,13870.188,13870.188
2006-08-19,13870.188,0.0,0.0,13870.188,13870.188
2006-08-20,13870.188,0.0,0.0,13870.188,13870.188
2006-08-21,13870.188,0.0,0.0,13870.188,13870.188
2006-08-22,13870.188,0.0,0.0,13870.188,13870.188
2006-08-23,13870.188,0.0,0.0,13870.188,13870.188
2006-08-24,13870.188,0.0,0.0,13870.188,13870.188
2006-08-25,13870.188,0.0,0.0,13870.188,13870.188
2006-08-26,13870.188,0.0,0.0,13870.188,13870.188
2006-08-27,13870.188,0.0,0.0,13870.188,13870.188
2006-08-28,13870.188,0.0,0.0,13870.188,13870.188
2006-08-29,13870.188,0.0,0.0,13870.188,13870.188
2006-08-30,13870.188,0.0,0.0,13870.188,13870.188
2006-08-31,13870.188,0.0,0.0,13870.188,13870.188
2006-09-01,13870.188,0.0,0.0,13870.188,13870.188
2006-09-02,13870.188,0.0,0.0,13870.188,13870.188
2006-09-03,13870.188,0.0,0.0,13870.188,13870.188
2006-09-04,13870.188,0.0,0.0,13870.188,13870.188
2006-09-05,13870.188,0.0,0.0,13870.188,13870.188
2006-09-06,13870.188,0.0,0.0,13870.188,13870.188
2006-09-07,13870.188,0.0,0.0,13870.188,13870.188
2006-09-08,13870.188,0.0,0.0,13870.188,13870.188
2006-09-09,13870.188,0.0,0.0,13870.188,13870.188
2006-09-10,13870.188,0.0,0.0,13870.188,13870.188
2006-09-11,13870.188,0.0,0.0,13870.188,13870.188
2006-09-12,13870.188,0.0,0.0,13870.188,13870.188
2006-09-13,13870.188,0.0,0.0,13870.188,13870.188
2006-09-14,13870.188,0.0,0.0,13870.188,13870.188
2006-09-15,13870.188,0.0,0.0,13870.188,13870.188
2006-09-16,13870.188,0.0,0.0,13870.188,13870.188
2006-09-17,13870.188,0.0,0.0,13870.188,13870.188
2006-09-18,13870.188,0.0,0.0,13870.188,13870.188
2006-09-19,13870.188,0.0,0.0,13870.188,13870.188
2006-09-20,13870.188,0.0,0.0,13870.188,13870.188
2006-09-21,13870.188,0.0,0.0,13870.188,13870.188
2006-09-22,13870.188,0.0,0.0,13870.188,13870.188
2006-09-23,13870.188,0.0,0.0,13870.188,13870.188
2006-09-24,13870.188,0.0,0.0,13870.188,13870.188
2006-09-25,13870.188,0.0,0.0,13870.188,13870.188
2006-09-26,13870.188,0.0,0.0,13870.188,13870.188
2006-09-27,13870.188,0.0,0.0,13870.188,13870.188
2006-09-28,13870.188,0.0,0.0,13870.188,13870.188
2006-09-29,13870.188,0.0,0.0,13870.188,13870.188
2006-09-30,13870.188,0.0,0.0,13870.188,13870.188
2006-10-01,14039.56,169.3719999999994,0.012211225976172635,13870.188,13870.188
2006-10-02,14039.56,0.0,0.0,13870.188,13870.188
2006-10-03,14039.56,0.0,0.0,13870.188,13870.188
2006-10-04,14039.56,0.0,0.0,13870.188,13870.188
2006-10-05,14039.56,0.0,0.0,13870.188,13870.188
2006-10-06,14039.56,0.0,0.0,13870.188,13870.188
2006-10-07,14039.56,0.0,0.0,13870.188,13870.188
2006-10-08,14039.56,0.0,0.0,14039.56,13870.188
2006-10-09,14039.56,0.0,0.0,14039.56,13870.188
2006-10-10,14039.56,0.0,0.0,14039.56,13870.188
2006-10-11,14039.56,0.0,0.0,14039.56,13870.188
2006-10-12,14039.56,0.0,0.0,14039.56,13870.188
2006-10-13,14039.56,0.0,0.0,14039.56,13870.188
2006-10-14,14039.56,0.0,0.0,14039.56,13870.188
2006-10-15,14039.56,0.0,0.0,14039.56,13870.188
2006-10-16,14039.56,0.0,0.0,14039.56,13870.188
2006-10-17,14039.56,0.0,0.0,14039.56,13870.188
2006-10-18,14039.56,0.0,0.0,14039.56,13870.188
2006-10-19,14039.56,0.0,0.0,14039.56,13870.188
2006-10-20,14039.56,0.0,0.0,14039.56,13870.188
2006-10-21,14039.56,0.0,0.0,14039.56,13870.188
2006-10-22,14039.56,0.0,0.0,14039.56,13870.188
2006-10-23,14039.56,0.0,0.0,14039.56,13870.188
2006-10-24,14039.56,0.0,0.0,14039.56,13870.188
2006-10-25,14039.56,0.0,0.0,14039.56,13870.188
2006-10-26,14039.56,0.0,0.0,14039.56,13870.188
2006-10-27,14039.56,0.0,0.0,14039.56,13870.188
2006-10-28,14039.56,0.0,0.0,14039.56,13870.188
2006-10-29,14039.56,0.0,0.0,14039.56,13870.188
2006-10-30,14039.56,0.0,0.0,14039.56,13870.188
2006-10-31,14039.56,0.0,0.0,14039.56,14039.56
2006-11-01,14039.56,0.0,0.0,14039.56,14039.56
2006-11-02,14039.56,0.0,0.0,14039.56,14039.56
2006-11-03,14039.56,0.0,0.0,14039.56,14039.56
2006-11-04,14039.56,0.0,0.0,14039.56,14039.56
2006-11-05,14039.56,0.0,0.0,14039.56,14039.56
2006-11-06,14039.56,0.0,0.0,14039.56,14039.56
2006-11-07,14039.56,0.0,0.0,14039.56,14039.56
2006-11-08,14039.56,0.0,0.0,14039.56,14039.56
2006-11-09,14039.56,0.0,0.0,14039.56,14039.56
2006-11-10,14039.56,0.0,0.0,14039.56,14039.56
2006-11-11,14039.56,0.0,0.0,14039.56,14039.56
2006-11-12,14039.56,0.0,0.0,14039.56,14039.56
2006-11-13,14039.56,0.0,0.0,14039.56,14039.56
2006-11-14,14039.56,0.0,0.0,14039.56,14039.56
2006-11-15,14039.56,0.0,0.0,14039.56,14039.56
2006-11-16,14039.56,0.0,0.0,14039.56,14039.56
2006-11-17,14039.56,0.0,0.0,14039.56,14039.56
2006-11-18,14039.56,0.0,0.0,14039.56,14039.56
2006-11-19,14039.56,0.0,0.0,14039.56,14039.56
2006-11-20,14039.56,0.0,0.0,14039.56,14039.56
2006-11-21,14039.56,0.0,0.0,14039.56,14039.56
2006-11-22,14039.56,0.0,0.0,14039.56,14039.56
2006-11-23,14039.56,0.0,0.0,14039.56,14039.56
2006-11-24,14039.56,0.0,0.0,14039.56,14039.56
2006-11-25,14039.56,0.0,0.0,14039.56,14039.56
2006-11-26,14039.56,0.0,0.0,14039.56,14039.56
2006-11-27,14039.56,0.0,0.0,14039.56,14039.56
2006-11-28,14039.56,0.0,0.0,14039.56,14039.56
2006-11-29,14039.56,0.0,0.0,14039.56,14039.56
2006-11-30,14039.56,0.0,0.0,14039.56,14039.56
2006-12-01,14039.56,0.0,0.0,14039.56,14039.56
2006-12-02,14039.56,0.0,0.0,14039.56,14039.56
2006-12-03,14039.56,0.0,0.0,14039.56,14039.56
2006-12-04,14039.56,0.0,0.0,14039.56,14039.56
2006-12-05,14039.56,0.0,0.0,14039.56,14039.56
2006-12-06,14039.56,0.0,0.0,14039.56,14039.56
2006-12-07,14039.56,0.0,0.0,14039.56,14039.56
2006-12-08,14039.56,0.0,0.0,14039.56,14039.56
2006-12-09,14039.56,0.0,0.0,14039.56,14039.56
2006-12-10,14039.56,0.0,0.0,14039.56,14039.56
2006-12-11,14039.56,0.0,0.0,14039.56,14039.56
2006-12-12,14039.56,0.0,0.0,14039.56,14039.56
2006-12-13,14039.56,0.0,0.0,14039.56,14039.56
2006-12-14,14039.56,0.0,0.0,14039.56,14039.56
2006-12-15,14039.56,0.0,0.0,14039.56,14039.56
2006-12-16,14039.56,0.0,0.0,14039.56,14039.56
2006-12-17,14039.56,0.0,0.0,14039.56,14039.56
2006-12-18,14039.56,0.0,0.0,14039.56,14039.56
2006-12-19,14039.56,0.0,0.0,14039.56,14039.56
2006-12-20,14039.56,0.0,0.0,14039.56,14039.56
2006-12-21,14039.56,0.0,0.0,14039.56,14039.56
2006-12-22,14039.56,0.0,0.0,14039.56,14039.56
2006-12-23,14039.56,0.0,0.0,14039.56,14039.56
2006-12-24,14039.56,0.0,0.0,14039.56,14039.56
2006-12-25,14039.56,0.0,0.0,14039.56,14039.56
2006-12-26,14039.56,0.0,0.0,14039.56,14039.56
2006-12-27,14039.56,0.0,0.0,14039.56,14039.56
2006-12-28,14039.56,0.0,0.0,14039.56,14039.56
2006-12-29,14039.56,0.0,0.0,14039.56,14039.56
2006-12-30,14039.56,0.0,0.0,14039.56,14039.56
2006-12-31,14039.56,0.0,0.0,14039.56,14039.56
2007-01-01,14215.651,176.09100000000035,0.012542487086489862,14039.56,14039.56
2007-01-02,14215.651,0.0,0.0,14039.56,14039.56
2007-01-03,14215.651,0.0,0.0,14039.56,14039.56
2007-01-04,14215.651,0.0,0.0,14039.56,14039.56
2007-01-05,14215.651,0.0,0.0,14039.56,14039.56
2007-01-06,14215.651,0.0,0.0,14039.56,14039.56
2007-01-07,14215.651,0.0,0.0,14039.56,14039.56
2007-01-08,14215.651,0.0,0.0,14215.651,14039.56
2007-01-09,14215.651,0.0,0.0,14215.651,14039.56
2007-01-10,14215.651,0.0,0.0,14215.651,14039.56
2007-01-11,14215.651,0.0,0.0,14215.651,14039.56
2007-01-12,14215.651,0.0,0.0,14215.651,14039.56
2007-01-13,14215.651,0.0,0.0,14215.651,14039.56
2007-01-14,14215.651,0.0,0.0,14215.651,14039.56
2007-01-15,14215.651,0.0,0.0,14215.651,14039.56
2007-01-16,14215.651,0.0,0.0,14215.651,14039.56
2007-01-17,14215.651,0.0,0.0,14215.651,14039.56
2007-01-18,14215.651,0.0,0.0,14215.651,14039.56
2007-01-19,14215.651,0.0,0.0,14215.651,14039.56
2007-01-20,14215.651,0.0,0.0,14215.651,14039.56
2007-01-21,14215.651,0.0,0.0,14215.651,14039.56
2007-01-22,14215.651,0.0,0.0,14215.651,14039.56
2007-01-23,14215.651,0.0,0.0,14215.651,14039.56
2007-01-24,14215.651,0.0,0.0,14215.651,14039.56
2007-01-25,14215.651,0.0,0.0,14215.651,14039.56
2007-01-26,14215.651,0.0,0.0,14215.651,14039.56
2007-01-27,14215.651,0.0,0.0,14215.651,14039.56
2007-01-28,14215.651,0.0,0.0,14215.651,14039.56
2007-01-29,14215.651,0.0,0.0,14215.651,14039.56
2007-01-30,14215.651,0.0,0.0,14215.651,14039.56
2007-01-31,14215.651,0.0,0.0,14215.651,14215.651
2007-02-01,14215.651,0.0,0.0,14215.651,14215.651
2007-02-02,14215.651,0.0,0.0,14215.651,14215.651
2007-02-03,14215.651,0.0,0.0,14215.651,14215.651
2007-02-04,14215.651,0.0,0.0,14215.651,14215.651
2007-02-05,14215.651,0.0,0.0,14215.651,14215.651
2007-02-06,14215.651,0.0,0.0,14215.651,14215.651
2007-02-07,14215.651,0.0,0.0,14215.651,14215.651
2007-02-08,14215.651,0.0,0.0,14215.651,14215.651
2007-02-09,14215.651,0.0,0.0,14215.651,14215.651
2007-02-10,14215.651,0.0,0.0,14215.651,14215.651
2007-02-11,14215.651,0.0,0.0,14215.651,14215.651
2007-02-12,14215.651,0.0,0.0,14215.651,14215.651
2007-02-13,14215.651,0.0,0.0,14215.651,14215.651
2007-02-14,14215.651,0.0,0.0,14215.651,14215.651
2007-02-15,14215.651,0.0,0.0,14215.651,14215.651
2007-02-16,14215.651,0.0,0.0,14215.651,14215.651
2007-02-17,14215.651,0.0,0.0,14215.651,14215.651
2007-02-18,14215.651,0.0,0.0,14215.651,14215.651
2007-02-19,14215.651,0.0,0.0,14215.651,14215.651
2007-02-20,14215.651,0.0,0.0,14215.651,14215.651
2007-02-21,14215.651,0.0,0.0,14215.651,14215.651
2007-02-22,14215.651,0.0,0.0,14215.651,14215.651
2007-02-23,14215.651,0.0,0.0,14215.651,14215.651
2007-02-24,14215.651,0.0,0.0,14215.651,14215.651
2007-02-25,14215.651,0.0,0.0,14215.651,14215.651
2007-02-26,14215.651,0.0,0.0,14215.651,14215.651
2007-02-27,14215.651,0.0,0.0,14215.651,14215.651
2007-02-28,14215.651,0.0,0.0,14215.651,14215.651
2007-03-01,14215.651,0.0,0.0,14215.651,14215.651
2007-03-02,14215.651,0.0,0.0,14215.651,14215.651
2007-03-03,14215.651,0.0,0.0,14215.651,14215.651
2007-03-04,14215.651,0.0,0.0,14215.651,14215.651
2007-03-05,14215.651,0.0,0.0,14215.651,14215.651
2007-03-06,14215.651,0.0,0.0,14215.651,14215.651
2007-03-07,14215.651,0.0,0.0,14215.651,14215.651
2007-03-08,14215.651,0.0,0.0,14215.651,14215.651
2007-03-09,14215.651,0.0,0.0,14215.651,14215.651
2007-03-10,14215.651,0.0,0.0,14215.651,14215.651
2007-03-11,14215.651,0.0,0.0,14215.651,14215.651
2007-03-12,14215.651,0.0,0.0,14215.651,14215.651
2007-03-13,14215.651,0.0,0.0,14215.651,14215.651
2007-03-14,14215.651,0.0,0.0,14215.651,14215.651
2007-03-15,14215.651,0.0,0.0,14215.651,14215.651
2007-03-16,14215.651,0.0,0.0,14215.651,14215.651
2007-03-17,14215.651,0.0,0.0,14215.651,14215.651
2007-03-18,14215.651,0.0,0.0,14215.651,14215.651
2007-03-19,14215.651,0.0,0.0,14215.651,14215.651
2007-03-20,14215.651,0.0,0.0,14215.651,14215.651
2007-03-21,14215.651,0.0,0.0,14215.651,14215.651
2007-03-22,14215.651,0.0,0.0,14215.651,14215.651
2007-03-23,14215.651,0.0,0.0,14215.651,14215.651
2007-03-24,14215.651,0.0,0.0,14215.651,14215.651
2007-03-25,14215.651,0.0,0.0,14215.651,14215.651
2007-03-26,14215.651,0.0,0.0,14215.651,14215.651
2007-03-27,14215.651,0.0,0.0,14215.651,14215.651
2007-03-28,14215.651,0.0,0.0,14215.651,14215.651
2007-03-29,14215.651,0.0,0.0,14215.651,14215.651
2007-03-30,14215.651,0.0,0.0,14215.651,14215.651
2007-03-31,14215.651,0.0,0.0,14215.651,14215.651
2007-04-01,14402.082,186.4310000000005,0.013114489093746018,14215.651,14215.651
2007-04-02,14402.082,0.0,0.0,14215.651,14215.651
2007-04-03,14402.082,0.0,0.0,14215.651,14215.651
2007-04-04,14402.082,0.0,0.0,14215.651,14215.651
2007-04-05,14402.082,0.0,0.0,14215.651,14215.651
2007-04-06,14402.082,0.0,0.0,14215.651,14215.651
2007-04-07,14402.082,0.0,0.0,14215.651,14215.651
2007-04-08,14402.082,0.0,0.0,14402.082,14215.651
2007-04-09,14402.082,0.0,0.0,14402.082,14215.651
2007-04-10,14402.082,0.0,0.0,14402.082,14215.651
2007-04-11,14402.082,0.0,0.0,14402.082,14215.651
2007-04-12,14402.082,0.0,0.0,14402.082,14215.651
2007-04-13,14402.082,0.0,0.0,14402.082,14215.651
2007-04-14,14402.082,0.0,0.0,14402.082,14215.651
2007-04-15,14402.082,0.0,0.0,14402.082,14215.651
2007-04-16,14402.082,0.0,0.0,14402.082,14215.651
2007-04-17,14402.082,0.0,0.0,14402.082,14215.651
2007-04-18,14402.082,0.0,0.0,14402.082,14215.651
2007-04-19,14402.082,0.0,0.0,14402.082,14215.651
2007-04-20,14402.082,0.0,0.0,14402.082,14215.651
2007-04-21,14402.082,0.0,0.0,14402.082,14215.651
2007-04-22,14402.082,0.0,0.0,14402.082,14215.651
2007-04-23,14402.082,0.0,0.0,14402.082,14215.651
2007-04-24,14402.082,0.0,0.0,14402.082,14215.651
2007-04-25,14402.082,0.0,0.0,14402.082,14215.651
2007-04-26,14402.082,0.0,0.0,14402.082,14215.651
2007-04-27,14402.082,0.0,0.0,14402.082,14215.651
2007-04-28,14402.082,0.0,0.0,14402.082,14215.651
2007-04-29,14402.082,0.0,0.0,14402.082,14215.651
2007-04-30,14402.082,0.0,0.0,14402.082,14215.651
2007-05-01,14402.082,0.0,0.0,14402.082,14402.082
2007-05-02,14402.082,0.0,0.0,14402.082,14402.082
2007-05-03,14402.082,0.0,0.0,14402.082,14402.082
2007-05-04,14402.082,0.0,0.0,14402.082,14402.082
2007-05-05,14402.082,0.0,0.0,14402.082,14402.082
2007-05-06,14402.082,0.0,0.0,14402.082,14402.082
2007-05-07,14402.082,0.0,0.0,14402.082,14402.082
2007-05-08,14402.082,0.0,0.0,14402.082,14402.082
2007-05-09,14402.082,0.0,0.0,14402.082,14402.082
2007-05-10,14402.082,0.0,0.0,14402.082,14402.082
2007-05-11,14402.082,0.0,0.0,14402.082,14402.082
2007-05-12,14402.082,0.0,0.0,14402.082,14402.082
2007-05-13,14402.082,0.0,0.0,14402.082,14402.082
2007-05-14,14402.082,0.0,0.0,14402.082,14402.082
2007-05-15,14402.082,0.0,0.0,14402.082,14402.082
2007-05-16,14402.082,0.0,0.0,14402.082,14402.082
2007-05-17,14402.082,0.0,0.0,14402.082,14402.082
2007-05-18,14402.082,0.0,0.0,14402.082,14402.082
2007-05-19,14402.082,0.0,0.0,14402.082,14402.082
2007-05-20,14402.082,0.0,0.0,14402.082,14402.082
2007-05-21,14402.082,0.0,0.0,14402.082,14402.082
2007-05-22,14402.082,0.0,0.0,14402.082,14402.082
2007-05-23,14402.082,0.0,0.0,14402.082,14402.082
2007-05-24,14402.082,0.0,0.0,14402.082,14402.082
2007-05-25,14402.082,0.0,0.0,14402.082,14402.082
2007-05-26,14402.082,0.0,0.0,14402.082,14402.082
2007-05-27,14402.082,0.0,0.0,14402.082,14402.082
2007-05-28,14402.082,0.0,0.0,14402.082,14402.082
2007-05-29,14402.082,0.0,0.0,14402.082,14402.082
2007-05-30,14402.082,0.0,0.0,14402.082,14402.082
2007-05-31,14402.082,0.0,0.0,14402.082,14402.082
2007-06-01,14402.082,0.0,0.0,14402.082,14402.082
2007-06-02,14402.082,0.0,0.0,14402.082,14402.082
2007-06-03,14402.082,0.0,0.0,14402.082,14402.082
2007-06-04,14402.082,0.0,0.0,14402.082,14402.082
2007-06-05,14402.082,0.0,0.0,14402.082,14402.082
2007-06-06,14402.082,0.0,0.0,14402.082,14402.082
2007-06-07,14402.082,0.0,0.0,14402.082,14402.082
2007-06-08,14402.082,0.0,0.0,14402.082,14402.082
2007-06-09,14402.082,0.0,0.0,14402.082,14402.082
2007-06-10,14402.082,0.0,0.0,14402.082,14402.082
2007-06-11,14402.082,0.0,0.0,14402.082,14402.082
2007-06-12,14402.082,0.0,0.0,14402.082,14402.082
2007-06-13,14402.082,0.0,0.0,14402.082,14402.082
2007-06-14,14402.082,0.0,0.0,14402.082,14402.082
2007-06-15,14402.082,0.0,0.0,14402.082,14402.082
2007-06-16,14402.082,0.0,0.0,14402.082,14402.082
2007-06-17,14402.082,0.0,0.0,14402.082,14402.082
2007-06-18,14402.082,0.0,0.0,14402.082,14402.082
2007-06-19,14402.082,0.0,0.0,14402.082,14402.082
2007-06-20,14402.082,0.0,0.0,14402.082,14402.082
2007-06-21,14402.082,0.0,0.0,14402.082,14402.082
2007-06-22,14402.082,0.0,0.0,14402.082,14402.082
2007-06-23,14402.082,0.0,0.0,14402.082,14402.082
2007-06-24,14402.082,0.0,0.0,14402.082,14402.082
2007-06-25,14402.082,0.0,0.0,14402.082,14402.082
2007-06-26,14402.082,0.0,0.0,14402.082,14402.082
2007-06-27,14402.082,0.0,0.0,14402.082,14402.082
2007-06-28,14402.082,0.0,0.0,14402.082,14402.082
2007-06-29,14402.082,0.0,0.0,14402.082,14402.082
2007-06-30,14402.082,0.0,0.0,14402.082,14402.082
2007-07-01,14564.117,162.03499999999985,0.011250803876828419,14402.082,14402.082
2007-07-02,14564.117,0.0,0.0,14402.082,14402.082
2007-07-03,14564.117,0.0,0.0,14402.082,14402.082
2007-07-04,14564.117,0.0,0.0,14402.082,14402.082
2007-07-05,14564.117,0.0,0.0,14402.082,14402.082
2007-07-06,14564.117,0.0,0.0,14402.082,14402.082
2007-07-07,14564.117,0.0,0.0,14402.082,14402.082
2007-07-08,14564.117,0.0,0.0,14564.117,14402.082
2007-07-09,14564.117,0.0,0.0,14564.117,14402.082
2007-07-10,14564.117,0.0,0.0,14564.117,14402.082
2007-07-11,14564.117,0.0,0.0,14564.117,14402.082
2007-07-12,14564.117,0.0,0.0,14564.117,14402.082
2007-07-13,14564.117,0.0,0.0,14564.117,14402.082
2007-07-14,14564.117,0.0,0.0,14564.117,14402.082
2007-07-15,14564.117,0.0,0.0,14564.117,14402.082
2007-07-16,14564.117,0.0,0.0,14564.117,14402.082
2007-07-17,14564.117,0.0,0.0,14564.117,14402.082
2007-07-18,14564.117,0.0,0.0,14564.117,14402.082
2007-07-19,14564.117,0.0,0.0,14564.117,14402.082
2007-07-20,14564.117,0.0,0.0,14564.117,14402.082
2007-07-21,14564.117,0.0,0.0,14564.117,14402.082
2007-07-22,14564.117,0.0,0.0,14564.117,14402.082
2007-07-23,14564.117,0.0,0.0,14564.117,14402.082
2007-07-24,14564.117,0.0,0.0,14564.117,14402.082
2007-07-25,14564.117,0.0,0.0,14564.117,14402.082
2007-07-26,14564.117,0.0,0.0,14564.117,14402.082
2007-07-27,14564.117,0.0,0.0,14564.117,14402.082
2007-07-28,14564.117,0.0,0.0,14564.117,14402.082
2007-07-29,14564.117,0.0,0.0,14564.117,14402.082
2007-07-30,14564.117,0.0,0.0,14564.117,14402.082
2007-07-31,14564.117,0.0,0.0,14564.117,14564.117
2007-08-01,14564.117,0.0,0.0,14564.117,14564.117
2007-08-02,14564.117,0.0,0.0,14564.117,14564.117
2007-08-03,14564.117,0.0,0.0,14564.117,14564.117
2007-08-04,14564.117,0.0,0.0,14564.117,14564.117
2007-08-05,14564.117,0.0,0.0,14564.117,14564.117
2007-08-06,14564.117,0.0,0.0,14564.117,14564.117
2007-08-07,14564.117,0.0,0.0,14564.117,14564.117
2007-08-08,14564.117,0.0,0.0,14564.117,14564.117
2007-08-09,14564.117,0.0,0.0,14564.117,14564.117
2007-08-10,14564.117,0.0,0.0,14564.117,14564.117
2007-08-11,14564.117,0.0,0.0,14564.117,14564.117
2007-08-12,14564.117,0.0,0.0,14564.117,14564.117
2007-08-13,14564.117,0.0,0.0,14564.117,14564.117
2007-08-14,14564.117,0.0,0.0,14564.117,14564.117
2007-08-15,14564.117,0.0,0.0,14564.117,14564.117
2007-08-16,14564.117,0.0,0.0,14564.117,14564.117
2007-08-17,14564.117,0.0,0.0,14564.117,14564.117
2007-08-18,14564.117,0.0,0.0,14564.117,14564.117
2007-08-19,14564.117,0.0,0.0,14564.117,14564.117
2007-08-20,14564.117,0.0,0.0,14564.117,14564.117
2007-08-21,14564.117,0.0,0.0,14564.117,14564.117
2007-08-22,14564.117,0.0,0.0,14564.117,14564.117
2007-08-23,14564.117,0.0,0.0,14564.117,14564.117
2007-08-24,14564.117,0.0,0.0,14564.117,14564.117
2007-08-25,14564.117,0.0,0.0,14564.117,14564.117
2007-08-26,14564.117,0.0,0.0,14564.117,14564.117
2007-08-27,14564.117,0.0,0.0,14564.117,14564.117
2007-08-28,14564.117,0.0,0.0,14564.117,14564.117
2007-08-29,14564.117,0.0,0.0,14564.117,14564.117
2007-08-30,14564.117,0.0,0.0,14564.117,14564.117
2007-08-31,14564.117,0.0,0.0,14564.117,14564.117
2007-09-01,14564.117,0.0,0.0,14564.117,14564.117
2007-09-02,14564.117,0.0,0.0,14564.117,14564.117
2007-09-03,14564.117,0.0,0.0,14564.117,14564.117
2007-09-04,14564.117,0.0,0.0,14564.117,14564.117
2007-09-05,14564.117,0.0,0.0,14564.117,14564.117
2007-09-06,14564.117,0.0,0.0,14564.117,14564.117
2007-09-07,14564.117,0.0,0.0,14564.117,14564.117
2007-09-08,14564.117,0.0,0.0,14564.117,14564.117
2007-09-09,14564.117,0.0,0.0,14564.117,14564.117
2007-09-10,14564.117,0.0,0.0,14564.117,14564.117
2007-09-11,14564.117,0.0,0.0,14564.117,14564.117
2007-09-12,14564.117,0.0,0.0,14564.117,14564.117
2007-09-13,14564.117,0.0,0.0,14564.117,14564.117
2007-09-14,14564.117,0.0,0.0,14564.117,14564.117
2007-09-15,14564.117,0.0,0.0,14564.117,14564.117
2007-09-16,14564.117,0.0,0.0,14564.117,14564.117
2007-09-17,14564.117,0.0,0.0,14564.117,14564.117
2007-09-18,14564.117,0.0,0.0,14564.117,14564.117
2007-09-19,14564.117,0.0,0.0,14564.117,14564.117
2007-09-20,14564.117,0.0,0.0,14564.117,14564.117
2007-09-21,14564.117,0.0,0.0,14564.117,14564.117
2007-09-22,14564.117,0.0,0.0,14564.117,14564.117
2007-09-23,14564.117,0.0,0.0,14564.117,14564.117
2007-09-24,14564.117,0.0,0.0,14564.117,14564.117
2007-09-25,14564.117,0.0,0.0,14564.117,14564.117
2007-09-26,14564.117,0.0,0.0,14564.117,14564.117
2007-09-27,14564.117,0.0,0.0,14564.117,14564.117
2007-09-28,14564.117,0.0,0.0,14564.117,14564.117
2007-09-29,14564.117,0.0,0.0,14564.117,14564.117
2007-09-30,14564.117,0.0,0.0,14564.117,14564.117
2007-10-01,14715.058,150.9410000000007,0.010363896417475926,14564.117,14564.117
2007-10-02,14715.058,0.0,0.0,14564.117,14564.117
2007-10-03,14715.058,0.0,0.0,14564.117,14564.117
2007-10-04,14715.058,0.0,0.0,14564.117,14564.117
2007-10-05,14715.058,0.0,0.0,14564.117,14564.117
2007-10-06,14715.058,0.0,0.0,14564.117,14564.117
2007-10-07,14715.058,0.0,0.0,14564.117,14564.117
2007-10-08,14715.058,0.0,0.0,14715.058,14564.117
2007-10-09,14715.058,0.0,0.0,14715.058,14564.117
2007-10-10,14715.058,0.0,0.0,14715.058,14564.117
2007-10-11,14715.058,0.0,0.0,14715.058,14564.117
2007-10-12,14715.058,0.0,0.0,14715.058,14564.117
2007-10-13,14715.058,0.0,0.0,14715.058,14564.117
2007-10-14,14715.058,0.0,0.0,14715.058,14564.117
2007-10-15,14715.058,0.0,0.0,14715.058,14564.117
2007-10-16,14715.058,0.0,0.0,14715.058,14564.117
2007-10-17,14715.058,0.0,0.0,14715.058,14564.117
2007-10-18,14715.058,0.0,0.0,14715.058,14564.117
2007-10-19,14715.058,0.0,0.0,14715.058,14564.117
2007-10-20,14715.058,0.0,0.0,14715.058,14564.117
2007-10-21,14715.058,0.0,0.0,14715.058,14564.117
2007-10-22,14715.058,0.0,0.0,14715.058,14564.117
2007-10-23,14715.058,0.0,0.0,14715.058,14564.117
2007-10-24,14715.058,0.0,0.0,14715.058,14564.117
2007-10-25,14715.058,0.0,0.0,14715.058,14564.117
2007-10-26,14715.058,0.0,0.0,14715.058,14564.117
2007-10-27,14715.058,0.0,0.0,14715.058,14564.117
2007-10-28,14715.058,0.0,0.0,14715.058,14564.117
2007-10-29,14715.058,0.0,0.0,14715.058,14564.117
2007-10-30,14715.058,0.0,0.0,14715.058,14564.117
2007-10-31,14715.058,0.0,0.0,14715.058,14715.058
2007-11-01,14715.058,0.0,0.0,14715.058,14715.058
2007-11-02,14715.058,0.0,0.0,14715.058,14715.058
2007-11-03,14715.058,0.0,0.0,14715.058,14715.058
2007-11-04,14715.058,0.0,0.0,14715.058,14715.058
2007-11-05,14715.058,0.0,0.0,14715.058,14715.058
2007-11-06,14715.058,0.0,0.0,14715.058,14715.058
2007-11-07,14715.058,0.0,0.0,14715.058,14715.058
2007-11-08,14715.058,0.0,0.0,14715.058,14715.058
2007-11-09,14715.058,0.0,0.0,14715.058,14715.058
2007-11-10,14715.058,0.0,0.0,14715.058,14715.058
2007-11-11,14715.058,0.0,0.0,14715.058,14715.058
2007-11-12,14715.058,0.0,0.0,14715.058,14715.058
2007-11-13,14715.058,0.0,0.0,14715.058,14715.058
2007-11-14,14715.058,0.0,0.0,14715.058,14715.058
2007-11-15,14715.058,0.0,0.0,14715.058,14715.058
2007-11-16,14715.058,0.0,0.0,14715.058,14715.058
2007-11-17,14715.058,0.0,0.0,14715.058,14715.058
2007-11-18,14715.058,0.0,0.0,14715.058,14715.058
2007-11-19,14715.058,0.0,0.0,14715.058,14715.058
2007-11-20,14715.058,0.0,0.0,14715.058,14715.058
2007-11-21,14715.058,0.0,0.0,14715.058,14715.058
2007-11-22,14715.058,0.0,0.0,14715.058,14715.058
2007-11-23,14715.058,0.0,0.0,14715.058,14715.058
2007-11-24,14715.058,0.0,0.0,14715.058,14715.058
2007-11-25,14715.058,0.0,0.0,14715.058,14715.058
2007-11-26,14715.058,0.0,0.0,14715.058,14715.058
2007-11-27,14715.058,0.0,0.0,14715.058,14715.058
2007-11-28,14715.058,0.0,0.0,14715.058,14715.058
2007-11-29,14715.058,0.0,0.0,14715.058,14715.058
2007-11-30,14715.058,0.0,0.0,14715.058,14715.058
2007-12-01,14715.058,0.0,0.0,14715.058,14715.058
2007-12-02,14715.058,0.0,0.0,14715.058,14715.058
2007-12-03,14715.058,0.0,0.0,14715.058,14715.058
2007-12-04,14715.058,0.0,0.0,14715.058,14715.058
2007-12-05,14715.058,0.0,0.0,14715.058,14715.058
2007-12-06,14715.058,0.0,0.0,14715.058,14715.058
2007-12-07,14715.058,0.0,0.0,14715.058,14715.058
2007-12-08,14715.058,0.0,0.0,14715.058,14715.058
2007-12-09,14715.058,0.0,0.0,14715.058,14715.058
2007-12-10,14715.058,0.0,0.0,14715.058,14715.058
2007-12-11,14715.058,0.0,0.0,14715.058,14715.058
2007-12-12,14715.058,0.0,0.0,14715.058,14715.058
2007-12-13,14715.058,0.0,0.0,14715.058,14715.058
2007-12-14,14715.058,0.0,0.0,14715.058,14715.058
2007-12-15,14715.058,0.0,0.0,14715.058,14715.058
2007-12-16,14715.058,0.0,0.0,14715.058,14715.058
2007-12-17,14715.058,0.0,0.0,14715.058,14715.058
2007-12-18,14715.058,0.0,0.0,14715.058,14715.058
2007-12-19,14715.058,0.0,0.0,14715.058,14715.058
2007-12-20,14715.058,0.0,0.0,14715.058,14715.058
2007-12-21,14715.058,0.0,0.0,14715.058,14715.058
2007-12-22,14715.058,0.0,0.0,14715.058,14715.058
2007-12-23,14715.058,0.0,0.0,14715.058,14715.058
2007-12-24,14715.058,0.0,0.0,14715.058,14715.058
2007-12-25,14715.058,0.0,0.0,14715.058,14715.058
2007-12-26,14715.058,0.0,0.0,14715.058,14715.058
2007-12-27,14715.058,0.0,0.0,14715.058,14715.058
2007-12-28,14715.058,0.0,0.0,14715.058,14715.058
2007-12-29,14715.058,0.0,0.0,14715.058,14715.058
2007-12-30,14715.058,0.0,0.0,14715.058,14715.058
2007-12-31,14715.058,0.0,0.0,14715.058,14715.058
2008-01-01,14706.538,-8.520000000000437,-0.0005789987372118999,14715.058,14715.058
2008-01-02,14706.538,0.0,0.0,14715.058,14715.058
2008-01-03,14706.538,0.0,0.0,14715.058,14715.058
2008-01-04,14706.538,0.0,0.0,14715.058,14715.058
2008-01-05,14706.538,0.0,0.0,14715.058,14715.058
2008-01-06,14706.538,0.0,0.0,14715.058,14715.058
2008-01-07,14706.538,0.0,0.0,14715.058,14715.058
2008-01-08,14706.538,0.0,0.0,14706.538,14715.058
2008-01-09,14706.538,0.0,0.0,14706.538,14715.058
2008-01-10,14706.538,0.0,0.0,14706.538,14715.058
2008-01-11,14706.538,0.0,0.0,14706.538,14715.058
2008-01-12,14706.538,0.0,0.0,14706.538,14715.058
2008-01-13,14706.538,0.0,0.0,14706.538,14715.058
2008-01-14,14706.538,0.0,0.0,14706.538,14715.058
2008-01-15,14706.538,0.0,0.0,14706.538,14715.058
2008-01-16,14706.538,0.0,0.0,14706.538,14715.058
2008-01-17,14706.538,0.0,0.0,14706.538,14715.058
2008-01-18,14706.538,0.0,0.0,14706.538,14715.058
2008-01-19,14706.538,0.0,0.0,14706.538,14715.058
2008-01-20,14706.538,0.0,0.0,14706.538,14715.058
2008-01-21,14706.538,0.0,0.0,14706.538,14715.058
2008-01-22,14706.538,0.0,0.0,14706.538,14715.058
2008-01-23,14706.538,0.0,0.0,14706.538,14715.058
2008-01-24,14706.538,0.0,0.0,14706.538,14715.058
2008-01-25,14706.538,0.0,0.0,14706.538,14715.058
2008-01-26,14706.538,0.0,0.0,14706.538,14715.058
2008-01-27,14706.538,0.0,0.0,14706.538,14715.058
2008-01-28,14706.538,0.0,0.0,14706.538,14715.058
2008-01-29,14706.538,0.0,0.0,14706.538,14715.058
2008-01-30,14706.538,0.0,0.0,14706.538,14715.058
2008-01-31,14706.538,0.0,0.0,14706.538,14706.538
2008-02-01,14706.538,0.0,0.0,14706.538,14706.538
2008-02-02,14706.538,0.0,0.0,14706.538,14706.538
2008-02-03,14706.538,0.0,0.0,14706.538,14706.538
2008-02-04,14706.538,0.0,0.0,14706.538,14706.538
2008-02-05,14706.538,0.0,0.0,14706.538,14706.538
2008-02-06,14706.538,0.0,0.0,14706.538,14706.538
2008-02-07,14706.538,0.0,0.0,14706.538,14706.538
2008-02-08,14706.538,0.0,0.0,14706.538,14706.538
2008-02-09,14706.538,0.0,0.0,14706.538,14706.538
2008-02-10,14706.538,0.0,0.0,14706.538,14706.538
2008-02-11,14706.538,0.0,0.0,14706.538,14706.538
2008-02-12,14706.538,0.0,0.0,14706.538,14706.538
2008-02-13,14706.538,0.0,0.0,14706.538,14706.538
2008-02-14,14706.538,0.0,0.0,14706.538,14706.538
2008-02-15,14706.538,0.0,0.0,14706.538,14706.538
2008-02-16,14706.538,0.0,0.0,14706.538,14706.538
2008-02-17,14706.538,0.0,0.0,14706.538,14706.538
2008-02-18,14706.538,0.0,0.0,14706.538,14706.538
2008-02-19,14706.538,0.0,0.0,14706.538,14706.538
2008-02-20,14706.538,0.0,0.0,14706.538,14706.538
2008-02-21,14706.538,0.0,0.0,14706.538,14706.538
2008-02-22,14706.538,0.0,0.0,14706.538,14706.538
2008-02-23,14706.538,0.0,0.0,14706.538,14706.538
2008-02-24,14706.538,0.0,0.0,14706.538,14706.538
2008-02-25,14706.538,0.0,0.0,14706.538,14706.538
2008-02-26,14706.538,0.0,0.0,14706.538,14706.538
2008-02-27,14706.538,0.0,0.0,14706.538,14706.538
2008-02-28,14706.538,0.0,0.0,14706.538,14706.538
2008-02-29,14706.538,0.0,0.0,14706.538,14706.538
2008-03-01,14706.538,0.0,0.0,14706.538,14706.538
2008-03-02,14706.538,0.0,0.0,14706.538,14706.538
2008-03-03,14706.538,0.0,0.0,14706.538,14706.538
2008-03-04,14706.538,0.0,0.0,14706.538,14706.538
2008-03-05,14706.538,0.0,0.0,14706.538,14706.538
2008-03-06,14706.538,0.0,0.0,14706.538,14706.538
2008-03-07,14706.538,0.0,0.0,14706.538,14706.538
2008-03-08,14706.538,0.0,0.0,14706.538,14706.538
2008-03-09,14706.538,0.0,0.0,14706.538,14706.538
2008-03-10,14706.538,0.0,0.0,14706.538,14706.538
2008-03-11,14706.538,0.0,0.0,14706.538,14706.538
2008-03-12,14706.538,0.0,0.0,14706.538,14706.538
2008-03-13,14706.538,0.0,0.0,14706.538,14706.538
2008-03-14,14706.538,0.0,0.0,14706.538,14706.538
2008-03-15,14706.538,0.0,0.0,14706.538,14706.538
2008-03-16,14706.538,0.0,0.0,14706.538,14706.538
2008-03-17,14706.538,0.0,0.0,14706.538,14706.538
2008-03-18,14706.538,0.0,0.0,14706.538,14706.538
2008-03-19,14706.538,0.0,0.0,14706.538,14706.538
2008-03-20,14706.538,0.0,0.0,14706.538,14706.538
2008-03-21,14706.538,0.0,0.0,14706.538,14706.538
2008-03-22,14706.538,0.0,0.0,14706.538,14706.538
2008-03-23,14706.538,0.0,0.0,14706.538,14706.538
2008-03-24,14706.538,0.0,0.0,14706.538,14706.538
2008-03-25,14706.538,0.0,0.0,14706.538,14706.538
2008-03-26,14706.538,0.0,0.0,14706.538,14706.538
2008-03-27,14706.538,0.0,0.0,14706.538,14706.538
2008-03-28,14706.538,0.0,0.0,14706.538,14706.538
2008-03-29,14706.538,0.0,0.0,14706.538,14706.538
2008-03-30,14706.538,0.0,0.0,14706.538,14706.538
2008-03-31,14706.538,0.0,0.0,14706.538,14706.538
2008-04-01,14865.701,159.16299999999865,0.010822601485135364,14706.538,14706.538
2008-04-02,14865.701,0.0,0.0,14706.538,14706.538
2008-04-03,14865.701,0.0,0.0,14706.538,14706.538
2008-04-04,14865.701,0.0,0.0,14706.538,14706.538
2008-04-05,14865.701,0.0,0.0,14706.538,14706.538
2008-04-06,14865.701,0.0,0.0,14706.538,14706.538
2008-04-07,14865.701,0.0,0.0,14706.538,14706.538
2008-04-08,14865.701,0.0,0.0,14865.701,14706.538
2008-04-09,14865.701,0.0,0.0,14865.701,14706.538
2008-04-10,14865.701,0.0,0.0,14865.701,14706.538
2008-04-11,14865.701,0.0,0.0,14865.701,14706.538
2008-04-12,14865.701,0.0,0.0,14865.701,14706.538
2008-04-13,14865.701,0.0,0.0,14865.701,14706.538
2008-04-14,14865.701,0.0,0.0,14865.701,14706.538
2008-04-15,14865.701,0.0,0.0,14865.701,14706.538
2008-04-16,14865.701,0.0,0.0,14865.701,14706.538
2008-04-17,14865.701,0.0,0.0,14865.701,14706.538
2008-04-18,14865.701,0.0,0.0,14865.701,14706.538
2008-04-19,14865.701,0.0,0.0,14865.701,14706.538
2008-04-20,14865.701,0.0,0.0,14865.701,14706.538
2008-04-21,14865.701,0.0,0.0,14865.701,14706.538
2008-04-22,14865.701,0.0,0.0,14865.701,14706.538
2008-04-23,14865.701,0.0,0.0,14865.701,14706.538
2008-04-24,14865.701,0.0,0.0,14865.701,14706.538
2008-04-25,14865.701,0.0,0.0,14865.701,14706.538
2008-04-26,14865.701,0.0,0.0,14865.701,14706.538
2008-04-27,14865.701,0.0,0.0,14865.701,14706.538
2008-04-28,14865.701,0.0,0.0,14865.701,14706.538
2008-04-29,14865.701,0.0,0.0,14865.701,14706.538
2008-04-30,14865.701,0.0,0.0,14865.701,14706.538
2008-05-01,14865.701,0.0,0.0,14865.701,14865.701
2008-05-02,14865.701,0.0,0.0,14865.701,14865.701
2008-05-03,14865.701,0.0,0.0,14865.701,14865.701
2008-05-04,14865.701,0.0,0.0,14865.701,14865.701
2008-05-05,14865.701,0.0,0.0,14865.701,14865.701
2008-05-06,14865.701,0.0,0.0,14865.701,14865.701
2008-05-07,14865.701,0.0,0.0,14865.701,14865.701
2008-05-08,14865.701,0.0,0.0,14865.701,14865.701
2008-05-09,14865.701,0.0,0.0,14865.701,14865.701
2008-05-10,14865.701,0.0,0.0,14865.701,14865.701
2008-05-11,14865.701,0.0,0.0,14865.701,14865.701
2008-05-12,14865.701,0.0,0.0,14865.701,14865.701
2008-05-13,14865.701,0.0,0.0,14865.701,14865.701
2008-05-14,14865.701,0.0,0.0,14865.701,14865.701
2008-05-15,14865.701,0.0,0.0,14865.701,14865.701
2008-05-16,14865.701,0.0,0.0,14865.701,14865.701
2008-05-17,14865.701,0.0,0.0,14865.701,14865.701
2008-05-18,14865.701,0.0,0.0,14865.701,14865.701
2008-05-19,14865.701,0.0,0.0,14865.701,14865.701
2008-05-20,14865.701,0.0,0.0,14865.701,14865.701
2008-05-21,14865.701,0.0,0.0,14865.701,14865.701
2008-05-22,14865.701,0.0,0.0,14865.701,14865.701
2008-05-23,14865.701,0.0,0.0,14865.701,14865.701
2008-05-24,14865.701,0.0,0.0,14865.701,14865.701
2008-05-25,14865.701,0.0,0.0,14865.701,14865.701
2008-05-26,14865.701,0.0,0.0,14865.701,14865.701
2008-05-27,14865.701,0.0,0.0,14865.701,14865.701
2008-05-28,14865.701,0.0,0.0,14865.701,14865.701
2008-05-29,14865.701,0.0,0.0,14865.701,14865.701
2008-05-30,14865.701,0.0,0.0,14865.701,14865.701
2008-05-31,14865.701,0.0,0.0,14865.701,14865.701
2008-06-01,14865.701,0.0,0.0,14865.701,14865.701
2008-06-02,14865.701,0.0,0.0,14865.701,14865.701
2008-06-03,14865.701,0.0,0.0,14865.701,14865.701
2008-06-04,14865.701,0.0,0.0,14865.701,14865.701
2008-06-05,14865.701,0.0,0.0,14865.701,14865.701
2008-06-06,14865.701,0.0,0.0,14865.701,14865.701
2008-06-07,14865.701,0.0,0.0,14865.701,14865.701
2008-06-08,14865.701,0.0,0.0,14865.701,14865.701
2008-06-09,14865.701,0.0,0.0,14865.701,14865.701
2008-06-10,14865.701,0.0,0.0,14865.701,14865.701
2008-06-11,14865.701,0.0,0.0,14865.701,14865.701
2008-06-12,14865.701,0.0,0.0,14865.701,14865.701
2008-06-13,14865.701,0.0,0.0,14865.701,14865.701
2008-06-14,14865.701,0.0,0.0,14865.701,14865.701
2008-06-15,14865.701,0.0,0.0,14865.701,14865.701
2008-06-16,14865.701,0.0,0.0,14865.701,14865.701
2008-06-17,14865.701,0.0,0.0,14865.701,14865.701
2008-06-18,14865.701,0.0,0.0,14865.701,14865.701
2008-06-19,14865.701,0.0,0.0,14865.701,14865.701
2008-06-20,14865.701,0.0,0.0,14865.701,14865.701
2008-06-21,14865.701,0.0,0.0,14865.701,14865.701
2008-06-22,14865.701,0.0,0.0,14865.701,14865.701
2008-06-23,14865.701,0.0,0.0,14865.701,14865.701
2008-06-24,14865.701,0.0,0.0,14865.701,14865.701
2008-06-25,14865.701,0.0,0.0,14865.701,14865.701
2008-06-26,14865.701,0.0,0.0,14865.701,14865.701
2008-06-27,14865.701,0.0,0.0,14865.701,14865.701
2008-06-28,14865.701,0.0,0.0,14865.701,14865.701
2008-06-29,14865.701,0.0,0.0,14865.701,14865.701
2008-06-30,14865.701,0.0,0.0,14865.701,14865.701
2008-07-01,14898.999,33.298000000000684,0.0022399212791917034,14865.701,14865.701
2008-07-02,14898.999,0.0,0.0,14865.701,14865.701
2008-07-03,14898.999,0.0,0.0,14865.701,14865.701
2008-07-04,14898.999,0.0,0.0,14865.701,14865.701
2008-07-05,14898.999,0.0,0.0,14865.701,14865.701
2008-07-06,14898.999,0.0,0.0,14865.701,14865.701
2008-07-07,14898.999,0.0,0.0,14865.701,14865.701
2008-07-08,14898.999,0.0,0.0,14898.999,14865.701
2008-07-09,14898.999,0.0,0.0,14898.999,14865.701
2008-07-10,14898.999,0.0,0.0,14898.999,14865.701
2008-07-11,14898.999,0.0,0.0,14898.999,14865.701
2008-07-12,14898.999,0.0,0.0,14898.999,14865.701
2008-07-13,14898.999,0.0,0.0,14898.999,14865.701
2008-07-14,14898.999,0.0,0.0,14898.999,14865.701
2008-07-15,14898.999,0.0,0.0,14898.999,14865.701
2008-07-16,14898.999,0.0,0.0,14898.999,14865.701
2008-07-17,14898.999,0.0,0.0,14898.999,14865.701
2008-07-18,14898.999,0.0,0.0,14898.999,14865.701
2008-07-19,14898.999,0.0,0.0,14898.999,14865.701
2008-07-20,14898.999,0.0,0.0,14898.999,14865.701
2008-07-21,14898.999,0.0,0.0,14898.999,14865.701
2008-07-22,14898.999,0.0,0.0,14898.999,14865.701
2008-07-23,14898.999,0.0,0.0,14898.999,14865.701
2008-07-24,14898.999,0.0,0.0,14898.999,14865.701
2008-07-25,14898.999,0.0,0.0,14898.999,14865.701
2008-07-26,14898.999,0.0,0.0,14898.999,14865.701
2008-07-27,14898.999,0.0,0.0,14898.999,14865.701
2008-07-28,14898.999,0.0,0.0,14898.999,14865.701
2008-07-29,14898.999,0.0,0.0,14898.999,14865.701
2008-07-30,14898.999,0.0,0.0,14898.999,14865.701
2008-07-31,14898.999,0.0,0.0,14898.999,14898.999
2008-08-01,14898.999,0.0,0.0,14898.999,14898.999
2008-08-02,14898.999,0.0,0.0,14898.999,14898.999
2008-08-03,14898.999,0.0,0.0,14898.999,14898.999
2008-08-04,14898.999,0.0,0.0,14898.999,14898.999
2008-08-05,14898.999,0.0,0.0,14898.999,14898.999
2008-08-06,14898.999,0.0,0.0,14898.999,14898.999
2008-08-07,14898.999,0.0,0.0,14898.999,14898.999
2008-08-08,14898.999,0.0,0.0,14898.999,14898.999
2008-08-09,14898.999,0.0,0.0,14898.999,14898.999
2008-08-10,14898.999,0.0,0.0,14898.999,14898.999
2008-08-11,14898.999,0.0,0.0,14898.999,14898.999
2008-08-12,14898.999,0.0,0.0,14898.999,14898.999
2008-08-13,14898.999,0.0,0.0,14898.999,14898.999
2008-08-14,14898.999,0.0,0.0,14898.999,14898.999
2008-08-15,14898.999,0.0,0.0,14898.999,14898.999
2008-08-16,14898.999,0.0,0.0,14898.999,14898.999
2008-08-17,14898.999,0.0,0.0,14898.999,14898.999
2008-08-18,14898.999,0.0,0.0,14898.999,14898.999
2008-08-19,14898.999,0.0,0.0,14898.999,14898.999
2008-08-20,14898.999,0.0,0.0,14898.999,14898.999
2008-08-21,14898.999,0.0,0.0,14898.999,14898.999
2008-08-22,14898.999,0.0,0.0,14898.999,14898.999
2008-08-23,14898.999,0.0,0.0,14898.999,14898.999
2008-08-24,14898.999,0.0,0.0,14898.999,14898.999
2008-08-25,14898.999,0.0,0.0,14898.999,14898.999
2008-08-26,14898.999,0.0,0.0,14898.999,14898.999
2008-08-27,14898.999,0.0,0.0,14898.999,14898.999
2008-08-28,14898.999,0.0,0.0,14898.999,14898.999
2008-08-29,14898.999,0.0,0.0,14898.999,14898.999
2008-08-30,14898.999,0.0,0.0,14898.999,14898.999
2008-08-31,14898.999,0.0,0.0,14898.999,14898.999
2008-09-01,14898.999,0.0,0.0,14898.999,14898.999
2008-09-02,14898.999,0.0,0.0,14898.999,14898.999
2008-09-03,14898.999,0.0,0.0,14898.999,14898.999
2008-09-04,14898.999,0.0,0.0,14898.999,14898.999
2008-09-05,14898.999,0.0,0.0,14898.999,14898.999
2008-09-06,14898.999,0.0,0.0,14898.999,14898.999
2008-09-07,14898.999,0.0,0.0,14898.999,14898.999
2008-09-08,14898.999,0.0,0.0,14898.999,14898.999
2008-09-09,14898.999,0.0,0.0,14898.999,14898.999
2008-09-10,14898.999,0.0,0.0,14898.999,14898.999
2008-09-11,14898.999,0.0,0.0,14898.999,14898.999
2008-09-12,14898.999,0.0,0.0,14898.999,14898.999
2008-09-13,14898.999,0.0,0.0,14898.999,14898.999
2008-09-14,14898.999,0.0,0.0,14898.999,14898.999
2008-09-15,14898.999,0.0,0.0,14898.999,14898.999
2008-09-16,14898.999,0.0,0.0,14898.999,14898.999
2008-09-17,14898.999,0.0,0.0,14898.999,14898.999
2008-09-18,14898.999,0.0,0.0,14898.999,14898.999
2008-09-19,14898.999,0.0,0.0,14898.999,14898.999
2008-09-20,14898.999,0.0,0.0,14898.999,14898.999
2008-09-21,14898.999,0.0,0.0,14898.999,14898.999
2008-09-22,14898.999,0.0,0.0,14898.999,14898.999
2008-09-23,14898.999,0.0,0.0,14898.999,14898.999
2008-09-24,14898.999,0.0,0.0,14898.999,14898.999
2008-09-25,14898.999,0.0,0.0,14898.999,14898.999
2008-09-26,14898.999,0.0,0.0,14898.999,14898.999
2008-09-27,14898.999,0.0,0.0,14898.999,14898.999
2008-09-28,14898.999,0.0,0.0,14898.999,14898.999
2008-09-29,14898.999,0.0,0.0,14898.999,14898.999
2008-09-30,14898.999,0.0,0.0,14898.999,14898.999
2008-10-01,14608.209,-290.78999999999905,-0.019517418586308954,14898.999,14898.999
2008-10-02,14608.209,0.0,0.0,14898.999,14898.999
2008-10-03,14608.209,0.0,0.0,14898.999,14898.999
2008-10-04,14608.209,0.0,0.0,14898.999,14898.999
2008-10-05,14608.209,0.0,0.0,14898.999,14898.999
2008-10-06,14608.209,0.0,0.0,14898.999,14898.999
2008-10-07,14608.209,0.0,0.0,14898.999,14898.999
2008-10-08,14608.209,0.0,0.0,14608.209,14898.999
2008-10-09,14608.209,0.0,0.0,14608.209,14898.999
2008-10-10,14608.209,0.0,0.0,14608.209,14898.999
2008-10-11,14608.209,0.0,0.0,14608.209,14898.999
2008-10-12,14608.209,0.0,0.0,14608.209,14898.999
2008-10-13,14608.209,0.0,0.0,14608.209,14898.999
2008-10-14,14608.209,0.0,0.0,14608.209,14898.999
2008-10-15,14608.209,0.0,0.0,14608.209,14898.999
2008-10-16,14608.209,0.0,0.0,14608.209,14898.999
2008-10-17,14608.209,0.0,0.0,14608.209,14898.999
2008-10-18,14608.209,0.0,0.0,14608.209,14898.999
2008-10-19,14608.209,0.0,0.0,14608.209,14898.999
2008-10-20,14608.209,0.0,0.0,14608.209,14898.999
2008-10-21,14608.209,0.0,0.0,14608.209,14898.999
2008-10-22,14608.209,0.0,0.0,14608.209,14898.999
2008-10-23,14608.209,0.0,0.0,14608.209,14898.999
2008-10-24,14608.209,0.0,0.0,14608.209,14898.999
2008-10-25,14608.209,0.0,0.0,14608.209,14898.999
2008-10-26,14608.209,0.0,0.0,14608.209,14898.999
2008-10-27,14608.209,0.0,0.0,14608.209,14898.999
2008-10-28,14608.209,0.0,0.0,14608.209,14898.999
2008-10-29,14608.209,0.0,0.0,14608.209,14898.999
2008-10-30,14608.209,0.0,0.0,14608.209,14898.999
2008-10-31,14608.209,0.0,0.0,14608.209,14608.209
2008-11-01,14608.209,0.0,0.0,14608.209,14608.209
2008-11-02,14608.209,0.0,0.0,14608.209,14608.209
2008-11-03,14608.209,0.0,0.0,14608.209,14608.209
2008-11-04,14608.209,0.0,0.0,14608.209,14608.209
2008-11-05,14608.209,0.0,0.0,14608.209,14608.209
2008-11-06,14608.209,0.0,0.0,14608.209,14608.209
2008-11-07,14608.209,0.0,0.0,14608.209,14608.209
2008-11-08,14608.209,0.0,0.0,14608.209,14608.209
2008-11-09,14608.209,0.0,0.0,14608.209,14608.209
2008-11-10,14608.209,0.0,0.0,14608.209,14608.209
2008-11-11,14608.209,0.0,0.0,14608.209,14608.209
2008-11-12,14608.209,0.0,0.0,14608.209,14608.209
2008-11-13,14608.209,0.0,0.0,14608.209,14608.209
2008-11-14,14608.209,0.0,0.0,14608.209,14608.209
2008-11-15,14608.209,0.0,0.0,14608.209,14608.209
2008-11-16,14608.209,0.0,0.0,14608.209,14608.209
2008-11-17,14608.209,0.0,0.0,14608.209,14608.209
2008-11-18,14608.209,0.0,0.0,14608.209,14608.209
2008-11-19,14608.209,0.0,0.0,14608.209,14608.209
2008-11-20,14608.209,0.0,0.0,14608.209,14608.209
2008-11-21,14608.209,0.0,0.0,14608.209,14608.209
2008-11-22,14608.209,0.0,0.0,14608.209,14608.209
2008-11-23,14608.209,0.0,0.0,14608.209,14608.209
2008-11-24,14608.209,0.0,0.0,14608.209,14608.209
2008-11-25,14608.209,0.0,0.0,14608.209,14608.209
2008-11-26,14608.209,0.0,0.0,14608.209,14608.209
2008-11-27,14608.209,0.0,0.0,14608.209,14608.209
2008-11-28,14608.209,0.0,0.0,14608.209,14608.209
2008-11-29,14608.209,0.0,0.0,14608.209,14608.209
2008-11-30,14608.209,0.0,0.0,14608.209,14608.209
2008-12-01,14608.209,0.0,0.0,14608.209,14608.209
2008-12-02,14608.209,0.0,0.0,14608.209,14608.209
2008-12-03,14608.209,0.0,0.0,14608.209,14608.209
2008-12-04,14608.209,0.0,0.0,14608.209,14608.209
2008-12-05,14608.209,0.0,0.0,14608.209,14608.209
2008-12-06,14608.209,0.0,0.0,14608.209,14608.209
2008-12-07,14608.209,0.0,0.0,14608.209,14608.209
2008-12-08,14608.209,0.0,0.0,14608.209,14608.209
2008-12-09,14608.209,0.0,0.0,14608.209,14608.209
2008-12-10,14608.209,0.0,0.0,14608.209,14608.209
2008-12-11,14608.209,0.0,0.0,14608.209,14608.209
2008-12-12,14608.209,0.0,0.0,14608.209,14608.209
2008-12-13,14608.209,0.0,0.0,14608.209,14608.209
2008-12-14,14608.209,0.0,0.0,14608.209,14608.209
2008-12-15,14608.209,0.0,0.0,14608.209,14608.209
2008-12-16,14608.209,0.0,0.0,14608.209,14608.209
2008-12-17,14608.209,0.0,0.0,14608.209,14608.209
2008-12-18,14608.209,0.0,0.0,14608.209,14608.209
2008-12-19,14608.209,0.0,0.0,14608.209,14608.209
2008-12-20,14608.209,0.0,0.0,14608.209,14608.209
2008-12-21,14608.209,0.0,0.0,14608.209,14608.209
2008-12-22,14608.209,0.0,0.0,14608.209,14608.209
2008-12-23,14608.209,0.0,0.0,14608.209,14608.209
2008-12-24,14608.209,0.0,0.0,14608.209,14608.209
2008-12-25,14608.209,0.0,0.0,14608.209,14608.209
2008-12-26,14608.209,0.0,0.0,14608.209,14608.209
2008-12-27,14608.209,0.0,0.0,14608.209,14608.209
2008-12-28,14608.209,0.0,0.0,14608.209,14608.209
2008-12-29,14608.209,0.0,0.0,14608.209,14608.209
2008-12-30,14608.209,0.0,0.0,14608.209,14608.209
2008-12-31,14608.209,0.0,0.0,14608.209,14608.209
2009-01-01,14430.902,-177.3070000000007,-0.012137490639680837,14608.209,14608.209
2009-01-02,14430.902,0.0,0.0,14608.209,14608.209
2009-01-03,14430.902,0.0,0.0,14608.209,14608.209
2009-01-04,14430.902,0.0,0.0,14608.209,14608.209
2009-01-05,14430.902,0.0,0.0,14608.209,14608.209
2009-01-06,14430.902,0.0,0.0,14608.209,14608.209
2009-01-07,14430.902,0.0,0.0,14608.209,14608.209
2009-01-08,14430.902,0.0,0.0,14430.902,14608.209
2009-01-09,14430.902,0.0,0.0,14430.902,14608.209
2009-01-10,14430.902,0.0,0.0,14430.902,14608.209
2009-01-11,14430.902,0.0,0.0,14430.902,14608.209
2009-01-12,14430.902,0.0,0.0,14430.902,14608.209
2009-01-13,14430.902,0.0,0.0,14430.902,14608.209
2009-01-14,14430.902,0.0,0.0,14430.902,14608.209
2009-01-15,14430.902,0.0,0.0,14430.902,14608.209
2009-01-16,14430.902,0.0,0.0,14430.902,14608.209
2009-01-17,14430.902,0.0,0.0,14430.902,14608.209
2009-01-18,14430.902,0.0,0.0,14430.902,14608.209
2009-01-19,14430.902,0.0,0.0,14430.902,14608.209
2009-01-20,14430.902,0.0,0.0,14430.902,14608.209
2009-01-21,14430.902,0.0,0.0,14430.902,14608.209
2009-01-22,14430.902,0.0,0.0,14430.902,14608.209
2009-01-23,14430.902,0.0,0.0,14430.902,14608.209
2009-01-24,14430.902,0.0,0.0,14430.902,14608.209
2009-01-25,14430.902,0.0,0.0,14430.902,14608.209
2009-01-26,14430.902,0.0,0.0,14430.902,14608.209
2009-01-27,14430.902,0.0,0.0,14430.902,14608.209
2009-01-28,14430.902,0.0,0.0,14430.902,14608.209
2009-01-29,14430.902,0.0,0.0,14430.902,14608.209
2009-01-30,14430.902,0.0,0.0,14430.902,14608.209
2009-01-31,14430.902,0.0,0.0,14430.902,14430.902
2009-02-01,14430.902,0.0,0.0,14430.902,14430.902
2009-02-02,14430.902,0.0,0.0,14430.902,14430.902
2009-02-03,14430.902,0.0,0.0,14430.902,14430.902
2009-02-04,14430.902,0.0,0.0,14430.902,14430.902
2009-02-05,14430.902,0.0,0.0,14430.902,14430.902
2009-02-06,14430.902,0.0,0.0,14430.902,14430.902
2009-02-07,14430.902,0.0,0.0,14430.902,14430.902
2009-02-08,14430.902,0.0,0.0,14430.902,14430.902
2009-02-09,14430.902,0.0,0.0,14430.902,14430.902
2009-02-10,14430.902,0.0,0.0,14430.902,14430.902
2009-02-11,14430.902,0.0,0.0,14430.902,14430.902
2009-02-12,14430.902,0.0,0.0,14430.902,14430.902
2009-02-13,14430.902,0.0,0.0,14430.902,14430.902
2009-02-14,14430.902,0.0,0.0,14430.902,14430.902
2009-02-15,14430.902,0.0,0.0,14430.902,14430.902
2009-02-16,14430.902,0.0,0.0,14430.902,14430.902
2009-02-17,14430.902,0.0,0.0,14430.902,14430.902
2009-02-18,14430.902,0.0,0.0,14430.902,14430.902
2009-02-19,14430.902,0.0,0.0,14430.902,14430.902
2009-02-20,14430.902,0.0,0.0,14430.902,14430.902
2009-02-21,14430.902,0.0,0.0,14430.902,14430.902
2009-02-22,14430.902,0.0,0.0,14430.902,14430.902
2009-02-23,14430.902,0.0,0.0,14430.902,14430.902
2009-02-24,14430.902,0.0,0.0,14430.902,14430.902
2009-02-25,14430.902,0.0,0.0,14430.902,14430.902
2009-02-26,14430.902,0.0,0.0,14430.902,14430.902
2009-02-27,14430.902,0.0,0.0,14430.902,14430.902
2009-02-28,14430.902,0.0,0.0,14430.902,14430.902
2009-03-01,14430.902,0.0,0.0,14430.902,14430.902
2009-03-02,14430.902,0.0,0.0,14430.902,14430.902
2009-03-03,14430.902,0.0,0.0,14430.902,14430.902
2009-03-04,14430.902,0.0,0.0,14430.902,14430.902
2009-03-05,14430.902,0.0,0.0,14430.902,14430.902
2009-03-06,14430.902,0.0,0.0,14430.902,14430.902
2009-03-07,14430.902,0.0,0.0,14430.902,14430.902
2009-03-08,14430.902,0.0,0.0,14430.902,14430.902
2009-03-09,14430.902,0.0,0.0,14430.902,14430.902
2009-03-10,14430.902,0.0,0.0,14430.902,14430.902
2009-03-11,14430.902,0.0,0.0,14430.902,14430.902
2009-03-12,14430.902,0.0,0.0,14430.902,14430.902
2009-03-13,14430.902,0.0,0.0,14430.902,14430.902
2009-03-14,14430.902,0.0,0.0,14430.902,14430.902
2009-03-15,14430.902,0.0,0.0,14430.902,14430.902
2009-03-16,14430.902,0.0,0.0,14430.902,14430.902
2009-03-17,14430.902,0.0,0.0,14430.902,14430.902
2009-03-18,14430.902,0.0,0.0,14430.902,14430.902
2009-03-19,14430.902,0.0,0.0,14430.902,14430.902
2009-03-20,14430.902,0.0,0.0,14430.902,14430.902
2009-03-21,14430.902,0.0,0.0,14430.902,14430.902
2009-03-22,14430.902,0.0,0.0,14430.902,14430.902
2009-03-23,14430.902,0.0,0.0,14430.902,14430.902
2009-03-24,14430.902,0.0,0.0,14430.902,14430.902
2009-03-25,14430.902,0.0,0.0,14430.902,14430.902
2009-03-26,14430.902,0.0,0.0,14430.902,14430.902
2009-03-27,14430.902,0.0,0.0,14430.902,14430.902
2009-03-28,14430.902,0.0,0.0,14430.902,14430.902
2009-03-29,14430.902,0.0,0.0,14430.902,14430.902
2009-03-30,14430.902,0.0,0.0,14430.902,14430.902
2009-03-31,14430.902,0.0,0.0,14430.902,14430.902
2009-04-01,14381.236,-49.66599999999926,-0.003441642109412113,14430.902,14430.902
2009-04-02,14381.236,0.0,0.0,14430.902,14430.902
2009-04-03,14381.236,0.0,0.0,14430.902,14430.902
2009-04-04,14381.236,0.0,0.0,14430.902,14430.902
2009-04-05,14381.236,0.0,0.0,14430.902,14430.902
2009-04-06,14381.236,0.0,0.0,14430.902,14430.902
2009-04-07,14381.236,0.0,0.0,14430.902,14430.902
2009-04-08,14381.236,0.0,0.0,14381.236,14430.902
2009-04-09,14381.236,0.0,0.0,14381.236,14430.902
2009-04-10,14381.236,0.0,0.0,14381.236,14430.902
2009-04-11,14381.236,0.0,0.0,14381.236,14430.902
2009-04-12,14381.236,0.0,0.0,14381.236,14430.902
2009-04-13,14381.236,0.0,0.0,14381.236,14430.902
2009-04-14,14381.236,0.0,0.0,14381.236,14430.902
2009-04-15,14381.236,0.0,0.0,14381.236,14430.902
2009-04-16,14381.236,0.0,0.0,14381.236,14430.902
2009-04-17,14381.236,0.0,0.0,14381.236,14430.902
2009-04-18,14381.236,0.0,0.0,14381.236,14430.902
2009-04-19,14381.236,0.0,0.0,14381.236,14430.902
2009-04-20,14381.236,0.0,0.0,14381.236,14430.902
2009-04-21,14381.236,0.0,0.0,14381.236,14430.902
2009-04-22,14381.236,0.0,0.0,14381.236,14430.902
2009-04-23,14381.236,0.0,0.0,14381.236,14430.902
2009-04-24,14381.236,0.0,0.0,14381.236,14430.902
2009-04-25,14381.236,0.0,0.0,14381.236,14430.902
2009-04-26,14381.236,0.0,0.0,14381.236,14430.902
2009-04-27,14381.236,0.0,0.0,14381.236,14430.902
2009-04-28,14381.236,0.0,0.0,14381.236,14430.902
2009-04-29,14381.236,0.0,0.0,14381.236,14430.902
2009-04-30,14381.236,0.0,0.0,14381.236,14430.902
2009-05-01,14381.236,0.0,0.0,14381.236,14381.236
2009-05-02,14381.236,0.0,0.0,14381.236,14381.236
2009-05-03,14381.236,0.0,0.0,14381.236,14381.236
2009-05-04,14381.236,0.0,0.0,14381.236,14381.236
2009-05-05,14381.236,0.0,0.0,14381.236,14381.236
2009-05-06,14381.236,0.0,0.0,14381.236,14381.236
2009-05-07,14381.236,0.0,0.0,14381.236,14381.236
2009-05-08,14381.236,0.0,0.0,14381.236,14381.236
2009-05-09,14381.236,0.0,0.0,14381.236,14381.236
2009-05-10,14381.236,0.0,0.0,14381.236,14381.236
2009-05-11,14381.236,0.0,0.0,14381.236,14381.236
2009-05-12,14381.236,0.0,0.0,14381.236,14381.236
2009-05-13,14381.236,0.0,0.0,14381.236,14381.236
2009-05-14,14381.236,0.0,0.0,14381.236,14381.236
2009-05-15,14381.236,0.0,0.0,14381.236,14381.236
2009-05-16,14381.236,0.0,0.0,14381.236,14381.236
2009-05-17,14381.236,0.0,0.0,14381.236,14381.236
2009-05-18,14381.236,0.0,0.0,14381.236,14381.236
2009-05-19,14381.236,0.0,0.0,14381.236,14381.236
2009-05-20,14381.236,0.0,0.0,14381.236,14381.236
2009-05-21,14381.236,0.0,0.0,14381.236,14381.236
2009-05-22,14381.236,0.0,0.0,14381.236,14381.236
2009-05-23,14381.236,0.0,0.0,14381.236,14381.236
2009-05-24,14381.236,0.0,0.0,14381.236,14381.236
2009-05-25,14381.236,0.0,0.0,14381.236,14381.236
2009-05-26,14381.236,0.0,0.0,14381.236,14381.236
2009-05-27,14381.236,0.0,0.0,14381.236,14381.236
2009-05-28,14381.236,0.0,0.0,14381.236,14381.236
2009-05-29,14381.236,0.0,0.0,14381.236,14381.236
2009-05-30,14381.236,0.0,0.0,14381.236,14381.236
2009-05-31,14381.236,0.0,0.0,14381.236,14381.236
2009-06-01,14381.236,0.0,0.0,14381.236,14381.236
2009-06-02,14381.236,0.0,0.0,14381.236,14381.236
2009-06-03,14381.236,0.0,0.0,14381.236,14381.236
2009-06-04,14381.236,0.0,0.0,14381.236,14381.236
2009-06-05,14381.236,0.0,0.0,14381.236,14381.236
2009-06-06,14381.236,0.0,0.0,14381.236,14381.236
2009-06-07,14381.236,0.0,0.0,14381.236,14381.236
2009-06-08,14381.236,0.0,0.0,14381.236,14381.236
2009-06-09,14381.236,0.0,0.0,14381.236,14381.236
2009-06-10,14381.236,0.0,0.0,14381.236,14381.236
2009-06-11,14381.236,0.0,0.0,14381.236,14381.236
2009-06-12,14381.236,0.0,0.0,14381.236,14381.236
2009-06-13,14381.236,0.0,0.0,14381.236,14381.236
2009-06-14,14381.236,0.0,0.0,14381.236,14381.236
2009-06-15,14381.236,0.0,0.0,14381.236,14381.236
2009-06-16,14381.236,0.0,0.0,14381.236,14381.236
2009-06-17,14381.236,0.0,0.0,14381.236,14381.236
2009-06-18,14381.236,0.0,0.0,14381.236,14381.236
2009-06-19,14381.236,0.0,0.0,14381.236,14381.236
2009-06-20,14381.236,0.0,0.0,14381.236,14381.236
2009-06-21,14381.236,0.0,0.0,14381.236,14381.236
2009-06-22,14381.236,0.0,0.0,14381.236,14381.236
2009-06-23,14381.236,0.0,0.0,14381.236,14381.236
2009-06-24,14381.236,0.0,0.0,14381.236,14381.236
2009-06-25,14381.236,0.0,0.0,14381.236,14381.236
2009-06-26,14381.236,0.0,0.0,14381.236,14381.236
2009-06-27,14381.236,0.0,0.0,14381.236,14381.236
2009-06-28,14381.236,0.0,0.0,14381.236,14381.236
2009-06-29,14381.236,0.0,0.0,14381.236,14381.236
2009-06-30,14381.236,0.0,0.0,14381.236,14381.236
2009-07-01,14448.882,67.64599999999882,0.004703768160121857,14381.236,14381.236
2009-07-02,14448.882,0.0,0.0,14381.236,14381.236
2009-07-03,14448.882,0.0,0.0,14381.236,14381.236
2009-07-04,14448.882,0.0,0.0,14381.236,14381.236
2009-07-05,14448.882,0.0,0.0,14381.236,14381.236
2009-07-06,14448.882,0.0,0.0,14381.236,14381.236
2009-07-07,14448.882,0.0,0.0,14381.236,14381.236
2009-07-08,14448.882,0.0,0.0,14448.882,14381.236
2009-07-09,14448.882,0.0,0.0,14448.882,14381.236
2009-07-10,14448.882,0.0,0.0,14448.882,14381.236
2009-07-11,14448.882,0.0,0.0,14448.882,14381.236
2009-07-12,14448.882,0.0,0.0,14448.882,14381.236
2009-07-13,14448.882,0.0,0.0,14448.882,14381.236
2009-07-14,14448.882,0.0,0.0,14448.882,14381.236
2009-07-15,14448.882,0.0,0.0,14448.882,14381.236
2009-07-16,14448.882,0.0,0.0,14448.882,14381.236
2009-07-17,14448.882,0.0,0.0,14448.882,14381.236
2009-07-18,14448.882,0.0,0.0,14448.882,14381.236
2009-07-19,14448.882,0.0,0.0,14448.882,14381.236
2009-07-20,14448.882,0.0,0.0,14448.882,14381.236
2009-07-21,14448.882,0.0,0.0,14448.882,14381.236
2009-07-22,14448.882,0.0,0.0,14448.882,14381.236
2009-07-23,14448.882,0.0,0.0,14448.882,14381.236
2009-07-24,14448.882,0.0,0.0,14448.882,14381.236
2009-07-25,14448.882,0.0,0.0,14448.882,14381.236
2009-07-26,14448.882,0.0,0.0,14448.882,14381.236
2009-07-27,14448.882,0.0,0.0,14448.882,14381.236
2009-07-28,14448.882,0.0,0.0,14448.882,14381.236
2009-07-29,14448.882,0.0,0.0,14448.882,14381.236
2009-07-30,14448.882,0.0,0.0,14448.882,14381.236
2009-07-31,14448.882,0.0,0.0,14448.882,14448.882
2009-08-01,14448.882,0.0,0.0,14448.882,14448.882
2009-08-02,14448.882,0.0,0.0,14448.882,14448.882
2009-08-03,14448.882,0.0,0.0,14448.882,14448.882
2009-08-04,14448.882,0.0,0.0,14448.882,14448.882
2009-08-05,14448.882,0.0,0.0,14448.882,14448.882
2009-08-06,14448.882,0.0,0.0,14448.882,14448.882
2009-08-07,14448.882,0.0,0.0,14448.882,14448.882
2009-08-08,14448.882,0.0,0.0,14448.882,14448.882
2009-08-09,14448.882,0.0,0.0,14448.882,14448.882
2009-08-10,14448.882,0.0,0.0,14448.882,14448.882
2009-08-11,14448.882,0.0,0.0,14448.882,14448.882
2009-08-12,14448.882,0.0,0.0,14448.882,14448.882
2009-08-13,14448.882,0.0,0.0,14448.882,14448.882
2009-08-14,14448.882,0.0,0.0,14448.882,14448.882
2009-08-15,14448.882,0.0,0.0,14448.882,14448.882
2009-08-16,14448.882,0.0,0.0,14448.882,14448.882
2009-08-17,14448.882,0.0,0.0,14448.882,14448.882
2009-08-18,14448.882,0.0,0.0,14448.882,14448.882
2009-08-19,14448.882,0.0,0.0,14448.882,14448.882
2009-08-20,14448.882,0.0,0.0,14448.882,14448.882
2009-08-21,14448.882,0.0,0.0,14448.882,14448.882
2009-08-22,14448.882,0.0,0.0,14448.882,14448.882
2009-08-23,14448.882,0.0,0.0,14448.882,14448.882
2009-08-24,14448.882,0.0,0.0,14448.882,14448.882
2009-08-25,14448.882,0.0,0.0,14448.882,14448.882
2009-08-26,14448.882,0.0,0.0,14448.882,14448.882
2009-08-27,14448.882,0.0,0.0,14448.882,14448.882
2009-08-28,14448.882,0.0,0.0,14448.882,14448.882
2009-08-29,14448.882,0.0,0.0,14448.882,14448.882
2009-08-30,14448.882,0.0,0.0,14448.882,14448.882
2009-08-31,14448.882,0.0,0.0,14448.882,14448.882
2009-09-01,14448.882,0.0,0.0,14448.882,14448.882
2009-09-02,14448.882,0.0,0.0,14448.882,14448.882
2009-09-03,14448.882,0.0,0.0,14448.882,14448.882
2009-09-04,14448.882,0.0,0.0,14448.882,14448.882
2009-09-05,14448.882,0.0,0.0,14448.882,14448.882
2009-09-06,14448.882,0.0,0.0,14448.882,14448.882
2009-09-07,14448.882,0.0,0.0,14448.882,14448.882
2009-09-08,14448.882,0.0,0.0,14448.882,14448.882
2009-09-09,14448.882,0.0,0.0,14448.882,14448.882
2009-09-10,14448.882,0.0,0.0,14448.882,14448.882
2009-09-11,14448.882,0.0,0.0,14448.882,14448.882
2009-09-12,14448.882,0.0,0.0,14448.882,14448.882
2009-09-13,14448.882,0.0,0.0,14448.882,14448.882
2009-09-14,14448.882,0.0,0.0,14448.882,14448.882
2009-09-15,14448.882,0.0,0.0,14448.882,14448.882
2009-09-16,14448.882,0.0,0.0,14448.882,14448.882
2009-09-17,14448.882,0.0,0.0,14448.882,14448.882
2009-09-18,14448.882,0.0,0.0,14448.882,14448.882
2009-09-19,14448.882,0.0,0.0,14448.882,14448.882
2009-09-20,14448.882,0.0,0.0,14448.882,14448.882
2009-09-21,14448.882,0.0,0.0,14448.882,14448.882
2009-09-22,14448.882,0.0,0.0,14448.882,14448.882
2009-09-23,14448.882,0.0,0.0,14448.882,14448.882
2009-09-24,14448.882,0.0,0.0,14448.882,14448.882
2009-09-25,14448.882,0.0,0.0,14448.882,14448.882
2009-09-26,14448.882,0.0,0.0,14448.882,14448.882
2009-09-27,14448.882,0.0,0.0,14448.882,14448.882
2009-09-28,14448.882,0.0,0.0,14448.882,14448.882
2009-09-29,14448.882,0.0,0.0,14448.882,14448.882
2009-09-30,14448.882,0.0,0.0,14448.882,14448.882
2009-10-01,14651.249,202.3670000000002,0.01400572030417302,14448.882,14448.882
2009-10-02,14651.249,0.0,0.0,14448.882,14448.882
2009-10-03,14651.249,0.0,0.0,14448.882,14448.882
2009-10-04,14651.249,0.0,0.0,14448.882,14448.882
2009-10-05,14651.249,0.0,0.0,14448.882,14448.882
2009-10-06,14651.249,0.0,0.0,14448.882,14448.882
2009-10-07,14651.249,0.0,0.0,14448.882,14448.882
2009-10-08,14651.249,0.0,0.0,14651.249,14448.882
2009-10-09,14651.249,0.0,0.0,14651.249,14448.882
2009-10-10,14651.249,0.0,0.0,14651.249,14448.882
2009-10-11,14651.249,0.0,0.0,14651.249,14448.882
2009-10-12,14651.249,0.0,0.0,14651.249,14448.882
2009-10-13,14651.249,0.0,0.0,14651.249,14448.882
2009-10-14,14651.249,0.0,0.0,14651.249,14448.882
2009-10-15,14651.249,0.0,0.0,14651.249,14448.882
2009-10-16,14651.249,0.0,0.0,14651.249,14448.882
2009-10-17,14651.249,0.0,0.0,14651.249,14448.882
2009-10-18,14651.249,0.0,0.0,14651.249,14448.882
2009-10-19,14651.249,0.0,0.0,14651.249,14448.882
2009-10-20,14651.249,0.0,0.0,14651.249,14448.882
2009-10-21,14651.249,0.0,0.0,14651.249,14448.882
2009-10-22,14651.249,0.0,0.0,14651.249,14448.882
2009-10-23,14651.249,0.0,0.0,14651.249,14448.882
2009-10-24,14651.249,0.0,0.0,14651.249,14448.882
2009-10-25,14651.249,0.0,0.0,14651.249,14448.882
2009-10-26,14651.249,0.0,0.0,14651.249,14448.882
2009-10-27,14651.249,0.0,0.0,14651.249,14448.882
2009-10-28,14651.249,0.0,0.0,14651.249,14448.882
2009-10-29,14651.249,0.0,0.0,14651.249,14448.882
2009-10-30,14651.249,0.0,0.0,14651.249,14448.882
2009-10-31,14651.249,0.0,0.0,14651.249,14651.249
2009-11-01,14651.249,0.0,0.0,14651.249,14651.249
2009-11-02,14651.249,0.0,0.0,14651.249,14651.249
2009-11-03,14651.249,0.0,0.0,14651.249,14651.249
2009-11-04,14651.249,0.0,0.0,14651.249,14651.249
2009-11-05,14651.249,0.0,0.0,14651.249,14651.249
2009-11-06,14651.249,0.0,0.0,14651.249,14651.249
2009-11-07,14651.249,0.0,0.0,14651.249,14651.249
2009-11-08,14651.249,0.0,0.0,14651.249,14651.249
2009-11-09,14651.249,0.0,0.0,14651.249,14651.249
2009-11-10,14651.249,0.0,0.0,14651.249,14651.249
2009-11-11,14651.249,0.0,0.0,14651.249,14651.249
2009-11-12,14651.249,0.0,0.0,14651.249,14651.249
2009-11-13,14651.249,0.0,0.0,14651.249,14651.249
2009-11-14,14651.249,0.0,0.0,14651.249,14651.249
2009-11-15,14651.249,0.0,0.0,14651.249,14651.249
2009-11-16,14651.249,0.0,0.0,14651.249,14651.249
2009-11-17,14651.249,0.0,0.0,14651.249,14651.249
2009-11-18,14651.249,0.0,0.0,14651.249,14651.249
2009-11-19,14651.249,0.0,0.0,14651.249,14651.249
2009-11-20,14651.249,0.0,0.0,14651.249,14651.249
2009-11-21,14651.249,0.0,0.0,14651.249,14651.249
2009-11-22,14651.249,0.0,0.0,14651.249,14651.249
2009-11-23,14651.249,0.0,0.0,14651.249,14651.249
2009-11-24,14651.249,0.0,0.0,14651.249,14651.249
2009-11-25,14651.249,0.0,0.0,14651.249,14651.249
2009-11-26,14651.249,0.0,0.0,14651.249,14651.249
2009-11-27,14651.249,0.0,0.0,14651.249,14651.249
2009-11-28,14651.249,0.0,0.0,14651.249,14651.249
2009-11-29,14651.249,0.0,0.0,14651.249,14651.249
2009-11-30,14651.249,0.0,0.0,14651.249,14651.249
2009-12-01,14651.249,0.0,0.0,14651.249,14651.249
2009-12-02,14651.249,0.0,0.0,14651.249,14651.249
2009-12-03,14651.249,0.0,0.0,14651.249,14651.249
2009-12-04,14651.249,0.0,0.0,14651.249,14651.249
2009-12-05,14651.249,0.0,0.0,14651.249,14651.249
2009-12-06,14651.249,0.0,0.0,14651.249,14651.249
2009-12-07,14651.249,0.0,0.0,14651.249,14651.249
2009-12-08,14651.249,0.0,0.0,14651.249,14651.249
2009-12-09,14651.249,0.0,0.0,14651.249,14651.249
2009-12-10,14651.249,0.0,0.0,14651.249,14651.249
2009-12-11,14651.249,0.0,0.0,14651.249,14651.249
2009-12-12,14651.249,0.0,0.0,14651.249,14651.249
2009-12-13,14651.249,0.0,0.0,14651.249,14651.249
2009-12-14,14651.249,0.0,0.0,14651.249,14651.249
2009-12-15,14651.249,0.0,0.0,14651.249,14651.249
2009-12-16,14651.249,0.0,0.0,14651.249,14651.249
2009-12-17,14651.249,0.0,0.0,14651.249,14651.249
2009-12-18,14651.249,0.0,0.0,14651.249,14651.249
2009-12-19,14651.249,0.0,0.0,14651.249,14651.249
2009-12-20,14651.249,0.0,0.0,14651.249,14651.249
2009-12-21,14651.249,0.0,0.0,14651.249,14651.249
2009-12-22,14651.249,0.0,0.0,14651.249,14651.249
2009-12-23,14651.249,0.0,0.0,14651.249,14651.249
2009-12-24,14651.249,0.0,0.0,14651.249,14651.249
2009-12-25,14651.249,0.0,0.0,14651.249,14651.249
2009-12-26,14651.249,0.0,0.0,14651.249,14651.249
2009-12-27,14651.249,0.0,0.0,14651.249,14651.249
2009-12-28,14651.249,0.0,0.0,14651.249,14651.249
2009-12-29,14651.249,0.0,0.0,14651.249,14651.249
2009-12-30,14651.249,0.0,0.0,14651.249,14651.249
2009-12-31,14651.249,0.0,0.0,14651.249,14651.249
2010-01-01,14764.61,113.36100000000079,0.007737292568026133,14651.249,14651.249
2010-01-02,14764.61,0.0,0.0,14651.249,14651.249
2010-01-03,14764.61,0.0,0.0,14651.249,14651.249
2010-01-04,14764.61,0.0,0.0,14651.249,14651.249
2010-01-05,14764.61,0.0,0.0,14651.249,14651.249
2010-01-06,14764.61,0.0,0.0,14651.249,14651.249
2010-01-07,14764.61,0.0,0.0,14651.249,14651.249
2010-01-08,14764.61,0.0,0.0,14764.61,14651.249
2010-01-09,14764.61,0.0,0.0,14764.61,14651.249
2010-01-10,14764.61,0.0,0.0,14764.61,14651.249
2010-01-11,14764.61,0.0,0.0,14764.61,14651.249
2010-01-12,14764.61,0.0,0.0,14764.61,14651.249
2010-01-13,14764.61,0.0,0.0,14764.61,14651.249
2010-01-14,14764.61,0.0,0.0,14764.61,14651.249
2010-01-15,14764.61,0.0,0.0,14764.61,14651.249
2010-01-16,14764.61,0.0,0.0,14764.61,14651.249
2010-01-17,14764.61,0.0,0.0,14764.61,14651.249
2010-01-18,14764.61,0.0,0.0,14764.61,14651.249
2010-01-19,14764.61,0.0,0.0,14764.61,14651.249
2010-01-20,14764.61,0.0,0.0,14764.61,14651.249
2010-01-21,14764.61,0.0,0.0,14764.61,14651.249
2010-01-22,14764.61,0.0,0.0,14764.61,14651.249
2010-01-23,14764.61,0.0,0.0,14764.61,14651.249
2010-01-24,14764.61,0.0,0.0,14764.61,14651.249
2010-01-25,14764.61,0.0,0.0,14764.61,14651.249
2010-01-26,14764.61,0.0,0.0,14764.61,14651.249
2010-01-27,14764.61,0.0,0.0,14764.61,14651.249
2010-01-28,14764.61,0.0,0.0,14764.61,14651.249
2010-01-29,14764.61,0.0,0.0,14764.61,14651.249
2010-01-30,14764.61,0.0,0.0,14764.61,14651.249
2010-01-31,14764.61,0.0,0.0,14764.61,14764.61
2010-02-01,14764.61,0.0,0.0,14764.61,14764.61
2010-02-02,14764.61,0.0,0.0,14764.61,14764.61
2010-02-03,14764.61,0.0,0.0,14764.61,14764.61
2010-02-04,14764.61,0.0,0.0,14764.61,14764.61
2010-02-05,14764.61,0.0,0.0,14764.61,14764.61
2010-02-06,14764.61,0.0,0.0,14764.61,14764.61
2010-02-07,14764.61,0.0,0.0,14764.61,14764.61
2010-02-08,14764.61,0.0,0.0,14764.61,14764.61
2010-02-09,14764.61,0.0,0.0,14764.61,14764.61
2010-02-10,14764.61,0.0,0.0,14764.61,14764.61
2010-02-11,14764.61,0.0,0.0,14764.61,14764.61
2010-02-12,14764.61,0.0,0.0,14764.61,14764.61
2010-02-13,14764.61,0.0,0.0,14764.61,14764.61
2010-02-14,14764.61,0.0,0.0,14764.61,14764.61
2010-02-15,14764.61,0.0,0.0,14764.61,14764.61
2010-02-16,14764.61,0.0,0.0,14764.61,14764.61
2010-02-17,14764.61,0.0,0.0,14764.61,14764.61
2010-02-18,14764.61,0.0,0.0,14764.61,14764.61
2010-02-19,14764.61,0.0,0.0,14764.61,14764.61
2010-02-20,14764.61,0.0,0.0,14764.61,14764.61
2010-02-21,14764.61,0.0,0.0,14764.61,14764.61
2010-02-22,14764.61,0.0,0.0,14764.61,14764.61
2010-02-23,14764.61,0.0,0.0,14764.61,14764.61
2010-02-24,14764.61,0.0,0.0,14764.61,14764.61
2010-02-25,14764.61,0.0,0.0,14764.61,14764.61
2010-02-26,14764.61,0.0,0.0,14764.61,14764.61
2010-02-27,14764.61,0.0,0.0,14764.61,14764.61
2010-02-28,14764.61,0.0,0.0,14764.61,14764.61
2010-03-01,14764.61,0.0,0.0,14764.61,14764.61
2010-03-02,14764.61,0.0,0.0,14764.61,14764.61
2010-03-03,14764.61,0.0,0.0,14764.61,14764.61
2010-03-04,14764.61,0.0,0.0,14764.61,14764.61
2010-03-05,14764.61,0.0,0.0,14764.61,14764.61
2010-03-06,14764.61,0.0,0.0,14764.61,14764.61
2010-03-07,14764.61,0.0,0.0,14764.61,14764.61
2010-03-08,14764.61,0.0,0.0,14764.61,14764.61
2010-03-09,14764.61,0.0,0.0,14764.61,14764.61
2010-03-10,14764.61,0.0,0.0,14764.61,14764.61
2010-03-11,14764.61,0.0,0.0,14764.61,14764.61
2010-03-12,14764.61,0.0,0.0,14764.61,14764.61
2010-03-13,14764.61,0.0,0.0,14764.61,14764.61
2010-03-14,14764.61,0.0,0.0,14764.61,14764.61
2010-03-15,14764.61,0.0,0.0,14764.61,14764.61
2010-03-16,14764.61,0.0,0.0,14764.61,14764.61
2010-03-17,14764.61,0.0,0.0,14764.61,14764.61
2010-03-18,14764.61,0.0,0.0,14764.61,14764.61
2010-03-19,14764.61,0.0,0.0,14764.61,14764.61
2010-03-20,14764.61,0.0,0.0,14764.61,14764.61
2010-03-21,14764.61,0.0,0.0,14764.61,14764.61
2010-03-22,14764.61,0.0,0.0,14764.61,14764.61
2010-03-23,14764.61,0.0,0.0,14764.61,14764.61
2010-03-24,14764.61,0.0,0.0,14764.61,14764.61
2010-03-25,14764.61,0.0,0.0,14764.61,14764.61
2010-03-26,14764.61,0.0,0.0,14764.61,14764.61
2010-03-27,14764.61,0.0,0.0,14764.61,14764.61
2010-03-28,14764.61,0.0,0.0,14764.61,14764.61
2010-03-29,14764.61,0.0,0.0,14764.61,14764.61
2010-03-30,14764.61,0.0,0.0,14764.61,14764.61
2010-03-31,14764.61,0.0,0.0,14764.61,14764.61
2010-04-01,14980.193,215.58299999999872,0.014601333865235766,14764.61,14764.61
2010-04-02,14980.193,0.0,0.0,14764.61,14764.61
2010-04-03,14980.193,0.0,0.0,14764.61,14764.61
2010-04-04,14980.193,0.0,0.0,14764.61,14764.61
2010-04-05,14980.193,0.0,0.0,14764.61,14764.61
2010-04-06,14980.193,0.0,0.0,14764.61,14764.61
2010-04-07,14980.193,0.0,0.0,14764.61,14764.61
2010-04-08,14980.193,0.0,0.0,14980.193,14764.61
2010-04-09,14980.193,0.0,0.0,14980.193,14764.61
2010-04-10,14980.193,0.0,0.0,14980.193,14764.61
2010-04-11,14980.193,0.0,0.0,14980.193,14764.61
2010-04-12,14980.193,0.0,0.0,14980.193,14764.61
2010-04-13,14980.193,0.0,0.0,14980.193,14764.61
2010-04-14,14980.193,0.0,0.0,14980.193,14764.61
2010-04-15,14980.193,0.0,0.0,14980.193,14764.61
2010-04-16,14980.193,0.0,0.0,14980.193,14764.61
2010-04-17,14980.193,0.0,0.0,14980.193,14764.61
2010-04-18,14980.193,0.0,0.0,14980.193,14764.61
2010-04-19,14980.193,0.0,0.0,14980.193,14764.61
2010-04-20,14980.193,0.0,0.0,14980.193,14764.61
2010-04-21,14980.193,0.0,0.0,14980.193,14764.61
2010-04-22,14980.193,0.0,0.0,14980.193,14764.61
2010-04-23,14980.193,0.0,0.0,14980.193,14764.61
2010-04-24,14980.193,0.0,0.0,14980.193,14764.61
2010-04-25,14980.193,0.0,0.0,14980.193,14764.61
2010-04-26,14980.193,0.0,0.0,14980.193,14764.61
2010-04-27,14980.193,0.0,0.0,14980.193,14764.61
2010-04-28,14980.193,0.0,0.0,14980.193,14764.61
2010-04-29,14980.193,0.0,0.0,14980.193,14764.61
2010-04-30,14980.193,0.0,0.0,14980.193,14764.61
2010-05-01,14980.193,0.0,0.0,14980.193,14980.193
2010-05-02,14980.193,0.0,0.0,14980.193,14980.193
2010-05-03,14980.193,0.0,0.0,14980.193,14980.193
2010-05-04,14980.193,0.0,0.0,14980.193,14980.193
2010-05-05,14980.193,0.0,0.0,14980.193,14980.193
2010-05-06,14980.193,0.0,0.0,14980.193,14980.193
2010-05-07,14980.193,0.0,0.0,14980.193,14980.193
2010-05-08,14980.193,0.0,0.0,14980.193,14980.193
2010-05-09,14980.193,0.0,0.0,14980.193,14980.193
2010-05-10,14980.193,0.0,0.0,14980.193,14980.193
2010-05-11,14980.193,0.0,0.0,14980.193,14980.193
2010-05-12,14980.193,0.0,0.0,14980.193,14980.193
2010-05-13,14980.193,0.0,0.0,14980.193,14980.193
2010-05-14,14980.193,0.0,0.0,14980.193,14980.193
2010-05-15,14980.193,0.0,0.0,14980.193,14980.193
2010-05-16,14980.193,0.0,0.0,14980.193,14980.193
2010-05-17,14980.193,0.0,0.0,14980.193,14980.193
2010-05-18,14980.193,0.0,0.0,14980.193,14980.193
2010-05-19,14980.193,0.0,0.0,14980.193,14980.193
2010-05-20,14980.193,0.0,0.0,14980.193,14980.193
2010-05-21,14980.193,0.0,0.0,14980.193,14980.193
2010-05-22,14980.193,0.0,0.0,14980.193,14980.193
2010-05-23,14980.193,0.0,0.0,14980.193,14980.193
2010-05-24,14980.193,0.0,0.0,14980.193,14980.193
2010-05-25,14980.193,0.0,0.0,14980.193,14980.193
2010-05-26,14980.193,0.0,0.0,14980.193,14980.193
2010-05-27,14980.193,0.0,0.0,14980.193,14980.193
2010-05-28,14980.193,0.0,0.0,14980.193,14980.193
2010-05-29,14980.193,0.0,0.0,14980.193,14980.193
2010-05-30,14980.193,0.0,0.0,14980.193,14980.193
2010-05-31,14980.193,0.0,0.0,14980.193,14980.193
2010-06-01,14980.193,0.0,0.0,14980.193,14980.193
2010-06-02,14980.193,0.0,0.0,14980.193,14980.193
2010-06-03,14980.193,0.0,0.0,14980.193,14980.193
2010-06-04,14980.193,0.0,0.0,14980.193,14980.193
2010-06-05,14980.193,0.0,0.0,14980.193,14980.193
2010-06-06,14980.193,0.0,0.0,14980.193,14980.193
2010-06-07,14980.193,0.0,0.0,14980.193,14980.193
2010-06-08,14980.193,0.0,0.0,14980.193,14980.193
2010-06-09,14980.193,0.0,0.0,14980.193,14980.193
2010-06-10,14980.193,0.0,0.0,14980.193,14980.193
2010-06-11,14980.193,0.0,0.0,14980.193,14980.193
2010-06-12,14980.193,0.0,0.0,14980.193,14980.193
2010-06-13,14980.193,0.0,0.0,14980.193,14980.193
2010-06-14,14980.193,0.0,0.0,14980.193,14980.193
2010-06-15,14980.193,0.0,0.0,14980.193,14980.193
2010-06-16,14980.193,0.0,0.0,14980.193,14980.193
2010-06-17,14980.193,0.0,0.0,14980.193,14980.193
2010-06-18,14980.193,0.0,0.0,14980.193,14980.193
2010-06-19,14980.193,0.0,0.0,14980.193,14980.193
2010-06-20,14980.193,0.0,0.0,14980.193,14980.193
2010-06-21,14980.193,0.0,0.0,14980.193,14980.193
2010-06-22,14980.193,0.0,0.0,14980.193,14980.193
2010-06-23,14980.193,0.0,0.0,14980.193,14980.193
2010-06-24,14980.193,0.0,0.0,14980.193,14980.193
2010-06-25,14980.193,0.0,0.0,14980.193,14980.193
2010-06-26,14980.193,0.0,0.0,14980.193,14980.193
2010-06-27,14980.193,0.0,0.0,14980.193,14980.193
2010-06-28,14980.193,0.0,0.0,14980.193,14980.193
2010-06-29,14980.193,0.0,0.0,14980.193,14980.193
2010-06-30,14980.193,0.0,0.0,14980.193,14980.193
2010-07-01,15141.607,161.41400000000067,0.01077516157502112,14980.193,14980.193
2010-07-02,15141.607,0.0,0.0,14980.193,14980.193
2010-07-03,15141.607,0.0,0.0,14980.193,14980.193
2010-07-04,15141.607,0.0,0.0,14980.193,14980.193
2010-07-05,15141.607,0.0,0.0,14980.193,14980.193
2010-07-06,15141.607,0.0,0.0,14980.193,14980.193
2010-07-07,15141.607,0.0,0.0,14980.193,14980.193
2010-07-08,15141.607,0.0,0.0,15141.607,14980.193
2010-07-09,15141.607,0.0,0.0,15141.607,14980.193
2010-07-10,15141.607,0.0,0.0,15141.607,14980.193
2010-07-11,15141.607,0.0,0.0,15141.607,14980.193
2010-07-12,15141.607,0.0,0.0,15141.607,14980.193
2010-07-13,15141.607,0.0,0.0,15141.607,14980.193
2010-07-14,15141.607,0.0,0.0,15141.607,14980.193
2010-07-15,15141.607,0.0,0.0,15141.607,14980.193
2010-07-16,15141.607,0.0,0.0,15141.607,14980.193
2010-07-17,15141.607,0.0,0.0,15141.607,14980.193
2010-07-18,15141.607,0.0,0.0,15141.607,14980.193
2010-07-19,15141.607,0.0,0.0,15141.607,14980.193
2010-07-20,15141.607,0.0,0.0,15141.607,14980.193
2010-07-21,15141.607,0.0,0.0,15141.607,14980.193
2010-07-22,15141.607,0.0,0.0,15141.607,14980.193
2010-07-23,15141.607,0.0,0.0,15141.607,14980.193
2010-07-24,15141.607,0.0,0.0,15141.607,14980.193
2010-07-25,15141.607,0.0,0.0,15141.607,14980.193
2010-07-26,15141.607,0.0,0.0,15141.607,14980.193
2010-07-27,15141.607,0.0,0.0,15141.607,14980.193
2010-07-28,15141.607,0.0,0.0,15141.607,14980.193
2010-07-29,15141.607,0.0,0.0,15141.607,14980.193
2010-07-30,15141.607,0.0,0.0,15141.607,14980.193
2010-07-31,15141.607,0.0,0.0,15141.607,15141.607
2010-08-01,15141.607,0.0,0.0,15141.607,15141.607
2010-08-02,15141.607,0.0,0.0,15141.607,15141.607
2010-08-03,15141.607,0.0,0.0,15141.607,15141.607
2010-08-04,15141.607,0.0,0.0,15141.607,15141.607
2010-08-05,15141.607,0.0,0.0,15141.607,15141.607
2010-08-06,15141.607,0.0,0.0,15141.607,15141.607
2010-08-07,15141.607,0.0,0.0,15141.607,15141.607
2010-08-08,15141.607,0.0,0.0,15141.607,15141.607
2010-08-09,15141.607,0.0,0.0,15141.607,15141.607
2010-08-10,15141.607,0.0,0.0,15141.607,15141.607
2010-08-11,15141.607,0.0,0.0,15141.607,15141.607
2010-08-12,15141.607,0.0,0.0,15141.607,15141.607
2010-08-13,15141.607,0.0,0.0,15141.607,15141.607
2010-08-14,15141.607,0.0,0.0,15141.607,15141.607
2010-08-15,15141.607,0.0,0.0,15141.607,15141.607
2010-08-16,15141.607,0.0,0.0,15141.607,15141.607
2010-08-17,15141.607,0.0,0.0,15141.607,15141.607
2010-08-18,15141.607,0.0,0.0,15141.607,15141.607
2010-08-19,15141.607,0.0,0.0,15141.607,15141.607
2010-08-20,15141.607,0.0,0.0,15141.607,15141.607
2010-08-21,15141.607,0.0,0.0,15141.607,15141.607
2010-08-22,15141.607,0.0,0.0,15141.607,15141.607
2010-08-23,15141.607,0.0,0.0,15141.607,15141.607
2010-08-24,15141.607,0.0,0.0,15141.607,15141.607
2010-08-25,15141.607,0.0,0.0,15141.607,15141.607
2010-08-26,15141.607,0.0,0.0,15141.607,15141.607
2010-08-27,15141.607,0.0,0.0,15141.607,15141.607
2010-08-28,15141.607,0.0,0.0,15141.607,15141.607
2010-08-29,15141.607,0.0,0.0,15141.607,15141.607
2010-08-30,15141.607,0.0,0.0,15141.607,15141.607
2010-08-31,15141.607,0.0,0.0,15141.607,15141.607
2010-09-01,15141.607,0.0,0.0,15141.607,15141.607
2010-09-02,15141.607,0.0,0.0,15141.607,15141.607
2010-09-03,15141.607,0.0,0.0,15141.607,15141.607
2010-09-04,15141.607,0.0,0.0,15141.607,15141.607
2010-09-05,15141.607,0.0,0.0,15141.607,15141.607
2010-09-06,15141.607,0.0,0.0,15141.607,15141.607
2010-09-07,15141.607,0.0,0.0,15141.607,15141.607
2010-09-08,15141.607,0.0,0.0,15141.607,15141.607
2010-09-09,15141.607,0.0,0.0,15141.607,15141.607
2010-09-10,15141.607,0.0,0.0,15141.607,15141.607
2010-09-11,15141.607,0.0,0.0,15141.607,15141.607
2010-09-12,15141.607,0.0,0.0,15141.607,15141.607
2010-09-13,15141.607,0.0,0.0,15141.607,15141.607
2010-09-14,15141.607,0.0,0.0,15141.607,15141.607
2010-09-15,15141.607,0.0,0.0,15141.607,15141.607
2010-09-16,15141.607,0.0,0.0,15141.607,15141.607
2010-09-17,15141.607,0.0,0.0,15141.607,15141.607
2010-09-18,15141.607,0.0,0.0,15141.607,15141.607
2010-09-19,15141.607,0.0,0.0,15141.607,15141.607
2010-09-20,15141.607,0.0,0.0,15141.607,15141.607
2010-09-21,15141.607,0.0,0.0,15141.607,15141.607
2010-09-22,15141.607,0.0,0.0,15141.607,15141.607
2010-09-23,15141.607,0.0,0.0,15141.607,15141.607
2010-09-24,15141.607,0.0,0.0,15141.607,15141.607
2010-09-25,15141.607,0.0,0.0,15141.607,15141.607
2010-09-26,15141.607,0.0,0.0,15141.607,15141.607
2010-09-27,15141.607,0.0,0.0,15141.607,15141.607
2010-09-28,15141.607,0.0,0.0,15141.607,15141.607
2010-09-29,15141.607,0.0,0.0,15141.607,15141.607
2010-09-30,15141.607,0.0,0.0,15141.607,15141.607
2010-10-01,15309.474,167.8670000000002,0.01108647186523859,15141.607,15141.607
2010-10-02,15309.474,0.0,0.0,15141.607,15141.607
2010-10-03,15309.474,0.0,0.0,15141.607,15141.607
2010-10-04,15309.474,0.0,0.0,15141.607,15141.607
2010-10-05,15309.474,0.0,0.0,15141.607,15141.607
2010-10-06,15309.474,0.0,0.0,15141.607,15141.607
2010-10-07,15309.474,0.0,0.0,15141.607,15141.607
2010-10-08,15309.474,0.0,0.0,15309.474,15141.607
2010-10-09,15309.474,0.0,0.0,15309.474,15141.607
2010-10-10,15309.474,0.0,0.0,15309.474,15141.607
2010-10-11,15309.474,0.0,0.0,15309.474,15141.607
2010-10-12,15309.474,0.0,0.0,15309.474,15141.607
2010-10-13,15309.474,0.0,0.0,15309.474,15141.607
2010-10-14,15309.474,0.0,0.0,15309.474,15141.607
2010-10-15,15309.474,0.0,0.0,15309.474,15141.607
2010-10-16,15309.474,0.0,0.0,15309.474,15141.607
2010-10-17,15309.474,0.0,0.0,15309.474,15141.607
2010-10-18,15309.474,0.0,0.0,15309.474,15141.607
2010-10-19,15309.474,0.0,0.0,15309.474,15141.607
2010-10-20,15309.474,0.0,0.0,15309.474,15141.607
2010-10-21,15309.474,0.0,0.0,15309.474,15141.607
2010-10-22,15309.474,0.0,0.0,15309.474,15141.607
2010-10-23,15309.474,0.0,0.0,15309.474,15141.607
2010-10-24,15309.474,0.0,0.0,15309.474,15141.607
2010-10-25,15309.474,0.0,0.0,15309.474,15141.607
2010-10-26,15309.474,0.0,0.0,15309.474,15141.607
2010-10-27,15309.474,0.0,0.0,15309.474,15141.607
2010-10-28,15309.474,0.0,0.0,15309.474,15141.607
2010-10-29,15309.474,0.0,0.0,15309.474,15141.607
2010-10-30,15309.474,0.0,0.0,15309.474,15141.607
2010-10-31,15309.474,0.0,0.0,15309.474,15309.474
2010-11-01,15309.474,0.0,0.0,15309.474,15309.474
2010-11-02,15309.474,0.0,0.0,15309.474,15309.474
2010-11-03,15309.474,0.0,0.0,15309.474,15309.474
2010-11-04,15309.474,0.0,0.0,15309.474,15309.474
2010-11-05,15309.474,0.0,0.0,15309.474,15309.474
2010-11-06,15309.474,0.0,0.0,15309.474,15309.474
2010-11-07,15309.474,0.0,0.0,15309.474,15309.474
2010-11-08,15309.474,0.0,0.0,15309.474,15309.474
2010-11-09,15309.474,0.0,0.0,15309.474,15309.474
2010-11-10,15309.474,0.0,0.0,15309.474,15309.474
2010-11-11,15309.474,0.0,0.0,15309.474,15309.474
2010-11-12,15309.474,0.0,0.0,15309.474,15309.474
2010-11-13,15309.474,0.0,0.0,15309.474,15309.474
2010-11-14,15309.474,0.0,0.0,15309.474,15309.474
2010-11-15,15309.474,0.0,0.0,15309.474,15309.474
2010-11-16,15309.474,0.0,0.0,15309.474,15309.474
2010-11-17,15309.474,0.0,0.0,15309.474,15309.474
2010-11-18,15309.474,0.0,0.0,15309.474,15309.474
2010-11-19,15309.474,0.0,0.0,15309.474,15309.474
2010-11-20,15309.474,0.0,0.0,15309.474,15309.474
2010-11-21,15309.474,0.0,0.0,15309.474,15309.474
2010-11-22,15309.474,0.0,0.0,15309.474,15309.474
2010-11-23,15309.474,0.0,0.0,15309.474,15309.474
2010-11-24,15309.474,0.0,0.0,15309.474,15309.474
2010-11-25,15309.474,0.0,0.0,15309.474,15309.474
2010-11-26,15309.474,0.0,0.0,15309.474,15309.474
2010-11-27,15309.474,0.0,0.0,15309.474,15309.474
2010-11-28,15309.474,0.0,0.0,15309.474,15309.474
2010-11-29,15309.474,0.0,0.0,15309.474,15309.474
2010-11-30,15309.474,0.0,0.0,15309.474,15309.474
2010-12-01,15309.474,0.0,0.0,15309.474,15309.474
2010-12-02,15309.474,0.0,0.0,15309.474,15309.474
2010-12-03,15309.474,0.0,0.0,15309.474,15309.474
2010-12-04,15309.474,0.0,0.0,15309.474,15309.474
2010-12-05,15309.474,0.0,0.0,15309.474,15309.474
2010-12-06,15309.474,0.0,0.0,15309.474,15309.474
2010-12-07,15309.474,0.0,0.0,15309.474,15309.474
2010-12-08,15309.474,0.0,0.0,15309.474,15309.474
2010-12-09,15309.474,0.0,0.0,15309.474,15309.474
2010-12-10,15309.474,0.0,0.0,15309.474,15309.474
2010-12-11,15309.474,0.0,0.0,15309.474,15309.474
2010-12-12,15309.474,0.0,0.0,15309.474,15309.474
2010-12-13,15309.474,0.0,0.0,15309.474,15309.474
2010-12-14,15309.474,0.0,0.0,15309.474,15309.474
2010-12-15,15309.474,0.0,0.0,15309.474,15309.474
2010-12-16,15309.474,0.0,0.0,15309.474,15309.474
2010-12-17,15309.474,0.0,0.0,15309.474,15309.474
2010-12-18,15309.474,0.0,0.0,15309.474,15309.474
2010-12-19,15309.474,0.0,0.0,15309.474,15309.474
2010-12-20,15309.474,0.0,0.0,15309.474,15309.474
2010-12-21,15309.474,0.0,0.0,15309.474,15309.474
2010-12-22,15309.474,0.0,0.0,15309.474,15309.474
2010-12-23,15309.474,0.0,0.0,15309.474,15309.474
2010-12-24,15309.474,0.0,0.0,15309.474,15309.474
2010-12-25,15309.474,0.0,0.0,15309.474,15309.474
2010-12-26,15309.474,0.0,0.0,15309.474,15309.474
2010-12-27,15309.474,0.0,0.0,15309.474,15309.474
2010-12-28,15309.474,0.0,0.0,15309.474,15309.474
2010-12-29,15309.474,0.0,0.0,15309.474,15309.474
2010-12-30,15309.474,0.0,0.0,15309.474,15309.474
2010-12-31,15309.474,0.0,0.0,15309.474,15309.474
2011-01-01,15351.448,41.97400000000016,0.00274170098855131,15309.474,15309.474
2011-01-02,15351.448,0.0,0.0,15309.474,15309.474
2011-01-03,15351.448,0.0,0.0,15309.474,15309.474
2011-01-04,15351.448,0.0,0.0,15309.474,15309.474
2011-01-05,15351.448,0.0,0.0,15309.474,15309.474
2011-01-06,15351.448,0.0,0.0,15309.474,15309.474
2011-01-07,15351.448,0.0,0.0,15309.474,15309.474
2011-01-08,15351.448,0.0,0.0,15351.448,15309.474
2011-01-09,15351.448,0.0,0.0,15351.448,15309.474
2011-01-10,15351.448,0.0,0.0,15351.448,15309.474
2011-01-11,15351.448,0.0,0.0,15351.448,15309.474
2011-01-12,15351.448,0.0,0.0,15351.448,15309.474
2011-01-13,15351.448,0.0,0.0,15351.448,15309.474
2011-01-14,15351.448,0.0,0.0,15351.448,15309.474
2011-01-15,15351.448,0.0,0.0,15351.448,15309.474
2011-01-16,15351.448,0.0,0.0,15351.448,15309.474
2011-01-17,15351.448,0.0,0.0,15351.448,15309.474
2011-01-18,15351.448,0.0,0.0,15351.448,15309.474
2011-01-19,15351.448,0.0,0.0,15351.448,15309.474
2011-01-20,15351.448,0.0,0.0,15351.448,15309.474
2011-01-21,15351.448,0.0,0.0,15351.448,15309.474
2011-01-22,15351.448,0.0,0.0,15351.448,15309.474
2011-01-23,15351.448,0.0,0.0,15351.448,15309.474
2011-01-24,15351.448,0.0,0.0,15351.448,15309.474
2011-01-25,15351.448,0.0,0.0,15351.448,15309.474
2011-01-26,15351.448,0.0,0.0,15351.448,15309.474
2011-01-27,15351.448,0.0,0.0,15351.448,15309.474
2011-01-28,15351.448,0.0,0.0,15351.448,15309.474
2011-01-29,15351.448,0.0,0.0,15351.448,15309.474
2011-01-30,15351.448,0.0,0.0,15351.448,15309.474
2011-01-31,15351.448,0.0,0.0,15351.448,15351.448
2011-02-01,15351.448,0.0,0.0,15351.448,15351.448
2011-02-02,15351.448,0.0,0.0,15351.448,15351.448
2011-02-03,15351.448,0.0,0.0,15351.448,15351.448
2011-02-04,15351.448,0.0,0.0,15351.448,15351.448
2011-02-05,15351.448,0.0,0.0,15351.448,15351.448
2011-02-06,15351.448,0.0,0.0,15351.448,15351.448
2011-02-07,15351.448,0.0,0.0,15351.448,15351.448
2011-02-08,15351.448,0.0,0.0,15351.448,15351.448
2011-02-09,15351.448,0.0,0.0,15351.448,15351.448
2011-02-10,15351.448,0.0,0.0,15351.448,15351.448
2011-02-11,15351.448,0.0,0.0,15351.448,15351.448
2011-02-12,15351.448,0.0,0.0,15351.448,15351.448
2011-02-13,15351.448,0.0,0.0,15351.448,15351.448
2011-02-14,15351.448,0.0,0.0,15351.448,15351.448
2011-02-15,15351.448,0.0,0.0,15351.448,15351.448
2011-02-16,15351.448,0.0,0.0,15351.448,15351.448
2011-02-17,15351.448,0.0,0.0,15351.448,15351.448
2011-02-18,15351.448,0.0,0.0,15351.448,15351.448
2011-02-19,15351.448,0.0,0.0,15351.448,15351.448
2011-02-20,15351.448,0.0,0.0,15351.448,15351.448
2011-02-21,15351.448,0.0,0.0,15351.448,15351.448
2011-02-22,15351.448,0.0,0.0,15351.448,15351.448
2011-02-23,15351.448,0.0,0.0,15351.448,15351.448
2011-02-24,15351.448,0.0,0.0,15351.448,15351.448
2011-02-25,15351.448,0.0,0.0,15351.448,15351.448
2011-02-26,15351.448,0.0,0.0,15351.448,15351.448
2011-02-27,15351.448,0.0,0.0,15351.448,15351.448
2011-02-28,15351.448,0.0,0.0,15351.448,15351.448
2011-03-01,15351.448,0.0,0.0,15351.448,15351.448
2011-03-02,15351.448,0.0,0.0,15351.448,15351.448
2011-03-03,15351.448,0.0,0.0,15351.448,15351.448
2011-03-04,15351.448,0.0,0.0,15351.448,15351.448
2011-03-05,15351.448,0.0,0.0,15351.448,15351.448
2011-03-06,15351.448,0.0,0.0,15351.448,15351.448
2011-03-07,15351.448,0.0,0.0,15351.448,15351.448
2011-03-08,15351.448,0.0,0.0,15351.448,15351.448
2011-03-09,15351.448,0.0,0.0,15351.448,15351.448
2011-03-10,15351.448,0.0,0.0,15351.448,15351.448
2011-03-11,15351.448,0.0,0.0,15351.448,15351.448
2011-03-12,15351.448,0.0,0.0,15351.448,15351.448
2011-03-13,15351.448,0.0,0.0,15351.448,15351.448
2011-03-14,15351.448,0.0,0.0,15351.448,15351.448
2011-03-15,15351.448,0.0,0.0,15351.448,15351.448
2011-03-16,15351.448,0.0,0.0,15351.448,15351.448
2011-03-17,15351.448,0.0,0.0,15351.448,15351.448
2011-03-18,15351.448,0.0,0.0,15351.448,15351.448
2011-03-19,15351.448,0.0,0.0,15351.448,15351.448
2011-03-20,15351.448,0.0,0.0,15351.448,15351.448
2011-03-21,15351.448,0.0,0.0,15351.448,15351.448
2011-03-22,15351.448,0.0,0.0,15351.448,15351.448
2011-03-23,15351.448,0.0,0.0,15351.448,15351.448
2011-03-24,15351.448,0.0,0.0,15351.448,15351.448
2011-03-25,15351.448,0.0,0.0,15351.448,15351.448
2011-03-26,15351.448,0.0,0.0,15351.448,15351.448
2011-03-27,15351.448,0.0,0.0,15351.448,15351.448
2011-03-28,15351.448,0.0,0.0,15351.448,15351.448
2011-03-29,15351.448,0.0,0.0,15351.448,15351.448
2011-03-30,15351.448,0.0,0.0,15351.448,15351.448
2011-03-31,15351.448,0.0,0.0,15351.448,15351.448
2011-04-01,15557.539,206.09100000000035,0.013424857381531652,15351.448,15351.448
2011-04-02,15557.539,0.0,0.0,15351.448,15351.448
2011-04-03,15557.539,0.0,0.0,15351.448,15351.448
2011-04-04,15557.539,0.0,0.0,15351.448,15351.448
2011-04-05,15557.539,0.0,0.0,15351.448,15351.448
2011-04-06,15557.539,0.0,0.0,15351.448,15351.448
2011-04-07,15557.539,0.0,0.0,15351.448,15351.448
2011-04-08,15557.539,0.0,0.0,15557.539,15351.448
2011-04-09,15557.539,0.0,0.0,15557.539,15351.448
2011-04-10,15557.539,0.0,0.0,15557.539,15351.448
2011-04-11,15557.539,0.0,0.0,15557.539,15351.448
2011-04-12,15557.539,0.0,0.0,15557.539,15351.448
2011-04-13,15557.539,0.0,0.0,15557.539,15351.448
2011-04-14,15557.539,0.0,0.0,15557.539,15351.448
2011-04-15,15557.539,0.0,0.0,15557.539,15351.448
2011-04-16,15557.539,0.0,0.0,15557.539,15351.448
2011-04-17,15557.539,0.0,0.0,15557.539,15351.448
2011-04-18,15557.539,0.0,0.0,15557.539,15351.448
2011-04-19,15557.539,0.0,0.0,15557.539,15351.448
2011-04-20,15557.539,0.0,0.0,15557.539,15351.448
2011-04-21,15557.539,0.0,0.0,15557.539,15351.448
2011-04-22,15557.539,0.0,0.0,15557.539,15351.448
2011-04-23,15557.539,0.0,0.0,15557.539,15351.448
2011-04-24,15557.539,0.0,0.0,15557.539,15351.448
2011-04-25,15557.539,0.0,0.0,15557.539,15351.448
2011-04-26,15557.539,0.0,0.0,15557.539,15351.448
2011-04-27,15557.539,0.0,0.0,15557.539,15351.448
2011-04-28,15557.539,0.0,0.0,15557.539,15351.448
2011-04-29,15557.539,0.0,0.0,15557.539,15351.448
2011-04-30,15557.539,0.0,0.0,15557.539,15351.448
2011-05-01,15557.539,0.0,0.0,15557.539,15557.539
2011-05-02,15557.539,0.0,0.0,15557.539,15557.539
2011-05-03,15557.539,0.0,0.0,15557.539,15557.539
2011-05-04,15557.539,0.0,0.0,15557.539,15557.539
2011-05-05,15557.539,0.0,0.0,15557.539,15557.539
2011-05-06,15557.539,0.0,0.0,15557.539,15557.539
2011-05-07,15557.539,0.0,0.0,15557.539,15557.539
2011-05-08,15557.539,0.0,0.0,15557.539,15557.539
2011-05-09,15557.539,0.0,0.0,15557.539,15557.539
2011-05-10,15557.539,0.0,0.0,15557.539,15557.539
2011-05-11,15557.539,0.0,0.0,15557.539,15557.539
2011-05-12,15557.539,0.0,0.0,15557.539,15557.539
2011-05-13,15557.539,0.0,0.0,15557.539,15557.539
2011-05-14,15557.539,0.0,0.0,15557.539,15557.539
2011-05-15,15557.539,0.0,0.0,15557.539,15557.539
2011-05-16,15557.539,0.0,0.0,15557.539,15557.539
2011-05-17,15557.539,0.0,0.0,15557.539,15557.539
2011-05-18,15557.539,0.0,0.0,15557.539,15557.539
2011-05-19,15557.539,0.0,0.0,15557.539,15557.539
2011-05-20,15557.539,0.0,0.0,15557.539,15557.539
2011-05-21,15557.539,0.0,0.0,15557.539,15557.539
2011-05-22,15557.539,0.0,0.0,15557.539,15557.539
2011-05-23,15557.539,0.0,0.0,15557.539,15557.539
2011-05-24,15557.539,0.0,0.0,15557.539,15557.539
2011-05-25,15557.539,0.0,0.0,15557.539,15557.539
2011-05-26,15557.539,0.0,0.0,15557.539,15557.539
2011-05-27,15557.539,0.0,0.0,15557.539,15557.539
2011-05-28,15557.539,0.0,0.0,15557.539,15557.539
2011-05-29,15557.539,0.0,0.0,15557.539,15557.539
2011-05-30,15557.539,0.0,0.0,15557.539,15557.539
2011-05-31,15557.539,0.0,0.0,15557.539,15557.539
2011-06-01,15557.539,0.0,0.0,15557.539,15557.539
2011-06-02,15557.539,0.0,0.0,15557.539,15557.539
2011-06-03,15557.539,0.0,0.0,15557.539,15557.539
2011-06-04,15557.539,0.0,0.0,15557.539,15557.539
2011-06-05,15557.539,0.0,0.0,15557.539,15557.539
2011-06-06,15557.539,0.0,0.0,15557.539,15557.539
2011-06-07,15557.539,0.0,0.0,15557.539,15557.539
2011-06-08,15557.539,0.0,0.0,15557.539,15557.539
2011-06-09,15557.539,0.0,0.0,15557.539,15557.539
2011-06-10,15557.539,0.0,0.0,15557.539,15557.539
2011-06-11,15557.539,0.0,0.0,15557.539,15557.539
2011-06-12,15557.539,0.0,0.0,15557.539,15557.539
2011-06-13,15557.539,0.0,0.0,15557.539,15557.539
2011-06-14,15557.539,0.0,0.0,15557.539,15557.539
2011-06-15,15557.539,0.0,0.0,15557.539,15557.539
2011-06-16,15557.539,0.0,0.0,15557.539,15557.539
2011-06-17,15557.539,0.0,0.0,15557.539,15557.539
2011-06-18,15557.539,0.0,0.0,15557.539,15557.539
2011-06-19,15557.539,0.0,0.0,15557.539,15557.539
2011-06-20,15557.539,0.0,0.0,15557.539,15557.539
2011-06-21,15557.539,0.0,0.0,15557.539,15557.539
2011-06-22,15557.539,0.0,0.0,15557.539,15557.539
2011-06-23,15557.539,0.0,0.0,15557.539,15557.539
2011-06-24,15557.539,0.0,0.0,15557.539,15557.539
2011-06-25,15557.539,0.0,0.0,15557.539,15557.539
2011-06-26,15557.539,0.0,0.0,15557.539,15557.539
2011-06-27,15557.539,0.0,0.0,15557.539,15557.539
2011-06-28,15557.539,0.0,0.0,15557.539,15557.539
2011-06-29,15557.539,0.0,0.0,15557.539,15557.539
2011-06-30,15557.539,0.0,0.0,15557.539,15557.539
2011-07-01,15647.68,90.14099999999962,0.005794039789969396,15557.539,15557.539
2011-07-02,15647.68,0.0,0.0,15557.539,15557.539
2011-07-03,15647.68,0.0,0.0,15557.539,15557.539
2011-07-04,15647.68,0.0,0.0,15557.539,15557.539
2011-07-05,15647.68,0.0,0.0,15557.539,15557.539
2011-07-06,15647.68,0.0,0.0,15557.539,15557.539
2011-07-07,15647.68,0.0,0.0,15557.539,15557.539
2011-07-08,15647.68,0.0,0.0,15647.68,15557.539
2011-07-09,15647.68,0.0,0.0,15647.68,15557.539
2011-07-10,15647.68,0.0,0.0,15647.68,15557.539
2011-07-11,15647.68,0.0,0.0,15647.68,15557.539
2011-07-12,15647.68,0.0,0.0,15647.68,15557.539
2011-07-13,15647.68,0.0,0.0,15647.68,15557.539
2011-07-14,15647.68,0.0,0.0,15647.68,15557.539
2011-07-15,15647.68,0.0,0.0,15647.68,15557.539
2011-07-16,15647.68,0.0,0.0,15647.68,15557.539
2011-07-17,15647.68,0.0,0.0,15647.68,15557.539
2011-07-18,15647.68,0.0,0.0,15647.68,15557.539
2011-07-19,15647.68,0.0,0.0,15647.68,15557.539
2011-07-20,15647.68,0.0,0.0,15647.68,15557.539
2011-07-21,15647.68,0.0,0.0,15647.68,15557.539
2011-07-22,15647.68,0.0,0.0,15647.68,15557.539
2011-07-23,15647.68,0.0,0.0,15647.68,15557.539
2011-07-24,15647.68,0.0,0.0,15647.68,15557.539
2011-07-25,15647.68,0.0,0.0,15647.68,15557.539
2011-07-26,15647.68,0.0,0.0,15647.68,15557.539
2011-07-27,15647.68,0.0,0.0,15647.68,15557.539
2011-07-28,15647.68,0.0,0.0,15647.68,15557.539
2011-07-29,15647.68,0.0,0.0,15647.68,15557.539
2011-07-30,15647.68,0.0,0.0,15647.68,15557.539
2011-07-31,15647.68,0.0,0.0,15647.68,15647.68
2011-08-01,15647.68,0.0,0.0,15647.68,15647.68
2011-08-02,15647.68,0.0,0.0,15647.68,15647.68
2011-08-03,15647.68,0.0,0.0,15647.68,15647.68
2011-08-04,15647.68,0.0,0.0,15647.68,15647.68
2011-08-05,15647.68,0.0,0.0,15647.68,15647.68
2011-08-06,15647.68,0.0,0.0,15647.68,15647.68
2011-08-07,15647.68,0.0,0.0,15647.68,15647.68
2011-08-08,15647.68,0.0,0.0,15647.68,15647.68
2011-08-09,15647.68,0.0,0.0,15647.68,15647.68
2011-08-10,15647.68,0.0,0.0,15647.68,15647.68
2011-08-11,15647.68,0.0,0.0,15647.68,15647.68
2011-08-12,15647.68,0.0,0.0,15647.68,15647.68
2011-08-13,15647.68,0.0,0.0,15647.68,15647.68
2011-08-14,15647.68,0.0,0.0,15647.68,15647.68
2011-08-15,15647.68,0.0,0.0,15647.68,15647.68
2011-08-16,15647.68,0.0,0.0,15647.68,15647.68
2011-08-17,15647.68,0.0,0.0,15647.68,15647.68
2011-08-18,15647.68,0.0,0.0,15647.68,15647.68
2011-08-19,15647.68,0.0,0.0,15647.68,15647.68
2011-08-20,15647.68,0.0,0.0,15647.68,15647.68
2011-08-21,15647.68,0.0,0.0,15647.68,15647.68
2011-08-22,15647.68,0.0,0.0,15647.68,15647.68
2011-08-23,15647.68,0.0,0.0,15647.68,15647.68
2011-08-24,15647.68,0.0,0.0,15647.68,15647.68
2011-08-25,15647.68,0.0,0.0,15647.68,15647.68
2011-08-26,15647.68,0.0,0.0,15647.68,15647.68
2011-08-27,15647.68,0.0,0.0,15647.68,15647.68
2011-08-28,15647.68,0.0,0.0,15647.68,15647.68
2011-08-29,15647.68,0.0,0.0,15647.68,15647.68
2011-08-30,15647.68,0.0,0.0,15647.68,15647.68
2011-08-31,15647.68,0.0,0.0,15647.68,15647.68
2011-09-01,15647.68,0.0,0.0,15647.68,15647.68
2011-09-02,15647.68,0.0,0.0,15647.68,15647.68
2011-09-03,15647.68,0.0,0.0,15647.68,15647.68
2011-09-04,15647.68,0.0,0.0,15647.68,15647.68
2011-09-05,15647.68,0.0,0.0,15647.68,15647.68
2011-09-06,15647.68,0.0,0.0,15647.68,15647.68
2011-09-07,15647.68,0.0,0.0,15647.68,15647.68
2011-09-08,15647.68,0.0,0.0,15647.68,15647.68
2011-09-09,15647.68,0.0,0.0,15647.68,15647.68
2011-09-10,15647.68,0.0,0.0,15647.68,15647.68
2011-09-11,15647.68,0.0,0.0,15647.68,15647.68
2011-09-12,15647.68,0.0,0.0,15647.68,15647.68
2011-09-13,15647.68,0.0,0.0,15647.68,15647.68
2011-09-14,15647.68,0.0,0.0,15647.68,15647.68
2011-09-15,15647.68,0.0,0.0,15647.68,15647.68
2011-09-16,15647.68,0.0,0.0,15647.68,15647.68
2011-09-17,15647.68,0.0,0.0,15647.68,15647.68
2011-09-18,15647.68,0.0,0.0,15647.68,15647.68
2011-09-19,15647.68,0.0,0.0,15647.68,15647.68
2011-09-20,15647.68,0.0,0.0,15647.68,15647.68
2011-09-21,15647.68,0.0,0.0,15647.68,15647.68
2011-09-22,15647.68,0.0,0.0,15647.68,15647.68
2011-09-23,15647.68,0.0,0.0,15647.68,15647.68
2011-09-24,15647.68,0.0,0.0,15647.68,15647.68
2011-09-25,15647.68,0.0,0.0,15647.68,15647.68
2011-09-26,15647.68,0.0,0.0,15647.68,15647.68
2011-09-27,15647.68,0.0,0.0,15647.68,15647.68
2011-09-28,15647.68,0.0,0.0,15647.68,15647.68
2011-09-29,15647.68,0.0,0.0,15647.68,15647.68
2011-09-30,15647.68,0.0,0.0,15647.68,15647.68
2011-10-01,15842.259,194.57899999999972,0.012435006339597932,15647.68,15647.68
2011-10-02,15842.259,0.0,0.0,15647.68,15647.68
2011-10-03,15842.259,0.0,0.0,15647.68,15647.68
2011-10-04,15842.259,0.0,0.0,15647.68,15647.68
2011-10-05,15842.259,0.0,0.0,15647.68,15647.68
2011-10-06,15842.259,0.0,0.0,15647.68,15647.68
2011-10-07,15842.259,0.0,0.0,15647.68,15647.68
2011-10-08,15842.259,0.0,0.0,15842.259,15647.68
2011-10-09,15842.259,0.0,0.0,15842.259,15647.68
2011-10-10,15842.259,0.0,0.0,15842.259,15647.68
2011-10-11,15842.259,0.0,0.0,15842.259,15647.68
2011-10-12,15842.259,0.0,0.0,15842.259,15647.68
2011-10-13,15842.259,0.0,0.0,15842.259,15647.68
2011-10-14,15842.259,0.0,0.0,15842.259,15647.68
2011-10-15,15842.259,0.0,0.0,15842.259,15647.68
2011-10-16,15842.259,0.0,0.0,15842.259,15647.68
2011-10-17,15842.259,0.0,0.0,15842.259,15647.68
2011-10-18,15842.259,0.0,0.0,15842.259,15647.68
2011-10-19,15842.259,0.0,0.0,15842.259,15647.68
2011-10-20,15842.259,0.0,0.0,15842.259,15647.68
2011-10-21,15842.259,0.0,0.0,15842.259,15647.68
2011-10-22,15842.259,0.0,0.0,15842.259,15647.68
2011-10-23,15842.259,0.0,0.0,15842.259,15647.68
2011-10-24,15842.259,0.0,0.0,15842.259,15647.68
2011-10-25,15842.259,0.0,0.0,15842.259,15647.68
2011-10-26,15842.259,0.0,0.0,15842.259,15647.68
2011-10-27,15842.259,0.0,0.0,15842.259,15647.68
2011-10-28,15842.259,0.0,0.0,15842.259,15647.68
2011-10-29,15842.259,0.0,0.0,15842.259,15647.68
2011-10-30,15842.259,0.0,0.0,15842.259,15647.68
2011-10-31,15842.259,0.0,0.0,15842.259,15842.259
2011-11-01,15842.259,0.0,0.0,15842.259,15842.259
2011-11-02,15842.259,0.0,0.0,15842.259,15842.259
2011-11-03,15842.259,0.0,0.0,15842.259,15842.259
2011-11-04,15842.259,0.0,0.0,15842.259,15842.259
2011-11-05,15842.259,0.0,0.0,15842.259,15842.259
2011-11-06,15842.259,0.0,0.0,15842.259,15842.259
2011-11-07,15842.259,0.0,0.0,15842.259,15842.259
2011-11-08,15842.259,0.0,0.0,15842.259,15842.259
2011-11-09,15842.259,0.0,0.0,15842.259,15842.259
2011-11-10,15842.259,0.0,0.0,15842.259,15842.259
2011-11-11,15842.259,0.0,0.0,15842.259,15842.259
2011-11-12,15842.259,0.0,0.0,15842.259,15842.259
2011-11-13,15842.259,0.0,0.0,15842.259,15842.259
2011-11-14,15842.259,0.0,0.0,15842.259,15842.259
2011-11-15,15842.259,0.0,0.0,15842.259,15842.259
2011-11-16,15842.259,0.0,0.0,15842.259,15842.259
2011-11-17,15842.259,0.0,0.0,15842.259,15842.259
2011-11-18,15842.259,0.0,0.0,15842.259,15842.259
2011-11-19,15842.259,0.0,0.0,15842.259,15842.259
2011-11-20,15842.259,0.0,0.0,15842.259,15842.259
2011-11-21,15842.259,0.0,0.0,15842.259,15842.259
2011-11-22,15842.259,0.0,0.0,15842.259,15842.259
2011-11-23,15842.259,0.0,0.0,15842.259,15842.259
2011-11-24,15842.259,0.0,0.0,15842.259,15842.259
2011-11-25,15842.259,0.0,0.0,15842.259,15842.259
2011-11-26,15842.259,0.0,0.0,15842.259,15842.259
2011-11-27,15842.259,0.0,0.0,15842.259,15842.259
2011-11-28,15842.259,0.0,0.0,15842.259,15842.259
2011-11-29,15842.259,0.0,0.0,15842.259,15842.259
2011-11-30,15842.259,0.0,0.0,15842.259,15842.259
2011-12-01,15842.259,0.0,0.0,15842.259,15842.259
2011-12-02,15842.259,0.0,0.0,15842.259,15842.259
2011-12-03,15842.259,0.0,0.0,15842.259,15842.259
2011-12-04,15842.259,0.0,0.0,15842.259,15842.259
2011-12-05,15842.259,0.0,0.0,15842.259,15842.259
2011-12-06,15842.259,0.0,0.0,15842.259,15842.259
2011-12-07,15842.259,0.0,0.0,15842.259,15842.259
2011-12-08,15842.259,0.0,0.0,15842.259,15842.259
2011-12-09,15842.259,0.0,0.0,15842.259,15842.259
2011-12-10,15842.259,0.0,0.0,15842.259,15842.259
2011-12-11,15842.259,0.0,0.0,15842.259,15842.259
2011-12-12,15842.259,0.0,0.0,15842.259,15842.259
2011-12-13,15842.259,0.0,0.0,15842.259,15842.259
2011-12-14,15842.259,0.0,0.0,15842.259,15842.259
2011-12-15,15842.259,0.0,0.0,15842.259,15842.259
2011-12-16,15842.259,0.0,0.0,15842.259,15842.259
2011-12-17,15842.259,0.0,0.0,15842.259,15842.259
2011-12-18,15842.259,0.0,0.0,15842.259,15842.259
2011-12-19,15842.259,0.0,0.0,15842.259,15842.259
2011-12-20,15842.259,0.0,0.0,15842.259,15842.259
2011-12-21,15842.259,0.0,0.0,15842.259,15842.259
2011-12-22,15842.259,0.0,0.0,15842.259,15842.259
2011-12-23,15842.259,0.0,0.0,15842.259,15842.259
2011-12-24,15842.259,0.0,0.0,15842.259,15842.259
2011-12-25,15842.259,0.0,0.0,15842.259,15842.259
2011-12-26,15842.259,0.0,0.0,15842.259,15842.259
2011-12-27,15842.259,0.0,0.0,15842.259,15842.259
2011-12-28,15842.259,0.0,0.0,15842.259,15842.259
2011-12-29,15842.259,0.0,0.0,15842.259,15842.259
2011-12-30,15842.259,0.0,0.0,15842.259,15842.259
2011-12-31,15842.259,0.0,0.0,15842.259,15842.259
2012-01-01,16068.805,226.54600000000028,0.014300107074376234,15842.259,15842.259
2012-01-02,16068.805,0.0,0.0,15842.259,15842.259
2012-01-03,16068.805,0.0,0.0,15842.259,15842.259
2012-01-04,16068.805,0.0,0.0,15842.259,15842.259
2012-01-05,16068.805,0.0,0.0,15842.259,15842.259
2012-01-06,16068.805,0.0,0.0,15842.259,15842.259
2012-01-07,16068.805,0.0,0.0,15842.259,15842.259
2012-01-08,16068.805,0.0,0.0,16068.805,15842.259
2012-01-09,16068.805,0.0,0.0,16068.805,15842.259
2012-01-10,16068.805,0.0,0.0,16068.805,15842.259
2012-01-11,16068.805,0.0,0.0,16068.805,15842.259
2012-01-12,16068.805,0.0,0.0,16068.805,15842.259
2012-01-13,16068.805,0.0,0.0,16068.805,15842.259
2012-01-14,16068.805,0.0,0.0,16068.805,15842.259
2012-01-15,16068.805,0.0,0.0,16068.805,15842.259
2012-01-16,16068.805,0.0,0.0,16068.805,15842.259
2012-01-17,16068.805,0.0,0.0,16068.805,15842.259
2012-01-18,16068.805,0.0,0.0,16068.805,15842.259
2012-01-19,16068.805,0.0,0.0,16068.805,15842.259
2012-01-20,16068.805,0.0,0.0,16068.805,15842.259
2012-01-21,16068.805,0.0,0.0,16068.805,15842.259
2012-01-22,16068.805,0.0,0.0,16068.805,15842.259
2012-01-23,16068.805,0.0,0.0,16068.805,15842.259
2012-01-24,16068.805,0.0,0.0,16068.805,15842.259
2012-01-25,16068.805,0.0,0.0,16068.805,15842.259
2012-01-26,16068.805,0.0,0.0,16068.805,15842.259
2012-01-27,16068.805,0.0,0.0,16068.805,15842.259
2012-01-28,16068.805,0.0,0.0,16068.805,15842.259
2012-01-29,16068.805,0.0,0.0,16068.805,15842.259
2012-01-30,16068.805,0.0,0.0,16068.805,15842.259
2012-01-31,16068.805,0.0,0.0,16068.805,16068.805
2012-02-01,16068.805,0.0,0.0,16068.805,16068.805
2012-02-02,16068.805,0.0,0.0,16068.805,16068.805
2012-02-03,16068.805,0.0,0.0,16068.805,16068.805
2012-02-04,16068.805,0.0,0.0,16068.805,16068.805
2012-02-05,16068.805,0.0,0.0,16068.805,16068.805
2012-02-06,16068.805,0.0,0.0,16068.805,16068.805
2012-02-07,16068.805,0.0,0.0,16068.805,16068.805
2012-02-08,16068.805,0.0,0.0,16068.805,16068.805
2012-02-09,16068.805,0.0,0.0,16068.805,16068.805
2012-02-10,16068.805,0.0,0.0,16068.805,16068.805
2012-02-11,16068.805,0.0,0.0,16068.805,16068.805
2012-02-12,16068.805,0.0,0.0,16068.805,16068.805
2012-02-13,16068.805,0.0,0.0,16068.805,16068.805
2012-02-14,16068.805,0.0,0.0,16068.805,16068.805
2012-02-15,16068.805,0.0,0.0,16068.805,16068.805
2012-02-16,16068.805,0.0,0.0,16068.805,16068.805
2012-02-17,16068.805,0.0,0.0,16068.805,16068.805
2012-02-18,16068.805,0.0,0.0,16068.805,16068.805
2012-02-19,16068.805,0.0,0.0,16068.805,16068.805
2012-02-20,16068.805,0.0,0.0,16068.805,16068.805
2012-02-21,16068.805,0.0,0.0,16068.805,16068.805
2012-02-22,16068.805,0.0,0.0,16068.805,16068.805
2012-02-23,16068.805,0.0,0.0,16068.805,16068.805
2012-02-24,16068.805,0.0,0.0,16068.805,16068.805
2012-02-25,16068.805,0.0,0.0,16068.805,16068.805
2012-02-26,16068.805,0.0,0.0,16068.805,16068.805
2012-02-27,16068.805,0.0,0.0,16068.805,16068.805
2012-02-28,16068.805,0.0,0.0,16068.805,16068.805
2012-02-29,16068.805,0.0,0.0,16068.805,16068.805
2012-03-01,16068.805,0.0,0.0,16068.805,16068.805
2012-03-02,16068.805,0.0,0.0,16068.805,16068.805
2012-03-03,16068.805,0.0,0.0,16068.805,16068.805
2012-03-04,16068.805,0.0,0.0,16068.805,16068.805
2012-03-05,16068.805,0.0,0.0,16068.805,16068.805
2012-03-06,16068.805,0.0,0.0,16068.805,16068.805
2012-03-07,16068.805,0.0,0.0,16068.805,16068.805
2012-03-08,16068.805,0.0,0.0,16068.805,16068.805
2012-03-09,16068.805,0.0,0.0,16068.805,16068.805
2012-03-10,16068.805,0.0,0.0,16068.805,16068.805
2012-03-11,16068.805,0.0,0.0,16068.805,16068.805
2012-03-12,16068.805,0.0,0.0,16068.805,16068.805
2012-03-13,16068.805,0.0,0.0,16068.805,16068.805
2012-03-14,16068.805,0.0,0.0,16068.805,16068.805
2012-03-15,16068.805,0.0,0.0,16068.805,16068.805
2012-03-16,16068.805,0.0,0.0,16068.805,16068.805
2012-03-17,16068.805,0.0,0.0,16068.805,16068.805
2012-03-18,16068.805,0.0,0.0,16068.805,16068.805
2012-03-19,16068.805,0.0,0.0,16068.805,16068.805
2012-03-20,16068.805,0.0,0.0,16068.805,16068.805
2012-03-21,16068.805,0.0,0.0,16068.805,16068.805
2012-03-22,16068.805,0.0,0.0,16068.805,16068.805
2012-03-23,16068.805,0.0,0.0,16068.805,16068.805
2012-03-24,16068.805,0.0,0.0,16068.805,16068.805
2012-03-25,16068.805,0.0,0.0,16068.805,16068.805
2012-03-26,16068.805,0.0,0.0,16068.805,16068.805
2012-03-27,16068.805,0.0,0.0,16068.805,16068.805
2012-03-28,16068.805,0.0,0.0,16068.805,16068.805
2012-03-29,16068.805,0.0,0.0,16068.805,16068.805
2012-03-30,16068.805,0.0,0.0,16068.805,16068.805
2012-03-31,16068.805,0.0,0.0,16068.805,16068.805
2012-04-01,16207.115,138.3099999999995,0.008607360659364405,16068.805,16068.805
2012-04-02,16207.115,0.0,0.0,16068.805,16068.805
2012-04-03,16207.115,0.0,0.0,16068.805,16068.805
2012-04-04,16207.115,0.0,0.0,16068.805,16068.805
2012-04-05,16207.115,0.0,0.0,16068.805,16068.805
2012-04-06,16207.115,0.0,0.0,16068.805,16068.805
2012-04-07,16207.115,0.0,0.0,16068.805,16068.805
2012-04-08,16207.115,0.0,0.0,16207.115,16068.805
2012-04-09,16207.115,0.0,0.0,16207.115,16068.805
2012-04-10,16207.115,0.0,0.0,16207.115,16068.805
2012-04-11,16207.115,0.0,0.0,16207.115,16068.805
2012-04-12,16207.115,0.0,0.0,16207.115,16068.805
2012-04-13,16207.115,0.0,0.0,16207.115,16068.805
2012-04-14,16207.115,0.0,0.0,16207.115,16068.805
2012-04-15,16207.115,0.0,0.0,16207.115,16068.805
2012-04-16,16207.115,0.0,0.0,16207.115,16068.805
2012-04-17,16207.115,0.0,0.0,16207.115,16068.805
2012-04-18,16207.115,0.0,0.0,16207.115,16068.805
2012-04-19,16207.115,0.0,0.0,16207.115,16068.805
2012-04-20,16207.115,0.0,0.0,16207.115,16068.805
2012-04-21,16207.115,0.0,0.0,16207.115,16068.805
2012-04-22,16207.115,0.0,0.0,16207.115,16068.805
2012-04-23,16207.115,0.0,0.0,16207.115,16068.805
2012-04-24,16207.115,0.0,0.0,16207.115,16068.805
2012-04-25,16207.115,0.0,0.0,16207.115,16068.805
2012-04-26,16207.115,0.0,0.0,16207.115,16068.805
2012-04-27,16207.115,0.0,0.0,16207.115,16068.805
2012-04-28,16207.115,0.0,0.0,16207.115,16068.805
2012-04-29,16207.115,0.0,0.0,16207.115,16068.805
2012-04-30,16207.115,0.0,0.0,16207.115,16068.805
2012-05-01,16207.115,0.0,0.0,16207.115,16207.115
2012-05-02,16207.115,0.0,0.0,16207.115,16207.115
2012-05-03,16207.115,0.0,0.0,16207.115,16207.115
2012-05-04,16207.115,0.0,0.0,16207.115,16207.115
2012-05-05,16207.115,0.0,0.0,16207.115,16207.115
2012-05-06,16207.115,0.0,0.0,16207.115,16207.115
2012-05-07,16207.115,0.0,0.0,16207.115,16207.115
2012-05-08,16207.115,0.0,0.0,16207.115,16207.115
2012-05-09,16207.115,0.0,0.0,16207.115,16207.115
2012-05-10,16207.115,0.0,0.0,16207.115,16207.115
2012-05-11,16207.115,0.0,0.0,16207.115,16207.115
2012-05-12,16207.115,0.0,0.0,16207.115,16207.115
2012-05-13,16207.115,0.0,0.0,16207.115,16207.115
2012-05-14,16207.115,0.0,0.0,16207.115,16207.115
2012-05-15,16207.115,0.0,0.0,16207.115,16207.115
2012-05-16,16207.115,0.0,0.0,16207.115,16207.115
2012-05-17,16207.115,0.0,0.0,16207.115,16207.115
2012-05-18,16207.115,0.0,0.0,16207.115,16207.115
2012-05-19,16207.115,0.0,0.0,16207.115,16207.115
2012-05-20,16207.115,0.0,0.0,16207.115,16207.115
2012-05-21,16207.115,0.0,0.0,16207.115,16207.115
2012-05-22,16207.115,0.0,0.0,16207.115,16207.115
2012-05-23,16207.115,0.0,0.0,16207.115,16207.115
2012-05-24,16207.115,0.0,0.0,16207.115,16207.115
2012-05-25,16207.115,0.0,0.0,16207.115,16207.115
2012-05-26,16207.115,0.0,0.0,16207.115,16207.115
2012-05-27,16207.115,0.0,0.0,16207.115,16207.115
2012-05-28,16207.115,0.0,0.0,16207.115,16207.115
2012-05-29,16207.115,0.0,0.0,16207.115,16207.115
2012-05-30,16207.115,0.0,0.0,16207.115,16207.115
2012-05-31,16207.115,0.0,0.0,16207.115,16207.115
2012-06-01,16207.115,0.0,0.0,16207.115,16207.115
2012-06-02,16207.115,0.0,0.0,16207.115,16207.115
2012-06-03,16207.115,0.0,0.0,16207.115,16207.115
2012-06-04,16207.115,0.0,0.0,16207.115,16207.115
2012-06-05,16207.115,0.0,0.0,16207.115,16207.115
2012-06-06,16207.115,0.0,0.0,16207.115,16207.115
2012-06-07,16207.115,0.0,0.0,16207.115,16207.115
2012-06-08,16207.115,0.0,0.0,16207.115,16207.115
2012-06-09,16207.115,0.0,0.0,16207.115,16207.115
2012-06-10,16207.115,0.0,0.0,16207.115,16207.115
2012-06-11,16207.115,0.0,0.0,16207.115,16207.115
2012-06-12,16207.115,0.0,0.0,16207.115,16207.115
2012-06-13,16207.115,0.0,0.0,16207.115,16207.115
2012-06-14,16207.115,0.0,0.0,16207.115,16207.115
2012-06-15,16207.115,0.0,0.0,16207.115,16207.115
2012-06-16,16207.115,0.0,0.0,16207.115,16207.115
2012-06-17,16207.115,0.0,0.0,16207.115,16207.115
2012-06-18,16207.115,0.0,0.0,16207.115,16207.115
2012-06-19,16207.115,0.0,0.0,16207.115,16207.115
2012-06-20,16207.115,0.0,0.0,16207.115,16207.115
2012-06-21,16207.115,0.0,0.0,16207.115,16207.115
2012-06-22,16207.115,0.0,0.0,16207.115,16207.115
2012-06-23,16207.115,0.0,0.0,16207.115,16207.115
2012-06-24,16207.115,0.0,0.0,16207.115,16207.115
2012-06-25,16207.115,0.0,0.0,16207.115,16207.115
2012-06-26,16207.115,0.0,0.0,16207.115,16207.115
2012-06-27,16207.115,0.0,0.0,16207.115,16207.115
2012-06-28,16207.115,0.0,0.0,16207.115,16207.115
2012-06-29,16207.115,0.0,0.0,16207.115,16207.115
2012-06-30,16207.115,0.0,0.0,16207.115,16207.115
2012-07-01,16319.541,112.42599999999948,0.0069368299046437265,16207.115,16207.115
2012-07-02,16319.541,0.0,0.0,16207.115,16207.115
2012-07-03,16319.541,0.0,0.0,16207.115,16207.115
2012-07-04,16319.541,0.0,0.0,16207.115,16207.115
2012-07-05,16319.541,0.0,0.0,16207.115,16207.115
2012-07-06,16319.541,0.0,0.0,16207.115,16207.115
2012-07-07,16319.541,0.0,0.0,16207.115,16207.115
2012-07-08,16319.541,0.0,0.0,16319.541,16207.115
2012-07-09,16319.541,0.0,0.0,16319.541,16207.115
2012-07-10,16319.541,0.0,0.0,16319.541,16207.115
2012-07-11,16319.541,0.0,0.0,16319.541,16207.115
2012-07-12,16319.541,0.0,0.0,16319.541,16207.115
2012-07-13,16319.541,0.0,0.0,16319.541,16207.115
2012-07-14,16319.541,0.0,0.0,16319.541,16207.115
2012-07-15,16319.541,0.0,0.0,16319.541,16207.115
2012-07-16,16319.541,0.0,0.0,16319.541,16207.115
2012-07-17,16319.541,0.0,0.0,16319.541,16207.115
2012-07-18,16319.541,0.0,0.0,16319.541,16207.115
2012-07-19,16319.541,0.0,0.0,16319.541,16207.115
2012-07-20,16319.541,0.0,0.0,16319.541,16207.115
2012-07-21,16319.541,0.0,0.0,16319.541,16207.115
2012-07-22,16319.541,0.0,0.0,16319.541,16207.115
2012-07-23,16319.541,0.0,0.0,16319.541,16207.115
2012-07-24,16319.541,0.0,0.0,16319.541,16207.115
2012-07-25,16319.541,0.0,0.0,16319.541,16207.115
2012-07-26,16319.541,0.0,0.0,16319.541,16207.115
2012-07-27,16319.541,0.0,0.0,16319.541,16207.115
2012-07-28,16319.541,0.0,0.0,16319.541,16207.115
2012-07-29,16319.541,0.0,0.0,16319.541,16207.115
2012-07-30,16319.541,0.0,0.0,16319.541,16207.115
2012-07-31,16319.541,0.0,0.0,16319.541,16319.541
2012-08-01,16319.541,0.0,0.0,16319.541,16319.541
2012-08-02,16319.541,0.0,0.0,16319.541,16319.541
2012-08-03,16319.541,0.0,0.0,16319.541,16319.541
2012-08-04,16319.541,0.0,0.0,16319.541,16319.541
2012-08-05,16319.541,0.0,0.0,16319.541,16319.541
2012-08-06,16319.541,0.0,0.0,16319.541,16319.541
2012-08-07,16319.541,0.0,0.0,16319.541,16319.541
2012-08-08,16319.541,0.0,0.0,16319.541,16319.541
2012-08-09,16319.541,0.0,0.0,16319.541,16319.541
2012-08-10,16319.541,0.0,0.0,16319.541,16319.541
2012-08-11,16319.541,0.0,0.0,16319.541,16319.541
2012-08-12,16319.541,0.0,0.0,16319.541,16319.541
2012-08-13,16319.541,0.0,0.0,16319.541,16319.541
2012-08-14,16319.541,0.0,0.0,16319.541,16319.541
2012-08-15,16319.541,0.0,0.0,16319.541,16319.541
2012-08-16,16319.541,0.0,0.0,16319.541,16319.541
2012-08-17,16319.541,0.0,0.0,16319.541,16319.541
2012-08-18,16319.541,0.0,0.0,16319.541,16319.541
2012-08-19,16319.541,0.0,0.0,16319.541,16319.541
2012-08-20,16319.541,0.0,0.0,16319.541,16319.541
2012-08-21,16319.541,0.0,0.0,16319.541,16319.541
2012-08-22,16319.541,0.0,0.0,16319.541,16319.541
2012-08-23,16319.541,0.0,0.0,16319.541,16319.541
2012-08-24,16319.541,0.0,0.0,16319.541,16319.541
2012-08-25,16319.541,0.0,0.0,16319.541,16319.541
2012-08-26,16319.541,0.0,0.0,16319.541,16319.541
2012-08-27,16319.541,0.0,0.0,16319.541,16319.541
2012-08-28,16319.541,0.0,0.0,16319.541,16319.541
2012-08-29,16319.541,0.0,0.0,16319.541,16319.541
2012-08-30,16319.541,0.0,0.0,16319.541,16319.541
2012-08-31,16319.541,0.0,0.0,16319.541,16319.541
2012-09-01,16319.541,0.0,0.0,16319.541,16319.541
2012-09-02,16319.541,0.0,0.0,16319.541,16319.541
2012-09-03,16319.541,0.0,0.0,16319.541,16319.541
2012-09-04,16319.541,0.0,0.0,16319.541,16319.541
2012-09-05,16319.541,0.0,0.0,16319.541,16319.541
2012-09-06,16319.541,0.0,0.0,16319.541,16319.541
2012-09-07,16319.541,0.0,0.0,16319.541,16319.541
2012-09-08,16319.541,0.0,0.0,16319.541,16319.541
2012-09-09,16319.541,0.0,0.0,16319.541,16319.541
2012-09-10,16319.541,0.0,0.0,16319.541,16319.541
2012-09-11,16319.541,0.0,0.0,16319.541,16319.541
2012-09-12,16319.541,0.0,0.0,16319.541,16319.541
2012-09-13,16319.541,0.0,0.0,16319.541,16319.541
2012-09-14,16319.541,0.0,0.0,16319.541,16319.541
2012-09-15,16319.541,0.0,0.0,16319.541,16319.541
2012-09-16,16319.541,0.0,0.0,16319.541,16319.541
2012-09-17,16319.541,0.0,0.0,16319.541,16319.541
2012-09-18,16319.541,0.0,0.0,16319.541,16319.541
2012-09-19,16319.541,0.0,0.0,16319.541,16319.541
2012-09-20,16319.541,0.0,0.0,16319.541,16319.541
2012-09-21,16319.541,0.0,0.0,16319.541,16319.541
2012-09-22,16319.541,0.0,0.0,16319.541,16319.541
2012-09-23,16319.541,0.0,0.0,16319.541,16319.541
2012-09-24,16319.541,0.0,0.0,16319.541,16319.541
2012-09-25,16319.541,0.0,0.0,16319.541,16319.541
2012-09-26,16319.541,0.0,0.0,16319.541,16319.541
2012-09-27,16319.541,0.0,0.0,16319.541,16319.541
2012-09-28,16319.541,0.0,0.0,16319.541,16319.541
2012-09-29,16319.541,0.0,0.0,16319.541,16319.541
2012-09-30,16319.541,0.0,0.0,16319.541,16319.541
2012-10-01,16420.419,100.87800000000243,0.006181423852545942,16319.541,16319.541
2012-10-02,16420.419,0.0,0.0,16319.541,16319.541
2012-10-03,16420.419,0.0,0.0,16319.541,16319.541
2012-10-04,16420.419,0.0,0.0,16319.541,16319.541
2012-10-05,16420.419,0.0,0.0,16319.541,16319.541
2012-10-06,16420.419,0.0,0.0,16319.541,16319.541
2012-10-07,16420.419,0.0,0.0,16319.541,16319.541
2012-10-08,16420.419,0.0,0.0,16420.419,16319.541
2012-10-09,16420.419,0.0,0.0,16420.419,16319.541
2012-10-10,16420.419,0.0,0.0,16420.419,16319.541
2012-10-11,16420.419,0.0,0.0,16420.419,16319.541
2012-10-12,16420.419,0.0,0.0,16420.419,16319.541
2012-10-13,16420.419,0.0,0.0,16420.419,16319.541
2012-10-14,16420.419,0.0,0.0,16420.419,16319.541
2012-10-15,16420.419,0.0,0.0,16420.419,16319.541
2012-10-16,16420.419,0.0,0.0,16420.419,16319.541
2012-10-17,16420.419,0.0,0.0,16420.419,16319.541
2012-10-18,16420.419,0.0,0.0,16420.419,16319.541
2012-10-19,16420.419,0.0,0.0,16420.419,16319.541
2012-10-20,16420.419,0.0,0.0,16420.419,16319.541
2012-10-21,16420.419,0.0,0.0,16420.419,16319.541
2012-10-22,16420.419,0.0,0.0,16420.419,16319.541
2012-10-23,16420.419,0.0,0.0,16420.419,16319.541
2012-10-24,16420.419,0.0,0.0,16420.419,16319.541
2012-10-25,16420.419,0.0,0.0,16420.419,16319.541
2012-10-26,16420.419,0.0,0.0,16420.419,16319.541
2012-10-27,16420.419,0.0,0.0,16420.419,16319.541
2012-10-28,16420.419,0.0,0.0,16420.419,16319.541
2012-10-29,16420.419,0.0,0.0,16420.419,16319.541
2012-10-30,16420.419,0.0,0.0,16420.419,16319.541
2012-10-31,16420.419,0.0,0.0,16420.419,16420.419
2012-11-01,16420.419,0.0,0.0,16420.419,16420.419
2012-11-02,16420.419,0.0,0.0,16420.419,16420.419
2012-11-03,16420.419,0.0,0.0,16420.419,16420.419
2012-11-04,16420.419,0.0,0.0,16420.419,16420.419
2012-11-05,16420.419,0.0,0.0,16420.419,16420.419
2012-11-06,16420.419,0.0,0.0,16420.419,16420.419
2012-11-07,16420.419,0.0,0.0,16420.419,16420.419
2012-11-08,16420.419,0.0,0.0,16420.419,16420.419
2012-11-09,16420.419,0.0,0.0,16420.419,16420.419
2012-11-10,16420.419,0.0,0.0,16420.419,16420.419
2012-11-11,16420.419,0.0,0.0,16420.419,16420.419
2012-11-12,16420.419,0.0,0.0,16420.419,16420.419
2012-11-13,16420.419,0.0,0.0,16420.419,16420.419
2012-11-14,16420.419,0.0,0.0,16420.419,16420.419
2012-11-15,16420.419,0.0,0.0,16420.419,16420.419
2012-11-16,16420.419,0.0,0.0,16420.419,16420.419
2012-11-17,16420.419,0.0,0.0,16420.419,16420.419
2012-11-18,16420.419,0.0,0.0,16420.419,16420.419
2012-11-19,16420.419,0.0,0.0,16420.419,16420.419
2012-11-20,16420.419,0.0,0.0,16420.419,16420.419
2012-11-21,16420.419,0.0,0.0,16420.419,16420.419
2012-11-22,16420.419,0.0,0.0,16420.419,16420.419
2012-11-23,16420.419,0.0,0.0,16420.419,16420.419
2012-11-24,16420.419,0.0,0.0,16420.419,16420.419
2012-11-25,16420.419,0.0,0.0,16420.419,16420.419
2012-11-26,16420.419,0.0,0.0,16420.419,16420.419
2012-11-27,16420.419,0.0,0.0,16420.419,16420.419
2012-11-28,16420.419,0.0,0.0,16420.419,16420.419
2012-11-29,16420.419,0.0,0.0,16420.419,16420.419
2012-11-30,16420.419,0.0,0.0,16420.419,16420.419
2012-12-01,16420.419,0.0,0.0,16420.419,16420.419
2012-12-02,16420.419,0.0,0.0,16420.419,16420.419
2012-12-03,16420.419,0.0,0.0,16420.419,16420.419
2012-12-04,16420.419,0.0,0.0,16420.419,16420.419
2012-12-05,16420.419,0.0,0.0,16420.419,16420.419
2012-12-06,16420.419,0.0,0.0,16420.419,16420.419
2012-12-07,16420.419,0.0,0.0,16420.419,16420.419
2012-12-08,16420.419,0.0,0.0,16420.419,16420.419
2012-12-09,16420.419,0.0,0.0,16420.419,16420.419
2012-12-10,16420.419,0.0,0.0,16420.419,16420.419
2012-12-11,16420.419,0.0,0.0,16420.419,16420.419
2012-12-12,16420.419,0.0,0.0,16420.419,16420.419
2012-12-13,16420.419,0.0,0.0,16420.419,16420.419
2012-12-14,16420.419,0.0,0.0,16420.419,16420.419
2012-12-15,16420.419,0.0,0.0,16420.419,16420.419
2012-12-16,16420.419,0.0,0.0,16420.419,16420.419
2012-12-17,16420.419,0.0,0.0,16420.419,16420.419
2012-12-18,16420.419,0.0,0.0,16420.419,16420.419
2012-12-19,16420.419,0.0,0.0,16420.419,16420.419
2012-12-20,16420.419,0.0,0.0,16420.419,16420.419
2012-12-21,16420.419,0.0,0.0,16420.419,16420.419
2012-12-22,16420.419,0.0,0.0,16420.419,16420.419
2012-12-23,16420.419,0.0,0.0,16420.419,16420.419
2012-12-24,16420.419,0.0,0.0,16420.419,16420.419
2012-12-25,16420.419,0.0,0.0,16420.419,16420.419
2012-12-26,16420.419,0.0,0.0,16420.419,16420.419
2012-12-27,16420.419,0.0,0.0,16420.419,16420.419
2012-12-28,16420.419,0.0,0.0,16420.419,16420.419
2012-12-29,16420.419,0.0,0.0,16420.419,16420.419
2012-12-30,16420.419,0.0,0.0,16420.419,16420.419
2012-12-31,16420.419,0.0,0.0,16420.419,16420.419
2013-01-01,16648.189,227.7699999999968,0.013871144213798425,16420.419,16420.419
2013-01-02,16648.189,0.0,0.0,16420.419,16420.419
2013-01-03,16648.189,0.0,0.0,16420.419,16420.419
2013-01-04,16648.189,0.0,0.0,16420.419,16420.419
2013-01-05,16648.189,0.0,0.0,16420.419,16420.419
2013-01-06,16648.189,0.0,0.0,16420.419,16420.419
2013-01-07,16648.189,0.0,0.0,16420.419,16420.419
2013-01-08,16648.189,0.0,0.0,16648.189,16420.419
2013-01-09,16648.189,0.0,0.0,16648.189,16420.419
2013-01-10,16648.189,0.0,0.0,16648.189,16420.419
2013-01-11,16648.189,0.0,0.0,16648.189,16420.419
2013-01-12,16648.189,0.0,0.0,16648.189,16420.419
2013-01-13,16648.189,0.0,0.0,16648.189,16420.419
2013-01-14,16648.189,0.0,0.0,16648.189,16420.419
2013-01-15,16648.189,0.0,0.0,16648.189,16420.419
2013-01-16,16648.189,0.0,0.0,16648.189,16420.419
2013-01-17,16648.189,0.0,0.0,16648.189,16420.419
2013-01-18,16648.189,0.0,0.0,16648.189,16420.419
2013-01-19,16648.189,0.0,0.0,16648.189,16420.419
2013-01-20,16648.189,0.0,0.0,16648.189,16420.419
2013-01-21,16648.189,0.0,0.0,16648.189,16420.419
2013-01-22,16648.189,0.0,0.0,16648.189,16420.419
2013-01-23,16648.189,0.0,0.0,16648.189,16420.419
2013-01-24,16648.189,0.0,0.0,16648.189,16420.419
2013-01-25,16648.189,0.0,0.0,16648.189,16420.419
2013-01-26,16648.189,0.0,0.0,16648.189,16420.419
2013-01-27,16648.189,0.0,0.0,16648.189,16420.419
2013-01-28,16648.189,0.0,0.0,16648.189,16420.419
2013-01-29,16648.189,0.0,0.0,16648.189,16420.419
2013-01-30,16648.189,0.0,0.0,16648.189,16420.419
2013-01-31,16648.189,0.0,0.0,16648.189,16648.189
2013-02-01,16648.189,0.0,0.0,16648.189,16648.189
2013-02-02,16648.189,0.0,0.0,16648.189,16648.189
2013-02-03,16648.189,0.0,0.0,16648.189,16648.189
2013-02-04,16648.189,0.0,0.0,16648.189,16648.189
2013-02-05,16648.189,0.0,0.0,16648.189,16648.189
2013-02-06,16648.189,0.0,0.0,16648.189,16648.189
2013-02-07,16648.189,0.0,0.0,16648.189,16648.189
2013-02-08,16648.189,0.0,0.0,16648.189,16648.189
2013-02-09,16648.189,0.0,0.0,16648.189,16648.189
2013-02-10,16648.189,0.0,0.0,16648.189,16648.189
2013-02-11,16648.189,0.0,0.0,16648.189,16648.189
2013-02-12,16648.189,0.0,0.0,16648.189,16648.189
2013-02-13,16648.189,0.0,0.0,16648.189,16648.189
2013-02-14,16648.189,0.0,0.0,16648.189,16648.189
2013-02-15,16648.189,0.0,0.0,16648.189,16648.189
2013-02-16,16648.189,0.0,0.0,16648.189,16648.189
2013-02-17,16648.189,0.0,0.0,16648.189,16648.189
2013-02-18,16648.189,0.0,0.0,16648.189,16648.189
2013-02-19,16648.189,0.0,0.0,16648.189,16648.189
2013-02-20,16648.189,0.0,0.0,16648.189,16648.189
2013-02-21,16648.189,0.0,0.0,16648.189,16648.189
2013-02-22,16648.189,0.0,0.0,16648.189,16648.189
2013-02-23,16648.189,0.0,0.0,16648.189,16648.189
2013-02-24,16648.189,0.0,0.0,16648.189,16648.189
2013-02-25,16648.189,0.0,0.0,16648.189,16648.189
2013-02-26,16648.189,0.0,0.0,16648.189,16648.189
2013-02-27,16648.189,0.0,0.0,16648.189,16648.189
2013-02-28,16648.189,0.0,0.0,16648.189,16648.189
2013-03-01,16648.189,0.0,0.0,16648.189,16648.189
2013-03-02,16648.189,0.0,0.0,16648.189,16648.189
2013-03-03,16648.189,0.0,0.0,16648.189,16648.189
2013-03-04,16648.189,0.0,0.0,16648.189,16648.189
2013-03-05,16648.189,0.0,0.0,16648.189,16648.189
2013-03-06,16648.189,0.0,0.0,16648.189,16648.189
2013-03-07,16648.189,0.0,0.0,16648.189,16648.189
2013-03-08,16648.189,0.0,0.0,16648.189,16648.189
2013-03-09,16648.189,0.0,0.0,16648.189,16648.189
2013-03-10,16648.189,0.0,0.0,16648.189,16648.189
2013-03-11,16648.189,0.0,0.0,16648.189,16648.189
2013-03-12,16648.189,0.0,0.0,16648.189,16648.189
2013-03-13,16648.189,0.0,0.0,16648.189,16648.189
2013-03-14,16648.189,0.0,0.0,16648.189,16648.189
2013-03-15,16648.189,0.0,0.0,16648.189,16648.189
2013-03-16,16648.189,0.0,0.0,16648.189,16648.189
2013-03-17,16648.189,0.0,0.0,16648.189,16648.189
2013-03-18,16648.189,0.0,0.0,16648.189,16648.189
2013-03-19,16648.189,0.0,0.0,16648.189,16648.189
2013-03-20,16648.189,0.0,0.0,16648.189,16648.189
2013-03-21,16648.189,0.0,0.0,16648.189,16648.189
2013-03-22,16648.189,0.0,0.0,16648.189,16648.189
2013-03-23,16648.189,0.0,0.0,16648.189,16648.189
2013-03-24,16648.189,0.0,0.0,16648.189,16648.189
2013-03-25,16648.189,0.0,0.0,16648.189,16648.189
2013-03-26,16648.189,0.0,0.0,16648.189,16648.189
2013-03-27,16648.189,0.0,0.0,16648.189,16648.189
2013-03-28,16648.189,0.0,0.0,16648.189,16648.189
2013-03-29,16648.189,0.0,0.0,16648.189,16648.189
2013-03-30,16648.189,0.0,0.0,16648.189,16648.189
2013-03-31,16648.189,0.0,0.0,16648.189,16648.189
2013-04-01,16728.687,80.49800000000323,0.004835240637885763,16648.189,16648.189
2013-04-02,16728.687,0.0,0.0,16648.189,16648.189
2013-04-03,16728.687,0.0,0.0,16648.189,16648.189
2013-04-04,16728.687,0.0,0.0,16648.189,16648.189
2013-04-05,16728.687,0.0,0.0,16648.189,16648.189
2013-04-06,16728.687,0.0,0.0,16648.189,16648.189
2013-04-07,16728.687,0.0,0.0,16648.189,16648.189
2013-04-08,16728.687,0.0,0.0,16728.687,16648.189
2013-04-09,16728.687,0.0,0.0,16728.687,16648.189
2013-04-10,16728.687,0.0,0.0,16728.687,16648.189
2013-04-11,16728.687,0.0,0.0,16728.687,16648.189
2013-04-12,16728.687,0.0,0.0,16728.687,16648.189
2013-04-13,16728.687,0.0,0.0,16728.687,16648.189
2013-04-14,16728.687,0.0,0.0,16728.687,16648.189
2013-04-15,16728.687,0.0,0.0,16728.687,16648.189
2013-04-16,16728.687,0.0,0.0,16728.687,16648.189
2013-04-17,16728.687,0.0,0.0,16728.687,16648.189
2013-04-18,16728.687,0.0,0.0,16728.687,16648.189
2013-04-19,16728.687,0.0,0.0,16728.687,16648.189
2013-04-20,16728.687,0.0,0.0,16728.687,16648.189
2013-04-21,16728.687,0.0,0.0,16728.687,16648.189
2013-04-22,16728.687,0.0,0.0,16728.687,16648.189
2013-04-23,16728.687,0.0,0.0,16728.687,16648.189
2013-04-24,16728.687,0.0,0.0,16728.687,16648.189
2013-04-25,16728.687,0.0,0.0,16728.687,16648.189
2013-04-26,16728.687,0.0,0.0,16728.687,16648.189
2013-04-27,16728.687,0.0,0.0,16728.687,16648.189
2013-04-28,16728.687,0.0,0.0,16728.687,16648.189
2013-04-29,16728.687,0.0,0.0,16728.687,16648.189
2013-04-30,16728.687,0.0,0.0,16728.687,16648.189
2013-05-01,16728.687,0.0,0.0,16728.687,16728.687
2013-05-02,16728.687,0.0,0.0,16728.687,16728.687
2013-05-03,16728.687,0.0,0.0,16728.687,16728.687
2013-05-04,16728.687,0.0,0.0,16728.687,16728.687
2013-05-05,16728.687,0.0,0.0,16728.687,16728.687
2013-05-06,16728.687,0.0,0.0,16728.687,16728.687
2013-05-07,16728.687,0.0,0.0,16728.687,16728.687
2013-05-08,16728.687,0.0,0.0,16728.687,16728.687
2013-05-09,16728.687,0.0,0.0,16728.687,16728.687
2013-05-10,16728.687,0.0,0.0,16728.687,16728.687
2013-05-11,16728.687,0.0,0.0,16728.687,16728.687
2013-05-12,16728.687,0.0,0.0,16728.687,16728.687
2013-05-13,16728.687,0.0,0.0,16728.687,16728.687
2013-05-14,16728.687,0.0,0.0,16728.687,16728.687
2013-05-15,16728.687,0.0,0.0,16728.687,16728.687
2013-05-16,16728.687,0.0,0.0,16728.687,16728.687
2013-05-17,16728.687,0.0,0.0,16728.687,16728.687
2013-05-18,16728.687,0.0,0.0,16728.687,16728.687
2013-05-19,16728.687,0.0,0.0,16728.687,16728.687
2013-05-20,16728.687,0.0,0.0,16728.687,16728.687
2013-05-21,16728.687,0.0,0.0,16728.687,16728.687
2013-05-22,16728.687,0.0,0.0,16728.687,16728.687
2013-05-23,16728.687,0.0,0.0,16728.687,16728.687
2013-05-24,16728.687,0.0,0.0,16728.687,16728.687
2013-05-25,16728.687,0.0,0.0,16728.687,16728.687
2013-05-26,16728.687,0.0,0.0,16728.687,16728.687
2013-05-27,16728.687,0.0,0.0,16728.687,16728.687
2013-05-28,16728.687,0.0,0.0,16728.687,16728.687
2013-05-29,16728.687,0.0,0.0,16728.687,16728.687
2013-05-30,16728.687,0.0,0.0,16728.687,16728.687
2013-05-31,16728.687,0.0,0.0,16728.687,16728.687
2013-06-01,16728.687,0.0,0.0,16728.687,16728.687
2013-06-02,16728.687,0.0,0.0,16728.687,16728.687
2013-06-03,16728.687,0.0,0.0,16728.687,16728.687
2013-06-04,16728.687,0.0,0.0,16728.687,16728.687
2013-06-05,16728.687,0.0,0.0,16728.687,16728.687
2013-06-06,16728.687,0.0,0.0,16728.687,16728.687
2013-06-07,16728.687,0.0,0.0,16728.687,16728.687
2013-06-08,16728.687,0.0,0.0,16728.687,16728.687
2013-06-09,16728.687,0.0,0.0,16728.687,16728.687
2013-06-10,16728.687,0.0,0.0,16728.687,16728.687
2013-06-11,16728.687,0.0,0.0,16728.687,16728.687
2013-06-12,16728.687,0.0,0.0,16728.687,16728.687
2013-06-13,16728.687,0.0,0.0,16728.687,16728.687
2013-06-14,16728.687,0.0,0.0,16728.687,16728.687
2013-06-15,16728.687,0.0,0.0,16728.687,16728.687
2013-06-16,16728.687,0.0,0.0,16728.687,16728.687
2013-06-17,16728.687,0.0,0.0,16728.687,16728.687
2013-06-18,16728.687,0.0,0.0,16728.687,16728.687
2013-06-19,16728.687,0.0,0.0,16728.687,16728.687
2013-06-20,16728.687,0.0,0.0,16728.687,16728.687
2013-06-21,16728.687,0.0,0.0,16728.687,16728.687
2013-06-22,16728.687,0.0,0.0,16728.687,16728.687
2013-06-23,16728.687,0.0,0.0,16728.687,16728.687
2013-06-24,16728.687,0.0,0.0,16728.687,16728.687
2013-06-25,16728.687,0.0,0.0,16728.687,16728.687
2013-06-26,16728.687,0.0,0.0,16728.687,16728.687
2013-06-27,16728.687,0.0,0.0,16728.687,16728.687
2013-06-28,16728.687,0.0,0.0,16728.687,16728.687
2013-06-29,16728.687,0.0,0.0,16728.687,16728.687
2013-06-30,16728.687,0.0,0.0,16728.687,16728.687
2013-07-01,16953.838,225.15099999999802,0.013458976188627236,16728.687,16728.687
2013-07-02,16953.838,0.0,0.0,16728.687,16728.687
2013-07-03,16953.838,0.0,0.0,16728.687,16728.687
2013-07-04,16953.838,0.0,0.0,16728.687,16728.687
2013-07-05,16953.838,0.0,0.0,16728.687,16728.687
2013-07-06,16953.838,0.0,0.0,16728.687,16728.687
2013-07-07,16953.838,0.0,0.0,16728.687,16728.687
2013-07-08,16953.838,0.0,0.0,16953.838,16728.687
2013-07-09,16953.838,0.0,0.0,16953.838,16728.687
2013-07-10,16953.838,0.0,0.0,16953.838,16728.687
2013-07-11,16953.838,0.0,0.0,16953.838,16728.687
2013-07-12,16953.838,0.0,0.0,16953.838,16728.687
2013-07-13,16953.838,0.0,0.0,16953.838,16728.687
2013-07-14,16953.838,0.0,0.0,16953.838,16728.687
2013-07-15,16953.838,0.0,0.0,16953.838,16728.687
2013-07-16,16953.838,0.0,0.0,16953.838,16728.687
2013-07-17,16953.838,0.0,0.0,16953.838,16728.687
2013-07-18,16953.838,0.0,0.0,16953.838,16728.687
2013-07-19,16953.838,0.0,0.0,16953.838,16728.687
2013-07-20,16953.838,0.0,0.0,16953.838,16728.687
2013-07-21,16953.838,0.0,0.0,16953.838,16728.687
2013-07-22,16953.838,0.0,0.0,16953.838,16728.687
2013-07-23,16953.838,0.0,0.0,16953.838,16728.687
2013-07-24,16953.838,0.0,0.0,16953.838,16728.687
2013-07-25,16953.838,0.0,0.0,16953.838,16728.687
2013-07-26,16953.838,0.0,0.0,16953.838,16728.687
2013-07-27,16953.838,0.0,0.0,16953.838,16728.687
2013-07-28,16953.838,0.0,0.0,16953.838,16728.687
2013-07-29,16953.838,0.0,0.0,16953.838,16728.687
2013-07-30,16953.838,0.0,0.0,16953.838,16728.687
2013-07-31,16953.838,0.0,0.0,16953.838,16953.838
2013-08-01,16953.838,0.0,0.0,16953.838,16953.838
2013-08-02,16953.838,0.0,0.0,16953.838,16953.838
2013-08-03,16953.838,0.0,0.0,16953.838,16953.838
2013-08-04,16953.838,0.0,0.0,16953.838,16953.838
2013-08-05,16953.838,0.0,0.0,16953.838,16953.838
2013-08-06,16953.838,0.0,0.0,16953.838,16953.838
2013-08-07,16953.838,0.0,0.0,16953.838,16953.838
2013-08-08,16953.838,0.0,0.0,16953.838,16953.838
2013-08-09,16953.838,0.0,0.0,16953.838,16953.838
2013-08-10,16953.838,0.0,0.0,16953.838,16953.838
2013-08-11,16953.838,0.0,0.0,16953.838,16953.838
2013-08-12,16953.838,0.0,0.0,16953.838,16953.838
2013-08-13,16953.838,0.0,0.0,16953.838,16953.838
2013-08-14,16953.838,0.0,0.0,16953.838,16953.838
2013-08-15,16953.838,0.0,0.0,16953.838,16953.838
2013-08-16,16953.838,0.0,0.0,16953.838,16953.838
2013-08-17,16953.838,0.0,0.0,16953.838,16953.838
2013-08-18,16953.838,0.0,0.0,16953.838,16953.838
2013-08-19,16953.838,0.0,0.0,16953.838,16953.838
2013-08-20,16953.838,0.0,0.0,16953.838,16953.838
2013-08-21,16953.838,0.0,0.0,16953.838,16953.838
2013-08-22,16953.838,0.0,0.0,16953.838,16953.838
2013-08-23,16953.838,0.0,0.0,16953.838,16953.838
2013-08-24,16953.838,0.0,0.0,16953.838,16953.838
2013-08-25,16953.838,0.0,0.0,16953.838,16953.838
2013-08-26,16953.838,0.0,0.0,16953.838,16953.838
2013-08-27,16953.838,0.0,0.0,16953.838,16953.838
2013-08-28,16953.838,0.0,0.0,16953.838,16953.838
2013-08-29,16953.838,0.0,0.0,16953.838,16953.838
2013-08-30,16953.838,0.0,0.0,16953.838,16953.838
2013-08-31,16953.838,0.0,0.0,16953.838,16953.838
2013-09-01,16953.838,0.0,0.0,16953.838,16953.838
2013-09-02,16953.838,0.0,0.0,16953.838,16953.838
2013-09-03,16953.838,0.0,0.0,16953.838,16953.838
2013-09-04,16953.838,0.0,0.0,16953.838,16953.838
2013-09-05,16953.838,0.0,0.0,16953.838,16953.838
2013-09-06,16953.838,0.0,0.0,16953.838,16953.838
2013-09-07,16953.838,0.0,0.0,16953.838,16953.838
2013-09-08,16953.838,0.0,0.0,16953.838,16953.838
2013-09-09,16953.838,0.0,0.0,16953.838,16953.838
2013-09-10,16953.838,0.0,0.0,16953.838,16953.838
2013-09-11,16953.838,0.0,0.0,16953.838,16953.838
2013-09-12,16953.838,0.0,0.0,16953.838,16953.838
2013-09-13,16953.838,0.0,0.0,16953.838,16953.838
2013-09-14,16953.838,0.0,0.0,16953.838,16953.838
2013-09-15,16953.838,0.0,0.0,16953.838,16953.838
2013-09-16,16953.838,0.0,0.0,16953.838,16953.838
2013-09-17,16953.838,0.0,0.0,16953.838,16953.838
2013-09-18,16953.838,0.0,0.0,16953.838,16953.838
2013-09-19,16953.838,0.0,0.0,16953.838,16953.838
2013-09-20,16953.838,0.0,0.0,16953.838,16953.838
2013-09-21,16953.838,0.0,0.0,16953.838,16953.838
2013-09-22,16953.838,0.0,0.0,16953.838,16953.838
2013-09-23,16953.838,0.0,0.0,16953.838,16953.838
2013-09-24,16953.838,0.0,0.0,16953.838,16953.838
2013-09-25,16953.838,0.0,0.0,16953.838,16953.838
2013-09-26,16953.838,0.0,0.0,16953.838,16953.838
2013-09-27,16953.838,0.0,0.0,16953.838,16953.838
2013-09-28,16953.838,0.0,0.0,16953.838,16953.838
2013-09-29,16953.838,0.0,0.0,16953.838,16953.838
2013-09-30,16953.838,0.0,0.0,16953.838,16953.838
2013-10-01,17192.019,238.1810000000005,0.014048795322923358,16953.838,16953.838
2013-10-02,17192.019,0.0,0.0,16953.838,16953.838
2013-10-03,17192.019,0.0,0.0,16953.838,16953.838
2013-10-04,17192.019,0.0,0.0,16953.838,16953.838
2013-10-05,17192.019,0.0,0.0,16953.838,16953.838
2013-10-06,17192.019,0.0,0.0,16953.838,16953.838
2013-10-07,17192.019,0.0,0.0,16953.838,16953.838
2013-10-08,17192.019,0.0,0.0,17192.019,16953.838
2013-10-09,17192.019,0.0,0.0,17192.019,16953.838
2013-10-10,17192.019,0.0,0.0,17192.019,16953.838
2013-10-11,17192.019,0.0,0.0,17192.019,16953.838
2013-10-12,17192.019,0.0,0.0,17192.019,16953.838
2013-10-13,17192.019,0.0,0.0,17192.019,16953.838
2013-10-14,17192.019,0.0,0.0,17192.019,16953.838
2013-10-15,17192.019,0.0,0.0,17192.019,16953.838
2013-10-16,17192.019,0.0,0.0,17192.019,16953.838
2013-10-17,17192.019,0.0,0.0,17192.019,16953.838
2013-10-18,17192.019,0.0,0.0,17192.019,16953.838
2013-10-19,17192.019,0.0,0.0,17192.019,16953.838
2013-10-20,17192.019,0.0,0.0,17192.019,16953.838
2013-10-21,17192.019,0.0,0.0,17192.019,16953.838
2013-10-22,17192.019,0.0,0.0,17192.019,16953.838
2013-10-23,17192.019,0.0,0.0,17192.019,16953.838
2013-10-24,17192.019,0.0,0.0,17192.019,16953.838
2013-10-25,17192.019,0.0,0.0,17192.019,16953.838
2013-10-26,17192.019,0.0,0.0,17192.019,16953.838
2013-10-27,17192.019,0.0,0.0,17192.019,16953.838
2013-10-28,17192.019,0.0,0.0,17192.019,16953.838
2013-10-29,17192.019,0.0,0.0,17192.019,16953.838
2013-10-30,17192.019,0.0,0.0,17192.019,16953.838
2013-10-31,17192.019,0.0,0.0,17192.019,17192.019
2013-11-01,17192.019,0.0,0.0,17192.019,17192.019
2013-11-02,17192.019,0.0,0.0,17192.019,17192.019
2013-11-03,17192.019,0.0,0.0,17192.019,17192.019
2013-11-04,17192.019,0.0,0.0,17192.019,17192.019
2013-11-05,17192.019,0.0,0.0,17192.019,17192.019
2013-11-06,17192.019,0.0,0.0,17192.019,17192.019
2013-11-07,17192.019,0.0,0.0,17192.019,17192.019
2013-11-08,17192.019,0.0,0.0,17192.019,17192.019
2013-11-09,17192.019,0.0,0.0,17192.019,17192.019
2013-11-10,17192.019,0.0,0.0,17192.019,17192.019
2013-11-11,17192.019,0.0,0.0,17192.019,17192.019
2013-11-12,17192.019,0.0,0.0,17192.019,17192.019
2013-11-13,17192.019,0.0,0.0,17192.019,17192.019
2013-11-14,17192.019,0.0,0.0,17192.019,17192.019
2013-11-15,17192.019,0.0,0.0,17192.019,17192.019
2013-11-16,17192.019,0.0,0.0,17192.019,17192.019
2013-11-17,17192.019,0.0,0.0,17192.019,17192.019
2013-11-18,17192.019,0.0,0.0,17192.019,17192.019
2013-11-19,17192.019,0.0,0.0,17192.019,17192.019
2013-11-20,17192.019,0.0,0.0,17192.019,17192.019
2013-11-21,17192.019,0.0,0.0,17192.019,17192.019
2013-11-22,17192.019,0.0,0.0,17192.019,17192.019
2013-11-23,17192.019,0.0,0.0,17192.019,17192.019
2013-11-24,17192.019,0.0,0.0,17192.019,17192.019
2013-11-25,17192.019,0.0,0.0,17192.019,17192.019
2013-11-26,17192.019,0.0,0.0,17192.019,17192.019
2013-11-27,17192.019,0.0,0.0,17192.019,17192.019
2013-11-28,17192.019,0.0,0.0,17192.019,17192.019
2013-11-29,17192.019,0.0,0.0,17192.019,17192.019
2013-11-30,17192.019,0.0,0.0,17192.019,17192.019
2013-12-01,17192.019,0.0,0.0,17192.019,17192.019
2013-12-02,17192.019,0.0,0.0,17192.019,17192.019
2013-12-03,17192.019,0.0,0.0,17192.019,17192.019
2013-12-04,17192.019,0.0,0.0,17192.019,17192.019
2013-12-05,17192.019,0.0,0.0,17192.019,17192.019
2013-12-06,17192.019,0.0,0.0,17192.019,17192.019
2013-12-07,17192.019,0.0,0.0,17192.019,17192.019
2013-12-08,17192.019,0.0,0.0,17192.019,17192.019
2013-12-09,17192.019,0.0,0.0,17192.019,17192.019
2013-12-10,17192.019,0.0,0.0,17192.019,17192.019
2013-12-11,17192.019,0.0,0.0,17192.019,17192.019
2013-12-12,17192.019,0.0,0.0,17192.019,17192.019
2013-12-13,17192.019,0.0,0.0,17192.019,17192.019
2013-12-14,17192.019,0.0,0.0,17192.019,17192.019
2013-12-15,17192.019,0.0,0.0,17192.019,17192.019
2013-12-16,17192.019,0.0,0.0,17192.019,17192.019
2013-12-17,17192.019,0.0,0.0,17192.019,17192.019
2013-12-18,17192.019,0.0,0.0,17192.019,17192.019
2013-12-19,17192.019,0.0,0.0,17192.019,17192.019
2013-12-20,17192.019,0.0,0.0,17192.019,17192.019
2013-12-21,17192.019,0.0,0.0,17192.019,17192.019
2013-12-22,17192.019,0.0,0.0,17192.019,17192.019
2013-12-23,17192.019,0.0,0.0,17192.019,17192.019
2013-12-24,17192.019,0.0,0.0,17192.019,17192.019
2013-12-25,17192.019,0.0,0.0,17192.019,17192.019
2013-12-26,17192.019,0.0,0.0,17192.019,17192.019
2013-12-27,17192.019,0.0,0.0,17192.019,17192.019
2013-12-28,17192.019,0.0,0.0,17192.019,17192.019
2013-12-29,17192.019,0.0,0.0,17192.019,17192.019
2013-12-30,17192.019,0.0,0.0,17192.019,17192.019
2013-12-31,17192.019,0.0,0.0,17192.019,17192.019
2014-01-01,17197.738,5.71900000000096,0.0003326543554891259,17192.019,17192.019
2014-01-02,17197.738,0.0,0.0,17192.019,17192.019
2014-01-03,17197.738,0.0,0.0,17192.019,17192.019
2014-01-04,17197.738,0.0,0.0,17192.019,17192.019
2014-01-05,17197.738,0.0,0.0,17192.019,17192.019
2014-01-06,17197.738,0.0,0.0,17192.019,17192.019
2014-01-07,17197.738,0.0,0.0,17192.019,17192.019
2014-01-08,17197.738,0.0,0.0,17197.738,17192.019
2014-01-09,17197.738,0.0,0.0,17197.738,17192.019
2014-01-10,17197.738,0.0,0.0,17197.738,17192.019
2014-01-11,17197.738,0.0,0.0,17197.738,17192.019
2014-01-12,17197.738,0.0,0.0,17197.738,17192.019
2014-01-13,17197.738,0.0,0.0,17197.738,17192.019
2014-01-14,17197.738,0.0,0.0,17197.738,17192.019
2014-01-15,17197.738,0.0,0.0,17197.738,17192.019
2014-01-16,17197.738,0.0,0.0,17197.738,17192.019
2014-01-17,17197.738,0.0,0.0,17197.738,17192.019
2014-01-18,17197.738,0.0,0.0,17197.738,17192.019
2014-01-19,17197.738,0.0,0.0,17197.738,17192.019
2014-01-20,17197.738,0.0,0.0,17197.738,17192.019
2014-01-21,17197.738,0.0,0.0,17197.738,17192.019
2014-01-22,17197.738,0.0,0.0,17197.738,17192.019
2014-01-23,17197.738,0.0,0.0,17197.738,17192.019
2014-01-24,17197.738,0.0,0.0,17197.738,17192.019
2014-01-25,17197.738,0.0,0.0,17197.738,17192.019
2014-01-26,17197.738,0.0,0.0,17197.738,17192.019
2014-01-27,17197.738,0.0,0.0,17197.738,17192.019
2014-01-28,17197.738,0.0,0.0,17197.738,17192.019
2014-01-29,17197.738,0.0,0.0,17197.738,17192.019
2014-01-30,17197.738,0.0,0.0,17197.738,17192.019
2014-01-31,17197.738,0.0,0.0,17197.738,17197.738
2014-02-01,17197.738,0.0,0.0,17197.738,17197.738
2014-02-02,17197.738,0.0,0.0,17197.738,17197.738
2014-02-03,17197.738,0.0,0.0,17197.738,17197.738
2014-02-04,17197.738,0.0,0.0,17197.738,17197.738
2014-02-05,17197.738,0.0,0.0,17197.738,17197.738
2014-02-06,17197.738,0.0,0.0,17197.738,17197.738
2014-02-07,17197.738,0.0,0.0,17197.738,17197.738
2014-02-08,17197.738,0.0,0.0,17197.738,17197.738
2014-02-09,17197.738,0.0,0.0,17197.738,17197.738
2014-02-10,17197.738,0.0,0.0,17197.738,17197.738
2014-02-11,17197.738,0.0,0.0,17197.738,17197.738
2014-02-12,17197.738,0.0,0.0,17197.738,17197.738
2014-02-13,17197.738,0.0,0.0,17197.738,17197.738
2014-02-14,17197.738,0.0,0.0,17197.738,17197.738
2014-02-15,17197.738,0.0,0.0,17197.738,17197.738
2014-02-16,17197.738,0.0,0.0,17197.738,17197.738
2014-02-17,17197.738,0.0,0.0,17197.738,17197.738
2014-02-18,17197.738,0.0,0.0,17197.738,17197.738
2014-02-19,17197.738,0.0,0.0,17197.738,17197.738
2014-02-20,17197.738,0.0,0.0,17197.738,17197.738
2014-02-21,17197.738,0.0,0.0,17197.738,17197.738
2014-02-22,17197.738,0.0,0.0,17197.738,17197.738
2014-02-23,17197.738,0.0,0.0,17197.738,17197.738
2014-02-24,17197.738,0.0,0.0,17197.738,17197.738
2014-02-25,17197.738,0.0,0.0,17197.738,17197.738
2014-02-26,17197.738,0.0,0.0,17197.738,17197.738
2014-02-27,17197.738,0.0,0.0,17197.738,17197.738
2014-02-28,17197.738,0.0,0.0,17197.738,17197.738
2014-03-01,17197.738,0.0,0.0,17197.738,17197.738
2014-03-02,17197.738,0.0,0.0,17197.738,17197.738
2014-03-03,17197.738,0.0,0.0,17197.738,17197.738
2014-03-04,17197.738,0.0,0.0,17197.738,17197.738
2014-03-05,17197.738,0.0,0.0,17197.738,17197.738
2014-03-06,17197.738,0.0,0.0,17197.738,17197.738
2014-03-07,17197.738,0.0,0.0,17197.738,17197.738
2014-03-08,17197.738,0.0,0.0,17197.738,17197.738
2014-03-09,17197.738,0.0,0.0,17197.738,17197.738
2014-03-10,17197.738,0.0,0.0,17197.738,17197.738
2014-03-11,17197.738,0.0,0.0,17197.738,17197.738
2014-03-12,17197.738,0.0,0.0,17197.738,17197.738
2014-03-13,17197.738,0.0,0.0,17197.738,17197.738
2014-03-14,17197.738,0.0,0.0,17197.738,17197.738
2014-03-15,17197.738,0.0,0.0,17197.738,17197.738
2014-03-16,17197.738,0.0,0.0,17197.738,17197.738
2014-03-17,17197.738,0.0,0.0,17197.738,17197.738
2014-03-18,17197.738,0.0,0.0,17197.738,17197.738
2014-03-19,17197.738,0.0,0.0,17197.738,17197.738
2014-03-20,17197.738,0.0,0.0,17197.738,17197.738
2014-03-21,17197.738,0.0,0.0,17197.738,17197.738
2014-03-22,17197.738,0.0,0.0,17197.738,17197.738
2014-03-23,17197.738,0.0,0.0,17197.738,17197.738
2014-03-24,17197.738,0.0,0.0,17197.738,17197.738
2014-03-25,17197.738,0.0,0.0,17197.738,17197.738
2014-03-26,17197.738,0.0,0.0,17197.738,17197.738
2014-03-27,17197.738,0.0,0.0,17197.738,17197.738
2014-03-28,17197.738,0.0,0.0,17197.738,17197.738
2014-03-29,17197.738,0.0,0.0,17197.738,17197.738
2014-03-30,17197.738,0.0,0.0,17197.738,17197.738
2014-03-31,17197.738,0.0,0.0,17197.738,17197.738
2014-04-01,17518.508,320.77000000000044,0.018651871542641363,17197.738,17197.738
2014-04-02,17518.508,0.0,0.0,17197.738,17197.738
2014-04-03,17518.508,0.0,0.0,17197.738,17197.738
2014-04-04,17518.508,0.0,0.0,17197.738,17197.738
2014-04-05,17518.508,0.0,0.0,17197.738,17197.738
2014-04-06,17518.508,0.0,0.0,17197.738,17197.738
2014-04-07,17518.508,0.0,0.0,17197.738,17197.738
2014-04-08,17518.508,0.0,0.0,17518.508,17197.738
2014-04-09,17518.508,0.0,0.0,17518.508,17197.738
2014-04-10,17518.508,0.0,0.0,17518.508,17197.738
2014-04-11,17518.508,0.0,0.0,17518.508,17197.738
2014-04-12,17518.508,0.0,0.0,17518.508,17197.738
2014-04-13,17518.508,0.0,0.0,17518.508,17197.738
2014-04-14,17518.508,0.0,0.0,17518.508,17197.738
2014-04-15,17518.508,0.0,0.0,17518.508,17197.738
2014-04-16,17518.508,0.0,0.0,17518.508,17197.738
2014-04-17,17518.508,0.0,0.0,17518.508,17197.738
2014-04-18,17518.508,0.0,0.0,17518.508,17197.738
2014-04-19,17518.508,0.0,0.0,17518.508,17197.738
2014-04-20,17518.508,0.0,0.0,17518.508,17197.738
2014-04-21,17518.508,0.0,0.0,17518.508,17197.738
2014-04-22,17518.508,0.0,0.0,17518.508,17197.738
2014-04-23,17518.508,0.0,0.0,17518.508,17197.738
2014-04-24,17518.508,0.0,0.0,17518.508,17197.738
2014-04-25,17518.508,0.0,0.0,17518.508,17197.738
2014-04-26,17518.508,0.0,0.0,17518.508,17197.738
2014-04-27,17518.508,0.0,0.0,17518.508,17197.738
2014-04-28,17518.508,0.0,0.0,17518.508,17197.738
2014-04-29,17518.508,0.0,0.0,17518.508,17197.738
2014-04-30,17518.508,0.0,0.0,17518.508,17197.738
2014-05-01,17518.508,0.0,0.0,17518.508,17518.508
2014-05-02,17518.508,0.0,0.0,17518.508,17518.508
2014-05-03,17518.508,0.0,0.0,17518.508,17518.508
2014-05-04,17518.508,0.0,0.0,17518.508,17518.508
2014-05-05,17518.508,0.0,0.0,17518.508,17518.508
2014-05-06,17518.508,0.0,0.0,17518.508,17518.508
2014-05-07,17518.508,0.0,0.0,17518.508,17518.508
2014-05-08,17518.508,0.0,0.0,17518.508,17518.508
2014-05-09,17518.508,0.0,0.0,17518.508,17518.508
2014-05-10,17518.508,0.0,0.0,17518.508,17518.508
2014-05-11,17518.508,0.0,0.0,17518.508,17518.508
2014-05-12,17518.508,0.0,0.0,17518.508,17518.508
2014-05-13,17518.508,0.0,0.0,17518.508,17518.508
2014-05-14,17518.508,0.0,0.0,17518.508,17518.508
2014-05-15,17518.508,0.0,0.0,17518.508,17518.508
2014-05-16,17518.508,0.0,0.0,17518.508,17518.508
2014-05-17,17518.508,0.0,0.0,17518.508,17518.508
2014-05-18,17518.508,0.0,0.0,17518.508,17518.508
2014-05-19,17518.508,0.0,0.0,17518.508,17518.508
2014-05-20,17518.508,0.0,0.0,17518.508,17518.508
2014-05-21,17518.508,0.0,0.0,17518.508,17518.508
2014-05-22,17518.508,0.0,0.0,17518.508,17518.508
2014-05-23,17518.508,0.0,0.0,17518.508,17518.508
2014-05-24,17518.508,0.0,0.0,17518.508,17518.508
2014-05-25,17518.508,0.0,0.0,17518.508,17518.508
2014-05-26,17518.508,0.0,0.0,17518.508,17518.508
2014-05-27,17518.508,0.0,0.0,17518.508,17518.508
2014-05-28,17518.508,0.0,0.0,17518.508,17518.508
2014-05-29,17518.508,0.0,0.0,17518.508,17518.508
2014-05-30,17518.508,0.0,0.0,17518.508,17518.508
2014-05-31,17518.508,0.0,0.0,17518.508,17518.508
2014-06-01,17518.508,0.0,0.0,17518.508,17518.508
2014-06-02,17518.508,0.0,0.0,17518.508,17518.508
2014-06-03,17518.508,0.0,0.0,17518.508,17518.508
2014-06-04,17518.508,0.0,0.0,17518.508,17518.508
2014-06-05,17518.508,0.0,0.0,17518.508,17518.508
2014-06-06,17518.508,0.0,0.0,17518.508,17518.508
2014-06-07,17518.508,0.0,0.0,17518.508,17518.508
2014-06-08,17518.508,0.0,0.0,17518.508,17518.508
2014-06-09,17518.508,0.0,0.0,17518.508,17518.508
2014-06-10,17518.508,0.0,0.0,17518.508,17518.508
2014-06-11,17518.508,0.0,0.0,17518.508,17518.508
2014-06-12,17518.508,0.0,0.0,17518.508,17518.508
2014-06-13,17518.508,0.0,0.0,17518.508,17518.508
2014-06-14,17518.508,0.0,0.0,17518.508,17518.508
2014-06-15,17518.508,0.0,0.0,17518.508,17518.508
2014-06-16,17518.508,0.0,0.0,17518.508,17518.508
2014-06-17,17518.508,0.0,0.0,17518.508,17518.508
2014-06-18,17518.508,0.0,0.0,17518.508,17518.508
2014-06-19,17518.508,0.0,0.0,17518.508,17518.508
2014-06-20,17518.508,0.0,0.0,17518.508,17518.508
2014-06-21,17518.508,0.0,0.0,17518.508,17518.508
2014-06-22,17518.508,0.0,0.0,17518.508,17518.508
2014-06-23,17518.508,0.0,0.0,17518.508,17518.508
2014-06-24,17518.508,0.0,0.0,17518.508,17518.508
2014-06-25,17518.508,0.0,0.0,17518.508,17518.508
2014-06-26,17518.508,0.0,0.0,17518.508,17518.508
2014-06-27,17518.508,0.0,0.0,17518.508,17518.508
2014-06-28,17518.508,0.0,0.0,17518.508,17518.508
2014-06-29,17518.508,0.0,0.0,17518.508,17518.508
2014-06-30,17518.508,0.0,0.0,17518.508,17518.508
2014-07-01,17804.228,285.7199999999975,0.016309608101328976,17518.508,17518.508
2014-07-02,17804.228,0.0,0.0,17518.508,17518.508
2014-07-03,17804.228,0.0,0.0,17518.508,17518.508
2014-07-04,17804.228,0.0,0.0,17518.508,17518.508
2014-07-05,17804.228,0.0,0.0,17518.508,17518.508
2014-07-06,17804.228,0.0,0.0,17518.508,17518.508
2014-07-07,17804.228,0.0,0.0,17518.508,17518.508
2014-07-08,17804.228,0.0,0.0,17804.228,17518.508
2014-07-09,17804.228,0.0,0.0,17804.228,17518.508
2014-07-10,17804.228,0.0,0.0,17804.228,17518.508
2014-07-11,17804.228,0.0,0.0,17804.228,17518.508
2014-07-12,17804.228,0.0,0.0,17804.228,17518.508
2014-07-13,17804.228,0.0,0.0,17804.228,17518.508
2014-07-14,17804.228,0.0,0.0,17804.228,17518.508
2014-07-15,17804.228,0.0,0.0,17804.228,17518.508
2014-07-16,17804.228,0.0,0.0,17804.228,17518.508
2014-07-17,17804.228,0.0,0.0,17804.228,17518.508
2014-07-18,17804.228,0.0,0.0,17804.228,17518.508
2014-07-19,17804.228,0.0,0.0,17804.228,17518.508
2014-07-20,17804.228,0.0,0.0,17804.228,17518.508
2014-07-21,17804.228,0.0,0.0,17804.228,17518.508
2014-07-22,17804.228,0.0,0.0,17804.228,17518.508
2014-07-23,17804.228,0.0,0.0,17804.228,17518.508
2014-07-24,17804.228,0.0,0.0,17804.228,17518.508
2014-07-25,17804.228,0.0,0.0,17804.228,17518.508
2014-07-26,17804.228,0.0,0.0,17804.228,17518.508
2014-07-27,17804.228,0.0,0.0,17804.228,17518.508
2014-07-28,17804.228,0.0,0.0,17804.228,17518.508
2014-07-29,17804.228,0.0,0.0,17804.228,17518.508
2014-07-30,17804.228,0.0,0.0,17804.228,17518.508
2014-07-31,17804.228,0.0,0.0,17804.228,17804.228
2014-08-01,17804.228,0.0,0.0,17804.228,17804.228
2014-08-02,17804.228,0.0,0.0,17804.228,17804.228
2014-08-03,17804.228,0.0,0.0,17804.228,17804.228
2014-08-04,17804.228,0.0,0.0,17804.228,17804.228
2014-08-05,17804.228,0.0,0.0,17804.228,17804.228
2014-08-06,17804.228,0.0,0.0,17804.228,17804.228
2014-08-07,17804.228,0.0,0.0,17804.228,17804.228
2014-08-08,17804.228,0.0,0.0,17804.228,17804.228
2014-08-09,17804.228,0.0,0.0,17804.228,17804.228
2014-08-10,17804.228,0.0,0.0,17804.228,17804.228
2014-08-11,17804.228,0.0,0.0,17804.228,17804.228
2014-08-12,17804.228,0.0,0.0,17804.228,17804.228
2014-08-13,17804.228,0.0,0.0,17804.228,17804.228
2014-08-14,17804.228,0.0,0.0,17804.228,17804.228
2014-08-15,17804.228,0.0,0.0,17804.228,17804.228
2014-08-16,17804.228,0.0,0.0,17804.228,17804.228
2014-08-17,17804.228,0.0,0.0,17804.228,17804.228
2014-08-18,17804.228,0.0,0.0,17804.228,17804.228
2014-08-19,17804.228,0.0,0.0,17804.228,17804.228
2014-08-20,17804.228,0.0,0.0,17804.228,17804.228
2014-08-21,17804.228,0.0,0.0,17804.228,17804.228
2014-08-22,17804.228,0.0,0.0,17804.228,17804.228
2014-08-23,17804.228,0.0,0.0,17804.228,17804.228
2014-08-24,17804.228,0.0,0.0,17804.228,17804.228
2014-08-25,17804.228,0.0,0.0,17804.228,17804.228
2014-08-26,17804.228,0.0,0.0,17804.228,17804.228
2014-08-27,17804.228,0.0,0.0,17804.228,17804.228
2014-08-28,17804.228,0.0,0.0,17804.228,17804.228
2014-08-29,17804.228,0.0,0.0,17804.228,17804.228
2014-08-30,17804.228,0.0,0.0,17804.228,17804.228
2014-08-31,17804.228,0.0,0.0,17804.228,17804.228
2014-09-01,17804.228,0.0,0.0,17804.228,17804.228
2014-09-02,17804.228,0.0,0.0,17804.228,17804.228
2014-09-03,17804.228,0.0,0.0,17804.228,17804.228
2014-09-04,17804.228,0.0,0.0,17804.228,17804.228
2014-09-05,17804.228,0.0,0.0,17804.228,17804.228
2014-09-06,17804.228,0.0,0.0,17804.228,17804.228
2014-09-07,17804.228,0.0,0.0,17804.228,17804.228
2014-09-08,17804.228,0.0,0.0,17804.228,17804.228
2014-09-09,17804.228,0.0,0.0,17804.228,17804.228
2014-09-10,17804.228,0.0,0.0,17804.228,17804.228
2014-09-11,17804.228,0.0,0.0,17804.228,17804.228
2014-09-12,17804.228,0.0,0.0,17804.228,17804.228
2014-09-13,17804.228,0.0,0.0,17804.228,17804.228
2014-09-14,17804.228,0.0,0.0,17804.228,17804.228
2014-09-15,17804.228,0.0,0.0,17804.228,17804.228
2014-09-16,17804.228,0.0,0.0,17804.228,17804.228
2014-09-17,17804.228,0.0,0.0,17804.228,17804.228
2014-09-18,17804.228,0.0,0.0,17804.228,17804.228
2014-09-19,17804.228,0.0,0.0,17804.228,17804.228
2014-09-20,17804.228,0.0,0.0,17804.228,17804.228
2014-09-21,17804.228,0.0,0.0,17804.228,17804.228
2014-09-22,17804.228,0.0,0.0,17804.228,17804.228
2014-09-23,17804.228,0.0,0.0,17804.228,17804.228
2014-09-24,17804.228,0.0,0.0,17804.228,17804.228
2014-09-25,17804.228,0.0,0.0,17804.228,17804.228
2014-09-26,17804.228,0.0,0.0,17804.228,17804.228
2014-09-27,17804.228,0.0,0.0,17804.228,17804.228
2014-09-28,17804.228,0.0,0.0,17804.228,17804.228
2014-09-29,17804.228,0.0,0.0,17804.228,17804.228
2014-09-30,17804.228,0.0,0.0,17804.228,17804.228
2014-10-01,17912.079,107.85100000000239,0.00605760609221595,17804.228,17804.228
2014-10-02,17912.079,0.0,0.0,17804.228,17804.228
2014-10-03,17912.079,0.0,0.0,17804.228,17804.228
2014-10-04,17912.079,0.0,0.0,17804.228,17804.228
2014-10-05,17912.079,0.0,0.0,17804.228,17804.228
2014-10-06,17912.079,0.0,0.0,17804.228,17804.228
2014-10-07,17912.079,0.0,0.0,17804.228,17804.228
2014-10-08,17912.079,0.0,0.0,17912.079,17804.228
2014-10-09,17912.079,0.0,0.0,17912.079,17804.228
2014-10-10,17912.079,0.0,0.0,17912.079,17804.228
2014-10-11,17912.079,0.0,0.0,17912.079,17804.228
2014-10-12,17912.079,0.0,0.0,17912.079,17804.228
2014-10-13,17912.079,0.0,0.0,17912.079,17804.228
2014-10-14,17912.079,0.0,0.0,17912.079,17804.228
2014-10-15,17912.079,0.0,0.0,17912.079,17804.228
2014-10-16,17912.079,0.0,0.0,17912.079,17804.228
2014-10-17,17912.079,0.0,0.0,17912.079,17804.228
2014-10-18,17912.079,0.0,0.0,17912.079,17804.228
2014-10-19,17912.079,0.0,0.0,17912.079,17804.228
2014-10-20,17912.079,0.0,0.0,17912.079,17804.228
2014-10-21,17912.079,0.0,0.0,17912.079,17804.228
2014-10-22,17912.079,0.0,0.0,17912.079,17804.228
2014-10-23,17912.079,0.0,0.0,17912.079,17804.228
2014-10-24,17912.079,0.0,0.0,17912.079,17804.228
2014-10-25,17912.079,0.0,0.0,17912.079,17804.228
2014-10-26,17912.079,0.0,0.0,17912.079,17804.228
2014-10-27,17912.079,0.0,0.0,17912.079,17804.228
2014-10-28,17912.079,0.0,0.0,17912.079,17804.228
2014-10-29,17912.079,0.0,0.0,17912.079,17804.228
2014-10-30,17912.079,0.0,0.0,17912.079,17804.228
2014-10-31,17912.079,0.0,0.0,17912.079,17912.079
2014-11-01,17912.079,0.0,0.0,17912.079,17912.079
2014-11-02,17912.079,0.0,0.0,17912.079,17912.079
2014-11-03,17912.079,0.0,0.0,17912.079,17912.079
2014-11-04,17912.079,0.0,0.0,17912.079,17912.079
2014-11-05,17912.079,0.0,0.0,17912.079,17912.079
2014-11-06,17912.079,0.0,0.0,17912.079,17912.079
2014-11-07,17912.079,0.0,0.0,17912.079,17912.079
2014-11-08,17912.079,0.0,0.0,17912.079,17912.079
2014-11-09,17912.079,0.0,0.0,17912.079,17912.079
2014-11-10,17912.079,0.0,0.0,17912.079,17912.079
2014-11-11,17912.079,0.0,0.0,17912.079,17912.079
2014-11-12,17912.079,0.0,0.0,17912.079,17912.079
2014-11-13,17912.079,0.0,0.0,17912.079,17912.079
2014-11-14,17912.079,0.0,0.0,17912.079,17912.079
2014-11-15,17912.079,0.0,0.0,17912.079,17912.079
2014-11-16,17912.079,0.0,0.0,17912.079,17912.079
2014-11-17,17912.079,0.0,0.0,17912.079,17912.079
2014-11-18,17912.079,0.0,0.0,17912.079,17912.079
2014-11-19,17912.079,0.0,0.0,17912.079,17912.079
2014-11-20,17912.079,0.0,0.0,17912.079,17912.079
2014-11-21,17912.079,0.0,0.0,17912.079,17912.079
2014-11-22,17912.079,0.0,0.0,17912.079,17912.079
2014-11-23,17912.079,0.0,0.0,17912.079,17912.079
2014-11-24,17912.079,0.0,0.0,17912.079,17912.079
2014-11-25,17912.079,0.0,0.0,17912.079,17912.079
2014-11-26,17912.079,0.0,0.0,17912.079,17912.079
2014-11-27,17912.079,0.0,0.0,17912.079,17912.079
2014-11-28,17912.079,0.0,0.0,17912.079,17912.079
2014-11-29,17912.079,0.0,0.0,17912.079,17912.079
2014-11-30,17912.079,0.0,0.0,17912.079,17912.079
2014-12-01,17912.079,0.0,0.0,17912.079,17912.079
2014-12-02,17912.079,0.0,0.0,17912.079,17912.079
2014-12-03,17912.079,0.0,0.0,17912.079,17912.079
2014-12-04,17912.079,0.0,0.0,17912.079,17912.079
2014-12-05,17912.079,0.0,0.0,17912.079,17912.079
2014-12-06,17912.079,0.0,0.0,17912.079,17912.079
2014-12-07,17912.079,0.0,0.0,17912.079,17912.079
2014-12-08,17912.079,0.0,0.0,17912.079,17912.079
2014-12-09,17912.079,0.0,0.0,17912.079,17912.079
2014-12-10,17912.079,0.0,0.0,17912.079,17912.079
2014-12-11,17912.079,0.0,0.0,17912.079,17912.079
2014-12-12,17912.079,0.0,0.0,17912.079,17912.079
2014-12-13,17912.079,0.0,0.0,17912.079,17912.079
2014-12-14,17912.079,0.0,0.0,17912.079,17912.079
2014-12-15,17912.079,0.0,0.0,17912.079,17912.079
2014-12-16,17912.079,0.0,0.0,17912.079,17912.079
2014-12-17,17912.079,0.0,0.0,17912.079,17912.079
2014-12-18,17912.079,0.0,0.0,17912.079,17912.079
2014-12-19,17912.079,0.0,0.0,17912.079,17912.079
2014-12-20,17912.079,0.0,0.0,17912.079,17912.079
2014-12-21,17912.079,0.0,0.0,17912.079,17912.079
2014-12-22,17912.079,0.0,0.0,17912.079,17912.079
2014-12-23,17912.079,0.0,0.0,17912.079,17912.079
2014-12-24,17912.079,0.0,0.0,17912.079,17912.079
2014-12-25,17912.079,0.0,0.0,17912.079,17912.079
2014-12-26,17912.079,0.0,0.0,17912.079,17912.079
2014-12-27,17912.079,0.0,0.0,17912.079,17912.079
2014-12-28,17912.079,0.0,0.0,17912.079,17912.079
2014-12-29,17912.079,0.0,0.0,17912.079,17912.079
2014-12-30,17912.079,0.0,0.0,17912.079,17912.079
2014-12-31,17912.079,0.0,0.0,17912.079,17912.079
2015-01-01,18063.529,151.4499999999971,0.008455188255924728,17912.079,17912.079
2015-01-02,18063.529,0.0,0.0,17912.079,17912.079
2015-01-03,18063.529,0.0,0.0,17912.079,17912.079
2015-01-04,18063.529,0.0,0.0,17912.079,17912.079
2015-01-05,18063.529,0.0,0.0,17912.079,17912.079
2015-01-06,18063.529,0.0,0.0,17912.079,17912.079
2015-01-07,18063.529,0.0,0.0,17912.079,17912.079
2015-01-08,18063.529,0.0,0.0,18063.529,17912.079
2015-01-09,18063.529,0.0,0.0,18063.529,17912.079
2015-01-10,18063.529,0.0,0.0,18063.529,17912.079
2015-01-11,18063.529,0.0,0.0,18063.529,17912.079
2015-01-12,18063.529,0.0,0.0,18063.529,17912.079
2015-01-13,18063.529,0.0,0.0,18063.529,17912.079
2015-01-14,18063.529,0.0,0.0,18063.529,17912.079
2015-01-15,18063.529,0.0,0.0,18063.529,17912.079
2015-01-16,18063.529,0.0,0.0,18063.529,17912.079
2015-01-17,18063.529,0.0,0.0,18063.529,17912.079
2015-01-18,18063.529,0.0,0.0,18063.529,17912.079
2015-01-19,18063.529,0.0,0.0,18063.529,17912.079
2015-01-20,18063.529,0.0,0.0,18063.529,17912.079
2015-01-21,18063.529,0.0,0.0,18063.529,17912.079
2015-01-22,18063.529,0.0,0.0,18063.529,17912.079
2015-01-23,18063.529,0.0,0.0,18063.529,17912.079
2015-01-24,18063.529,0.0,0.0,18063.529,17912.079
2015-01-25,18063.529,0.0,0.0,18063.529,17912.079
2015-01-26,18063.529,0.0,0.0,18063.529,17912.079
2015-01-27,18063.529,0.0,0.0,18063.529,17912.079
2015-01-28,18063.529,0.0,0.0,18063.529,17912.079
2015-01-29,18063.529,0.0,0.0,18063.529,17912.079
2015-01-30,18063.529,0.0,0.0,18063.529,17912.079
2015-01-31,18063.529,0.0,0.0,18063.529,18063.529
2015-02-01,18063.529,0.0,0.0,18063.529,18063.529
2015-02-02,18063.529,0.0,0.0,18063.529,18063.529
2015-02-03,18063.529,0.0,0.0,18063.529,18063.529
2015-02-04,18063.529,0.0,0.0,18063.529,18063.529
2015-02-05,18063.529,0.0,0.0,18063.529,18063.529
2015-02-06,18063.529,0.0,0.0,18063.529,18063.529
2015-02-07,18063.529,0.0,0.0,18063.529,18063.529
2015-02-08,18063.529,0.0,0.0,18063.529,18063.529
2015-02-09,18063.529,0.0,0.0,18063.529,18063.529
2015-02-10,18063.529,0.0,0.0,18063.529,18063.529
2015-02-11,18063.529,0.0,0.0,18063.529,18063.529
2015-02-12,18063.529,0.0,0.0,18063.529,18063.529
2015-02-13,18063.529,0.0,0.0,18063.529,18063.529
2015-02-14,18063.529,0.0,0.0,18063.529,18063.529
2015-02-15,18063.529,0.0,0.0,18063.529,18063.529
2015-02-16,18063.529,0.0,0.0,18063.529,18063.529
2015-02-17,18063.529,0.0,0.0,18063.529,18063.529
2015-02-18,18063.529,0.0,0.0,18063.529,18063.529
2015-02-19,18063.529,0.0,0.0,18063.529,18063.529
2015-02-20,18063.529,0.0,0.0,18063.529,18063.529
2015-02-21,18063.529,0.0,0.0,18063.529,18063.529
2015-02-22,18063.529,0.0,0.0,18063.529,18063.529
2015-02-23,18063.529,0.0,0.0,18063.529,18063.529
2015-02-24,18063.529,0.0,0.0,18063.529,18063.529
2015-02-25,18063.529,0.0,0.0,18063.529,18063.529
2015-02-26,18063.529,0.0,0.0,18063.529,18063.529
2015-02-27,18063.529,0.0,0.0,18063.529,18063.529
2015-02-28,18063.529,0.0,0.0,18063.529,18063.529
2015-03-01,18063.529,0.0,0.0,18063.529,18063.529
2015-03-02,18063.529,0.0,0.0,18063.529,18063.529
2015-03-03,18063.529,0.0,0.0,18063.529,18063.529
2015-03-04,18063.529,0.0,0.0,18063.529,18063.529
2015-03-05,18063.529,0.0,0.0,18063.529,18063.529
2015-03-06,18063.529,0.0,0.0,18063.529,18063.529
2015-03-07,18063.529,0.0,0.0,18063.529,18063.529
2015-03-08,18063.529,0.0,0.0,18063.529,18063.529
2015-03-09,18063.529,0.0,0.0,18063.529,18063.529
2015-03-10,18063.529,0.0,0.0,18063.529,18063.529
2015-03-11,18063.529,0.0,0.0,18063.529,18063.529
2015-03-12,18063.529,0.0,0.0,18063.529,18063.529
2015-03-13,18063.529,0.0,0.0,18063.529,18063.529
2015-03-14,18063.529,0.0,0.0,18063.529,18063.529
2015-03-15,18063.529,0.0,0.0,18063.529,18063.529
2015-03-16,18063.529,0.0,0.0,18063.529,18063.529
2015-03-17,18063.529,0.0,0.0,18063.529,18063.529
2015-03-18,18063.529,0.0,0.0,18063.529,18063.529
2015-03-19,18063.529,0.0,0.0,18063.529,18063.529
2015-03-20,18063.529,0.0,0.0,18063.529,18063.529
2015-03-21,18063.529,0.0,0.0,18063.529,18063.529
2015-03-22,18063.529,0.0,0.0,18063.529,18063.529
2015-03-23,18063.529,0.0,0.0,18063.529,18063.529
2015-03-24,18063.529,0.0,0.0,18063.529,18063.529
2015-03-25,18063.529,0.0,0.0,18063.529,18063.529
2015-03-26,18063.529,0.0,0.0,18063.529,18063.529
2015-03-27,18063.529,0.0,0.0,18063.529,18063.529
2015-03-28,18063.529,0.0,0.0,18063.529,18063.529
2015-03-29,18063.529,0.0,0.0,18063.529,18063.529
2015-03-30,18063.529,0.0,0.0,18063.529,18063.529
2015-03-31,18063.529,0.0,0.0,18063.529,18063.529
2015-04-01,18279.784,216.25500000000102,0.011971913129488865,18063.529,18063.529
2015-04-02,18279.784,0.0,0.0,18063.529,18063.529
2015-04-03,18279.784,0.0,0.0,18063.529,18063.529
2015-04-04,18279.784,0.0,0.0,18063.529,18063.529
2015-04-05,18279.784,0.0,0.0,18063.529,18063.529
2015-04-06,18279.784,0.0,0.0,18063.529,18063.529
2015-04-07,18279.784,0.0,0.0,18063.529,18063.529
2015-04-08,18279.784,0.0,0.0,18279.784,18063.529
2015-04-09,18279.784,0.0,0.0,18279.784,18063.529
2015-04-10,18279.784,0.0,0.0,18279.784,18063.529
2015-04-11,18279.784,0.0,0.0,18279.784,18063.529
2015-04-12,18279.784,0.0,0.0,18279.784,18063.529
2015-04-13,18279.784,0.0,0.0,18279.784,18063.529
2015-04-14,18279.784,0.0,0.0,18279.784,18063.529
2015-04-15,18279.784,0.0,0.0,18279.784,18063.529
2015-04-16,18279.784,0.0,0.0,18279.784,18063.529
2015-04-17,18279.784,0.0,0.0,18279.784,18063.529
2015-04-18,18279.784,0.0,0.0,18279.784,18063.529
2015-04-19,18279.784,0.0,0.0,18279.784,18063.529
2015-04-20,18279.784,0.0,0.0,18279.784,18063.529
2015-04-21,18279.784,0.0,0.0,18279.784,18063.529
2015-04-22,18279.784,0.0,0.0,18279.784,18063.529
2015-04-23,18279.784,0.0,0.0,18279.784,18063.529
2015-04-24,18279.784,0.0,0.0,18279.784,18063.529
2015-04-25,18279.784,0.0,0.0,18279.784,18063.529
2015-04-26,18279.784,0.0,0.0,18279.784,18063.529
2015-04-27,18279.784,0.0,0.0,18279.784,18063.529
2015-04-28,18279.784,0.0,0.0,18279.784,18063.529
2015-04-29,18279.784,0.0,0.0,18279.784,18063.529
2015-04-30,18279.784,0.0,0.0,18279.784,18063.529
2015-05-01,18279.784,0.0,0.0,18279.784,18279.784
2015-05-02,18279.784,0.0,0.0,18279.784,18279.784
2015-05-03,18279.784,0.0,0.0,18279.784,18279.784
2015-05-04,18279.784,0.0,0.0,18279.784,18279.784
2015-05-05,18279.784,0.0,0.0,18279.784,18279.784
2015-05-06,18279.784,0.0,0.0,18279.784,18279.784
2015-05-07,18279.784,0.0,0.0,18279.784,18279.784
2015-05-08,18279.784,0.0,0.0,18279.784,18279.784
2015-05-09,18279.784,0.0,0.0,18279.784,18279.784
2015-05-10,18279.784,0.0,0.0,18279.784,18279.784
2015-05-11,18279.784,0.0,0.0,18279.784,18279.784
2015-05-12,18279.784,0.0,0.0,18279.784,18279.784
2015-05-13,18279.784,0.0,0.0,18279.784,18279.784
2015-05-14,18279.784,0.0,0.0,18279.784,18279.784
2015-05-15,18279.784,0.0,0.0,18279.784,18279.784
2015-05-16,18279.784,0.0,0.0,18279.784,18279.784
2015-05-17,18279.784,0.0,0.0,18279.784,18279.784
2015-05-18,18279.784,0.0,0.0,18279.784,18279.784
2015-05-19,18279.784,0.0,0.0,18279.784,18279.784
2015-05-20,18279.784,0.0,0.0,18279.784,18279.784
2015-05-21,18279.784,0.0,0.0,18279.784,18279.784
2015-05-22,18279.784,0.0,0.0,18279.784,18279.784
2015-05-23,18279.784,0.0,0.0,18279.784,18279.784
2015-05-24,18279.784,0.0,0.0,18279.784,18279.784
2015-05-25,18279.784,0.0,0.0,18279.784,18279.784
2015-05-26,18279.784,0.0,0.0,18279.784,18279.784
2015-05-27,18279.784,0.0,0.0,18279.784,18279.784
2015-05-28,18279.784,0.0,0.0,18279.784,18279.784
2015-05-29,18279.784,0.0,0.0,18279.784,18279.784
2015-05-30,18279.784,0.0,0.0,18279.784,18279.784
2015-05-31,18279.784,0.0,0.0,18279.784,18279.784
2015-06-01,18279.784,0.0,0.0,18279.784,18279.784
2015-06-02,18279.784,0.0,0.0,18279.784,18279.784
2015-06-03,18279.784,0.0,0.0,18279.784,18279.784
2015-06-04,18279.784,0.0,0.0,18279.784,18279.784
2015-06-05,18279.784,0.0,0.0,18279.784,18279.784
2015-06-06,18279.784,0.0,0.0,18279.784,18279.784
2015-06-07,18279.784,0.0,0.0,18279.784,18279.784
2015-06-08,18279.784,0.0,0.0,18279.784,18279.784
2015-06-09,18279.784,0.0,0.0,18279.784,18279.784
2015-06-10,18279.784,0.0,0.0,18279.784,18279.784
2015-06-11,18279.784,0.0,0.0,18279.784,18279.784
2015-06-12,18279.784,0.0,0.0,18279.784,18279.784
2015-06-13,18279.784,0.0,0.0,18279.784,18279.784
2015-06-14,18279.784,0.0,0.0,18279.784,18279.784
2015-06-15,18279.784,0.0,0.0,18279.784,18279.784
2015-06-16,18279.784,0.0,0.0,18279.784,18279.784
2015-06-17,18279.784,0.0,0.0,18279.784,18279.784
2015-06-18,18279.784,0.0,0.0,18279.784,18279.784
2015-06-19,18279.784,0.0,0.0,18279.784,18279.784
2015-06-20,18279.784,0.0,0.0,18279.784,18279.784
2015-06-21,18279.784,0.0,0.0,18279.784,18279.784
2015-06-22,18279.784,0.0,0.0,18279.784,18279.784
2015-06-23,18279.784,0.0,0.0,18279.784,18279.784
2015-06-24,18279.784,0.0,0.0,18279.784,18279.784
2015-06-25,18279.784,0.0,0.0,18279.784,18279.784
2015-06-26,18279.784,0.0,0.0,18279.784,18279.784
2015-06-27,18279.784,0.0,0.0,18279.784,18279.784
2015-06-28,18279.784,0.0,0.0,18279.784,18279.784
2015-06-29,18279.784,0.0,0.0,18279.784,18279.784
2015-06-30,18279.784,0.0,0.0,18279.784,18279.784
2015-07-01,18401.626,121.84200000000055,0.0066653960462552675,18279.784,18279.784
2015-07-02,18401.626,0.0,0.0,18279.784,18279.784
2015-07-03,18401.626,0.0,0.0,18279.784,18279.784
2015-07-04,18401.626,0.0,0.0,18279.784,18279.784
2015-07-05,18401.626,0.0,0.0,18279.784,18279.784
2015-07-06,18401.626,0.0,0.0,18279.784,18279.784
2015-07-07,18401.626,0.0,0.0,18279.784,18279.784
2015-07-08,18401.626,0.0,0.0,18401.626,18279.784
2015-07-09,18401.626,0.0,0.0,18401.626,18279.784
2015-07-10,18401.626,0.0,0.0,18401.626,18279.784
2015-07-11,18401.626,0.0,0.0,18401.626,18279.784
2015-07-12,18401.626,0.0,0.0,18401.626,18279.784
2015-07-13,18401.626,0.0,0.0,18401.626,18279.784
2015-07-14,18401.626,0.0,0.0,18401.626,18279.784
2015-07-15,18401.626,0.0,0.0,18401.626,18279.784
2015-07-16,18401.626,0.0,0.0,18401.626,18279.784
2015-07-17,18401.626,0.0,0.0,18401.626,18279.784
2015-07-18,18401.626,0.0,0.0,18401.626,18279.784
2015-07-19,18401.626,0.0,0.0,18401.626,18279.784
2015-07-20,18401.626,0.0,0.0,18401.626,18279.784
2015-07-21,18401.626,0.0,0.0,18401.626,18279.784
2015-07-22,18401.626,0.0,0.0,18401.626,18279.784
2015-07-23,18401.626,0.0,0.0,18401.626,18279.784
2015-07-24,18401.626,0.0,0.0,18401.626,18279.784
2015-07-25,18401.626,0.0,0.0,18401.626,18279.784
2015-07-26,18401.626,0.0,0.0,18401.626,18279.784
2015-07-27,18401.626,0.0,0.0,18401.626,18279.784
2015-07-28,18401.626,0.0,0.0,18401.626,18279.784
2015-07-29,18401.626,0.0,0.0,18401.626,18279.784
2015-07-30,18401.626,0.0,0.0,18401.626,18279.784
2015-07-31,18401.626,0.0,0.0,18401.626,18401.626
2015-08-01,18401.626,0.0,0.0,18401.626,18401.626
2015-08-02,18401.626,0.0,0.0,18401.626,18401.626
2015-08-03,18401.626,0.0,0.0,18401.626,18401.626
2015-08-04,18401.626,0.0,0.0,18401.626,18401.626
2015-08-05,18401.626,0.0,0.0,18401.626,18401.626
2015-08-06,18401.626,0.0,0.0,18401.626,18401.626
2015-08-07,18401.626,0.0,0.0,18401.626,18401.626
2015-08-08,18401.626,0.0,0.0,18401.626,18401.626
2015-08-09,18401.626,0.0,0.0,18401.626,18401.626
2015-08-10,18401.626,0.0,0.0,18401.626,18401.626
2015-08-11,18401.626,0.0,0.0,18401.626,18401.626
2015-08-12,18401.626,0.0,0.0,18401.626,18401.626
2015-08-13,18401.626,0.0,0.0,18401.626,18401.626
2015-08-14,18401.626,0.0,0.0,18401.626,18401.626
2015-08-15,18401.626,0.0,0.0,18401.626,18401.626
2015-08-16,18401.626,0.0,0.0,18401.626,18401.626
2015-08-17,18401.626,0.0,0.0,18401.626,18401.626
2015-08-18,18401.626,0.0,0.0,18401.626,18401.626
2015-08-19,18401.626,0.0,0.0,18401.626,18401.626
2015-08-20,18401.626,0.0,0.0,18401.626,18401.626
2015-08-21,18401.626,0.0,0.0,18401.626,18401.626
2015-08-22,18401.626,0.0,0.0,18401.626,18401.626
2015-08-23,18401.626,0.0,0.0,18401.626,18401.626
2015-08-24,18401.626,0.0,0.0,18401.626,18401.626
2015-08-25,18401.626,0.0,0.0,18401.626,18401.626
2015-08-26,18401.626,0.0,0.0,18401.626,18401.626
2015-08-27,18401.626,0.0,0.0,18401.626,18401.626
2015-08-28,18401.626,0.0,0.0,18401.626,18401.626
2015-08-29,18401.626,0.0,0.0,18401.626,18401.626
2015-08-30,18401.626,0.0,0.0,18401.626,18401.626
2015-08-31,18401.626,0.0,0.0,18401.626,18401.626
2015-09-01,18401.626,0.0,0.0,18401.626,18401.626
2015-09-02,18401.626,0.0,0.0,18401.626,18401.626
2015-09-03,18401.626,0.0,0.0,18401.626,18401.626
2015-09-04,18401.626,0.0,0.0,18401.626,18401.626
2015-09-05,18401.626,0.0,0.0,18401.626,18401.626
2015-09-06,18401.626,0.0,0.0,18401.626,18401.626
2015-09-07,18401.626,0.0,0.0,18401.626,18401.626
2015-09-08,18401.626,0.0,0.0,18401.626,18401.626
2015-09-09,18401.626,0.0,0.0,18401.626,18401.626
2015-09-10,18401.626,0.0,0.0,18401.626,18401.626
2015-09-11,18401.626,0.0,0.0,18401.626,18401.626
2015-09-12,18401.626,0.0,0.0,18401.626,18401.626
2015-09-13,18401.626,0.0,0.0,18401.626,18401.626
2015-09-14,18401.626,0.0,0.0,18401.626,18401.626
2015-09-15,18401.626,0.0,0.0,18401.626,18401.626
2015-09-16,18401.626,0.0,0.0,18401.626,18401.626
2015-09-17,18401.626,0.0,0.0,18401.626,18401.626
2015-09-18,18401.626,0.0,0.0,18401.626,18401.626
2015-09-19,18401.626,0.0,0.0,18401.626,18401.626
2015-09-20,18401.626,0.0,0.0,18401.626,18401.626
2015-09-21,18401.626,0.0,0.0,18401.626,18401.626
2015-09-22,18401.626,0.0,0.0,18401.626,18401.626
2015-09-23,18401.626,0.0,0.0,18401.626,18401.626
2015-09-24,18401.626,0.0,0.0,18401.626,18401.626
2015-09-25,18401.626,0.0,0.0,18401.626,18401.626
2015-09-26,18401.626,0.0,0.0,18401.626,18401.626
2015-09-27,18401.626,0.0,0.0,18401.626,18401.626
2015-09-28,18401.626,0.0,0.0,18401.626,18401.626
2015-09-29,18401.626,0.0,0.0,18401.626,18401.626
2015-09-30,18401.626,0.0,0.0,18401.626,18401.626
2015-10-01,18435.137,33.5109999999986,0.0018210890711505279,18401.626,18401.626
2015-10-02,18435.137,0.0,0.0,18401.626,18401.626
2015-10-03,18435.137,0.0,0.0,18401.626,18401.626
2015-10-04,18435.137,0.0,0.0,18401.626,18401.626
2015-10-05,18435.137,0.0,0.0,18401.626,18401.626
2015-10-06,18435.137,0.0,0.0,18401.626,18401.626
2015-10-07,18435.137,0.0,0.0,18401.626,18401.626
2015-10-08,18435.137,0.0,0.0,18435.137,18401.626
2015-10-09,18435.137,0.0,0.0,18435.137,18401.626
2015-10-10,18435.137,0.0,0.0,18435.137,18401.626
2015-10-11,18435.137,0.0,0.0,18435.137,18401.626
2015-10-12,18435.137,0.0,0.0,18435.137,18401.626
2015-10-13,18435.137,0.0,0.0,18435.137,18401.626
2015-10-14,18435.137,0.0,0.0,18435.137,18401.626
2015-10-15,18435.137,0.0,0.0,18435.137,18401.626
2015-10-16,18435.137,0.0,0.0,18435.137,18401.626
2015-10-17,18435.137,0.0,0.0,18435.137,18401.626
2015-10-18,18435.137,0.0,0.0,18435.137,18401.626
2015-10-19,18435.137,0.0,0.0,18435.137,18401.626
2015-10-20,18435.137,0.0,0.0,18435.137,18401.626
2015-10-21,18435.137,0.0,0.0,18435.137,18401.626
2015-10-22,18435.137,0.0,0.0,18435.137,18401.626
2015-10-23,18435.137,0.0,0.0,18435.137,18401.626
2015-10-24,18435.137,0.0,0.0,18435.137,18401.626
2015-10-25,18435.137,0.0,0.0,18435.137,18401.626
2015-10-26,18435.137,0.0,0.0,18435.137,18401.626
2015-10-27,18435.137,0.0,0.0,18435.137,18401.626
2015-10-28,18435.137,0.0,0.0,18435.137,18401.626
2015-10-29,18435.137,0.0,0.0,18435.137,18401.626
2015-10-30,18435.137,0.0,0.0,18435.137,18401.626
2015-10-31,18435.137,0.0,0.0,18435.137,18435.137
2015-11-01,18435.137,0.0,0.0,18435.137,18435.137
2015-11-02,18435.137,0.0,0.0,18435.137,18435.137
2015-11-03,18435.137,0.0,0.0,18435.137,18435.137
2015-11-04,18435.137,0.0,0.0,18435.137,18435.137
2015-11-05,18435.137,0.0,0.0,18435.137,18435.137
2015-11-06,18435.137,0.0,0.0,18435.137,18435.137
2015-11-07,18435.137,0.0,0.0,18435.137,18435.137
2015-11-08,18435.137,0.0,0.0,18435.137,18435.137
2015-11-09,18435.137,0.0,0.0,18435.137,18435.137
2015-11-10,18435.137,0.0,0.0,18435.137,18435.137
2015-11-11,18435.137,0.0,0.0,18435.137,18435.137
2015-11-12,18435.137,0.0,0.0,18435.137,18435.137
2015-11-13,18435.137,0.0,0.0,18435.137,18435.137
2015-11-14,18435.137,0.0,0.0,18435.137,18435.137
2015-11-15,18435.137,0.0,0.0,18435.137,18435.137
2015-11-16,18435.137,0.0,0.0,18435.137,18435.137
2015-11-17,18435.137,0.0,0.0,18435.137,18435.137
2015-11-18,18435.137,0.0,0.0,18435.137,18435.137
2015-11-19,18435.137,0.0,0.0,18435.137,18435.137
2015-11-20,18435.137,0.0,0.0,18435.137,18435.137
2015-11-21,18435.137,0.0,0.0,18435.137,18435.137
2015-11-22,18435.137,0.0,0.0,18435.137,18435.137
2015-11-23,18435.137,0.0,0.0,18435.137,18435.137
2015-11-24,18435.137,0.0,0.0,18435.137,18435.137
2015-11-25,18435.137,0.0,0.0,18435.137,18435.137
2015-11-26,18435.137,0.0,0.0,18435.137,18435.137
2015-11-27,18435.137,0.0,0.0,18435.137,18435.137
2015-11-28,18435.137,0.0,0.0,18435.137,18435.137
2015-11-29,18435.137,0.0,0.0,18435.137,18435.137
2015-11-30,18435.137,0.0,0.0,18435.137,18435.137
2015-12-01,18435.137,0.0,0.0,18435.137,18435.137
2015-12-02,18435.137,0.0,0.0,18435.137,18435.137
2015-12-03,18435.137,0.0,0.0,18435.137,18435.137
2015-12-04,18435.137,0.0,0.0,18435.137,18435.137
2015-12-05,18435.137,0.0,0.0,18435.137,18435.137
2015-12-06,18435.137,0.0,0.0,18435.137,18435.137
2015-12-07,18435.137,0.0,0.0,18435.137,18435.137
2015-12-08,18435.137,0.0,0.0,18435.137,18435.137
2015-12-09,18435.137,0.0,0.0,18435.137,18435.137
2015-12-10,18435.137,0.0,0.0,18435.137,18435.137
2015-12-11,18435.137,0.0,0.0,18435.137,18435.137
2015-12-12,18435.137,0.0,0.0,18435.137,18435.137
2015-12-13,18435.137,0.0,0.0,18435.137,18435.137
2015-12-14,18435.137,0.0,0.0,18435.137,18435.137
2015-12-15,18435.137,0.0,0.0,18435.137,18435.137
2015-12-16,18435.137,0.0,0.0,18435.137,18435.137
2015-12-17,18435.137,0.0,0.0,18435.137,18435.137
2015-12-18,18435.137,0.0,0.0,18435.137,18435.137
2015-12-19,18435.137,0.0,0.0,18435.137,18435.137
2015-12-20,18435.137,0.0,0.0,18435.137,18435.137
2015-12-21,18435.137,0.0,0.0,18435.137,18435.137
2015-12-22,18435.137,0.0,0.0,18435.137,18435.137
2015-12-23,18435.137,0.0,0.0,18435.137,18435.137
2015-12-24,18435.137,0.0,0.0,18435.137,18435.137
2015-12-25,18435.137,0.0,0.0,18435.137,18435.137
2015-12-26,18435.137,0.0,0.0,18435.137,18435.137
2015-12-27,18435.137,0.0,0.0,18435.137,18435.137
2015-12-28,18435.137,0.0,0.0,18435.137,18435.137
2015-12-29,18435.137,0.0,0.0,18435.137,18435.137
2015-12-30,18435.137,0.0,0.0,18435.137,18435.137
2015-12-31,18435.137,0.0,0.0,18435.137,18435.137
2016-01-01,18525.933,90.7960000000021,0.0049251600354258684,18435.137,18435.137
2016-01-02,18525.933,0.0,0.0,18435.137,18435.137
2016-01-03,18525.933,0.0,0.0,18435.137,18435.137
2016-01-04,18525.933,0.0,0.0,18435.137,18435.137
2016-01-05,18525.933,0.0,0.0,18435.137,18435.137
2016-01-06,18525.933,0.0,0.0,18435.137,18435.137
2016-01-07,18525.933,0.0,0.0,18435.137,18435.137
2016-01-08,18525.933,0.0,0.0,18525.933,18435.137
2016-01-09,18525.933,0.0,0.0,18525.933,18435.137
2016-01-10,18525.933,0.0,0.0,18525.933,18435.137
2016-01-11,18525.933,0.0,0.0,18525.933,18435.137
2016-01-12,18525.933,0.0,0.0,18525.933,18435.137
2016-01-13,18525.933,0.0,0.0,18525.933,18435.137
2016-01-14,18525.933,0.0,0.0,18525.933,18435.137
2016-01-15,18525.933,0.0,0.0,18525.933,18435.137
2016-01-16,18525.933,0.0,0.0,18525.933,18435.137
2016-01-17,18525.933,0.0,0.0,18525.933,18435.137
2016-01-18,18525.933,0.0,0.0,18525.933,18435.137
2016-01-19,18525.933,0.0,0.0,18525.933,18435.137
2016-01-20,18525.933,0.0,0.0,18525.933,18435.137
2016-01-21,18525.933,0.0,0.0,18525.933,18435.137
2016-01-22,18525.933,0.0,0.0,18525.933,18435.137
2016-01-23,18525.933,0.0,0.0,18525.933,18435.137
2016-01-24,18525.933,0.0,0.0,18525.933,18435.137
2016-01-25,18525.933,0.0,0.0,18525.933,18435.137
2016-01-26,18525.933,0.0,0.0,18525.933,18435.137
2016-01-27,18525.933,0.0,0.0,18525.933,18435.137
2016-01-28,18525.933,0.0,0.0,18525.933,18435.137
2016-01-29,18525.933,0.0,0.0,18525.933,18435.137
2016-01-30,18525.933,0.0,0.0,18525.933,18435.137
2016-01-31,18525.933,0.0,0.0,18525.933,18525.933
2016-02-01,18525.933,0.0,0.0,18525.933,18525.933
2016-02-02,18525.933,0.0,0.0,18525.933,18525.933
2016-02-03,18525.933,0.0,0.0,18525.933,18525.933
2016-02-04,18525.933,0.0,0.0,18525.933,18525.933
2016-02-05,18525.933,0.0,0.0,18525.933,18525.933
2016-02-06,18525.933,0.0,0.0,18525.933,18525.933
2016-02-07,18525.933,0.0,0.0,18525.933,18525.933
2016-02-08,18525.933,0.0,0.0,18525.933,18525.933
2016-02-09,18525.933,0.0,0.0,18525.933,18525.933
2016-02-10,18525.933,0.0,0.0,18525.933,18525.933
2016-02-11,18525.933,0.0,0.0,18525.933,18525.933
2016-02-12,18525.933,0.0,0.0,18525.933,18525.933
2016-02-13,18525.933,0.0,0.0,18525.933,18525.933
2016-02-14,18525.933,0.0,0.0,18525.933,18525.933
2016-02-15,18525.933,0.0,0.0,18525.933,18525.933
2016-02-16,18525.933,0.0,0.0,18525.933,18525.933
2016-02-17,18525.933,0.0,0.0,18525.933,18525.933
2016-02-18,18525.933,0.0,0.0,18525.933,18525.933
2016-02-19,18525.933,0.0,0.0,18525.933,18525.933
2016-02-20,18525.933,0.0,0.0,18525.933,18525.933
2016-02-21,18525.933,0.0,0.0,18525.933,18525.933
2016-02-22,18525.933,0.0,0.0,18525.933,18525.933
2016-02-23,18525.933,0.0,0.0,18525.933,18525.933
2016-02-24,18525.933,0.0,0.0,18525.933,18525.933
2016-02-25,18525.933,0.0,0.0,18525.933,18525.933
2016-02-26,18525.933,0.0,0.0,18525.933,18525.933
2016-02-27,18525.933,0.0,0.0,18525.933,18525.933
2016-02-28,18525.933,0.0,0.0,18525.933,18525.933
2016-02-29,18525.933,0.0,0.0,18525.933,18525.933
2016-03-01,18525.933,0.0,0.0,18525.933,18525.933
2016-03-02,18525.933,0.0,0.0,18525.933,18525.933
2016-03-03,18525.933,0.0,0.0,18525.933,18525.933
2016-03-04,18525.933,0.0,0.0,18525.933,18525.933
2016-03-05,18525.933,0.0,0.0,18525.933,18525.933
2016-03-06,18525.933,0.0,0.0,18525.933,18525.933
2016-03-07,18525.933,0.0,0.0,18525.933,18525.933
2016-03-08,18525.933,0.0,0.0,18525.933,18525.933
2016-03-09,18525.933,0.0,0.0,18525.933,18525.933
2016-03-10,18525.933,0.0,0.0,18525.933,18525.933
2016-03-11,18525.933,0.0,0.0,18525.933,18525.933
2016-03-12,18525.933,0.0,0.0,18525.933,18525.933
2016-03-13,18525.933,0.0,0.0,18525.933,18525.933
2016-03-14,18525.933,0.0,0.0,18525.933,18525.933
2016-03-15,18525.933,0.0,0.0,18525.933,18525.933
2016-03-16,18525.933,0.0,0.0,18525.933,18525.933
2016-03-17,18525.933,0.0,0.0,18525.933,18525.933
2016-03-18,18525.933,0.0,0.0,18525.933,18525.933
2016-03-19,18525.933,0.0,0.0,18525.933,18525.933
2016-03-20,18525.933,0.0,0.0,18525.933,18525.933
2016-03-21,18525.933,0.0,0.0,18525.933,18525.933
2016-03-22,18525.933,0.0,0.0,18525.933,18525.933
2016-03-23,18525.933,0.0,0.0,18525.933,18525.933
2016-03-24,18525.933,0.0,0.0,18525.933,18525.933
2016-03-25,18525.933,0.0,0.0,18525.933,18525.933
2016-03-26,18525.933,0.0,0.0,18525.933,18525.933
2016-03-27,18525.933,0.0,0.0,18525.933,18525.933
2016-03-28,18525.933,0.0,0.0,18525.933,18525.933
2016-03-29,18525.933,0.0,0.0,18525.933,18525.933
2016-03-30,18525.933,0.0,0.0,18525.933,18525.933
2016-03-31,18525.933,0.0,0.0,18525.933,18525.933
2016-04-01,18711.702,185.76900000000023,0.01002751116502476,18525.933,18525.933
2016-04-02,18711.702,0.0,0.0,18525.933,18525.933
2016-04-03,18711.702,0.0,0.0,18525.933,18525.933
2016-04-04,18711.702,0.0,0.0,18525.933,18525.933
2016-04-05,18711.702,0.0,0.0,18525.933,18525.933
2016-04-06,18711.702,0.0,0.0,18525.933,18525.933
2016-04-07,18711.702,0.0,0.0,18525.933,18525.933
2016-04-08,18711.702,0.0,0.0,18711.702,18525.933
2016-04-09,18711.702,0.0,0.0,18711.702,18525.933
2016-04-10,18711.702,0.0,0.0,18711.702,18525.933
2016-04-11,18711.702,0.0,0.0,18711.702,18525.933
2016-04-12,18711.702,0.0,0.0,18711.702,18525.933
2016-04-13,18711.702,0.0,0.0,18711.702,18525.933
2016-04-14,18711.702,0.0,0.0,18711.702,18525.933
2016-04-15,18711.702,0.0,0.0,18711.702,18525.933
2016-04-16,18711.702,0.0,0.0,18711.702,18525.933
2016-04-17,18711.702,0.0,0.0,18711.702,18525.933
2016-04-18,18711.702,0.0,0.0,18711.702,18525.933
2016-04-19,18711.702,0.0,0.0,18711.702,18525.933
2016-04-20,18711.702,0.0,0.0,18711.702,18525.933
2016-04-21,18711.702,0.0,0.0,18711.702,18525.933
2016-04-22,18711.702,0.0,0.0,18711.702,18525.933
2016-04-23,18711.702,0.0,0.0,18711.702,18525.933
2016-04-24,18711.702,0.0,0.0,18711.702,18525.933
2016-04-25,18711.702,0.0,0.0,18711.702,18525.933
2016-04-26,18711.702,0.0,0.0,18711.702,18525.933
2016-04-27,18711.702,0.0,0.0,18711.702,18525.933
2016-04-28,18711.702,0.0,0.0,18711.702,18525.933
2016-04-29,18711.702,0.0,0.0,18711.702,18525.933
2016-04-30,18711.702,0.0,0.0,18711.702,18525.933
2016-05-01,18711.702,0.0,0.0,18711.702,18711.702
2016-05-02,18711.702,0.0,0.0,18711.702,18711.702
2016-05-03,18711.702,0.0,0.0,18711.702,18711.702
2016-05-04,18711.702,0.0,0.0,18711.702,18711.702
2016-05-05,18711.702,0.0,0.0,18711.702,18711.702
2016-05-06,18711.702,0.0,0.0,18711.702,18711.702
2016-05-07,18711.702,0.0,0.0,18711.702,18711.702
2016-05-08,18711.702,0.0,0.0,18711.702,18711.702
2016-05-09,18711.702,0.0,0.0,18711.702,18711.702
2016-05-10,18711.702,0.0,0.0,18711.702,18711.702
2016-05-11,18711.702,0.0,0.0,18711.702,18711.702
2016-05-12,18711.702,0.0,0.0,18711.702,18711.702
2016-05-13,18711.702,0.0,0.0,18711.702,18711.702
2016-05-14,18711.702,0.0,0.0,18711.702,18711.702
2016-05-15,18711.702,0.0,0.0,18711.702,18711.702
2016-05-16,18711.702,0.0,0.0,18711.702,18711.702
2016-05-17,18711.702,0.0,0.0,18711.702,18711.702
2016-05-18,18711.702,0.0,0.0,18711.702,18711.702
2016-05-19,18711.702,0.0,0.0,18711.702,18711.702
2016-05-20,18711.702,0.0,0.0,18711.702,18711.702
2016-05-21,18711.702,0.0,0.0,18711.702,18711.702
2016-05-22,18711.702,0.0,0.0,18711.702,18711.702
2016-05-23,18711.702,0.0,0.0,18711.702,18711.702
2016-05-24,18711.702,0.0,0.0,18711.702,18711.702
2016-05-25,18711.702,0.0,0.0,18711.702,18711.702
2016-05-26,18711.702,0.0,0.0,18711.702,18711.702
2016-05-27,18711.702,0.0,0.0,18711.702,18711.702
2016-05-28,18711.702,0.0,0.0,18711.702,18711.702
2016-05-29,18711.702,0.0,0.0,18711.702,18711.702
2016-05-30,18711.702,0.0,0.0,18711.702,18711.702
2016-05-31,18711.702,0.0,0.0,18711.702,18711.702
2016-06-01,18711.702,0.0,0.0,18711.702,18711.702
2016-06-02,18711.702,0.0,0.0,18711.702,18711.702
2016-06-03,18711.702,0.0,0.0,18711.702,18711.702
2016-06-04,18711.702,0.0,0.0,18711.702,18711.702
2016-06-05,18711.702,0.0,0.0,18711.702,18711.702
2016-06-06,18711.702,0.0,0.0,18711.702,18711.702
2016-06-07,18711.702,0.0,0.0,18711.702,18711.702
2016-06-08,18711.702,0.0,0.0,18711.702,18711.702
2016-06-09,18711.702,0.0,0.0,18711.702,18711.702
2016-06-10,18711.702,0.0,0.0,18711.702,18711.702
2016-06-11,18711.702,0.0,0.0,18711.702,18711.702
2016-06-12,18711.702,0.0,0.0,18711.702,18711.702
2016-06-13,18711.702,0.0,0.0,18711.702,18711.702
2016-06-14,18711.702,0.0,0.0,18711.702,18711.702
2016-06-15,18711.702,0.0,0.0,18711.702,18711.702
2016-06-16,18711.702,0.0,0.0,18711.702,18711.702
2016-06-17,18711.702,0.0,0.0,18711.702,18711.702
2016-06-18,18711.702,0.0,0.0,18711.702,18711.702
2016-06-19,18711.702,0.0,0.0,18711.702,18711.702
2016-06-20,18711.702,0.0,0.0,18711.702,18711.702
2016-06-21,18711.702,0.0,0.0,18711.702,18711.702
2016-06-22,18711.702,0.0,0.0,18711.702,18711.702
2016-06-23,18711.702,0.0,0.0,18711.702,18711.702
2016-06-24,18711.702,0.0,0.0,18711.702,18711.702
2016-06-25,18711.702,0.0,0.0,18711.702,18711.702
2016-06-26,18711.702,0.0,0.0,18711.702,18711.702
2016-06-27,18711.702,0.0,0.0,18711.702,18711.702
2016-06-28,18711.702,0.0,0.0,18711.702,18711.702
2016-06-29,18711.702,0.0,0.0,18711.702,18711.702
2016-06-30,18711.702,0.0,0.0,18711.702,18711.702
2016-07-01,18892.639,180.93699999999808,0.009669724325451323,18711.702,18711.702
2016-07-02,18892.639,0.0,0.0,18711.702,18711.702
2016-07-03,18892.639,0.0,0.0,18711.702,18711.702
2016-07-04,18892.639,0.0,0.0,18711.702,18711.702
2016-07-05,18892.639,0.0,0.0,18711.702,18711.702
2016-07-06,18892.639,0.0,0.0,18711.702,18711.702
2016-07-07,18892.639,0.0,0.0,18711.702,18711.702
2016-07-08,18892.639,0.0,0.0,18892.639,18711.702
2016-07-09,18892.639,0.0,0.0,18892.639,18711.702
2016-07-10,18892.639,0.0,0.0,18892.639,18711.702
2016-07-11,18892.639,0.0,0.0,18892.639,18711.702
2016-07-12,18892.639,0.0,0.0,18892.639,18711.702
2016-07-13,18892.639,0.0,0.0,18892.639,18711.702
2016-07-14,18892.639,0.0,0.0,18892.639,18711.702
2016-07-15,18892.639,0.0,0.0,18892.639,18711.702
2016-07-16,18892.639,0.0,0.0,18892.639,18711.702
2016-07-17,18892.639,0.0,0.0,18892.639,18711.702
2016-07-18,18892.639,0.0,0.0,18892.639,18711.702
2016-07-19,18892.639,0.0,0.0,18892.639,18711.702
2016-07-20,18892.639,0.0,0.0,18892.639,18711.702
2016-07-21,18892.639,0.0,0.0,18892.639,18711.702
2016-07-22,18892.639,0.0,0.0,18892.639,18711.702
2016-07-23,18892.639,0.0,0.0,18892.639,18711.702
2016-07-24,18892.639,0.0,0.0,18892.639,18711.702
2016-07-25,18892.639,0.0,0.0,18892.639,18711.702
2016-07-26,18892.639,0.0,0.0,18892.639,18711.702
2016-07-27,18892.639,0.0,0.0,18892.639,18711.702
2016-07-28,18892.639,0.0,0.0,18892.639,18711.702
2016-07-29,18892.639,0.0,0.0,18892.639,18711.702
2016-07-30,18892.639,0.0,0.0,18892.639,18711.702
2016-07-31,18892.639,0.0,0.0,18892.639,18892.639
2016-08-01,18892.639,0.0,0.0,18892.639,18892.639
2016-08-02,18892.639,0.0,0.0,18892.639,18892.639
2016-08-03,18892.639,0.0,0.0,18892.639,18892.639
2016-08-04,18892.639,0.0,0.0,18892.639,18892.639
2016-08-05,18892.639,0.0,0.0,18892.639,18892.639
2016-08-06,18892.639,0.0,0.0,18892.639,18892.639
2016-08-07,18892.639,0.0,0.0,18892.639,18892.639
2016-08-08,18892.639,0.0,0.0,18892.639,18892.639
2016-08-09,18892.639,0.0,0.0,18892.639,18892.639
2016-08-10,18892.639,0.0,0.0,18892.639,18892.639
2016-08-11,18892.639,0.0,0.0,18892.639,18892.639
2016-08-12,18892.639,0.0,0.0,18892.639,18892.639
2016-08-13,18892.639,0.0,0.0,18892.639,18892.639
2016-08-14,18892.639,0.0,0.0,18892.639,18892.639
2016-08-15,18892.639,0.0,0.0,18892.639,18892.639
2016-08-16,18892.639,0.0,0.0,18892.639,18892.639
2016-08-17,18892.639,0.0,0.0,18892.639,18892.639
2016-08-18,18892.639,0.0,0.0,18892.639,18892.639
2016-08-19,18892.639,0.0,0.0,18892.639,18892.639
2016-08-20,18892.639,0.0,0.0,18892.639,18892.639
2016-08-21,18892.639,0.0,0.0,18892.639,18892.639
2016-08-22,18892.639,0.0,0.0,18892.639,18892.639
2016-08-23,18892.639,0.0,0.0,18892.639,18892.639
2016-08-24,18892.639,0.0,0.0,18892.639,18892.639
2016-08-25,18892.639,0.0,0.0,18892.639,18892.639
2016-08-26,18892.639,0.0,0.0,18892.639,18892.639
2016-08-27,18892.639,0.0,0.0,18892.639,18892.639
2016-08-28,18892.639,0.0,0.0,18892.639,18892.639
2016-08-29,18892.639,0.0,0.0,18892.639,18892.639
2016-08-30,18892.639,0.0,0.0,18892.639,18892.639
2016-08-31,18892.639,0.0,0.0,18892.639,18892.639
2016-09-01,18892.639,0.0,0.0,18892.639,18892.639
2016-09-02,18892.639,0.0,0.0,18892.639,18892.639
2016-09-03,18892.639,0.0,0.0,18892.639,18892.639
2016-09-04,18892.639,0.0,0.0,18892.639,18892.639
2016-09-05,18892.639,0.0,0.0,18892.639,18892.639
2016-09-06,18892.639,0.0,0.0,18892.639,18892.639
2016-09-07,18892.639,0.0,0.0,18892.639,18892.639
2016-09-08,18892.639,0.0,0.0,18892.639,18892.639
2016-09-09,18892.639,0.0,0.0,18892.639,18892.639
2016-09-10,18892.639,0.0,0.0,18892.639,18892.639
2016-09-11,18892.639,0.0,0.0,18892.639,18892.639
2016-09-12,18892.639,0.0,0.0,18892.639,18892.639
2016-09-13,18892.639,0.0,0.0,18892.639,18892.639
2016-09-14,18892.639,0.0,0.0,18892.639,18892.639
2016-09-15,18892.639,0.0,0.0,18892.639,18892.639
2016-09-16,18892.639,0.0,0.0,18892.639,18892.639
2016-09-17,18892.639,0.0,0.0,18892.639,18892.639
2016-09-18,18892.639,0.0,0.0,18892.639,18892.639
2016-09-19,18892.639,0.0,0.0,18892.639,18892.639
2016-09-20,18892.639,0.0,0.0,18892.639,18892.639
2016-09-21,18892.639,0.0,0.0,18892.639,18892.639
2016-09-22,18892.639,0.0,0.0,18892.639,18892.639
2016-09-23,18892.639,0.0,0.0,18892.639,18892.639
2016-09-24,18892.639,0.0,0.0,18892.639,18892.639
2016-09-25,18892.639,0.0,0.0,18892.639,18892.639
2016-09-26,18892.639,0.0,0.0,18892.639,18892.639
2016-09-27,18892.639,0.0,0.0,18892.639,18892.639
2016-09-28,18892.639,0.0,0.0,18892.639,18892.639
2016-09-29,18892.639,0.0,0.0,18892.639,18892.639
2016-09-30,18892.639,0.0,0.0,18892.639,18892.639
2016-10-01,19089.379,196.7400000000016,0.010413579595735856,18892.639,18892.639
2016-10-02,19089.379,0.0,0.0,18892.639,18892.639
2016-10-03,19089.379,0.0,0.0,18892.639,18892.639
2016-10-04,19089.379,0.0,0.0,18892.639,18892.639
2016-10-05,19089.379,0.0,0.0,18892.639,18892.639
2016-10-06,19089.379,0.0,0.0,18892.639,18892.639
2016-10-07,19089.379,0.0,0.0,18892.639,18892.639
2016-10-08,19089.379,0.0,0.0,19089.379,18892.639
2016-10-09,19089.379,0.0,0.0,19089.379,18892.639
2016-10-10,19089.379,0.0,0.0,19089.379,18892.639
2016-10-11,19089.379,0.0,0.0,19089.379,18892.639
2016-10-12,19089.379,0.0,0.0,19089.379,18892.639
2016-10-13,19089.379,0.0,0.0,19089.379,18892.639
2016-10-14,19089.379,0.0,0.0,19089.379,18892.639
2016-10-15,19089.379,0.0,0.0,19089.379,18892.639
2016-10-16,19089.379,0.0,0.0,19089.379,18892.639
2016-10-17,19089.379,0.0,0.0,19089.379,18892.639
2016-10-18,19089.379,0.0,0.0,19089.379,18892.639
2016-10-19,19089.379,0.0,0.0,19089.379,18892.639
2016-10-20,19089.379,0.0,0.0,19089.379,18892.639
2016-10-21,19089.379,0.0,0.0,19089.379,18892.639
2016-10-22,19089.379,0.0,0.0,19089.379,18892.639
2016-10-23,19089.379,0.0,0.0,19089.379,18892.639
2016-10-24,19089.379,0.0,0.0,19089.379,18892.639
2016-10-25,19089.379,0.0,0.0,19089.379,18892.639
2016-10-26,19089.379,0.0,0.0,19089.379,18892.639
2016-10-27,19089.379,0.0,0.0,19089.379,18892.639
2016-10-28,19089.379,0.0,0.0,19089.379,18892.639
2016-10-29,19089.379,0.0,0.0,19089.379,18892.639
2016-10-30,19089.379,0.0,0.0,19089.379,18892.639
2016-10-31,19089.379,0.0,0.0,19089.379,19089.379
2016-11-01,19089.379,0.0,0.0,19089.379,19089.379
2016-11-02,19089.379,0.0,0.0,19089.379,19089.379
2016-11-03,19089.379,0.0,0.0,19089.379,19089.379
2016-11-04,19089.379,0.0,0.0,19089.379,19089.379
2016-11-05,19089.379,0.0,0.0,19089.379,19089.379
2016-11-06,19089.379,0.0,0.0,19089.379,19089.379
2016-11-07,19089.379,0.0,0.0,19089.379,19089.379
2016-11-08,19089.379,0.0,0.0,19089.379,19089.379
2016-11-09,19089.379,0.0,0.0,19089.379,19089.379
2016-11-10,19089.379,0.0,0.0,19089.379,19089.379
2016-11-11,19089.379,0.0,0.0,19089.379,19089.379
2016-11-12,19089.379,0.0,0.0,19089.379,19089.379
2016-11-13,19089.379,0.0,0.0,19089.379,19089.379
2016-11-14,19089.379,0.0,0.0,19089.379,19089.379
2016-11-15,19089.379,0.0,0.0,19089.379,19089.379
2016-11-16,19089.379,0.0,0.0,19089.379,19089.379
2016-11-17,19089.379,0.0,0.0,19089.379,19089.379
2016-11-18,19089.379,0.0,0.0,19089.379,19089.379
2016-11-19,19089.379,0.0,0.0,19089.379,19089.379
2016-11-20,19089.379,0.0,0.0,19089.379,19089.379
2016-11-21,19089.379,0.0,0.0,19089.379,19089.379
2016-11-22,19089.379,0.0,0.0,19089.379,19089.379
2016-11-23,19089.379,0.0,0.0,19089.379,19089.379
2016-11-24,19089.379,0.0,0.0,19089.379,19089.379
2016-11-25,19089.379,0.0,0.0,19089.379,19089.379
2016-11-26,19089.379,0.0,0.0,19089.379,19089.379
2016-11-27,19089.379,0.0,0.0,19089.379,19089.379
2016-11-28,19089.379,0.0,0.0,19089.379,19089.379
2016-11-29,19089.379,0.0,0.0,19089.379,19089.379
2016-11-30,19089.379,0.0,0.0,19089.379,19089.379
2016-12-01,19089.379,0.0,0.0,19089.379,19089.379
2016-12-02,19089.379,0.0,0.0,19089.379,19089.379
2016-12-03,19089.379,0.0,0.0,19089.379,19089.379
2016-12-04,19089.379,0.0,0.0,19089.379,19089.379
2016-12-05,19089.379,0.0,0.0,19089.379,19089.379
2016-12-06,19089.379,0.0,0.0,19089.379,19089.379
2016-12-07,19089.379,0.0,0.0,19089.379,19089.379
2016-12-08,19089.379,0.0,0.0,19089.379,19089.379
2016-12-09,19089.379,0.0,0.0,19089.379,19089.379
2016-12-10,19089.379,0.0,0.0,19089.379,19089.379
2016-12-11,19089.379,0.0,0.0,19089.379,19089.379
2016-12-12,19089.379,0.0,0.0,19089.379,19089.379
2016-12-13,19089.379,0.0,0.0,19089.379,19089.379
2016-12-14,19089.379,0.0,0.0,19089.379,19089.379
2016-12-15,19089.379,0.0,0.0,19089.379,19089.379
2016-12-16,19089.379,0.0,0.0,19089.379,19089.379
2016-12-17,19089.379,0.0,0.0,19089.379,19089.379
2016-12-18,19089.379,0.0,0.0,19089.379,19089.379
2016-12-19,19089.379,0.0,0.0,19089.379,19089.379
2016-12-20,19089.379,0.0,0.0,19089.379,19089.379
2016-12-21,19089.379,0.0,0.0,19089.379,19089.379
2016-12-22,19089.379,0.0,0.0,19089.379,19089.379
2016-12-23,19089.379,0.0,0.0,19089.379,19089.379
2016-12-24,19089.379,0.0,0.0,19089.379,19089.379
2016-12-25,19089.379,0.0,0.0,19089.379,19089.379
2016-12-26,19089.379,0.0,0.0,19089.379,19089.379
2016-12-27,19089.379,0.0,0.0,19089.379,19089.379
2016-12-28,19089.379,0.0,0.0,19089.379,19089.379
2016-12-29,19089.379,0.0,0.0,19089.379,19089.379
2016-12-30,19089.379,0.0,0.0,19089.379,19089.379
2016-12-31,19089.379,0.0,0.0,19089.379,19089.379
2017-01-01,19280.084,190.7049999999981,0.009990110207356517,19089.379,19089.379
2017-01-02,19280.084,0.0,0.0,19089.379,19089.379
2017-01-03,19280.084,0.0,0.0,19089.379,19089.379
2017-01-04,19280.084,0.0,0.0,19089.379,19089.379
2017-01-05,19280.084,0.0,0.0,19089.379,19089.379
2017-01-06,19280.084,0.0,0.0,19089.379,19089.379
2017-01-07,19280.084,0.0,0.0,19089.379,19089.379
2017-01-08,19280.084,0.0,0.0,19280.084,19089.379
2017-01-09,19280.084,0.0,0.0,19280.084,19089.379
2017-01-10,19280.084,0.0,0.0,19280.084,19089.379
2017-01-11,19280.084,0.0,0.0,19280.084,19089.379
2017-01-12,19280.084,0.0,0.0,19280.084,19089.379
2017-01-13,19280.084,0.0,0.0,19280.084,19089.379
2017-01-14,19280.084,0.0,0.0,19280.084,19089.379
2017-01-15,19280.084,0.0,0.0,19280.084,19089.379
2017-01-16,19280.084,0.0,0.0,19280.084,19089.379
2017-01-17,19280.084,0.0,0.0,19280.084,19089.379
2017-01-18,19280.084,0.0,0.0,19280.084,19089.379
2017-01-19,19280.084,0.0,0.0,19280.084,19089.379
2017-01-20,19280.084,0.0,0.0,19280.084,19089.379
2017-01-21,19280.084,0.0,0.0,19280.084,19089.379
2017-01-22,19280.084,0.0,0.0,19280.084,19089.379
2017-01-23,19280.084,0.0,0.0,19280.084,19089.379
2017-01-24,19280.084,0.0,0.0,19280.084,19089.379
2017-01-25,19280.084,0.0,0.0,19280.084,19089.379
2017-01-26,19280.084,0.0,0.0,19280.084,19089.379
2017-01-27,19280.084,0.0,0.0,19280.084,19089.379
2017-01-28,19280.084,0.0,0.0,19280.084,19089.379
2017-01-29,19280.084,0.0,0.0,19280.084,19089.379
2017-01-30,19280.084,0.0,0.0,19280.084,19089.379
2017-01-31,19280.084,0.0,0.0,19280.084,19280.084
2017-02-01,19280.084,0.0,0.0,19280.084,19280.084
2017-02-02,19280.084,0.0,0.0,19280.084,19280.084
2017-02-03,19280.084,0.0,0.0,19280.084,19280.084
2017-02-04,19280.084,0.0,0.0,19280.084,19280.084
2017-02-05,19280.084,0.0,0.0,19280.084,19280.084
2017-02-06,19280.084,0.0,0.0,19280.084,19280.084
2017-02-07,19280.084,0.0,0.0,19280.084,19280.084
2017-02-08,19280.084,0.0,0.0,19280.084,19280.084
2017-02-09,19280.084,0.0,0.0,19280.084,19280.084
2017-02-10,19280.084,0.0,0.0,19280.084,19280.084
2017-02-11,19280.084,0.0,0.0,19280.084,19280.084
2017-02-12,19280.084,0.0,0.0,19280.084,19280.084
2017-02-13,19280.084,0.0,0.0,19280.084,19280.084
2017-02-14,19280.084,0.0,0.0,19280.084,19280.084
2017-02-15,19280.084,0.0,0.0,19280.084,19280.084
2017-02-16,19280.084,0.0,0.0,19280.084,19280.084
2017-02-17,19280.084,0.0,0.0,19280.084,19280.084
2017-02-18,19280.084,0.0,0.0,19280.084,19280.084
2017-02-19,19280.084,0.0,0.0,19280.084,19280.084
2017-02-20,19280.084,0.0,0.0,19280.084,19280.084
2017-02-21,19280.084,0.0,0.0,19280.084,19280.084
2017-02-22,19280.084,0.0,0.0,19280.084,19280.084
2017-02-23,19280.084,0.0,0.0,19280.084,19280.084
2017-02-24,19280.084,0.0,0.0,19280.084,19280.084
2017-02-25,19280.084,0.0,0.0,19280.084,19280.084
2017-02-26,19280.084,0.0,0.0,19280.084,19280.084
2017-02-27,19280.084,0.0,0.0,19280.084,19280.084
2017-02-28,19280.084,0.0,0.0,19280.084,19280.084
2017-03-01,19280.084,0.0,0.0,19280.084,19280.084
2017-03-02,19280.084,0.0,0.0,19280.084,19280.084
2017-03-03,19280.084,0.0,0.0,19280.084,19280.084
2017-03-04,19280.084,0.0,0.0,19280.084,19280.084
2017-03-05,19280.084,0.0,0.0,19280.084,19280.084
2017-03-06,19280.084,0.0,0.0,19280.084,19280.084
2017-03-07,19280.084,0.0,0.0,19280.084,19280.084
2017-03-08,19280.084,0.0,0.0,19280.084,19280.084
2017-03-09,19280.084,0.0,0.0,19280.084,19280.084
2017-03-10,19280.084,0.0,0.0,19280.084,19280.084
2017-03-11,19280.084,0.0,0.0,19280.084,19280.084
2017-03-12,19280.084,0.0,0.0,19280.084,19280.084
2017-03-13,19280.084,0.0,0.0,19280.084,19280.084
2017-03-14,19280.084,0.0,0.0,19280.084,19280.084
2017-03-15,19280.084,0.0,0.0,19280.084,19280.084
2017-03-16,19280.084,0.0,0.0,19280.084,19280.084
2017-03-17,19280.084,0.0,0.0,19280.084,19280.084
2017-03-18,19280.084,0.0,0.0,19280.084,19280.084
2017-03-19,19280.084,0.0,0.0,19280.084,19280.084
2017-03-20,19280.084,0.0,0.0,19280.084,19280.084
2017-03-21,19280.084,0.0,0.0,19280.084,19280.084
2017-03-22,19280.084,0.0,0.0,19280.084,19280.084
2017-03-23,19280.084,0.0,0.0,19280.084,19280.084
2017-03-24,19280.084,0.0,0.0,19280.084,19280.084
2017-03-25,19280.084,0.0,0.0,19280.084,19280.084
2017-03-26,19280.084,0.0,0.0,19280.084,19280.084
2017-03-27,19280.084,0.0,0.0,19280.084,19280.084
2017-03-28,19280.084,0.0,0.0,19280.084,19280.084
2017-03-29,19280.084,0.0,0.0,19280.084,19280.084
2017-03-30,19280.084,0.0,0.0,19280.084,19280.084
2017-03-31,19280.084,0.0,0.0,19280.084,19280.084
2017-04-01,19438.643,158.5590000000011,0.008223978692209144,19280.084,19280.084
2017-04-02,19438.643,0.0,0.0,19280.084,19280.084
2017-04-03,19438.643,0.0,0.0,19280.084,19280.084
2017-04-04,19438.643,0.0,0.0,19280.084,19280.084
2017-04-05,19438.643,0.0,0.0,19280.084,19280.084
2017-04-06,19438.643,0.0,0.0,19280.084,19280.084
2017-04-07,19438.643,0.0,0.0,19280.084,19280.084
2017-04-08,19438.643,0.0,0.0,19438.643,19280.084
2017-04-09,19438.643,0.0,0.0,19438.643,19280.084
2017-04-10,19438.643,0.0,0.0,19438.643,19280.084
2017-04-11,19438.643,0.0,0.0,19438.643,19280.084
2017-04-12,19438.643,0.0,0.0,19438.643,19280.084
2017-04-13,19438.643,0.0,0.0,19438.643,19280.084
2017-04-14,19438.643,0.0,0.0,19438.643,19280.084
2017-04-15,19438.643,0.0,0.0,19438.643,19280.084
2017-04-16,19438.643,0.0,0.0,19438.643,19280.084
2017-04-17,19438.643,0.0,0.0,19438.643,19280.084
2017-04-18,19438.643,0.0,0.0,19438.643,19280.084
2017-04-19,19438.643,0.0,0.0,19438.643,19280.084
2017-04-20,19438.643,0.0,0.0,19438.643,19280.084
2017-04-21,19438.643,0.0,0.0,19438.643,19280.084
2017-04-22,19438.643,0.0,0.0,19438.643,19280.084
2017-04-23,19438.643,0.0,0.0,19438.643,19280.084
2017-04-24,19438.643,0.0,0.0,19438.643,19280.084
2017-04-25,19438.643,0.0,0.0,19438.643,19280.084
2017-04-26,19438.643,0.0,0.0,19438.643,19280.084
2017-04-27,19438.643,0.0,0.0,19438.643,19280.084
2017-04-28,19438.643,0.0,0.0,19438.643,19280.084
2017-04-29,19438.643,0.0,0.0,19438.643,19280.084
2017-04-30,19438.643,0.0,0.0,19438.643,19280.084
2017-05-01,19438.643,0.0,0.0,19438.643,19438.643
2017-05-02,19438.643,0.0,0.0,19438.643,19438.643
2017-05-03,19438.643,0.0,0.0,19438.643,19438.643
2017-05-04,19438.643,0.0,0.0,19438.643,19438.643
2017-05-05,19438.643,0.0,0.0,19438.643,19438.643
2017-05-06,19438.643,0.0,0.0,19438.643,19438.643
2017-05-07,19438.643,0.0,0.0,19438.643,19438.643
2017-05-08,19438.643,0.0,0.0,19438.643,19438.643
2017-05-09,19438.643,0.0,0.0,19438.643,19438.643
2017-05-10,19438.643,0.0,0.0,19438.643,19438.643
2017-05-11,19438.643,0.0,0.0,19438.643,19438.643
2017-05-12,19438.643,0.0,0.0,19438.643,19438.643
2017-05-13,19438.643,0.0,0.0,19438.643,19438.643
2017-05-14,19438.643,0.0,0.0,19438.643,19438.643
2017-05-15,19438.643,0.0,0.0,19438.643,19438.643
2017-05-16,19438.643,0.0,0.0,19438.643,19438.643
2017-05-17,19438.643,0.0,0.0,19438.643,19438.643
2017-05-18,19438.643,0.0,0.0,19438.643,19438.643
2017-05-19,19438.643,0.0,0.0,19438.643,19438.643
2017-05-20,19438.643,0.0,0.0,19438.643,19438.643
2017-05-21,19438.643,0.0,0.0,19438.643,19438.643
2017-05-22,19438.643,0.0,0.0,19438.643,19438.643
2017-05-23,19438.643,0.0,0.0,19438.643,19438.643
2017-05-24,19438.643,0.0,0.0,19438.643,19438.643
2017-05-25,19438.643,0.0,0.0,19438.643,19438.643
2017-05-26,19438.643,0.0,0.0,19438.643,19438.643
2017-05-27,19438.643,0.0,0.0,19438.643,19438.643
2017-05-28,19438.643,0.0,0.0,19438.643,19438.643
2017-05-29,19438.643,0.0,0.0,19438.643,19438.643
2017-05-30,19438.643,0.0,0.0,19438.643,19438.643
2017-05-31,19438.643,0.0,0.0,19438.643,19438.643
2017-06-01,19438.643,0.0,0.0,19438.643,19438.643
2017-06-02,19438.643,0.0,0.0,19438.643,19438.643
2017-06-03,19438.643,0.0,0.0,19438.643,19438.643
2017-06-04,19438.643,0.0,0.0,19438.643,19438.643
2017-06-05,19438.643,0.0,0.0,19438.643,19438.643
2017-06-06,19438.643,0.0,0.0,19438.643,19438.643
2017-06-07,19438.643,0.0,0.0,19438.643,19438.643
2017-06-08,19438.643,0.0,0.0,19438.643,19438.643
2017-06-09,19438.643,0.0,0.0,19438.643,19438.643
2017-06-10,19438.643,0.0,0.0,19438.643,19438.643
2017-06-11,19438.643,0.0,0.0,19438.643,19438.643
2017-06-12,19438.643,0.0,0.0,19438.643,19438.643
2017-06-13,19438.643,0.0,0.0,19438.643,19438.643
2017-06-14,19438.643,0.0,0.0,19438.643,19438.643
2017-06-15,19438.643,0.0,0.0,19438.643,19438.643
2017-06-16,19438.643,0.0,0.0,19438.643,19438.643
2017-06-17,19438.643,0.0,0.0,19438.643,19438.643
2017-06-18,19438.643,0.0,0.0,19438.643,19438.643
2017-06-19,19438.643,0.0,0.0,19438.643,19438.643
2017-06-20,19438.643,0.0,0.0,19438.643,19438.643
2017-06-21,19438.643,0.0,0.0,19438.643,19438.643
2017-06-22,19438.643,0.0,0.0,19438.643,19438.643
2017-06-23,19438.643,0.0,0.0,19438.643,19438.643
2017-06-24,19438.643,0.0,0.0,19438.643,19438.643
2017-06-25,19438.643,0.0,0.0,19438.643,19438.643
2017-06-26,19438.643,0.0,0.0,19438.643,19438.643
2017-06-27,19438.643,0.0,0.0,19438.643,19438.643
2017-06-28,19438.643,0.0,0.0,19438.643,19438.643
2017-06-29,19438.643,0.0,0.0,19438.643,19438.643
2017-06-30,19438.643,0.0,0.0,19438.643,19438.643
2017-07-01,19692.595,253.95200000000114,0.013064286431928362,19438.643,19438.643
2017-07-02,19692.595,0.0,0.0,19438.643,19438.643
2017-07-03,19692.595,0.0,0.0,19438.643,19438.643
2017-07-04,19692.595,0.0,0.0,19438.643,19438.643
2017-07-05,19692.595,0.0,0.0,19438.643,19438.643
2017-07-06,19692.595,0.0,0.0,19438.643,19438.643
2017-07-07,19692.595,0.0,0.0,19438.643,19438.643
2017-07-08,19692.595,0.0,0.0,19692.595,19438.643
2017-07-09,19692.595,0.0,0.0,19692.595,19438.643
2017-07-10,19692.595,0.0,0.0,19692.595,19438.643
2017-07-11,19692.595,0.0,0.0,19692.595,19438.643
2017-07-12,19692.595,0.0,0.0,19692.595,19438.643
2017-07-13,19692.595,0.0,0.0,19692.595,19438.643
2017-07-14,19692.595,0.0,0.0,19692.595,19438.643
2017-07-15,19692.595,0.0,0.0,19692.595,19438.643
2017-07-16,19692.595,0.0,0.0,19692.595,19438.643
2017-07-17,19692.595,0.0,0.0,19692.595,19438.643
2017-07-18,19692.595,0.0,0.0,19692.595,19438.643
2017-07-19,19692.595,0.0,0.0,19692.595,19438.643
2017-07-20,19692.595,0.0,0.0,19692.595,19438.643
2017-07-21,19692.595,0.0,0.0,19692.595,19438.643
2017-07-22,19692.595,0.0,0.0,19692.595,19438.643
2017-07-23,19692.595,0.0,0.0,19692.595,19438.643
2017-07-24,19692.595,0.0,0.0,19692.595,19438.643
2017-07-25,19692.595,0.0,0.0,19692.595,19438.643
2017-07-26,19692.595,0.0,0.0,19692.595,19438.643
2017-07-27,19692.595,0.0,0.0,19692.595,19438.643
2017-07-28,19692.595,0.0,0.0,19692.595,19438.643
2017-07-29,19692.595,0.0,0.0,19692.595,19438.643
2017-07-30,19692.595,0.0,0.0,19692.595,19438.643
2017-07-31,19692.595,0.0,0.0,19692.595,19692.595
2017-08-01,19692.595,0.0,0.0,19692.595,19692.595
2017-08-02,19692.595,0.0,0.0,19692.595,19692.595
2017-08-03,19692.595,0.0,0.0,19692.595,19692.595
2017-08-04,19692.595,0.0,0.0,19692.595,19692.595
2017-08-05,19692.595,0.0,0.0,19692.595,19692.595
2017-08-06,19692.595,0.0,0.0,19692.595,19692.595
2017-08-07,19692.595,0.0,0.0,19692.595,19692.595
2017-08-08,19692.595,0.0,0.0,19692.595,19692.595
2017-08-09,19692.595,0.0,0.0,19692.595,19692.595
2017-08-10,19692.595,0.0,0.0,19692.595,19692.595
2017-08-11,19692.595,0.0,0.0,19692.595,19692.595
2017-08-12,19692.595,0.0,0.0,19692.595,19692.595
2017-08-13,19692.595,0.0,0.0,19692.595,19692.595
2017-08-14,19692.595,0.0,0.0,19692.595,19692.595
2017-08-15,19692.595,0.0,0.0,19692.595,19692.595
2017-08-16,19692.595,0.0,0.0,19692.595,19692.595
2017-08-17,19692.595,0.0,0.0,19692.595,19692.595
2017-08-18,19692.595,0.0,0.0,19692.595,19692.595
2017-08-19,19692.595,0.0,0.0,19692.595,19692.595
2017-08-20,19692.595,0.0,0.0,19692.595,19692.595
2017-08-21,19692.595,0.0,0.0,19692.595,19692.595
2017-08-22,19692.595,0.0,0.0,19692.595,19692.595
2017-08-23,19692.595,0.0,0.0,19692.595,19692.595
2017-08-24,19692.595,0.0,0.0,19692.595,19692.595
2017-08-25,19692.595,0.0,0.0,19692.595,19692.595
2017-08-26,19692.595,0.0,0.0,19692.595,19692.595
2017-08-27,19692.595,0.0,0.0,19692.595,19692.595
2017-08-28,19692.595,0.0,0.0,19692.595,19692.595
2017-08-29,19692.595,0.0,0.0,19692.595,19692.595
2017-08-30,19692.595,0.0,0.0,19692.595,19692.595
2017-08-31,19692.595,0.0,0.0,19692.595,19692.595
2017-09-01,19692.595,0.0,0.0,19692.595,19692.595
2017-09-02,19692.595,0.0,0.0,19692.595,19692.595
2017-09-03,19692.595,0.0,0.0,19692.595,19692.595
2017-09-04,19692.595,0.0,0.0,19692.595,19692.595
2017-09-05,19692.595,0.0,0.0,19692.595,19692.595
2017-09-06,19692.595,0.0,0.0,19692.595,19692.595
2017-09-07,19692.595,0.0,0.0,19692.595,19692.595
2017-09-08,19692.595,0.0,0.0,19692.595,19692.595
2017-09-09,19692.595,0.0,0.0,19692.595,19692.595
2017-09-10,19692.595,0.0,0.0,19692.595,19692.595
2017-09-11,19692.595,0.0,0.0,19692.595,19692.595
2017-09-12,19692.595,0.0,0.0,19692.595,19692.595
2017-09-13,19692.595,0.0,0.0,19692.595,19692.595
2017-09-14,19692.595,0.0,0.0,19692.595,19692.595
2017-09-15,19692.595,0.0,0.0,19692.595,19692.595
2017-09-16,19692.595,0.0,0.0,19692.595,19692.595
2017-09-17,19692.595,0.0,0.0,19692.595,19692.595
2017-09-18,19692.595,0.0,0.0,19692.595,19692.595
2017-09-19,19692.595,0.0,0.0,19692.595,19692.595
2017-09-20,19692.595,0.0,0.0,19692.595,19692.595
2017-09-21,19692.595,0.0,0.0,19692.595,19692.595
2017-09-22,19692.595,0.0,0.0,19692.595,19692.595
2017-09-23,19692.595,0.0,0.0,19692.595,19692.595
2017-09-24,19692.595,0.0,0.0,19692.595,19692.595
2017-09-25,19692.595,0.0,0.0,19692.595,19692.595
2017-09-26,19692.595,0.0,0.0,19692.595,19692.595
2017-09-27,19692.595,0.0,0.0,19692.595,19692.595
2017-09-28,19692.595,0.0,0.0,19692.595,19692.595
2017-09-29,19692.595,0.0,0.0,19692.595,19692.595
2017-09-30,19692.595,0.0,0.0,19692.595,19692.595
2017-10-01,20037.088,344.4929999999986,0.0174935299283816,19692.595,19692.595
2017-10-02,20037.088,0.0,0.0,19692.595,19692.595
2017-10-03,20037.088,0.0,0.0,19692.595,19692.595
2017-10-04,20037.088,0.0,0.0,19692.595,19692.595
2017-10-05,20037.088,0.0,0.0,19692.595,19692.595
2017-10-06,20037.088,0.0,0.0,19692.595,19692.595
2017-10-07,20037.088,0.0,0.0,19692.595,19692.595
2017-10-08,20037.088,0.0,0.0,20037.088,19692.595
2017-10-09,20037.088,0.0,0.0,20037.088,19692.595
2017-10-10,20037.088,0.0,0.0,20037.088,19692.595
2017-10-11,20037.088,0.0,0.0,20037.088,19692.595
2017-10-12,20037.088,0.0,0.0,20037.088,19692.595
2017-10-13,20037.088,0.0,0.0,20037.088,19692.595
2017-10-14,20037.088,0.0,0.0,20037.088,19692.595
2017-10-15,20037.088,0.0,0.0,20037.088,19692.595
2017-10-16,20037.088,0.0,0.0,20037.088,19692.595
2017-10-17,20037.088,0.0,0.0,20037.088,19692.595
2017-10-18,20037.088,0.0,0.0,20037.088,19692.595
2017-10-19,20037.088,0.0,0.0,20037.088,19692.595
2017-10-20,20037.088,0.0,0.0,20037.088,19692.595
2017-10-21,20037.088,0.0,0.0,20037.088,19692.595
2017-10-22,20037.088,0.0,0.0,20037.088,19692.595
2017-10-23,20037.088,0.0,0.0,20037.088,19692.595
2017-10-24,20037.088,0.0,0.0,20037.088,19692.595
2017-10-25,20037.088,0.0,0.0,20037.088,19692.595
2017-10-26,20037.088,0.0,0.0,20037.088,19692.595
2017-10-27,20037.088,0.0,0.0,20037.088,19692.595
2017-10-28,20037.088,0.0,0.0,20037.088,19692.595
2017-10-29,20037.088,0.0,0.0,20037.088,19692.595
2017-10-30,20037.088,0.0,0.0,20037.088,19692.595
2017-10-31,20037.088,0.0,0.0,20037.088,20037.088
2017-11-01,20037.088,0.0,0.0,20037.088,20037.088
2017-11-02,20037.088,0.0,0.0,20037.088,20037.088
2017-11-03,20037.088,0.0,0.0,20037.088,20037.088
2017-11-04,20037.088,0.0,0.0,20037.088,20037.088
2017-11-05,20037.088,0.0,0.0,20037.088,20037.088
2017-11-06,20037.088,0.0,0.0,20037.088,20037.088
2017-11-07,20037.088,0.0,0.0,20037.088,20037.088
2017-11-08,20037.088,0.0,0.0,20037.088,20037.088
2017-11-09,20037.088,0.0,0.0,20037.088,20037.088
2017-11-10,20037.088,0.0,0.0,20037.088,20037.088
2017-11-11,20037.088,0.0,0.0,20037.088,20037.088
2017-11-12,20037.088,0.0,0.0,20037.088,20037.088
2017-11-13,20037.088,0.0,0.0,20037.088,20037.088
2017-11-14,20037.088,0.0,0.0,20037.088,20037.088
2017-11-15,20037.088,0.0,0.0,20037.088,20037.088
2017-11-16,20037.088,0.0,0.0,20037.088,20037.088
2017-11-17,20037.088,0.0,0.0,20037.088,20037.088
2017-11-18,20037.088,0.0,0.0,20037.088,20037.088
2017-11-19,20037.088,0.0,0.0,20037.088,20037.088
2017-11-20,20037.088,0.0,0.0,20037.088,20037.088
2017-11-21,20037.088,0.0,0.0,20037.088,20037.088
2017-11-22,20037.088,0.0,0.0,20037.088,20037.088
2017-11-23,20037.088,0.0,0.0,20037.088,20037.088
2017-11-24,20037.088,0.0,0.0,20037.088,20037.088
2017-11-25,20037.088,0.0,0.0,20037.088,20037.088
2017-11-26,20037.088,0.0,0.0,20037.088,20037.088
2017-11-27,20037.088,0.0,0.0,20037.088,20037.088
2017-11-28,20037.088,0.0,0.0,20037.088,20037.088
2017-11-29,20037.088,0.0,0.0,20037.088,20037.088
2017-11-30,20037.088,0.0,0.0,20037.088,20037.088
2017-12-01,20037.088,0.0,0.0,20037.088,20037.088
2017-12-02,20037.088,0.0,0.0,20037.088,20037.088
2017-12-03,20037.088,0.0,0.0,20037.088,20037.088
2017-12-04,20037.088,0.0,0.0,20037.088,20037.088
2017-12-05,20037.088,0.0,0.0,20037.088,20037.088
2017-12-06,20037.088,0.0,0.0,20037.088,20037.088
2017-12-07,20037.088,0.0,0.0,20037.088,20037.088
2017-12-08,20037.088,0.0,0.0,20037.088,20037.088
2017-12-09,20037.088,0.0,0.0,20037.088,20037.088
2017-12-10,20037.088,0.0,0.0,20037.088,20037.088
2017-12-11,20037.088,0.0,0.0,20037.088,20037.088
2017-12-12,20037.088,0.0,0.0,20037.088,20037.088
2017-12-13,20037.088,0.0,0.0,20037.088,20037.088
2017-12-14,20037.088,0.0,0.0,20037.088,20037.088
2017-12-15,20037.088,0.0,0.0,20037.088,20037.088
2017-12-16,20037.088,0.0,0.0,20037.088,20037.088
2017-12-17,20037.088,0.0,0.0,20037.088,20037.088
2017-12-18,20037.088,0.0,0.0,20037.088,20037.088
2017-12-19,20037.088,0.0,0.0,20037.088,20037.088
2017-12-20,20037.088,0.0,0.0,20037.088,20037.088
2017-12-21,20037.088,0.0,0.0,20037.088,20037.088
2017-12-22,20037.088,0.0,0.0,20037.088,20037.088
2017-12-23,20037.088,0.0,0.0,20037.088,20037.088
2017-12-24,20037.088,0.0,0.0,20037.088,20037.088
2017-12-25,20037.088,0.0,0.0,20037.088,20037.088
2017-12-26,20037.088,0.0,0.0,20037.088,20037.088
2017-12-27,20037.088,0.0,0.0,20037.088,20037.088
2017-12-28,20037.088,0.0,0.0,20037.088,20037.088
2017-12-29,20037.088,0.0,0.0,20037.088,20037.088
2017-12-30,20037.088,0.0,0.0,20037.088,20037.088
2017-12-31,20037.088,0.0,0.0,20037.088,20037.088
2018-01-01,20328.553,291.46500000000015,0.014546275386922547,20037.088,20037.088
2018-01-02,20328.553,0.0,0.0,20037.088,20037.088
2018-01-03,20328.553,0.0,0.0,20037.088,20037.088
2018-01-04,20328.553,0.0,0.0,20037.088,20037.088
2018-01-05,20328.553,0.0,0.0,20037.088,20037.088
2018-01-06,20328.553,0.0,0.0,20037.088,20037.088
2018-01-07,20328.553,0.0,0.0,20037.088,20037.088
2018-01-08,20328.553,0.0,0.0,20328.553,20037.088
2018-01-09,20328.553,0.0,0.0,20328.553,20037.088
2018-01-10,20328.553,0.0,0.0,20328.553,20037.088
2018-01-11,20328.553,0.0,0.0,20328.553,20037.088
2018-01-12,20328.553,0.0,0.0,20328.553,20037.088
2018-01-13,20328.553,0.0,0.0,20328.553,20037.088
2018-01-14,20328.553,0.0,0.0,20328.553,20037.088
2018-01-15,20328.553,0.0,0.0,20328.553,20037.088
2018-01-16,20328.553,0.0,0.0,20328.553,20037.088
2018-01-17,20328.553,0.0,0.0,20328.553,20037.088
2018-01-18,20328.553,0.0,0.0,20328.553,20037.088
2018-01-19,20328.553,0.0,0.0,20328.553,20037.088
2018-01-20,20328.553,0.0,0.0,20328.553,20037.088
2018-01-21,20328.553,0.0,0.0,20328.553,20037.088
2018-01-22,20328.553,0.0,0.0,20328.553,20037.088
2018-01-23,20328.553,0.0,0.0,20328.553,20037.088
2018-01-24,20328.553,0.0,0.0,20328.553,20037.088
2018-01-25,20328.553,0.0,0.0,20328.553,20037.088
2018-01-26,20328.553,0.0,0.0,20328.553,20037.088
2018-01-27,20328.553,0.0,0.0,20328.553,20037.088
2018-01-28,20328.553,0.0,0.0,20328.553,20037.088
2018-01-29,20328.553,0.0,0.0,20328.553,20037.088
2018-01-30,20328.553,0.0,0.0,20328.553,20037.088
2018-01-31,20328.553,0.0,0.0,20328.553,20328.553
2018-02-01,20328.553,0.0,0.0,20328.553,20328.553
2018-02-02,20328.553,0.0,0.0,20328.553,20328.553
2018-02-03,20328.553,0.0,0.0,20328.553,20328.553
2018-02-04,20328.553,0.0,0.0,20328.553,20328.553
2018-02-05,20328.553,0.0,0.0,20328.553,20328.553
2018-02-06,20328.553,0.0,0.0,20328.553,20328.553
2018-02-07,20328.553,0.0,0.0,20328.553,20328.553
2018-02-08,20328.553,0.0,0.0,20328.553,20328.553
2018-02-09,20328.553,0.0,0.0,20328.553,20328.553
2018-02-10,20328.553,0.0,0.0,20328.553,20328.553
2018-02-11,20328.553,0.0,0.0,20328.553,20328.553
2018-02-12,20328.553,0.0,0.0,20328.553,20328.553
2018-02-13,20328.553,0.0,0.0,20328.553,20328.553
2018-02-14,20328.553,0.0,0.0,20328.553,20328.553
2018-02-15,20328.553,0.0,0.0,20328.553,20328.553
2018-02-16,20328.553,0.0,0.0,20328.553,20328.553
2018-02-17,20328.553,0.0,0.0,20328.553,20328.553
2018-02-18,20328.553,0.0,0.0,20328.553,20328.553
2018-02-19,20328.553,0.0,0.0,20328.553,20328.553
2018-02-20,20328.553,0.0,0.0,20328.553,20328.553
2018-02-21,20328.553,0.0,0.0,20328.553,20328.553
2018-02-22,20328.553,0.0,0.0,20328.553,20328.553
2018-02-23,20328.553,0.0,0.0,20328.553,20328.553
2018-02-24,20328.553,0.0,0.0,20328.553,20328.553
2018-02-25,20328.553,0.0,0.0,20328.553,20328.553
2018-02-26,20328.553,0.0,0.0,20328.553,20328.553
2018-02-27,20328.553,0.0,0.0,20328.553,20328.553
2018-02-28,20328.553,0.0,0.0,20328.553,20328.553
2018-03-01,20328.553,0.0,0.0,20328.553,20328.553
2018-03-02,20328.553,0.0,0.0,20328.553,20328.553
2018-03-03,20328.553,0.0,0.0,20328.553,20328.553
2018-03-04,20328.553,0.0,0.0,20328.553,20328.553
2018-03-05,20328.553,0.0,0.0,20328.553,20328.553
2018-03-06,20328.553,0.0,0.0,20328.553,20328.553
2018-03-07,20328.553,0.0,0.0,20328.553,20328.553
2018-03-08,20328.553,0.0,0.0,20328.553,20328.553
2018-03-09,20328.553,0.0,0.0,20328.553,20328.553
2018-03-10,20328.553,0.0,0.0,20328.553,20328.553
2018-03-11,20328.553,0.0,0.0,20328.553,20328.553
2018-03-12,20328.553,0.0,0.0,20328.553,20328.553
2018-03-13,20328.553,0.0,0.0,20328.553,20328.553
2018-03-14,20328.553,0.0,0.0,20328.553,20328.553
2018-03-15,20328.553,0.0,0.0,20328.553,20328.553
2018-03-16,20328.553,0.0,0.0,20328.553,20328.553
2018-03-17,20328.553,0.0,0.0,20328.553,20328.553
2018-03-18,20328.553,0.0,0.0,20328.553,20328.553
2018-03-19,20328.553,0.0,0.0,20328.553,20328.553
2018-03-20,20328.553,0.0,0.0,20328.553,20328.553
2018-03-21,20328.553,0.0,0.0,20328.553,20328.553
2018-03-22,20328.553,0.0,0.0,20328.553,20328.553
2018-03-23,20328.553,0.0,0.0,20328.553,20328.553
2018-03-24,20328.553,0.0,0.0,20328.553,20328.553
2018-03-25,20328.553,0.0,0.0,20328.553,20328.553
2018-03-26,20328.553,0.0,0.0,20328.553,20328.553
2018-03-27,20328.553,0.0,0.0,20328.553,20328.553
2018-03-28,20328.553,0.0,0.0,20328.553,20328.553
2018-03-29,20328.553,0.0,0.0,20328.553,20328.553
2018-03-30,20328.553,0.0,0.0,20328.553,20328.553
2018-03-31,20328.553,0.0,0.0,20328.553,20328.553
2018-04-01,20580.912,252.35900000000038,0.01241401687567234,20328.553,20328.553
2018-04-02,20580.912,0.0,0.0,20328.553,20328.553
2018-04-03,20580.912,0.0,0.0,20328.553,20328.553
2018-04-04,20580.912,0.0,0.0,20328.553,20328.553
2018-04-05,20580.912,0.0,0.0,20328.553,20328.553
2018-04-06,20580.912,0.0,0.0,20328.553,20328.553
2018-04-07,20580.912,0.0,0.0,20328.553,20328.553
2018-04-08,20580.912,0.0,0.0,20580.912,20328.553
2018-04-09,20580.912,0.0,0.0,20580.912,20328.553
2018-04-10,20580.912,0.0,0.0,20580.912,20328.553
2018-04-11,20580.912,0.0,0.0,20580.912,20328.553
2018-04-12,20580.912,0.0,0.0,20580.912,20328.553
2018-04-13,20580.912,0.0,0.0,20580.912,20328.553
2018-04-14,20580.912,0.0,0.0,20580.912,20328.553
2018-04-15,20580.912,0.0,0.0,20580.912,20328.553
2018-04-16,20580.912,0.0,0.0,20580.912,20328.553
2018-04-17,20580.912,0.0,0.0,20580.912,20328.553
2018-04-18,20580.912,0.0,0.0,20580.912,20328.553
2018-04-19,20580.912,0.0,0.0,20580.912,20328.553
2018-04-20,20580.912,0.0,0.0,20580.912,20328.553
2018-04-21,20580.912,0.0,0.0,20580.912,20328.553
2018-04-22,20580.912,0.0,0.0,20580.912,20328.553
2018-04-23,20580.912,0.0,0.0,20580.912,20328.553
2018-04-24,20580.912,0.0,0.0,20580.912,20328.553
2018-04-25,20580.912,0.0,0.0,20580.912,20328.553
2018-04-26,20580.912,0.0,0.0,20580.912,20328.553
2018-04-27,20580.912,0.0,0.0,20580.912,20328.553
2018-04-28,20580.912,0.0,0.0,20580.912,20328.553
2018-04-29,20580.912,0.0,0.0,20580.912,20328.553
2018-04-30,20580.912,0.0,0.0,20580.912,20328.553
2018-05-01,20580.912,0.0,0.0,20580.912,20580.912
2018-05-02,20580.912,0.0,0.0,20580.912,20580.912
2018-05-03,20580.912,0.0,0.0,20580.912,20580.912
2018-05-04,20580.912,0.0,0.0,20580.912,20580.912
2018-05-05,20580.912,0.0,0.0,20580.912,20580.912
2018-05-06,20580.912,0.0,0.0,20580.912,20580.912
2018-05-07,20580.912,0.0,0.0,20580.912,20580.912
2018-05-08,20580.912,0.0,0.0,20580.912,20580.912
2018-05-09,20580.912,0.0,0.0,20580.912,20580.912
2018-05-10,20580.912,0.0,0.0,20580.912,20580.912
2018-05-11,20580.912,0.0,0.0,20580.912,20580.912
2018-05-12,20580.912,0.0,0.0,20580.912,20580.912
2018-05-13,20580.912,0.0,0.0,20580.912,20580.912
2018-05-14,20580.912,0.0,0.0,20580.912,20580.912
2018-05-15,20580.912,0.0,0.0,20580.912,20580.912
2018-05-16,20580.912,0.0,0.0,20580.912,20580.912
2018-05-17,20580.912,0.0,0.0,20580.912,20580.912
2018-05-18,20580.912,0.0,0.0,20580.912,20580.912
2018-05-19,20580.912,0.0,0.0,20580.912,20580.912
2018-05-20,20580.912,0.0,0.0,20580.912,20580.912
2018-05-21,20580.912,0.0,0.0,20580.912,20580.912
2018-05-22,20580.912,0.0,0.0,20580.912,20580.912
2018-05-23,20580.912,0.0,0.0,20580.912,20580.912
2018-05-24,20580.912,0.0,0.0,20580.912,20580.912
2018-05-25,20580.912,0.0,0.0,20580.912,20580.912
2018-05-26,20580.912,0.0,0.0,20580.912,20580.912
2018-05-27,20580.912,0.0,0.0,20580.912,20580.912
2018-05-28,20580.912,0.0,0.0,20580.912,20580.912
2018-05-29,20580.912,0.0,0.0,20580.912,20580.912
2018-05-30,20580.912,0.0,0.0,20580.912,20580.912
2018-05-31,20580.912,0.0,0.0,20580.912,20580.912
2018-06-01,20580.912,0.0,0.0,20580.912,20580.912
2018-06-02,20580.912,0.0,0.0,20580.912,20580.912
2018-06-03,20580.912,0.0,0.0,20580.912,20580.912
2018-06-04,20580.912,0.0,0.0,20580.912,20580.912
2018-06-05,20580.912,0.0,0.0,20580.912,20580.912
2018-06-06,20580.912,0.0,0.0,20580.912,20580.912
2018-06-07,20580.912,0.0,0.0,20580.912,20580.912
2018-06-08,20580.912,0.0,0.0,20580.912,20580.912
2018-06-09,20580.912,0.0,0.0,20580.912,20580.912
2018-06-10,20580.912,0.0,0.0,20580.912,20580.912
2018-06-11,20580.912,0.0,0.0,20580.912,20580.912
2018-06-12,20580.912,0.0,0.0,20580.912,20580.912
2018-06-13,20580.912,0.0,0.0,20580.912,20580.912
2018-06-14,20580.912,0.0,0.0,20580.912,20580.912
2018-06-15,20580.912,0.0,0.0,20580.912,20580.912
2018-06-16,20580.912,0.0,0.0,20580.912,20580.912
2018-06-17,20580.912,0.0,0.0,20580.912,20580.912
2018-06-18,20580.912,0.0,0.0,20580.912,20580.912
2018-06-19,20580.912,0.0,0.0,20580.912,20580.912
2018-06-20,20580.912,0.0,0.0,20580.912,20580.912
2018-06-21,20580.912,0.0,0.0,20580.912,20580.912
2018-06-22,20580.912,0.0,0.0,20580.912,20580.912
2018-06-23,20580.912,0.0,0.0,20580.912,20580.912
2018-06-24,20580.912,0.0,0.0,20580.912,20580.912
2018-06-25,20580.912,0.0,0.0,20580.912,20580.912
2018-06-26,20580.912,0.0,0.0,20580.912,20580.912
2018-06-27,20580.912,0.0,0.0,20580.912,20580.912
2018-06-28,20580.912,0.0,0.0,20580.912,20580.912
2018-06-29,20580.912,0.0,0.0,20580.912,20580.912
2018-06-30,20580.912,0.0,0.0,20580.912,20580.912
2018-07-01,20798.73,217.8179999999993,0.010583496008340187,20580.912,20580.912
2018-07-02,20798.73,0.0,0.0,20580.912,20580.912
2018-07-03,20798.73,0.0,0.0,20580.912,20580.912
2018-07-04,20798.73,0.0,0.0,20580.912,20580.912
2018-07-05,20798.73,0.0,0.0,20580.912,20580.912
2018-07-06,20798.73,0.0,0.0,20580.912,20580.912
2018-07-07,20798.73,0.0,0.0,20580.912,20580.912
2018-07-08,20798.73,0.0,0.0,20798.73,20580.912
2018-07-09,20798.73,0.0,0.0,20798.73,20580.912
2018-07-10,20798.73,0.0,0.0,20798.73,20580.912
2018-07-11,20798.73,0.0,0.0,20798.73,20580.912
2018-07-12,20798.73,0.0,0.0,20798.73,20580.912
2018-07-13,20798.73,0.0,0.0,20798.73,20580.912
2018-07-14,20798.73,0.0,0.0,20798.73,20580.912
2018-07-15,20798.73,0.0,0.0,20798.73,20580.912
2018-07-16,20798.73,0.0,0.0,20798.73,20580.912
2018-07-17,20798.73,0.0,0.0,20798.73,20580.912
2018-07-18,20798.73,0.0,0.0,20798.73,20580.912
2018-07-19,20798.73,0.0,0.0,20798.73,20580.912
2018-07-20,20798.73,0.0,0.0,20798.73,20580.912
2018-07-21,20798.73,0.0,0.0,20798.73,20580.912
2018-07-22,20798.73,0.0,0.0,20798.73,20580.912
2018-07-23,20798.73,0.0,0.0,20798.73,20580.912
2018-07-24,20798.73,0.0,0.0,20798.73,20580.912
2018-07-25,20798.73,0.0,0.0,20798.73,20580.912
2018-07-26,20798.73,0.0,0.0,20798.73,20580.912
2018-07-27,20798.73,0.0,0.0,20798.73,20580.912
2018-07-28,20798.73,0.0,0.0,20798.73,20580.912
2018-07-29,20798.73,0.0,0.0,20798.73,20580.912
2018-07-30,20798.73,0.0,0.0,20798.73,20580.912
2018-07-31,20798.73,0.0,0.0,20798.73,20798.73
2018-08-01,20798.73,0.0,0.0,20798.73,20798.73
2018-08-02,20798.73,0.0,0.0,20798.73,20798.73
2018-08-03,20798.73,0.0,0.0,20798.73,20798.73
2018-08-04,20798.73,0.0,0.0,20798.73,20798.73
2018-08-05,20798.73,0.0,0.0,20798.73,20798.73
2018-08-06,20798.73,0.0,0.0,20798.73,20798.73
2018-08-07,20798.73,0.0,0.0,20798.73,20798.73
2018-08-08,20798.73,0.0,0.0,20798.73,20798.73
2018-08-09,20798.73,0.0,0.0,20798.73,20798.73
2018-08-10,20798.73,0.0,0.0,20798.73,20798.73
2018-08-11,20798.73,0.0,0.0,20798.73,20798.73
2018-08-12,20798.73,0.0,0.0,20798.73,20798.73
2018-08-13,20798.73,0.0,0.0,20798.73,20798.73
2018-08-14,20798.73,0.0,0.0,20798.73,20798.73
2018-08-15,20798.73,0.0,0.0,20798.73,20798.73
2018-08-16,20798.73,0.0,0.0,20798.73,20798.73
2018-08-17,20798.73,0.0,0.0,20798.73,20798.73
2018-08-18,20798.73,0.0,0.0,20798.73,20798.73
2018-08-19,20798.73,0.0,0.0,20798.73,20798.73
2018-08-20,20798.73,0.0,0.0,20798.73,20798.73
2018-08-21,20798.73,0.0,0.0,20798.73,20798.73
2018-08-22,20798.73,0.0,0.0,20798.73,20798.73
2018-08-23,20798.73,0.0,0.0,20798.73,20798.73
2018-08-24,20798.73,0.0,0.0,20798.73,20798.73
2018-08-25,20798.73,0.0,0.0,20798.73,20798.73
2018-08-26,20798.73,0.0,0.0,20798.73,20798.73
2018-08-27,20798.73,0.0,0.0,20798.73,20798.73
2018-08-28,20798.73,0.0,0.0,20798.73,20798.73
2018-08-29,20798.73,0.0,0.0,20798.73,20798.73
2018-08-30,20798.73,0.0,0.0,20798.73,20798.73
2018-08-31,20798.73,0.0,0.0,20798.73,20798.73
2018-09-01,20798.73,0.0,0.0,20798.73,20798.73
2018-09-02,20798.73,0.0,0.0,20798.73,20798.73
2018-09-03,20798.73,0.0,0.0,20798.73,20798.73
2018-09-04,20798.73,0.0,0.0,20798.73,20798.73
2018-09-05,20798.73,0.0,0.0,20798.73,20798.73
2018-09-06,20798.73,0.0,0.0,20798.73,20798.73
2018-09-07,20798.73,0.0,0.0,20798.73,20798.73
2018-09-08,20798.73,0.0,0.0,20798.73,20798.73
2018-09-09,20798.73,0.0,0.0,20798.73,20798.73
2018-09-10,20798.73,0.0,0.0,20798.73,20798.73
2018-09-11,20798.73,0.0,0.0,20798.73,20798.73
2018-09-12,20798.73,0.0,0.0,20798.73,20798.73
2018-09-13,20798.73,0.0,0.0,20798.73,20798.73
2018-09-14,20798.73,0.0,0.0,20798.73,20798.73
2018-09-15,20798.73,0.0,0.0,20798.73,20798.73
2018-09-16,20798.73,0.0,0.0,20798.73,20798.73
2018-09-17,20798.73,0.0,0.0,20798.73,20798.73
2018-09-18,20798.73,0.0,0.0,20798.73,20798.73
2018-09-19,20798.73,0.0,0.0,20798.73,20798.73
2018-09-20,20798.73,0.0,0.0,20798.73,20798.73
2018-09-21,20798.73,0.0,0.0,20798.73,20798.73
2018-09-22,20798.73,0.0,0.0,20798.73,20798.73
2018-09-23,20798.73,0.0,0.0,20798.73,20798.73
2018-09-24,20798.73,0.0,0.0,20798.73,20798.73
2018-09-25,20798.73,0.0,0.0,20798.73,20798.73
2018-09-26,20798.73,0.0,0.0,20798.73,20798.73
2018-09-27,20798.73,0.0,0.0,20798.73,20798.73
2018-09-28,20798.73,0.0,0.0,20798.73,20798.73
2018-09-29,20798.73,0.0,0.0,20798.73,20798.73
2018-09-30,20798.73,0.0,0.0,20798.73,20798.73
2018-10-01,20917.867,119.1369999999988,0.005728090128579888,20798.73,20798.73
2018-10-02,20917.867,0.0,0.0,20798.73,20798.73
2018-10-03,20917.867,0.0,0.0,20798.73,20798.73
2018-10-04,20917.867,0.0,0.0,20798.73,20798.73
2018-10-05,20917.867,0.0,0.0,20798.73,20798.73
2018-10-06,20917.867,0.0,0.0,20798.73,20798.73
2018-10-07,20917.867,0.0,0.0,20798.73,20798.73
2018-10-08,20917.867,0.0,0.0,20917.867,20798.73
2018-10-09,20917.867,0.0,0.0,20917.867,20798.73
2018-10-10,20917.867,0.0,0.0,20917.867,20798.73
2018-10-11,20917.867,0.0,0.0,20917.867,20798.73
2018-10-12,20917.867,0.0,0.0,20917.867,20798.73
2018-10-13,20917.867,0.0,0.0,20917.867,20798.73
2018-10-14,20917.867,0.0,0.0,20917.867,20798.73
2018-10-15,20917.867,0.0,0.0,20917.867,20798.73
2018-10-16,20917.867,0.0,0.0,20917.867,20798.73
2018-10-17,20917.867,0.0,0.0,20917.867,20798.73
2018-10-18,20917.867,0.0,0.0,20917.867,20798.73
2018-10-19,20917.867,0.0,0.0,20917.867,20798.73
2018-10-20,20917.867,0.0,0.0,20917.867,20798.73
2018-10-21,20917.867,0.0,0.0,20917.867,20798.73
2018-10-22,20917.867,0.0,0.0,20917.867,20798.73
2018-10-23,20917.867,0.0,0.0,20917.867,20798.73
2018-10-24,20917.867,0.0,0.0,20917.867,20798.73
2018-10-25,20917.867,0.0,0.0,20917.867,20798.73
2018-10-26,20917.867,0.0,0.0,20917.867,20798.73
2018-10-27,20917.867,0.0,0.0,20917.867,20798.73
2018-10-28,20917.867,0.0,0.0,20917.867,20798.73
2018-10-29,20917.867,0.0,0.0,20917.867,20798.73
2018-10-30,20917.867,0.0,0.0,20917.867,20798.73
2018-10-31,20917.867,0.0,0.0,20917.867,20917.867
2018-11-01,20917.867,0.0,0.0,20917.867,20917.867
2018-11-02,20917.867,0.0,0.0,20917.867,20917.867
2018-11-03,20917.867,0.0,0.0,20917.867,20917.867
2018-11-04,20917.867,0.0,0.0,20917.867,20917.867
2018-11-05,20917.867,0.0,0.0,20917.867,20917.867
2018-11-06,20917.867,0.0,0.0,20917.867,20917.867
2018-11-07,20917.867,0.0,0.0,20917.867,20917.867
2018-11-08,20917.867,0.0,0.0,20917.867,20917.867
2018-11-09,20917.867,0.0,0.0,20917.867,20917.867
2018-11-10,20917.867,0.0,0.0,20917.867,20917.867
2018-11-11,20917.867,0.0,0.0,20917.867,20917.867
2018-11-12,20917.867,0.0,0.0,20917.867,20917.867
2018-11-13,20917.867,0.0,0.0,20917.867,20917.867
2018-11-14,20917.867,0.0,0.0,20917.867,20917.867
2018-11-15,20917.867,0.0,0.0,20917.867,20917.867
2018-11-16,20917.867,0.0,0.0,20917.867,20917.867
2018-11-17,20917.867,0.0,0.0,20917.867,20917.867
2018-11-18,20917.867,0.0,0.0,20917.867,20917.867
2018-11-19,20917.867,0.0,0.0,20917.867,20917.867
2018-11-20,20917.867,0.0,0.0,20917.867,20917.867
2018-11-21,20917.867,0.0,0.0,20917.867,20917.867
2018-11-22,20917.867,0.0,0.0,20917.867,20917.867
2018-11-23,20917.867,0.0,0.0,20917.867,20917.867
2018-11-24,20917.867,0.0,0.0,20917.867,20917.867
2018-11-25,20917.867,0.0,0.0,20917.867,20917.867
2018-11-26,20917.867,0.0,0.0,20917.867,20917.867
2018-11-27,20917.867,0.0,0.0,20917.867,20917.867
2018-11-28,20917.867,0.0,0.0,20917.867,20917.867
2018-11-29,20917.867,0.0,0.0,20917.867,20917.867
2018-11-30,20917.867,0.0,0.0,20917.867,20917.867
2018-12-01,20917.867,0.0,0.0,20917.867,20917.867
2018-12-02,20917.867,0.0,0.0,20917.867,20917.867
2018-12-03,20917.867,0.0,0.0,20917.867,20917.867
2018-12-04,20917.867,0.0,0.0,20917.867,20917.867
2018-12-05,20917.867,0.0,0.0,20917.867,20917.867
2018-12-06,20917.867,0.0,0.0,20917.867,20917.867
2018-12-07,20917.867,0.0,0.0,20917.867,20917.867
2018-12-08,20917.867,0.0,0.0,20917.867,20917.867
2018-12-09,20917.867,0.0,0.0,20917.867,20917.867
2018-12-10,20917.867,0.0,0.0,20917.867,20917.867
2018-12-11,20917.867,0.0,0.0,20917.867,20917.867
2018-12-12,20917.867,0.0,0.0,20917.867,20917.867
2018-12-13,20917.867,0.0,0.0,20917.867,20917.867
2018-12-14,20917.867,0.0,0.0,20917.867,20917.867
2018-12-15,20917.867,0.0,0.0,20917.867,20917.867
2018-12-16,20917.867,0.0,0.0,20917.867,20917.867
2018-12-17,20917.867,0.0,0.0,20917.867,20917.867
2018-12-18,20917.867,0.0,0.0,20917.867,20917.867
2018-12-19,20917.867,0.0,0.0,20917.867,20917.867
2018-12-20,20917.867,0.0,0.0,20917.867,20917.867
2018-12-21,20917.867,0.0,0.0,20917.867,20917.867
2018-12-22,20917.867,0.0,0.0,20917.867,20917.867
2018-12-23,20917.867,0.0,0.0,20917.867,20917.867
2018-12-24,20917.867,0.0,0.0,20917.867,20917.867
2018-12-25,20917.867,0.0,0.0,20917.867,20917.867
2018-12-26,20917.867,0.0,0.0,20917.867,20917.867
2018-12-27,20917.867,0.0,0.0,20917.867,20917.867
2018-12-28,20917.867,0.0,0.0,20917.867,20917.867
2018-12-29,20917.867,0.0,0.0,20917.867,20917.867
2018-12-30,20917.867,0.0,0.0,20917.867,20917.867
2018-12-31,20917.867,0.0,0.0,20917.867,20917.867
2019-01-01,21111.6,193.73300000000017,0.009261603967555487,20917.867,20917.867
2019-01-02,21111.6,0.0,0.0,20917.867,20917.867
2019-01-03,21111.6,0.0,0.0,20917.867,20917.867
2019-01-04,21111.6,0.0,0.0,20917.867,20917.867
2019-01-05,21111.6,0.0,0.0,20917.867,20917.867
2019-01-06,21111.6,0.0,0.0,20917.867,20917.867
2019-01-07,21111.6,0.0,0.0,20917.867,20917.867
2019-01-08,21111.6,0.0,0.0,21111.6,20917.867
2019-01-09,21111.6,0.0,0.0,21111.6,20917.867
2019-01-10,21111.6,0.0,0.0,21111.6,20917.867
2019-01-11,21111.6,0.0,0.0,21111.6,20917.867
2019-01-12,21111.6,0.0,0.0,21111.6,20917.867
2019-01-13,21111.6,0.0,0.0,21111.6,20917.867
2019-01-14,21111.6,0.0,0.0,21111.6,20917.867
2019-01-15,21111.6,0.0,0.0,21111.6,20917.867
2019-01-16,21111.6,0.0,0.0,21111.6,20917.867
2019-01-17,21111.6,0.0,0.0,21111.6,20917.867
2019-01-18,21111.6,0.0,0.0,21111.6,20917.867
2019-01-19,21111.6,0.0,0.0,21111.6,20917.867
2019-01-20,21111.6,0.0,0.0,21111.6,20917.867
2019-01-21,21111.6,0.0,0.0,21111.6,20917.867
2019-01-22,21111.6,0.0,0.0,21111.6,20917.867
2019-01-23,21111.6,0.0,0.0,21111.6,20917.867
2019-01-24,21111.6,0.0,0.0,21111.6,20917.867
2019-01-25,21111.6,0.0,0.0,21111.6,20917.867
2019-01-26,21111.6,0.0,0.0,21111.6,20917.867
2019-01-27,21111.6,0.0,0.0,21111.6,20917.867
2019-01-28,21111.6,0.0,0.0,21111.6,20917.867
2019-01-29,21111.6,0.0,0.0,21111.6,20917.867
2019-01-30,21111.6,0.0,0.0,21111.6,20917.867
2019-01-31,21111.6,0.0,0.0,21111.6,21111.6
2019-02-01,21111.6,0.0,0.0,21111.6,21111.6
2019-02-02,21111.6,0.0,0.0,21111.6,21111.6
2019-02-03,21111.6,0.0,0.0,21111.6,21111.6
2019-02-04,21111.6,0.0,0.0,21111.6,21111.6
2019-02-05,21111.6,0.0,0.0,21111.6,21111.6
2019-02-06,21111.6,0.0,0.0,21111.6,21111.6
2019-02-07,21111.6,0.0,0.0,21111.6,21111.6
2019-02-08,21111.6,0.0,0.0,21111.6,21111.6
2019-02-09,21111.6,0.0,0.0,21111.6,21111.6
2019-02-10,21111.6,0.0,0.0,21111.6,21111.6
2019-02-11,21111.6,0.0,0.0,21111.6,21111.6
2019-02-12,21111.6,0.0,0.0,21111.6,21111.6
2019-02-13,21111.6,0.0,0.0,21111.6,21111.6
2019-02-14,21111.6,0.0,0.0,21111.6,21111.6
2019-02-15,21111.6,0.0,0.0,21111.6,21111.6
2019-02-16,21111.6,0.0,0.0,21111.6,21111.6
2019-02-17,21111.6,0.0,0.0,21111.6,21111.6
2019-02-18,21111.6,0.0,0.0,21111.6,21111.6
2019-02-19,21111.6,0.0,0.0,21111.6,21111.6
2019-02-20,21111.6,0.0,0.0,21111.6,21111.6
2019-02-21,21111.6,0.0,0.0,21111.6,21111.6
2019-02-22,21111.6,0.0,0.0,21111.6,21111.6
2019-02-23,21111.6,0.0,0.0,21111.6,21111.6
2019-02-24,21111.6,0.0,0.0,21111.6,21111.6
2019-02-25,21111.6,0.0,0.0,21111.6,21111.6
2019-02-26,21111.6,0.0,0.0,21111.6,21111.6
2019-02-27,21111.6,0.0,0.0,21111.6,21111.6
2019-02-28,21111.6,0.0,0.0,21111.6,21111.6
2019-03-01,21111.6,0.0,0.0,21111.6,21111.6
2019-03-02,21111.6,0.0,0.0,21111.6,21111.6
2019-03-03,21111.6,0.0,0.0,21111.6,21111.6
2019-03-04,21111.6,0.0,0.0,21111.6,21111.6
2019-03-05,21111.6,0.0,0.0,21111.6,21111.6
2019-03-06,21111.6,0.0,0.0,21111.6,21111.6
2019-03-07,21111.6,0.0,0.0,21111.6,21111.6
2019-03-08,21111.6,0.0,0.0,21111.6,21111.6
2019-03-09,21111.6,0.0,0.0,21111.6,21111.6
2019-03-10,21111.6,0.0,0.0,21111.6,21111.6
2019-03-11,21111.6,0.0,0.0,21111.6,21111.6
2019-03-12,21111.6,0.0,0.0,21111.6,21111.6
2019-03-13,21111.6,0.0,0.0,21111.6,21111.6
2019-03-14,21111.6,0.0,0.0,21111.6,21111.6
2019-03-15,21111.6,0.0,0.0,21111.6,21111.6
2019-03-16,21111.6,0.0,0.0,21111.6,21111.6
2019-03-17,21111.6,0.0,0.0,21111.6,21111.6
2019-03-18,21111.6,0.0,0.0,21111.6,21111.6
2019-03-19,21111.6,0.0,0.0,21111.6,21111.6
2019-03-20,21111.6,0.0,0.0,21111.6,21111.6
2019-03-21,21111.6,0.0,0.0,21111.6,21111.6
2019-03-22,21111.6,0.0,0.0,21111.6,21111.6
2019-03-23,21111.6,0.0,0.0,21111.6,21111.6
2019-03-24,21111.6,0.0,0.0,21111.6,21111.6
2019-03-25,21111.6,0.0,0.0,21111.6,21111.6
2019-03-26,21111.6,0.0,0.0,21111.6,21111.6
2019-03-27,21111.6,0.0,0.0,21111.6,21111.6
2019-03-28,21111.6,0.0,0.0,21111.6,21111.6
2019-03-29,21111.6,0.0,0.0,21111.6,21111.6
2019-03-30,21111.6,0.0,0.0,21111.6,21111.6
2019-03-31,21111.6,0.0,0.0,21111.6,21111.6
2019-04-01,21397.938,286.33799999999974,0.013563064855340201,21111.6,21111.6
2019-04-02,21397.938,0.0,0.0,21111.6,21111.6
2019-04-03,21397.938,0.0,0.0,21111.6,21111.6
2019-04-04,21397.938,0.0,0.0,21111.6,21111.6
2019-04-05,21397.938,0.0,0.0,21111.6,21111.6
2019-04-06,21397.938,0.0,0.0,21111.6,21111.6
2019-04-07,21397.938,0.0,0.0,21111.6,21111.6
2019-04-08,21397.938,0.0,0.0,21397.938,21111.6
2019-04-09,21397.938,0.0,0.0,21397.938,21111.6
2019-04-10,21397.938,0.0,0.0,21397.938,21111.6
2019-04-11,21397.938,0.0,0.0,21397.938,21111.6
2019-04-12,21397.938,0.0,0.0,21397.938,21111.6
2019-04-13,21397.938,0.0,0.0,21397.938,21111.6
2019-04-14,21397.938,0.0,0.0,21397.938,21111.6
2019-04-15,21397.938,0.0,0.0,21397.938,21111.6
2019-04-16,21397.938,0.0,0.0,21397.938,21111.6
2019-04-17,21397.938,0.0,0.0,21397.938,21111.6
2019-04-18,21397.938,0.0,0.0,21397.938,21111.6
2019-04-19,21397.938,0.0,0.0,21397.938,21111.6
2019-04-20,21397.938,0.0,0.0,21397.938,21111.6
2019-04-21,21397.938,0.0,0.0,21397.938,21111.6
2019-04-22,21397.938,0.0,0.0,21397.938,21111.6
2019-04-23,21397.938,0.0,0.0,21397.938,21111.6
2019-04-24,21397.938,0.0,0.0,21397.938,21111.6
2019-04-25,21397.938,0.0,0.0,21397.938,21111.6
2019-04-26,21397.938,0.0,0.0,21397.938,21111.6
2019-04-27,21397.938,0.0,0.0,21397.938,21111.6
2019-04-28,21397.938,0.0,0.0,21397.938,21111.6
2019-04-29,21397.938,0.0,0.0,21397.938,21111.6
2019-04-30,21397.938,0.0,0.0,21397.938,21111.6
2019-05-01,21397.938,0.0,0.0,21397.938,21397.938
2019-05-02,21397.938,0.0,0.0,21397.938,21397.938
2019-05-03,21397.938,0.0,0.0,21397.938,21397.938
2019-05-04,21397.938,0.0,0.0,21397.938,21397.938
2019-05-05,21397.938,0.0,0.0,21397.938,21397.938
2019-05-06,21397.938,0.0,0.0,21397.938,21397.938
2019-05-07,21397.938,0.0,0.0,21397.938,21397.938
2019-05-08,21397.938,0.0,0.0,21397.938,21397.938
2019-05-09,21397.938,0.0,0.0,21397.938,21397.938
2019-05-10,21397.938,0.0,0.0,21397.938,21397.938
2019-05-11,21397.938,0.0,0.0,21397.938,21397.938
2019-05-12,21397.938,0.0,0.0,21397.938,21397.938
2019-05-13,21397.938,0.0,0.0,21397.938,21397.938
2019-05-14,21397.938,0.0,0.0,21397.938,21397.938
2019-05-15,21397.938,0.0,0.0,21397.938,21397.938
2019-05-16,21397.938,0.0,0.0,21397.938,21397.938
2019-05-17,21397.938,0.0,0.0,21397.938,21397.938
2019-05-18,21397.938,0.0,0.0,21397.938,21397.938
2019-05-19,21397.938,0.0,0.0,21397.938,21397.938
2019-05-20,21397.938,0.0,0.0,21397.938,21397.938
2019-05-21,21397.938,0.0,0.0,21397.938,21397.938
2019-05-22,21397.938,0.0,0.0,21397.938,21397.938
2019-05-23,21397.938,0.0,0.0,21397.938,21397.938
2019-05-24,21397.938,0.0,0.0,21397.938,21397.938
2019-05-25,21397.938,0.0,0.0,21397.938,21397.938
2019-05-26,21397.938,0.0,0.0,21397.938,21397.938
2019-05-27,21397.938,0.0,0.0,21397.938,21397.938
2019-05-28,21397.938,0.0,0.0,21397.938,21397.938
2019-05-29,21397.938,0.0,0.0,21397.938,21397.938
2019-05-30,21397.938,0.0,0.0,21397.938,21397.938
2019-05-31,21397.938,0.0,0.0,21397.938,21397.938
2019-06-01,21397.938,0.0,0.0,21397.938,21397.938
2019-06-02,21397.938,0.0,0.0,21397.938,21397.938
2019-06-03,21397.938,0.0,0.0,21397.938,21397.938
2019-06-04,21397.938,0.0,0.0,21397.938,21397.938
2019-06-05,21397.938,0.0,0.0,21397.938,21397.938
2019-06-06,21397.938,0.0,0.0,21397.938,21397.938
2019-06-07,21397.938,0.0,0.0,21397.938,21397.938
2019-06-08,21397.938,0.0,0.0,21397.938,21397.938
2019-06-09,21397.938,0.0,0.0,21397.938,21397.938
2019-06-10,21397.938,0.0,0.0,21397.938,21397.938
2019-06-11,21397.938,0.0,0.0,21397.938,21397.938
2019-06-12,21397.938,0.0,0.0,21397.938,21397.938
2019-06-13,21397.938,0.0,0.0,21397.938,21397.938
2019-06-14,21397.938,0.0,0.0,21397.938,21397.938
2019-06-15,21397.938,0.0,0.0,21397.938,21397.938
2019-06-16,21397.938,0.0,0.0,21397.938,21397.938
2019-06-17,21397.938,0.0,0.0,21397.938,21397.938
2019-06-18,21397.938,0.0,0.0,21397.938,21397.938
2019-06-19,21397.938,0.0,0.0,21397.938,21397.938
2019-06-20,21397.938,0.0,0.0,21397.938,21397.938
2019-06-21,21397.938,0.0,0.0,21397.938,21397.938
2019-06-22,21397.938,0.0,0.0,21397.938,21397.938
2019-06-23,21397.938,0.0,0.0,21397.938,21397.938
2019-06-24,21397.938,0.0,0.0,21397.938,21397.938
2019-06-25,21397.938,0.0,0.0,21397.938,21397.938
2019-06-26,21397.938,0.0,0.0,21397.938,21397.938
2019-06-27,21397.938,0.0,0.0,21397.938,21397.938
2019-06-28,21397.938,0.0,0.0,21397.938,21397.938
2019-06-29,21397.938,0.0,0.0,21397.938,21397.938
2019-06-30,21397.938,0.0,0.0,21397.938,21397.938
2019-07-01,21717.171,319.2330000000002,0.014918867416103376,21397.938,21397.938
2019-07-02,21717.171,0.0,0.0,21397.938,21397.938
2019-07-03,21717.171,0.0,0.0,21397.938,21397.938
2019-07-04,21717.171,0.0,0.0,21397.938,21397.938
2019-07-05,21717.171,0.0,0.0,21397.938,21397.938
2019-07-06,21717.171,0.0,0.0,21397.938,21397.938
2019-07-07,21717.171,0.0,0.0,21397.938,21397.938
2019-07-08,21717.171,0.0,0.0,21717.171,21397.938
2019-07-09,21717.171,0.0,0.0,21717.171,21397.938
2019-07-10,21717.171,0.0,0.0,21717.171,21397.938
2019-07-11,21717.171,0.0,0.0,21717.171,21397.938
2019-07-12,21717.171,0.0,0.0,21717.171,21397.938
2019-07-13,21717.171,0.0,0.0,21717.171,21397.938
2019-07-14,21717.171,0.0,0.0,21717.171,21397.938
2019-07-15,21717.171,0.0,0.0,21717.171,21397.938
2019-07-16,21717.171,0.0,0.0,21717.171,21397.938
2019-07-17,21717.171,0.0,0.0,21717.171,21397.938
2019-07-18,21717.171,0.0,0.0,21717.171,21397.938
2019-07-19,21717.171,0.0,0.0,21717.171,21397.938
2019-07-20,21717.171,0.0,0.0,21717.171,21397.938
2019-07-21,21717.171,0.0,0.0,21717.171,21397.938
2019-07-22,21717.171,0.0,0.0,21717.171,21397.938
2019-07-23,21717.171,0.0,0.0,21717.171,21397.938
2019-07-24,21717.171,0.0,0.0,21717.171,21397.938
2019-07-25,21717.171,0.0,0.0,21717.171,21397.938
2019-07-26,21717.171,0.0,0.0,21717.171,21397.938
2019-07-27,21717.171,0.0,0.0,21717.171,21397.938
2019-07-28,21717.171,0.0,0.0,21717.171,21397.938
2019-07-29,21717.171,0.0,0.0,21717.171,21397.938
2019-07-30,21717.171,0.0,0.0,21717.171,21397.938
2019-07-31,21717.171,0.0,0.0,21717.171,21717.171
2019-08-01,21717.171,0.0,0.0,21717.171,21717.171
2019-08-02,21717.171,0.0,0.0,21717.171,21717.171
2019-08-03,21717.171,0.0,0.0,21717.171,21717.171
2019-08-04,21717.171,0.0,0.0,21717.171,21717.171
2019-08-05,21717.171,0.0,0.0,21717.171,21717.171
2019-08-06,21717.171,0.0,0.0,21717.171,21717.171
2019-08-07,21717.171,0.0,0.0,21717.171,21717.171
2019-08-08,21717.171,0.0,0.0,21717.171,21717.171
2019-08-09,21717.171,0.0,0.0,21717.171,21717.171
2019-08-10,21717.171,0.0,0.0,21717.171,21717.171
2019-08-11,21717.171,0.0,0.0,21717.171,21717.171
2019-08-12,21717.171,0.0,0.0,21717.171,21717.171
2019-08-13,21717.171,0.0,0.0,21717.171,21717.171
2019-08-14,21717.171,0.0,0.0,21717.171,21717.171
2019-08-15,21717.171,0.0,0.0,21717.171,21717.171
2019-08-16,21717.171,0.0,0.0,21717.171,21717.171
2019-08-17,21717.171,0.0,0.0,21717.171,21717.171
2019-08-18,21717.171,0.0,0.0,21717.171,21717.171
2019-08-19,21717.171,0.0,0.0,21717.171,21717.171
2019-08-20,21717.171,0.0,0.0,21717.171,21717.171
2019-08-21,21717.171,0.0,0.0,21717.171,21717.171
2019-08-22,21717.171,0.0,0.0,21717.171,21717.171
2019-08-23,21717.171,0.0,0.0,21717.171,21717.171
2019-08-24,21717.171,0.0,0.0,21717.171,21717.171
2019-08-25,21717.171,0.0,0.0,21717.171,21717.171
2019-08-26,21717.171,0.0,0.0,21717.171,21717.171
2019-08-27,21717.171,0.0,0.0,21717.171,21717.171
2019-08-28,21717.171,0.0,0.0,21717.171,21717.171
2019-08-29,21717.171,0.0,0.0,21717.171,21717.171
2019-08-30,21717.171,0.0,0.0,21717.171,21717.171
2019-08-31,21717.171,0.0,0.0,21717.171,21717.171
2019-09-01,21717.171,0.0,0.0,21717.171,21717.171
2019-09-02,21717.171,0.0,0.0,21717.171,21717.171
2019-09-03,21717.171,0.0,0.0,21717.171,21717.171
2019-09-04,21717.171,0.0,0.0,21717.171,21717.171
2019-09-05,21717.171,0.0,0.0,21717.171,21717.171
2019-09-06,21717.171,0.0,0.0,21717.171,21717.171
2019-09-07,21717.171,0.0,0.0,21717.171,21717.171
2019-09-08,21717.171,0.0,0.0,21717.171,21717.171
2019-09-09,21717.171,0.0,0.0,21717.171,21717.171
2019-09-10,21717.171,0.0,0.0,21717.171,21717.171
2019-09-11,21717.171,0.0,0.0,21717.171,21717.171
2019-09-12,21717.171,0.0,0.0,21717.171,21717.171
2019-09-13,21717.171,0.0,0.0,21717.171,21717.171
2019-09-14,21717.171,0.0,0.0,21717.171,21717.171
2019-09-15,21717.171,0.0,0.0,21717.171,21717.171
2019-09-16,21717.171,0.0,0.0,21717.171,21717.171
2019-09-17,21717.171,0.0,0.0,21717.171,21717.171
2019-09-18,21717.171,0.0,0.0,21717.171,21717.171
2019-09-19,21717.171,0.0,0.0,21717.171,21717.171
2019-09-20,21717.171,0.0,0.0,21717.171,21717.171
2019-09-21,21717.171,0.0,0.0,21717.171,21717.171
2019-09-22,21717.171,0.0,0.0,21717.171,21717.171
2019-09-23,21717.171,0.0,0.0,21717.171,21717.171
2019-09-24,21717.171,0.0,0.0,21717.171,21717.171
2019-09-25,21717.171,0.0,0.0,21717.171,21717.171
2019-09-26,21717.171,0.0,0.0,21717.171,21717.171
2019-09-27,21717.171,0.0,0.0,21717.171,21717.171
2019-09-28,21717.171,0.0,0.0,21717.171,21717.171
2019-09-29,21717.171,0.0,0.0,21717.171,21717.171
2019-09-30,21717.171,0.0,0.0,21717.171,21717.171
2019-10-01,21933.217,216.0460000000021,0.00994816497968376,21717.171,21717.171
2019-10-02,21933.217,0.0,0.0,21717.171,21717.171
2019-10-03,21933.217,0.0,0.0,21717.171,21717.171
2019-10-04,21933.217,0.0,0.0,21717.171,21717.171
2019-10-05,21933.217,0.0,0.0,21717.171,21717.171
2019-10-06,21933.217,0.0,0.0,21717.171,21717.171
2019-10-07,21933.217,0.0,0.0,21717.171,21717.171
2019-10-08,21933.217,0.0,0.0,21933.217,21717.171
2019-10-09,21933.217,0.0,0.0,21933.217,21717.171
2019-10-10,21933.217,0.0,0.0,21933.217,21717.171
2019-10-11,21933.217,0.0,0.0,21933.217,21717.171
2019-10-12,21933.217,0.0,0.0,21933.217,21717.171
2019-10-13,21933.217,0.0,0.0,21933.217,21717.171
2019-10-14,21933.217,0.0,0.0,21933.217,21717.171
2019-10-15,21933.217,0.0,0.0,21933.217,21717.171
2019-10-16,21933.217,0.0,0.0,21933.217,21717.171
2019-10-17,21933.217,0.0,0.0,21933.217,21717.171
2019-10-18,21933.217,0.0,0.0,21933.217,21717.171
2019-10-19,21933.217,0.0,0.0,21933.217,21717.171
2019-10-20,21933.217,0.0,0.0,21933.217,21717.171
2019-10-21,21933.217,0.0,0.0,21933.217,21717.171
2019-10-22,21933.217,0.0,0.0,21933.217,21717.171
2019-10-23,21933.217,0.0,0.0,21933.217,21717.171
2019-10-24,21933.217,0.0,0.0,21933.217,21717.171
2019-10-25,21933.217,0.0,0.0,21933.217,21717.171
2019-10-26,21933.217,0.0,0.0,21933.217,21717.171
2019-10-27,21933.217,0.0,0.0,21933.217,21717.171
2019-10-28,21933.217,0.0,0.0,21933.217,21717.171
2019-10-29,21933.217,0.0,0.0,21933.217,21717.171
2019-10-30,21933.217,0.0,0.0,21933.217,21717.171
2019-10-31,21933.217,0.0,0.0,21933.217,21933.217
2019-11-01,21933.217,0.0,0.0,21933.217,21933.217
2019-11-02,21933.217,0.0,0.0,21933.217,21933.217
2019-11-03,21933.217,0.0,0.0,21933.217,21933.217
2019-11-04,21933.217,0.0,0.0,21933.217,21933.217
2019-11-05,21933.217,0.0,0.0,21933.217,21933.217
2019-11-06,21933.217,0.0,0.0,21933.217,21933.217
2019-11-07,21933.217,0.0,0.0,21933.217,21933.217
2019-11-08,21933.217,0.0,0.0,21933.217,21933.217
2019-11-09,21933.217,0.0,0.0,21933.217,21933.217
2019-11-10,21933.217,0.0,0.0,21933.217,21933.217
2019-11-11,21933.217,0.0,0.0,21933.217,21933.217
2019-11-12,21933.217,0.0,0.0,21933.217,21933.217
2019-11-13,21933.217,0.0,0.0,21933.217,21933.217
2019-11-14,21933.217,0.0,0.0,21933.217,21933.217
2019-11-15,21933.217,0.0,0.0,21933.217,21933.217
2019-11-16,21933.217,0.0,0.0,21933.217,21933.217
2019-11-17,21933.217,0.0,0.0,21933.217,21933.217
2019-11-18,21933.217,0.0,0.0,21933.217,21933.217
2019-11-19,21933.217,0.0,0.0,21933.217,21933.217
2019-11-20,21933.217,0.0,0.0,21933.217,21933.217
2019-11-21,21933.217,0.0,0.0,21933.217,21933.217
2019-11-22,21933.217,0.0,0.0,21933.217,21933.217
2019-11-23,21933.217,0.0,0.0,21933.217,21933.217
2019-11-24,21933.217,0.0,0.0,21933.217,21933.217
2019-11-25,21933.217,0.0,0.0,21933.217,21933.217
2019-11-26,21933.217,0.0,0.0,21933.217,21933.217
2019-11-27,21933.217,0.0,0.0,21933.217,21933.217
2019-11-28,21933.217,0.0,0.0,21933.217,21933.217
2019-11-29,21933.217,0.0,0.0,21933.217,21933.217
2019-11-30,21933.217,0.0,0.0,21933.217,21933.217
2019-12-01,21933.217,0.0,0.0,21933.217,21933.217
2019-12-02,21933.217,0.0,0.0,21933.217,21933.217
2019-12-03,21933.217,0.0,0.0,21933.217,21933.217
2019-12-04,21933.217,0.0,0.0,21933.217,21933.217
2019-12-05,21933.217,0.0,0.0,21933.217,21933.217
2019-12-06,21933.217,0.0,0.0,21933.217,21933.217
2019-12-07,21933.217,0.0,0.0,21933.217,21933.217
2019-12-08,21933.217,0.0,0.0,21933.217,21933.217
2019-12-09,21933.217,0.0,0.0,21933.217,21933.217
2019-12-10,21933.217,0.0,0.0,21933.217,21933.217
2019-12-11,21933.217,0.0,0.0,21933.217,21933.217
2019-12-12,21933.217,0.0,0.0,21933.217,21933.217
2019-12-13,21933.217,0.0,0.0,21933.217,21933.217
2019-12-14,21933.217,0.0,0.0,21933.217,21933.217
2019-12-15,21933.217,0.0,0.0,21933.217,21933.217
2019-12-16,21933.217,0.0,0.0,21933.217,21933.217
2019-12-17,21933.217,0.0,0.0,21933.217,21933.217
2019-12-18,21933.217,0.0,0.0,21933.217,21933.217
2019-12-19,21933.217,0.0,0.0,21933.217,21933.217
2019-12-20,21933.217,0.0,0.0,21933.217,21933.217
2019-12-21,21933.217,0.0,0.0,21933.217,21933.217
2019-12-22,21933.217,0.0,0.0,21933.217,21933.217
2019-12-23,21933.217,0.0,0.0,21933.217,21933.217
2019-12-24,21933.217,0.0,0.0,21933.217,21933.217
2019-12-25,21933.217,0.0,0.0,21933.217,21933.217
2019-12-26,21933.217,0.0,0.0,21933.217,21933.217
2019-12-27,21933.217,0.0,0.0,21933.217,21933.217
2019-12-28,21933.217,0.0,0.0,21933.217,21933.217
2019-12-29,21933.217,0.0,0.0,21933.217,21933.217
2019-12-30,21933.217,0.0,0.0,21933.217,21933.217
2019-12-31,21933.217,0.0,0.0,21933.217,21933.217
2020-01-01,21751.238,-181.97899999999936,-0.00829695890028348,21933.217,21933.217
2020-01-02,21751.238,0.0,0.0,21933.217,21933.217
2020-01-03,21751.238,0.0,0.0,21933.217,21933.217
2020-01-04,21751.238,0.0,0.0,21933.217,21933.217
2020-01-05,21751.238,0.0,0.0,21933.217,21933.217
2020-01-06,21751.238,0.0,0.0,21933.217,21933.217
2020-01-07,21751.238,0.0,0.0,21933.217,21933.217
2020-01-08,21751.238,0.0,0.0,21751.238,21933.217
2020-01-09,21751.238,0.0,0.0,21751.238,21933.217
2020-01-10,21751.238,0.0,0.0,21751.238,21933.217
2020-01-11,21751.238,0.0,0.0,21751.238,21933.217
2020-01-12,21751.238,0.0,0.0,21751.238,21933.217
2020-01-13,21751.238,0.0,0.0,21751.238,21933.217
2020-01-14,21751.238,0.0,0.0,21751.238,21933.217
2020-01-15,21751.238,0.0,0.0,21751.238,21933.217
2020-01-16,21751.238,0.0,0.0,21751.238,21933.217
2020-01-17,21751.238,0.0,0.0,21751.238,21933.217
2020-01-18,21751.238,0.0,0.0,21751.238,21933.217
2020-01-19,21751.238,0.0,0.0,21751.238,21933.217
2020-01-20,21751.238,0.0,0.0,21751.238,21933.217
2020-01-21,21751.238,0.0,0.0,21751.238,21933.217
2020-01-22,21751.238,0.0,0.0,21751.238,21933.217
2020-01-23,21751.238,0.0,0.0,21751.238,21933.217
2020-01-24,21751.238,0.0,0.0,21751.238,21933.217
2020-01-25,21751.238,0.0,0.0,21751.238,21933.217
2020-01-26,21751.238,0.0,0.0,21751.238,21933.217
2020-01-27,21751.238,0.0,0.0,21751.238,21933.217
2020-01-28,21751.238,0.0,0.0,21751.238,21933.217
2020-01-29,21751.238,0.0,0.0,21751.238,21933.217
2020-01-30,21751.238,0.0,0.0,21751.238,21933.217
2020-01-31,21751.238,0.0,0.0,21751.238,21751.238
2020-02-01,21751.238,0.0,0.0,21751.238,21751.238
2020-02-02,21751.238,0.0,0.0,21751.238,21751.238
2020-02-03,21751.238,0.0,0.0,21751.238,21751.238
2020-02-04,21751.238,0.0,0.0,21751.238,21751.238
2020-02-05,21751.238,0.0,0.0,21751.238,21751.238
2020-02-06,21751.238,0.0,0.0,21751.238,21751.238
2020-02-07,21751.238,0.0,0.0,21751.238,21751.238
2020-02-08,21751.238,0.0,0.0,21751.238,21751.238
2020-02-09,21751.238,0.0,0.0,21751.238,21751.238
2020-02-10,21751.238,0.0,0.0,21751.238,21751.238
2020-02-11,21751.238,0.0,0.0,21751.238,21751.238
2020-02-12,21751.238,0.0,0.0,21751.238,21751.238
2020-02-13,21751.238,0.0,0.0,21751.238,21751.238
2020-02-14,21751.238,0.0,0.0,21751.238,21751.238
2020-02-15,21751.238,0.0,0.0,21751.238,21751.238
2020-02-16,21751.238,0.0,0.0,21751.238,21751.238
2020-02-17,21751.238,0.0,0.0,21751.238,21751.238
2020-02-18,21751.238,0.0,0.0,21751.238,21751.238
2020-02-19,21751.238,0.0,0.0,21751.238,21751.238
2020-02-20,21751.238,0.0,0.0,21751.238,21751.238
2020-02-21,21751.238,0.0,0.0,21751.238,21751.238
2020-02-22,21751.238,0.0,0.0,21751.238,21751.238
2020-02-23,21751.238,0.0,0.0,21751.238,21751.238
2020-02-24,21751.238,0.0,0.0,21751.238,21751.238
2020-02-25,21751.238,0.0,0.0,21751.238,21751.238
2020-02-26,21751.238,0.0,0.0,21751.238,21751.238
2020-02-27,21751.238,0.0,0.0,21751.238,21751.238
2020-02-28,21751.238,0.0,0.0,21751.238,21751.238
2020-02-29,21751.238,0.0,0.0,21751.238,21751.238
2020-03-01,21751.238,0.0,0.0,21751.238,21751.238
2020-03-02,21751.238,0.0,0.0,21751.238,21751.238
2020-03-03,21751.238,0.0,0.0,21751.238,21751.238
2020-03-04,21751.238,0.0,0.0,21751.238,21751.238
2020-03-05,21751.238,0.0,0.0,21751.238,21751.238
2020-03-06,21751.238,0.0,0.0,21751.238,21751.238
2020-03-07,21751.238,0.0,0.0,21751.238,21751.238
2020-03-08,21751.238,0.0,0.0,21751.238,21751.238
2020-03-09,21751.238,0.0,0.0,21751.238,21751.238
2020-03-10,21751.238,0.0,0.0,21751.238,21751.238
2020-03-11,21751.238,0.0,0.0,21751.238,21751.238
2020-03-12,21751.238,0.0,0.0,21751.238,21751.238
2020-03-13,21751.238,0.0,0.0,21751.238,21751.238
2020-03-14,21751.238,0.0,0.0,21751.238,21751.238
2020-03-15,21751.238,0.0,0.0,21751.238,21751.238
2020-03-16,21751.238,0.0,0.0,21751.238,21751.238
2020-03-17,21751.238,0.0,0.0,21751.238,21751.238
2020-03-18,21751.238,0.0,0.0,21751.238,21751.238
2020-03-19,21751.238,0.0,0.0,21751.238,21751.238
2020-03-20,21751.238,0.0,0.0,21751.238,21751.238
2020-03-21,21751.238,0.0,0.0,21751.238,21751.238
2020-03-22,21751.238,0.0,0.0,21751.238,21751.238
2020-03-23,21751.238,0.0,0.0,21751.238,21751.238
2020-03-24,21751.238,0.0,0.0,21751.238,21751.238
2020-03-25,21751.238,0.0,0.0,21751.238,21751.238
2020-03-26,21751.238,0.0,0.0,21751.238,21751.238
2020-03-27,21751.238,0.0,0.0,21751.238,21751.238
2020-03-28,21751.238,0.0,0.0,21751.238,21751.238
2020-03-29,21751.238,0.0,0.0,21751.238,21751.238
2020-03-30,21751.238,0.0,0.0,21751.238,21751.238
2020-03-31,21751.238,0.0,0.0,21751.238,21751.238
2020-04-01,19958.291,-1792.9470000000001,-0.08242965296963789,21751.238,21751.238
2020-04-02,19958.291,0.0,0.0,21751.238,21751.238
2020-04-03,19958.291,0.0,0.0,21751.238,21751.238
2020-04-04,19958.291,0.0,0.0,21751.238,21751.238
2020-04-05,19958.291,0.0,0.0,21751.238,21751.238
2020-04-06,19958.291,0.0,0.0,21751.238,21751.238
2020-04-07,19958.291,0.0,0.0,21751.238,21751.238
2020-04-08,19958.291,0.0,0.0,19958.291,21751.238
2020-04-09,19958.291,0.0,0.0,19958.291,21751.238
2020-04-10,19958.291,0.0,0.0,19958.291,21751.238
2020-04-11,19958.291,0.0,0.0,19958.291,21751.238
2020-04-12,19958.291,0.0,0.0,19958.291,21751.238
2020-04-13,19958.291,0.0,0.0,19958.291,21751.238
2020-04-14,19958.291,0.0,0.0,19958.291,21751.238
2020-04-15,19958.291,0.0,0.0,19958.291,21751.238
2020-04-16,19958.291,0.0,0.0,19958.291,21751.238
2020-04-17,19958.291,0.0,0.0,19958.291,21751.238
2020-04-18,19958.291,0.0,0.0,19958.291,21751.238
2020-04-19,19958.291,0.0,0.0,19958.291,21751.238
2020-04-20,19958.291,0.0,0.0,19958.291,21751.238
2020-04-21,19958.291,0.0,0.0,19958.291,21751.238
2020-04-22,19958.291,0.0,0.0,19958.291,21751.238
2020-04-23,19958.291,0.0,0.0,19958.291,21751.238
2020-04-24,19958.291,0.0,0.0,19958.291,21751.238
2020-04-25,19958.291,0.0,0.0,19958.291,21751.238
2020-04-26,19958.291,0.0,0.0,19958.291,21751.238
2020-04-27,19958.291,0.0,0.0,19958.291,21751.238
2020-04-28,19958.291,0.0,0.0,19958.291,21751.238
2020-04-29,19958.291,0.0,0.0,19958.291,21751.238
2020-04-30,19958.291,0.0,0.0,19958.291,21751.238
2020-05-01,19958.291,0.0,0.0,19958.291,19958.291
2020-05-02,19958.291,0.0,0.0,19958.291,19958.291
2020-05-03,19958.291,0.0,0.0,19958.291,19958.291
2020-05-04,19958.291,0.0,0.0,19958.291,19958.291
2020-05-05,19958.291,0.0,0.0,19958.291,19958.291
2020-05-06,19958.291,0.0,0.0,19958.291,19958.291
2020-05-07,19958.291,0.0,0.0,19958.291,19958.291
2020-05-08,19958.291,0.0,0.0,19958.291,19958.291
2020-05-09,19958.291,0.0,0.0,19958.291,19958.291
2020-05-10,19958.291,0.0,0.0,19958.291,19958.291
2020-05-11,19958.291,0.0,0.0,19958.291,19958.291
2020-05-12,19958.291,0.0,0.0,19958.291,19958.291
2020-05-13,19958.291,0.0,0.0,19958.291,19958.291
2020-05-14,19958.291,0.0,0.0,19958.291,19958.291
2020-05-15,19958.291,0.0,0.0,19958.291,19958.291
2020-05-16,19958.291,0.0,0.0,19958.291,19958.291
2020-05-17,19958.291,0.0,0.0,19958.291,19958.291
2020-05-18,19958.291,0.0,0.0,19958.291,19958.291
2020-05-19,19958.291,0.0,0.0,19958.291,19958.291
2020-05-20,19958.291,0.0,0.0,19958.291,19958.291
2020-05-21,19958.291,0.0,0.0,19958.291,19958.291
2020-05-22,19958.291,0.0,0.0,19958.291,19958.291
2020-05-23,19958.291,0.0,0.0,19958.291,19958.291
2020-05-24,19958.291,0.0,0.0,19958.291,19958.291
2020-05-25,19958.291,0.0,0.0,19958.291,19958.291
2020-05-26,19958.291,0.0,0.0,19958.291,19958.291
2020-05-27,19958.291,0.0,0.0,19958.291,19958.291
2020-05-28,19958.291,0.0,0.0,19958.291,19958.291
2020-05-29,19958.291,0.0,0.0,19958.291,19958.291
2020-05-30,19958.291,0.0,0.0,19958.291,19958.291
2020-05-31,19958.291,0.0,0.0,19958.291,19958.291
2020-06-01,19958.291,0.0,0.0,19958.291,19958.291
2020-06-02,19958.291,0.0,0.0,19958.291,19958.291
2020-06-03,19958.291,0.0,0.0,19958.291,19958.291
2020-06-04,19958.291,0.0,0.0,19958.291,19958.291
2020-06-05,19958.291,0.0,0.0,19958.291,19958.291
2020-06-06,19958.291,0.0,0.0,19958.291,19958.291
2020-06-07,19958.291,0.0,0.0,19958.291,19958.291
2020-06-08,19958.291,0.0,0.0,19958.291,19958.291
2020-06-09,19958.291,0.0,0.0,19958.291,19958.291
2020-06-10,19958.291,0.0,0.0,19958.291,19958.291
2020-06-11,19958.291,0.0,0.0,19958.291,19958.291
2020-06-12,19958.291,0.0,0.0,19958.291,19958.291
2020-06-13,19958.291,0.0,0.0,19958.291,19958.291
2020-06-14,19958.291,0.0,0.0,19958.291,19958.291
2020-06-15,19958.291,0.0,0.0,19958.291,19958.291
2020-06-16,19958.291,0.0,0.0,19958.291,19958.291
2020-06-17,19958.291,0.0,0.0,19958.291,19958.291
2020-06-18,19958.291,0.0,0.0,19958.291,19958.291
2020-06-19,19958.291,0.0,0.0,19958.291,19958.291
2020-06-20,19958.291,0.0,0.0,19958.291,19958.291
2020-06-21,19958.291,0.0,0.0,19958.291,19958.291
2020-06-22,19958.291,0.0,0.0,19958.291,19958.291
2020-06-23,19958.291,0.0,0.0,19958.291,19958.291
2020-06-24,19958.291,0.0,0.0,19958.291,19958.291
2020-06-25,19958.291,0.0,0.0,19958.291,19958.291
2020-06-26,19958.291,0.0,0.0,19958.291,19958.291
2020-06-27,19958.291,0.0,0.0,19958.291,19958.291
2020-06-28,19958.291,0.0,0.0,19958.291,19958.291
2020-06-29,19958.291,0.0,0.0,19958.291,19958.291
2020-06-30,19958.291,0.0,0.0,19958.291,19958.291
2020-07-01,21704.437,1746.1460000000006,0.08748975551062976,19958.291,19958.291
2020-07-02,21704.437,0.0,0.0,19958.291,19958.291
2020-07-03,21704.437,0.0,0.0,19958.291,19958.291
2020-07-04,21704.437,0.0,0.0,19958.291,19958.291
2020-07-05,21704.437,0.0,0.0,19958.291,19958.291
2020-07-06,21704.437,0.0,0.0,19958.291,19958.291
2020-07-07,21704.437,0.0,0.0,19958.291,19958.291
2020-07-08,21704.437,0.0,0.0,21704.437,19958.291
2020-07-09,21704.437,0.0,0.0,21704.437,19958.291
2020-07-10,21704.437,0.0,0.0,21704.437,19958.291
2020-07-11,21704.437,0.0,0.0,21704.437,19958.291
2020-07-12,21704.437,0.0,0.0,21704.437,19958.291
2020-07-13,21704.437,0.0,0.0,21704.437,19958.291
2020-07-14,21704.437,0.0,0.0,21704.437,19958.291
2020-07-15,21704.437,0.0,0.0,21704.437,19958.291
2020-07-16,21704.437,0.0,0.0,21704.437,19958.291
2020-07-17,21704.437,0.0,0.0,21704.437,19958.291
2020-07-18,21704.437,0.0,0.0,21704.437,19958.291
2020-07-19,21704.437,0.0,0.0,21704.437,19958.291
2020-07-20,21704.437,0.0,0.0,21704.437,19958.291
2020-07-21,21704.437,0.0,0.0,21704.437,19958.291
2020-07-22,21704.437,0.0,0.0,21704.437,19958.291
2020-07-23,21704.437,0.0,0.0,21704.437,19958.291
2020-07-24,21704.437,0.0,0.0,21704.437,19958.291
2020-07-25,21704.437,0.0,0.0,21704.437,19958.291
2020-07-26,21704.437,0.0,0.0,21704.437,19958.291
2020-07-27,21704.437,0.0,0.0,21704.437,19958.291
2020-07-28,21704.437,0.0,0.0,21704.437,19958.291
2020-07-29,21704.437,0.0,0.0,21704.437,19958.291
2020-07-30,21704.437,0.0,0.0,21704.437,19958.291
2020-07-31,21704.437,0.0,0.0,21704.437,21704.437
2020-08-01,21704.437,0.0,0.0,21704.437,21704.437
2020-08-02,21704.437,0.0,0.0,21704.437,21704.437
2020-08-03,21704.437,0.0,0.0,21704.437,21704.437
2020-08-04,21704.437,0.0,0.0,21704.437,21704.437
2020-08-05,21704.437,0.0,0.0,21704.437,21704.437
2020-08-06,21704.437,0.0,0.0,21704.437,21704.437
2020-08-07,21704.437,0.0,0.0,21704.437,21704.437
2020-08-08,21704.437,0.0,0.0,21704.437,21704.437
2020-08-09,21704.437,0.0,0.0,21704.437,21704.437
2020-08-10,21704.437,0.0,0.0,21704.437,21704.437
2020-08-11,21704.437,0.0,0.0,21704.437,21704.437
2020-08-12,21704.437,0.0,0.0,21704.437,21704.437
2020-08-13,21704.437,0.0,0.0,21704.437,21704.437
2020-08-14,21704.437,0.0,0.0,21704.437,21704.437
2020-08-15,21704.437,0.0,0.0,21704.437,21704.437
2020-08-16,21704.437,0.0,0.0,21704.437,21704.437
2020-08-17,21704.437,0.0,0.0,21704.437,21704.437
2020-08-18,21704.437,0.0,0.0,21704.437,21704.437
2020-08-19,21704.437,0.0,0.0,21704.437,21704.437
2020-08-20,21704.437,0.0,0.0,21704.437,21704.437
2020-08-21,21704.437,0.0,0.0,21704.437,21704.437
2020-08-22,21704.437,0.0,0.0,21704.437,21704.437
2020-08-23,21704.437,0.0,0.0,21704.437,21704.437
2020-08-24,21704.437,0.0,0.0,21704.437,21704.437
2020-08-25,21704.437,0.0,0.0,21704.437,21704.437
2020-08-26,21704.437,0.0,0.0,21704.437,21704.437
2020-08-27,21704.437,0.0,0.0,21704.437,21704.437
2020-08-28,21704.437,0.0,0.0,21704.437,21704.437
2020-08-29,21704.437,0.0,0.0,21704.437,21704.437
2020-08-30,21704.437,0.0,0.0,21704.437,21704.437
2020-08-31,21704.437,0.0,0.0,21704.437,21704.437
2020-09-01,21704.437,0.0,0.0,21704.437,21704.437
2020-09-02,21704.437,0.0,0.0,21704.437,21704.437
2020-09-03,21704.437,0.0,0.0,21704.437,21704.437
2020-09-04,21704.437,0.0,0.0,21704.437,21704.437
2020-09-05,21704.437,0.0,0.0,21704.437,21704.437
2020-09-06,21704.437,0.0,0.0,21704.437,21704.437
2020-09-07,21704.437,0.0,0.0,21704.437,21704.437
2020-09-08,21704.437,0.0,0.0,21704.437,21704.437
2020-09-09,21704.437,0.0,0.0,21704.437,21704.437
2020-09-10,21704.437,0.0,0.0,21704.437,21704.437
2020-09-11,21704.437,0.0,0.0,21704.437,21704.437
2020-09-12,21704.437,0.0,0.0,21704.437,21704.437
2020-09-13,21704.437,0.0,0.0,21704.437,21704.437
2020-09-14,21704.437,0.0,0.0,21704.437,21704.437
2020-09-15,21704.437,0.0,0.0,21704.437,21704.437
2020-09-16,21704.437,0.0,0.0,21704.437,21704.437
2020-09-17,21704.437,0.0,0.0,21704.437,21704.437
2020-09-18,21704.437,0.0,0.0,21704.437,21704.437
2020-09-19,21704.437,0.0,0.0,21704.437,21704.437
2020-09-20,21704.437,0.0,0.0,21704.437,21704.437
2020-09-21,21704.437,0.0,0.0,21704.437,21704.437
2020-09-22,21704.437,0.0,0.0,21704.437,21704.437
2020-09-23,21704.437,0.0,0.0,21704.437,21704.437
2020-09-24,21704.437,0.0,0.0,21704.437,21704.437
2020-09-25,21704.437,0.0,0.0,21704.437,21704.437
2020-09-26,21704.437,0.0,0.0,21704.437,21704.437
2020-09-27,21704.437,0.0,0.0,21704.437,21704.437
2020-09-28,21704.437,0.0,0.0,21704.437,21704.437
2020-09-29,21704.437,0.0,0.0,21704.437,21704.437
2020-09-30,21704.437,0.0,0.0,21704.437,21704.437
2020-10-01,22087.16,382.72299999999814,0.017633399106367076,21704.437,21704.437
2020-10-02,22087.16,0.0,0.0,21704.437,21704.437
2020-10-03,22087.16,0.0,0.0,21704.437,21704.437
2020-10-04,22087.16,0.0,0.0,21704.437,21704.437
2020-10-05,22087.16,0.0,0.0,21704.437,21704.437
2020-10-06,22087.16,0.0,0.0,21704.437,21704.437
2020-10-07,22087.16,0.0,0.0,21704.437,21704.437
2020-10-08,22087.16,0.0,0.0,22087.16,21704.437
2020-10-09,22087.16,0.0,0.0,22087.16,21704.437
2020-10-10,22087.16,0.0,0.0,22087.16,21704.437
2020-10-11,22087.16,0.0,0.0,22087.16,21704.437
2020-10-12,22087.16,0.0,0.0,22087.16,21704.437
2020-10-13,22087.16,0.0,0.0,22087.16,21704.437
2020-10-14,22087.16,0.0,0.0,22087.16,21704.437
2020-10-15,22087.16,0.0,0.0,22087.16,21704.437
2020-10-16,22087.16,0.0,0.0,22087.16,21704.437
2020-10-17,22087.16,0.0,0.0,22087.16,21704.437
2020-10-18,22087.16,0.0,0.0,22087.16,21704.437
2020-10-19,22087.16,0.0,0.0,22087.16,21704.437
2020-10-20,22087.16,0.0,0.0,22087.16,21704.437
2020-10-21,22087.16,0.0,0.0,22087.16,21704.437
2020-10-22,22087.16,0.0,0.0,22087.16,21704.437
2020-10-23,22087.16,0.0,0.0,22087.16,21704.437
2020-10-24,22087.16,0.0,0.0,22087.16,21704.437
2020-10-25,22087.16,0.0,0.0,22087.16,21704.437
2020-10-26,22087.16,0.0,0.0,22087.16,21704.437
2020-10-27,22087.16,0.0,0.0,22087.16,21704.437
2020-10-28,22087.16,0.0,0.0,22087.16,21704.437
2020-10-29,22087.16,0.0,0.0,22087.16,21704.437
2020-10-30,22087.16,0.0,0.0,22087.16,21704.437
2020-10-31,22087.16,0.0,0.0,22087.16,22087.16
2020-11-01,22087.16,0.0,0.0,22087.16,22087.16
2020-11-02,22087.16,0.0,0.0,22087.16,22087.16
2020-11-03,22087.16,0.0,0.0,22087.16,22087.16
2020-11-04,22087.16,0.0,0.0,22087.16,22087.16
2020-11-05,22087.16,0.0,0.0,22087.16,22087.16
2020-11-06,22087.16,0.0,0.0,22087.16,22087.16
2020-11-07,22087.16,0.0,0.0,22087.16,22087.16
2020-11-08,22087.16,0.0,0.0,22087.16,22087.16
2020-11-09,22087.16,0.0,0.0,22087.16,22087.16
2020-11-10,22087.16,0.0,0.0,22087.16,22087.16
2020-11-11,22087.16,0.0,0.0,22087.16,22087.16
2020-11-12,22087.16,0.0,0.0,22087.16,22087.16
2020-11-13,22087.16,0.0,0.0,22087.16,22087.16
2020-11-14,22087.16,0.0,0.0,22087.16,22087.16
2020-11-15,22087.16,0.0,0.0,22087.16,22087.16
2020-11-16,22087.16,0.0,0.0,22087.16,22087.16
2020-11-17,22087.16,0.0,0.0,22087.16,22087.16
2020-11-18,22087.16,0.0,0.0,22087.16,22087.16
2020-11-19,22087.16,0.0,0.0,22087.16,22087.16
2020-11-20,22087.16,0.0,0.0,22087.16,22087.16
2020-11-21,22087.16,0.0,0.0,22087.16,22087.16
2020-11-22,22087.16,0.0,0.0,22087.16,22087.16
2020-11-23,22087.16,0.0,0.0,22087.16,22087.16
2020-11-24,22087.16,0.0,0.0,22087.16,22087.16
2020-11-25,22087.16,0.0,0.0,22087.16,22087.16
2020-11-26,22087.16,0.0,0.0,22087.16,22087.16
2020-11-27,22087.16,0.0,0.0,22087.16,22087.16
2020-11-28,22087.16,0.0,0.0,22087.16,22087.16
2020-11-29,22087.16,0.0,0.0,22087.16,22087.16
2020-11-30,22087.16,0.0,0.0,22087.16,22087.16
2020-12-01,22087.16,0.0,0.0,22087.16,22087.16
2020-12-02,22087.16,0.0,0.0,22087.16,22087.16
2020-12-03,22087.16,0.0,0.0,22087.16,22087.16
2020-12-04,22087.16,0.0,0.0,22087.16,22087.16
2020-12-05,22087.16,0.0,0.0,22087.16,22087.16
2020-12-06,22087.16,0.0,0.0,22087.16,22087.16
2020-12-07,22087.16,0.0,0.0,22087.16,22087.16
2020-12-08,22087.16,0.0,0.0,22087.16,22087.16
2020-12-09,22087.16,0.0,0.0,22087.16,22087.16
2020-12-10,22087.16,0.0,0.0,22087.16,22087.16
2020-12-11,22087.16,0.0,0.0,22087.16,22087.16
2020-12-12,22087.16,0.0,0.0,22087.16,22087.16
2020-12-13,22087.16,0.0,0.0,22087.16,22087.16
2020-12-14,22087.16,0.0,0.0,22087.16,22087.16
2020-12-15,22087.16,0.0,0.0,22087.16,22087.16
2020-12-16,22087.16,0.0,0.0,22087.16,22087.16
2020-12-17,22087.16,0.0,0.0,22087.16,22087.16
2020-12-18,22087.16,0.0,0.0,22087.16,22087.16
2020-12-19,22087.16,0.0,0.0,22087.16,22087.16
2020-12-20,22087.16,0.0,0.0,22087.16,22087.16
2020-12-21,22087.16,0.0,0.0,22087.16,22087.16
2020-12-22,22087.16,0.0,0.0,22087.16,22087.16
2020-12-23,22087.16,0.0,0.0,22087.16,22087.16
2020-12-24,22087.16,0.0,0.0,22087.16,22087.16
2020-12-25,22087.16,0.0,0.0,22087.16,22087.16
2020-12-26,22087.16,0.0,0.0,22087.16,22087.16
2020-12-27,22087.16,0.0,0.0,22087.16,22087.16
2020-12-28,22087.16,0.0,0.0,22087.16,22087.16
2020-12-29,22087.16,0.0,0.0,22087.16,22087.16
2020-12-30,22087.16,0.0,0.0,22087.16,22087.16
2020-12-31,22087.16,0.0,0.0,22087.16,22087.16
2021-01-01,22680.693,593.5329999999994,0.026872309522817828,22087.16,22087.16
2021-01-02,22680.693,0.0,0.0,22087.16,22087.16
2021-01-03,22680.693,0.0,0.0,22087.16,22087.16
2021-01-04,22680.693,0.0,0.0,22087.16,22087.16
2021-01-05,22680.693,0.0,0.0,22087.16,22087.16
2021-01-06,22680.693,0.0,0.0,22087.16,22087.16
2021-01-07,22680.693,0.0,0.0,22087.16,22087.16
2021-01-08,22680.693,0.0,0.0,22680.693,22087.16
2021-01-09,22680.693,0.0,0.0,22680.693,22087.16
2021-01-10,22680.693,0.0,0.0,22680.693,22087.16
2021-01-11,22680.693,0.0,0.0,22680.693,22087.16
2021-01-12,22680.693,0.0,0.0,22680.693,22087.16
2021-01-13,22680.693,0.0,0.0,22680.693,22087.16
2021-01-14,22680.693,0.0,0.0,22680.693,22087.16
2021-01-15,22680.693,0.0,0.0,22680.693,22087.16
2021-01-16,22680.693,0.0,0.0,22680.693,22087.16
2021-01-17,22680.693,0.0,0.0,22680.693,22087.16
2021-01-18,22680.693,0.0,0.0,22680.693,22087.16
2021-01-19,22680.693,0.0,0.0,22680.693,22087.16
2021-01-20,22680.693,0.0,0.0,22680.693,22087.16
2021-01-21,22680.693,0.0,0.0,22680.693,22087.16
2021-01-22,22680.693,0.0,0.0,22680.693,22087.16
2021-01-23,22680.693,0.0,0.0,22680.693,22087.16
2021-01-24,22680.693,0.0,0.0,22680.693,22087.16
2021-01-25,22680.693,0.0,0.0,22680.693,22087.16
2021-01-26,22680.693,0.0,0.0,22680.693,22087.16
2021-01-27,22680.693,0.0,0.0,22680.693,22087.16
2021-01-28,22680.693,0.0,0.0,22680.693,22087.16
2021-01-29,22680.693,0.0,0.0,22680.693,22087.16
2021-01-30,22680.693,0.0,0.0,22680.693,22087.16
2021-01-31,22680.693,0.0,0.0,22680.693,22680.693
2021-02-01,22680.693,0.0,0.0,22680.693,22680.693
2021-02-02,22680.693,0.0,0.0,22680.693,22680.693
2021-02-03,22680.693,0.0,0.0,22680.693,22680.693
2021-02-04,22680.693,0.0,0.0,22680.693,22680.693
2021-02-05,22680.693,0.0,0.0,22680.693,22680.693
2021-02-06,22680.693,0.0,0.0,22680.693,22680.693
2021-02-07,22680.693,0.0,0.0,22680.693,22680.693
2021-02-08,22680.693,0.0,0.0,22680.693,22680.693
2021-02-09,22680.693,0.0,0.0,22680.693,22680.693
2021-02-10,22680.693,0.0,0.0,22680.693,22680.693
2021-02-11,22680.693,0.0,0.0,22680.693,22680.693
2021-02-12,22680.693,0.0,0.0,22680.693,22680.693
2021-02-13,22680.693,0.0,0.0,22680.693,22680.693
2021-02-14,22680.693,0.0,0.0,22680.693,22680.693
2021-02-15,22680.693,0.0,0.0,22680.693,22680.693
2021-02-16,22680.693,0.0,0.0,22680.693,22680.693
2021-02-17,22680.693,0.0,0.0,22680.693,22680.693
2021-02-18,22680.693,0.0,0.0,22680.693,22680.693
2021-02-19,22680.693,0.0,0.0,22680.693,22680.693
2021-02-20,22680.693,0.0,0.0,22680.693,22680.693
2021-02-21,22680.693,0.0,0.0,22680.693,22680.693
2021-02-22,22680.693,0.0,0.0,22680.693,22680.693
2021-02-23,22680.693,0.0,0.0,22680.693,22680.693
2021-02-24,22680.693,0.0,0.0,22680.693,22680.693
2021-02-25,22680.693,0.0,0.0,22680.693,22680.693
2021-02-26,22680.693,0.0,0.0,22680.693,22680.693
2021-02-27,22680.693,0.0,0.0,22680.693,22680.693
2021-02-28,22680.693,0.0,0.0,22680.693,22680.693
2021-03-01,22680.693,0.0,0.0,22680.693,22680.693
2021-03-02,22680.693,0.0,0.0,22680.693,22680.693
2021-03-03,22680.693,0.0,0.0,22680.693,22680.693
2021-03-04,22680.693,0.0,0.0,22680.693,22680.693
2021-03-05,22680.693,0.0,0.0,22680.693,22680.693
2021-03-06,22680.693,0.0,0.0,22680.693,22680.693
2021-03-07,22680.693,0.0,0.0,22680.693,22680.693
2021-03-08,22680.693,0.0,0.0,22680.693,22680.693
2021-03-09,22680.693,0.0,0.0,22680.693,22680.693
2021-03-10,22680.693,0.0,0.0,22680.693,22680.693
2021-03-11,22680.693,0.0,0.0,22680.693,22680.693
2021-03-12,22680.693,0.0,0.0,22680.693,22680.693
2021-03-13,22680.693,0.0,0.0,22680.693,22680.693
2021-03-14,22680.693,0.0,0.0,22680.693,22680.693
2021-03-15,22680.693,0.0,0.0,22680.693,22680.693
2021-03-16,22680.693,0.0,0.0,22680.693,22680.693
2021-03-17,22680.693,0.0,0.0,22680.693,22680.693
2021-03-18,22680.693,0.0,0.0,22680.693,22680.693
2021-03-19,22680.693,0.0,0.0,22680.693,22680.693
2021-03-20,22680.693,0.0,0.0,22680.693,22680.693
2021-03-21,22680.693,0.0,0.0,22680.693,22680.693
2021-03-22,22680.693,0.0,0.0,22680.693,22680.693
2021-03-23,22680.693,0.0,0.0,22680.693,22680.693
2021-03-24,22680.693,0.0,0.0,22680.693,22680.693
2021-03-25,22680.693,0.0,0.0,22680.693,22680.693
2021-03-26,22680.693,0.0,0.0,22680.693,22680.693
2021-03-27,22680.693,0.0,0.0,22680.693,22680.693
2021-03-28,22680.693,0.0,0.0,22680.693,22680.693
2021-03-29,22680.693,0.0,0.0,22680.693,22680.693
2021-03-30,22680.693,0.0,0.0,22680.693,22680.693
2021-03-31,22680.693,0.0,0.0,22680.693,22680.693
2021-04-01,23425.91,745.2170000000006,0.03285688845574519,22680.693,22680.693
2021-04-02,23425.91,0.0,0.0,22680.693,22680.693
2021-04-03,23425.91,0.0,0.0,22680.693,22680.693
2021-04-04,23425.91,0.0,0.0,22680.693,22680.693
2021-04-05,23425.91,0.0,0.0,22680.693,22680.693
2021-04-06,23425.91,0.0,0.0,22680.693,22680.693
2021-04-07,23425.91,0.0,0.0,22680.693,22680.693
2021-04-08,23425.91,0.0,0.0,23425.91,22680.693
2021-04-09,23425.91,0.0,0.0,23425.91,22680.693
2021-04-10,23425.91,0.0,0.0,23425.91,22680.693
2021-04-11,23425.91,0.0,0.0,23425.91,22680.693
2021-04-12,23425.91,0.0,0.0,23425.91,22680.693
2021-04-13,23425.91,0.0,0.0,23425.91,22680.693
2021-04-14,23425.91,0.0,0.0,23425.91,22680.693
2021-04-15,23425.91,0.0,0.0,23425.91,22680.693
2021-04-16,23425.91,0.0,0.0,23425.91,22680.693
2021-04-17,23425.91,0.0,0.0,23425.91,22680.693
2021-04-18,23425.91,0.0,0.0,23425.91,22680.693
2021-04-19,23425.91,0.0,0.0,23425.91,22680.693
2021-04-20,23425.91,0.0,0.0,23425.91,22680.693
2021-04-21,23425.91,0.0,0.0,23425.91,22680.693
2021-04-22,23425.91,0.0,0.0,23425.91,22680.693
2021-04-23,23425.91,0.0,0.0,23425.91,22680.693
2021-04-24,23425.91,0.0,0.0,23425.91,22680.693
2021-04-25,23425.91,0.0,0.0,23425.91,22680.693
2021-04-26,23425.91,0.0,0.0,23425.91,22680.693
2021-04-27,23425.91,0.0,0.0,23425.91,22680.693
2021-04-28,23425.91,0.0,0.0,23425.91,22680.693
2021-04-29,23425.91,0.0,0.0,23425.91,22680.693
2021-04-30,23425.91,0.0,0.0,23425.91,22680.693
2021-05-01,23425.91,0.0,0.0,23425.91,23425.91
2021-05-02,23425.91,0.0,0.0,23425.91,23425.91
2021-05-03,23425.91,0.0,0.0,23425.91,23425.91
2021-05-04,23425.91,0.0,0.0,23425.91,23425.91
2021-05-05,23425.91,0.0,0.0,23425.91,23425.91
2021-05-06,23425.91,0.0,0.0,23425.91,23425.91
2021-05-07,23425.91,0.0,0.0,23425.91,23425.91
2021-05-08,23425.91,0.0,0.0,23425.91,23425.91
2021-05-09,23425.91,0.0,0.0,23425.91,23425.91
2021-05-10,23425.91,0.0,0.0,23425.91,23425.91
2021-05-11,23425.91,0.0,0.0,23425.91,23425.91
2021-05-12,23425.91,0.0,0.0,23425.91,23425.91
2021-05-13,23425.91,0.0,0.0,23425.91,23425.91
2021-05-14,23425.91,0.0,0.0,23425.91,23425.91
2021-05-15,23425.91,0.0,0.0,23425.91,23425.91
2021-05-16,23425.91,0.0,0.0,23425.91,23425.91
2021-05-17,23425.91,0.0,0.0,23425.91,23425.91
2021-05-18,23425.91,0.0,0.0,23425.91,23425.91
2021-05-19,23425.91,0.0,0.0,23425.91,23425.91
2021-05-20,23425.91,0.0,0.0,23425.91,23425.91
2021-05-21,23425.91,0.0,0.0,23425.91,23425.91
2021-05-22,23425.91,0.0,0.0,23425.91,23425.91
2021-05-23,23425.91,0.0,0.0,23425.91,23425.91
2021-05-24,23425.91,0.0,0.0,23425.91,23425.91
2021-05-25,23425.91,0.0,0.0,23425.91,23425.91
2021-05-26,23425.91,0.0,0.0,23425.91,23425.91
2021-05-27,23425.91,0.0,0.0,23425.91,23425.91
2021-05-28,23425.91,0.0,0.0,23425.91,23425.91
2021-05-29,23425.91,0.0,0.0,23425.91,23425.91
2021-05-30,23425.91,0.0,0.0,23425.91,23425.91
2021-05-31,23425.91,0.0,0.0,23425.91,23425.91
2021-06-01,23425.91,0.0,0.0,23425.91,23425.91
2021-06-02,23425.91,0.0,0.0,23425.91,23425.91
2021-06-03,23425.91,0.0,0.0,23425.91,23425.91
2021-06-04,23425.91,0.0,0.0,23425.91,23425.91
2021-06-05,23425.91,0.0,0.0,23425.91,23425.91
2021-06-06,23425.91,0.0,0.0,23425.91,23425.91
2021-06-07,23425.91,0.0,0.0,23425.91,23425.91
2021-06-08,23425.91,0.0,0.0,23425.91,23425.91
2021-06-09,23425.91,0.0,0.0,23425.91,23425.91
2021-06-10,23425.91,0.0,0.0,23425.91,23425.91
2021-06-11,23425.91,0.0,0.0,23425.91,23425.91
2021-06-12,23425.91,0.0,0.0,23425.91,23425.91
2021-06-13,23425.91,0.0,0.0,23425.91,23425.91
2021-06-14,23425.91,0.0,0.0,23425.91,23425.91
2021-06-15,23425.91,0.0,0.0,23425.91,23425.91
2021-06-16,23425.91,0.0,0.0,23425.91,23425.91
2021-06-17,23425.91,0.0,0.0,23425.91,23425.91
2021-06-18,23425.91,0.0,0.0,23425.91,23425.91
2021-06-19,23425.91,0.0,0.0,23425.91,23425.91
2021-06-20,23425.91,0.0,0.0,23425.91,23425.91
2021-06-21,23425.91,0.0,0.0,23425.91,23425.91
2021-06-22,23425.91,0.0,0.0,23425.91,23425.91
2021-06-23,23425.91,0.0,0.0,23425.91,23425.91
2021-06-24,23425.91,0.0,0.0,23425.91,23425.91
2021-06-25,23425.91,0.0,0.0,23425.91,23425.91
2021-06-26,23425.91,0.0,0.0,23425.91,23425.91
2021-06-27,23425.91,0.0,0.0,23425.91,23425.91
2021-06-28,23425.91,0.0,0.0,23425.91,23425.91
2021-06-29,23425.91,0.0,0.0,23425.91,23425.91
2021-06-30,23425.91,0.0,0.0,23425.91,23425.91
2021-07-01,23982.379,556.469000000001,0.023754424054390988,23425.91,23425.91
2021-07-02,23982.379,0.0,0.0,23425.91,23425.91
2021-07-03,23982.379,0.0,0.0,23425.91,23425.91
2021-07-04,23982.379,0.0,0.0,23425.91,23425.91
2021-07-05,23982.379,0.0,0.0,23425.91,23425.91
2021-07-06,23982.379,0.0,0.0,23425.91,23425.91
2021-07-07,23982.379,0.0,0.0,23425.91,23425.91
2021-07-08,23982.379,0.0,0.0,23982.379,23425.91
2021-07-09,23982.379,0.0,0.0,23982.379,23425.91
2021-07-10,23982.379,0.0,0.0,23982.379,23425.91
2021-07-11,23982.379,0.0,0.0,23982.379,23425.91
2021-07-12,23982.379,0.0,0.0,23982.379,23425.91
2021-07-13,23982.379,0.0,0.0,23982.379,23425.91
2021-07-14,23982.379,0.0,0.0,23982.379,23425.91
2021-07-15,23982.379,0.0,0.0,23982.379,23425.91
2021-07-16,23982.379,0.0,0.0,23982.379,23425.91
2021-07-17,23982.379,0.0,0.0,23982.379,23425.91
2021-07-18,23982.379,0.0,0.0,23982.379,23425.91
2021-07-19,23982.379,0.0,0.0,23982.379,23425.91
2021-07-20,23982.379,0.0,0.0,23982.379,23425.91
2021-07-21,23982.379,0.0,0.0,23982.379,23425.91
2021-07-22,23982.379,0.0,0.0,23982.379,23425.91
2021-07-23,23982.379,0.0,0.0,23982.379,23425.91
2021-07-24,23982.379,0.0,0.0,23982.379,23425.91
2021-07-25,23982.379,0.0,0.0,23982.379,23425.91
2021-07-26,23982.379,0.0,0.0,23982.379,23425.91
2021-07-27,23982.379,0.0,0.0,23982.379,23425.91
2021-07-28,23982.379,0.0,0.0,23982.379,23425.91
2021-07-29,23982.379,0.0,0.0,23982.379,23425.91
2021-07-30,23982.379,0.0,0.0,23982.379,23425.91
2021-07-31,23982.379,0.0,0.0,23982.379,23982.379
2021-08-01,23982.379,0.0,0.0,23982.379,23982.379
2021-08-02,23982.379,0.0,0.0,23982.379,23982.379
2021-08-03,23982.379,0.0,0.0,23982.379,23982.379
2021-08-04,23982.379,0.0,0.0,23982.379,23982.379
2021-08-05,23982.379,0.0,0.0,23982.379,23982.379
2021-08-06,23982.379,0.0,0.0,23982.379,23982.379
2021-08-07,23982.379,0.0,0.0,23982.379,23982.379
2021-08-08,23982.379,0.0,0.0,23982.379,23982.379
2021-08-09,23982.379,0.0,0.0,23982.379,23982.379
2021-08-10,23982.379,0.0,0.0,23982.379,23982.379
2021-08-11,23982.379,0.0,0.0,23982.379,23982.379
2021-08-12,23982.379,0.0,0.0,23982.379,23982.379
2021-08-13,23982.379,0.0,0.0,23982.379,23982.379
2021-08-14,23982.379,0.0,0.0,23982.379,23982.379
2021-08-15,23982.379,0.0,0.0,23982.379,23982.379
2021-08-16,23982.379,0.0,0.0,23982.379,23982.379
2021-08-17,23982.379,0.0,0.0,23982.379,23982.379
2021-08-18,23982.379,0.0,0.0,23982.379,23982.379
2021-08-19,23982.379,0.0,0.0,23982.379,23982.379
2021-08-20,23982.379,0.0,0.0,23982.379,23982.379
2021-08-21,23982.379,0.0,0.0,23982.379,23982.379
2021-08-22,23982.379,0.0,0.0,23982.379,23982.379
2021-08-23,23982.379,0.0,0.0,23982.379,23982.379
2021-08-24,23982.379,0.0,0.0,23982.379,23982.379
2021-08-25,23982.379,0.0,0.0,23982.379,23982.379
2021-08-26,23982.379,0.0,0.0,23982.379,23982.379
2021-08-27,23982.379,0.0,0.0,23982.379,23982.379
2021-08-28,23982.379,0.0,0.0,23982.379,23982.379
2021-08-29,23982.379,0.0,0.0,23982.379,23982.379
2021-08-30,23982.379,0.0,0.0,23982.379,23982.379
2021-08-31,23982.379,0.0,0.0,23982.379,23982.379
2021-09-01,23982.379,0.0,0.0,23982.379,23982.379
2021-09-02,23982.379,0.0,0.0,23982.379,23982.379
2021-09-03,23982.379,0.0,0.0,23982.379,23982.379
2021-09-04,23982.379,0.0,0.0,23982.379,23982.379
2021-09-05,23982.379,0.0,0.0,23982.379,23982.379
2021-09-06,23982.379,0.0,0.0,23982.379,23982.379
2021-09-07,23982.379,0.0,0.0,23982.379,23982.379
2021-09-08,23982.379,0.0,0.0,23982.379,23982.379
2021-09-09,23982.379,0.0,0.0,23982.379,23982.379
2021-09-10,23982.379,0.0,0.0,23982.379,23982.379
2021-09-11,23982.379,0.0,0.0,23982.379,23982.379
2021-09-12,23982.379,0.0,0.0,23982.379,23982.379
2021-09-13,23982.379,0.0,0.0,23982.379,23982.379
2021-09-14,23982.379,0.0,0.0,23982.379,23982.379
2021-09-15,23982.379,0.0,0.0,23982.379,23982.379
2021-09-16,23982.379,0.0,0.0,23982.379,23982.379
2021-09-17,23982.379,0.0,0.0,23982.379,23982.379
2021-09-18,23982.379,0.0,0.0,23982.379,23982.379
2021-09-19,23982.379,0.0,0.0,23982.379,23982.379
2021-09-20,23982.379,0.0,0.0,23982.379,23982.379
2021-09-21,23982.379,0.0,0.0,23982.379,23982.379
2021-09-22,23982.379,0.0,0.0,23982.379,23982.379
2021-09-23,23982.379,0.0,0.0,23982.379,23982.379
2021-09-24,23982.379,0.0,0.0,23982.379,23982.379
2021-09-25,23982.379,0.0,0.0,23982.379,23982.379
2021-09-26,23982.379,0.0,0.0,23982.379,23982.379
2021-09-27,23982.379,0.0,0.0,23982.379,23982.379
2021-09-28,23982.379,0.0,0.0,23982.379,23982.379
2021-09-29,23982.379,0.0,0.0,23982.379,23982.379
2021-09-30,23982.379,0.0,0.0,23982.379,23982.379
2021-10-01,24813.6,831.2209999999977,0.034659655741408946,23982.379,23982.379
2021-10-02,24813.6,0.0,0.0,23982.379,23982.379
2021-10-03,24813.6,0.0,0.0,23982.379,23982.379
2021-10-04,24813.6,0.0,0.0,23982.379,23982.379
2021-10-05,24813.6,0.0,0.0,23982.379,23982.379
2021-10-06,24813.6,0.0,0.0,23982.379,23982.379
2021-10-07,24813.6,0.0,0.0,23982.379,23982.379
2021-10-08,24813.6,0.0,0.0,24813.6,23982.379
2021-10-09,24813.6,0.0,0.0,24813.6,23982.379
2021-10-10,24813.6,0.0,0.0,24813.6,23982.379
2021-10-11,24813.6,0.0,0.0,24813.6,23982.379
2021-10-12,24813.6,0.0,0.0,24813.6,23982.379
2021-10-13,24813.6,0.0,0.0,24813.6,23982.379
2021-10-14,24813.6,0.0,0.0,24813.6,23982.379
2021-10-15,24813.6,0.0,0.0,24813.6,23982.379
2021-10-16,24813.6,0.0,0.0,24813.6,23982.379
2021-10-17,24813.6,0.0,0.0,24813.6,23982.379
2021-10-18,24813.6,0.0,0.0,24813.6,23982.379
2021-10-19,24813.6,0.0,0.0,24813.6,23982.379
2021-10-20,24813.6,0.0,0.0,24813.6,23982.379
2021-10-21,24813.6,0.0,0.0,24813.6,23982.379
2021-10-22,24813.6,0.0,0.0,24813.6,23982.379
2021-10-23,24813.6,0.0,0.0,24813.6,23982.379
2021-10-24,24813.6,0.0,0.0,24813.6,23982.379
2021-10-25,24813.6,0.0,0.0,24813.6,23982.379
2021-10-26,24813.6,0.0,0.0,24813.6,23982.379
2021-10-27,24813.6,0.0,0.0,24813.6,23982.379
2021-10-28,24813.6,0.0,0.0,24813.6,23982.379
2021-10-29,24813.6,0.0,0.0,24813.6,23982.379
2021-10-30,24813.6,0.0,0.0,24813.6,23982.379
2021-10-31,24813.6,0.0,0.0,24813.6,24813.6
2021-11-01,24813.6,0.0,0.0,24813.6,24813.6
2021-11-02,24813.6,0.0,0.0,24813.6,24813.6
2021-11-03,24813.6,0.0,0.0,24813.6,24813.6
2021-11-04,24813.6,0.0,0.0,24813.6,24813.6
2021-11-05,24813.6,0.0,0.0,24813.6,24813.6
2021-11-06,24813.6,0.0,0.0,24813.6,24813.6
2021-11-07,24813.6,0.0,0.0,24813.6,24813.6
2021-11-08,24813.6,0.0,0.0,24813.6,24813.6
2021-11-09,24813.6,0.0,0.0,24813.6,24813.6
2021-11-10,24813.6,0.0,0.0,24813.6,24813.6
2021-11-11,24813.6,0.0,0.0,24813.6,24813.6
2021-11-12,24813.6,0.0,0.0,24813.6,24813.6
2021-11-13,24813.6,0.0,0.0,24813.6,24813.6
2021-11-14,24813.6,0.0,0.0,24813.6,24813.6
2021-11-15,24813.6,0.0,0.0,24813.6,24813.6
2021-11-16,24813.6,0.0,0.0,24813.6,24813.6
2021-11-17,24813.6,0.0,0.0,24813.6,24813.6
2021-11-18,24813.6,0.0,0.0,24813.6,24813.6
2021-11-19,24813.6,0.0,0.0,24813.6,24813.6
2021-11-20,24813.6,0.0,0.0,24813.6,24813.6
2021-11-21,24813.6,0.0,0.0,24813.6,24813.6
2021-11-22,24813.6,0.0,0.0,24813.6,24813.6
2021-11-23,24813.6,0.0,0.0,24813.6,24813.6
2021-11-24,24813.6,0.0,0.0,24813.6,24813.6
2021-11-25,24813.6,0.0,0.0,24813.6,24813.6
2021-11-26,24813.6,0.0,0.0,24813.6,24813.6
2021-11-27,24813.6,0.0,0.0,24813.6,24813.6
2021-11-28,24813.6,0.0,0.0,24813.6,24813.6
2021-11-29,24813.6,0.0,0.0,24813.6,24813.6
2021-11-30,24813.6,0.0,0.0,24813.6,24813.6
2021-12-01,24813.6,0.0,0.0,24813.6,24813.6
2021-12-02,24813.6,0.0,0.0,24813.6,24813.6
2021-12-03,24813.6,0.0,0.0,24813.6,24813.6
2021-12-04,24813.6,0.0,0.0,24813.6,24813.6
2021-12-05,24813.6,0.0,0.0,24813.6,24813.6
2021-12-06,24813.6,0.0,0.0,24813.6,24813.6
2021-12-07,24813.6,0.0,0.0,24813.6,24813.6
2021-12-08,24813.6,0.0,0.0,24813.6,24813.6
2021-12-09,24813.6,0.0,0.0,24813.6,24813.6
2021-12-10,24813.6,0.0,0.0,24813.6,24813.6
2021-12-11,24813.6,0.0,0.0,24813.6,24813.6
2021-12-12,24813.6,0.0,0.0,24813.6,24813.6
2021-12-13,24813.6,0.0,0.0,24813.6,24813.6
2021-12-14,24813.6,0.0,0.0,24813.6,24813.6
2021-12-15,24813.6,0.0,0.0,24813.6,24813.6
2021-12-16,24813.6,0.0,0.0,24813.6,24813.6
2021-12-17,24813.6,0.0,0.0,24813.6,24813.6
2021-12-18,24813.6,0.0,0.0,24813.6,24813.6
2021-12-19,24813.6,0.0,0.0,24813.6,24813.6
2021-12-20,24813.6,0.0,0.0,24813.6,24813.6
2021-12-21,24813.6,0.0,0.0,24813.6,24813.6
2021-12-22,24813.6,0.0,0.0,24813.6,24813.6
2021-12-23,24813.6,0.0,0.0,24813.6,24813.6
2021-12-24,24813.6,0.0,0.0,24813.6,24813.6
2021-12-25,24813.6,0.0,0.0,24813.6,24813.6
2021-12-26,24813.6,0.0,0.0,24813.6,24813.6
2021-12-27,24813.6,0.0,0.0,24813.6,24813.6
2021-12-28,24813.6,0.0,0.0,24813.6,24813.6
2021-12-29,24813.6,0.0,0.0,24813.6,24813.6
2021-12-30,24813.6,0.0,0.0,24813.6,24813.6
2021-12-31,24813.6,0.0,0.0,24813.6,24813.6
2022-01-01,25250.347,436.747000000003,0.017601113905277854,24813.6,24813.6
2022-01-02,25250.347,0.0,0.0,24813.6,24813.6
2022-01-03,25250.347,0.0,0.0,24813.6,24813.6
2022-01-04,25250.347,0.0,0.0,24813.6,24813.6
2022-01-05,25250.347,0.0,0.0,24813.6,24813.6
2022-01-06,25250.347,0.0,0.0,24813.6,24813.6
2022-01-07,25250.347,0.0,0.0,24813.6,24813.6
2022-01-08,25250.347,0.0,0.0,25250.347,24813.6
2022-01-09,25250.347,0.0,0.0,25250.347,24813.6
2022-01-10,25250.347,0.0,0.0,25250.347,24813.6
2022-01-11,25250.347,0.0,0.0,25250.347,24813.6
2022-01-12,25250.347,0.0,0.0,25250.347,24813.6
2022-01-13,25250.347,0.0,0.0,25250.347,24813.6
2022-01-14,25250.347,0.0,0.0,25250.347,24813.6
2022-01-15,25250.347,0.0,0.0,25250.347,24813.6
2022-01-16,25250.347,0.0,0.0,25250.347,24813.6
2022-01-17,25250.347,0.0,0.0,25250.347,24813.6
2022-01-18,25250.347,0.0,0.0,25250.347,24813.6
2022-01-19,25250.347,0.0,0.0,25250.347,24813.6
2022-01-20,25250.347,0.0,0.0,25250.347,24813.6
2022-01-21,25250.347,0.0,0.0,25250.347,24813.6
2022-01-22,25250.347,0.0,0.0,25250.347,24813.6
2022-01-23,25250.347,0.0,0.0,25250.347,24813.6
2022-01-24,25250.347,0.0,0.0,25250.347,24813.6
2022-01-25,25250.347,0.0,0.0,25250.347,24813.6
2022-01-26,25250.347,0.0,0.0,25250.347,24813.6
2022-01-27,25250.347,0.0,0.0,25250.347,24813.6
2022-01-28,25250.347,0.0,0.0,25250.347,24813.6
2022-01-29,25250.347,0.0,0.0,25250.347,24813.6
2022-01-30,25250.347,0.0,0.0,25250.347,24813.6
2022-01-31,25250.347,0.0,0.0,25250.347,25250.347
2022-02-01,25250.347,0.0,0.0,25250.347,25250.347
2022-02-02,25250.347,0.0,0.0,25250.347,25250.347
2022-02-03,25250.347,0.0,0.0,25250.347,25250.347
2022-02-04,25250.347,0.0,0.0,25250.347,25250.347
2022-02-05,25250.347,0.0,0.0,25250.347,25250.347
2022-02-06,25250.347,0.0,0.0,25250.347,25250.347
2022-02-07,25250.347,0.0,0.0,25250.347,25250.347
2022-02-08,25250.347,0.0,0.0,25250.347,25250.347
2022-02-09,25250.347,0.0,0.0,25250.347,25250.347
2022-02-10,25250.347,0.0,0.0,25250.347,25250.347
2022-02-11,25250.347,0.0,0.0,25250.347,25250.347
2022-02-12,25250.347,0.0,0.0,25250.347,25250.347
2022-02-13,25250.347,0.0,0.0,25250.347,25250.347
2022-02-14,25250.347,0.0,0.0,25250.347,25250.347
2022-02-15,25250.347,0.0,0.0,25250.347,25250.347
2022-02-16,25250.347,0.0,0.0,25250.347,25250.347
2022-02-17,25250.347,0.0,0.0,25250.347,25250.347
2022-02-18,25250.347,0.0,0.0,25250.347,25250.347
2022-02-19,25250.347,0.0,0.0,25250.347,25250.347
2022-02-20,25250.347,0.0,0.0,25250.347,25250.347
2022-02-21,25250.347,0.0,0.0,25250.347,25250.347
2022-02-22,25250.347,0.0,0.0,25250.347,25250.347
2022-02-23,25250.347,0.0,0.0,25250.347,25250.347
2022-02-24,25250.347,0.0,0.0,25250.347,25250.347
2022-02-25,25250.347,0.0,0.0,25250.347,25250.347
2022-02-26,25250.347,0.0,0.0,25250.347,25250.347
2022-02-27,25250.347,0.0,0.0,25250.347,25250.347
2022-02-28,25250.347,0.0,0.0,25250.347,25250.347
2022-03-01,25250.347,0.0,0.0,25250.347,25250.347
2022-03-02,25250.347,0.0,0.0,25250.347,25250.347
2022-03-03,25250.347,0.0,0.0,25250.347,25250.347
2022-03-04,25250.347,0.0,0.0,25250.347,25250.347
2022-03-05,25250.347,0.0,0.0,25250.347,25250.347
2022-03-06,25250.347,0.0,0.0,25250.347,25250.347
2022-03-07,25250.347,0.0,0.0,25250.347,25250.347
2022-03-08,25250.347,0.0,0.0,25250.347,25250.347
2022-03-09,25250.347,0.0,0.0,25250.347,25250.347
2022-03-10,25250.347,0.0,0.0,25250.347,25250.347
2022-03-11,25250.347,0.0,0.0,25250.347,25250.347
2022-03-12,25250.347,0.0,0.0,25250.347,25250.347
2022-03-13,25250.347,0.0,0.0,25250.347,25250.347
2022-03-14,25250.347,0.0,0.0,25250.347,25250.347
2022-03-15,25250.347,0.0,0.0,25250.347,25250.347
2022-03-16,25250.347,0.0,0.0,25250.347,25250.347
2022-03-17,25250.347,0.0,0.0,25250.347,25250.347
2022-03-18,25250.347,0.0,0.0,25250.347,25250.347
2022-03-19,25250.347,0.0,0.0,25250.347,25250.347
2022-03-20,25250.347,0.0,0.0,25250.347,25250.347
2022-03-21,25250.347,0.0,0.0,25250.347,25250.347
2022-03-22,25250.347,0.0,0.0,25250.347,25250.347
2022-03-23,25250.347,0.0,0.0,25250.347,25250.347
2022-03-24,25250.347,0.0,0.0,25250.347,25250.347
2022-03-25,25250.347,0.0,0.0,25250.347,25250.347
2022-03-26,25250.347,0.0,0.0,25250.347,25250.347
2022-03-27,25250.347,0.0,0.0,25250.347,25250.347
2022-03-28,25250.347,0.0,0.0,25250.347,25250.347
2022-03-29,25250.347,0.0,0.0,25250.347,25250.347
2022-03-30,25250.347,0.0,0.0,25250.347,25250.347
2022-03-31,25250.347,0.0,0.0,25250.347,25250.347
2022-04-01,25861.292,610.9449999999997,0.024195509075578325,25250.347,25250.347
2022-04-02,25861.292,0.0,0.0,25250.347,25250.347
2022-04-03,25861.292,0.0,0.0,25250.347,25250.347
2022-04-04,25861.292,0.0,0.0,25250.347,25250.347
2022-04-05,25861.292,0.0,0.0,25250.347,25250.347
2022-04-06,25861.292,0.0,0.0,25250.347,25250.347
2022-04-07,25861.292,0.0,0.0,25250.347,25250.347
2022-04-08,25861.292,0.0,0.0,25861.292,25250.347
2022-04-09,25861.292,0.0,0.0,25861.292,25250.347
2022-04-10,25861.292,0.0,0.0,25861.292,25250.347
2022-04-11,25861.292,0.0,0.0,25861.292,25250.347
2022-04-12,25861.292,0.0,0.0,25861.292,25250.347
2022-04-13,25861.292,0.0,0.0,25861.292,25250.347
2022-04-14,25861.292,0.0,0.0,25861.292,25250.347
2022-04-15,25861.292,0.0,0.0,25861.292,25250.347
2022-04-16,25861.292,0.0,0.0,25861.292,25250.347
2022-04-17,25861.292,0.0,0.0,25861.292,25250.347
2022-04-18,25861.292,0.0,0.0,25861.292,25250.347
2022-04-19,25861.292,0.0,0.0,25861.292,25250.347
2022-04-20,25861.292,0.0,0.0,25861.292,25250.347
2022-04-21,25861.292,0.0,0.0,25861.292,25250.347
2022-04-22,25861.292,0.0,0.0,25861.292,25250.347
2022-04-23,25861.292,0.0,0.0,25861.292,25250.347
2022-04-24,25861.292,0.0,0.0,25861.292,25250.347
2022-04-25,25861.292,0.0,0.0,25861.292,25250.347
2022-04-26,25861.292,0.0,0.0,25861.292,25250.347
2022-04-27,25861.292,0.0,0.0,25861.292,25250.347
2022-04-28,25861.292,0.0,0.0,25861.292,25250.347
2022-04-29,25861.292,0.0,0.0,25861.292,25250.347
2022-04-30,25861.292,0.0,0.0,25861.292,25250.347
2022-05-01,25861.292,0.0,0.0,25861.292,25861.292
2022-05-02,25861.292,0.0,0.0,25861.292,25861.292
2022-05-03,25861.292,0.0,0.0,25861.292,25861.292
2022-05-04,25861.292,0.0,0.0,25861.292,25861.292
2022-05-05,25861.292,0.0,0.0,25861.292,25861.292
2022-05-06,25861.292,0.0,0.0,25861.292,25861.292
2022-05-07,25861.292,0.0,0.0,25861.292,25861.292
2022-05-08,25861.292,0.0,0.0,25861.292,25861.292
2022-05-09,25861.292,0.0,0.0,25861.292,25861.292
2022-05-10,25861.292,0.0,0.0,25861.292,25861.292
2022-05-11,25861.292,0.0,0.0,25861.292,25861.292
2022-05-12,25861.292,0.0,0.0,25861.292,25861.292
2022-05-13,25861.292,0.0,0.0,25861.292,25861.292
2022-05-14,25861.292,0.0,0.0,25861.292,25861.292
2022-05-15,25861.292,0.0,0.0,25861.292,25861.292
2022-05-16,25861.292,0.0,0.0,25861.292,25861.292
2022-05-17,25861.292,0.0,0.0,25861.292,25861.292
2022-05-18,25861.292,0.0,0.0,25861.292,25861.292
2022-05-19,25861.292,0.0,0.0,25861.292,25861.292
2022-05-20,25861.292,0.0,0.0,25861.292,25861.292
2022-05-21,25861.292,0.0,0.0,25861.292,25861.292
2022-05-22,25861.292,0.0,0.0,25861.292,25861.292
2022-05-23,25861.292,0.0,0.0,25861.292,25861.292
2022-05-24,25861.292,0.0,0.0,25861.292,25861.292
2022-05-25,25861.292,0.0,0.0,25861.292,25861.292
2022-05-26,25861.292,0.0,0.0,25861.292,25861.292
2022-05-27,25861.292,0.0,0.0,25861.292,25861.292
2022-05-28,25861.292,0.0,0.0,25861.292,25861.292
2022-05-29,25861.292,0.0,0.0,25861.292,25861.292
2022-05-30,25861.292,0.0,0.0,25861.292,25861.292
2022-05-31,25861.292,0.0,0.0,25861.292,25861.292
2022-06-01,25861.292,0.0,0.0,25861.292,25861.292
2022-06-02,25861.292,0.0,0.0,25861.292,25861.292
2022-06-03,25861.292,0.0,0.0,25861.292,25861.292
2022-06-04,25861.292,0.0,0.0,25861.292,25861.292
2022-06-05,25861.292,0.0,0.0,25861.292,25861.292
2022-06-06,25861.292,0.0,0.0,25861.292,25861.292
2022-06-07,25861.292,0.0,0.0,25861.292,25861.292
2022-06-08,25861.292,0.0,0.0,25861.292,25861.292
2022-06-09,25861.292,0.0,0.0,25861.292,25861.292
2022-06-10,25861.292,0.0,0.0,25861.292,25861.292
2022-06-11,25861.292,0.0,0.0,25861.292,25861.292
2022-06-12,25861.292,0.0,0.0,25861.292,25861.292
2022-06-13,25861.292,0.0,0.0,25861.292,25861.292
2022-06-14,25861.292,0.0,0.0,25861.292,25861.292
2022-06-15,25861.292,0.0,0.0,25861.292,25861.292
2022-06-16,25861.292,0.0,0.0,25861.292,25861.292
2022-06-17,25861.292,0.0,0.0,25861.292,25861.292
2022-06-18,25861.292,0.0,0.0,25861.292,25861.292
2022-06-19,25861.292,0.0,0.0,25861.292,25861.292
2022-06-20,25861.292,0.0,0.0,25861.292,25861.292
2022-06-21,25861.292,0.0,0.0,25861.292,25861.292
2022-06-22,25861.292,0.0,0.0,25861.292,25861.292
2022-06-23,25861.292,0.0,0.0,25861.292,25861.292
2022-06-24,25861.292,0.0,0.0,25861.292,25861.292
2022-06-25,25861.292,0.0,0.0,25861.292,25861.292
2022-06-26,25861.292,0.0,0.0,25861.292,25861.292
2022-06-27,25861.292,0.0,0.0,25861.292,25861.292
2022-06-28,25861.292,0.0,0.0,25861.292,25861.292
2022-06-29,25861.292,0.0,0.0,25861.292,25861.292
2022-06-30,25861.292,0.0,0.0,25861.292,25861.292
2022-07-01,26336.304,475.0119999999988,0.018367682480828762,25861.292,25861.292
2022-07-02,26336.304,0.0,0.0,25861.292,25861.292
2022-07-03,26336.304,0.0,0.0,25861.292,25861.292
2022-07-04,26336.304,0.0,0.0,25861.292,25861.292
2022-07-05,26336.304,0.0,0.0,25861.292,25861.292
2022-07-06,26336.304,0.0,0.0,25861.292,25861.292
2022-07-07,26336.304,0.0,0.0,25861.292,25861.292
2022-07-08,26336.304,0.0,0.0,26336.304,25861.292
2022-07-09,26336.304,0.0,0.0,26336.304,25861.292
2022-07-10,26336.304,0.0,0.0,26336.304,25861.292
2022-07-11,26336.304,0.0,0.0,26336.304,25861.292
2022-07-12,26336.304,0.0,0.0,26336.304,25861.292
2022-07-13,26336.304,0.0,0.0,26336.304,25861.292
2022-07-14,26336.304,0.0,0.0,26336.304,25861.292
2022-07-15,26336.304,0.0,0.0,26336.304,25861.292
2022-07-16,26336.304,0.0,0.0,26336.304,25861.292
2022-07-17,26336.304,0.0,0.0,26336.304,25861.292
2022-07-18,26336.304,0.0,0.0,26336.304,25861.292
2022-07-19,26336.304,0.0,0.0,26336.304,25861.292
2022-07-20,26336.304,0.0,0.0,26336.304,25861.292
2022-07-21,26336.304,0.0,0.0,26336.304,25861.292
2022-07-22,26336.304,0.0,0.0,26336.304,25861.292
2022-07-23,26336.304,0.0,0.0,26336.304,25861.292
2022-07-24,26336.304,0.0,0.0,26336.304,25861.292
2022-07-25,26336.304,0.0,0.0,26336.304,25861.292
2022-07-26,26336.304,0.0,0.0,26336.304,25861.292
2022-07-27,26336.304,0.0,0.0,26336.304,25861.292
2022-07-28,26336.304,0.0,0.0,26336.304,25861.292
2022-07-29,26336.304,0.0,0.0,26336.304,25861.292
2022-07-30,26336.304,0.0,0.0,26336.304,25861.292
2022-07-31,26336.304,0.0,0.0,26336.304,26336.304
2022-08-01,26336.304,0.0,0.0,26336.304,26336.304
2022-08-02,26336.304,0.0,0.0,26336.304,26336.304
2022-08-03,26336.304,0.0,0.0,26336.304,26336.304
2022-08-04,26336.304,0.0,0.0,26336.304,26336.304
2022-08-05,26336.304,0.0,0.0,26336.304,26336.304
2022-08-06,26336.304,0.0,0.0,26336.304,26336.304
2022-08-07,26336.304,0.0,0.0,26336.304,26336.304
2022-08-08,26336.304,0.0,0.0,26336.304,26336.304
2022-08-09,26336.304,0.0,0.0,26336.304,26336.304
2022-08-10,26336.304,0.0,0.0,26336.304,26336.304
2022-08-11,26336.304,0.0,0.0,26336.304,26336.304
2022-08-12,26336.304,0.0,0.0,26336.304,26336.304
2022-08-13,26336.304,0.0,0.0,26336.304,26336.304
2022-08-14,26336.304,0.0,0.0,26336.304,26336.304
2022-08-15,26336.304,0.0,0.0,26336.304,26336.304
2022-08-16,26336.304,0.0,0.0,26336.304,26336.304
2022-08-17,26336.304,0.0,0.0,26336.304,26336.304
2022-08-18,26336.304,0.0,0.0,26336.304,26336.304
2022-08-19,26336.304,0.0,0.0,26336.304,26336.304
2022-08-20,26336.304,0.0,0.0,26336.304,26336.304
2022-08-21,26336.304,0.0,0.0,26336.304,26336.304
2022-08-22,26336.304,0.0,0.0,26336.304,26336.304
2022-08-23,26336.304,0.0,0.0,26336.304,26336.304
2022-08-24,26336.304,0.0,0.0,26336.304,26336.304
2022-08-25,26336.304,0.0,0.0,26336.304,26336.304
2022-08-26,26336.304,0.0,0.0,26336.304,26336.304
2022-08-27,26336.304,0.0,0.0,26336.304,26336.304
2022-08-28,26336.304,0.0,0.0,26336.304,26336.304
2022-08-29,26336.304,0.0,0.0,26336.304,26336.304
2022-08-30,26336.304,0.0,0.0,26336.304,26336.304
2022-08-31,26336.304,0.0,0.0,26336.304,26336.304
2022-09-01,26336.304,0.0,0.0,26336.304,26336.304
2022-09-02,26336.304,0.0,0.0,26336.304,26336.304
2022-09-03,26336.304,0.0,0.0,26336.304,26336.304
2022-09-04,26336.304,0.0,0.0,26336.304,26336.304
2022-09-05,26336.304,0.0,0.0,26336.304,26336.304
2022-09-06,26336.304,0.0,0.0,26336.304,26336.304
2022-09-07,26336.304,0.0,0.0,26336.304,26336.304
2022-09-08,26336.304,0.0,0.0,26336.304,26336.304
2022-09-09,26336.304,0.0,0.0,26336.304,26336.304
2022-09-10,26336.304,0.0,0.0,26336.304,26336.304
2022-09-11,26336.304,0.0,0.0,26336.304,26336.304
2022-09-12,26336.304,0.0,0.0,26336.304,26336.304
2022-09-13,26336.304,0.0,0.0,26336.304,26336.304
2022-09-14,26336.304,0.0,0.0,26336.304,26336.304
2022-09-15,26336.304,0.0,0.0,26336.304,26336.304
2022-09-16,26336.304,0.0,0.0,26336.304,26336.304
2022-09-17,26336.304,0.0,0.0,26336.304,26336.304
2022-09-18,26336.304,0.0,0.0,26336.304,26336.304
2022-09-19,26336.304,0.0,0.0,26336.304,26336.304
2022-09-20,26336.304,0.0,0.0,26336.304,26336.304
2022-09-21,26336.304,0.0,0.0,26336.304,26336.304
2022-09-22,26336.304,0.0,0.0,26336.304,26336.304
2022-09-23,26336.304,0.0,0.0,26336.304,26336.304
2022-09-24,26336.304,0.0,0.0,26336.304,26336.304
2022-09-25,26336.304,0.0,0.0,26336.304,26336.304
2022-09-26,26336.304,0.0,0.0,26336.304,26336.304
2022-09-27,26336.304,0.0,0.0,26336.304,26336.304
2022-09-28,26336.304,0.0,0.0,26336.304,26336.304
2022-09-29,26336.304,0.0,0.0,26336.304,26336.304
2022-09-30,26336.304,0.0,0.0,26336.304,26336.304
2022-10-01,26770.514,434.2099999999991,0.01648712742684011,26336.304,26336.304
2022-10-02,26770.514,0.0,0.0,26336.304,26336.304
2022-10-03,26770.514,0.0,0.0,26336.304,26336.304
2022-10-04,26770.514,0.0,0.0,26336.304,26336.304
2022-10-05,26770.514,0.0,0.0,26336.304,26336.304
2022-10-06,26770.514,0.0,0.0,26336.304,26336.304
2022-10-07,26770.514,0.0,0.0,26336.304,26336.304
2022-10-08,26770.514,0.0,0.0,26770.514,26336.304
2022-10-09,26770.514,0.0,0.0,26770.514,26336.304
2022-10-10,26770.514,0.0,0.0,26770.514,26336.304
2022-10-11,26770.514,0.0,0.0,26770.514,26336.304
2022-10-12,26770.514,0.0,0.0,26770.514,26336.304
2022-10-13,26770.514,0.0,0.0,26770.514,26336.304
2022-10-14,26770.514,0.0,0.0,26770.514,26336.304
2022-10-15,26770.514,0.0,0.0,26770.514,26336.304
2022-10-16,26770.514,0.0,0.0,26770.514,26336.304
2022-10-17,26770.514,0.0,0.0,26770.514,26336.304
2022-10-18,26770.514,0.0,0.0,26770.514,26336.304
2022-10-19,26770.514,0.0,0.0,26770.514,26336.304
2022-10-20,26770.514,0.0,0.0,26770.514,26336.304
2022-10-21,26770.514,0.0,0.0,26770.514,26336.304
2022-10-22,26770.514,0.0,0.0,26770.514,26336.304
2022-10-23,26770.514,0.0,0.0,26770.514,26336.304
2022-10-24,26770.514,0.0,0.0,26770.514,26336.304
2022-10-25,26770.514,0.0,0.0,26770.514,26336.304
2022-10-26,26770.514,0.0,0.0,26770.514,26336.304
2022-10-27,26770.514,0.0,0.0,26770.514,26336.304
2022-10-28,26770.514,0.0,0.0,26770.514,26336.304
2022-10-29,26770.514,0.0,0.0,26770.514,26336.304
2022-10-30,26770.514,0.0,0.0,26770.514,26336.304
2022-10-31,26770.514,0.0,0.0,26770.514,26770.514
2022-11-01,26770.514,0.0,0.0,26770.514,26770.514
2022-11-02,26770.514,0.0,0.0,26770.514,26770.514
2022-11-03,26770.514,0.0,0.0,26770.514,26770.514
2022-11-04,26770.514,0.0,0.0,26770.514,26770.514
2022-11-05,26770.514,0.0,0.0,26770.514,26770.514
2022-11-06,26770.514,0.0,0.0,26770.514,26770.514
2022-11-07,26770.514,0.0,0.0,26770.514,26770.514
2022-11-08,26770.514,0.0,0.0,26770.514,26770.514
2022-11-09,26770.514,0.0,0.0,26770.514,26770.514
2022-11-10,26770.514,0.0,0.0,26770.514,26770.514
2022-11-11,26770.514,0.0,0.0,26770.514,26770.514
2022-11-12,26770.514,0.0,0.0,26770.514,26770.514
2022-11-13,26770.514,0.0,0.0,26770.514,26770.514
2022-11-14,26770.514,0.0,0.0,26770.514,26770.514
2022-11-15,26770.514,0.0,0.0,26770.514,26770.514
2022-11-16,26770.514,0.0,0.0,26770.514,26770.514
2022-11-17,26770.514,0.0,0.0,26770.514,26770.514
2022-11-18,26770.514,0.0,0.0,26770.514,26770.514
2022-11-19,26770.514,0.0,0.0,26770.514,26770.514
2022-11-20,26770.514,0.0,0.0,26770.514,26770.514
2022-11-21,26770.514,0.0,0.0,26770.514,26770.514
2022-11-22,26770.514,0.0,0.0,26770.514,26770.514
2022-11-23,26770.514,0.0,0.0,26770.514,26770.514
2022-11-24,26770.514,0.0,0.0,26770.514,26770.514
2022-11-25,26770.514,0.0,0.0,26770.514,26770.514
2022-11-26,26770.514,0.0,0.0,26770.514,26770.514
2022-11-27,26770.514,0.0,0.0,26770.514,26770.514
2022-11-28,26770.514,0.0,0.0,26770.514,26770.514
2022-11-29,26770.514,0.0,0.0,26770.514,26770.514
2022-11-30,26770.514,0.0,0.0,26770.514,26770.514
2022-12-01,26770.514,0.0,0.0,26770.514,26770.514
2022-12-02,26770.514,0.0,0.0,26770.514,26770.514
2022-12-03,26770.514,0.0,0.0,26770.514,26770.514
2022-12-04,26770.514,0.0,0.0,26770.514,26770.514
2022-12-05,26770.514,0.0,0.0,26770.514,26770.514
2022-12-06,26770.514,0.0,0.0,26770.514,26770.514
2022-12-07,26770.514,0.0,0.0,26770.514,26770.514
2022-12-08,26770.514,0.0,0.0,26770.514,26770.514
2022-12-09,26770.514,0.0,0.0,26770.514,26770.514
2022-12-10,26770.514,0.0,0.0,26770.514,26770.514
2022-12-11,26770.514,0.0,0.0,26770.514,26770.514
2022-12-12,26770.514,0.0,0.0,26770.514,26770.514
2022-12-13,26770.514,0.0,0.0,26770.514,26770.514
2022-12-14,26770.514,0.0,0.0,26770.514,26770.514
2022-12-15,26770.514,0.0,0.0,26770.514,26770.514
2022-12-16,26770.514,0.0,0.0,26770.514,26770.514
2022-12-17,26770.514,0.0,0.0,26770.514,26770.514
2022-12-18,26770.514,0.0,0.0,26770.514,26770.514
2022-12-19,26770.514,0.0,0.0,26770.514,26770.514
2022-12-20,26770.514,0.0,0.0,26770.514,26770.514
2022-12-21,26770.514,0.0,0.0,26770.514,26770.514
2022-12-22,26770.514,0.0,0.0,26770.514,26770.514
2022-12-23,26770.514,0.0,0.0,26770.514,26770.514
2022-12-24,26770.514,0.0,0.0,26770.514,26770.514
2022-12-25,26770.514,0.0,0.0,26770.514,26770.514
2022-12-26,26770.514,0.0,0.0,26770.514,26770.514
2022-12-27,26770.514,0.0,0.0,26770.514,26770.514
2022-12-28,26770.514,0.0,0.0,26770.514,26770.514
2022-12-29,26770.514,0.0,0.0,26770.514,26770.514
2022-12-30,26770.514,0.0,0.0,26770.514,26770.514
2022-12-31,26770.514,0.0,0.0,26770.514,26770.514
2023-01-01,27216.445,445.9310000000005,0.0166575434450007,26770.514,26770.514
2023-01-02,27216.445,0.0,0.0,26770.514,26770.514
2023-01-03,27216.445,0.0,0.0,26770.514,26770.514
2023-01-04,27216.445,0.0,0.0,26770.514,26770.514
2023-01-05,27216.445,0.0,0.0,26770.514,26770.514
2023-01-06,27216.445,0.0,0.0,26770.514,26770.514
2023-01-07,27216.445,0.0,0.0,26770.514,26770.514
2023-01-08,27216.445,0.0,0.0,27216.445,26770.514
2023-01-09,27216.445,0.0,0.0,27216.445,26770.514
2023-01-10,27216.445,0.0,0.0,27216.445,26770.514
2023-01-11,27216.445,0.0,0.0,27216.445,26770.514
2023-01-12,27216.445,0.0,0.0,27216.445,26770.514
2023-01-13,27216.445,0.0,0.0,27216.445,26770.514
2023-01-14,27216.445,0.0,0.0,27216.445,26770.514
2023-01-15,27216.445,0.0,0.0,27216.445,26770.514
2023-01-16,27216.445,0.0,0.0,27216.445,26770.514
2023-01-17,27216.445,0.0,0.0,27216.445,26770.514
2023-01-18,27216.445,0.0,0.0,27216.445,26770.514
2023-01-19,27216.445,0.0,0.0,27216.445,26770.514
2023-01-20,27216.445,0.0,0.0,27216.445,26770.514
2023-01-21,27216.445,0.0,0.0,27216.445,26770.514
2023-01-22,27216.445,0.0,0.0,27216.445,26770.514
2023-01-23,27216.445,0.0,0.0,27216.445,26770.514
2023-01-24,27216.445,0.0,0.0,27216.445,26770.514
2023-01-25,27216.445,0.0,0.0,27216.445,26770.514
2023-01-26,27216.445,0.0,0.0,27216.445,26770.514
2023-01-27,27216.445,0.0,0.0,27216.445,26770.514
2023-01-28,27216.445,0.0,0.0,27216.445,26770.514
2023-01-29,27216.445,0.0,0.0,27216.445,26770.514
2023-01-30,27216.445,0.0,0.0,27216.445,26770.514
2023-01-31,27216.445,0.0,0.0,27216.445,27216.445
2023-02-01,27216.445,0.0,0.0,27216.445,27216.445
2023-02-02,27216.445,0.0,0.0,27216.445,27216.445
2023-02-03,27216.445,0.0,0.0,27216.445,27216.445
2023-02-04,27216.445,0.0,0.0,27216.445,27216.445
2023-02-05,27216.445,0.0,0.0,27216.445,27216.445
2023-02-06,27216.445,0.0,0.0,27216.445,27216.445
2023-02-07,27216.445,0.0,0.0,27216.445,27216.445
2023-02-08,27216.445,0.0,0.0,27216.445,27216.445
2023-02-09,27216.445,0.0,0.0,27216.445,27216.445
2023-02-10,27216.445,0.0,0.0,27216.445,27216.445
2023-02-11,27216.445,0.0,0.0,27216.445,27216.445
2023-02-12,27216.445,0.0,0.0,27216.445,27216.445
2023-02-13,27216.445,0.0,0.0,27216.445,27216.445
2023-02-14,27216.445,0.0,0.0,27216.445,27216.445
2023-02-15,27216.445,0.0,0.0,27216.445,27216.445
2023-02-16,27216.445,0.0,0.0,27216.445,27216.445
2023-02-17,27216.445,0.0,0.0,27216.445,27216.445
2023-02-18,27216.445,0.0,0.0,27216.445,27216.445
2023-02-19,27216.445,0.0,0.0,27216.445,27216.445
2023-02-20,27216.445,0.0,0.0,27216.445,27216.445
2023-02-21,27216.445,0.0,0.0,27216.445,27216.445
2023-02-22,27216.445,0.0,0.0,27216.445,27216.445
2023-02-23,27216.445,0.0,0.0,27216.445,27216.445
2023-02-24,27216.445,0.0,0.0,27216.445,27216.445
2023-02-25,27216.445,0.0,0.0,27216.445,27216.445
2023-02-26,27216.445,0.0,0.0,27216.445,27216.445
2023-02-27,27216.445,0.0,0.0,27216.445,27216.445
2023-02-28,27216.445,0.0,0.0,27216.445,27216.445
2023-03-01,27216.445,0.0,0.0,27216.445,27216.445
2023-03-02,27216.445,0.0,0.0,27216.445,27216.445
2023-03-03,27216.445,0.0,0.0,27216.445,27216.445
2023-03-04,27216.445,0.0,0.0,27216.445,27216.445
2023-03-05,27216.445,0.0,0.0,27216.445,27216.445
2023-03-06,27216.445,0.0,0.0,27216.445,27216.445
2023-03-07,27216.445,0.0,0.0,27216.445,27216.445
2023-03-08,27216.445,0.0,0.0,27216.445,27216.445
2023-03-09,27216.445,0.0,0.0,27216.445,27216.445
2023-03-10,27216.445,0.0,0.0,27216.445,27216.445
2023-03-11,27216.445,0.0,0.0,27216.445,27216.445
2023-03-12,27216.445,0.0,0.0,27216.445,27216.445
2023-03-13,27216.445,0.0,0.0,27216.445,27216.445
2023-03-14,27216.445,0.0,0.0,27216.445,27216.445
2023-03-15,27216.445,0.0,0.0,27216.445,27216.445
2023-03-16,27216.445,0.0,0.0,27216.445,27216.445
2023-03-17,27216.445,0.0,0.0,27216.445,27216.445
2023-03-18,27216.445,0.0,0.0,27216.445,27216.445
2023-03-19,27216.445,0.0,0.0,27216.445,27216.445
2023-03-20,27216.445,0.0,0.0,27216.445,27216.445
2023-03-21,27216.445,0.0,0.0,27216.445,27216.445
2023-03-22,27216.445,0.0,0.0,27216.445,27216.445
2023-03-23,27216.445,0.0,0.0,27216.445,27216.445
2023-03-24,27216.445,0.0,0.0,27216.445,27216.445
2023-03-25,27216.445,0.0,0.0,27216.445,27216.445
2023-03-26,27216.445,0.0,0.0,27216.445,27216.445
2023-03-27,27216.445,0.0,0.0,27216.445,27216.445
2023-03-28,27216.445,0.0,0.0,27216.445,27216.445
2023-03-29,27216.445,0.0,0.0,27216.445,27216.445
2023-03-30,27216.445,0.0,0.0,27216.445,27216.445
2023-03-31,27216.445,0.0,0.0,27216.445,27216.445
2023-04-01,27530.055,313.6100000000006,0.011522812770000002,27216.445,27216.445
2023-04-02,27530.055,0.0,0.0,27216.445,27216.445
2023-04-03,27530.055,0.0,0.0,27216.445,27216.445
2023-04-04,27530.055,0.0,0.0,27216.445,27216.445
2023-04-05,27530.055,0.0,0.0,27216.445,27216.445
2023-04-06,27530.055,0.0,0.0,27216.445,27216.445
2023-04-07,27530.055,0.0,0.0,27216.445,27216.445
2023-04-08,27530.055,0.0,0.0,27530.055,27216.445
2023-04-09,27530.055,0.0,0.0,27530.055,27216.445
2023-04-10,27530.055,0.0,0.0,27530.055,27216.445
2023-04-11,27530.055,0.0,0.0,27530.055,27216.445
2023-04-12,27530.055,0.0,0.0,27530.055,27216.445
2023-04-13,27530.055,0.0,0.0,27530.055,27216.445
2023-04-14,27530.055,0.0,0.0,27530.055,27216.445
2023-04-15,27530.055,0.0,0.0,27530.055,27216.445
2023-04-16,27530.055,0.0,0.0,27530.055,27216.445
2023-04-17,27530.055,0.0,0.0,27530.055,27216.445
2023-04-18,27530.055,0.0,0.0,27530.055,27216.445
2023-04-19,27530.055,0.0,0.0,27530.055,27216.445
2023-04-20,27530.055,0.0,0.0,27530.055,27216.445
2023-04-21,27530.055,0.0,0.0,27530.055,27216.445
2023-04-22,27530.055,0.0,0.0,27530.055,27216.445
2023-04-23,27530.055,0.0,0.0,27530.055,27216.445
2023-04-24,27530.055,0.0,0.0,27530.055,27216.445
2023-04-25,27530.055,0.0,0.0,27530.055,27216.445
2023-04-26,27530.055,0.0,0.0,27530.055,27216.445
2023-04-27,27530.055,0.0,0.0,27530.055,27216.445
2023-04-28,27530.055,0.0,0.0,27530.055,27216.445
2023-04-29,27530.055,0.0,0.0,27530.055,27216.445
2023-04-30,27530.055,0.0,0.0,27530.055,27216.445
2023-05-01,27530.055,0.0,0.0,27530.055,27530.055
2023-05-02,27530.055,0.0,0.0,27530.055,27530.055
2023-05-03,27530.055,0.0,0.0,27530.055,27530.055
2023-05-04,27530.055,0.0,0.0,27530.055,27530.055
2023-05-05,27530.055,0.0,0.0,27530.055,27530.055
2023-05-06,27530.055,0.0,0.0,27530.055,27530.055
2023-05-07,27530.055,0.0,0.0,27530.055,27530.055
2023-05-08,27530.055,0.0,0.0,27530.055,27530.055
2023-05-09,27530.055,0.0,0.0,27530.055,27530.055
2023-05-10,27530.055,0.0,0.0,27530.055,27530.055
2023-05-11,27530.055,0.0,0.0,27530.055,27530.055
2023-05-12,27530.055,0.0,0.0,27530.055,27530.055
2023-05-13,27530.055,0.0,0.0,27530.055,27530.055
2023-05-14,27530.055,0.0,0.0,27530.055,27530.055
2023-05-15,27530.055,0.0,0.0,27530.055,27530.055
2023-05-16,27530.055,0.0,0.0,27530.055,27530.055
2023-05-17,27530.055,0.0,0.0,27530.055,27530.055
2023-05-18,27530.055,0.0,0.0,27530.055,27530.055
2023-05-19,27530.055,0.0,0.0,27530.055,27530.055
2023-05-20,27530.055,0.0,0.0,27530.055,27530.055
2023-05-21,27530.055,0.0,0.0,27530.055,27530.055
2023-05-22,27530.055,0.0,0.0,27530.055,27530.055
2023-05-23,27530.055,0.0,0.0,27530.055,27530.055
2023-05-24,27530.055,0.0,0.0,27530.055,27530.055
2023-05-25,27530.055,0.0,0.0,27530.055,27530.055
2023-05-26,27530.055,0.0,0.0,27530.055,27530.055
2023-05-27,27530.055,0.0,0.0,27530.055,27530.055
2023-05-28,27530.055,0.0,0.0,27530.055,27530.055
2023-05-29,27530.055,0.0,0.0,27530.055,27530.055
2023-05-30,27530.055,0.0,0.0,27530.055,27530.055
2023-05-31,27530.055,0.0,0.0,27530.055,27530.055
2023-06-01,27530.055,0.0,0.0,27530.055,27530.055
2023-06-02,27530.055,0.0,0.0,27530.055,27530.055
2023-06-03,27530.055,0.0,0.0,27530.055,27530.055
2023-06-04,27530.055,0.0,0.0,27530.055,27530.055
2023-06-05,27530.055,0.0,0.0,27530.055,27530.055
2023-06-06,27530.055,0.0,0.0,27530.055,27530.055
2023-06-07,27530.055,0.0,0.0,27530.055,27530.055
2023-06-08,27530.055,0.0,0.0,27530.055,27530.055
2023-06-09,27530.055,0.0,0.0,27530.055,27530.055
2023-06-10,27530.055,0.0,0.0,27530.055,27530.055
2023-06-11,27530.055,0.0,0.0,27530.055,27530.055
2023-06-12,27530.055,0.0,0.0,27530.055,27530.055
2023-06-13,27530.055,0.0,0.0,27530.055,27530.055
2023-06-14,27530.055,0.0,0.0,27530.055,27530.055
2023-06-15,27530.055,0.0,0.0,27530.055,27530.055
2023-06-16,27530.055,0.0,0.0,27530.055,27530.055
2023-06-17,27530.055,0.0,0.0,27530.055,27530.055
2023-06-18,27530.055,0.0,0.0,27530.055,27530.055
2023-06-19,27530.055,0.0,0.0,27530.055,27530.055
2023-06-20,27530.055,0.0,0.0,27530.055,27530.055
2023-06-21,27530.055,0.0,0.0,27530.055,27530.055
2023-06-22,27530.055,0.0,0.0,27530.055,27530.055
2023-06-23,27530.055,0.0,0.0,27530.055,27530.055
2023-06-24,27530.055,0.0,0.0,27530.055,27530.055
2023-06-25,27530.055,0.0,0.0,27530.055,27530.055
2023-06-26,27530.055,0.0,0.0,27530.055,27530.055
2023-06-27,27530.055,0.0,0.0,27530.055,27530.055
2023-06-28,27530.055,0.0,0.0,27530.055,27530.055
2023-06-29,27530.055,0.0,0.0,27530.055,27530.055
2023-06-30,27530.055,0.0,0.0,27530.055,27530.055
2023-07-01,28074.846,544.7910000000011,0.019788954290138605,27530.055,27530.055
2023-07-02,28074.846,0.0,0.0,27530.055,27530.055
2023-07-03,28074.846,0.0,0.0,27530.055,27530.055
2023-07-04,28074.846,0.0,0.0,27530.055,27530.055
2023-07-05,28074.846,0.0,0.0,27530.055,27530.055
2023-07-06,28074.846,0.0,0.0,27530.055,27530.055
2023-07-07,28074.846,0.0,0.0,27530.055,27530.055
2023-07-08,28074.846,0.0,0.0,28074.846,27530.055
2023-07-09,28074.846,0.0,0.0,28074.846,27530.055
2023-07-10,28074.846,0.0,0.0,28074.846,27530.055
2023-07-11,28074.846,0.0,0.0,28074.846,27530.055
2023-07-12,28074.846,0.0,0.0,28074.846,27530.055
2023-07-13,28074.846,0.0,0.0,28074.846,27530.055
2023-07-14,28074.846,0.0,0.0,28074.846,27530.055
2023-07-15,28074.846,0.0,0.0,28074.846,27530.055
2023-07-16,28074.846,0.0,0.0,28074.846,27530.055
2023-07-17,28074.846,0.0,0.0,28074.846,27530.055
2023-07-18,28074.846,0.0,0.0,28074.846,27530.055
2023-07-19,28074.846,0.0,0.0,28074.846,27530.055
2023-07-20,28074.846,0.0,0.0,28074.846,27530.055
2023-07-21,28074.846,0.0,0.0,28074.846,27530.055
2023-07-22,28074.846,0.0,0.0,28074.846,27530.055
2023-07-23,28074.846,0.0,0.0,28074.846,27530.055
2023-07-24,28074.846,0.0,0.0,28074.846,27530.055
2023-07-25,28074.846,0.0,0.0,28074.846,27530.055
2023-07-26,28074.846,0.0,0.0,28074.846,27530.055
2023-07-27,28074.846,0.0,0.0,28074.846,27530.055
2023-07-28,28074.846,0.0,0.0,28074.846,27530.055
2023-07-29,28074.846,0.0,0.0,28074.846,27530.055
2023-07-30,28074.846,0.0,0.0,28074.846,27530.055
2023-07-31,28074.846,0.0,0.0,28074.846,28074.846
2023-08-01,28074.846,0.0,0.0,28074.846,28074.846
2023-08-02,28074.846,0.0,0.0,28074.846,28074.846
2023-08-03,28074.846,0.0,0.0,28074.846,28074.846
2023-08-04,28074.846,0.0,0.0,28074.846,28074.846
2023-08-05,28074.846,0.0,0.0,28074.846,28074.846
2023-08-06,28074.846,0.0,0.0,28074.846,28074.846
2023-08-07,28074.846,0.0,0.0,28074.846,28074.846
2023-08-08,28074.846,0.0,0.0,28074.846,28074.846
2023-08-09,28074.846,0.0,0.0,28074.846,28074.846
2023-08-10,28074.846,0.0,0.0,28074.846,28074.846
2023-08-11,28074.846,0.0,0.0,28074.846,28074.846
2023-08-12,28074.846,0.0,0.0,28074.846,28074.846
2023-08-13,28074.846,0.0,0.0,28074.846,28074.846
2023-08-14,28074.846,0.0,0.0,28074.846,28074.846
2023-08-15,28074.846,0.0,0.0,28074.846,28074.846
2023-08-16,28074.846,0.0,0.0,28074.846,28074.846
2023-08-17,28074.846,0.0,0.0,28074.846,28074.846
2023-08-18,28074.846,0.0,0.0,28074.846,28074.846
2023-08-19,28074.846,0.0,0.0,28074.846,28074.846
2023-08-20,28074.846,0.0,0.0,28074.846,28074.846
2023-08-21,28074.846,0.0,0.0,28074.846,28074.846
2023-08-22,28074.846,0.0,0.0,28074.846,28074.846
2023-08-23,28074.846,0.0,0.0,28074.846,28074.846
2023-08-24,28074.846,0.0,0.0,28074.846,28074.846
2023-08-25,28074.846,0.0,0.0,28074.846,28074.846
2023-08-26,28074.846,0.0,0.0,28074.846,28074.846
2023-08-27,28074.846,0.0,0.0,28074.846,28074.846
2023-08-28,28074.846,0.0,0.0,28074.846,28074.846
2023-08-29,28074.846,0.0,0.0,28074.846,28074.846
2023-08-30,28074.846,0.0,0.0,28074.846,28074.846
2023-08-31,28074.846,0.0,0.0,28074.846,28074.846
2023-09-01,28074.846,0.0,0.0,28074.846,28074.846
2023-09-02,28074.846,0.0,0.0,28074.846,28074.846
2023-09-03,28074.846,0.0,0.0,28074.846,28074.846
2023-09-04,28074.846,0.0,0.0,28074.846,28074.846
2023-09-05,28074.846,0.0,0.0,28074.846,28074.846
2023-09-06,28074.846,0.0,0.0,28074.846,28074.846
2023-09-07,28074.846,0.0,0.0,28074.846,28074.846
2023-09-08,28074.846,0.0,0.0,28074.846,28074.846
2023-09-09,28074.846,0.0,0.0,28074.846,28074.846
2023-09-10,28074.846,0.0,0.0,28074.846,28074.846
2023-09-11,28074.846,0.0,0.0,28074.846,28074.846
2023-09-12,28074.846,0.0,0.0,28074.846,28074.846
2023-09-13,28074.846,0.0,0.0,28074.846,28074.846
2023-09-14,28074.846,0.0,0.0,28074.846,28074.846
2023-09-15,28074.846,0.0,0.0,28074.846,28074.846
2023-09-16,28074.846,0.0,0.0,28074.846,28074.846
2023-09-17,28074.846,0.0,0.0,28074.846,28074.846
2023-09-18,28074.846,0.0,0.0,28074.846,28074.846
2023-09-19,28074.846,0.0,0.0,28074.846,28074.846
2023-09-20,28074.846,0.0,0.0,28074.846,28074.846
2023-09-21,28074.846,0.0,0.0,28074.846,28074.846
2023-09-22,28074.846,0.0,0.0,28074.846,28074.846
2023-09-23,28074.846,0.0,0.0,28074.846,28074.846
2023-09-24,28074.846,0.0,0.0,28074.846,28074.846
2023-09-25,28074.846,0.0,0.0,28074.846,28074.846
2023-09-26,28074.846,0.0,0.0,28074.846,28074.846
2023-09-27,28074.846,0.0,0.0,28074.846,28074.846
2023-09-28,28074.846,0.0,0.0,28074.846,28074.846
2023-09-29,28074.846,0.0,0.0,28074.846,28074.846
2023-09-30,28074.846,0.0,0.0,28074.846,28074.846
2023-10-01,28424.722,349.8760000000002,0.01246225892031605,28074.846,28074.846
2023-10-02,28424.722,0.0,0.0,28074.846,28074.846
2023-10-03,28424.722,0.0,0.0,28074.846,28074.846
2023-10-04,28424.722,0.0,0.0,28074.846,28074.846
2023-10-05,28424.722,0.0,0.0,28074.846,28074.846
2023-10-06,28424.722,0.0,0.0,28074.846,28074.846
2023-10-07,28424.722,0.0,0.0,28074.846,28074.846
2023-10-08,28424.722,0.0,0.0,28424.722,28074.846
2023-10-09,28424.722,0.0,0.0,28424.722,28074.846
2023-10-10,28424.722,0.0,0.0,28424.722,28074.846
2023-10-11,28424.722,0.0,0.0,28424.722,28074.846
2023-10-12,28424.722,0.0,0.0,28424.722,28074.846
2023-10-13,28424.722,0.0,0.0,28424.722,28074.846
2023-10-14,28424.722,0.0,0.0,28424.722,28074.846
2023-10-15,28424.722,0.0,0.0,28424.722,28074.846
2023-10-16,28424.722,0.0,0.0,28424.722,28074.846
2023-10-17,28424.722,0.0,0.0,28424.722,28074.846
2023-10-18,28424.722,0.0,0.0,28424.722,28074.846
2023-10-19,28424.722,0.0,0.0,28424.722,28074.846
2023-10-20,28424.722,0.0,0.0,28424.722,28074.846
2023-10-21,28424.722,0.0,0.0,28424.722,28074.846
2023-10-22,28424.722,0.0,0.0,28424.722,28074.846
2023-10-23,28424.722,0.0,0.0,28424.722,28074.846
2023-10-24,28424.722,0.0,0.0,28424.722,28074.846
2023-10-25,28424.722,0.0,0.0,28424.722,28074.846
2023-10-26,28424.722,0.0,0.0,28424.722,28074.846
2023-10-27,28424.722,0.0,0.0,28424.722,28074.846
2023-10-28,28424.722,0.0,0.0,28424.722,28074.846
2023-10-29,28424.722,0.0,0.0,28424.722,28074.846
2023-10-30,28424.722,0.0,0.0,28424.722,28074.846
2023-10-31,28424.722,0.0,0.0,28424.722,28424.722
2023-11-01,28424.722,0.0,0.0,28424.722,28424.722
2023-11-02,28424.722,0.0,0.0,28424.722,28424.722
2023-11-03,28424.722,0.0,0.0,28424.722,28424.722
2023-11-04,28424.722,0.0,0.0,28424.722,28424.722
2023-11-05,28424.722,0.0,0.0,28424.722,28424.722
2023-11-06,28424.722,0.0,0.0,28424.722,28424.722
2023-11-07,28424.722,0.0,0.0,28424.722,28424.722
2023-11-08,28424.722,0.0,0.0,28424.722,28424.722
2023-11-09,28424.722,0.0,0.0,28424.722,28424.722
2023-11-10,28424.722,0.0,0.0,28424.722,28424.722
2023-11-11,28424.722,0.0,0.0,28424.722,28424.722
2023-11-12,28424.722,0.0,0.0,28424.722,28424.722
2023-11-13,28424.722,0.0,0.0,28424.722,28424.722
2023-11-14,28424.722,0.0,0.0,28424.722,28424.722
2023-11-15,28424.722,0.0,0.0,28424.722,28424.722
2023-11-16,28424.722,0.0,0.0,28424.722,28424.722
2023-11-17,28424.722,0.0,0.0,28424.722,28424.722
2023-11-18,28424.722,0.0,0.0,28424.722,28424.722
2023-11-19,28424.722,0.0,0.0,28424.722,28424.722
2023-11-20,28424.722,0.0,0.0,28424.722,28424.722
2023-11-21,28424.722,0.0,0.0,28424.722,28424.722
2023-11-22,28424.722,0.0,0.0,28424.722,28424.722
2023-11-23,28424.722,0.0,0.0,28424.722,28424.722
2023-11-24,28424.722,0.0,0.0,28424.722,28424.722
2023-11-25,28424.722,0.0,0.0,28424.722,28424.722
2023-11-26,28424.722,0.0,0.0,28424.722,28424.722
2023-11-27,28424.722,0.0,0.0,28424.722,28424.722
2023-11-28,28424.722,0.0,0.0,28424.722,28424.722
2023-11-29,28424.722,0.0,0.0,28424.722,28424.722
2023-11-30,28424.722,0.0,0.0,28424.722,28424.722
2023-12-01,28424.722,0.0,0.0,28424.722,28424.722
2023-12-02,28424.722,0.0,0.0,28424.722,28424.722
2023-12-03,28424.722,0.0,0.0,28424.722,28424.722
2023-12-04,28424.722,0.0,0.0,28424.722,28424.722
2023-12-05,28424.722,0.0,0.0,28424.722,28424.722
2023-12-06,28424.722,0.0,0.0,28424.722,28424.722
2023-12-07,28424.722,0.0,0.0,28424.722,28424.722
2023-12-08,28424.722,0.0,0.0,28424.722,28424.722
2023-12-09,28424.722,0.0,0.0,28424.722,28424.722
2023-12-10,28424.722,0.0,0.0,28424.722,28424.722
2023-12-11,28424.722,0.0,0.0,28424.722,28424.722
2023-12-12,28424.722,0.0,0.0,28424.722,28424.722
2023-12-13,28424.722,0.0,0.0,28424.722,28424.722
2023-12-14,28424.722,0.0,0.0,28424.722,28424.722
2023-12-15,28424.722,0.0,0.0,28424.722,28424.722
2023-12-16,28424.722,0.0,0.0,28424.722,28424.722
2023-12-17,28424.722,0.0,0.0,28424.722,28424.722
2023-12-18,28424.722,0.0,0.0,28424.722,28424.722
2023-12-19,28424.722,0.0,0.0,28424.722,28424.722
2023-12-20,28424.722,0.0,0.0,28424.722,28424.722
2023-12-21,28424.722,0.0,0.0,28424.722,28424.722
2023-12-22,28424.722,0.0,0.0,28424.722,28424.722
2023-12-23,28424.722,0.0,0.0,28424.722,28424.722
2023-12-24,28424.722,0.0,0.0,28424.722,28424.722
2023-12-25,28424.722,0.0,0.0,28424.722,28424.722
2023-12-26,28424.722,0.0,0.0,28424.722,28424.722
2023-12-27,28424.722,0.0,0.0,28424.722,28424.722
2023-12-28,28424.722,0.0,0.0,28424.722,28424.722
2023-12-29,28424.722,0.0,0.0,28424.722,28424.722
2023-12-30,28424.722,0.0,0.0,28424.722,28424.722
2023-12-31,28424.722,0.0,0.0,28424.722,28424.722
2024-01-01,28708.161,283.4389999999985,0.009971566300630785,28424.722,28424.722
2024-01-02,28708.161,0.0,0.0,28424.722,28424.722
2024-01-03,28708.161,0.0,0.0,28424.722,28424.722
2024-01-04,28708.161,0.0,0.0,28424.722,28424.722
2024-01-05,28708.161,0.0,0.0,28424.722,28424.722
2024-01-06,28708.161,0.0,0.0,28424.722,28424.722
2024-01-07,28708.161,0.0,0.0,28424.722,28424.722
2024-01-08,28708.161,0.0,0.0,28708.161,28424.722
2024-01-09,28708.161,0.0,0.0,28708.161,28424.722
2024-01-10,28708.161,0.0,0.0,28708.161,28424.722
2024-01-11,28708.161,0.0,0.0,28708.161,28424.722
2024-01-12,28708.161,0.0,0.0,28708.161,28424.722
2024-01-13,28708.161,0.0,0.0,28708.161,28424.722
2024-01-14,28708.161,0.0,0.0,28708.161,28424.722
2024-01-15,28708.161,0.0,0.0,28708.161,28424.722
2024-01-16,28708.161,0.0,0.0,28708.161,28424.722
2024-01-17,28708.161,0.0,0.0,28708.161,28424.722
2024-01-18,28708.161,0.0,0.0,28708.161,28424.722
2024-01-19,28708.161,0.0,0.0,28708.161,28424.722
2024-01-20,28708.161,0.0,0.0,28708.161,28424.722
2024-01-21,28708.161,0.0,0.0,28708.161,28424.722
2024-01-22,28708.161,0.0,0.0,28708.161,28424.722
2024-01-23,28708.161,0.0,0.0,28708.161,28424.722
2024-01-24,28708.161,0.0,0.0,28708.161,28424.722
2024-01-25,28708.161,0.0,0.0,28708.161,28424.722
2024-01-26,28708.161,0.0,0.0,28708.161,28424.722
2024-01-27,28708.161,0.0,0.0,28708.161,28424.722
2024-01-28,28708.161,0.0,0.0,28708.161,28424.722
2024-01-29,28708.161,0.0,0.0,28708.161,28424.722
2024-01-30,28708.161,0.0,0.0,28708.161,28424.722
2024-01-31,28708.161,0.0,0.0,28708.161,28708.161
2024-02-01,28708.161,0.0,0.0,28708.161,28708.161
2024-02-02,28708.161,0.0,0.0,28708.161,28708.161
2024-02-03,28708.161,0.0,0.0,28708.161,28708.161
2024-02-04,28708.161,0.0,0.0,28708.161,28708.161
2024-02-05,28708.161,0.0,0.0,28708.161,28708.161
2024-02-06,28708.161,0.0,0.0,28708.161,28708.161
2024-02-07,28708.161,0.0,0.0,28708.161,28708.161
2024-02-08,28708.161,0.0,0.0,28708.161,28708.161
2024-02-09,28708.161,0.0,0.0,28708.161,28708.161
2024-02-10,28708.161,0.0,0.0,28708.161,28708.161
2024-02-11,28708.161,0.0,0.0,28708.161,28708.161
2024-02-12,28708.161,0.0,0.0,28708.161,28708.161
2024-02-13,28708.161,0.0,0.0,28708.161,28708.161
2024-02-14,28708.161,0.0,0.0,28708.161,28708.161
2024-02-15,28708.161,0.0,0.0,28708.161,28708.161
2024-02-16,28708.161,0.0,0.0,28708.161,28708.161
2024-02-17,28708.161,0.0,0.0,28708.161,28708.161
2024-02-18,28708.161,0.0,0.0,28708.161,28708.161
2024-02-19,28708.161,0.0,0.0,28708.161,28708.161
2024-02-20,28708.161,0.0,0.0,28708.161,28708.161
2024-02-21,28708.161,0.0,0.0,28708.161,28708.161
2024-02-22,28708.161,0.0,0.0,28708.161,28708.161
2024-02-23,28708.161,0.0,0.0,28708.161,28708.161
2024-02-24,28708.161,0.0,0.0,28708.161,28708.161
2024-02-25,28708.161,0.0,0.0,28708.161,28708.161
2024-02-26,28708.161,0.0,0.0,28708.161,28708.161
2024-02-27,28708.161,0.0,0.0,28708.161,28708.161
2024-02-28,28708.161,0.0,0.0,28708.161,28708.161
2024-02-29,28708.161,0.0,0.0,28708.161,28708.161
2024-03-01,28708.161,0.0,0.0,28708.161,28708.161
2024-03-02,28708.161,0.0,0.0,28708.161,28708.161
2024-03-03,28708.161,0.0,0.0,28708.161,28708.161
2024-03-04,28708.161,0.0,0.0,28708.161,28708.161
2024-03-05,28708.161,0.0,0.0,28708.161,28708.161
2024-03-06,28708.161,0.0,0.0,28708.161,28708.161
2024-03-07,28708.161,0.0,0.0,28708.161,28708.161
2024-03-08,28708.161,0.0,0.0,28708.161,28708.161
2024-03-09,28708.161,0.0,0.0,28708.161,28708.161
2024-03-10,28708.161,0.0,0.0,28708.161,28708.161
2024-03-11,28708.161,0.0,0.0,28708.161,28708.161
2024-03-12,28708.161,0.0,0.0,28708.161,28708.161
2024-03-13,28708.161,0.0,0.0,28708.161,28708.161
2024-03-14,28708.161,0.0,0.0,28708.161,28708.161
2024-03-15,28708.161,0.0,0.0,28708.161,28708.161
2024-03-16,28708.161,0.0,0.0,28708.161,28708.161
2024-03-17,28708.161,0.0,0.0,28708.161,28708.161
2024-03-18,28708.161,0.0,0.0,28708.161,28708.161
2024-03-19,28708.161,0.0,0.0,28708.161,28708.161
2024-03-20,28708.161,0.0,0.0,28708.161,28708.161
2024-03-21,28708.161,0.0,0.0,28708.161,28708.161
2024-03-22,28708.161,0.0,0.0,28708.161,28708.161
2024-03-23,28708.161,0.0,0.0,28708.161,28708.161
2024-03-24,28708.161,0.0,0.0,28708.161,28708.161
2024-03-25,28708.161,0.0,0.0,28708.161,28708.161
2024-03-26,28708.161,0.0,0.0,28708.161,28708.161
2024-03-27,28708.161,0.0,0.0,28708.161,28708.161
2024-03-28,28708.161,0.0,0.0,28708.161,28708.161
2024-03-29,28708.161,0.0,0.0,28708.161,28708.161
2024-03-30,28708.161,0.0,0.0,28708.161,28708.161
2024-03-31,28708.161,0.0,0.0,28708.161,28708.161
2024-04-01,29147.044,438.88300000000163,0.015287743439923007,28708.161,28708.161
2024-04-02,29147.044,0.0,0.0,28708.161,28708.161
2024-04-03,29147.044,0.0,0.0,28708.161,28708.161
2024-04-04,29147.044,0.0,0.0,28708.161,28708.161
2024-04-05,29147.044,0.0,0.0,28708.161,28708.161
2024-04-06,29147.044,0.0,0.0,28708.161,28708.161
2024-04-07,29147.044,0.0,0.0,28708.161,28708.161
2024-04-08,29147.044,0.0,0.0,29147.044,28708.161
2024-04-09,29147.044,0.0,0.0,29147.044,28708.161
2024-04-10,29147.044,0.0,0.0,29147.044,28708.161
2024-04-11,29147.044,0.0,0.0,29147.044,28708.161
2024-04-12,29147.044,0.0,0.0,29147.044,28708.161
2024-04-13,29147.044,0.0,0.0,29147.044,28708.161
2024-04-14,29147.044,0.0,0.0,29147.044,28708.161
2024-04-15,29147.044,0.0,0.0,29147.044,28708.161
2024-04-16,29147.044,0.0,0.0,29147.044,28708.161
2024-04-17,29147.044,0.0,0.0,29147.044,28708.161
2024-04-18,29147.044,0.0,0.0,29147.044,28708.161
2024-04-19,29147.044,0.0,0.0,29147.044,28708.161
2024-04-20,29147.044,0.0,0.0,29147.044,28708.161
2024-04-21,29147.044,0.0,0.0,29147.044,28708.161
2024-04-22,29147.044,0.0,0.0,29147.044,28708.161
2024-04-23,29147.044,0.0,0.0,29147.044,28708.161
2024-04-24,29147.044,0.0,0.0,29147.044,28708.161
2024-04-25,29147.044,0.0,0.0,29147.044,28708.161
2024-04-26,29147.044,0.0,0.0,29147.044,28708.161
2024-04-27,29147.044,0.0,0.0,29147.044,28708.161
2024-04-28,29147.044,0.0,0.0,29147.044,28708.161
2024-04-29,29147.044,0.0,0.0,29147.044,28708.161
2024-04-30,29147.044,0.0,0.0,29147.044,28708.161
2024-05-01,29147.044,0.0,0.0,29147.044,29147.044
2024-05-02,29147.044,0.0,0.0,29147.044,29147.044
2024-05-03,29147.044,0.0,0.0,29147.044,29147.044
2024-05-04,29147.044,0.0,0.0,29147.044,29147.044
2024-05-05,29147.044,0.0,0.0,29147.044,29147.044
2024-05-06,29147.044,0.0,0.0,29147.044,29147.044
2024-05-07,29147.044,0.0,0.0,29147.044,29147.044
2024-05-08,29147.044,0.0,0.0,29147.044,29147.044
2024-05-09,29147.044,0.0,0.0,29147.044,29147.044
2024-05-10,29147.044,0.0,0.0,29147.044,29147.044
2024-05-11,29147.044,0.0,0.0,29147.044,29147.044
2024-05-12,29147.044,0.0,0.0,29147.044,29147.044
2024-05-13,29147.044,0.0,0.0,29147.044,29147.044
2024-05-14,29147.044,0.0,0.0,29147.044,29147.044
2024-05-15,29147.044,0.0,0.0,29147.044,29147.044
2024-05-16,29147.044,0.0,0.0,29147.044,29147.044
2024-05-17,29147.044,0.0,0.0,29147.044,29147.044
2024-05-18,29147.044,0.0,0.0,29147.044,29147.044
2024-05-19,29147.044,0.0,0.0,29147.044,29147.044
2024-05-20,29147.044,0.0,0.0,29147.044,29147.044
2024-05-21,29147.044,0.0,0.0,29147.044,29147.044
2024-05-22,29147.044,0.0,0.0,29147.044,29147.044
2024-05-23,29147.044,0.0,0.0,29147.044,29147.044
2024-05-24,29147.044,0.0,0.0,29147.044,29147.044
2024-05-25,29147.044,0.0,0.0,29147.044,29147.044
2024-05-26,29147.044,0.0,0.0,29147.044,29147.044
2024-05-27,29147.044,0.0,0.0,29147.044,29147.044
2024-05-28,29147.044,0.0,0.0,29147.044,29147.044
2024-05-29,29147.044,0.0,0.0,29147.044,29147.044
2024-05-30,29147.044,0.0,0.0,29147.044,29147.044
2024-05-31,29147.044,0.0,0.0,29147.044,29147.044
2024-06-01,29147.044,0.0,0.0,29147.044,29147.044
2024-06-02,29147.044,0.0,0.0,29147.044,29147.044
2024-06-03,29147.044,0.0,0.0,29147.044,29147.044
2024-06-04,29147.044,0.0,0.0,29147.044,29147.044
2024-06-05,29147.044,0.0,0.0,29147.044,29147.044
2024-06-06,29147.044,0.0,0.0,29147.044,29147.044
2024-06-07,29147.044,0.0,0.0,29147.044,29147.044
2024-06-08,29147.044,0.0,0.0,29147.044,29147.044
2024-06-09,29147.044,0.0,0.0,29147.044,29147.044
2024-06-10,29147.044,0.0,0.0,29147.044,29147.044
2024-06-11,29147.044,0.0,0.0,29147.044,29147.044
2024-06-12,29147.044,0.0,0.0,29147.044,29147.044
2024-06-13,29147.044,0.0,0.0,29147.044,29147.044
2024-06-14,29147.044,0.0,0.0,29147.044,29147.044
2024-06-15,29147.044,0.0,0.0,29147.044,29147.044
2024-06-16,29147.044,0.0,0.0,29147.044,29147.044
2024-06-17,29147.044,0.0,0.0,29147.044,29147.044
2024-06-18,29147.044,0.0,0.0,29147.044,29147.044
2024-06-19,29147.044,0.0,0.0,29147.044,29147.044
2024-06-20,29147.044,0.0,0.0,29147.044,29147.044
2024-06-21,29147.044,0.0,0.0,29147.044,29147.044
2024-06-22,29147.044,0.0,0.0,29147.044,29147.044
2024-06-23,29147.044,0.0,0.0,29147.044,29147.044
2024-06-24,29147.044,0.0,0.0,29147.044,29147.044
2024-06-25,29147.044,0.0,0.0,29147.044,29147.044
2024-06-26,29147.044,0.0,0.0,29147.044,29147.044
2024-06-27,29147.044,0.0,0.0,29147.044,29147.044
2024-06-28,29147.044,0.0,0.0,29147.044,29147.044
2024-06-29,29147.044,0.0,0.0,29147.044,29147.044
2024-06-30,29147.044,0.0,0.0,29147.044,29147.044
2024-07-01,29511.664,364.619999999999,0.012509673365161733,29147.044,29147.044
2024-07-02,29511.664,0.0,0.0,29147.044,29147.044
2024-07-03,29511.664,0.0,0.0,29147.044,29147.044
2024-07-04,29511.664,0.0,0.0,29147.044,29147.044
2024-07-05,29511.664,0.0,0.0,29147.044,29147.044
2024-07-06,29511.664,0.0,0.0,29147.044,29147.044
2024-07-07,29511.664,0.0,0.0,29147.044,29147.044
2024-07-08,29511.664,0.0,0.0,29511.664,29147.044
2024-07-09,29511.664,0.0,0.0,29511.664,29147.044
2024-07-10,29511.664,0.0,0.0,29511.664,29147.044
2024-07-11,29511.664,0.0,0.0,29511.664,29147.044
2024-07-12,29511.664,0.0,0.0,29511.664,29147.044
2024-07-13,29511.664,0.0,0.0,29511.664,29147.044
2024-07-14,29511.664,0.0,0.0,29511.664,29147.044
2024-07-15,29511.664,0.0,0.0,29511.664,29147.044
2024-07-16,29511.664,0.0,0.0,29511.664,29147.044
2024-07-17,29511.664,0.0,0.0,29511.664,29147.044
2024-07-18,29511.664,0.0,0.0,29511.664,29147.044
2024-07-19,29511.664,0.0,0.0,29511.664,29147.044
2024-07-20,29511.664,0.0,0.0,29511.664,29147.044
2024-07-21,29511.664,0.0,0.0,29511.664,29147.044
2024-07-22,29511.664,0.0,0.0,29511.664,29147.044
2024-07-23,29511.664,0.0,0.0,29511.664,29147.044
2024-07-24,29511.664,0.0,0.0,29511.664,29147.044
2024-07-25,29511.664,0.0,0.0,29511.664,29147.044
2024-07-26,29511.664,0.0,0.0,29511.664,29147.044
2024-07-27,29511.664,0.0,0.0,29511.664,29147.044
2024-07-28,29511.664,0.0,0.0,29511.664,29147.044
2024-07-29,29511.664,0.0,0.0,29511.664,29147.044
2024-07-30,29511.664,0.0,0.0,29511.664,29147.044
2024-07-31,29511.664,0.0,0.0,29511.664,29511.664
2024-08-01,29511.664,0.0,0.0,29511.664,29511.664
2024-08-02,29511.664,0.0,0.0,29511.664,29511.664
2024-08-03,29511.664,0.0,0.0,29511.664,29511.664
2024-08-04,29511.664,0.0,0.0,29511.664,29511.664
2024-08-05,29511.664,0.0,0.0,29511.664,29511.664
2024-08-06,29511.664,0.0,0.0,29511.664,29511.664
2024-08-07,29511.664,0.0,0.0,29511.664,29511.664
2024-08-08,29511.664,0.0,0.0,29511.664,29511.664
2024-08-09,29511.664,0.0,0.0,29511.664,29511.664
2024-08-10,29511.664,0.0,0.0,29511.664,29511.664
2024-08-11,29511.664,0.0,0.0,29511.664,29511.664
2024-08-12,29511.664,0.0,0.0,29511.664,29511.664
2024-08-13,29511.664,0.0,0.0,29511.664,29511.664
2024-08-14,29511.664,0.0,0.0,29511.664,29511.664
2024-08-15,29511.664,0.0,0.0,29511.664,29511.664
2024-08-16,29511.664,0.0,0.0,29511.664,29511.664
2024-08-17,29511.664,0.0,0.0,29511.664,29511.664
2024-08-18,29511.664,0.0,0.0,29511.664,29511.664
2024-08-19,29511.664,0.0,0.0,29511.664,29511.664
2024-08-20,29511.664,0.0,0.0,29511.664,29511.664
2024-08-21,29511.664,0.0,0.0,29511.664,29511.664
2024-08-22,29511.664,0.0,0.0,29511.664,29511.664
2024-08-23,29511.664,0.0,0.0,29511.664,29511.664
2024-08-24,29511.664,0.0,0.0,29511.664,29511.664
2024-08-25,29511.664,0.0,0.0,29511.664,29511.664
2024-08-26,29511.664,0.0,0.0,29511.664,29511.664
2024-08-27,29511.664,0.0,0.0,29511.664,29511.664
2024-08-28,29511.664,0.0,0.0,29511.664,29511.664
2024-08-29,29511.664,0.0,0.0,29511.664,29511.664
2024-08-30,29511.664,0.0,0.0,29511.664,29511.664
2024-08-31,29511.664,0.0,0.0,29511.664,29511.664
2024-09-01,29511.664,0.0,0.0,29511.664,29511.664
2024-09-02,29511.664,0.0,0.0,29511.664,29511.664
2024-09-03,29511.664,0.0,0.0,29511.664,29511.664
2024-09-04,29511.664,0.0,0.0,29511.664,29511.664
2024-09-05,29511.664,0.0,0.0,29511.664,29511.664
2024-09-06,29511.664,0.0,0.0,29511.664,29511.664
2024-09-07,29511.664,0.0,0.0,29511.664,29511.664
2024-09-08,29511.664,0.0,0.0,29511.664,29511.664
2024-09-09,29511.664,0.0,0.0,29511.664,29511.664
2024-09-10,29511.664,0.0,0.0,29511.664,29511.664
2024-09-11,29511.664,0.0,0.0,29511.664,29511.664
2024-09-12,29511.664,0.0,0.0,29511.664,29511.664
2024-09-13,29511.664,0.0,0.0,29511.664,29511.664
2024-09-14,29511.664,0.0,0.0,29511.664,29511.664
2024-09-15,29511.664,0.0,0.0,29511.664,29511.664
2024-09-16,29511.664,0.0,0.0,29511.664,29511.664
2024-09-17,29511.664,0.0,0.0,29511.664,29511.664
2024-09-18,29511.664,0.0,0.0,29511.664,29511.664
2024-09-19,29511.664,0.0,0.0,29511.664,29511.664
2024-09-20,29511.664,0.0,0.0,29511.664,29511.664
2024-09-21,29511.664,0.0,0.0,29511.664,29511.664
2024-09-22,29511.664,0.0,0.0,29511.664,29511.664
2024-09-23,29511.664,0.0,0.0,29511.664,29511.664
2024-09-24,29511.664,0.0,0.0,29511.664,29511.664
2024-09-25,29511.664,0.0,0.0,29511.664,29511.664
2024-09-26,29511.664,0.0,0.0,29511.664,29511.664
2024-09-27,29511.664,0.0,0.0,29511.664,29511.664
2024-09-28,29511.664,0.0,0.0,29511.664,29511.664
2024-09-29,29511.664,0.0,0.0,29511.664,29511.664
2024-09-30,29511.664,0.0,0.0,29511.664,29511.664
2024-10-01,29825.182,313.51800000000003,0.010623528378474356,29511.664,29511.664
2024-10-02,29825.182,0.0,0.0,29511.664,29511.664
2024-10-03,29825.182,0.0,0.0,29511.664,29511.664
2024-10-04,29825.182,0.0,0.0,29511.664,29511.664
2024-10-05,29825.182,0.0,0.0,29511.664,29511.664
2024-10-06,29825.182,0.0,0.0,29511.664,29511.664
2024-10-07,29825.182,0.0,0.0,29511.664,29511.664
2024-10-08,29825.182,0.0,0.0,29825.182,29511.664
2024-10-09,29825.182,0.0,0.0,29825.182,29511.664
2024-10-10,29825.182,0.0,0.0,29825.182,29511.664
2024-10-11,29825.182,0.0,0.0,29825.182,29511.664
2024-10-12,29825.182,0.0,0.0,29825.182,29511.664
2024-10-13,29825.182,0.0,0.0,29825.182,29511.664
2024-10-14,29825.182,0.0,0.0,29825.182,29511.664
2024-10-15,29825.182,0.0,0.0,29825.182,29511.664
2024-10-16,29825.182,0.0,0.0,29825.182,29511.664
2024-10-17,29825.182,0.0,0.0,29825.182,29511.664
2024-10-18,29825.182,0.0,0.0,29825.182,29511.664
2024-10-19,29825.182,0.0,0.0,29825.182,29511.664
2024-10-20,29825.182,0.0,0.0,29825.182,29511.664
2024-10-21,29825.182,0.0,0.0,29825.182,29511.664
2024-10-22,29825.182,0.0,0.0,29825.182,29511.664
2024-10-23,29825.182,0.0,0.0,29825.182,29511.664
2024-10-24,29825.182,0.0,0.0,29825.182,29511.664
2024-10-25,29825.182,0.0,0.0,29825.182,29511.664
2024-10-26,29825.182,0.0,0.0,29825.182,29511.664
2024-10-27,29825.182,0.0,0.0,29825.182,29511.664
2024-10-28,29825.182,0.0,0.0,29825.182,29511.664
2024-10-29,29825.182,0.0,0.0,29825.182,29511.664
2024-10-30,29825.182,0.0,0.0,29825.182,29511.664
2024-10-31,29825.182,0.0,0.0,29825.182,29825.182
2024-11-01,29825.182,0.0,0.0,29825.182,29825.182
2024-11-02,29825.182,0.0,0.0,29825.182,29825.182
2024-11-03,29825.182,0.0,0.0,29825.182,29825.182
2024-11-04,29825.182,0.0,0.0,29825.182,29825.182
2024-11-05,29825.182,0.0,0.0,29825.182,29825.182
2024-11-06,29825.182,0.0,0.0,29825.182,29825.182
2024-11-07,29825.182,0.0,0.0,29825.182,29825.182
2024-11-08,29825.182,0.0,0.0,29825.182,29825.182
2024-11-09,29825.182,0.0,0.0,29825.182,29825.182
2024-11-10,29825.182,0.0,0.0,29825.182,29825.182
2024-11-11,29825.182,0.0,0.0,29825.182,29825.182
2024-11-12,29825.182,0.0,0.0,29825.182,29825.182
2024-11-13,29825.182,0.0,0.0,29825.182,29825.182
2024-11-14,29825.182,0.0,0.0,29825.182,29825.182
2024-11-15,29825.182,0.0,0.0,29825.182,29825.182
2024-11-16,29825.182,0.0,0.0,29825.182,29825.182
2024-11-17,29825.182,0.0,0.0,29825.182,29825.182
2024-11-18,29825.182,0.0,0.0,29825.182,29825.182
2024-11-19,29825.182,0.0,0.0,29825.182,29825.182
2024-11-20,29825.182,0.0,0.0,29825.182,29825.182
2024-11-21,29825.182,0.0,0.0,29825.182,29825.182
2024-11-22,29825.182,0.0,0.0,29825.182,29825.182
2024-11-23,29825.182,0.0,0.0,29825.182,29825.182
2024-11-24,29825.182,0.0,0.0,29825.182,29825.182
2024-11-25,29825.182,0.0,0.0,29825.182,29825.182
2024-11-26,29825.182,0.0,0.0,29825.182,29825.182
2024-11-27,29825.182,0.0,0.0,29825.182,29825.182
2024-11-28,29825.182,0.0,0.0,29825.182,29825.182
2024-11-29,29825.182,0.0,0.0,29825.182,29825.182
2024-11-30,29825.182,0.0,0.0,29825.182,29825.182
2024-12-01,29825.182,0.0,0.0,29825.182,29825.182
2024-12-02,29825.182,0.0,0.0,29825.182,29825.182
2024-12-03,29825.182,0.0,0.0,29825.182,29825.182
2024-12-04,29825.182,0.0,0.0,29825.182,29825.182
2024-12-05,29825.182,0.0,0.0,29825.182,29825.182
2024-12-06,29825.182,0.0,0.0,29825.182,29825.182
2024-12-07,29825.182,0.0,0.0,29825.182,29825.182
2024-12-08,29825.182,0.0,0.0,29825.182,29825.182
2024-12-09,29825.182,0.0,0.0,29825.182,29825.182
2024-12-10,29825.182,0.0,0.0,29825.182,29825.182
2024-12-11,29825.182,0.0,0.0,29825.182,29825.182
2024-12-12,29825.182,0.0,0.0,29825.182,29825.182
2024-12-13,29825.182,0.0,0.0,29825.182,29825.182
2024-12-14,29825.182,0.0,0.0,29825.182,29825.182
2024-12-15,29825.182,0.0,0.0,29825.182,29825.182
2024-12-16,29825.182,0.0,0.0,29825.182,29825.182
2024-12-17,29825.182,0.0,0.0,29825.182,29825.182
2024-12-18,29825.182,0.0,0.0,29825.182,29825.182
2024-12-19,29825.182,0.0,0.0,29825.182,29825.182
2024-12-20,29825.182,0.0,0.0,29825.182,29825.182
2024-12-21,29825.182,0.0,0.0,29825.182,29825.182
2024-12-22,29825.182,0.0,0.0,29825.182,29825.182
2024-12-23,29825.182,0.0,0.0,29825.182,29825.182
2024-12-24,29825.182,0.0,0.0,29825.182,29825.182
2024-12-25,29825.182,0.0,0.0,29825.182,29825.182
2024-12-26,29825.182,0.0,0.0,29825.182,29825.182
2024-12-27,29825.182,0.0,0.0,29825.182,29825.182
2024-12-28,29825.182,0.0,0.0,29825.182,29825.182
2024-12-29,29825.182,0.0,0.0,29825.182,29825.182
2024-12-30,29825.182,0.0,0.0,29825.182,29825.182
2024-12-31,29825.182,0.0,0.0,29825.182,29825.182
2025-01-01,30042.113,216.9310000000005,0.007273417476547195,29825.182,29825.182
2025-01-02,30042.113,0.0,0.0,29825.182,29825.182
2025-01-03,30042.113,0.0,0.0,29825.182,29825.182
2025-01-04,30042.113,0.0,0.0,29825.182,29825.182
2025-01-05,30042.113,0.0,0.0,29825.182,29825.182
2025-01-06,30042.113,0.0,0.0,29825.182,29825.182
2025-01-07,30042.113,0.0,0.0,29825.182,29825.182
2025-01-08,30042.113,0.0,0.0,30042.113,29825.182
2025-01-09,30042.113,0.0,0.0,30042.113,29825.182
2025-01-10,30042.113,0.0,0.0,30042.113,29825.182
2025-01-11,30042.113,0.0,0.0,30042.113,29825.182
2025-01-12,30042.113,0.0,0.0,30042.113,29825.182
2025-01-13,30042.113,0.0,0.0,30042.113,29825.182
2025-01-14,30042.113,0.0,0.0,30042.113,29825.182
2025-01-15,30042.113,0.0,0.0,30042.113,29825.182
2025-01-16,30042.113,0.0,0.0,30042.113,29825.182
2025-01-17,30042.113,0.0,0.0,30042.113,29825.182
2025-01-18,30042.113,0.0,0.0,30042.113,29825.182
2025-01-19,30042.113,0.0,0.0,30042.113,29825.182
2025-01-20,30042.113,0.0,0.0,30042.113,29825.182
2025-01-21,30042.113,0.0,0.0,30042.113,29825.182
2025-01-22,30042.113,0.0,0.0,30042.113,29825.182
2025-01-23,30042.113,0.0,0.0,30042.113,29825.182
2025-01-24,30042.113,0.0,0.0,30042.113,29825.182
2025-01-25,30042.113,0.0,0.0,30042.113,29825.182
2025-01-26,30042.113,0.0,0.0,30042.113,29825.182
2025-01-27,30042.113,0.0,0.0,30042.113,29825.182
2025-01-28,30042.113,0.0,0.0,30042.113,29825.182
2025-01-29,30042.113,0.0,0.0,30042.113,29825.182
2025-01-30,30042.113,0.0,0.0,30042.113,29825.182
2025-01-31,30042.113,0.0,0.0,30042.113,30042.113
2025-02-01,30042.113,0.0,0.0,30042.113,30042.113
2025-02-02,30042.113,0.0,0.0,30042.113,30042.113
2025-02-03,30042.113,0.0,0.0,30042.113,30042.113
2025-02-04,30042.113,0.0,0.0,30042.113,30042.113
2025-02-05,30042.113,0.0,0.0,30042.113,30042.113
2025-02-06,30042.113,0.0,0.0,30042.113,30042.113
2025-02-07,30042.113,0.0,0.0,30042.113,30042.113
2025-02-08,30042.113,0.0,0.0,30042.113,30042.113
2025-02-09,30042.113,0.0,0.0,30042.113,30042.113
2025-02-10,30042.113,0.0,0.0,30042.113,30042.113
2025-02-11,30042.113,0.0,0.0,30042.113,30042.113
2025-02-12,30042.113,0.0,0.0,30042.113,30042.113
2025-02-13,30042.113,0.0,0.0,30042.113,30042.113
2025-02-14,30042.113,0.0,0.0,30042.113,30042.113
2025-02-15,30042.113,0.0,0.0,30042.113,30042.113
2025-02-16,30042.113,0.0,0.0,30042.113,30042.113
2025-02-17,30042.113,0.0,0.0,30042.113,30042.113
2025-02-18,30042.113,0.0,0.0,30042.113,30042.113
2025-02-19,30042.113,0.0,0.0,30042.113,30042.113
2025-02-20,30042.113,0.0,0.0,30042.113,30042.113
2025-02-21,30042.113,0.0,0.0,30042.113,30042.113
2025-02-22,30042.113,0.0,0.0,30042.113,30042.113
2025-02-23,30042.113,0.0,0.0,30042.113,30042.113
2025-02-24,30042.113,0.0,0.0,30042.113,30042.113
2025-02-25,30042.113,0.0,0.0,30042.113,30042.113
2025-02-26,30042.113,0.0,0.0,30042.113,30042.113
2025-02-27,30042.113,0.0,0.0,30042.113,30042.113
2025-02-28,30042.113,0.0,0.0,30042.113,30042.113
2025-03-01,30042.113,0.0,0.0,30042.113,30042.113
2025-03-02,30042.113,0.0,0.0,30042.113,30042.113
2025-03-03,30042.113,0.0,0.0,30042.113,30042.113
2025-03-04,30042.113,0.0,0.0,30042.113,30042.113
2025-03-05,30042.113,0.0,0.0,30042.113,30042.113
2025-03-06,30042.113,0.0,0.0,30042.113,30042.113
2025-03-07,30042.113,0.0,0.0,30042.113,30042.113
2025-03-08,30042.113,0.0,0.0,30042.113,30042.113
2025-03-09,30042.113,0.0,0.0,30042.113,30042.113
2025-03-10,30042.113,0.0,0.0,30042.113,30042.113
2025-03-11,30042.113,0.0,0.0,30042.113,30042.113
2025-03-12,30042.113,0.0,0.0,30042.113,30042.113
2025-03-13,30042.113,0.0,0.0,30042.113,30042.113
2025-03-14,30042.113,0.0,0.0,30042.113,30042.113
2025-03-15,30042.113,0.0,0.0,30042.113,30042.113
2025-03-16,30042.113,0.0,0.0,30042.113,30042.113
2025-03-17,30042.113,0.0,0.0,30042.113,30042.113
2025-03-18,30042.113,0.0,0.0,30042.113,30042.113
2025-03-19,30042.113,0.0,0.0,30042.113,30042.113
2025-03-20,30042.113,0.0,0.0,30042.113,30042.113
2025-03-21,30042.113,0.0,0.0,30042.113,30042.113
2025-03-22,30042.113,0.0,0.0,30042.113,30042.113
2025-03-23,30042.113,0.0,0.0,30042.113,30042.113
2025-03-24,30042.113,0.0,0.0,30042.113,30042.113
2025-03-25,30042.113,0.0,0.0,30042.113,30042.113
2025-03-26,30042.113,0.0,0.0,30042.113,30042.113
2025-03-27,30042.113,0.0,0.0,30042.113,30042.113
2025-03-28,30042.113,0.0,0.0,30042.113,30042.113
2025-03-29,30042.113,0.0,0.0,30042.113,30042.113
2025-03-30,30042.113,0.0,0.0,30042.113,30042.113
2025-03-31,30042.113,0.0,0.0,30042.113,30042.113
2025-04-01,30485.729,443.61599999999817,0.014766471319777041,30042.113,30042.113
