date,unrate,unrate_change,unrate_pct_change,unrate_ma30,unrate_ma90,unrate_lag7,unrate_lag30
2000-01-01,4.0,,,,,,
2000-01-02,4.0,0.0,0.0,,,,
2000-01-03,4.0,0.0,0.0,,,,
2000-01-04,4.0,0.0,0.0,,,,
2000-01-05,4.0,0.0,0.0,,,,
2000-01-06,4.0,0.0,0.0,,,,
2000-01-07,4.0,0.0,0.0,,,,
2000-01-08,4.0,0.0,0.0,,,4.0,
2000-01-09,4.0,0.0,0.0,,,4.0,
2000-01-10,4.0,0.0,0.0,,,4.0,
2000-01-11,4.0,0.0,0.0,,,4.0,
2000-01-12,4.0,0.0,0.0,,,4.0,
2000-01-13,4.0,0.0,0.0,,,4.0,
2000-01-14,4.0,0.0,0.0,,,4.0,
2000-01-15,4.0,0.0,0.0,,,4.0,
2000-01-16,4.0,0.0,0.0,,,4.0,
2000-01-17,4.0,0.0,0.0,,,4.0,
2000-01-18,4.0,0.0,0.0,,,4.0,
2000-01-19,4.0,0.0,0.0,,,4.0,
2000-01-20,4.0,0.0,0.0,,,4.0,
2000-01-21,4.0,0.0,0.0,,,4.0,
2000-01-22,4.0,0.0,0.0,,,4.0,
2000-01-23,4.0,0.0,0.0,,,4.0,
2000-01-24,4.0,0.0,0.0,,,4.0,
2000-01-25,4.0,0.0,0.0,,,4.0,
2000-01-26,4.0,0.0,0.0,,,4.0,
2000-01-27,4.0,0.0,0.0,,,4.0,
2000-01-28,4.0,0.0,0.0,,,4.0,
2000-01-29,4.0,0.0,0.0,,,4.0,
2000-01-30,4.0,0.0,0.0,4.0,,4.0,
2000-01-31,4.0,0.0,0.0,4.0,,4.0,4.0
2000-02-01,4.1,0.09999999999999964,0.02499999999999991,4.003333333333333,,4.0,4.0
2000-02-02,4.1,0.0,0.0,4.006666666666667,,4.0,4.0
2000-02-03,4.1,0.0,0.0,4.01,,4.0,4.0
2000-02-04,4.1,0.0,0.0,4.013333333333334,,4.0,4.0
2000-02-05,4.1,0.0,0.0,4.016666666666667,,4.0,4.0
2000-02-06,4.1,0.0,0.0,4.02,,4.0,4.0
2000-02-07,4.1,0.0,0.0,4.023333333333333,,4.0,4.0
2000-02-08,4.1,0.0,0.0,4.026666666666666,,4.1,4.0
2000-02-09,4.1,0.0,0.0,4.029999999999999,,4.1,4.0
2000-02-10,4.1,0.0,0.0,4.033333333333333,,4.1,4.0
2000-02-11,4.1,0.0,0.0,4.036666666666666,,4.1,4.0
2000-02-12,4.1,0.0,0.0,4.04,,4.1,4.0
2000-02-13,4.1,0.0,0.0,4.043333333333333,,4.1,4.0
2000-02-14,4.1,0.0,0.0,4.046666666666666,,4.1,4.0
2000-02-15,4.1,0.0,0.0,4.05,,4.1,4.0
2000-02-16,4.1,0.0,0.0,4.053333333333333,,4.1,4.0
2000-02-17,4.1,0.0,0.0,4.056666666666667,,4.1,4.0
2000-02-18,4.1,0.0,0.0,4.06,,4.1,4.0
2000-02-19,4.1,0.0,0.0,4.0633333333333335,,4.1,4.0
2000-02-20,4.1,0.0,0.0,4.066666666666666,,4.1,4.0
2000-02-21,4.1,0.0,0.0,4.069999999999999,,4.1,4.0
2000-02-22,4.1,0.0,0.0,4.073333333333333,,4.1,4.0
2000-02-23,4.1,0.0,0.0,4.076666666666666,,4.1,4.0
2000-02-24,4.1,0.0,0.0,4.08,,4.1,4.0
2000-02-25,4.1,0.0,0.0,4.083333333333333,,4.1,4.0
2000-02-26,4.1,0.0,0.0,4.086666666666667,,4.1,4.0
2000-02-27,4.1,0.0,0.0,4.09,,4.1,4.0
2000-02-28,4.1,0.0,0.0,4.093333333333333,,4.1,4.0
2000-02-29,4.1,0.0,0.0,4.096666666666667,,4.1,4.0
2000-03-01,4.0,-0.09999999999999964,-0.024390243902438935,4.096666666666667,,4.1,4.0
2000-03-02,4.0,0.0,0.0,4.093333333333333,,4.1,4.1
2000-03-03,4.0,0.0,0.0,4.09,,4.1,4.1
2000-03-04,4.0,0.0,0.0,4.086666666666667,,4.1,4.1
2000-03-05,4.0,0.0,0.0,4.083333333333333,,4.1,4.1
2000-03-06,4.0,0.0,0.0,4.08,,4.1,4.1
2000-03-07,4.0,0.0,0.0,4.076666666666666,,4.1,4.1
2000-03-08,4.0,0.0,0.0,4.073333333333333,,4.0,4.1
2000-03-09,4.0,0.0,0.0,4.069999999999999,,4.0,4.1
2000-03-10,4.0,0.0,0.0,4.066666666666666,,4.0,4.1
2000-03-11,4.0,0.0,0.0,4.0633333333333335,,4.0,4.1
2000-03-12,4.0,0.0,0.0,4.06,,4.0,4.1
2000-03-13,4.0,0.0,0.0,4.056666666666667,,4.0,4.1
2000-03-14,4.0,0.0,0.0,4.053333333333333,,4.0,4.1
2000-03-15,4.0,0.0,0.0,4.05,,4.0,4.1
2000-03-16,4.0,0.0,0.0,4.046666666666666,,4.0,4.1
2000-03-17,4.0,0.0,0.0,4.043333333333333,,4.0,4.1
2000-03-18,4.0,0.0,0.0,4.04,,4.0,4.1
2000-03-19,4.0,0.0,0.0,4.036666666666666,,4.0,4.1
2000-03-20,4.0,0.0,0.0,4.033333333333333,,4.0,4.1
2000-03-21,4.0,0.0,0.0,4.03,,4.0,4.1
2000-03-22,4.0,0.0,0.0,4.026666666666666,,4.0,4.1
2000-03-23,4.0,0.0,0.0,4.023333333333333,,4.0,4.1
2000-03-24,4.0,0.0,0.0,4.02,,4.0,4.1
2000-03-25,4.0,0.0,0.0,4.016666666666667,,4.0,4.1
2000-03-26,4.0,0.0,0.0,4.013333333333334,,4.0,4.1
2000-03-27,4.0,0.0,0.0,4.01,,4.0,4.1
2000-03-28,4.0,0.0,0.0,4.006666666666667,,4.0,4.1
2000-03-29,4.0,0.0,0.0,4.003333333333333,,4.0,4.1
2000-03-30,4.0,0.0,0.0,4.0,4.032222222222222,4.0,4.1
2000-03-31,4.0,0.0,0.0,4.0,4.032222222222222,4.0,4.0
2000-04-01,3.8,-0.20000000000000018,-0.050000000000000044,3.993333333333333,4.03,4.0,4.0
2000-04-02,3.8,0.0,0.0,3.9866666666666664,4.027777777777778,4.0,4.0
2000-04-03,3.8,0.0,0.0,3.9799999999999995,4.025555555555556,4.0,4.0
2000-04-04,3.8,0.0,0.0,3.9733333333333336,4.0233333333333325,4.0,4.0
2000-04-05,3.8,0.0,0.0,3.966666666666667,4.021111111111111,4.0,4.0
2000-04-06,3.8,0.0,0.0,3.96,4.018888888888889,4.0,4.0
2000-04-07,3.8,0.0,0.0,3.953333333333333,4.016666666666667,4.0,4.0
2000-04-08,3.8,0.0,0.0,3.9466666666666663,4.014444444444445,3.8,4.0
2000-04-09,3.8,0.0,0.0,3.94,4.0122222222222215,3.8,4.0
2000-04-10,3.8,0.0,0.0,3.933333333333333,4.01,3.8,4.0
2000-04-11,3.8,0.0,0.0,3.9266666666666667,4.007777777777777,3.8,4.0
2000-04-12,3.8,0.0,0.0,3.92,4.0055555555555555,3.8,4.0
2000-04-13,3.8,0.0,0.0,3.913333333333333,4.003333333333334,3.8,4.0
2000-04-14,3.8,0.0,0.0,3.9066666666666663,4.00111111111111,3.8,4.0
2000-04-15,3.8,0.0,0.0,3.9,3.9988888888888887,3.8,4.0
2000-04-16,3.8,0.0,0.0,3.893333333333333,3.9966666666666666,3.8,4.0
2000-04-17,3.8,0.0,0.0,3.8866666666666663,3.9944444444444445,3.8,4.0
2000-04-18,3.8,0.0,0.0,3.88,3.9922222222222223,3.8,4.0
2000-04-19,3.8,0.0,0.0,3.873333333333333,3.9899999999999998,3.8,4.0
2000-04-20,3.8,0.0,0.0,3.8666666666666667,3.9877777777777776,3.8,4.0
2000-04-21,3.8,0.0,0.0,3.86,3.9855555555555555,3.8,4.0
2000-04-22,3.8,0.0,0.0,3.853333333333333,3.9833333333333334,3.8,4.0
2000-04-23,3.8,0.0,0.0,3.8466666666666662,3.9811111111111113,3.8,4.0
2000-04-24,3.8,0.0,0.0,3.8399999999999994,3.9788888888888887,3.8,4.0
2000-04-25,3.8,0.0,0.0,3.8333333333333335,3.9766666666666666,3.8,4.0
2000-04-26,3.8,0.0,0.0,3.8266666666666667,3.9744444444444444,3.8,4.0
2000-04-27,3.8,0.0,0.0,3.82,3.9722222222222223,3.8,4.0
2000-04-28,3.8,0.0,0.0,3.813333333333333,3.97,3.8,4.0
2000-04-29,3.8,0.0,0.0,3.806666666666666,3.967777777777777,3.8,4.0
2000-04-30,3.8,0.0,0.0,3.8,3.9655555555555555,3.8,4.0
2000-05-01,4.0,0.20000000000000018,0.05263157894736836,3.806666666666666,3.9644444444444438,3.8,3.8
2000-05-02,4.0,0.0,0.0,3.8133333333333335,3.9633333333333334,3.8,3.8
2000-05-03,4.0,0.0,0.0,3.82,3.9622222222222216,3.8,3.8
2000-05-04,4.0,0.0,0.0,3.826666666666666,3.9611111111111112,3.8,3.8
2000-05-05,4.0,0.0,0.0,3.8333333333333335,3.96,3.8,3.8
2000-05-06,4.0,0.0,0.0,3.8399999999999994,3.9588888888888882,3.8,3.8
2000-05-07,4.0,0.0,0.0,3.8466666666666667,3.957777777777778,3.8,3.8
2000-05-08,4.0,0.0,0.0,3.853333333333333,3.956666666666666,4.0,3.8
2000-05-09,4.0,0.0,0.0,3.8599999999999994,3.9555555555555557,4.0,3.8
2000-05-10,4.0,0.0,0.0,3.8666666666666667,3.954444444444444,4.0,3.8
2000-05-11,4.0,0.0,0.0,3.873333333333333,3.9533333333333327,4.0,3.8
2000-05-12,4.0,0.0,0.0,3.8800000000000003,3.9522222222222223,4.0,3.8
2000-05-13,4.0,0.0,0.0,3.8866666666666663,3.9511111111111106,4.0,3.8
2000-05-14,4.0,0.0,0.0,3.8933333333333326,3.95,4.0,3.8
2000-05-15,4.0,0.0,0.0,3.9,3.9488888888888884,4.0,3.8
2000-05-16,4.0,0.0,0.0,3.9066666666666663,3.947777777777777,4.0,3.8
2000-05-17,4.0,0.0,0.0,3.9133333333333336,3.9466666666666663,4.0,3.8
2000-05-18,4.0,0.0,0.0,3.92,3.945555555555555,4.0,3.8
2000-05-19,4.0,0.0,0.0,3.926666666666667,3.9444444444444446,4.0,3.8
2000-05-20,4.0,0.0,0.0,3.933333333333333,3.943333333333333,4.0,3.8
2000-05-21,4.0,0.0,0.0,3.9399999999999995,3.9422222222222225,4.0,3.8
2000-05-22,4.0,0.0,0.0,3.9466666666666668,3.941111111111111,4.0,3.8
2000-05-23,4.0,0.0,0.0,3.953333333333333,3.9399999999999995,4.0,3.8
2000-05-24,4.0,0.0,0.0,3.9600000000000004,3.938888888888889,4.0,3.8
2000-05-25,4.0,0.0,0.0,3.966666666666667,3.9377777777777774,4.0,3.8
2000-05-26,4.0,0.0,0.0,3.973333333333333,3.936666666666667,4.0,3.8
2000-05-27,4.0,0.0,0.0,3.98,3.9355555555555553,4.0,3.8
2000-05-28,4.0,0.0,0.0,3.9866666666666664,3.934444444444444,4.0,3.8
2000-05-29,4.0,0.0,0.0,3.9933333333333336,3.933333333333333,4.0,3.8
2000-05-30,4.0,0.0,0.0,4.0,3.933333333333333,4.0,3.8
2000-05-31,4.0,0.0,0.0,4.0,3.933333333333333,4.0,4.0
2000-06-01,4.0,0.0,0.0,4.0,3.933333333333333,4.0,4.0
2000-06-02,4.0,0.0,0.0,4.0,3.933333333333333,4.0,4.0
2000-06-03,4.0,0.0,0.0,4.0,3.933333333333333,4.0,4.0
2000-06-04,4.0,0.0,0.0,4.0,3.933333333333333,4.0,4.0
2000-06-05,4.0,0.0,0.0,4.0,3.933333333333333,4.0,4.0
2000-06-06,4.0,0.0,0.0,4.0,3.933333333333333,4.0,4.0
2000-06-07,4.0,0.0,0.0,4.0,3.933333333333333,4.0,4.0
2000-06-08,4.0,0.0,0.0,4.0,3.933333333333333,4.0,4.0
2000-06-09,4.0,0.0,0.0,4.0,3.933333333333333,4.0,4.0
2000-06-10,4.0,0.0,0.0,4.0,3.933333333333333,4.0,4.0
2000-06-11,4.0,0.0,0.0,4.0,3.933333333333333,4.0,4.0
2000-06-12,4.0,0.0,0.0,4.0,3.933333333333333,4.0,4.0
2000-06-13,4.0,0.0,0.0,4.0,3.933333333333333,4.0,4.0
2000-06-14,4.0,0.0,0.0,4.0,3.933333333333333,4.0,4.0
2000-06-15,4.0,0.0,0.0,4.0,3.933333333333333,4.0,4.0
2000-06-16,4.0,0.0,0.0,4.0,3.933333333333333,4.0,4.0
2000-06-17,4.0,0.0,0.0,4.0,3.933333333333333,4.0,4.0
2000-06-18,4.0,0.0,0.0,4.0,3.933333333333333,4.0,4.0
2000-06-19,4.0,0.0,0.0,4.0,3.933333333333333,4.0,4.0
2000-06-20,4.0,0.0,0.0,4.0,3.933333333333333,4.0,4.0
2000-06-21,4.0,0.0,0.0,4.0,3.933333333333333,4.0,4.0
2000-06-22,4.0,0.0,0.0,4.0,3.933333333333333,4.0,4.0
2000-06-23,4.0,0.0,0.0,4.0,3.933333333333333,4.0,4.0
2000-06-24,4.0,0.0,0.0,4.0,3.933333333333333,4.0,4.0
2000-06-25,4.0,0.0,0.0,4.0,3.933333333333333,4.0,4.0
2000-06-26,4.0,0.0,0.0,4.0,3.933333333333333,4.0,4.0
2000-06-27,4.0,0.0,0.0,4.0,3.933333333333333,4.0,4.0
2000-06-28,4.0,0.0,0.0,4.0,3.933333333333333,4.0,4.0
2000-06-29,4.0,0.0,0.0,4.0,3.933333333333333,4.0,4.0
2000-06-30,4.0,0.0,0.0,4.0,3.9355555555555553,4.0,4.0
2000-07-01,4.0,0.0,0.0,4.0,3.9377777777777774,4.0,4.0
2000-07-02,4.0,0.0,0.0,4.0,3.9399999999999995,4.0,4.0
2000-07-03,4.0,0.0,0.0,4.0,3.9422222222222225,4.0,4.0
2000-07-04,4.0,0.0,0.0,4.0,3.9444444444444446,4.0,4.0
2000-07-05,4.0,0.0,0.0,4.0,3.9466666666666663,4.0,4.0
2000-07-06,4.0,0.0,0.0,4.0,3.9488888888888884,4.0,4.0
2000-07-07,4.0,0.0,0.0,4.0,3.9511111111111106,4.0,4.0
2000-07-08,4.0,0.0,0.0,4.0,3.9533333333333336,4.0,4.0
2000-07-09,4.0,0.0,0.0,4.0,3.9555555555555557,4.0,4.0
2000-07-10,4.0,0.0,0.0,4.0,3.957777777777778,4.0,4.0
2000-07-11,4.0,0.0,0.0,4.0,3.96,4.0,4.0
2000-07-12,4.0,0.0,0.0,4.0,3.9622222222222216,4.0,4.0
2000-07-13,4.0,0.0,0.0,4.0,3.9644444444444447,4.0,4.0
2000-07-14,4.0,0.0,0.0,4.0,3.966666666666667,4.0,4.0
2000-07-15,4.0,0.0,0.0,4.0,3.968888888888889,4.0,4.0
2000-07-16,4.0,0.0,0.0,4.0,3.971111111111111,4.0,4.0
2000-07-17,4.0,0.0,0.0,4.0,3.973333333333333,4.0,4.0
2000-07-18,4.0,0.0,0.0,4.0,3.9755555555555557,4.0,4.0
2000-07-19,4.0,0.0,0.0,4.0,3.977777777777778,4.0,4.0
2000-07-20,4.0,0.0,0.0,4.0,3.98,4.0,4.0
2000-07-21,4.0,0.0,0.0,4.0,3.982222222222222,4.0,4.0
2000-07-22,4.0,0.0,0.0,4.0,3.9844444444444442,4.0,4.0
2000-07-23,4.0,0.0,0.0,4.0,3.986666666666667,4.0,4.0
2000-07-24,4.0,0.0,0.0,4.0,3.988888888888889,4.0,4.0
2000-07-25,4.0,0.0,0.0,4.0,3.991111111111111,4.0,4.0
2000-07-26,4.0,0.0,0.0,4.0,3.993333333333333,4.0,4.0
2000-07-27,4.0,0.0,0.0,4.0,3.9955555555555553,4.0,4.0
2000-07-28,4.0,0.0,0.0,4.0,3.997777777777778,4.0,4.0
2000-07-29,4.0,0.0,0.0,4.0,4.0,4.0,4.0
2000-07-30,4.0,0.0,0.0,4.0,4.0,4.0,4.0
2000-07-31,4.0,0.0,0.0,4.0,4.0,4.0,4.0
2000-08-01,4.1,0.09999999999999964,0.02499999999999991,4.003333333333333,4.001111111111111,4.0,4.0
2000-08-02,4.1,0.0,0.0,4.006666666666666,4.002222222222222,4.0,4.0
2000-08-03,4.1,0.0,0.0,4.01,4.003333333333334,4.0,4.0
2000-08-04,4.1,0.0,0.0,4.013333333333334,4.004444444444444,4.0,4.0
2000-08-05,4.1,0.0,0.0,4.016666666666667,4.0055555555555555,4.0,4.0
2000-08-06,4.1,0.0,0.0,4.0200000000000005,4.006666666666667,4.0,4.0
2000-08-07,4.1,0.0,0.0,4.0233333333333325,4.007777777777777,4.0,4.0
2000-08-08,4.1,0.0,0.0,4.026666666666666,4.008888888888889,4.1,4.0
2000-08-09,4.1,0.0,0.0,4.029999999999999,4.01,4.1,4.0
2000-08-10,4.1,0.0,0.0,4.033333333333333,4.011111111111111,4.1,4.0
2000-08-11,4.1,0.0,0.0,4.036666666666667,4.012222222222222,4.1,4.0
2000-08-12,4.1,0.0,0.0,4.04,4.013333333333334,4.1,4.0
2000-08-13,4.1,0.0,0.0,4.043333333333333,4.014444444444445,4.1,4.0
2000-08-14,4.1,0.0,0.0,4.046666666666666,4.015555555555555,4.1,4.0
2000-08-15,4.1,0.0,0.0,4.05,4.016666666666667,4.1,4.0
2000-08-16,4.1,0.0,0.0,4.053333333333333,4.017777777777778,4.1,4.0
2000-08-17,4.1,0.0,0.0,4.056666666666667,4.018888888888889,4.1,4.0
2000-08-18,4.1,0.0,0.0,4.06,4.0200000000000005,4.1,4.0
2000-08-19,4.1,0.0,0.0,4.0633333333333335,4.021111111111111,4.1,4.0
2000-08-20,4.1,0.0,0.0,4.066666666666666,4.022222222222222,4.1,4.0
2000-08-21,4.1,0.0,0.0,4.069999999999999,4.023333333333333,4.1,4.0
2000-08-22,4.1,0.0,0.0,4.073333333333333,4.024444444444445,4.1,4.0
2000-08-23,4.1,0.0,0.0,4.076666666666666,4.025555555555556,4.1,4.0
2000-08-24,4.1,0.0,0.0,4.079999999999999,4.026666666666666,4.1,4.0
2000-08-25,4.1,0.0,0.0,4.083333333333333,4.027777777777778,4.1,4.0
2000-08-26,4.1,0.0,0.0,4.086666666666667,4.028888888888889,4.1,4.0
2000-08-27,4.1,0.0,0.0,4.09,4.03,4.1,4.0
2000-08-28,4.1,0.0,0.0,4.093333333333333,4.0311111111111115,4.1,4.0
2000-08-29,4.1,0.0,0.0,4.096666666666666,4.032222222222222,4.1,4.0
2000-08-30,4.1,0.0,0.0,4.1,4.033333333333333,4.1,4.0
2000-08-31,4.1,0.0,0.0,4.1,4.0344444444444445,4.1,4.1
2000-09-01,3.9,-0.19999999999999973,-0.04878048780487798,4.093333333333333,4.033333333333333,4.1,4.1
2000-09-02,3.9,0.0,0.0,4.086666666666666,4.032222222222222,4.1,4.1
2000-09-03,3.9,0.0,0.0,4.08,4.0311111111111115,4.1,4.1
2000-09-04,3.9,0.0,0.0,4.073333333333333,4.03,4.1,4.1
2000-09-05,3.9,0.0,0.0,4.066666666666666,4.028888888888889,4.1,4.1
2000-09-06,3.9,0.0,0.0,4.06,4.027777777777778,4.1,4.1
2000-09-07,3.9,0.0,0.0,4.053333333333333,4.026666666666666,4.1,4.1
2000-09-08,3.9,0.0,0.0,4.046666666666666,4.025555555555556,3.9,4.1
2000-09-09,3.9,0.0,0.0,4.04,4.024444444444445,3.9,4.1
2000-09-10,3.9,0.0,0.0,4.033333333333333,4.023333333333333,3.9,4.1
2000-09-11,3.9,0.0,0.0,4.026666666666666,4.022222222222222,3.9,4.1
2000-09-12,3.9,0.0,0.0,4.02,4.021111111111111,3.9,4.1
2000-09-13,3.9,0.0,0.0,4.013333333333333,4.0200000000000005,3.9,4.1
2000-09-14,3.9,0.0,0.0,4.006666666666666,4.018888888888889,3.9,4.1
2000-09-15,3.9,0.0,0.0,4.0,4.017777777777778,3.9,4.1
2000-09-16,3.9,0.0,0.0,3.993333333333333,4.016666666666667,3.9,4.1
2000-09-17,3.9,0.0,0.0,3.9866666666666664,4.015555555555555,3.9,4.1
2000-09-18,3.9,0.0,0.0,3.9799999999999995,4.014444444444445,3.9,4.1
2000-09-19,3.9,0.0,0.0,3.973333333333333,4.013333333333334,3.9,4.1
2000-09-20,3.9,0.0,0.0,3.966666666666667,4.012222222222222,3.9,4.1
2000-09-21,3.9,0.0,0.0,3.96,4.011111111111111,3.9,4.1
2000-09-22,3.9,0.0,0.0,3.953333333333333,4.01,3.9,4.1
2000-09-23,3.9,0.0,0.0,3.9466666666666668,4.008888888888889,3.9,4.1
2000-09-24,3.9,0.0,0.0,3.9399999999999995,4.007777777777777,3.9,4.1
2000-09-25,3.9,0.0,0.0,3.933333333333333,4.006666666666666,3.9,4.1
2000-09-26,3.9,0.0,0.0,3.9266666666666667,4.0055555555555555,3.9,4.1
2000-09-27,3.9,0.0,0.0,3.92,4.004444444444444,3.9,4.1
2000-09-28,3.9,0.0,0.0,3.9133333333333336,4.003333333333334,3.9,4.1
2000-09-29,3.9,0.0,0.0,3.9066666666666663,4.002222222222222,3.9,4.1
2000-09-30,3.9,0.0,0.0,3.9,4.00111111111111,3.9,4.1
2000-10-01,3.9,0.0,0.0,3.9,4.0,3.9,3.9
2000-10-02,3.9,0.0,0.0,3.9,3.9988888888888887,3.9,3.9
2000-10-03,3.9,0.0,0.0,3.9,3.997777777777778,3.9,3.9
2000-10-04,3.9,0.0,0.0,3.9,3.9966666666666666,3.9,3.9
2000-10-05,3.9,0.0,0.0,3.9,3.9955555555555553,3.9,3.9
2000-10-06,3.9,0.0,0.0,3.9,3.9944444444444445,3.9,3.9
2000-10-07,3.9,0.0,0.0,3.9,3.993333333333333,3.9,3.9
2000-10-08,3.9,0.0,0.0,3.9,3.9922222222222223,3.9,3.9
2000-10-09,3.9,0.0,0.0,3.9,3.991111111111111,3.9,3.9
2000-10-10,3.9,0.0,0.0,3.9,3.9899999999999998,3.9,3.9
2000-10-11,3.9,0.0,0.0,3.9,3.988888888888889,3.9,3.9
2000-10-12,3.9,0.0,0.0,3.9,3.9877777777777776,3.9,3.9
2000-10-13,3.9,0.0,0.0,3.9,3.986666666666667,3.9,3.9
2000-10-14,3.9,0.0,0.0,3.9,3.9855555555555555,3.9,3.9
2000-10-15,3.9,0.0,0.0,3.9,3.9844444444444442,3.9,3.9
2000-10-16,3.9,0.0,0.0,3.9,3.9833333333333334,3.9,3.9
2000-10-17,3.9,0.0,0.0,3.9,3.982222222222222,3.9,3.9
2000-10-18,3.9,0.0,0.0,3.9,3.9811111111111113,3.9,3.9
2000-10-19,3.9,0.0,0.0,3.9,3.98,3.9,3.9
2000-10-20,3.9,0.0,0.0,3.9,3.9788888888888887,3.9,3.9
2000-10-21,3.9,0.0,0.0,3.9,3.977777777777778,3.9,3.9
2000-10-22,3.9,0.0,0.0,3.9,3.9766666666666666,3.9,3.9
2000-10-23,3.9,0.0,0.0,3.9,3.9755555555555557,3.9,3.9
2000-10-24,3.9,0.0,0.0,3.9,3.9744444444444444,3.9,3.9
2000-10-25,3.9,0.0,0.0,3.9,3.973333333333333,3.9,3.9
2000-10-26,3.9,0.0,0.0,3.9,3.9722222222222223,3.9,3.9
2000-10-27,3.9,0.0,0.0,3.9,3.971111111111111,3.9,3.9
2000-10-28,3.9,0.0,0.0,3.9,3.97,3.9,3.9
2000-10-29,3.9,0.0,0.0,3.9,3.968888888888889,3.9,3.9
2000-10-30,3.9,0.0,0.0,3.9,3.966666666666666,3.9,3.9
2000-10-31,3.9,0.0,0.0,3.9,3.9644444444444447,3.9,3.9
2000-11-01,3.9,0.0,0.0,3.9,3.9622222222222216,3.9,3.9
2000-11-02,3.9,0.0,0.0,3.9,3.9600000000000004,3.9,3.9
2000-11-03,3.9,0.0,0.0,3.9,3.957777777777778,3.9,3.9
2000-11-04,3.9,0.0,0.0,3.9,3.955555555555555,3.9,3.9
2000-11-05,3.9,0.0,0.0,3.9,3.9533333333333336,3.9,3.9
2000-11-06,3.9,0.0,0.0,3.9,3.9511111111111106,3.9,3.9
2000-11-07,3.9,0.0,0.0,3.9,3.9488888888888893,3.9,3.9
2000-11-08,3.9,0.0,0.0,3.9,3.9466666666666663,3.9,3.9
2000-11-09,3.9,0.0,0.0,3.9,3.9444444444444438,3.9,3.9
2000-11-10,3.9,0.0,0.0,3.9,3.9422222222222225,3.9,3.9
2000-11-11,3.9,0.0,0.0,3.9,3.9399999999999995,3.9,3.9
2000-11-12,3.9,0.0,0.0,3.9,3.9377777777777783,3.9,3.9
2000-11-13,3.9,0.0,0.0,3.9,3.9355555555555553,3.9,3.9
2000-11-14,3.9,0.0,0.0,3.9,3.9333333333333327,3.9,3.9
2000-11-15,3.9,0.0,0.0,3.9,3.9311111111111114,3.9,3.9
2000-11-16,3.9,0.0,0.0,3.9,3.9288888888888884,3.9,3.9
2000-11-17,3.9,0.0,0.0,3.9,3.926666666666667,3.9,3.9
2000-11-18,3.9,0.0,0.0,3.9,3.924444444444444,3.9,3.9
2000-11-19,3.9,0.0,0.0,3.9,3.9222222222222216,3.9,3.9
2000-11-20,3.9,0.0,0.0,3.9,3.92,3.9,3.9
2000-11-21,3.9,0.0,0.0,3.9,3.9177777777777774,3.9,3.9
2000-11-22,3.9,0.0,0.0,3.9,3.915555555555556,3.9,3.9
2000-11-23,3.9,0.0,0.0,3.9,3.913333333333333,3.9,3.9
2000-11-24,3.9,0.0,0.0,3.9,3.9111111111111105,3.9,3.9
2000-11-25,3.9,0.0,0.0,3.9,3.908888888888889,3.9,3.9
2000-11-26,3.9,0.0,0.0,3.9,3.9066666666666663,3.9,3.9
2000-11-27,3.9,0.0,0.0,3.9,3.9044444444444446,3.9,3.9
2000-11-28,3.9,0.0,0.0,3.9,3.902222222222222,3.9,3.9
2000-11-29,3.9,0.0,0.0,3.9,3.9,3.9,3.9
2000-11-30,3.9,0.0,0.0,3.9,3.9,3.9,3.9
2000-12-01,3.9,0.0,0.0,3.9,3.9,3.9,3.9
2000-12-02,3.9,0.0,0.0,3.9,3.9,3.9,3.9
2000-12-03,3.9,0.0,0.0,3.9,3.9,3.9,3.9
2000-12-04,3.9,0.0,0.0,3.9,3.9,3.9,3.9
2000-12-05,3.9,0.0,0.0,3.9,3.9,3.9,3.9
2000-12-06,3.9,0.0,0.0,3.9,3.9,3.9,3.9
2000-12-07,3.9,0.0,0.0,3.9,3.9,3.9,3.9
2000-12-08,3.9,0.0,0.0,3.9,3.9,3.9,3.9
2000-12-09,3.9,0.0,0.0,3.9,3.9,3.9,3.9
2000-12-10,3.9,0.0,0.0,3.9,3.9,3.9,3.9
2000-12-11,3.9,0.0,0.0,3.9,3.9,3.9,3.9
2000-12-12,3.9,0.0,0.0,3.9,3.9,3.9,3.9
2000-12-13,3.9,0.0,0.0,3.9,3.9,3.9,3.9
2000-12-14,3.9,0.0,0.0,3.9,3.9,3.9,3.9
2000-12-15,3.9,0.0,0.0,3.9,3.9,3.9,3.9
2000-12-16,3.9,0.0,0.0,3.9,3.9,3.9,3.9
2000-12-17,3.9,0.0,0.0,3.9,3.9,3.9,3.9
2000-12-18,3.9,0.0,0.0,3.9,3.9,3.9,3.9
2000-12-19,3.9,0.0,0.0,3.9,3.9,3.9,3.9
2000-12-20,3.9,0.0,0.0,3.9,3.9,3.9,3.9
2000-12-21,3.9,0.0,0.0,3.9,3.9,3.9,3.9
2000-12-22,3.9,0.0,0.0,3.9,3.9,3.9,3.9
2000-12-23,3.9,0.0,0.0,3.9,3.9,3.9,3.9
2000-12-24,3.9,0.0,0.0,3.9,3.9,3.9,3.9
2000-12-25,3.9,0.0,0.0,3.9,3.9,3.9,3.9
2000-12-26,3.9,0.0,0.0,3.9,3.9,3.9,3.9
2000-12-27,3.9,0.0,0.0,3.9,3.9,3.9,3.9
2000-12-28,3.9,0.0,0.0,3.9,3.9,3.9,3.9
2000-12-29,3.9,0.0,0.0,3.9,3.9,3.9,3.9
2000-12-30,3.9,0.0,0.0,3.9,3.9,3.9,3.9
2000-12-31,3.9,0.0,0.0,3.9,3.9,3.9,3.9
2001-01-01,4.2,0.30000000000000027,0.0769230769230771,3.9099999999999997,3.903333333333333,3.9,3.9
2001-01-02,4.2,0.0,0.0,3.92,3.9066666666666667,3.9,3.9
2001-01-03,4.2,0.0,0.0,3.9299999999999997,3.9100000000000006,3.9,3.9
2001-01-04,4.2,0.0,0.0,3.94,3.913333333333333,3.9,3.9
2001-01-05,4.2,0.0,0.0,3.95,3.9166666666666665,3.9,3.9
2001-01-06,4.2,0.0,0.0,3.96,3.9199999999999995,3.9,3.9
2001-01-07,4.2,0.0,0.0,3.9699999999999998,3.923333333333334,3.9,3.9
2001-01-08,4.2,0.0,0.0,3.9799999999999995,3.926666666666667,4.2,3.9
2001-01-09,4.2,0.0,0.0,3.99,3.9299999999999997,4.2,3.9
2001-01-10,4.2,0.0,0.0,4.0,3.933333333333333,4.2,3.9
2001-01-11,4.2,0.0,0.0,4.010000000000001,3.936666666666666,4.2,3.9
2001-01-12,4.2,0.0,0.0,4.02,3.9400000000000004,4.2,3.9
2001-01-13,4.2,0.0,0.0,4.03,3.943333333333334,4.2,3.9
2001-01-14,4.2,0.0,0.0,4.04,3.9466666666666663,4.2,3.9
2001-01-15,4.2,0.0,0.0,4.05,3.95,4.2,3.9
2001-01-16,4.2,0.0,0.0,4.0600000000000005,3.9533333333333327,4.2,3.9
2001-01-17,4.2,0.0,0.0,4.069999999999999,3.956666666666667,4.2,3.9
2001-01-18,4.2,0.0,0.0,4.08,3.9600000000000004,4.2,3.9
2001-01-19,4.2,0.0,0.0,4.09,3.9633333333333334,4.2,3.9
2001-01-20,4.2,0.0,0.0,4.1,3.966666666666667,4.2,3.9
2001-01-21,4.2,0.0,0.0,4.11,3.9699999999999993,4.2,3.9
2001-01-22,4.2,0.0,0.0,4.12,3.9733333333333336,4.2,3.9
2001-01-23,4.2,0.0,0.0,4.13,3.976666666666667,4.2,3.9
2001-01-24,4.2,0.0,0.0,4.14,3.98,4.2,3.9
2001-01-25,4.2,0.0,0.0,4.15,3.9833333333333334,4.2,3.9
2001-01-26,4.2,0.0,0.0,4.16,3.9866666666666664,4.2,3.9
2001-01-27,4.2,0.0,0.0,4.17,3.99,4.2,3.9
2001-01-28,4.2,0.0,0.0,4.180000000000001,3.9933333333333336,4.2,3.9
2001-01-29,4.2,0.0,0.0,4.19,3.9966666666666666,4.2,3.9
2001-01-30,4.2,0.0,0.0,4.2,4.0,4.2,3.9
2001-01-31,4.2,0.0,0.0,4.2,4.003333333333333,4.2,4.2
2001-02-01,4.2,0.0,0.0,4.2,4.006666666666667,4.2,4.2
2001-02-02,4.2,0.0,0.0,4.2,4.010000000000001,4.2,4.2
2001-02-03,4.2,0.0,0.0,4.2,4.013333333333334,4.2,4.2
2001-02-04,4.2,0.0,0.0,4.2,4.016666666666667,4.2,4.2
2001-02-05,4.2,0.0,0.0,4.2,4.02,4.2,4.2
2001-02-06,4.2,0.0,0.0,4.2,4.023333333333333,4.2,4.2
2001-02-07,4.2,0.0,0.0,4.2,4.026666666666667,4.2,4.2
2001-02-08,4.2,0.0,0.0,4.2,4.03,4.2,4.2
2001-02-09,4.2,0.0,0.0,4.2,4.033333333333333,4.2,4.2
2001-02-10,4.2,0.0,0.0,4.2,4.036666666666666,4.2,4.2
2001-02-11,4.2,0.0,0.0,4.2,4.04,4.2,4.2
2001-02-12,4.2,0.0,0.0,4.2,4.043333333333334,4.2,4.2
2001-02-13,4.2,0.0,0.0,4.2,4.046666666666667,4.2,4.2
2001-02-14,4.2,0.0,0.0,4.2,4.05,4.2,4.2
2001-02-15,4.2,0.0,0.0,4.2,4.053333333333333,4.2,4.2
2001-02-16,4.2,0.0,0.0,4.2,4.056666666666667,4.2,4.2
2001-02-17,4.2,0.0,0.0,4.2,4.0600000000000005,4.2,4.2
2001-02-18,4.2,0.0,0.0,4.2,4.0633333333333335,4.2,4.2
2001-02-19,4.2,0.0,0.0,4.2,4.066666666666666,4.2,4.2
2001-02-20,4.2,0.0,0.0,4.2,4.069999999999999,4.2,4.2
2001-02-21,4.2,0.0,0.0,4.2,4.073333333333333,4.2,4.2
2001-02-22,4.2,0.0,0.0,4.2,4.076666666666667,4.2,4.2
2001-02-23,4.2,0.0,0.0,4.2,4.08,4.2,4.2
2001-02-24,4.2,0.0,0.0,4.2,4.083333333333333,4.2,4.2
2001-02-25,4.2,0.0,0.0,4.2,4.086666666666667,4.2,4.2
2001-02-26,4.2,0.0,0.0,4.2,4.09,4.2,4.2
2001-02-27,4.2,0.0,0.0,4.2,4.093333333333334,4.2,4.2
2001-02-28,4.2,0.0,0.0,4.2,4.096666666666667,4.2,4.2
2001-03-01,4.3,0.09999999999999964,0.023809523809523725,4.203333333333334,4.101111111111111,4.2,4.2
2001-03-02,4.3,0.0,0.0,4.206666666666667,4.105555555555555,4.2,4.2
2001-03-03,4.3,0.0,0.0,4.21,4.11,4.2,4.2
2001-03-04,4.3,0.0,0.0,4.213333333333334,4.114444444444445,4.2,4.2
2001-03-05,4.3,0.0,0.0,4.216666666666667,4.118888888888889,4.2,4.2
2001-03-06,4.3,0.0,0.0,4.220000000000001,4.123333333333334,4.2,4.2
2001-03-07,4.3,0.0,0.0,4.223333333333334,4.127777777777778,4.2,4.2
2001-03-08,4.3,0.0,0.0,4.226666666666667,4.132222222222222,4.3,4.2
2001-03-09,4.3,0.0,0.0,4.23,4.136666666666667,4.3,4.2
2001-03-10,4.3,0.0,0.0,4.233333333333333,4.141111111111111,4.3,4.2
2001-03-11,4.3,0.0,0.0,4.236666666666667,4.145555555555556,4.3,4.2
2001-03-12,4.3,0.0,0.0,4.24,4.15,4.3,4.2
2001-03-13,4.3,0.0,0.0,4.243333333333333,4.154444444444445,4.3,4.2
2001-03-14,4.3,0.0,0.0,4.246666666666666,4.158888888888889,4.3,4.2
2001-03-15,4.3,0.0,0.0,4.25,4.163333333333333,4.3,4.2
2001-03-16,4.3,0.0,0.0,4.253333333333333,4.167777777777778,4.3,4.2
2001-03-17,4.3,0.0,0.0,4.256666666666667,4.1722222222222225,4.3,4.2
2001-03-18,4.3,0.0,0.0,4.26,4.176666666666667,4.3,4.2
2001-03-19,4.3,0.0,0.0,4.263333333333333,4.181111111111111,4.3,4.2
2001-03-20,4.3,0.0,0.0,4.266666666666667,4.185555555555555,4.3,4.2
2001-03-21,4.3,0.0,0.0,4.27,4.19,4.3,4.2
2001-03-22,4.3,0.0,0.0,4.2733333333333325,4.194444444444445,4.3,4.2
2001-03-23,4.3,0.0,0.0,4.276666666666666,4.198888888888889,4.3,4.2
2001-03-24,4.3,0.0,0.0,4.279999999999999,4.203333333333333,4.3,4.2
2001-03-25,4.3,0.0,0.0,4.283333333333333,4.207777777777777,4.3,4.2
2001-03-26,4.3,0.0,0.0,4.286666666666666,4.2122222222222225,4.3,4.2
2001-03-27,4.3,0.0,0.0,4.29,4.216666666666667,4.3,4.2
2001-03-28,4.3,0.0,0.0,4.293333333333333,4.221111111111111,4.3,4.2
2001-03-29,4.3,0.0,0.0,4.296666666666666,4.225555555555555,4.3,4.2
2001-03-30,4.3,0.0,0.0,4.3,4.2299999999999995,4.3,4.2
2001-03-31,4.3,0.0,0.0,4.3,4.234444444444445,4.3,4.3
2001-04-01,4.4,0.10000000000000053,0.023255813953488413,4.303333333333333,4.236666666666666,4.3,4.3
2001-04-02,4.4,0.0,0.0,4.306666666666667,4.238888888888889,4.3,4.3
2001-04-03,4.4,0.0,0.0,4.3100000000000005,4.241111111111111,4.3,4.3
2001-04-04,4.4,0.0,0.0,4.3133333333333335,4.243333333333333,4.3,4.3
2001-04-05,4.4,0.0,0.0,4.316666666666666,4.245555555555556,4.3,4.3
2001-04-06,4.4,0.0,0.0,4.319999999999999,4.247777777777778,4.3,4.3
2001-04-07,4.4,0.0,0.0,4.323333333333333,4.25,4.3,4.3
2001-04-08,4.4,0.0,0.0,4.326666666666667,4.252222222222222,4.4,4.3
2001-04-09,4.4,0.0,0.0,4.33,4.254444444444444,4.4,4.3
2001-04-10,4.4,0.0,0.0,4.333333333333333,4.256666666666667,4.4,4.3
2001-04-11,4.4,0.0,0.0,4.336666666666667,4.258888888888889,4.4,4.3
2001-04-12,4.4,0.0,0.0,4.34,4.261111111111111,4.4,4.3
2001-04-13,4.4,0.0,0.0,4.343333333333334,4.263333333333334,4.4,4.3
2001-04-14,4.4,0.0,0.0,4.346666666666667,4.265555555555556,4.4,4.3
2001-04-15,4.4,0.0,0.0,4.35,4.267777777777778,4.4,4.3
2001-04-16,4.4,0.0,0.0,4.3533333333333335,4.2700000000000005,4.4,4.3
2001-04-17,4.4,0.0,0.0,4.3566666666666665,4.272222222222222,4.4,4.3
2001-04-18,4.4,0.0,0.0,4.36,4.274444444444445,4.4,4.3
2001-04-19,4.4,0.0,0.0,4.363333333333333,4.276666666666667,4.4,4.3
2001-04-20,4.4,0.0,0.0,4.366666666666666,4.278888888888889,4.4,4.3
2001-04-21,4.4,0.0,0.0,4.37,4.2811111111111115,4.4,4.3
2001-04-22,4.4,0.0,0.0,4.373333333333334,4.283333333333333,4.4,4.3
2001-04-23,4.4,0.0,0.0,4.376666666666667,4.285555555555556,4.4,4.3
2001-04-24,4.4,0.0,0.0,4.38,4.287777777777778,4.4,4.3
2001-04-25,4.4,0.0,0.0,4.383333333333334,4.29,4.4,4.3
2001-04-26,4.4,0.0,0.0,4.386666666666667,4.292222222222223,4.4,4.3
2001-04-27,4.4,0.0,0.0,4.390000000000001,4.294444444444444,4.4,4.3
2001-04-28,4.4,0.0,0.0,4.3933333333333335,4.296666666666667,4.4,4.3
2001-04-29,4.4,0.0,0.0,4.3966666666666665,4.298888888888889,4.4,4.3
2001-04-30,4.4,0.0,0.0,4.4,4.301111111111111,4.4,4.3
2001-05-01,4.3,-0.10000000000000053,-0.022727272727272818,4.3966666666666665,4.302222222222222,4.4,4.4
2001-05-02,4.3,0.0,0.0,4.3933333333333335,4.303333333333334,4.4,4.4
2001-05-03,4.3,0.0,0.0,4.390000000000001,4.304444444444444,4.4,4.4
2001-05-04,4.3,0.0,0.0,4.386666666666667,4.305555555555555,4.4,4.4
2001-05-05,4.3,0.0,0.0,4.383333333333334,4.306666666666667,4.4,4.4
2001-05-06,4.3,0.0,0.0,4.38,4.307777777777778,4.4,4.4
2001-05-07,4.3,0.0,0.0,4.376666666666667,4.308888888888889,4.4,4.4
2001-05-08,4.3,0.0,0.0,4.373333333333334,4.31,4.3,4.4
2001-05-09,4.3,0.0,0.0,4.37,4.311111111111111,4.3,4.4
2001-05-10,4.3,0.0,0.0,4.366666666666666,4.312222222222222,4.3,4.4
2001-05-11,4.3,0.0,0.0,4.363333333333333,4.3133333333333335,4.3,4.4
2001-05-12,4.3,0.0,0.0,4.36,4.314444444444445,4.3,4.4
2001-05-13,4.3,0.0,0.0,4.356666666666667,4.315555555555555,4.3,4.4
2001-05-14,4.3,0.0,0.0,4.3533333333333335,4.316666666666666,4.3,4.4
2001-05-15,4.3,0.0,0.0,4.35,4.317777777777778,4.3,4.4
2001-05-16,4.3,0.0,0.0,4.346666666666667,4.318888888888889,4.3,4.4
2001-05-17,4.3,0.0,0.0,4.343333333333334,4.32,4.3,4.4
2001-05-18,4.3,0.0,0.0,4.34,4.321111111111111,4.3,4.4
2001-05-19,4.3,0.0,0.0,4.336666666666667,4.322222222222222,4.3,4.4
2001-05-20,4.3,0.0,0.0,4.333333333333333,4.323333333333333,4.3,4.4
2001-05-21,4.3,0.0,0.0,4.33,4.3244444444444445,4.3,4.4
2001-05-22,4.3,0.0,0.0,4.326666666666667,4.325555555555556,4.3,4.4
2001-05-23,4.3,0.0,0.0,4.323333333333333,4.326666666666666,4.3,4.4
2001-05-24,4.3,0.0,0.0,4.319999999999999,4.3277777777777775,4.3,4.4
2001-05-25,4.3,0.0,0.0,4.316666666666666,4.328888888888889,4.3,4.4
2001-05-26,4.3,0.0,0.0,4.313333333333333,4.33,4.3,4.4
2001-05-27,4.3,0.0,0.0,4.3100000000000005,4.331111111111111,4.3,4.4
2001-05-28,4.3,0.0,0.0,4.306666666666667,4.332222222222222,4.3,4.4
2001-05-29,4.3,0.0,0.0,4.303333333333333,4.333333333333333,4.3,4.4
2001-05-30,4.3,0.0,0.0,4.3,4.333333333333333,4.3,4.4
2001-05-31,4.3,0.0,0.0,4.3,4.333333333333333,4.3,4.3
2001-06-01,4.5,0.20000000000000018,0.04651162790697683,4.306666666666667,4.335555555555556,4.3,4.3
2001-06-02,4.5,0.0,0.0,4.313333333333333,4.337777777777778,4.3,4.3
2001-06-03,4.5,0.0,0.0,4.319999999999999,4.34,4.3,4.3
2001-06-04,4.5,0.0,0.0,4.326666666666666,4.342222222222222,4.3,4.3
2001-06-05,4.5,0.0,0.0,4.333333333333333,4.344444444444444,4.3,4.3
2001-06-06,4.5,0.0,0.0,4.34,4.346666666666668,4.3,4.3
2001-06-07,4.5,0.0,0.0,4.346666666666666,4.348888888888889,4.3,4.3
2001-06-08,4.5,0.0,0.0,4.3533333333333335,4.351111111111111,4.5,4.3
2001-06-09,4.5,0.0,0.0,4.359999999999999,4.3533333333333335,4.5,4.3
2001-06-10,4.5,0.0,0.0,4.366666666666666,4.355555555555555,4.5,4.3
2001-06-11,4.5,0.0,0.0,4.373333333333333,4.357777777777779,4.5,4.3
2001-06-12,4.5,0.0,0.0,4.379999999999999,4.36,4.5,4.3
2001-06-13,4.5,0.0,0.0,4.386666666666667,4.362222222222223,4.5,4.3
2001-06-14,4.5,0.0,0.0,4.393333333333333,4.364444444444445,4.5,4.3
2001-06-15,4.5,0.0,0.0,4.4,4.366666666666666,4.5,4.3
2001-06-16,4.5,0.0,0.0,4.406666666666666,4.36888888888889,4.5,4.3
2001-06-17,4.5,0.0,0.0,4.413333333333333,4.371111111111111,4.5,4.3
2001-06-18,4.5,0.0,0.0,4.42,4.373333333333334,4.5,4.3
2001-06-19,4.5,0.0,0.0,4.426666666666667,4.375555555555556,4.5,4.3
2001-06-20,4.5,0.0,0.0,4.433333333333334,4.377777777777778,4.5,4.3
2001-06-21,4.5,0.0,0.0,4.4399999999999995,4.380000000000001,4.5,4.3
2001-06-22,4.5,0.0,0.0,4.446666666666667,4.3822222222222225,4.5,4.3
2001-06-23,4.5,0.0,0.0,4.453333333333333,4.384444444444445,4.5,4.3
2001-06-24,4.5,0.0,0.0,4.46,4.386666666666667,4.5,4.3
2001-06-25,4.5,0.0,0.0,4.466666666666667,4.388888888888889,4.5,4.3
2001-06-26,4.5,0.0,0.0,4.473333333333333,4.391111111111112,4.5,4.3
2001-06-27,4.5,0.0,0.0,4.48,4.3933333333333335,4.5,4.3
2001-06-28,4.5,0.0,0.0,4.486666666666666,4.395555555555556,4.5,4.3
2001-06-29,4.5,0.0,0.0,4.493333333333334,4.397777777777778,4.5,4.3
2001-06-30,4.5,0.0,0.0,4.5,4.398888888888889,4.5,4.3
2001-07-01,4.6,0.09999999999999964,0.022222222222222143,4.503333333333333,4.401111111111111,4.5,4.5
2001-07-02,4.6,0.0,0.0,4.506666666666666,4.403333333333333,4.5,4.5
2001-07-03,4.6,0.0,0.0,4.510000000000001,4.405555555555556,4.5,4.5
2001-07-04,4.6,0.0,0.0,4.513333333333334,4.407777777777778,4.5,4.5
2001-07-05,4.6,0.0,0.0,4.516666666666667,4.41,4.5,4.5
2001-07-06,4.6,0.0,0.0,4.52,4.412222222222222,4.5,4.5
2001-07-07,4.6,0.0,0.0,4.5233333333333325,4.414444444444444,4.5,4.5
2001-07-08,4.6,0.0,0.0,4.526666666666666,4.416666666666667,4.6,4.5
2001-07-09,4.6,0.0,0.0,4.53,4.418888888888889,4.6,4.5
2001-07-10,4.6,0.0,0.0,4.533333333333333,4.421111111111111,4.6,4.5
2001-07-11,4.6,0.0,0.0,4.536666666666666,4.423333333333333,4.6,4.5
2001-07-12,4.6,0.0,0.0,4.54,4.4255555555555555,4.6,4.5
2001-07-13,4.6,0.0,0.0,4.543333333333333,4.427777777777777,4.6,4.5
2001-07-14,4.6,0.0,0.0,4.546666666666667,4.43,4.6,4.5
2001-07-15,4.6,0.0,0.0,4.55,4.432222222222222,4.6,4.5
2001-07-16,4.6,0.0,0.0,4.553333333333333,4.434444444444444,4.6,4.5
2001-07-17,4.6,0.0,0.0,4.556666666666667,4.4366666666666665,4.6,4.5
2001-07-18,4.6,0.0,0.0,4.56,4.438888888888888,4.6,4.5
2001-07-19,4.6,0.0,0.0,4.563333333333333,4.441111111111111,4.6,4.5
2001-07-20,4.6,0.0,0.0,4.566666666666666,4.443333333333333,4.6,4.5
2001-07-21,4.6,0.0,0.0,4.569999999999999,4.445555555555555,4.6,4.5
2001-07-22,4.6,0.0,0.0,4.573333333333333,4.447777777777778,4.6,4.5
2001-07-23,4.6,0.0,0.0,4.576666666666666,4.449999999999999,4.6,4.5
2001-07-24,4.6,0.0,0.0,4.579999999999999,4.452222222222222,4.6,4.5
2001-07-25,4.6,0.0,0.0,4.583333333333333,4.454444444444444,4.6,4.5
2001-07-26,4.6,0.0,0.0,4.586666666666667,4.456666666666666,4.6,4.5
2001-07-27,4.6,0.0,0.0,4.59,4.458888888888889,4.6,4.5
2001-07-28,4.6,0.0,0.0,4.593333333333333,4.46111111111111,4.6,4.5
2001-07-29,4.6,0.0,0.0,4.596666666666666,4.463333333333333,4.6,4.5
2001-07-30,4.6,0.0,0.0,4.6,4.466666666666667,4.6,4.5
2001-07-31,4.6,0.0,0.0,4.6,4.47,4.6,4.6
2001-08-01,4.9,0.3000000000000007,0.0652173913043479,4.61,4.4766666666666675,4.6,4.6
2001-08-02,4.9,0.0,0.0,4.619999999999999,4.483333333333333,4.6,4.6
2001-08-03,4.9,0.0,0.0,4.629999999999999,4.489999999999999,4.6,4.6
2001-08-04,4.9,0.0,0.0,4.64,4.496666666666666,4.6,4.6
2001-08-05,4.9,0.0,0.0,4.65,4.503333333333333,4.6,4.6
2001-08-06,4.9,0.0,0.0,4.66,4.510000000000001,4.6,4.6
2001-08-07,4.9,0.0,0.0,4.67,4.516666666666667,4.6,4.6
2001-08-08,4.9,0.0,0.0,4.679999999999999,4.5233333333333325,4.9,4.6
2001-08-09,4.9,0.0,0.0,4.6899999999999995,4.53,4.9,4.6
2001-08-10,4.9,0.0,0.0,4.7,4.536666666666666,4.9,4.6
2001-08-11,4.9,0.0,0.0,4.71,4.543333333333334,4.9,4.6
2001-08-12,4.9,0.0,0.0,4.720000000000001,4.55,4.9,4.6
2001-08-13,4.9,0.0,0.0,4.7299999999999995,4.556666666666667,4.9,4.6
2001-08-14,4.9,0.0,0.0,4.739999999999999,4.5633333333333335,4.9,4.6
2001-08-15,4.9,0.0,0.0,4.75,4.569999999999999,4.9,4.6
2001-08-16,4.9,0.0,0.0,4.760000000000001,4.576666666666667,4.9,4.6
2001-08-17,4.9,0.0,0.0,4.7700000000000005,4.583333333333333,4.9,4.6
2001-08-18,4.9,0.0,0.0,4.779999999999999,4.59,4.9,4.6
2001-08-19,4.9,0.0,0.0,4.79,4.596666666666667,4.9,4.6
2001-08-20,4.9,0.0,0.0,4.8,4.603333333333333,4.9,4.6
2001-08-21,4.9,0.0,0.0,4.8100000000000005,4.61,4.9,4.6
2001-08-22,4.9,0.0,0.0,4.820000000000001,4.616666666666666,4.9,4.6
2001-08-23,4.9,0.0,0.0,4.83,4.623333333333333,4.9,4.6
2001-08-24,4.9,0.0,0.0,4.84,4.63,4.9,4.6
2001-08-25,4.9,0.0,0.0,4.85,4.636666666666666,4.9,4.6
2001-08-26,4.9,0.0,0.0,4.86,4.6433333333333335,4.9,4.6
2001-08-27,4.9,0.0,0.0,4.870000000000001,4.65,4.9,4.6
2001-08-28,4.9,0.0,0.0,4.880000000000001,4.656666666666667,4.9,4.6
2001-08-29,4.9,0.0,0.0,4.89,4.663333333333333,4.9,4.6
2001-08-30,4.9,0.0,0.0,4.9,4.667777777777777,4.9,4.6
2001-08-31,4.9,0.0,0.0,4.9,4.6722222222222225,4.9,4.9
2001-09-01,5.0,0.09999999999999964,0.020408163265306145,4.903333333333334,4.677777777777778,4.9,4.9
2001-09-02,5.0,0.0,0.0,4.906666666666667,4.683333333333334,4.9,4.9
2001-09-03,5.0,0.0,0.0,4.91,4.688888888888889,4.9,4.9
2001-09-04,5.0,0.0,0.0,4.913333333333333,4.694444444444445,4.9,4.9
2001-09-05,5.0,0.0,0.0,4.916666666666667,4.7,4.9,4.9
2001-09-06,5.0,0.0,0.0,4.920000000000001,4.705555555555556,4.9,4.9
2001-09-07,5.0,0.0,0.0,4.923333333333334,4.711111111111111,4.9,4.9
2001-09-08,5.0,0.0,0.0,4.926666666666667,4.716666666666667,5.0,4.9
2001-09-09,5.0,0.0,0.0,4.930000000000001,4.722222222222222,5.0,4.9
2001-09-10,5.0,0.0,0.0,4.933333333333334,4.727777777777778,5.0,4.9
2001-09-11,5.0,0.0,0.0,4.936666666666667,4.733333333333333,5.0,4.9
2001-09-12,5.0,0.0,0.0,4.94,4.738888888888889,5.0,4.9
2001-09-13,5.0,0.0,0.0,4.943333333333333,4.7444444444444445,5.0,4.9
2001-09-14,5.0,0.0,0.0,4.946666666666667,4.75,5.0,4.9
2001-09-15,5.0,0.0,0.0,4.95,4.7555555555555555,5.0,4.9
2001-09-16,5.0,0.0,0.0,4.953333333333333,4.761111111111111,5.0,4.9
2001-09-17,5.0,0.0,0.0,4.956666666666667,4.766666666666667,5.0,4.9
2001-09-18,5.0,0.0,0.0,4.96,4.772222222222222,5.0,4.9
2001-09-19,5.0,0.0,0.0,4.963333333333334,4.777777777777778,5.0,4.9
2001-09-20,5.0,0.0,0.0,4.966666666666667,4.783333333333333,5.0,4.9
2001-09-21,5.0,0.0,0.0,4.97,4.788888888888889,5.0,4.9
2001-09-22,5.0,0.0,0.0,4.973333333333334,4.794444444444444,5.0,4.9
2001-09-23,5.0,0.0,0.0,4.9766666666666675,4.8,5.0,4.9
2001-09-24,5.0,0.0,0.0,4.98,4.805555555555555,5.0,4.9
2001-09-25,5.0,0.0,0.0,4.983333333333333,4.811111111111111,5.0,4.9
2001-09-26,5.0,0.0,0.0,4.986666666666666,4.816666666666666,5.0,4.9
2001-09-27,5.0,0.0,0.0,4.989999999999999,4.822222222222222,5.0,4.9
2001-09-28,5.0,0.0,0.0,4.993333333333334,4.8277777777777775,5.0,4.9
2001-09-29,5.0,0.0,0.0,4.996666666666667,4.832222222222223,5.0,4.9
2001-09-30,5.0,0.0,0.0,5.0,4.836666666666667,5.0,4.9
2001-10-01,5.3,0.2999999999999998,0.06000000000000005,5.010000000000001,4.844444444444445,5.0,5.0
2001-10-02,5.3,0.0,0.0,5.02,4.852222222222222,5.0,5.0
2001-10-03,5.3,0.0,0.0,5.03,4.859999999999999,5.0,5.0
2001-10-04,5.3,0.0,0.0,5.04,4.867777777777778,5.0,5.0
2001-10-05,5.3,0.0,0.0,5.05,4.875555555555556,5.0,5.0
2001-10-06,5.3,0.0,0.0,5.0600000000000005,4.883333333333334,5.0,5.0
2001-10-07,5.3,0.0,0.0,5.069999999999999,4.891111111111111,5.0,5.0
2001-10-08,5.3,0.0,0.0,5.08,4.898888888888889,5.3,5.0
2001-10-09,5.3,0.0,0.0,5.09,4.906666666666667,5.3,5.0
2001-10-10,5.3,0.0,0.0,5.1,4.914444444444444,5.3,5.0
2001-10-11,5.3,0.0,0.0,5.109999999999999,4.9222222222222225,5.3,5.0
2001-10-12,5.3,0.0,0.0,5.12,4.93,5.3,5.0
2001-10-13,5.3,0.0,0.0,5.13,4.937777777777778,5.3,5.0
2001-10-14,5.3,0.0,0.0,5.14,4.945555555555556,5.3,5.0
2001-10-15,5.3,0.0,0.0,5.15,4.953333333333333,5.3,5.0
2001-10-16,5.3,0.0,0.0,5.159999999999999,4.961111111111111,5.3,5.0
2001-10-17,5.3,0.0,0.0,5.17,4.9688888888888885,5.3,5.0
2001-10-18,5.3,0.0,0.0,5.180000000000001,4.976666666666667,5.3,5.0
2001-10-19,5.3,0.0,0.0,5.1899999999999995,4.984444444444445,5.3,5.0
2001-10-20,5.3,0.0,0.0,5.2,4.992222222222223,5.3,5.0
2001-10-21,5.3,0.0,0.0,5.209999999999999,5.0,5.3,5.0
2001-10-22,5.3,0.0,0.0,5.22,5.007777777777777,5.3,5.0
2001-10-23,5.3,0.0,0.0,5.23,5.015555555555555,5.3,5.0
2001-10-24,5.3,0.0,0.0,5.239999999999999,5.023333333333333,5.3,5.0
2001-10-25,5.3,0.0,0.0,5.25,5.0311111111111115,5.3,5.0
2001-10-26,5.3,0.0,0.0,5.26,5.038888888888889,5.3,5.0
2001-10-27,5.3,0.0,0.0,5.27,5.046666666666667,5.3,5.0
2001-10-28,5.3,0.0,0.0,5.28,5.054444444444444,5.3,5.0
2001-10-29,5.3,0.0,0.0,5.29,5.062222222222222,5.3,5.0
2001-10-30,5.3,0.0,0.0,5.3,5.066666666666666,5.3,5.0
2001-10-31,5.3,0.0,0.0,5.3,5.071111111111111,5.3,5.3
2001-11-01,5.5,0.20000000000000018,0.037735849056603765,5.306666666666667,5.0777777777777775,5.3,5.3
2001-11-02,5.5,0.0,0.0,5.313333333333333,5.084444444444444,5.3,5.3
2001-11-03,5.5,0.0,0.0,5.319999999999999,5.091111111111111,5.3,5.3
2001-11-04,5.5,0.0,0.0,5.326666666666666,5.097777777777777,5.3,5.3
2001-11-05,5.5,0.0,0.0,5.333333333333333,5.104444444444444,5.3,5.3
2001-11-06,5.5,0.0,0.0,5.34,5.111111111111111,5.3,5.3
2001-11-07,5.5,0.0,0.0,5.346666666666666,5.1177777777777775,5.3,5.3
2001-11-08,5.5,0.0,0.0,5.3533333333333335,5.124444444444444,5.5,5.3
2001-11-09,5.5,0.0,0.0,5.359999999999999,5.13111111111111,5.5,5.3
2001-11-10,5.5,0.0,0.0,5.366666666666666,5.137777777777777,5.5,5.3
2001-11-11,5.5,0.0,0.0,5.373333333333333,5.144444444444445,5.5,5.3
2001-11-12,5.5,0.0,0.0,5.379999999999999,5.151111111111111,5.5,5.3
2001-11-13,5.5,0.0,0.0,5.386666666666667,5.157777777777778,5.5,5.3
2001-11-14,5.5,0.0,0.0,5.393333333333333,5.1644444444444435,5.5,5.3
2001-11-15,5.5,0.0,0.0,5.4,5.171111111111111,5.5,5.3
2001-11-16,5.5,0.0,0.0,5.406666666666666,5.177777777777778,5.5,5.3
2001-11-17,5.5,0.0,0.0,5.413333333333332,5.184444444444444,5.5,5.3
2001-11-18,5.5,0.0,0.0,5.42,5.191111111111111,5.5,5.3
2001-11-19,5.5,0.0,0.0,5.426666666666666,5.197777777777778,5.5,5.3
2001-11-20,5.5,0.0,0.0,5.433333333333334,5.204444444444444,5.5,5.3
2001-11-21,5.5,0.0,0.0,5.4399999999999995,5.211111111111111,5.5,5.3
2001-11-22,5.5,0.0,0.0,5.446666666666666,5.217777777777777,5.5,5.3
2001-11-23,5.5,0.0,0.0,5.453333333333333,5.224444444444444,5.5,5.3
2001-11-24,5.5,0.0,0.0,5.459999999999999,5.231111111111111,5.5,5.3
2001-11-25,5.5,0.0,0.0,5.466666666666667,5.237777777777778,5.5,5.3
2001-11-26,5.5,0.0,0.0,5.473333333333333,5.2444444444444445,5.5,5.3
2001-11-27,5.5,0.0,0.0,5.4799999999999995,5.25111111111111,5.5,5.3
2001-11-28,5.5,0.0,0.0,5.486666666666666,5.257777777777777,5.5,5.3
2001-11-29,5.5,0.0,0.0,5.493333333333333,5.264444444444444,5.5,5.3
2001-11-30,5.5,0.0,0.0,5.5,5.27,5.5,5.3
2001-12-01,5.7,0.20000000000000018,0.036363636363636376,5.506666666666667,5.277777777777778,5.5,5.5
2001-12-02,5.7,0.0,0.0,5.513333333333334,5.285555555555556,5.5,5.5
2001-12-03,5.7,0.0,0.0,5.5200000000000005,5.293333333333333,5.5,5.5
2001-12-04,5.7,0.0,0.0,5.526666666666667,5.301111111111111,5.5,5.5
2001-12-05,5.7,0.0,0.0,5.533333333333333,5.308888888888888,5.5,5.5
2001-12-06,5.7,0.0,0.0,5.540000000000001,5.316666666666666,5.5,5.5
2001-12-07,5.7,0.0,0.0,5.546666666666667,5.3244444444444445,5.5,5.5
2001-12-08,5.7,0.0,0.0,5.553333333333334,5.332222222222222,5.7,5.5
2001-12-09,5.7,0.0,0.0,5.5600000000000005,5.34,5.7,5.5
2001-12-10,5.7,0.0,0.0,5.566666666666666,5.347777777777777,5.7,5.5
2001-12-11,5.7,0.0,0.0,5.573333333333334,5.355555555555555,5.7,5.5
2001-12-12,5.7,0.0,0.0,5.58,5.363333333333333,5.7,5.5
2001-12-13,5.7,0.0,0.0,5.586666666666668,5.3711111111111105,5.7,5.5
2001-12-14,5.7,0.0,0.0,5.593333333333334,5.378888888888889,5.7,5.5
2001-12-15,5.7,0.0,0.0,5.6,5.386666666666666,5.7,5.5
2001-12-16,5.7,0.0,0.0,5.606666666666667,5.394444444444445,5.7,5.5
2001-12-17,5.7,0.0,0.0,5.613333333333333,5.402222222222222,5.7,5.5
2001-12-18,5.7,0.0,0.0,5.620000000000001,5.41,5.7,5.5
2001-12-19,5.7,0.0,0.0,5.626666666666667,5.417777777777777,5.7,5.5
2001-12-20,5.7,0.0,0.0,5.633333333333334,5.4255555555555555,5.7,5.5
2001-12-21,5.7,0.0,0.0,5.640000000000001,5.433333333333334,5.7,5.5
2001-12-22,5.7,0.0,0.0,5.6466666666666665,5.441111111111111,5.7,5.5
2001-12-23,5.7,0.0,0.0,5.653333333333334,5.448888888888889,5.7,5.5
2001-12-24,5.7,0.0,0.0,5.66,5.456666666666666,5.7,5.5
2001-12-25,5.7,0.0,0.0,5.666666666666667,5.464444444444444,5.7,5.5
2001-12-26,5.7,0.0,0.0,5.673333333333334,5.472222222222222,5.7,5.5
2001-12-27,5.7,0.0,0.0,5.680000000000001,5.4799999999999995,5.7,5.5
2001-12-28,5.7,0.0,0.0,5.686666666666667,5.487777777777778,5.7,5.5
2001-12-29,5.7,0.0,0.0,5.693333333333333,5.495555555555555,5.7,5.5
2001-12-30,5.7,0.0,0.0,5.7,5.5,5.7,5.5
2001-12-31,5.7,0.0,0.0,5.7,5.504444444444445,5.7,5.7
2002-01-01,5.7,0.0,0.0,5.7,5.508888888888889,5.7,5.7
2002-01-02,5.7,0.0,0.0,5.7,5.513333333333334,5.7,5.7
2002-01-03,5.7,0.0,0.0,5.7,5.517777777777777,5.7,5.7
2002-01-04,5.7,0.0,0.0,5.7,5.522222222222222,5.7,5.7
2002-01-05,5.7,0.0,0.0,5.7,5.526666666666667,5.7,5.7
2002-01-06,5.7,0.0,0.0,5.7,5.5311111111111115,5.7,5.7
2002-01-07,5.7,0.0,0.0,5.7,5.535555555555556,5.7,5.7
2002-01-08,5.7,0.0,0.0,5.7,5.54,5.7,5.7
2002-01-09,5.7,0.0,0.0,5.7,5.544444444444445,5.7,5.7
2002-01-10,5.7,0.0,0.0,5.7,5.548888888888889,5.7,5.7
2002-01-11,5.7,0.0,0.0,5.7,5.553333333333334,5.7,5.7
2002-01-12,5.7,0.0,0.0,5.7,5.557777777777778,5.7,5.7
2002-01-13,5.7,0.0,0.0,5.7,5.562222222222222,5.7,5.7
2002-01-14,5.7,0.0,0.0,5.7,5.566666666666667,5.7,5.7
2002-01-15,5.7,0.0,0.0,5.7,5.571111111111112,5.7,5.7
2002-01-16,5.7,0.0,0.0,5.7,5.575555555555556,5.7,5.7
2002-01-17,5.7,0.0,0.0,5.7,5.58,5.7,5.7
2002-01-18,5.7,0.0,0.0,5.7,5.584444444444444,5.7,5.7
2002-01-19,5.7,0.0,0.0,5.7,5.5888888888888895,5.7,5.7
2002-01-20,5.7,0.0,0.0,5.7,5.593333333333334,5.7,5.7
2002-01-21,5.7,0.0,0.0,5.7,5.597777777777778,5.7,5.7
2002-01-22,5.7,0.0,0.0,5.7,5.602222222222222,5.7,5.7
2002-01-23,5.7,0.0,0.0,5.7,5.6066666666666665,5.7,5.7
2002-01-24,5.7,0.0,0.0,5.7,5.611111111111112,5.7,5.7
2002-01-25,5.7,0.0,0.0,5.7,5.615555555555556,5.7,5.7
2002-01-26,5.7,0.0,0.0,5.7,5.62,5.7,5.7
2002-01-27,5.7,0.0,0.0,5.7,5.624444444444444,5.7,5.7
2002-01-28,5.7,0.0,0.0,5.7,5.628888888888889,5.7,5.7
2002-01-29,5.7,0.0,0.0,5.7,5.633333333333334,5.7,5.7
2002-01-30,5.7,0.0,0.0,5.7,5.635555555555556,5.7,5.7
2002-01-31,5.7,0.0,0.0,5.7,5.637777777777778,5.7,5.7
2002-02-01,5.7,0.0,0.0,5.7,5.640000000000001,5.7,5.7
2002-02-02,5.7,0.0,0.0,5.7,5.642222222222222,5.7,5.7
2002-02-03,5.7,0.0,0.0,5.7,5.644444444444445,5.7,5.7
2002-02-04,5.7,0.0,0.0,5.7,5.646666666666667,5.7,5.7
2002-02-05,5.7,0.0,0.0,5.7,5.648888888888889,5.7,5.7
2002-02-06,5.7,0.0,0.0,5.7,5.651111111111112,5.7,5.7
2002-02-07,5.7,0.0,0.0,5.7,5.653333333333333,5.7,5.7
2002-02-08,5.7,0.0,0.0,5.7,5.655555555555556,5.7,5.7
2002-02-09,5.7,0.0,0.0,5.7,5.6577777777777785,5.7,5.7
2002-02-10,5.7,0.0,0.0,5.7,5.66,5.7,5.7
2002-02-11,5.7,0.0,0.0,5.7,5.662222222222223,5.7,5.7
2002-02-12,5.7,0.0,0.0,5.7,5.664444444444444,5.7,5.7
2002-02-13,5.7,0.0,0.0,5.7,5.666666666666667,5.7,5.7
2002-02-14,5.7,0.0,0.0,5.7,5.6688888888888895,5.7,5.7
2002-02-15,5.7,0.0,0.0,5.7,5.671111111111111,5.7,5.7
2002-02-16,5.7,0.0,0.0,5.7,5.673333333333334,5.7,5.7
2002-02-17,5.7,0.0,0.0,5.7,5.6755555555555555,5.7,5.7
2002-02-18,5.7,0.0,0.0,5.7,5.677777777777778,5.7,5.7
2002-02-19,5.7,0.0,0.0,5.7,5.680000000000001,5.7,5.7
2002-02-20,5.7,0.0,0.0,5.7,5.682222222222222,5.7,5.7
2002-02-21,5.7,0.0,0.0,5.7,5.684444444444445,5.7,5.7
2002-02-22,5.7,0.0,0.0,5.7,5.6866666666666665,5.7,5.7
2002-02-23,5.7,0.0,0.0,5.7,5.688888888888889,5.7,5.7
2002-02-24,5.7,0.0,0.0,5.7,5.691111111111112,5.7,5.7
2002-02-25,5.7,0.0,0.0,5.7,5.693333333333334,5.7,5.7
2002-02-26,5.7,0.0,0.0,5.7,5.695555555555556,5.7,5.7
2002-02-27,5.7,0.0,0.0,5.7,5.6977777777777785,5.7,5.7
2002-02-28,5.7,0.0,0.0,5.7,5.7,5.7,5.7
2002-03-01,5.7,0.0,0.0,5.7,5.7,5.7,5.7
2002-03-02,5.7,0.0,0.0,5.7,5.7,5.7,5.7
2002-03-03,5.7,0.0,0.0,5.7,5.7,5.7,5.7
2002-03-04,5.7,0.0,0.0,5.7,5.7,5.7,5.7
2002-03-05,5.7,0.0,0.0,5.7,5.7,5.7,5.7
2002-03-06,5.7,0.0,0.0,5.7,5.7,5.7,5.7
2002-03-07,5.7,0.0,0.0,5.7,5.7,5.7,5.7
2002-03-08,5.7,0.0,0.0,5.7,5.7,5.7,5.7
2002-03-09,5.7,0.0,0.0,5.7,5.7,5.7,5.7
2002-03-10,5.7,0.0,0.0,5.7,5.7,5.7,5.7
2002-03-11,5.7,0.0,0.0,5.7,5.7,5.7,5.7
2002-03-12,5.7,0.0,0.0,5.7,5.7,5.7,5.7
2002-03-13,5.7,0.0,0.0,5.7,5.7,5.7,5.7
2002-03-14,5.7,0.0,0.0,5.7,5.7,5.7,5.7
2002-03-15,5.7,0.0,0.0,5.7,5.7,5.7,5.7
2002-03-16,5.7,0.0,0.0,5.7,5.7,5.7,5.7
2002-03-17,5.7,0.0,0.0,5.7,5.7,5.7,5.7
2002-03-18,5.7,0.0,0.0,5.7,5.7,5.7,5.7
2002-03-19,5.7,0.0,0.0,5.7,5.7,5.7,5.7
2002-03-20,5.7,0.0,0.0,5.7,5.7,5.7,5.7
2002-03-21,5.7,0.0,0.0,5.7,5.7,5.7,5.7
2002-03-22,5.7,0.0,0.0,5.7,5.7,5.7,5.7
2002-03-23,5.7,0.0,0.0,5.7,5.7,5.7,5.7
2002-03-24,5.7,0.0,0.0,5.7,5.7,5.7,5.7
2002-03-25,5.7,0.0,0.0,5.7,5.7,5.7,5.7
2002-03-26,5.7,0.0,0.0,5.7,5.7,5.7,5.7
2002-03-27,5.7,0.0,0.0,5.7,5.7,5.7,5.7
2002-03-28,5.7,0.0,0.0,5.7,5.7,5.7,5.7
2002-03-29,5.7,0.0,0.0,5.7,5.7,5.7,5.7
2002-03-30,5.7,0.0,0.0,5.7,5.7,5.7,5.7
2002-03-31,5.7,0.0,0.0,5.7,5.7,5.7,5.7
2002-04-01,5.9,0.20000000000000018,0.03508771929824572,5.706666666666666,5.702222222222223,5.7,5.7
2002-04-02,5.9,0.0,0.0,5.713333333333334,5.704444444444444,5.7,5.7
2002-04-03,5.9,0.0,0.0,5.72,5.706666666666667,5.7,5.7
2002-04-04,5.9,0.0,0.0,5.7266666666666675,5.708888888888889,5.7,5.7
2002-04-05,5.9,0.0,0.0,5.733333333333334,5.711111111111111,5.7,5.7
2002-04-06,5.9,0.0,0.0,5.739999999999999,5.713333333333334,5.7,5.7
2002-04-07,5.9,0.0,0.0,5.746666666666667,5.7155555555555555,5.7,5.7
2002-04-08,5.9,0.0,0.0,5.753333333333333,5.717777777777778,5.9,5.7
2002-04-09,5.9,0.0,0.0,5.760000000000001,5.72,5.9,5.7
2002-04-10,5.9,0.0,0.0,5.7666666666666675,5.722222222222222,5.9,5.7
2002-04-11,5.9,0.0,0.0,5.7733333333333325,5.724444444444445,5.9,5.7
2002-04-12,5.9,0.0,0.0,5.78,5.726666666666667,5.9,5.7
2002-04-13,5.9,0.0,0.0,5.786666666666666,5.728888888888889,5.9,5.7
2002-04-14,5.9,0.0,0.0,5.793333333333334,5.731111111111111,5.9,5.7
2002-04-15,5.9,0.0,0.0,5.800000000000001,5.733333333333333,5.9,5.7
2002-04-16,5.9,0.0,0.0,5.806666666666667,5.735555555555556,5.9,5.7
2002-04-17,5.9,0.0,0.0,5.8133333333333335,5.737777777777778,5.9,5.7
2002-04-18,5.9,0.0,0.0,5.819999999999999,5.74,5.9,5.7
2002-04-19,5.9,0.0,0.0,5.826666666666667,5.742222222222222,5.9,5.7
2002-04-20,5.9,0.0,0.0,5.833333333333334,5.7444444444444445,5.9,5.7
2002-04-21,5.9,0.0,0.0,5.840000000000001,5.746666666666667,5.9,5.7
2002-04-22,5.9,0.0,0.0,5.846666666666667,5.748888888888889,5.9,5.7
2002-04-23,5.9,0.0,0.0,5.8533333333333335,5.751111111111111,5.9,5.7
2002-04-24,5.9,0.0,0.0,5.86,5.753333333333333,5.9,5.7
2002-04-25,5.9,0.0,0.0,5.866666666666668,5.755555555555556,5.9,5.7
2002-04-26,5.9,0.0,0.0,5.873333333333334,5.757777777777778,5.9,5.7
2002-04-27,5.9,0.0,0.0,5.88,5.76,5.9,5.7
2002-04-28,5.9,0.0,0.0,5.886666666666667,5.762222222222222,5.9,5.7
2002-04-29,5.9,0.0,0.0,5.8933333333333335,5.764444444444444,5.9,5.7
2002-04-30,5.9,0.0,0.0,5.9,5.7666666666666675,5.9,5.7
2002-05-01,5.8,-0.10000000000000053,-0.016949152542372947,5.8966666666666665,5.767777777777778,5.9,5.9
2002-05-02,5.8,0.0,0.0,5.8933333333333335,5.768888888888888,5.9,5.9
2002-05-03,5.8,0.0,0.0,5.890000000000001,5.7700000000000005,5.9,5.9
2002-05-04,5.8,0.0,0.0,5.886666666666667,5.771111111111111,5.9,5.9
2002-05-05,5.8,0.0,0.0,5.883333333333334,5.772222222222224,5.9,5.9
2002-05-06,5.8,0.0,0.0,5.88,5.773333333333333,5.9,5.9
2002-05-07,5.8,0.0,0.0,5.876666666666667,5.774444444444444,5.9,5.9
2002-05-08,5.8,0.0,0.0,5.873333333333334,5.775555555555556,5.8,5.9
2002-05-09,5.8,0.0,0.0,5.87,5.776666666666666,5.8,5.9
2002-05-10,5.8,0.0,0.0,5.866666666666666,5.7777777777777795,5.8,5.9
2002-05-11,5.8,0.0,0.0,5.863333333333333,5.778888888888889,5.8,5.9
2002-05-12,5.8,0.0,0.0,5.86,5.779999999999999,5.8,5.9
2002-05-13,5.8,0.0,0.0,5.856666666666667,5.7811111111111115,5.8,5.9
2002-05-14,5.8,0.0,0.0,5.8533333333333335,5.782222222222222,5.8,5.9
2002-05-15,5.8,0.0,0.0,5.85,5.783333333333335,5.8,5.9
2002-05-16,5.8,0.0,0.0,5.846666666666667,5.7844444444444445,5.8,5.9
2002-05-17,5.8,0.0,0.0,5.843333333333334,5.785555555555555,5.8,5.9
2002-05-18,5.8,0.0,0.0,5.840000000000001,5.786666666666667,5.8,5.9
2002-05-19,5.8,0.0,0.0,5.836666666666667,5.7877777777777775,5.8,5.9
2002-05-20,5.8,0.0,0.0,5.833333333333333,5.7888888888888905,5.8,5.9
2002-05-21,5.8,0.0,0.0,5.829999999999999,5.79,5.8,5.9
2002-05-22,5.8,0.0,0.0,5.826666666666667,5.79111111111111,5.8,5.9
2002-05-23,5.8,0.0,0.0,5.823333333333334,5.792222222222223,5.8,5.9
2002-05-24,5.8,0.0,0.0,5.819999999999999,5.793333333333333,5.8,5.9
2002-05-25,5.8,0.0,0.0,5.816666666666666,5.794444444444446,5.8,5.9
2002-05-26,5.8,0.0,0.0,5.813333333333333,5.795555555555556,5.8,5.9
2002-05-27,5.8,0.0,0.0,5.8100000000000005,5.796666666666666,5.8,5.9
2002-05-28,5.8,0.0,0.0,5.806666666666667,5.797777777777778,5.8,5.9
2002-05-29,5.8,0.0,0.0,5.803333333333333,5.7988888888888885,5.8,5.9
2002-05-30,5.8,0.0,0.0,5.8,5.800000000000002,5.8,5.9
2002-05-31,5.8,0.0,0.0,5.8,5.801111111111111,5.8,5.8
2002-06-01,5.8,0.0,0.0,5.8,5.8022222222222215,5.8,5.8
2002-06-02,5.8,0.0,0.0,5.8,5.803333333333334,5.8,5.8
2002-06-03,5.8,0.0,0.0,5.8,5.804444444444444,5.8,5.8
2002-06-04,5.8,0.0,0.0,5.8,5.805555555555557,5.8,5.8
2002-06-05,5.8,0.0,0.0,5.8,5.806666666666667,5.8,5.8
2002-06-06,5.8,0.0,0.0,5.8,5.807777777777777,5.8,5.8
2002-06-07,5.8,0.0,0.0,5.8,5.808888888888889,5.8,5.8
2002-06-08,5.8,0.0,0.0,5.8,5.81,5.8,5.8
2002-06-09,5.8,0.0,0.0,5.8,5.811111111111113,5.8,5.8
2002-06-10,5.8,0.0,0.0,5.8,5.812222222222222,5.8,5.8
2002-06-11,5.8,0.0,0.0,5.8,5.813333333333333,5.8,5.8
2002-06-12,5.8,0.0,0.0,5.8,5.814444444444446,5.8,5.8
2002-06-13,5.8,0.0,0.0,5.8,5.815555555555555,5.8,5.8
2002-06-14,5.8,0.0,0.0,5.8,5.816666666666668,5.8,5.8
2002-06-15,5.8,0.0,0.0,5.8,5.817777777777778,5.8,5.8
2002-06-16,5.8,0.0,0.0,5.8,5.818888888888888,5.8,5.8
2002-06-17,5.8,0.0,0.0,5.8,5.820000000000001,5.8,5.8
2002-06-18,5.8,0.0,0.0,5.8,5.821111111111111,5.8,5.8
2002-06-19,5.8,0.0,0.0,5.8,5.822222222222224,5.8,5.8
2002-06-20,5.8,0.0,0.0,5.8,5.823333333333333,5.8,5.8
2002-06-21,5.8,0.0,0.0,5.8,5.824444444444444,5.8,5.8
2002-06-22,5.8,0.0,0.0,5.8,5.825555555555557,5.8,5.8
2002-06-23,5.8,0.0,0.0,5.8,5.826666666666666,5.8,5.8
2002-06-24,5.8,0.0,0.0,5.8,5.827777777777779,5.8,5.8
2002-06-25,5.8,0.0,0.0,5.8,5.828888888888889,5.8,5.8
2002-06-26,5.8,0.0,0.0,5.8,5.829999999999999,5.8,5.8
2002-06-27,5.8,0.0,0.0,5.8,5.831111111111112,5.8,5.8
2002-06-28,5.8,0.0,0.0,5.8,5.832222222222222,5.8,5.8
2002-06-29,5.8,0.0,0.0,5.8,5.833333333333333,5.8,5.8
2002-06-30,5.8,0.0,0.0,5.8,5.832222222222222,5.8,5.8
2002-07-01,5.8,0.0,0.0,5.8,5.8311111111111105,5.8,5.8
2002-07-02,5.8,0.0,0.0,5.8,5.83,5.8,5.8
2002-07-03,5.8,0.0,0.0,5.8,5.828888888888889,5.8,5.8
2002-07-04,5.8,0.0,0.0,5.8,5.827777777777777,5.8,5.8
2002-07-05,5.8,0.0,0.0,5.8,5.826666666666666,5.8,5.8
2002-07-06,5.8,0.0,0.0,5.8,5.825555555555555,5.8,5.8
2002-07-07,5.8,0.0,0.0,5.8,5.8244444444444445,5.8,5.8
2002-07-08,5.8,0.0,0.0,5.8,5.823333333333333,5.8,5.8
2002-07-09,5.8,0.0,0.0,5.8,5.822222222222221,5.8,5.8
2002-07-10,5.8,0.0,0.0,5.8,5.821111111111111,5.8,5.8
2002-07-11,5.8,0.0,0.0,5.8,5.819999999999999,5.8,5.8
2002-07-12,5.8,0.0,0.0,5.8,5.818888888888889,5.8,5.8
2002-07-13,5.8,0.0,0.0,5.8,5.817777777777778,5.8,5.8
2002-07-14,5.8,0.0,0.0,5.8,5.8166666666666655,5.8,5.8
2002-07-15,5.8,0.0,0.0,5.8,5.815555555555555,5.8,5.8
2002-07-16,5.8,0.0,0.0,5.8,5.814444444444444,5.8,5.8
2002-07-17,5.8,0.0,0.0,5.8,5.8133333333333335,5.8,5.8
2002-07-18,5.8,0.0,0.0,5.8,5.812222222222222,5.8,5.8
2002-07-19,5.8,0.0,0.0,5.8,5.81111111111111,5.8,5.8
2002-07-20,5.8,0.0,0.0,5.8,5.81,5.8,5.8
2002-07-21,5.8,0.0,0.0,5.8,5.808888888888888,5.8,5.8
2002-07-22,5.8,0.0,0.0,5.8,5.807777777777778,5.8,5.8
2002-07-23,5.8,0.0,0.0,5.8,5.806666666666667,5.8,5.8
2002-07-24,5.8,0.0,0.0,5.8,5.8055555555555545,5.8,5.8
2002-07-25,5.8,0.0,0.0,5.8,5.804444444444444,5.8,5.8
2002-07-26,5.8,0.0,0.0,5.8,5.803333333333333,5.8,5.8
2002-07-27,5.8,0.0,0.0,5.8,5.802222222222222,5.8,5.8
2002-07-28,5.8,0.0,0.0,5.8,5.801111111111111,5.8,5.8
2002-07-29,5.8,0.0,0.0,5.8,5.8,5.8,5.8
2002-07-30,5.8,0.0,0.0,5.8,5.8,5.8,5.8
2002-07-31,5.8,0.0,0.0,5.8,5.8,5.8,5.8
2002-08-01,5.7,-0.09999999999999964,-0.01724137931034475,5.796666666666667,5.7988888888888885,5.8,5.8
2002-08-02,5.7,0.0,0.0,5.793333333333333,5.797777777777777,5.8,5.8
2002-08-03,5.7,0.0,0.0,5.790000000000001,5.796666666666666,5.8,5.8
2002-08-04,5.7,0.0,0.0,5.786666666666666,5.795555555555556,5.8,5.8
2002-08-05,5.7,0.0,0.0,5.783333333333333,5.794444444444444,5.8,5.8
2002-08-06,5.7,0.0,0.0,5.78,5.793333333333333,5.8,5.8
2002-08-07,5.7,0.0,0.0,5.776666666666666,5.792222222222222,5.8,5.8
2002-08-08,5.7,0.0,0.0,5.773333333333334,5.79111111111111,5.7,5.8
2002-08-09,5.7,0.0,0.0,5.77,5.79,5.7,5.8
2002-08-10,5.7,0.0,0.0,5.766666666666667,5.788888888888889,5.7,5.8
2002-08-11,5.7,0.0,0.0,5.763333333333334,5.7877777777777775,5.7,5.8
2002-08-12,5.7,0.0,0.0,5.76,5.786666666666666,5.7,5.8
2002-08-13,5.7,0.0,0.0,5.756666666666667,5.785555555555555,5.7,5.8
2002-08-14,5.7,0.0,0.0,5.753333333333333,5.7844444444444445,5.7,5.8
2002-08-15,5.7,0.0,0.0,5.75,5.783333333333333,5.7,5.8
2002-08-16,5.7,0.0,0.0,5.746666666666667,5.782222222222222,5.7,5.8
2002-08-17,5.7,0.0,0.0,5.743333333333333,5.781111111111111,5.7,5.8
2002-08-18,5.7,0.0,0.0,5.74,5.779999999999999,5.7,5.8
2002-08-19,5.7,0.0,0.0,5.736666666666666,5.778888888888889,5.7,5.8
2002-08-20,5.7,0.0,0.0,5.733333333333333,5.777777777777778,5.7,5.8
2002-08-21,5.7,0.0,0.0,5.73,5.776666666666666,5.7,5.8
2002-08-22,5.7,0.0,0.0,5.726666666666666,5.775555555555555,5.7,5.8
2002-08-23,5.7,0.0,0.0,5.723333333333334,5.774444444444444,5.7,5.8
2002-08-24,5.7,0.0,0.0,5.72,5.773333333333333,5.7,5.8
2002-08-25,5.7,0.0,0.0,5.716666666666667,5.772222222222222,5.7,5.8
2002-08-26,5.7,0.0,0.0,5.713333333333334,5.771111111111111,5.7,5.8
2002-08-27,5.7,0.0,0.0,5.709999999999999,5.77,5.7,5.8
2002-08-28,5.7,0.0,0.0,5.706666666666667,5.768888888888888,5.7,5.8
2002-08-29,5.7,0.0,0.0,5.703333333333333,5.767777777777778,5.7,5.8
2002-08-30,5.7,0.0,0.0,5.7,5.766666666666667,5.7,5.8
2002-08-31,5.7,0.0,0.0,5.7,5.765555555555555,5.7,5.7
2002-09-01,5.7,0.0,0.0,5.7,5.764444444444444,5.7,5.7
2002-09-02,5.7,0.0,0.0,5.7,5.763333333333333,5.7,5.7
2002-09-03,5.7,0.0,0.0,5.7,5.762222222222222,5.7,5.7
2002-09-04,5.7,0.0,0.0,5.7,5.761111111111111,5.7,5.7
2002-09-05,5.7,0.0,0.0,5.7,5.76,5.7,5.7
2002-09-06,5.7,0.0,0.0,5.7,5.758888888888889,5.7,5.7
2002-09-07,5.7,0.0,0.0,5.7,5.757777777777777,5.7,5.7
2002-09-08,5.7,0.0,0.0,5.7,5.756666666666667,5.7,5.7
2002-09-09,5.7,0.0,0.0,5.7,5.7555555555555555,5.7,5.7
2002-09-10,5.7,0.0,0.0,5.7,5.754444444444444,5.7,5.7
2002-09-11,5.7,0.0,0.0,5.7,5.753333333333334,5.7,5.7
2002-09-12,5.7,0.0,0.0,5.7,5.752222222222222,5.7,5.7
2002-09-13,5.7,0.0,0.0,5.7,5.751111111111111,5.7,5.7
2002-09-14,5.7,0.0,0.0,5.7,5.75,5.7,5.7
2002-09-15,5.7,0.0,0.0,5.7,5.748888888888889,5.7,5.7
2002-09-16,5.7,0.0,0.0,5.7,5.747777777777778,5.7,5.7
2002-09-17,5.7,0.0,0.0,5.7,5.746666666666667,5.7,5.7
2002-09-18,5.7,0.0,0.0,5.7,5.745555555555556,5.7,5.7
2002-09-19,5.7,0.0,0.0,5.7,5.7444444444444445,5.7,5.7
2002-09-20,5.7,0.0,0.0,5.7,5.743333333333333,5.7,5.7
2002-09-21,5.7,0.0,0.0,5.7,5.742222222222223,5.7,5.7
2002-09-22,5.7,0.0,0.0,5.7,5.7411111111111115,5.7,5.7
2002-09-23,5.7,0.0,0.0,5.7,5.74,5.7,5.7
2002-09-24,5.7,0.0,0.0,5.7,5.738888888888889,5.7,5.7
2002-09-25,5.7,0.0,0.0,5.7,5.737777777777778,5.7,5.7
2002-09-26,5.7,0.0,0.0,5.7,5.736666666666667,5.7,5.7
2002-09-27,5.7,0.0,0.0,5.7,5.735555555555556,5.7,5.7
2002-09-28,5.7,0.0,0.0,5.7,5.734444444444445,5.7,5.7
2002-09-29,5.7,0.0,0.0,5.7,5.733333333333333,5.7,5.7
2002-09-30,5.7,0.0,0.0,5.7,5.732222222222222,5.7,5.7
2002-10-01,5.7,0.0,0.0,5.7,5.731111111111112,5.7,5.7
2002-10-02,5.7,0.0,0.0,5.7,5.73,5.7,5.7
2002-10-03,5.7,0.0,0.0,5.7,5.728888888888889,5.7,5.7
2002-10-04,5.7,0.0,0.0,5.7,5.727777777777778,5.7,5.7
2002-10-05,5.7,0.0,0.0,5.7,5.726666666666667,5.7,5.7
2002-10-06,5.7,0.0,0.0,5.7,5.725555555555556,5.7,5.7
2002-10-07,5.7,0.0,0.0,5.7,5.724444444444445,5.7,5.7
2002-10-08,5.7,0.0,0.0,5.7,5.723333333333334,5.7,5.7
2002-10-09,5.7,0.0,0.0,5.7,5.722222222222222,5.7,5.7
2002-10-10,5.7,0.0,0.0,5.7,5.721111111111111,5.7,5.7
2002-10-11,5.7,0.0,0.0,5.7,5.720000000000001,5.7,5.7
2002-10-12,5.7,0.0,0.0,5.7,5.718888888888889,5.7,5.7
2002-10-13,5.7,0.0,0.0,5.7,5.717777777777778,5.7,5.7
2002-10-14,5.7,0.0,0.0,5.7,5.716666666666667,5.7,5.7
2002-10-15,5.7,0.0,0.0,5.7,5.7155555555555555,5.7,5.7
2002-10-16,5.7,0.0,0.0,5.7,5.714444444444445,5.7,5.7
2002-10-17,5.7,0.0,0.0,5.7,5.713333333333334,5.7,5.7
2002-10-18,5.7,0.0,0.0,5.7,5.7122222222222225,5.7,5.7
2002-10-19,5.7,0.0,0.0,5.7,5.711111111111111,5.7,5.7
2002-10-20,5.7,0.0,0.0,5.7,5.71,5.7,5.7
2002-10-21,5.7,0.0,0.0,5.7,5.70888888888889,5.7,5.7
2002-10-22,5.7,0.0,0.0,5.7,5.707777777777778,5.7,5.7
2002-10-23,5.7,0.0,0.0,5.7,5.706666666666667,5.7,5.7
2002-10-24,5.7,0.0,0.0,5.7,5.705555555555556,5.7,5.7
2002-10-25,5.7,0.0,0.0,5.7,5.704444444444444,5.7,5.7
2002-10-26,5.7,0.0,0.0,5.7,5.703333333333334,5.7,5.7
2002-10-27,5.7,0.0,0.0,5.7,5.702222222222223,5.7,5.7
2002-10-28,5.7,0.0,0.0,5.7,5.7011111111111115,5.7,5.7
2002-10-29,5.7,0.0,0.0,5.7,5.7,5.7,5.7
2002-10-30,5.7,0.0,0.0,5.7,5.7,5.7,5.7
2002-10-31,5.7,0.0,0.0,5.7,5.7,5.7,5.7
2002-11-01,5.9,0.20000000000000018,0.03508771929824572,5.706666666666667,5.702222222222223,5.7,5.7
2002-11-02,5.9,0.0,0.0,5.713333333333333,5.704444444444445,5.7,5.7
2002-11-03,5.9,0.0,0.0,5.72,5.706666666666667,5.7,5.7
2002-11-04,5.9,0.0,0.0,5.7266666666666675,5.708888888888889,5.7,5.7
2002-11-05,5.9,0.0,0.0,5.733333333333333,5.711111111111111,5.7,5.7
2002-11-06,5.9,0.0,0.0,5.74,5.713333333333334,5.7,5.7
2002-11-07,5.9,0.0,0.0,5.746666666666667,5.715555555555556,5.7,5.7
2002-11-08,5.9,0.0,0.0,5.753333333333333,5.717777777777778,5.9,5.7
2002-11-09,5.9,0.0,0.0,5.760000000000001,5.72,5.9,5.7
2002-11-10,5.9,0.0,0.0,5.766666666666667,5.722222222222222,5.9,5.7
2002-11-11,5.9,0.0,0.0,5.773333333333334,5.724444444444445,5.9,5.7
2002-11-12,5.9,0.0,0.0,5.78,5.7266666666666675,5.9,5.7
2002-11-13,5.9,0.0,0.0,5.786666666666666,5.728888888888889,5.9,5.7
2002-11-14,5.9,0.0,0.0,5.793333333333334,5.731111111111111,5.9,5.7
2002-11-15,5.9,0.0,0.0,5.8,5.733333333333333,5.9,5.7
2002-11-16,5.9,0.0,0.0,5.8066666666666675,5.735555555555556,5.9,5.7
2002-11-17,5.9,0.0,0.0,5.8133333333333335,5.7377777777777785,5.9,5.7
2002-11-18,5.9,0.0,0.0,5.820000000000001,5.74,5.9,5.7
2002-11-19,5.9,0.0,0.0,5.826666666666667,5.742222222222222,5.9,5.7
2002-11-20,5.9,0.0,0.0,5.833333333333333,5.7444444444444445,5.9,5.7
2002-11-21,5.9,0.0,0.0,5.840000000000001,5.746666666666667,5.9,5.7
2002-11-22,5.9,0.0,0.0,5.846666666666667,5.74888888888889,5.9,5.7
2002-11-23,5.9,0.0,0.0,5.853333333333334,5.751111111111111,5.9,5.7
2002-11-24,5.9,0.0,0.0,5.86,5.753333333333333,5.9,5.7
2002-11-25,5.9,0.0,0.0,5.866666666666666,5.755555555555556,5.9,5.7
2002-11-26,5.9,0.0,0.0,5.873333333333334,5.757777777777778,5.9,5.7
2002-11-27,5.9,0.0,0.0,5.88,5.76,5.9,5.7
2002-11-28,5.9,0.0,0.0,5.886666666666668,5.762222222222222,5.9,5.7
2002-11-29,5.9,0.0,0.0,5.8933333333333335,5.764444444444444,5.9,5.7
2002-11-30,5.9,0.0,0.0,5.9,5.766666666666667,5.9,5.7
2002-12-01,6.0,0.09999999999999964,0.016949152542372836,5.903333333333333,5.7700000000000005,5.9,5.9
2002-12-02,6.0,0.0,0.0,5.906666666666666,5.773333333333333,5.9,5.9
2002-12-03,6.0,0.0,0.0,5.91,5.776666666666667,5.9,5.9
2002-12-04,6.0,0.0,0.0,5.913333333333333,5.78,5.9,5.9
2002-12-05,6.0,0.0,0.0,5.916666666666667,5.783333333333333,5.9,5.9
2002-12-06,6.0,0.0,0.0,5.92,5.786666666666667,5.9,5.9
2002-12-07,6.0,0.0,0.0,5.923333333333333,5.79,5.9,5.9
2002-12-08,6.0,0.0,0.0,5.926666666666667,5.793333333333335,6.0,5.9
2002-12-09,6.0,0.0,0.0,5.930000000000001,5.796666666666667,6.0,5.9
2002-12-10,6.0,0.0,0.0,5.933333333333334,5.8,6.0,5.9
2002-12-11,6.0,0.0,0.0,5.9366666666666665,5.803333333333334,6.0,5.9
2002-12-12,6.0,0.0,0.0,5.9399999999999995,5.806666666666667,6.0,5.9
2002-12-13,6.0,0.0,0.0,5.943333333333333,5.810000000000001,6.0,5.9
2002-12-14,6.0,0.0,0.0,5.946666666666667,5.8133333333333335,6.0,5.9
2002-12-15,6.0,0.0,0.0,5.95,5.816666666666666,6.0,5.9
2002-12-16,6.0,0.0,0.0,5.953333333333333,5.820000000000001,6.0,5.9
2002-12-17,6.0,0.0,0.0,5.956666666666666,5.823333333333333,6.0,5.9
2002-12-18,6.0,0.0,0.0,5.96,5.826666666666668,6.0,5.9
2002-12-19,6.0,0.0,0.0,5.963333333333334,5.83,6.0,5.9
2002-12-20,6.0,0.0,0.0,5.966666666666667,5.833333333333333,6.0,5.9
2002-12-21,6.0,0.0,0.0,5.97,5.836666666666668,6.0,5.9
2002-12-22,6.0,0.0,0.0,5.973333333333333,5.84,6.0,5.9
2002-12-23,6.0,0.0,0.0,5.976666666666666,5.843333333333335,6.0,5.9
2002-12-24,6.0,0.0,0.0,5.98,5.846666666666668,6.0,5.9
2002-12-25,6.0,0.0,0.0,5.983333333333333,5.85,6.0,5.9
2002-12-26,6.0,0.0,0.0,5.986666666666666,5.853333333333334,6.0,5.9
2002-12-27,6.0,0.0,0.0,5.989999999999999,5.856666666666667,6.0,5.9
2002-12-28,6.0,0.0,0.0,5.993333333333333,5.860000000000001,6.0,5.9
2002-12-29,6.0,0.0,0.0,5.996666666666667,5.863333333333334,6.0,5.9
2002-12-30,6.0,0.0,0.0,6.0,5.866666666666666,6.0,5.9
2002-12-31,6.0,0.0,0.0,6.0,5.870000000000001,6.0,6.0
2003-01-01,5.8,-0.20000000000000018,-0.033333333333333326,5.993333333333334,5.8711111111111105,6.0,6.0
2003-01-02,5.8,0.0,0.0,5.986666666666666,5.872222222222222,6.0,6.0
2003-01-03,5.8,0.0,0.0,5.98,5.873333333333334,6.0,6.0
2003-01-04,5.8,0.0,0.0,5.973333333333334,5.8744444444444435,6.0,6.0
2003-01-05,5.8,0.0,0.0,5.966666666666667,5.8755555555555565,6.0,6.0
2003-01-06,5.8,0.0,0.0,5.96,5.876666666666666,6.0,6.0
2003-01-07,5.8,0.0,0.0,5.953333333333333,5.877777777777778,6.0,6.0
2003-01-08,5.8,0.0,0.0,5.946666666666667,5.8788888888888895,5.8,6.0
2003-01-09,5.8,0.0,0.0,5.94,5.879999999999999,5.8,6.0
2003-01-10,5.8,0.0,0.0,5.933333333333334,5.881111111111112,5.8,6.0
2003-01-11,5.8,0.0,0.0,5.926666666666667,5.882222222222222,5.8,6.0
2003-01-12,5.8,0.0,0.0,5.92,5.883333333333334,5.8,6.0
2003-01-13,5.8,0.0,0.0,5.913333333333333,5.884444444444445,5.8,6.0
2003-01-14,5.8,0.0,0.0,5.906666666666667,5.8855555555555545,5.8,6.0
2003-01-15,5.8,0.0,0.0,5.9,5.886666666666668,5.8,6.0
2003-01-16,5.8,0.0,0.0,5.8933333333333335,5.887777777777777,5.8,6.0
2003-01-17,5.8,0.0,0.0,5.886666666666667,5.888888888888889,5.8,6.0
2003-01-18,5.8,0.0,0.0,5.88,5.890000000000001,5.8,6.0
2003-01-19,5.8,0.0,0.0,5.873333333333334,5.89111111111111,5.8,6.0
2003-01-20,5.8,0.0,0.0,5.866666666666666,5.892222222222223,5.8,6.0
2003-01-21,5.8,0.0,0.0,5.86,5.893333333333333,5.8,6.0
2003-01-22,5.8,0.0,0.0,5.8533333333333335,5.894444444444445,5.8,6.0
2003-01-23,5.8,0.0,0.0,5.846666666666667,5.895555555555556,5.8,6.0
2003-01-24,5.8,0.0,0.0,5.84,5.896666666666666,5.8,6.0
2003-01-25,5.8,0.0,0.0,5.833333333333333,5.897777777777779,5.8,6.0
2003-01-26,5.8,0.0,0.0,5.826666666666667,5.898888888888889,5.8,6.0
2003-01-27,5.8,0.0,0.0,5.819999999999999,5.9,5.8,6.0
2003-01-28,5.8,0.0,0.0,5.8133333333333335,5.901111111111112,5.8,6.0
2003-01-29,5.8,0.0,0.0,5.806666666666667,5.902222222222221,5.8,6.0
2003-01-30,5.8,0.0,0.0,5.8,5.901111111111112,5.8,6.0
2003-01-31,5.8,0.0,0.0,5.8,5.9,5.8,5.8
2003-02-01,5.9,0.10000000000000053,0.017241379310344973,5.803333333333333,5.9,5.8,5.8
2003-02-02,5.9,0.0,0.0,5.806666666666667,5.9,5.8,5.8
2003-02-03,5.9,0.0,0.0,5.81,5.9,5.8,5.8
2003-02-04,5.9,0.0,0.0,5.8133333333333335,5.9,5.8,5.8
2003-02-05,5.9,0.0,0.0,5.816666666666666,5.9,5.8,5.8
2003-02-06,5.9,0.0,0.0,5.820000000000001,5.9,5.8,5.8
2003-02-07,5.9,0.0,0.0,5.823333333333333,5.9,5.8,5.8
2003-02-08,5.9,0.0,0.0,5.826666666666666,5.9,5.9,5.8
2003-02-09,5.9,0.0,0.0,5.83,5.9,5.9,5.8
2003-02-10,5.9,0.0,0.0,5.833333333333333,5.9,5.9,5.8
2003-02-11,5.9,0.0,0.0,5.836666666666668,5.9,5.9,5.8
2003-02-12,5.9,0.0,0.0,5.84,5.9,5.9,5.8
2003-02-13,5.9,0.0,0.0,5.843333333333333,5.9,5.9,5.8
2003-02-14,5.9,0.0,0.0,5.846666666666667,5.9,5.9,5.8
2003-02-15,5.9,0.0,0.0,5.85,5.9,5.9,5.8
2003-02-16,5.9,0.0,0.0,5.853333333333334,5.9,5.9,5.8
2003-02-17,5.9,0.0,0.0,5.8566666666666665,5.9,5.9,5.8
2003-02-18,5.9,0.0,0.0,5.859999999999999,5.9,5.9,5.8
2003-02-19,5.9,0.0,0.0,5.863333333333333,5.9,5.9,5.8
2003-02-20,5.9,0.0,0.0,5.866666666666666,5.9,5.9,5.8
2003-02-21,5.9,0.0,0.0,5.870000000000001,5.9,5.9,5.8
2003-02-22,5.9,0.0,0.0,5.873333333333334,5.900000000000001,5.9,5.8
2003-02-23,5.9,0.0,0.0,5.876666666666667,5.9,5.9,5.8
2003-02-24,5.9,0.0,0.0,5.88,5.9,5.9,5.8
2003-02-25,5.9,0.0,0.0,5.883333333333334,5.9,5.9,5.8
2003-02-26,5.9,0.0,0.0,5.886666666666668,5.9,5.9,5.8
2003-02-27,5.9,0.0,0.0,5.890000000000001,5.900000000000001,5.9,5.8
2003-02-28,5.9,0.0,0.0,5.8933333333333335,5.9,5.9,5.8
2003-03-01,5.9,0.0,0.0,5.8966666666666665,5.898888888888889,5.9,5.8
2003-03-02,5.9,0.0,0.0,5.9,5.897777777777777,5.9,5.8
2003-03-03,5.9,0.0,0.0,5.9,5.896666666666666,5.9,5.9
2003-03-04,5.9,0.0,0.0,5.9,5.895555555555556,5.9,5.9
2003-03-05,5.9,0.0,0.0,5.9,5.894444444444445,5.9,5.9
2003-03-06,5.9,0.0,0.0,5.9,5.893333333333333,5.9,5.9
2003-03-07,5.9,0.0,0.0,5.9,5.892222222222221,5.9,5.9
2003-03-08,5.9,0.0,0.0,5.9,5.89111111111111,5.9,5.9
2003-03-09,5.9,0.0,0.0,5.9,5.890000000000001,5.9,5.9
2003-03-10,5.9,0.0,0.0,5.9,5.888888888888889,5.9,5.9
2003-03-11,5.9,0.0,0.0,5.9,5.887777777777777,5.9,5.9
2003-03-12,5.9,0.0,0.0,5.9,5.886666666666666,5.9,5.9
2003-03-13,5.9,0.0,0.0,5.9,5.8855555555555545,5.9,5.9
2003-03-14,5.9,0.0,0.0,5.9,5.884444444444445,5.9,5.9
2003-03-15,5.9,0.0,0.0,5.9,5.883333333333334,5.9,5.9
2003-03-16,5.9,0.0,0.0,5.9,5.882222222222222,5.9,5.9
2003-03-17,5.9,0.0,0.0,5.9,5.88111111111111,5.9,5.9
2003-03-18,5.9,0.0,0.0,5.9,5.879999999999999,5.9,5.9
2003-03-19,5.9,0.0,0.0,5.9,5.8788888888888895,5.9,5.9
2003-03-20,5.9,0.0,0.0,5.9,5.877777777777778,5.9,5.9
2003-03-21,5.9,0.0,0.0,5.9,5.876666666666666,5.9,5.9
2003-03-22,5.9,0.0,0.0,5.9,5.875555555555555,5.9,5.9
2003-03-23,5.9,0.0,0.0,5.9,5.8744444444444435,5.9,5.9
2003-03-24,5.9,0.0,0.0,5.9,5.873333333333334,5.9,5.9
2003-03-25,5.9,0.0,0.0,5.9,5.872222222222222,5.9,5.9
2003-03-26,5.9,0.0,0.0,5.9,5.8711111111111105,5.9,5.9
2003-03-27,5.9,0.0,0.0,5.9,5.869999999999999,5.9,5.9
2003-03-28,5.9,0.0,0.0,5.9,5.868888888888888,5.9,5.9
2003-03-29,5.9,0.0,0.0,5.9,5.867777777777778,5.9,5.9
2003-03-30,5.9,0.0,0.0,5.9,5.866666666666666,5.9,5.9
2003-03-31,5.9,0.0,0.0,5.9,5.865555555555555,5.9,5.9
2003-04-01,6.0,0.09999999999999964,0.016949152542372836,5.903333333333334,5.867777777777778,5.9,5.9
2003-04-02,6.0,0.0,0.0,5.906666666666667,5.870000000000001,5.9,5.9
2003-04-03,6.0,0.0,0.0,5.91,5.872222222222222,5.9,5.9
2003-04-04,6.0,0.0,0.0,5.913333333333335,5.874444444444445,5.9,5.9
2003-04-05,6.0,0.0,0.0,5.916666666666668,5.876666666666666,5.9,5.9
2003-04-06,6.0,0.0,0.0,5.920000000000001,5.8788888888888895,5.9,5.9
2003-04-07,6.0,0.0,0.0,5.923333333333334,5.881111111111112,5.9,5.9
2003-04-08,6.0,0.0,0.0,5.926666666666667,5.883333333333334,6.0,5.9
2003-04-09,6.0,0.0,0.0,5.930000000000001,5.885555555555556,6.0,5.9
2003-04-10,6.0,0.0,0.0,5.9333333333333345,5.887777777777777,6.0,5.9
2003-04-11,6.0,0.0,0.0,5.936666666666667,5.890000000000001,6.0,5.9
2003-04-12,6.0,0.0,0.0,5.94,5.892222222222223,6.0,5.9
2003-04-13,6.0,0.0,0.0,5.943333333333333,5.894444444444445,6.0,5.9
2003-04-14,6.0,0.0,0.0,5.946666666666667,5.896666666666667,6.0,5.9
2003-04-15,6.0,0.0,0.0,5.950000000000001,5.898888888888889,6.0,5.9
2003-04-16,6.0,0.0,0.0,5.953333333333334,5.901111111111112,6.0,5.9
2003-04-17,6.0,0.0,0.0,5.956666666666667,5.903333333333334,6.0,5.9
2003-04-18,6.0,0.0,0.0,5.96,5.905555555555556,6.0,5.9
2003-04-19,6.0,0.0,0.0,5.963333333333334,5.9077777777777785,6.0,5.9
2003-04-20,6.0,0.0,0.0,5.966666666666668,5.91,6.0,5.9
2003-04-21,6.0,0.0,0.0,5.970000000000001,5.912222222222223,6.0,5.9
2003-04-22,6.0,0.0,0.0,5.973333333333334,5.914444444444445,6.0,5.9
2003-04-23,6.0,0.0,0.0,5.9766666666666675,5.916666666666667,6.0,5.9
2003-04-24,6.0,0.0,0.0,5.98,5.9188888888888895,6.0,5.9
2003-04-25,6.0,0.0,0.0,5.983333333333333,5.921111111111111,6.0,5.9
2003-04-26,6.0,0.0,0.0,5.986666666666667,5.923333333333334,6.0,5.9
2003-04-27,6.0,0.0,0.0,5.99,5.925555555555556,6.0,5.9
2003-04-28,6.0,0.0,0.0,5.993333333333334,5.927777777777778,6.0,5.9
2003-04-29,6.0,0.0,0.0,5.996666666666667,5.930000000000001,6.0,5.9
2003-04-30,6.0,0.0,0.0,6.0,5.932222222222222,6.0,5.9
2003-05-01,6.1,0.09999999999999964,0.016666666666666607,6.003333333333333,5.935555555555556,6.0,6.0
2003-05-02,6.1,0.0,0.0,6.006666666666666,5.937777777777779,6.0,6.0
2003-05-03,6.1,0.0,0.0,6.01,5.94,6.0,6.0
2003-05-04,6.1,0.0,0.0,6.013333333333333,5.942222222222222,6.0,6.0
2003-05-05,6.1,0.0,0.0,6.016666666666667,5.944444444444445,6.0,6.0
2003-05-06,6.1,0.0,0.0,6.02,5.946666666666667,6.0,6.0
2003-05-07,6.1,0.0,0.0,6.0233333333333325,5.94888888888889,6.0,6.0
2003-05-08,6.1,0.0,0.0,6.026666666666666,5.9511111111111115,6.1,6.0
2003-05-09,6.1,0.0,0.0,6.029999999999999,5.953333333333333,6.1,6.0
2003-05-10,6.1,0.0,0.0,6.033333333333332,5.955555555555556,6.1,6.0
2003-05-11,6.1,0.0,0.0,6.036666666666666,5.957777777777778,6.1,6.0
2003-05-12,6.1,0.0,0.0,6.04,5.960000000000001,6.1,6.0
2003-05-13,6.1,0.0,0.0,6.043333333333333,5.9622222222222225,6.1,6.0
2003-05-14,6.1,0.0,0.0,6.046666666666666,5.964444444444444,6.1,6.0
2003-05-15,6.1,0.0,0.0,6.049999999999999,5.966666666666667,6.1,6.0
2003-05-16,6.1,0.0,0.0,6.053333333333333,5.968888888888889,6.1,6.0
2003-05-17,6.1,0.0,0.0,6.056666666666667,5.971111111111112,6.1,6.0
2003-05-18,6.1,0.0,0.0,6.06,5.973333333333334,6.1,6.0
2003-05-19,6.1,0.0,0.0,6.063333333333333,5.975555555555555,6.1,6.0
2003-05-20,6.1,0.0,0.0,6.0666666666666655,5.977777777777778,6.1,6.0
2003-05-21,6.1,0.0,0.0,6.069999999999999,5.98,6.1,6.0
2003-05-22,6.1,0.0,0.0,6.073333333333333,5.982222222222223,6.1,6.0
2003-05-23,6.1,0.0,0.0,6.076666666666666,5.984444444444444,6.1,6.0
2003-05-24,6.1,0.0,0.0,6.079999999999999,5.986666666666666,6.1,6.0
2003-05-25,6.1,0.0,0.0,6.083333333333332,5.988888888888889,6.1,6.0
2003-05-26,6.1,0.0,0.0,6.086666666666665,5.9911111111111115,6.1,6.0
2003-05-27,6.1,0.0,0.0,6.09,5.993333333333334,6.1,6.0
2003-05-28,6.1,0.0,0.0,6.093333333333333,5.995555555555555,6.1,6.0
2003-05-29,6.1,0.0,0.0,6.096666666666666,5.997777777777777,6.1,6.0
2003-05-30,6.1,0.0,0.0,6.1,6.0,6.1,6.0
2003-05-31,6.1,0.0,0.0,6.1,6.002222222222223,6.1,6.1
2003-06-01,6.3,0.20000000000000018,0.032786885245901676,6.1066666666666665,6.006666666666667,6.1,6.1
2003-06-02,6.3,0.0,0.0,6.113333333333333,6.011111111111111,6.1,6.1
2003-06-03,6.3,0.0,0.0,6.12,6.015555555555555,6.1,6.1
2003-06-04,6.3,0.0,0.0,6.126666666666666,6.02,6.1,6.1
2003-06-05,6.3,0.0,0.0,6.133333333333332,6.024444444444445,6.1,6.1
2003-06-06,6.3,0.0,0.0,6.14,6.028888888888889,6.1,6.1
2003-06-07,6.3,0.0,0.0,6.1466666666666665,6.033333333333333,6.1,6.1
2003-06-08,6.3,0.0,0.0,6.153333333333333,6.0377777777777775,6.3,6.1
2003-06-09,6.3,0.0,0.0,6.16,6.042222222222222,6.3,6.1
2003-06-10,6.3,0.0,0.0,6.166666666666666,6.046666666666667,6.3,6.1
2003-06-11,6.3,0.0,0.0,6.173333333333333,6.051111111111111,6.3,6.1
2003-06-12,6.3,0.0,0.0,6.180000000000001,6.055555555555555,6.3,6.1
2003-06-13,6.3,0.0,0.0,6.1866666666666665,6.06,6.3,6.1
2003-06-14,6.3,0.0,0.0,6.193333333333333,6.064444444444444,6.3,6.1
2003-06-15,6.3,0.0,0.0,6.199999999999999,6.068888888888889,6.3,6.1
2003-06-16,6.3,0.0,0.0,6.206666666666666,6.073333333333333,6.3,6.1
2003-06-17,6.3,0.0,0.0,6.213333333333333,6.0777777777777775,6.3,6.1
2003-06-18,6.3,0.0,0.0,6.22,6.082222222222222,6.3,6.1
2003-06-19,6.3,0.0,0.0,6.2266666666666675,6.086666666666666,6.3,6.1
2003-06-20,6.3,0.0,0.0,6.2333333333333325,6.091111111111112,6.3,6.1
2003-06-21,6.3,0.0,0.0,6.239999999999999,6.095555555555555,6.3,6.1
2003-06-22,6.3,0.0,0.0,6.246666666666666,6.099999999999999,6.3,6.1
2003-06-23,6.3,0.0,0.0,6.253333333333333,6.104444444444444,6.3,6.1
2003-06-24,6.3,0.0,0.0,6.260000000000001,6.108888888888888,6.3,6.1
2003-06-25,6.3,0.0,0.0,6.266666666666667,6.113333333333334,6.3,6.1
2003-06-26,6.3,0.0,0.0,6.2733333333333325,6.117777777777778,6.3,6.1
2003-06-27,6.3,0.0,0.0,6.279999999999999,6.122222222222221,6.3,6.1
2003-06-28,6.3,0.0,0.0,6.286666666666666,6.126666666666666,6.3,6.1
2003-06-29,6.3,0.0,0.0,6.293333333333334,6.13111111111111,6.3,6.1
2003-06-30,6.3,0.0,0.0,6.3,6.134444444444445,6.3,6.1
2003-07-01,6.2,-0.09999999999999964,-0.015873015873015817,6.296666666666667,6.136666666666666,6.3,6.3
2003-07-02,6.2,0.0,0.0,6.293333333333333,6.138888888888889,6.3,6.3
2003-07-03,6.2,0.0,0.0,6.29,6.14111111111111,6.3,6.3
2003-07-04,6.2,0.0,0.0,6.286666666666666,6.143333333333333,6.3,6.3
2003-07-05,6.2,0.0,0.0,6.283333333333333,6.145555555555556,6.3,6.3
2003-07-06,6.2,0.0,0.0,6.28,6.147777777777777,6.3,6.3
2003-07-07,6.2,0.0,0.0,6.276666666666666,6.15,6.3,6.3
2003-07-08,6.2,0.0,0.0,6.2733333333333325,6.152222222222221,6.2,6.3
2003-07-09,6.2,0.0,0.0,6.27,6.154444444444445,6.2,6.3
2003-07-10,6.2,0.0,0.0,6.266666666666667,6.156666666666667,6.2,6.3
2003-07-11,6.2,0.0,0.0,6.263333333333334,6.158888888888888,6.2,6.3
2003-07-12,6.2,0.0,0.0,6.26,6.161111111111111,6.2,6.3
2003-07-13,6.2,0.0,0.0,6.256666666666666,6.163333333333334,6.2,6.3
2003-07-14,6.2,0.0,0.0,6.253333333333333,6.165555555555556,6.2,6.3
2003-07-15,6.2,0.0,0.0,6.25,6.167777777777778,6.2,6.3
2003-07-16,6.2,0.0,0.0,6.246666666666667,6.17,6.2,6.3
2003-07-17,6.2,0.0,0.0,6.243333333333334,6.1722222222222225,6.2,6.3
2003-07-18,6.2,0.0,0.0,6.24,6.174444444444445,6.2,6.3
2003-07-19,6.2,0.0,0.0,6.236666666666666,6.176666666666667,6.2,6.3
2003-07-20,6.2,0.0,0.0,6.233333333333333,6.178888888888889,6.2,6.3
2003-07-21,6.2,0.0,0.0,6.23,6.181111111111111,6.2,6.3
2003-07-22,6.2,0.0,0.0,6.2266666666666675,6.183333333333334,6.2,6.3
2003-07-23,6.2,0.0,0.0,6.223333333333334,6.185555555555556,6.2,6.3
2003-07-24,6.2,0.0,0.0,6.22,6.187777777777778,6.2,6.3
2003-07-25,6.2,0.0,0.0,6.216666666666667,6.19,6.2,6.3
2003-07-26,6.2,0.0,0.0,6.213333333333334,6.192222222222222,6.2,6.3
2003-07-27,6.2,0.0,0.0,6.21,6.194444444444445,6.2,6.3
2003-07-28,6.2,0.0,0.0,6.206666666666667,6.196666666666667,6.2,6.3
2003-07-29,6.2,0.0,0.0,6.203333333333333,6.198888888888889,6.2,6.3
2003-07-30,6.2,0.0,0.0,6.2,6.2,6.2,6.3
2003-07-31,6.2,0.0,0.0,6.2,6.20111111111111,6.2,6.2
2003-08-01,6.1,-0.10000000000000053,-0.016129032258064613,6.196666666666667,6.2011111111111115,6.2,6.2
2003-08-02,6.1,0.0,0.0,6.193333333333333,6.2011111111111115,6.2,6.2
2003-08-03,6.1,0.0,0.0,6.1899999999999995,6.2011111111111115,6.2,6.2
2003-08-04,6.1,0.0,0.0,6.186666666666667,6.2011111111111115,6.2,6.2
2003-08-05,6.1,0.0,0.0,6.183333333333334,6.20111111111111,6.2,6.2
2003-08-06,6.1,0.0,0.0,6.180000000000001,6.2011111111111115,6.2,6.2
2003-08-07,6.1,0.0,0.0,6.176666666666667,6.2011111111111115,6.2,6.2
2003-08-08,6.1,0.0,0.0,6.173333333333333,6.2011111111111115,6.1,6.2
2003-08-09,6.1,0.0,0.0,6.170000000000001,6.20111111111111,6.1,6.2
2003-08-10,6.1,0.0,0.0,6.166666666666667,6.20111111111111,6.1,6.2
2003-08-11,6.1,0.0,0.0,6.163333333333333,6.2011111111111115,6.1,6.2
2003-08-12,6.1,0.0,0.0,6.159999999999999,6.2011111111111115,6.1,6.2
2003-08-13,6.1,0.0,0.0,6.156666666666666,6.2011111111111115,6.1,6.2
2003-08-14,6.1,0.0,0.0,6.153333333333333,6.20111111111111,6.1,6.2
2003-08-15,6.1,0.0,0.0,6.15,6.20111111111111,6.1,6.2
2003-08-16,6.1,0.0,0.0,6.1466666666666665,6.2011111111111115,6.1,6.2
2003-08-17,6.1,0.0,0.0,6.143333333333333,6.2011111111111115,6.1,6.2
2003-08-18,6.1,0.0,0.0,6.14,6.2011111111111115,6.1,6.2
2003-08-19,6.1,0.0,0.0,6.136666666666667,6.20111111111111,6.1,6.2
2003-08-20,6.1,0.0,0.0,6.133333333333334,6.20111111111111,6.1,6.2
2003-08-21,6.1,0.0,0.0,6.13,6.2011111111111115,6.1,6.2
2003-08-22,6.1,0.0,0.0,6.126666666666666,6.2011111111111115,6.1,6.2
2003-08-23,6.1,0.0,0.0,6.123333333333333,6.2011111111111115,6.1,6.2
2003-08-24,6.1,0.0,0.0,6.12,6.20111111111111,6.1,6.2
2003-08-25,6.1,0.0,0.0,6.116666666666666,6.20111111111111,6.1,6.2
2003-08-26,6.1,0.0,0.0,6.113333333333333,6.2011111111111115,6.1,6.2
2003-08-27,6.1,0.0,0.0,6.109999999999999,6.2011111111111115,6.1,6.2
2003-08-28,6.1,0.0,0.0,6.1066666666666665,6.2011111111111115,6.1,6.2
2003-08-29,6.1,0.0,0.0,6.1033333333333335,6.20111111111111,6.1,6.2
2003-08-30,6.1,0.0,0.0,6.1,6.198888888888889,6.1,6.2
2003-08-31,6.1,0.0,0.0,6.1,6.196666666666666,6.1,6.1
2003-09-01,6.1,0.0,0.0,6.1,6.194444444444445,6.1,6.1
2003-09-02,6.1,0.0,0.0,6.1,6.192222222222223,6.1,6.1
2003-09-03,6.1,0.0,0.0,6.1,6.189999999999999,6.1,6.1
2003-09-04,6.1,0.0,0.0,6.1,6.187777777777778,6.1,6.1
2003-09-05,6.1,0.0,0.0,6.1,6.185555555555554,6.1,6.1
2003-09-06,6.1,0.0,0.0,6.1,6.183333333333334,6.1,6.1
2003-09-07,6.1,0.0,0.0,6.1,6.181111111111112,6.1,6.1
2003-09-08,6.1,0.0,0.0,6.1,6.1788888888888875,6.1,6.1
2003-09-09,6.1,0.0,0.0,6.1,6.176666666666667,6.1,6.1
2003-09-10,6.1,0.0,0.0,6.1,6.174444444444443,6.1,6.1
2003-09-11,6.1,0.0,0.0,6.1,6.1722222222222225,6.1,6.1
2003-09-12,6.1,0.0,0.0,6.1,6.170000000000001,6.1,6.1
2003-09-13,6.1,0.0,0.0,6.1,6.1677777777777765,6.1,6.1
2003-09-14,6.1,0.0,0.0,6.1,6.165555555555556,6.1,6.1
2003-09-15,6.1,0.0,0.0,6.1,6.163333333333332,6.1,6.1
2003-09-16,6.1,0.0,0.0,6.1,6.161111111111111,6.1,6.1
2003-09-17,6.1,0.0,0.0,6.1,6.15888888888889,6.1,6.1
2003-09-18,6.1,0.0,0.0,6.1,6.156666666666665,6.1,6.1
2003-09-19,6.1,0.0,0.0,6.1,6.154444444444445,6.1,6.1
2003-09-20,6.1,0.0,0.0,6.1,6.152222222222223,6.1,6.1
2003-09-21,6.1,0.0,0.0,6.1,6.15,6.1,6.1
2003-09-22,6.1,0.0,0.0,6.1,6.147777777777779,6.1,6.1
2003-09-23,6.1,0.0,0.0,6.1,6.145555555555554,6.1,6.1
2003-09-24,6.1,0.0,0.0,6.1,6.143333333333333,6.1,6.1
2003-09-25,6.1,0.0,0.0,6.1,6.141111111111112,6.1,6.1
2003-09-26,6.1,0.0,0.0,6.1,6.138888888888889,6.1,6.1
2003-09-27,6.1,0.0,0.0,6.1,6.136666666666668,6.1,6.1
2003-09-28,6.1,0.0,0.0,6.1,6.134444444444443,6.1,6.1
2003-09-29,6.1,0.0,0.0,6.1,6.133333333333334,6.1,6.1
2003-09-30,6.1,0.0,0.0,6.1,6.132222222222222,6.1,6.1
2003-10-01,6.0,-0.09999999999999964,-0.016393442622950727,6.096666666666666,6.130000000000001,6.1,6.1
2003-10-02,6.0,0.0,0.0,6.093333333333333,6.127777777777778,6.1,6.1
2003-10-03,6.0,0.0,0.0,6.09,6.125555555555555,6.1,6.1
2003-10-04,6.0,0.0,0.0,6.086666666666667,6.123333333333334,6.1,6.1
2003-10-05,6.0,0.0,0.0,6.083333333333332,6.1211111111111105,6.1,6.1
2003-10-06,6.0,0.0,0.0,6.079999999999999,6.11888888888889,6.1,6.1
2003-10-07,6.0,0.0,0.0,6.076666666666666,6.116666666666666,6.1,6.1
2003-10-08,6.0,0.0,0.0,6.073333333333333,6.114444444444444,6.0,6.1
2003-10-09,6.0,0.0,0.0,6.069999999999999,6.112222222222223,6.0,6.1
2003-10-10,6.0,0.0,0.0,6.066666666666666,6.109999999999999,6.0,6.1
2003-10-11,6.0,0.0,0.0,6.063333333333333,6.107777777777779,6.0,6.1
2003-10-12,6.0,0.0,0.0,6.06,6.105555555555555,6.0,6.1
2003-10-13,6.0,0.0,0.0,6.056666666666667,6.103333333333333,6.0,6.1
2003-10-14,6.0,0.0,0.0,6.053333333333333,6.101111111111111,6.0,6.1
2003-10-15,6.0,0.0,0.0,6.05,6.098888888888888,6.0,6.1
2003-10-16,6.0,0.0,0.0,6.046666666666666,6.096666666666666,6.0,6.1
2003-10-17,6.0,0.0,0.0,6.043333333333333,6.094444444444444,6.0,6.1
2003-10-18,6.0,0.0,0.0,6.04,6.0922222222222215,6.0,6.1
2003-10-19,6.0,0.0,0.0,6.036666666666666,6.09,6.0,6.1
2003-10-20,6.0,0.0,0.0,6.033333333333333,6.087777777777777,6.0,6.1
2003-10-21,6.0,0.0,0.0,6.029999999999999,6.085555555555555,6.0,6.1
2003-10-22,6.0,0.0,0.0,6.026666666666666,6.083333333333333,6.0,6.1
2003-10-23,6.0,0.0,0.0,6.0233333333333325,6.0811111111111105,6.0,6.1
2003-10-24,6.0,0.0,0.0,6.02,6.078888888888889,6.0,6.1
2003-10-25,6.0,0.0,0.0,6.016666666666667,6.076666666666666,6.0,6.1
2003-10-26,6.0,0.0,0.0,6.013333333333333,6.074444444444444,6.0,6.1
2003-10-27,6.0,0.0,0.0,6.01,6.072222222222222,6.0,6.1
2003-10-28,6.0,0.0,0.0,6.006666666666666,6.069999999999999,6.0,6.1
2003-10-29,6.0,0.0,0.0,6.003333333333333,6.067777777777778,6.0,6.1
2003-10-30,6.0,0.0,0.0,6.0,6.066666666666666,6.0,6.1
2003-10-31,6.0,0.0,0.0,6.0,6.065555555555555,6.0,6.0
2003-11-01,5.8,-0.20000000000000018,-0.033333333333333326,5.993333333333334,6.062222222222221,6.0,6.0
2003-11-02,5.8,0.0,0.0,5.986666666666666,6.058888888888888,6.0,6.0
2003-11-03,5.8,0.0,0.0,5.98,6.055555555555555,6.0,6.0
2003-11-04,5.8,0.0,0.0,5.973333333333334,6.052222222222222,6.0,6.0
2003-11-05,5.8,0.0,0.0,5.966666666666667,6.0488888888888885,6.0,6.0
2003-11-06,5.8,0.0,0.0,5.96,6.045555555555555,6.0,6.0
2003-11-07,5.8,0.0,0.0,5.953333333333333,6.042222222222223,6.0,6.0
2003-11-08,5.8,0.0,0.0,5.946666666666667,6.038888888888889,5.8,6.0
2003-11-09,5.8,0.0,0.0,5.94,6.035555555555556,5.8,6.0
2003-11-10,5.8,0.0,0.0,5.933333333333334,6.032222222222222,5.8,6.0
2003-11-11,5.8,0.0,0.0,5.926666666666667,6.028888888888888,5.8,6.0
2003-11-12,5.8,0.0,0.0,5.92,6.025555555555556,5.8,6.0
2003-11-13,5.8,0.0,0.0,5.913333333333333,6.022222222222222,5.8,6.0
2003-11-14,5.8,0.0,0.0,5.906666666666667,6.018888888888889,5.8,6.0
2003-11-15,5.8,0.0,0.0,5.9,6.015555555555555,5.8,6.0
2003-11-16,5.8,0.0,0.0,5.8933333333333335,6.0122222222222215,5.8,6.0
2003-11-17,5.8,0.0,0.0,5.886666666666667,6.008888888888889,5.8,6.0
2003-11-18,5.8,0.0,0.0,5.88,6.0055555555555555,5.8,6.0
2003-11-19,5.8,0.0,0.0,5.873333333333334,6.002222222222223,5.8,6.0
2003-11-20,5.8,0.0,0.0,5.866666666666666,5.998888888888889,5.8,6.0
2003-11-21,5.8,0.0,0.0,5.86,5.995555555555555,5.8,6.0
2003-11-22,5.8,0.0,0.0,5.8533333333333335,5.992222222222223,5.8,6.0
2003-11-23,5.8,0.0,0.0,5.846666666666667,5.988888888888889,5.8,6.0
2003-11-24,5.8,0.0,0.0,5.84,5.985555555555556,5.8,6.0
2003-11-25,5.8,0.0,0.0,5.833333333333333,5.982222222222222,5.8,6.0
2003-11-26,5.8,0.0,0.0,5.826666666666667,5.978888888888888,5.8,6.0
2003-11-27,5.8,0.0,0.0,5.819999999999999,5.975555555555556,5.8,6.0
2003-11-28,5.8,0.0,0.0,5.8133333333333335,5.972222222222222,5.8,6.0
2003-11-29,5.8,0.0,0.0,5.806666666666667,5.9688888888888885,5.8,6.0
2003-11-30,5.8,0.0,0.0,5.8,5.9655555555555555,5.8,6.0
2003-12-01,5.7,-0.09999999999999964,-0.01724137931034475,5.796666666666666,5.9611111111111095,5.8,5.8
2003-12-02,5.7,0.0,0.0,5.793333333333334,5.956666666666667,5.8,5.8
2003-12-03,5.7,0.0,0.0,5.79,5.952222222222223,5.8,5.8
2003-12-04,5.7,0.0,0.0,5.786666666666666,5.947777777777778,5.8,5.8
2003-12-05,5.7,0.0,0.0,5.783333333333333,5.943333333333333,5.8,5.8
2003-12-06,5.7,0.0,0.0,5.779999999999999,5.938888888888889,5.8,5.8
2003-12-07,5.7,0.0,0.0,5.776666666666667,5.934444444444445,5.8,5.8
2003-12-08,5.7,0.0,0.0,5.7733333333333325,5.930000000000001,5.7,5.8
2003-12-09,5.7,0.0,0.0,5.77,5.9255555555555555,5.7,5.8
2003-12-10,5.7,0.0,0.0,5.766666666666667,5.921111111111111,5.7,5.8
2003-12-11,5.7,0.0,0.0,5.763333333333334,5.916666666666667,5.7,5.8
2003-12-12,5.7,0.0,0.0,5.760000000000001,5.912222222222223,5.7,5.8
2003-12-13,5.7,0.0,0.0,5.756666666666666,5.9077777777777785,5.7,5.8
2003-12-14,5.7,0.0,0.0,5.753333333333333,5.903333333333332,5.7,5.8
2003-12-15,5.7,0.0,0.0,5.75,5.898888888888889,5.7,5.8
2003-12-16,5.7,0.0,0.0,5.746666666666667,5.894444444444445,5.7,5.8
2003-12-17,5.7,0.0,0.0,5.743333333333334,5.890000000000001,5.7,5.8
2003-12-18,5.7,0.0,0.0,5.739999999999999,5.885555555555556,5.7,5.8
2003-12-19,5.7,0.0,0.0,5.736666666666666,5.88111111111111,5.7,5.8
2003-12-20,5.7,0.0,0.0,5.733333333333333,5.876666666666666,5.7,5.8
2003-12-21,5.7,0.0,0.0,5.73,5.872222222222222,5.7,5.8
2003-12-22,5.7,0.0,0.0,5.7266666666666675,5.867777777777778,5.7,5.8
2003-12-23,5.7,0.0,0.0,5.723333333333333,5.863333333333334,5.7,5.8
2003-12-24,5.7,0.0,0.0,5.72,5.858888888888888,5.7,5.8
2003-12-25,5.7,0.0,0.0,5.716666666666667,5.854444444444444,5.7,5.8
2003-12-26,5.7,0.0,0.0,5.713333333333334,5.85,5.7,5.8
2003-12-27,5.7,0.0,0.0,5.71,5.845555555555555,5.7,5.8
2003-12-28,5.7,0.0,0.0,5.706666666666666,5.841111111111112,5.7,5.8
2003-12-29,5.7,0.0,0.0,5.703333333333334,5.836666666666666,5.7,5.8
2003-12-30,5.7,0.0,0.0,5.7,5.833333333333333,5.7,5.8
2003-12-31,5.7,0.0,0.0,5.7,5.83,5.7,5.7
2004-01-01,5.7,0.0,0.0,5.7,5.826666666666666,5.7,5.7
2004-01-02,5.7,0.0,0.0,5.7,5.823333333333333,5.7,5.7
2004-01-03,5.7,0.0,0.0,5.7,5.819999999999999,5.7,5.7
2004-01-04,5.7,0.0,0.0,5.7,5.816666666666666,5.7,5.7
2004-01-05,5.7,0.0,0.0,5.7,5.8133333333333335,5.7,5.7
2004-01-06,5.7,0.0,0.0,5.7,5.81,5.7,5.7
2004-01-07,5.7,0.0,0.0,5.7,5.806666666666667,5.7,5.7
2004-01-08,5.7,0.0,0.0,5.7,5.803333333333333,5.7,5.7
2004-01-09,5.7,0.0,0.0,5.7,5.8,5.7,5.7
2004-01-10,5.7,0.0,0.0,5.7,5.796666666666667,5.7,5.7
2004-01-11,5.7,0.0,0.0,5.7,5.793333333333333,5.7,5.7
2004-01-12,5.7,0.0,0.0,5.7,5.79,5.7,5.7
2004-01-13,5.7,0.0,0.0,5.7,5.786666666666666,5.7,5.7
2004-01-14,5.7,0.0,0.0,5.7,5.783333333333333,5.7,5.7
2004-01-15,5.7,0.0,0.0,5.7,5.78,5.7,5.7
2004-01-16,5.7,0.0,0.0,5.7,5.776666666666666,5.7,5.7
2004-01-17,5.7,0.0,0.0,5.7,5.773333333333333,5.7,5.7
2004-01-18,5.7,0.0,0.0,5.7,5.77,5.7,5.7
2004-01-19,5.7,0.0,0.0,5.7,5.766666666666667,5.7,5.7
2004-01-20,5.7,0.0,0.0,5.7,5.763333333333334,5.7,5.7
2004-01-21,5.7,0.0,0.0,5.7,5.76,5.7,5.7
2004-01-22,5.7,0.0,0.0,5.7,5.756666666666667,5.7,5.7
2004-01-23,5.7,0.0,0.0,5.7,5.753333333333333,5.7,5.7
2004-01-24,5.7,0.0,0.0,5.7,5.75,5.7,5.7
2004-01-25,5.7,0.0,0.0,5.7,5.746666666666667,5.7,5.7
2004-01-26,5.7,0.0,0.0,5.7,5.743333333333333,5.7,5.7
2004-01-27,5.7,0.0,0.0,5.7,5.74,5.7,5.7
2004-01-28,5.7,0.0,0.0,5.7,5.736666666666666,5.7,5.7
2004-01-29,5.7,0.0,0.0,5.7,5.733333333333333,5.7,5.7
2004-01-30,5.7,0.0,0.0,5.7,5.732222222222222,5.7,5.7
2004-01-31,5.7,0.0,0.0,5.7,5.731111111111112,5.7,5.7
2004-02-01,5.6,-0.10000000000000053,-0.01754385964912286,5.696666666666667,5.728888888888889,5.7,5.7
2004-02-02,5.6,0.0,0.0,5.693333333333333,5.726666666666667,5.7,5.7
2004-02-03,5.6,0.0,0.0,5.69,5.724444444444445,5.7,5.7
2004-02-04,5.6,0.0,0.0,5.6866666666666665,5.722222222222222,5.7,5.7
2004-02-05,5.6,0.0,0.0,5.683333333333334,5.720000000000001,5.7,5.7
2004-02-06,5.6,0.0,0.0,5.680000000000001,5.717777777777778,5.7,5.7
2004-02-07,5.6,0.0,0.0,5.676666666666667,5.7155555555555555,5.7,5.7
2004-02-08,5.6,0.0,0.0,5.673333333333334,5.713333333333334,5.6,5.7
2004-02-09,5.6,0.0,0.0,5.67,5.711111111111111,5.6,5.7
2004-02-10,5.6,0.0,0.0,5.666666666666667,5.70888888888889,5.6,5.7
2004-02-11,5.6,0.0,0.0,5.663333333333332,5.706666666666667,5.6,5.7
2004-02-12,5.6,0.0,0.0,5.66,5.704444444444444,5.6,5.7
2004-02-13,5.6,0.0,0.0,5.656666666666667,5.702222222222223,5.6,5.7
2004-02-14,5.6,0.0,0.0,5.653333333333333,5.7,5.6,5.7
2004-02-15,5.6,0.0,0.0,5.65,5.6977777777777785,5.6,5.7
2004-02-16,5.6,0.0,0.0,5.646666666666666,5.695555555555556,5.6,5.7
2004-02-17,5.6,0.0,0.0,5.643333333333333,5.693333333333333,5.6,5.7
2004-02-18,5.6,0.0,0.0,5.640000000000001,5.691111111111112,5.6,5.7
2004-02-19,5.6,0.0,0.0,5.636666666666667,5.688888888888889,5.6,5.7
2004-02-20,5.6,0.0,0.0,5.633333333333334,5.6866666666666665,5.6,5.7
2004-02-21,5.6,0.0,0.0,5.629999999999999,5.684444444444445,5.6,5.7
2004-02-22,5.6,0.0,0.0,5.626666666666666,5.682222222222222,5.6,5.7
2004-02-23,5.6,0.0,0.0,5.623333333333334,5.68,5.6,5.7
2004-02-24,5.6,0.0,0.0,5.62,5.677777777777778,5.6,5.7
2004-02-25,5.6,0.0,0.0,5.616666666666666,5.6755555555555555,5.6,5.7
2004-02-26,5.6,0.0,0.0,5.613333333333332,5.673333333333334,5.6,5.7
2004-02-27,5.6,0.0,0.0,5.609999999999999,5.671111111111111,5.6,5.7
2004-02-28,5.6,0.0,0.0,5.6066666666666665,5.668888888888889,5.6,5.7
2004-02-29,5.6,0.0,0.0,5.6033333333333335,5.667777777777778,5.6,5.7
2004-03-01,5.8,0.20000000000000018,0.03571428571428581,5.6066666666666665,5.668888888888889,5.6,5.7
2004-03-02,5.8,0.0,0.0,5.613333333333333,5.67,5.6,5.6
2004-03-03,5.8,0.0,0.0,5.619999999999999,5.671111111111111,5.6,5.6
2004-03-04,5.8,0.0,0.0,5.626666666666666,5.6722222222222225,5.6,5.6
2004-03-05,5.8,0.0,0.0,5.633333333333334,5.673333333333334,5.6,5.6
2004-03-06,5.8,0.0,0.0,5.64,5.674444444444444,5.6,5.6
2004-03-07,5.8,0.0,0.0,5.6466666666666665,5.6755555555555555,5.6,5.6
2004-03-08,5.8,0.0,0.0,5.653333333333332,5.676666666666667,5.8,5.6
2004-03-09,5.8,0.0,0.0,5.659999999999999,5.677777777777778,5.8,5.6
2004-03-10,5.8,0.0,0.0,5.666666666666667,5.678888888888889,5.8,5.6
2004-03-11,5.8,0.0,0.0,5.673333333333333,5.68,5.8,5.6
2004-03-12,5.8,0.0,0.0,5.680000000000001,5.681111111111111,5.8,5.6
2004-03-13,5.8,0.0,0.0,5.6866666666666665,5.682222222222222,5.8,5.6
2004-03-14,5.8,0.0,0.0,5.6933333333333325,5.683333333333334,5.8,5.6
2004-03-15,5.8,0.0,0.0,5.7,5.684444444444445,5.8,5.6
2004-03-16,5.8,0.0,0.0,5.706666666666666,5.685555555555555,5.8,5.6
2004-03-17,5.8,0.0,0.0,5.713333333333334,5.6866666666666665,5.8,5.6
2004-03-18,5.8,0.0,0.0,5.72,5.687777777777778,5.8,5.6
2004-03-19,5.8,0.0,0.0,5.726666666666666,5.688888888888889,5.8,5.6
2004-03-20,5.8,0.0,0.0,5.733333333333333,5.69,5.8,5.6
2004-03-21,5.8,0.0,0.0,5.739999999999999,5.691111111111112,5.8,5.6
2004-03-22,5.8,0.0,0.0,5.746666666666667,5.692222222222223,5.8,5.6
2004-03-23,5.8,0.0,0.0,5.753333333333333,5.693333333333333,5.8,5.6
2004-03-24,5.8,0.0,0.0,5.76,5.694444444444445,5.8,5.6
2004-03-25,5.8,0.0,0.0,5.766666666666667,5.695555555555556,5.8,5.6
2004-03-26,5.8,0.0,0.0,5.7733333333333325,5.696666666666667,5.8,5.6
2004-03-27,5.8,0.0,0.0,5.78,5.6977777777777785,5.8,5.6
2004-03-28,5.8,0.0,0.0,5.786666666666666,5.698888888888889,5.8,5.6
2004-03-29,5.8,0.0,0.0,5.793333333333334,5.7,5.8,5.6
2004-03-30,5.8,0.0,0.0,5.8,5.7011111111111115,5.8,5.6
2004-03-31,5.8,0.0,0.0,5.8,5.702222222222223,5.8,5.8
2004-04-01,5.6,-0.20000000000000018,-0.034482758620689724,5.793333333333333,5.7011111111111115,5.8,5.8
2004-04-02,5.6,0.0,0.0,5.786666666666666,5.7,5.8,5.8
2004-04-03,5.6,0.0,0.0,5.78,5.698888888888889,5.8,5.8
2004-04-04,5.6,0.0,0.0,5.7733333333333325,5.697777777777778,5.8,5.8
2004-04-05,5.6,0.0,0.0,5.766666666666667,5.696666666666667,5.8,5.8
2004-04-06,5.6,0.0,0.0,5.76,5.695555555555554,5.8,5.8
2004-04-07,5.6,0.0,0.0,5.753333333333333,5.694444444444445,5.8,5.8
2004-04-08,5.6,0.0,0.0,5.746666666666667,5.693333333333333,5.6,5.8
2004-04-09,5.6,0.0,0.0,5.739999999999999,5.692222222222222,5.6,5.8
2004-04-10,5.6,0.0,0.0,5.733333333333333,5.691111111111112,5.6,5.8
2004-04-11,5.6,0.0,0.0,5.726666666666666,5.689999999999999,5.6,5.8
2004-04-12,5.6,0.0,0.0,5.72,5.688888888888888,5.6,5.8
2004-04-13,5.6,0.0,0.0,5.713333333333334,5.687777777777778,5.6,5.8
2004-04-14,5.6,0.0,0.0,5.706666666666666,5.6866666666666665,5.6,5.8
2004-04-15,5.6,0.0,0.0,5.7,5.685555555555555,5.6,5.8
2004-04-16,5.6,0.0,0.0,5.6933333333333325,5.684444444444444,5.6,5.8
2004-04-17,5.6,0.0,0.0,5.6866666666666665,5.683333333333333,5.6,5.8
2004-04-18,5.6,0.0,0.0,5.679999999999999,5.682222222222222,5.6,5.8
2004-04-19,5.6,0.0,0.0,5.673333333333333,5.681111111111111,5.6,5.8
2004-04-20,5.6,0.0,0.0,5.666666666666667,5.68,5.6,5.8
2004-04-21,5.6,0.0,0.0,5.659999999999999,5.678888888888888,5.6,5.8
2004-04-22,5.6,0.0,0.0,5.653333333333333,5.677777777777777,5.6,5.8
2004-04-23,5.6,0.0,0.0,5.646666666666666,5.676666666666667,5.6,5.8
2004-04-24,5.6,0.0,0.0,5.64,5.6755555555555555,5.6,5.8
2004-04-25,5.6,0.0,0.0,5.633333333333334,5.674444444444444,5.6,5.8
2004-04-26,5.6,0.0,0.0,5.626666666666666,5.673333333333333,5.6,5.8
2004-04-27,5.6,0.0,0.0,5.62,5.672222222222222,5.6,5.8
2004-04-28,5.6,0.0,0.0,5.613333333333332,5.671111111111111,5.6,5.8
2004-04-29,5.6,0.0,0.0,5.6066666666666665,5.67,5.6,5.8
2004-04-30,5.6,0.0,0.0,5.6,5.668888888888889,5.6,5.8
2004-05-01,5.6,0.0,0.0,5.6,5.668888888888889,5.6,5.6
2004-05-02,5.6,0.0,0.0,5.6,5.668888888888888,5.6,5.6
2004-05-03,5.6,0.0,0.0,5.6,5.668888888888889,5.6,5.6
2004-05-04,5.6,0.0,0.0,5.6,5.668888888888888,5.6,5.6
2004-05-05,5.6,0.0,0.0,5.6,5.668888888888889,5.6,5.6
2004-05-06,5.6,0.0,0.0,5.6,5.668888888888889,5.6,5.6
2004-05-07,5.6,0.0,0.0,5.6,5.668888888888888,5.6,5.6
2004-05-08,5.6,0.0,0.0,5.6,5.668888888888889,5.6,5.6
2004-05-09,5.6,0.0,0.0,5.6,5.668888888888888,5.6,5.6
2004-05-10,5.6,0.0,0.0,5.6,5.668888888888889,5.6,5.6
2004-05-11,5.6,0.0,0.0,5.6,5.668888888888889,5.6,5.6
2004-05-12,5.6,0.0,0.0,5.6,5.668888888888889,5.6,5.6
2004-05-13,5.6,0.0,0.0,5.6,5.668888888888889,5.6,5.6
2004-05-14,5.6,0.0,0.0,5.6,5.668888888888888,5.6,5.6
2004-05-15,5.6,0.0,0.0,5.6,5.668888888888889,5.6,5.6
2004-05-16,5.6,0.0,0.0,5.6,5.668888888888889,5.6,5.6
2004-05-17,5.6,0.0,0.0,5.6,5.668888888888889,5.6,5.6
2004-05-18,5.6,0.0,0.0,5.6,5.668888888888889,5.6,5.6
2004-05-19,5.6,0.0,0.0,5.6,5.668888888888888,5.6,5.6
2004-05-20,5.6,0.0,0.0,5.6,5.668888888888889,5.6,5.6
2004-05-21,5.6,0.0,0.0,5.6,5.668888888888889,5.6,5.6
2004-05-22,5.6,0.0,0.0,5.6,5.668888888888889,5.6,5.6
2004-05-23,5.6,0.0,0.0,5.6,5.668888888888889,5.6,5.6
2004-05-24,5.6,0.0,0.0,5.6,5.668888888888888,5.6,5.6
2004-05-25,5.6,0.0,0.0,5.6,5.668888888888889,5.6,5.6
2004-05-26,5.6,0.0,0.0,5.6,5.668888888888889,5.6,5.6
2004-05-27,5.6,0.0,0.0,5.6,5.668888888888889,5.6,5.6
2004-05-28,5.6,0.0,0.0,5.6,5.668888888888889,5.6,5.6
2004-05-29,5.6,0.0,0.0,5.6,5.668888888888888,5.6,5.6
2004-05-30,5.6,0.0,0.0,5.6,5.666666666666667,5.6,5.6
2004-05-31,5.6,0.0,0.0,5.6,5.664444444444444,5.6,5.6
2004-06-01,5.6,0.0,0.0,5.6,5.662222222222222,5.6,5.6
2004-06-02,5.6,0.0,0.0,5.6,5.66,5.6,5.6
2004-06-03,5.6,0.0,0.0,5.6,5.657777777777777,5.6,5.6
2004-06-04,5.6,0.0,0.0,5.6,5.655555555555556,5.6,5.6
2004-06-05,5.6,0.0,0.0,5.6,5.653333333333332,5.6,5.6
2004-06-06,5.6,0.0,0.0,5.6,5.651111111111111,5.6,5.6
2004-06-07,5.6,0.0,0.0,5.6,5.648888888888889,5.6,5.6
2004-06-08,5.6,0.0,0.0,5.6,5.646666666666666,5.6,5.6
2004-06-09,5.6,0.0,0.0,5.6,5.644444444444445,5.6,5.6
2004-06-10,5.6,0.0,0.0,5.6,5.642222222222221,5.6,5.6
2004-06-11,5.6,0.0,0.0,5.6,5.64,5.6,5.6
2004-06-12,5.6,0.0,0.0,5.6,5.637777777777777,5.6,5.6
2004-06-13,5.6,0.0,0.0,5.6,5.6355555555555545,5.6,5.6
2004-06-14,5.6,0.0,0.0,5.6,5.633333333333334,5.6,5.6
2004-06-15,5.6,0.0,0.0,5.6,5.63111111111111,5.6,5.6
2004-06-16,5.6,0.0,0.0,5.6,5.628888888888889,5.6,5.6
2004-06-17,5.6,0.0,0.0,5.6,5.626666666666666,5.6,5.6
2004-06-18,5.6,0.0,0.0,5.6,5.6244444444444435,5.6,5.6
2004-06-19,5.6,0.0,0.0,5.6,5.622222222222222,5.6,5.6
2004-06-20,5.6,0.0,0.0,5.6,5.619999999999999,5.6,5.6
2004-06-21,5.6,0.0,0.0,5.6,5.6177777777777775,5.6,5.6
2004-06-22,5.6,0.0,0.0,5.6,5.615555555555555,5.6,5.6
2004-06-23,5.6,0.0,0.0,5.6,5.613333333333332,5.6,5.6
2004-06-24,5.6,0.0,0.0,5.6,5.611111111111111,5.6,5.6
2004-06-25,5.6,0.0,0.0,5.6,5.608888888888888,5.6,5.6
2004-06-26,5.6,0.0,0.0,5.6,5.6066666666666665,5.6,5.6
2004-06-27,5.6,0.0,0.0,5.6,5.604444444444444,5.6,5.6
2004-06-28,5.6,0.0,0.0,5.6,5.602222222222222,5.6,5.6
2004-06-29,5.6,0.0,0.0,5.6,5.6,5.6,5.6
2004-06-30,5.6,0.0,0.0,5.6,5.6,5.6,5.6
2004-07-01,5.5,-0.09999999999999964,-0.017857142857142794,5.596666666666666,5.598888888888888,5.6,5.6
2004-07-02,5.5,0.0,0.0,5.593333333333333,5.597777777777777,5.6,5.6
2004-07-03,5.5,0.0,0.0,5.59,5.596666666666666,5.6,5.6
2004-07-04,5.5,0.0,0.0,5.586666666666667,5.595555555555555,5.6,5.6
2004-07-05,5.5,0.0,0.0,5.583333333333333,5.594444444444444,5.6,5.6
2004-07-06,5.5,0.0,0.0,5.579999999999999,5.593333333333333,5.6,5.6
2004-07-07,5.5,0.0,0.0,5.576666666666666,5.5922222222222215,5.6,5.6
2004-07-08,5.5,0.0,0.0,5.573333333333333,5.59111111111111,5.5,5.6
2004-07-09,5.5,0.0,0.0,5.569999999999999,5.59,5.5,5.6
2004-07-10,5.5,0.0,0.0,5.566666666666666,5.588888888888889,5.5,5.6
2004-07-11,5.5,0.0,0.0,5.563333333333333,5.587777777777777,5.5,5.6
2004-07-12,5.5,0.0,0.0,5.56,5.586666666666666,5.5,5.6
2004-07-13,5.5,0.0,0.0,5.556666666666667,5.585555555555555,5.5,5.6
2004-07-14,5.5,0.0,0.0,5.553333333333333,5.584444444444444,5.5,5.6
2004-07-15,5.5,0.0,0.0,5.55,5.583333333333333,5.5,5.6
2004-07-16,5.5,0.0,0.0,5.546666666666666,5.582222222222222,5.5,5.6
2004-07-17,5.5,0.0,0.0,5.543333333333333,5.5811111111111105,5.5,5.6
2004-07-18,5.5,0.0,0.0,5.54,5.579999999999999,5.5,5.6
2004-07-19,5.5,0.0,0.0,5.536666666666666,5.578888888888889,5.5,5.6
2004-07-20,5.5,0.0,0.0,5.533333333333333,5.5777777777777775,5.5,5.6
2004-07-21,5.5,0.0,0.0,5.53,5.576666666666666,5.5,5.6
2004-07-22,5.5,0.0,0.0,5.526666666666666,5.575555555555555,5.5,5.6
2004-07-23,5.5,0.0,0.0,5.5233333333333325,5.574444444444444,5.5,5.6
2004-07-24,5.5,0.0,0.0,5.52,5.573333333333333,5.5,5.6
2004-07-25,5.5,0.0,0.0,5.516666666666667,5.572222222222222,5.5,5.6
2004-07-26,5.5,0.0,0.0,5.513333333333334,5.571111111111111,5.5,5.6
2004-07-27,5.5,0.0,0.0,5.51,5.569999999999999,5.5,5.6
2004-07-28,5.5,0.0,0.0,5.506666666666666,5.568888888888888,5.5,5.6
2004-07-29,5.5,0.0,0.0,5.503333333333333,5.567777777777778,5.5,5.6
2004-07-30,5.5,0.0,0.0,5.5,5.566666666666666,5.5,5.6
2004-07-31,5.5,0.0,0.0,5.5,5.565555555555555,5.5,5.5
2004-08-01,5.4,-0.09999999999999964,-0.018181818181818077,5.496666666666667,5.5633333333333335,5.5,5.5
2004-08-02,5.4,0.0,0.0,5.493333333333334,5.561111111111111,5.5,5.5
2004-08-03,5.4,0.0,0.0,5.49,5.558888888888889,5.5,5.5
2004-08-04,5.4,0.0,0.0,5.486666666666666,5.556666666666667,5.5,5.5
2004-08-05,5.4,0.0,0.0,5.483333333333333,5.554444444444444,5.5,5.5
2004-08-06,5.4,0.0,0.0,5.48,5.552222222222222,5.5,5.5
2004-08-07,5.4,0.0,0.0,5.4766666666666675,5.55,5.5,5.5
2004-08-08,5.4,0.0,0.0,5.473333333333334,5.547777777777778,5.4,5.5
2004-08-09,5.4,0.0,0.0,5.47,5.545555555555556,5.4,5.5
2004-08-10,5.4,0.0,0.0,5.466666666666667,5.543333333333333,5.4,5.5
2004-08-11,5.4,0.0,0.0,5.463333333333334,5.541111111111111,5.4,5.5
2004-08-12,5.4,0.0,0.0,5.46,5.538888888888889,5.4,5.5
2004-08-13,5.4,0.0,0.0,5.456666666666667,5.536666666666667,5.4,5.5
2004-08-14,5.4,0.0,0.0,5.453333333333334,5.5344444444444445,5.4,5.5
2004-08-15,5.4,0.0,0.0,5.45,5.532222222222222,5.4,5.5
2004-08-16,5.4,0.0,0.0,5.446666666666667,5.53,5.4,5.5
2004-08-17,5.4,0.0,0.0,5.443333333333333,5.527777777777778,5.4,5.5
2004-08-18,5.4,0.0,0.0,5.44,5.525555555555556,5.4,5.5
2004-08-19,5.4,0.0,0.0,5.436666666666667,5.5233333333333325,5.4,5.5
2004-08-20,5.4,0.0,0.0,5.433333333333334,5.521111111111111,5.4,5.5
2004-08-21,5.4,0.0,0.0,5.430000000000001,5.518888888888889,5.4,5.5
2004-08-22,5.4,0.0,0.0,5.426666666666667,5.516666666666667,5.4,5.5
2004-08-23,5.4,0.0,0.0,5.423333333333334,5.514444444444445,5.4,5.5
2004-08-24,5.4,0.0,0.0,5.420000000000001,5.5122222222222215,5.4,5.5
2004-08-25,5.4,0.0,0.0,5.416666666666667,5.51,5.4,5.5
2004-08-26,5.4,0.0,0.0,5.413333333333333,5.507777777777777,5.4,5.5
2004-08-27,5.4,0.0,0.0,5.41,5.5055555555555555,5.4,5.5
2004-08-28,5.4,0.0,0.0,5.406666666666667,5.503333333333334,5.4,5.5
2004-08-29,5.4,0.0,0.0,5.403333333333334,5.50111111111111,5.4,5.5
2004-08-30,5.4,0.0,0.0,5.4,5.49888888888889,5.4,5.5
2004-08-31,5.4,0.0,0.0,5.4,5.496666666666666,5.4,5.4
2004-09-01,5.4,0.0,0.0,5.4,5.4944444444444445,5.4,5.4
2004-09-02,5.4,0.0,0.0,5.4,5.492222222222223,5.4,5.4
2004-09-03,5.4,0.0,0.0,5.4,5.49,5.4,5.4
2004-09-04,5.4,0.0,0.0,5.4,5.4877777777777785,5.4,5.4
2004-09-05,5.4,0.0,0.0,5.4,5.485555555555555,5.4,5.4
2004-09-06,5.4,0.0,0.0,5.4,5.483333333333333,5.4,5.4
2004-09-07,5.4,0.0,0.0,5.4,5.481111111111111,5.4,5.4
2004-09-08,5.4,0.0,0.0,5.4,5.478888888888889,5.4,5.4
2004-09-09,5.4,0.0,0.0,5.4,5.4766666666666675,5.4,5.4
2004-09-10,5.4,0.0,0.0,5.4,5.474444444444444,5.4,5.4
2004-09-11,5.4,0.0,0.0,5.4,5.472222222222222,5.4,5.4
2004-09-12,5.4,0.0,0.0,5.4,5.47,5.4,5.4
2004-09-13,5.4,0.0,0.0,5.4,5.467777777777778,5.4,5.4
2004-09-14,5.4,0.0,0.0,5.4,5.4655555555555555,5.4,5.4
2004-09-15,5.4,0.0,0.0,5.4,5.463333333333333,5.4,5.4
2004-09-16,5.4,0.0,0.0,5.4,5.461111111111111,5.4,5.4
2004-09-17,5.4,0.0,0.0,5.4,5.458888888888889,5.4,5.4
2004-09-18,5.4,0.0,0.0,5.4,5.456666666666667,5.4,5.4
2004-09-19,5.4,0.0,0.0,5.4,5.454444444444444,5.4,5.4
2004-09-20,5.4,0.0,0.0,5.4,5.452222222222222,5.4,5.4
2004-09-21,5.4,0.0,0.0,5.4,5.45,5.4,5.4
2004-09-22,5.4,0.0,0.0,5.4,5.447777777777778,5.4,5.4
2004-09-23,5.4,0.0,0.0,5.4,5.445555555555556,5.4,5.4
2004-09-24,5.4,0.0,0.0,5.4,5.443333333333333,5.4,5.4
2004-09-25,5.4,0.0,0.0,5.4,5.441111111111111,5.4,5.4
2004-09-26,5.4,0.0,0.0,5.4,5.438888888888889,5.4,5.4
2004-09-27,5.4,0.0,0.0,5.4,5.4366666666666665,5.4,5.4
2004-09-28,5.4,0.0,0.0,5.4,5.434444444444445,5.4,5.4
2004-09-29,5.4,0.0,0.0,5.4,5.433333333333334,5.4,5.4
2004-09-30,5.4,0.0,0.0,5.4,5.432222222222222,5.4,5.4
2004-10-01,5.5,0.09999999999999964,0.01851851851851838,5.403333333333334,5.432222222222222,5.4,5.4
2004-10-02,5.5,0.0,0.0,5.406666666666667,5.432222222222222,5.4,5.4
2004-10-03,5.5,0.0,0.0,5.41,5.432222222222222,5.4,5.4
2004-10-04,5.5,0.0,0.0,5.413333333333333,5.432222222222222,5.4,5.4
2004-10-05,5.5,0.0,0.0,5.416666666666668,5.432222222222222,5.4,5.4
2004-10-06,5.5,0.0,0.0,5.420000000000001,5.432222222222222,5.4,5.4
2004-10-07,5.5,0.0,0.0,5.423333333333334,5.432222222222222,5.4,5.4
2004-10-08,5.5,0.0,0.0,5.426666666666667,5.432222222222222,5.5,5.4
2004-10-09,5.5,0.0,0.0,5.430000000000001,5.432222222222222,5.5,5.4
2004-10-10,5.5,0.0,0.0,5.4333333333333345,5.432222222222222,5.5,5.4
2004-10-11,5.5,0.0,0.0,5.436666666666667,5.432222222222222,5.5,5.4
2004-10-12,5.5,0.0,0.0,5.44,5.432222222222222,5.5,5.4
2004-10-13,5.5,0.0,0.0,5.443333333333333,5.432222222222222,5.5,5.4
2004-10-14,5.5,0.0,0.0,5.446666666666667,5.432222222222222,5.5,5.4
2004-10-15,5.5,0.0,0.0,5.45,5.432222222222222,5.5,5.4
2004-10-16,5.5,0.0,0.0,5.453333333333334,5.432222222222222,5.5,5.4
2004-10-17,5.5,0.0,0.0,5.456666666666667,5.432222222222222,5.5,5.4
2004-10-18,5.5,0.0,0.0,5.46,5.432222222222222,5.5,5.4
2004-10-19,5.5,0.0,0.0,5.463333333333334,5.432222222222222,5.5,5.4
2004-10-20,5.5,0.0,0.0,5.466666666666667,5.432222222222222,5.5,5.4
2004-10-21,5.5,0.0,0.0,5.470000000000001,5.432222222222222,5.5,5.4
2004-10-22,5.5,0.0,0.0,5.473333333333334,5.432222222222222,5.5,5.4
2004-10-23,5.5,0.0,0.0,5.4766666666666675,5.432222222222222,5.5,5.4
2004-10-24,5.5,0.0,0.0,5.48,5.432222222222222,5.5,5.4
2004-10-25,5.5,0.0,0.0,5.483333333333333,5.432222222222222,5.5,5.4
2004-10-26,5.5,0.0,0.0,5.486666666666667,5.432222222222222,5.5,5.4
2004-10-27,5.5,0.0,0.0,5.49,5.432222222222222,5.5,5.4
2004-10-28,5.5,0.0,0.0,5.493333333333334,5.432222222222222,5.5,5.4
2004-10-29,5.5,0.0,0.0,5.496666666666667,5.432222222222222,5.5,5.4
2004-10-30,5.5,0.0,0.0,5.5,5.433333333333334,5.5,5.4
2004-10-31,5.5,0.0,0.0,5.5,5.434444444444445,5.5,5.5
2004-11-01,5.4,-0.09999999999999964,-0.018181818181818077,5.496666666666667,5.434444444444445,5.5,5.5
2004-11-02,5.4,0.0,0.0,5.493333333333333,5.434444444444445,5.5,5.5
2004-11-03,5.4,0.0,0.0,5.489999999999999,5.434444444444445,5.5,5.5
2004-11-04,5.4,0.0,0.0,5.486666666666666,5.434444444444445,5.5,5.5
2004-11-05,5.4,0.0,0.0,5.483333333333333,5.434444444444445,5.5,5.5
2004-11-06,5.4,0.0,0.0,5.48,5.434444444444445,5.5,5.5
2004-11-07,5.4,0.0,0.0,5.476666666666666,5.434444444444445,5.5,5.5
2004-11-08,5.4,0.0,0.0,5.473333333333333,5.434444444444445,5.4,5.5
2004-11-09,5.4,0.0,0.0,5.47,5.434444444444445,5.4,5.5
2004-11-10,5.4,0.0,0.0,5.466666666666667,5.434444444444445,5.4,5.5
2004-11-11,5.4,0.0,0.0,5.463333333333334,5.434444444444445,5.4,5.5
2004-11-12,5.4,0.0,0.0,5.459999999999999,5.434444444444445,5.4,5.5
2004-11-13,5.4,0.0,0.0,5.456666666666666,5.434444444444445,5.4,5.5
2004-11-14,5.4,0.0,0.0,5.453333333333333,5.434444444444445,5.4,5.5
2004-11-15,5.4,0.0,0.0,5.45,5.434444444444445,5.4,5.5
2004-11-16,5.4,0.0,0.0,5.446666666666667,5.434444444444445,5.4,5.5
2004-11-17,5.4,0.0,0.0,5.443333333333333,5.434444444444445,5.4,5.5
2004-11-18,5.4,0.0,0.0,5.4399999999999995,5.434444444444445,5.4,5.5
2004-11-19,5.4,0.0,0.0,5.4366666666666665,5.434444444444445,5.4,5.5
2004-11-20,5.4,0.0,0.0,5.433333333333334,5.434444444444445,5.4,5.5
2004-11-21,5.4,0.0,0.0,5.430000000000001,5.434444444444445,5.4,5.5
2004-11-22,5.4,0.0,0.0,5.426666666666667,5.434444444444445,5.4,5.5
2004-11-23,5.4,0.0,0.0,5.423333333333333,5.434444444444445,5.4,5.5
2004-11-24,5.4,0.0,0.0,5.42,5.434444444444445,5.4,5.5
2004-11-25,5.4,0.0,0.0,5.416666666666667,5.434444444444445,5.4,5.5
2004-11-26,5.4,0.0,0.0,5.413333333333333,5.434444444444445,5.4,5.5
2004-11-27,5.4,0.0,0.0,5.41,5.434444444444445,5.4,5.5
2004-11-28,5.4,0.0,0.0,5.406666666666666,5.434444444444444,5.4,5.5
2004-11-29,5.4,0.0,0.0,5.403333333333333,5.434444444444445,5.4,5.5
2004-11-30,5.4,0.0,0.0,5.4,5.434444444444445,5.4,5.5
2004-12-01,5.4,0.0,0.0,5.4,5.434444444444445,5.4,5.4
2004-12-02,5.4,0.0,0.0,5.4,5.434444444444445,5.4,5.4
2004-12-03,5.4,0.0,0.0,5.4,5.434444444444445,5.4,5.4
2004-12-04,5.4,0.0,0.0,5.4,5.434444444444445,5.4,5.4
2004-12-05,5.4,0.0,0.0,5.4,5.434444444444445,5.4,5.4
2004-12-06,5.4,0.0,0.0,5.4,5.434444444444445,5.4,5.4
2004-12-07,5.4,0.0,0.0,5.4,5.434444444444445,5.4,5.4
2004-12-08,5.4,0.0,0.0,5.4,5.434444444444445,5.4,5.4
2004-12-09,5.4,0.0,0.0,5.4,5.434444444444445,5.4,5.4
2004-12-10,5.4,0.0,0.0,5.4,5.434444444444445,5.4,5.4
2004-12-11,5.4,0.0,0.0,5.4,5.434444444444445,5.4,5.4
2004-12-12,5.4,0.0,0.0,5.4,5.434444444444445,5.4,5.4
2004-12-13,5.4,0.0,0.0,5.4,5.434444444444445,5.4,5.4
2004-12-14,5.4,0.0,0.0,5.4,5.434444444444445,5.4,5.4
2004-12-15,5.4,0.0,0.0,5.4,5.434444444444445,5.4,5.4
2004-12-16,5.4,0.0,0.0,5.4,5.434444444444445,5.4,5.4
2004-12-17,5.4,0.0,0.0,5.4,5.434444444444445,5.4,5.4
2004-12-18,5.4,0.0,0.0,5.4,5.434444444444445,5.4,5.4
2004-12-19,5.4,0.0,0.0,5.4,5.434444444444445,5.4,5.4
2004-12-20,5.4,0.0,0.0,5.4,5.434444444444445,5.4,5.4
2004-12-21,5.4,0.0,0.0,5.4,5.434444444444445,5.4,5.4
2004-12-22,5.4,0.0,0.0,5.4,5.434444444444445,5.4,5.4
2004-12-23,5.4,0.0,0.0,5.4,5.434444444444445,5.4,5.4
2004-12-24,5.4,0.0,0.0,5.4,5.434444444444445,5.4,5.4
2004-12-25,5.4,0.0,0.0,5.4,5.434444444444445,5.4,5.4
2004-12-26,5.4,0.0,0.0,5.4,5.434444444444445,5.4,5.4
2004-12-27,5.4,0.0,0.0,5.4,5.434444444444445,5.4,5.4
2004-12-28,5.4,0.0,0.0,5.4,5.434444444444445,5.4,5.4
2004-12-29,5.4,0.0,0.0,5.4,5.434444444444445,5.4,5.4
2004-12-30,5.4,0.0,0.0,5.4,5.433333333333334,5.4,5.4
2004-12-31,5.4,0.0,0.0,5.4,5.432222222222222,5.4,5.4
2005-01-01,5.3,-0.10000000000000053,-0.0185185185185186,5.3966666666666665,5.430000000000001,5.4,5.4
2005-01-02,5.3,0.0,0.0,5.393333333333333,5.427777777777778,5.4,5.4
2005-01-03,5.3,0.0,0.0,5.390000000000001,5.4255555555555555,5.4,5.4
2005-01-04,5.3,0.0,0.0,5.386666666666668,5.423333333333334,5.4,5.4
2005-01-05,5.3,0.0,0.0,5.383333333333334,5.421111111111111,5.4,5.4
2005-01-06,5.3,0.0,0.0,5.38,5.4188888888888895,5.4,5.4
2005-01-07,5.3,0.0,0.0,5.376666666666666,5.416666666666667,5.4,5.4
2005-01-08,5.3,0.0,0.0,5.373333333333334,5.414444444444444,5.3,5.4
2005-01-09,5.3,0.0,0.0,5.370000000000001,5.412222222222223,5.3,5.4
2005-01-10,5.3,0.0,0.0,5.366666666666666,5.41,5.3,5.4
2005-01-11,5.3,0.0,0.0,5.363333333333333,5.4077777777777785,5.3,5.4
2005-01-12,5.3,0.0,0.0,5.359999999999999,5.405555555555556,5.3,5.4
2005-01-13,5.3,0.0,0.0,5.356666666666667,5.403333333333333,5.3,5.4
2005-01-14,5.3,0.0,0.0,5.353333333333334,5.401111111111112,5.3,5.4
2005-01-15,5.3,0.0,0.0,5.35,5.398888888888889,5.3,5.4
2005-01-16,5.3,0.0,0.0,5.346666666666667,5.396666666666667,5.3,5.4
2005-01-17,5.3,0.0,0.0,5.343333333333333,5.394444444444445,5.3,5.4
2005-01-18,5.3,0.0,0.0,5.34,5.392222222222222,5.3,5.4
2005-01-19,5.3,0.0,0.0,5.336666666666668,5.390000000000001,5.3,5.4
2005-01-20,5.3,0.0,0.0,5.333333333333333,5.387777777777778,5.3,5.4
2005-01-21,5.3,0.0,0.0,5.33,5.385555555555556,5.3,5.4
2005-01-22,5.3,0.0,0.0,5.326666666666666,5.383333333333334,5.3,5.4
2005-01-23,5.3,0.0,0.0,5.323333333333333,5.381111111111111,5.3,5.4
2005-01-24,5.3,0.0,0.0,5.320000000000001,5.3788888888888895,5.3,5.4
2005-01-25,5.3,0.0,0.0,5.316666666666666,5.376666666666667,5.3,5.4
2005-01-26,5.3,0.0,0.0,5.3133333333333335,5.374444444444445,5.3,5.4
2005-01-27,5.3,0.0,0.0,5.31,5.372222222222222,5.3,5.4
2005-01-28,5.3,0.0,0.0,5.306666666666667,5.37,5.3,5.4
2005-01-29,5.3,0.0,0.0,5.303333333333334,5.367777777777778,5.3,5.4
2005-01-30,5.3,0.0,0.0,5.3,5.366666666666666,5.3,5.4
2005-01-31,5.3,0.0,0.0,5.3,5.365555555555556,5.3,5.3
2005-02-01,5.4,0.10000000000000053,0.018867924528301883,5.303333333333334,5.365555555555556,5.3,5.3
2005-02-02,5.4,0.0,0.0,5.306666666666667,5.365555555555555,5.3,5.3
2005-02-03,5.4,0.0,0.0,5.31,5.365555555555556,5.3,5.3
2005-02-04,5.4,0.0,0.0,5.3133333333333335,5.365555555555555,5.3,5.3
2005-02-05,5.4,0.0,0.0,5.316666666666666,5.365555555555556,5.3,5.3
2005-02-06,5.4,0.0,0.0,5.320000000000001,5.365555555555556,5.3,5.3
2005-02-07,5.4,0.0,0.0,5.323333333333333,5.365555555555555,5.3,5.3
2005-02-08,5.4,0.0,0.0,5.326666666666666,5.365555555555556,5.4,5.3
2005-02-09,5.4,0.0,0.0,5.33,5.365555555555555,5.4,5.3
2005-02-10,5.4,0.0,0.0,5.333333333333333,5.365555555555556,5.4,5.3
2005-02-11,5.4,0.0,0.0,5.336666666666668,5.365555555555556,5.4,5.3
2005-02-12,5.4,0.0,0.0,5.34,5.365555555555555,5.4,5.3
2005-02-13,5.4,0.0,0.0,5.343333333333333,5.365555555555556,5.4,5.3
2005-02-14,5.4,0.0,0.0,5.346666666666667,5.365555555555555,5.4,5.3
2005-02-15,5.4,0.0,0.0,5.35,5.365555555555556,5.4,5.3
2005-02-16,5.4,0.0,0.0,5.353333333333334,5.365555555555556,5.4,5.3
2005-02-17,5.4,0.0,0.0,5.3566666666666665,5.365555555555555,5.4,5.3
2005-02-18,5.4,0.0,0.0,5.359999999999999,5.365555555555556,5.4,5.3
2005-02-19,5.4,0.0,0.0,5.363333333333333,5.365555555555555,5.4,5.3
2005-02-20,5.4,0.0,0.0,5.366666666666666,5.365555555555556,5.4,5.3
2005-02-21,5.4,0.0,0.0,5.370000000000001,5.365555555555556,5.4,5.3
2005-02-22,5.4,0.0,0.0,5.373333333333334,5.365555555555556,5.4,5.3
2005-02-23,5.4,0.0,0.0,5.376666666666666,5.365555555555556,5.4,5.3
2005-02-24,5.4,0.0,0.0,5.38,5.365555555555555,5.4,5.3
2005-02-25,5.4,0.0,0.0,5.383333333333334,5.365555555555556,5.4,5.3
2005-02-26,5.4,0.0,0.0,5.386666666666668,5.365555555555556,5.4,5.3
2005-02-27,5.4,0.0,0.0,5.390000000000001,5.365555555555556,5.4,5.3
2005-02-28,5.4,0.0,0.0,5.3933333333333335,5.365555555555556,5.4,5.3
2005-03-01,5.2,-0.20000000000000018,-0.03703703703703709,5.390000000000001,5.363333333333333,5.4,5.3
2005-03-02,5.2,0.0,0.0,5.386666666666667,5.361111111111111,5.4,5.3
2005-03-03,5.2,0.0,0.0,5.38,5.358888888888889,5.4,5.4
2005-03-04,5.2,0.0,0.0,5.373333333333334,5.356666666666667,5.4,5.4
2005-03-05,5.2,0.0,0.0,5.366666666666666,5.354444444444445,5.4,5.4
2005-03-06,5.2,0.0,0.0,5.36,5.352222222222222,5.4,5.4
2005-03-07,5.2,0.0,0.0,5.3533333333333335,5.35,5.4,5.4
2005-03-08,5.2,0.0,0.0,5.346666666666667,5.347777777777778,5.2,5.4
2005-03-09,5.2,0.0,0.0,5.340000000000001,5.345555555555555,5.2,5.4
2005-03-10,5.2,0.0,0.0,5.333333333333333,5.343333333333334,5.2,5.4
2005-03-11,5.2,0.0,0.0,5.326666666666667,5.341111111111111,5.2,5.4
2005-03-12,5.2,0.0,0.0,5.319999999999999,5.338888888888889,5.2,5.4
2005-03-13,5.2,0.0,0.0,5.3133333333333335,5.336666666666667,5.2,5.4
2005-03-14,5.2,0.0,0.0,5.3066666666666675,5.334444444444444,5.2,5.4
2005-03-15,5.2,0.0,0.0,5.300000000000001,5.332222222222223,5.2,5.4
2005-03-16,5.2,0.0,0.0,5.293333333333334,5.33,5.2,5.4
2005-03-17,5.2,0.0,0.0,5.286666666666666,5.3277777777777775,5.2,5.4
2005-03-18,5.2,0.0,0.0,5.28,5.325555555555556,5.2,5.4
2005-03-19,5.2,0.0,0.0,5.2733333333333325,5.323333333333333,5.2,5.4
2005-03-20,5.2,0.0,0.0,5.2666666666666675,5.321111111111112,5.2,5.4
2005-03-21,5.2,0.0,0.0,5.260000000000001,5.318888888888889,5.2,5.4
2005-03-22,5.2,0.0,0.0,5.253333333333333,5.316666666666666,5.2,5.4
2005-03-23,5.2,0.0,0.0,5.246666666666667,5.314444444444445,5.2,5.4
2005-03-24,5.2,0.0,0.0,5.239999999999999,5.312222222222222,5.2,5.4
2005-03-25,5.2,0.0,0.0,5.233333333333334,5.3100000000000005,5.2,5.4
2005-03-26,5.2,0.0,0.0,5.2266666666666675,5.307777777777778,5.2,5.4
2005-03-27,5.2,0.0,0.0,5.22,5.305555555555555,5.2,5.4
2005-03-28,5.2,0.0,0.0,5.213333333333334,5.303333333333334,5.2,5.4
2005-03-29,5.2,0.0,0.0,5.206666666666666,5.301111111111111,5.2,5.4
2005-03-30,5.2,0.0,0.0,5.2,5.298888888888889,5.2,5.4
2005-03-31,5.2,0.0,0.0,5.2,5.296666666666667,5.2,5.2
2005-04-01,5.2,0.0,0.0,5.2,5.295555555555556,5.2,5.2
2005-04-02,5.2,0.0,0.0,5.2,5.294444444444445,5.2,5.2
2005-04-03,5.2,0.0,0.0,5.2,5.293333333333334,5.2,5.2
2005-04-04,5.2,0.0,0.0,5.2,5.292222222222223,5.2,5.2
2005-04-05,5.2,0.0,0.0,5.2,5.291111111111111,5.2,5.2
2005-04-06,5.2,0.0,0.0,5.2,5.29,5.2,5.2
2005-04-07,5.2,0.0,0.0,5.2,5.28888888888889,5.2,5.2
2005-04-08,5.2,0.0,0.0,5.2,5.287777777777778,5.2,5.2
2005-04-09,5.2,0.0,0.0,5.2,5.286666666666667,5.2,5.2
2005-04-10,5.2,0.0,0.0,5.2,5.285555555555556,5.2,5.2
2005-04-11,5.2,0.0,0.0,5.2,5.2844444444444445,5.2,5.2
2005-04-12,5.2,0.0,0.0,5.2,5.283333333333334,5.2,5.2
2005-04-13,5.2,0.0,0.0,5.2,5.282222222222223,5.2,5.2
2005-04-14,5.2,0.0,0.0,5.2,5.2811111111111115,5.2,5.2
2005-04-15,5.2,0.0,0.0,5.2,5.28,5.2,5.2
2005-04-16,5.2,0.0,0.0,5.2,5.278888888888889,5.2,5.2
2005-04-17,5.2,0.0,0.0,5.2,5.277777777777779,5.2,5.2
2005-04-18,5.2,0.0,0.0,5.2,5.276666666666667,5.2,5.2
2005-04-19,5.2,0.0,0.0,5.2,5.275555555555556,5.2,5.2
2005-04-20,5.2,0.0,0.0,5.2,5.274444444444445,5.2,5.2
2005-04-21,5.2,0.0,0.0,5.2,5.273333333333333,5.2,5.2
2005-04-22,5.2,0.0,0.0,5.2,5.272222222222223,5.2,5.2
2005-04-23,5.2,0.0,0.0,5.2,5.271111111111112,5.2,5.2
2005-04-24,5.2,0.0,0.0,5.2,5.2700000000000005,5.2,5.2
2005-04-25,5.2,0.0,0.0,5.2,5.268888888888889,5.2,5.2
2005-04-26,5.2,0.0,0.0,5.2,5.267777777777778,5.2,5.2
2005-04-27,5.2,0.0,0.0,5.2,5.2666666666666675,5.2,5.2
2005-04-28,5.2,0.0,0.0,5.2,5.265555555555556,5.2,5.2
2005-04-29,5.2,0.0,0.0,5.2,5.264444444444445,5.2,5.2
2005-04-30,5.2,0.0,0.0,5.2,5.263333333333334,5.2,5.2
2005-05-01,5.1,-0.10000000000000053,-0.019230769230769384,5.196666666666667,5.261111111111111,5.2,5.2
2005-05-02,5.1,0.0,0.0,5.193333333333333,5.257777777777778,5.2,5.2
2005-05-03,5.1,0.0,0.0,5.19,5.254444444444445,5.2,5.2
2005-05-04,5.1,0.0,0.0,5.1866666666666665,5.251111111111111,5.2,5.2
2005-05-05,5.1,0.0,0.0,5.183333333333334,5.247777777777778,5.2,5.2
2005-05-06,5.1,0.0,0.0,5.180000000000001,5.2444444444444445,5.2,5.2
2005-05-07,5.1,0.0,0.0,5.176666666666667,5.2411111111111115,5.2,5.2
2005-05-08,5.1,0.0,0.0,5.173333333333334,5.2377777777777785,5.1,5.2
2005-05-09,5.1,0.0,0.0,5.17,5.234444444444445,5.1,5.2
2005-05-10,5.1,0.0,0.0,5.166666666666667,5.231111111111111,5.1,5.2
2005-05-11,5.1,0.0,0.0,5.163333333333333,5.227777777777778,5.1,5.2
2005-05-12,5.1,0.0,0.0,5.159999999999999,5.224444444444444,5.1,5.2
2005-05-13,5.1,0.0,0.0,5.156666666666667,5.221111111111112,5.1,5.2
2005-05-14,5.1,0.0,0.0,5.153333333333333,5.217777777777778,5.1,5.2
2005-05-15,5.1,0.0,0.0,5.15,5.214444444444444,5.1,5.2
2005-05-16,5.1,0.0,0.0,5.146666666666666,5.211111111111111,5.1,5.2
2005-05-17,5.1,0.0,0.0,5.143333333333333,5.207777777777777,5.1,5.2
2005-05-18,5.1,0.0,0.0,5.140000000000001,5.204444444444444,5.1,5.2
2005-05-19,5.1,0.0,0.0,5.136666666666667,5.2011111111111115,5.1,5.2
2005-05-20,5.1,0.0,0.0,5.133333333333334,5.197777777777778,5.1,5.2
2005-05-21,5.1,0.0,0.0,5.129999999999999,5.194444444444445,5.1,5.2
2005-05-22,5.1,0.0,0.0,5.126666666666666,5.191111111111111,5.1,5.2
2005-05-23,5.1,0.0,0.0,5.123333333333334,5.187777777777778,5.1,5.2
2005-05-24,5.1,0.0,0.0,5.12,5.184444444444445,5.1,5.2
2005-05-25,5.1,0.0,0.0,5.116666666666666,5.181111111111111,5.1,5.2
2005-05-26,5.1,0.0,0.0,5.113333333333332,5.177777777777778,5.1,5.2
2005-05-27,5.1,0.0,0.0,5.109999999999999,5.174444444444444,5.1,5.2
2005-05-28,5.1,0.0,0.0,5.1066666666666665,5.171111111111111,5.1,5.2
2005-05-29,5.1,0.0,0.0,5.1033333333333335,5.167777777777778,5.1,5.2
2005-05-30,5.1,0.0,0.0,5.1,5.166666666666667,5.1,5.2
2005-05-31,5.1,0.0,0.0,5.1,5.165555555555556,5.1,5.1
2005-06-01,5.0,-0.09999999999999964,-0.019607843137254832,5.096666666666666,5.163333333333333,5.1,5.1
2005-06-02,5.0,0.0,0.0,5.093333333333333,5.161111111111111,5.1,5.1
2005-06-03,5.0,0.0,0.0,5.09,5.158888888888889,5.1,5.1
2005-06-04,5.0,0.0,0.0,5.086666666666667,5.156666666666667,5.1,5.1
2005-06-05,5.0,0.0,0.0,5.083333333333333,5.154444444444445,5.1,5.1
2005-06-06,5.0,0.0,0.0,5.079999999999999,5.152222222222222,5.1,5.1
2005-06-07,5.0,0.0,0.0,5.076666666666666,5.15,5.1,5.1
2005-06-08,5.0,0.0,0.0,5.073333333333333,5.147777777777778,5.0,5.1
2005-06-09,5.0,0.0,0.0,5.069999999999999,5.145555555555556,5.0,5.1
2005-06-10,5.0,0.0,0.0,5.066666666666666,5.1433333333333335,5.0,5.1
2005-06-11,5.0,0.0,0.0,5.0633333333333335,5.141111111111111,5.0,5.1
2005-06-12,5.0,0.0,0.0,5.06,5.138888888888889,5.0,5.1
2005-06-13,5.0,0.0,0.0,5.056666666666667,5.136666666666667,5.0,5.1
2005-06-14,5.0,0.0,0.0,5.053333333333333,5.134444444444445,5.0,5.1
2005-06-15,5.0,0.0,0.0,5.05,5.1322222222222225,5.0,5.1
2005-06-16,5.0,0.0,0.0,5.046666666666667,5.13,5.0,5.1
2005-06-17,5.0,0.0,0.0,5.043333333333333,5.127777777777778,5.0,5.1
2005-06-18,5.0,0.0,0.0,5.04,5.125555555555556,5.0,5.1
2005-06-19,5.0,0.0,0.0,5.036666666666666,5.123333333333334,5.0,5.1
2005-06-20,5.0,0.0,0.0,5.033333333333333,5.121111111111111,5.0,5.1
2005-06-21,5.0,0.0,0.0,5.03,5.118888888888889,5.0,5.1
2005-06-22,5.0,0.0,0.0,5.026666666666666,5.116666666666666,5.0,5.1
2005-06-23,5.0,0.0,0.0,5.0233333333333325,5.114444444444445,5.0,5.1
2005-06-24,5.0,0.0,0.0,5.02,5.112222222222223,5.0,5.1
2005-06-25,5.0,0.0,0.0,5.016666666666667,5.11,5.0,5.1
2005-06-26,5.0,0.0,0.0,5.013333333333334,5.107777777777778,5.0,5.1
2005-06-27,5.0,0.0,0.0,5.010000000000001,5.105555555555555,5.0,5.1
2005-06-28,5.0,0.0,0.0,5.006666666666666,5.1033333333333335,5.0,5.1
2005-06-29,5.0,0.0,0.0,5.003333333333333,5.101111111111111,5.0,5.1
2005-06-30,5.0,0.0,0.0,5.0,5.098888888888889,5.0,5.1
2005-07-01,5.0,0.0,0.0,5.0,5.096666666666667,5.0,5.0
2005-07-02,5.0,0.0,0.0,5.0,5.094444444444444,5.0,5.0
2005-07-03,5.0,0.0,0.0,5.0,5.092222222222222,5.0,5.0
2005-07-04,5.0,0.0,0.0,5.0,5.09,5.0,5.0
2005-07-05,5.0,0.0,0.0,5.0,5.087777777777778,5.0,5.0
2005-07-06,5.0,0.0,0.0,5.0,5.085555555555556,5.0,5.0
2005-07-07,5.0,0.0,0.0,5.0,5.083333333333333,5.0,5.0
2005-07-08,5.0,0.0,0.0,5.0,5.081111111111111,5.0,5.0
2005-07-09,5.0,0.0,0.0,5.0,5.078888888888889,5.0,5.0
2005-07-10,5.0,0.0,0.0,5.0,5.076666666666666,5.0,5.0
2005-07-11,5.0,0.0,0.0,5.0,5.0744444444444445,5.0,5.0
2005-07-12,5.0,0.0,0.0,5.0,5.072222222222222,5.0,5.0
2005-07-13,5.0,0.0,0.0,5.0,5.07,5.0,5.0
2005-07-14,5.0,0.0,0.0,5.0,5.067777777777778,5.0,5.0
2005-07-15,5.0,0.0,0.0,5.0,5.065555555555555,5.0,5.0
2005-07-16,5.0,0.0,0.0,5.0,5.0633333333333335,5.0,5.0
2005-07-17,5.0,0.0,0.0,5.0,5.061111111111111,5.0,5.0
2005-07-18,5.0,0.0,0.0,5.0,5.058888888888889,5.0,5.0
2005-07-19,5.0,0.0,0.0,5.0,5.056666666666667,5.0,5.0
2005-07-20,5.0,0.0,0.0,5.0,5.054444444444444,5.0,5.0
2005-07-21,5.0,0.0,0.0,5.0,5.052222222222222,5.0,5.0
2005-07-22,5.0,0.0,0.0,5.0,5.05,5.0,5.0
2005-07-23,5.0,0.0,0.0,5.0,5.047777777777778,5.0,5.0
2005-07-24,5.0,0.0,0.0,5.0,5.045555555555556,5.0,5.0
2005-07-25,5.0,0.0,0.0,5.0,5.043333333333333,5.0,5.0
2005-07-26,5.0,0.0,0.0,5.0,5.041111111111111,5.0,5.0
2005-07-27,5.0,0.0,0.0,5.0,5.038888888888889,5.0,5.0
2005-07-28,5.0,0.0,0.0,5.0,5.036666666666667,5.0,5.0
2005-07-29,5.0,0.0,0.0,5.0,5.0344444444444445,5.0,5.0
2005-07-30,5.0,0.0,0.0,5.0,5.033333333333333,5.0,5.0
2005-07-31,5.0,0.0,0.0,5.0,5.032222222222222,5.0,5.0
2005-08-01,4.9,-0.09999999999999964,-0.019999999999999907,4.996666666666667,5.03,5.0,5.0
2005-08-02,4.9,0.0,0.0,4.993333333333334,5.027777777777778,5.0,5.0
2005-08-03,4.9,0.0,0.0,4.989999999999999,5.025555555555556,5.0,5.0
2005-08-04,4.9,0.0,0.0,4.986666666666666,5.0233333333333325,5.0,5.0
2005-08-05,4.9,0.0,0.0,4.983333333333333,5.021111111111111,5.0,5.0
2005-08-06,4.9,0.0,0.0,4.98,5.018888888888889,5.0,5.0
2005-08-07,4.9,0.0,0.0,4.9766666666666675,5.016666666666667,5.0,5.0
2005-08-08,4.9,0.0,0.0,4.973333333333334,5.014444444444445,4.9,5.0
2005-08-09,4.9,0.0,0.0,4.97,5.0122222222222215,4.9,5.0
2005-08-10,4.9,0.0,0.0,4.966666666666667,5.010000000000001,4.9,5.0
2005-08-11,4.9,0.0,0.0,4.963333333333334,5.007777777777777,4.9,5.0
2005-08-12,4.9,0.0,0.0,4.96,5.0055555555555555,4.9,5.0
2005-08-13,4.9,0.0,0.0,4.956666666666667,5.003333333333334,4.9,5.0
2005-08-14,4.9,0.0,0.0,4.953333333333333,5.00111111111111,4.9,5.0
2005-08-15,4.9,0.0,0.0,4.95,4.99888888888889,4.9,5.0
2005-08-16,4.9,0.0,0.0,4.946666666666667,4.996666666666666,4.9,5.0
2005-08-17,4.9,0.0,0.0,4.943333333333333,4.9944444444444445,4.9,5.0
2005-08-18,4.9,0.0,0.0,4.94,4.992222222222223,4.9,5.0
2005-08-19,4.9,0.0,0.0,4.9366666666666665,4.989999999999999,4.9,5.0
2005-08-20,4.9,0.0,0.0,4.933333333333334,4.9877777777777785,4.9,5.0
2005-08-21,4.9,0.0,0.0,4.930000000000001,4.985555555555555,4.9,5.0
2005-08-22,4.9,0.0,0.0,4.926666666666667,4.983333333333333,4.9,5.0
2005-08-23,4.9,0.0,0.0,4.923333333333334,4.981111111111111,4.9,5.0
2005-08-24,4.9,0.0,0.0,4.920000000000001,4.978888888888889,4.9,5.0
2005-08-25,4.9,0.0,0.0,4.916666666666667,4.9766666666666675,4.9,5.0
2005-08-26,4.9,0.0,0.0,4.913333333333333,4.974444444444444,4.9,5.0
2005-08-27,4.9,0.0,0.0,4.91,4.972222222222222,4.9,5.0
2005-08-28,4.9,0.0,0.0,4.906666666666667,4.97,4.9,5.0
2005-08-29,4.9,0.0,0.0,4.903333333333334,4.967777777777778,4.9,5.0
2005-08-30,4.9,0.0,0.0,4.9,4.966666666666667,4.9,5.0
2005-08-31,4.9,0.0,0.0,4.9,4.9655555555555555,4.9,4.9
2005-09-01,5.0,0.09999999999999964,0.020408163265306145,4.903333333333333,4.9655555555555555,4.9,4.9
2005-09-02,5.0,0.0,0.0,4.906666666666667,4.9655555555555555,4.9,4.9
2005-09-03,5.0,0.0,0.0,4.91,4.9655555555555555,4.9,4.9
2005-09-04,5.0,0.0,0.0,4.913333333333333,4.9655555555555555,4.9,4.9
2005-09-05,5.0,0.0,0.0,4.916666666666667,4.9655555555555555,4.9,4.9
2005-09-06,5.0,0.0,0.0,4.92,4.9655555555555555,4.9,4.9
2005-09-07,5.0,0.0,0.0,4.923333333333333,4.9655555555555555,4.9,4.9
2005-09-08,5.0,0.0,0.0,4.926666666666667,4.9655555555555555,5.0,4.9
2005-09-09,5.0,0.0,0.0,4.930000000000001,4.9655555555555555,5.0,4.9
2005-09-10,5.0,0.0,0.0,4.933333333333334,4.9655555555555555,5.0,4.9
2005-09-11,5.0,0.0,0.0,4.9366666666666665,4.9655555555555555,5.0,4.9
2005-09-12,5.0,0.0,0.0,4.9399999999999995,4.9655555555555555,5.0,4.9
2005-09-13,5.0,0.0,0.0,4.943333333333333,4.9655555555555555,5.0,4.9
2005-09-14,5.0,0.0,0.0,4.946666666666667,4.9655555555555555,5.0,4.9
2005-09-15,5.0,0.0,0.0,4.95,4.9655555555555555,5.0,4.9
2005-09-16,5.0,0.0,0.0,4.953333333333333,4.9655555555555555,5.0,4.9
2005-09-17,5.0,0.0,0.0,4.956666666666666,4.9655555555555555,5.0,4.9
2005-09-18,5.0,0.0,0.0,4.96,4.9655555555555555,5.0,4.9
2005-09-19,5.0,0.0,0.0,4.963333333333334,4.9655555555555555,5.0,4.9
2005-09-20,5.0,0.0,0.0,4.966666666666667,4.9655555555555555,5.0,4.9
2005-09-21,5.0,0.0,0.0,4.97,4.9655555555555555,5.0,4.9
2005-09-22,5.0,0.0,0.0,4.973333333333333,4.9655555555555555,5.0,4.9
2005-09-23,5.0,0.0,0.0,4.976666666666666,4.9655555555555555,5.0,4.9
2005-09-24,5.0,0.0,0.0,4.98,4.9655555555555555,5.0,4.9
2005-09-25,5.0,0.0,0.0,4.983333333333333,4.9655555555555555,5.0,4.9
2005-09-26,5.0,0.0,0.0,4.986666666666666,4.9655555555555555,5.0,4.9
2005-09-27,5.0,0.0,0.0,4.989999999999999,4.9655555555555555,5.0,4.9
2005-09-28,5.0,0.0,0.0,4.993333333333333,4.9655555555555555,5.0,4.9
2005-09-29,5.0,0.0,0.0,4.996666666666667,4.9655555555555555,5.0,4.9
2005-09-30,5.0,0.0,0.0,5.0,4.9655555555555555,5.0,4.9
2005-10-01,5.0,0.0,0.0,5.0,4.9655555555555555,5.0,5.0
2005-10-02,5.0,0.0,0.0,5.0,4.9655555555555555,5.0,5.0
2005-10-03,5.0,0.0,0.0,5.0,4.9655555555555555,5.0,5.0
2005-10-04,5.0,0.0,0.0,5.0,4.9655555555555555,5.0,5.0
2005-10-05,5.0,0.0,0.0,5.0,4.9655555555555555,5.0,5.0
2005-10-06,5.0,0.0,0.0,5.0,4.9655555555555555,5.0,5.0
2005-10-07,5.0,0.0,0.0,5.0,4.9655555555555555,5.0,5.0
2005-10-08,5.0,0.0,0.0,5.0,4.9655555555555555,5.0,5.0
2005-10-09,5.0,0.0,0.0,5.0,4.9655555555555555,5.0,5.0
2005-10-10,5.0,0.0,0.0,5.0,4.9655555555555555,5.0,5.0
2005-10-11,5.0,0.0,0.0,5.0,4.9655555555555555,5.0,5.0
2005-10-12,5.0,0.0,0.0,5.0,4.9655555555555555,5.0,5.0
2005-10-13,5.0,0.0,0.0,5.0,4.9655555555555555,5.0,5.0
2005-10-14,5.0,0.0,0.0,5.0,4.9655555555555555,5.0,5.0
2005-10-15,5.0,0.0,0.0,5.0,4.9655555555555555,5.0,5.0
2005-10-16,5.0,0.0,0.0,5.0,4.9655555555555555,5.0,5.0
2005-10-17,5.0,0.0,0.0,5.0,4.9655555555555555,5.0,5.0
2005-10-18,5.0,0.0,0.0,5.0,4.9655555555555555,5.0,5.0
2005-10-19,5.0,0.0,0.0,5.0,4.9655555555555555,5.0,5.0
2005-10-20,5.0,0.0,0.0,5.0,4.9655555555555555,5.0,5.0
2005-10-21,5.0,0.0,0.0,5.0,4.9655555555555555,5.0,5.0
2005-10-22,5.0,0.0,0.0,5.0,4.9655555555555555,5.0,5.0
2005-10-23,5.0,0.0,0.0,5.0,4.9655555555555555,5.0,5.0
2005-10-24,5.0,0.0,0.0,5.0,4.9655555555555555,5.0,5.0
2005-10-25,5.0,0.0,0.0,5.0,4.9655555555555555,5.0,5.0
2005-10-26,5.0,0.0,0.0,5.0,4.9655555555555555,5.0,5.0
2005-10-27,5.0,0.0,0.0,5.0,4.9655555555555555,5.0,5.0
2005-10-28,5.0,0.0,0.0,5.0,4.9655555555555555,5.0,5.0
2005-10-29,5.0,0.0,0.0,5.0,4.9655555555555555,5.0,5.0
2005-10-30,5.0,0.0,0.0,5.0,4.966666666666667,5.0,5.0
2005-10-31,5.0,0.0,0.0,5.0,4.967777777777777,5.0,5.0
2005-11-01,5.0,0.0,0.0,5.0,4.9688888888888885,5.0,5.0
2005-11-02,5.0,0.0,0.0,5.0,4.97,5.0,5.0
2005-11-03,5.0,0.0,0.0,5.0,4.971111111111111,5.0,5.0
2005-11-04,5.0,0.0,0.0,5.0,4.972222222222222,5.0,5.0
2005-11-05,5.0,0.0,0.0,5.0,4.973333333333333,5.0,5.0
2005-11-06,5.0,0.0,0.0,5.0,4.974444444444444,5.0,5.0
2005-11-07,5.0,0.0,0.0,5.0,4.975555555555555,5.0,5.0
2005-11-08,5.0,0.0,0.0,5.0,4.976666666666667,5.0,5.0
2005-11-09,5.0,0.0,0.0,5.0,4.977777777777778,5.0,5.0
2005-11-10,5.0,0.0,0.0,5.0,4.978888888888888,5.0,5.0
2005-11-11,5.0,0.0,0.0,5.0,4.9799999999999995,5.0,5.0
2005-11-12,5.0,0.0,0.0,5.0,4.981111111111111,5.0,5.0
2005-11-13,5.0,0.0,0.0,5.0,4.982222222222222,5.0,5.0
2005-11-14,5.0,0.0,0.0,5.0,4.983333333333333,5.0,5.0
2005-11-15,5.0,0.0,0.0,5.0,4.984444444444444,5.0,5.0
2005-11-16,5.0,0.0,0.0,5.0,4.985555555555555,5.0,5.0
2005-11-17,5.0,0.0,0.0,5.0,4.986666666666666,5.0,5.0
2005-11-18,5.0,0.0,0.0,5.0,4.987777777777778,5.0,5.0
2005-11-19,5.0,0.0,0.0,5.0,4.988888888888889,5.0,5.0
2005-11-20,5.0,0.0,0.0,5.0,4.989999999999999,5.0,5.0
2005-11-21,5.0,0.0,0.0,5.0,4.991111111111111,5.0,5.0
2005-11-22,5.0,0.0,0.0,5.0,4.992222222222222,5.0,5.0
2005-11-23,5.0,0.0,0.0,5.0,4.993333333333333,5.0,5.0
2005-11-24,5.0,0.0,0.0,5.0,4.9944444444444445,5.0,5.0
2005-11-25,5.0,0.0,0.0,5.0,4.995555555555555,5.0,5.0
2005-11-26,5.0,0.0,0.0,5.0,4.996666666666666,5.0,5.0
2005-11-27,5.0,0.0,0.0,5.0,4.997777777777777,5.0,5.0
2005-11-28,5.0,0.0,0.0,5.0,4.998888888888889,5.0,5.0
2005-11-29,5.0,0.0,0.0,5.0,5.0,5.0,5.0
2005-11-30,5.0,0.0,0.0,5.0,5.0,5.0,5.0
2005-12-01,4.9,-0.09999999999999964,-0.019999999999999907,4.996666666666667,4.99888888888889,5.0,5.0
2005-12-02,4.9,0.0,0.0,4.993333333333334,4.997777777777778,5.0,5.0
2005-12-03,4.9,0.0,0.0,4.99,4.996666666666667,5.0,5.0
2005-12-04,4.9,0.0,0.0,4.986666666666666,4.995555555555556,5.0,5.0
2005-12-05,4.9,0.0,0.0,4.983333333333333,4.9944444444444445,5.0,5.0
2005-12-06,4.9,0.0,0.0,4.98,4.993333333333334,5.0,5.0
2005-12-07,4.9,0.0,0.0,4.9766666666666675,4.992222222222223,5.0,5.0
2005-12-08,4.9,0.0,0.0,4.973333333333334,4.9911111111111115,4.9,5.0
2005-12-09,4.9,0.0,0.0,4.970000000000001,4.99,4.9,5.0
2005-12-10,4.9,0.0,0.0,4.966666666666667,4.988888888888889,4.9,5.0
2005-12-11,4.9,0.0,0.0,4.963333333333334,4.9877777777777785,4.9,5.0
2005-12-12,4.9,0.0,0.0,4.96,4.986666666666666,4.9,5.0
2005-12-13,4.9,0.0,0.0,4.956666666666667,4.985555555555556,4.9,5.0
2005-12-14,4.9,0.0,0.0,4.953333333333334,4.984444444444445,4.9,5.0
2005-12-15,4.9,0.0,0.0,4.95,4.983333333333333,4.9,5.0
2005-12-16,4.9,0.0,0.0,4.946666666666667,4.982222222222223,4.9,5.0
2005-12-17,4.9,0.0,0.0,4.943333333333333,4.981111111111111,4.9,5.0
2005-12-18,4.9,0.0,0.0,4.94,4.98,4.9,5.0
2005-12-19,4.9,0.0,0.0,4.936666666666667,4.978888888888889,4.9,5.0
2005-12-20,4.9,0.0,0.0,4.933333333333334,4.977777777777778,4.9,5.0
2005-12-21,4.9,0.0,0.0,4.930000000000001,4.9766666666666675,4.9,5.0
2005-12-22,4.9,0.0,0.0,4.926666666666667,4.975555555555555,4.9,5.0
2005-12-23,4.9,0.0,0.0,4.923333333333334,4.974444444444445,4.9,5.0
2005-12-24,4.9,0.0,0.0,4.920000000000001,4.973333333333334,4.9,5.0
2005-12-25,4.9,0.0,0.0,4.916666666666668,4.972222222222223,4.9,5.0
2005-12-26,4.9,0.0,0.0,4.913333333333333,4.971111111111112,4.9,5.0
2005-12-27,4.9,0.0,0.0,4.91,4.97,4.9,5.0
2005-12-28,4.9,0.0,0.0,4.906666666666667,4.968888888888889,4.9,5.0
2005-12-29,4.9,0.0,0.0,4.903333333333334,4.967777777777778,4.9,5.0
2005-12-30,4.9,0.0,0.0,4.9,4.966666666666668,4.9,5.0
2005-12-31,4.9,0.0,0.0,4.9,4.9655555555555555,4.9,4.9
2006-01-01,4.7,-0.20000000000000018,-0.04081632653061229,4.8933333333333335,4.9622222222222225,4.9,4.9
2006-01-02,4.7,0.0,0.0,4.886666666666667,4.958888888888889,4.9,4.9
2006-01-03,4.7,0.0,0.0,4.880000000000001,4.955555555555557,4.9,4.9
2006-01-04,4.7,0.0,0.0,4.873333333333334,4.952222222222223,4.9,4.9
2006-01-05,4.7,0.0,0.0,4.866666666666666,4.948888888888889,4.9,4.9
2006-01-06,4.7,0.0,0.0,4.86,4.945555555555556,4.9,4.9
2006-01-07,4.7,0.0,0.0,4.8533333333333335,4.942222222222222,4.9,4.9
2006-01-08,4.7,0.0,0.0,4.846666666666667,4.938888888888889,4.7,4.9
2006-01-09,4.7,0.0,0.0,4.840000000000001,4.935555555555556,4.7,4.9
2006-01-10,4.7,0.0,0.0,4.833333333333333,4.932222222222222,4.7,4.9
2006-01-11,4.7,0.0,0.0,4.826666666666667,4.928888888888889,4.7,4.9
2006-01-12,4.7,0.0,0.0,4.819999999999999,4.9255555555555555,4.7,4.9
2006-01-13,4.7,0.0,0.0,4.8133333333333335,4.9222222222222225,4.7,4.9
2006-01-14,4.7,0.0,0.0,4.8066666666666675,4.9188888888888895,4.7,4.9
2006-01-15,4.7,0.0,0.0,4.8,4.915555555555556,4.7,4.9
2006-01-16,4.7,0.0,0.0,4.793333333333334,4.912222222222223,4.7,4.9
2006-01-17,4.7,0.0,0.0,4.786666666666666,4.908888888888889,4.7,4.9
2006-01-18,4.7,0.0,0.0,4.78,4.905555555555556,4.7,4.9
2006-01-19,4.7,0.0,0.0,4.773333333333334,4.902222222222223,4.7,4.9
2006-01-20,4.7,0.0,0.0,4.7666666666666675,4.898888888888889,4.7,4.9
2006-01-21,4.7,0.0,0.0,4.760000000000001,4.895555555555556,4.7,4.9
2006-01-22,4.7,0.0,0.0,4.753333333333333,4.892222222222222,4.7,4.9
2006-01-23,4.7,0.0,0.0,4.746666666666667,4.888888888888889,4.7,4.9
2006-01-24,4.7,0.0,0.0,4.739999999999999,4.885555555555556,4.7,4.9
2006-01-25,4.7,0.0,0.0,4.733333333333334,4.8822222222222225,4.7,4.9
2006-01-26,4.7,0.0,0.0,4.7266666666666675,4.8788888888888895,4.7,4.9
2006-01-27,4.7,0.0,0.0,4.72,4.875555555555556,4.7,4.9
2006-01-28,4.7,0.0,0.0,4.713333333333334,4.872222222222223,4.7,4.9
2006-01-29,4.7,0.0,0.0,4.706666666666666,4.86888888888889,4.7,4.9
2006-01-30,4.7,0.0,0.0,4.7,4.865555555555556,4.7,4.9
2006-01-31,4.7,0.0,0.0,4.7,4.862222222222223,4.7,4.7
2006-02-01,4.8,0.09999999999999964,0.02127659574468077,4.703333333333334,4.86,4.7,4.7
2006-02-02,4.8,0.0,0.0,4.706666666666666,4.857777777777779,4.7,4.7
2006-02-03,4.8,0.0,0.0,4.71,4.855555555555556,4.7,4.7
2006-02-04,4.8,0.0,0.0,4.713333333333334,4.8533333333333335,4.7,4.7
2006-02-05,4.8,0.0,0.0,4.716666666666667,4.851111111111111,4.7,4.7
2006-02-06,4.8,0.0,0.0,4.720000000000001,4.848888888888889,4.7,4.7
2006-02-07,4.8,0.0,0.0,4.723333333333333,4.846666666666668,4.7,4.7
2006-02-08,4.8,0.0,0.0,4.7266666666666675,4.844444444444445,4.8,4.7
2006-02-09,4.8,0.0,0.0,4.73,4.842222222222222,4.8,4.7
2006-02-10,4.8,0.0,0.0,4.733333333333333,4.84,4.8,4.7
2006-02-11,4.8,0.0,0.0,4.736666666666667,4.837777777777778,4.8,4.7
2006-02-12,4.8,0.0,0.0,4.739999999999999,4.8355555555555565,4.8,4.7
2006-02-13,4.8,0.0,0.0,4.743333333333334,4.833333333333334,4.8,4.7
2006-02-14,4.8,0.0,0.0,4.746666666666667,4.831111111111111,4.8,4.7
2006-02-15,4.8,0.0,0.0,4.75,4.828888888888889,4.8,4.7
2006-02-16,4.8,0.0,0.0,4.753333333333334,4.826666666666667,4.8,4.7
2006-02-17,4.8,0.0,0.0,4.756666666666666,4.8244444444444445,4.8,4.7
2006-02-18,4.8,0.0,0.0,4.760000000000001,4.822222222222223,4.8,4.7
2006-02-19,4.8,0.0,0.0,4.763333333333333,4.82,4.8,4.7
2006-02-20,4.8,0.0,0.0,4.766666666666667,4.817777777777778,4.8,4.7
2006-02-21,4.8,0.0,0.0,4.77,4.815555555555556,4.8,4.7
2006-02-22,4.8,0.0,0.0,4.7733333333333325,4.8133333333333335,4.8,4.7
2006-02-23,4.8,0.0,0.0,4.776666666666667,4.811111111111112,4.8,4.7
2006-02-24,4.8,0.0,0.0,4.779999999999999,4.808888888888889,4.8,4.7
2006-02-25,4.8,0.0,0.0,4.783333333333333,4.806666666666667,4.8,4.7
2006-02-26,4.8,0.0,0.0,4.786666666666666,4.804444444444445,4.8,4.7
2006-02-27,4.8,0.0,0.0,4.79,4.802222222222222,4.8,4.7
2006-02-28,4.8,0.0,0.0,4.793333333333334,4.800000000000001,4.8,4.7
2006-03-01,4.7,-0.09999999999999964,-0.02083333333333326,4.793333333333333,4.797777777777778,4.8,4.7
2006-03-02,4.7,0.0,0.0,4.793333333333333,4.795555555555556,4.8,4.7
2006-03-03,4.7,0.0,0.0,4.79,4.793333333333333,4.8,4.8
2006-03-04,4.7,0.0,0.0,4.786666666666666,4.791111111111111,4.8,4.8
2006-03-05,4.7,0.0,0.0,4.783333333333333,4.78888888888889,4.8,4.8
2006-03-06,4.7,0.0,0.0,4.78,4.786666666666667,4.8,4.8
2006-03-07,4.7,0.0,0.0,4.776666666666666,4.7844444444444445,4.8,4.8
2006-03-08,4.7,0.0,0.0,4.7733333333333325,4.782222222222222,4.7,4.8
2006-03-09,4.7,0.0,0.0,4.77,4.78,4.7,4.8
2006-03-10,4.7,0.0,0.0,4.766666666666667,4.777777777777779,4.7,4.8
2006-03-11,4.7,0.0,0.0,4.763333333333334,4.775555555555556,4.7,4.8
2006-03-12,4.7,0.0,0.0,4.760000000000001,4.773333333333333,4.7,4.8
2006-03-13,4.7,0.0,0.0,4.756666666666666,4.771111111111111,4.7,4.8
2006-03-14,4.7,0.0,0.0,4.753333333333333,4.768888888888889,4.7,4.8
2006-03-15,4.7,0.0,0.0,4.75,4.7666666666666675,4.7,4.8
2006-03-16,4.7,0.0,0.0,4.746666666666667,4.764444444444445,4.7,4.8
2006-03-17,4.7,0.0,0.0,4.743333333333334,4.762222222222222,4.7,4.8
2006-03-18,4.7,0.0,0.0,4.739999999999999,4.76,4.7,4.8
2006-03-19,4.7,0.0,0.0,4.736666666666666,4.757777777777777,4.7,4.8
2006-03-20,4.7,0.0,0.0,4.733333333333333,4.755555555555556,4.7,4.8
2006-03-21,4.7,0.0,0.0,4.73,4.753333333333334,4.7,4.8
2006-03-22,4.7,0.0,0.0,4.7266666666666675,4.751111111111111,4.7,4.8
2006-03-23,4.7,0.0,0.0,4.723333333333334,4.748888888888889,4.7,4.8
2006-03-24,4.7,0.0,0.0,4.72,4.746666666666666,4.7,4.8
2006-03-25,4.7,0.0,0.0,4.716666666666667,4.7444444444444445,4.7,4.8
2006-03-26,4.7,0.0,0.0,4.713333333333334,4.742222222222223,4.7,4.8
2006-03-27,4.7,0.0,0.0,4.71,4.74,4.7,4.8
2006-03-28,4.7,0.0,0.0,4.706666666666667,4.737777777777778,4.7,4.8
2006-03-29,4.7,0.0,0.0,4.703333333333333,4.735555555555555,4.7,4.8
2006-03-30,4.7,0.0,0.0,4.7,4.733333333333333,4.7,4.8
2006-03-31,4.7,0.0,0.0,4.7,4.731111111111111,4.7,4.7
2006-04-01,4.7,0.0,0.0,4.7,4.731111111111111,4.7,4.7
2006-04-02,4.7,0.0,0.0,4.7,4.731111111111111,4.7,4.7
2006-04-03,4.7,0.0,0.0,4.7,4.731111111111111,4.7,4.7
2006-04-04,4.7,0.0,0.0,4.7,4.731111111111111,4.7,4.7
2006-04-05,4.7,0.0,0.0,4.7,4.731111111111111,4.7,4.7
2006-04-06,4.7,0.0,0.0,4.7,4.731111111111111,4.7,4.7
2006-04-07,4.7,0.0,0.0,4.7,4.731111111111111,4.7,4.7
2006-04-08,4.7,0.0,0.0,4.7,4.731111111111111,4.7,4.7
2006-04-09,4.7,0.0,0.0,4.7,4.731111111111111,4.7,4.7
2006-04-10,4.7,0.0,0.0,4.7,4.731111111111111,4.7,4.7
2006-04-11,4.7,0.0,0.0,4.7,4.731111111111111,4.7,4.7
2006-04-12,4.7,0.0,0.0,4.7,4.731111111111111,4.7,4.7
2006-04-13,4.7,0.0,0.0,4.7,4.731111111111111,4.7,4.7
2006-04-14,4.7,0.0,0.0,4.7,4.731111111111111,4.7,4.7
2006-04-15,4.7,0.0,0.0,4.7,4.731111111111111,4.7,4.7
2006-04-16,4.7,0.0,0.0,4.7,4.731111111111111,4.7,4.7
2006-04-17,4.7,0.0,0.0,4.7,4.731111111111111,4.7,4.7
2006-04-18,4.7,0.0,0.0,4.7,4.731111111111111,4.7,4.7
2006-04-19,4.7,0.0,0.0,4.7,4.731111111111111,4.7,4.7
2006-04-20,4.7,0.0,0.0,4.7,4.731111111111111,4.7,4.7
2006-04-21,4.7,0.0,0.0,4.7,4.731111111111111,4.7,4.7
2006-04-22,4.7,0.0,0.0,4.7,4.731111111111111,4.7,4.7
2006-04-23,4.7,0.0,0.0,4.7,4.731111111111111,4.7,4.7
2006-04-24,4.7,0.0,0.0,4.7,4.731111111111111,4.7,4.7
2006-04-25,4.7,0.0,0.0,4.7,4.731111111111111,4.7,4.7
2006-04-26,4.7,0.0,0.0,4.7,4.731111111111111,4.7,4.7
2006-04-27,4.7,0.0,0.0,4.7,4.731111111111111,4.7,4.7
2006-04-28,4.7,0.0,0.0,4.7,4.731111111111111,4.7,4.7
2006-04-29,4.7,0.0,0.0,4.7,4.731111111111111,4.7,4.7
2006-04-30,4.7,0.0,0.0,4.7,4.731111111111111,4.7,4.7
2006-05-01,4.6,-0.10000000000000053,-0.021276595744680993,4.696666666666667,4.73,4.7,4.7
2006-05-02,4.6,0.0,0.0,4.693333333333333,4.727777777777778,4.7,4.7
2006-05-03,4.6,0.0,0.0,4.69,4.725555555555555,4.7,4.7
2006-05-04,4.6,0.0,0.0,4.6866666666666665,4.723333333333333,4.7,4.7
2006-05-05,4.6,0.0,0.0,4.683333333333334,4.721111111111112,4.7,4.7
2006-05-06,4.6,0.0,0.0,4.680000000000001,4.718888888888889,4.7,4.7
2006-05-07,4.6,0.0,0.0,4.676666666666667,4.716666666666667,4.7,4.7
2006-05-08,4.6,0.0,0.0,4.673333333333334,4.714444444444444,4.6,4.7
2006-05-09,4.6,0.0,0.0,4.67,4.712222222222222,4.6,4.7
2006-05-10,4.6,0.0,0.0,4.666666666666667,4.71,4.6,4.7
2006-05-11,4.6,0.0,0.0,4.663333333333332,4.707777777777777,4.6,4.7
2006-05-12,4.6,0.0,0.0,4.66,4.705555555555556,4.6,4.7
2006-05-13,4.6,0.0,0.0,4.656666666666667,4.703333333333333,4.6,4.7
2006-05-14,4.6,0.0,0.0,4.653333333333333,4.701111111111111,4.6,4.7
2006-05-15,4.6,0.0,0.0,4.65,4.698888888888889,4.6,4.7
2006-05-16,4.6,0.0,0.0,4.646666666666666,4.696666666666666,4.6,4.7
2006-05-17,4.6,0.0,0.0,4.6433333333333335,4.694444444444445,4.6,4.7
2006-05-18,4.6,0.0,0.0,4.64,4.692222222222222,4.6,4.7
2006-05-19,4.6,0.0,0.0,4.636666666666667,4.6899999999999995,4.6,4.7
2006-05-20,4.6,0.0,0.0,4.633333333333334,4.687777777777778,4.6,4.7
2006-05-21,4.6,0.0,0.0,4.629999999999999,4.685555555555555,4.6,4.7
2006-05-22,4.6,0.0,0.0,4.626666666666667,4.683333333333334,4.6,4.7
2006-05-23,4.6,0.0,0.0,4.623333333333333,4.681111111111111,4.6,4.7
2006-05-24,4.6,0.0,0.0,4.62,4.678888888888888,4.6,4.7
2006-05-25,4.6,0.0,0.0,4.616666666666666,4.676666666666667,4.6,4.7
2006-05-26,4.6,0.0,0.0,4.613333333333332,4.674444444444444,4.6,4.7
2006-05-27,4.6,0.0,0.0,4.609999999999999,4.6722222222222225,4.6,4.7
2006-05-28,4.6,0.0,0.0,4.6066666666666665,4.67,4.6,4.7
2006-05-29,4.6,0.0,0.0,4.6033333333333335,4.667777777777777,4.6,4.7
2006-05-30,4.6,0.0,0.0,4.6,4.666666666666667,4.6,4.7
2006-05-31,4.6,0.0,0.0,4.6,4.665555555555556,4.6,4.6
2006-06-01,4.6,0.0,0.0,4.6,4.664444444444444,4.6,4.6
2006-06-02,4.6,0.0,0.0,4.6,4.663333333333334,4.6,4.6
2006-06-03,4.6,0.0,0.0,4.6,4.662222222222222,4.6,4.6
2006-06-04,4.6,0.0,0.0,4.6,4.661111111111111,4.6,4.6
2006-06-05,4.6,0.0,0.0,4.6,4.66,4.6,4.6
2006-06-06,4.6,0.0,0.0,4.6,4.658888888888889,4.6,4.6
2006-06-07,4.6,0.0,0.0,4.6,4.6577777777777785,4.6,4.6
2006-06-08,4.6,0.0,0.0,4.6,4.656666666666666,4.6,4.6
2006-06-09,4.6,0.0,0.0,4.6,4.655555555555556,4.6,4.6
2006-06-10,4.6,0.0,0.0,4.6,4.654444444444445,4.6,4.6
2006-06-11,4.6,0.0,0.0,4.6,4.653333333333333,4.6,4.6
2006-06-12,4.6,0.0,0.0,4.6,4.652222222222222,4.6,4.6
2006-06-13,4.6,0.0,0.0,4.6,4.651111111111111,4.6,4.6
2006-06-14,4.6,0.0,0.0,4.6,4.65,4.6,4.6
2006-06-15,4.6,0.0,0.0,4.6,4.648888888888889,4.6,4.6
2006-06-16,4.6,0.0,0.0,4.6,4.647777777777778,4.6,4.6
2006-06-17,4.6,0.0,0.0,4.6,4.6466666666666665,4.6,4.6
2006-06-18,4.6,0.0,0.0,4.6,4.645555555555555,4.6,4.6
2006-06-19,4.6,0.0,0.0,4.6,4.644444444444445,4.6,4.6
2006-06-20,4.6,0.0,0.0,4.6,4.643333333333333,4.6,4.6
2006-06-21,4.6,0.0,0.0,4.6,4.642222222222222,4.6,4.6
2006-06-22,4.6,0.0,0.0,4.6,4.641111111111111,4.6,4.6
2006-06-23,4.6,0.0,0.0,4.6,4.64,4.6,4.6
2006-06-24,4.6,0.0,0.0,4.6,4.638888888888889,4.6,4.6
2006-06-25,4.6,0.0,0.0,4.6,4.637777777777777,4.6,4.6
2006-06-26,4.6,0.0,0.0,4.6,4.636666666666667,4.6,4.6
2006-06-27,4.6,0.0,0.0,4.6,4.635555555555555,4.6,4.6
2006-06-28,4.6,0.0,0.0,4.6,4.634444444444444,4.6,4.6
2006-06-29,4.6,0.0,0.0,4.6,4.633333333333334,4.6,4.6
2006-06-30,4.6,0.0,0.0,4.6,4.632222222222222,4.6,4.6
2006-07-01,4.7,0.10000000000000053,0.021739130434782705,4.6033333333333335,4.632222222222222,4.6,4.6
2006-07-02,4.7,0.0,0.0,4.6066666666666665,4.6322222222222225,4.6,4.6
2006-07-03,4.7,0.0,0.0,4.609999999999999,4.632222222222222,4.6,4.6
2006-07-04,4.7,0.0,0.0,4.613333333333332,4.632222222222222,4.6,4.6
2006-07-05,4.7,0.0,0.0,4.616666666666666,4.632222222222222,4.6,4.6
2006-07-06,4.7,0.0,0.0,4.62,4.632222222222222,4.6,4.6
2006-07-07,4.7,0.0,0.0,4.623333333333333,4.6322222222222225,4.6,4.6
2006-07-08,4.7,0.0,0.0,4.626666666666666,4.632222222222222,4.7,4.6
2006-07-09,4.7,0.0,0.0,4.629999999999999,4.632222222222222,4.7,4.6
2006-07-10,4.7,0.0,0.0,4.633333333333334,4.632222222222222,4.7,4.6
2006-07-11,4.7,0.0,0.0,4.636666666666667,4.632222222222222,4.7,4.6
2006-07-12,4.7,0.0,0.0,4.640000000000001,4.632222222222222,4.7,4.6
2006-07-13,4.7,0.0,0.0,4.643333333333333,4.632222222222222,4.7,4.6
2006-07-14,4.7,0.0,0.0,4.6466666666666665,4.632222222222222,4.7,4.6
2006-07-15,4.7,0.0,0.0,4.65,4.632222222222222,4.7,4.6
2006-07-16,4.7,0.0,0.0,4.653333333333333,4.632222222222222,4.7,4.6
2006-07-17,4.7,0.0,0.0,4.656666666666667,4.632222222222222,4.7,4.6
2006-07-18,4.7,0.0,0.0,4.659999999999999,4.632222222222222,4.7,4.6
2006-07-19,4.7,0.0,0.0,4.663333333333333,4.632222222222222,4.7,4.6
2006-07-20,4.7,0.0,0.0,4.666666666666667,4.632222222222222,4.7,4.6
2006-07-21,4.7,0.0,0.0,4.67,4.632222222222222,4.7,4.6
2006-07-22,4.7,0.0,0.0,4.673333333333334,4.632222222222222,4.7,4.6
2006-07-23,4.7,0.0,0.0,4.676666666666666,4.632222222222222,4.7,4.6
2006-07-24,4.7,0.0,0.0,4.680000000000001,4.632222222222222,4.7,4.6
2006-07-25,4.7,0.0,0.0,4.683333333333334,4.632222222222222,4.7,4.6
2006-07-26,4.7,0.0,0.0,4.6866666666666665,4.632222222222222,4.7,4.6
2006-07-27,4.7,0.0,0.0,4.69,4.632222222222222,4.7,4.6
2006-07-28,4.7,0.0,0.0,4.693333333333333,4.632222222222222,4.7,4.6
2006-07-29,4.7,0.0,0.0,4.696666666666667,4.632222222222222,4.7,4.6
2006-07-30,4.7,0.0,0.0,4.7,4.633333333333333,4.7,4.6
2006-07-31,4.7,0.0,0.0,4.7,4.634444444444444,4.7,4.7
2006-08-01,4.7,0.0,0.0,4.7,4.635555555555555,4.7,4.7
2006-08-02,4.7,0.0,0.0,4.7,4.636666666666667,4.7,4.7
2006-08-03,4.7,0.0,0.0,4.7,4.637777777777777,4.7,4.7
2006-08-04,4.7,0.0,0.0,4.7,4.638888888888888,4.7,4.7
2006-08-05,4.7,0.0,0.0,4.7,4.64,4.7,4.7
2006-08-06,4.7,0.0,0.0,4.7,4.641111111111111,4.7,4.7
2006-08-07,4.7,0.0,0.0,4.7,4.642222222222222,4.7,4.7
2006-08-08,4.7,0.0,0.0,4.7,4.643333333333333,4.7,4.7
2006-08-09,4.7,0.0,0.0,4.7,4.644444444444445,4.7,4.7
2006-08-10,4.7,0.0,0.0,4.7,4.645555555555556,4.7,4.7
2006-08-11,4.7,0.0,0.0,4.7,4.6466666666666665,4.7,4.7
2006-08-12,4.7,0.0,0.0,4.7,4.647777777777778,4.7,4.7
2006-08-13,4.7,0.0,0.0,4.7,4.648888888888889,4.7,4.7
2006-08-14,4.7,0.0,0.0,4.7,4.65,4.7,4.7
2006-08-15,4.7,0.0,0.0,4.7,4.651111111111112,4.7,4.7
2006-08-16,4.7,0.0,0.0,4.7,4.652222222222222,4.7,4.7
2006-08-17,4.7,0.0,0.0,4.7,4.653333333333333,4.7,4.7
2006-08-18,4.7,0.0,0.0,4.7,4.654444444444445,4.7,4.7
2006-08-19,4.7,0.0,0.0,4.7,4.655555555555556,4.7,4.7
2006-08-20,4.7,0.0,0.0,4.7,4.656666666666667,4.7,4.7
2006-08-21,4.7,0.0,0.0,4.7,4.657777777777778,4.7,4.7
2006-08-22,4.7,0.0,0.0,4.7,4.658888888888889,4.7,4.7
2006-08-23,4.7,0.0,0.0,4.7,4.66,4.7,4.7
2006-08-24,4.7,0.0,0.0,4.7,4.661111111111111,4.7,4.7
2006-08-25,4.7,0.0,0.0,4.7,4.662222222222223,4.7,4.7
2006-08-26,4.7,0.0,0.0,4.7,4.663333333333333,4.7,4.7
2006-08-27,4.7,0.0,0.0,4.7,4.664444444444444,4.7,4.7
2006-08-28,4.7,0.0,0.0,4.7,4.665555555555556,4.7,4.7
2006-08-29,4.7,0.0,0.0,4.7,4.666666666666667,4.7,4.7
2006-08-30,4.7,0.0,0.0,4.7,4.667777777777778,4.7,4.7
2006-08-31,4.7,0.0,0.0,4.7,4.668888888888889,4.7,4.7
2006-09-01,4.5,-0.20000000000000018,-0.042553191489361764,4.693333333333333,4.667777777777778,4.7,4.7
2006-09-02,4.5,0.0,0.0,4.6866666666666665,4.666666666666667,4.7,4.7
2006-09-03,4.5,0.0,0.0,4.680000000000001,4.665555555555556,4.7,4.7
2006-09-04,4.5,0.0,0.0,4.673333333333334,4.664444444444444,4.7,4.7
2006-09-05,4.5,0.0,0.0,4.666666666666667,4.663333333333333,4.7,4.7
2006-09-06,4.5,0.0,0.0,4.66,4.662222222222223,4.7,4.7
2006-09-07,4.5,0.0,0.0,4.653333333333333,4.661111111111111,4.7,4.7
2006-09-08,4.5,0.0,0.0,4.6466666666666665,4.66,4.5,4.7
2006-09-09,4.5,0.0,0.0,4.64,4.658888888888889,4.5,4.7
2006-09-10,4.5,0.0,0.0,4.633333333333334,4.6577777777777785,4.5,4.7
2006-09-11,4.5,0.0,0.0,4.626666666666667,4.656666666666667,4.5,4.7
2006-09-12,4.5,0.0,0.0,4.62,4.655555555555556,4.5,4.7
2006-09-13,4.5,0.0,0.0,4.613333333333333,4.654444444444445,4.5,4.7
2006-09-14,4.5,0.0,0.0,4.6066666666666665,4.653333333333333,4.5,4.7
2006-09-15,4.5,0.0,0.0,4.6,4.652222222222223,4.5,4.7
2006-09-16,4.5,0.0,0.0,4.593333333333334,4.651111111111112,4.5,4.7
2006-09-17,4.5,0.0,0.0,4.586666666666667,4.65,4.5,4.7
2006-09-18,4.5,0.0,0.0,4.58,4.648888888888889,4.5,4.7
2006-09-19,4.5,0.0,0.0,4.573333333333333,4.647777777777778,4.5,4.7
2006-09-20,4.5,0.0,0.0,4.566666666666666,4.646666666666667,4.5,4.7
2006-09-21,4.5,0.0,0.0,4.5600000000000005,4.645555555555556,4.5,4.7
2006-09-22,4.5,0.0,0.0,4.553333333333333,4.644444444444445,4.5,4.7
2006-09-23,4.5,0.0,0.0,4.546666666666667,4.6433333333333335,4.5,4.7
2006-09-24,4.5,0.0,0.0,4.54,4.642222222222222,4.5,4.7
2006-09-25,4.5,0.0,0.0,4.533333333333333,4.641111111111112,4.5,4.7
2006-09-26,4.5,0.0,0.0,4.526666666666667,4.640000000000001,4.5,4.7
2006-09-27,4.5,0.0,0.0,4.52,4.638888888888889,4.5,4.7
2006-09-28,4.5,0.0,0.0,4.513333333333334,4.637777777777778,4.5,4.7
2006-09-29,4.5,0.0,0.0,4.506666666666666,4.635555555555556,4.5,4.7
2006-09-30,4.5,0.0,0.0,4.5,4.633333333333334,4.5,4.7
2006-10-01,4.4,-0.09999999999999964,-0.022222222222222143,4.496666666666667,4.63,4.5,4.5
2006-10-02,4.4,0.0,0.0,4.493333333333334,4.626666666666667,4.5,4.5
2006-10-03,4.4,0.0,0.0,4.489999999999999,4.623333333333334,4.5,4.5
2006-10-04,4.4,0.0,0.0,4.486666666666666,4.62,4.5,4.5
2006-10-05,4.4,0.0,0.0,4.483333333333333,4.616666666666666,4.5,4.5
2006-10-06,4.4,0.0,0.0,4.48,4.613333333333333,4.5,4.5
2006-10-07,4.4,0.0,0.0,4.4766666666666675,4.61,4.5,4.5
2006-10-08,4.4,0.0,0.0,4.473333333333334,4.606666666666667,4.4,4.5
2006-10-09,4.4,0.0,0.0,4.47,4.6033333333333335,4.4,4.5
2006-10-10,4.4,0.0,0.0,4.466666666666667,4.6,4.4,4.5
2006-10-11,4.4,0.0,0.0,4.463333333333334,4.596666666666667,4.4,4.5
2006-10-12,4.4,0.0,0.0,4.46,4.593333333333334,4.4,4.5
2006-10-13,4.4,0.0,0.0,4.456666666666667,4.59,4.4,4.5
2006-10-14,4.4,0.0,0.0,4.453333333333333,4.586666666666667,4.4,4.5
2006-10-15,4.4,0.0,0.0,4.45,4.583333333333333,4.4,4.5
2006-10-16,4.4,0.0,0.0,4.446666666666667,4.58,4.4,4.5
2006-10-17,4.4,0.0,0.0,4.443333333333333,4.576666666666667,4.4,4.5
2006-10-18,4.4,0.0,0.0,4.44,4.573333333333333,4.4,4.5
2006-10-19,4.4,0.0,0.0,4.4366666666666665,4.57,4.4,4.5
2006-10-20,4.4,0.0,0.0,4.433333333333334,4.566666666666666,4.4,4.5
2006-10-21,4.4,0.0,0.0,4.430000000000001,4.5633333333333335,4.4,4.5
2006-10-22,4.4,0.0,0.0,4.426666666666667,4.5600000000000005,4.4,4.5
2006-10-23,4.4,0.0,0.0,4.423333333333334,4.556666666666667,4.4,4.5
2006-10-24,4.4,0.0,0.0,4.420000000000001,4.553333333333334,4.4,4.5
2006-10-25,4.4,0.0,0.0,4.416666666666667,4.55,4.4,4.5
2006-10-26,4.4,0.0,0.0,4.413333333333333,4.546666666666667,4.4,4.5
2006-10-27,4.4,0.0,0.0,4.41,4.543333333333334,4.4,4.5
2006-10-28,4.4,0.0,0.0,4.406666666666667,4.54,4.4,4.5
2006-10-29,4.4,0.0,0.0,4.403333333333334,4.536666666666667,4.4,4.5
2006-10-30,4.4,0.0,0.0,4.4,4.533333333333333,4.4,4.5
2006-10-31,4.4,0.0,0.0,4.4,4.53,4.4,4.4
2006-11-01,4.5,0.09999999999999964,0.022727272727272707,4.403333333333334,4.527777777777778,4.4,4.4
2006-11-02,4.5,0.0,0.0,4.406666666666667,4.525555555555556,4.4,4.4
2006-11-03,4.5,0.0,0.0,4.41,4.523333333333333,4.4,4.4
2006-11-04,4.5,0.0,0.0,4.413333333333333,4.521111111111111,4.4,4.4
2006-11-05,4.5,0.0,0.0,4.416666666666667,4.518888888888889,4.4,4.4
2006-11-06,4.5,0.0,0.0,4.42,4.516666666666667,4.4,4.4
2006-11-07,4.5,0.0,0.0,4.423333333333333,4.514444444444445,4.4,4.4
2006-11-08,4.5,0.0,0.0,4.426666666666667,4.512222222222222,4.5,4.4
2006-11-09,4.5,0.0,0.0,4.430000000000001,4.51,4.5,4.4
2006-11-10,4.5,0.0,0.0,4.433333333333334,4.507777777777777,4.5,4.4
2006-11-11,4.5,0.0,0.0,4.4366666666666665,4.5055555555555555,4.5,4.4
2006-11-12,4.5,0.0,0.0,4.4399999999999995,4.503333333333334,4.5,4.4
2006-11-13,4.5,0.0,0.0,4.443333333333333,4.50111111111111,4.5,4.4
2006-11-14,4.5,0.0,0.0,4.446666666666667,4.498888888888889,4.5,4.4
2006-11-15,4.5,0.0,0.0,4.45,4.496666666666666,4.5,4.4
2006-11-16,4.5,0.0,0.0,4.453333333333333,4.4944444444444445,4.5,4.4
2006-11-17,4.5,0.0,0.0,4.456666666666666,4.492222222222223,4.5,4.4
2006-11-18,4.5,0.0,0.0,4.46,4.489999999999999,4.5,4.4
2006-11-19,4.5,0.0,0.0,4.463333333333334,4.487777777777778,4.5,4.4
2006-11-20,4.5,0.0,0.0,4.466666666666667,4.485555555555555,4.5,4.4
2006-11-21,4.5,0.0,0.0,4.47,4.483333333333333,4.5,4.4
2006-11-22,4.5,0.0,0.0,4.473333333333333,4.481111111111111,4.5,4.4
2006-11-23,4.5,0.0,0.0,4.476666666666666,4.478888888888888,4.5,4.4
2006-11-24,4.5,0.0,0.0,4.48,4.476666666666667,4.5,4.4
2006-11-25,4.5,0.0,0.0,4.483333333333333,4.474444444444444,4.5,4.4
2006-11-26,4.5,0.0,0.0,4.486666666666666,4.472222222222222,4.5,4.4
2006-11-27,4.5,0.0,0.0,4.489999999999999,4.47,4.5,4.4
2006-11-28,4.5,0.0,0.0,4.493333333333333,4.467777777777777,4.5,4.4
2006-11-29,4.5,0.0,0.0,4.496666666666667,4.4655555555555555,4.5,4.4
2006-11-30,4.5,0.0,0.0,4.5,4.4655555555555555,4.5,4.4
2006-12-01,4.4,-0.09999999999999964,-0.022222222222222143,4.496666666666667,4.464444444444444,4.5,4.5
2006-12-02,4.4,0.0,0.0,4.493333333333334,4.463333333333333,4.5,4.5
2006-12-03,4.4,0.0,0.0,4.49,4.4622222222222225,4.5,4.5
2006-12-04,4.4,0.0,0.0,4.486666666666666,4.461111111111111,4.5,4.5
2006-12-05,4.4,0.0,0.0,4.483333333333333,4.46,4.5,4.5
2006-12-06,4.4,0.0,0.0,4.48,4.458888888888889,4.5,4.5
2006-12-07,4.4,0.0,0.0,4.4766666666666675,4.457777777777777,4.5,4.5
2006-12-08,4.4,0.0,0.0,4.473333333333334,4.456666666666667,4.4,4.5
2006-12-09,4.4,0.0,0.0,4.470000000000001,4.455555555555556,4.4,4.5
2006-12-10,4.4,0.0,0.0,4.466666666666667,4.454444444444444,4.4,4.5
2006-12-11,4.4,0.0,0.0,4.463333333333334,4.453333333333333,4.4,4.5
2006-12-12,4.4,0.0,0.0,4.46,4.452222222222222,4.4,4.5
2006-12-13,4.4,0.0,0.0,4.456666666666667,4.4511111111111115,4.4,4.5
2006-12-14,4.4,0.0,0.0,4.453333333333334,4.45,4.4,4.5
2006-12-15,4.4,0.0,0.0,4.45,4.448888888888889,4.4,4.5
2006-12-16,4.4,0.0,0.0,4.446666666666667,4.447777777777778,4.4,4.5
2006-12-17,4.4,0.0,0.0,4.443333333333333,4.446666666666666,4.4,4.5
2006-12-18,4.4,0.0,0.0,4.44,4.445555555555556,4.4,4.5
2006-12-19,4.4,0.0,0.0,4.436666666666667,4.444444444444445,4.4,4.5
2006-12-20,4.4,0.0,0.0,4.433333333333334,4.443333333333333,4.4,4.5
2006-12-21,4.4,0.0,0.0,4.430000000000001,4.442222222222222,4.4,4.5
2006-12-22,4.4,0.0,0.0,4.426666666666667,4.441111111111111,4.4,4.5
2006-12-23,4.4,0.0,0.0,4.423333333333334,4.44,4.4,4.5
2006-12-24,4.4,0.0,0.0,4.420000000000001,4.438888888888889,4.4,4.5
2006-12-25,4.4,0.0,0.0,4.416666666666668,4.437777777777778,4.4,4.5
2006-12-26,4.4,0.0,0.0,4.413333333333333,4.4366666666666665,4.4,4.5
2006-12-27,4.4,0.0,0.0,4.41,4.435555555555555,4.4,4.5
2006-12-28,4.4,0.0,0.0,4.406666666666667,4.434444444444445,4.4,4.5
2006-12-29,4.4,0.0,0.0,4.403333333333334,4.433333333333334,4.4,4.5
2006-12-30,4.4,0.0,0.0,4.4,4.433333333333334,4.4,4.5
2006-12-31,4.4,0.0,0.0,4.4,4.433333333333334,4.4,4.4
2007-01-01,4.6,0.1999999999999993,0.04545454545454519,4.406666666666667,4.435555555555556,4.4,4.4
2007-01-02,4.6,0.0,0.0,4.413333333333333,4.437777777777778,4.4,4.4
2007-01-03,4.6,0.0,0.0,4.42,4.44,4.4,4.4
2007-01-04,4.6,0.0,0.0,4.426666666666667,4.442222222222222,4.4,4.4
2007-01-05,4.6,0.0,0.0,4.433333333333334,4.444444444444445,4.4,4.4
2007-01-06,4.6,0.0,0.0,4.44,4.446666666666667,4.4,4.4
2007-01-07,4.6,0.0,0.0,4.446666666666667,4.448888888888889,4.4,4.4
2007-01-08,4.6,0.0,0.0,4.453333333333333,4.4511111111111115,4.6,4.4
2007-01-09,4.6,0.0,0.0,4.46,4.453333333333333,4.6,4.4
2007-01-10,4.6,0.0,0.0,4.466666666666667,4.455555555555556,4.6,4.4
2007-01-11,4.6,0.0,0.0,4.473333333333334,4.457777777777777,4.6,4.4
2007-01-12,4.6,0.0,0.0,4.48,4.46,4.6,4.4
2007-01-13,4.6,0.0,0.0,4.486666666666666,4.4622222222222225,4.6,4.4
2007-01-14,4.6,0.0,0.0,4.493333333333334,4.464444444444444,4.6,4.4
2007-01-15,4.6,0.0,0.0,4.5,4.466666666666667,4.6,4.4
2007-01-16,4.6,0.0,0.0,4.506666666666666,4.4688888888888885,4.6,4.4
2007-01-17,4.6,0.0,0.0,4.513333333333334,4.471111111111112,4.6,4.4
2007-01-18,4.6,0.0,0.0,4.52,4.473333333333334,4.6,4.4
2007-01-19,4.6,0.0,0.0,4.526666666666666,4.475555555555555,4.6,4.4
2007-01-20,4.6,0.0,0.0,4.533333333333333,4.477777777777778,4.6,4.4
2007-01-21,4.6,0.0,0.0,4.54,4.4799999999999995,4.6,4.4
2007-01-22,4.6,0.0,0.0,4.546666666666667,4.482222222222222,4.6,4.4
2007-01-23,4.6,0.0,0.0,4.553333333333333,4.484444444444445,4.6,4.4
2007-01-24,4.6,0.0,0.0,4.56,4.486666666666666,4.6,4.4
2007-01-25,4.6,0.0,0.0,4.566666666666666,4.488888888888889,4.6,4.4
2007-01-26,4.6,0.0,0.0,4.573333333333333,4.491111111111111,4.6,4.4
2007-01-27,4.6,0.0,0.0,4.58,4.493333333333333,4.6,4.4
2007-01-28,4.6,0.0,0.0,4.586666666666667,4.495555555555556,4.6,4.4
2007-01-29,4.6,0.0,0.0,4.593333333333333,4.497777777777778,4.6,4.4
2007-01-30,4.6,0.0,0.0,4.6,4.49888888888889,4.6,4.4
2007-01-31,4.6,0.0,0.0,4.6,4.5,4.6,4.6
2007-02-01,4.5,-0.09999999999999964,-0.021739130434782483,4.596666666666667,4.5,4.6,4.6
2007-02-02,4.5,0.0,0.0,4.593333333333334,4.5,4.6,4.6
2007-02-03,4.5,0.0,0.0,4.59,4.5,4.6,4.6
2007-02-04,4.5,0.0,0.0,4.586666666666667,4.5,4.6,4.6
2007-02-05,4.5,0.0,0.0,4.583333333333333,4.5,4.6,4.6
2007-02-06,4.5,0.0,0.0,4.58,4.5,4.6,4.6
2007-02-07,4.5,0.0,0.0,4.576666666666667,4.5,4.6,4.6
2007-02-08,4.5,0.0,0.0,4.573333333333333,4.5,4.5,4.6
2007-02-09,4.5,0.0,0.0,4.569999999999999,4.5,4.5,4.6
2007-02-10,4.5,0.0,0.0,4.566666666666666,4.5,4.5,4.6
2007-02-11,4.5,0.0,0.0,4.5633333333333335,4.5,4.5,4.6
2007-02-12,4.5,0.0,0.0,4.5600000000000005,4.5,4.5,4.6
2007-02-13,4.5,0.0,0.0,4.556666666666667,4.5,4.5,4.6
2007-02-14,4.5,0.0,0.0,4.553333333333333,4.5,4.5,4.6
2007-02-15,4.5,0.0,0.0,4.55,4.5,4.5,4.6
2007-02-16,4.5,0.0,0.0,4.546666666666667,4.5,4.5,4.6
2007-02-17,4.5,0.0,0.0,4.543333333333334,4.5,4.5,4.6
2007-02-18,4.5,0.0,0.0,4.540000000000001,4.5,4.5,4.6
2007-02-19,4.5,0.0,0.0,4.536666666666666,4.5,4.5,4.6
2007-02-20,4.5,0.0,0.0,4.533333333333333,4.5,4.5,4.6
2007-02-21,4.5,0.0,0.0,4.53,4.5,4.5,4.6
2007-02-22,4.5,0.0,0.0,4.526666666666667,4.5,4.5,4.6
2007-02-23,4.5,0.0,0.0,4.523333333333334,4.5,4.5,4.6
2007-02-24,4.5,0.0,0.0,4.52,4.5,4.5,4.6
2007-02-25,4.5,0.0,0.0,4.516666666666667,4.5,4.5,4.6
2007-02-26,4.5,0.0,0.0,4.513333333333334,4.5,4.5,4.6
2007-02-27,4.5,0.0,0.0,4.510000000000001,4.5,4.5,4.6
2007-02-28,4.5,0.0,0.0,4.506666666666667,4.5,4.5,4.6
2007-03-01,4.4,-0.09999999999999964,-0.022222222222222143,4.5,4.5,4.5,4.6
2007-03-02,4.4,0.0,0.0,4.493333333333333,4.5,4.5,4.6
2007-03-03,4.4,0.0,0.0,4.489999999999999,4.5,4.5,4.5
2007-03-04,4.4,0.0,0.0,4.486666666666666,4.5,4.5,4.5
2007-03-05,4.4,0.0,0.0,4.483333333333333,4.5,4.5,4.5
2007-03-06,4.4,0.0,0.0,4.48,4.5,4.5,4.5
2007-03-07,4.4,0.0,0.0,4.476666666666666,4.5,4.5,4.5
2007-03-08,4.4,0.0,0.0,4.473333333333333,4.5,4.4,4.5
2007-03-09,4.4,0.0,0.0,4.47,4.5,4.4,4.5
2007-03-10,4.4,0.0,0.0,4.466666666666667,4.5,4.4,4.5
2007-03-11,4.4,0.0,0.0,4.463333333333334,4.5,4.4,4.5
2007-03-12,4.4,0.0,0.0,4.459999999999999,4.5,4.4,4.5
2007-03-13,4.4,0.0,0.0,4.456666666666666,4.5,4.4,4.5
2007-03-14,4.4,0.0,0.0,4.453333333333333,4.5,4.4,4.5
2007-03-15,4.4,0.0,0.0,4.45,4.5,4.4,4.5
2007-03-16,4.4,0.0,0.0,4.446666666666667,4.5,4.4,4.5
2007-03-17,4.4,0.0,0.0,4.443333333333333,4.5,4.4,4.5
2007-03-18,4.4,0.0,0.0,4.4399999999999995,4.5,4.4,4.5
2007-03-19,4.4,0.0,0.0,4.4366666666666665,4.5,4.4,4.5
2007-03-20,4.4,0.0,0.0,4.433333333333334,4.5,4.4,4.5
2007-03-21,4.4,0.0,0.0,4.430000000000001,4.5,4.4,4.5
2007-03-22,4.4,0.0,0.0,4.426666666666667,4.5,4.4,4.5
2007-03-23,4.4,0.0,0.0,4.423333333333333,4.5,4.4,4.5
2007-03-24,4.4,0.0,0.0,4.42,4.5,4.4,4.5
2007-03-25,4.4,0.0,0.0,4.416666666666667,4.5,4.4,4.5
2007-03-26,4.4,0.0,0.0,4.413333333333333,4.5,4.4,4.5
2007-03-27,4.4,0.0,0.0,4.41,4.5,4.4,4.5
2007-03-28,4.4,0.0,0.0,4.406666666666667,4.5,4.4,4.5
2007-03-29,4.4,0.0,0.0,4.403333333333334,4.5,4.4,4.5
2007-03-30,4.4,0.0,0.0,4.4,4.5,4.4,4.5
2007-03-31,4.4,0.0,0.0,4.4,4.5,4.4,4.4
2007-04-01,4.5,0.09999999999999964,0.022727272727272707,4.403333333333333,4.498888888888889,4.4,4.4
2007-04-02,4.5,0.0,0.0,4.406666666666667,4.497777777777778,4.4,4.4
2007-04-03,4.5,0.0,0.0,4.41,4.496666666666666,4.4,4.4
2007-04-04,4.5,0.0,0.0,4.413333333333333,4.495555555555556,4.4,4.4
2007-04-05,4.5,0.0,0.0,4.416666666666667,4.4944444444444445,4.4,4.4
2007-04-06,4.5,0.0,0.0,4.420000000000001,4.493333333333333,4.4,4.4
2007-04-07,4.5,0.0,0.0,4.423333333333334,4.492222222222223,4.4,4.4
2007-04-08,4.5,0.0,0.0,4.426666666666667,4.491111111111111,4.5,4.4
2007-04-09,4.5,0.0,0.0,4.430000000000001,4.49,4.5,4.4
2007-04-10,4.5,0.0,0.0,4.433333333333334,4.488888888888889,4.5,4.4
2007-04-11,4.5,0.0,0.0,4.436666666666667,4.4877777777777785,4.5,4.4
2007-04-12,4.5,0.0,0.0,4.44,4.486666666666666,4.5,4.4
2007-04-13,4.5,0.0,0.0,4.443333333333333,4.485555555555555,4.5,4.4
2007-04-14,4.5,0.0,0.0,4.446666666666667,4.484444444444445,4.5,4.4
2007-04-15,4.5,0.0,0.0,4.45,4.483333333333333,4.5,4.4
2007-04-16,4.5,0.0,0.0,4.453333333333333,4.482222222222223,4.5,4.4
2007-04-17,4.5,0.0,0.0,4.456666666666667,4.481111111111111,4.5,4.4
2007-04-18,4.5,0.0,0.0,4.46,4.4799999999999995,4.5,4.4
2007-04-19,4.5,0.0,0.0,4.463333333333334,4.478888888888889,4.5,4.4
2007-04-20,4.5,0.0,0.0,4.466666666666667,4.477777777777778,4.5,4.4
2007-04-21,4.5,0.0,0.0,4.47,4.4766666666666675,4.5,4.4
2007-04-22,4.5,0.0,0.0,4.473333333333334,4.475555555555555,4.5,4.4
2007-04-23,4.5,0.0,0.0,4.4766666666666675,4.474444444444444,4.5,4.4
2007-04-24,4.5,0.0,0.0,4.48,4.473333333333334,4.5,4.4
2007-04-25,4.5,0.0,0.0,4.483333333333333,4.472222222222222,4.5,4.4
2007-04-26,4.5,0.0,0.0,4.486666666666666,4.471111111111112,4.5,4.4
2007-04-27,4.5,0.0,0.0,4.49,4.47,4.5,4.4
2007-04-28,4.5,0.0,0.0,4.493333333333334,4.4688888888888885,4.5,4.4
2007-04-29,4.5,0.0,0.0,4.496666666666667,4.467777777777778,4.5,4.4
2007-04-30,4.5,0.0,0.0,4.5,4.466666666666667,4.5,4.4
2007-05-01,4.4,-0.09999999999999964,-0.022222222222222143,4.496666666666667,4.464444444444444,4.5,4.5
2007-05-02,4.4,0.0,0.0,4.493333333333334,4.463333333333334,4.5,4.5
2007-05-03,4.4,0.0,0.0,4.489999999999999,4.4622222222222225,4.5,4.5
2007-05-04,4.4,0.0,0.0,4.486666666666666,4.461111111111112,4.5,4.5
2007-05-05,4.4,0.0,0.0,4.483333333333333,4.46,4.5,4.5
2007-05-06,4.4,0.0,0.0,4.48,4.458888888888889,4.5,4.5
2007-05-07,4.4,0.0,0.0,4.4766666666666675,4.457777777777778,4.5,4.5
2007-05-08,4.4,0.0,0.0,4.473333333333333,4.456666666666667,4.4,4.5
2007-05-09,4.4,0.0,0.0,4.47,4.455555555555557,4.4,4.5
2007-05-10,4.4,0.0,0.0,4.466666666666667,4.454444444444444,4.4,4.5
2007-05-11,4.4,0.0,0.0,4.463333333333334,4.453333333333333,4.4,4.5
2007-05-12,4.4,0.0,0.0,4.46,4.452222222222223,4.4,4.5
2007-05-13,4.4,0.0,0.0,4.456666666666666,4.4511111111111115,4.4,4.5
2007-05-14,4.4,0.0,0.0,4.453333333333333,4.450000000000001,4.4,4.5
2007-05-15,4.4,0.0,0.0,4.45,4.448888888888889,4.4,4.5
2007-05-16,4.4,0.0,0.0,4.446666666666667,4.447777777777778,4.4,4.5
2007-05-17,4.4,0.0,0.0,4.443333333333333,4.446666666666667,4.4,4.5
2007-05-18,4.4,0.0,0.0,4.44,4.445555555555556,4.4,4.5
2007-05-19,4.4,0.0,0.0,4.4366666666666665,4.444444444444445,4.4,4.5
2007-05-20,4.4,0.0,0.0,4.433333333333334,4.443333333333333,4.4,4.5
2007-05-21,4.4,0.0,0.0,4.430000000000001,4.442222222222222,4.4,4.5
2007-05-22,4.4,0.0,0.0,4.426666666666667,4.441111111111112,4.4,4.5
2007-05-23,4.4,0.0,0.0,4.423333333333334,4.44,4.4,4.5
2007-05-24,4.4,0.0,0.0,4.42,4.438888888888889,4.4,4.5
2007-05-25,4.4,0.0,0.0,4.416666666666667,4.437777777777778,4.4,4.5
2007-05-26,4.4,0.0,0.0,4.413333333333333,4.436666666666667,4.4,4.5
2007-05-27,4.4,0.0,0.0,4.41,4.435555555555556,4.4,4.5
2007-05-28,4.4,0.0,0.0,4.406666666666667,4.434444444444445,4.4,4.5
2007-05-29,4.4,0.0,0.0,4.403333333333333,4.433333333333334,4.4,4.5
2007-05-30,4.4,0.0,0.0,4.4,4.433333333333334,4.4,4.5
2007-05-31,4.4,0.0,0.0,4.4,4.433333333333334,4.4,4.4
2007-06-01,4.6,0.1999999999999993,0.04545454545454519,4.406666666666667,4.435555555555555,4.4,4.4
2007-06-02,4.6,0.0,0.0,4.413333333333333,4.437777777777778,4.4,4.4
2007-06-03,4.6,0.0,0.0,4.42,4.44,4.4,4.4
2007-06-04,4.6,0.0,0.0,4.426666666666667,4.442222222222222,4.4,4.4
2007-06-05,4.6,0.0,0.0,4.4333333333333345,4.444444444444445,4.4,4.4
2007-06-06,4.6,0.0,0.0,4.44,4.446666666666666,4.4,4.4
2007-06-07,4.6,0.0,0.0,4.446666666666667,4.448888888888889,4.4,4.4
2007-06-08,4.6,0.0,0.0,4.453333333333333,4.4511111111111115,4.6,4.4
2007-06-09,4.6,0.0,0.0,4.459999999999999,4.453333333333333,4.6,4.4
2007-06-10,4.6,0.0,0.0,4.466666666666667,4.455555555555556,4.6,4.4
2007-06-11,4.6,0.0,0.0,4.473333333333334,4.457777777777777,4.6,4.4
2007-06-12,4.6,0.0,0.0,4.48,4.46,4.6,4.4
2007-06-13,4.6,0.0,0.0,4.486666666666666,4.4622222222222225,4.6,4.4
2007-06-14,4.6,0.0,0.0,4.493333333333333,4.464444444444444,4.6,4.4
2007-06-15,4.6,0.0,0.0,4.5,4.466666666666667,4.6,4.4
2007-06-16,4.6,0.0,0.0,4.506666666666667,4.4688888888888885,4.6,4.4
2007-06-17,4.6,0.0,0.0,4.513333333333334,4.471111111111112,4.6,4.4
2007-06-18,4.6,0.0,0.0,4.52,4.473333333333334,4.6,4.4
2007-06-19,4.6,0.0,0.0,4.526666666666666,4.475555555555555,4.6,4.4
2007-06-20,4.6,0.0,0.0,4.533333333333333,4.477777777777778,4.6,4.4
2007-06-21,4.6,0.0,0.0,4.540000000000001,4.4799999999999995,4.6,4.4
2007-06-22,4.6,0.0,0.0,4.546666666666667,4.482222222222223,4.6,4.4
2007-06-23,4.6,0.0,0.0,4.553333333333333,4.484444444444444,4.6,4.4
2007-06-24,4.6,0.0,0.0,4.56,4.486666666666666,4.6,4.4
2007-06-25,4.6,0.0,0.0,4.5666666666666655,4.488888888888889,4.6,4.4
2007-06-26,4.6,0.0,0.0,4.573333333333333,4.491111111111111,4.6,4.4
2007-06-27,4.6,0.0,0.0,4.58,4.493333333333334,4.6,4.4
2007-06-28,4.6,0.0,0.0,4.586666666666667,4.495555555555555,4.6,4.4
2007-06-29,4.6,0.0,0.0,4.593333333333333,4.497777777777778,4.6,4.4
2007-06-30,4.6,0.0,0.0,4.6,4.498888888888889,4.6,4.4
2007-07-01,4.7,0.10000000000000053,0.021739130434782705,4.6033333333333335,4.501111111111111,4.6,4.6
2007-07-02,4.7,0.0,0.0,4.6066666666666665,4.503333333333334,4.6,4.6
2007-07-03,4.7,0.0,0.0,4.609999999999999,4.5055555555555555,4.6,4.6
2007-07-04,4.7,0.0,0.0,4.613333333333333,4.507777777777777,4.6,4.6
2007-07-05,4.7,0.0,0.0,4.616666666666665,4.51,4.6,4.6
2007-07-06,4.7,0.0,0.0,4.62,4.512222222222222,4.6,4.6
2007-07-07,4.7,0.0,0.0,4.623333333333333,4.514444444444445,4.6,4.6
2007-07-08,4.7,0.0,0.0,4.626666666666666,4.516666666666667,4.7,4.6
2007-07-09,4.7,0.0,0.0,4.63,4.518888888888889,4.7,4.6
2007-07-10,4.7,0.0,0.0,4.633333333333334,4.521111111111111,4.7,4.6
2007-07-11,4.7,0.0,0.0,4.636666666666667,4.523333333333333,4.7,4.6
2007-07-12,4.7,0.0,0.0,4.64,4.525555555555556,4.7,4.6
2007-07-13,4.7,0.0,0.0,4.6433333333333335,4.527777777777778,4.7,4.6
2007-07-14,4.7,0.0,0.0,4.6466666666666665,4.53,4.7,4.6
2007-07-15,4.7,0.0,0.0,4.65,4.532222222222222,4.7,4.6
2007-07-16,4.7,0.0,0.0,4.653333333333333,4.5344444444444445,4.7,4.6
2007-07-17,4.7,0.0,0.0,4.656666666666666,4.536666666666667,4.7,4.6
2007-07-18,4.7,0.0,0.0,4.66,4.538888888888889,4.7,4.6
2007-07-19,4.7,0.0,0.0,4.663333333333333,4.541111111111111,4.7,4.6
2007-07-20,4.7,0.0,0.0,4.666666666666667,4.543333333333333,4.7,4.6
2007-07-21,4.7,0.0,0.0,4.67,4.545555555555556,4.7,4.6
2007-07-22,4.7,0.0,0.0,4.673333333333333,4.547777777777778,4.7,4.6
2007-07-23,4.7,0.0,0.0,4.676666666666667,4.55,4.7,4.6
2007-07-24,4.7,0.0,0.0,4.680000000000001,4.552222222222222,4.7,4.6
2007-07-25,4.7,0.0,0.0,4.683333333333334,4.554444444444444,4.7,4.6
2007-07-26,4.7,0.0,0.0,4.686666666666667,4.556666666666667,4.7,4.6
2007-07-27,4.7,0.0,0.0,4.6899999999999995,4.558888888888889,4.7,4.6
2007-07-28,4.7,0.0,0.0,4.693333333333333,4.561111111111111,4.7,4.6
2007-07-29,4.7,0.0,0.0,4.696666666666667,4.5633333333333335,4.7,4.6
2007-07-30,4.7,0.0,0.0,4.7,4.566666666666666,4.7,4.6
2007-07-31,4.7,0.0,0.0,4.7,4.57,4.7,4.7
2007-08-01,4.6,-0.10000000000000053,-0.021276595744680993,4.696666666666667,4.572222222222222,4.7,4.7
2007-08-02,4.6,0.0,0.0,4.693333333333333,4.5744444444444445,4.7,4.7
2007-08-03,4.6,0.0,0.0,4.6899999999999995,4.576666666666666,4.7,4.7
2007-08-04,4.6,0.0,0.0,4.686666666666667,4.578888888888889,4.7,4.7
2007-08-05,4.6,0.0,0.0,4.683333333333334,4.581111111111111,4.7,4.7
2007-08-06,4.6,0.0,0.0,4.680000000000001,4.583333333333333,4.7,4.7
2007-08-07,4.6,0.0,0.0,4.676666666666667,4.585555555555556,4.7,4.7
2007-08-08,4.6,0.0,0.0,4.673333333333333,4.587777777777777,4.6,4.7
2007-08-09,4.6,0.0,0.0,4.670000000000001,4.59,4.6,4.7
2007-08-10,4.6,0.0,0.0,4.666666666666667,4.592222222222222,4.6,4.7
2007-08-11,4.6,0.0,0.0,4.663333333333333,4.594444444444444,4.6,4.7
2007-08-12,4.6,0.0,0.0,4.659999999999999,4.596666666666667,4.6,4.7
2007-08-13,4.6,0.0,0.0,4.656666666666666,4.598888888888888,4.6,4.7
2007-08-14,4.6,0.0,0.0,4.653333333333333,4.601111111111111,4.6,4.7
2007-08-15,4.6,0.0,0.0,4.65,4.6033333333333335,4.6,4.7
2007-08-16,4.6,0.0,0.0,4.6466666666666665,4.605555555555555,4.6,4.7
2007-08-17,4.6,0.0,0.0,4.643333333333333,4.607777777777778,4.6,4.7
2007-08-18,4.6,0.0,0.0,4.64,4.609999999999999,4.6,4.7
2007-08-19,4.6,0.0,0.0,4.636666666666667,4.612222222222223,4.6,4.7
2007-08-20,4.6,0.0,0.0,4.633333333333334,4.614444444444445,4.6,4.7
2007-08-21,4.6,0.0,0.0,4.63,4.616666666666666,4.6,4.7
2007-08-22,4.6,0.0,0.0,4.626666666666666,4.618888888888889,4.6,4.7
2007-08-23,4.6,0.0,0.0,4.623333333333333,4.6211111111111105,4.6,4.7
2007-08-24,4.6,0.0,0.0,4.62,4.623333333333333,4.6,4.7
2007-08-25,4.6,0.0,0.0,4.616666666666666,4.625555555555555,4.6,4.7
2007-08-26,4.6,0.0,0.0,4.613333333333333,4.627777777777778,4.6,4.7
2007-08-27,4.6,0.0,0.0,4.609999999999999,4.63,4.6,4.7
2007-08-28,4.6,0.0,0.0,4.6066666666666665,4.632222222222222,4.6,4.7
2007-08-29,4.6,0.0,0.0,4.6033333333333335,4.634444444444444,4.6,4.7
2007-08-30,4.6,0.0,0.0,4.6,4.634444444444444,4.6,4.7
2007-08-31,4.6,0.0,0.0,4.6,4.634444444444444,4.6,4.6
2007-09-01,4.7,0.10000000000000053,0.021739130434782705,4.6033333333333335,4.635555555555555,4.6,4.6
2007-09-02,4.7,0.0,0.0,4.6066666666666665,4.636666666666666,4.6,4.6
2007-09-03,4.7,0.0,0.0,4.609999999999999,4.637777777777777,4.6,4.6
2007-09-04,4.7,0.0,0.0,4.613333333333332,4.638888888888889,4.6,4.6
2007-09-05,4.7,0.0,0.0,4.616666666666666,4.64,4.6,4.6
2007-09-06,4.7,0.0,0.0,4.62,4.641111111111111,4.6,4.6
2007-09-07,4.7,0.0,0.0,4.623333333333333,4.642222222222221,4.6,4.6
2007-09-08,4.7,0.0,0.0,4.626666666666666,4.6433333333333335,4.7,4.6
2007-09-09,4.7,0.0,0.0,4.629999999999999,4.644444444444445,4.7,4.6
2007-09-10,4.7,0.0,0.0,4.633333333333334,4.645555555555555,4.7,4.6
2007-09-11,4.7,0.0,0.0,4.636666666666667,4.6466666666666665,4.7,4.6
2007-09-12,4.7,0.0,0.0,4.64,4.647777777777777,4.7,4.6
2007-09-13,4.7,0.0,0.0,4.6433333333333335,4.648888888888889,4.7,4.6
2007-09-14,4.7,0.0,0.0,4.646666666666666,4.65,4.7,4.6
2007-09-15,4.7,0.0,0.0,4.65,4.651111111111111,4.7,4.6
2007-09-16,4.7,0.0,0.0,4.653333333333333,4.652222222222222,4.7,4.6
2007-09-17,4.7,0.0,0.0,4.656666666666667,4.653333333333333,4.7,4.6
2007-09-18,4.7,0.0,0.0,4.66,4.654444444444445,4.7,4.6
2007-09-19,4.7,0.0,0.0,4.663333333333332,4.655555555555556,4.7,4.6
2007-09-20,4.7,0.0,0.0,4.666666666666667,4.656666666666666,4.7,4.6
2007-09-21,4.7,0.0,0.0,4.67,4.657777777777778,4.7,4.6
2007-09-22,4.7,0.0,0.0,4.673333333333334,4.658888888888889,4.7,4.6
2007-09-23,4.7,0.0,0.0,4.676666666666667,4.66,4.7,4.6
2007-09-24,4.7,0.0,0.0,4.679999999999999,4.661111111111111,4.7,4.6
2007-09-25,4.7,0.0,0.0,4.683333333333334,4.662222222222222,4.7,4.6
2007-09-26,4.7,0.0,0.0,4.6866666666666665,4.663333333333333,4.7,4.6
2007-09-27,4.7,0.0,0.0,4.69,4.664444444444444,4.7,4.6
2007-09-28,4.7,0.0,0.0,4.693333333333333,4.665555555555556,4.7,4.6
2007-09-29,4.7,0.0,0.0,4.696666666666667,4.665555555555556,4.7,4.6
2007-09-30,4.7,0.0,0.0,4.7,4.665555555555556,4.7,4.6
2007-10-01,4.7,0.0,0.0,4.7,4.665555555555556,4.7,4.7
2007-10-02,4.7,0.0,0.0,4.7,4.665555555555556,4.7,4.7
2007-10-03,4.7,0.0,0.0,4.7,4.665555555555556,4.7,4.7
2007-10-04,4.7,0.0,0.0,4.7,4.665555555555556,4.7,4.7
2007-10-05,4.7,0.0,0.0,4.7,4.665555555555556,4.7,4.7
2007-10-06,4.7,0.0,0.0,4.7,4.665555555555556,4.7,4.7
2007-10-07,4.7,0.0,0.0,4.7,4.665555555555556,4.7,4.7
2007-10-08,4.7,0.0,0.0,4.7,4.665555555555556,4.7,4.7
2007-10-09,4.7,0.0,0.0,4.7,4.665555555555556,4.7,4.7
2007-10-10,4.7,0.0,0.0,4.7,4.665555555555556,4.7,4.7
2007-10-11,4.7,0.0,0.0,4.7,4.665555555555556,4.7,4.7
2007-10-12,4.7,0.0,0.0,4.7,4.665555555555556,4.7,4.7
2007-10-13,4.7,0.0,0.0,4.7,4.665555555555556,4.7,4.7
2007-10-14,4.7,0.0,0.0,4.7,4.665555555555556,4.7,4.7
2007-10-15,4.7,0.0,0.0,4.7,4.665555555555556,4.7,4.7
2007-10-16,4.7,0.0,0.0,4.7,4.665555555555556,4.7,4.7
2007-10-17,4.7,0.0,0.0,4.7,4.665555555555556,4.7,4.7
2007-10-18,4.7,0.0,0.0,4.7,4.665555555555556,4.7,4.7
2007-10-19,4.7,0.0,0.0,4.7,4.665555555555556,4.7,4.7
2007-10-20,4.7,0.0,0.0,4.7,4.665555555555556,4.7,4.7
2007-10-21,4.7,0.0,0.0,4.7,4.665555555555556,4.7,4.7
2007-10-22,4.7,0.0,0.0,4.7,4.665555555555556,4.7,4.7
2007-10-23,4.7,0.0,0.0,4.7,4.665555555555556,4.7,4.7
2007-10-24,4.7,0.0,0.0,4.7,4.665555555555556,4.7,4.7
2007-10-25,4.7,0.0,0.0,4.7,4.665555555555556,4.7,4.7
2007-10-26,4.7,0.0,0.0,4.7,4.665555555555556,4.7,4.7
2007-10-27,4.7,0.0,0.0,4.7,4.665555555555556,4.7,4.7
2007-10-28,4.7,0.0,0.0,4.7,4.665555555555556,4.7,4.7
2007-10-29,4.7,0.0,0.0,4.7,4.665555555555556,4.7,4.7
2007-10-30,4.7,0.0,0.0,4.7,4.666666666666667,4.7,4.7
2007-10-31,4.7,0.0,0.0,4.7,4.667777777777777,4.7,4.7
2007-11-01,4.7,0.0,0.0,4.7,4.6688888888888895,4.7,4.7
2007-11-02,4.7,0.0,0.0,4.7,4.67,4.7,4.7
2007-11-03,4.7,0.0,0.0,4.7,4.671111111111111,4.7,4.7
2007-11-04,4.7,0.0,0.0,4.7,4.6722222222222225,4.7,4.7
2007-11-05,4.7,0.0,0.0,4.7,4.673333333333333,4.7,4.7
2007-11-06,4.7,0.0,0.0,4.7,4.674444444444445,4.7,4.7
2007-11-07,4.7,0.0,0.0,4.7,4.6755555555555555,4.7,4.7
2007-11-08,4.7,0.0,0.0,4.7,4.676666666666667,4.7,4.7
2007-11-09,4.7,0.0,0.0,4.7,4.677777777777778,4.7,4.7
2007-11-10,4.7,0.0,0.0,4.7,4.678888888888888,4.7,4.7
2007-11-11,4.7,0.0,0.0,4.7,4.680000000000001,4.7,4.7
2007-11-12,4.7,0.0,0.0,4.7,4.681111111111111,4.7,4.7
2007-11-13,4.7,0.0,0.0,4.7,4.682222222222222,4.7,4.7
2007-11-14,4.7,0.0,0.0,4.7,4.683333333333334,4.7,4.7
2007-11-15,4.7,0.0,0.0,4.7,4.684444444444445,4.7,4.7
2007-11-16,4.7,0.0,0.0,4.7,4.685555555555556,4.7,4.7
2007-11-17,4.7,0.0,0.0,4.7,4.6866666666666665,4.7,4.7
2007-11-18,4.7,0.0,0.0,4.7,4.687777777777778,4.7,4.7
2007-11-19,4.7,0.0,0.0,4.7,4.688888888888889,4.7,4.7
2007-11-20,4.7,0.0,0.0,4.7,4.69,4.7,4.7
2007-11-21,4.7,0.0,0.0,4.7,4.691111111111112,4.7,4.7
2007-11-22,4.7,0.0,0.0,4.7,4.692222222222222,4.7,4.7
2007-11-23,4.7,0.0,0.0,4.7,4.693333333333333,4.7,4.7
2007-11-24,4.7,0.0,0.0,4.7,4.694444444444445,4.7,4.7
2007-11-25,4.7,0.0,0.0,4.7,4.695555555555556,4.7,4.7
2007-11-26,4.7,0.0,0.0,4.7,4.696666666666667,4.7,4.7
2007-11-27,4.7,0.0,0.0,4.7,4.697777777777778,4.7,4.7
2007-11-28,4.7,0.0,0.0,4.7,4.698888888888889,4.7,4.7
2007-11-29,4.7,0.0,0.0,4.7,4.7,4.7,4.7
2007-11-30,4.7,0.0,0.0,4.7,4.7,4.7,4.7
2007-12-01,5.0,0.2999999999999998,0.06382978723404253,4.71,4.703333333333334,4.7,4.7
2007-12-02,5.0,0.0,0.0,4.720000000000001,4.706666666666667,4.7,4.7
2007-12-03,5.0,0.0,0.0,4.73,4.71,4.7,4.7
2007-12-04,5.0,0.0,0.0,4.74,4.713333333333334,4.7,4.7
2007-12-05,5.0,0.0,0.0,4.750000000000001,4.716666666666668,4.7,4.7
2007-12-06,5.0,0.0,0.0,4.760000000000001,4.720000000000001,4.7,4.7
2007-12-07,5.0,0.0,0.0,4.7700000000000005,4.723333333333334,4.7,4.7
2007-12-08,5.0,0.0,0.0,4.78,4.7266666666666675,5.0,4.7
2007-12-09,5.0,0.0,0.0,4.790000000000001,4.73,5.0,4.7
2007-12-10,5.0,0.0,0.0,4.800000000000001,4.733333333333334,5.0,4.7
2007-12-11,5.0,0.0,0.0,4.8100000000000005,4.736666666666667,5.0,4.7
2007-12-12,5.0,0.0,0.0,4.820000000000001,4.74,5.0,4.7
2007-12-13,5.0,0.0,0.0,4.83,4.743333333333334,5.0,4.7
2007-12-14,5.0,0.0,0.0,4.840000000000001,4.746666666666667,5.0,4.7
2007-12-15,5.0,0.0,0.0,4.85,4.750000000000001,5.0,4.7
2007-12-16,5.0,0.0,0.0,4.86,4.753333333333334,5.0,4.7
2007-12-17,5.0,0.0,0.0,4.870000000000001,4.756666666666667,5.0,4.7
2007-12-18,5.0,0.0,0.0,4.88,4.760000000000001,5.0,4.7
2007-12-19,5.0,0.0,0.0,4.890000000000001,4.763333333333334,5.0,4.7
2007-12-20,5.0,0.0,0.0,4.9,4.7666666666666675,5.0,4.7
2007-12-21,5.0,0.0,0.0,4.91,4.7700000000000005,5.0,4.7
2007-12-22,5.0,0.0,0.0,4.920000000000001,4.773333333333333,5.0,4.7
2007-12-23,5.0,0.0,0.0,4.930000000000001,4.776666666666667,5.0,4.7
2007-12-24,5.0,0.0,0.0,4.94,4.78,5.0,4.7
2007-12-25,5.0,0.0,0.0,4.95,4.783333333333334,5.0,4.7
2007-12-26,5.0,0.0,0.0,4.96,4.786666666666667,5.0,4.7
2007-12-27,5.0,0.0,0.0,4.970000000000001,4.79,5.0,4.7
2007-12-28,5.0,0.0,0.0,4.98,4.793333333333334,5.0,4.7
2007-12-29,5.0,0.0,0.0,4.99,4.796666666666667,5.0,4.7
2007-12-30,5.0,0.0,0.0,5.0,4.800000000000001,5.0,4.7
2007-12-31,5.0,0.0,0.0,5.0,4.803333333333334,5.0,5.0
2008-01-01,5.0,0.0,0.0,5.0,4.806666666666667,5.0,5.0
2008-01-02,5.0,0.0,0.0,5.0,4.8100000000000005,5.0,5.0
2008-01-03,5.0,0.0,0.0,5.0,4.8133333333333335,5.0,5.0
2008-01-04,5.0,0.0,0.0,5.0,4.816666666666667,5.0,5.0
2008-01-05,5.0,0.0,0.0,5.0,4.82,5.0,5.0
2008-01-06,5.0,0.0,0.0,5.0,4.823333333333333,5.0,5.0
2008-01-07,5.0,0.0,0.0,5.0,4.826666666666667,5.0,5.0
2008-01-08,5.0,0.0,0.0,5.0,4.83,5.0,5.0
2008-01-09,5.0,0.0,0.0,5.0,4.833333333333334,5.0,5.0
2008-01-10,5.0,0.0,0.0,5.0,4.836666666666667,5.0,5.0
2008-01-11,5.0,0.0,0.0,5.0,4.84,5.0,5.0
2008-01-12,5.0,0.0,0.0,5.0,4.843333333333334,5.0,5.0
2008-01-13,5.0,0.0,0.0,5.0,4.846666666666668,5.0,5.0
2008-01-14,5.0,0.0,0.0,5.0,4.8500000000000005,5.0,5.0
2008-01-15,5.0,0.0,0.0,5.0,4.8533333333333335,5.0,5.0
2008-01-16,5.0,0.0,0.0,5.0,4.856666666666667,5.0,5.0
2008-01-17,5.0,0.0,0.0,5.0,4.86,5.0,5.0
2008-01-18,5.0,0.0,0.0,5.0,4.863333333333334,5.0,5.0
2008-01-19,5.0,0.0,0.0,5.0,4.866666666666667,5.0,5.0
2008-01-20,5.0,0.0,0.0,5.0,4.87,5.0,5.0
2008-01-21,5.0,0.0,0.0,5.0,4.873333333333334,5.0,5.0
2008-01-22,5.0,0.0,0.0,5.0,4.876666666666667,5.0,5.0
2008-01-23,5.0,0.0,0.0,5.0,4.880000000000001,5.0,5.0
2008-01-24,5.0,0.0,0.0,5.0,4.883333333333334,5.0,5.0
2008-01-25,5.0,0.0,0.0,5.0,4.886666666666667,5.0,5.0
2008-01-26,5.0,0.0,0.0,5.0,4.890000000000001,5.0,5.0
2008-01-27,5.0,0.0,0.0,5.0,4.8933333333333335,5.0,5.0
2008-01-28,5.0,0.0,0.0,5.0,4.896666666666667,5.0,5.0
2008-01-29,5.0,0.0,0.0,5.0,4.9,5.0,5.0
2008-01-30,5.0,0.0,0.0,5.0,4.903333333333333,5.0,5.0
2008-01-31,5.0,0.0,0.0,5.0,4.906666666666667,5.0,5.0
2008-02-01,4.9,-0.09999999999999964,-0.019999999999999907,4.996666666666666,4.908888888888889,5.0,5.0
2008-02-02,4.9,0.0,0.0,4.993333333333333,4.911111111111111,5.0,5.0
2008-02-03,4.9,0.0,0.0,4.989999999999999,4.913333333333334,5.0,5.0
2008-02-04,4.9,0.0,0.0,4.986666666666666,4.915555555555556,5.0,5.0
2008-02-05,4.9,0.0,0.0,4.983333333333333,4.917777777777778,5.0,5.0
2008-02-06,4.9,0.0,0.0,4.9799999999999995,4.92,5.0,5.0
2008-02-07,4.9,0.0,0.0,4.976666666666666,4.9222222222222225,5.0,5.0
2008-02-08,4.9,0.0,0.0,4.973333333333333,4.924444444444445,4.9,5.0
2008-02-09,4.9,0.0,0.0,4.97,4.926666666666667,4.9,5.0
2008-02-10,4.9,0.0,0.0,4.966666666666667,4.928888888888889,4.9,5.0
2008-02-11,4.9,0.0,0.0,4.963333333333334,4.931111111111111,4.9,5.0
2008-02-12,4.9,0.0,0.0,4.959999999999999,4.933333333333334,4.9,5.0
2008-02-13,4.9,0.0,0.0,4.956666666666666,4.935555555555555,4.9,5.0
2008-02-14,4.9,0.0,0.0,4.953333333333333,4.937777777777778,4.9,5.0
2008-02-15,4.9,0.0,0.0,4.95,4.94,4.9,5.0
2008-02-16,4.9,0.0,0.0,4.946666666666667,4.942222222222222,4.9,5.0
2008-02-17,4.9,0.0,0.0,4.9433333333333325,4.944444444444445,4.9,5.0
2008-02-18,4.9,0.0,0.0,4.9399999999999995,4.946666666666666,4.9,5.0
2008-02-19,4.9,0.0,0.0,4.9366666666666665,4.948888888888889,4.9,5.0
2008-02-20,4.9,0.0,0.0,4.933333333333334,4.9511111111111115,4.9,5.0
2008-02-21,4.9,0.0,0.0,4.930000000000001,4.953333333333333,4.9,5.0
2008-02-22,4.9,0.0,0.0,4.926666666666666,4.955555555555556,4.9,5.0
2008-02-23,4.9,0.0,0.0,4.923333333333333,4.957777777777777,4.9,5.0
2008-02-24,4.9,0.0,0.0,4.92,4.96,4.9,5.0
2008-02-25,4.9,0.0,0.0,4.916666666666667,4.9622222222222225,4.9,5.0
2008-02-26,4.9,0.0,0.0,4.913333333333333,4.964444444444444,4.9,5.0
2008-02-27,4.9,0.0,0.0,4.91,4.966666666666668,4.9,5.0
2008-02-28,4.9,0.0,0.0,4.906666666666666,4.9688888888888885,4.9,5.0
2008-02-29,4.9,0.0,0.0,4.903333333333333,4.967777777777777,4.9,5.0
2008-03-01,5.1,0.1999999999999993,0.04081632653061207,4.906666666666666,4.9688888888888885,4.9,5.0
2008-03-02,5.1,0.0,0.0,4.913333333333335,4.97,4.9,4.9
2008-03-03,5.1,0.0,0.0,4.920000000000001,4.971111111111111,4.9,4.9
2008-03-04,5.1,0.0,0.0,4.926666666666667,4.972222222222222,4.9,4.9
2008-03-05,5.1,0.0,0.0,4.933333333333334,4.973333333333333,4.9,4.9
2008-03-06,5.1,0.0,0.0,4.9399999999999995,4.974444444444444,4.9,4.9
2008-03-07,5.1,0.0,0.0,4.946666666666667,4.975555555555555,4.9,4.9
2008-03-08,5.1,0.0,0.0,4.953333333333334,4.976666666666667,5.1,4.9
2008-03-09,5.1,0.0,0.0,4.96,4.977777777777778,5.1,4.9
2008-03-10,5.1,0.0,0.0,4.966666666666667,4.978888888888888,5.1,4.9
2008-03-11,5.1,0.0,0.0,4.973333333333333,4.9799999999999995,5.1,4.9
2008-03-12,5.1,0.0,0.0,4.9799999999999995,4.981111111111111,5.1,4.9
2008-03-13,5.1,0.0,0.0,4.986666666666667,4.982222222222222,5.1,4.9
2008-03-14,5.1,0.0,0.0,4.993333333333334,4.983333333333333,5.1,4.9
2008-03-15,5.1,0.0,0.0,5.0,4.984444444444444,5.1,4.9
2008-03-16,5.1,0.0,0.0,5.006666666666666,4.985555555555555,5.1,4.9
2008-03-17,5.1,0.0,0.0,5.013333333333333,4.986666666666666,5.1,4.9
2008-03-18,5.1,0.0,0.0,5.0200000000000005,4.987777777777778,5.1,4.9
2008-03-19,5.1,0.0,0.0,5.026666666666667,4.988888888888889,5.1,4.9
2008-03-20,5.1,0.0,0.0,5.033333333333333,4.989999999999999,5.1,4.9
2008-03-21,5.1,0.0,0.0,5.04,4.991111111111111,5.1,4.9
2008-03-22,5.1,0.0,0.0,5.046666666666666,4.992222222222222,5.1,4.9
2008-03-23,5.1,0.0,0.0,5.053333333333333,4.993333333333333,5.1,4.9
2008-03-24,5.1,0.0,0.0,5.0600000000000005,4.9944444444444445,5.1,4.9
2008-03-25,5.1,0.0,0.0,5.066666666666666,4.995555555555555,5.1,4.9
2008-03-26,5.1,0.0,0.0,5.073333333333333,4.996666666666666,5.1,4.9
2008-03-27,5.1,0.0,0.0,5.079999999999999,4.997777777777777,5.1,4.9
2008-03-28,5.1,0.0,0.0,5.086666666666665,4.998888888888889,5.1,4.9
2008-03-29,5.1,0.0,0.0,5.093333333333334,5.0,5.1,4.9
2008-03-30,5.1,0.0,0.0,5.1,5.00111111111111,5.1,4.9
2008-03-31,5.1,0.0,0.0,5.1,5.002222222222222,5.1,5.1
2008-04-01,5.0,-0.09999999999999964,-0.019607843137254832,5.096666666666666,5.002222222222222,5.1,5.1
2008-04-02,5.0,0.0,0.0,5.093333333333333,5.002222222222222,5.1,5.1
2008-04-03,5.0,0.0,0.0,5.09,5.002222222222222,5.1,5.1
2008-04-04,5.0,0.0,0.0,5.086666666666667,5.002222222222222,5.1,5.1
2008-04-05,5.0,0.0,0.0,5.083333333333333,5.002222222222222,5.1,5.1
2008-04-06,5.0,0.0,0.0,5.08,5.002222222222222,5.1,5.1
2008-04-07,5.0,0.0,0.0,5.076666666666666,5.002222222222222,5.1,5.1
2008-04-08,5.0,0.0,0.0,5.073333333333333,5.002222222222222,5.0,5.1
2008-04-09,5.0,0.0,0.0,5.069999999999999,5.002222222222222,5.0,5.1
2008-04-10,5.0,0.0,0.0,5.066666666666666,5.002222222222222,5.0,5.1
2008-04-11,5.0,0.0,0.0,5.0633333333333335,5.002222222222222,5.0,5.1
2008-04-12,5.0,0.0,0.0,5.06,5.002222222222222,5.0,5.1
2008-04-13,5.0,0.0,0.0,5.056666666666667,5.002222222222222,5.0,5.1
2008-04-14,5.0,0.0,0.0,5.053333333333333,5.002222222222222,5.0,5.1
2008-04-15,5.0,0.0,0.0,5.05,5.002222222222222,5.0,5.1
2008-04-16,5.0,0.0,0.0,5.046666666666667,5.002222222222222,5.0,5.1
2008-04-17,5.0,0.0,0.0,5.043333333333333,5.002222222222222,5.0,5.1
2008-04-18,5.0,0.0,0.0,5.04,5.002222222222222,5.0,5.1
2008-04-19,5.0,0.0,0.0,5.036666666666666,5.002222222222222,5.0,5.1
2008-04-20,5.0,0.0,0.0,5.033333333333333,5.002222222222222,5.0,5.1
2008-04-21,5.0,0.0,0.0,5.03,5.002222222222222,5.0,5.1
2008-04-22,5.0,0.0,0.0,5.026666666666667,5.002222222222222,5.0,5.1
2008-04-23,5.0,0.0,0.0,5.0233333333333325,5.002222222222222,5.0,5.1
2008-04-24,5.0,0.0,0.0,5.02,5.002222222222222,5.0,5.1
2008-04-25,5.0,0.0,0.0,5.016666666666667,5.002222222222222,5.0,5.1
2008-04-26,5.0,0.0,0.0,5.013333333333334,5.002222222222222,5.0,5.1
2008-04-27,5.0,0.0,0.0,5.010000000000001,5.002222222222222,5.0,5.1
2008-04-28,5.0,0.0,0.0,5.006666666666666,5.002222222222222,5.0,5.1
2008-04-29,5.0,0.0,0.0,5.003333333333333,5.002222222222222,5.0,5.1
2008-04-30,5.0,0.0,0.0,5.0,5.002222222222222,5.0,5.1
2008-05-01,5.4,0.40000000000000036,0.08000000000000007,5.013333333333334,5.007777777777777,5.0,5.0
2008-05-02,5.4,0.0,0.0,5.026666666666667,5.013333333333334,5.0,5.0
2008-05-03,5.4,0.0,0.0,5.04,5.018888888888889,5.0,5.0
2008-05-04,5.4,0.0,0.0,5.053333333333333,5.024444444444445,5.0,5.0
2008-05-05,5.4,0.0,0.0,5.066666666666666,5.03,5.0,5.0
2008-05-06,5.4,0.0,0.0,5.08,5.035555555555556,5.0,5.0
2008-05-07,5.4,0.0,0.0,5.093333333333334,5.041111111111111,5.0,5.0
2008-05-08,5.4,0.0,0.0,5.1066666666666665,5.046666666666667,5.4,5.0
2008-05-09,5.4,0.0,0.0,5.12,5.052222222222222,5.4,5.0
2008-05-10,5.4,0.0,0.0,5.133333333333334,5.057777777777778,5.4,5.0
2008-05-11,5.4,0.0,0.0,5.1466666666666665,5.0633333333333335,5.4,5.0
2008-05-12,5.4,0.0,0.0,5.16,5.068888888888889,5.4,5.0
2008-05-13,5.4,0.0,0.0,5.173333333333334,5.0744444444444445,5.4,5.0
2008-05-14,5.4,0.0,0.0,5.1866666666666665,5.08,5.4,5.0
2008-05-15,5.4,0.0,0.0,5.2,5.085555555555556,5.4,5.0
2008-05-16,5.4,0.0,0.0,5.213333333333334,5.091111111111111,5.4,5.0
2008-05-17,5.4,0.0,0.0,5.2266666666666675,5.096666666666668,5.4,5.0
2008-05-18,5.4,0.0,0.0,5.24,5.102222222222222,5.4,5.0
2008-05-19,5.4,0.0,0.0,5.253333333333333,5.107777777777778,5.4,5.0
2008-05-20,5.4,0.0,0.0,5.266666666666667,5.113333333333333,5.4,5.0
2008-05-21,5.4,0.0,0.0,5.28,5.118888888888889,5.4,5.0
2008-05-22,5.4,0.0,0.0,5.293333333333334,5.124444444444445,5.4,5.0
2008-05-23,5.4,0.0,0.0,5.3066666666666675,5.13,5.4,5.0
2008-05-24,5.4,0.0,0.0,5.319999999999999,5.135555555555555,5.4,5.0
2008-05-25,5.4,0.0,0.0,5.333333333333333,5.141111111111111,5.4,5.0
2008-05-26,5.4,0.0,0.0,5.346666666666667,5.1466666666666665,5.4,5.0
2008-05-27,5.4,0.0,0.0,5.36,5.152222222222222,5.4,5.0
2008-05-28,5.4,0.0,0.0,5.373333333333334,5.157777777777778,5.4,5.0
2008-05-29,5.4,0.0,0.0,5.386666666666668,5.163333333333334,5.4,5.0
2008-05-30,5.4,0.0,0.0,5.4,5.166666666666667,5.4,5.0
2008-05-31,5.4,0.0,0.0,5.4,5.17,5.4,5.4
2008-06-01,5.6,0.1999999999999993,0.03703703703703698,5.406666666666666,5.1755555555555555,5.4,5.4
2008-06-02,5.6,0.0,0.0,5.413333333333335,5.181111111111111,5.4,5.4
2008-06-03,5.6,0.0,0.0,5.420000000000001,5.1866666666666665,5.4,5.4
2008-06-04,5.6,0.0,0.0,5.426666666666667,5.192222222222222,5.4,5.4
2008-06-05,5.6,0.0,0.0,5.433333333333334,5.197777777777778,5.4,5.4
2008-06-06,5.6,0.0,0.0,5.4399999999999995,5.203333333333333,5.4,5.4
2008-06-07,5.6,0.0,0.0,5.446666666666667,5.208888888888889,5.4,5.4
2008-06-08,5.6,0.0,0.0,5.453333333333334,5.214444444444444,5.6,5.4
2008-06-09,5.6,0.0,0.0,5.46,5.22,5.6,5.4
2008-06-10,5.6,0.0,0.0,5.466666666666667,5.225555555555555,5.6,5.4
2008-06-11,5.6,0.0,0.0,5.473333333333333,5.231111111111111,5.6,5.4
2008-06-12,5.6,0.0,0.0,5.4799999999999995,5.236666666666666,5.6,5.4
2008-06-13,5.6,0.0,0.0,5.486666666666667,5.242222222222223,5.6,5.4
2008-06-14,5.6,0.0,0.0,5.493333333333334,5.247777777777778,5.6,5.4
2008-06-15,5.6,0.0,0.0,5.5,5.253333333333334,5.6,5.4
2008-06-16,5.6,0.0,0.0,5.506666666666666,5.258888888888889,5.6,5.4
2008-06-17,5.6,0.0,0.0,5.513333333333333,5.264444444444444,5.6,5.4
2008-06-18,5.6,0.0,0.0,5.5200000000000005,5.2700000000000005,5.6,5.4
2008-06-19,5.6,0.0,0.0,5.526666666666667,5.275555555555556,5.6,5.4
2008-06-20,5.6,0.0,0.0,5.533333333333333,5.2811111111111115,5.6,5.4
2008-06-21,5.6,0.0,0.0,5.54,5.286666666666667,5.6,5.4
2008-06-22,5.6,0.0,0.0,5.546666666666666,5.292222222222222,5.6,5.4
2008-06-23,5.6,0.0,0.0,5.553333333333333,5.297777777777778,5.6,5.4
2008-06-24,5.6,0.0,0.0,5.5600000000000005,5.303333333333334,5.6,5.4
2008-06-25,5.6,0.0,0.0,5.566666666666666,5.308888888888889,5.6,5.4
2008-06-26,5.6,0.0,0.0,5.573333333333333,5.314444444444445,5.6,5.4
2008-06-27,5.6,0.0,0.0,5.579999999999999,5.319999999999999,5.6,5.4
2008-06-28,5.6,0.0,0.0,5.586666666666665,5.325555555555556,5.6,5.4
2008-06-29,5.6,0.0,0.0,5.593333333333334,5.331111111111111,5.6,5.4
2008-06-30,5.6,0.0,0.0,5.6,5.337777777777777,5.6,5.4
2008-07-01,5.8,0.20000000000000018,0.03571428571428581,5.6066666666666665,5.346666666666667,5.6,5.6
2008-07-02,5.8,0.0,0.0,5.613333333333332,5.355555555555555,5.6,5.6
2008-07-03,5.8,0.0,0.0,5.62,5.364444444444445,5.6,5.6
2008-07-04,5.8,0.0,0.0,5.626666666666666,5.373333333333333,5.6,5.6
2008-07-05,5.8,0.0,0.0,5.633333333333334,5.382222222222222,5.6,5.6
2008-07-06,5.8,0.0,0.0,5.64,5.391111111111111,5.6,5.6
2008-07-07,5.8,0.0,0.0,5.6466666666666665,5.4,5.6,5.6
2008-07-08,5.8,0.0,0.0,5.653333333333333,5.408888888888889,5.8,5.6
2008-07-09,5.8,0.0,0.0,5.659999999999999,5.417777777777777,5.8,5.6
2008-07-10,5.8,0.0,0.0,5.666666666666667,5.426666666666667,5.8,5.6
2008-07-11,5.8,0.0,0.0,5.673333333333333,5.435555555555555,5.8,5.6
2008-07-12,5.8,0.0,0.0,5.680000000000001,5.444444444444445,5.8,5.6
2008-07-13,5.8,0.0,0.0,5.686666666666666,5.453333333333333,5.8,5.6
2008-07-14,5.8,0.0,0.0,5.6933333333333325,5.462222222222222,5.8,5.6
2008-07-15,5.8,0.0,0.0,5.7,5.471111111111111,5.8,5.6
2008-07-16,5.8,0.0,0.0,5.706666666666666,5.4799999999999995,5.8,5.6
2008-07-17,5.8,0.0,0.0,5.713333333333334,5.488888888888889,5.8,5.6
2008-07-18,5.8,0.0,0.0,5.719999999999999,5.497777777777777,5.8,5.6
2008-07-19,5.8,0.0,0.0,5.726666666666666,5.506666666666666,5.8,5.6
2008-07-20,5.8,0.0,0.0,5.733333333333333,5.515555555555555,5.8,5.6
2008-07-21,5.8,0.0,0.0,5.739999999999999,5.524444444444445,5.8,5.6
2008-07-22,5.8,0.0,0.0,5.746666666666667,5.533333333333333,5.8,5.6
2008-07-23,5.8,0.0,0.0,5.753333333333333,5.542222222222222,5.8,5.6
2008-07-24,5.8,0.0,0.0,5.76,5.551111111111111,5.8,5.6
2008-07-25,5.8,0.0,0.0,5.766666666666667,5.56,5.8,5.6
2008-07-26,5.8,0.0,0.0,5.7733333333333325,5.568888888888889,5.8,5.6
2008-07-27,5.8,0.0,0.0,5.78,5.5777777777777775,5.8,5.6
2008-07-28,5.8,0.0,0.0,5.786666666666666,5.586666666666666,5.8,5.6
2008-07-29,5.8,0.0,0.0,5.793333333333333,5.595555555555555,5.8,5.6
2008-07-30,5.8,0.0,0.0,5.8,5.6,5.8,5.6
2008-07-31,5.8,0.0,0.0,5.8,5.604444444444444,5.8,5.8
2008-08-01,6.1,0.2999999999999998,0.051724137931034475,5.81,5.612222222222222,5.8,5.8
2008-08-02,6.1,0.0,0.0,5.819999999999999,5.62,5.8,5.8
2008-08-03,6.1,0.0,0.0,5.83,5.627777777777778,5.8,5.8
2008-08-04,6.1,0.0,0.0,5.84,5.635555555555555,5.8,5.8
2008-08-05,6.1,0.0,0.0,5.85,5.643333333333333,5.8,5.8
2008-08-06,6.1,0.0,0.0,5.859999999999999,5.651111111111111,5.8,5.8
2008-08-07,6.1,0.0,0.0,5.869999999999999,5.658888888888889,5.8,5.8
2008-08-08,6.1,0.0,0.0,5.88,5.666666666666667,6.1,5.8
2008-08-09,6.1,0.0,0.0,5.89,5.674444444444444,6.1,5.8
2008-08-10,6.1,0.0,0.0,5.9,5.682222222222222,6.1,5.8
2008-08-11,6.1,0.0,0.0,5.909999999999999,5.69,6.1,5.8
2008-08-12,6.1,0.0,0.0,5.92,5.697777777777778,6.1,5.8
2008-08-13,6.1,0.0,0.0,5.930000000000001,5.705555555555556,6.1,5.8
2008-08-14,6.1,0.0,0.0,5.9399999999999995,5.713333333333334,6.1,5.8
2008-08-15,6.1,0.0,0.0,5.95,5.721111111111111,6.1,5.8
2008-08-16,6.1,0.0,0.0,5.959999999999999,5.728888888888889,6.1,5.8
2008-08-17,6.1,0.0,0.0,5.97,5.736666666666666,6.1,5.8
2008-08-18,6.1,0.0,0.0,5.98,5.7444444444444445,6.1,5.8
2008-08-19,6.1,0.0,0.0,5.989999999999999,5.752222222222223,6.1,5.8
2008-08-20,6.1,0.0,0.0,6.0,5.76,6.1,5.8
2008-08-21,6.1,0.0,0.0,6.01,5.767777777777777,6.1,5.8
2008-08-22,6.1,0.0,0.0,6.02,5.775555555555555,6.1,5.8
2008-08-23,6.1,0.0,0.0,6.029999999999999,5.783333333333333,6.1,5.8
2008-08-24,6.1,0.0,0.0,6.04,5.791111111111111,6.1,5.8
2008-08-25,6.1,0.0,0.0,6.05,5.7988888888888885,6.1,5.8
2008-08-26,6.1,0.0,0.0,6.06,5.806666666666666,6.1,5.8
2008-08-27,6.1,0.0,0.0,6.069999999999999,5.814444444444444,6.1,5.8
2008-08-28,6.1,0.0,0.0,6.079999999999999,5.822222222222222,6.1,5.8
2008-08-29,6.1,0.0,0.0,6.09,5.83,6.1,5.8
2008-08-30,6.1,0.0,0.0,6.1,5.835555555555555,6.1,5.8
2008-08-31,6.1,0.0,0.0,6.1,5.84111111111111,6.1,6.1
2008-09-01,6.1,0.0,0.0,6.1,5.846666666666666,6.1,6.1
2008-09-02,6.1,0.0,0.0,6.1,5.852222222222223,6.1,6.1
2008-09-03,6.1,0.0,0.0,6.1,5.857777777777779,6.1,6.1
2008-09-04,6.1,0.0,0.0,6.1,5.863333333333332,6.1,6.1
2008-09-05,6.1,0.0,0.0,6.1,5.868888888888888,6.1,6.1
2008-09-06,6.1,0.0,0.0,6.1,5.8744444444444435,6.1,6.1
2008-09-07,6.1,0.0,0.0,6.1,5.880000000000001,6.1,6.1
2008-09-08,6.1,0.0,0.0,6.1,5.885555555555556,6.1,6.1
2008-09-09,6.1,0.0,0.0,6.1,5.89111111111111,6.1,6.1
2008-09-10,6.1,0.0,0.0,6.1,5.896666666666666,6.1,6.1
2008-09-11,6.1,0.0,0.0,6.1,5.902222222222221,6.1,6.1
2008-09-12,6.1,0.0,0.0,6.1,5.9077777777777785,6.1,6.1
2008-09-13,6.1,0.0,0.0,6.1,5.913333333333332,6.1,6.1
2008-09-14,6.1,0.0,0.0,6.1,5.918888888888888,6.1,6.1
2008-09-15,6.1,0.0,0.0,6.1,5.924444444444443,6.1,6.1
2008-09-16,6.1,0.0,0.0,6.1,5.929999999999999,6.1,6.1
2008-09-17,6.1,0.0,0.0,6.1,5.935555555555556,6.1,6.1
2008-09-18,6.1,0.0,0.0,6.1,5.941111111111111,6.1,6.1
2008-09-19,6.1,0.0,0.0,6.1,5.946666666666666,6.1,6.1
2008-09-20,6.1,0.0,0.0,6.1,5.952222222222222,6.1,6.1
2008-09-21,6.1,0.0,0.0,6.1,5.957777777777778,6.1,6.1
2008-09-22,6.1,0.0,0.0,6.1,5.963333333333334,6.1,6.1
2008-09-23,6.1,0.0,0.0,6.1,5.9688888888888885,6.1,6.1
2008-09-24,6.1,0.0,0.0,6.1,5.974444444444444,6.1,6.1
2008-09-25,6.1,0.0,0.0,6.1,5.9799999999999995,6.1,6.1
2008-09-26,6.1,0.0,0.0,6.1,5.985555555555556,6.1,6.1
2008-09-27,6.1,0.0,0.0,6.1,5.9911111111111115,6.1,6.1
2008-09-28,6.1,0.0,0.0,6.1,5.996666666666666,6.1,6.1
2008-09-29,6.1,0.0,0.0,6.1,6.0,6.1,6.1
2008-09-30,6.1,0.0,0.0,6.1,6.003333333333333,6.1,6.1
2008-10-01,6.5,0.40000000000000036,0.06557377049180335,6.113333333333333,6.011111111111111,6.1,6.1
2008-10-02,6.5,0.0,0.0,6.126666666666667,6.018888888888888,6.1,6.1
2008-10-03,6.5,0.0,0.0,6.14,6.026666666666666,6.1,6.1
2008-10-04,6.5,0.0,0.0,6.153333333333333,6.0344444444444445,6.1,6.1
2008-10-05,6.5,0.0,0.0,6.166666666666667,6.042222222222222,6.1,6.1
2008-10-06,6.5,0.0,0.0,6.180000000000001,6.05,6.1,6.1
2008-10-07,6.5,0.0,0.0,6.193333333333333,6.057777777777777,6.1,6.1
2008-10-08,6.5,0.0,0.0,6.206666666666666,6.065555555555555,6.5,6.1
2008-10-09,6.5,0.0,0.0,6.22,6.073333333333333,6.5,6.1
2008-10-10,6.5,0.0,0.0,6.233333333333333,6.0811111111111105,6.5,6.1
2008-10-11,6.5,0.0,0.0,6.246666666666667,6.088888888888889,6.5,6.1
2008-10-12,6.5,0.0,0.0,6.260000000000001,6.096666666666666,6.5,6.1
2008-10-13,6.5,0.0,0.0,6.273333333333334,6.104444444444444,6.5,6.1
2008-10-14,6.5,0.0,0.0,6.286666666666666,6.112222222222223,6.5,6.1
2008-10-15,6.5,0.0,0.0,6.3,6.119999999999999,6.5,6.1
2008-10-16,6.5,0.0,0.0,6.3133333333333335,6.127777777777778,6.5,6.1
2008-10-17,6.5,0.0,0.0,6.326666666666667,6.1355555555555545,6.5,6.1
2008-10-18,6.5,0.0,0.0,6.340000000000001,6.143333333333333,6.5,6.1
2008-10-19,6.5,0.0,0.0,6.3533333333333335,6.151111111111112,6.5,6.1
2008-10-20,6.5,0.0,0.0,6.366666666666666,6.158888888888888,6.5,6.1
2008-10-21,6.5,0.0,0.0,6.38,6.166666666666667,6.5,6.1
2008-10-22,6.5,0.0,0.0,6.3933333333333335,6.174444444444443,6.5,6.1
2008-10-23,6.5,0.0,0.0,6.406666666666667,6.182222222222222,6.5,6.1
2008-10-24,6.5,0.0,0.0,6.420000000000001,6.19,6.5,6.1
2008-10-25,6.5,0.0,0.0,6.433333333333334,6.197777777777778,6.5,6.1
2008-10-26,6.5,0.0,0.0,6.446666666666667,6.205555555555556,6.5,6.1
2008-10-27,6.5,0.0,0.0,6.46,6.213333333333333,6.5,6.1
2008-10-28,6.5,0.0,0.0,6.473333333333334,6.221111111111111,6.5,6.1
2008-10-29,6.5,0.0,0.0,6.486666666666667,6.228888888888889,6.5,6.1
2008-10-30,6.5,0.0,0.0,6.5,6.233333333333333,6.5,6.1
2008-10-31,6.5,0.0,0.0,6.5,6.237777777777778,6.5,6.5
2008-11-01,6.8,0.2999999999999998,0.04615384615384621,6.51,6.245555555555555,6.5,6.5
2008-11-02,6.8,0.0,0.0,6.52,6.253333333333333,6.5,6.5
2008-11-03,6.8,0.0,0.0,6.529999999999999,6.261111111111111,6.5,6.5
2008-11-04,6.8,0.0,0.0,6.54,6.268888888888889,6.5,6.5
2008-11-05,6.8,0.0,0.0,6.55,6.276666666666666,6.5,6.5
2008-11-06,6.8,0.0,0.0,6.56,6.284444444444444,6.5,6.5
2008-11-07,6.8,0.0,0.0,6.569999999999999,6.292222222222222,6.5,6.5
2008-11-08,6.8,0.0,0.0,6.579999999999999,6.3,6.8,6.5
2008-11-09,6.8,0.0,0.0,6.59,6.307777777777778,6.8,6.5
2008-11-10,6.8,0.0,0.0,6.6,6.315555555555555,6.8,6.5
2008-11-11,6.8,0.0,0.0,6.609999999999999,6.323333333333332,6.8,6.5
2008-11-12,6.8,0.0,0.0,6.62,6.3311111111111105,6.8,6.5
2008-11-13,6.8,0.0,0.0,6.629999999999999,6.338888888888889,6.8,6.5
2008-11-14,6.8,0.0,0.0,6.64,6.346666666666668,6.8,6.5
2008-11-15,6.8,0.0,0.0,6.65,6.354444444444444,6.8,6.5
2008-11-16,6.8,0.0,0.0,6.659999999999999,6.362222222222221,6.8,6.5
2008-11-17,6.8,0.0,0.0,6.67,6.369999999999999,6.8,6.5
2008-11-18,6.8,0.0,0.0,6.679999999999999,6.377777777777778,6.8,6.5
2008-11-19,6.8,0.0,0.0,6.6899999999999995,6.385555555555556,6.8,6.5
2008-11-20,6.8,0.0,0.0,6.7,6.393333333333333,6.8,6.5
2008-11-21,6.8,0.0,0.0,6.709999999999999,6.40111111111111,6.8,6.5
2008-11-22,6.8,0.0,0.0,6.72,6.408888888888888,6.8,6.5
2008-11-23,6.8,0.0,0.0,6.7299999999999995,6.416666666666667,6.8,6.5
2008-11-24,6.8,0.0,0.0,6.739999999999999,6.424444444444445,6.8,6.5
2008-11-25,6.8,0.0,0.0,6.749999999999999,6.432222222222222,6.8,6.5
2008-11-26,6.8,0.0,0.0,6.76,6.439999999999999,6.8,6.5
2008-11-27,6.8,0.0,0.0,6.77,6.447777777777778,6.8,6.5
2008-11-28,6.8,0.0,0.0,6.779999999999999,6.455555555555556,6.8,6.5
2008-11-29,6.8,0.0,0.0,6.79,6.463333333333334,6.8,6.5
2008-11-30,6.8,0.0,0.0,6.8,6.471111111111111,6.8,6.5
2008-12-01,7.3,0.5,0.07352941176470584,6.816666666666666,6.484444444444444,6.8,6.8
2008-12-02,7.3,0.0,0.0,6.833333333333333,6.497777777777777,6.8,6.8
2008-12-03,7.3,0.0,0.0,6.85,6.511111111111111,6.8,6.8
2008-12-04,7.3,0.0,0.0,6.866666666666666,6.524444444444445,6.8,6.8
2008-12-05,7.3,0.0,0.0,6.883333333333332,6.5377777777777775,6.8,6.8
2008-12-06,7.3,0.0,0.0,6.9,6.55111111111111,6.8,6.8
2008-12-07,7.3,0.0,0.0,6.916666666666667,6.564444444444446,6.8,6.8
2008-12-08,7.3,0.0,0.0,6.933333333333334,6.5777777777777775,7.3,6.8
2008-12-09,7.3,0.0,0.0,6.95,6.591111111111112,7.3,6.8
2008-12-10,7.3,0.0,0.0,6.966666666666666,6.604444444444444,7.3,6.8
2008-12-11,7.3,0.0,0.0,6.983333333333333,6.617777777777777,7.3,6.8
2008-12-12,7.3,0.0,0.0,7.0,6.631111111111112,7.3,6.8
2008-12-13,7.3,0.0,0.0,7.016666666666667,6.644444444444445,7.3,6.8
2008-12-14,7.3,0.0,0.0,7.033333333333333,6.6577777777777785,7.3,6.8
2008-12-15,7.3,0.0,0.0,7.049999999999999,6.671111111111111,7.3,6.8
2008-12-16,7.3,0.0,0.0,7.066666666666666,6.684444444444443,7.3,6.8
2008-12-17,7.3,0.0,0.0,7.083333333333333,6.6977777777777785,7.3,6.8
2008-12-18,7.3,0.0,0.0,7.1,6.711111111111111,7.3,6.8
2008-12-19,7.3,0.0,0.0,7.116666666666666,6.724444444444445,7.3,6.8
2008-12-20,7.3,0.0,0.0,7.133333333333332,6.737777777777778,7.3,6.8
2008-12-21,7.3,0.0,0.0,7.15,6.75111111111111,7.3,6.8
2008-12-22,7.3,0.0,0.0,7.166666666666667,6.764444444444445,7.3,6.8
2008-12-23,7.3,0.0,0.0,7.183333333333334,6.777777777777778,7.3,6.8
2008-12-24,7.3,0.0,0.0,7.2,6.791111111111111,7.3,6.8
2008-12-25,7.3,0.0,0.0,7.216666666666667,6.804444444444444,7.3,6.8
2008-12-26,7.3,0.0,0.0,7.233333333333333,6.817777777777777,7.3,6.8
2008-12-27,7.3,0.0,0.0,7.249999999999999,6.831111111111112,7.3,6.8
2008-12-28,7.3,0.0,0.0,7.266666666666667,6.844444444444444,7.3,6.8
2008-12-29,7.3,0.0,0.0,7.283333333333333,6.857777777777779,7.3,6.8
2008-12-30,7.3,0.0,0.0,7.3,6.866666666666666,7.3,6.8
2008-12-31,7.3,0.0,0.0,7.3,6.875555555555555,7.3,7.3
2009-01-01,7.8,0.5,0.06849315068493156,7.3166666666666655,6.890000000000001,7.3,7.3
2009-01-02,7.8,0.0,0.0,7.333333333333333,6.904444444444445,7.3,7.3
2009-01-03,7.8,0.0,0.0,7.35,6.9188888888888895,7.3,7.3
2009-01-04,7.8,0.0,0.0,7.366666666666666,6.933333333333334,7.3,7.3
2009-01-05,7.8,0.0,0.0,7.383333333333334,6.947777777777778,7.3,7.3
2009-01-06,7.8,0.0,0.0,7.3999999999999995,6.9622222222222225,7.3,7.3
2009-01-07,7.8,0.0,0.0,7.416666666666667,6.976666666666667,7.3,7.3
2009-01-08,7.8,0.0,0.0,7.433333333333334,6.9911111111111115,7.8,7.3
2009-01-09,7.8,0.0,0.0,7.45,7.0055555555555555,7.8,7.3
2009-01-10,7.8,0.0,0.0,7.466666666666667,7.02,7.8,7.3
2009-01-11,7.8,0.0,0.0,7.4833333333333325,7.0344444444444445,7.8,7.3
2009-01-12,7.8,0.0,0.0,7.5,7.0488888888888885,7.8,7.3
2009-01-13,7.8,0.0,0.0,7.516666666666667,7.0633333333333335,7.8,7.3
2009-01-14,7.8,0.0,0.0,7.533333333333333,7.0777777777777775,7.8,7.3
2009-01-15,7.8,0.0,0.0,7.55,7.0922222222222215,7.8,7.3
2009-01-16,7.8,0.0,0.0,7.5666666666666655,7.106666666666667,7.8,7.3
2009-01-17,7.8,0.0,0.0,7.583333333333333,7.1211111111111105,7.8,7.3
2009-01-18,7.8,0.0,0.0,7.6,7.135555555555556,7.8,7.3
2009-01-19,7.8,0.0,0.0,7.616666666666666,7.15,7.8,7.3
2009-01-20,7.8,0.0,0.0,7.633333333333334,7.1644444444444435,7.8,7.3
2009-01-21,7.8,0.0,0.0,7.6499999999999995,7.178888888888889,7.8,7.3
2009-01-22,7.8,0.0,0.0,7.666666666666667,7.193333333333333,7.8,7.3
2009-01-23,7.8,0.0,0.0,7.683333333333334,7.207777777777778,7.8,7.3
2009-01-24,7.8,0.0,0.0,7.7,7.222222222222222,7.8,7.3
2009-01-25,7.8,0.0,0.0,7.716666666666667,7.236666666666666,7.8,7.3
2009-01-26,7.8,0.0,0.0,7.733333333333333,7.251111111111111,7.8,7.3
2009-01-27,7.8,0.0,0.0,7.75,7.265555555555555,7.8,7.3
2009-01-28,7.8,0.0,0.0,7.766666666666666,7.279999999999999,7.8,7.3
2009-01-29,7.8,0.0,0.0,7.783333333333333,7.294444444444444,7.8,7.3
2009-01-30,7.8,0.0,0.0,7.8,7.305555555555555,7.8,7.3
2009-01-31,7.8,0.0,0.0,7.8,7.316666666666666,7.8,7.8
2009-02-01,8.3,0.5000000000000009,0.06410256410256432,7.816666666666666,7.333333333333333,7.8,7.8
2009-02-02,8.3,0.0,0.0,7.833333333333333,7.35,7.8,7.8
2009-02-03,8.3,0.0,0.0,7.85,7.366666666666666,7.8,7.8
2009-02-04,8.3,0.0,0.0,7.866666666666666,7.383333333333334,7.8,7.8
2009-02-05,8.3,0.0,0.0,7.883333333333334,7.4,7.8,7.8
2009-02-06,8.3,0.0,0.0,7.9,7.416666666666667,7.8,7.8
2009-02-07,8.3,0.0,0.0,7.916666666666667,7.433333333333334,7.8,7.8
2009-02-08,8.3,0.0,0.0,7.933333333333334,7.45,8.3,7.8
2009-02-09,8.3,0.0,0.0,7.95,7.466666666666667,8.3,7.8
2009-02-10,8.3,0.0,0.0,7.966666666666667,7.483333333333333,8.3,7.8
2009-02-11,8.3,0.0,0.0,7.983333333333333,7.5,8.3,7.8
2009-02-12,8.3,0.0,0.0,8.0,7.516666666666667,8.3,7.8
2009-02-13,8.3,0.0,0.0,8.016666666666667,7.533333333333333,8.3,7.8
2009-02-14,8.3,0.0,0.0,8.033333333333333,7.55,8.3,7.8
2009-02-15,8.3,0.0,0.0,8.05,7.566666666666666,8.3,7.8
2009-02-16,8.3,0.0,0.0,8.066666666666666,7.583333333333333,8.3,7.8
2009-02-17,8.3,0.0,0.0,8.083333333333334,7.6,8.3,7.8
2009-02-18,8.3,0.0,0.0,8.1,7.616666666666666,8.3,7.8
2009-02-19,8.3,0.0,0.0,8.116666666666667,7.633333333333334,8.3,7.8
2009-02-20,8.3,0.0,0.0,8.133333333333335,7.65,8.3,7.8
2009-02-21,8.3,0.0,0.0,8.15,7.666666666666667,8.3,7.8
2009-02-22,8.3,0.0,0.0,8.166666666666666,7.683333333333334,8.3,7.8
2009-02-23,8.3,0.0,0.0,8.183333333333334,7.7,8.3,7.8
2009-02-24,8.3,0.0,0.0,8.2,7.716666666666667,8.3,7.8
2009-02-25,8.3,0.0,0.0,8.216666666666667,7.733333333333333,8.3,7.8
2009-02-26,8.3,0.0,0.0,8.233333333333333,7.75,8.3,7.8
2009-02-27,8.3,0.0,0.0,8.250000000000002,7.766666666666667,8.3,7.8
2009-02-28,8.3,0.0,0.0,8.266666666666667,7.783333333333333,8.3,7.8
2009-03-01,8.7,0.3999999999999986,0.04819277108433728,8.296666666666667,7.79888888888889,8.3,7.8
2009-03-02,8.7,0.0,0.0,8.326666666666666,7.814444444444444,8.3,7.8
2009-03-03,8.7,0.0,0.0,8.34,7.83,8.3,8.3
2009-03-04,8.7,0.0,0.0,8.353333333333333,7.8455555555555545,8.3,8.3
2009-03-05,8.7,0.0,0.0,8.366666666666667,7.861111111111111,8.3,8.3
2009-03-06,8.7,0.0,0.0,8.38,7.876666666666668,8.3,8.3
2009-03-07,8.7,0.0,0.0,8.393333333333334,7.892222222222221,8.3,8.3
2009-03-08,8.7,0.0,0.0,8.406666666666668,7.9077777777777785,8.7,8.3
2009-03-09,8.7,0.0,0.0,8.42,7.923333333333332,8.7,8.3
2009-03-10,8.7,0.0,0.0,8.433333333333334,7.938888888888889,8.7,8.3
2009-03-11,8.7,0.0,0.0,8.446666666666667,7.954444444444445,8.7,8.3
2009-03-12,8.7,0.0,0.0,8.46,7.97,8.7,8.3
2009-03-13,8.7,0.0,0.0,8.473333333333334,7.985555555555556,8.7,8.3
2009-03-14,8.7,0.0,0.0,8.486666666666666,8.00111111111111,8.7,8.3
2009-03-15,8.7,0.0,0.0,8.5,8.016666666666667,8.7,8.3
2009-03-16,8.7,0.0,0.0,8.513333333333334,8.032222222222224,8.7,8.3
2009-03-17,8.7,0.0,0.0,8.526666666666666,8.047777777777778,8.7,8.3
2009-03-18,8.7,0.0,0.0,8.54,8.063333333333334,8.7,8.3
2009-03-19,8.7,0.0,0.0,8.553333333333333,8.078888888888887,8.7,8.3
2009-03-20,8.7,0.0,0.0,8.566666666666666,8.094444444444445,8.7,8.3
2009-03-21,8.7,0.0,0.0,8.58,8.110000000000001,8.7,8.3
2009-03-22,8.7,0.0,0.0,8.593333333333332,8.125555555555556,8.7,8.3
2009-03-23,8.7,0.0,0.0,8.606666666666666,8.141111111111112,8.7,8.3
2009-03-24,8.7,0.0,0.0,8.62,8.156666666666666,8.7,8.3
2009-03-25,8.7,0.0,0.0,8.633333333333333,8.172222222222222,8.7,8.3
2009-03-26,8.7,0.0,0.0,8.646666666666667,8.187777777777779,8.7,8.3
2009-03-27,8.7,0.0,0.0,8.659999999999998,8.203333333333333,8.7,8.3
2009-03-28,8.7,0.0,0.0,8.673333333333334,8.21888888888889,8.7,8.3
2009-03-29,8.7,0.0,0.0,8.686666666666666,8.234444444444444,8.7,8.3
2009-03-30,8.7,0.0,0.0,8.7,8.25,8.7,8.3
2009-03-31,8.7,0.0,0.0,8.7,8.265555555555554,8.7,8.7
2009-04-01,9.0,0.3000000000000007,0.034482758620689724,8.71,8.278888888888888,8.7,8.7
2009-04-02,9.0,0.0,0.0,8.719999999999999,8.292222222222222,8.7,8.7
2009-04-03,9.0,0.0,0.0,8.729999999999999,8.305555555555554,8.7,8.7
2009-04-04,9.0,0.0,0.0,8.74,8.318888888888889,8.7,8.7
2009-04-05,9.0,0.0,0.0,8.75,8.332222222222223,8.7,8.7
2009-04-06,9.0,0.0,0.0,8.76,8.345555555555555,8.7,8.7
2009-04-07,9.0,0.0,0.0,8.77,8.358888888888888,8.7,8.7
2009-04-08,9.0,0.0,0.0,8.78,8.372222222222222,9.0,8.7
2009-04-09,9.0,0.0,0.0,8.79,8.385555555555555,9.0,8.7
2009-04-10,9.0,0.0,0.0,8.8,8.398888888888889,9.0,8.7
2009-04-11,9.0,0.0,0.0,8.81,8.412222222222221,9.0,8.7
2009-04-12,9.0,0.0,0.0,8.819999999999999,8.425555555555555,9.0,8.7
2009-04-13,9.0,0.0,0.0,8.83,8.438888888888888,9.0,8.7
2009-04-14,9.0,0.0,0.0,8.84,8.452222222222222,9.0,8.7
2009-04-15,9.0,0.0,0.0,8.85,8.465555555555556,9.0,8.7
2009-04-16,9.0,0.0,0.0,8.859999999999998,8.478888888888887,9.0,8.7
2009-04-17,9.0,0.0,0.0,8.87,8.492222222222221,9.0,8.7
2009-04-18,9.0,0.0,0.0,8.879999999999999,8.505555555555555,9.0,8.7
2009-04-19,9.0,0.0,0.0,8.889999999999999,8.518888888888888,9.0,8.7
2009-04-20,9.0,0.0,0.0,8.9,8.532222222222222,9.0,8.7
2009-04-21,9.0,0.0,0.0,8.909999999999998,8.545555555555554,9.0,8.7
2009-04-22,9.0,0.0,0.0,8.919999999999998,8.55888888888889,9.0,8.7
2009-04-23,9.0,0.0,0.0,8.93,8.572222222222223,9.0,8.7
2009-04-24,9.0,0.0,0.0,8.94,8.585555555555555,9.0,8.7
2009-04-25,9.0,0.0,0.0,8.95,8.598888888888888,9.0,8.7
2009-04-26,9.0,0.0,0.0,8.96,8.612222222222222,9.0,8.7
2009-04-27,9.0,0.0,0.0,8.969999999999999,8.625555555555556,9.0,8.7
2009-04-28,9.0,0.0,0.0,8.979999999999999,8.63888888888889,9.0,8.7
2009-04-29,9.0,0.0,0.0,8.99,8.652222222222221,9.0,8.7
2009-04-30,9.0,0.0,0.0,9.0,8.665555555555555,9.0,8.7
2009-05-01,9.4,0.40000000000000036,0.04444444444444451,9.013333333333334,8.683333333333334,9.0,9.0
2009-05-02,9.4,0.0,0.0,9.026666666666667,8.695555555555556,9.0,9.0
2009-05-03,9.4,0.0,0.0,9.04,8.707777777777777,9.0,9.0
2009-05-04,9.4,0.0,0.0,9.053333333333335,8.719999999999999,9.0,9.0
2009-05-05,9.4,0.0,0.0,9.066666666666666,8.732222222222221,9.0,9.0
2009-05-06,9.4,0.0,0.0,9.080000000000002,8.744444444444444,9.0,9.0
2009-05-07,9.4,0.0,0.0,9.093333333333334,8.756666666666668,9.0,9.0
2009-05-08,9.4,0.0,0.0,9.106666666666666,8.768888888888888,9.4,9.0
2009-05-09,9.4,0.0,0.0,9.120000000000001,8.78111111111111,9.4,9.0
2009-05-10,9.4,0.0,0.0,9.133333333333333,8.793333333333335,9.4,9.0
2009-05-11,9.4,0.0,0.0,9.146666666666668,8.805555555555555,9.4,9.0
2009-05-12,9.4,0.0,0.0,9.16,8.817777777777778,9.4,9.0
2009-05-13,9.4,0.0,0.0,9.173333333333334,8.83,9.4,9.0
2009-05-14,9.4,0.0,0.0,9.186666666666667,8.842222222222222,9.4,9.0
2009-05-15,9.4,0.0,0.0,9.2,8.854444444444445,9.4,9.0
2009-05-16,9.4,0.0,0.0,9.213333333333335,8.866666666666667,9.4,9.0
2009-05-17,9.4,0.0,0.0,9.226666666666667,8.87888888888889,9.4,9.0
2009-05-18,9.4,0.0,0.0,9.240000000000002,8.89111111111111,9.4,9.0
2009-05-19,9.4,0.0,0.0,9.253333333333334,8.903333333333332,9.4,9.0
2009-05-20,9.4,0.0,0.0,9.266666666666667,8.915555555555557,9.4,9.0
2009-05-21,9.4,0.0,0.0,9.280000000000001,8.927777777777777,9.4,9.0
2009-05-22,9.4,0.0,0.0,9.293333333333333,8.94,9.4,9.0
2009-05-23,9.4,0.0,0.0,9.306666666666668,8.952222222222222,9.4,9.0
2009-05-24,9.4,0.0,0.0,9.32,8.964444444444444,9.4,9.0
2009-05-25,9.4,0.0,0.0,9.333333333333334,8.976666666666668,9.4,9.0
2009-05-26,9.4,0.0,0.0,9.346666666666668,8.988888888888889,9.4,9.0
2009-05-27,9.4,0.0,0.0,9.360000000000001,9.001111111111111,9.4,9.0
2009-05-28,9.4,0.0,0.0,9.373333333333335,9.013333333333332,9.4,9.0
2009-05-29,9.4,0.0,0.0,9.386666666666667,9.025555555555554,9.4,9.0
2009-05-30,9.4,0.0,0.0,9.4,9.033333333333333,9.4,9.0
2009-05-31,9.4,0.0,0.0,9.4,9.041111111111112,9.4,9.4
2009-06-01,9.5,0.09999999999999964,0.010638297872340496,9.403333333333334,9.05,9.4,9.4
2009-06-02,9.5,0.0,0.0,9.406666666666668,9.05888888888889,9.4,9.4
2009-06-03,9.5,0.0,0.0,9.41,9.067777777777778,9.4,9.4
2009-06-04,9.5,0.0,0.0,9.413333333333334,9.076666666666666,9.4,9.4
2009-06-05,9.5,0.0,0.0,9.416666666666666,9.085555555555556,9.4,9.4
2009-06-06,9.5,0.0,0.0,9.42,9.094444444444445,9.4,9.4
2009-06-07,9.5,0.0,0.0,9.423333333333336,9.103333333333333,9.4,9.4
2009-06-08,9.5,0.0,0.0,9.426666666666668,9.112222222222222,9.5,9.4
2009-06-09,9.5,0.0,0.0,9.430000000000001,9.12111111111111,9.5,9.4
2009-06-10,9.5,0.0,0.0,9.433333333333334,9.13,9.5,9.4
2009-06-11,9.5,0.0,0.0,9.436666666666667,9.13888888888889,9.5,9.4
2009-06-12,9.5,0.0,0.0,9.440000000000001,9.147777777777778,9.5,9.4
2009-06-13,9.5,0.0,0.0,9.443333333333333,9.156666666666666,9.5,9.4
2009-06-14,9.5,0.0,0.0,9.446666666666667,9.165555555555555,9.5,9.4
2009-06-15,9.5,0.0,0.0,9.45,9.174444444444445,9.5,9.4
2009-06-16,9.5,0.0,0.0,9.453333333333335,9.183333333333334,9.5,9.4
2009-06-17,9.5,0.0,0.0,9.456666666666669,9.192222222222224,9.5,9.4
2009-06-18,9.5,0.0,0.0,9.46,9.20111111111111,9.5,9.4
2009-06-19,9.5,0.0,0.0,9.463333333333335,9.209999999999999,9.5,9.4
2009-06-20,9.5,0.0,0.0,9.466666666666667,9.21888888888889,9.5,9.4
2009-06-21,9.5,0.0,0.0,9.47,9.227777777777778,9.5,9.4
2009-06-22,9.5,0.0,0.0,9.473333333333333,9.236666666666668,9.5,9.4
2009-06-23,9.5,0.0,0.0,9.476666666666667,9.245555555555557,9.5,9.4
2009-06-24,9.5,0.0,0.0,9.48,9.254444444444445,9.5,9.4
2009-06-25,9.5,0.0,0.0,9.483333333333333,9.263333333333334,9.5,9.4
2009-06-26,9.5,0.0,0.0,9.486666666666668,9.272222222222222,9.5,9.4
2009-06-27,9.5,0.0,0.0,9.49,9.281111111111112,9.5,9.4
2009-06-28,9.5,0.0,0.0,9.493333333333334,9.290000000000001,9.5,9.4
2009-06-29,9.5,0.0,0.0,9.496666666666668,9.29888888888889,9.5,9.4
2009-06-30,9.5,0.0,0.0,9.5,9.304444444444446,9.5,9.4
2009-07-01,9.5,0.0,0.0,9.5,9.31,9.5,9.5
2009-07-02,9.5,0.0,0.0,9.5,9.315555555555557,9.5,9.5
2009-07-03,9.5,0.0,0.0,9.5,9.321111111111112,9.5,9.5
2009-07-04,9.5,0.0,0.0,9.5,9.326666666666668,9.5,9.5
2009-07-05,9.5,0.0,0.0,9.5,9.332222222222223,9.5,9.5
2009-07-06,9.5,0.0,0.0,9.5,9.337777777777779,9.5,9.5
2009-07-07,9.5,0.0,0.0,9.5,9.343333333333334,9.5,9.5
2009-07-08,9.5,0.0,0.0,9.5,9.34888888888889,9.5,9.5
2009-07-09,9.5,0.0,0.0,9.5,9.354444444444445,9.5,9.5
2009-07-10,9.5,0.0,0.0,9.5,9.360000000000001,9.5,9.5
2009-07-11,9.5,0.0,0.0,9.5,9.365555555555556,9.5,9.5
2009-07-12,9.5,0.0,0.0,9.5,9.371111111111112,9.5,9.5
2009-07-13,9.5,0.0,0.0,9.5,9.376666666666667,9.5,9.5
2009-07-14,9.5,0.0,0.0,9.5,9.382222222222223,9.5,9.5
2009-07-15,9.5,0.0,0.0,9.5,9.387777777777778,9.5,9.5
2009-07-16,9.5,0.0,0.0,9.5,9.393333333333334,9.5,9.5
2009-07-17,9.5,0.0,0.0,9.5,9.398888888888889,9.5,9.5
2009-07-18,9.5,0.0,0.0,9.5,9.404444444444445,9.5,9.5
2009-07-19,9.5,0.0,0.0,9.5,9.41,9.5,9.5
2009-07-20,9.5,0.0,0.0,9.5,9.415555555555557,9.5,9.5
2009-07-21,9.5,0.0,0.0,9.5,9.421111111111113,9.5,9.5
2009-07-22,9.5,0.0,0.0,9.5,9.426666666666668,9.5,9.5
2009-07-23,9.5,0.0,0.0,9.5,9.432222222222224,9.5,9.5
2009-07-24,9.5,0.0,0.0,9.5,9.437777777777779,9.5,9.5
2009-07-25,9.5,0.0,0.0,9.5,9.443333333333335,9.5,9.5
2009-07-26,9.5,0.0,0.0,9.5,9.44888888888889,9.5,9.5
2009-07-27,9.5,0.0,0.0,9.5,9.454444444444446,9.5,9.5
2009-07-28,9.5,0.0,0.0,9.5,9.46,9.5,9.5
2009-07-29,9.5,0.0,0.0,9.5,9.465555555555557,9.5,9.5
2009-07-30,9.5,0.0,0.0,9.5,9.466666666666667,9.5,9.5
2009-07-31,9.5,0.0,0.0,9.5,9.467777777777778,9.5,9.5
2009-08-01,9.6,0.09999999999999964,0.010526315789473717,9.503333333333332,9.47,9.5,9.5
2009-08-02,9.6,0.0,0.0,9.506666666666666,9.472222222222221,9.5,9.5
2009-08-03,9.6,0.0,0.0,9.51,9.474444444444446,9.5,9.5
2009-08-04,9.6,0.0,0.0,9.513333333333332,9.476666666666667,9.5,9.5
2009-08-05,9.6,0.0,0.0,9.516666666666667,9.47888888888889,9.5,9.5
2009-08-06,9.6,0.0,0.0,9.52,9.481111111111112,9.5,9.5
2009-08-07,9.6,0.0,0.0,9.523333333333333,9.483333333333333,9.5,9.5
2009-08-08,9.6,0.0,0.0,9.526666666666667,9.485555555555555,9.6,9.5
2009-08-09,9.6,0.0,0.0,9.53,9.487777777777778,9.6,9.5
2009-08-10,9.6,0.0,0.0,9.533333333333333,9.49,9.6,9.5
2009-08-11,9.6,0.0,0.0,9.536666666666665,9.492222222222223,9.6,9.5
2009-08-12,9.6,0.0,0.0,9.54,9.494444444444444,9.6,9.5
2009-08-13,9.6,0.0,0.0,9.543333333333331,9.496666666666666,9.6,9.5
2009-08-14,9.6,0.0,0.0,9.546666666666665,9.498888888888889,9.6,9.5
2009-08-15,9.6,0.0,0.0,9.55,9.501111111111111,9.6,9.5
2009-08-16,9.6,0.0,0.0,9.553333333333333,9.503333333333334,9.6,9.5
2009-08-17,9.6,0.0,0.0,9.556666666666667,9.505555555555556,9.6,9.5
2009-08-18,9.6,0.0,0.0,9.559999999999999,9.507777777777777,9.6,9.5
2009-08-19,9.6,0.0,0.0,9.563333333333333,9.51,9.6,9.5
2009-08-20,9.6,0.0,0.0,9.566666666666666,9.512222222222222,9.6,9.5
2009-08-21,9.6,0.0,0.0,9.569999999999999,9.514444444444443,9.6,9.5
2009-08-22,9.6,0.0,0.0,9.573333333333332,9.516666666666667,9.6,9.5
2009-08-23,9.6,0.0,0.0,9.576666666666664,9.518888888888888,9.6,9.5
2009-08-24,9.6,0.0,0.0,9.58,9.52111111111111,9.6,9.5
2009-08-25,9.6,0.0,0.0,9.583333333333334,9.523333333333333,9.6,9.5
2009-08-26,9.6,0.0,0.0,9.586666666666666,9.525555555555554,9.6,9.5
2009-08-27,9.6,0.0,0.0,9.59,9.527777777777779,9.6,9.5
2009-08-28,9.6,0.0,0.0,9.593333333333332,9.53,9.6,9.5
2009-08-29,9.6,0.0,0.0,9.596666666666666,9.532222222222222,9.6,9.5
2009-08-30,9.6,0.0,0.0,9.6,9.533333333333333,9.6,9.5
2009-08-31,9.6,0.0,0.0,9.6,9.534444444444443,9.6,9.6
2009-09-01,9.8,0.20000000000000107,0.02083333333333348,9.606666666666666,9.537777777777778,9.6,9.6
2009-09-02,9.8,0.0,0.0,9.613333333333333,9.54111111111111,9.6,9.6
2009-09-03,9.8,0.0,0.0,9.620000000000001,9.544444444444444,9.6,9.6
2009-09-04,9.8,0.0,0.0,9.626666666666665,9.547777777777778,9.6,9.6
2009-09-05,9.8,0.0,0.0,9.633333333333333,9.55111111111111,9.6,9.6
2009-09-06,9.8,0.0,0.0,9.639999999999999,9.554444444444444,9.6,9.6
2009-09-07,9.8,0.0,0.0,9.646666666666667,9.557777777777776,9.6,9.6
2009-09-08,9.8,0.0,0.0,9.653333333333334,9.561111111111112,9.8,9.6
2009-09-09,9.8,0.0,0.0,9.659999999999998,9.564444444444444,9.8,9.6
2009-09-10,9.8,0.0,0.0,9.666666666666666,9.567777777777778,9.8,9.6
2009-09-11,9.8,0.0,0.0,9.673333333333334,9.571111111111112,9.8,9.6
2009-09-12,9.8,0.0,0.0,9.680000000000001,9.574444444444444,9.8,9.6
2009-09-13,9.8,0.0,0.0,9.686666666666667,9.577777777777778,9.8,9.6
2009-09-14,9.8,0.0,0.0,9.693333333333333,9.581111111111111,9.8,9.6
2009-09-15,9.8,0.0,0.0,9.7,9.584444444444445,9.8,9.6
2009-09-16,9.8,0.0,0.0,9.706666666666667,9.587777777777777,9.8,9.6
2009-09-17,9.8,0.0,0.0,9.713333333333335,9.591111111111111,9.8,9.6
2009-09-18,9.8,0.0,0.0,9.72,9.594444444444445,9.8,9.6
2009-09-19,9.8,0.0,0.0,9.726666666666667,9.597777777777777,9.8,9.6
2009-09-20,9.8,0.0,0.0,9.733333333333333,9.601111111111111,9.8,9.6
2009-09-21,9.8,0.0,0.0,9.74,9.604444444444445,9.8,9.6
2009-09-22,9.8,0.0,0.0,9.746666666666668,9.607777777777777,9.8,9.6
2009-09-23,9.8,0.0,0.0,9.753333333333334,9.61111111111111,9.8,9.6
2009-09-24,9.8,0.0,0.0,9.76,9.614444444444445,9.8,9.6
2009-09-25,9.8,0.0,0.0,9.766666666666667,9.617777777777778,9.8,9.6
2009-09-26,9.8,0.0,0.0,9.773333333333333,9.62111111111111,9.8,9.6
2009-09-27,9.8,0.0,0.0,9.780000000000001,9.624444444444444,9.8,9.6
2009-09-28,9.8,0.0,0.0,9.786666666666667,9.627777777777778,9.8,9.6
2009-09-29,9.8,0.0,0.0,9.793333333333333,9.63111111111111,9.8,9.6
2009-09-30,9.8,0.0,0.0,9.8,9.634444444444444,9.8,9.6
2009-10-01,10.0,0.1999999999999993,0.020408163265306145,9.806666666666668,9.64,9.8,9.8
2009-10-02,10.0,0.0,0.0,9.813333333333334,9.645555555555555,9.8,9.8
2009-10-03,10.0,0.0,0.0,9.82,9.651111111111112,9.8,9.8
2009-10-04,10.0,0.0,0.0,9.82666666666667,9.656666666666666,9.8,9.8
2009-10-05,10.0,0.0,0.0,9.833333333333336,9.662222222222223,9.8,9.8
2009-10-06,10.0,0.0,0.0,9.840000000000002,9.667777777777777,9.8,9.8
2009-10-07,10.0,0.0,0.0,9.846666666666668,9.673333333333334,9.8,9.8
2009-10-08,10.0,0.0,0.0,9.853333333333333,9.678888888888888,10.0,9.8
2009-10-09,10.0,0.0,0.0,9.860000000000003,9.684444444444445,10.0,9.8
2009-10-10,10.0,0.0,0.0,9.866666666666669,9.69,10.0,9.8
2009-10-11,10.0,0.0,0.0,9.873333333333335,9.695555555555556,10.0,9.8
2009-10-12,10.0,0.0,0.0,9.88,9.70111111111111,10.0,9.8
2009-10-13,10.0,0.0,0.0,9.886666666666667,9.706666666666667,10.0,9.8
2009-10-14,10.0,0.0,0.0,9.893333333333334,9.712222222222222,10.0,9.8
2009-10-15,10.0,0.0,0.0,9.900000000000002,9.717777777777778,10.0,9.8
2009-10-16,10.0,0.0,0.0,9.906666666666668,9.723333333333333,10.0,9.8
2009-10-17,10.0,0.0,0.0,9.913333333333334,9.72888888888889,10.0,9.8
2009-10-18,10.0,0.0,0.0,9.92,9.734444444444446,10.0,9.8
2009-10-19,10.0,0.0,0.0,9.926666666666668,9.74,10.0,9.8
2009-10-20,10.0,0.0,0.0,9.933333333333335,9.745555555555557,10.0,9.8
2009-10-21,10.0,0.0,0.0,9.940000000000001,9.751111111111111,10.0,9.8
2009-10-22,10.0,0.0,0.0,9.946666666666667,9.756666666666668,10.0,9.8
2009-10-23,10.0,0.0,0.0,9.953333333333335,9.762222222222222,10.0,9.8
2009-10-24,10.0,0.0,0.0,9.96,9.767777777777779,10.0,9.8
2009-10-25,10.0,0.0,0.0,9.966666666666667,9.773333333333333,10.0,9.8
2009-10-26,10.0,0.0,0.0,9.973333333333334,9.77888888888889,10.0,9.8
2009-10-27,10.0,0.0,0.0,9.98,9.784444444444444,10.0,9.8
2009-10-28,10.0,0.0,0.0,9.986666666666668,9.790000000000001,10.0,9.8
2009-10-29,10.0,0.0,0.0,9.993333333333334,9.795555555555556,10.0,9.8
2009-10-30,10.0,0.0,0.0,10.0,9.8,10.0,9.8
2009-10-31,10.0,0.0,0.0,10.0,9.804444444444446,10.0,10.0
2009-11-01,9.9,-0.09999999999999964,-0.010000000000000009,9.996666666666666,9.807777777777778,10.0,10.0
2009-11-02,9.9,0.0,0.0,9.993333333333332,9.811111111111112,10.0,10.0
2009-11-03,9.9,0.0,0.0,9.99,9.814444444444444,10.0,10.0
2009-11-04,9.9,0.0,0.0,9.986666666666666,9.817777777777776,10.0,10.0
2009-11-05,9.9,0.0,0.0,9.983333333333333,9.821111111111112,10.0,10.0
2009-11-06,9.9,0.0,0.0,9.979999999999999,9.824444444444445,10.0,10.0
2009-11-07,9.9,0.0,0.0,9.976666666666665,9.827777777777778,10.0,10.0
2009-11-08,9.9,0.0,0.0,9.973333333333333,9.831111111111111,9.9,10.0
2009-11-09,9.9,0.0,0.0,9.969999999999999,9.834444444444443,9.9,10.0
2009-11-10,9.9,0.0,0.0,9.966666666666667,9.837777777777779,9.9,10.0
2009-11-11,9.9,0.0,0.0,9.963333333333333,9.841111111111111,9.9,10.0
2009-11-12,9.9,0.0,0.0,9.959999999999999,9.844444444444445,9.9,10.0
2009-11-13,9.9,0.0,0.0,9.956666666666667,9.847777777777777,9.9,10.0
2009-11-14,9.9,0.0,0.0,9.953333333333331,9.851111111111111,9.9,10.0
2009-11-15,9.9,0.0,0.0,9.95,9.854444444444445,9.9,10.0
2009-11-16,9.9,0.0,0.0,9.946666666666665,9.857777777777779,9.9,10.0
2009-11-17,9.9,0.0,0.0,9.943333333333332,9.86111111111111,9.9,10.0
2009-11-18,9.9,0.0,0.0,9.94,9.864444444444445,9.9,10.0
2009-11-19,9.9,0.0,0.0,9.936666666666666,9.867777777777778,9.9,10.0
2009-11-20,9.9,0.0,0.0,9.933333333333334,9.871111111111112,9.9,10.0
2009-11-21,9.9,0.0,0.0,9.93,9.874444444444444,9.9,10.0
2009-11-22,9.9,0.0,0.0,9.926666666666666,9.877777777777778,9.9,10.0
2009-11-23,9.9,0.0,0.0,9.923333333333334,9.88111111111111,9.9,10.0
2009-11-24,9.9,0.0,0.0,9.919999999999998,9.884444444444446,9.9,10.0
2009-11-25,9.9,0.0,0.0,9.916666666666666,9.887777777777778,9.9,10.0
2009-11-26,9.9,0.0,0.0,9.913333333333332,9.891111111111112,9.9,10.0
2009-11-27,9.9,0.0,0.0,9.91,9.894444444444444,9.9,10.0
2009-11-28,9.9,0.0,0.0,9.906666666666666,9.897777777777778,9.9,10.0
2009-11-29,9.9,0.0,0.0,9.903333333333332,9.901111111111113,9.9,10.0
2009-11-30,9.9,0.0,0.0,9.9,9.902222222222223,9.9,10.0
2009-12-01,9.9,0.0,0.0,9.9,9.903333333333334,9.9,9.9
2009-12-02,9.9,0.0,0.0,9.9,9.904444444444444,9.9,9.9
2009-12-03,9.9,0.0,0.0,9.9,9.905555555555555,9.9,9.9
2009-12-04,9.9,0.0,0.0,9.9,9.906666666666668,9.9,9.9
2009-12-05,9.9,0.0,0.0,9.9,9.907777777777778,9.9,9.9
2009-12-06,9.9,0.0,0.0,9.9,9.908888888888889,9.9,9.9
2009-12-07,9.9,0.0,0.0,9.9,9.91,9.9,9.9
2009-12-08,9.9,0.0,0.0,9.9,9.911111111111111,9.9,9.9
2009-12-09,9.9,0.0,0.0,9.9,9.912222222222223,9.9,9.9
2009-12-10,9.9,0.0,0.0,9.9,9.913333333333334,9.9,9.9
2009-12-11,9.9,0.0,0.0,9.9,9.914444444444445,9.9,9.9
2009-12-12,9.9,0.0,0.0,9.9,9.915555555555555,9.9,9.9
2009-12-13,9.9,0.0,0.0,9.9,9.916666666666666,9.9,9.9
2009-12-14,9.9,0.0,0.0,9.9,9.917777777777777,9.9,9.9
2009-12-15,9.9,0.0,0.0,9.9,9.918888888888889,9.9,9.9
2009-12-16,9.9,0.0,0.0,9.9,9.92,9.9,9.9
2009-12-17,9.9,0.0,0.0,9.9,9.921111111111111,9.9,9.9
2009-12-18,9.9,0.0,0.0,9.9,9.922222222222222,9.9,9.9
2009-12-19,9.9,0.0,0.0,9.9,9.923333333333334,9.9,9.9
2009-12-20,9.9,0.0,0.0,9.9,9.924444444444445,9.9,9.9
2009-12-21,9.9,0.0,0.0,9.9,9.925555555555556,9.9,9.9
2009-12-22,9.9,0.0,0.0,9.9,9.926666666666666,9.9,9.9
2009-12-23,9.9,0.0,0.0,9.9,9.927777777777777,9.9,9.9
2009-12-24,9.9,0.0,0.0,9.9,9.928888888888888,9.9,9.9
2009-12-25,9.9,0.0,0.0,9.9,9.93,9.9,9.9
2009-12-26,9.9,0.0,0.0,9.9,9.931111111111111,9.9,9.9
2009-12-27,9.9,0.0,0.0,9.9,9.932222222222222,9.9,9.9
2009-12-28,9.9,0.0,0.0,9.9,9.933333333333334,9.9,9.9
2009-12-29,9.9,0.0,0.0,9.9,9.934444444444445,9.9,9.9
2009-12-30,9.9,0.0,0.0,9.9,9.933333333333334,9.9,9.9
2009-12-31,9.9,0.0,0.0,9.9,9.932222222222222,9.9,9.9
2010-01-01,9.8,-0.09999999999999964,-0.010101010101010055,9.896666666666667,9.93,9.9,9.9
2010-01-02,9.8,0.0,0.0,9.893333333333334,9.927777777777777,9.9,9.9
2010-01-03,9.8,0.0,0.0,9.890000000000002,9.925555555555555,9.9,9.9
2010-01-04,9.8,0.0,0.0,9.886666666666667,9.923333333333334,9.9,9.9
2010-01-05,9.8,0.0,0.0,9.883333333333333,9.921111111111111,9.9,9.9
2010-01-06,9.8,0.0,0.0,9.879999999999999,9.918888888888889,9.9,9.9
2010-01-07,9.8,0.0,0.0,9.876666666666667,9.916666666666666,9.9,9.9
2010-01-08,9.8,0.0,0.0,9.873333333333335,9.914444444444444,9.8,9.9
2010-01-09,9.8,0.0,0.0,9.870000000000001,9.912222222222223,9.8,9.9
2010-01-10,9.8,0.0,0.0,9.866666666666667,9.91,9.8,9.9
2010-01-11,9.8,0.0,0.0,9.863333333333333,9.907777777777778,9.8,9.9
2010-01-12,9.8,0.0,0.0,9.860000000000001,9.905555555555555,9.8,9.9
2010-01-13,9.8,0.0,0.0,9.856666666666667,9.903333333333332,9.8,9.9
2010-01-14,9.8,0.0,0.0,9.853333333333333,9.901111111111112,9.8,9.9
2010-01-15,9.8,0.0,0.0,9.850000000000001,9.898888888888889,9.8,9.9
2010-01-16,9.8,0.0,0.0,9.846666666666666,9.896666666666667,9.8,9.9
2010-01-17,9.8,0.0,0.0,9.843333333333334,9.894444444444444,9.8,9.9
2010-01-18,9.8,0.0,0.0,9.840000000000002,9.892222222222221,9.8,9.9
2010-01-19,9.8,0.0,0.0,9.836666666666668,9.89,9.8,9.9
2010-01-20,9.8,0.0,0.0,9.833333333333336,9.887777777777778,9.8,9.9
2010-01-21,9.8,0.0,0.0,9.83,9.885555555555555,9.8,9.9
2010-01-22,9.8,0.0,0.0,9.826666666666666,9.883333333333333,9.8,9.9
2010-01-23,9.8,0.0,0.0,9.823333333333332,9.88111111111111,9.8,9.9
2010-01-24,9.8,0.0,0.0,9.82,9.87888888888889,9.8,9.9
2010-01-25,9.8,0.0,0.0,9.816666666666668,9.876666666666667,9.8,9.9
2010-01-26,9.8,0.0,0.0,9.813333333333333,9.874444444444444,9.8,9.9
2010-01-27,9.8,0.0,0.0,9.81,9.872222222222222,9.8,9.9
2010-01-28,9.8,0.0,0.0,9.806666666666667,9.87,9.8,9.9
2010-01-29,9.8,0.0,0.0,9.803333333333335,9.867777777777778,9.8,9.9
2010-01-30,9.8,0.0,0.0,9.8,9.866666666666667,9.8,9.9
2010-01-31,9.8,0.0,0.0,9.8,9.865555555555556,9.8,9.8
2010-02-01,9.8,0.0,0.0,9.8,9.864444444444445,9.8,9.8
2010-02-02,9.8,0.0,0.0,9.8,9.863333333333333,9.8,9.8
2010-02-03,9.8,0.0,0.0,9.8,9.862222222222222,9.8,9.8
2010-02-04,9.8,0.0,0.0,9.8,9.86111111111111,9.8,9.8
2010-02-05,9.8,0.0,0.0,9.8,9.860000000000001,9.8,9.8
2010-02-06,9.8,0.0,0.0,9.8,9.85888888888889,9.8,9.8
2010-02-07,9.8,0.0,0.0,9.8,9.857777777777779,9.8,9.8
2010-02-08,9.8,0.0,0.0,9.8,9.856666666666667,9.8,9.8
2010-02-09,9.8,0.0,0.0,9.8,9.855555555555556,9.8,9.8
2010-02-10,9.8,0.0,0.0,9.8,9.854444444444445,9.8,9.8
2010-02-11,9.8,0.0,0.0,9.8,9.853333333333333,9.8,9.8
2010-02-12,9.8,0.0,0.0,9.8,9.852222222222224,9.8,9.8
2010-02-13,9.8,0.0,0.0,9.8,9.851111111111111,9.8,9.8
2010-02-14,9.8,0.0,0.0,9.8,9.85,9.8,9.8
2010-02-15,9.8,0.0,0.0,9.8,9.84888888888889,9.8,9.8
2010-02-16,9.8,0.0,0.0,9.8,9.847777777777779,9.8,9.8
2010-02-17,9.8,0.0,0.0,9.8,9.846666666666668,9.8,9.8
2010-02-18,9.8,0.0,0.0,9.8,9.845555555555556,9.8,9.8
2010-02-19,9.8,0.0,0.0,9.8,9.844444444444445,9.8,9.8
2010-02-20,9.8,0.0,0.0,9.8,9.843333333333334,9.8,9.8
2010-02-21,9.8,0.0,0.0,9.8,9.842222222222222,9.8,9.8
2010-02-22,9.8,0.0,0.0,9.8,9.841111111111111,9.8,9.8
2010-02-23,9.8,0.0,0.0,9.8,9.84,9.8,9.8
2010-02-24,9.8,0.0,0.0,9.8,9.838888888888889,9.8,9.8
2010-02-25,9.8,0.0,0.0,9.8,9.837777777777779,9.8,9.8
2010-02-26,9.8,0.0,0.0,9.8,9.836666666666668,9.8,9.8
2010-02-27,9.8,0.0,0.0,9.8,9.835555555555556,9.8,9.8
2010-02-28,9.8,0.0,0.0,9.8,9.834444444444445,9.8,9.8
2010-03-01,9.9,0.09999999999999964,0.010204081632652962,9.803333333333335,9.834444444444445,9.8,9.8
2010-03-02,9.9,0.0,0.0,9.806666666666667,9.834444444444445,9.8,9.8
2010-03-03,9.9,0.0,0.0,9.810000000000002,9.834444444444445,9.8,9.8
2010-03-04,9.9,0.0,0.0,9.813333333333334,9.834444444444445,9.8,9.8
2010-03-05,9.9,0.0,0.0,9.816666666666666,9.834444444444445,9.8,9.8
2010-03-06,9.9,0.0,0.0,9.82,9.834444444444445,9.8,9.8
2010-03-07,9.9,0.0,0.0,9.823333333333332,9.834444444444445,9.8,9.8
2010-03-08,9.9,0.0,0.0,9.82666666666667,9.834444444444445,9.9,9.8
2010-03-09,9.9,0.0,0.0,9.830000000000002,9.834444444444445,9.9,9.8
2010-03-10,9.9,0.0,0.0,9.833333333333334,9.834444444444445,9.9,9.8
2010-03-11,9.9,0.0,0.0,9.836666666666668,9.834444444444445,9.9,9.8
2010-03-12,9.9,0.0,0.0,9.84,9.834444444444445,9.9,9.8
2010-03-13,9.9,0.0,0.0,9.843333333333335,9.834444444444445,9.9,9.8
2010-03-14,9.9,0.0,0.0,9.846666666666668,9.834444444444445,9.9,9.8
2010-03-15,9.9,0.0,0.0,9.85,9.834444444444445,9.9,9.8
2010-03-16,9.9,0.0,0.0,9.853333333333333,9.834444444444445,9.9,9.8
2010-03-17,9.9,0.0,0.0,9.856666666666666,9.834444444444445,9.9,9.8
2010-03-18,9.9,0.0,0.0,9.860000000000001,9.834444444444445,9.9,9.8
2010-03-19,9.9,0.0,0.0,9.863333333333335,9.834444444444445,9.9,9.8
2010-03-20,9.9,0.0,0.0,9.866666666666667,9.834444444444445,9.9,9.8
2010-03-21,9.9,0.0,0.0,9.870000000000001,9.834444444444445,9.9,9.8
2010-03-22,9.9,0.0,0.0,9.873333333333333,9.834444444444445,9.9,9.8
2010-03-23,9.9,0.0,0.0,9.876666666666667,9.834444444444445,9.9,9.8
2010-03-24,9.9,0.0,0.0,9.88,9.834444444444445,9.9,9.8
2010-03-25,9.9,0.0,0.0,9.883333333333333,9.834444444444445,9.9,9.8
2010-03-26,9.9,0.0,0.0,9.886666666666667,9.834444444444445,9.9,9.8
2010-03-27,9.9,0.0,0.0,9.889999999999999,9.834444444444445,9.9,9.8
2010-03-28,9.9,0.0,0.0,9.893333333333334,9.834444444444445,9.9,9.8
2010-03-29,9.9,0.0,0.0,9.896666666666668,9.834444444444445,9.9,9.8
2010-03-30,9.9,0.0,0.0,9.9,9.834444444444445,9.9,9.8
2010-03-31,9.9,0.0,0.0,9.9,9.834444444444445,9.9,9.9
2010-04-01,9.9,0.0,0.0,9.9,9.835555555555556,9.9,9.9
2010-04-02,9.9,0.0,0.0,9.9,9.836666666666668,9.9,9.9
2010-04-03,9.9,0.0,0.0,9.9,9.837777777777779,9.9,9.9
2010-04-04,9.9,0.0,0.0,9.9,9.838888888888889,9.9,9.9
2010-04-05,9.9,0.0,0.0,9.9,9.84,9.9,9.9
2010-04-06,9.9,0.0,0.0,9.9,9.841111111111113,9.9,9.9
2010-04-07,9.9,0.0,0.0,9.9,9.842222222222222,9.9,9.9
2010-04-08,9.9,0.0,0.0,9.9,9.843333333333334,9.9,9.9
2010-04-09,9.9,0.0,0.0,9.9,9.844444444444445,9.9,9.9
2010-04-10,9.9,0.0,0.0,9.9,9.845555555555556,9.9,9.9
2010-04-11,9.9,0.0,0.0,9.9,9.846666666666668,9.9,9.9
2010-04-12,9.9,0.0,0.0,9.9,9.847777777777779,9.9,9.9
2010-04-13,9.9,0.0,0.0,9.9,9.84888888888889,9.9,9.9
2010-04-14,9.9,0.0,0.0,9.9,9.85,9.9,9.9
2010-04-15,9.9,0.0,0.0,9.9,9.851111111111111,9.9,9.9
2010-04-16,9.9,0.0,0.0,9.9,9.852222222222222,9.9,9.9
2010-04-17,9.9,0.0,0.0,9.9,9.853333333333333,9.9,9.9
2010-04-18,9.9,0.0,0.0,9.9,9.854444444444445,9.9,9.9
2010-04-19,9.9,0.0,0.0,9.9,9.855555555555556,9.9,9.9
2010-04-20,9.9,0.0,0.0,9.9,9.856666666666667,9.9,9.9
2010-04-21,9.9,0.0,0.0,9.9,9.857777777777779,9.9,9.9
2010-04-22,9.9,0.0,0.0,9.9,9.85888888888889,9.9,9.9
2010-04-23,9.9,0.0,0.0,9.9,9.860000000000001,9.9,9.9
2010-04-24,9.9,0.0,0.0,9.9,9.86111111111111,9.9,9.9
2010-04-25,9.9,0.0,0.0,9.9,9.862222222222222,9.9,9.9
2010-04-26,9.9,0.0,0.0,9.9,9.863333333333333,9.9,9.9
2010-04-27,9.9,0.0,0.0,9.9,9.864444444444445,9.9,9.9
2010-04-28,9.9,0.0,0.0,9.9,9.865555555555556,9.9,9.9
2010-04-29,9.9,0.0,0.0,9.9,9.866666666666667,9.9,9.9
2010-04-30,9.9,0.0,0.0,9.9,9.867777777777778,9.9,9.9
2010-05-01,9.6,-0.3000000000000007,-0.030303030303030387,9.890000000000002,9.865555555555556,9.9,9.9
2010-05-02,9.6,0.0,0.0,9.879999999999999,9.863333333333333,9.9,9.9
2010-05-03,9.6,0.0,0.0,9.870000000000001,9.861111111111112,9.9,9.9
2010-05-04,9.6,0.0,0.0,9.860000000000001,9.85888888888889,9.9,9.9
2010-05-05,9.6,0.0,0.0,9.85,9.856666666666667,9.9,9.9
2010-05-06,9.6,0.0,0.0,9.840000000000002,9.854444444444445,9.9,9.9
2010-05-07,9.6,0.0,0.0,9.83,9.852222222222222,9.9,9.9
2010-05-08,9.6,0.0,0.0,9.82,9.850000000000001,9.6,9.9
2010-05-09,9.6,0.0,0.0,9.809999999999999,9.847777777777779,9.6,9.9
2010-05-10,9.6,0.0,0.0,9.8,9.845555555555556,9.6,9.9
2010-05-11,9.6,0.0,0.0,9.790000000000001,9.843333333333334,9.6,9.9
2010-05-12,9.6,0.0,0.0,9.78,9.841111111111111,9.6,9.9
2010-05-13,9.6,0.0,0.0,9.770000000000001,9.838888888888889,9.6,9.9
2010-05-14,9.6,0.0,0.0,9.759999999999998,9.836666666666668,9.6,9.9
2010-05-15,9.6,0.0,0.0,9.75,9.834444444444445,9.6,9.9
2010-05-16,9.6,0.0,0.0,9.740000000000002,9.832222222222223,9.6,9.9
2010-05-17,9.6,0.0,0.0,9.729999999999999,9.83,9.6,9.9
2010-05-18,9.6,0.0,0.0,9.72,9.827777777777778,9.6,9.9
2010-05-19,9.6,0.0,0.0,9.709999999999999,9.825555555555557,9.6,9.9
2010-05-20,9.6,0.0,0.0,9.7,9.823333333333334,9.6,9.9
2010-05-21,9.6,0.0,0.0,9.690000000000001,9.821111111111112,9.6,9.9
2010-05-22,9.6,0.0,0.0,9.68,9.818888888888889,9.6,9.9
2010-05-23,9.6,0.0,0.0,9.67,9.816666666666666,9.6,9.9
2010-05-24,9.6,0.0,0.0,9.659999999999998,9.814444444444446,9.6,9.9
2010-05-25,9.6,0.0,0.0,9.65,9.812222222222223,9.6,9.9
2010-05-26,9.6,0.0,0.0,9.640000000000002,9.81,9.6,9.9
2010-05-27,9.6,0.0,0.0,9.629999999999999,9.807777777777778,9.6,9.9
2010-05-28,9.6,0.0,0.0,9.620000000000001,9.805555555555555,9.6,9.9
2010-05-29,9.6,0.0,0.0,9.609999999999998,9.803333333333335,9.6,9.9
2010-05-30,9.6,0.0,0.0,9.6,9.8,9.6,9.9
2010-05-31,9.6,0.0,0.0,9.6,9.796666666666667,9.6,9.6
2010-06-01,9.4,-0.1999999999999993,-0.02083333333333326,9.593333333333334,9.79111111111111,9.6,9.6
2010-06-02,9.4,0.0,0.0,9.586666666666666,9.785555555555556,9.6,9.6
2010-06-03,9.4,0.0,0.0,9.580000000000002,9.780000000000001,9.6,9.6
2010-06-04,9.4,0.0,0.0,9.573333333333332,9.774444444444445,9.6,9.6
2010-06-05,9.4,0.0,0.0,9.566666666666666,9.76888888888889,9.6,9.6
2010-06-06,9.4,0.0,0.0,9.56,9.763333333333332,9.6,9.6
2010-06-07,9.4,0.0,0.0,9.553333333333333,9.757777777777779,9.6,9.6
2010-06-08,9.4,0.0,0.0,9.546666666666669,9.752222222222223,9.4,9.6
2010-06-09,9.4,0.0,0.0,9.54,9.746666666666668,9.4,9.6
2010-06-10,9.4,0.0,0.0,9.533333333333333,9.741111111111111,9.4,9.6
2010-06-11,9.4,0.0,0.0,9.526666666666667,9.735555555555555,9.4,9.6
2010-06-12,9.4,0.0,0.0,9.52,9.73,9.4,9.6
2010-06-13,9.4,0.0,0.0,9.513333333333334,9.724444444444446,9.4,9.6
2010-06-14,9.4,0.0,0.0,9.506666666666666,9.71888888888889,9.4,9.6
2010-06-15,9.4,0.0,0.0,9.5,9.713333333333335,9.4,9.6
2010-06-16,9.4,0.0,0.0,9.493333333333334,9.707777777777777,9.4,9.6
2010-06-17,9.4,0.0,0.0,9.486666666666666,9.702222222222222,9.4,9.6
2010-06-18,9.4,0.0,0.0,9.48,9.696666666666667,9.4,9.6
2010-06-19,9.4,0.0,0.0,9.473333333333333,9.69111111111111,9.4,9.6
2010-06-20,9.4,0.0,0.0,9.466666666666667,9.685555555555556,9.4,9.6
2010-06-21,9.4,0.0,0.0,9.46,9.68,9.4,9.6
2010-06-22,9.4,0.0,0.0,9.453333333333331,9.674444444444445,9.4,9.6
2010-06-23,9.4,0.0,0.0,9.446666666666667,9.668888888888889,9.4,9.6
2010-06-24,9.4,0.0,0.0,9.44,9.663333333333334,9.4,9.6
2010-06-25,9.4,0.0,0.0,9.433333333333335,9.657777777777778,9.4,9.6
2010-06-26,9.4,0.0,0.0,9.426666666666668,9.652222222222221,9.4,9.6
2010-06-27,9.4,0.0,0.0,9.419999999999998,9.646666666666667,9.4,9.6
2010-06-28,9.4,0.0,0.0,9.413333333333334,9.641111111111112,9.4,9.6
2010-06-29,9.4,0.0,0.0,9.406666666666666,9.635555555555555,9.4,9.6
2010-06-30,9.4,0.0,0.0,9.4,9.629999999999999,9.4,9.6
2010-07-01,9.4,0.0,0.0,9.4,9.624444444444444,9.4,9.4
2010-07-02,9.4,0.0,0.0,9.4,9.61888888888889,9.4,9.4
2010-07-03,9.4,0.0,0.0,9.4,9.613333333333333,9.4,9.4
2010-07-04,9.4,0.0,0.0,9.4,9.607777777777779,9.4,9.4
2010-07-05,9.4,0.0,0.0,9.4,9.602222222222222,9.4,9.4
2010-07-06,9.4,0.0,0.0,9.4,9.596666666666666,9.4,9.4
2010-07-07,9.4,0.0,0.0,9.4,9.591111111111111,9.4,9.4
2010-07-08,9.4,0.0,0.0,9.4,9.585555555555556,9.4,9.4
2010-07-09,9.4,0.0,0.0,9.4,9.58,9.4,9.4
2010-07-10,9.4,0.0,0.0,9.4,9.574444444444444,9.4,9.4
2010-07-11,9.4,0.0,0.0,9.4,9.568888888888889,9.4,9.4
2010-07-12,9.4,0.0,0.0,9.4,9.563333333333334,9.4,9.4
2010-07-13,9.4,0.0,0.0,9.4,9.557777777777778,9.4,9.4
2010-07-14,9.4,0.0,0.0,9.4,9.552222222222223,9.4,9.4
2010-07-15,9.4,0.0,0.0,9.4,9.546666666666665,9.4,9.4
2010-07-16,9.4,0.0,0.0,9.4,9.54111111111111,9.4,9.4
2010-07-17,9.4,0.0,0.0,9.4,9.535555555555556,9.4,9.4
2010-07-18,9.4,0.0,0.0,9.4,9.530000000000001,9.4,9.4
2010-07-19,9.4,0.0,0.0,9.4,9.524444444444445,9.4,9.4
2010-07-20,9.4,0.0,0.0,9.4,9.518888888888888,9.4,9.4
2010-07-21,9.4,0.0,0.0,9.4,9.513333333333332,9.4,9.4
2010-07-22,9.4,0.0,0.0,9.4,9.507777777777779,9.4,9.4
2010-07-23,9.4,0.0,0.0,9.4,9.502222222222223,9.4,9.4
2010-07-24,9.4,0.0,0.0,9.4,9.496666666666668,9.4,9.4
2010-07-25,9.4,0.0,0.0,9.4,9.49111111111111,9.4,9.4
2010-07-26,9.4,0.0,0.0,9.4,9.485555555555555,9.4,9.4
2010-07-27,9.4,0.0,0.0,9.4,9.48,9.4,9.4
2010-07-28,9.4,0.0,0.0,9.4,9.474444444444446,9.4,9.4
2010-07-29,9.4,0.0,0.0,9.4,9.46888888888889,9.4,9.4
2010-07-30,9.4,0.0,0.0,9.4,9.466666666666667,9.4,9.4
2010-07-31,9.4,0.0,0.0,9.4,9.464444444444444,9.4,9.4
2010-08-01,9.5,0.09999999999999964,0.010638297872340496,9.403333333333334,9.463333333333335,9.4,9.4
2010-08-02,9.5,0.0,0.0,9.406666666666666,9.462222222222222,9.4,9.4
2010-08-03,9.5,0.0,0.0,9.41,9.46111111111111,9.4,9.4
2010-08-04,9.5,0.0,0.0,9.413333333333332,9.46,9.4,9.4
2010-08-05,9.5,0.0,0.0,9.416666666666666,9.458888888888888,9.4,9.4
2010-08-06,9.5,0.0,0.0,9.42,9.457777777777778,9.4,9.4
2010-08-07,9.5,0.0,0.0,9.423333333333334,9.456666666666665,9.4,9.4
2010-08-08,9.5,0.0,0.0,9.426666666666668,9.455555555555556,9.5,9.4
2010-08-09,9.5,0.0,0.0,9.43,9.454444444444446,9.5,9.4
2010-08-10,9.5,0.0,0.0,9.433333333333334,9.453333333333333,9.5,9.4
2010-08-11,9.5,0.0,0.0,9.436666666666666,9.452222222222222,9.5,9.4
2010-08-12,9.5,0.0,0.0,9.44,9.45111111111111,9.5,9.4
2010-08-13,9.5,0.0,0.0,9.443333333333333,9.45,9.5,9.4
2010-08-14,9.5,0.0,0.0,9.446666666666665,9.44888888888889,9.5,9.4
2010-08-15,9.5,0.0,0.0,9.45,9.447777777777777,9.5,9.4
2010-08-16,9.5,0.0,0.0,9.453333333333331,9.446666666666667,9.5,9.4
2010-08-17,9.5,0.0,0.0,9.456666666666667,9.445555555555554,9.5,9.4
2010-08-18,9.5,0.0,0.0,9.46,9.444444444444445,9.5,9.4
2010-08-19,9.5,0.0,0.0,9.463333333333333,9.443333333333335,9.5,9.4
2010-08-20,9.5,0.0,0.0,9.466666666666667,9.442222222222222,9.5,9.4
2010-08-21,9.5,0.0,0.0,9.469999999999999,9.44111111111111,9.5,9.4
2010-08-22,9.5,0.0,0.0,9.473333333333333,9.44,9.5,9.4
2010-08-23,9.5,0.0,0.0,9.476666666666667,9.438888888888888,9.5,9.4
2010-08-24,9.5,0.0,0.0,9.479999999999999,9.437777777777779,9.5,9.4
2010-08-25,9.5,0.0,0.0,9.483333333333333,9.436666666666666,9.5,9.4
2010-08-26,9.5,0.0,0.0,9.486666666666666,9.435555555555556,9.5,9.4
2010-08-27,9.5,0.0,0.0,9.49,9.434444444444443,9.5,9.4
2010-08-28,9.5,0.0,0.0,9.493333333333334,9.433333333333334,9.5,9.4
2010-08-29,9.5,0.0,0.0,9.496666666666666,9.432222222222224,9.5,9.4
2010-08-30,9.5,0.0,0.0,9.5,9.433333333333334,9.5,9.4
2010-08-31,9.5,0.0,0.0,9.5,9.434444444444443,9.5,9.5
2010-09-01,9.5,0.0,0.0,9.5,9.435555555555556,9.5,9.5
2010-09-02,9.5,0.0,0.0,9.5,9.436666666666666,9.5,9.5
2010-09-03,9.5,0.0,0.0,9.5,9.437777777777779,9.5,9.5
2010-09-04,9.5,0.0,0.0,9.5,9.438888888888888,9.5,9.5
2010-09-05,9.5,0.0,0.0,9.5,9.44,9.5,9.5
2010-09-06,9.5,0.0,0.0,9.5,9.44111111111111,9.5,9.5
2010-09-07,9.5,0.0,0.0,9.5,9.442222222222222,9.5,9.5
2010-09-08,9.5,0.0,0.0,9.5,9.443333333333335,9.5,9.5
2010-09-09,9.5,0.0,0.0,9.5,9.444444444444445,9.5,9.5
2010-09-10,9.5,0.0,0.0,9.5,9.445555555555554,9.5,9.5
2010-09-11,9.5,0.0,0.0,9.5,9.446666666666667,9.5,9.5
2010-09-12,9.5,0.0,0.0,9.5,9.447777777777777,9.5,9.5
2010-09-13,9.5,0.0,0.0,9.5,9.44888888888889,9.5,9.5
2010-09-14,9.5,0.0,0.0,9.5,9.45,9.5,9.5
2010-09-15,9.5,0.0,0.0,9.5,9.45111111111111,9.5,9.5
2010-09-16,9.5,0.0,0.0,9.5,9.452222222222222,9.5,9.5
2010-09-17,9.5,0.0,0.0,9.5,9.453333333333333,9.5,9.5
2010-09-18,9.5,0.0,0.0,9.5,9.454444444444446,9.5,9.5
2010-09-19,9.5,0.0,0.0,9.5,9.455555555555556,9.5,9.5
2010-09-20,9.5,0.0,0.0,9.5,9.456666666666665,9.5,9.5
2010-09-21,9.5,0.0,0.0,9.5,9.457777777777778,9.5,9.5
2010-09-22,9.5,0.0,0.0,9.5,9.458888888888888,9.5,9.5
2010-09-23,9.5,0.0,0.0,9.5,9.46,9.5,9.5
2010-09-24,9.5,0.0,0.0,9.5,9.46111111111111,9.5,9.5
2010-09-25,9.5,0.0,0.0,9.5,9.462222222222222,9.5,9.5
2010-09-26,9.5,0.0,0.0,9.5,9.463333333333335,9.5,9.5
2010-09-27,9.5,0.0,0.0,9.5,9.464444444444444,9.5,9.5
2010-09-28,9.5,0.0,0.0,9.5,9.465555555555557,9.5,9.5
2010-09-29,9.5,0.0,0.0,9.5,9.466666666666667,9.5,9.5
2010-09-30,9.5,0.0,0.0,9.5,9.467777777777776,9.5,9.5
2010-10-01,9.4,-0.09999999999999964,-0.010526315789473606,9.496666666666668,9.467777777777778,9.5,9.5
2010-10-02,9.4,0.0,0.0,9.493333333333334,9.467777777777778,9.5,9.5
2010-10-03,9.4,0.0,0.0,9.49,9.467777777777778,9.5,9.5
2010-10-04,9.4,0.0,0.0,9.486666666666668,9.467777777777778,9.5,9.5
2010-10-05,9.4,0.0,0.0,9.483333333333333,9.467777777777778,9.5,9.5
2010-10-06,9.4,0.0,0.0,9.48,9.467777777777778,9.5,9.5
2010-10-07,9.4,0.0,0.0,9.476666666666667,9.467777777777778,9.5,9.5
2010-10-08,9.4,0.0,0.0,9.473333333333334,9.467777777777778,9.4,9.5
2010-10-09,9.4,0.0,0.0,9.47,9.467777777777778,9.4,9.5
2010-10-10,9.4,0.0,0.0,9.466666666666667,9.467777777777778,9.4,9.5
2010-10-11,9.4,0.0,0.0,9.463333333333335,9.467777777777778,9.4,9.5
2010-10-12,9.4,0.0,0.0,9.46,9.467777777777778,9.4,9.5
2010-10-13,9.4,0.0,0.0,9.456666666666669,9.467777777777778,9.4,9.5
2010-10-14,9.4,0.0,0.0,9.453333333333335,9.467777777777778,9.4,9.5
2010-10-15,9.4,0.0,0.0,9.45,9.467777777777778,9.4,9.5
2010-10-16,9.4,0.0,0.0,9.446666666666667,9.467777777777778,9.4,9.5
2010-10-17,9.4,0.0,0.0,9.443333333333333,9.467777777777778,9.4,9.5
2010-10-18,9.4,0.0,0.0,9.440000000000001,9.467777777777778,9.4,9.5
2010-10-19,9.4,0.0,0.0,9.436666666666667,9.467777777777778,9.4,9.5
2010-10-20,9.4,0.0,0.0,9.433333333333334,9.467777777777778,9.4,9.5
2010-10-21,9.4,0.0,0.0,9.430000000000001,9.467777777777778,9.4,9.5
2010-10-22,9.4,0.0,0.0,9.426666666666668,9.467777777777778,9.4,9.5
2010-10-23,9.4,0.0,0.0,9.423333333333336,9.467777777777778,9.4,9.5
2010-10-24,9.4,0.0,0.0,9.42,9.467777777777778,9.4,9.5
2010-10-25,9.4,0.0,0.0,9.416666666666666,9.467777777777778,9.4,9.5
2010-10-26,9.4,0.0,0.0,9.413333333333334,9.467777777777778,9.4,9.5
2010-10-27,9.4,0.0,0.0,9.41,9.467777777777778,9.4,9.5
2010-10-28,9.4,0.0,0.0,9.406666666666668,9.467777777777778,9.4,9.5
2010-10-29,9.4,0.0,0.0,9.403333333333334,9.467777777777778,9.4,9.5
2010-10-30,9.4,0.0,0.0,9.4,9.466666666666667,9.4,9.5
2010-10-31,9.4,0.0,0.0,9.4,9.465555555555556,9.4,9.4
2010-11-01,9.8,0.40000000000000036,0.042553191489361764,9.413333333333334,9.46888888888889,9.4,9.4
2010-11-02,9.8,0.0,0.0,9.426666666666668,9.472222222222223,9.4,9.4
2010-11-03,9.8,0.0,0.0,9.44,9.475555555555555,9.4,9.4
2010-11-04,9.8,0.0,0.0,9.453333333333335,9.478888888888887,9.4,9.4
2010-11-05,9.8,0.0,0.0,9.466666666666667,9.482222222222221,9.4,9.4
2010-11-06,9.8,0.0,0.0,9.48,9.485555555555557,9.4,9.4
2010-11-07,9.8,0.0,0.0,9.493333333333334,9.48888888888889,9.4,9.4
2010-11-08,9.8,0.0,0.0,9.506666666666666,9.492222222222221,9.8,9.4
2010-11-09,9.8,0.0,0.0,9.520000000000001,9.495555555555555,9.8,9.4
2010-11-10,9.8,0.0,0.0,9.533333333333333,9.498888888888889,9.8,9.4
2010-11-11,9.8,0.0,0.0,9.546666666666669,9.502222222222223,9.8,9.4
2010-11-12,9.8,0.0,0.0,9.56,9.505555555555556,9.8,9.4
2010-11-13,9.8,0.0,0.0,9.573333333333332,9.508888888888889,9.8,9.4
2010-11-14,9.8,0.0,0.0,9.586666666666668,9.51222222222222,9.8,9.4
2010-11-15,9.8,0.0,0.0,9.6,9.515555555555554,9.8,9.4
2010-11-16,9.8,0.0,0.0,9.613333333333335,9.51888888888889,9.8,9.4
2010-11-17,9.8,0.0,0.0,9.626666666666667,9.522222222222224,9.8,9.4
2010-11-18,9.8,0.0,0.0,9.639999999999999,9.525555555555554,9.8,9.4
2010-11-19,9.8,0.0,0.0,9.653333333333334,9.52888888888889,9.8,9.4
2010-11-20,9.8,0.0,0.0,9.666666666666666,9.532222222222224,9.8,9.4
2010-11-21,9.8,0.0,0.0,9.680000000000001,9.535555555555556,9.8,9.4
2010-11-22,9.8,0.0,0.0,9.693333333333333,9.53888888888889,9.8,9.4
2010-11-23,9.8,0.0,0.0,9.706666666666669,9.542222222222222,9.8,9.4
2010-11-24,9.8,0.0,0.0,9.72,9.545555555555556,9.8,9.4
2010-11-25,9.8,0.0,0.0,9.733333333333333,9.54888888888889,9.8,9.4
2010-11-26,9.8,0.0,0.0,9.746666666666668,9.552222222222223,9.8,9.4
2010-11-27,9.8,0.0,0.0,9.76,9.555555555555557,9.8,9.4
2010-11-28,9.8,0.0,0.0,9.773333333333335,9.55888888888889,9.8,9.4
2010-11-29,9.8,0.0,0.0,9.786666666666667,9.562222222222223,9.8,9.4
2010-11-30,9.8,0.0,0.0,9.8,9.565555555555557,9.8,9.4
2010-12-01,9.3,-0.5,-0.05102040816326525,9.783333333333333,9.563333333333334,9.8,9.8
2010-12-02,9.3,0.0,0.0,9.76666666666667,9.561111111111112,9.8,9.8
2010-12-03,9.3,0.0,0.0,9.750000000000002,9.55888888888889,9.8,9.8
2010-12-04,9.3,0.0,0.0,9.733333333333333,9.556666666666667,9.8,9.8
2010-12-05,9.3,0.0,0.0,9.716666666666667,9.554444444444446,9.8,9.8
2010-12-06,9.3,0.0,0.0,9.7,9.552222222222223,9.8,9.8
2010-12-07,9.3,0.0,0.0,9.683333333333334,9.55,9.8,9.8
2010-12-08,9.3,0.0,0.0,9.666666666666668,9.547777777777778,9.3,9.8
2010-12-09,9.3,0.0,0.0,9.650000000000002,9.545555555555556,9.3,9.8
2010-12-10,9.3,0.0,0.0,9.633333333333333,9.543333333333335,9.3,9.8
2010-12-11,9.3,0.0,0.0,9.616666666666667,9.541111111111112,9.3,9.8
2010-12-12,9.3,0.0,0.0,9.6,9.53888888888889,9.3,9.8
2010-12-13,9.3,0.0,0.0,9.583333333333336,9.536666666666665,9.3,9.8
2010-12-14,9.3,0.0,0.0,9.566666666666668,9.534444444444444,9.3,9.8
2010-12-15,9.3,0.0,0.0,9.55,9.532222222222224,9.3,9.8
2010-12-16,9.3,0.0,0.0,9.533333333333333,9.530000000000001,9.3,9.8
2010-12-17,9.3,0.0,0.0,9.516666666666667,9.527777777777779,9.3,9.8
2010-12-18,9.3,0.0,0.0,9.500000000000002,9.525555555555554,9.3,9.8
2010-12-19,9.3,0.0,0.0,9.483333333333336,9.523333333333333,9.3,9.8
2010-12-20,9.3,0.0,0.0,9.466666666666667,9.521111111111113,9.3,9.8
2010-12-21,9.3,0.0,0.0,9.45,9.51888888888889,9.3,9.8
2010-12-22,9.3,0.0,0.0,9.433333333333334,9.516666666666667,9.3,9.8
2010-12-23,9.3,0.0,0.0,9.416666666666666,9.514444444444443,9.3,9.8
2010-12-24,9.3,0.0,0.0,9.400000000000002,9.512222222222222,9.3,9.8
2010-12-25,9.3,0.0,0.0,9.383333333333335,9.510000000000002,9.3,9.8
2010-12-26,9.3,0.0,0.0,9.366666666666667,9.507777777777779,9.3,9.8
2010-12-27,9.3,0.0,0.0,9.35,9.505555555555556,9.3,9.8
2010-12-28,9.3,0.0,0.0,9.333333333333334,9.503333333333332,9.3,9.8
2010-12-29,9.3,0.0,0.0,9.316666666666668,9.501111111111111,9.3,9.8
2010-12-30,9.3,0.0,0.0,9.3,9.5,9.3,9.8
2010-12-31,9.3,0.0,0.0,9.3,9.49888888888889,9.3,9.3
2011-01-01,9.1,-0.20000000000000107,-0.021505376344086113,9.293333333333333,9.495555555555557,9.3,9.3
2011-01-02,9.1,0.0,0.0,9.286666666666667,9.492222222222223,9.3,9.3
2011-01-03,9.1,0.0,0.0,9.280000000000001,9.488888888888889,9.3,9.3
2011-01-04,9.1,0.0,0.0,9.273333333333335,9.485555555555557,9.3,9.3
2011-01-05,9.1,0.0,0.0,9.266666666666667,9.482222222222223,9.3,9.3
2011-01-06,9.1,0.0,0.0,9.26,9.47888888888889,9.3,9.3
2011-01-07,9.1,0.0,0.0,9.253333333333334,9.475555555555557,9.3,9.3
2011-01-08,9.1,0.0,0.0,9.246666666666666,9.472222222222221,9.1,9.3
2011-01-09,9.1,0.0,0.0,9.240000000000002,9.46888888888889,9.1,9.3
2011-01-10,9.1,0.0,0.0,9.233333333333333,9.465555555555557,9.1,9.3
2011-01-11,9.1,0.0,0.0,9.226666666666667,9.462222222222222,9.1,9.3
2011-01-12,9.1,0.0,0.0,9.22,9.45888888888889,9.1,9.3
2011-01-13,9.1,0.0,0.0,9.213333333333333,9.455555555555556,9.1,9.3
2011-01-14,9.1,0.0,0.0,9.206666666666669,9.452222222222222,9.1,9.3
2011-01-15,9.1,0.0,0.0,9.2,9.44888888888889,9.1,9.3
2011-01-16,9.1,0.0,0.0,9.193333333333333,9.445555555555556,9.1,9.3
2011-01-17,9.1,0.0,0.0,9.186666666666667,9.442222222222224,9.1,9.3
2011-01-18,9.1,0.0,0.0,9.18,9.438888888888888,9.1,9.3
2011-01-19,9.1,0.0,0.0,9.173333333333336,9.435555555555556,9.1,9.3
2011-01-20,9.1,0.0,0.0,9.166666666666666,9.432222222222224,9.1,9.3
2011-01-21,9.1,0.0,0.0,9.16,9.428888888888888,9.1,9.3
2011-01-22,9.1,0.0,0.0,9.153333333333332,9.425555555555556,9.1,9.3
2011-01-23,9.1,0.0,0.0,9.146666666666667,9.422222222222222,9.1,9.3
2011-01-24,9.1,0.0,0.0,9.139999999999999,9.418888888888889,9.1,9.3
2011-01-25,9.1,0.0,0.0,9.133333333333333,9.415555555555557,9.1,9.3
2011-01-26,9.1,0.0,0.0,9.126666666666667,9.412222222222223,9.1,9.3
2011-01-27,9.1,0.0,0.0,9.12,9.408888888888889,9.1,9.3
2011-01-28,9.1,0.0,0.0,9.113333333333333,9.405555555555555,9.1,9.3
2011-01-29,9.1,0.0,0.0,9.106666666666666,9.402222222222223,9.1,9.3
2011-01-30,9.1,0.0,0.0,9.1,9.394444444444444,9.1,9.3
2011-01-31,9.1,0.0,0.0,9.1,9.386666666666667,9.1,9.1
2011-02-01,9.0,-0.09999999999999964,-0.01098901098901095,9.096666666666666,9.377777777777778,9.1,9.1
2011-02-02,9.0,0.0,0.0,9.093333333333334,9.36888888888889,9.1,9.1
2011-02-03,9.0,0.0,0.0,9.09,9.36,9.1,9.1
2011-02-04,9.0,0.0,0.0,9.086666666666668,9.351111111111111,9.1,9.1
2011-02-05,9.0,0.0,0.0,9.083333333333334,9.342222222222222,9.1,9.1
2011-02-06,9.0,0.0,0.0,9.08,9.333333333333334,9.1,9.1
2011-02-07,9.0,0.0,0.0,9.076666666666666,9.324444444444445,9.1,9.1
2011-02-08,9.0,0.0,0.0,9.073333333333332,9.315555555555555,9.0,9.1
2011-02-09,9.0,0.0,0.0,9.07,9.306666666666667,9.0,9.1
2011-02-10,9.0,0.0,0.0,9.066666666666666,9.297777777777778,9.0,9.1
2011-02-11,9.0,0.0,0.0,9.063333333333333,9.28888888888889,9.0,9.1
2011-02-12,9.0,0.0,0.0,9.06,9.280000000000001,9.0,9.1
2011-02-13,9.0,0.0,0.0,9.056666666666667,9.27111111111111,9.0,9.1
2011-02-14,9.0,0.0,0.0,9.053333333333335,9.262222222222222,9.0,9.1
2011-02-15,9.0,0.0,0.0,9.05,9.253333333333332,9.0,9.1
2011-02-16,9.0,0.0,0.0,9.046666666666665,9.244444444444444,9.0,9.1
2011-02-17,9.0,0.0,0.0,9.043333333333333,9.235555555555555,9.0,9.1
2011-02-18,9.0,0.0,0.0,9.04,9.226666666666667,9.0,9.1
2011-02-19,9.0,0.0,0.0,9.036666666666667,9.217777777777778,9.0,9.1
2011-02-20,9.0,0.0,0.0,9.033333333333333,9.208888888888888,9.0,9.1
2011-02-21,9.0,0.0,0.0,9.030000000000001,9.2,9.0,9.1
2011-02-22,9.0,0.0,0.0,9.026666666666667,9.19111111111111,9.0,9.1
2011-02-23,9.0,0.0,0.0,9.023333333333333,9.182222222222222,9.0,9.1
2011-02-24,9.0,0.0,0.0,9.020000000000001,9.173333333333334,9.0,9.1
2011-02-25,9.0,0.0,0.0,9.016666666666667,9.164444444444444,9.0,9.1
2011-02-26,9.0,0.0,0.0,9.013333333333334,9.155555555555555,9.0,9.1
2011-02-27,9.0,0.0,0.0,9.01,9.146666666666667,9.0,9.1
2011-02-28,9.0,0.0,0.0,9.006666666666666,9.137777777777778,9.0,9.1
2011-03-01,9.0,0.0,0.0,9.003333333333334,9.134444444444444,9.0,9.1
2011-03-02,9.0,0.0,0.0,9.0,9.13111111111111,9.0,9.1
2011-03-03,9.0,0.0,0.0,9.0,9.127777777777778,9.0,9.0
2011-03-04,9.0,0.0,0.0,9.0,9.124444444444444,9.0,9.0
2011-03-05,9.0,0.0,0.0,9.0,9.12111111111111,9.0,9.0
2011-03-06,9.0,0.0,0.0,9.0,9.117777777777778,9.0,9.0
2011-03-07,9.0,0.0,0.0,9.0,9.114444444444445,9.0,9.0
2011-03-08,9.0,0.0,0.0,9.0,9.11111111111111,9.0,9.0
2011-03-09,9.0,0.0,0.0,9.0,9.107777777777777,9.0,9.0
2011-03-10,9.0,0.0,0.0,9.0,9.104444444444445,9.0,9.0
2011-03-11,9.0,0.0,0.0,9.0,9.101111111111111,9.0,9.0
2011-03-12,9.0,0.0,0.0,9.0,9.097777777777777,9.0,9.0
2011-03-13,9.0,0.0,0.0,9.0,9.094444444444445,9.0,9.0
2011-03-14,9.0,0.0,0.0,9.0,9.091111111111111,9.0,9.0
2011-03-15,9.0,0.0,0.0,9.0,9.087777777777777,9.0,9.0
2011-03-16,9.0,0.0,0.0,9.0,9.084444444444445,9.0,9.0
2011-03-17,9.0,0.0,0.0,9.0,9.081111111111111,9.0,9.0
2011-03-18,9.0,0.0,0.0,9.0,9.077777777777778,9.0,9.0
2011-03-19,9.0,0.0,0.0,9.0,9.074444444444444,9.0,9.0
2011-03-20,9.0,0.0,0.0,9.0,9.071111111111112,9.0,9.0
2011-03-21,9.0,0.0,0.0,9.0,9.067777777777776,9.0,9.0
2011-03-22,9.0,0.0,0.0,9.0,9.064444444444444,9.0,9.0
2011-03-23,9.0,0.0,0.0,9.0,9.061111111111112,9.0,9.0
2011-03-24,9.0,0.0,0.0,9.0,9.057777777777776,9.0,9.0
2011-03-25,9.0,0.0,0.0,9.0,9.054444444444444,9.0,9.0
2011-03-26,9.0,0.0,0.0,9.0,9.05111111111111,9.0,9.0
2011-03-27,9.0,0.0,0.0,9.0,9.047777777777778,9.0,9.0
2011-03-28,9.0,0.0,0.0,9.0,9.044444444444444,9.0,9.0
2011-03-29,9.0,0.0,0.0,9.0,9.04111111111111,9.0,9.0
2011-03-30,9.0,0.0,0.0,9.0,9.037777777777778,9.0,9.0
2011-03-31,9.0,0.0,0.0,9.0,9.034444444444443,9.0,9.0
2011-04-01,9.1,0.09999999999999964,0.011111111111111072,9.003333333333332,9.034444444444444,9.0,9.0
2011-04-02,9.1,0.0,0.0,9.006666666666666,9.034444444444444,9.0,9.0
2011-04-03,9.1,0.0,0.0,9.01,9.034444444444444,9.0,9.0
2011-04-04,9.1,0.0,0.0,9.013333333333332,9.034444444444443,9.0,9.0
2011-04-05,9.1,0.0,0.0,9.016666666666667,9.034444444444443,9.0,9.0
2011-04-06,9.1,0.0,0.0,9.02,9.034444444444444,9.0,9.0
2011-04-07,9.1,0.0,0.0,9.023333333333333,9.034444444444444,9.0,9.0
2011-04-08,9.1,0.0,0.0,9.026666666666667,9.034444444444444,9.1,9.0
2011-04-09,9.1,0.0,0.0,9.03,9.034444444444443,9.1,9.0
2011-04-10,9.1,0.0,0.0,9.033333333333333,9.034444444444443,9.1,9.0
2011-04-11,9.1,0.0,0.0,9.036666666666665,9.034444444444444,9.1,9.0
2011-04-12,9.1,0.0,0.0,9.04,9.034444444444444,9.1,9.0
2011-04-13,9.1,0.0,0.0,9.043333333333333,9.034444444444444,9.1,9.0
2011-04-14,9.1,0.0,0.0,9.046666666666665,9.034444444444443,9.1,9.0
2011-04-15,9.1,0.0,0.0,9.05,9.034444444444443,9.1,9.0
2011-04-16,9.1,0.0,0.0,9.053333333333333,9.034444444444444,9.1,9.0
2011-04-17,9.1,0.0,0.0,9.056666666666667,9.034444444444444,9.1,9.0
2011-04-18,9.1,0.0,0.0,9.059999999999999,9.034444444444444,9.1,9.0
2011-04-19,9.1,0.0,0.0,9.063333333333333,9.034444444444443,9.1,9.0
2011-04-20,9.1,0.0,0.0,9.066666666666666,9.034444444444443,9.1,9.0
2011-04-21,9.1,0.0,0.0,9.069999999999999,9.034444444444444,9.1,9.0
2011-04-22,9.1,0.0,0.0,9.073333333333332,9.034444444444444,9.1,9.0
2011-04-23,9.1,0.0,0.0,9.076666666666664,9.034444444444444,9.1,9.0
2011-04-24,9.1,0.0,0.0,9.08,9.034444444444443,9.1,9.0
2011-04-25,9.1,0.0,0.0,9.083333333333334,9.034444444444444,9.1,9.0
2011-04-26,9.1,0.0,0.0,9.086666666666666,9.034444444444444,9.1,9.0
2011-04-27,9.1,0.0,0.0,9.09,9.034444444444444,9.1,9.0
2011-04-28,9.1,0.0,0.0,9.093333333333332,9.034444444444444,9.1,9.0
2011-04-29,9.1,0.0,0.0,9.096666666666666,9.034444444444443,9.1,9.0
2011-04-30,9.1,0.0,0.0,9.1,9.034444444444444,9.1,9.0
2011-05-01,9.0,-0.09999999999999964,-0.01098901098901095,9.096666666666668,9.033333333333333,9.1,9.1
2011-05-02,9.0,0.0,0.0,9.093333333333334,9.033333333333333,9.1,9.1
2011-05-03,9.0,0.0,0.0,9.09,9.033333333333333,9.1,9.1
2011-05-04,9.0,0.0,0.0,9.086666666666668,9.033333333333333,9.1,9.1
2011-05-05,9.0,0.0,0.0,9.083333333333334,9.033333333333333,9.1,9.1
2011-05-06,9.0,0.0,0.0,9.080000000000002,9.033333333333333,9.1,9.1
2011-05-07,9.0,0.0,0.0,9.076666666666666,9.033333333333333,9.1,9.1
2011-05-08,9.0,0.0,0.0,9.073333333333332,9.033333333333333,9.0,9.1
2011-05-09,9.0,0.0,0.0,9.07,9.033333333333333,9.0,9.1
2011-05-10,9.0,0.0,0.0,9.066666666666666,9.033333333333333,9.0,9.1
2011-05-11,9.0,0.0,0.0,9.063333333333334,9.033333333333333,9.0,9.1
2011-05-12,9.0,0.0,0.0,9.06,9.033333333333333,9.0,9.1
2011-05-13,9.0,0.0,0.0,9.056666666666667,9.033333333333333,9.0,9.1
2011-05-14,9.0,0.0,0.0,9.053333333333335,9.033333333333333,9.0,9.1
2011-05-15,9.0,0.0,0.0,9.05,9.033333333333333,9.0,9.1
2011-05-16,9.0,0.0,0.0,9.046666666666669,9.033333333333333,9.0,9.1
2011-05-17,9.0,0.0,0.0,9.043333333333333,9.033333333333333,9.0,9.1
2011-05-18,9.0,0.0,0.0,9.040000000000001,9.033333333333333,9.0,9.1
2011-05-19,9.0,0.0,0.0,9.036666666666667,9.033333333333333,9.0,9.1
2011-05-20,9.0,0.0,0.0,9.033333333333333,9.033333333333333,9.0,9.1
2011-05-21,9.0,0.0,0.0,9.030000000000001,9.033333333333333,9.0,9.1
2011-05-22,9.0,0.0,0.0,9.026666666666667,9.033333333333333,9.0,9.1
2011-05-23,9.0,0.0,0.0,9.023333333333335,9.033333333333333,9.0,9.1
2011-05-24,9.0,0.0,0.0,9.020000000000001,9.033333333333333,9.0,9.1
2011-05-25,9.0,0.0,0.0,9.016666666666667,9.033333333333333,9.0,9.1
2011-05-26,9.0,0.0,0.0,9.013333333333334,9.033333333333333,9.0,9.1
2011-05-27,9.0,0.0,0.0,9.01,9.033333333333333,9.0,9.1
2011-05-28,9.0,0.0,0.0,9.006666666666668,9.033333333333333,9.0,9.1
2011-05-29,9.0,0.0,0.0,9.003333333333334,9.033333333333333,9.0,9.1
2011-05-30,9.0,0.0,0.0,9.0,9.033333333333333,9.0,9.1
2011-05-31,9.0,0.0,0.0,9.0,9.033333333333333,9.0,9.0
2011-06-01,9.1,0.09999999999999964,0.011111111111111072,9.003333333333332,9.034444444444444,9.0,9.0
2011-06-02,9.1,0.0,0.0,9.006666666666666,9.035555555555556,9.0,9.0
2011-06-03,9.1,0.0,0.0,9.009999999999998,9.036666666666667,9.0,9.0
2011-06-04,9.1,0.0,0.0,9.013333333333332,9.037777777777778,9.0,9.0
2011-06-05,9.1,0.0,0.0,9.016666666666667,9.03888888888889,9.0,9.0
2011-06-06,9.1,0.0,0.0,9.02,9.040000000000001,9.0,9.0
2011-06-07,9.1,0.0,0.0,9.023333333333333,9.041111111111112,9.0,9.0
2011-06-08,9.1,0.0,0.0,9.026666666666666,9.042222222222223,9.1,9.0
2011-06-09,9.1,0.0,0.0,9.03,9.043333333333333,9.1,9.0
2011-06-10,9.1,0.0,0.0,9.033333333333333,9.044444444444444,9.1,9.0
2011-06-11,9.1,0.0,0.0,9.036666666666665,9.045555555555556,9.1,9.0
2011-06-12,9.1,0.0,0.0,9.04,9.046666666666667,9.1,9.0
2011-06-13,9.1,0.0,0.0,9.043333333333331,9.047777777777778,9.1,9.0
2011-06-14,9.1,0.0,0.0,9.046666666666665,9.04888888888889,9.1,9.0
2011-06-15,9.1,0.0,0.0,9.05,9.05,9.1,9.0
2011-06-16,9.1,0.0,0.0,9.053333333333333,9.051111111111112,9.1,9.0
2011-06-17,9.1,0.0,0.0,9.056666666666667,9.052222222222223,9.1,9.0
2011-06-18,9.1,0.0,0.0,9.059999999999999,9.053333333333335,9.1,9.0
2011-06-19,9.1,0.0,0.0,9.063333333333333,9.054444444444444,9.1,9.0
2011-06-20,9.1,0.0,0.0,9.066666666666666,9.055555555555555,9.1,9.0
2011-06-21,9.1,0.0,0.0,9.069999999999999,9.056666666666667,9.1,9.0
2011-06-22,9.1,0.0,0.0,9.073333333333332,9.057777777777778,9.1,9.0
2011-06-23,9.1,0.0,0.0,9.076666666666664,9.05888888888889,9.1,9.0
2011-06-24,9.1,0.0,0.0,9.08,9.06,9.1,9.0
2011-06-25,9.1,0.0,0.0,9.083333333333332,9.061111111111112,9.1,9.0
2011-06-26,9.1,0.0,0.0,9.086666666666666,9.062222222222223,9.1,9.0
2011-06-27,9.1,0.0,0.0,9.09,9.063333333333334,9.1,9.0
2011-06-28,9.1,0.0,0.0,9.093333333333332,9.064444444444444,9.1,9.0
2011-06-29,9.1,0.0,0.0,9.096666666666666,9.065555555555555,9.1,9.0
2011-06-30,9.1,0.0,0.0,9.1,9.065555555555555,9.1,9.0
2011-07-01,9.0,-0.09999999999999964,-0.01098901098901095,9.096666666666666,9.064444444444444,9.1,9.1
2011-07-02,9.0,0.0,0.0,9.093333333333332,9.063333333333333,9.1,9.1
2011-07-03,9.0,0.0,0.0,9.09,9.062222222222223,9.1,9.1
2011-07-04,9.0,0.0,0.0,9.086666666666666,9.061111111111112,9.1,9.1
2011-07-05,9.0,0.0,0.0,9.083333333333332,9.06,9.1,9.1
2011-07-06,9.0,0.0,0.0,9.08,9.05888888888889,9.1,9.1
2011-07-07,9.0,0.0,0.0,9.076666666666664,9.057777777777776,9.1,9.1
2011-07-08,9.0,0.0,0.0,9.073333333333332,9.056666666666667,9.0,9.1
2011-07-09,9.0,0.0,0.0,9.069999999999999,9.055555555555555,9.0,9.1
2011-07-10,9.0,0.0,0.0,9.066666666666665,9.054444444444444,9.0,9.1
2011-07-11,9.0,0.0,0.0,9.063333333333333,9.053333333333333,9.0,9.1
2011-07-12,9.0,0.0,0.0,9.059999999999999,9.052222222222222,9.0,9.1
2011-07-13,9.0,0.0,0.0,9.056666666666667,9.051111111111112,9.0,9.1
2011-07-14,9.0,0.0,0.0,9.053333333333333,9.05,9.0,9.1
2011-07-15,9.0,0.0,0.0,9.049999999999999,9.04888888888889,9.0,9.1
2011-07-16,9.0,0.0,0.0,9.046666666666665,9.047777777777778,9.0,9.1
2011-07-17,9.0,0.0,0.0,9.043333333333331,9.046666666666665,9.0,9.1
2011-07-18,9.0,0.0,0.0,9.04,9.045555555555556,9.0,9.1
2011-07-19,9.0,0.0,0.0,9.036666666666665,9.044444444444444,9.0,9.1
2011-07-20,9.0,0.0,0.0,9.033333333333333,9.043333333333333,9.0,9.1
2011-07-21,9.0,0.0,0.0,9.03,9.042222222222222,9.0,9.1
2011-07-22,9.0,0.0,0.0,9.026666666666666,9.04111111111111,9.0,9.1
2011-07-23,9.0,0.0,0.0,9.023333333333333,9.040000000000001,9.0,9.1
2011-07-24,9.0,0.0,0.0,9.02,9.03888888888889,9.0,9.1
2011-07-25,9.0,0.0,0.0,9.016666666666667,9.037777777777778,9.0,9.1
2011-07-26,9.0,0.0,0.0,9.013333333333332,9.036666666666665,9.0,9.1
2011-07-27,9.0,0.0,0.0,9.009999999999998,9.035555555555554,9.0,9.1
2011-07-28,9.0,0.0,0.0,9.006666666666666,9.034444444444444,9.0,9.1
2011-07-29,9.0,0.0,0.0,9.003333333333332,9.033333333333333,9.0,9.1
2011-07-30,9.0,0.0,0.0,9.0,9.033333333333333,9.0,9.1
2011-07-31,9.0,0.0,0.0,9.0,9.033333333333333,9.0,9.0
2011-08-01,9.0,0.0,0.0,9.0,9.033333333333333,9.0,9.0
2011-08-02,9.0,0.0,0.0,9.0,9.033333333333333,9.0,9.0
2011-08-03,9.0,0.0,0.0,9.0,9.033333333333333,9.0,9.0
2011-08-04,9.0,0.0,0.0,9.0,9.033333333333333,9.0,9.0
2011-08-05,9.0,0.0,0.0,9.0,9.033333333333333,9.0,9.0
2011-08-06,9.0,0.0,0.0,9.0,9.033333333333333,9.0,9.0
2011-08-07,9.0,0.0,0.0,9.0,9.033333333333333,9.0,9.0
2011-08-08,9.0,0.0,0.0,9.0,9.033333333333333,9.0,9.0
2011-08-09,9.0,0.0,0.0,9.0,9.033333333333333,9.0,9.0
2011-08-10,9.0,0.0,0.0,9.0,9.033333333333333,9.0,9.0
2011-08-11,9.0,0.0,0.0,9.0,9.033333333333333,9.0,9.0
2011-08-12,9.0,0.0,0.0,9.0,9.033333333333333,9.0,9.0
2011-08-13,9.0,0.0,0.0,9.0,9.033333333333333,9.0,9.0
2011-08-14,9.0,0.0,0.0,9.0,9.033333333333333,9.0,9.0
2011-08-15,9.0,0.0,0.0,9.0,9.033333333333333,9.0,9.0
2011-08-16,9.0,0.0,0.0,9.0,9.033333333333333,9.0,9.0
2011-08-17,9.0,0.0,0.0,9.0,9.033333333333333,9.0,9.0
2011-08-18,9.0,0.0,0.0,9.0,9.033333333333333,9.0,9.0
2011-08-19,9.0,0.0,0.0,9.0,9.033333333333333,9.0,9.0
2011-08-20,9.0,0.0,0.0,9.0,9.033333333333333,9.0,9.0
2011-08-21,9.0,0.0,0.0,9.0,9.033333333333333,9.0,9.0
2011-08-22,9.0,0.0,0.0,9.0,9.033333333333333,9.0,9.0
2011-08-23,9.0,0.0,0.0,9.0,9.033333333333333,9.0,9.0
2011-08-24,9.0,0.0,0.0,9.0,9.033333333333333,9.0,9.0
2011-08-25,9.0,0.0,0.0,9.0,9.033333333333333,9.0,9.0
2011-08-26,9.0,0.0,0.0,9.0,9.033333333333333,9.0,9.0
2011-08-27,9.0,0.0,0.0,9.0,9.033333333333333,9.0,9.0
2011-08-28,9.0,0.0,0.0,9.0,9.033333333333333,9.0,9.0
2011-08-29,9.0,0.0,0.0,9.0,9.033333333333333,9.0,9.0
2011-08-30,9.0,0.0,0.0,9.0,9.032222222222222,9.0,9.0
2011-08-31,9.0,0.0,0.0,9.0,9.03111111111111,9.0,9.0
2011-09-01,9.0,0.0,0.0,9.0,9.03,9.0,9.0
2011-09-02,9.0,0.0,0.0,9.0,9.02888888888889,9.0,9.0
2011-09-03,9.0,0.0,0.0,9.0,9.027777777777779,9.0,9.0
2011-09-04,9.0,0.0,0.0,9.0,9.026666666666667,9.0,9.0
2011-09-05,9.0,0.0,0.0,9.0,9.025555555555554,9.0,9.0
2011-09-06,9.0,0.0,0.0,9.0,9.024444444444443,9.0,9.0
2011-09-07,9.0,0.0,0.0,9.0,9.023333333333333,9.0,9.0
2011-09-08,9.0,0.0,0.0,9.0,9.022222222222222,9.0,9.0
2011-09-09,9.0,0.0,0.0,9.0,9.02111111111111,9.0,9.0
2011-09-10,9.0,0.0,0.0,9.0,9.02,9.0,9.0
2011-09-11,9.0,0.0,0.0,9.0,9.018888888888888,9.0,9.0
2011-09-12,9.0,0.0,0.0,9.0,9.017777777777779,9.0,9.0
2011-09-13,9.0,0.0,0.0,9.0,9.016666666666667,9.0,9.0
2011-09-14,9.0,0.0,0.0,9.0,9.015555555555554,9.0,9.0
2011-09-15,9.0,0.0,0.0,9.0,9.014444444444443,9.0,9.0
2011-09-16,9.0,0.0,0.0,9.0,9.013333333333332,9.0,9.0
2011-09-17,9.0,0.0,0.0,9.0,9.012222222222222,9.0,9.0
2011-09-18,9.0,0.0,0.0,9.0,9.011111111111111,9.0,9.0
2011-09-19,9.0,0.0,0.0,9.0,9.01,9.0,9.0
2011-09-20,9.0,0.0,0.0,9.0,9.008888888888889,9.0,9.0
2011-09-21,9.0,0.0,0.0,9.0,9.007777777777777,9.0,9.0
2011-09-22,9.0,0.0,0.0,9.0,9.006666666666668,9.0,9.0
2011-09-23,9.0,0.0,0.0,9.0,9.005555555555556,9.0,9.0
2011-09-24,9.0,0.0,0.0,9.0,9.004444444444443,9.0,9.0
2011-09-25,9.0,0.0,0.0,9.0,9.003333333333332,9.0,9.0
2011-09-26,9.0,0.0,0.0,9.0,9.002222222222223,9.0,9.0
2011-09-27,9.0,0.0,0.0,9.0,9.001111111111111,9.0,9.0
2011-09-28,9.0,0.0,0.0,9.0,9.0,9.0,9.0
2011-09-29,9.0,0.0,0.0,9.0,9.0,9.0,9.0
2011-09-30,9.0,0.0,0.0,9.0,9.0,9.0,9.0
2011-10-01,8.8,-0.1999999999999993,-0.022222222222222143,8.993333333333334,8.997777777777777,9.0,9.0
2011-10-02,8.8,0.0,0.0,8.986666666666668,8.995555555555557,9.0,9.0
2011-10-03,8.8,0.0,0.0,8.98,8.993333333333332,9.0,9.0
2011-10-04,8.8,0.0,0.0,8.973333333333334,8.991111111111111,9.0,9.0
2011-10-05,8.8,0.0,0.0,8.966666666666667,8.988888888888889,9.0,9.0
2011-10-06,8.8,0.0,0.0,8.96,8.986666666666668,9.0,9.0
2011-10-07,8.8,0.0,0.0,8.953333333333335,8.984444444444446,9.0,9.0
2011-10-08,8.8,0.0,0.0,8.946666666666667,8.982222222222221,8.8,9.0
2011-10-09,8.8,0.0,0.0,8.940000000000001,8.98,8.8,9.0
2011-10-10,8.8,0.0,0.0,8.933333333333335,8.977777777777778,8.8,9.0
2011-10-11,8.8,0.0,0.0,8.926666666666668,8.975555555555557,8.8,9.0
2011-10-12,8.8,0.0,0.0,8.92,8.973333333333333,8.8,9.0
2011-10-13,8.8,0.0,0.0,8.913333333333334,8.97111111111111,8.8,9.0
2011-10-14,8.8,0.0,0.0,8.906666666666668,8.96888888888889,8.8,9.0
2011-10-15,8.8,0.0,0.0,8.900000000000002,8.966666666666667,8.8,9.0
2011-10-16,8.8,0.0,0.0,8.893333333333334,8.964444444444446,8.8,9.0
2011-10-17,8.8,0.0,0.0,8.886666666666667,8.962222222222222,8.8,9.0
2011-10-18,8.8,0.0,0.0,8.88,8.959999999999999,8.8,9.0
2011-10-19,8.8,0.0,0.0,8.873333333333335,8.957777777777778,8.8,9.0
2011-10-20,8.8,0.0,0.0,8.866666666666669,8.955555555555556,8.8,9.0
2011-10-21,8.8,0.0,0.0,8.860000000000003,8.953333333333335,8.8,9.0
2011-10-22,8.8,0.0,0.0,8.853333333333333,8.95111111111111,8.8,9.0
2011-10-23,8.8,0.0,0.0,8.846666666666668,8.948888888888888,8.8,9.0
2011-10-24,8.8,0.0,0.0,8.840000000000002,8.946666666666667,8.8,9.0
2011-10-25,8.8,0.0,0.0,8.833333333333336,8.944444444444445,8.8,9.0
2011-10-26,8.8,0.0,0.0,8.82666666666667,8.942222222222224,8.8,9.0
2011-10-27,8.8,0.0,0.0,8.82,8.94,8.8,9.0
2011-10-28,8.8,0.0,0.0,8.813333333333334,8.937777777777777,8.8,9.0
2011-10-29,8.8,0.0,0.0,8.806666666666668,8.935555555555556,8.8,9.0
2011-10-30,8.8,0.0,0.0,8.8,8.933333333333334,8.8,9.0
2011-10-31,8.8,0.0,0.0,8.8,8.931111111111111,8.8,8.8
2011-11-01,8.6,-0.20000000000000107,-0.022727272727272818,8.793333333333333,8.926666666666666,8.8,8.8
2011-11-02,8.6,0.0,0.0,8.786666666666667,8.922222222222222,8.8,8.8
2011-11-03,8.6,0.0,0.0,8.780000000000001,8.917777777777777,8.8,8.8
2011-11-04,8.6,0.0,0.0,8.773333333333335,8.913333333333334,8.8,8.8
2011-11-05,8.6,0.0,0.0,8.766666666666667,8.908888888888889,8.8,8.8
2011-11-06,8.6,0.0,0.0,8.76,8.904444444444444,8.8,8.8
2011-11-07,8.6,0.0,0.0,8.753333333333334,8.9,8.8,8.8
2011-11-08,8.6,0.0,0.0,8.746666666666666,8.895555555555555,8.6,8.8
2011-11-09,8.6,0.0,0.0,8.74,8.891111111111112,8.6,8.8
2011-11-10,8.6,0.0,0.0,8.733333333333333,8.886666666666667,8.6,8.8
2011-11-11,8.6,0.0,0.0,8.726666666666667,8.882222222222222,8.6,8.8
2011-11-12,8.6,0.0,0.0,8.72,8.877777777777778,8.6,8.8
2011-11-13,8.6,0.0,0.0,8.713333333333333,8.873333333333333,8.6,8.8
2011-11-14,8.6,0.0,0.0,8.706666666666667,8.86888888888889,8.6,8.8
2011-11-15,8.6,0.0,0.0,8.7,8.864444444444445,8.6,8.8
2011-11-16,8.6,0.0,0.0,8.693333333333333,8.86,8.6,8.8
2011-11-17,8.6,0.0,0.0,8.686666666666667,8.855555555555556,8.6,8.8
2011-11-18,8.6,0.0,0.0,8.68,8.851111111111111,8.6,8.8
2011-11-19,8.6,0.0,0.0,8.673333333333334,8.846666666666668,8.6,8.8
2011-11-20,8.6,0.0,0.0,8.666666666666666,8.842222222222222,8.6,8.8
2011-11-21,8.6,0.0,0.0,8.66,8.837777777777777,8.6,8.8
2011-11-22,8.6,0.0,0.0,8.653333333333334,8.833333333333334,8.6,8.8
2011-11-23,8.6,0.0,0.0,8.646666666666667,8.828888888888889,8.6,8.8
2011-11-24,8.6,0.0,0.0,8.639999999999999,8.824444444444445,8.6,8.8
2011-11-25,8.6,0.0,0.0,8.633333333333333,8.82,8.6,8.8
2011-11-26,8.6,0.0,0.0,8.626666666666667,8.815555555555555,8.6,8.8
2011-11-27,8.6,0.0,0.0,8.620000000000001,8.811111111111112,8.6,8.8
2011-11-28,8.6,0.0,0.0,8.613333333333333,8.806666666666667,8.6,8.8
2011-11-29,8.6,0.0,0.0,8.606666666666666,8.802222222222223,8.6,8.8
2011-11-30,8.6,0.0,0.0,8.6,8.797777777777778,8.6,8.8
2011-12-01,8.5,-0.09999999999999964,-0.011627906976744096,8.596666666666666,8.792222222222223,8.6,8.6
2011-12-02,8.5,0.0,0.0,8.593333333333332,8.786666666666667,8.6,8.6
2011-12-03,8.5,0.0,0.0,8.59,8.781111111111112,8.6,8.6
2011-12-04,8.5,0.0,0.0,8.586666666666666,8.775555555555556,8.6,8.6
2011-12-05,8.5,0.0,0.0,8.583333333333334,8.770000000000001,8.6,8.6
2011-12-06,8.5,0.0,0.0,8.58,8.764444444444445,8.6,8.6
2011-12-07,8.5,0.0,0.0,8.576666666666664,8.75888888888889,8.6,8.6
2011-12-08,8.5,0.0,0.0,8.573333333333332,8.753333333333334,8.5,8.6
2011-12-09,8.5,0.0,0.0,8.569999999999999,8.74777777777778,8.5,8.6
2011-12-10,8.5,0.0,0.0,8.566666666666666,8.742222222222223,8.5,8.6
2011-12-11,8.5,0.0,0.0,8.563333333333333,8.736666666666668,8.5,8.6
2011-12-12,8.5,0.0,0.0,8.559999999999999,8.731111111111112,8.5,8.6
2011-12-13,8.5,0.0,0.0,8.556666666666667,8.725555555555557,8.5,8.6
2011-12-14,8.5,0.0,0.0,8.553333333333333,8.72,8.5,8.6
2011-12-15,8.5,0.0,0.0,8.55,8.714444444444446,8.5,8.6
2011-12-16,8.5,0.0,0.0,8.546666666666665,8.70888888888889,8.5,8.6
2011-12-17,8.5,0.0,0.0,8.543333333333333,8.703333333333335,8.5,8.6
2011-12-18,8.5,0.0,0.0,8.54,8.697777777777778,8.5,8.6
2011-12-19,8.5,0.0,0.0,8.536666666666665,8.692222222222224,8.5,8.6
2011-12-20,8.5,0.0,0.0,8.533333333333333,8.686666666666667,8.5,8.6
2011-12-21,8.5,0.0,0.0,8.53,8.681111111111111,8.5,8.6
2011-12-22,8.5,0.0,0.0,8.526666666666667,8.675555555555556,8.5,8.6
2011-12-23,8.5,0.0,0.0,8.523333333333333,8.67,8.5,8.6
2011-12-24,8.5,0.0,0.0,8.52,8.664444444444445,8.5,8.6
2011-12-25,8.5,0.0,0.0,8.516666666666667,8.658888888888889,8.5,8.6
2011-12-26,8.5,0.0,0.0,8.513333333333334,8.653333333333334,8.5,8.6
2011-12-27,8.5,0.0,0.0,8.51,8.647777777777778,8.5,8.6
2011-12-28,8.5,0.0,0.0,8.506666666666666,8.642222222222223,8.5,8.6
2011-12-29,8.5,0.0,0.0,8.503333333333334,8.636666666666667,8.5,8.6
2011-12-30,8.5,0.0,0.0,8.5,8.633333333333333,8.5,8.6
2011-12-31,8.5,0.0,0.0,8.5,8.63,8.5,8.5
2012-01-01,8.3,-0.1999999999999993,-0.0235294117647058,8.493333333333334,8.624444444444444,8.5,8.5
2012-01-02,8.3,0.0,0.0,8.486666666666666,8.618888888888888,8.5,8.5
2012-01-03,8.3,0.0,0.0,8.48,8.613333333333333,8.5,8.5
2012-01-04,8.3,0.0,0.0,8.473333333333333,8.607777777777777,8.5,8.5
2012-01-05,8.3,0.0,0.0,8.466666666666667,8.602222222222222,8.5,8.5
2012-01-06,8.3,0.0,0.0,8.46,8.596666666666668,8.5,8.5
2012-01-07,8.3,0.0,0.0,8.453333333333333,8.591111111111111,8.5,8.5
2012-01-08,8.3,0.0,0.0,8.446666666666667,8.585555555555556,8.3,8.5
2012-01-09,8.3,0.0,0.0,8.44,8.58,8.3,8.5
2012-01-10,8.3,0.0,0.0,8.433333333333334,8.574444444444445,8.3,8.5
2012-01-11,8.3,0.0,0.0,8.426666666666668,8.568888888888889,8.3,8.5
2012-01-12,8.3,0.0,0.0,8.42,8.563333333333333,8.3,8.5
2012-01-13,8.3,0.0,0.0,8.413333333333334,8.557777777777778,8.3,8.5
2012-01-14,8.3,0.0,0.0,8.406666666666668,8.552222222222222,8.3,8.5
2012-01-15,8.3,0.0,0.0,8.4,8.546666666666667,8.3,8.5
2012-01-16,8.3,0.0,0.0,8.393333333333334,8.541111111111112,8.3,8.5
2012-01-17,8.3,0.0,0.0,8.386666666666667,8.535555555555556,8.3,8.5
2012-01-18,8.3,0.0,0.0,8.38,8.530000000000001,8.3,8.5
2012-01-19,8.3,0.0,0.0,8.373333333333333,8.524444444444443,8.3,8.5
2012-01-20,8.3,0.0,0.0,8.366666666666667,8.51888888888889,8.3,8.5
2012-01-21,8.3,0.0,0.0,8.360000000000001,8.513333333333334,8.3,8.5
2012-01-22,8.3,0.0,0.0,8.353333333333333,8.507777777777779,8.3,8.5
2012-01-23,8.3,0.0,0.0,8.346666666666668,8.502222222222223,8.3,8.5
2012-01-24,8.3,0.0,0.0,8.34,8.496666666666666,8.3,8.5
2012-01-25,8.3,0.0,0.0,8.333333333333334,8.491111111111111,8.3,8.5
2012-01-26,8.3,0.0,0.0,8.326666666666666,8.485555555555557,8.3,8.5
2012-01-27,8.3,0.0,0.0,8.32,8.48,8.3,8.5
2012-01-28,8.3,0.0,0.0,8.313333333333334,8.474444444444446,8.3,8.5
2012-01-29,8.3,0.0,0.0,8.306666666666667,8.468888888888888,8.3,8.5
2012-01-30,8.3,0.0,0.0,8.3,8.465555555555557,8.3,8.5
2012-01-31,8.3,0.0,0.0,8.3,8.462222222222222,8.3,8.3
2012-02-01,8.3,0.0,0.0,8.3,8.45888888888889,8.3,8.3
2012-02-02,8.3,0.0,0.0,8.3,8.455555555555556,8.3,8.3
2012-02-03,8.3,0.0,0.0,8.3,8.452222222222222,8.3,8.3
2012-02-04,8.3,0.0,0.0,8.3,8.44888888888889,8.3,8.3
2012-02-05,8.3,0.0,0.0,8.3,8.445555555555556,8.3,8.3
2012-02-06,8.3,0.0,0.0,8.3,8.442222222222224,8.3,8.3
2012-02-07,8.3,0.0,0.0,8.3,8.438888888888888,8.3,8.3
2012-02-08,8.3,0.0,0.0,8.3,8.435555555555554,8.3,8.3
2012-02-09,8.3,0.0,0.0,8.3,8.432222222222224,8.3,8.3
2012-02-10,8.3,0.0,0.0,8.3,8.428888888888888,8.3,8.3
2012-02-11,8.3,0.0,0.0,8.3,8.425555555555556,8.3,8.3
2012-02-12,8.3,0.0,0.0,8.3,8.422222222222222,8.3,8.3
2012-02-13,8.3,0.0,0.0,8.3,8.418888888888889,8.3,8.3
2012-02-14,8.3,0.0,0.0,8.3,8.415555555555557,8.3,8.3
2012-02-15,8.3,0.0,0.0,8.3,8.412222222222223,8.3,8.3
2012-02-16,8.3,0.0,0.0,8.3,8.408888888888889,8.3,8.3
2012-02-17,8.3,0.0,0.0,8.3,8.405555555555555,8.3,8.3
2012-02-18,8.3,0.0,0.0,8.3,8.402222222222223,8.3,8.3
2012-02-19,8.3,0.0,0.0,8.3,8.398888888888889,8.3,8.3
2012-02-20,8.3,0.0,0.0,8.3,8.395555555555555,8.3,8.3
2012-02-21,8.3,0.0,0.0,8.3,8.392222222222223,8.3,8.3
2012-02-22,8.3,0.0,0.0,8.3,8.38888888888889,8.3,8.3
2012-02-23,8.3,0.0,0.0,8.3,8.385555555555555,8.3,8.3
2012-02-24,8.3,0.0,0.0,8.3,8.382222222222223,8.3,8.3
2012-02-25,8.3,0.0,0.0,8.3,8.37888888888889,8.3,8.3
2012-02-26,8.3,0.0,0.0,8.3,8.375555555555556,8.3,8.3
2012-02-27,8.3,0.0,0.0,8.3,8.372222222222222,8.3,8.3
2012-02-28,8.3,0.0,0.0,8.3,8.36888888888889,8.3,8.3
2012-02-29,8.3,0.0,0.0,8.3,8.366666666666667,8.3,8.3
2012-03-01,8.2,-0.10000000000000142,-0.012048192771084487,8.296666666666669,8.363333333333333,8.3,8.3
2012-03-02,8.2,0.0,0.0,8.293333333333333,8.36,8.3,8.3
2012-03-03,8.2,0.0,0.0,8.29,8.356666666666667,8.3,8.3
2012-03-04,8.2,0.0,0.0,8.286666666666667,8.353333333333333,8.3,8.3
2012-03-05,8.2,0.0,0.0,8.283333333333333,8.35,8.3,8.3
2012-03-06,8.2,0.0,0.0,8.280000000000001,8.346666666666668,8.3,8.3
2012-03-07,8.2,0.0,0.0,8.276666666666667,8.343333333333334,8.3,8.3
2012-03-08,8.2,0.0,0.0,8.273333333333333,8.34,8.2,8.3
2012-03-09,8.2,0.0,0.0,8.270000000000001,8.336666666666666,8.2,8.3
2012-03-10,8.2,0.0,0.0,8.266666666666667,8.333333333333334,8.2,8.3
2012-03-11,8.2,0.0,0.0,8.263333333333332,8.33,8.2,8.3
2012-03-12,8.2,0.0,0.0,8.26,8.326666666666666,8.2,8.3
2012-03-13,8.2,0.0,0.0,8.256666666666666,8.323333333333334,8.2,8.3
2012-03-14,8.2,0.0,0.0,8.253333333333334,8.32,8.2,8.3
2012-03-15,8.2,0.0,0.0,8.25,8.316666666666666,8.2,8.3
2012-03-16,8.2,0.0,0.0,8.246666666666666,8.313333333333333,8.2,8.3
2012-03-17,8.2,0.0,0.0,8.243333333333334,8.31,8.2,8.3
2012-03-18,8.2,0.0,0.0,8.24,8.306666666666667,8.2,8.3
2012-03-19,8.2,0.0,0.0,8.236666666666666,8.303333333333333,8.2,8.3
2012-03-20,8.2,0.0,0.0,8.233333333333333,8.3,8.2,8.3
2012-03-21,8.2,0.0,0.0,8.229999999999999,8.296666666666665,8.2,8.3
2012-03-22,8.2,0.0,0.0,8.226666666666667,8.293333333333333,8.2,8.3
2012-03-23,8.2,0.0,0.0,8.223333333333333,8.290000000000001,8.2,8.3
2012-03-24,8.2,0.0,0.0,8.219999999999999,8.286666666666665,8.2,8.3
2012-03-25,8.2,0.0,0.0,8.216666666666667,8.283333333333333,8.2,8.3
2012-03-26,8.2,0.0,0.0,8.213333333333333,8.28,8.2,8.3
2012-03-27,8.2,0.0,0.0,8.209999999999999,8.276666666666667,8.2,8.3
2012-03-28,8.2,0.0,0.0,8.206666666666667,8.273333333333333,8.2,8.3
2012-03-29,8.2,0.0,0.0,8.203333333333331,8.27,8.2,8.3
2012-03-30,8.2,0.0,0.0,8.2,8.266666666666667,8.2,8.3
2012-03-31,8.2,0.0,0.0,8.2,8.265555555555554,8.2,8.2
2012-04-01,8.2,0.0,0.0,8.2,8.264444444444445,8.2,8.2
2012-04-02,8.2,0.0,0.0,8.2,8.263333333333334,8.2,8.2
2012-04-03,8.2,0.0,0.0,8.2,8.262222222222222,8.2,8.2
2012-04-04,8.2,0.0,0.0,8.2,8.261111111111111,8.2,8.2
2012-04-05,8.2,0.0,0.0,8.2,8.26,8.2,8.2
2012-04-06,8.2,0.0,0.0,8.2,8.25888888888889,8.2,8.2
2012-04-07,8.2,0.0,0.0,8.2,8.257777777777779,8.2,8.2
2012-04-08,8.2,0.0,0.0,8.2,8.256666666666668,8.2,8.2
2012-04-09,8.2,0.0,0.0,8.2,8.255555555555556,8.2,8.2
2012-04-10,8.2,0.0,0.0,8.2,8.254444444444443,8.2,8.2
2012-04-11,8.2,0.0,0.0,8.2,8.253333333333334,8.2,8.2
2012-04-12,8.2,0.0,0.0,8.2,8.252222222222223,8.2,8.2
2012-04-13,8.2,0.0,0.0,8.2,8.251111111111111,8.2,8.2
2012-04-14,8.2,0.0,0.0,8.2,8.25,8.2,8.2
2012-04-15,8.2,0.0,0.0,8.2,8.248888888888889,8.2,8.2
2012-04-16,8.2,0.0,0.0,8.2,8.247777777777777,8.2,8.2
2012-04-17,8.2,0.0,0.0,8.2,8.246666666666666,8.2,8.2
2012-04-18,8.2,0.0,0.0,8.2,8.245555555555557,8.2,8.2
2012-04-19,8.2,0.0,0.0,8.2,8.244444444444444,8.2,8.2
2012-04-20,8.2,0.0,0.0,8.2,8.243333333333332,8.2,8.2
2012-04-21,8.2,0.0,0.0,8.2,8.242222222222221,8.2,8.2
2012-04-22,8.2,0.0,0.0,8.2,8.24111111111111,8.2,8.2
2012-04-23,8.2,0.0,0.0,8.2,8.24,8.2,8.2
2012-04-24,8.2,0.0,0.0,8.2,8.238888888888889,8.2,8.2
2012-04-25,8.2,0.0,0.0,8.2,8.237777777777778,8.2,8.2
2012-04-26,8.2,0.0,0.0,8.2,8.236666666666666,8.2,8.2
2012-04-27,8.2,0.0,0.0,8.2,8.235555555555555,8.2,8.2
2012-04-28,8.2,0.0,0.0,8.2,8.234444444444446,8.2,8.2
2012-04-29,8.2,0.0,0.0,8.2,8.233333333333333,8.2,8.2
2012-04-30,8.2,0.0,0.0,8.2,8.232222222222221,8.2,8.2
2012-05-01,8.2,0.0,0.0,8.2,8.23111111111111,8.2,8.2
2012-05-02,8.2,0.0,0.0,8.2,8.229999999999999,8.2,8.2
2012-05-03,8.2,0.0,0.0,8.2,8.22888888888889,8.2,8.2
2012-05-04,8.2,0.0,0.0,8.2,8.227777777777778,8.2,8.2
2012-05-05,8.2,0.0,0.0,8.2,8.226666666666667,8.2,8.2
2012-05-06,8.2,0.0,0.0,8.2,8.225555555555555,8.2,8.2
2012-05-07,8.2,0.0,0.0,8.2,8.224444444444444,8.2,8.2
2012-05-08,8.2,0.0,0.0,8.2,8.223333333333333,8.2,8.2
2012-05-09,8.2,0.0,0.0,8.2,8.222222222222221,8.2,8.2
2012-05-10,8.2,0.0,0.0,8.2,8.22111111111111,8.2,8.2
2012-05-11,8.2,0.0,0.0,8.2,8.219999999999999,8.2,8.2
2012-05-12,8.2,0.0,0.0,8.2,8.218888888888888,8.2,8.2
2012-05-13,8.2,0.0,0.0,8.2,8.217777777777778,8.2,8.2
2012-05-14,8.2,0.0,0.0,8.2,8.216666666666667,8.2,8.2
2012-05-15,8.2,0.0,0.0,8.2,8.215555555555556,8.2,8.2
2012-05-16,8.2,0.0,0.0,8.2,8.214444444444444,8.2,8.2
2012-05-17,8.2,0.0,0.0,8.2,8.213333333333333,8.2,8.2
2012-05-18,8.2,0.0,0.0,8.2,8.212222222222222,8.2,8.2
2012-05-19,8.2,0.0,0.0,8.2,8.21111111111111,8.2,8.2
2012-05-20,8.2,0.0,0.0,8.2,8.209999999999999,8.2,8.2
2012-05-21,8.2,0.0,0.0,8.2,8.208888888888888,8.2,8.2
2012-05-22,8.2,0.0,0.0,8.2,8.207777777777777,8.2,8.2
2012-05-23,8.2,0.0,0.0,8.2,8.206666666666665,8.2,8.2
2012-05-24,8.2,0.0,0.0,8.2,8.205555555555554,8.2,8.2
2012-05-25,8.2,0.0,0.0,8.2,8.204444444444444,8.2,8.2
2012-05-26,8.2,0.0,0.0,8.2,8.203333333333333,8.2,8.2
2012-05-27,8.2,0.0,0.0,8.2,8.202222222222222,8.2,8.2
2012-05-28,8.2,0.0,0.0,8.2,8.20111111111111,8.2,8.2
2012-05-29,8.2,0.0,0.0,8.2,8.2,8.2,8.2
2012-05-30,8.2,0.0,0.0,8.2,8.2,8.2,8.2
2012-05-31,8.2,0.0,0.0,8.2,8.2,8.2,8.2
2012-06-01,8.2,0.0,0.0,8.2,8.2,8.2,8.2
2012-06-02,8.2,0.0,0.0,8.2,8.2,8.2,8.2
2012-06-03,8.2,0.0,0.0,8.2,8.2,8.2,8.2
2012-06-04,8.2,0.0,0.0,8.2,8.2,8.2,8.2
2012-06-05,8.2,0.0,0.0,8.2,8.2,8.2,8.2
2012-06-06,8.2,0.0,0.0,8.2,8.2,8.2,8.2
2012-06-07,8.2,0.0,0.0,8.2,8.2,8.2,8.2
2012-06-08,8.2,0.0,0.0,8.2,8.2,8.2,8.2
2012-06-09,8.2,0.0,0.0,8.2,8.2,8.2,8.2
2012-06-10,8.2,0.0,0.0,8.2,8.2,8.2,8.2
2012-06-11,8.2,0.0,0.0,8.2,8.2,8.2,8.2
2012-06-12,8.2,0.0,0.0,8.2,8.2,8.2,8.2
2012-06-13,8.2,0.0,0.0,8.2,8.2,8.2,8.2
2012-06-14,8.2,0.0,0.0,8.2,8.2,8.2,8.2
2012-06-15,8.2,0.0,0.0,8.2,8.2,8.2,8.2
2012-06-16,8.2,0.0,0.0,8.2,8.2,8.2,8.2
2012-06-17,8.2,0.0,0.0,8.2,8.2,8.2,8.2
2012-06-18,8.2,0.0,0.0,8.2,8.2,8.2,8.2
2012-06-19,8.2,0.0,0.0,8.2,8.2,8.2,8.2
2012-06-20,8.2,0.0,0.0,8.2,8.2,8.2,8.2
2012-06-21,8.2,0.0,0.0,8.2,8.2,8.2,8.2
2012-06-22,8.2,0.0,0.0,8.2,8.2,8.2,8.2
2012-06-23,8.2,0.0,0.0,8.2,8.2,8.2,8.2
2012-06-24,8.2,0.0,0.0,8.2,8.2,8.2,8.2
2012-06-25,8.2,0.0,0.0,8.2,8.2,8.2,8.2
2012-06-26,8.2,0.0,0.0,8.2,8.2,8.2,8.2
2012-06-27,8.2,0.0,0.0,8.2,8.2,8.2,8.2
2012-06-28,8.2,0.0,0.0,8.2,8.2,8.2,8.2
2012-06-29,8.2,0.0,0.0,8.2,8.2,8.2,8.2
2012-06-30,8.2,0.0,0.0,8.2,8.2,8.2,8.2
2012-07-01,8.2,0.0,0.0,8.2,8.2,8.2,8.2
2012-07-02,8.2,0.0,0.0,8.2,8.2,8.2,8.2
2012-07-03,8.2,0.0,0.0,8.2,8.2,8.2,8.2
2012-07-04,8.2,0.0,0.0,8.2,8.2,8.2,8.2
2012-07-05,8.2,0.0,0.0,8.2,8.2,8.2,8.2
2012-07-06,8.2,0.0,0.0,8.2,8.2,8.2,8.2
2012-07-07,8.2,0.0,0.0,8.2,8.2,8.2,8.2
2012-07-08,8.2,0.0,0.0,8.2,8.2,8.2,8.2
2012-07-09,8.2,0.0,0.0,8.2,8.2,8.2,8.2
2012-07-10,8.2,0.0,0.0,8.2,8.2,8.2,8.2
2012-07-11,8.2,0.0,0.0,8.2,8.2,8.2,8.2
2012-07-12,8.2,0.0,0.0,8.2,8.2,8.2,8.2
2012-07-13,8.2,0.0,0.0,8.2,8.2,8.2,8.2
2012-07-14,8.2,0.0,0.0,8.2,8.2,8.2,8.2
2012-07-15,8.2,0.0,0.0,8.2,8.2,8.2,8.2
2012-07-16,8.2,0.0,0.0,8.2,8.2,8.2,8.2
2012-07-17,8.2,0.0,0.0,8.2,8.2,8.2,8.2
2012-07-18,8.2,0.0,0.0,8.2,8.2,8.2,8.2
2012-07-19,8.2,0.0,0.0,8.2,8.2,8.2,8.2
2012-07-20,8.2,0.0,0.0,8.2,8.2,8.2,8.2
2012-07-21,8.2,0.0,0.0,8.2,8.2,8.2,8.2
2012-07-22,8.2,0.0,0.0,8.2,8.2,8.2,8.2
2012-07-23,8.2,0.0,0.0,8.2,8.2,8.2,8.2
2012-07-24,8.2,0.0,0.0,8.2,8.2,8.2,8.2
2012-07-25,8.2,0.0,0.0,8.2,8.2,8.2,8.2
2012-07-26,8.2,0.0,0.0,8.2,8.2,8.2,8.2
2012-07-27,8.2,0.0,0.0,8.2,8.2,8.2,8.2
2012-07-28,8.2,0.0,0.0,8.2,8.2,8.2,8.2
2012-07-29,8.2,0.0,0.0,8.2,8.2,8.2,8.2
2012-07-30,8.2,0.0,0.0,8.2,8.2,8.2,8.2
2012-07-31,8.2,0.0,0.0,8.2,8.2,8.2,8.2
2012-08-01,8.1,-0.09999999999999964,-0.012195121951219523,8.196666666666665,8.198888888888888,8.2,8.2
2012-08-02,8.1,0.0,0.0,8.193333333333333,8.197777777777777,8.2,8.2
2012-08-03,8.1,0.0,0.0,8.19,8.196666666666665,8.2,8.2
2012-08-04,8.1,0.0,0.0,8.186666666666666,8.195555555555554,8.2,8.2
2012-08-05,8.1,0.0,0.0,8.183333333333334,8.194444444444445,8.2,8.2
2012-08-06,8.1,0.0,0.0,8.18,8.193333333333333,8.2,8.2
2012-08-07,8.1,0.0,0.0,8.176666666666666,8.19222222222222,8.2,8.2
2012-08-08,8.1,0.0,0.0,8.173333333333332,8.19111111111111,8.1,8.2
2012-08-09,8.1,0.0,0.0,8.169999999999998,8.19,8.1,8.2
2012-08-10,8.1,0.0,0.0,8.166666666666666,8.188888888888888,8.1,8.2
2012-08-11,8.1,0.0,0.0,8.163333333333332,8.187777777777777,8.1,8.2
2012-08-12,8.1,0.0,0.0,8.16,8.186666666666666,8.1,8.2
2012-08-13,8.1,0.0,0.0,8.156666666666666,8.185555555555554,8.1,8.2
2012-08-14,8.1,0.0,0.0,8.153333333333332,8.184444444444443,8.1,8.2
2012-08-15,8.1,0.0,0.0,8.15,8.183333333333334,8.1,8.2
2012-08-16,8.1,0.0,0.0,8.146666666666667,8.182222222222222,8.1,8.2
2012-08-17,8.1,0.0,0.0,8.143333333333333,8.181111111111111,8.1,8.2
2012-08-18,8.1,0.0,0.0,8.139999999999999,8.18,8.1,8.2
2012-08-19,8.1,0.0,0.0,8.136666666666665,8.178888888888888,8.1,8.2
2012-08-20,8.1,0.0,0.0,8.133333333333333,8.177777777777777,8.1,8.2
2012-08-21,8.1,0.0,0.0,8.13,8.176666666666666,8.1,8.2
2012-08-22,8.1,0.0,0.0,8.126666666666667,8.175555555555555,8.1,8.2
2012-08-23,8.1,0.0,0.0,8.123333333333333,8.174444444444443,8.1,8.2
2012-08-24,8.1,0.0,0.0,8.12,8.173333333333332,8.1,8.2
2012-08-25,8.1,0.0,0.0,8.116666666666665,8.172222222222222,8.1,8.2
2012-08-26,8.1,0.0,0.0,8.113333333333333,8.171111111111111,8.1,8.2
2012-08-27,8.1,0.0,0.0,8.11,8.17,8.1,8.2
2012-08-28,8.1,0.0,0.0,8.106666666666666,8.168888888888889,8.1,8.2
2012-08-29,8.1,0.0,0.0,8.103333333333333,8.167777777777777,8.1,8.2
2012-08-30,8.1,0.0,0.0,8.1,8.166666666666666,8.1,8.2
2012-08-31,8.1,0.0,0.0,8.1,8.165555555555555,8.1,8.1
2012-09-01,7.8,-0.2999999999999998,-0.03703703703703698,8.09,8.161111111111111,8.1,8.1
2012-09-02,7.8,0.0,0.0,8.08,8.156666666666666,8.1,8.1
2012-09-03,7.8,0.0,0.0,8.07,8.152222222222221,8.1,8.1
2012-09-04,7.8,0.0,0.0,8.059999999999999,8.147777777777778,8.1,8.1
2012-09-05,7.8,0.0,0.0,8.05,8.143333333333333,8.1,8.1
2012-09-06,7.8,0.0,0.0,8.04,8.13888888888889,8.1,8.1
2012-09-07,7.8,0.0,0.0,8.03,8.134444444444444,8.1,8.1
2012-09-08,7.8,0.0,0.0,8.02,8.129999999999999,7.8,8.1
2012-09-09,7.8,0.0,0.0,8.01,8.125555555555556,7.8,8.1
2012-09-10,7.8,0.0,0.0,8.0,8.121111111111109,7.8,8.1
2012-09-11,7.8,0.0,0.0,7.989999999999999,8.116666666666667,7.8,8.1
2012-09-12,7.8,0.0,0.0,7.98,8.112222222222222,7.8,8.1
2012-09-13,7.8,0.0,0.0,7.97,8.107777777777777,7.8,8.1
2012-09-14,7.8,0.0,0.0,7.959999999999999,8.103333333333333,7.8,8.1
2012-09-15,7.8,0.0,0.0,7.949999999999999,8.098888888888887,7.8,8.1
2012-09-16,7.8,0.0,0.0,7.9399999999999995,8.094444444444445,7.8,8.1
2012-09-17,7.8,0.0,0.0,7.930000000000001,8.09,7.8,8.1
2012-09-18,7.8,0.0,0.0,7.92,8.085555555555556,7.8,8.1
2012-09-19,7.8,0.0,0.0,7.91,8.081111111111111,7.8,8.1
2012-09-20,7.8,0.0,0.0,7.8999999999999995,8.076666666666664,7.8,8.1
2012-09-21,7.8,0.0,0.0,7.89,8.072222222222223,7.8,8.1
2012-09-22,7.8,0.0,0.0,7.88,8.067777777777776,7.8,8.1
2012-09-23,7.8,0.0,0.0,7.87,8.063333333333334,7.8,8.1
2012-09-24,7.8,0.0,0.0,7.86,8.05888888888889,7.8,8.1
2012-09-25,7.8,0.0,0.0,7.849999999999999,8.054444444444442,7.8,8.1
2012-09-26,7.8,0.0,0.0,7.84,8.05,7.8,8.1
2012-09-27,7.8,0.0,0.0,7.83,8.045555555555554,7.8,8.1
2012-09-28,7.8,0.0,0.0,7.819999999999999,8.041111111111112,7.8,8.1
2012-09-29,7.8,0.0,0.0,7.8100000000000005,8.036666666666665,7.8,8.1
2012-09-30,7.8,0.0,0.0,7.8,8.03222222222222,7.8,8.1
2012-10-01,7.8,0.0,0.0,7.8,8.027777777777779,7.8,7.8
2012-10-02,7.8,0.0,0.0,7.8,8.023333333333332,7.8,7.8
2012-10-03,7.8,0.0,0.0,7.8,8.01888888888889,7.8,7.8
2012-10-04,7.8,0.0,0.0,7.8,8.014444444444443,7.8,7.8
2012-10-05,7.8,0.0,0.0,7.8,8.009999999999998,7.8,7.8
2012-10-06,7.8,0.0,0.0,7.8,8.005555555555556,7.8,7.8
2012-10-07,7.8,0.0,0.0,7.8,8.00111111111111,7.8,7.8
2012-10-08,7.8,0.0,0.0,7.8,7.996666666666667,7.8,7.8
2012-10-09,7.8,0.0,0.0,7.8,7.992222222222222,7.8,7.8
2012-10-10,7.8,0.0,0.0,7.8,7.987777777777776,7.8,7.8
2012-10-11,7.8,0.0,0.0,7.8,7.983333333333333,7.8,7.8
2012-10-12,7.8,0.0,0.0,7.8,7.978888888888888,7.8,7.8
2012-10-13,7.8,0.0,0.0,7.8,7.974444444444445,7.8,7.8
2012-10-14,7.8,0.0,0.0,7.8,7.97,7.8,7.8
2012-10-15,7.8,0.0,0.0,7.8,7.965555555555554,7.8,7.8
2012-10-16,7.8,0.0,0.0,7.8,7.961111111111111,7.8,7.8
2012-10-17,7.8,0.0,0.0,7.8,7.956666666666665,7.8,7.8
2012-10-18,7.8,0.0,0.0,7.8,7.952222222222223,7.8,7.8
2012-10-19,7.8,0.0,0.0,7.8,7.947777777777778,7.8,7.8
2012-10-20,7.8,0.0,0.0,7.8,7.943333333333333,7.8,7.8
2012-10-21,7.8,0.0,0.0,7.8,7.938888888888889,7.8,7.8
2012-10-22,7.8,0.0,0.0,7.8,7.934444444444443,7.8,7.8
2012-10-23,7.8,0.0,0.0,7.8,7.930000000000001,7.8,7.8
2012-10-24,7.8,0.0,0.0,7.8,7.9255555555555555,7.8,7.8
2012-10-25,7.8,0.0,0.0,7.8,7.921111111111111,7.8,7.8
2012-10-26,7.8,0.0,0.0,7.8,7.916666666666667,7.8,7.8
2012-10-27,7.8,0.0,0.0,7.8,7.912222222222221,7.8,7.8
2012-10-28,7.8,0.0,0.0,7.8,7.9077777777777785,7.8,7.8
2012-10-29,7.8,0.0,0.0,7.8,7.903333333333332,7.8,7.8
2012-10-30,7.8,0.0,0.0,7.8,7.899999999999999,7.8,7.8
2012-10-31,7.8,0.0,0.0,7.8,7.896666666666667,7.8,7.8
2012-11-01,7.7,-0.09999999999999964,-0.012820512820512775,7.796666666666666,7.892222222222221,7.8,7.8
2012-11-02,7.7,0.0,0.0,7.793333333333334,7.887777777777777,7.8,7.8
2012-11-03,7.7,0.0,0.0,7.79,7.883333333333334,7.8,7.8
2012-11-04,7.7,0.0,0.0,7.786666666666666,7.878888888888888,7.8,7.8
2012-11-05,7.7,0.0,0.0,7.783333333333333,7.874444444444445,7.8,7.8
2012-11-06,7.7,0.0,0.0,7.779999999999999,7.869999999999999,7.8,7.8
2012-11-07,7.7,0.0,0.0,7.776666666666667,7.865555555555555,7.8,7.8
2012-11-08,7.7,0.0,0.0,7.7733333333333325,7.861111111111111,7.7,7.8
2012-11-09,7.7,0.0,0.0,7.77,7.856666666666666,7.7,7.8
2012-11-10,7.7,0.0,0.0,7.766666666666667,7.852222222222223,7.7,7.8
2012-11-11,7.7,0.0,0.0,7.763333333333333,7.847777777777777,7.7,7.8
2012-11-12,7.7,0.0,0.0,7.760000000000001,7.843333333333333,7.7,7.8
2012-11-13,7.7,0.0,0.0,7.756666666666666,7.838888888888889,7.7,7.8
2012-11-14,7.7,0.0,0.0,7.753333333333333,7.834444444444443,7.7,7.8
2012-11-15,7.7,0.0,0.0,7.75,7.83,7.7,7.8
2012-11-16,7.7,0.0,0.0,7.746666666666667,7.825555555555555,7.7,7.8
2012-11-17,7.7,0.0,0.0,7.743333333333334,7.821111111111111,7.7,7.8
2012-11-18,7.7,0.0,0.0,7.739999999999999,7.816666666666666,7.7,7.8
2012-11-19,7.7,0.0,0.0,7.736666666666667,7.812222222222221,7.7,7.8
2012-11-20,7.7,0.0,0.0,7.733333333333333,7.807777777777778,7.7,7.8
2012-11-21,7.7,0.0,0.0,7.73,7.803333333333333,7.7,7.8
2012-11-22,7.7,0.0,0.0,7.7266666666666675,7.7988888888888885,7.7,7.8
2012-11-23,7.7,0.0,0.0,7.723333333333333,7.794444444444444,7.7,7.8
2012-11-24,7.7,0.0,0.0,7.720000000000001,7.789999999999999,7.7,7.8
2012-11-25,7.7,0.0,0.0,7.716666666666667,7.785555555555556,7.7,7.8
2012-11-26,7.7,0.0,0.0,7.713333333333334,7.781111111111111,7.7,7.8
2012-11-27,7.7,0.0,0.0,7.71,7.776666666666666,7.7,7.8
2012-11-28,7.7,0.0,0.0,7.706666666666666,7.772222222222222,7.7,7.8
2012-11-29,7.7,0.0,0.0,7.703333333333334,7.767777777777777,7.7,7.8
2012-11-30,7.7,0.0,0.0,7.7,7.766666666666667,7.7,7.8
2012-12-01,7.9,0.20000000000000018,0.025974025974025983,7.706666666666667,7.767777777777778,7.7,7.7
2012-12-02,7.9,0.0,0.0,7.713333333333334,7.768888888888888,7.7,7.7
2012-12-03,7.9,0.0,0.0,7.72,7.77,7.7,7.7
2012-12-04,7.9,0.0,0.0,7.7266666666666675,7.771111111111111,7.7,7.7
2012-12-05,7.9,0.0,0.0,7.733333333333333,7.772222222222222,7.7,7.7
2012-12-06,7.9,0.0,0.0,7.74,7.773333333333333,7.7,7.7
2012-12-07,7.9,0.0,0.0,7.746666666666667,7.774444444444444,7.7,7.7
2012-12-08,7.9,0.0,0.0,7.753333333333333,7.775555555555555,7.9,7.7
2012-12-09,7.9,0.0,0.0,7.760000000000001,7.776666666666667,7.9,7.7
2012-12-10,7.9,0.0,0.0,7.766666666666667,7.777777777777778,7.9,7.7
2012-12-11,7.9,0.0,0.0,7.773333333333334,7.778888888888889,7.9,7.7
2012-12-12,7.9,0.0,0.0,7.78,7.779999999999999,7.9,7.7
2012-12-13,7.9,0.0,0.0,7.786666666666667,7.7811111111111115,7.9,7.7
2012-12-14,7.9,0.0,0.0,7.793333333333334,7.782222222222223,7.9,7.7
2012-12-15,7.9,0.0,0.0,7.8,7.783333333333333,7.9,7.7
2012-12-16,7.9,0.0,0.0,7.8066666666666675,7.7844444444444445,7.9,7.7
2012-12-17,7.9,0.0,0.0,7.8133333333333335,7.785555555555555,7.9,7.7
2012-12-18,7.9,0.0,0.0,7.820000000000001,7.786666666666667,7.9,7.7
2012-12-19,7.9,0.0,0.0,7.826666666666667,7.787777777777778,7.9,7.7
2012-12-20,7.9,0.0,0.0,7.833333333333333,7.788888888888889,7.9,7.7
2012-12-21,7.9,0.0,0.0,7.840000000000001,7.79,7.9,7.7
2012-12-22,7.9,0.0,0.0,7.846666666666667,7.79111111111111,7.9,7.7
2012-12-23,7.9,0.0,0.0,7.853333333333334,7.792222222222223,7.9,7.7
2012-12-24,7.9,0.0,0.0,7.859999999999999,7.793333333333335,7.9,7.7
2012-12-25,7.9,0.0,0.0,7.866666666666666,7.794444444444444,7.9,7.7
2012-12-26,7.9,0.0,0.0,7.873333333333334,7.795555555555556,7.9,7.7
2012-12-27,7.9,0.0,0.0,7.88,7.796666666666666,7.9,7.7
2012-12-28,7.9,0.0,0.0,7.886666666666668,7.797777777777778,7.9,7.7
2012-12-29,7.9,0.0,0.0,7.8933333333333335,7.79888888888889,7.9,7.7
2012-12-30,7.9,0.0,0.0,7.9,7.8,7.9,7.7
2012-12-31,7.9,0.0,0.0,7.9,7.801111111111111,7.9,7.9
2013-01-01,8.0,0.09999999999999964,0.012658227848101111,7.903333333333333,7.803333333333333,7.9,7.9
2013-01-02,8.0,0.0,0.0,7.906666666666667,7.805555555555555,7.9,7.9
2013-01-03,8.0,0.0,0.0,7.91,7.807777777777778,7.9,7.9
2013-01-04,8.0,0.0,0.0,7.913333333333333,7.81,7.9,7.9
2013-01-05,8.0,0.0,0.0,7.916666666666667,7.812222222222222,7.9,7.9
2013-01-06,8.0,0.0,0.0,7.92,7.814444444444444,7.9,7.9
2013-01-07,8.0,0.0,0.0,7.923333333333334,7.816666666666666,7.9,7.9
2013-01-08,8.0,0.0,0.0,7.926666666666667,7.818888888888889,8.0,7.9
2013-01-09,8.0,0.0,0.0,7.930000000000001,7.821111111111111,8.0,7.9
2013-01-10,8.0,0.0,0.0,7.933333333333334,7.823333333333333,8.0,7.9
2013-01-11,8.0,0.0,0.0,7.9366666666666665,7.825555555555555,8.0,7.9
2013-01-12,8.0,0.0,0.0,7.9399999999999995,7.8277777777777775,8.0,7.9
2013-01-13,8.0,0.0,0.0,7.943333333333333,7.83,8.0,7.9
2013-01-14,8.0,0.0,0.0,7.946666666666667,7.832222222222222,8.0,7.9
2013-01-15,8.0,0.0,0.0,7.95,7.834444444444444,8.0,7.9
2013-01-16,8.0,0.0,0.0,7.953333333333333,7.836666666666666,8.0,7.9
2013-01-17,8.0,0.0,0.0,7.956666666666666,7.838888888888889,8.0,7.9
2013-01-18,8.0,0.0,0.0,7.96,7.841111111111112,8.0,7.9
2013-01-19,8.0,0.0,0.0,7.963333333333334,7.843333333333333,8.0,7.9
2013-01-20,8.0,0.0,0.0,7.966666666666667,7.845555555555555,8.0,7.9
2013-01-21,8.0,0.0,0.0,7.97,7.847777777777777,8.0,7.9
2013-01-22,8.0,0.0,0.0,7.973333333333333,7.85,8.0,7.9
2013-01-23,8.0,0.0,0.0,7.9766666666666675,7.852222222222223,8.0,7.9
2013-01-24,8.0,0.0,0.0,7.98,7.854444444444444,8.0,7.9
2013-01-25,8.0,0.0,0.0,7.983333333333333,7.856666666666667,8.0,7.9
2013-01-26,8.0,0.0,0.0,7.986666666666666,7.858888888888888,8.0,7.9
2013-01-27,8.0,0.0,0.0,7.989999999999999,7.861111111111111,8.0,7.9
2013-01-28,8.0,0.0,0.0,7.993333333333333,7.863333333333334,8.0,7.9
2013-01-29,8.0,0.0,0.0,7.996666666666667,7.865555555555555,8.0,7.9
2013-01-30,8.0,0.0,0.0,8.0,7.86888888888889,8.0,7.9
2013-01-31,8.0,0.0,0.0,8.0,7.872222222222222,8.0,8.0
2013-02-01,7.7,-0.2999999999999998,-0.03749999999999998,7.99,7.872222222222222,8.0,8.0
2013-02-02,7.7,0.0,0.0,7.98,7.872222222222222,8.0,8.0
2013-02-03,7.7,0.0,0.0,7.97,7.872222222222222,8.0,8.0
2013-02-04,7.7,0.0,0.0,7.96,7.872222222222224,8.0,8.0
2013-02-05,7.7,0.0,0.0,7.95,7.872222222222222,8.0,8.0
2013-02-06,7.7,0.0,0.0,7.94,7.872222222222222,8.0,8.0
2013-02-07,7.7,0.0,0.0,7.930000000000001,7.872222222222222,8.0,8.0
2013-02-08,7.7,0.0,0.0,7.92,7.872222222222222,7.7,8.0
2013-02-09,7.7,0.0,0.0,7.91,7.872222222222224,7.7,8.0
2013-02-10,7.7,0.0,0.0,7.9,7.872222222222222,7.7,8.0
2013-02-11,7.7,0.0,0.0,7.890000000000001,7.872222222222222,7.7,8.0
2013-02-12,7.7,0.0,0.0,7.88,7.872222222222222,7.7,8.0
2013-02-13,7.7,0.0,0.0,7.87,7.872222222222222,7.7,8.0
2013-02-14,7.7,0.0,0.0,7.86,7.872222222222224,7.7,8.0
2013-02-15,7.7,0.0,0.0,7.85,7.872222222222222,7.7,8.0
2013-02-16,7.7,0.0,0.0,7.840000000000001,7.872222222222222,7.7,8.0
2013-02-17,7.7,0.0,0.0,7.83,7.872222222222222,7.7,8.0
2013-02-18,7.7,0.0,0.0,7.819999999999999,7.872222222222222,7.7,8.0
2013-02-19,7.7,0.0,0.0,7.8100000000000005,7.872222222222224,7.7,8.0
2013-02-20,7.7,0.0,0.0,7.8,7.872222222222222,7.7,8.0
2013-02-21,7.7,0.0,0.0,7.790000000000001,7.872222222222222,7.7,8.0
2013-02-22,7.7,0.0,0.0,7.78,7.872222222222222,7.7,8.0
2013-02-23,7.7,0.0,0.0,7.77,7.872222222222222,7.7,8.0
2013-02-24,7.7,0.0,0.0,7.760000000000001,7.872222222222224,7.7,8.0
2013-02-25,7.7,0.0,0.0,7.75,7.872222222222222,7.7,8.0
2013-02-26,7.7,0.0,0.0,7.74,7.872222222222222,7.7,8.0
2013-02-27,7.7,0.0,0.0,7.73,7.872222222222222,7.7,8.0
2013-02-28,7.7,0.0,0.0,7.720000000000001,7.872222222222222,7.7,8.0
2013-03-01,7.5,-0.20000000000000018,-0.025974025974025983,7.703333333333334,7.867777777777778,7.7,8.0
2013-03-02,7.5,0.0,0.0,7.686666666666667,7.863333333333334,7.7,8.0
2013-03-03,7.5,0.0,0.0,7.679999999999999,7.85888888888889,7.7,7.7
2013-03-04,7.5,0.0,0.0,7.673333333333333,7.854444444444444,7.7,7.7
2013-03-05,7.5,0.0,0.0,7.666666666666667,7.85,7.7,7.7
2013-03-06,7.5,0.0,0.0,7.66,7.845555555555555,7.7,7.7
2013-03-07,7.5,0.0,0.0,7.653333333333334,7.841111111111112,7.7,7.7
2013-03-08,7.5,0.0,0.0,7.646666666666666,7.836666666666668,7.5,7.7
2013-03-09,7.5,0.0,0.0,7.64,7.832222222222222,7.5,7.7
2013-03-10,7.5,0.0,0.0,7.633333333333334,7.8277777777777775,7.5,7.7
2013-03-11,7.5,0.0,0.0,7.626666666666667,7.823333333333333,7.5,7.7
2013-03-12,7.5,0.0,0.0,7.620000000000001,7.818888888888889,7.5,7.7
2013-03-13,7.5,0.0,0.0,7.613333333333332,7.814444444444444,7.5,7.7
2013-03-14,7.5,0.0,0.0,7.6066666666666665,7.81,7.5,7.7
2013-03-15,7.5,0.0,0.0,7.6,7.805555555555555,7.5,7.7
2013-03-16,7.5,0.0,0.0,7.593333333333334,7.801111111111111,7.5,7.7
2013-03-17,7.5,0.0,0.0,7.586666666666668,7.796666666666667,7.5,7.7
2013-03-18,7.5,0.0,0.0,7.579999999999999,7.792222222222222,7.5,7.7
2013-03-19,7.5,0.0,0.0,7.573333333333333,7.7877777777777775,7.5,7.7
2013-03-20,7.5,0.0,0.0,7.566666666666666,7.783333333333333,7.5,7.7
2013-03-21,7.5,0.0,0.0,7.5600000000000005,7.778888888888889,7.5,7.7
2013-03-22,7.5,0.0,0.0,7.553333333333334,7.774444444444445,7.5,7.7
2013-03-23,7.5,0.0,0.0,7.546666666666666,7.77,7.5,7.7
2013-03-24,7.5,0.0,0.0,7.54,7.765555555555555,7.5,7.7
2013-03-25,7.5,0.0,0.0,7.533333333333333,7.761111111111111,7.5,7.7
2013-03-26,7.5,0.0,0.0,7.526666666666667,7.756666666666667,7.5,7.7
2013-03-27,7.5,0.0,0.0,7.5200000000000005,7.752222222222223,7.5,7.7
2013-03-28,7.5,0.0,0.0,7.513333333333333,7.747777777777777,7.5,7.7
2013-03-29,7.5,0.0,0.0,7.506666666666666,7.743333333333333,7.5,7.7
2013-03-30,7.5,0.0,0.0,7.5,7.738888888888889,7.5,7.7
2013-03-31,7.5,0.0,0.0,7.5,7.734444444444445,7.5,7.5
2013-04-01,7.6,0.09999999999999964,0.013333333333333197,7.503333333333334,7.73,7.5,7.5
2013-04-02,7.6,0.0,0.0,7.506666666666667,7.725555555555556,7.5,7.5
2013-04-03,7.6,0.0,0.0,7.51,7.721111111111111,7.5,7.5
2013-04-04,7.6,0.0,0.0,7.513333333333334,7.716666666666667,7.5,7.5
2013-04-05,7.6,0.0,0.0,7.516666666666666,7.7122222222222225,7.5,7.5
2013-04-06,7.6,0.0,0.0,7.5200000000000005,7.707777777777778,7.5,7.5
2013-04-07,7.6,0.0,0.0,7.523333333333334,7.703333333333334,7.5,7.5
2013-04-08,7.6,0.0,0.0,7.526666666666666,7.698888888888889,7.6,7.5
2013-04-09,7.6,0.0,0.0,7.53,7.694444444444445,7.6,7.5
2013-04-10,7.6,0.0,0.0,7.533333333333332,7.69,7.6,7.5
2013-04-11,7.6,0.0,0.0,7.536666666666667,7.685555555555556,7.6,7.5
2013-04-12,7.6,0.0,0.0,7.540000000000001,7.681111111111112,7.6,7.5
2013-04-13,7.6,0.0,0.0,7.543333333333333,7.676666666666667,7.6,7.5
2013-04-14,7.6,0.0,0.0,7.546666666666667,7.6722222222222225,7.6,7.5
2013-04-15,7.6,0.0,0.0,7.549999999999999,7.667777777777778,7.6,7.5
2013-04-16,7.6,0.0,0.0,7.553333333333334,7.663333333333334,7.6,7.5
2013-04-17,7.6,0.0,0.0,7.5566666666666675,7.65888888888889,7.6,7.5
2013-04-18,7.6,0.0,0.0,7.56,7.654444444444445,7.6,7.5
2013-04-19,7.6,0.0,0.0,7.5633333333333335,7.65,7.6,7.5
2013-04-20,7.6,0.0,0.0,7.5666666666666655,7.645555555555556,7.6,7.5
2013-04-21,7.6,0.0,0.0,7.569999999999999,7.641111111111112,7.6,7.5
2013-04-22,7.6,0.0,0.0,7.573333333333333,7.636666666666668,7.6,7.5
2013-04-23,7.6,0.0,0.0,7.576666666666666,7.632222222222222,7.6,7.5
2013-04-24,7.6,0.0,0.0,7.58,7.627777777777778,7.6,7.5
2013-04-25,7.6,0.0,0.0,7.583333333333332,7.623333333333334,7.6,7.5
2013-04-26,7.6,0.0,0.0,7.586666666666667,7.61888888888889,7.6,7.5
2013-04-27,7.6,0.0,0.0,7.59,7.6144444444444455,7.6,7.5
2013-04-28,7.6,0.0,0.0,7.593333333333333,7.609999999999999,7.6,7.5
2013-04-29,7.6,0.0,0.0,7.596666666666667,7.605555555555555,7.6,7.5
2013-04-30,7.6,0.0,0.0,7.6,7.601111111111111,7.6,7.5
2013-05-01,7.5,-0.09999999999999964,-0.013157894736842035,7.596666666666666,7.595555555555555,7.6,7.6
2013-05-02,7.5,0.0,0.0,7.593333333333333,7.593333333333333,7.6,7.6
2013-05-03,7.5,0.0,0.0,7.59,7.591111111111112,7.6,7.6
2013-05-04,7.5,0.0,0.0,7.586666666666667,7.588888888888889,7.6,7.6
2013-05-05,7.5,0.0,0.0,7.583333333333333,7.586666666666666,7.6,7.6
2013-05-06,7.5,0.0,0.0,7.579999999999999,7.584444444444444,7.6,7.6
2013-05-07,7.5,0.0,0.0,7.576666666666666,7.582222222222222,7.6,7.6
2013-05-08,7.5,0.0,0.0,7.573333333333333,7.58,7.5,7.6
2013-05-09,7.5,0.0,0.0,7.569999999999999,7.5777777777777775,7.5,7.6
2013-05-10,7.5,0.0,0.0,7.566666666666666,7.575555555555555,7.5,7.6
2013-05-11,7.5,0.0,0.0,7.563333333333333,7.573333333333333,7.5,7.6
2013-05-12,7.5,0.0,0.0,7.56,7.571111111111111,7.5,7.6
2013-05-13,7.5,0.0,0.0,7.556666666666667,7.568888888888889,7.5,7.6
2013-05-14,7.5,0.0,0.0,7.553333333333333,7.566666666666666,7.5,7.6
2013-05-15,7.5,0.0,0.0,7.55,7.564444444444444,7.5,7.6
2013-05-16,7.5,0.0,0.0,7.546666666666666,7.562222222222222,7.5,7.6
2013-05-17,7.5,0.0,0.0,7.543333333333333,7.56,7.5,7.6
2013-05-18,7.5,0.0,0.0,7.54,7.557777777777778,7.5,7.6
2013-05-19,7.5,0.0,0.0,7.536666666666666,7.555555555555555,7.5,7.6
2013-05-20,7.5,0.0,0.0,7.533333333333333,7.553333333333333,7.5,7.6
2013-05-21,7.5,0.0,0.0,7.53,7.551111111111111,7.5,7.6
2013-05-22,7.5,0.0,0.0,7.526666666666666,7.5488888888888885,7.5,7.6
2013-05-23,7.5,0.0,0.0,7.5233333333333325,7.546666666666667,7.5,7.6
2013-05-24,7.5,0.0,0.0,7.52,7.544444444444444,7.5,7.6
2013-05-25,7.5,0.0,0.0,7.516666666666667,7.542222222222222,7.5,7.6
2013-05-26,7.5,0.0,0.0,7.513333333333334,7.54,7.5,7.6
2013-05-27,7.5,0.0,0.0,7.51,7.5377777777777775,7.5,7.6
2013-05-28,7.5,0.0,0.0,7.506666666666666,7.535555555555556,7.5,7.6
2013-05-29,7.5,0.0,0.0,7.503333333333333,7.533333333333333,7.5,7.6
2013-05-30,7.5,0.0,0.0,7.5,7.533333333333333,7.5,7.6
2013-05-31,7.5,0.0,0.0,7.5,7.533333333333333,7.5,7.5
2013-06-01,7.5,0.0,0.0,7.5,7.533333333333333,7.5,7.5
2013-06-02,7.5,0.0,0.0,7.5,7.533333333333333,7.5,7.5
2013-06-03,7.5,0.0,0.0,7.5,7.533333333333333,7.5,7.5
2013-06-04,7.5,0.0,0.0,7.5,7.533333333333333,7.5,7.5
2013-06-05,7.5,0.0,0.0,7.5,7.533333333333333,7.5,7.5
2013-06-06,7.5,0.0,0.0,7.5,7.533333333333333,7.5,7.5
2013-06-07,7.5,0.0,0.0,7.5,7.533333333333333,7.5,7.5
2013-06-08,7.5,0.0,0.0,7.5,7.533333333333333,7.5,7.5
2013-06-09,7.5,0.0,0.0,7.5,7.533333333333333,7.5,7.5
2013-06-10,7.5,0.0,0.0,7.5,7.533333333333333,7.5,7.5
2013-06-11,7.5,0.0,0.0,7.5,7.533333333333333,7.5,7.5
2013-06-12,7.5,0.0,0.0,7.5,7.533333333333333,7.5,7.5
2013-06-13,7.5,0.0,0.0,7.5,7.533333333333333,7.5,7.5
2013-06-14,7.5,0.0,0.0,7.5,7.533333333333333,7.5,7.5
2013-06-15,7.5,0.0,0.0,7.5,7.533333333333333,7.5,7.5
2013-06-16,7.5,0.0,0.0,7.5,7.533333333333333,7.5,7.5
2013-06-17,7.5,0.0,0.0,7.5,7.533333333333333,7.5,7.5
2013-06-18,7.5,0.0,0.0,7.5,7.533333333333333,7.5,7.5
2013-06-19,7.5,0.0,0.0,7.5,7.533333333333333,7.5,7.5
2013-06-20,7.5,0.0,0.0,7.5,7.533333333333333,7.5,7.5
2013-06-21,7.5,0.0,0.0,7.5,7.533333333333333,7.5,7.5
2013-06-22,7.5,0.0,0.0,7.5,7.533333333333333,7.5,7.5
2013-06-23,7.5,0.0,0.0,7.5,7.533333333333333,7.5,7.5
2013-06-24,7.5,0.0,0.0,7.5,7.533333333333333,7.5,7.5
2013-06-25,7.5,0.0,0.0,7.5,7.533333333333333,7.5,7.5
2013-06-26,7.5,0.0,0.0,7.5,7.533333333333333,7.5,7.5
2013-06-27,7.5,0.0,0.0,7.5,7.533333333333333,7.5,7.5
2013-06-28,7.5,0.0,0.0,7.5,7.533333333333333,7.5,7.5
2013-06-29,7.5,0.0,0.0,7.5,7.533333333333333,7.5,7.5
2013-06-30,7.5,0.0,0.0,7.5,7.532222222222222,7.5,7.5
2013-07-01,7.3,-0.20000000000000018,-0.026666666666666727,7.493333333333334,7.528888888888888,7.5,7.5
2013-07-02,7.3,0.0,0.0,7.486666666666666,7.525555555555556,7.5,7.5
2013-07-03,7.3,0.0,0.0,7.48,7.522222222222222,7.5,7.5
2013-07-04,7.3,0.0,0.0,7.473333333333333,7.518888888888889,7.5,7.5
2013-07-05,7.3,0.0,0.0,7.466666666666667,7.515555555555555,7.5,7.5
2013-07-06,7.3,0.0,0.0,7.46,7.5122222222222215,7.5,7.5
2013-07-07,7.3,0.0,0.0,7.453333333333333,7.508888888888889,7.5,7.5
2013-07-08,7.3,0.0,0.0,7.446666666666667,7.5055555555555555,7.3,7.5
2013-07-09,7.3,0.0,0.0,7.4399999999999995,7.502222222222222,7.3,7.5
2013-07-10,7.3,0.0,0.0,7.433333333333334,7.498888888888889,7.3,7.5
2013-07-11,7.3,0.0,0.0,7.426666666666667,7.495555555555555,7.3,7.5
2013-07-12,7.3,0.0,0.0,7.42,7.492222222222223,7.3,7.5
2013-07-13,7.3,0.0,0.0,7.413333333333333,7.488888888888889,7.3,7.5
2013-07-14,7.3,0.0,0.0,7.406666666666666,7.485555555555555,7.3,7.5
2013-07-15,7.3,0.0,0.0,7.4,7.482222222222222,7.3,7.5
2013-07-16,7.3,0.0,0.0,7.3933333333333335,7.478888888888888,7.3,7.5
2013-07-17,7.3,0.0,0.0,7.386666666666667,7.475555555555556,7.3,7.5
2013-07-18,7.3,0.0,0.0,7.38,7.472222222222222,7.3,7.5
2013-07-19,7.3,0.0,0.0,7.373333333333333,7.4688888888888885,7.3,7.5
2013-07-20,7.3,0.0,0.0,7.366666666666666,7.4655555555555555,7.3,7.5
2013-07-21,7.3,0.0,0.0,7.36,7.462222222222222,7.3,7.5
2013-07-22,7.3,0.0,0.0,7.3533333333333335,7.45888888888889,7.3,7.5
2013-07-23,7.3,0.0,0.0,7.346666666666667,7.455555555555556,7.3,7.5
2013-07-24,7.3,0.0,0.0,7.34,7.452222222222222,7.3,7.5
2013-07-25,7.3,0.0,0.0,7.333333333333333,7.448888888888889,7.3,7.5
2013-07-26,7.3,0.0,0.0,7.326666666666667,7.445555555555554,7.3,7.5
2013-07-27,7.3,0.0,0.0,7.319999999999999,7.442222222222223,7.3,7.5
2013-07-28,7.3,0.0,0.0,7.3133333333333335,7.438888888888889,7.3,7.5
2013-07-29,7.3,0.0,0.0,7.306666666666667,7.435555555555554,7.3,7.5
2013-07-30,7.3,0.0,0.0,7.3,7.433333333333334,7.3,7.5
2013-07-31,7.3,0.0,0.0,7.3,7.431111111111111,7.3,7.3
2013-08-01,7.2,-0.09999999999999964,-0.013698630136986245,7.296666666666667,7.427777777777778,7.3,7.3
2013-08-02,7.2,0.0,0.0,7.293333333333333,7.424444444444443,7.3,7.3
2013-08-03,7.2,0.0,0.0,7.290000000000001,7.421111111111111,7.3,7.3
2013-08-04,7.2,0.0,0.0,7.286666666666666,7.417777777777778,7.3,7.3
2013-08-05,7.2,0.0,0.0,7.283333333333333,7.4144444444444435,7.3,7.3
2013-08-06,7.2,0.0,0.0,7.28,7.411111111111111,7.3,7.3
2013-08-07,7.2,0.0,0.0,7.276666666666666,7.407777777777777,7.3,7.3
2013-08-08,7.2,0.0,0.0,7.273333333333334,7.404444444444445,7.2,7.3
2013-08-09,7.2,0.0,0.0,7.27,7.401111111111112,7.2,7.3
2013-08-10,7.2,0.0,0.0,7.266666666666667,7.397777777777777,7.2,7.3
2013-08-11,7.2,0.0,0.0,7.263333333333334,7.394444444444445,7.2,7.3
2013-08-12,7.2,0.0,0.0,7.26,7.39111111111111,7.2,7.3
2013-08-13,7.2,0.0,0.0,7.256666666666667,7.387777777777777,7.2,7.3
2013-08-14,7.2,0.0,0.0,7.253333333333333,7.384444444444445,7.2,7.3
2013-08-15,7.2,0.0,0.0,7.25,7.38111111111111,7.2,7.3
2013-08-16,7.2,0.0,0.0,7.246666666666667,7.377777777777778,7.2,7.3
2013-08-17,7.2,0.0,0.0,7.243333333333333,7.3744444444444435,7.2,7.3
2013-08-18,7.2,0.0,0.0,7.24,7.3711111111111105,7.2,7.3
2013-08-19,7.2,0.0,0.0,7.236666666666666,7.367777777777778,7.2,7.3
2013-08-20,7.2,0.0,0.0,7.233333333333333,7.364444444444444,7.2,7.3
2013-08-21,7.2,0.0,0.0,7.23,7.361111111111111,7.2,7.3
2013-08-22,7.2,0.0,0.0,7.226666666666666,7.357777777777777,7.2,7.3
2013-08-23,7.2,0.0,0.0,7.223333333333334,7.354444444444444,7.2,7.3
2013-08-24,7.2,0.0,0.0,7.22,7.351111111111111,7.2,7.3
2013-08-25,7.2,0.0,0.0,7.216666666666667,7.347777777777777,7.2,7.3
2013-08-26,7.2,0.0,0.0,7.213333333333334,7.344444444444444,7.2,7.3
2013-08-27,7.2,0.0,0.0,7.21,7.341111111111112,7.2,7.3
2013-08-28,7.2,0.0,0.0,7.206666666666667,7.337777777777777,7.2,7.3
2013-08-29,7.2,0.0,0.0,7.203333333333333,7.334444444444444,7.2,7.3
2013-08-30,7.2,0.0,0.0,7.2,7.3311111111111105,7.2,7.3
2013-08-31,7.2,0.0,0.0,7.2,7.3277777777777775,7.2,7.2
2013-09-01,7.2,0.0,0.0,7.2,7.3244444444444445,7.2,7.2
2013-09-02,7.2,0.0,0.0,7.2,7.321111111111111,7.2,7.2
2013-09-03,7.2,0.0,0.0,7.2,7.317777777777778,7.2,7.2
2013-09-04,7.2,0.0,0.0,7.2,7.314444444444444,7.2,7.2
2013-09-05,7.2,0.0,0.0,7.2,7.311111111111111,7.2,7.2
2013-09-06,7.2,0.0,0.0,7.2,7.307777777777778,7.2,7.2
2013-09-07,7.2,0.0,0.0,7.2,7.304444444444444,7.2,7.2
2013-09-08,7.2,0.0,0.0,7.2,7.301111111111111,7.2,7.2
2013-09-09,7.2,0.0,0.0,7.2,7.297777777777777,7.2,7.2
2013-09-10,7.2,0.0,0.0,7.2,7.294444444444444,7.2,7.2
2013-09-11,7.2,0.0,0.0,7.2,7.291111111111111,7.2,7.2
2013-09-12,7.2,0.0,0.0,7.2,7.2877777777777775,7.2,7.2
2013-09-13,7.2,0.0,0.0,7.2,7.2844444444444445,7.2,7.2
2013-09-14,7.2,0.0,0.0,7.2,7.281111111111111,7.2,7.2
2013-09-15,7.2,0.0,0.0,7.2,7.277777777777778,7.2,7.2
2013-09-16,7.2,0.0,0.0,7.2,7.274444444444445,7.2,7.2
2013-09-17,7.2,0.0,0.0,7.2,7.271111111111111,7.2,7.2
2013-09-18,7.2,0.0,0.0,7.2,7.267777777777778,7.2,7.2
2013-09-19,7.2,0.0,0.0,7.2,7.264444444444444,7.2,7.2
2013-09-20,7.2,0.0,0.0,7.2,7.261111111111111,7.2,7.2
2013-09-21,7.2,0.0,0.0,7.2,7.257777777777778,7.2,7.2
2013-09-22,7.2,0.0,0.0,7.2,7.254444444444444,7.2,7.2
2013-09-23,7.2,0.0,0.0,7.2,7.251111111111111,7.2,7.2
2013-09-24,7.2,0.0,0.0,7.2,7.247777777777777,7.2,7.2
2013-09-25,7.2,0.0,0.0,7.2,7.2444444444444445,7.2,7.2
2013-09-26,7.2,0.0,0.0,7.2,7.2411111111111115,7.2,7.2
2013-09-27,7.2,0.0,0.0,7.2,7.237777777777778,7.2,7.2
2013-09-28,7.2,0.0,0.0,7.2,7.234444444444445,7.2,7.2
2013-09-29,7.2,0.0,0.0,7.2,7.233333333333333,7.2,7.2
2013-09-30,7.2,0.0,0.0,7.2,7.232222222222222,7.2,7.2
2013-10-01,7.2,0.0,0.0,7.2,7.231111111111112,7.2,7.2
2013-10-02,7.2,0.0,0.0,7.2,7.2299999999999995,7.2,7.2
2013-10-03,7.2,0.0,0.0,7.2,7.228888888888889,7.2,7.2
2013-10-04,7.2,0.0,0.0,7.2,7.227777777777778,7.2,7.2
2013-10-05,7.2,0.0,0.0,7.2,7.226666666666667,7.2,7.2
2013-10-06,7.2,0.0,0.0,7.2,7.225555555555556,7.2,7.2
2013-10-07,7.2,0.0,0.0,7.2,7.224444444444445,7.2,7.2
2013-10-08,7.2,0.0,0.0,7.2,7.223333333333334,7.2,7.2
2013-10-09,7.2,0.0,0.0,7.2,7.222222222222222,7.2,7.2
2013-10-10,7.2,0.0,0.0,7.2,7.221111111111111,7.2,7.2
2013-10-11,7.2,0.0,0.0,7.2,7.220000000000001,7.2,7.2
2013-10-12,7.2,0.0,0.0,7.2,7.218888888888889,7.2,7.2
2013-10-13,7.2,0.0,0.0,7.2,7.217777777777778,7.2,7.2
2013-10-14,7.2,0.0,0.0,7.2,7.216666666666667,7.2,7.2
2013-10-15,7.2,0.0,0.0,7.2,7.2155555555555555,7.2,7.2
2013-10-16,7.2,0.0,0.0,7.2,7.214444444444445,7.2,7.2
2013-10-17,7.2,0.0,0.0,7.2,7.213333333333334,7.2,7.2
2013-10-18,7.2,0.0,0.0,7.2,7.2122222222222225,7.2,7.2
2013-10-19,7.2,0.0,0.0,7.2,7.211111111111111,7.2,7.2
2013-10-20,7.2,0.0,0.0,7.2,7.21,7.2,7.2
2013-10-21,7.2,0.0,0.0,7.2,7.20888888888889,7.2,7.2
2013-10-22,7.2,0.0,0.0,7.2,7.207777777777778,7.2,7.2
2013-10-23,7.2,0.0,0.0,7.2,7.206666666666667,7.2,7.2
2013-10-24,7.2,0.0,0.0,7.2,7.205555555555556,7.2,7.2
2013-10-25,7.2,0.0,0.0,7.2,7.204444444444444,7.2,7.2
2013-10-26,7.2,0.0,0.0,7.2,7.203333333333334,7.2,7.2
2013-10-27,7.2,0.0,0.0,7.2,7.202222222222223,7.2,7.2
2013-10-28,7.2,0.0,0.0,7.2,7.2011111111111115,7.2,7.2
2013-10-29,7.2,0.0,0.0,7.2,7.2,7.2,7.2
2013-10-30,7.2,0.0,0.0,7.2,7.2,7.2,7.2
2013-10-31,7.2,0.0,0.0,7.2,7.2,7.2,7.2
2013-11-01,6.9,-0.2999999999999998,-0.04166666666666663,7.19,7.196666666666667,7.2,7.2
2013-11-02,6.9,0.0,0.0,7.180000000000001,7.193333333333333,7.2,7.2
2013-11-03,6.9,0.0,0.0,7.17,7.19,7.2,7.2
2013-11-04,6.9,0.0,0.0,7.16,7.1866666666666665,7.2,7.2
2013-11-05,6.9,0.0,0.0,7.15,7.1833333333333345,7.2,7.2
2013-11-06,6.9,0.0,0.0,7.140000000000001,7.180000000000001,7.2,7.2
2013-11-07,6.9,0.0,0.0,7.13,7.176666666666667,7.2,7.2
2013-11-08,6.9,0.0,0.0,7.12,7.173333333333334,6.9,7.2
2013-11-09,6.9,0.0,0.0,7.11,7.17,6.9,7.2
2013-11-10,6.9,0.0,0.0,7.1,7.166666666666668,6.9,7.2
2013-11-11,6.9,0.0,0.0,7.090000000000001,7.163333333333334,6.9,7.2
2013-11-12,6.9,0.0,0.0,7.08,7.16,6.9,7.2
2013-11-13,6.9,0.0,0.0,7.069999999999999,7.156666666666667,6.9,7.2
2013-11-14,6.9,0.0,0.0,7.0600000000000005,7.153333333333332,6.9,7.2
2013-11-15,6.9,0.0,0.0,7.05,7.150000000000001,6.9,7.2
2013-11-16,6.9,0.0,0.0,7.040000000000001,7.146666666666667,6.9,7.2
2013-11-17,6.9,0.0,0.0,7.03,7.143333333333333,6.9,7.2
2013-11-18,6.9,0.0,0.0,7.0200000000000005,7.140000000000001,6.9,7.2
2013-11-19,6.9,0.0,0.0,7.010000000000001,7.136666666666666,6.9,7.2
2013-11-20,6.9,0.0,0.0,7.0,7.133333333333335,6.9,7.2
2013-11-21,6.9,0.0,0.0,6.99,7.130000000000001,6.9,7.2
2013-11-22,6.9,0.0,0.0,6.98,7.126666666666666,6.9,7.2
2013-11-23,6.9,0.0,0.0,6.970000000000001,7.123333333333334,6.9,7.2
2013-11-24,6.9,0.0,0.0,6.96,7.119999999999999,6.9,7.2
2013-11-25,6.9,0.0,0.0,6.95,7.116666666666666,6.9,7.2
2013-11-26,6.9,0.0,0.0,6.94,7.113333333333334,6.9,7.2
2013-11-27,6.9,0.0,0.0,6.930000000000001,7.109999999999999,6.9,7.2
2013-11-28,6.9,0.0,0.0,6.920000000000001,7.106666666666667,6.9,7.2
2013-11-29,6.9,0.0,0.0,6.91,7.103333333333333,6.9,7.2
2013-11-30,6.9,0.0,0.0,6.9,7.1,6.9,7.2
2013-12-01,6.7,-0.20000000000000018,-0.02898550724637683,6.8933333333333335,7.094444444444444,6.9,6.9
2013-12-02,6.7,0.0,0.0,6.886666666666667,7.088888888888889,6.9,6.9
2013-12-03,6.7,0.0,0.0,6.880000000000001,7.083333333333333,6.9,6.9
2013-12-04,6.7,0.0,0.0,6.873333333333334,7.0777777777777775,6.9,6.9
2013-12-05,6.7,0.0,0.0,6.866666666666666,7.072222222222222,6.9,6.9
2013-12-06,6.7,0.0,0.0,6.86,7.066666666666666,6.9,6.9
2013-12-07,6.7,0.0,0.0,6.8533333333333335,7.061111111111111,6.9,6.9
2013-12-08,6.7,0.0,0.0,6.846666666666668,7.055555555555557,6.7,6.9
2013-12-09,6.7,0.0,0.0,6.840000000000001,7.05,6.7,6.9
2013-12-10,6.7,0.0,0.0,6.833333333333333,7.044444444444444,6.7,6.9
2013-12-11,6.7,0.0,0.0,6.826666666666667,7.038888888888889,6.7,6.9
2013-12-12,6.7,0.0,0.0,6.819999999999999,7.033333333333333,6.7,6.9
2013-12-13,6.7,0.0,0.0,6.813333333333334,7.0277777777777795,6.7,6.9
2013-12-14,6.7,0.0,0.0,6.8066666666666675,7.022222222222222,6.7,6.9
2013-12-15,6.7,0.0,0.0,6.8,7.016666666666667,6.7,6.9
2013-12-16,6.7,0.0,0.0,6.793333333333334,7.011111111111111,6.7,6.9
2013-12-17,6.7,0.0,0.0,6.786666666666666,7.0055555555555555,6.7,6.9
2013-12-18,6.7,0.0,0.0,6.78,7.000000000000001,6.7,6.9
2013-12-19,6.7,0.0,0.0,6.773333333333334,6.9944444444444445,6.7,6.9
2013-12-20,6.7,0.0,0.0,6.766666666666667,6.988888888888889,6.7,6.9
2013-12-21,6.7,0.0,0.0,6.760000000000001,6.983333333333333,6.7,6.9
2013-12-22,6.7,0.0,0.0,6.753333333333333,6.977777777777778,6.7,6.9
2013-12-23,6.7,0.0,0.0,6.746666666666667,6.972222222222223,6.7,6.9
2013-12-24,6.7,0.0,0.0,6.74,6.966666666666667,6.7,6.9
2013-12-25,6.7,0.0,0.0,6.733333333333333,6.961111111111111,6.7,6.9
2013-12-26,6.7,0.0,0.0,6.7266666666666675,6.955555555555556,6.7,6.9
2013-12-27,6.7,0.0,0.0,6.72,6.95,6.7,6.9
2013-12-28,6.7,0.0,0.0,6.713333333333334,6.9444444444444455,6.7,6.9
2013-12-29,6.7,0.0,0.0,6.706666666666667,6.938888888888889,6.7,6.9
2013-12-30,6.7,0.0,0.0,6.7,6.933333333333334,6.7,6.9
2013-12-31,6.7,0.0,0.0,6.7,6.927777777777778,6.7,6.7
2014-01-01,6.6,-0.10000000000000053,-0.014925373134328401,6.696666666666667,6.921111111111111,6.7,6.7
2014-01-02,6.6,0.0,0.0,6.6933333333333325,6.914444444444445,6.7,6.7
2014-01-03,6.6,0.0,0.0,6.6899999999999995,6.9077777777777785,6.7,6.7
2014-01-04,6.6,0.0,0.0,6.686666666666667,6.901111111111112,6.7,6.7
2014-01-05,6.6,0.0,0.0,6.683333333333334,6.894444444444445,6.7,6.7
2014-01-06,6.6,0.0,0.0,6.680000000000001,6.887777777777777,6.7,6.7
2014-01-07,6.6,0.0,0.0,6.676666666666666,6.881111111111112,6.7,6.7
2014-01-08,6.6,0.0,0.0,6.673333333333333,6.874444444444445,6.6,6.7
2014-01-09,6.6,0.0,0.0,6.670000000000001,6.867777777777778,6.6,6.7
2014-01-10,6.6,0.0,0.0,6.666666666666667,6.861111111111111,6.6,6.7
2014-01-11,6.6,0.0,0.0,6.663333333333333,6.854444444444444,6.6,6.7
2014-01-12,6.6,0.0,0.0,6.659999999999999,6.847777777777779,6.6,6.7
2014-01-13,6.6,0.0,0.0,6.656666666666666,6.841111111111112,6.6,6.7
2014-01-14,6.6,0.0,0.0,6.653333333333334,6.834444444444443,6.6,6.7
2014-01-15,6.6,0.0,0.0,6.65,6.8277777777777775,6.6,6.7
2014-01-16,6.6,0.0,0.0,6.6466666666666665,6.821111111111111,6.6,6.7
2014-01-17,6.6,0.0,0.0,6.643333333333333,6.814444444444446,6.6,6.7
2014-01-18,6.6,0.0,0.0,6.64,6.807777777777778,6.6,6.7
2014-01-19,6.6,0.0,0.0,6.636666666666667,6.80111111111111,6.6,6.7
2014-01-20,6.6,0.0,0.0,6.633333333333334,6.794444444444444,6.6,6.7
2014-01-21,6.6,0.0,0.0,6.63,6.7877777777777775,6.6,6.7
2014-01-22,6.6,0.0,0.0,6.626666666666666,6.7811111111111115,6.6,6.7
2014-01-23,6.6,0.0,0.0,6.623333333333333,6.774444444444445,6.6,6.7
2014-01-24,6.6,0.0,0.0,6.62,6.767777777777777,6.6,6.7
2014-01-25,6.6,0.0,0.0,6.616666666666666,6.761111111111111,6.6,6.7
2014-01-26,6.6,0.0,0.0,6.613333333333333,6.754444444444444,6.6,6.7
2014-01-27,6.6,0.0,0.0,6.609999999999999,6.747777777777778,6.6,6.7
2014-01-28,6.6,0.0,0.0,6.6066666666666665,6.7411111111111115,6.6,6.7
2014-01-29,6.6,0.0,0.0,6.6033333333333335,6.734444444444444,6.6,6.7
2014-01-30,6.6,0.0,0.0,6.6,6.731111111111111,6.6,6.7
2014-01-31,6.6,0.0,0.0,6.6,6.727777777777778,6.6,6.6
2014-02-01,6.7,0.10000000000000053,0.015151515151515138,6.6033333333333335,6.725555555555556,6.6,6.6
2014-02-02,6.7,0.0,0.0,6.6066666666666665,6.723333333333334,6.6,6.6
2014-02-03,6.7,0.0,0.0,6.609999999999999,6.721111111111111,6.6,6.6
2014-02-04,6.7,0.0,0.0,6.613333333333332,6.7188888888888885,6.6,6.6
2014-02-05,6.7,0.0,0.0,6.616666666666666,6.716666666666667,6.6,6.6
2014-02-06,6.7,0.0,0.0,6.62,6.714444444444445,6.6,6.6
2014-02-07,6.7,0.0,0.0,6.623333333333334,6.7122222222222225,6.6,6.6
2014-02-08,6.7,0.0,0.0,6.626666666666666,6.71,6.7,6.6
2014-02-09,6.7,0.0,0.0,6.629999999999999,6.707777777777777,6.7,6.6
2014-02-10,6.7,0.0,0.0,6.633333333333334,6.705555555555556,6.7,6.6
2014-02-11,6.7,0.0,0.0,6.636666666666667,6.703333333333334,6.7,6.6
2014-02-12,6.7,0.0,0.0,6.640000000000001,6.7011111111111115,6.7,6.6
2014-02-13,6.7,0.0,0.0,6.6433333333333335,6.698888888888889,6.7,6.6
2014-02-14,6.7,0.0,0.0,6.646666666666666,6.696666666666666,6.7,6.6
2014-02-15,6.7,0.0,0.0,6.65,6.694444444444445,6.7,6.6
2014-02-16,6.7,0.0,0.0,6.653333333333333,6.692222222222223,6.7,6.6
2014-02-17,6.7,0.0,0.0,6.656666666666667,6.69,6.7,6.6
2014-02-18,6.7,0.0,0.0,6.66,6.687777777777778,6.7,6.6
2014-02-19,6.7,0.0,0.0,6.663333333333332,6.685555555555554,6.7,6.6
2014-02-20,6.7,0.0,0.0,6.666666666666667,6.683333333333334,6.7,6.6
2014-02-21,6.7,0.0,0.0,6.67,6.681111111111112,6.7,6.6
2014-02-22,6.7,0.0,0.0,6.673333333333334,6.678888888888889,6.7,6.6
2014-02-23,6.7,0.0,0.0,6.676666666666667,6.676666666666667,6.7,6.6
2014-02-24,6.7,0.0,0.0,6.679999999999999,6.674444444444443,6.7,6.6
2014-02-25,6.7,0.0,0.0,6.683333333333334,6.6722222222222225,6.7,6.6
2014-02-26,6.7,0.0,0.0,6.6866666666666665,6.670000000000001,6.7,6.6
2014-02-27,6.7,0.0,0.0,6.69,6.667777777777778,6.7,6.6
2014-02-28,6.7,0.0,0.0,6.693333333333333,6.665555555555556,6.7,6.6
2014-03-01,6.7,0.0,0.0,6.696666666666666,6.665555555555556,6.7,6.6
2014-03-02,6.7,0.0,0.0,6.7,6.665555555555556,6.7,6.6
2014-03-03,6.7,0.0,0.0,6.7,6.665555555555557,6.7,6.7
2014-03-04,6.7,0.0,0.0,6.7,6.665555555555556,6.7,6.7
2014-03-05,6.7,0.0,0.0,6.7,6.665555555555556,6.7,6.7
2014-03-06,6.7,0.0,0.0,6.7,6.665555555555557,6.7,6.7
2014-03-07,6.7,0.0,0.0,6.7,6.665555555555556,6.7,6.7
2014-03-08,6.7,0.0,0.0,6.7,6.665555555555556,6.7,6.7
2014-03-09,6.7,0.0,0.0,6.7,6.665555555555556,6.7,6.7
2014-03-10,6.7,0.0,0.0,6.7,6.665555555555556,6.7,6.7
2014-03-11,6.7,0.0,0.0,6.7,6.665555555555557,6.7,6.7
2014-03-12,6.7,0.0,0.0,6.7,6.665555555555556,6.7,6.7
2014-03-13,6.7,0.0,0.0,6.7,6.665555555555556,6.7,6.7
2014-03-14,6.7,0.0,0.0,6.7,6.665555555555556,6.7,6.7
2014-03-15,6.7,0.0,0.0,6.7,6.665555555555556,6.7,6.7
2014-03-16,6.7,0.0,0.0,6.7,6.665555555555557,6.7,6.7
2014-03-17,6.7,0.0,0.0,6.7,6.665555555555556,6.7,6.7
2014-03-18,6.7,0.0,0.0,6.7,6.665555555555556,6.7,6.7
2014-03-19,6.7,0.0,0.0,6.7,6.665555555555556,6.7,6.7
2014-03-20,6.7,0.0,0.0,6.7,6.665555555555556,6.7,6.7
2014-03-21,6.7,0.0,0.0,6.7,6.665555555555557,6.7,6.7
2014-03-22,6.7,0.0,0.0,6.7,6.665555555555556,6.7,6.7
2014-03-23,6.7,0.0,0.0,6.7,6.665555555555556,6.7,6.7
2014-03-24,6.7,0.0,0.0,6.7,6.665555555555556,6.7,6.7
2014-03-25,6.7,0.0,0.0,6.7,6.665555555555556,6.7,6.7
2014-03-26,6.7,0.0,0.0,6.7,6.665555555555557,6.7,6.7
2014-03-27,6.7,0.0,0.0,6.7,6.665555555555556,6.7,6.7
2014-03-28,6.7,0.0,0.0,6.7,6.665555555555556,6.7,6.7
2014-03-29,6.7,0.0,0.0,6.7,6.665555555555556,6.7,6.7
2014-03-30,6.7,0.0,0.0,6.7,6.665555555555556,6.7,6.7
2014-03-31,6.7,0.0,0.0,6.7,6.665555555555557,6.7,6.7
2014-04-01,6.2,-0.5,-0.07462686567164178,6.683333333333334,6.661111111111111,6.7,6.7
2014-04-02,6.2,0.0,0.0,6.666666666666667,6.656666666666667,6.7,6.7
2014-04-03,6.2,0.0,0.0,6.65,6.652222222222221,6.7,6.7
2014-04-04,6.2,0.0,0.0,6.633333333333334,6.647777777777777,6.7,6.7
2014-04-05,6.2,0.0,0.0,6.616666666666668,6.643333333333334,6.7,6.7
2014-04-06,6.2,0.0,0.0,6.6,6.638888888888889,6.7,6.7
2014-04-07,6.2,0.0,0.0,6.583333333333333,6.634444444444445,6.7,6.7
2014-04-08,6.2,0.0,0.0,6.566666666666666,6.629999999999999,6.2,6.7
2014-04-09,6.2,0.0,0.0,6.55,6.625555555555555,6.2,6.7
2014-04-10,6.2,0.0,0.0,6.533333333333333,6.621111111111112,6.2,6.7
2014-04-11,6.2,0.0,0.0,6.516666666666667,6.616666666666666,6.2,6.7
2014-04-12,6.2,0.0,0.0,6.500000000000001,6.612222222222223,6.2,6.7
2014-04-13,6.2,0.0,0.0,6.483333333333333,6.607777777777777,6.2,6.7
2014-04-14,6.2,0.0,0.0,6.466666666666667,6.603333333333333,6.2,6.7
2014-04-15,6.2,0.0,0.0,6.45,6.59888888888889,6.2,6.7
2014-04-16,6.2,0.0,0.0,6.433333333333334,6.594444444444444,6.2,6.7
2014-04-17,6.2,0.0,0.0,6.416666666666668,6.59,6.2,6.7
2014-04-18,6.2,0.0,0.0,6.4,6.585555555555555,6.2,6.7
2014-04-19,6.2,0.0,0.0,6.383333333333334,6.581111111111112,6.2,6.7
2014-04-20,6.2,0.0,0.0,6.366666666666666,6.576666666666668,6.2,6.7
2014-04-21,6.2,0.0,0.0,6.35,6.572222222222222,6.2,6.7
2014-04-22,6.2,0.0,0.0,6.333333333333334,6.567777777777778,6.2,6.7
2014-04-23,6.2,0.0,0.0,6.316666666666666,6.563333333333333,6.2,6.7
2014-04-24,6.2,0.0,0.0,6.3,6.558888888888889,6.2,6.7
2014-04-25,6.2,0.0,0.0,6.283333333333333,6.554444444444446,6.2,6.7
2014-04-26,6.2,0.0,0.0,6.266666666666667,6.55,6.2,6.7
2014-04-27,6.2,0.0,0.0,6.250000000000001,6.545555555555556,6.2,6.7
2014-04-28,6.2,0.0,0.0,6.233333333333333,6.54111111111111,6.2,6.7
2014-04-29,6.2,0.0,0.0,6.216666666666667,6.536666666666667,6.2,6.7
2014-04-30,6.2,0.0,0.0,6.2,6.532222222222223,6.2,6.7
2014-05-01,6.3,0.09999999999999964,0.016129032258064502,6.203333333333333,6.528888888888889,6.2,6.2
2014-05-02,6.3,0.0,0.0,6.206666666666667,6.524444444444444,6.2,6.2
2014-05-03,6.3,0.0,0.0,6.21,6.5200000000000005,6.2,6.2
2014-05-04,6.3,0.0,0.0,6.213333333333334,6.515555555555555,6.2,6.2
2014-05-05,6.3,0.0,0.0,6.216666666666667,6.511111111111112,6.2,6.2
2014-05-06,6.3,0.0,0.0,6.22,6.506666666666667,6.2,6.2
2014-05-07,6.3,0.0,0.0,6.223333333333333,6.502222222222222,6.2,6.2
2014-05-08,6.3,0.0,0.0,6.2266666666666675,6.497777777777778,6.3,6.2
2014-05-09,6.3,0.0,0.0,6.23,6.493333333333333,6.3,6.2
2014-05-10,6.3,0.0,0.0,6.233333333333333,6.48888888888889,6.3,6.2
2014-05-11,6.3,0.0,0.0,6.236666666666666,6.484444444444445,6.3,6.2
2014-05-12,6.3,0.0,0.0,6.239999999999999,6.4799999999999995,6.3,6.2
2014-05-13,6.3,0.0,0.0,6.243333333333334,6.475555555555556,6.3,6.2
2014-05-14,6.3,0.0,0.0,6.246666666666667,6.471111111111111,6.3,6.2
2014-05-15,6.3,0.0,0.0,6.25,6.466666666666668,6.3,6.2
2014-05-16,6.3,0.0,0.0,6.253333333333333,6.4622222222222225,6.3,6.2
2014-05-17,6.3,0.0,0.0,6.256666666666666,6.457777777777777,6.3,6.2
2014-05-18,6.3,0.0,0.0,6.260000000000001,6.453333333333334,6.3,6.2
2014-05-19,6.3,0.0,0.0,6.263333333333334,6.448888888888889,6.3,6.2
2014-05-20,6.3,0.0,0.0,6.266666666666667,6.4444444444444455,6.3,6.2
2014-05-21,6.3,0.0,0.0,6.27,6.44,6.3,6.2
2014-05-22,6.3,0.0,0.0,6.2733333333333325,6.435555555555554,6.3,6.2
2014-05-23,6.3,0.0,0.0,6.276666666666667,6.431111111111112,6.3,6.2
2014-05-24,6.3,0.0,0.0,6.28,6.426666666666667,6.3,6.2
2014-05-25,6.3,0.0,0.0,6.283333333333333,6.422222222222223,6.3,6.2
2014-05-26,6.3,0.0,0.0,6.286666666666666,6.417777777777778,6.3,6.2
2014-05-27,6.3,0.0,0.0,6.29,6.413333333333332,6.3,6.2
2014-05-28,6.3,0.0,0.0,6.293333333333333,6.40888888888889,6.3,6.2
2014-05-29,6.3,0.0,0.0,6.296666666666667,6.404444444444445,6.3,6.2
2014-05-30,6.3,0.0,0.0,6.3,6.400000000000001,6.3,6.2
2014-05-31,6.3,0.0,0.0,6.3,6.395555555555556,6.3,6.3
2014-06-01,6.1,-0.20000000000000018,-0.031746031746031744,6.293333333333333,6.388888888888889,6.3,6.3
2014-06-02,6.1,0.0,0.0,6.286666666666666,6.382222222222223,6.3,6.3
2014-06-03,6.1,0.0,0.0,6.28,6.375555555555555,6.3,6.3
2014-06-04,6.1,0.0,0.0,6.2733333333333325,6.368888888888888,6.3,6.3
2014-06-05,6.1,0.0,0.0,6.266666666666667,6.362222222222223,6.3,6.3
2014-06-06,6.1,0.0,0.0,6.26,6.355555555555555,6.3,6.3
2014-06-07,6.1,0.0,0.0,6.253333333333333,6.34888888888889,6.3,6.3
2014-06-08,6.1,0.0,0.0,6.246666666666667,6.3422222222222215,6.1,6.3
2014-06-09,6.1,0.0,0.0,6.239999999999999,6.335555555555555,6.1,6.3
2014-06-10,6.1,0.0,0.0,6.233333333333333,6.328888888888889,6.1,6.3
2014-06-11,6.1,0.0,0.0,6.226666666666666,6.322222222222222,6.1,6.3
2014-06-12,6.1,0.0,0.0,6.219999999999999,6.315555555555557,6.1,6.3
2014-06-13,6.1,0.0,0.0,6.213333333333334,6.308888888888888,6.1,6.3
2014-06-14,6.1,0.0,0.0,6.206666666666666,6.3022222222222215,6.1,6.3
2014-06-15,6.1,0.0,0.0,6.2,6.295555555555556,6.1,6.3
2014-06-16,6.1,0.0,0.0,6.1933333333333325,6.288888888888889,6.1,6.3
2014-06-17,6.1,0.0,0.0,6.186666666666666,6.282222222222222,6.1,6.3
2014-06-18,6.1,0.0,0.0,6.180000000000001,6.275555555555555,6.1,6.3
2014-06-19,6.1,0.0,0.0,6.173333333333333,6.268888888888888,6.1,6.3
2014-06-20,6.1,0.0,0.0,6.166666666666667,6.262222222222222,6.1,6.3
2014-06-21,6.1,0.0,0.0,6.159999999999999,6.2555555555555555,6.1,6.3
2014-06-22,6.1,0.0,0.0,6.153333333333333,6.248888888888889,6.1,6.3
2014-06-23,6.1,0.0,0.0,6.1466666666666665,6.242222222222222,6.1,6.3
2014-06-24,6.1,0.0,0.0,6.14,6.235555555555555,6.1,6.3
2014-06-25,6.1,0.0,0.0,6.133333333333334,6.228888888888889,6.1,6.3
2014-06-26,6.1,0.0,0.0,6.126666666666666,6.222222222222222,6.1,6.3
2014-06-27,6.1,0.0,0.0,6.12,6.2155555555555555,6.1,6.3
2014-06-28,6.1,0.0,0.0,6.113333333333332,6.208888888888889,6.1,6.3
2014-06-29,6.1,0.0,0.0,6.1066666666666665,6.202222222222222,6.1,6.3
2014-06-30,6.1,0.0,0.0,6.1,6.2011111111111115,6.1,6.3
2014-07-01,6.2,0.10000000000000053,0.016393442622950838,6.1033333333333335,6.20111111111111,6.1,6.1
2014-07-02,6.2,0.0,0.0,6.1066666666666665,6.2011111111111115,6.1,6.1
2014-07-03,6.2,0.0,0.0,6.109999999999999,6.2011111111111115,6.1,6.1
2014-07-04,6.2,0.0,0.0,6.113333333333332,6.20111111111111,6.1,6.1
2014-07-05,6.2,0.0,0.0,6.116666666666666,6.2011111111111115,6.1,6.1
2014-07-06,6.2,0.0,0.0,6.12,6.20111111111111,6.1,6.1
2014-07-07,6.2,0.0,0.0,6.123333333333333,6.2011111111111115,6.1,6.1
2014-07-08,6.2,0.0,0.0,6.126666666666666,6.2011111111111115,6.2,6.1
2014-07-09,6.2,0.0,0.0,6.13,6.20111111111111,6.2,6.1
2014-07-10,6.2,0.0,0.0,6.133333333333334,6.2011111111111115,6.2,6.1
2014-07-11,6.2,0.0,0.0,6.136666666666667,6.20111111111111,6.2,6.1
2014-07-12,6.2,0.0,0.0,6.140000000000001,6.2011111111111115,6.2,6.1
2014-07-13,6.2,0.0,0.0,6.143333333333333,6.2011111111111115,6.2,6.1
2014-07-14,6.2,0.0,0.0,6.1466666666666665,6.20111111111111,6.2,6.1
2014-07-15,6.2,0.0,0.0,6.15,6.2011111111111115,6.2,6.1
2014-07-16,6.2,0.0,0.0,6.153333333333333,6.20111111111111,6.2,6.1
2014-07-17,6.2,0.0,0.0,6.156666666666667,6.2011111111111115,6.2,6.1
2014-07-18,6.2,0.0,0.0,6.159999999999999,6.2011111111111115,6.2,6.1
2014-07-19,6.2,0.0,0.0,6.163333333333333,6.20111111111111,6.2,6.1
2014-07-20,6.2,0.0,0.0,6.166666666666667,6.2011111111111115,6.2,6.1
2014-07-21,6.2,0.0,0.0,6.17,6.20111111111111,6.2,6.1
2014-07-22,6.2,0.0,0.0,6.173333333333334,6.2011111111111115,6.2,6.1
2014-07-23,6.2,0.0,0.0,6.176666666666666,6.2011111111111115,6.2,6.1
2014-07-24,6.2,0.0,0.0,6.180000000000001,6.20111111111111,6.2,6.1
2014-07-25,6.2,0.0,0.0,6.183333333333334,6.2011111111111115,6.2,6.1
2014-07-26,6.2,0.0,0.0,6.1866666666666665,6.20111111111111,6.2,6.1
2014-07-27,6.2,0.0,0.0,6.19,6.2011111111111115,6.2,6.1
2014-07-28,6.2,0.0,0.0,6.193333333333333,6.2011111111111115,6.2,6.1
2014-07-29,6.2,0.0,0.0,6.196666666666667,6.20111111111111,6.2,6.1
2014-07-30,6.2,0.0,0.0,6.2,6.2,6.2,6.1
2014-07-31,6.2,0.0,0.0,6.2,6.198888888888889,6.2,6.2
2014-08-01,6.1,-0.10000000000000053,-0.016129032258064613,6.196666666666667,6.196666666666666,6.2,6.2
2014-08-02,6.1,0.0,0.0,6.193333333333333,6.194444444444445,6.2,6.2
2014-08-03,6.1,0.0,0.0,6.19,6.192222222222222,6.2,6.2
2014-08-04,6.1,0.0,0.0,6.1866666666666665,6.19,6.2,6.2
2014-08-05,6.1,0.0,0.0,6.183333333333334,6.187777777777778,6.2,6.2
2014-08-06,6.1,0.0,0.0,6.180000000000001,6.185555555555554,6.2,6.2
2014-08-07,6.1,0.0,0.0,6.176666666666667,6.183333333333334,6.2,6.2
2014-08-08,6.1,0.0,0.0,6.173333333333333,6.181111111111111,6.1,6.2
2014-08-09,6.1,0.0,0.0,6.17,6.178888888888889,6.1,6.2
2014-08-10,6.1,0.0,0.0,6.166666666666667,6.176666666666667,6.1,6.2
2014-08-11,6.1,0.0,0.0,6.163333333333333,6.174444444444443,6.1,6.2
2014-08-12,6.1,0.0,0.0,6.16,6.1722222222222225,6.1,6.2
2014-08-13,6.1,0.0,0.0,6.156666666666666,6.17,6.1,6.2
2014-08-14,6.1,0.0,0.0,6.153333333333333,6.167777777777778,6.1,6.2
2014-08-15,6.1,0.0,0.0,6.15,6.165555555555556,6.1,6.2
2014-08-16,6.1,0.0,0.0,6.146666666666666,6.163333333333332,6.1,6.2
2014-08-17,6.1,0.0,0.0,6.1433333333333335,6.161111111111111,6.1,6.2
2014-08-18,6.1,0.0,0.0,6.14,6.158888888888888,6.1,6.2
2014-08-19,6.1,0.0,0.0,6.136666666666667,6.156666666666667,6.1,6.2
2014-08-20,6.1,0.0,0.0,6.133333333333334,6.154444444444445,6.1,6.2
2014-08-21,6.1,0.0,0.0,6.129999999999999,6.152222222222221,6.1,6.2
2014-08-22,6.1,0.0,0.0,6.126666666666667,6.15,6.1,6.2
2014-08-23,6.1,0.0,0.0,6.123333333333333,6.147777777777777,6.1,6.2
2014-08-24,6.1,0.0,0.0,6.12,6.145555555555556,6.1,6.2
2014-08-25,6.1,0.0,0.0,6.116666666666666,6.143333333333333,6.1,6.2
2014-08-26,6.1,0.0,0.0,6.113333333333332,6.14111111111111,6.1,6.2
2014-08-27,6.1,0.0,0.0,6.11,6.138888888888889,6.1,6.2
2014-08-28,6.1,0.0,0.0,6.1066666666666665,6.136666666666666,6.1,6.2
2014-08-29,6.1,0.0,0.0,6.1033333333333335,6.134444444444445,6.1,6.2
2014-08-30,6.1,0.0,0.0,6.1,6.134444444444443,6.1,6.2
2014-08-31,6.1,0.0,0.0,6.1,6.134444444444443,6.1,6.1
2014-09-01,5.9,-0.1999999999999993,-0.032786885245901565,6.093333333333333,6.132222222222222,6.1,6.1
2014-09-02,5.9,0.0,0.0,6.086666666666667,6.130000000000001,6.1,6.1
2014-09-03,5.9,0.0,0.0,6.08,6.127777777777778,6.1,6.1
2014-09-04,5.9,0.0,0.0,6.073333333333334,6.125555555555555,6.1,6.1
2014-09-05,5.9,0.0,0.0,6.0666666666666655,6.123333333333332,6.1,6.1
2014-09-06,5.9,0.0,0.0,6.06,6.1211111111111105,6.1,6.1
2014-09-07,5.9,0.0,0.0,6.053333333333333,6.11888888888889,6.1,6.1
2014-09-08,5.9,0.0,0.0,6.046666666666667,6.116666666666666,5.9,6.1
2014-09-09,5.9,0.0,0.0,6.040000000000001,6.114444444444444,5.9,6.1
2014-09-10,5.9,0.0,0.0,6.033333333333332,6.112222222222223,5.9,6.1
2014-09-11,5.9,0.0,0.0,6.026666666666666,6.109999999999999,5.9,6.1
2014-09-12,5.9,0.0,0.0,6.02,6.107777777777779,5.9,6.1
2014-09-13,5.9,0.0,0.0,6.013333333333334,6.105555555555555,5.9,6.1
2014-09-14,5.9,0.0,0.0,6.006666666666667,6.103333333333333,5.9,6.1
2014-09-15,5.9,0.0,0.0,6.0,6.101111111111111,5.9,6.1
2014-09-16,5.9,0.0,0.0,5.993333333333333,6.098888888888888,5.9,6.1
2014-09-17,5.9,0.0,0.0,5.986666666666666,6.096666666666668,5.9,6.1
2014-09-18,5.9,0.0,0.0,5.98,6.094444444444444,5.9,6.1
2014-09-19,5.9,0.0,0.0,5.973333333333334,6.0922222222222215,5.9,6.1
2014-09-20,5.9,0.0,0.0,5.966666666666668,6.09,5.9,6.1
2014-09-21,5.9,0.0,0.0,5.959999999999999,6.087777777777777,5.9,6.1
2014-09-22,5.9,0.0,0.0,5.953333333333333,6.0855555555555565,5.9,6.1
2014-09-23,5.9,0.0,0.0,5.946666666666667,6.083333333333333,5.9,6.1
2014-09-24,5.9,0.0,0.0,5.94,6.0811111111111105,5.9,6.1
2014-09-25,5.9,0.0,0.0,5.9333333333333345,6.078888888888889,5.9,6.1
2014-09-26,5.9,0.0,0.0,5.926666666666666,6.076666666666666,5.9,6.1
2014-09-27,5.9,0.0,0.0,5.92,6.0744444444444445,5.9,6.1
2014-09-28,5.9,0.0,0.0,5.913333333333333,6.072222222222222,5.9,6.1
2014-09-29,5.9,0.0,0.0,5.906666666666667,6.068888888888889,5.9,6.1
2014-09-30,5.9,0.0,0.0,5.9,6.065555555555555,5.9,6.1
2014-10-01,5.7,-0.20000000000000018,-0.03389830508474578,5.8933333333333335,6.06,5.9,5.9
2014-10-02,5.7,0.0,0.0,5.886666666666667,6.054444444444444,5.9,5.9
2014-10-03,5.7,0.0,0.0,5.88,6.0488888888888885,5.9,5.9
2014-10-04,5.7,0.0,0.0,5.873333333333333,6.043333333333335,5.9,5.9
2014-10-05,5.7,0.0,0.0,5.866666666666668,6.0377777777777775,5.9,5.9
2014-10-06,5.7,0.0,0.0,5.86,6.032222222222222,5.9,5.9
2014-10-07,5.7,0.0,0.0,5.853333333333334,6.026666666666667,5.9,5.9
2014-10-08,5.7,0.0,0.0,5.846666666666667,6.021111111111111,5.7,5.9
2014-10-09,5.7,0.0,0.0,5.84,6.015555555555556,5.7,5.9
2014-10-10,5.7,0.0,0.0,5.833333333333334,6.01,5.7,5.9
2014-10-11,5.7,0.0,0.0,5.826666666666667,6.004444444444444,5.7,5.9
2014-10-12,5.7,0.0,0.0,5.820000000000001,5.99888888888889,5.7,5.9
2014-10-13,5.7,0.0,0.0,5.8133333333333335,5.993333333333333,5.7,5.9
2014-10-14,5.7,0.0,0.0,5.806666666666667,5.9877777777777785,5.7,5.9
2014-10-15,5.7,0.0,0.0,5.800000000000001,5.982222222222222,5.7,5.9
2014-10-16,5.7,0.0,0.0,5.793333333333334,5.976666666666667,5.7,5.9
2014-10-17,5.7,0.0,0.0,5.786666666666667,5.971111111111112,5.7,5.9
2014-10-18,5.7,0.0,0.0,5.78,5.9655555555555555,5.7,5.9
2014-10-19,5.7,0.0,0.0,5.7733333333333325,5.960000000000001,5.7,5.9
2014-10-20,5.7,0.0,0.0,5.766666666666667,5.954444444444444,5.7,5.9
2014-10-21,5.7,0.0,0.0,5.760000000000001,5.948888888888889,5.7,5.9
2014-10-22,5.7,0.0,0.0,5.753333333333334,5.943333333333334,5.7,5.9
2014-10-23,5.7,0.0,0.0,5.746666666666667,5.937777777777778,5.7,5.9
2014-10-24,5.7,0.0,0.0,5.739999999999999,5.932222222222223,5.7,5.9
2014-10-25,5.7,0.0,0.0,5.733333333333333,5.926666666666667,5.7,5.9
2014-10-26,5.7,0.0,0.0,5.7266666666666675,5.921111111111111,5.7,5.9
2014-10-27,5.7,0.0,0.0,5.720000000000001,5.915555555555557,5.7,5.9
2014-10-28,5.7,0.0,0.0,5.713333333333334,5.91,5.7,5.9
2014-10-29,5.7,0.0,0.0,5.706666666666666,5.9044444444444455,5.7,5.9
2014-10-30,5.7,0.0,0.0,5.7,5.9,5.7,5.9
2014-10-31,5.7,0.0,0.0,5.7,5.895555555555556,5.7,5.7
2014-11-01,5.8,0.09999999999999964,0.01754385964912264,5.703333333333334,5.892222222222221,5.7,5.7
2014-11-02,5.8,0.0,0.0,5.706666666666666,5.888888888888889,5.7,5.7
2014-11-03,5.8,0.0,0.0,5.71,5.885555555555556,5.7,5.7
2014-11-04,5.8,0.0,0.0,5.713333333333334,5.882222222222223,5.7,5.7
2014-11-05,5.8,0.0,0.0,5.716666666666667,5.8788888888888895,5.7,5.7
2014-11-06,5.8,0.0,0.0,5.720000000000001,5.875555555555555,5.7,5.7
2014-11-07,5.8,0.0,0.0,5.723333333333333,5.872222222222222,5.7,5.7
2014-11-08,5.8,0.0,0.0,5.7266666666666675,5.86888888888889,5.8,5.7
2014-11-09,5.8,0.0,0.0,5.73,5.865555555555557,5.8,5.7
2014-11-10,5.8,0.0,0.0,5.733333333333333,5.862222222222223,5.8,5.7
2014-11-11,5.8,0.0,0.0,5.736666666666666,5.858888888888888,5.8,5.7
2014-11-12,5.8,0.0,0.0,5.739999999999999,5.855555555555555,5.8,5.7
2014-11-13,5.8,0.0,0.0,5.743333333333334,5.852222222222223,5.8,5.7
2014-11-14,5.8,0.0,0.0,5.746666666666667,5.84888888888889,5.8,5.7
2014-11-15,5.8,0.0,0.0,5.75,5.845555555555555,5.8,5.7
2014-11-16,5.8,0.0,0.0,5.753333333333333,5.8422222222222215,5.8,5.7
2014-11-17,5.8,0.0,0.0,5.756666666666666,5.838888888888889,5.8,5.7
2014-11-18,5.8,0.0,0.0,5.760000000000001,5.8355555555555565,5.8,5.7
2014-11-19,5.8,0.0,0.0,5.763333333333334,5.8322222222222235,5.8,5.7
2014-11-20,5.8,0.0,0.0,5.766666666666667,5.828888888888889,5.8,5.7
2014-11-21,5.8,0.0,0.0,5.77,5.825555555555555,5.8,5.7
2014-11-22,5.8,0.0,0.0,5.7733333333333325,5.822222222222222,5.8,5.7
2014-11-23,5.8,0.0,0.0,5.776666666666667,5.818888888888889,5.8,5.7
2014-11-24,5.8,0.0,0.0,5.779999999999999,5.815555555555557,5.8,5.7
2014-11-25,5.8,0.0,0.0,5.783333333333333,5.812222222222222,5.8,5.7
2014-11-26,5.8,0.0,0.0,5.786666666666666,5.808888888888888,5.8,5.7
2014-11-27,5.8,0.0,0.0,5.79,5.805555555555555,5.8,5.7
2014-11-28,5.8,0.0,0.0,5.793333333333334,5.802222222222222,5.8,5.7
2014-11-29,5.8,0.0,0.0,5.796666666666666,5.7988888888888885,5.8,5.7
2014-11-30,5.8,0.0,0.0,5.8,5.797777777777778,5.8,5.7
2014-12-01,5.6,-0.20000000000000018,-0.034482758620689724,5.793333333333333,5.794444444444444,5.8,5.8
2014-12-02,5.6,0.0,0.0,5.786666666666666,5.79111111111111,5.8,5.8
2014-12-03,5.6,0.0,0.0,5.78,5.7877777777777775,5.8,5.8
2014-12-04,5.6,0.0,0.0,5.7733333333333325,5.7844444444444445,5.8,5.8
2014-12-05,5.6,0.0,0.0,5.766666666666667,5.7811111111111115,5.8,5.8
2014-12-06,5.6,0.0,0.0,5.76,5.777777777777778,5.8,5.8
2014-12-07,5.6,0.0,0.0,5.753333333333333,5.774444444444444,5.8,5.8
2014-12-08,5.6,0.0,0.0,5.746666666666667,5.771111111111111,5.6,5.8
2014-12-09,5.6,0.0,0.0,5.739999999999999,5.767777777777778,5.6,5.8
2014-12-10,5.6,0.0,0.0,5.733333333333333,5.764444444444445,5.6,5.8
2014-12-11,5.6,0.0,0.0,5.726666666666666,5.761111111111111,5.6,5.8
2014-12-12,5.6,0.0,0.0,5.72,5.757777777777777,5.6,5.8
2014-12-13,5.6,0.0,0.0,5.713333333333333,5.754444444444444,5.6,5.8
2014-12-14,5.6,0.0,0.0,5.706666666666666,5.751111111111111,5.6,5.8
2014-12-15,5.6,0.0,0.0,5.7,5.747777777777777,5.6,5.8
2014-12-16,5.6,0.0,0.0,5.6933333333333325,5.7444444444444445,5.6,5.8
2014-12-17,5.6,0.0,0.0,5.6866666666666665,5.741111111111111,5.6,5.8
2014-12-18,5.6,0.0,0.0,5.679999999999999,5.737777777777778,5.6,5.8
2014-12-19,5.6,0.0,0.0,5.673333333333333,5.734444444444445,5.6,5.8
2014-12-20,5.6,0.0,0.0,5.666666666666667,5.731111111111111,5.6,5.8
2014-12-21,5.6,0.0,0.0,5.659999999999999,5.727777777777778,5.6,5.8
2014-12-22,5.6,0.0,0.0,5.653333333333333,5.724444444444444,5.6,5.8
2014-12-23,5.6,0.0,0.0,5.646666666666666,5.721111111111111,5.6,5.8
2014-12-24,5.6,0.0,0.0,5.64,5.717777777777778,5.6,5.8
2014-12-25,5.6,0.0,0.0,5.633333333333334,5.714444444444444,5.6,5.8
2014-12-26,5.6,0.0,0.0,5.626666666666666,5.711111111111111,5.6,5.8
2014-12-27,5.6,0.0,0.0,5.62,5.707777777777777,5.6,5.8
2014-12-28,5.6,0.0,0.0,5.613333333333332,5.704444444444444,5.6,5.8
2014-12-29,5.6,0.0,0.0,5.6066666666666665,5.70111111111111,5.6,5.8
2014-12-30,5.6,0.0,0.0,5.6,5.7,5.6,5.8
2014-12-31,5.6,0.0,0.0,5.6,5.698888888888889,5.6,5.6
2015-01-01,5.7,0.10000000000000053,0.017857142857143016,5.6033333333333335,5.698888888888889,5.6,5.6
2015-01-02,5.7,0.0,0.0,5.6066666666666665,5.698888888888889,5.6,5.6
2015-01-03,5.7,0.0,0.0,5.609999999999999,5.698888888888889,5.6,5.6
2015-01-04,5.7,0.0,0.0,5.613333333333332,5.698888888888889,5.6,5.6
2015-01-05,5.7,0.0,0.0,5.616666666666666,5.698888888888889,5.6,5.6
2015-01-06,5.7,0.0,0.0,5.62,5.698888888888889,5.6,5.6
2015-01-07,5.7,0.0,0.0,5.623333333333333,5.698888888888889,5.6,5.6
2015-01-08,5.7,0.0,0.0,5.626666666666666,5.698888888888889,5.7,5.6
2015-01-09,5.7,0.0,0.0,5.63,5.698888888888889,5.7,5.6
2015-01-10,5.7,0.0,0.0,5.633333333333334,5.698888888888889,5.7,5.6
2015-01-11,5.7,0.0,0.0,5.636666666666667,5.698888888888889,5.7,5.6
2015-01-12,5.7,0.0,0.0,5.640000000000001,5.698888888888889,5.7,5.6
2015-01-13,5.7,0.0,0.0,5.643333333333333,5.698888888888889,5.7,5.6
2015-01-14,5.7,0.0,0.0,5.6466666666666665,5.698888888888889,5.7,5.6
2015-01-15,5.7,0.0,0.0,5.65,5.698888888888889,5.7,5.6
2015-01-16,5.7,0.0,0.0,5.653333333333333,5.698888888888889,5.7,5.6
2015-01-17,5.7,0.0,0.0,5.656666666666667,5.698888888888889,5.7,5.6
2015-01-18,5.7,0.0,0.0,5.659999999999999,5.698888888888889,5.7,5.6
2015-01-19,5.7,0.0,0.0,5.663333333333333,5.698888888888889,5.7,5.6
2015-01-20,5.7,0.0,0.0,5.666666666666667,5.698888888888889,5.7,5.6
2015-01-21,5.7,0.0,0.0,5.67,5.698888888888889,5.7,5.6
2015-01-22,5.7,0.0,0.0,5.673333333333334,5.698888888888889,5.7,5.6
2015-01-23,5.7,0.0,0.0,5.676666666666666,5.698888888888889,5.7,5.6
2015-01-24,5.7,0.0,0.0,5.680000000000001,5.698888888888889,5.7,5.6
2015-01-25,5.7,0.0,0.0,5.683333333333334,5.698888888888889,5.7,5.6
2015-01-26,5.7,0.0,0.0,5.6866666666666665,5.698888888888889,5.7,5.6
2015-01-27,5.7,0.0,0.0,5.69,5.698888888888889,5.7,5.6
2015-01-28,5.7,0.0,0.0,5.693333333333333,5.698888888888889,5.7,5.6
2015-01-29,5.7,0.0,0.0,5.696666666666667,5.698888888888889,5.7,5.6
2015-01-30,5.7,0.0,0.0,5.7,5.697777777777778,5.7,5.6
2015-01-31,5.7,0.0,0.0,5.7,5.696666666666667,5.7,5.7
2015-02-01,5.5,-0.20000000000000018,-0.03508771929824561,5.6933333333333325,5.693333333333333,5.7,5.7
2015-02-02,5.5,0.0,0.0,5.6866666666666665,5.69,5.7,5.7
2015-02-03,5.5,0.0,0.0,5.679999999999999,5.6866666666666665,5.7,5.7
2015-02-04,5.5,0.0,0.0,5.673333333333333,5.683333333333333,5.7,5.7
2015-02-05,5.5,0.0,0.0,5.666666666666667,5.68,5.7,5.7
2015-02-06,5.5,0.0,0.0,5.659999999999999,5.676666666666667,5.7,5.7
2015-02-07,5.5,0.0,0.0,5.653333333333333,5.673333333333333,5.7,5.7
2015-02-08,5.5,0.0,0.0,5.646666666666666,5.67,5.5,5.7
2015-02-09,5.5,0.0,0.0,5.64,5.666666666666666,5.5,5.7
2015-02-10,5.5,0.0,0.0,5.633333333333334,5.663333333333333,5.5,5.7
2015-02-11,5.5,0.0,0.0,5.626666666666666,5.66,5.5,5.7
2015-02-12,5.5,0.0,0.0,5.62,5.656666666666666,5.5,5.7
2015-02-13,5.5,0.0,0.0,5.613333333333332,5.653333333333332,5.5,5.7
2015-02-14,5.5,0.0,0.0,5.6066666666666665,5.6499999999999995,5.5,5.7
2015-02-15,5.5,0.0,0.0,5.6,5.6466666666666665,5.5,5.7
2015-02-16,5.5,0.0,0.0,5.593333333333333,5.643333333333333,5.5,5.7
2015-02-17,5.5,0.0,0.0,5.586666666666667,5.64,5.5,5.7
2015-02-18,5.5,0.0,0.0,5.579999999999999,5.636666666666666,5.5,5.7
2015-02-19,5.5,0.0,0.0,5.573333333333333,5.633333333333333,5.5,5.7
2015-02-20,5.5,0.0,0.0,5.566666666666666,5.63,5.5,5.7
2015-02-21,5.5,0.0,0.0,5.56,5.626666666666666,5.5,5.7
2015-02-22,5.5,0.0,0.0,5.553333333333333,5.623333333333333,5.5,5.7
2015-02-23,5.5,0.0,0.0,5.546666666666666,5.619999999999999,5.5,5.7
2015-02-24,5.5,0.0,0.0,5.54,5.616666666666666,5.5,5.7
2015-02-25,5.5,0.0,0.0,5.533333333333333,5.613333333333333,5.5,5.7
2015-02-26,5.5,0.0,0.0,5.526666666666666,5.609999999999999,5.5,5.7
2015-02-27,5.5,0.0,0.0,5.52,5.6066666666666665,5.5,5.7
2015-02-28,5.5,0.0,0.0,5.513333333333333,5.603333333333333,5.5,5.7
2015-03-01,5.4,-0.09999999999999964,-0.018181818181818077,5.503333333333333,5.601111111111111,5.5,5.7
2015-03-02,5.4,0.0,0.0,5.493333333333334,5.598888888888888,5.5,5.7
2015-03-03,5.4,0.0,0.0,5.49,5.596666666666667,5.5,5.5
2015-03-04,5.4,0.0,0.0,5.486666666666667,5.594444444444444,5.5,5.5
2015-03-05,5.4,0.0,0.0,5.483333333333334,5.592222222222222,5.5,5.5
2015-03-06,5.4,0.0,0.0,5.48,5.59,5.5,5.5
2015-03-07,5.4,0.0,0.0,5.4766666666666675,5.587777777777777,5.5,5.5
2015-03-08,5.4,0.0,0.0,5.473333333333334,5.585555555555556,5.4,5.5
2015-03-09,5.4,0.0,0.0,5.470000000000001,5.583333333333333,5.4,5.5
2015-03-10,5.4,0.0,0.0,5.466666666666668,5.581111111111111,5.4,5.5
2015-03-11,5.4,0.0,0.0,5.463333333333334,5.578888888888889,5.4,5.5
2015-03-12,5.4,0.0,0.0,5.46,5.576666666666666,5.4,5.5
2015-03-13,5.4,0.0,0.0,5.456666666666667,5.5744444444444445,5.4,5.5
2015-03-14,5.4,0.0,0.0,5.453333333333334,5.572222222222222,5.4,5.5
2015-03-15,5.4,0.0,0.0,5.450000000000001,5.57,5.4,5.5
2015-03-16,5.4,0.0,0.0,5.446666666666667,5.567777777777778,5.4,5.5
2015-03-17,5.4,0.0,0.0,5.443333333333333,5.565555555555555,5.4,5.5
2015-03-18,5.4,0.0,0.0,5.44,5.5633333333333335,5.4,5.5
2015-03-19,5.4,0.0,0.0,5.436666666666667,5.561111111111111,5.4,5.5
2015-03-20,5.4,0.0,0.0,5.4333333333333345,5.558888888888889,5.4,5.5
2015-03-21,5.4,0.0,0.0,5.4300000000000015,5.556666666666667,5.4,5.5
2015-03-22,5.4,0.0,0.0,5.426666666666667,5.554444444444444,5.4,5.5
2015-03-23,5.4,0.0,0.0,5.423333333333334,5.552222222222222,5.4,5.5
2015-03-24,5.4,0.0,0.0,5.420000000000001,5.55,5.4,5.5
2015-03-25,5.4,0.0,0.0,5.416666666666668,5.547777777777778,5.4,5.5
2015-03-26,5.4,0.0,0.0,5.413333333333335,5.545555555555556,5.4,5.5
2015-03-27,5.4,0.0,0.0,5.41,5.543333333333333,5.4,5.5
2015-03-28,5.4,0.0,0.0,5.406666666666667,5.541111111111111,5.4,5.5
2015-03-29,5.4,0.0,0.0,5.403333333333334,5.538888888888889,5.4,5.5
2015-03-30,5.4,0.0,0.0,5.4,5.536666666666667,5.4,5.5
2015-03-31,5.4,0.0,0.0,5.4,5.5344444444444445,5.4,5.4
2015-04-01,5.4,0.0,0.0,5.4,5.5311111111111115,5.4,5.4
2015-04-02,5.4,0.0,0.0,5.4,5.527777777777778,5.4,5.4
2015-04-03,5.4,0.0,0.0,5.4,5.524444444444445,5.4,5.4
2015-04-04,5.4,0.0,0.0,5.4,5.521111111111112,5.4,5.4
2015-04-05,5.4,0.0,0.0,5.4,5.517777777777778,5.4,5.4
2015-04-06,5.4,0.0,0.0,5.4,5.514444444444445,5.4,5.4
2015-04-07,5.4,0.0,0.0,5.4,5.511111111111111,5.4,5.4
2015-04-08,5.4,0.0,0.0,5.4,5.507777777777777,5.4,5.4
2015-04-09,5.4,0.0,0.0,5.4,5.504444444444445,5.4,5.4
2015-04-10,5.4,0.0,0.0,5.4,5.501111111111111,5.4,5.4
2015-04-11,5.4,0.0,0.0,5.4,5.497777777777778,5.4,5.4
2015-04-12,5.4,0.0,0.0,5.4,5.4944444444444445,5.4,5.4
2015-04-13,5.4,0.0,0.0,5.4,5.491111111111111,5.4,5.4
2015-04-14,5.4,0.0,0.0,5.4,5.4877777777777785,5.4,5.4
2015-04-15,5.4,0.0,0.0,5.4,5.484444444444445,5.4,5.4
2015-04-16,5.4,0.0,0.0,5.4,5.481111111111112,5.4,5.4
2015-04-17,5.4,0.0,0.0,5.4,5.477777777777778,5.4,5.4
2015-04-18,5.4,0.0,0.0,5.4,5.474444444444444,5.4,5.4
2015-04-19,5.4,0.0,0.0,5.4,5.471111111111112,5.4,5.4
2015-04-20,5.4,0.0,0.0,5.4,5.467777777777778,5.4,5.4
2015-04-21,5.4,0.0,0.0,5.4,5.464444444444445,5.4,5.4
2015-04-22,5.4,0.0,0.0,5.4,5.461111111111111,5.4,5.4
2015-04-23,5.4,0.0,0.0,5.4,5.457777777777777,5.4,5.4
2015-04-24,5.4,0.0,0.0,5.4,5.454444444444444,5.4,5.4
2015-04-25,5.4,0.0,0.0,5.4,5.4511111111111115,5.4,5.4
2015-04-26,5.4,0.0,0.0,5.4,5.4477777777777785,5.4,5.4
2015-04-27,5.4,0.0,0.0,5.4,5.444444444444445,5.4,5.4
2015-04-28,5.4,0.0,0.0,5.4,5.441111111111111,5.4,5.4
2015-04-29,5.4,0.0,0.0,5.4,5.437777777777778,5.4,5.4
2015-04-30,5.4,0.0,0.0,5.4,5.434444444444445,5.4,5.4
2015-05-01,5.6,0.1999999999999993,0.03703703703703698,5.406666666666667,5.433333333333334,5.4,5.4
2015-05-02,5.6,0.0,0.0,5.413333333333333,5.434444444444445,5.4,5.4
2015-05-03,5.6,0.0,0.0,5.420000000000001,5.435555555555556,5.4,5.4
2015-05-04,5.6,0.0,0.0,5.426666666666667,5.436666666666667,5.4,5.4
2015-05-05,5.6,0.0,0.0,5.433333333333334,5.437777777777778,5.4,5.4
2015-05-06,5.6,0.0,0.0,5.4399999999999995,5.438888888888889,5.4,5.4
2015-05-07,5.6,0.0,0.0,5.446666666666667,5.44,5.4,5.4
2015-05-08,5.6,0.0,0.0,5.453333333333334,5.441111111111112,5.6,5.4
2015-05-09,5.6,0.0,0.0,5.46,5.442222222222223,5.6,5.4
2015-05-10,5.6,0.0,0.0,5.466666666666667,5.443333333333333,5.6,5.4
2015-05-11,5.6,0.0,0.0,5.473333333333333,5.444444444444445,5.6,5.4
2015-05-12,5.6,0.0,0.0,5.48,5.445555555555556,5.6,5.4
2015-05-13,5.6,0.0,0.0,5.486666666666666,5.446666666666667,5.6,5.4
2015-05-14,5.6,0.0,0.0,5.493333333333334,5.4477777777777785,5.6,5.4
2015-05-15,5.6,0.0,0.0,5.5,5.448888888888889,5.6,5.4
2015-05-16,5.6,0.0,0.0,5.506666666666666,5.450000000000001,5.6,5.4
2015-05-17,5.6,0.0,0.0,5.513333333333334,5.4511111111111115,5.6,5.4
2015-05-18,5.6,0.0,0.0,5.52,5.452222222222223,5.6,5.4
2015-05-19,5.6,0.0,0.0,5.526666666666667,5.453333333333334,5.6,5.4
2015-05-20,5.6,0.0,0.0,5.533333333333333,5.454444444444444,5.6,5.4
2015-05-21,5.6,0.0,0.0,5.54,5.455555555555557,5.6,5.4
2015-05-22,5.6,0.0,0.0,5.546666666666666,5.456666666666667,5.6,5.4
2015-05-23,5.6,0.0,0.0,5.553333333333333,5.457777777777778,5.6,5.4
2015-05-24,5.6,0.0,0.0,5.5600000000000005,5.45888888888889,5.6,5.4
2015-05-25,5.6,0.0,0.0,5.566666666666666,5.46,5.6,5.4
2015-05-26,5.6,0.0,0.0,5.573333333333333,5.461111111111112,5.6,5.4
2015-05-27,5.6,0.0,0.0,5.579999999999999,5.4622222222222225,5.6,5.4
2015-05-28,5.6,0.0,0.0,5.586666666666667,5.463333333333334,5.6,5.4
2015-05-29,5.6,0.0,0.0,5.593333333333333,5.464444444444444,5.6,5.4
2015-05-30,5.6,0.0,0.0,5.6,5.466666666666667,5.6,5.4
2015-05-31,5.6,0.0,0.0,5.6,5.468888888888889,5.6,5.6
2015-06-01,5.3,-0.2999999999999998,-0.05357142857142849,5.59,5.467777777777777,5.6,5.6
2015-06-02,5.3,0.0,0.0,5.579999999999999,5.466666666666667,5.6,5.6
2015-06-03,5.3,0.0,0.0,5.569999999999999,5.4655555555555555,5.6,5.6
2015-06-04,5.3,0.0,0.0,5.56,5.464444444444444,5.6,5.6
2015-06-05,5.3,0.0,0.0,5.55,5.463333333333334,5.6,5.6
2015-06-06,5.3,0.0,0.0,5.54,5.462222222222222,5.6,5.6
2015-06-07,5.3,0.0,0.0,5.529999999999999,5.461111111111111,5.6,5.6
2015-06-08,5.3,0.0,0.0,5.52,5.46,5.3,5.6
2015-06-09,5.3,0.0,0.0,5.51,5.458888888888889,5.3,5.6
2015-06-10,5.3,0.0,0.0,5.5,5.457777777777778,5.3,5.6
2015-06-11,5.3,0.0,0.0,5.489999999999999,5.456666666666666,5.3,5.6
2015-06-12,5.3,0.0,0.0,5.48,5.455555555555556,5.3,5.6
2015-06-13,5.3,0.0,0.0,5.47,5.454444444444444,5.3,5.6
2015-06-14,5.3,0.0,0.0,5.459999999999999,5.453333333333333,5.3,5.6
2015-06-15,5.3,0.0,0.0,5.45,5.452222222222223,5.3,5.6
2015-06-16,5.3,0.0,0.0,5.4399999999999995,5.451111111111111,5.3,5.6
2015-06-17,5.3,0.0,0.0,5.430000000000001,5.45,5.3,5.6
2015-06-18,5.3,0.0,0.0,5.42,5.448888888888889,5.3,5.6
2015-06-19,5.3,0.0,0.0,5.409999999999999,5.447777777777778,5.3,5.6
2015-06-20,5.3,0.0,0.0,5.4,5.446666666666667,5.3,5.6
2015-06-21,5.3,0.0,0.0,5.39,5.445555555555555,5.3,5.6
2015-06-22,5.3,0.0,0.0,5.38,5.444444444444445,5.3,5.6
2015-06-23,5.3,0.0,0.0,5.369999999999999,5.443333333333333,5.3,5.6
2015-06-24,5.3,0.0,0.0,5.359999999999999,5.442222222222222,5.3,5.6
2015-06-25,5.3,0.0,0.0,5.35,5.441111111111112,5.3,5.6
2015-06-26,5.3,0.0,0.0,5.34,5.4399999999999995,5.3,5.6
2015-06-27,5.3,0.0,0.0,5.33,5.438888888888889,5.3,5.6
2015-06-28,5.3,0.0,0.0,5.319999999999999,5.437777777777778,5.3,5.6
2015-06-29,5.3,0.0,0.0,5.31,5.4366666666666665,5.3,5.6
2015-06-30,5.3,0.0,0.0,5.3,5.435555555555556,5.3,5.6
2015-07-01,5.2,-0.09999999999999964,-0.01886792452830177,5.296666666666667,5.433333333333334,5.3,5.3
2015-07-02,5.2,0.0,0.0,5.293333333333333,5.431111111111111,5.3,5.3
2015-07-03,5.2,0.0,0.0,5.29,5.428888888888888,5.3,5.3
2015-07-04,5.2,0.0,0.0,5.286666666666666,5.426666666666667,5.3,5.3
2015-07-05,5.2,0.0,0.0,5.283333333333333,5.424444444444444,5.3,5.3
2015-07-06,5.2,0.0,0.0,5.28,5.4222222222222225,5.3,5.3
2015-07-07,5.2,0.0,0.0,5.276666666666667,5.42,5.3,5.3
2015-07-08,5.2,0.0,0.0,5.2733333333333325,5.417777777777777,5.2,5.3
2015-07-09,5.2,0.0,0.0,5.27,5.415555555555556,5.2,5.3
2015-07-10,5.2,0.0,0.0,5.266666666666667,5.413333333333333,5.2,5.3
2015-07-11,5.2,0.0,0.0,5.263333333333334,5.411111111111111,5.2,5.3
2015-07-12,5.2,0.0,0.0,5.260000000000001,5.408888888888889,5.2,5.3
2015-07-13,5.2,0.0,0.0,5.256666666666666,5.406666666666666,5.2,5.3
2015-07-14,5.2,0.0,0.0,5.253333333333333,5.404444444444445,5.2,5.3
2015-07-15,5.2,0.0,0.0,5.25,5.402222222222222,5.2,5.3
2015-07-16,5.2,0.0,0.0,5.246666666666667,5.4,5.2,5.3
2015-07-17,5.2,0.0,0.0,5.243333333333334,5.397777777777778,5.2,5.3
2015-07-18,5.2,0.0,0.0,5.239999999999999,5.395555555555555,5.2,5.3
2015-07-19,5.2,0.0,0.0,5.236666666666666,5.393333333333333,5.2,5.3
2015-07-20,5.2,0.0,0.0,5.233333333333333,5.391111111111111,5.2,5.3
2015-07-21,5.2,0.0,0.0,5.23,5.388888888888889,5.2,5.3
2015-07-22,5.2,0.0,0.0,5.2266666666666675,5.386666666666667,5.2,5.3
2015-07-23,5.2,0.0,0.0,5.223333333333333,5.384444444444444,5.2,5.3
2015-07-24,5.2,0.0,0.0,5.22,5.382222222222222,5.2,5.3
2015-07-25,5.2,0.0,0.0,5.216666666666667,5.38,5.2,5.3
2015-07-26,5.2,0.0,0.0,5.213333333333334,5.377777777777778,5.2,5.3
2015-07-27,5.2,0.0,0.0,5.21,5.375555555555556,5.2,5.3
2015-07-28,5.2,0.0,0.0,5.206666666666667,5.373333333333333,5.2,5.3
2015-07-29,5.2,0.0,0.0,5.203333333333333,5.3711111111111105,5.2,5.3
2015-07-30,5.2,0.0,0.0,5.2,5.366666666666666,5.2,5.3
2015-07-31,5.2,0.0,0.0,5.2,5.362222222222223,5.2,5.2
2015-08-01,5.1,-0.10000000000000053,-0.019230769230769384,5.196666666666667,5.3566666666666665,5.2,5.2
2015-08-02,5.1,0.0,0.0,5.193333333333333,5.351111111111111,5.2,5.2
2015-08-03,5.1,0.0,0.0,5.19,5.345555555555555,5.2,5.2
2015-08-04,5.1,0.0,0.0,5.1866666666666665,5.34,5.2,5.2
2015-08-05,5.1,0.0,0.0,5.183333333333334,5.334444444444444,5.2,5.2
2015-08-06,5.1,0.0,0.0,5.180000000000001,5.328888888888889,5.2,5.2
2015-08-07,5.1,0.0,0.0,5.176666666666667,5.323333333333333,5.2,5.2
2015-08-08,5.1,0.0,0.0,5.173333333333334,5.317777777777778,5.1,5.2
2015-08-09,5.1,0.0,0.0,5.17,5.312222222222222,5.1,5.2
2015-08-10,5.1,0.0,0.0,5.166666666666667,5.306666666666667,5.1,5.2
2015-08-11,5.1,0.0,0.0,5.163333333333332,5.301111111111111,5.1,5.2
2015-08-12,5.1,0.0,0.0,5.16,5.295555555555556,5.1,5.2
2015-08-13,5.1,0.0,0.0,5.156666666666667,5.29,5.1,5.2
2015-08-14,5.1,0.0,0.0,5.153333333333333,5.2844444444444445,5.1,5.2
2015-08-15,5.1,0.0,0.0,5.15,5.278888888888889,5.1,5.2
2015-08-16,5.1,0.0,0.0,5.146666666666666,5.2733333333333325,5.1,5.2
2015-08-17,5.1,0.0,0.0,5.143333333333333,5.267777777777777,5.1,5.2
2015-08-18,5.1,0.0,0.0,5.140000000000001,5.262222222222222,5.1,5.2
2015-08-19,5.1,0.0,0.0,5.136666666666667,5.256666666666666,5.1,5.2
2015-08-20,5.1,0.0,0.0,5.133333333333334,5.251111111111111,5.1,5.2
2015-08-21,5.1,0.0,0.0,5.129999999999999,5.245555555555555,5.1,5.2
2015-08-22,5.1,0.0,0.0,5.126666666666666,5.239999999999999,5.1,5.2
2015-08-23,5.1,0.0,0.0,5.123333333333334,5.234444444444445,5.1,5.2
2015-08-24,5.1,0.0,0.0,5.12,5.228888888888888,5.1,5.2
2015-08-25,5.1,0.0,0.0,5.116666666666666,5.223333333333334,5.1,5.2
2015-08-26,5.1,0.0,0.0,5.113333333333332,5.217777777777777,5.1,5.2
2015-08-27,5.1,0.0,0.0,5.109999999999999,5.2122222222222225,5.1,5.2
2015-08-28,5.1,0.0,0.0,5.1066666666666665,5.206666666666667,5.1,5.2
2015-08-29,5.1,0.0,0.0,5.1033333333333335,5.201111111111111,5.1,5.2
2015-08-30,5.1,0.0,0.0,5.1,5.198888888888889,5.1,5.2
2015-08-31,5.1,0.0,0.0,5.1,5.196666666666666,5.1,5.1
2015-09-01,5.0,-0.09999999999999964,-0.019607843137254832,5.096666666666666,5.193333333333333,5.1,5.1
2015-09-02,5.0,0.0,0.0,5.093333333333333,5.1899999999999995,5.1,5.1
2015-09-03,5.0,0.0,0.0,5.09,5.1866666666666665,5.1,5.1
2015-09-04,5.0,0.0,0.0,5.086666666666667,5.183333333333334,5.1,5.1
2015-09-05,5.0,0.0,0.0,5.083333333333333,5.18,5.1,5.1
2015-09-06,5.0,0.0,0.0,5.079999999999999,5.176666666666667,5.1,5.1
2015-09-07,5.0,0.0,0.0,5.076666666666666,5.173333333333333,5.1,5.1
2015-09-08,5.0,0.0,0.0,5.073333333333333,5.17,5.0,5.1
2015-09-09,5.0,0.0,0.0,5.069999999999999,5.166666666666667,5.0,5.1
2015-09-10,5.0,0.0,0.0,5.066666666666666,5.163333333333333,5.0,5.1
2015-09-11,5.0,0.0,0.0,5.063333333333333,5.16,5.0,5.1
2015-09-12,5.0,0.0,0.0,5.06,5.156666666666666,5.0,5.1
2015-09-13,5.0,0.0,0.0,5.056666666666667,5.153333333333332,5.0,5.1
2015-09-14,5.0,0.0,0.0,5.053333333333333,5.15,5.0,5.1
2015-09-15,5.0,0.0,0.0,5.05,5.1466666666666665,5.0,5.1
2015-09-16,5.0,0.0,0.0,5.046666666666667,5.143333333333333,5.0,5.1
2015-09-17,5.0,0.0,0.0,5.043333333333333,5.14,5.0,5.1
2015-09-18,5.0,0.0,0.0,5.04,5.136666666666666,5.0,5.1
2015-09-19,5.0,0.0,0.0,5.036666666666666,5.133333333333334,5.0,5.1
2015-09-20,5.0,0.0,0.0,5.033333333333333,5.13,5.0,5.1
2015-09-21,5.0,0.0,0.0,5.03,5.126666666666666,5.0,5.1
2015-09-22,5.0,0.0,0.0,5.026666666666666,5.123333333333333,5.0,5.1
2015-09-23,5.0,0.0,0.0,5.0233333333333325,5.119999999999999,5.0,5.1
2015-09-24,5.0,0.0,0.0,5.02,5.116666666666666,5.0,5.1
2015-09-25,5.0,0.0,0.0,5.016666666666667,5.113333333333333,5.0,5.1
2015-09-26,5.0,0.0,0.0,5.013333333333334,5.109999999999999,5.0,5.1
2015-09-27,5.0,0.0,0.0,5.010000000000001,5.1066666666666665,5.0,5.1
2015-09-28,5.0,0.0,0.0,5.006666666666666,5.103333333333333,5.0,5.1
2015-09-29,5.0,0.0,0.0,5.003333333333333,5.101111111111111,5.0,5.1
2015-09-30,5.0,0.0,0.0,5.0,5.098888888888888,5.0,5.1
2015-10-01,5.0,0.0,0.0,5.0,5.096666666666667,5.0,5.0
2015-10-02,5.0,0.0,0.0,5.0,5.094444444444444,5.0,5.0
2015-10-03,5.0,0.0,0.0,5.0,5.0922222222222215,5.0,5.0
2015-10-04,5.0,0.0,0.0,5.0,5.09,5.0,5.0
2015-10-05,5.0,0.0,0.0,5.0,5.087777777777777,5.0,5.0
2015-10-06,5.0,0.0,0.0,5.0,5.085555555555556,5.0,5.0
2015-10-07,5.0,0.0,0.0,5.0,5.083333333333333,5.0,5.0
2015-10-08,5.0,0.0,0.0,5.0,5.0811111111111105,5.0,5.0
2015-10-09,5.0,0.0,0.0,5.0,5.078888888888889,5.0,5.0
2015-10-10,5.0,0.0,0.0,5.0,5.076666666666666,5.0,5.0
2015-10-11,5.0,0.0,0.0,5.0,5.0744444444444445,5.0,5.0
2015-10-12,5.0,0.0,0.0,5.0,5.072222222222222,5.0,5.0
2015-10-13,5.0,0.0,0.0,5.0,5.069999999999999,5.0,5.0
2015-10-14,5.0,0.0,0.0,5.0,5.067777777777778,5.0,5.0
2015-10-15,5.0,0.0,0.0,5.0,5.065555555555555,5.0,5.0
2015-10-16,5.0,0.0,0.0,5.0,5.0633333333333335,5.0,5.0
2015-10-17,5.0,0.0,0.0,5.0,5.061111111111111,5.0,5.0
2015-10-18,5.0,0.0,0.0,5.0,5.058888888888888,5.0,5.0
2015-10-19,5.0,0.0,0.0,5.0,5.056666666666667,5.0,5.0
2015-10-20,5.0,0.0,0.0,5.0,5.054444444444444,5.0,5.0
2015-10-21,5.0,0.0,0.0,5.0,5.052222222222222,5.0,5.0
2015-10-22,5.0,0.0,0.0,5.0,5.05,5.0,5.0
2015-10-23,5.0,0.0,0.0,5.0,5.047777777777777,5.0,5.0
2015-10-24,5.0,0.0,0.0,5.0,5.045555555555556,5.0,5.0
2015-10-25,5.0,0.0,0.0,5.0,5.043333333333333,5.0,5.0
2015-10-26,5.0,0.0,0.0,5.0,5.041111111111111,5.0,5.0
2015-10-27,5.0,0.0,0.0,5.0,5.038888888888889,5.0,5.0
2015-10-28,5.0,0.0,0.0,5.0,5.036666666666666,5.0,5.0
2015-10-29,5.0,0.0,0.0,5.0,5.0344444444444445,5.0,5.0
2015-10-30,5.0,0.0,0.0,5.0,5.033333333333333,5.0,5.0
2015-10-31,5.0,0.0,0.0,5.0,5.032222222222222,5.0,5.0
2015-11-01,5.1,0.09999999999999964,0.020000000000000018,5.003333333333333,5.032222222222222,5.0,5.0
2015-11-02,5.1,0.0,0.0,5.006666666666666,5.032222222222222,5.0,5.0
2015-11-03,5.1,0.0,0.0,5.010000000000001,5.032222222222222,5.0,5.0
2015-11-04,5.1,0.0,0.0,5.013333333333334,5.032222222222223,5.0,5.0
2015-11-05,5.1,0.0,0.0,5.016666666666667,5.032222222222222,5.0,5.0
2015-11-06,5.1,0.0,0.0,5.02,5.032222222222222,5.0,5.0
2015-11-07,5.1,0.0,0.0,5.0233333333333325,5.032222222222222,5.0,5.0
2015-11-08,5.1,0.0,0.0,5.026666666666667,5.032222222222222,5.1,5.0
2015-11-09,5.1,0.0,0.0,5.03,5.032222222222223,5.1,5.0
2015-11-10,5.1,0.0,0.0,5.033333333333333,5.032222222222222,5.1,5.0
2015-11-11,5.1,0.0,0.0,5.036666666666666,5.032222222222222,5.1,5.0
2015-11-12,5.1,0.0,0.0,5.04,5.032222222222222,5.1,5.0
2015-11-13,5.1,0.0,0.0,5.043333333333334,5.032222222222222,5.1,5.0
2015-11-14,5.1,0.0,0.0,5.046666666666667,5.032222222222223,5.1,5.0
2015-11-15,5.1,0.0,0.0,5.05,5.032222222222222,5.1,5.0
2015-11-16,5.1,0.0,0.0,5.053333333333333,5.032222222222222,5.1,5.0
2015-11-17,5.1,0.0,0.0,5.056666666666667,5.032222222222222,5.1,5.0
2015-11-18,5.1,0.0,0.0,5.06,5.032222222222222,5.1,5.0
2015-11-19,5.1,0.0,0.0,5.0633333333333335,5.032222222222223,5.1,5.0
2015-11-20,5.1,0.0,0.0,5.066666666666666,5.032222222222222,5.1,5.0
2015-11-21,5.1,0.0,0.0,5.069999999999999,5.032222222222222,5.1,5.0
2015-11-22,5.1,0.0,0.0,5.073333333333333,5.032222222222222,5.1,5.0
2015-11-23,5.1,0.0,0.0,5.076666666666666,5.032222222222222,5.1,5.0
2015-11-24,5.1,0.0,0.0,5.08,5.032222222222223,5.1,5.0
2015-11-25,5.1,0.0,0.0,5.083333333333333,5.032222222222222,5.1,5.0
2015-11-26,5.1,0.0,0.0,5.086666666666667,5.032222222222222,5.1,5.0
2015-11-27,5.1,0.0,0.0,5.09,5.032222222222222,5.1,5.0
2015-11-28,5.1,0.0,0.0,5.093333333333333,5.032222222222222,5.1,5.0
2015-11-29,5.1,0.0,0.0,5.096666666666666,5.032222222222222,5.1,5.0
2015-11-30,5.1,0.0,0.0,5.1,5.033333333333333,5.1,5.0
2015-12-01,5.0,-0.09999999999999964,-0.019607843137254832,5.096666666666667,5.033333333333333,5.1,5.1
2015-12-02,5.0,0.0,0.0,5.093333333333334,5.033333333333333,5.1,5.1
2015-12-03,5.0,0.0,0.0,5.09,5.033333333333333,5.1,5.1
2015-12-04,5.0,0.0,0.0,5.086666666666667,5.033333333333333,5.1,5.1
2015-12-05,5.0,0.0,0.0,5.083333333333333,5.033333333333333,5.1,5.1
2015-12-06,5.0,0.0,0.0,5.08,5.033333333333333,5.1,5.1
2015-12-07,5.0,0.0,0.0,5.076666666666667,5.033333333333333,5.1,5.1
2015-12-08,5.0,0.0,0.0,5.073333333333333,5.033333333333333,5.0,5.1
2015-12-09,5.0,0.0,0.0,5.069999999999999,5.033333333333333,5.0,5.1
2015-12-10,5.0,0.0,0.0,5.066666666666666,5.033333333333333,5.0,5.1
2015-12-11,5.0,0.0,0.0,5.0633333333333335,5.033333333333333,5.0,5.1
2015-12-12,5.0,0.0,0.0,5.0600000000000005,5.033333333333333,5.0,5.1
2015-12-13,5.0,0.0,0.0,5.056666666666667,5.033333333333333,5.0,5.1
2015-12-14,5.0,0.0,0.0,5.053333333333333,5.033333333333333,5.0,5.1
2015-12-15,5.0,0.0,0.0,5.05,5.033333333333333,5.0,5.1
2015-12-16,5.0,0.0,0.0,5.046666666666667,5.033333333333333,5.0,5.1
2015-12-17,5.0,0.0,0.0,5.043333333333334,5.033333333333333,5.0,5.1
2015-12-18,5.0,0.0,0.0,5.040000000000001,5.033333333333333,5.0,5.1
2015-12-19,5.0,0.0,0.0,5.036666666666666,5.033333333333333,5.0,5.1
2015-12-20,5.0,0.0,0.0,5.033333333333333,5.033333333333333,5.0,5.1
2015-12-21,5.0,0.0,0.0,5.03,5.033333333333333,5.0,5.1
2015-12-22,5.0,0.0,0.0,5.026666666666667,5.033333333333333,5.0,5.1
2015-12-23,5.0,0.0,0.0,5.023333333333334,5.033333333333333,5.0,5.1
2015-12-24,5.0,0.0,0.0,5.02,5.033333333333333,5.0,5.1
2015-12-25,5.0,0.0,0.0,5.016666666666667,5.033333333333333,5.0,5.1
2015-12-26,5.0,0.0,0.0,5.013333333333334,5.033333333333333,5.0,5.1
2015-12-27,5.0,0.0,0.0,5.010000000000001,5.033333333333333,5.0,5.1
2015-12-28,5.0,0.0,0.0,5.006666666666667,5.033333333333333,5.0,5.1
2015-12-29,5.0,0.0,0.0,5.003333333333334,5.033333333333333,5.0,5.1
2015-12-30,5.0,0.0,0.0,5.0,5.033333333333333,5.0,5.1
2015-12-31,5.0,0.0,0.0,5.0,5.033333333333333,5.0,5.0
2016-01-01,4.8,-0.20000000000000018,-0.040000000000000036,4.993333333333333,5.0311111111111115,5.0,5.0
2016-01-02,4.8,0.0,0.0,4.986666666666666,5.028888888888889,5.0,5.0
2016-01-03,4.8,0.0,0.0,4.9799999999999995,5.026666666666666,5.0,5.0
2016-01-04,4.8,0.0,0.0,4.973333333333333,5.024444444444445,5.0,5.0
2016-01-05,4.8,0.0,0.0,4.966666666666667,5.022222222222222,5.0,5.0
2016-01-06,4.8,0.0,0.0,4.959999999999999,5.0200000000000005,5.0,5.0
2016-01-07,4.8,0.0,0.0,4.953333333333333,5.017777777777778,5.0,5.0
2016-01-08,4.8,0.0,0.0,4.946666666666666,5.015555555555555,4.8,5.0
2016-01-09,4.8,0.0,0.0,4.9399999999999995,5.013333333333334,4.8,5.0
2016-01-10,4.8,0.0,0.0,4.933333333333334,5.011111111111111,4.8,5.0
2016-01-11,4.8,0.0,0.0,4.926666666666666,5.008888888888889,4.8,5.0
2016-01-12,4.8,0.0,0.0,4.92,5.006666666666667,4.8,5.0
2016-01-13,4.8,0.0,0.0,4.913333333333332,5.004444444444444,4.8,5.0
2016-01-14,4.8,0.0,0.0,4.906666666666666,5.002222222222222,4.8,5.0
2016-01-15,4.8,0.0,0.0,4.9,5.0,4.8,5.0
2016-01-16,4.8,0.0,0.0,4.893333333333333,4.997777777777778,4.8,5.0
2016-01-17,4.8,0.0,0.0,4.886666666666667,4.995555555555556,4.8,5.0
2016-01-18,4.8,0.0,0.0,4.879999999999999,4.993333333333333,4.8,5.0
2016-01-19,4.8,0.0,0.0,4.873333333333333,4.991111111111111,4.8,5.0
2016-01-20,4.8,0.0,0.0,4.866666666666666,4.988888888888889,4.8,5.0
2016-01-21,4.8,0.0,0.0,4.859999999999999,4.986666666666666,4.8,5.0
2016-01-22,4.8,0.0,0.0,4.8533333333333335,4.984444444444445,4.8,5.0
2016-01-23,4.8,0.0,0.0,4.846666666666666,4.982222222222222,4.8,5.0
2016-01-24,4.8,0.0,0.0,4.84,4.9799999999999995,4.8,5.0
2016-01-25,4.8,0.0,0.0,4.833333333333333,4.977777777777778,4.8,5.0
2016-01-26,4.8,0.0,0.0,4.826666666666666,4.975555555555555,4.8,5.0
2016-01-27,4.8,0.0,0.0,4.819999999999999,4.973333333333334,4.8,5.0
2016-01-28,4.8,0.0,0.0,4.813333333333333,4.971111111111111,4.8,5.0
2016-01-29,4.8,0.0,0.0,4.806666666666667,4.9688888888888885,4.8,5.0
2016-01-30,4.8,0.0,0.0,4.8,4.9655555555555555,4.8,5.0
2016-01-31,4.8,0.0,0.0,4.8,4.9622222222222225,4.8,4.8
2016-02-01,4.9,0.10000000000000053,0.02083333333333348,4.803333333333333,4.96,4.8,4.8
2016-02-02,4.9,0.0,0.0,4.8066666666666675,4.957777777777777,4.8,4.8
2016-02-03,4.9,0.0,0.0,4.8100000000000005,4.955555555555556,4.8,4.8
2016-02-04,4.9,0.0,0.0,4.813333333333333,4.953333333333333,4.8,4.8
2016-02-05,4.9,0.0,0.0,4.816666666666666,4.9511111111111115,4.8,4.8
2016-02-06,4.9,0.0,0.0,4.819999999999999,4.948888888888889,4.8,4.8
2016-02-07,4.9,0.0,0.0,4.823333333333334,4.946666666666666,4.8,4.8
2016-02-08,4.9,0.0,0.0,4.826666666666667,4.944444444444445,4.9,4.8
2016-02-09,4.9,0.0,0.0,4.829999999999999,4.942222222222222,4.9,4.8
2016-02-10,4.9,0.0,0.0,4.833333333333333,4.94,4.9,4.8
2016-02-11,4.9,0.0,0.0,4.836666666666667,4.937777777777778,4.9,4.8
2016-02-12,4.9,0.0,0.0,4.840000000000001,4.935555555555555,4.9,4.8
2016-02-13,4.9,0.0,0.0,4.843333333333334,4.933333333333334,4.9,4.8
2016-02-14,4.9,0.0,0.0,4.846666666666666,4.931111111111111,4.9,4.8
2016-02-15,4.9,0.0,0.0,4.85,4.928888888888889,4.9,4.8
2016-02-16,4.9,0.0,0.0,4.8533333333333335,4.926666666666667,4.9,4.8
2016-02-17,4.9,0.0,0.0,4.856666666666667,4.924444444444444,4.9,4.8
2016-02-18,4.9,0.0,0.0,4.86,4.9222222222222225,4.9,4.8
2016-02-19,4.9,0.0,0.0,4.863333333333333,4.92,4.9,4.8
2016-02-20,4.9,0.0,0.0,4.866666666666666,4.917777777777778,4.9,4.8
2016-02-21,4.9,0.0,0.0,4.87,4.915555555555556,4.9,4.8
2016-02-22,4.9,0.0,0.0,4.873333333333334,4.913333333333333,4.9,4.8
2016-02-23,4.9,0.0,0.0,4.876666666666667,4.911111111111111,4.9,4.8
2016-02-24,4.9,0.0,0.0,4.88,4.908888888888889,4.9,4.8
2016-02-25,4.9,0.0,0.0,4.883333333333334,4.906666666666667,4.9,4.8
2016-02-26,4.9,0.0,0.0,4.886666666666667,4.904444444444445,4.9,4.8
2016-02-27,4.9,0.0,0.0,4.890000000000001,4.902222222222222,4.9,4.8
2016-02-28,4.9,0.0,0.0,4.8933333333333335,4.9,4.9,4.8
2016-02-29,4.9,0.0,0.0,4.8966666666666665,4.898888888888889,4.9,4.8
2016-03-01,5.0,0.09999999999999964,0.020408163265306145,4.903333333333334,4.898888888888889,4.9,4.8
2016-03-02,5.0,0.0,0.0,4.906666666666667,4.898888888888889,4.9,4.9
2016-03-03,5.0,0.0,0.0,4.91,4.898888888888889,4.9,4.9
2016-03-04,5.0,0.0,0.0,4.913333333333333,4.898888888888889,4.9,4.9
2016-03-05,5.0,0.0,0.0,4.916666666666668,4.898888888888889,4.9,4.9
2016-03-06,5.0,0.0,0.0,4.920000000000001,4.898888888888889,4.9,4.9
2016-03-07,5.0,0.0,0.0,4.923333333333334,4.898888888888889,4.9,4.9
2016-03-08,5.0,0.0,0.0,4.926666666666667,4.898888888888889,5.0,4.9
2016-03-09,5.0,0.0,0.0,4.930000000000001,4.898888888888889,5.0,4.9
2016-03-10,5.0,0.0,0.0,4.9333333333333345,4.898888888888889,5.0,4.9
2016-03-11,5.0,0.0,0.0,4.936666666666667,4.898888888888889,5.0,4.9
2016-03-12,5.0,0.0,0.0,4.94,4.898888888888889,5.0,4.9
2016-03-13,5.0,0.0,0.0,4.943333333333333,4.898888888888889,5.0,4.9
2016-03-14,5.0,0.0,0.0,4.946666666666667,4.898888888888889,5.0,4.9
2016-03-15,5.0,0.0,0.0,4.950000000000001,4.898888888888889,5.0,4.9
2016-03-16,5.0,0.0,0.0,4.953333333333334,4.898888888888889,5.0,4.9
2016-03-17,5.0,0.0,0.0,4.956666666666667,4.898888888888889,5.0,4.9
2016-03-18,5.0,0.0,0.0,4.96,4.898888888888889,5.0,4.9
2016-03-19,5.0,0.0,0.0,4.963333333333334,4.898888888888889,5.0,4.9
2016-03-20,5.0,0.0,0.0,4.966666666666667,4.898888888888889,5.0,4.9
2016-03-21,5.0,0.0,0.0,4.970000000000001,4.898888888888889,5.0,4.9
2016-03-22,5.0,0.0,0.0,4.973333333333334,4.898888888888889,5.0,4.9
2016-03-23,5.0,0.0,0.0,4.9766666666666675,4.898888888888889,5.0,4.9
2016-03-24,5.0,0.0,0.0,4.98,4.898888888888889,5.0,4.9
2016-03-25,5.0,0.0,0.0,4.983333333333333,4.898888888888889,5.0,4.9
2016-03-26,5.0,0.0,0.0,4.986666666666667,4.898888888888889,5.0,4.9
2016-03-27,5.0,0.0,0.0,4.99,4.898888888888889,5.0,4.9
2016-03-28,5.0,0.0,0.0,4.993333333333334,4.898888888888889,5.0,4.9
2016-03-29,5.0,0.0,0.0,4.996666666666667,4.898888888888889,5.0,4.9
2016-03-30,5.0,0.0,0.0,5.0,4.898888888888889,5.0,4.9
2016-03-31,5.0,0.0,0.0,5.0,4.901111111111112,5.0,5.0
2016-04-01,5.1,0.09999999999999964,0.020000000000000018,5.003333333333333,4.904444444444445,5.0,5.0
2016-04-02,5.1,0.0,0.0,5.006666666666666,4.9077777777777785,5.0,5.0
2016-04-03,5.1,0.0,0.0,5.01,4.911111111111111,5.0,5.0
2016-04-04,5.1,0.0,0.0,5.013333333333333,4.914444444444444,5.0,5.0
2016-04-05,5.1,0.0,0.0,5.016666666666667,4.917777777777778,5.0,5.0
2016-04-06,5.1,0.0,0.0,5.02,4.921111111111111,5.0,5.0
2016-04-07,5.1,0.0,0.0,5.0233333333333325,4.924444444444445,5.0,5.0
2016-04-08,5.1,0.0,0.0,5.026666666666666,4.927777777777778,5.1,5.0
2016-04-09,5.1,0.0,0.0,5.029999999999999,4.931111111111111,5.1,5.0
2016-04-10,5.1,0.0,0.0,5.033333333333333,4.934444444444445,5.1,5.0
2016-04-11,5.1,0.0,0.0,5.036666666666666,4.937777777777778,5.1,5.0
2016-04-12,5.1,0.0,0.0,5.04,4.941111111111112,5.1,5.0
2016-04-13,5.1,0.0,0.0,5.043333333333333,4.944444444444445,5.1,5.0
2016-04-14,5.1,0.0,0.0,5.046666666666666,4.947777777777778,5.1,5.0
2016-04-15,5.1,0.0,0.0,5.049999999999999,4.951111111111111,5.1,5.0
2016-04-16,5.1,0.0,0.0,5.053333333333333,4.954444444444444,5.1,5.0
2016-04-17,5.1,0.0,0.0,5.056666666666667,4.957777777777778,5.1,5.0
2016-04-18,5.1,0.0,0.0,5.06,4.961111111111111,5.1,5.0
2016-04-19,5.1,0.0,0.0,5.063333333333333,4.964444444444444,5.1,5.0
2016-04-20,5.1,0.0,0.0,5.0666666666666655,4.967777777777777,5.1,5.0
2016-04-21,5.1,0.0,0.0,5.069999999999999,4.971111111111111,5.1,5.0
2016-04-22,5.1,0.0,0.0,5.073333333333333,4.974444444444445,5.1,5.0
2016-04-23,5.1,0.0,0.0,5.076666666666666,4.977777777777778,5.1,5.0
2016-04-24,5.1,0.0,0.0,5.079999999999999,4.981111111111111,5.1,5.0
2016-04-25,5.1,0.0,0.0,5.083333333333332,4.984444444444444,5.1,5.0
2016-04-26,5.1,0.0,0.0,5.086666666666667,4.987777777777778,5.1,5.0
2016-04-27,5.1,0.0,0.0,5.09,4.9911111111111115,5.1,5.0
2016-04-28,5.1,0.0,0.0,5.093333333333333,4.9944444444444445,5.1,5.0
2016-04-29,5.1,0.0,0.0,5.096666666666666,4.997777777777778,5.1,5.0
2016-04-30,5.1,0.0,0.0,5.1,5.00111111111111,5.1,5.0
2016-05-01,4.8,-0.2999999999999998,-0.05882352941176472,5.09,5.0,5.1,5.1
2016-05-02,4.8,0.0,0.0,5.079999999999999,4.998888888888889,5.1,5.1
2016-05-03,4.8,0.0,0.0,5.069999999999999,4.997777777777778,5.1,5.1
2016-05-04,4.8,0.0,0.0,5.0600000000000005,4.996666666666667,5.1,5.1
2016-05-05,4.8,0.0,0.0,5.049999999999999,4.995555555555555,5.1,5.1
2016-05-06,4.8,0.0,0.0,5.04,4.9944444444444445,5.1,5.1
2016-05-07,4.8,0.0,0.0,5.029999999999999,4.993333333333333,5.1,5.1
2016-05-08,4.8,0.0,0.0,5.02,4.992222222222223,4.8,5.1
2016-05-09,4.8,0.0,0.0,5.010000000000001,4.9911111111111115,4.8,5.1
2016-05-10,4.8,0.0,0.0,4.999999999999999,4.989999999999999,4.8,5.1
2016-05-11,4.8,0.0,0.0,4.989999999999999,4.988888888888889,4.8,5.1
2016-05-12,4.8,0.0,0.0,4.9799999999999995,4.987777777777778,4.8,5.1
2016-05-13,4.8,0.0,0.0,4.97,4.986666666666666,4.8,5.1
2016-05-14,4.8,0.0,0.0,4.96,4.985555555555556,4.8,5.1
2016-05-15,4.8,0.0,0.0,4.95,4.984444444444444,4.8,5.1
2016-05-16,4.8,0.0,0.0,4.9399999999999995,4.983333333333333,4.8,5.1
2016-05-17,4.8,0.0,0.0,4.929999999999999,4.982222222222222,4.8,5.1
2016-05-18,4.8,0.0,0.0,4.92,4.981111111111111,4.8,5.1
2016-05-19,4.8,0.0,0.0,4.91,4.9799999999999995,4.8,5.1
2016-05-20,4.8,0.0,0.0,4.9,4.978888888888888,4.8,5.1
2016-05-21,4.8,0.0,0.0,4.89,4.977777777777778,4.8,5.1
2016-05-22,4.8,0.0,0.0,4.879999999999999,4.976666666666667,4.8,5.1
2016-05-23,4.8,0.0,0.0,4.87,4.975555555555555,4.8,5.1
2016-05-24,4.8,0.0,0.0,4.86,4.974444444444444,4.8,5.1
2016-05-25,4.8,0.0,0.0,4.85,4.973333333333333,4.8,5.1
2016-05-26,4.8,0.0,0.0,4.84,4.972222222222222,4.8,5.1
2016-05-27,4.8,0.0,0.0,4.829999999999999,4.971111111111111,4.8,5.1
2016-05-28,4.8,0.0,0.0,4.819999999999999,4.97,4.8,5.1
2016-05-29,4.8,0.0,0.0,4.8100000000000005,4.9688888888888885,4.8,5.1
2016-05-30,4.8,0.0,0.0,4.8,4.966666666666666,4.8,5.1
2016-05-31,4.8,0.0,0.0,4.8,4.964444444444444,4.8,4.8
2016-06-01,4.9,0.10000000000000053,0.02083333333333348,4.803333333333334,4.963333333333333,4.8,4.8
2016-06-02,4.9,0.0,0.0,4.806666666666667,4.962222222222222,4.8,4.8
2016-06-03,4.9,0.0,0.0,4.81,4.96111111111111,4.8,4.8
2016-06-04,4.9,0.0,0.0,4.8133333333333335,4.96,4.8,4.8
2016-06-05,4.9,0.0,0.0,4.816666666666666,4.958888888888889,4.8,4.8
2016-06-06,4.9,0.0,0.0,4.820000000000001,4.957777777777777,4.8,4.8
2016-06-07,4.9,0.0,0.0,4.823333333333333,4.956666666666666,4.8,4.8
2016-06-08,4.9,0.0,0.0,4.826666666666666,4.955555555555555,4.9,4.8
2016-06-09,4.9,0.0,0.0,4.83,4.954444444444444,4.9,4.8
2016-06-10,4.9,0.0,0.0,4.833333333333333,4.953333333333333,4.9,4.8
2016-06-11,4.9,0.0,0.0,4.836666666666668,4.952222222222222,4.9,4.8
2016-06-12,4.9,0.0,0.0,4.84,4.951111111111111,4.9,4.8
2016-06-13,4.9,0.0,0.0,4.843333333333333,4.949999999999999,4.9,4.8
2016-06-14,4.9,0.0,0.0,4.846666666666667,4.948888888888889,4.9,4.8
2016-06-15,4.9,0.0,0.0,4.85,4.947777777777778,4.9,4.8
2016-06-16,4.9,0.0,0.0,4.853333333333334,4.946666666666666,4.9,4.8
2016-06-17,4.9,0.0,0.0,4.8566666666666665,4.945555555555555,4.9,4.8
2016-06-18,4.9,0.0,0.0,4.859999999999999,4.944444444444444,4.9,4.8
2016-06-19,4.9,0.0,0.0,4.863333333333333,4.943333333333333,4.9,4.8
2016-06-20,4.9,0.0,0.0,4.866666666666666,4.942222222222222,4.9,4.8
2016-06-21,4.9,0.0,0.0,4.870000000000001,4.941111111111111,4.9,4.8
2016-06-22,4.9,0.0,0.0,4.873333333333334,4.9399999999999995,4.9,4.8
2016-06-23,4.9,0.0,0.0,4.876666666666666,4.938888888888888,4.9,4.8
2016-06-24,4.9,0.0,0.0,4.88,4.937777777777778,4.9,4.8
2016-06-25,4.9,0.0,0.0,4.883333333333334,4.9366666666666665,4.9,4.8
2016-06-26,4.9,0.0,0.0,4.886666666666668,4.935555555555555,4.9,4.8
2016-06-27,4.9,0.0,0.0,4.890000000000001,4.934444444444444,4.9,4.8
2016-06-28,4.9,0.0,0.0,4.8933333333333335,4.933333333333333,4.9,4.8
2016-06-29,4.9,0.0,0.0,4.8966666666666665,4.932222222222222,4.9,4.8
2016-06-30,4.9,0.0,0.0,4.9,4.93,4.9,4.8
2016-07-01,4.8,-0.10000000000000053,-0.020408163265306256,4.896666666666667,4.926666666666667,4.9,4.9
2016-07-02,4.8,0.0,0.0,4.8933333333333335,4.923333333333334,4.9,4.9
2016-07-03,4.8,0.0,0.0,4.890000000000001,4.92,4.9,4.9
2016-07-04,4.8,0.0,0.0,4.886666666666667,4.916666666666666,4.9,4.9
2016-07-05,4.8,0.0,0.0,4.883333333333334,4.913333333333333,4.9,4.9
2016-07-06,4.8,0.0,0.0,4.88,4.91,4.9,4.9
2016-07-07,4.8,0.0,0.0,4.876666666666667,4.906666666666667,4.9,4.9
2016-07-08,4.8,0.0,0.0,4.873333333333334,4.903333333333333,4.8,4.9
2016-07-09,4.8,0.0,0.0,4.87,4.8999999999999995,4.8,4.9
2016-07-10,4.8,0.0,0.0,4.866666666666666,4.8966666666666665,4.8,4.9
2016-07-11,4.8,0.0,0.0,4.863333333333333,4.893333333333333,4.8,4.9
2016-07-12,4.8,0.0,0.0,4.86,4.890000000000001,4.8,4.9
2016-07-13,4.8,0.0,0.0,4.856666666666667,4.886666666666667,4.8,4.9
2016-07-14,4.8,0.0,0.0,4.8533333333333335,4.883333333333334,4.8,4.9
2016-07-15,4.8,0.0,0.0,4.85,4.88,4.8,4.9
2016-07-16,4.8,0.0,0.0,4.846666666666667,4.876666666666666,4.8,4.9
2016-07-17,4.8,0.0,0.0,4.843333333333333,4.873333333333334,4.8,4.9
2016-07-18,4.8,0.0,0.0,4.840000000000001,4.87,4.8,4.9
2016-07-19,4.8,0.0,0.0,4.836666666666667,4.866666666666666,4.8,4.9
2016-07-20,4.8,0.0,0.0,4.833333333333333,4.863333333333333,4.8,4.9
2016-07-21,4.8,0.0,0.0,4.83,4.859999999999999,4.8,4.9
2016-07-22,4.8,0.0,0.0,4.826666666666666,4.856666666666667,4.8,4.9
2016-07-23,4.8,0.0,0.0,4.823333333333334,4.8533333333333335,4.8,4.9
2016-07-24,4.8,0.0,0.0,4.819999999999999,4.85,4.8,4.9
2016-07-25,4.8,0.0,0.0,4.816666666666666,4.846666666666667,4.8,4.9
2016-07-26,4.8,0.0,0.0,4.813333333333333,4.843333333333333,4.8,4.9
2016-07-27,4.8,0.0,0.0,4.81,4.84,4.8,4.9
2016-07-28,4.8,0.0,0.0,4.8066666666666675,4.836666666666667,4.8,4.9
2016-07-29,4.8,0.0,0.0,4.803333333333333,4.833333333333333,4.8,4.9
2016-07-30,4.8,0.0,0.0,4.8,4.833333333333333,4.8,4.9
2016-07-31,4.8,0.0,0.0,4.8,4.833333333333333,4.8,4.8
2016-08-01,4.9,0.10000000000000053,0.02083333333333348,4.803333333333333,4.834444444444444,4.8,4.8
2016-08-02,4.9,0.0,0.0,4.806666666666667,4.835555555555556,4.8,4.8
2016-08-03,4.9,0.0,0.0,4.8100000000000005,4.836666666666667,4.8,4.8
2016-08-04,4.9,0.0,0.0,4.8133333333333335,4.837777777777778,4.8,4.8
2016-08-05,4.9,0.0,0.0,4.816666666666666,4.838888888888889,4.8,4.8
2016-08-06,4.9,0.0,0.0,4.819999999999999,4.84,4.8,4.8
2016-08-07,4.9,0.0,0.0,4.823333333333333,4.841111111111111,4.8,4.8
2016-08-08,4.9,0.0,0.0,4.826666666666667,4.842222222222222,4.9,4.8
2016-08-09,4.9,0.0,0.0,4.83,4.843333333333334,4.9,4.8
2016-08-10,4.9,0.0,0.0,4.833333333333333,4.844444444444444,4.9,4.8
2016-08-11,4.9,0.0,0.0,4.836666666666667,4.845555555555555,4.9,4.8
2016-08-12,4.9,0.0,0.0,4.84,4.846666666666667,4.9,4.8
2016-08-13,4.9,0.0,0.0,4.843333333333334,4.847777777777778,4.9,4.8
2016-08-14,4.9,0.0,0.0,4.846666666666667,4.848888888888889,4.9,4.8
2016-08-15,4.9,0.0,0.0,4.85,4.85,4.9,4.8
2016-08-16,4.9,0.0,0.0,4.8533333333333335,4.851111111111111,4.9,4.8
2016-08-17,4.9,0.0,0.0,4.8566666666666665,4.852222222222222,4.9,4.8
2016-08-18,4.9,0.0,0.0,4.86,4.8533333333333335,4.9,4.8
2016-08-19,4.9,0.0,0.0,4.863333333333333,4.854444444444445,4.9,4.8
2016-08-20,4.9,0.0,0.0,4.866666666666666,4.855555555555555,4.9,4.8
2016-08-21,4.9,0.0,0.0,4.870000000000001,4.856666666666667,4.9,4.8
2016-08-22,4.9,0.0,0.0,4.873333333333333,4.857777777777778,4.9,4.8
2016-08-23,4.9,0.0,0.0,4.876666666666667,4.858888888888889,4.9,4.8
2016-08-24,4.9,0.0,0.0,4.88,4.86,4.9,4.8
2016-08-25,4.9,0.0,0.0,4.883333333333335,4.861111111111111,4.9,4.8
2016-08-26,4.9,0.0,0.0,4.886666666666668,4.862222222222223,4.9,4.8
2016-08-27,4.9,0.0,0.0,4.89,4.863333333333334,4.9,4.8
2016-08-28,4.9,0.0,0.0,4.8933333333333335,4.864444444444445,4.9,4.8
2016-08-29,4.9,0.0,0.0,4.8966666666666665,4.865555555555556,4.9,4.8
2016-08-30,4.9,0.0,0.0,4.9,4.865555555555555,4.9,4.8
2016-08-31,4.9,0.0,0.0,4.9,4.865555555555556,4.9,4.9
2016-09-01,5.0,0.09999999999999964,0.020408163265306145,4.903333333333334,4.866666666666667,4.9,4.9
2016-09-02,5.0,0.0,0.0,4.906666666666667,4.867777777777778,4.9,4.9
2016-09-03,5.0,0.0,0.0,4.91,4.86888888888889,4.9,4.9
2016-09-04,5.0,0.0,0.0,4.913333333333333,4.87,4.9,4.9
2016-09-05,5.0,0.0,0.0,4.916666666666668,4.871111111111111,4.9,4.9
2016-09-06,5.0,0.0,0.0,4.920000000000001,4.872222222222223,4.9,4.9
2016-09-07,5.0,0.0,0.0,4.923333333333334,4.873333333333334,4.9,4.9
2016-09-08,5.0,0.0,0.0,4.926666666666667,4.874444444444445,5.0,4.9
2016-09-09,5.0,0.0,0.0,4.930000000000001,4.875555555555556,5.0,4.9
2016-09-10,5.0,0.0,0.0,4.9333333333333345,4.876666666666667,5.0,4.9
2016-09-11,5.0,0.0,0.0,4.936666666666667,4.877777777777778,5.0,4.9
2016-09-12,5.0,0.0,0.0,4.94,4.8788888888888895,5.0,4.9
2016-09-13,5.0,0.0,0.0,4.943333333333333,4.880000000000001,5.0,4.9
2016-09-14,5.0,0.0,0.0,4.946666666666667,4.881111111111111,5.0,4.9
2016-09-15,5.0,0.0,0.0,4.950000000000001,4.8822222222222225,5.0,4.9
2016-09-16,5.0,0.0,0.0,4.953333333333334,4.883333333333334,5.0,4.9
2016-09-17,5.0,0.0,0.0,4.956666666666667,4.884444444444445,5.0,4.9
2016-09-18,5.0,0.0,0.0,4.96,4.885555555555556,5.0,4.9
2016-09-19,5.0,0.0,0.0,4.963333333333334,4.886666666666667,5.0,4.9
2016-09-20,5.0,0.0,0.0,4.966666666666667,4.887777777777778,5.0,4.9
2016-09-21,5.0,0.0,0.0,4.970000000000001,4.888888888888889,5.0,4.9
2016-09-22,5.0,0.0,0.0,4.973333333333334,4.890000000000001,5.0,4.9
2016-09-23,5.0,0.0,0.0,4.9766666666666675,4.891111111111112,5.0,4.9
2016-09-24,5.0,0.0,0.0,4.98,4.892222222222222,5.0,4.9
2016-09-25,5.0,0.0,0.0,4.983333333333333,4.8933333333333335,5.0,4.9
2016-09-26,5.0,0.0,0.0,4.986666666666667,4.894444444444445,5.0,4.9
2016-09-27,5.0,0.0,0.0,4.99,4.895555555555556,5.0,4.9
2016-09-28,5.0,0.0,0.0,4.993333333333334,4.896666666666667,5.0,4.9
2016-09-29,5.0,0.0,0.0,4.996666666666667,4.898888888888889,5.0,4.9
2016-09-30,5.0,0.0,0.0,5.0,4.901111111111112,5.0,4.9
2016-10-01,4.9,-0.09999999999999964,-0.019999999999999907,4.996666666666666,4.902222222222222,5.0,5.0
2016-10-02,4.9,0.0,0.0,4.993333333333333,4.903333333333333,5.0,5.0
2016-10-03,4.9,0.0,0.0,4.989999999999999,4.904444444444445,5.0,5.0
2016-10-04,4.9,0.0,0.0,4.986666666666666,4.905555555555556,5.0,5.0
2016-10-05,4.9,0.0,0.0,4.983333333333333,4.906666666666667,5.0,5.0
2016-10-06,4.9,0.0,0.0,4.98,4.907777777777778,5.0,5.0
2016-10-07,4.9,0.0,0.0,4.976666666666666,4.908888888888889,5.0,5.0
2016-10-08,4.9,0.0,0.0,4.973333333333333,4.91,4.9,5.0
2016-10-09,4.9,0.0,0.0,4.97,4.911111111111111,4.9,5.0
2016-10-10,4.9,0.0,0.0,4.966666666666667,4.912222222222223,4.9,5.0
2016-10-11,4.9,0.0,0.0,4.963333333333334,4.913333333333333,4.9,5.0
2016-10-12,4.9,0.0,0.0,4.959999999999999,4.914444444444444,4.9,5.0
2016-10-13,4.9,0.0,0.0,4.956666666666666,4.915555555555556,4.9,5.0
2016-10-14,4.9,0.0,0.0,4.953333333333333,4.916666666666667,4.9,5.0
2016-10-15,4.9,0.0,0.0,4.95,4.917777777777778,4.9,5.0
2016-10-16,4.9,0.0,0.0,4.946666666666667,4.918888888888889,4.9,5.0
2016-10-17,4.9,0.0,0.0,4.9433333333333325,4.92,4.9,5.0
2016-10-18,4.9,0.0,0.0,4.9399999999999995,4.921111111111111,4.9,5.0
2016-10-19,4.9,0.0,0.0,4.9366666666666665,4.9222222222222225,4.9,5.0
2016-10-20,4.9,0.0,0.0,4.933333333333334,4.923333333333334,4.9,5.0
2016-10-21,4.9,0.0,0.0,4.930000000000001,4.924444444444444,4.9,5.0
2016-10-22,4.9,0.0,0.0,4.926666666666667,4.925555555555556,4.9,5.0
2016-10-23,4.9,0.0,0.0,4.923333333333333,4.926666666666667,4.9,5.0
2016-10-24,4.9,0.0,0.0,4.92,4.927777777777778,4.9,5.0
2016-10-25,4.9,0.0,0.0,4.916666666666667,4.928888888888889,4.9,5.0
2016-10-26,4.9,0.0,0.0,4.913333333333333,4.93,4.9,5.0
2016-10-27,4.9,0.0,0.0,4.91,4.931111111111112,4.9,5.0
2016-10-28,4.9,0.0,0.0,4.906666666666666,4.932222222222222,4.9,5.0
2016-10-29,4.9,0.0,0.0,4.903333333333333,4.933333333333334,4.9,5.0
2016-10-30,4.9,0.0,0.0,4.9,4.933333333333334,4.9,5.0
2016-10-31,4.9,0.0,0.0,4.9,4.933333333333334,4.9,4.9
2016-11-01,4.7,-0.20000000000000018,-0.04081632653061229,4.8933333333333335,4.931111111111111,4.9,4.9
2016-11-02,4.7,0.0,0.0,4.886666666666668,4.928888888888889,4.9,4.9
2016-11-03,4.7,0.0,0.0,4.88,4.926666666666667,4.9,4.9
2016-11-04,4.7,0.0,0.0,4.873333333333333,4.924444444444445,4.9,4.9
2016-11-05,4.7,0.0,0.0,4.866666666666666,4.9222222222222225,4.9,4.9
2016-11-06,4.7,0.0,0.0,4.86,4.92,4.9,4.9
2016-11-07,4.7,0.0,0.0,4.853333333333334,4.917777777777778,4.9,4.9
2016-11-08,4.7,0.0,0.0,4.846666666666667,4.915555555555556,4.7,4.9
2016-11-09,4.7,0.0,0.0,4.84,4.913333333333334,4.7,4.9
2016-11-10,4.7,0.0,0.0,4.833333333333333,4.911111111111111,4.7,4.9
2016-11-11,4.7,0.0,0.0,4.826666666666667,4.908888888888889,4.7,4.9
2016-11-12,4.7,0.0,0.0,4.820000000000001,4.906666666666667,4.7,4.9
2016-11-13,4.7,0.0,0.0,4.8133333333333335,4.904444444444445,4.7,4.9
2016-11-14,4.7,0.0,0.0,4.8066666666666675,4.902222222222223,4.7,4.9
2016-11-15,4.7,0.0,0.0,4.8,4.9,4.7,4.9
2016-11-16,4.7,0.0,0.0,4.793333333333334,4.897777777777778,4.7,4.9
2016-11-17,4.7,0.0,0.0,4.786666666666667,4.895555555555556,4.7,4.9
2016-11-18,4.7,0.0,0.0,4.78,4.8933333333333335,4.7,4.9
2016-11-19,4.7,0.0,0.0,4.773333333333334,4.891111111111111,4.7,4.9
2016-11-20,4.7,0.0,0.0,4.766666666666667,4.888888888888889,4.7,4.9
2016-11-21,4.7,0.0,0.0,4.76,4.886666666666667,4.7,4.9
2016-11-22,4.7,0.0,0.0,4.753333333333334,4.884444444444445,4.7,4.9
2016-11-23,4.7,0.0,0.0,4.746666666666667,4.8822222222222225,4.7,4.9
2016-11-24,4.7,0.0,0.0,4.74,4.88,4.7,4.9
2016-11-25,4.7,0.0,0.0,4.733333333333333,4.877777777777778,4.7,4.9
2016-11-26,4.7,0.0,0.0,4.726666666666666,4.875555555555556,4.7,4.9
2016-11-27,4.7,0.0,0.0,4.720000000000001,4.873333333333334,4.7,4.9
2016-11-28,4.7,0.0,0.0,4.713333333333334,4.871111111111111,4.7,4.9
2016-11-29,4.7,0.0,0.0,4.706666666666667,4.868888888888889,4.7,4.9
2016-11-30,4.7,0.0,0.0,4.7,4.865555555555555,4.7,4.9
2016-12-01,4.7,0.0,0.0,4.7,4.862222222222222,4.7,4.7
2016-12-02,4.7,0.0,0.0,4.7,4.858888888888889,4.7,4.7
2016-12-03,4.7,0.0,0.0,4.7,4.855555555555555,4.7,4.7
2016-12-04,4.7,0.0,0.0,4.7,4.852222222222222,4.7,4.7
2016-12-05,4.7,0.0,0.0,4.7,4.848888888888888,4.7,4.7
2016-12-06,4.7,0.0,0.0,4.7,4.845555555555555,4.7,4.7
2016-12-07,4.7,0.0,0.0,4.7,4.842222222222222,4.7,4.7
2016-12-08,4.7,0.0,0.0,4.7,4.838888888888889,4.7,4.7
2016-12-09,4.7,0.0,0.0,4.7,4.835555555555556,4.7,4.7
2016-12-10,4.7,0.0,0.0,4.7,4.832222222222222,4.7,4.7
2016-12-11,4.7,0.0,0.0,4.7,4.828888888888889,4.7,4.7
2016-12-12,4.7,0.0,0.0,4.7,4.825555555555556,4.7,4.7
2016-12-13,4.7,0.0,0.0,4.7,4.822222222222222,4.7,4.7
2016-12-14,4.7,0.0,0.0,4.7,4.818888888888889,4.7,4.7
2016-12-15,4.7,0.0,0.0,4.7,4.815555555555555,4.7,4.7
2016-12-16,4.7,0.0,0.0,4.7,4.812222222222222,4.7,4.7
2016-12-17,4.7,0.0,0.0,4.7,4.808888888888889,4.7,4.7
2016-12-18,4.7,0.0,0.0,4.7,4.805555555555555,4.7,4.7
2016-12-19,4.7,0.0,0.0,4.7,4.802222222222222,4.7,4.7
2016-12-20,4.7,0.0,0.0,4.7,4.7988888888888885,4.7,4.7
2016-12-21,4.7,0.0,0.0,4.7,4.795555555555556,4.7,4.7
2016-12-22,4.7,0.0,0.0,4.7,4.792222222222223,4.7,4.7
2016-12-23,4.7,0.0,0.0,4.7,4.788888888888889,4.7,4.7
2016-12-24,4.7,0.0,0.0,4.7,4.785555555555556,4.7,4.7
2016-12-25,4.7,0.0,0.0,4.7,4.782222222222222,4.7,4.7
2016-12-26,4.7,0.0,0.0,4.7,4.778888888888889,4.7,4.7
2016-12-27,4.7,0.0,0.0,4.7,4.775555555555556,4.7,4.7
2016-12-28,4.7,0.0,0.0,4.7,4.772222222222222,4.7,4.7
2016-12-29,4.7,0.0,0.0,4.7,4.768888888888889,4.7,4.7
2016-12-30,4.7,0.0,0.0,4.7,4.766666666666667,4.7,4.7
2016-12-31,4.7,0.0,0.0,4.7,4.764444444444445,4.7,4.7
2017-01-01,4.7,0.0,0.0,4.7,4.762222222222222,4.7,4.7
2017-01-02,4.7,0.0,0.0,4.7,4.760000000000001,4.7,4.7
2017-01-03,4.7,0.0,0.0,4.7,4.757777777777777,4.7,4.7
2017-01-04,4.7,0.0,0.0,4.7,4.7555555555555555,4.7,4.7
2017-01-05,4.7,0.0,0.0,4.7,4.753333333333334,4.7,4.7
2017-01-06,4.7,0.0,0.0,4.7,4.751111111111111,4.7,4.7
2017-01-07,4.7,0.0,0.0,4.7,4.74888888888889,4.7,4.7
2017-01-08,4.7,0.0,0.0,4.7,4.746666666666666,4.7,4.7
2017-01-09,4.7,0.0,0.0,4.7,4.7444444444444445,4.7,4.7
2017-01-10,4.7,0.0,0.0,4.7,4.742222222222223,4.7,4.7
2017-01-11,4.7,0.0,0.0,4.7,4.74,4.7,4.7
2017-01-12,4.7,0.0,0.0,4.7,4.7377777777777785,4.7,4.7
2017-01-13,4.7,0.0,0.0,4.7,4.735555555555555,4.7,4.7
2017-01-14,4.7,0.0,0.0,4.7,4.733333333333333,4.7,4.7
2017-01-15,4.7,0.0,0.0,4.7,4.731111111111112,4.7,4.7
2017-01-16,4.7,0.0,0.0,4.7,4.728888888888889,4.7,4.7
2017-01-17,4.7,0.0,0.0,4.7,4.7266666666666675,4.7,4.7
2017-01-18,4.7,0.0,0.0,4.7,4.724444444444444,4.7,4.7
2017-01-19,4.7,0.0,0.0,4.7,4.722222222222222,4.7,4.7
2017-01-20,4.7,0.0,0.0,4.7,4.72,4.7,4.7
2017-01-21,4.7,0.0,0.0,4.7,4.717777777777778,4.7,4.7
2017-01-22,4.7,0.0,0.0,4.7,4.7155555555555555,4.7,4.7
2017-01-23,4.7,0.0,0.0,4.7,4.713333333333333,4.7,4.7
2017-01-24,4.7,0.0,0.0,4.7,4.711111111111111,4.7,4.7
2017-01-25,4.7,0.0,0.0,4.7,4.708888888888889,4.7,4.7
2017-01-26,4.7,0.0,0.0,4.7,4.706666666666667,4.7,4.7
2017-01-27,4.7,0.0,0.0,4.7,4.704444444444444,4.7,4.7
2017-01-28,4.7,0.0,0.0,4.7,4.702222222222222,4.7,4.7
2017-01-29,4.7,0.0,0.0,4.7,4.7,4.7,4.7
2017-01-30,4.7,0.0,0.0,4.7,4.7,4.7,4.7
2017-01-31,4.7,0.0,0.0,4.7,4.7,4.7,4.7
2017-02-01,4.6,-0.10000000000000053,-0.021276595744680993,4.696666666666667,4.698888888888889,4.7,4.7
2017-02-02,4.6,0.0,0.0,4.693333333333333,4.697777777777778,4.7,4.7
2017-02-03,4.6,0.0,0.0,4.69,4.696666666666667,4.7,4.7
2017-02-04,4.6,0.0,0.0,4.6866666666666665,4.695555555555556,4.7,4.7
2017-02-05,4.6,0.0,0.0,4.683333333333334,4.694444444444445,4.7,4.7
2017-02-06,4.6,0.0,0.0,4.680000000000001,4.693333333333333,4.7,4.7
2017-02-07,4.6,0.0,0.0,4.676666666666667,4.692222222222222,4.7,4.7
2017-02-08,4.6,0.0,0.0,4.673333333333334,4.691111111111112,4.6,4.7
2017-02-09,4.6,0.0,0.0,4.67,4.69,4.6,4.7
2017-02-10,4.6,0.0,0.0,4.666666666666667,4.688888888888889,4.6,4.7
2017-02-11,4.6,0.0,0.0,4.663333333333333,4.687777777777778,4.6,4.7
2017-02-12,4.6,0.0,0.0,4.659999999999999,4.6866666666666665,4.6,4.7
2017-02-13,4.6,0.0,0.0,4.656666666666667,4.685555555555556,4.6,4.7
2017-02-14,4.6,0.0,0.0,4.653333333333333,4.684444444444445,4.6,4.7
2017-02-15,4.6,0.0,0.0,4.65,4.683333333333334,4.6,4.7
2017-02-16,4.6,0.0,0.0,4.646666666666666,4.682222222222222,4.6,4.7
2017-02-17,4.6,0.0,0.0,4.643333333333333,4.681111111111111,4.6,4.7
2017-02-18,4.6,0.0,0.0,4.640000000000001,4.680000000000001,4.6,4.7
2017-02-19,4.6,0.0,0.0,4.636666666666667,4.678888888888889,4.6,4.7
2017-02-20,4.6,0.0,0.0,4.633333333333334,4.677777777777778,4.6,4.7
2017-02-21,4.6,0.0,0.0,4.629999999999999,4.676666666666667,4.6,4.7
2017-02-22,4.6,0.0,0.0,4.626666666666666,4.6755555555555555,4.6,4.7
2017-02-23,4.6,0.0,0.0,4.623333333333334,4.674444444444445,4.6,4.7
2017-02-24,4.6,0.0,0.0,4.62,4.673333333333334,4.6,4.7
2017-02-25,4.6,0.0,0.0,4.616666666666666,4.6722222222222225,4.6,4.7
2017-02-26,4.6,0.0,0.0,4.613333333333332,4.671111111111111,4.6,4.7
2017-02-27,4.6,0.0,0.0,4.609999999999999,4.67,4.6,4.7
2017-02-28,4.6,0.0,0.0,4.6066666666666665,4.668888888888889,4.6,4.7
2017-03-01,4.4,-0.1999999999999993,-0.04347826086956508,4.596666666666666,4.665555555555556,4.6,4.7
2017-03-02,4.4,0.0,0.0,4.586666666666667,4.662222222222222,4.6,4.7
2017-03-03,4.4,0.0,0.0,4.58,4.658888888888889,4.6,4.6
2017-03-04,4.4,0.0,0.0,4.573333333333333,4.655555555555556,4.6,4.6
2017-03-05,4.4,0.0,0.0,4.566666666666666,4.652222222222223,4.6,4.6
2017-03-06,4.4,0.0,0.0,4.56,4.648888888888889,4.6,4.6
2017-03-07,4.4,0.0,0.0,4.553333333333333,4.645555555555555,4.6,4.6
2017-03-08,4.4,0.0,0.0,4.546666666666667,4.642222222222222,4.4,4.6
2017-03-09,4.4,0.0,0.0,4.54,4.638888888888889,4.4,4.6
2017-03-10,4.4,0.0,0.0,4.533333333333333,4.635555555555556,4.4,4.6
2017-03-11,4.4,0.0,0.0,4.526666666666666,4.632222222222222,4.4,4.6
2017-03-12,4.4,0.0,0.0,4.52,4.628888888888889,4.4,4.6
2017-03-13,4.4,0.0,0.0,4.513333333333334,4.625555555555556,4.4,4.6
2017-03-14,4.4,0.0,0.0,4.506666666666667,4.622222222222222,4.4,4.6
2017-03-15,4.4,0.0,0.0,4.5,4.61888888888889,4.4,4.6
2017-03-16,4.4,0.0,0.0,4.493333333333333,4.615555555555555,4.4,4.6
2017-03-17,4.4,0.0,0.0,4.486666666666666,4.612222222222222,4.4,4.6
2017-03-18,4.4,0.0,0.0,4.48,4.608888888888889,4.4,4.6
2017-03-19,4.4,0.0,0.0,4.473333333333334,4.605555555555555,4.4,4.6
2017-03-20,4.4,0.0,0.0,4.466666666666667,4.602222222222223,4.4,4.6
2017-03-21,4.4,0.0,0.0,4.46,4.598888888888888,4.4,4.6
2017-03-22,4.4,0.0,0.0,4.453333333333333,4.595555555555555,4.4,4.6
2017-03-23,4.4,0.0,0.0,4.446666666666667,4.592222222222222,4.4,4.6
2017-03-24,4.4,0.0,0.0,4.44,4.588888888888889,4.4,4.6
2017-03-25,4.4,0.0,0.0,4.433333333333334,4.5855555555555565,4.4,4.6
2017-03-26,4.4,0.0,0.0,4.426666666666667,4.582222222222222,4.4,4.6
2017-03-27,4.4,0.0,0.0,4.42,4.578888888888889,4.4,4.6
2017-03-28,4.4,0.0,0.0,4.413333333333333,4.575555555555556,4.4,4.6
2017-03-29,4.4,0.0,0.0,4.406666666666667,4.572222222222222,4.4,4.6
2017-03-30,4.4,0.0,0.0,4.4,4.568888888888889,4.4,4.6
2017-03-31,4.4,0.0,0.0,4.4,4.565555555555555,4.4,4.4
2017-04-01,4.4,0.0,0.0,4.4,4.562222222222222,4.4,4.4
2017-04-02,4.4,0.0,0.0,4.4,4.558888888888889,4.4,4.4
2017-04-03,4.4,0.0,0.0,4.4,4.555555555555555,4.4,4.4
2017-04-04,4.4,0.0,0.0,4.4,4.552222222222222,4.4,4.4
2017-04-05,4.4,0.0,0.0,4.4,4.5488888888888885,4.4,4.4
2017-04-06,4.4,0.0,0.0,4.4,4.545555555555556,4.4,4.4
2017-04-07,4.4,0.0,0.0,4.4,4.542222222222223,4.4,4.4
2017-04-08,4.4,0.0,0.0,4.4,4.538888888888889,4.4,4.4
2017-04-09,4.4,0.0,0.0,4.4,4.535555555555556,4.4,4.4
2017-04-10,4.4,0.0,0.0,4.4,4.532222222222222,4.4,4.4
2017-04-11,4.4,0.0,0.0,4.4,4.528888888888889,4.4,4.4
2017-04-12,4.4,0.0,0.0,4.4,4.525555555555556,4.4,4.4
2017-04-13,4.4,0.0,0.0,4.4,4.522222222222222,4.4,4.4
2017-04-14,4.4,0.0,0.0,4.4,4.518888888888889,4.4,4.4
2017-04-15,4.4,0.0,0.0,4.4,4.515555555555555,4.4,4.4
2017-04-16,4.4,0.0,0.0,4.4,4.512222222222222,4.4,4.4
2017-04-17,4.4,0.0,0.0,4.4,4.508888888888889,4.4,4.4
2017-04-18,4.4,0.0,0.0,4.4,4.5055555555555555,4.4,4.4
2017-04-19,4.4,0.0,0.0,4.4,4.502222222222223,4.4,4.4
2017-04-20,4.4,0.0,0.0,4.4,4.498888888888889,4.4,4.4
2017-04-21,4.4,0.0,0.0,4.4,4.495555555555556,4.4,4.4
2017-04-22,4.4,0.0,0.0,4.4,4.492222222222223,4.4,4.4
2017-04-23,4.4,0.0,0.0,4.4,4.488888888888889,4.4,4.4
2017-04-24,4.4,0.0,0.0,4.4,4.485555555555556,4.4,4.4
2017-04-25,4.4,0.0,0.0,4.4,4.482222222222222,4.4,4.4
2017-04-26,4.4,0.0,0.0,4.4,4.478888888888889,4.4,4.4
2017-04-27,4.4,0.0,0.0,4.4,4.475555555555555,4.4,4.4
2017-04-28,4.4,0.0,0.0,4.4,4.472222222222222,4.4,4.4
2017-04-29,4.4,0.0,0.0,4.4,4.468888888888889,4.4,4.4
2017-04-30,4.4,0.0,0.0,4.4,4.4655555555555555,4.4,4.4
2017-05-01,4.4,0.0,0.0,4.4,4.4622222222222225,4.4,4.4
2017-05-02,4.4,0.0,0.0,4.4,4.46,4.4,4.4
2017-05-03,4.4,0.0,0.0,4.4,4.457777777777777,4.4,4.4
2017-05-04,4.4,0.0,0.0,4.4,4.455555555555556,4.4,4.4
2017-05-05,4.4,0.0,0.0,4.4,4.453333333333333,4.4,4.4
2017-05-06,4.4,0.0,0.0,4.4,4.4511111111111115,4.4,4.4
2017-05-07,4.4,0.0,0.0,4.4,4.448888888888889,4.4,4.4
2017-05-08,4.4,0.0,0.0,4.4,4.446666666666667,4.4,4.4
2017-05-09,4.4,0.0,0.0,4.4,4.444444444444445,4.4,4.4
2017-05-10,4.4,0.0,0.0,4.4,4.442222222222222,4.4,4.4
2017-05-11,4.4,0.0,0.0,4.4,4.44,4.4,4.4
2017-05-12,4.4,0.0,0.0,4.4,4.437777777777778,4.4,4.4
2017-05-13,4.4,0.0,0.0,4.4,4.435555555555556,4.4,4.4
2017-05-14,4.4,0.0,0.0,4.4,4.433333333333334,4.4,4.4
2017-05-15,4.4,0.0,0.0,4.4,4.431111111111111,4.4,4.4
2017-05-16,4.4,0.0,0.0,4.4,4.428888888888889,4.4,4.4
2017-05-17,4.4,0.0,0.0,4.4,4.426666666666667,4.4,4.4
2017-05-18,4.4,0.0,0.0,4.4,4.424444444444445,4.4,4.4
2017-05-19,4.4,0.0,0.0,4.4,4.4222222222222225,4.4,4.4
2017-05-20,4.4,0.0,0.0,4.4,4.42,4.4,4.4
2017-05-21,4.4,0.0,0.0,4.4,4.417777777777778,4.4,4.4
2017-05-22,4.4,0.0,0.0,4.4,4.415555555555556,4.4,4.4
2017-05-23,4.4,0.0,0.0,4.4,4.413333333333334,4.4,4.4
2017-05-24,4.4,0.0,0.0,4.4,4.411111111111111,4.4,4.4
2017-05-25,4.4,0.0,0.0,4.4,4.408888888888889,4.4,4.4
2017-05-26,4.4,0.0,0.0,4.4,4.406666666666667,4.4,4.4
2017-05-27,4.4,0.0,0.0,4.4,4.404444444444445,4.4,4.4
2017-05-28,4.4,0.0,0.0,4.4,4.402222222222223,4.4,4.4
2017-05-29,4.4,0.0,0.0,4.4,4.4,4.4,4.4
2017-05-30,4.4,0.0,0.0,4.4,4.4,4.4,4.4
2017-05-31,4.4,0.0,0.0,4.4,4.4,4.4,4.4
2017-06-01,4.3,-0.10000000000000053,-0.022727272727272818,4.3966666666666665,4.398888888888889,4.4,4.4
2017-06-02,4.3,0.0,0.0,4.3933333333333335,4.397777777777778,4.4,4.4
2017-06-03,4.3,0.0,0.0,4.39,4.3966666666666665,4.4,4.4
2017-06-04,4.3,0.0,0.0,4.386666666666668,4.395555555555556,4.4,4.4
2017-06-05,4.3,0.0,0.0,4.383333333333334,4.394444444444445,4.4,4.4
2017-06-06,4.3,0.0,0.0,4.38,4.3933333333333335,4.4,4.4
2017-06-07,4.3,0.0,0.0,4.376666666666667,4.392222222222222,4.4,4.4
2017-06-08,4.3,0.0,0.0,4.373333333333333,4.391111111111111,4.3,4.4
2017-06-09,4.3,0.0,0.0,4.370000000000001,4.390000000000001,4.3,4.4
2017-06-10,4.3,0.0,0.0,4.366666666666666,4.388888888888889,4.3,4.4
2017-06-11,4.3,0.0,0.0,4.363333333333333,4.387777777777778,4.3,4.4
2017-06-12,4.3,0.0,0.0,4.36,4.386666666666667,4.3,4.4
2017-06-13,4.3,0.0,0.0,4.3566666666666665,4.385555555555555,4.3,4.4
2017-06-14,4.3,0.0,0.0,4.353333333333334,4.384444444444445,4.3,4.4
2017-06-15,4.3,0.0,0.0,4.35,4.383333333333334,4.3,4.4
2017-06-16,4.3,0.0,0.0,4.346666666666667,4.3822222222222225,4.3,4.4
2017-06-17,4.3,0.0,0.0,4.343333333333334,4.381111111111111,4.3,4.4
2017-06-18,4.3,0.0,0.0,4.34,4.38,4.3,4.4
2017-06-19,4.3,0.0,0.0,4.336666666666667,4.3788888888888895,4.3,4.4
2017-06-20,4.3,0.0,0.0,4.333333333333333,4.377777777777778,4.3,4.4
2017-06-21,4.3,0.0,0.0,4.33,4.376666666666667,4.3,4.4
2017-06-22,4.3,0.0,0.0,4.326666666666667,4.375555555555556,4.3,4.4
2017-06-23,4.3,0.0,0.0,4.323333333333333,4.374444444444444,4.3,4.4
2017-06-24,4.3,0.0,0.0,4.319999999999999,4.373333333333334,4.3,4.4
2017-06-25,4.3,0.0,0.0,4.316666666666666,4.372222222222223,4.3,4.4
2017-06-26,4.3,0.0,0.0,4.3133333333333335,4.371111111111111,4.3,4.4
2017-06-27,4.3,0.0,0.0,4.31,4.37,4.3,4.4
2017-06-28,4.3,0.0,0.0,4.306666666666667,4.368888888888889,4.3,4.4
2017-06-29,4.3,0.0,0.0,4.303333333333333,4.367777777777778,4.3,4.4
2017-06-30,4.3,0.0,0.0,4.3,4.366666666666667,4.3,4.4
2017-07-01,4.3,0.0,0.0,4.3,4.365555555555556,4.3,4.3
2017-07-02,4.3,0.0,0.0,4.3,4.364444444444445,4.3,4.3
2017-07-03,4.3,0.0,0.0,4.3,4.363333333333333,4.3,4.3
2017-07-04,4.3,0.0,0.0,4.3,4.362222222222223,4.3,4.3
2017-07-05,4.3,0.0,0.0,4.3,4.361111111111111,4.3,4.3
2017-07-06,4.3,0.0,0.0,4.3,4.36,4.3,4.3
2017-07-07,4.3,0.0,0.0,4.3,4.358888888888889,4.3,4.3
2017-07-08,4.3,0.0,0.0,4.3,4.357777777777778,4.3,4.3
2017-07-09,4.3,0.0,0.0,4.3,4.356666666666667,4.3,4.3
2017-07-10,4.3,0.0,0.0,4.3,4.355555555555555,4.3,4.3
2017-07-11,4.3,0.0,0.0,4.3,4.354444444444445,4.3,4.3
2017-07-12,4.3,0.0,0.0,4.3,4.3533333333333335,4.3,4.3
2017-07-13,4.3,0.0,0.0,4.3,4.352222222222222,4.3,4.3
2017-07-14,4.3,0.0,0.0,4.3,4.351111111111111,4.3,4.3
2017-07-15,4.3,0.0,0.0,4.3,4.35,4.3,4.3
2017-07-16,4.3,0.0,0.0,4.3,4.348888888888889,4.3,4.3
2017-07-17,4.3,0.0,0.0,4.3,4.347777777777778,4.3,4.3
2017-07-18,4.3,0.0,0.0,4.3,4.346666666666667,4.3,4.3
2017-07-19,4.3,0.0,0.0,4.3,4.345555555555555,4.3,4.3
2017-07-20,4.3,0.0,0.0,4.3,4.344444444444444,4.3,4.3
2017-07-21,4.3,0.0,0.0,4.3,4.343333333333333,4.3,4.3
2017-07-22,4.3,0.0,0.0,4.3,4.342222222222222,4.3,4.3
2017-07-23,4.3,0.0,0.0,4.3,4.341111111111111,4.3,4.3
2017-07-24,4.3,0.0,0.0,4.3,4.34,4.3,4.3
2017-07-25,4.3,0.0,0.0,4.3,4.338888888888889,4.3,4.3
2017-07-26,4.3,0.0,0.0,4.3,4.337777777777777,4.3,4.3
2017-07-27,4.3,0.0,0.0,4.3,4.336666666666667,4.3,4.3
2017-07-28,4.3,0.0,0.0,4.3,4.335555555555556,4.3,4.3
2017-07-29,4.3,0.0,0.0,4.3,4.334444444444444,4.3,4.3
2017-07-30,4.3,0.0,0.0,4.3,4.333333333333333,4.3,4.3
2017-07-31,4.3,0.0,0.0,4.3,4.332222222222222,4.3,4.3
2017-08-01,4.4,0.10000000000000053,0.023255813953488413,4.303333333333333,4.332222222222223,4.3,4.3
2017-08-02,4.4,0.0,0.0,4.306666666666667,4.332222222222222,4.3,4.3
2017-08-03,4.4,0.0,0.0,4.31,4.332222222222223,4.3,4.3
2017-08-04,4.4,0.0,0.0,4.3133333333333335,4.332222222222222,4.3,4.3
2017-08-05,4.4,0.0,0.0,4.316666666666666,4.332222222222222,4.3,4.3
2017-08-06,4.4,0.0,0.0,4.319999999999999,4.332222222222222,4.3,4.3
2017-08-07,4.4,0.0,0.0,4.323333333333333,4.332222222222222,4.3,4.3
2017-08-08,4.4,0.0,0.0,4.326666666666666,4.332222222222223,4.4,4.3
2017-08-09,4.4,0.0,0.0,4.33,4.332222222222222,4.4,4.3
2017-08-10,4.4,0.0,0.0,4.333333333333333,4.332222222222223,4.4,4.3
2017-08-11,4.4,0.0,0.0,4.336666666666667,4.332222222222222,4.4,4.3
2017-08-12,4.4,0.0,0.0,4.34,4.332222222222222,4.4,4.3
2017-08-13,4.4,0.0,0.0,4.343333333333334,4.332222222222223,4.4,4.3
2017-08-14,4.4,0.0,0.0,4.346666666666667,4.332222222222222,4.4,4.3
2017-08-15,4.4,0.0,0.0,4.35,4.332222222222223,4.4,4.3
2017-08-16,4.4,0.0,0.0,4.3533333333333335,4.332222222222222,4.4,4.3
2017-08-17,4.4,0.0,0.0,4.356666666666667,4.332222222222222,4.4,4.3
2017-08-18,4.4,0.0,0.0,4.36,4.332222222222223,4.4,4.3
2017-08-19,4.4,0.0,0.0,4.363333333333333,4.332222222222222,4.4,4.3
2017-08-20,4.4,0.0,0.0,4.366666666666666,4.332222222222223,4.4,4.3
2017-08-21,4.4,0.0,0.0,4.370000000000001,4.332222222222222,4.4,4.3
2017-08-22,4.4,0.0,0.0,4.373333333333334,4.332222222222222,4.4,4.3
2017-08-23,4.4,0.0,0.0,4.376666666666667,4.332222222222223,4.4,4.3
2017-08-24,4.4,0.0,0.0,4.38,4.332222222222222,4.4,4.3
2017-08-25,4.4,0.0,0.0,4.383333333333334,4.332222222222223,4.4,4.3
2017-08-26,4.4,0.0,0.0,4.386666666666668,4.332222222222222,4.4,4.3
2017-08-27,4.4,0.0,0.0,4.390000000000001,4.332222222222222,4.4,4.3
2017-08-28,4.4,0.0,0.0,4.3933333333333335,4.332222222222223,4.4,4.3
2017-08-29,4.4,0.0,0.0,4.3966666666666665,4.332222222222222,4.4,4.3
2017-08-30,4.4,0.0,0.0,4.4,4.333333333333333,4.4,4.3
2017-08-31,4.4,0.0,0.0,4.4,4.334444444444444,4.4,4.4
2017-09-01,4.3,-0.10000000000000053,-0.022727272727272818,4.3966666666666665,4.334444444444444,4.4,4.4
2017-09-02,4.3,0.0,0.0,4.3933333333333335,4.334444444444444,4.4,4.4
2017-09-03,4.3,0.0,0.0,4.390000000000001,4.334444444444444,4.4,4.4
2017-09-04,4.3,0.0,0.0,4.386666666666668,4.334444444444444,4.4,4.4
2017-09-05,4.3,0.0,0.0,4.383333333333334,4.334444444444444,4.4,4.4
2017-09-06,4.3,0.0,0.0,4.38,4.334444444444444,4.4,4.4
2017-09-07,4.3,0.0,0.0,4.376666666666667,4.334444444444444,4.4,4.4
2017-09-08,4.3,0.0,0.0,4.373333333333333,4.334444444444444,4.3,4.4
2017-09-09,4.3,0.0,0.0,4.37,4.334444444444444,4.3,4.4
2017-09-10,4.3,0.0,0.0,4.366666666666666,4.334444444444444,4.3,4.4
2017-09-11,4.3,0.0,0.0,4.363333333333333,4.334444444444444,4.3,4.4
2017-09-12,4.3,0.0,0.0,4.36,4.334444444444444,4.3,4.4
2017-09-13,4.3,0.0,0.0,4.3566666666666665,4.334444444444444,4.3,4.4
2017-09-14,4.3,0.0,0.0,4.3533333333333335,4.334444444444444,4.3,4.4
2017-09-15,4.3,0.0,0.0,4.35,4.334444444444444,4.3,4.4
2017-09-16,4.3,0.0,0.0,4.346666666666667,4.334444444444444,4.3,4.4
2017-09-17,4.3,0.0,0.0,4.343333333333334,4.334444444444444,4.3,4.4
2017-09-18,4.3,0.0,0.0,4.34,4.334444444444444,4.3,4.4
2017-09-19,4.3,0.0,0.0,4.336666666666667,4.334444444444444,4.3,4.4
2017-09-20,4.3,0.0,0.0,4.333333333333333,4.334444444444444,4.3,4.4
2017-09-21,4.3,0.0,0.0,4.33,4.334444444444444,4.3,4.4
2017-09-22,4.3,0.0,0.0,4.326666666666667,4.334444444444444,4.3,4.4
2017-09-23,4.3,0.0,0.0,4.323333333333333,4.334444444444444,4.3,4.4
2017-09-24,4.3,0.0,0.0,4.319999999999999,4.334444444444444,4.3,4.4
2017-09-25,4.3,0.0,0.0,4.316666666666666,4.334444444444444,4.3,4.4
2017-09-26,4.3,0.0,0.0,4.3133333333333335,4.334444444444444,4.3,4.4
2017-09-27,4.3,0.0,0.0,4.3100000000000005,4.334444444444444,4.3,4.4
2017-09-28,4.3,0.0,0.0,4.306666666666667,4.334444444444444,4.3,4.4
2017-09-29,4.3,0.0,0.0,4.303333333333333,4.334444444444444,4.3,4.4
2017-09-30,4.3,0.0,0.0,4.3,4.334444444444444,4.3,4.4
2017-10-01,4.2,-0.09999999999999964,-0.023255813953488302,4.296666666666667,4.333333333333333,4.3,4.3
2017-10-02,4.2,0.0,0.0,4.293333333333333,4.332222222222222,4.3,4.3
2017-10-03,4.2,0.0,0.0,4.29,4.331111111111111,4.3,4.3
2017-10-04,4.2,0.0,0.0,4.286666666666666,4.33,4.3,4.3
2017-10-05,4.2,0.0,0.0,4.283333333333333,4.328888888888889,4.3,4.3
2017-10-06,4.2,0.0,0.0,4.28,4.3277777777777775,4.3,4.3
2017-10-07,4.2,0.0,0.0,4.276666666666666,4.326666666666666,4.3,4.3
2017-10-08,4.2,0.0,0.0,4.2733333333333325,4.325555555555556,4.2,4.3
2017-10-09,4.2,0.0,0.0,4.27,4.3244444444444445,4.2,4.3
2017-10-10,4.2,0.0,0.0,4.266666666666667,4.323333333333333,4.2,4.3
2017-10-11,4.2,0.0,0.0,4.263333333333334,4.322222222222222,4.2,4.3
2017-10-12,4.2,0.0,0.0,4.26,4.321111111111111,4.2,4.3
2017-10-13,4.2,0.0,0.0,4.256666666666666,4.32,4.2,4.3
2017-10-14,4.2,0.0,0.0,4.253333333333333,4.318888888888889,4.2,4.3
2017-10-15,4.2,0.0,0.0,4.25,4.317777777777778,4.2,4.3
2017-10-16,4.2,0.0,0.0,4.246666666666667,4.316666666666666,4.2,4.3
2017-10-17,4.2,0.0,0.0,4.243333333333334,4.315555555555555,4.2,4.3
2017-10-18,4.2,0.0,0.0,4.239999999999999,4.314444444444445,4.2,4.3
2017-10-19,4.2,0.0,0.0,4.236666666666666,4.3133333333333335,4.2,4.3
2017-10-20,4.2,0.0,0.0,4.233333333333333,4.312222222222222,4.2,4.3
2017-10-21,4.2,0.0,0.0,4.23,4.311111111111111,4.2,4.3
2017-10-22,4.2,0.0,0.0,4.2266666666666675,4.31,4.2,4.3
2017-10-23,4.2,0.0,0.0,4.223333333333334,4.308888888888889,4.2,4.3
2017-10-24,4.2,0.0,0.0,4.22,4.307777777777778,4.2,4.3
2017-10-25,4.2,0.0,0.0,4.216666666666667,4.306666666666667,4.2,4.3
2017-10-26,4.2,0.0,0.0,4.213333333333334,4.305555555555555,4.2,4.3
2017-10-27,4.2,0.0,0.0,4.21,4.304444444444444,4.2,4.3
2017-10-28,4.2,0.0,0.0,4.206666666666667,4.303333333333334,4.2,4.3
2017-10-29,4.2,0.0,0.0,4.203333333333333,4.302222222222222,4.2,4.3
2017-10-30,4.2,0.0,0.0,4.2,4.3,4.2,4.3
2017-10-31,4.2,0.0,0.0,4.2,4.297777777777778,4.2,4.2
2017-11-01,4.2,0.0,0.0,4.2,4.295555555555556,4.2,4.2
2017-11-02,4.2,0.0,0.0,4.2,4.293333333333334,4.2,4.2
2017-11-03,4.2,0.0,0.0,4.2,4.291111111111111,4.2,4.2
2017-11-04,4.2,0.0,0.0,4.2,4.288888888888889,4.2,4.2
2017-11-05,4.2,0.0,0.0,4.2,4.286666666666667,4.2,4.2
2017-11-06,4.2,0.0,0.0,4.2,4.2844444444444445,4.2,4.2
2017-11-07,4.2,0.0,0.0,4.2,4.282222222222223,4.2,4.2
2017-11-08,4.2,0.0,0.0,4.2,4.28,4.2,4.2
2017-11-09,4.2,0.0,0.0,4.2,4.277777777777778,4.2,4.2
2017-11-10,4.2,0.0,0.0,4.2,4.275555555555556,4.2,4.2
2017-11-11,4.2,0.0,0.0,4.2,4.273333333333333,4.2,4.2
2017-11-12,4.2,0.0,0.0,4.2,4.271111111111112,4.2,4.2
2017-11-13,4.2,0.0,0.0,4.2,4.268888888888889,4.2,4.2
2017-11-14,4.2,0.0,0.0,4.2,4.266666666666667,4.2,4.2
2017-11-15,4.2,0.0,0.0,4.2,4.264444444444445,4.2,4.2
2017-11-16,4.2,0.0,0.0,4.2,4.262222222222222,4.2,4.2
2017-11-17,4.2,0.0,0.0,4.2,4.260000000000001,4.2,4.2
2017-11-18,4.2,0.0,0.0,4.2,4.257777777777777,4.2,4.2
2017-11-19,4.2,0.0,0.0,4.2,4.2555555555555555,4.2,4.2
2017-11-20,4.2,0.0,0.0,4.2,4.253333333333334,4.2,4.2
2017-11-21,4.2,0.0,0.0,4.2,4.251111111111111,4.2,4.2
2017-11-22,4.2,0.0,0.0,4.2,4.24888888888889,4.2,4.2
2017-11-23,4.2,0.0,0.0,4.2,4.246666666666666,4.2,4.2
2017-11-24,4.2,0.0,0.0,4.2,4.2444444444444445,4.2,4.2
2017-11-25,4.2,0.0,0.0,4.2,4.242222222222223,4.2,4.2
2017-11-26,4.2,0.0,0.0,4.2,4.24,4.2,4.2
2017-11-27,4.2,0.0,0.0,4.2,4.2377777777777785,4.2,4.2
2017-11-28,4.2,0.0,0.0,4.2,4.235555555555555,4.2,4.2
2017-11-29,4.2,0.0,0.0,4.2,4.233333333333333,4.2,4.2
2017-11-30,4.2,0.0,0.0,4.2,4.232222222222222,4.2,4.2
2017-12-01,4.1,-0.10000000000000053,-0.023809523809523947,4.196666666666667,4.2299999999999995,4.2,4.2
2017-12-02,4.1,0.0,0.0,4.193333333333333,4.227777777777779,4.2,4.2
2017-12-03,4.1,0.0,0.0,4.19,4.225555555555555,4.2,4.2
2017-12-04,4.1,0.0,0.0,4.1866666666666665,4.223333333333334,4.2,4.2
2017-12-05,4.1,0.0,0.0,4.183333333333334,4.221111111111111,4.2,4.2
2017-12-06,4.1,0.0,0.0,4.180000000000001,4.2188888888888885,4.2,4.2
2017-12-07,4.1,0.0,0.0,4.176666666666667,4.216666666666668,4.2,4.2
2017-12-08,4.1,0.0,0.0,4.173333333333333,4.214444444444444,4.1,4.2
2017-12-09,4.1,0.0,0.0,4.17,4.2122222222222225,4.1,4.2
2017-12-10,4.1,0.0,0.0,4.166666666666667,4.21,4.1,4.2
2017-12-11,4.1,0.0,0.0,4.163333333333333,4.207777777777777,4.1,4.2
2017-12-12,4.1,0.0,0.0,4.16,4.205555555555556,4.1,4.2
2017-12-13,4.1,0.0,0.0,4.156666666666666,4.203333333333333,4.1,4.2
2017-12-14,4.1,0.0,0.0,4.153333333333333,4.2011111111111115,4.1,4.2
2017-12-15,4.1,0.0,0.0,4.15,4.198888888888889,4.1,4.2
2017-12-16,4.1,0.0,0.0,4.1466666666666665,4.196666666666666,4.1,4.2
2017-12-17,4.1,0.0,0.0,4.1433333333333335,4.194444444444445,4.1,4.2
2017-12-18,4.1,0.0,0.0,4.14,4.192222222222222,4.1,4.2
2017-12-19,4.1,0.0,0.0,4.136666666666667,4.19,4.1,4.2
2017-12-20,4.1,0.0,0.0,4.133333333333334,4.187777777777778,4.1,4.2
2017-12-21,4.1,0.0,0.0,4.13,4.185555555555555,4.1,4.2
2017-12-22,4.1,0.0,0.0,4.126666666666667,4.183333333333334,4.1,4.2
2017-12-23,4.1,0.0,0.0,4.123333333333333,4.181111111111111,4.1,4.2
2017-12-24,4.1,0.0,0.0,4.119999999999999,4.178888888888889,4.1,4.2
2017-12-25,4.1,0.0,0.0,4.116666666666666,4.176666666666667,4.1,4.2
2017-12-26,4.1,0.0,0.0,4.113333333333333,4.174444444444444,4.1,4.2
2017-12-27,4.1,0.0,0.0,4.11,4.1722222222222225,4.1,4.2
2017-12-28,4.1,0.0,0.0,4.1066666666666665,4.17,4.1,4.2
2017-12-29,4.1,0.0,0.0,4.103333333333333,4.167777777777778,4.1,4.2
2017-12-30,4.1,0.0,0.0,4.1,4.166666666666667,4.1,4.2
2017-12-31,4.1,0.0,0.0,4.1,4.165555555555556,4.1,4.1
2018-01-01,4.0,-0.09999999999999964,-0.024390243902438935,4.096666666666667,4.163333333333333,4.1,4.1
2018-01-02,4.0,0.0,0.0,4.093333333333333,4.161111111111111,4.1,4.1
2018-01-03,4.0,0.0,0.0,4.09,4.158888888888889,4.1,4.1
2018-01-04,4.0,0.0,0.0,4.086666666666667,4.156666666666667,4.1,4.1
2018-01-05,4.0,0.0,0.0,4.083333333333333,4.154444444444445,4.1,4.1
2018-01-06,4.0,0.0,0.0,4.08,4.152222222222222,4.1,4.1
2018-01-07,4.0,0.0,0.0,4.076666666666666,4.15,4.1,4.1
2018-01-08,4.0,0.0,0.0,4.073333333333333,4.147777777777778,4.0,4.1
2018-01-09,4.0,0.0,0.0,4.069999999999999,4.145555555555556,4.0,4.1
2018-01-10,4.0,0.0,0.0,4.066666666666666,4.1433333333333335,4.0,4.1
2018-01-11,4.0,0.0,0.0,4.0633333333333335,4.141111111111111,4.0,4.1
2018-01-12,4.0,0.0,0.0,4.06,4.138888888888889,4.0,4.1
2018-01-13,4.0,0.0,0.0,4.056666666666667,4.136666666666667,4.0,4.1
2018-01-14,4.0,0.0,0.0,4.053333333333333,4.134444444444445,4.0,4.1
2018-01-15,4.0,0.0,0.0,4.05,4.1322222222222225,4.0,4.1
2018-01-16,4.0,0.0,0.0,4.046666666666666,4.13,4.0,4.1
2018-01-17,4.0,0.0,0.0,4.043333333333333,4.127777777777778,4.0,4.1
2018-01-18,4.0,0.0,0.0,4.04,4.125555555555556,4.0,4.1
2018-01-19,4.0,0.0,0.0,4.036666666666666,4.123333333333334,4.0,4.1
2018-01-20,4.0,0.0,0.0,4.033333333333333,4.121111111111111,4.0,4.1
2018-01-21,4.0,0.0,0.0,4.029999999999999,4.118888888888889,4.0,4.1
2018-01-22,4.0,0.0,0.0,4.026666666666666,4.116666666666666,4.0,4.1
2018-01-23,4.0,0.0,0.0,4.023333333333333,4.114444444444445,4.0,4.1
2018-01-24,4.0,0.0,0.0,4.02,4.112222222222223,4.0,4.1
2018-01-25,4.0,0.0,0.0,4.016666666666667,4.11,4.0,4.1
2018-01-26,4.0,0.0,0.0,4.013333333333333,4.107777777777778,4.0,4.1
2018-01-27,4.0,0.0,0.0,4.01,4.105555555555555,4.0,4.1
2018-01-28,4.0,0.0,0.0,4.006666666666667,4.1033333333333335,4.0,4.1
2018-01-29,4.0,0.0,0.0,4.003333333333333,4.101111111111111,4.0,4.1
2018-01-30,4.0,0.0,0.0,4.0,4.098888888888889,4.0,4.1
2018-01-31,4.0,0.0,0.0,4.0,4.096666666666667,4.0,4.0
2018-02-01,4.1,0.09999999999999964,0.02499999999999991,4.003333333333333,4.095555555555555,4.0,4.0
2018-02-02,4.1,0.0,0.0,4.006666666666667,4.094444444444444,4.0,4.0
2018-02-03,4.1,0.0,0.0,4.01,4.093333333333334,4.0,4.0
2018-02-04,4.1,0.0,0.0,4.013333333333334,4.092222222222222,4.0,4.0
2018-02-05,4.1,0.0,0.0,4.016666666666667,4.091111111111111,4.0,4.0
2018-02-06,4.1,0.0,0.0,4.02,4.09,4.0,4.0
2018-02-07,4.1,0.0,0.0,4.023333333333333,4.088888888888889,4.0,4.0
2018-02-08,4.1,0.0,0.0,4.026666666666666,4.087777777777778,4.1,4.0
2018-02-09,4.1,0.0,0.0,4.029999999999999,4.086666666666667,4.1,4.0
2018-02-10,4.1,0.0,0.0,4.033333333333333,4.085555555555556,4.1,4.0
2018-02-11,4.1,0.0,0.0,4.036666666666666,4.084444444444444,4.1,4.0
2018-02-12,4.1,0.0,0.0,4.04,4.083333333333333,4.1,4.0
2018-02-13,4.1,0.0,0.0,4.043333333333333,4.082222222222222,4.1,4.0
2018-02-14,4.1,0.0,0.0,4.046666666666666,4.0811111111111105,4.1,4.0
2018-02-15,4.1,0.0,0.0,4.05,4.08,4.1,4.0
2018-02-16,4.1,0.0,0.0,4.053333333333333,4.078888888888889,4.1,4.0
2018-02-17,4.1,0.0,0.0,4.056666666666667,4.0777777777777775,4.1,4.0
2018-02-18,4.1,0.0,0.0,4.06,4.076666666666666,4.1,4.0
2018-02-19,4.1,0.0,0.0,4.0633333333333335,4.075555555555555,4.1,4.0
2018-02-20,4.1,0.0,0.0,4.066666666666666,4.0744444444444445,4.1,4.0
2018-02-21,4.1,0.0,0.0,4.069999999999999,4.073333333333333,4.1,4.0
2018-02-22,4.1,0.0,0.0,4.073333333333333,4.072222222222222,4.1,4.0
2018-02-23,4.1,0.0,0.0,4.076666666666666,4.071111111111111,4.1,4.0
2018-02-24,4.1,0.0,0.0,4.08,4.069999999999999,4.1,4.0
2018-02-25,4.1,0.0,0.0,4.083333333333333,4.068888888888889,4.1,4.0
2018-02-26,4.1,0.0,0.0,4.086666666666667,4.067777777777778,4.1,4.0
2018-02-27,4.1,0.0,0.0,4.09,4.066666666666666,4.1,4.0
2018-02-28,4.1,0.0,0.0,4.093333333333333,4.065555555555555,4.1,4.0
2018-03-01,4.0,-0.09999999999999964,-0.024390243902438935,4.093333333333333,4.064444444444444,4.1,4.0
2018-03-02,4.0,0.0,0.0,4.093333333333333,4.063333333333333,4.1,4.0
2018-03-03,4.0,0.0,0.0,4.09,4.062222222222222,4.1,4.1
2018-03-04,4.0,0.0,0.0,4.086666666666667,4.061111111111111,4.1,4.1
2018-03-05,4.0,0.0,0.0,4.083333333333333,4.06,4.1,4.1
2018-03-06,4.0,0.0,0.0,4.08,4.058888888888888,4.1,4.1
2018-03-07,4.0,0.0,0.0,4.076666666666666,4.057777777777777,4.1,4.1
2018-03-08,4.0,0.0,0.0,4.073333333333333,4.056666666666667,4.0,4.1
2018-03-09,4.0,0.0,0.0,4.069999999999999,4.055555555555555,4.0,4.1
2018-03-10,4.0,0.0,0.0,4.066666666666666,4.054444444444444,4.0,4.1
2018-03-11,4.0,0.0,0.0,4.0633333333333335,4.053333333333333,4.0,4.1
2018-03-12,4.0,0.0,0.0,4.06,4.052222222222222,4.0,4.1
2018-03-13,4.0,0.0,0.0,4.056666666666667,4.051111111111111,4.0,4.1
2018-03-14,4.0,0.0,0.0,4.053333333333333,4.049999999999999,4.0,4.1
2018-03-15,4.0,0.0,0.0,4.05,4.0488888888888885,4.0,4.1
2018-03-16,4.0,0.0,0.0,4.046666666666667,4.047777777777777,4.0,4.1
2018-03-17,4.0,0.0,0.0,4.043333333333333,4.046666666666667,4.0,4.1
2018-03-18,4.0,0.0,0.0,4.04,4.045555555555556,4.0,4.1
2018-03-19,4.0,0.0,0.0,4.036666666666667,4.044444444444443,4.0,4.1
2018-03-20,4.0,0.0,0.0,4.033333333333333,4.043333333333333,4.0,4.1
2018-03-21,4.0,0.0,0.0,4.03,4.042222222222222,4.0,4.1
2018-03-22,4.0,0.0,0.0,4.026666666666666,4.041111111111111,4.0,4.1
2018-03-23,4.0,0.0,0.0,4.023333333333333,4.04,4.0,4.1
2018-03-24,4.0,0.0,0.0,4.0200000000000005,4.038888888888888,4.0,4.1
2018-03-25,4.0,0.0,0.0,4.016666666666667,4.0377777777777775,4.0,4.1
2018-03-26,4.0,0.0,0.0,4.013333333333334,4.036666666666666,4.0,4.1
2018-03-27,4.0,0.0,0.0,4.010000000000001,4.035555555555556,4.0,4.1
2018-03-28,4.0,0.0,0.0,4.006666666666667,4.0344444444444445,4.0,4.1
2018-03-29,4.0,0.0,0.0,4.003333333333334,4.033333333333332,4.0,4.1
2018-03-30,4.0,0.0,0.0,4.0,4.032222222222222,4.0,4.1
2018-03-31,4.0,0.0,0.0,4.0,4.031111111111111,4.0,4.0
2018-04-01,4.0,0.0,0.0,4.0,4.031111111111111,4.0,4.0
2018-04-02,4.0,0.0,0.0,4.0,4.031111111111111,4.0,4.0
2018-04-03,4.0,0.0,0.0,4.0,4.031111111111111,4.0,4.0
2018-04-04,4.0,0.0,0.0,4.0,4.031111111111111,4.0,4.0
2018-04-05,4.0,0.0,0.0,4.0,4.031111111111111,4.0,4.0
2018-04-06,4.0,0.0,0.0,4.0,4.031111111111111,4.0,4.0
2018-04-07,4.0,0.0,0.0,4.0,4.031111111111111,4.0,4.0
2018-04-08,4.0,0.0,0.0,4.0,4.031111111111111,4.0,4.0
2018-04-09,4.0,0.0,0.0,4.0,4.031111111111111,4.0,4.0
2018-04-10,4.0,0.0,0.0,4.0,4.031111111111111,4.0,4.0
2018-04-11,4.0,0.0,0.0,4.0,4.031111111111111,4.0,4.0
2018-04-12,4.0,0.0,0.0,4.0,4.031111111111111,4.0,4.0
2018-04-13,4.0,0.0,0.0,4.0,4.031111111111111,4.0,4.0
2018-04-14,4.0,0.0,0.0,4.0,4.031111111111111,4.0,4.0
2018-04-15,4.0,0.0,0.0,4.0,4.031111111111111,4.0,4.0
2018-04-16,4.0,0.0,0.0,4.0,4.031111111111111,4.0,4.0
2018-04-17,4.0,0.0,0.0,4.0,4.031111111111111,4.0,4.0
2018-04-18,4.0,0.0,0.0,4.0,4.031111111111111,4.0,4.0
2018-04-19,4.0,0.0,0.0,4.0,4.031111111111111,4.0,4.0
2018-04-20,4.0,0.0,0.0,4.0,4.031111111111111,4.0,4.0
2018-04-21,4.0,0.0,0.0,4.0,4.031111111111111,4.0,4.0
2018-04-22,4.0,0.0,0.0,4.0,4.031111111111111,4.0,4.0
2018-04-23,4.0,0.0,0.0,4.0,4.031111111111111,4.0,4.0
2018-04-24,4.0,0.0,0.0,4.0,4.031111111111111,4.0,4.0
2018-04-25,4.0,0.0,0.0,4.0,4.031111111111111,4.0,4.0
2018-04-26,4.0,0.0,0.0,4.0,4.031111111111111,4.0,4.0
2018-04-27,4.0,0.0,0.0,4.0,4.031111111111111,4.0,4.0
2018-04-28,4.0,0.0,0.0,4.0,4.031111111111111,4.0,4.0
2018-04-29,4.0,0.0,0.0,4.0,4.031111111111111,4.0,4.0
2018-04-30,4.0,0.0,0.0,4.0,4.031111111111111,4.0,4.0
2018-05-01,3.8,-0.20000000000000018,-0.050000000000000044,3.993333333333333,4.028888888888888,4.0,4.0
2018-05-02,3.8,0.0,0.0,3.9866666666666664,4.025555555555556,4.0,4.0
2018-05-03,3.8,0.0,0.0,3.9799999999999995,4.022222222222222,4.0,4.0
2018-05-04,3.8,0.0,0.0,3.973333333333333,4.018888888888889,4.0,4.0
2018-05-05,3.8,0.0,0.0,3.966666666666667,4.015555555555555,4.0,4.0
2018-05-06,3.8,0.0,0.0,3.96,4.0122222222222215,4.0,4.0
2018-05-07,3.8,0.0,0.0,3.953333333333333,4.008888888888889,4.0,4.0
2018-05-08,3.8,0.0,0.0,3.9466666666666663,4.0055555555555555,3.8,4.0
2018-05-09,3.8,0.0,0.0,3.9399999999999995,4.002222222222222,3.8,4.0
2018-05-10,3.8,0.0,0.0,3.9333333333333327,3.9988888888888887,3.8,4.0
2018-05-11,3.8,0.0,0.0,3.9266666666666667,3.9955555555555553,3.8,4.0
2018-05-12,3.8,0.0,0.0,3.92,3.9922222222222223,3.8,4.0
2018-05-13,3.8,0.0,0.0,3.913333333333333,3.988888888888889,3.8,4.0
2018-05-14,3.8,0.0,0.0,3.9066666666666663,3.985555555555556,3.8,4.0
2018-05-15,3.8,0.0,0.0,3.8999999999999995,3.982222222222222,3.8,4.0
2018-05-16,3.8,0.0,0.0,3.893333333333333,3.9788888888888887,3.8,4.0
2018-05-17,3.8,0.0,0.0,3.8866666666666663,3.9755555555555557,3.8,4.0
2018-05-18,3.8,0.0,0.0,3.88,3.9722222222222223,3.8,4.0
2018-05-19,3.8,0.0,0.0,3.873333333333333,3.9688888888888894,3.8,4.0
2018-05-20,3.8,0.0,0.0,3.8666666666666663,3.9655555555555555,3.8,4.0
2018-05-21,3.8,0.0,0.0,3.8599999999999994,3.9622222222222216,3.8,4.0
2018-05-22,3.8,0.0,0.0,3.853333333333333,3.958888888888889,3.8,4.0
2018-05-23,3.8,0.0,0.0,3.8466666666666662,3.9555555555555557,3.8,4.0
2018-05-24,3.8,0.0,0.0,3.8399999999999994,3.9522222222222227,3.8,4.0
2018-05-25,3.8,0.0,0.0,3.833333333333333,3.9488888888888884,3.8,4.0
2018-05-26,3.8,0.0,0.0,3.826666666666666,3.945555555555555,3.8,4.0
2018-05-27,3.8,0.0,0.0,3.82,3.9422222222222225,3.8,4.0
2018-05-28,3.8,0.0,0.0,3.813333333333333,3.938888888888889,3.8,4.0
2018-05-29,3.8,0.0,0.0,3.806666666666666,3.935555555555556,3.8,4.0
2018-05-30,3.8,0.0,0.0,3.8,3.933333333333333,3.8,4.0
2018-05-31,3.8,0.0,0.0,3.8,3.9311111111111114,3.8,3.8
2018-06-01,4.0,0.20000000000000018,0.05263157894736836,3.806666666666666,3.9311111111111114,3.8,3.8
2018-06-02,4.0,0.0,0.0,3.813333333333333,3.9311111111111114,3.8,3.8
2018-06-03,4.0,0.0,0.0,3.82,3.9311111111111114,3.8,3.8
2018-06-04,4.0,0.0,0.0,3.826666666666666,3.9311111111111114,3.8,3.8
2018-06-05,4.0,0.0,0.0,3.833333333333333,3.9311111111111114,3.8,3.8
2018-06-06,4.0,0.0,0.0,3.8399999999999994,3.9311111111111114,3.8,3.8
2018-06-07,4.0,0.0,0.0,3.8466666666666662,3.9311111111111114,3.8,3.8
2018-06-08,4.0,0.0,0.0,3.853333333333333,3.9311111111111114,4.0,3.8
2018-06-09,4.0,0.0,0.0,3.86,3.9311111111111114,4.0,3.8
2018-06-10,4.0,0.0,0.0,3.8666666666666663,3.9311111111111114,4.0,3.8
2018-06-11,4.0,0.0,0.0,3.873333333333333,3.9311111111111114,4.0,3.8
2018-06-12,4.0,0.0,0.0,3.88,3.9311111111111114,4.0,3.8
2018-06-13,4.0,0.0,0.0,3.8866666666666663,3.9311111111111114,4.0,3.8
2018-06-14,4.0,0.0,0.0,3.893333333333333,3.9311111111111114,4.0,3.8
2018-06-15,4.0,0.0,0.0,3.8999999999999995,3.9311111111111114,4.0,3.8
2018-06-16,4.0,0.0,0.0,3.9066666666666663,3.9311111111111114,4.0,3.8
2018-06-17,4.0,0.0,0.0,3.913333333333333,3.9311111111111114,4.0,3.8
2018-06-18,4.0,0.0,0.0,3.92,3.9311111111111114,4.0,3.8
2018-06-19,4.0,0.0,0.0,3.9266666666666667,3.9311111111111114,4.0,3.8
2018-06-20,4.0,0.0,0.0,3.933333333333333,3.9311111111111114,4.0,3.8
2018-06-21,4.0,0.0,0.0,3.9399999999999995,3.9311111111111114,4.0,3.8
2018-06-22,4.0,0.0,0.0,3.9466666666666663,3.9311111111111114,4.0,3.8
2018-06-23,4.0,0.0,0.0,3.953333333333333,3.9311111111111114,4.0,3.8
2018-06-24,4.0,0.0,0.0,3.96,3.9311111111111114,4.0,3.8
2018-06-25,4.0,0.0,0.0,3.966666666666667,3.9311111111111114,4.0,3.8
2018-06-26,4.0,0.0,0.0,3.973333333333333,3.9311111111111114,4.0,3.8
2018-06-27,4.0,0.0,0.0,3.9799999999999995,3.9311111111111114,4.0,3.8
2018-06-28,4.0,0.0,0.0,3.9866666666666664,3.9311111111111114,4.0,3.8
2018-06-29,4.0,0.0,0.0,3.993333333333333,3.9311111111111114,4.0,3.8
2018-06-30,4.0,0.0,0.0,4.0,3.9311111111111114,4.0,3.8
2018-07-01,3.8,-0.20000000000000018,-0.050000000000000044,3.9933333333333336,3.9288888888888893,4.0,4.0
2018-07-02,3.8,0.0,0.0,3.986666666666667,3.926666666666667,4.0,4.0
2018-07-03,3.8,0.0,0.0,3.98,3.924444444444444,4.0,4.0
2018-07-04,3.8,0.0,0.0,3.9733333333333336,3.922222222222222,4.0,4.0
2018-07-05,3.8,0.0,0.0,3.966666666666667,3.92,4.0,4.0
2018-07-06,3.8,0.0,0.0,3.9600000000000004,3.9177777777777782,4.0,4.0
2018-07-07,3.8,0.0,0.0,3.9533333333333336,3.915555555555556,4.0,4.0
2018-07-08,3.8,0.0,0.0,3.9466666666666668,3.913333333333333,3.8,4.0
2018-07-09,3.8,0.0,0.0,3.94,3.911111111111111,3.8,4.0
2018-07-10,3.8,0.0,0.0,3.933333333333333,3.908888888888889,3.8,4.0
2018-07-11,3.8,0.0,0.0,3.9266666666666667,3.9066666666666667,3.8,4.0
2018-07-12,3.8,0.0,0.0,3.9200000000000004,3.9044444444444446,3.8,4.0
2018-07-13,3.8,0.0,0.0,3.9133333333333336,3.902222222222222,3.8,4.0
2018-07-14,3.8,0.0,0.0,3.9066666666666667,3.9,3.8,4.0
2018-07-15,3.8,0.0,0.0,3.9,3.897777777777778,3.8,4.0
2018-07-16,3.8,0.0,0.0,3.893333333333333,3.8955555555555557,3.8,4.0
2018-07-17,3.8,0.0,0.0,3.886666666666667,3.8933333333333335,3.8,4.0
2018-07-18,3.8,0.0,0.0,3.8800000000000003,3.891111111111111,3.8,4.0
2018-07-19,3.8,0.0,0.0,3.8733333333333335,3.888888888888889,3.8,4.0
2018-07-20,3.8,0.0,0.0,3.8666666666666667,3.8866666666666667,3.8,4.0
2018-07-21,3.8,0.0,0.0,3.86,3.8844444444444446,3.8,4.0
2018-07-22,3.8,0.0,0.0,3.853333333333333,3.8822222222222225,3.8,4.0
2018-07-23,3.8,0.0,0.0,3.8466666666666667,3.88,3.8,4.0
2018-07-24,3.8,0.0,0.0,3.8400000000000003,3.8777777777777778,3.8,4.0
2018-07-25,3.8,0.0,0.0,3.8333333333333335,3.8755555555555556,3.8,4.0
2018-07-26,3.8,0.0,0.0,3.8266666666666667,3.8733333333333335,3.8,4.0
2018-07-27,3.8,0.0,0.0,3.82,3.8711111111111114,3.8,4.0
2018-07-28,3.8,0.0,0.0,3.8133333333333335,3.868888888888889,3.8,4.0
2018-07-29,3.8,0.0,0.0,3.8066666666666666,3.8666666666666667,3.8,4.0
2018-07-30,3.8,0.0,0.0,3.8,3.8666666666666667,3.8,4.0
2018-07-31,3.8,0.0,0.0,3.8,3.8666666666666667,3.8,3.8
2018-08-01,3.8,0.0,0.0,3.8,3.8666666666666667,3.8,3.8
2018-08-02,3.8,0.0,0.0,3.8,3.8666666666666663,3.8,3.8
2018-08-03,3.8,0.0,0.0,3.8,3.8666666666666667,3.8,3.8
2018-08-04,3.8,0.0,0.0,3.8,3.8666666666666667,3.8,3.8
2018-08-05,3.8,0.0,0.0,3.8,3.8666666666666667,3.8,3.8
2018-08-06,3.8,0.0,0.0,3.8,3.8666666666666667,3.8,3.8
2018-08-07,3.8,0.0,0.0,3.8,3.8666666666666663,3.8,3.8
2018-08-08,3.8,0.0,0.0,3.8,3.8666666666666667,3.8,3.8
2018-08-09,3.8,0.0,0.0,3.8,3.8666666666666667,3.8,3.8
2018-08-10,3.8,0.0,0.0,3.8,3.8666666666666667,3.8,3.8
2018-08-11,3.8,0.0,0.0,3.8,3.8666666666666667,3.8,3.8
2018-08-12,3.8,0.0,0.0,3.8,3.8666666666666663,3.8,3.8
2018-08-13,3.8,0.0,0.0,3.8,3.8666666666666667,3.8,3.8
2018-08-14,3.8,0.0,0.0,3.8,3.8666666666666667,3.8,3.8
2018-08-15,3.8,0.0,0.0,3.8,3.8666666666666667,3.8,3.8
2018-08-16,3.8,0.0,0.0,3.8,3.8666666666666667,3.8,3.8
2018-08-17,3.8,0.0,0.0,3.8,3.8666666666666663,3.8,3.8
2018-08-18,3.8,0.0,0.0,3.8,3.8666666666666667,3.8,3.8
2018-08-19,3.8,0.0,0.0,3.8,3.8666666666666667,3.8,3.8
2018-08-20,3.8,0.0,0.0,3.8,3.8666666666666667,3.8,3.8
2018-08-21,3.8,0.0,0.0,3.8,3.8666666666666667,3.8,3.8
2018-08-22,3.8,0.0,0.0,3.8,3.8666666666666663,3.8,3.8
2018-08-23,3.8,0.0,0.0,3.8,3.8666666666666667,3.8,3.8
2018-08-24,3.8,0.0,0.0,3.8,3.8666666666666667,3.8,3.8
2018-08-25,3.8,0.0,0.0,3.8,3.8666666666666667,3.8,3.8
2018-08-26,3.8,0.0,0.0,3.8,3.8666666666666667,3.8,3.8
2018-08-27,3.8,0.0,0.0,3.8,3.8666666666666667,3.8,3.8
2018-08-28,3.8,0.0,0.0,3.8,3.8666666666666667,3.8,3.8
2018-08-29,3.8,0.0,0.0,3.8,3.8666666666666667,3.8,3.8
2018-08-30,3.8,0.0,0.0,3.8,3.8644444444444446,3.8,3.8
2018-08-31,3.8,0.0,0.0,3.8,3.8622222222222224,3.8,3.8
2018-09-01,3.7,-0.09999999999999964,-0.02631578947368407,3.7966666666666664,3.858888888888889,3.8,3.8
2018-09-02,3.7,0.0,0.0,3.7933333333333334,3.8555555555555556,3.8,3.8
2018-09-03,3.7,0.0,0.0,3.7899999999999996,3.852222222222222,3.8,3.8
2018-09-04,3.7,0.0,0.0,3.7866666666666666,3.848888888888889,3.8,3.8
2018-09-05,3.7,0.0,0.0,3.783333333333333,3.845555555555556,3.8,3.8
2018-09-06,3.7,0.0,0.0,3.78,3.8422222222222224,3.8,3.8
2018-09-07,3.7,0.0,0.0,3.7766666666666664,3.838888888888889,3.8,3.8
2018-09-08,3.7,0.0,0.0,3.773333333333333,3.8355555555555556,3.7,3.8
2018-09-09,3.7,0.0,0.0,3.77,3.8322222222222218,3.7,3.8
2018-09-10,3.7,0.0,0.0,3.7666666666666666,3.8288888888888892,3.7,3.8
2018-09-11,3.7,0.0,0.0,3.7633333333333336,3.825555555555556,3.7,3.8
2018-09-12,3.7,0.0,0.0,3.76,3.8222222222222224,3.7,3.8
2018-09-13,3.7,0.0,0.0,3.756666666666667,3.8188888888888886,3.7,3.8
2018-09-14,3.7,0.0,0.0,3.753333333333333,3.815555555555555,3.7,3.8
2018-09-15,3.7,0.0,0.0,3.75,3.8122222222222226,3.7,3.8
2018-09-16,3.7,0.0,0.0,3.746666666666667,3.808888888888889,3.7,3.8
2018-09-17,3.7,0.0,0.0,3.743333333333333,3.8055555555555554,3.7,3.8
2018-09-18,3.7,0.0,0.0,3.74,3.802222222222222,3.7,3.8
2018-09-19,3.7,0.0,0.0,3.7366666666666664,3.7988888888888885,3.7,3.8
2018-09-20,3.7,0.0,0.0,3.7333333333333334,3.795555555555556,3.7,3.8
2018-09-21,3.7,0.0,0.0,3.73,3.792222222222222,3.7,3.8
2018-09-22,3.7,0.0,0.0,3.7266666666666666,3.7888888888888888,3.7,3.8
2018-09-23,3.7,0.0,0.0,3.7233333333333336,3.7855555555555553,3.7,3.8
2018-09-24,3.7,0.0,0.0,3.7199999999999998,3.782222222222222,3.7,3.8
2018-09-25,3.7,0.0,0.0,3.716666666666667,3.778888888888889,3.7,3.8
2018-09-26,3.7,0.0,0.0,3.7133333333333334,3.7755555555555556,3.7,3.8
2018-09-27,3.7,0.0,0.0,3.7100000000000004,3.772222222222222,3.7,3.8
2018-09-28,3.7,0.0,0.0,3.7066666666666666,3.7688888888888887,3.7,3.8
2018-09-29,3.7,0.0,0.0,3.7033333333333336,3.7677777777777774,3.7,3.8
2018-09-30,3.7,0.0,0.0,3.7,3.7666666666666666,3.7,3.8
2018-10-01,3.8,0.09999999999999964,0.027027027027026973,3.7033333333333336,3.7666666666666666,3.7,3.7
2018-10-02,3.8,0.0,0.0,3.7066666666666666,3.7666666666666666,3.7,3.7
2018-10-03,3.8,0.0,0.0,3.7100000000000004,3.7666666666666666,3.7,3.7
2018-10-04,3.8,0.0,0.0,3.7133333333333334,3.7666666666666666,3.7,3.7
2018-10-05,3.8,0.0,0.0,3.716666666666667,3.7666666666666666,3.7,3.7
2018-10-06,3.8,0.0,0.0,3.7199999999999998,3.7666666666666666,3.7,3.7
2018-10-07,3.8,0.0,0.0,3.7233333333333336,3.7666666666666666,3.7,3.7
2018-10-08,3.8,0.0,0.0,3.7266666666666666,3.7666666666666666,3.8,3.7
2018-10-09,3.8,0.0,0.0,3.73,3.7666666666666666,3.8,3.7
2018-10-10,3.8,0.0,0.0,3.7333333333333334,3.7666666666666666,3.8,3.7
2018-10-11,3.8,0.0,0.0,3.7366666666666664,3.7666666666666666,3.8,3.7
2018-10-12,3.8,0.0,0.0,3.74,3.7666666666666666,3.8,3.7
2018-10-13,3.8,0.0,0.0,3.743333333333333,3.7666666666666666,3.8,3.7
2018-10-14,3.8,0.0,0.0,3.746666666666667,3.7666666666666666,3.8,3.7
2018-10-15,3.8,0.0,0.0,3.75,3.7666666666666666,3.8,3.7
2018-10-16,3.8,0.0,0.0,3.753333333333333,3.7666666666666666,3.8,3.7
2018-10-17,3.8,0.0,0.0,3.756666666666667,3.7666666666666666,3.8,3.7
2018-10-18,3.8,0.0,0.0,3.76,3.7666666666666666,3.8,3.7
2018-10-19,3.8,0.0,0.0,3.7633333333333336,3.7666666666666666,3.8,3.7
2018-10-20,3.8,0.0,0.0,3.7666666666666666,3.7666666666666666,3.8,3.7
2018-10-21,3.8,0.0,0.0,3.77,3.7666666666666666,3.8,3.7
2018-10-22,3.8,0.0,0.0,3.773333333333333,3.7666666666666666,3.8,3.7
2018-10-23,3.8,0.0,0.0,3.7766666666666664,3.7666666666666666,3.8,3.7
2018-10-24,3.8,0.0,0.0,3.78,3.7666666666666666,3.8,3.7
2018-10-25,3.8,0.0,0.0,3.783333333333333,3.7666666666666666,3.8,3.7
2018-10-26,3.8,0.0,0.0,3.7866666666666666,3.7666666666666666,3.8,3.7
2018-10-27,3.8,0.0,0.0,3.7899999999999996,3.7666666666666666,3.8,3.7
2018-10-28,3.8,0.0,0.0,3.7933333333333334,3.7666666666666666,3.8,3.7
2018-10-29,3.8,0.0,0.0,3.7966666666666664,3.7666666666666666,3.8,3.7
2018-10-30,3.8,0.0,0.0,3.8,3.7666666666666666,3.8,3.7
2018-10-31,3.8,0.0,0.0,3.8,3.7666666666666666,3.8,3.8
2018-11-01,3.8,0.0,0.0,3.8,3.7666666666666666,3.8,3.8
2018-11-02,3.8,0.0,0.0,3.8,3.7666666666666666,3.8,3.8
2018-11-03,3.8,0.0,0.0,3.8,3.7666666666666666,3.8,3.8
2018-11-04,3.8,0.0,0.0,3.8,3.766666666666666,3.8,3.8
2018-11-05,3.8,0.0,0.0,3.8,3.7666666666666666,3.8,3.8
2018-11-06,3.8,0.0,0.0,3.8,3.7666666666666666,3.8,3.8
2018-11-07,3.8,0.0,0.0,3.8,3.7666666666666666,3.8,3.8
2018-11-08,3.8,0.0,0.0,3.8,3.7666666666666666,3.8,3.8
2018-11-09,3.8,0.0,0.0,3.8,3.766666666666666,3.8,3.8
2018-11-10,3.8,0.0,0.0,3.8,3.7666666666666666,3.8,3.8
2018-11-11,3.8,0.0,0.0,3.8,3.7666666666666666,3.8,3.8
2018-11-12,3.8,0.0,0.0,3.8,3.7666666666666666,3.8,3.8
2018-11-13,3.8,0.0,0.0,3.8,3.7666666666666666,3.8,3.8
2018-11-14,3.8,0.0,0.0,3.8,3.766666666666666,3.8,3.8
2018-11-15,3.8,0.0,0.0,3.8,3.7666666666666666,3.8,3.8
2018-11-16,3.8,0.0,0.0,3.8,3.7666666666666666,3.8,3.8
2018-11-17,3.8,0.0,0.0,3.8,3.7666666666666666,3.8,3.8
2018-11-18,3.8,0.0,0.0,3.8,3.7666666666666666,3.8,3.8
2018-11-19,3.8,0.0,0.0,3.8,3.766666666666666,3.8,3.8
2018-11-20,3.8,0.0,0.0,3.8,3.7666666666666666,3.8,3.8
2018-11-21,3.8,0.0,0.0,3.8,3.7666666666666666,3.8,3.8
2018-11-22,3.8,0.0,0.0,3.8,3.7666666666666666,3.8,3.8
2018-11-23,3.8,0.0,0.0,3.8,3.7666666666666666,3.8,3.8
2018-11-24,3.8,0.0,0.0,3.8,3.766666666666666,3.8,3.8
2018-11-25,3.8,0.0,0.0,3.8,3.7666666666666666,3.8,3.8
2018-11-26,3.8,0.0,0.0,3.8,3.7666666666666666,3.8,3.8
2018-11-27,3.8,0.0,0.0,3.8,3.7666666666666666,3.8,3.8
2018-11-28,3.8,0.0,0.0,3.8,3.7666666666666666,3.8,3.8
2018-11-29,3.8,0.0,0.0,3.8,3.7666666666666666,3.8,3.8
2018-11-30,3.8,0.0,0.0,3.8,3.7677777777777774,3.8,3.8
2018-12-01,3.9,0.10000000000000009,0.026315789473684292,3.8033333333333332,3.77,3.8,3.8
2018-12-02,3.9,0.0,0.0,3.806666666666666,3.772222222222222,3.8,3.8
2018-12-03,3.9,0.0,0.0,3.81,3.7744444444444443,3.8,3.8
2018-12-04,3.9,0.0,0.0,3.813333333333333,3.7766666666666664,3.8,3.8
2018-12-05,3.9,0.0,0.0,3.816666666666667,3.7788888888888885,3.8,3.8
2018-12-06,3.9,0.0,0.0,3.82,3.781111111111111,3.8,3.8
2018-12-07,3.9,0.0,0.0,3.823333333333333,3.783333333333333,3.8,3.8
2018-12-08,3.9,0.0,0.0,3.8266666666666667,3.7855555555555553,3.9,3.8
2018-12-09,3.9,0.0,0.0,3.8299999999999996,3.7877777777777775,3.9,3.8
2018-12-10,3.9,0.0,0.0,3.8333333333333335,3.7899999999999996,3.9,3.8
2018-12-11,3.9,0.0,0.0,3.8366666666666664,3.792222222222222,3.9,3.8
2018-12-12,3.9,0.0,0.0,3.8400000000000003,3.7944444444444443,3.9,3.8
2018-12-13,3.9,0.0,0.0,3.8433333333333333,3.7966666666666664,3.9,3.8
2018-12-14,3.9,0.0,0.0,3.8466666666666662,3.7988888888888885,3.9,3.8
2018-12-15,3.9,0.0,0.0,3.85,3.8011111111111107,3.9,3.8
2018-12-16,3.9,0.0,0.0,3.853333333333333,3.8033333333333337,3.9,3.8
2018-12-17,3.9,0.0,0.0,3.856666666666667,3.8055555555555554,3.9,3.8
2018-12-18,3.9,0.0,0.0,3.8599999999999994,3.8077777777777775,3.9,3.8
2018-12-19,3.9,0.0,0.0,3.863333333333333,3.8099999999999996,3.9,3.8
2018-12-20,3.9,0.0,0.0,3.8666666666666667,3.8122222222222217,3.9,3.8
2018-12-21,3.9,0.0,0.0,3.8699999999999997,3.8144444444444447,3.9,3.8
2018-12-22,3.9,0.0,0.0,3.8733333333333335,3.816666666666667,3.9,3.8
2018-12-23,3.9,0.0,0.0,3.8766666666666665,3.8188888888888886,3.9,3.8
2018-12-24,3.9,0.0,0.0,3.88,3.8211111111111107,3.9,3.8
2018-12-25,3.9,0.0,0.0,3.8833333333333333,3.823333333333333,3.9,3.8
2018-12-26,3.9,0.0,0.0,3.8866666666666663,3.825555555555556,3.9,3.8
2018-12-27,3.9,0.0,0.0,3.89,3.827777777777778,3.9,3.8
2018-12-28,3.9,0.0,0.0,3.893333333333333,3.83,3.9,3.8
2018-12-29,3.9,0.0,0.0,3.8966666666666665,3.8322222222222218,3.9,3.8
2018-12-30,3.9,0.0,0.0,3.9,3.8333333333333335,3.9,3.8
2018-12-31,3.9,0.0,0.0,3.9,3.8344444444444448,3.9,3.9
2019-01-01,4.0,0.10000000000000009,0.025641025641025772,3.9033333333333333,3.836666666666667,3.9,3.9
2019-01-02,4.0,0.0,0.0,3.9066666666666663,3.838888888888889,3.9,3.9
2019-01-03,4.0,0.0,0.0,3.9099999999999997,3.841111111111111,3.9,3.9
2019-01-04,4.0,0.0,0.0,3.913333333333333,3.8433333333333337,3.9,3.9
2019-01-05,4.0,0.0,0.0,3.9166666666666665,3.845555555555556,3.9,3.9
2019-01-06,4.0,0.0,0.0,3.92,3.847777777777778,3.9,3.9
2019-01-07,4.0,0.0,0.0,3.923333333333333,3.85,3.9,3.9
2019-01-08,4.0,0.0,0.0,3.9266666666666667,3.852222222222222,4.0,3.9
2019-01-09,4.0,0.0,0.0,3.9299999999999997,3.854444444444445,4.0,3.9
2019-01-10,4.0,0.0,0.0,3.933333333333333,3.856666666666667,4.0,3.9
2019-01-11,4.0,0.0,0.0,3.9366666666666665,3.858888888888889,4.0,3.9
2019-01-12,4.0,0.0,0.0,3.9399999999999995,3.861111111111111,4.0,3.9
2019-01-13,4.0,0.0,0.0,3.9433333333333334,3.8633333333333333,4.0,3.9
2019-01-14,4.0,0.0,0.0,3.9466666666666663,3.865555555555556,4.0,3.9
2019-01-15,4.0,0.0,0.0,3.95,3.867777777777778,4.0,3.9
2019-01-16,4.0,0.0,0.0,3.953333333333333,3.87,4.0,3.9
2019-01-17,4.0,0.0,0.0,3.956666666666666,3.8722222222222222,4.0,3.9
2019-01-18,4.0,0.0,0.0,3.96,3.8744444444444444,4.0,3.9
2019-01-19,4.0,0.0,0.0,3.963333333333333,3.876666666666667,4.0,3.9
2019-01-20,4.0,0.0,0.0,3.966666666666667,3.878888888888889,4.0,3.9
2019-01-21,4.0,0.0,0.0,3.9699999999999998,3.881111111111111,4.0,3.9
2019-01-22,4.0,0.0,0.0,3.9733333333333336,3.8833333333333333,4.0,3.9
2019-01-23,4.0,0.0,0.0,3.9766666666666666,3.8855555555555554,4.0,3.9
2019-01-24,4.0,0.0,0.0,3.9799999999999995,3.887777777777778,4.0,3.9
2019-01-25,4.0,0.0,0.0,3.9833333333333334,3.89,4.0,3.9
2019-01-26,4.0,0.0,0.0,3.9866666666666664,3.8922222222222222,4.0,3.9
2019-01-27,4.0,0.0,0.0,3.99,3.8944444444444444,4.0,3.9
2019-01-28,4.0,0.0,0.0,3.993333333333333,3.8966666666666674,4.0,3.9
2019-01-29,4.0,0.0,0.0,3.9966666666666666,3.898888888888889,4.0,3.9
2019-01-30,4.0,0.0,0.0,4.0,3.901111111111111,4.0,3.9
2019-01-31,4.0,0.0,0.0,4.0,3.9033333333333333,4.0,4.0
2019-02-01,3.8,-0.20000000000000018,-0.050000000000000044,3.993333333333333,3.903333333333333,4.0,4.0
2019-02-02,3.8,0.0,0.0,3.986666666666667,3.9033333333333333,4.0,4.0
2019-02-03,3.8,0.0,0.0,3.98,3.9033333333333333,4.0,4.0
2019-02-04,3.8,0.0,0.0,3.9733333333333336,3.9033333333333333,4.0,4.0
2019-02-05,3.8,0.0,0.0,3.966666666666667,3.9033333333333333,4.0,4.0
2019-02-06,3.8,0.0,0.0,3.96,3.903333333333333,4.0,4.0
2019-02-07,3.8,0.0,0.0,3.9533333333333336,3.9033333333333333,4.0,4.0
2019-02-08,3.8,0.0,0.0,3.9466666666666668,3.9033333333333333,3.8,4.0
2019-02-09,3.8,0.0,0.0,3.94,3.9033333333333333,3.8,4.0
2019-02-10,3.8,0.0,0.0,3.933333333333333,3.9033333333333333,3.8,4.0
2019-02-11,3.8,0.0,0.0,3.9266666666666667,3.903333333333333,3.8,4.0
2019-02-12,3.8,0.0,0.0,3.92,3.9033333333333333,3.8,4.0
2019-02-13,3.8,0.0,0.0,3.9133333333333336,3.9033333333333333,3.8,4.0
2019-02-14,3.8,0.0,0.0,3.9066666666666667,3.9033333333333333,3.8,4.0
2019-02-15,3.8,0.0,0.0,3.9,3.9033333333333333,3.8,4.0
2019-02-16,3.8,0.0,0.0,3.893333333333333,3.903333333333333,3.8,4.0
2019-02-17,3.8,0.0,0.0,3.8866666666666663,3.9033333333333333,3.8,4.0
2019-02-18,3.8,0.0,0.0,3.8800000000000003,3.9033333333333333,3.8,4.0
2019-02-19,3.8,0.0,0.0,3.8733333333333335,3.9033333333333333,3.8,4.0
2019-02-20,3.8,0.0,0.0,3.8666666666666667,3.903333333333333,3.8,4.0
2019-02-21,3.8,0.0,0.0,3.86,3.903333333333333,3.8,4.0
2019-02-22,3.8,0.0,0.0,3.853333333333333,3.9033333333333333,3.8,4.0
2019-02-23,3.8,0.0,0.0,3.8466666666666667,3.9033333333333333,3.8,4.0
2019-02-24,3.8,0.0,0.0,3.8400000000000003,3.9033333333333333,3.8,4.0
2019-02-25,3.8,0.0,0.0,3.8333333333333335,3.903333333333333,3.8,4.0
2019-02-26,3.8,0.0,0.0,3.8266666666666667,3.903333333333333,3.8,4.0
2019-02-27,3.8,0.0,0.0,3.82,3.9033333333333333,3.8,4.0
2019-02-28,3.8,0.0,0.0,3.8133333333333335,3.9033333333333333,3.8,4.0
2019-03-01,3.8,0.0,0.0,3.8066666666666666,3.902222222222222,3.8,4.0
2019-03-02,3.8,0.0,0.0,3.8,3.9011111111111108,3.8,4.0
2019-03-03,3.8,0.0,0.0,3.8,3.9,3.8,3.8
2019-03-04,3.8,0.0,0.0,3.8,3.8988888888888886,3.8,3.8
2019-03-05,3.8,0.0,0.0,3.8,3.897777777777778,3.8,3.8
2019-03-06,3.8,0.0,0.0,3.8,3.8966666666666665,3.8,3.8
2019-03-07,3.8,0.0,0.0,3.8,3.895555555555555,3.8,3.8
2019-03-08,3.8,0.0,0.0,3.8,3.8944444444444444,3.8,3.8
2019-03-09,3.8,0.0,0.0,3.8,3.893333333333333,3.8,3.8
2019-03-10,3.8,0.0,0.0,3.8,3.8922222222222222,3.8,3.8
2019-03-11,3.8,0.0,0.0,3.8,3.891111111111111,3.8,3.8
2019-03-12,3.8,0.0,0.0,3.8,3.8899999999999997,3.8,3.8
2019-03-13,3.8,0.0,0.0,3.8,3.888888888888889,3.8,3.8
2019-03-14,3.8,0.0,0.0,3.8,3.8877777777777776,3.8,3.8
2019-03-15,3.8,0.0,0.0,3.8,3.8866666666666667,3.8,3.8
2019-03-16,3.8,0.0,0.0,3.8,3.8855555555555554,3.8,3.8
2019-03-17,3.8,0.0,0.0,3.8,3.884444444444444,3.8,3.8
2019-03-18,3.8,0.0,0.0,3.8,3.8833333333333333,3.8,3.8
2019-03-19,3.8,0.0,0.0,3.8,3.882222222222222,3.8,3.8
2019-03-20,3.8,0.0,0.0,3.8,3.881111111111111,3.8,3.8
2019-03-21,3.8,0.0,0.0,3.8,3.88,3.8,3.8
2019-03-22,3.8,0.0,0.0,3.8,3.8788888888888886,3.8,3.8
2019-03-23,3.8,0.0,0.0,3.8,3.8777777777777778,3.8,3.8
2019-03-24,3.8,0.0,0.0,3.8,3.8766666666666665,3.8,3.8
2019-03-25,3.8,0.0,0.0,3.8,3.8755555555555556,3.8,3.8
2019-03-26,3.8,0.0,0.0,3.8,3.8744444444444444,3.8,3.8
2019-03-27,3.8,0.0,0.0,3.8,3.873333333333333,3.8,3.8
2019-03-28,3.8,0.0,0.0,3.8,3.8722222222222222,3.8,3.8
2019-03-29,3.8,0.0,0.0,3.8,3.871111111111111,3.8,3.8
2019-03-30,3.8,0.0,0.0,3.8,3.87,3.8,3.8
2019-03-31,3.8,0.0,0.0,3.8,3.868888888888889,3.8,3.8
2019-04-01,3.7,-0.09999999999999964,-0.02631578947368407,3.7966666666666664,3.8655555555555554,3.8,3.8
2019-04-02,3.7,0.0,0.0,3.7933333333333334,3.862222222222222,3.8,3.8
2019-04-03,3.7,0.0,0.0,3.79,3.8588888888888886,3.8,3.8
2019-04-04,3.7,0.0,0.0,3.786666666666667,3.8555555555555547,3.8,3.8
2019-04-05,3.7,0.0,0.0,3.7833333333333328,3.852222222222222,3.8,3.8
2019-04-06,3.7,0.0,0.0,3.78,3.848888888888889,3.8,3.8
2019-04-07,3.7,0.0,0.0,3.7766666666666664,3.8455555555555554,3.8,3.8
2019-04-08,3.7,0.0,0.0,3.7733333333333334,3.8422222222222215,3.7,3.8
2019-04-09,3.7,0.0,0.0,3.7700000000000005,3.838888888888888,3.7,3.8
2019-04-10,3.7,0.0,0.0,3.766666666666666,3.8355555555555556,3.7,3.8
2019-04-11,3.7,0.0,0.0,3.763333333333333,3.8322222222222218,3.7,3.8
2019-04-12,3.7,0.0,0.0,3.76,3.8288888888888883,3.7,3.8
2019-04-13,3.7,0.0,0.0,3.756666666666667,3.825555555555555,3.7,3.8
2019-04-14,3.7,0.0,0.0,3.7533333333333334,3.8222222222222215,3.7,3.8
2019-04-15,3.7,0.0,0.0,3.75,3.8188888888888886,3.7,3.8
2019-04-16,3.7,0.0,0.0,3.7466666666666666,3.815555555555555,3.7,3.8
2019-04-17,3.7,0.0,0.0,3.743333333333333,3.8122222222222217,3.7,3.8
2019-04-18,3.7,0.0,0.0,3.74,3.8088888888888883,3.7,3.8
2019-04-19,3.7,0.0,0.0,3.736666666666667,3.805555555555555,3.7,3.8
2019-04-20,3.7,0.0,0.0,3.733333333333334,3.802222222222222,3.7,3.8
2019-04-21,3.7,0.0,0.0,3.7299999999999995,3.7988888888888885,3.7,3.8
2019-04-22,3.7,0.0,0.0,3.7266666666666666,3.795555555555555,3.7,3.8
2019-04-23,3.7,0.0,0.0,3.7233333333333336,3.7922222222222217,3.7,3.8
2019-04-24,3.7,0.0,0.0,3.72,3.7888888888888883,3.7,3.8
2019-04-25,3.7,0.0,0.0,3.7166666666666672,3.7855555555555553,3.7,3.8
2019-04-26,3.7,0.0,0.0,3.713333333333333,3.782222222222222,3.7,3.8
2019-04-27,3.7,0.0,0.0,3.71,3.7788888888888885,3.7,3.8
2019-04-28,3.7,0.0,0.0,3.7066666666666666,3.775555555555555,3.7,3.8
2019-04-29,3.7,0.0,0.0,3.7033333333333336,3.7722222222222217,3.7,3.8
2019-04-30,3.7,0.0,0.0,3.7,3.7688888888888887,3.7,3.8
2019-05-01,3.6,-0.10000000000000009,-0.027027027027027084,3.6966666666666668,3.764444444444444,3.7,3.7
2019-05-02,3.6,0.0,0.0,3.693333333333334,3.7622222222222224,3.7,3.7
2019-05-03,3.6,0.0,0.0,3.69,3.76,3.7,3.7
2019-05-04,3.6,0.0,0.0,3.6866666666666665,3.7577777777777777,3.7,3.7
2019-05-05,3.6,0.0,0.0,3.683333333333334,3.7555555555555555,3.7,3.7
2019-05-06,3.6,0.0,0.0,3.68,3.753333333333333,3.7,3.7
2019-05-07,3.6,0.0,0.0,3.676666666666667,3.7511111111111113,3.7,3.7
2019-05-08,3.6,0.0,0.0,3.6733333333333333,3.7488888888888887,3.6,3.7
2019-05-09,3.6,0.0,0.0,3.67,3.7466666666666666,3.6,3.7
2019-05-10,3.6,0.0,0.0,3.666666666666667,3.7444444444444445,3.6,3.7
2019-05-11,3.6,0.0,0.0,3.6633333333333336,3.742222222222222,3.6,3.7
2019-05-12,3.6,0.0,0.0,3.6600000000000006,3.74,3.6,3.7
2019-05-13,3.6,0.0,0.0,3.6566666666666667,3.7377777777777776,3.6,3.7
2019-05-14,3.6,0.0,0.0,3.6533333333333333,3.7355555555555555,3.6,3.7
2019-05-15,3.6,0.0,0.0,3.6500000000000004,3.7333333333333334,3.6,3.7
2019-05-16,3.6,0.0,0.0,3.646666666666667,3.731111111111111,3.6,3.7
2019-05-17,3.6,0.0,0.0,3.6433333333333335,3.728888888888889,3.6,3.7
2019-05-18,3.6,0.0,0.0,3.64,3.7266666666666666,3.6,3.7
2019-05-19,3.6,0.0,0.0,3.6366666666666663,3.7244444444444444,3.6,3.7
2019-05-20,3.6,0.0,0.0,3.6333333333333333,3.7222222222222223,3.6,3.7
2019-05-21,3.6,0.0,0.0,3.6300000000000003,3.72,3.6,3.7
2019-05-22,3.6,0.0,0.0,3.626666666666667,3.717777777777778,3.6,3.7
2019-05-23,3.6,0.0,0.0,3.6233333333333335,3.7155555555555555,3.6,3.7
2019-05-24,3.6,0.0,0.0,3.6199999999999997,3.7133333333333334,3.6,3.7
2019-05-25,3.6,0.0,0.0,3.6166666666666667,3.7111111111111112,3.6,3.7
2019-05-26,3.6,0.0,0.0,3.6133333333333337,3.708888888888889,3.6,3.7
2019-05-27,3.6,0.0,0.0,3.6100000000000003,3.706666666666667,3.6,3.7
2019-05-28,3.6,0.0,0.0,3.606666666666667,3.704444444444445,3.6,3.7
2019-05-29,3.6,0.0,0.0,3.603333333333333,3.7022222222222223,3.6,3.7
2019-05-30,3.6,0.0,0.0,3.6,3.7,3.6,3.7
2019-05-31,3.6,0.0,0.0,3.6,3.697777777777778,3.6,3.6
2019-06-01,3.6,0.0,0.0,3.6,3.695555555555556,3.6,3.6
2019-06-02,3.6,0.0,0.0,3.6,3.693333333333334,3.6,3.6
2019-06-03,3.6,0.0,0.0,3.6,3.691111111111111,3.6,3.6
2019-06-04,3.6,0.0,0.0,3.6,3.688888888888889,3.6,3.6
2019-06-05,3.6,0.0,0.0,3.6,3.686666666666667,3.6,3.6
2019-06-06,3.6,0.0,0.0,3.6,3.684444444444445,3.6,3.6
2019-06-07,3.6,0.0,0.0,3.6,3.6822222222222227,3.6,3.6
2019-06-08,3.6,0.0,0.0,3.6,3.6799999999999997,3.6,3.6
2019-06-09,3.6,0.0,0.0,3.6,3.6777777777777776,3.6,3.6
2019-06-10,3.6,0.0,0.0,3.6,3.6755555555555555,3.6,3.6
2019-06-11,3.6,0.0,0.0,3.6,3.673333333333334,3.6,3.6
2019-06-12,3.6,0.0,0.0,3.6,3.6711111111111117,3.6,3.6
2019-06-13,3.6,0.0,0.0,3.6,3.6688888888888886,3.6,3.6
2019-06-14,3.6,0.0,0.0,3.6,3.6666666666666665,3.6,3.6
2019-06-15,3.6,0.0,0.0,3.6,3.6644444444444444,3.6,3.6
2019-06-16,3.6,0.0,0.0,3.6,3.6622222222222223,3.6,3.6
2019-06-17,3.6,0.0,0.0,3.6,3.6600000000000006,3.6,3.6
2019-06-18,3.6,0.0,0.0,3.6,3.6577777777777776,3.6,3.6
2019-06-19,3.6,0.0,0.0,3.6,3.6555555555555554,3.6,3.6
2019-06-20,3.6,0.0,0.0,3.6,3.6533333333333333,3.6,3.6
2019-06-21,3.6,0.0,0.0,3.6,3.651111111111111,3.6,3.6
2019-06-22,3.6,0.0,0.0,3.6,3.648888888888889,3.6,3.6
2019-06-23,3.6,0.0,0.0,3.6,3.6466666666666665,3.6,3.6
2019-06-24,3.6,0.0,0.0,3.6,3.6444444444444444,3.6,3.6
2019-06-25,3.6,0.0,0.0,3.6,3.6422222222222222,3.6,3.6
2019-06-26,3.6,0.0,0.0,3.6,3.64,3.6,3.6
2019-06-27,3.6,0.0,0.0,3.6,3.637777777777778,3.6,3.6
2019-06-28,3.6,0.0,0.0,3.6,3.6355555555555554,3.6,3.6
2019-06-29,3.6,0.0,0.0,3.6,3.6333333333333333,3.6,3.6
2019-06-30,3.6,0.0,0.0,3.6,3.632222222222222,3.6,3.6
2019-07-01,3.7,0.10000000000000009,0.0277777777777779,3.603333333333333,3.6322222222222225,3.6,3.6
2019-07-02,3.7,0.0,0.0,3.606666666666667,3.6322222222222225,3.6,3.6
2019-07-03,3.7,0.0,0.0,3.61,3.6322222222222225,3.6,3.6
2019-07-04,3.7,0.0,0.0,3.6133333333333337,3.632222222222222,3.6,3.6
2019-07-05,3.7,0.0,0.0,3.616666666666667,3.632222222222222,3.6,3.6
2019-07-06,3.7,0.0,0.0,3.6199999999999997,3.6322222222222225,3.6,3.6
2019-07-07,3.7,0.0,0.0,3.6233333333333335,3.6322222222222225,3.6,3.6
2019-07-08,3.7,0.0,0.0,3.6266666666666665,3.6322222222222225,3.7,3.6
2019-07-09,3.7,0.0,0.0,3.6300000000000003,3.632222222222222,3.7,3.6
2019-07-10,3.7,0.0,0.0,3.6333333333333337,3.632222222222222,3.7,3.6
2019-07-11,3.7,0.0,0.0,3.6366666666666663,3.6322222222222225,3.7,3.6
2019-07-12,3.7,0.0,0.0,3.64,3.6322222222222225,3.7,3.6
2019-07-13,3.7,0.0,0.0,3.643333333333333,3.6322222222222225,3.7,3.6
2019-07-14,3.7,0.0,0.0,3.646666666666667,3.632222222222222,3.7,3.6
2019-07-15,3.7,0.0,0.0,3.6500000000000004,3.632222222222222,3.7,3.6
2019-07-16,3.7,0.0,0.0,3.6533333333333333,3.6322222222222225,3.7,3.6
2019-07-17,3.7,0.0,0.0,3.6566666666666667,3.6322222222222225,3.7,3.6
2019-07-18,3.7,0.0,0.0,3.6599999999999997,3.6322222222222225,3.7,3.6
2019-07-19,3.7,0.0,0.0,3.6633333333333336,3.632222222222222,3.7,3.6
2019-07-20,3.7,0.0,0.0,3.666666666666667,3.632222222222222,3.7,3.6
2019-07-21,3.7,0.0,0.0,3.6700000000000004,3.6322222222222225,3.7,3.6
2019-07-22,3.7,0.0,0.0,3.6733333333333333,3.6322222222222225,3.7,3.6
2019-07-23,3.7,0.0,0.0,3.6766666666666667,3.6322222222222225,3.7,3.6
2019-07-24,3.7,0.0,0.0,3.68,3.632222222222222,3.7,3.6
2019-07-25,3.7,0.0,0.0,3.683333333333334,3.632222222222222,3.7,3.6
2019-07-26,3.7,0.0,0.0,3.686666666666667,3.6322222222222225,3.7,3.6
2019-07-27,3.7,0.0,0.0,3.69,3.6322222222222225,3.7,3.6
2019-07-28,3.7,0.0,0.0,3.6933333333333334,3.6322222222222225,3.7,3.6
2019-07-29,3.7,0.0,0.0,3.6966666666666668,3.632222222222222,3.7,3.6
2019-07-30,3.7,0.0,0.0,3.7,3.6333333333333333,3.7,3.6
2019-07-31,3.7,0.0,0.0,3.7,3.6344444444444446,3.7,3.7
2019-08-01,3.6,-0.10000000000000009,-0.027027027027027084,3.6966666666666668,3.6344444444444446,3.7,3.7
2019-08-02,3.6,0.0,0.0,3.6933333333333334,3.6344444444444446,3.7,3.7
2019-08-03,3.6,0.0,0.0,3.69,3.634444444444444,3.7,3.7
2019-08-04,3.6,0.0,0.0,3.6866666666666665,3.6344444444444446,3.7,3.7
2019-08-05,3.6,0.0,0.0,3.683333333333334,3.6344444444444446,3.7,3.7
2019-08-06,3.6,0.0,0.0,3.68,3.6344444444444446,3.7,3.7
2019-08-07,3.6,0.0,0.0,3.676666666666667,3.6344444444444446,3.7,3.7
2019-08-08,3.6,0.0,0.0,3.6733333333333333,3.634444444444444,3.6,3.7
2019-08-09,3.6,0.0,0.0,3.67,3.6344444444444446,3.6,3.7
2019-08-10,3.6,0.0,0.0,3.666666666666667,3.6344444444444446,3.6,3.7
2019-08-11,3.6,0.0,0.0,3.6633333333333336,3.6344444444444446,3.6,3.7
2019-08-12,3.6,0.0,0.0,3.6600000000000006,3.6344444444444446,3.6,3.7
2019-08-13,3.6,0.0,0.0,3.6566666666666667,3.634444444444444,3.6,3.7
2019-08-14,3.6,0.0,0.0,3.6533333333333333,3.6344444444444446,3.6,3.7
2019-08-15,3.6,0.0,0.0,3.6500000000000004,3.6344444444444446,3.6,3.7
2019-08-16,3.6,0.0,0.0,3.646666666666667,3.6344444444444446,3.6,3.7
2019-08-17,3.6,0.0,0.0,3.6433333333333335,3.6344444444444446,3.6,3.7
2019-08-18,3.6,0.0,0.0,3.64,3.634444444444444,3.6,3.7
2019-08-19,3.6,0.0,0.0,3.6366666666666663,3.6344444444444446,3.6,3.7
2019-08-20,3.6,0.0,0.0,3.6333333333333333,3.6344444444444446,3.6,3.7
2019-08-21,3.6,0.0,0.0,3.6300000000000003,3.634444444444444,3.6,3.7
2019-08-22,3.6,0.0,0.0,3.626666666666667,3.6344444444444446,3.6,3.7
2019-08-23,3.6,0.0,0.0,3.6233333333333335,3.634444444444444,3.6,3.7
2019-08-24,3.6,0.0,0.0,3.6199999999999997,3.6344444444444446,3.6,3.7
2019-08-25,3.6,0.0,0.0,3.6166666666666667,3.6344444444444446,3.6,3.7
2019-08-26,3.6,0.0,0.0,3.6133333333333337,3.634444444444444,3.6,3.7
2019-08-27,3.6,0.0,0.0,3.6100000000000003,3.6344444444444446,3.6,3.7
2019-08-28,3.6,0.0,0.0,3.606666666666667,3.6344444444444446,3.6,3.7
2019-08-29,3.6,0.0,0.0,3.603333333333333,3.6344444444444446,3.6,3.7
2019-08-30,3.6,0.0,0.0,3.6,3.6344444444444446,3.6,3.7
2019-08-31,3.6,0.0,0.0,3.6,3.634444444444444,3.6,3.6
2019-09-01,3.5,-0.10000000000000009,-0.02777777777777779,3.5966666666666667,3.6333333333333333,3.6,3.6
2019-09-02,3.5,0.0,0.0,3.5933333333333333,3.632222222222222,3.6,3.6
2019-09-03,3.5,0.0,0.0,3.5900000000000003,3.631111111111111,3.6,3.6
2019-09-04,3.5,0.0,0.0,3.5866666666666664,3.63,3.6,3.6
2019-09-05,3.5,0.0,0.0,3.5833333333333335,3.6288888888888886,3.6,3.6
2019-09-06,3.5,0.0,0.0,3.58,3.6277777777777778,3.6,3.6
2019-09-07,3.5,0.0,0.0,3.5766666666666667,3.6266666666666665,3.6,3.6
2019-09-08,3.5,0.0,0.0,3.5733333333333333,3.6255555555555556,3.5,3.6
2019-09-09,3.5,0.0,0.0,3.57,3.6244444444444444,3.5,3.6
2019-09-10,3.5,0.0,0.0,3.566666666666667,3.623333333333333,3.5,3.6
2019-09-11,3.5,0.0,0.0,3.563333333333333,3.6222222222222222,3.5,3.6
2019-09-12,3.5,0.0,0.0,3.56,3.621111111111111,3.5,3.6
2019-09-13,3.5,0.0,0.0,3.5566666666666666,3.62,3.5,3.6
2019-09-14,3.5,0.0,0.0,3.5533333333333332,3.618888888888889,3.5,3.6
2019-09-15,3.5,0.0,0.0,3.55,3.6177777777777775,3.5,3.6
2019-09-16,3.5,0.0,0.0,3.5466666666666664,3.6166666666666667,3.5,3.6
2019-09-17,3.5,0.0,0.0,3.5433333333333334,3.6155555555555554,3.5,3.6
2019-09-18,3.5,0.0,0.0,3.54,3.6144444444444446,3.5,3.6
2019-09-19,3.5,0.0,0.0,3.5366666666666666,3.6133333333333333,3.5,3.6
2019-09-20,3.5,0.0,0.0,3.533333333333333,3.612222222222222,3.5,3.6
2019-09-21,3.5,0.0,0.0,3.53,3.611111111111111,3.5,3.6
2019-09-22,3.5,0.0,0.0,3.5266666666666664,3.61,3.5,3.6
2019-09-23,3.5,0.0,0.0,3.5233333333333334,3.608888888888889,3.5,3.6
2019-09-24,3.5,0.0,0.0,3.52,3.6077777777777778,3.5,3.6
2019-09-25,3.5,0.0,0.0,3.5166666666666666,3.6066666666666665,3.5,3.6
2019-09-26,3.5,0.0,0.0,3.513333333333333,3.6055555555555556,3.5,3.6
2019-09-27,3.5,0.0,0.0,3.51,3.6044444444444443,3.5,3.6
2019-09-28,3.5,0.0,0.0,3.506666666666667,3.6033333333333335,3.5,3.6
2019-09-29,3.5,0.0,0.0,3.503333333333333,3.601111111111111,3.5,3.6
2019-09-30,3.5,0.0,0.0,3.5,3.598888888888889,3.5,3.6
2019-10-01,3.6,0.10000000000000009,0.028571428571428692,3.5033333333333334,3.597777777777778,3.5,3.5
2019-10-02,3.6,0.0,0.0,3.506666666666667,3.596666666666667,3.5,3.5
2019-10-03,3.6,0.0,0.0,3.51,3.595555555555556,3.5,3.5
2019-10-04,3.6,0.0,0.0,3.5133333333333336,3.5944444444444446,3.5,3.5
2019-10-05,3.6,0.0,0.0,3.5166666666666666,3.5933333333333333,3.5,3.5
2019-10-06,3.6,0.0,0.0,3.5200000000000005,3.5922222222222224,3.5,3.5
2019-10-07,3.6,0.0,0.0,3.5233333333333334,3.5911111111111116,3.5,3.5
2019-10-08,3.6,0.0,0.0,3.526666666666667,3.5900000000000003,3.6,3.5
2019-10-09,3.6,0.0,0.0,3.5300000000000002,3.588888888888889,3.6,3.5
2019-10-10,3.6,0.0,0.0,3.533333333333333,3.5877777777777777,3.6,3.5
2019-10-11,3.6,0.0,0.0,3.536666666666667,3.586666666666667,3.6,3.5
2019-10-12,3.6,0.0,0.0,3.54,3.585555555555556,3.6,3.5
2019-10-13,3.6,0.0,0.0,3.543333333333334,3.5844444444444448,3.6,3.5
2019-10-14,3.6,0.0,0.0,3.546666666666667,3.5833333333333335,3.6,3.5
2019-10-15,3.6,0.0,0.0,3.55,3.5822222222222218,3.6,3.5
2019-10-16,3.6,0.0,0.0,3.5533333333333337,3.5811111111111114,3.6,3.5
2019-10-17,3.6,0.0,0.0,3.5566666666666666,3.5800000000000005,3.6,3.5
2019-10-18,3.6,0.0,0.0,3.5600000000000005,3.5788888888888892,3.6,3.5
2019-10-19,3.6,0.0,0.0,3.5633333333333335,3.577777777777778,3.6,3.5
2019-10-20,3.6,0.0,0.0,3.566666666666667,3.576666666666666,3.6,3.5
2019-10-21,3.6,0.0,0.0,3.5700000000000003,3.575555555555556,3.6,3.5
2019-10-22,3.6,0.0,0.0,3.5733333333333333,3.574444444444445,3.6,3.5
2019-10-23,3.6,0.0,0.0,3.576666666666667,3.5733333333333337,3.6,3.5
2019-10-24,3.6,0.0,0.0,3.58,3.5722222222222224,3.6,3.5
2019-10-25,3.6,0.0,0.0,3.5833333333333335,3.5711111111111107,3.6,3.5
2019-10-26,3.6,0.0,0.0,3.586666666666667,3.5700000000000003,3.6,3.5
2019-10-27,3.6,0.0,0.0,3.5900000000000003,3.5688888888888894,3.6,3.5
2019-10-28,3.6,0.0,0.0,3.5933333333333337,3.567777777777778,3.6,3.5
2019-10-29,3.6,0.0,0.0,3.5966666666666667,3.566666666666667,3.6,3.5
2019-10-30,3.6,0.0,0.0,3.6,3.566666666666667,3.6,3.5
2019-10-31,3.6,0.0,0.0,3.6,3.566666666666667,3.6,3.6
2019-11-01,3.6,0.0,0.0,3.6,3.5666666666666673,3.6,3.6
2019-11-02,3.6,0.0,0.0,3.6,3.566666666666667,3.6,3.6
2019-11-03,3.6,0.0,0.0,3.6,3.566666666666667,3.6,3.6
2019-11-04,3.6,0.0,0.0,3.6,3.566666666666667,3.6,3.6
2019-11-05,3.6,0.0,0.0,3.6,3.566666666666667,3.6,3.6
2019-11-06,3.6,0.0,0.0,3.6,3.5666666666666673,3.6,3.6
2019-11-07,3.6,0.0,0.0,3.6,3.566666666666667,3.6,3.6
2019-11-08,3.6,0.0,0.0,3.6,3.566666666666667,3.6,3.6
2019-11-09,3.6,0.0,0.0,3.6,3.566666666666667,3.6,3.6
2019-11-10,3.6,0.0,0.0,3.6,3.566666666666667,3.6,3.6
2019-11-11,3.6,0.0,0.0,3.6,3.5666666666666673,3.6,3.6
2019-11-12,3.6,0.0,0.0,3.6,3.566666666666667,3.6,3.6
2019-11-13,3.6,0.0,0.0,3.6,3.566666666666667,3.6,3.6
2019-11-14,3.6,0.0,0.0,3.6,3.566666666666667,3.6,3.6
2019-11-15,3.6,0.0,0.0,3.6,3.566666666666667,3.6,3.6
2019-11-16,3.6,0.0,0.0,3.6,3.5666666666666673,3.6,3.6
2019-11-17,3.6,0.0,0.0,3.6,3.566666666666667,3.6,3.6
2019-11-18,3.6,0.0,0.0,3.6,3.566666666666667,3.6,3.6
2019-11-19,3.6,0.0,0.0,3.6,3.566666666666667,3.6,3.6
2019-11-20,3.6,0.0,0.0,3.6,3.566666666666667,3.6,3.6
2019-11-21,3.6,0.0,0.0,3.6,3.5666666666666673,3.6,3.6
2019-11-22,3.6,0.0,0.0,3.6,3.566666666666667,3.6,3.6
2019-11-23,3.6,0.0,0.0,3.6,3.566666666666667,3.6,3.6
2019-11-24,3.6,0.0,0.0,3.6,3.566666666666667,3.6,3.6
2019-11-25,3.6,0.0,0.0,3.6,3.566666666666667,3.6,3.6
2019-11-26,3.6,0.0,0.0,3.6,3.566666666666667,3.6,3.6
2019-11-27,3.6,0.0,0.0,3.6,3.566666666666667,3.6,3.6
2019-11-28,3.6,0.0,0.0,3.6,3.566666666666667,3.6,3.6
2019-11-29,3.6,0.0,0.0,3.6,3.566666666666667,3.6,3.6
2019-11-30,3.6,0.0,0.0,3.6,3.567777777777778,3.6,3.6
2019-12-01,3.6,0.0,0.0,3.6,3.5688888888888894,3.6,3.6
2019-12-02,3.6,0.0,0.0,3.6,3.5700000000000003,3.6,3.6
2019-12-03,3.6,0.0,0.0,3.6,3.5711111111111116,3.6,3.6
2019-12-04,3.6,0.0,0.0,3.6,3.5722222222222224,3.6,3.6
2019-12-05,3.6,0.0,0.0,3.6,3.5733333333333337,3.6,3.6
2019-12-06,3.6,0.0,0.0,3.6,3.574444444444445,3.6,3.6
2019-12-07,3.6,0.0,0.0,3.6,3.575555555555556,3.6,3.6
2019-12-08,3.6,0.0,0.0,3.6,3.576666666666667,3.6,3.6
2019-12-09,3.6,0.0,0.0,3.6,3.577777777777778,3.6,3.6
2019-12-10,3.6,0.0,0.0,3.6,3.5788888888888892,3.6,3.6
2019-12-11,3.6,0.0,0.0,3.6,3.5800000000000005,3.6,3.6
2019-12-12,3.6,0.0,0.0,3.6,3.5811111111111114,3.6,3.6
2019-12-13,3.6,0.0,0.0,3.6,3.5822222222222226,3.6,3.6
2019-12-14,3.6,0.0,0.0,3.6,3.5833333333333335,3.6,3.6
2019-12-15,3.6,0.0,0.0,3.6,3.5844444444444448,3.6,3.6
2019-12-16,3.6,0.0,0.0,3.6,3.585555555555556,3.6,3.6
2019-12-17,3.6,0.0,0.0,3.6,3.586666666666667,3.6,3.6
2019-12-18,3.6,0.0,0.0,3.6,3.587777777777778,3.6,3.6
2019-12-19,3.6,0.0,0.0,3.6,3.588888888888889,3.6,3.6
2019-12-20,3.6,0.0,0.0,3.6,3.5900000000000003,3.6,3.6
2019-12-21,3.6,0.0,0.0,3.6,3.5911111111111116,3.6,3.6
2019-12-22,3.6,0.0,0.0,3.6,3.5922222222222224,3.6,3.6
2019-12-23,3.6,0.0,0.0,3.6,3.5933333333333337,3.6,3.6
2019-12-24,3.6,0.0,0.0,3.6,3.5944444444444446,3.6,3.6
2019-12-25,3.6,0.0,0.0,3.6,3.595555555555556,3.6,3.6
2019-12-26,3.6,0.0,0.0,3.6,3.596666666666667,3.6,3.6
2019-12-27,3.6,0.0,0.0,3.6,3.597777777777778,3.6,3.6
2019-12-28,3.6,0.0,0.0,3.6,3.5988888888888892,3.6,3.6
2019-12-29,3.6,0.0,0.0,3.6,3.6,3.6,3.6
2019-12-30,3.6,0.0,0.0,3.6,3.6,3.6,3.6
2019-12-31,3.6,0.0,0.0,3.6,3.6,3.6,3.6
2020-01-01,3.6,0.0,0.0,3.6,3.6,3.6,3.6
2020-01-02,3.6,0.0,0.0,3.6,3.6,3.6,3.6
2020-01-03,3.6,0.0,0.0,3.6,3.6,3.6,3.6
2020-01-04,3.6,0.0,0.0,3.6,3.6,3.6,3.6
2020-01-05,3.6,0.0,0.0,3.6,3.6,3.6,3.6
2020-01-06,3.6,0.0,0.0,3.6,3.6,3.6,3.6
2020-01-07,3.6,0.0,0.0,3.6,3.6,3.6,3.6
2020-01-08,3.6,0.0,0.0,3.6,3.6,3.6,3.6
2020-01-09,3.6,0.0,0.0,3.6,3.6,3.6,3.6
2020-01-10,3.6,0.0,0.0,3.6,3.6,3.6,3.6
2020-01-11,3.6,0.0,0.0,3.6,3.6,3.6,3.6
2020-01-12,3.6,0.0,0.0,3.6,3.6,3.6,3.6
2020-01-13,3.6,0.0,0.0,3.6,3.6,3.6,3.6
2020-01-14,3.6,0.0,0.0,3.6,3.6,3.6,3.6
2020-01-15,3.6,0.0,0.0,3.6,3.6,3.6,3.6
2020-01-16,3.6,0.0,0.0,3.6,3.6,3.6,3.6
2020-01-17,3.6,0.0,0.0,3.6,3.6,3.6,3.6
2020-01-18,3.6,0.0,0.0,3.6,3.6,3.6,3.6
2020-01-19,3.6,0.0,0.0,3.6,3.6,3.6,3.6
2020-01-20,3.6,0.0,0.0,3.6,3.6,3.6,3.6
2020-01-21,3.6,0.0,0.0,3.6,3.6,3.6,3.6
2020-01-22,3.6,0.0,0.0,3.6,3.6,3.6,3.6
2020-01-23,3.6,0.0,0.0,3.6,3.6,3.6,3.6
2020-01-24,3.6,0.0,0.0,3.6,3.6,3.6,3.6
2020-01-25,3.6,0.0,0.0,3.6,3.6,3.6,3.6
2020-01-26,3.6,0.0,0.0,3.6,3.6,3.6,3.6
2020-01-27,3.6,0.0,0.0,3.6,3.6,3.6,3.6
2020-01-28,3.6,0.0,0.0,3.6,3.6,3.6,3.6
2020-01-29,3.6,0.0,0.0,3.6,3.6,3.6,3.6
2020-01-30,3.6,0.0,0.0,3.6,3.6,3.6,3.6
2020-01-31,3.6,0.0,0.0,3.6,3.6,3.6,3.6
2020-02-01,3.5,-0.10000000000000009,-0.02777777777777779,3.5966666666666667,3.598888888888889,3.6,3.6
2020-02-02,3.5,0.0,0.0,3.5933333333333333,3.597777777777778,3.6,3.6
2020-02-03,3.5,0.0,0.0,3.5900000000000003,3.5966666666666667,3.6,3.6
2020-02-04,3.5,0.0,0.0,3.5866666666666664,3.5955555555555554,3.6,3.6
2020-02-05,3.5,0.0,0.0,3.5833333333333335,3.5944444444444446,3.6,3.6
2020-02-06,3.5,0.0,0.0,3.58,3.5933333333333333,3.6,3.6
2020-02-07,3.5,0.0,0.0,3.5766666666666667,3.5922222222222224,3.6,3.6
2020-02-08,3.5,0.0,0.0,3.5733333333333333,3.591111111111111,3.5,3.6
2020-02-09,3.5,0.0,0.0,3.57,3.5899999999999994,3.5,3.6
2020-02-10,3.5,0.0,0.0,3.566666666666667,3.588888888888889,3.5,3.6
2020-02-11,3.5,0.0,0.0,3.5633333333333335,3.5877777777777777,3.5,3.6
2020-02-12,3.5,0.0,0.0,3.56,3.586666666666667,3.5,3.6
2020-02-13,3.5,0.0,0.0,3.5566666666666666,3.5855555555555556,3.5,3.6
2020-02-14,3.5,0.0,0.0,3.5533333333333332,3.584444444444444,3.5,3.6
2020-02-15,3.5,0.0,0.0,3.55,3.5833333333333335,3.5,3.6
2020-02-16,3.5,0.0,0.0,3.5466666666666664,3.5822222222222218,3.5,3.6
2020-02-17,3.5,0.0,0.0,3.5433333333333334,3.5811111111111114,3.5,3.6
2020-02-18,3.5,0.0,0.0,3.54,3.58,3.5,3.6
2020-02-19,3.5,0.0,0.0,3.5366666666666666,3.5788888888888883,3.5,3.6
2020-02-20,3.5,0.0,0.0,3.533333333333333,3.577777777777778,3.5,3.6
2020-02-21,3.5,0.0,0.0,3.53,3.576666666666666,3.5,3.6
2020-02-22,3.5,0.0,0.0,3.5266666666666664,3.575555555555556,3.5,3.6
2020-02-23,3.5,0.0,0.0,3.5233333333333334,3.5744444444444445,3.5,3.6
2020-02-24,3.5,0.0,0.0,3.52,3.573333333333333,3.5,3.6
2020-02-25,3.5,0.0,0.0,3.5166666666666666,3.5722222222222224,3.5,3.6
2020-02-26,3.5,0.0,0.0,3.513333333333333,3.5711111111111107,3.5,3.6
2020-02-27,3.5,0.0,0.0,3.51,3.5700000000000003,3.5,3.6
2020-02-28,3.5,0.0,0.0,3.506666666666667,3.5688888888888886,3.5,3.6
2020-02-29,3.5,0.0,0.0,3.503333333333333,3.5677777777777773,3.5,3.6
2020-03-01,4.4,0.9000000000000004,0.25714285714285734,3.5300000000000002,3.576666666666667,3.5,3.6
2020-03-02,4.4,0.0,0.0,3.5600000000000005,3.5855555555555556,3.5,3.5
2020-03-03,4.4,0.0,0.0,3.5900000000000003,3.594444444444445,3.5,3.5
2020-03-04,4.4,0.0,0.0,3.62,3.6033333333333335,3.5,3.5
2020-03-05,4.4,0.0,0.0,3.65,3.612222222222222,3.5,3.5
2020-03-06,4.4,0.0,0.0,3.68,3.6211111111111114,3.5,3.5
2020-03-07,4.4,0.0,0.0,3.7100000000000004,3.63,3.5,3.5
2020-03-08,4.4,0.0,0.0,3.74,3.6388888888888897,4.4,3.5
2020-03-09,4.4,0.0,0.0,3.7700000000000005,3.647777777777778,4.4,3.5
2020-03-10,4.4,0.0,0.0,3.8,3.6566666666666663,4.4,3.5
2020-03-11,4.4,0.0,0.0,3.83,3.665555555555556,4.4,3.5
2020-03-12,4.4,0.0,0.0,3.8600000000000003,3.674444444444444,4.4,3.5
2020-03-13,4.4,0.0,0.0,3.89,3.683333333333334,4.4,3.5
2020-03-14,4.4,0.0,0.0,3.9200000000000004,3.6922222222222225,4.4,3.5
2020-03-15,4.4,0.0,0.0,3.9500000000000006,3.7011111111111106,4.4,3.5
2020-03-16,4.4,0.0,0.0,3.98,3.7100000000000004,4.4,3.5
2020-03-17,4.4,0.0,0.0,4.010000000000001,3.718888888888889,4.4,3.5
2020-03-18,4.4,0.0,0.0,4.040000000000001,3.7277777777777783,4.4,3.5
2020-03-19,4.4,0.0,0.0,4.07,3.736666666666667,4.4,3.5
2020-03-20,4.4,0.0,0.0,4.1000000000000005,3.7455555555555553,4.4,3.5
2020-03-21,4.4,0.0,0.0,4.13,3.7544444444444447,4.4,3.5
2020-03-22,4.4,0.0,0.0,4.16,3.763333333333333,4.4,3.5
2020-03-23,4.4,0.0,0.0,4.19,3.772222222222223,4.4,3.5
2020-03-24,4.4,0.0,0.0,4.220000000000001,3.781111111111111,4.4,3.5
2020-03-25,4.4,0.0,0.0,4.250000000000001,3.7899999999999996,4.4,3.5
2020-03-26,4.4,0.0,0.0,4.28,3.7988888888888894,4.4,3.5
2020-03-27,4.4,0.0,0.0,4.3100000000000005,3.8077777777777775,4.4,3.5
2020-03-28,4.4,0.0,0.0,4.340000000000001,3.8166666666666673,4.4,3.5
2020-03-29,4.4,0.0,0.0,4.370000000000001,3.825555555555556,4.4,3.5
2020-03-30,4.4,0.0,0.0,4.4,3.834444444444444,4.4,3.5
2020-03-31,4.4,0.0,0.0,4.4,3.8433333333333337,4.4,4.4
2020-04-01,14.8,10.4,2.3636363636363633,4.746666666666667,3.967777777777778,4.4,4.4
2020-04-02,14.8,0.0,0.0,5.093333333333334,4.092222222222223,4.4,4.4
2020-04-03,14.8,0.0,0.0,5.44,4.216666666666667,4.4,4.4
2020-04-04,14.8,0.0,0.0,5.786666666666667,4.341111111111111,4.4,4.4
2020-04-05,14.8,0.0,0.0,6.133333333333334,4.4655555555555555,4.4,4.4
2020-04-06,14.8,0.0,0.0,6.48,4.59,4.4,4.4
2020-04-07,14.8,0.0,0.0,6.826666666666667,4.714444444444445,4.4,4.4
2020-04-08,14.8,0.0,0.0,7.173333333333334,4.838888888888889,14.8,4.4
2020-04-09,14.8,0.0,0.0,7.5200000000000005,4.963333333333333,14.8,4.4
2020-04-10,14.8,0.0,0.0,7.866666666666668,5.087777777777778,14.8,4.4
2020-04-11,14.8,0.0,0.0,8.213333333333333,5.2122222222222225,14.8,4.4
2020-04-12,14.8,0.0,0.0,8.56,5.336666666666668,14.8,4.4
2020-04-13,14.8,0.0,0.0,8.906666666666668,5.461111111111111,14.8,4.4
2020-04-14,14.8,0.0,0.0,9.253333333333334,5.585555555555556,14.8,4.4
2020-04-15,14.8,0.0,0.0,9.6,5.710000000000001,14.8,4.4
2020-04-16,14.8,0.0,0.0,9.946666666666667,5.834444444444444,14.8,4.4
2020-04-17,14.8,0.0,0.0,10.293333333333333,5.958888888888889,14.8,4.4
2020-04-18,14.8,0.0,0.0,10.640000000000002,6.083333333333333,14.8,4.4
2020-04-19,14.8,0.0,0.0,10.986666666666668,6.207777777777778,14.8,4.4
2020-04-20,14.8,0.0,0.0,11.333333333333334,6.3322222222222235,14.8,4.4
2020-04-21,14.8,0.0,0.0,11.680000000000001,6.456666666666667,14.8,4.4
2020-04-22,14.8,0.0,0.0,12.026666666666667,6.5811111111111105,14.8,4.4
2020-04-23,14.8,0.0,0.0,12.373333333333335,6.705555555555556,14.8,4.4
2020-04-24,14.8,0.0,0.0,12.72,6.83,14.8,4.4
2020-04-25,14.8,0.0,0.0,13.066666666666666,6.954444444444445,14.8,4.4
2020-04-26,14.8,0.0,0.0,13.413333333333332,7.078888888888889,14.8,4.4
2020-04-27,14.8,0.0,0.0,13.76,7.203333333333333,14.8,4.4
2020-04-28,14.8,0.0,0.0,14.106666666666667,7.3277777777777775,14.8,4.4
2020-04-29,14.8,0.0,0.0,14.453333333333335,7.452222222222223,14.8,4.4
2020-04-30,14.8,0.0,0.0,14.8,7.576666666666668,14.8,4.4
2020-05-01,13.2,-1.6000000000000014,-0.10810810810810823,14.746666666666668,7.684444444444445,14.8,14.8
2020-05-02,13.2,0.0,0.0,14.693333333333333,7.792222222222223,14.8,14.8
2020-05-03,13.2,0.0,0.0,14.639999999999999,7.9,14.8,14.8
2020-05-04,13.2,0.0,0.0,14.586666666666668,8.007777777777779,14.8,14.8
2020-05-05,13.2,0.0,0.0,14.533333333333333,8.115555555555556,14.8,14.8
2020-05-06,13.2,0.0,0.0,14.48,8.223333333333333,14.8,14.8
2020-05-07,13.2,0.0,0.0,14.426666666666668,8.331111111111111,14.8,14.8
2020-05-08,13.2,0.0,0.0,14.373333333333333,8.438888888888888,13.2,14.8
2020-05-09,13.2,0.0,0.0,14.32,8.546666666666667,13.2,14.8
2020-05-10,13.2,0.0,0.0,14.266666666666667,8.654444444444445,13.2,14.8
2020-05-11,13.2,0.0,0.0,14.213333333333335,8.762222222222222,13.2,14.8
2020-05-12,13.2,0.0,0.0,14.16,8.870000000000001,13.2,14.8
2020-05-13,13.2,0.0,0.0,14.106666666666666,8.977777777777778,13.2,14.8
2020-05-14,13.2,0.0,0.0,14.053333333333333,9.085555555555556,13.2,14.8
2020-05-15,13.2,0.0,0.0,14.0,9.193333333333335,13.2,14.8
2020-05-16,13.2,0.0,0.0,13.946666666666667,9.301111111111112,13.2,14.8
2020-05-17,13.2,0.0,0.0,13.893333333333334,9.408888888888889,13.2,14.8
2020-05-18,13.2,0.0,0.0,13.84,9.516666666666667,13.2,14.8
2020-05-19,13.2,0.0,0.0,13.786666666666665,9.624444444444444,13.2,14.8
2020-05-20,13.2,0.0,0.0,13.733333333333333,9.732222222222223,13.2,14.8
2020-05-21,13.2,0.0,0.0,13.68,9.84,13.2,14.8
2020-05-22,13.2,0.0,0.0,13.626666666666667,9.947777777777778,13.2,14.8
2020-05-23,13.2,0.0,0.0,13.573333333333332,10.055555555555555,13.2,14.8
2020-05-24,13.2,0.0,0.0,13.52,10.163333333333334,13.2,14.8
2020-05-25,13.2,0.0,0.0,13.466666666666667,10.27111111111111,13.2,14.8
2020-05-26,13.2,0.0,0.0,13.413333333333332,10.37888888888889,13.2,14.8
2020-05-27,13.2,0.0,0.0,13.360000000000001,10.486666666666668,13.2,14.8
2020-05-28,13.2,0.0,0.0,13.306666666666667,10.594444444444445,13.2,14.8
2020-05-29,13.2,0.0,0.0,13.253333333333332,10.702222222222222,13.2,14.8
2020-05-30,13.2,0.0,0.0,13.2,10.8,13.2,14.8
2020-05-31,13.2,0.0,0.0,13.2,10.897777777777778,13.2,13.2
2020-06-01,11.0,-2.1999999999999993,-0.16666666666666663,13.126666666666665,10.97111111111111,13.2,13.2
2020-06-02,11.0,0.0,0.0,13.053333333333333,11.044444444444444,13.2,13.2
2020-06-03,11.0,0.0,0.0,12.979999999999999,11.117777777777778,13.2,13.2
2020-06-04,11.0,0.0,0.0,12.906666666666666,11.19111111111111,13.2,13.2
2020-06-05,11.0,0.0,0.0,12.833333333333332,11.264444444444443,13.2,13.2
2020-06-06,11.0,0.0,0.0,12.759999999999998,11.337777777777777,13.2,13.2
2020-06-07,11.0,0.0,0.0,12.686666666666666,11.411111111111111,13.2,13.2
2020-06-08,11.0,0.0,0.0,12.613333333333333,11.484444444444446,11.0,13.2
2020-06-09,11.0,0.0,0.0,12.54,11.557777777777778,11.0,13.2
2020-06-10,11.0,0.0,0.0,12.466666666666665,11.631111111111114,11.0,13.2
2020-06-11,11.0,0.0,0.0,12.393333333333333,11.704444444444446,11.0,13.2
2020-06-12,11.0,0.0,0.0,12.319999999999999,11.77777777777778,11.0,13.2
2020-06-13,11.0,0.0,0.0,12.246666666666666,11.851111111111113,11.0,13.2
2020-06-14,11.0,0.0,0.0,12.173333333333334,11.924444444444445,11.0,13.2
2020-06-15,11.0,0.0,0.0,12.099999999999998,11.99777777777778,11.0,13.2
2020-06-16,11.0,0.0,0.0,12.026666666666666,12.071111111111112,11.0,13.2
2020-06-17,11.0,0.0,0.0,11.953333333333331,12.144444444444444,11.0,13.2
2020-06-18,11.0,0.0,0.0,11.879999999999999,12.21777777777778,11.0,13.2
2020-06-19,11.0,0.0,0.0,11.806666666666667,12.291111111111112,11.0,13.2
2020-06-20,11.0,0.0,0.0,11.733333333333333,12.364444444444446,11.0,13.2
2020-06-21,11.0,0.0,0.0,11.659999999999998,12.437777777777779,11.0,13.2
2020-06-22,11.0,0.0,0.0,11.586666666666666,12.511111111111111,11.0,13.2
2020-06-23,11.0,0.0,0.0,11.513333333333332,12.584444444444445,11.0,13.2
2020-06-24,11.0,0.0,0.0,11.44,12.657777777777778,11.0,13.2
2020-06-25,11.0,0.0,0.0,11.366666666666667,12.731111111111113,11.0,13.2
2020-06-26,11.0,0.0,0.0,11.293333333333331,12.804444444444446,11.0,13.2
2020-06-27,11.0,0.0,0.0,11.219999999999999,12.877777777777778,11.0,13.2
2020-06-28,11.0,0.0,0.0,11.146666666666667,12.951111111111112,11.0,13.2
2020-06-29,11.0,0.0,0.0,11.073333333333332,13.024444444444445,11.0,13.2
2020-06-30,11.0,0.0,0.0,11.0,12.982222222222223,11.0,13.2
2020-07-01,10.2,-0.8000000000000007,-0.07272727272727275,10.973333333333334,12.931111111111111,11.0,11.0
2020-07-02,10.2,0.0,0.0,10.946666666666667,12.88,11.0,11.0
2020-07-03,10.2,0.0,0.0,10.92,12.828888888888887,11.0,11.0
2020-07-04,10.2,0.0,0.0,10.893333333333334,12.777777777777779,11.0,11.0
2020-07-05,10.2,0.0,0.0,10.866666666666667,12.726666666666668,11.0,11.0
2020-07-06,10.2,0.0,0.0,10.84,12.675555555555555,11.0,11.0
2020-07-07,10.2,0.0,0.0,10.813333333333334,12.624444444444444,11.0,11.0
2020-07-08,10.2,0.0,0.0,10.786666666666667,12.573333333333332,10.2,11.0
2020-07-09,10.2,0.0,0.0,10.76,12.522222222222222,10.2,11.0
2020-07-10,10.2,0.0,0.0,10.733333333333333,12.47111111111111,10.2,11.0
2020-07-11,10.2,0.0,0.0,10.706666666666667,12.42,10.2,11.0
2020-07-12,10.2,0.0,0.0,10.680000000000001,12.36888888888889,10.2,11.0
2020-07-13,10.2,0.0,0.0,10.653333333333334,12.317777777777776,10.2,11.0
2020-07-14,10.2,0.0,0.0,10.626666666666667,12.266666666666667,10.2,11.0
2020-07-15,10.2,0.0,0.0,10.6,12.215555555555554,10.2,11.0
2020-07-16,10.2,0.0,0.0,10.573333333333332,12.164444444444444,10.2,11.0
2020-07-17,10.2,0.0,0.0,10.546666666666669,12.113333333333333,10.2,11.0
2020-07-18,10.2,0.0,0.0,10.520000000000001,12.062222222222221,10.2,11.0
2020-07-19,10.2,0.0,0.0,10.493333333333334,12.011111111111111,10.2,11.0
2020-07-20,10.2,0.0,0.0,10.466666666666667,11.959999999999999,10.2,11.0
2020-07-21,10.2,0.0,0.0,10.44,11.908888888888889,10.2,11.0
2020-07-22,10.2,0.0,0.0,10.413333333333332,11.857777777777779,10.2,11.0
2020-07-23,10.2,0.0,0.0,10.386666666666667,11.806666666666665,10.2,11.0
2020-07-24,10.2,0.0,0.0,10.360000000000001,11.755555555555556,10.2,11.0
2020-07-25,10.2,0.0,0.0,10.333333333333334,11.704444444444443,10.2,11.0
2020-07-26,10.2,0.0,0.0,10.306666666666667,11.653333333333332,10.2,11.0
2020-07-27,10.2,0.0,0.0,10.28,11.602222222222222,10.2,11.0
2020-07-28,10.2,0.0,0.0,10.253333333333334,11.55111111111111,10.2,11.0
2020-07-29,10.2,0.0,0.0,10.226666666666667,11.5,10.2,11.0
2020-07-30,10.2,0.0,0.0,10.2,11.466666666666667,10.2,11.0
2020-07-31,10.2,0.0,0.0,10.2,11.433333333333334,10.2,10.2
2020-08-01,8.4,-1.799999999999999,-0.17647058823529405,10.139999999999999,11.38,10.2,10.2
2020-08-02,8.4,0.0,0.0,10.08,11.326666666666666,10.2,10.2
2020-08-03,8.4,0.0,0.0,10.02,11.273333333333332,10.2,10.2
2020-08-04,8.4,0.0,0.0,9.96,11.219999999999999,10.2,10.2
2020-08-05,8.4,0.0,0.0,9.9,11.166666666666666,10.2,10.2
2020-08-06,8.4,0.0,0.0,9.84,11.113333333333333,10.2,10.2
2020-08-07,8.4,0.0,0.0,9.78,11.06,10.2,10.2
2020-08-08,8.4,0.0,0.0,9.719999999999999,11.006666666666666,8.4,10.2
2020-08-09,8.4,0.0,0.0,9.66,10.953333333333333,8.4,10.2
2020-08-10,8.4,0.0,0.0,9.6,10.899999999999999,8.4,10.2
2020-08-11,8.4,0.0,0.0,9.54,10.846666666666668,8.4,10.2
2020-08-12,8.4,0.0,0.0,9.479999999999999,10.793333333333333,8.4,10.2
2020-08-13,8.4,0.0,0.0,9.419999999999998,10.739999999999998,8.4,10.2
2020-08-14,8.4,0.0,0.0,9.360000000000001,10.686666666666666,8.4,10.2
2020-08-15,8.4,0.0,0.0,9.3,10.633333333333333,8.4,10.2
2020-08-16,8.4,0.0,0.0,9.24,10.58,8.4,10.2
2020-08-17,8.4,0.0,0.0,9.18,10.526666666666667,8.4,10.2
2020-08-18,8.4,0.0,0.0,9.12,10.473333333333333,8.4,10.2
2020-08-19,8.4,0.0,0.0,9.06,10.42,8.4,10.2
2020-08-20,8.4,0.0,0.0,9.0,10.366666666666667,8.4,10.2
2020-08-21,8.4,0.0,0.0,8.940000000000001,10.313333333333334,8.4,10.2
2020-08-22,8.4,0.0,0.0,8.879999999999999,10.26,8.4,10.2
2020-08-23,8.4,0.0,0.0,8.82,10.206666666666667,8.4,10.2
2020-08-24,8.4,0.0,0.0,8.76,10.153333333333332,8.4,10.2
2020-08-25,8.4,0.0,0.0,8.7,10.1,8.4,10.2
2020-08-26,8.4,0.0,0.0,8.639999999999999,10.046666666666667,8.4,10.2
2020-08-27,8.4,0.0,0.0,8.580000000000002,9.993333333333332,8.4,10.2
2020-08-28,8.4,0.0,0.0,8.52,9.94,8.4,10.2
2020-08-29,8.4,0.0,0.0,8.46,9.886666666666667,8.4,10.2
2020-08-30,8.4,0.0,0.0,8.4,9.857777777777779,8.4,10.2
2020-08-31,8.4,0.0,0.0,8.4,9.828888888888889,8.4,8.4
2020-09-01,7.8,-0.6000000000000005,-0.07142857142857151,8.38,9.793333333333333,8.4,8.4
2020-09-02,7.8,0.0,0.0,8.360000000000001,9.757777777777779,8.4,8.4
2020-09-03,7.8,0.0,0.0,8.34,9.722222222222221,8.4,8.4
2020-09-04,7.8,0.0,0.0,8.32,9.686666666666666,8.4,8.4
2020-09-05,7.8,0.0,0.0,8.3,9.651111111111112,8.4,8.4
2020-09-06,7.8,0.0,0.0,8.28,9.615555555555556,8.4,8.4
2020-09-07,7.8,0.0,0.0,8.26,9.58,8.4,8.4
2020-09-08,7.8,0.0,0.0,8.24,9.544444444444444,7.8,8.4
2020-09-09,7.8,0.0,0.0,8.22,9.508888888888889,7.8,8.4
2020-09-10,7.8,0.0,0.0,8.2,9.473333333333333,7.8,8.4
2020-09-11,7.8,0.0,0.0,8.18,9.437777777777777,7.8,8.4
2020-09-12,7.8,0.0,0.0,8.16,9.402222222222223,7.8,8.4
2020-09-13,7.8,0.0,0.0,8.139999999999999,9.366666666666667,7.8,8.4
2020-09-14,7.8,0.0,0.0,8.120000000000001,9.331111111111111,7.8,8.4
2020-09-15,7.8,0.0,0.0,8.1,9.295555555555556,7.8,8.4
2020-09-16,7.8,0.0,0.0,8.08,9.26,7.8,8.4
2020-09-17,7.8,0.0,0.0,8.06,9.224444444444446,7.8,8.4
2020-09-18,7.8,0.0,0.0,8.04,9.188888888888888,7.8,8.4
2020-09-19,7.8,0.0,0.0,8.02,9.153333333333332,7.8,8.4
2020-09-20,7.8,0.0,0.0,8.0,9.117777777777778,7.8,8.4
2020-09-21,7.8,0.0,0.0,7.98,9.082222222222223,7.8,8.4
2020-09-22,7.8,0.0,0.0,7.96,9.046666666666667,7.8,8.4
2020-09-23,7.8,0.0,0.0,7.9399999999999995,9.011111111111111,7.8,8.4
2020-09-24,7.8,0.0,0.0,7.92,8.975555555555555,7.8,8.4
2020-09-25,7.8,0.0,0.0,7.9,8.94,7.8,8.4
2020-09-26,7.8,0.0,0.0,7.88,8.904444444444444,7.8,8.4
2020-09-27,7.8,0.0,0.0,7.86,8.868888888888888,7.8,8.4
2020-09-28,7.8,0.0,0.0,7.84,8.833333333333334,7.8,8.4
2020-09-29,7.8,0.0,0.0,7.819999999999999,8.806666666666665,7.8,8.4
2020-09-30,7.8,0.0,0.0,7.8,8.780000000000001,7.8,8.4
2020-10-01,6.9,-0.8999999999999995,-0.11538461538461531,7.77,8.743333333333332,7.8,7.8
2020-10-02,6.9,0.0,0.0,7.739999999999999,8.706666666666667,7.8,7.8
2020-10-03,6.9,0.0,0.0,7.71,8.67,7.8,7.8
2020-10-04,6.9,0.0,0.0,7.680000000000001,8.633333333333333,7.8,7.8
2020-10-05,6.9,0.0,0.0,7.65,8.596666666666668,7.8,7.8
2020-10-06,6.9,0.0,0.0,7.62,8.56,7.8,7.8
2020-10-07,6.9,0.0,0.0,7.59,8.523333333333333,7.8,7.8
2020-10-08,6.9,0.0,0.0,7.5600000000000005,8.486666666666666,6.9,7.8
2020-10-09,6.9,0.0,0.0,7.53,8.45,6.9,7.8
2020-10-10,6.9,0.0,0.0,7.5,8.413333333333334,6.9,7.8
2020-10-11,6.9,0.0,0.0,7.47,8.376666666666667,6.9,7.8
2020-10-12,6.9,0.0,0.0,7.4399999999999995,8.34,6.9,7.8
2020-10-13,6.9,0.0,0.0,7.41,8.303333333333333,6.9,7.8
2020-10-14,6.9,0.0,0.0,7.38,8.266666666666667,6.9,7.8
2020-10-15,6.9,0.0,0.0,7.35,8.23,6.9,7.8
2020-10-16,6.9,0.0,0.0,7.319999999999999,8.193333333333333,6.9,7.8
2020-10-17,6.9,0.0,0.0,7.29,8.156666666666666,6.9,7.8
2020-10-18,6.9,0.0,0.0,7.260000000000001,8.12,6.9,7.8
2020-10-19,6.9,0.0,0.0,7.23,8.083333333333334,6.9,7.8
2020-10-20,6.9,0.0,0.0,7.200000000000001,8.046666666666667,6.9,7.8
2020-10-21,6.9,0.0,0.0,7.17,8.01,6.9,7.8
2020-10-22,6.9,0.0,0.0,7.14,7.973333333333334,6.9,7.8
2020-10-23,6.9,0.0,0.0,7.11,7.9366666666666665,6.9,7.8
2020-10-24,6.9,0.0,0.0,7.08,7.900000000000001,6.9,7.8
2020-10-25,6.9,0.0,0.0,7.050000000000001,7.863333333333334,6.9,7.8
2020-10-26,6.9,0.0,0.0,7.02,7.826666666666666,6.9,7.8
2020-10-27,6.9,0.0,0.0,6.989999999999999,7.79,6.9,7.8
2020-10-28,6.9,0.0,0.0,6.96,7.753333333333333,6.9,7.8
2020-10-29,6.9,0.0,0.0,6.930000000000001,7.716666666666668,6.9,7.8
2020-10-30,6.9,0.0,0.0,6.9,7.7,6.9,7.8
2020-10-31,6.9,0.0,0.0,6.9,7.683333333333334,6.9,6.9
2020-11-01,6.7,-0.20000000000000018,-0.02898550724637683,6.8933333333333335,7.664444444444445,6.9,6.9
2020-11-02,6.7,0.0,0.0,6.886666666666667,7.645555555555556,6.9,6.9
2020-11-03,6.7,0.0,0.0,6.88,7.626666666666668,6.9,6.9
2020-11-04,6.7,0.0,0.0,6.873333333333334,7.607777777777777,6.9,6.9
2020-11-05,6.7,0.0,0.0,6.866666666666668,7.588888888888889,6.9,6.9
2020-11-06,6.7,0.0,0.0,6.86,7.570000000000001,6.9,6.9
2020-11-07,6.7,0.0,0.0,6.8533333333333335,7.551111111111111,6.9,6.9
2020-11-08,6.7,0.0,0.0,6.846666666666667,7.532222222222223,6.7,6.9
2020-11-09,6.7,0.0,0.0,6.840000000000001,7.513333333333333,6.7,6.9
2020-11-10,6.7,0.0,0.0,6.833333333333334,7.4944444444444445,6.7,6.9
2020-11-11,6.7,0.0,0.0,6.826666666666667,7.475555555555556,6.7,6.9
2020-11-12,6.7,0.0,0.0,6.819999999999999,7.456666666666667,6.7,6.9
2020-11-13,6.7,0.0,0.0,6.8133333333333335,7.437777777777779,6.7,6.9
2020-11-14,6.7,0.0,0.0,6.806666666666667,7.418888888888888,6.7,6.9
2020-11-15,6.7,0.0,0.0,6.800000000000001,7.4,6.7,6.9
2020-11-16,6.7,0.0,0.0,6.793333333333334,7.381111111111112,6.7,6.9
2020-11-17,6.7,0.0,0.0,6.786666666666666,7.362222222222223,6.7,6.9
2020-11-18,6.7,0.0,0.0,6.78,7.343333333333335,6.7,6.9
2020-11-19,6.7,0.0,0.0,6.7733333333333325,7.324444444444444,6.7,6.9
2020-11-20,6.7,0.0,0.0,6.7666666666666675,7.305555555555555,6.7,6.9
2020-11-21,6.7,0.0,0.0,6.760000000000001,7.286666666666667,6.7,6.9
2020-11-22,6.7,0.0,0.0,6.753333333333333,7.267777777777778,6.7,6.9
2020-11-23,6.7,0.0,0.0,6.746666666666667,7.248888888888889,6.7,6.9
2020-11-24,6.7,0.0,0.0,6.739999999999999,7.2299999999999995,6.7,6.9
2020-11-25,6.7,0.0,0.0,6.733333333333334,7.211111111111111,6.7,6.9
2020-11-26,6.7,0.0,0.0,6.7266666666666675,7.192222222222223,6.7,6.9
2020-11-27,6.7,0.0,0.0,6.72,7.173333333333334,6.7,6.9
2020-11-28,6.7,0.0,0.0,6.713333333333334,7.154444444444445,6.7,6.9
2020-11-29,6.7,0.0,0.0,6.706666666666666,7.1355555555555545,6.7,6.9
2020-11-30,6.7,0.0,0.0,6.7,7.123333333333334,6.7,6.9
2020-12-01,6.7,0.0,0.0,6.7,7.111111111111111,6.7,6.7
2020-12-02,6.7,0.0,0.0,6.7,7.098888888888888,6.7,6.7
2020-12-03,6.7,0.0,0.0,6.7,7.086666666666668,6.7,6.7
2020-12-04,6.7,0.0,0.0,6.7,7.074444444444444,6.7,6.7
2020-12-05,6.7,0.0,0.0,6.7,7.062222222222222,6.7,6.7
2020-12-06,6.7,0.0,0.0,6.7,7.05,6.7,6.7
2020-12-07,6.7,0.0,0.0,6.7,7.0377777777777775,6.7,6.7
2020-12-08,6.7,0.0,0.0,6.7,7.025555555555556,6.7,6.7
2020-12-09,6.7,0.0,0.0,6.7,7.013333333333333,6.7,6.7
2020-12-10,6.7,0.0,0.0,6.7,7.001111111111111,6.7,6.7
2020-12-11,6.7,0.0,0.0,6.7,6.988888888888889,6.7,6.7
2020-12-12,6.7,0.0,0.0,6.7,6.976666666666667,6.7,6.7
2020-12-13,6.7,0.0,0.0,6.7,6.964444444444445,6.7,6.7
2020-12-14,6.7,0.0,0.0,6.7,6.952222222222222,6.7,6.7
2020-12-15,6.7,0.0,0.0,6.7,6.94,6.7,6.7
2020-12-16,6.7,0.0,0.0,6.7,6.927777777777778,6.7,6.7
2020-12-17,6.7,0.0,0.0,6.7,6.915555555555556,6.7,6.7
2020-12-18,6.7,0.0,0.0,6.7,6.903333333333334,6.7,6.7
2020-12-19,6.7,0.0,0.0,6.7,6.89111111111111,6.7,6.7
2020-12-20,6.7,0.0,0.0,6.7,6.8788888888888895,6.7,6.7
2020-12-21,6.7,0.0,0.0,6.7,6.866666666666666,6.7,6.7
2020-12-22,6.7,0.0,0.0,6.7,6.854444444444444,6.7,6.7
2020-12-23,6.7,0.0,0.0,6.7,6.842222222222223,6.7,6.7
2020-12-24,6.7,0.0,0.0,6.7,6.829999999999999,6.7,6.7
2020-12-25,6.7,0.0,0.0,6.7,6.817777777777778,6.7,6.7
2020-12-26,6.7,0.0,0.0,6.7,6.805555555555557,6.7,6.7
2020-12-27,6.7,0.0,0.0,6.7,6.793333333333333,6.7,6.7
2020-12-28,6.7,0.0,0.0,6.7,6.7811111111111115,6.7,6.7
2020-12-29,6.7,0.0,0.0,6.7,6.768888888888888,6.7,6.7
2020-12-30,6.7,0.0,0.0,6.7,6.766666666666667,6.7,6.7
2020-12-31,6.7,0.0,0.0,6.7,6.764444444444445,6.7,6.7
2021-01-01,6.4,-0.2999999999999998,-0.04477611940298509,6.69,6.758888888888889,6.7,6.7
2021-01-02,6.4,0.0,0.0,6.680000000000001,6.753333333333334,6.7,6.7
2021-01-03,6.4,0.0,0.0,6.670000000000001,6.747777777777777,6.7,6.7
2021-01-04,6.4,0.0,0.0,6.66,6.742222222222222,6.7,6.7
2021-01-05,6.4,0.0,0.0,6.65,6.736666666666667,6.7,6.7
2021-01-06,6.4,0.0,0.0,6.64,6.731111111111112,6.7,6.7
2021-01-07,6.4,0.0,0.0,6.63,6.725555555555555,6.7,6.7
2021-01-08,6.4,0.0,0.0,6.620000000000001,6.72,6.4,6.7
2021-01-09,6.4,0.0,0.0,6.61,6.714444444444445,6.4,6.7
2021-01-10,6.4,0.0,0.0,6.6,6.70888888888889,6.4,6.7
2021-01-11,6.4,0.0,0.0,6.59,6.703333333333334,6.4,6.7
2021-01-12,6.4,0.0,0.0,6.58,6.697777777777778,6.4,6.7
2021-01-13,6.4,0.0,0.0,6.570000000000001,6.692222222222222,6.4,6.7
2021-01-14,6.4,0.0,0.0,6.5600000000000005,6.686666666666667,6.4,6.7
2021-01-15,6.4,0.0,0.0,6.55,6.681111111111112,6.4,6.7
2021-01-16,6.4,0.0,0.0,6.54,6.675555555555556,6.4,6.7
2021-01-17,6.4,0.0,0.0,6.53,6.67,6.4,6.7
2021-01-18,6.4,0.0,0.0,6.5200000000000005,6.6644444444444435,6.4,6.7
2021-01-19,6.4,0.0,0.0,6.510000000000001,6.65888888888889,6.4,6.7
2021-01-20,6.4,0.0,0.0,6.500000000000001,6.653333333333334,6.4,6.7
2021-01-21,6.4,0.0,0.0,6.489999999999999,6.647777777777779,6.4,6.7
2021-01-22,6.4,0.0,0.0,6.48,6.642222222222221,6.4,6.7
2021-01-23,6.4,0.0,0.0,6.470000000000001,6.636666666666666,6.4,6.7
2021-01-24,6.4,0.0,0.0,6.46,6.631111111111112,6.4,6.7
2021-01-25,6.4,0.0,0.0,6.450000000000001,6.6255555555555565,6.4,6.7
2021-01-26,6.4,0.0,0.0,6.4399999999999995,6.620000000000001,6.4,6.7
2021-01-27,6.4,0.0,0.0,6.430000000000001,6.614444444444444,6.4,6.7
2021-01-28,6.4,0.0,0.0,6.420000000000001,6.608888888888888,6.4,6.7
2021-01-29,6.4,0.0,0.0,6.41,6.603333333333334,6.4,6.7
2021-01-30,6.4,0.0,0.0,6.4,6.6,6.4,6.7
2021-01-31,6.4,0.0,0.0,6.4,6.596666666666668,6.4,6.4
2021-02-01,6.2,-0.20000000000000018,-0.03125,6.3933333333333335,6.591111111111112,6.4,6.4
2021-02-02,6.2,0.0,0.0,6.386666666666667,6.5855555555555565,6.4,6.4
2021-02-03,6.2,0.0,0.0,6.38,6.58,6.4,6.4
2021-02-04,6.2,0.0,0.0,6.373333333333334,6.574444444444444,6.4,6.4
2021-02-05,6.2,0.0,0.0,6.366666666666666,6.568888888888889,6.4,6.4
2021-02-06,6.2,0.0,0.0,6.36,6.5633333333333335,6.4,6.4
2021-02-07,6.2,0.0,0.0,6.3533333333333335,6.557777777777778,6.4,6.4
2021-02-08,6.2,0.0,0.0,6.346666666666667,6.552222222222222,6.2,6.4
2021-02-09,6.2,0.0,0.0,6.340000000000001,6.546666666666666,6.2,6.4
2021-02-10,6.2,0.0,0.0,6.333333333333334,6.541111111111111,6.2,6.4
2021-02-11,6.2,0.0,0.0,6.326666666666667,6.535555555555556,6.2,6.4
2021-02-12,6.2,0.0,0.0,6.319999999999999,6.53,6.2,6.4
2021-02-13,6.2,0.0,0.0,6.3133333333333335,6.524444444444445,6.2,6.4
2021-02-14,6.2,0.0,0.0,6.3066666666666675,6.518888888888888,6.2,6.4
2021-02-15,6.2,0.0,0.0,6.300000000000001,6.513333333333334,6.2,6.4
2021-02-16,6.2,0.0,0.0,6.293333333333334,6.507777777777778,6.2,6.4
2021-02-17,6.2,0.0,0.0,6.286666666666666,6.502222222222223,6.2,6.4
2021-02-18,6.2,0.0,0.0,6.28,6.496666666666667,6.2,6.4
2021-02-19,6.2,0.0,0.0,6.2733333333333325,6.491111111111111,6.2,6.4
2021-02-20,6.2,0.0,0.0,6.2666666666666675,6.485555555555556,6.2,6.4
2021-02-21,6.2,0.0,0.0,6.260000000000001,6.48,6.2,6.4
2021-02-22,6.2,0.0,0.0,6.253333333333333,6.474444444444445,6.2,6.4
2021-02-23,6.2,0.0,0.0,6.246666666666667,6.468888888888889,6.2,6.4
2021-02-24,6.2,0.0,0.0,6.239999999999999,6.463333333333333,6.2,6.4
2021-02-25,6.2,0.0,0.0,6.233333333333334,6.457777777777778,6.2,6.4
2021-02-26,6.2,0.0,0.0,6.2266666666666675,6.452222222222223,6.2,6.4
2021-02-27,6.2,0.0,0.0,6.22,6.446666666666667,6.2,6.4
2021-02-28,6.2,0.0,0.0,6.213333333333334,6.441111111111112,6.2,6.4
2021-03-01,6.1,-0.10000000000000053,-0.016129032258064613,6.203333333333333,6.434444444444445,6.2,6.4
2021-03-02,6.1,0.0,0.0,6.193333333333333,6.427777777777778,6.2,6.4
2021-03-03,6.1,0.0,0.0,6.1899999999999995,6.421111111111111,6.2,6.2
2021-03-04,6.1,0.0,0.0,6.186666666666667,6.414444444444445,6.2,6.2
2021-03-05,6.1,0.0,0.0,6.183333333333334,6.4077777777777785,6.2,6.2
2021-03-06,6.1,0.0,0.0,6.180000000000001,6.401111111111112,6.2,6.2
2021-03-07,6.1,0.0,0.0,6.176666666666666,6.394444444444445,6.2,6.2
2021-03-08,6.1,0.0,0.0,6.173333333333333,6.387777777777777,6.1,6.2
2021-03-09,6.1,0.0,0.0,6.170000000000001,6.381111111111112,6.1,6.2
2021-03-10,6.1,0.0,0.0,6.166666666666667,6.374444444444445,6.1,6.2
2021-03-11,6.1,0.0,0.0,6.163333333333333,6.367777777777778,6.1,6.2
2021-03-12,6.1,0.0,0.0,6.159999999999999,6.361111111111111,6.1,6.2
2021-03-13,6.1,0.0,0.0,6.156666666666666,6.354444444444444,6.1,6.2
2021-03-14,6.1,0.0,0.0,6.153333333333333,6.347777777777779,6.1,6.2
2021-03-15,6.1,0.0,0.0,6.15,6.341111111111112,6.1,6.2
2021-03-16,6.1,0.0,0.0,6.1466666666666665,6.334444444444444,6.1,6.2
2021-03-17,6.1,0.0,0.0,6.143333333333333,6.3277777777777775,6.1,6.2
2021-03-18,6.1,0.0,0.0,6.14,6.321111111111111,6.1,6.2
2021-03-19,6.1,0.0,0.0,6.136666666666667,6.314444444444446,6.1,6.2
2021-03-20,6.1,0.0,0.0,6.133333333333334,6.307777777777778,6.1,6.2
2021-03-21,6.1,0.0,0.0,6.13,6.301111111111111,6.1,6.2
2021-03-22,6.1,0.0,0.0,6.126666666666666,6.294444444444444,6.1,6.2
2021-03-23,6.1,0.0,0.0,6.123333333333333,6.2877777777777775,6.1,6.2
2021-03-24,6.1,0.0,0.0,6.12,6.2811111111111115,6.1,6.2
2021-03-25,6.1,0.0,0.0,6.116666666666666,6.274444444444445,6.1,6.2
2021-03-26,6.1,0.0,0.0,6.113333333333333,6.267777777777778,6.1,6.2
2021-03-27,6.1,0.0,0.0,6.109999999999999,6.261111111111111,6.1,6.2
2021-03-28,6.1,0.0,0.0,6.1066666666666665,6.254444444444444,6.1,6.2
2021-03-29,6.1,0.0,0.0,6.1033333333333335,6.247777777777778,6.1,6.2
2021-03-30,6.1,0.0,0.0,6.1,6.2411111111111115,6.1,6.2
2021-03-31,6.1,0.0,0.0,6.1,6.234444444444445,6.1,6.1
2021-04-01,6.1,0.0,0.0,6.1,6.231111111111111,6.1,6.1
2021-04-02,6.1,0.0,0.0,6.1,6.227777777777778,6.1,6.1
2021-04-03,6.1,0.0,0.0,6.1,6.224444444444445,6.1,6.1
2021-04-04,6.1,0.0,0.0,6.1,6.221111111111112,6.1,6.1
2021-04-05,6.1,0.0,0.0,6.1,6.217777777777778,6.1,6.1
2021-04-06,6.1,0.0,0.0,6.1,6.214444444444444,6.1,6.1
2021-04-07,6.1,0.0,0.0,6.1,6.211111111111111,6.1,6.1
2021-04-08,6.1,0.0,0.0,6.1,6.207777777777778,6.1,6.1
2021-04-09,6.1,0.0,0.0,6.1,6.204444444444444,6.1,6.1
2021-04-10,6.1,0.0,0.0,6.1,6.20111111111111,6.1,6.1
2021-04-11,6.1,0.0,0.0,6.1,6.197777777777778,6.1,6.1
2021-04-12,6.1,0.0,0.0,6.1,6.194444444444445,6.1,6.1
2021-04-13,6.1,0.0,0.0,6.1,6.191111111111112,6.1,6.1
2021-04-14,6.1,0.0,0.0,6.1,6.187777777777778,6.1,6.1
2021-04-15,6.1,0.0,0.0,6.1,6.184444444444443,6.1,6.1
2021-04-16,6.1,0.0,0.0,6.1,6.181111111111111,6.1,6.1
2021-04-17,6.1,0.0,0.0,6.1,6.177777777777778,6.1,6.1
2021-04-18,6.1,0.0,0.0,6.1,6.174444444444445,6.1,6.1
2021-04-19,6.1,0.0,0.0,6.1,6.171111111111111,6.1,6.1
2021-04-20,6.1,0.0,0.0,6.1,6.1677777777777765,6.1,6.1
2021-04-21,6.1,0.0,0.0,6.1,6.1644444444444435,6.1,6.1
2021-04-22,6.1,0.0,0.0,6.1,6.161111111111111,6.1,6.1
2021-04-23,6.1,0.0,0.0,6.1,6.1577777777777785,6.1,6.1
2021-04-24,6.1,0.0,0.0,6.1,6.154444444444445,6.1,6.1
2021-04-25,6.1,0.0,0.0,6.1,6.15111111111111,6.1,6.1
2021-04-26,6.1,0.0,0.0,6.1,6.147777777777777,6.1,6.1
2021-04-27,6.1,0.0,0.0,6.1,6.144444444444445,6.1,6.1
2021-04-28,6.1,0.0,0.0,6.1,6.141111111111112,6.1,6.1
2021-04-29,6.1,0.0,0.0,6.1,6.137777777777777,6.1,6.1
2021-04-30,6.1,0.0,0.0,6.1,6.134444444444443,6.1,6.1
2021-05-01,5.8,-0.2999999999999998,-0.0491803278688524,6.09,6.127777777777778,6.1,6.1
2021-05-02,5.8,0.0,0.0,6.079999999999999,6.123333333333332,6.1,6.1
2021-05-03,5.8,0.0,0.0,6.069999999999999,6.11888888888889,6.1,6.1
2021-05-04,5.8,0.0,0.0,6.0600000000000005,6.114444444444444,6.1,6.1
2021-05-05,5.8,0.0,0.0,6.049999999999999,6.109999999999999,6.1,6.1
2021-05-06,5.8,0.0,0.0,6.04,6.105555555555555,6.1,6.1
2021-05-07,5.8,0.0,0.0,6.029999999999999,6.10111111111111,6.1,6.1
2021-05-08,5.8,0.0,0.0,6.02,6.096666666666668,5.8,6.1
2021-05-09,5.8,0.0,0.0,6.010000000000001,6.0922222222222215,5.8,6.1
2021-05-10,5.8,0.0,0.0,5.999999999999999,6.087777777777777,5.8,6.1
2021-05-11,5.8,0.0,0.0,5.989999999999999,6.083333333333333,5.8,6.1
2021-05-12,5.8,0.0,0.0,5.9799999999999995,6.078888888888888,5.8,6.1
2021-05-13,5.8,0.0,0.0,5.97,6.0744444444444445,5.8,6.1
2021-05-14,5.8,0.0,0.0,5.96,6.069999999999999,5.8,6.1
2021-05-15,5.8,0.0,0.0,5.95,6.065555555555555,5.8,6.1
2021-05-16,5.8,0.0,0.0,5.9399999999999995,6.061111111111111,5.8,6.1
2021-05-17,5.8,0.0,0.0,5.929999999999999,6.056666666666666,5.8,6.1
2021-05-18,5.8,0.0,0.0,5.92,6.052222222222222,5.8,6.1
2021-05-19,5.8,0.0,0.0,5.91,6.047777777777777,5.8,6.1
2021-05-20,5.8,0.0,0.0,5.9,6.043333333333333,5.8,6.1
2021-05-21,5.8,0.0,0.0,5.89,6.038888888888889,5.8,6.1
2021-05-22,5.8,0.0,0.0,5.879999999999999,6.034444444444444,5.8,6.1
2021-05-23,5.8,0.0,0.0,5.87,6.03,5.8,6.1
2021-05-24,5.8,0.0,0.0,5.86,6.025555555555555,5.8,6.1
2021-05-25,5.8,0.0,0.0,5.85,6.021111111111111,5.8,6.1
2021-05-26,5.8,0.0,0.0,5.84,6.016666666666667,5.8,6.1
2021-05-27,5.8,0.0,0.0,5.829999999999999,6.0122222222222215,5.8,6.1
2021-05-28,5.8,0.0,0.0,5.819999999999999,6.007777777777778,5.8,6.1
2021-05-29,5.8,0.0,0.0,5.8100000000000005,6.003333333333333,5.8,6.1
2021-05-30,5.8,0.0,0.0,5.8,5.999999999999999,5.8,6.1
2021-05-31,5.8,0.0,0.0,5.8,5.996666666666667,5.8,5.8
2021-06-01,5.9,0.10000000000000053,0.017241379310344973,5.803333333333334,5.9944444444444445,5.8,5.8
2021-06-02,5.9,0.0,0.0,5.806666666666667,5.992222222222222,5.8,5.8
2021-06-03,5.9,0.0,0.0,5.81,5.989999999999999,5.8,5.8
2021-06-04,5.9,0.0,0.0,5.8133333333333335,5.987777777777778,5.8,5.8
2021-06-05,5.9,0.0,0.0,5.816666666666666,5.985555555555556,5.8,5.8
2021-06-06,5.9,0.0,0.0,5.820000000000001,5.983333333333333,5.8,5.8
2021-06-07,5.9,0.0,0.0,5.823333333333333,5.981111111111111,5.8,5.8
2021-06-08,5.9,0.0,0.0,5.826666666666666,5.978888888888888,5.9,5.8
2021-06-09,5.9,0.0,0.0,5.83,5.976666666666667,5.9,5.8
2021-06-10,5.9,0.0,0.0,5.833333333333333,5.974444444444445,5.9,5.8
2021-06-11,5.9,0.0,0.0,5.836666666666668,5.972222222222222,5.9,5.8
2021-06-12,5.9,0.0,0.0,5.84,5.97,5.9,5.8
2021-06-13,5.9,0.0,0.0,5.843333333333333,5.967777777777777,5.9,5.8
2021-06-14,5.9,0.0,0.0,5.846666666666667,5.9655555555555555,5.9,5.8
2021-06-15,5.9,0.0,0.0,5.85,5.963333333333334,5.9,5.8
2021-06-16,5.9,0.0,0.0,5.853333333333334,5.961111111111111,5.9,5.8
2021-06-17,5.9,0.0,0.0,5.8566666666666665,5.958888888888889,5.9,5.8
2021-06-18,5.9,0.0,0.0,5.859999999999999,5.956666666666665,5.9,5.8
2021-06-19,5.9,0.0,0.0,5.863333333333333,5.954444444444444,5.9,5.8
2021-06-20,5.9,0.0,0.0,5.866666666666666,5.952222222222223,5.9,5.8
2021-06-21,5.9,0.0,0.0,5.870000000000001,5.95,5.9,5.8
2021-06-22,5.9,0.0,0.0,5.873333333333334,5.947777777777778,5.9,5.8
2021-06-23,5.9,0.0,0.0,5.876666666666666,5.945555555555554,5.9,5.8
2021-06-24,5.9,0.0,0.0,5.88,5.943333333333333,5.9,5.8
2021-06-25,5.9,0.0,0.0,5.883333333333334,5.941111111111112,5.9,5.8
2021-06-26,5.9,0.0,0.0,5.886666666666668,5.938888888888889,5.9,5.8
2021-06-27,5.9,0.0,0.0,5.890000000000001,5.9366666666666665,5.9,5.8
2021-06-28,5.9,0.0,0.0,5.8933333333333335,5.934444444444443,5.9,5.8
2021-06-29,5.9,0.0,0.0,5.8966666666666665,5.932222222222222,5.9,5.8
2021-06-30,5.9,0.0,0.0,5.9,5.930000000000001,5.9,5.8
2021-07-01,5.4,-0.5,-0.0847457627118644,5.883333333333335,5.9222222222222225,5.9,5.9
2021-07-02,5.4,0.0,0.0,5.866666666666668,5.9144444444444435,5.9,5.9
2021-07-03,5.4,0.0,0.0,5.85,5.906666666666665,5.9,5.9
2021-07-04,5.4,0.0,0.0,5.833333333333333,5.898888888888889,5.9,5.9
2021-07-05,5.4,0.0,0.0,5.816666666666666,5.891111111111112,5.9,5.9
2021-07-06,5.4,0.0,0.0,5.8,5.883333333333334,5.9,5.9
2021-07-07,5.4,0.0,0.0,5.783333333333334,5.875555555555555,5.9,5.9
2021-07-08,5.4,0.0,0.0,5.7666666666666675,5.867777777777777,5.4,5.9
2021-07-09,5.4,0.0,0.0,5.75,5.860000000000001,5.4,5.9
2021-07-10,5.4,0.0,0.0,5.733333333333333,5.852222222222223,5.4,5.9
2021-07-11,5.4,0.0,0.0,5.716666666666667,5.844444444444444,5.4,5.9
2021-07-12,5.4,0.0,0.0,5.700000000000001,5.836666666666666,5.4,5.9
2021-07-13,5.4,0.0,0.0,5.6833333333333345,5.828888888888889,5.4,5.9
2021-07-14,5.4,0.0,0.0,5.666666666666667,5.8211111111111125,5.4,5.9
2021-07-15,5.4,0.0,0.0,5.65,5.8133333333333335,5.4,5.9
2021-07-16,5.4,0.0,0.0,5.633333333333334,5.805555555555555,5.4,5.9
2021-07-17,5.4,0.0,0.0,5.616666666666668,5.797777777777777,5.4,5.9
2021-07-18,5.4,0.0,0.0,5.6000000000000005,5.79,5.4,5.9
2021-07-19,5.4,0.0,0.0,5.583333333333333,5.782222222222223,5.4,5.9
2021-07-20,5.4,0.0,0.0,5.566666666666666,5.774444444444445,5.4,5.9
2021-07-21,5.4,0.0,0.0,5.55,5.766666666666667,5.4,5.9
2021-07-22,5.4,0.0,0.0,5.533333333333333,5.7588888888888885,5.4,5.9
2021-07-23,5.4,0.0,0.0,5.5166666666666675,5.751111111111111,5.4,5.9
2021-07-24,5.4,0.0,0.0,5.500000000000001,5.743333333333333,5.4,5.9
2021-07-25,5.4,0.0,0.0,5.483333333333333,5.735555555555556,5.4,5.9
2021-07-26,5.4,0.0,0.0,5.466666666666667,5.727777777777778,5.4,5.9
2021-07-27,5.4,0.0,0.0,5.45,5.72,5.4,5.9
2021-07-28,5.4,0.0,0.0,5.4333333333333345,5.7122222222222225,5.4,5.9
2021-07-29,5.4,0.0,0.0,5.416666666666668,5.704444444444444,5.4,5.9
2021-07-30,5.4,0.0,0.0,5.4,5.7,5.4,5.9
2021-07-31,5.4,0.0,0.0,5.4,5.695555555555556,5.4,5.4
2021-08-01,5.1,-0.3000000000000007,-0.05555555555555569,5.39,5.687777777777778,5.4,5.4
2021-08-02,5.1,0.0,0.0,5.380000000000001,5.680000000000001,5.4,5.4
2021-08-03,5.1,0.0,0.0,5.370000000000001,5.6722222222222225,5.4,5.4
2021-08-04,5.1,0.0,0.0,5.36,5.664444444444444,5.4,5.4
2021-08-05,5.1,0.0,0.0,5.35,5.656666666666667,5.4,5.4
2021-08-06,5.1,0.0,0.0,5.34,5.648888888888889,5.4,5.4
2021-08-07,5.1,0.0,0.0,5.33,5.641111111111112,5.4,5.4
2021-08-08,5.1,0.0,0.0,5.320000000000001,5.633333333333334,5.1,5.4
2021-08-09,5.1,0.0,0.0,5.3100000000000005,5.625555555555556,5.1,5.4
2021-08-10,5.1,0.0,0.0,5.3,5.617777777777778,5.1,5.4
2021-08-11,5.1,0.0,0.0,5.29,5.61,5.1,5.4
2021-08-12,5.1,0.0,0.0,5.279999999999999,5.602222222222222,5.1,5.4
2021-08-13,5.1,0.0,0.0,5.2700000000000005,5.594444444444444,5.1,5.4
2021-08-14,5.1,0.0,0.0,5.260000000000001,5.586666666666667,5.1,5.4
2021-08-15,5.1,0.0,0.0,5.25,5.578888888888889,5.1,5.4
2021-08-16,5.1,0.0,0.0,5.239999999999999,5.571111111111112,5.1,5.4
2021-08-17,5.1,0.0,0.0,5.2299999999999995,5.5633333333333335,5.1,5.4
2021-08-18,5.1,0.0,0.0,5.220000000000001,5.555555555555555,5.1,5.4
2021-08-19,5.1,0.0,0.0,5.21,5.547777777777778,5.1,5.4
2021-08-20,5.1,0.0,0.0,5.2,5.54,5.1,5.4
2021-08-21,5.1,0.0,0.0,5.1899999999999995,5.532222222222223,5.1,5.4
2021-08-22,5.1,0.0,0.0,5.179999999999999,5.524444444444445,5.1,5.4
2021-08-23,5.1,0.0,0.0,5.17,5.516666666666667,5.1,5.4
2021-08-24,5.1,0.0,0.0,5.16,5.508888888888889,5.1,5.4
2021-08-25,5.1,0.0,0.0,5.15,5.501111111111111,5.1,5.4
2021-08-26,5.1,0.0,0.0,5.14,5.493333333333334,5.1,5.4
2021-08-27,5.1,0.0,0.0,5.129999999999999,5.485555555555555,5.1,5.4
2021-08-28,5.1,0.0,0.0,5.119999999999999,5.477777777777778,5.1,5.4
2021-08-29,5.1,0.0,0.0,5.11,5.47,5.1,5.4
2021-08-30,5.1,0.0,0.0,5.1,5.461111111111111,5.1,5.4
2021-08-31,5.1,0.0,0.0,5.1,5.452222222222223,5.1,5.1
2021-09-01,4.7,-0.39999999999999947,-0.07843137254901955,5.086666666666665,5.438888888888889,5.1,5.1
2021-09-02,4.7,0.0,0.0,5.073333333333333,5.4255555555555555,5.1,5.1
2021-09-03,4.7,0.0,0.0,5.06,5.412222222222222,5.1,5.1
2021-09-04,4.7,0.0,0.0,5.046666666666667,5.398888888888889,5.1,5.1
2021-09-05,4.7,0.0,0.0,5.033333333333333,5.385555555555556,5.1,5.1
2021-09-06,4.7,0.0,0.0,5.019999999999999,5.372222222222222,5.1,5.1
2021-09-07,4.7,0.0,0.0,5.006666666666666,5.358888888888889,5.1,5.1
2021-09-08,4.7,0.0,0.0,4.993333333333333,5.345555555555555,4.7,5.1
2021-09-09,4.7,0.0,0.0,4.98,5.332222222222223,4.7,5.1
2021-09-10,4.7,0.0,0.0,4.966666666666667,5.318888888888889,4.7,5.1
2021-09-11,4.7,0.0,0.0,4.953333333333333,5.305555555555555,4.7,5.1
2021-09-12,4.7,0.0,0.0,4.9399999999999995,5.292222222222223,4.7,5.1
2021-09-13,4.7,0.0,0.0,4.926666666666666,5.278888888888888,4.7,5.1
2021-09-14,4.7,0.0,0.0,4.913333333333333,5.265555555555556,4.7,5.1
2021-09-15,4.7,0.0,0.0,4.9,5.252222222222223,4.7,5.1
2021-09-16,4.7,0.0,0.0,4.886666666666668,5.238888888888889,4.7,5.1
2021-09-17,4.7,0.0,0.0,4.873333333333333,5.225555555555555,4.7,5.1
2021-09-18,4.7,0.0,0.0,4.859999999999999,5.212222222222222,4.7,5.1
2021-09-19,4.7,0.0,0.0,4.846666666666667,5.198888888888889,4.7,5.1
2021-09-20,4.7,0.0,0.0,4.833333333333333,5.185555555555555,4.7,5.1
2021-09-21,4.7,0.0,0.0,4.820000000000001,5.1722222222222225,4.7,5.1
2021-09-22,4.7,0.0,0.0,4.806666666666667,5.158888888888889,4.7,5.1
2021-09-23,4.7,0.0,0.0,4.793333333333333,5.145555555555555,4.7,5.1
2021-09-24,4.7,0.0,0.0,4.78,5.1322222222222225,4.7,5.1
2021-09-25,4.7,0.0,0.0,4.766666666666667,5.118888888888889,4.7,5.1
2021-09-26,4.7,0.0,0.0,4.753333333333334,5.105555555555555,4.7,5.1
2021-09-27,4.7,0.0,0.0,4.739999999999999,5.092222222222222,4.7,5.1
2021-09-28,4.7,0.0,0.0,4.726666666666666,5.078888888888889,4.7,5.1
2021-09-29,4.7,0.0,0.0,4.713333333333334,5.071111111111112,4.7,5.1
2021-09-30,4.7,0.0,0.0,4.7,5.0633333333333335,4.7,5.1
2021-10-01,4.5,-0.20000000000000018,-0.042553191489361764,4.693333333333333,5.053333333333334,4.7,4.7
2021-10-02,4.5,0.0,0.0,4.6866666666666665,5.043333333333334,4.7,4.7
2021-10-03,4.5,0.0,0.0,4.680000000000001,5.033333333333333,4.7,4.7
2021-10-04,4.5,0.0,0.0,4.673333333333333,5.023333333333333,4.7,4.7
2021-10-05,4.5,0.0,0.0,4.666666666666667,5.013333333333334,4.7,4.7
2021-10-06,4.5,0.0,0.0,4.66,5.003333333333334,4.7,4.7
2021-10-07,4.5,0.0,0.0,4.653333333333333,4.993333333333334,4.7,4.7
2021-10-08,4.5,0.0,0.0,4.6466666666666665,4.983333333333333,4.5,4.7
2021-10-09,4.5,0.0,0.0,4.64,4.973333333333334,4.5,4.7
2021-10-10,4.5,0.0,0.0,4.633333333333334,4.963333333333333,4.5,4.7
2021-10-11,4.5,0.0,0.0,4.626666666666666,4.953333333333333,4.5,4.7
2021-10-12,4.5,0.0,0.0,4.62,4.943333333333333,4.5,4.7
2021-10-13,4.5,0.0,0.0,4.613333333333333,4.933333333333334,4.5,4.7
2021-10-14,4.5,0.0,0.0,4.6066666666666665,4.923333333333334,4.5,4.7
2021-10-15,4.5,0.0,0.0,4.6,4.913333333333333,4.5,4.7
2021-10-16,4.5,0.0,0.0,4.593333333333333,4.903333333333333,4.5,4.7
2021-10-17,4.5,0.0,0.0,4.586666666666667,4.8933333333333335,4.5,4.7
2021-10-18,4.5,0.0,0.0,4.58,4.883333333333334,4.5,4.7
2021-10-19,4.5,0.0,0.0,4.573333333333333,4.873333333333334,4.5,4.7
2021-10-20,4.5,0.0,0.0,4.566666666666666,4.863333333333333,4.5,4.7
2021-10-21,4.5,0.0,0.0,4.56,4.8533333333333335,4.5,4.7
2021-10-22,4.5,0.0,0.0,4.553333333333333,4.843333333333333,4.5,4.7
2021-10-23,4.5,0.0,0.0,4.546666666666667,4.833333333333333,4.5,4.7
2021-10-24,4.5,0.0,0.0,4.54,4.823333333333333,4.5,4.7
2021-10-25,4.5,0.0,0.0,4.533333333333333,4.8133333333333335,4.5,4.7
2021-10-26,4.5,0.0,0.0,4.526666666666666,4.803333333333334,4.5,4.7
2021-10-27,4.5,0.0,0.0,4.52,4.793333333333333,4.5,4.7
2021-10-28,4.5,0.0,0.0,4.513333333333334,4.783333333333333,4.5,4.7
2021-10-29,4.5,0.0,0.0,4.506666666666666,4.773333333333333,4.5,4.7
2021-10-30,4.5,0.0,0.0,4.5,4.766666666666667,4.5,4.7
2021-10-31,4.5,0.0,0.0,4.5,4.76,4.5,4.5
2021-11-01,4.2,-0.2999999999999998,-0.06666666666666665,4.49,4.75,4.5,4.5
2021-11-02,4.2,0.0,0.0,4.48,4.739999999999999,4.5,4.5
2021-11-03,4.2,0.0,0.0,4.47,4.7299999999999995,4.5,4.5
2021-11-04,4.2,0.0,0.0,4.46,4.72,4.5,4.5
2021-11-05,4.2,0.0,0.0,4.45,4.71,4.5,4.5
2021-11-06,4.2,0.0,0.0,4.44,4.7,4.5,4.5
2021-11-07,4.2,0.0,0.0,4.430000000000001,4.6899999999999995,4.5,4.5
2021-11-08,4.2,0.0,0.0,4.420000000000001,4.68,4.2,4.5
2021-11-09,4.2,0.0,0.0,4.41,4.67,4.2,4.5
2021-11-10,4.2,0.0,0.0,4.4,4.66,4.2,4.5
2021-11-11,4.2,0.0,0.0,4.390000000000001,4.65,4.2,4.5
2021-11-12,4.2,0.0,0.0,4.38,4.64,4.2,4.5
2021-11-13,4.2,0.0,0.0,4.370000000000001,4.63,4.2,4.5
2021-11-14,4.2,0.0,0.0,4.36,4.62,4.2,4.5
2021-11-15,4.2,0.0,0.0,4.35,4.61,4.2,4.5
2021-11-16,4.2,0.0,0.0,4.340000000000001,4.6,4.2,4.5
2021-11-17,4.2,0.0,0.0,4.33,4.59,4.2,4.5
2021-11-18,4.2,0.0,0.0,4.320000000000001,4.58,4.2,4.5
2021-11-19,4.2,0.0,0.0,4.3100000000000005,4.57,4.2,4.5
2021-11-20,4.2,0.0,0.0,4.3,4.5600000000000005,4.2,4.5
2021-11-21,4.2,0.0,0.0,4.290000000000001,4.55,4.2,4.5
2021-11-22,4.2,0.0,0.0,4.28,4.54,4.2,4.5
2021-11-23,4.2,0.0,0.0,4.2700000000000005,4.53,4.2,4.5
2021-11-24,4.2,0.0,0.0,4.260000000000001,4.5200000000000005,4.2,4.5
2021-11-25,4.2,0.0,0.0,4.250000000000001,4.510000000000001,4.2,4.5
2021-11-26,4.2,0.0,0.0,4.24,4.5,4.2,4.5
2021-11-27,4.2,0.0,0.0,4.23,4.489999999999999,4.2,4.5
2021-11-28,4.2,0.0,0.0,4.220000000000001,4.48,4.2,4.5
2021-11-29,4.2,0.0,0.0,4.21,4.47,4.2,4.5
2021-11-30,4.2,0.0,0.0,4.2,4.464444444444444,4.2,4.5
2021-12-01,3.9,-0.30000000000000027,-0.07142857142857151,4.19,4.455555555555556,4.2,4.2
2021-12-02,3.9,0.0,0.0,4.180000000000001,4.446666666666667,4.2,4.2
2021-12-03,3.9,0.0,0.0,4.17,4.437777777777778,4.2,4.2
2021-12-04,3.9,0.0,0.0,4.16,4.428888888888889,4.2,4.2
2021-12-05,3.9,0.0,0.0,4.15,4.42,4.2,4.2
2021-12-06,3.9,0.0,0.0,4.14,4.411111111111111,4.2,4.2
2021-12-07,3.9,0.0,0.0,4.13,4.402222222222223,4.2,4.2
2021-12-08,3.9,0.0,0.0,4.12,4.393333333333333,3.9,4.2
2021-12-09,3.9,0.0,0.0,4.11,4.384444444444445,3.9,4.2
2021-12-10,3.9,0.0,0.0,4.1,4.375555555555556,3.9,4.2
2021-12-11,3.9,0.0,0.0,4.09,4.366666666666666,3.9,4.2
2021-12-12,3.9,0.0,0.0,4.08,4.357777777777779,3.9,4.2
2021-12-13,3.9,0.0,0.0,4.07,4.348888888888888,3.9,4.2
2021-12-14,3.9,0.0,0.0,4.06,4.34,3.9,4.2
2021-12-15,3.9,0.0,0.0,4.05,4.331111111111111,3.9,4.2
2021-12-16,3.9,0.0,0.0,4.04,4.322222222222222,3.9,4.2
2021-12-17,3.9,0.0,0.0,4.03,4.3133333333333335,3.9,4.2
2021-12-18,3.9,0.0,0.0,4.0200000000000005,4.304444444444444,3.9,4.2
2021-12-19,3.9,0.0,0.0,4.01,4.295555555555556,3.9,4.2
2021-12-20,3.9,0.0,0.0,4.0,4.286666666666667,3.9,4.2
2021-12-21,3.9,0.0,0.0,3.9899999999999998,4.277777777777778,3.9,4.2
2021-12-22,3.9,0.0,0.0,3.98,4.268888888888889,3.9,4.2
2021-12-23,3.9,0.0,0.0,3.97,4.26,3.9,4.2
2021-12-24,3.9,0.0,0.0,3.96,4.251111111111111,3.9,4.2
2021-12-25,3.9,0.0,0.0,3.95,4.242222222222223,3.9,4.2
2021-12-26,3.9,0.0,0.0,3.9399999999999995,4.233333333333333,3.9,4.2
2021-12-27,3.9,0.0,0.0,3.93,4.224444444444445,3.9,4.2
2021-12-28,3.9,0.0,0.0,3.92,4.2155555555555555,3.9,4.2
2021-12-29,3.9,0.0,0.0,3.9099999999999997,4.206666666666666,3.9,4.2
2021-12-30,3.9,0.0,0.0,3.9,4.2,3.9,4.2
2021-12-31,3.9,0.0,0.0,3.9,4.193333333333333,3.9,3.9
2022-01-01,4.0,0.10000000000000009,0.025641025641025772,3.9033333333333333,4.187777777777778,3.9,3.9
2022-01-02,4.0,0.0,0.0,3.9066666666666663,4.182222222222222,3.9,3.9
2022-01-03,4.0,0.0,0.0,3.9099999999999997,4.176666666666667,3.9,3.9
2022-01-04,4.0,0.0,0.0,3.913333333333333,4.171111111111111,3.9,3.9
2022-01-05,4.0,0.0,0.0,3.9166666666666665,4.165555555555556,3.9,3.9
2022-01-06,4.0,0.0,0.0,3.92,4.16,3.9,3.9
2022-01-07,4.0,0.0,0.0,3.923333333333333,4.154444444444445,3.9,3.9
2022-01-08,4.0,0.0,0.0,3.9266666666666667,4.148888888888889,4.0,3.9
2022-01-09,4.0,0.0,0.0,3.9299999999999997,4.143333333333333,4.0,3.9
2022-01-10,4.0,0.0,0.0,3.933333333333333,4.137777777777777,4.0,3.9
2022-01-11,4.0,0.0,0.0,3.9366666666666665,4.132222222222222,4.0,3.9
2022-01-12,4.0,0.0,0.0,3.9399999999999995,4.126666666666666,4.0,3.9
2022-01-13,4.0,0.0,0.0,3.9433333333333334,4.1211111111111105,4.0,3.9
2022-01-14,4.0,0.0,0.0,3.9466666666666663,4.115555555555555,4.0,3.9
2022-01-15,4.0,0.0,0.0,3.95,4.109999999999999,4.0,3.9
2022-01-16,4.0,0.0,0.0,3.953333333333333,4.104444444444444,4.0,3.9
2022-01-17,4.0,0.0,0.0,3.956666666666666,4.098888888888888,4.0,3.9
2022-01-18,4.0,0.0,0.0,3.96,4.093333333333333,4.0,3.9
2022-01-19,4.0,0.0,0.0,3.963333333333333,4.087777777777777,4.0,3.9
2022-01-20,4.0,0.0,0.0,3.966666666666667,4.082222222222222,4.0,3.9
2022-01-21,4.0,0.0,0.0,3.9699999999999998,4.076666666666666,4.0,3.9
2022-01-22,4.0,0.0,0.0,3.973333333333333,4.071111111111111,4.0,3.9
2022-01-23,4.0,0.0,0.0,3.9766666666666666,4.065555555555555,4.0,3.9
2022-01-24,4.0,0.0,0.0,3.9799999999999995,4.06,4.0,3.9
2022-01-25,4.0,0.0,0.0,3.9833333333333334,4.054444444444444,4.0,3.9
2022-01-26,4.0,0.0,0.0,3.9866666666666664,4.0488888888888885,4.0,3.9
2022-01-27,4.0,0.0,0.0,3.9899999999999998,4.043333333333333,4.0,3.9
2022-01-28,4.0,0.0,0.0,3.993333333333333,4.0377777777777775,4.0,3.9
2022-01-29,4.0,0.0,0.0,3.9966666666666666,4.032222222222222,4.0,3.9
2022-01-30,4.0,0.0,0.0,4.0,4.03,4.0,3.9
2022-01-31,4.0,0.0,0.0,4.0,4.027777777777778,4.0,4.0
2022-02-01,3.8,-0.20000000000000018,-0.050000000000000044,3.993333333333333,4.023333333333333,4.0,4.0
2022-02-02,3.8,0.0,0.0,3.986666666666667,4.018888888888889,4.0,4.0
2022-02-03,3.8,0.0,0.0,3.98,4.014444444444445,4.0,4.0
2022-02-04,3.8,0.0,0.0,3.9733333333333336,4.01,4.0,4.0
2022-02-05,3.8,0.0,0.0,3.966666666666667,4.0055555555555555,4.0,4.0
2022-02-06,3.8,0.0,0.0,3.96,4.001111111111111,4.0,4.0
2022-02-07,3.8,0.0,0.0,3.9533333333333336,3.9966666666666666,4.0,4.0
2022-02-08,3.8,0.0,0.0,3.9466666666666668,3.9922222222222223,3.8,4.0
2022-02-09,3.8,0.0,0.0,3.94,3.9877777777777776,3.8,4.0
2022-02-10,3.8,0.0,0.0,3.933333333333333,3.9833333333333334,3.8,4.0
2022-02-11,3.8,0.0,0.0,3.9266666666666667,3.978888888888889,3.8,4.0
2022-02-12,3.8,0.0,0.0,3.92,3.9744444444444444,3.8,4.0
2022-02-13,3.8,0.0,0.0,3.9133333333333336,3.97,3.8,4.0
2022-02-14,3.8,0.0,0.0,3.9066666666666667,3.9655555555555555,3.8,4.0
2022-02-15,3.8,0.0,0.0,3.9,3.9611111111111112,3.8,4.0
2022-02-16,3.8,0.0,0.0,3.893333333333333,3.956666666666666,3.8,4.0
2022-02-17,3.8,0.0,0.0,3.8866666666666663,3.9522222222222223,3.8,4.0
2022-02-18,3.8,0.0,0.0,3.8800000000000003,3.947777777777778,3.8,4.0
2022-02-19,3.8,0.0,0.0,3.8733333333333335,3.943333333333333,3.8,4.0
2022-02-20,3.8,0.0,0.0,3.8666666666666667,3.938888888888889,3.8,4.0
2022-02-21,3.8,0.0,0.0,3.86,3.934444444444444,3.8,4.0
2022-02-22,3.8,0.0,0.0,3.853333333333333,3.9299999999999997,3.8,4.0
2022-02-23,3.8,0.0,0.0,3.8466666666666667,3.9255555555555555,3.8,4.0
2022-02-24,3.8,0.0,0.0,3.8400000000000003,3.9211111111111108,3.8,4.0
2022-02-25,3.8,0.0,0.0,3.8333333333333335,3.9166666666666665,3.8,4.0
2022-02-26,3.8,0.0,0.0,3.8266666666666667,3.912222222222222,3.8,4.0
2022-02-27,3.8,0.0,0.0,3.82,3.9077777777777776,3.8,4.0
2022-02-28,3.8,0.0,0.0,3.8133333333333335,3.9033333333333333,3.8,4.0
2022-03-01,3.7,-0.09999999999999964,-0.02631578947368407,3.8033333333333332,3.901111111111111,3.8,4.0
2022-03-02,3.7,0.0,0.0,3.7933333333333334,3.8988888888888886,3.8,4.0
2022-03-03,3.7,0.0,0.0,3.79,3.8966666666666665,3.8,3.8
2022-03-04,3.7,0.0,0.0,3.7866666666666666,3.894444444444444,3.8,3.8
2022-03-05,3.7,0.0,0.0,3.783333333333333,3.8922222222222222,3.8,3.8
2022-03-06,3.7,0.0,0.0,3.78,3.89,3.8,3.8
2022-03-07,3.7,0.0,0.0,3.7766666666666664,3.8877777777777776,3.8,3.8
2022-03-08,3.7,0.0,0.0,3.7733333333333334,3.8855555555555554,3.7,3.8
2022-03-09,3.7,0.0,0.0,3.77,3.883333333333333,3.7,3.8
2022-03-10,3.7,0.0,0.0,3.7666666666666666,3.881111111111111,3.7,3.8
2022-03-11,3.7,0.0,0.0,3.763333333333333,3.878888888888889,3.7,3.8
2022-03-12,3.7,0.0,0.0,3.76,3.8766666666666665,3.7,3.8
2022-03-13,3.7,0.0,0.0,3.756666666666667,3.8744444444444444,3.7,3.8
2022-03-14,3.7,0.0,0.0,3.7533333333333334,3.872222222222222,3.7,3.8
2022-03-15,3.7,0.0,0.0,3.75,3.87,3.7,3.8
2022-03-16,3.7,0.0,0.0,3.746666666666667,3.867777777777778,3.7,3.8
2022-03-17,3.7,0.0,0.0,3.743333333333333,3.8655555555555554,3.7,3.8
2022-03-18,3.7,0.0,0.0,3.74,3.8633333333333333,3.7,3.8
2022-03-19,3.7,0.0,0.0,3.736666666666667,3.8611111111111103,3.7,3.8
2022-03-20,3.7,0.0,0.0,3.7333333333333334,3.858888888888889,3.7,3.8
2022-03-21,3.7,0.0,0.0,3.73,3.856666666666667,3.7,3.8
2022-03-22,3.7,0.0,0.0,3.7266666666666666,3.8544444444444443,3.7,3.8
2022-03-23,3.7,0.0,0.0,3.7233333333333336,3.852222222222222,3.7,3.8
2022-03-24,3.7,0.0,0.0,3.72,3.849999999999999,3.7,3.8
2022-03-25,3.7,0.0,0.0,3.716666666666667,3.847777777777778,3.7,3.8
2022-03-26,3.7,0.0,0.0,3.7133333333333334,3.845555555555556,3.7,3.8
2022-03-27,3.7,0.0,0.0,3.71,3.8433333333333333,3.7,3.8
2022-03-28,3.7,0.0,0.0,3.7066666666666666,3.841111111111111,3.7,3.8
2022-03-29,3.7,0.0,0.0,3.7033333333333336,3.838888888888889,3.7,3.8
2022-03-30,3.7,0.0,0.0,3.7,3.836666666666667,3.7,3.8
2022-03-31,3.7,0.0,0.0,3.7,3.8344444444444448,3.7,3.7
2022-04-01,3.7,0.0,0.0,3.7,3.8311111111111114,3.7,3.7
2022-04-02,3.7,0.0,0.0,3.7,3.827777777777778,3.7,3.7
2022-04-03,3.7,0.0,0.0,3.7,3.824444444444445,3.7,3.7
2022-04-04,3.7,0.0,0.0,3.7,3.8211111111111116,3.7,3.7
2022-04-05,3.7,0.0,0.0,3.7,3.817777777777778,3.7,3.7
2022-04-06,3.7,0.0,0.0,3.7,3.8144444444444447,3.7,3.7
2022-04-07,3.7,0.0,0.0,3.7,3.811111111111111,3.7,3.7
2022-04-08,3.7,0.0,0.0,3.7,3.8077777777777784,3.7,3.7
2022-04-09,3.7,0.0,0.0,3.7,3.804444444444445,3.7,3.7
2022-04-10,3.7,0.0,0.0,3.7,3.8011111111111116,3.7,3.7
2022-04-11,3.7,0.0,0.0,3.7,3.7977777777777777,3.7,3.7
2022-04-12,3.7,0.0,0.0,3.7,3.7944444444444443,3.7,3.7
2022-04-13,3.7,0.0,0.0,3.7,3.7911111111111118,3.7,3.7
2022-04-14,3.7,0.0,0.0,3.7,3.7877777777777784,3.7,3.7
2022-04-15,3.7,0.0,0.0,3.7,3.7844444444444445,3.7,3.7
2022-04-16,3.7,0.0,0.0,3.7,3.781111111111111,3.7,3.7
2022-04-17,3.7,0.0,0.0,3.7,3.7777777777777777,3.7,3.7
2022-04-18,3.7,0.0,0.0,3.7,3.774444444444445,3.7,3.7
2022-04-19,3.7,0.0,0.0,3.7,3.7711111111111113,3.7,3.7
2022-04-20,3.7,0.0,0.0,3.7,3.767777777777778,3.7,3.7
2022-04-21,3.7,0.0,0.0,3.7,3.7644444444444445,3.7,3.7
2022-04-22,3.7,0.0,0.0,3.7,3.761111111111111,3.7,3.7
2022-04-23,3.7,0.0,0.0,3.7,3.757777777777778,3.7,3.7
2022-04-24,3.7,0.0,0.0,3.7,3.7544444444444447,3.7,3.7
2022-04-25,3.7,0.0,0.0,3.7,3.7511111111111113,3.7,3.7
2022-04-26,3.7,0.0,0.0,3.7,3.747777777777778,3.7,3.7
2022-04-27,3.7,0.0,0.0,3.7,3.7444444444444445,3.7,3.7
2022-04-28,3.7,0.0,0.0,3.7,3.7411111111111115,3.7,3.7
2022-04-29,3.7,0.0,0.0,3.7,3.737777777777778,3.7,3.7
2022-04-30,3.7,0.0,0.0,3.7,3.7344444444444447,3.7,3.7
2022-05-01,3.6,-0.10000000000000009,-0.027027027027027084,3.6966666666666668,3.7300000000000004,3.7,3.7
2022-05-02,3.6,0.0,0.0,3.693333333333334,3.727777777777778,3.7,3.7
2022-05-03,3.6,0.0,0.0,3.69,3.7255555555555557,3.7,3.7
2022-05-04,3.6,0.0,0.0,3.686666666666667,3.723333333333333,3.7,3.7
2022-05-05,3.6,0.0,0.0,3.683333333333333,3.7211111111111115,3.7,3.7
2022-05-06,3.6,0.0,0.0,3.68,3.7188888888888894,3.7,3.7
2022-05-07,3.6,0.0,0.0,3.676666666666667,3.716666666666667,3.7,3.7
2022-05-08,3.6,0.0,0.0,3.6733333333333333,3.7144444444444447,3.6,3.7
2022-05-09,3.6,0.0,0.0,3.6700000000000004,3.7122222222222216,3.6,3.7
2022-05-10,3.6,0.0,0.0,3.6666666666666665,3.7100000000000004,3.6,3.7
2022-05-11,3.6,0.0,0.0,3.6633333333333336,3.7077777777777783,3.6,3.7
2022-05-12,3.6,0.0,0.0,3.6600000000000006,3.7055555555555557,3.6,3.7
2022-05-13,3.6,0.0,0.0,3.6566666666666667,3.7033333333333336,3.6,3.7
2022-05-14,3.6,0.0,0.0,3.6533333333333338,3.7011111111111106,3.6,3.7
2022-05-15,3.6,0.0,0.0,3.65,3.6988888888888893,3.6,3.7
2022-05-16,3.6,0.0,0.0,3.646666666666667,3.696666666666667,3.6,3.7
2022-05-17,3.6,0.0,0.0,3.6433333333333335,3.6944444444444446,3.6,3.7
2022-05-18,3.6,0.0,0.0,3.64,3.6922222222222225,3.6,3.7
2022-05-19,3.6,0.0,0.0,3.636666666666667,3.6899999999999995,3.6,3.7
2022-05-20,3.6,0.0,0.0,3.6333333333333333,3.6877777777777783,3.6,3.7
2022-05-21,3.6,0.0,0.0,3.6300000000000003,3.685555555555556,3.6,3.7
2022-05-22,3.6,0.0,0.0,3.6266666666666665,3.683333333333333,3.6,3.7
2022-05-23,3.6,0.0,0.0,3.6233333333333335,3.6811111111111114,3.6,3.7
2022-05-24,3.6,0.0,0.0,3.62,3.6788888888888884,3.6,3.7
2022-05-25,3.6,0.0,0.0,3.6166666666666667,3.676666666666667,3.6,3.7
2022-05-26,3.6,0.0,0.0,3.6133333333333337,3.674444444444445,3.6,3.7
2022-05-27,3.6,0.0,0.0,3.61,3.672222222222222,3.6,3.7
2022-05-28,3.6,0.0,0.0,3.606666666666667,3.67,3.6,3.7
2022-05-29,3.6,0.0,0.0,3.6033333333333335,3.6677777777777774,3.6,3.7
2022-05-30,3.6,0.0,0.0,3.6,3.6666666666666665,3.6,3.7
2022-05-31,3.6,0.0,0.0,3.6,3.665555555555556,3.6,3.6
2022-06-01,3.6,0.0,0.0,3.6,3.6644444444444444,3.6,3.6
2022-06-02,3.6,0.0,0.0,3.6,3.663333333333334,3.6,3.6
2022-06-03,3.6,0.0,0.0,3.6,3.662222222222222,3.6,3.6
2022-06-04,3.6,0.0,0.0,3.6,3.661111111111111,3.6,3.6
2022-06-05,3.6,0.0,0.0,3.6,3.6600000000000006,3.6,3.6
2022-06-06,3.6,0.0,0.0,3.6,3.658888888888889,3.6,3.6
2022-06-07,3.6,0.0,0.0,3.6,3.6577777777777785,3.6,3.6
2022-06-08,3.6,0.0,0.0,3.6,3.6566666666666663,3.6,3.6
2022-06-09,3.6,0.0,0.0,3.6,3.6555555555555554,3.6,3.6
2022-06-10,3.6,0.0,0.0,3.6,3.6544444444444446,3.6,3.6
2022-06-11,3.6,0.0,0.0,3.6,3.6533333333333333,3.6,3.6
2022-06-12,3.6,0.0,0.0,3.6,3.652222222222223,3.6,3.6
2022-06-13,3.6,0.0,0.0,3.6,3.6511111111111108,3.6,3.6
2022-06-14,3.6,0.0,0.0,3.6,3.65,3.6,3.6
2022-06-15,3.6,0.0,0.0,3.6,3.648888888888889,3.6,3.6
2022-06-16,3.6,0.0,0.0,3.6,3.647777777777778,3.6,3.6
2022-06-17,3.6,0.0,0.0,3.6,3.6466666666666674,3.6,3.6
2022-06-18,3.6,0.0,0.0,3.6,3.645555555555555,3.6,3.6
2022-06-19,3.6,0.0,0.0,3.6,3.6444444444444444,3.6,3.6
2022-06-20,3.6,0.0,0.0,3.6,3.6433333333333335,3.6,3.6
2022-06-21,3.6,0.0,0.0,3.6,3.6422222222222222,3.6,3.6
2022-06-22,3.6,0.0,0.0,3.6,3.6411111111111114,3.6,3.6
2022-06-23,3.6,0.0,0.0,3.6,3.6399999999999997,3.6,3.6
2022-06-24,3.6,0.0,0.0,3.6,3.638888888888889,3.6,3.6
2022-06-25,3.6,0.0,0.0,3.6,3.637777777777778,3.6,3.6
2022-06-26,3.6,0.0,0.0,3.6,3.6366666666666667,3.6,3.6
2022-06-27,3.6,0.0,0.0,3.6,3.635555555555556,3.6,3.6
2022-06-28,3.6,0.0,0.0,3.6,3.634444444444444,3.6,3.6
2022-06-29,3.6,0.0,0.0,3.6,3.6333333333333333,3.6,3.6
2022-06-30,3.6,0.0,0.0,3.6,3.6322222222222225,3.6,3.6
2022-07-01,3.5,-0.10000000000000009,-0.02777777777777779,3.5966666666666667,3.6300000000000003,3.6,3.6
2022-07-02,3.5,0.0,0.0,3.5933333333333337,3.6277777777777778,3.6,3.6
2022-07-03,3.5,0.0,0.0,3.5900000000000003,3.6255555555555556,3.6,3.6
2022-07-04,3.5,0.0,0.0,3.586666666666667,3.6233333333333335,3.6,3.6
2022-07-05,3.5,0.0,0.0,3.5833333333333335,3.6211111111111114,3.6,3.6
2022-07-06,3.5,0.0,0.0,3.58,3.6188888888888893,3.6,3.6
2022-07-07,3.5,0.0,0.0,3.576666666666667,3.6166666666666667,3.6,3.6
2022-07-08,3.5,0.0,0.0,3.5733333333333333,3.6144444444444446,3.5,3.6
2022-07-09,3.5,0.0,0.0,3.5700000000000003,3.6122222222222224,3.5,3.6
2022-07-10,3.5,0.0,0.0,3.566666666666667,3.6100000000000003,3.5,3.6
2022-07-11,3.5,0.0,0.0,3.5633333333333335,3.607777777777778,3.5,3.6
2022-07-12,3.5,0.0,0.0,3.56,3.6055555555555556,3.5,3.6
2022-07-13,3.5,0.0,0.0,3.5566666666666666,3.6033333333333335,3.5,3.6
2022-07-14,3.5,0.0,0.0,3.5533333333333337,3.6011111111111114,3.5,3.6
2022-07-15,3.5,0.0,0.0,3.55,3.5988888888888892,3.5,3.6
2022-07-16,3.5,0.0,0.0,3.546666666666667,3.596666666666667,3.5,3.6
2022-07-17,3.5,0.0,0.0,3.5433333333333334,3.5944444444444446,3.5,3.6
2022-07-18,3.5,0.0,0.0,3.54,3.5922222222222224,3.5,3.6
2022-07-19,3.5,0.0,0.0,3.536666666666667,3.5900000000000003,3.5,3.6
2022-07-20,3.5,0.0,0.0,3.533333333333333,3.587777777777778,3.5,3.6
2022-07-21,3.5,0.0,0.0,3.5300000000000002,3.585555555555556,3.5,3.6
2022-07-22,3.5,0.0,0.0,3.5266666666666664,3.5833333333333335,3.5,3.6
2022-07-23,3.5,0.0,0.0,3.5233333333333334,3.5811111111111114,3.5,3.6
2022-07-24,3.5,0.0,0.0,3.5200000000000005,3.5788888888888892,3.5,3.6
2022-07-25,3.5,0.0,0.0,3.5166666666666666,3.576666666666667,3.5,3.6
2022-07-26,3.5,0.0,0.0,3.5133333333333336,3.574444444444445,3.5,3.6
2022-07-27,3.5,0.0,0.0,3.51,3.5722222222222224,3.5,3.6
2022-07-28,3.5,0.0,0.0,3.506666666666667,3.5700000000000003,3.5,3.6
2022-07-29,3.5,0.0,0.0,3.5033333333333334,3.567777777777778,3.5,3.6
2022-07-30,3.5,0.0,0.0,3.5,3.566666666666667,3.5,3.6
2022-07-31,3.5,0.0,0.0,3.5,3.565555555555556,3.5,3.5
2022-08-01,3.6,0.10000000000000009,0.028571428571428692,3.503333333333333,3.565555555555555,3.5,3.5
2022-08-02,3.6,0.0,0.0,3.506666666666667,3.565555555555556,3.5,3.5
2022-08-03,3.6,0.0,0.0,3.51,3.565555555555555,3.5,3.5
2022-08-04,3.6,0.0,0.0,3.513333333333333,3.565555555555555,3.5,3.5
2022-08-05,3.6,0.0,0.0,3.5166666666666666,3.565555555555556,3.5,3.5
2022-08-06,3.6,0.0,0.0,3.52,3.565555555555555,3.5,3.5
2022-08-07,3.6,0.0,0.0,3.5233333333333334,3.565555555555556,3.5,3.5
2022-08-08,3.6,0.0,0.0,3.5266666666666664,3.565555555555555,3.6,3.5
2022-08-09,3.6,0.0,0.0,3.5300000000000002,3.565555555555555,3.6,3.5
2022-08-10,3.6,0.0,0.0,3.533333333333333,3.565555555555556,3.6,3.5
2022-08-11,3.6,0.0,0.0,3.5366666666666666,3.565555555555555,3.6,3.5
2022-08-12,3.6,0.0,0.0,3.54,3.565555555555556,3.6,3.5
2022-08-13,3.6,0.0,0.0,3.5433333333333334,3.565555555555555,3.6,3.5
2022-08-14,3.6,0.0,0.0,3.546666666666667,3.565555555555555,3.6,3.5
2022-08-15,3.6,0.0,0.0,3.55,3.565555555555556,3.6,3.5
2022-08-16,3.6,0.0,0.0,3.5533333333333332,3.565555555555555,3.6,3.5
2022-08-17,3.6,0.0,0.0,3.5566666666666666,3.565555555555556,3.6,3.5
2022-08-18,3.6,0.0,0.0,3.56,3.565555555555556,3.6,3.5
2022-08-19,3.6,0.0,0.0,3.5633333333333335,3.565555555555555,3.6,3.5
2022-08-20,3.6,0.0,0.0,3.566666666666667,3.565555555555556,3.6,3.5
2022-08-21,3.6,0.0,0.0,3.57,3.565555555555555,3.6,3.5
2022-08-22,3.6,0.0,0.0,3.5733333333333333,3.565555555555556,3.6,3.5
2022-08-23,3.6,0.0,0.0,3.5766666666666667,3.565555555555556,3.6,3.5
2022-08-24,3.6,0.0,0.0,3.58,3.565555555555555,3.6,3.5
2022-08-25,3.6,0.0,0.0,3.5833333333333335,3.565555555555556,3.6,3.5
2022-08-26,3.6,0.0,0.0,3.5866666666666664,3.565555555555555,3.6,3.5
2022-08-27,3.6,0.0,0.0,3.5900000000000003,3.565555555555556,3.6,3.5
2022-08-28,3.6,0.0,0.0,3.5933333333333333,3.565555555555556,3.6,3.5
2022-08-29,3.6,0.0,0.0,3.5966666666666667,3.565555555555555,3.6,3.5
2022-08-30,3.6,0.0,0.0,3.6,3.565555555555556,3.6,3.5
2022-08-31,3.6,0.0,0.0,3.6,3.565555555555555,3.6,3.6
2022-09-01,3.5,-0.10000000000000009,-0.02777777777777779,3.5966666666666662,3.5644444444444447,3.6,3.6
2022-09-02,3.5,0.0,0.0,3.5933333333333333,3.563333333333333,3.6,3.6
2022-09-03,3.5,0.0,0.0,3.5900000000000003,3.5622222222222217,3.6,3.6
2022-09-04,3.5,0.0,0.0,3.5866666666666664,3.561111111111111,3.6,3.6
2022-09-05,3.5,0.0,0.0,3.5833333333333335,3.5599999999999996,3.6,3.6
2022-09-06,3.5,0.0,0.0,3.5799999999999996,3.558888888888889,3.6,3.6
2022-09-07,3.5,0.0,0.0,3.5766666666666667,3.5577777777777775,3.6,3.6
2022-09-08,3.5,0.0,0.0,3.573333333333333,3.556666666666666,3.5,3.6
2022-09-09,3.5,0.0,0.0,3.57,3.5555555555555554,3.5,3.6
2022-09-10,3.5,0.0,0.0,3.566666666666667,3.554444444444444,3.5,3.6
2022-09-11,3.5,0.0,0.0,3.563333333333333,3.5533333333333337,3.5,3.6
2022-09-12,3.5,0.0,0.0,3.56,3.552222222222222,3.5,3.6
2022-09-13,3.5,0.0,0.0,3.556666666666666,3.5511111111111107,3.5,3.6
2022-09-14,3.5,0.0,0.0,3.5533333333333332,3.55,3.5,3.6
2022-09-15,3.5,0.0,0.0,3.55,3.5488888888888885,3.5,3.6
2022-09-16,3.5,0.0,0.0,3.5466666666666664,3.5477777777777777,3.5,3.6
2022-09-17,3.5,0.0,0.0,3.5433333333333334,3.5466666666666664,3.5,3.6
2022-09-18,3.5,0.0,0.0,3.5399999999999996,3.545555555555555,3.5,3.6
2022-09-19,3.5,0.0,0.0,3.5366666666666666,3.5444444444444443,3.5,3.6
2022-09-20,3.5,0.0,0.0,3.533333333333333,3.543333333333333,3.5,3.6
2022-09-21,3.5,0.0,0.0,3.53,3.542222222222222,3.5,3.6
2022-09-22,3.5,0.0,0.0,3.5266666666666664,3.541111111111111,3.5,3.6
2022-09-23,3.5,0.0,0.0,3.523333333333333,3.5399999999999996,3.5,3.6
2022-09-24,3.5,0.0,0.0,3.52,3.5388888888888888,3.5,3.6
2022-09-25,3.5,0.0,0.0,3.5166666666666666,3.5377777777777775,3.5,3.6
2022-09-26,3.5,0.0,0.0,3.513333333333333,3.5366666666666666,3.5,3.6
2022-09-27,3.5,0.0,0.0,3.51,3.5355555555555553,3.5,3.6
2022-09-28,3.5,0.0,0.0,3.5066666666666664,3.534444444444444,3.5,3.6
2022-09-29,3.5,0.0,0.0,3.503333333333333,3.534444444444444,3.5,3.6
2022-09-30,3.5,0.0,0.0,3.5,3.534444444444444,3.5,3.6
2022-10-01,3.6,0.10000000000000009,0.028571428571428692,3.5033333333333334,3.5355555555555553,3.5,3.5
2022-10-02,3.6,0.0,0.0,3.506666666666667,3.5366666666666666,3.5,3.5
2022-10-03,3.6,0.0,0.0,3.5100000000000002,3.5377777777777775,3.5,3.5
2022-10-04,3.6,0.0,0.0,3.5133333333333336,3.5388888888888888,3.5,3.5
2022-10-05,3.6,0.0,0.0,3.5166666666666666,3.5399999999999996,3.5,3.5
2022-10-06,3.6,0.0,0.0,3.5200000000000005,3.541111111111111,3.5,3.5
2022-10-07,3.6,0.0,0.0,3.5233333333333334,3.542222222222222,3.5,3.5
2022-10-08,3.6,0.0,0.0,3.526666666666667,3.543333333333333,3.6,3.5
2022-10-09,3.6,0.0,0.0,3.5300000000000002,3.5444444444444443,3.6,3.5
2022-10-10,3.6,0.0,0.0,3.533333333333333,3.545555555555555,3.6,3.5
2022-10-11,3.6,0.0,0.0,3.536666666666667,3.5466666666666664,3.6,3.5
2022-10-12,3.6,0.0,0.0,3.54,3.5477777777777777,3.6,3.5
2022-10-13,3.6,0.0,0.0,3.543333333333334,3.5488888888888885,3.6,3.5
2022-10-14,3.6,0.0,0.0,3.546666666666667,3.55,3.6,3.5
2022-10-15,3.6,0.0,0.0,3.5500000000000003,3.5511111111111107,3.6,3.5
2022-10-16,3.6,0.0,0.0,3.5533333333333337,3.552222222222222,3.6,3.5
2022-10-17,3.6,0.0,0.0,3.5566666666666666,3.5533333333333337,3.6,3.5
2022-10-18,3.6,0.0,0.0,3.5600000000000005,3.554444444444444,3.6,3.5
2022-10-19,3.6,0.0,0.0,3.5633333333333335,3.5555555555555554,3.6,3.5
2022-10-20,3.6,0.0,0.0,3.5666666666666673,3.556666666666666,3.6,3.5
2022-10-21,3.6,0.0,0.0,3.5700000000000003,3.5577777777777775,3.6,3.5
2022-10-22,3.6,0.0,0.0,3.5733333333333333,3.558888888888889,3.6,3.5
2022-10-23,3.6,0.0,0.0,3.576666666666667,3.5599999999999996,3.6,3.5
2022-10-24,3.6,0.0,0.0,3.58,3.561111111111111,3.6,3.5
2022-10-25,3.6,0.0,0.0,3.583333333333334,3.5622222222222217,3.6,3.5
2022-10-26,3.6,0.0,0.0,3.586666666666667,3.563333333333333,3.6,3.5
2022-10-27,3.6,0.0,0.0,3.5900000000000003,3.5644444444444447,3.6,3.5
2022-10-28,3.6,0.0,0.0,3.5933333333333337,3.565555555555555,3.6,3.5
2022-10-29,3.6,0.0,0.0,3.5966666666666667,3.566666666666667,3.6,3.5
2022-10-30,3.6,0.0,0.0,3.6,3.566666666666667,3.6,3.5
2022-10-31,3.6,0.0,0.0,3.6,3.566666666666667,3.6,3.6
2022-11-01,3.6,0.0,0.0,3.6,3.5666666666666673,3.6,3.6
2022-11-02,3.6,0.0,0.0,3.6,3.566666666666667,3.6,3.6
2022-11-03,3.6,0.0,0.0,3.6,3.566666666666667,3.6,3.6
2022-11-04,3.6,0.0,0.0,3.6,3.566666666666667,3.6,3.6
2022-11-05,3.6,0.0,0.0,3.6,3.566666666666667,3.6,3.6
2022-11-06,3.6,0.0,0.0,3.6,3.5666666666666673,3.6,3.6
2022-11-07,3.6,0.0,0.0,3.6,3.566666666666667,3.6,3.6
2022-11-08,3.6,0.0,0.0,3.6,3.566666666666667,3.6,3.6
2022-11-09,3.6,0.0,0.0,3.6,3.566666666666667,3.6,3.6
2022-11-10,3.6,0.0,0.0,3.6,3.566666666666667,3.6,3.6
2022-11-11,3.6,0.0,0.0,3.6,3.566666666666667,3.6,3.6
2022-11-12,3.6,0.0,0.0,3.6,3.566666666666667,3.6,3.6
2022-11-13,3.6,0.0,0.0,3.6,3.566666666666667,3.6,3.6
2022-11-14,3.6,0.0,0.0,3.6,3.566666666666667,3.6,3.6
2022-11-15,3.6,0.0,0.0,3.6,3.566666666666667,3.6,3.6
2022-11-16,3.6,0.0,0.0,3.6,3.566666666666667,3.6,3.6
2022-11-17,3.6,0.0,0.0,3.6,3.566666666666667,3.6,3.6
2022-11-18,3.6,0.0,0.0,3.6,3.566666666666667,3.6,3.6
2022-11-19,3.6,0.0,0.0,3.6,3.566666666666667,3.6,3.6
2022-11-20,3.6,0.0,0.0,3.6,3.566666666666667,3.6,3.6
2022-11-21,3.6,0.0,0.0,3.6,3.566666666666667,3.6,3.6
2022-11-22,3.6,0.0,0.0,3.6,3.566666666666667,3.6,3.6
2022-11-23,3.6,0.0,0.0,3.6,3.566666666666667,3.6,3.6
2022-11-24,3.6,0.0,0.0,3.6,3.566666666666667,3.6,3.6
2022-11-25,3.6,0.0,0.0,3.6,3.566666666666667,3.6,3.6
2022-11-26,3.6,0.0,0.0,3.6,3.566666666666667,3.6,3.6
2022-11-27,3.6,0.0,0.0,3.6,3.566666666666667,3.6,3.6
2022-11-28,3.6,0.0,0.0,3.6,3.566666666666667,3.6,3.6
2022-11-29,3.6,0.0,0.0,3.6,3.566666666666667,3.6,3.6
2022-11-30,3.6,0.0,0.0,3.6,3.567777777777778,3.6,3.6
2022-12-01,3.5,-0.10000000000000009,-0.02777777777777779,3.5966666666666667,3.567777777777778,3.6,3.6
2022-12-02,3.5,0.0,0.0,3.5933333333333333,3.567777777777778,3.6,3.6
2022-12-03,3.5,0.0,0.0,3.5900000000000003,3.567777777777778,3.6,3.6
2022-12-04,3.5,0.0,0.0,3.5866666666666664,3.567777777777778,3.6,3.6
2022-12-05,3.5,0.0,0.0,3.5833333333333335,3.567777777777778,3.6,3.6
2022-12-06,3.5,0.0,0.0,3.58,3.567777777777778,3.6,3.6
2022-12-07,3.5,0.0,0.0,3.5766666666666667,3.567777777777778,3.6,3.6
2022-12-08,3.5,0.0,0.0,3.5733333333333333,3.567777777777778,3.5,3.6
2022-12-09,3.5,0.0,0.0,3.57,3.567777777777778,3.5,3.6
2022-12-10,3.5,0.0,0.0,3.566666666666667,3.567777777777778,3.5,3.6
2022-12-11,3.5,0.0,0.0,3.5633333333333335,3.567777777777778,3.5,3.6
2022-12-12,3.5,0.0,0.0,3.56,3.567777777777778,3.5,3.6
2022-12-13,3.5,0.0,0.0,3.5566666666666666,3.567777777777778,3.5,3.6
2022-12-14,3.5,0.0,0.0,3.5533333333333332,3.567777777777778,3.5,3.6
2022-12-15,3.5,0.0,0.0,3.55,3.567777777777778,3.5,3.6
2022-12-16,3.5,0.0,0.0,3.5466666666666664,3.567777777777778,3.5,3.6
2022-12-17,3.5,0.0,0.0,3.5433333333333334,3.567777777777778,3.5,3.6
2022-12-18,3.5,0.0,0.0,3.54,3.567777777777778,3.5,3.6
2022-12-19,3.5,0.0,0.0,3.5366666666666666,3.567777777777778,3.5,3.6
2022-12-20,3.5,0.0,0.0,3.533333333333333,3.567777777777778,3.5,3.6
2022-12-21,3.5,0.0,0.0,3.53,3.567777777777778,3.5,3.6
2022-12-22,3.5,0.0,0.0,3.5266666666666664,3.567777777777778,3.5,3.6
2022-12-23,3.5,0.0,0.0,3.5233333333333334,3.567777777777778,3.5,3.6
2022-12-24,3.5,0.0,0.0,3.52,3.567777777777778,3.5,3.6
2022-12-25,3.5,0.0,0.0,3.5166666666666666,3.567777777777778,3.5,3.6
2022-12-26,3.5,0.0,0.0,3.513333333333333,3.567777777777778,3.5,3.6
2022-12-27,3.5,0.0,0.0,3.51,3.567777777777778,3.5,3.6
2022-12-28,3.5,0.0,0.0,3.506666666666667,3.567777777777778,3.5,3.6
2022-12-29,3.5,0.0,0.0,3.503333333333333,3.567777777777778,3.5,3.6
2022-12-30,3.5,0.0,0.0,3.5,3.566666666666667,3.5,3.6
2022-12-31,3.5,0.0,0.0,3.5,3.565555555555555,3.5,3.5
2023-01-01,3.5,0.0,0.0,3.5,3.5644444444444447,3.5,3.5
2023-01-02,3.5,0.0,0.0,3.5,3.563333333333333,3.5,3.5
2023-01-03,3.5,0.0,0.0,3.5,3.5622222222222226,3.5,3.5
2023-01-04,3.5,0.0,0.0,3.5,3.561111111111111,3.5,3.5
2023-01-05,3.5,0.0,0.0,3.5,3.5599999999999996,3.5,3.5
2023-01-06,3.5,0.0,0.0,3.5,3.558888888888889,3.5,3.5
2023-01-07,3.5,0.0,0.0,3.5,3.5577777777777775,3.5,3.5
2023-01-08,3.5,0.0,0.0,3.5,3.556666666666667,3.5,3.5
2023-01-09,3.5,0.0,0.0,3.5,3.5555555555555554,3.5,3.5
2023-01-10,3.5,0.0,0.0,3.5,3.554444444444444,3.5,3.5
2023-01-11,3.5,0.0,0.0,3.5,3.5533333333333337,3.5,3.5
2023-01-12,3.5,0.0,0.0,3.5,3.552222222222222,3.5,3.5
2023-01-13,3.5,0.0,0.0,3.5,3.5511111111111116,3.5,3.5
2023-01-14,3.5,0.0,0.0,3.5,3.55,3.5,3.5
2023-01-15,3.5,0.0,0.0,3.5,3.5488888888888885,3.5,3.5
2023-01-16,3.5,0.0,0.0,3.5,3.5477777777777777,3.5,3.5
2023-01-17,3.5,0.0,0.0,3.5,3.5466666666666664,3.5,3.5
2023-01-18,3.5,0.0,0.0,3.5,3.545555555555556,3.5,3.5
2023-01-19,3.5,0.0,0.0,3.5,3.5444444444444443,3.5,3.5
2023-01-20,3.5,0.0,0.0,3.5,3.543333333333333,3.5,3.5
2023-01-21,3.5,0.0,0.0,3.5,3.542222222222222,3.5,3.5
2023-01-22,3.5,0.0,0.0,3.5,3.541111111111111,3.5,3.5
2023-01-23,3.5,0.0,0.0,3.5,3.54,3.5,3.5
2023-01-24,3.5,0.0,0.0,3.5,3.5388888888888888,3.5,3.5
2023-01-25,3.5,0.0,0.0,3.5,3.5377777777777775,3.5,3.5
2023-01-26,3.5,0.0,0.0,3.5,3.5366666666666666,3.5,3.5
2023-01-27,3.5,0.0,0.0,3.5,3.5355555555555553,3.5,3.5
2023-01-28,3.5,0.0,0.0,3.5,3.5344444444444445,3.5,3.5
2023-01-29,3.5,0.0,0.0,3.5,3.533333333333333,3.5,3.5
2023-01-30,3.5,0.0,0.0,3.5,3.532222222222222,3.5,3.5
2023-01-31,3.5,0.0,0.0,3.5,3.531111111111111,3.5,3.5
2023-02-01,3.6,0.10000000000000009,0.028571428571428692,3.5033333333333334,3.531111111111111,3.5,3.5
2023-02-02,3.6,0.0,0.0,3.506666666666667,3.531111111111111,3.5,3.5
2023-02-03,3.6,0.0,0.0,3.51,3.531111111111111,3.5,3.5
2023-02-04,3.6,0.0,0.0,3.5133333333333336,3.5311111111111106,3.5,3.5
2023-02-05,3.6,0.0,0.0,3.5166666666666666,3.531111111111111,3.5,3.5
2023-02-06,3.6,0.0,0.0,3.5200000000000005,3.531111111111111,3.5,3.5
2023-02-07,3.6,0.0,0.0,3.5233333333333334,3.531111111111111,3.5,3.5
2023-02-08,3.6,0.0,0.0,3.5266666666666664,3.531111111111111,3.6,3.5
2023-02-09,3.6,0.0,0.0,3.5300000000000002,3.5311111111111106,3.6,3.5
2023-02-10,3.6,0.0,0.0,3.533333333333333,3.531111111111111,3.6,3.5
2023-02-11,3.6,0.0,0.0,3.536666666666667,3.531111111111111,3.6,3.5
2023-02-12,3.6,0.0,0.0,3.54,3.531111111111111,3.6,3.5
2023-02-13,3.6,0.0,0.0,3.543333333333334,3.531111111111111,3.6,3.5
2023-02-14,3.6,0.0,0.0,3.546666666666667,3.5311111111111106,3.6,3.5
2023-02-15,3.6,0.0,0.0,3.55,3.531111111111111,3.6,3.5
2023-02-16,3.6,0.0,0.0,3.5533333333333337,3.531111111111111,3.6,3.5
2023-02-17,3.6,0.0,0.0,3.5566666666666666,3.531111111111111,3.6,3.5
2023-02-18,3.6,0.0,0.0,3.5600000000000005,3.531111111111111,3.6,3.5
2023-02-19,3.6,0.0,0.0,3.5633333333333335,3.5311111111111106,3.6,3.5
2023-02-20,3.6,0.0,0.0,3.566666666666667,3.531111111111111,3.6,3.5
2023-02-21,3.6,0.0,0.0,3.5700000000000003,3.531111111111111,3.6,3.5
2023-02-22,3.6,0.0,0.0,3.5733333333333333,3.531111111111111,3.6,3.5
2023-02-23,3.6,0.0,0.0,3.576666666666667,3.531111111111111,3.6,3.5
2023-02-24,3.6,0.0,0.0,3.58,3.5311111111111106,3.6,3.5
2023-02-25,3.6,0.0,0.0,3.5833333333333335,3.531111111111111,3.6,3.5
2023-02-26,3.6,0.0,0.0,3.586666666666667,3.531111111111111,3.6,3.5
2023-02-27,3.6,0.0,0.0,3.5900000000000003,3.531111111111111,3.6,3.5
2023-02-28,3.6,0.0,0.0,3.5933333333333337,3.531111111111111,3.6,3.5
2023-03-01,3.5,-0.10000000000000009,-0.02777777777777779,3.5933333333333337,3.531111111111111,3.6,3.5
2023-03-02,3.5,0.0,0.0,3.5933333333333337,3.531111111111111,3.6,3.5
2023-03-03,3.5,0.0,0.0,3.5900000000000003,3.531111111111111,3.6,3.6
2023-03-04,3.5,0.0,0.0,3.586666666666667,3.531111111111111,3.6,3.6
2023-03-05,3.5,0.0,0.0,3.583333333333334,3.531111111111111,3.6,3.6
2023-03-06,3.5,0.0,0.0,3.58,3.531111111111111,3.6,3.6
2023-03-07,3.5,0.0,0.0,3.576666666666667,3.531111111111111,3.6,3.6
2023-03-08,3.5,0.0,0.0,3.5733333333333333,3.531111111111111,3.5,3.6
2023-03-09,3.5,0.0,0.0,3.5700000000000003,3.531111111111111,3.5,3.6
2023-03-10,3.5,0.0,0.0,3.5666666666666673,3.531111111111111,3.5,3.6
2023-03-11,3.5,0.0,0.0,3.5633333333333335,3.531111111111111,3.5,3.6
2023-03-12,3.5,0.0,0.0,3.5600000000000005,3.531111111111111,3.5,3.6
2023-03-13,3.5,0.0,0.0,3.5566666666666666,3.531111111111111,3.5,3.6
2023-03-14,3.5,0.0,0.0,3.5533333333333337,3.531111111111111,3.5,3.6
2023-03-15,3.5,0.0,0.0,3.55,3.531111111111111,3.5,3.6
2023-03-16,3.5,0.0,0.0,3.546666666666667,3.531111111111111,3.5,3.6
2023-03-17,3.5,0.0,0.0,3.543333333333334,3.531111111111111,3.5,3.6
2023-03-18,3.5,0.0,0.0,3.54,3.531111111111111,3.5,3.6
2023-03-19,3.5,0.0,0.0,3.536666666666667,3.531111111111111,3.5,3.6
2023-03-20,3.5,0.0,0.0,3.533333333333333,3.531111111111111,3.5,3.6
2023-03-21,3.5,0.0,0.0,3.5300000000000002,3.531111111111111,3.5,3.6
2023-03-22,3.5,0.0,0.0,3.526666666666667,3.531111111111111,3.5,3.6
2023-03-23,3.5,0.0,0.0,3.5233333333333334,3.531111111111111,3.5,3.6
2023-03-24,3.5,0.0,0.0,3.5200000000000005,3.531111111111111,3.5,3.6
2023-03-25,3.5,0.0,0.0,3.5166666666666666,3.531111111111111,3.5,3.6
2023-03-26,3.5,0.0,0.0,3.5133333333333336,3.531111111111111,3.5,3.6
2023-03-27,3.5,0.0,0.0,3.5100000000000002,3.531111111111111,3.5,3.6
2023-03-28,3.5,0.0,0.0,3.506666666666667,3.531111111111111,3.5,3.6
2023-03-29,3.5,0.0,0.0,3.5033333333333334,3.531111111111111,3.5,3.6
2023-03-30,3.5,0.0,0.0,3.5,3.531111111111111,3.5,3.6
2023-03-31,3.5,0.0,0.0,3.5,3.531111111111111,3.5,3.5
2023-04-01,3.4,-0.10000000000000009,-0.02857142857142858,3.4966666666666666,3.53,3.5,3.5
2023-04-02,3.4,0.0,0.0,3.493333333333333,3.528888888888889,3.5,3.5
2023-04-03,3.4,0.0,0.0,3.4899999999999998,3.5277777777777777,3.5,3.5
2023-04-04,3.4,0.0,0.0,3.4866666666666664,3.5266666666666664,3.5,3.5
2023-04-05,3.4,0.0,0.0,3.4833333333333334,3.5255555555555556,3.5,3.5
2023-04-06,3.4,0.0,0.0,3.4799999999999995,3.5244444444444443,3.5,3.5
2023-04-07,3.4,0.0,0.0,3.4766666666666666,3.5233333333333334,3.5,3.5
2023-04-08,3.4,0.0,0.0,3.473333333333333,3.522222222222222,3.4,3.5
2023-04-09,3.4,0.0,0.0,3.4699999999999998,3.521111111111111,3.4,3.5
2023-04-10,3.4,0.0,0.0,3.466666666666667,3.52,3.4,3.5
2023-04-11,3.4,0.0,0.0,3.463333333333333,3.5188888888888887,3.4,3.5
2023-04-12,3.4,0.0,0.0,3.46,3.517777777777778,3.4,3.5
2023-04-13,3.4,0.0,0.0,3.456666666666666,3.5166666666666666,3.4,3.5
2023-04-14,3.4,0.0,0.0,3.453333333333333,3.5155555555555553,3.4,3.5
2023-04-15,3.4,0.0,0.0,3.45,3.5144444444444445,3.4,3.5
2023-04-16,3.4,0.0,0.0,3.4466666666666663,3.513333333333333,3.4,3.5
2023-04-17,3.4,0.0,0.0,3.4433333333333334,3.5122222222222224,3.4,3.5
2023-04-18,3.4,0.0,0.0,3.4399999999999995,3.511111111111111,3.4,3.5
2023-04-19,3.4,0.0,0.0,3.4366666666666665,3.51,3.4,3.5
2023-04-20,3.4,0.0,0.0,3.4333333333333327,3.508888888888889,3.4,3.5
2023-04-21,3.4,0.0,0.0,3.4299999999999997,3.5077777777777777,3.4,3.5
2023-04-22,3.4,0.0,0.0,3.4266666666666667,3.506666666666667,3.4,3.5
2023-04-23,3.4,0.0,0.0,3.423333333333333,3.5055555555555555,3.4,3.5
2023-04-24,3.4,0.0,0.0,3.42,3.5044444444444443,3.4,3.5
2023-04-25,3.4,0.0,0.0,3.416666666666666,3.5033333333333334,3.4,3.5
2023-04-26,3.4,0.0,0.0,3.413333333333333,3.502222222222222,3.4,3.5
2023-04-27,3.4,0.0,0.0,3.4099999999999997,3.5011111111111113,3.4,3.5
2023-04-28,3.4,0.0,0.0,3.4066666666666663,3.5,3.4,3.5
2023-04-29,3.4,0.0,0.0,3.4033333333333333,3.4988888888888887,3.4,3.5
2023-04-30,3.4,0.0,0.0,3.4,3.497777777777778,3.4,3.5
2023-05-01,3.6,0.20000000000000018,0.05882352941176472,3.4066666666666667,3.4988888888888887,3.4,3.4
2023-05-02,3.6,0.0,0.0,3.413333333333333,3.4988888888888887,3.4,3.4
2023-05-03,3.6,0.0,0.0,3.4200000000000004,3.498888888888889,3.4,3.4
2023-05-04,3.6,0.0,0.0,3.4266666666666667,3.4988888888888887,3.4,3.4
2023-05-05,3.6,0.0,0.0,3.4333333333333327,3.498888888888889,3.4,3.4
2023-05-06,3.6,0.0,0.0,3.44,3.4988888888888887,3.4,3.4
2023-05-07,3.6,0.0,0.0,3.4466666666666663,3.4988888888888887,3.4,3.4
2023-05-08,3.6,0.0,0.0,3.4533333333333336,3.498888888888889,3.6,3.4
2023-05-09,3.6,0.0,0.0,3.46,3.4988888888888887,3.6,3.4
2023-05-10,3.6,0.0,0.0,3.4666666666666663,3.498888888888889,3.6,3.4
2023-05-11,3.6,0.0,0.0,3.4733333333333336,3.4988888888888887,3.6,3.4
2023-05-12,3.6,0.0,0.0,3.4799999999999995,3.4988888888888887,3.6,3.4
2023-05-13,3.6,0.0,0.0,3.486666666666667,3.498888888888889,3.6,3.4
2023-05-14,3.6,0.0,0.0,3.493333333333333,3.4988888888888887,3.6,3.4
2023-05-15,3.6,0.0,0.0,3.5,3.498888888888889,3.6,3.4
2023-05-16,3.6,0.0,0.0,3.506666666666667,3.4988888888888887,3.6,3.4
2023-05-17,3.6,0.0,0.0,3.513333333333333,3.4988888888888887,3.6,3.4
2023-05-18,3.6,0.0,0.0,3.5200000000000005,3.498888888888889,3.6,3.4
2023-05-19,3.6,0.0,0.0,3.5266666666666664,3.4988888888888887,3.6,3.4
2023-05-20,3.6,0.0,0.0,3.5333333333333337,3.498888888888889,3.6,3.4
2023-05-21,3.6,0.0,0.0,3.54,3.4988888888888887,3.6,3.4
2023-05-22,3.6,0.0,0.0,3.5466666666666664,3.4988888888888887,3.6,3.4
2023-05-23,3.6,0.0,0.0,3.5533333333333337,3.498888888888889,3.6,3.4
2023-05-24,3.6,0.0,0.0,3.56,3.4988888888888887,3.6,3.4
2023-05-25,3.6,0.0,0.0,3.5666666666666673,3.498888888888889,3.6,3.4
2023-05-26,3.6,0.0,0.0,3.5733333333333333,3.4988888888888887,3.6,3.4
2023-05-27,3.6,0.0,0.0,3.5799999999999996,3.4988888888888887,3.6,3.4
2023-05-28,3.6,0.0,0.0,3.586666666666667,3.498888888888889,3.6,3.4
2023-05-29,3.6,0.0,0.0,3.5933333333333333,3.4988888888888887,3.6,3.4
2023-05-30,3.6,0.0,0.0,3.6,3.5,3.6,3.4
2023-05-31,3.6,0.0,0.0,3.6,3.501111111111111,3.6,3.6
2023-06-01,3.6,0.0,0.0,3.6,3.502222222222222,3.6,3.6
2023-06-02,3.6,0.0,0.0,3.6,3.5033333333333334,3.6,3.6
2023-06-03,3.6,0.0,0.0,3.6,3.5044444444444443,3.6,3.6
2023-06-04,3.6,0.0,0.0,3.6,3.5055555555555555,3.6,3.6
2023-06-05,3.6,0.0,0.0,3.6,3.5066666666666664,3.6,3.6
2023-06-06,3.6,0.0,0.0,3.6,3.5077777777777777,3.6,3.6
2023-06-07,3.6,0.0,0.0,3.6,3.508888888888889,3.6,3.6
2023-06-08,3.6,0.0,0.0,3.6,3.51,3.6,3.6
2023-06-09,3.6,0.0,0.0,3.6,3.511111111111111,3.6,3.6
2023-06-10,3.6,0.0,0.0,3.6,3.512222222222222,3.6,3.6
2023-06-11,3.6,0.0,0.0,3.6,3.513333333333333,3.6,3.6
2023-06-12,3.6,0.0,0.0,3.6,3.5144444444444445,3.6,3.6
2023-06-13,3.6,0.0,0.0,3.6,3.5155555555555553,3.6,3.6
2023-06-14,3.6,0.0,0.0,3.6,3.5166666666666666,3.6,3.6
2023-06-15,3.6,0.0,0.0,3.6,3.5177777777777774,3.6,3.6
2023-06-16,3.6,0.0,0.0,3.6,3.5188888888888887,3.6,3.6
2023-06-17,3.6,0.0,0.0,3.6,3.52,3.6,3.6
2023-06-18,3.6,0.0,0.0,3.6,3.521111111111111,3.6,3.6
2023-06-19,3.6,0.0,0.0,3.6,3.522222222222222,3.6,3.6
2023-06-20,3.6,0.0,0.0,3.6,3.5233333333333334,3.6,3.6
2023-06-21,3.6,0.0,0.0,3.6,3.5244444444444443,3.6,3.6
2023-06-22,3.6,0.0,0.0,3.6,3.5255555555555556,3.6,3.6
2023-06-23,3.6,0.0,0.0,3.6,3.5266666666666664,3.6,3.6
2023-06-24,3.6,0.0,0.0,3.6,3.5277777777777777,3.6,3.6
2023-06-25,3.6,0.0,0.0,3.6,3.528888888888889,3.6,3.6
2023-06-26,3.6,0.0,0.0,3.6,3.53,3.6,3.6
2023-06-27,3.6,0.0,0.0,3.6,3.531111111111111,3.6,3.6
2023-06-28,3.6,0.0,0.0,3.6,3.532222222222222,3.6,3.6
2023-06-29,3.6,0.0,0.0,3.6,3.533333333333333,3.6,3.6
2023-06-30,3.6,0.0,0.0,3.6,3.5355555555555562,3.6,3.6
2023-07-01,3.5,-0.10000000000000009,-0.02777777777777779,3.5966666666666667,3.5366666666666666,3.6,3.6
2023-07-02,3.5,0.0,0.0,3.5933333333333333,3.5377777777777784,3.6,3.6
2023-07-03,3.5,0.0,0.0,3.5900000000000003,3.5388888888888896,3.6,3.6
2023-07-04,3.5,0.0,0.0,3.5866666666666664,3.54,3.6,3.6
2023-07-05,3.5,0.0,0.0,3.5833333333333335,3.5411111111111118,3.6,3.6
2023-07-06,3.5,0.0,0.0,3.58,3.542222222222222,3.6,3.6
2023-07-07,3.5,0.0,0.0,3.5766666666666667,3.543333333333334,3.6,3.6
2023-07-08,3.5,0.0,0.0,3.5733333333333333,3.544444444444445,3.5,3.6
2023-07-09,3.5,0.0,0.0,3.57,3.545555555555556,3.5,3.6
2023-07-10,3.5,0.0,0.0,3.566666666666667,3.5466666666666673,3.5,3.6
2023-07-11,3.5,0.0,0.0,3.5633333333333335,3.5477777777777777,3.5,3.6
2023-07-12,3.5,0.0,0.0,3.56,3.5488888888888894,3.5,3.6
2023-07-13,3.5,0.0,0.0,3.5566666666666666,3.5500000000000007,3.5,3.6
2023-07-14,3.5,0.0,0.0,3.5533333333333332,3.5511111111111116,3.5,3.6
2023-07-15,3.5,0.0,0.0,3.55,3.552222222222223,3.5,3.6
2023-07-16,3.5,0.0,0.0,3.546666666666667,3.5533333333333337,3.5,3.6
2023-07-17,3.5,0.0,0.0,3.5433333333333334,3.554444444444445,3.5,3.6
2023-07-18,3.5,0.0,0.0,3.54,3.5555555555555562,3.5,3.6
2023-07-19,3.5,0.0,0.0,3.5366666666666666,3.556666666666667,3.5,3.6
2023-07-20,3.5,0.0,0.0,3.533333333333333,3.5577777777777784,3.5,3.6
2023-07-21,3.5,0.0,0.0,3.53,3.558888888888889,3.5,3.6
2023-07-22,3.5,0.0,0.0,3.5266666666666664,3.5600000000000005,3.5,3.6
2023-07-23,3.5,0.0,0.0,3.5233333333333334,3.561111111111112,3.5,3.6
2023-07-24,3.5,0.0,0.0,3.52,3.5622222222222226,3.5,3.6
2023-07-25,3.5,0.0,0.0,3.5166666666666666,3.563333333333334,3.5,3.6
2023-07-26,3.5,0.0,0.0,3.513333333333333,3.5644444444444447,3.5,3.6
2023-07-27,3.5,0.0,0.0,3.51,3.565555555555556,3.5,3.6
2023-07-28,3.5,0.0,0.0,3.506666666666667,3.5666666666666673,3.5,3.6
2023-07-29,3.5,0.0,0.0,3.503333333333333,3.567777777777778,3.5,3.6
2023-07-30,3.5,0.0,0.0,3.5,3.5666666666666673,3.5,3.6
2023-07-31,3.5,0.0,0.0,3.5,3.565555555555556,3.5,3.5
2023-08-01,3.7,0.20000000000000018,0.05714285714285716,3.506666666666667,3.566666666666667,3.5,3.5
2023-08-02,3.7,0.0,0.0,3.5133333333333336,3.567777777777778,3.5,3.5
2023-08-03,3.7,0.0,0.0,3.5200000000000005,3.5688888888888886,3.5,3.5
2023-08-04,3.7,0.0,0.0,3.5266666666666664,3.5700000000000003,3.5,3.5
2023-08-05,3.7,0.0,0.0,3.533333333333333,3.5711111111111116,3.5,3.5
2023-08-06,3.7,0.0,0.0,3.54,3.5722222222222224,3.5,3.5
2023-08-07,3.7,0.0,0.0,3.546666666666667,3.5733333333333337,3.5,3.5
2023-08-08,3.7,0.0,0.0,3.5533333333333337,3.5744444444444445,3.7,3.5
2023-08-09,3.7,0.0,0.0,3.5600000000000005,3.575555555555556,3.7,3.5
2023-08-10,3.7,0.0,0.0,3.566666666666667,3.576666666666667,3.7,3.5
2023-08-11,3.7,0.0,0.0,3.5733333333333333,3.577777777777778,3.7,3.5
2023-08-12,3.7,0.0,0.0,3.58,3.5788888888888892,3.7,3.5
2023-08-13,3.7,0.0,0.0,3.586666666666667,3.58,3.7,3.5
2023-08-14,3.7,0.0,0.0,3.5933333333333337,3.5811111111111114,3.7,3.5
2023-08-15,3.7,0.0,0.0,3.6,3.5822222222222226,3.7,3.5
2023-08-16,3.7,0.0,0.0,3.606666666666667,3.5833333333333335,3.7,3.5
2023-08-17,3.7,0.0,0.0,3.6133333333333337,3.5844444444444448,3.7,3.5
2023-08-18,3.7,0.0,0.0,3.62,3.5855555555555556,3.7,3.5
2023-08-19,3.7,0.0,0.0,3.626666666666667,3.586666666666667,3.7,3.5
2023-08-20,3.7,0.0,0.0,3.6333333333333333,3.587777777777778,3.7,3.5
2023-08-21,3.7,0.0,0.0,3.64,3.588888888888889,3.7,3.5
2023-08-22,3.7,0.0,0.0,3.646666666666667,3.5900000000000003,3.7,3.5
2023-08-23,3.7,0.0,0.0,3.6533333333333338,3.591111111111111,3.7,3.5
2023-08-24,3.7,0.0,0.0,3.6600000000000006,3.5922222222222224,3.7,3.5
2023-08-25,3.7,0.0,0.0,3.6666666666666665,3.5933333333333337,3.7,3.5
2023-08-26,3.7,0.0,0.0,3.6733333333333333,3.5944444444444446,3.7,3.5
2023-08-27,3.7,0.0,0.0,3.68,3.595555555555556,3.7,3.5
2023-08-28,3.7,0.0,0.0,3.686666666666667,3.5966666666666667,3.7,3.5
2023-08-29,3.7,0.0,0.0,3.693333333333334,3.597777777777778,3.7,3.5
2023-08-30,3.7,0.0,0.0,3.7,3.5988888888888892,3.7,3.5
2023-08-31,3.7,0.0,0.0,3.7,3.6,3.7,3.7
2023-09-01,3.8,0.09999999999999964,0.027027027027026973,3.7033333333333336,3.6022222222222227,3.7,3.7
2023-09-02,3.8,0.0,0.0,3.7066666666666666,3.6044444444444443,3.7,3.7
2023-09-03,3.8,0.0,0.0,3.7100000000000004,3.606666666666667,3.7,3.7
2023-09-04,3.8,0.0,0.0,3.7133333333333334,3.608888888888889,3.7,3.7
2023-09-05,3.8,0.0,0.0,3.716666666666667,3.611111111111111,3.7,3.7
2023-09-06,3.8,0.0,0.0,3.7199999999999998,3.6133333333333337,3.7,3.7
2023-09-07,3.8,0.0,0.0,3.7233333333333336,3.6155555555555554,3.7,3.7
2023-09-08,3.8,0.0,0.0,3.7266666666666666,3.617777777777778,3.8,3.7
2023-09-09,3.8,0.0,0.0,3.73,3.62,3.8,3.7
2023-09-10,3.8,0.0,0.0,3.7333333333333334,3.6222222222222222,3.8,3.7
2023-09-11,3.8,0.0,0.0,3.7366666666666664,3.624444444444445,3.8,3.7
2023-09-12,3.8,0.0,0.0,3.74,3.6266666666666665,3.8,3.7
2023-09-13,3.8,0.0,0.0,3.743333333333333,3.628888888888889,3.8,3.7
2023-09-14,3.8,0.0,0.0,3.746666666666667,3.631111111111111,3.8,3.7
2023-09-15,3.8,0.0,0.0,3.75,3.6333333333333333,3.8,3.7
2023-09-16,3.8,0.0,0.0,3.753333333333333,3.635555555555556,3.8,3.7
2023-09-17,3.8,0.0,0.0,3.756666666666667,3.6377777777777776,3.8,3.7
2023-09-18,3.8,0.0,0.0,3.76,3.6399999999999997,3.8,3.7
2023-09-19,3.8,0.0,0.0,3.7633333333333336,3.6422222222222222,3.8,3.7
2023-09-20,3.8,0.0,0.0,3.7666666666666666,3.6444444444444444,3.8,3.7
2023-09-21,3.8,0.0,0.0,3.77,3.6466666666666674,3.8,3.7
2023-09-22,3.8,0.0,0.0,3.773333333333333,3.6488888888888886,3.8,3.7
2023-09-23,3.8,0.0,0.0,3.7766666666666664,3.6511111111111108,3.8,3.7
2023-09-24,3.8,0.0,0.0,3.78,3.6533333333333333,3.8,3.7
2023-09-25,3.8,0.0,0.0,3.783333333333333,3.6555555555555554,3.8,3.7
2023-09-26,3.8,0.0,0.0,3.7866666666666666,3.6577777777777785,3.8,3.7
2023-09-27,3.8,0.0,0.0,3.7899999999999996,3.6599999999999997,3.8,3.7
2023-09-28,3.8,0.0,0.0,3.7933333333333334,3.662222222222222,3.8,3.7
2023-09-29,3.8,0.0,0.0,3.7966666666666664,3.6655555555555552,3.8,3.7
2023-09-30,3.8,0.0,0.0,3.8,3.6688888888888886,3.8,3.7
2023-10-01,3.9,0.10000000000000009,0.026315789473684292,3.8033333333333332,3.673333333333333,3.8,3.8
2023-10-02,3.9,0.0,0.0,3.806666666666666,3.6777777777777776,3.8,3.8
2023-10-03,3.9,0.0,0.0,3.81,3.682222222222222,3.8,3.8
2023-10-04,3.9,0.0,0.0,3.813333333333333,3.686666666666666,3.8,3.8
2023-10-05,3.9,0.0,0.0,3.816666666666667,3.691111111111111,3.8,3.8
2023-10-06,3.9,0.0,0.0,3.82,3.695555555555555,3.8,3.8
2023-10-07,3.9,0.0,0.0,3.823333333333333,3.7,3.8,3.8
2023-10-08,3.9,0.0,0.0,3.8266666666666667,3.704444444444444,3.9,3.8
2023-10-09,3.9,0.0,0.0,3.8299999999999996,3.7088888888888882,3.9,3.8
2023-10-10,3.9,0.0,0.0,3.8333333333333335,3.7133333333333334,3.9,3.8
2023-10-11,3.9,0.0,0.0,3.836666666666667,3.717777777777777,3.9,3.8
2023-10-12,3.9,0.0,0.0,3.8399999999999994,3.7222222222222223,3.9,3.8
2023-10-13,3.9,0.0,0.0,3.8433333333333333,3.7266666666666666,3.9,3.8
2023-10-14,3.9,0.0,0.0,3.8466666666666662,3.731111111111111,3.9,3.8
2023-10-15,3.9,0.0,0.0,3.85,3.7355555555555555,3.9,3.8
2023-10-16,3.9,0.0,0.0,3.853333333333333,3.7399999999999998,3.9,3.8
2023-10-17,3.9,0.0,0.0,3.8566666666666665,3.744444444444444,3.9,3.8
2023-10-18,3.9,0.0,0.0,3.86,3.7488888888888887,3.9,3.8
2023-10-19,3.9,0.0,0.0,3.863333333333333,3.753333333333333,3.9,3.8
2023-10-20,3.9,0.0,0.0,3.8666666666666667,3.7577777777777777,3.9,3.8
2023-10-21,3.9,0.0,0.0,3.8699999999999997,3.762222222222222,3.9,3.8
2023-10-22,3.9,0.0,0.0,3.873333333333333,3.766666666666666,3.9,3.8
2023-10-23,3.9,0.0,0.0,3.8766666666666665,3.771111111111111,3.9,3.8
2023-10-24,3.9,0.0,0.0,3.88,3.775555555555555,3.9,3.8
2023-10-25,3.9,0.0,0.0,3.8833333333333333,3.78,3.9,3.8
2023-10-26,3.9,0.0,0.0,3.8866666666666663,3.784444444444444,3.9,3.8
2023-10-27,3.9,0.0,0.0,3.89,3.7888888888888883,3.9,3.8
2023-10-28,3.9,0.0,0.0,3.893333333333333,3.793333333333333,3.9,3.8
2023-10-29,3.9,0.0,0.0,3.8966666666666665,3.7977777777777773,3.9,3.8
2023-10-30,3.9,0.0,0.0,3.9,3.8,3.9,3.8
2023-10-31,3.9,0.0,0.0,3.9,3.802222222222222,3.9,3.9
2023-11-01,3.7,-0.19999999999999973,-0.05128205128205121,3.893333333333333,3.802222222222222,3.9,3.9
2023-11-02,3.7,0.0,0.0,3.8866666666666663,3.802222222222222,3.9,3.9
2023-11-03,3.7,0.0,0.0,3.8800000000000003,3.802222222222222,3.9,3.9
2023-11-04,3.7,0.0,0.0,3.8733333333333335,3.802222222222222,3.9,3.9
2023-11-05,3.7,0.0,0.0,3.8666666666666663,3.802222222222222,3.9,3.9
2023-11-06,3.7,0.0,0.0,3.86,3.802222222222222,3.9,3.9
2023-11-07,3.7,0.0,0.0,3.853333333333333,3.802222222222222,3.9,3.9
2023-11-08,3.7,0.0,0.0,3.8466666666666667,3.802222222222222,3.7,3.9
2023-11-09,3.7,0.0,0.0,3.8400000000000003,3.802222222222222,3.7,3.9
2023-11-10,3.7,0.0,0.0,3.8333333333333335,3.802222222222222,3.7,3.9
2023-11-11,3.7,0.0,0.0,3.8266666666666667,3.802222222222222,3.7,3.9
2023-11-12,3.7,0.0,0.0,3.82,3.802222222222223,3.7,3.9
2023-11-13,3.7,0.0,0.0,3.8133333333333335,3.802222222222222,3.7,3.9
2023-11-14,3.7,0.0,0.0,3.8066666666666666,3.802222222222222,3.7,3.9
2023-11-15,3.7,0.0,0.0,3.8000000000000003,3.802222222222222,3.7,3.9
2023-11-16,3.7,0.0,0.0,3.7933333333333334,3.802222222222222,3.7,3.9
2023-11-17,3.7,0.0,0.0,3.7866666666666666,3.802222222222223,3.7,3.9
2023-11-18,3.7,0.0,0.0,3.7800000000000002,3.802222222222222,3.7,3.9
2023-11-19,3.7,0.0,0.0,3.7733333333333334,3.802222222222222,3.7,3.9
2023-11-20,3.7,0.0,0.0,3.766666666666667,3.802222222222222,3.7,3.9
2023-11-21,3.7,0.0,0.0,3.76,3.802222222222222,3.7,3.9
2023-11-22,3.7,0.0,0.0,3.753333333333333,3.802222222222223,3.7,3.9
2023-11-23,3.7,0.0,0.0,3.746666666666667,3.802222222222222,3.7,3.9
2023-11-24,3.7,0.0,0.0,3.74,3.802222222222222,3.7,3.9
2023-11-25,3.7,0.0,0.0,3.733333333333334,3.802222222222222,3.7,3.9
2023-11-26,3.7,0.0,0.0,3.726666666666667,3.802222222222222,3.7,3.9
2023-11-27,3.7,0.0,0.0,3.7199999999999998,3.802222222222223,3.7,3.9
2023-11-28,3.7,0.0,0.0,3.7133333333333334,3.802222222222222,3.7,3.9
2023-11-29,3.7,0.0,0.0,3.7066666666666666,3.802222222222222,3.7,3.9
2023-11-30,3.7,0.0,0.0,3.7,3.8011111111111107,3.7,3.9
2023-12-01,3.8,0.09999999999999964,0.027027027027026973,3.7033333333333336,3.8011111111111116,3.7,3.7
2023-12-02,3.8,0.0,0.0,3.7066666666666666,3.8011111111111116,3.7,3.7
2023-12-03,3.8,0.0,0.0,3.71,3.8011111111111116,3.7,3.7
2023-12-04,3.8,0.0,0.0,3.7133333333333334,3.8011111111111107,3.7,3.7
2023-12-05,3.8,0.0,0.0,3.7166666666666672,3.8011111111111107,3.7,3.7
2023-12-06,3.8,0.0,0.0,3.72,3.8011111111111116,3.7,3.7
2023-12-07,3.8,0.0,0.0,3.7233333333333336,3.8011111111111116,3.7,3.7
2023-12-08,3.8,0.0,0.0,3.7266666666666666,3.8011111111111116,3.8,3.7
2023-12-09,3.8,0.0,0.0,3.7299999999999995,3.8011111111111107,3.8,3.7
2023-12-10,3.8,0.0,0.0,3.7333333333333334,3.8011111111111107,3.8,3.7
2023-12-11,3.8,0.0,0.0,3.736666666666667,3.8011111111111116,3.8,3.7
2023-12-12,3.8,0.0,0.0,3.74,3.8011111111111116,3.8,3.7
2023-12-13,3.8,0.0,0.0,3.743333333333333,3.8011111111111116,3.8,3.7
2023-12-14,3.8,0.0,0.0,3.7466666666666666,3.8011111111111107,3.8,3.7
2023-12-15,3.8,0.0,0.0,3.75,3.8011111111111107,3.8,3.7
2023-12-16,3.8,0.0,0.0,3.7533333333333334,3.8011111111111116,3.8,3.7
2023-12-17,3.8,0.0,0.0,3.756666666666667,3.8011111111111116,3.8,3.7
2023-12-18,3.8,0.0,0.0,3.76,3.8011111111111116,3.8,3.7
2023-12-19,3.8,0.0,0.0,3.763333333333333,3.8011111111111107,3.8,3.7
2023-12-20,3.8,0.0,0.0,3.7666666666666666,3.8011111111111107,3.8,3.7
2023-12-21,3.8,0.0,0.0,3.7700000000000005,3.8011111111111116,3.8,3.7
2023-12-22,3.8,0.0,0.0,3.7733333333333334,3.8011111111111116,3.8,3.7
2023-12-23,3.8,0.0,0.0,3.7766666666666664,3.8011111111111107,3.8,3.7
2023-12-24,3.8,0.0,0.0,3.78,3.8011111111111107,3.8,3.7
2023-12-25,3.8,0.0,0.0,3.7833333333333328,3.8011111111111107,3.8,3.7
2023-12-26,3.8,0.0,0.0,3.7866666666666666,3.8011111111111116,3.8,3.7
2023-12-27,3.8,0.0,0.0,3.79,3.8011111111111116,3.8,3.7
2023-12-28,3.8,0.0,0.0,3.7933333333333334,3.8011111111111107,3.8,3.7
2023-12-29,3.8,0.0,0.0,3.7966666666666664,3.8011111111111107,3.8,3.7
2023-12-30,3.8,0.0,0.0,3.8,3.8,3.8,3.7
2023-12-31,3.8,0.0,0.0,3.8,3.7988888888888885,3.8,3.8
2024-01-01,3.7,-0.09999999999999964,-0.02631578947368407,3.7966666666666664,3.7966666666666664,3.8,3.8
2024-01-02,3.7,0.0,0.0,3.7933333333333334,3.7944444444444443,3.8,3.8
2024-01-03,3.7,0.0,0.0,3.7899999999999996,3.7922222222222217,3.8,3.8
2024-01-04,3.7,0.0,0.0,3.7866666666666666,3.79,3.8,3.8
2024-01-05,3.7,0.0,0.0,3.783333333333333,3.7877777777777775,3.8,3.8
2024-01-06,3.7,0.0,0.0,3.78,3.7855555555555553,3.8,3.8
2024-01-07,3.7,0.0,0.0,3.7766666666666664,3.783333333333333,3.8,3.8
2024-01-08,3.7,0.0,0.0,3.7733333333333334,3.7811111111111106,3.7,3.8
2024-01-09,3.7,0.0,0.0,3.77,3.778888888888889,3.7,3.8
2024-01-10,3.7,0.0,0.0,3.7666666666666666,3.776666666666667,3.7,3.8
2024-01-11,3.7,0.0,0.0,3.7633333333333336,3.7744444444444443,3.7,3.8
2024-01-12,3.7,0.0,0.0,3.76,3.772222222222222,3.7,3.8
2024-01-13,3.7,0.0,0.0,3.756666666666667,3.77,3.7,3.8
2024-01-14,3.7,0.0,0.0,3.753333333333333,3.767777777777778,3.7,3.8
2024-01-15,3.7,0.0,0.0,3.75,3.7655555555555558,3.7,3.8
2024-01-16,3.7,0.0,0.0,3.746666666666667,3.763333333333333,3.7,3.8
2024-01-17,3.7,0.0,0.0,3.743333333333333,3.761111111111111,3.7,3.8
2024-01-18,3.7,0.0,0.0,3.74,3.758888888888889,3.7,3.8
2024-01-19,3.7,0.0,0.0,3.7366666666666664,3.756666666666667,3.7,3.8
2024-01-20,3.7,0.0,0.0,3.7333333333333334,3.7544444444444447,3.7,3.8
2024-01-21,3.7,0.0,0.0,3.73,3.752222222222222,3.7,3.8
2024-01-22,3.7,0.0,0.0,3.7266666666666666,3.75,3.7,3.8
2024-01-23,3.7,0.0,0.0,3.7233333333333336,3.747777777777778,3.7,3.8
2024-01-24,3.7,0.0,0.0,3.72,3.7455555555555557,3.7,3.8
2024-01-25,3.7,0.0,0.0,3.716666666666667,3.7433333333333336,3.7,3.8
2024-01-26,3.7,0.0,0.0,3.7133333333333334,3.741111111111111,3.7,3.8
2024-01-27,3.7,0.0,0.0,3.7100000000000004,3.738888888888889,3.7,3.8
2024-01-28,3.7,0.0,0.0,3.7066666666666666,3.736666666666667,3.7,3.8
2024-01-29,3.7,0.0,0.0,3.7033333333333336,3.7344444444444447,3.7,3.8
2024-01-30,3.7,0.0,0.0,3.7,3.7344444444444447,3.7,3.8
2024-01-31,3.7,0.0,0.0,3.7,3.7344444444444447,3.7,3.7
2024-02-01,3.9,0.19999999999999973,0.054054054054053946,3.7066666666666666,3.736666666666667,3.7,3.7
2024-02-02,3.9,0.0,0.0,3.7133333333333334,3.738888888888889,3.7,3.7
2024-02-03,3.9,0.0,0.0,3.72,3.741111111111111,3.7,3.7
2024-02-04,3.9,0.0,0.0,3.7266666666666666,3.7433333333333336,3.7,3.7
2024-02-05,3.9,0.0,0.0,3.733333333333334,3.7455555555555557,3.7,3.7
2024-02-06,3.9,0.0,0.0,3.74,3.747777777777778,3.7,3.7
2024-02-07,3.9,0.0,0.0,3.746666666666667,3.75,3.7,3.7
2024-02-08,3.9,0.0,0.0,3.7533333333333334,3.752222222222222,3.9,3.7
2024-02-09,3.9,0.0,0.0,3.76,3.7544444444444447,3.9,3.7
2024-02-10,3.9,0.0,0.0,3.7666666666666666,3.7566666666666664,3.9,3.7
2024-02-11,3.9,0.0,0.0,3.7733333333333334,3.758888888888889,3.9,3.7
2024-02-12,3.9,0.0,0.0,3.7800000000000002,3.761111111111111,3.9,3.7
2024-02-13,3.9,0.0,0.0,3.7866666666666666,3.763333333333333,3.9,3.7
2024-02-14,3.9,0.0,0.0,3.7933333333333334,3.7655555555555558,3.9,3.7
2024-02-15,3.9,0.0,0.0,3.8,3.7677777777777774,3.9,3.7
2024-02-16,3.9,0.0,0.0,3.8066666666666666,3.77,3.9,3.7
2024-02-17,3.9,0.0,0.0,3.8133333333333335,3.772222222222222,3.9,3.7
2024-02-18,3.9,0.0,0.0,3.82,3.7744444444444443,3.9,3.7
2024-02-19,3.9,0.0,0.0,3.8266666666666667,3.776666666666667,3.9,3.7
2024-02-20,3.9,0.0,0.0,3.8333333333333335,3.7788888888888885,3.9,3.7
2024-02-21,3.9,0.0,0.0,3.8400000000000003,3.781111111111111,3.9,3.7
2024-02-22,3.9,0.0,0.0,3.8466666666666667,3.783333333333333,3.9,3.7
2024-02-23,3.9,0.0,0.0,3.853333333333333,3.7855555555555553,3.9,3.7
2024-02-24,3.9,0.0,0.0,3.86,3.7877777777777784,3.9,3.7
2024-02-25,3.9,0.0,0.0,3.8666666666666667,3.7899999999999996,3.9,3.7
2024-02-26,3.9,0.0,0.0,3.873333333333333,3.792222222222222,3.9,3.7
2024-02-27,3.9,0.0,0.0,3.8800000000000003,3.7944444444444443,3.9,3.7
2024-02-28,3.9,0.0,0.0,3.8866666666666663,3.7966666666666664,3.9,3.7
2024-02-29,3.9,0.0,0.0,3.893333333333333,3.7977777777777777,3.9,3.7
2024-03-01,3.9,0.0,0.0,3.9,3.7988888888888885,3.9,3.7
2024-03-02,3.9,0.0,0.0,3.9,3.8,3.9,3.9
2024-03-03,3.9,0.0,0.0,3.9,3.8011111111111116,3.9,3.9
2024-03-04,3.9,0.0,0.0,3.9,3.802222222222222,3.9,3.9
2024-03-05,3.9,0.0,0.0,3.9,3.8033333333333337,3.9,3.9
2024-03-06,3.9,0.0,0.0,3.9,3.804444444444444,3.9,3.9
2024-03-07,3.9,0.0,0.0,3.9,3.8055555555555554,3.9,3.9
2024-03-08,3.9,0.0,0.0,3.9,3.806666666666667,3.9,3.9
2024-03-09,3.9,0.0,0.0,3.9,3.8077777777777775,3.9,3.9
2024-03-10,3.9,0.0,0.0,3.9,3.808888888888889,3.9,3.9
2024-03-11,3.9,0.0,0.0,3.9,3.8099999999999996,3.9,3.9
2024-03-12,3.9,0.0,0.0,3.9,3.811111111111111,3.9,3.9
2024-03-13,3.9,0.0,0.0,3.9,3.8122222222222226,3.9,3.9
2024-03-14,3.9,0.0,0.0,3.9,3.813333333333333,3.9,3.9
2024-03-15,3.9,0.0,0.0,3.9,3.8144444444444447,3.9,3.9
2024-03-16,3.9,0.0,0.0,3.9,3.815555555555555,3.9,3.9
2024-03-17,3.9,0.0,0.0,3.9,3.816666666666666,3.9,3.9
2024-03-18,3.9,0.0,0.0,3.9,3.817777777777778,3.9,3.9
2024-03-19,3.9,0.0,0.0,3.9,3.8188888888888886,3.9,3.9
2024-03-20,3.9,0.0,0.0,3.9,3.8200000000000003,3.9,3.9
2024-03-21,3.9,0.0,0.0,3.9,3.8211111111111107,3.9,3.9
2024-03-22,3.9,0.0,0.0,3.9,3.8222222222222224,3.9,3.9
2024-03-23,3.9,0.0,0.0,3.9,3.8233333333333337,3.9,3.9
2024-03-24,3.9,0.0,0.0,3.9,3.8244444444444445,3.9,3.9
2024-03-25,3.9,0.0,0.0,3.9,3.825555555555556,3.9,3.9
2024-03-26,3.9,0.0,0.0,3.9,3.826666666666666,3.9,3.9
2024-03-27,3.9,0.0,0.0,3.9,3.827777777777778,3.9,3.9
2024-03-28,3.9,0.0,0.0,3.9,3.8288888888888892,3.9,3.9
2024-03-29,3.9,0.0,0.0,3.9,3.83,3.9,3.9
2024-03-30,3.9,0.0,0.0,3.9,3.8311111111111114,3.9,3.9
2024-03-31,3.9,0.0,0.0,3.9,3.8333333333333335,3.9,3.9
2024-04-01,3.9,0.0,0.0,3.9,3.8355555555555556,3.9,3.9
2024-04-02,3.9,0.0,0.0,3.9,3.837777777777778,3.9,3.9
2024-04-03,3.9,0.0,0.0,3.9,3.8399999999999994,3.9,3.9
2024-04-04,3.9,0.0,0.0,3.9,3.8422222222222224,3.9,3.9
2024-04-05,3.9,0.0,0.0,3.9,3.8444444444444446,3.9,3.9
2024-04-06,3.9,0.0,0.0,3.9,3.8466666666666667,3.9,3.9
2024-04-07,3.9,0.0,0.0,3.9,3.8488888888888892,3.9,3.9
2024-04-08,3.9,0.0,0.0,3.9,3.851111111111111,3.9,3.9
2024-04-09,3.9,0.0,0.0,3.9,3.8533333333333335,3.9,3.9
2024-04-10,3.9,0.0,0.0,3.9,3.8555555555555556,3.9,3.9
2024-04-11,3.9,0.0,0.0,3.9,3.8577777777777778,3.9,3.9
2024-04-12,3.9,0.0,0.0,3.9,3.86,3.9,3.9
2024-04-13,3.9,0.0,0.0,3.9,3.862222222222222,3.9,3.9
2024-04-14,3.9,0.0,0.0,3.9,3.8644444444444446,3.9,3.9
2024-04-15,3.9,0.0,0.0,3.9,3.8666666666666667,3.9,3.9
2024-04-16,3.9,0.0,0.0,3.9,3.868888888888889,3.9,3.9
2024-04-17,3.9,0.0,0.0,3.9,3.871111111111111,3.9,3.9
2024-04-18,3.9,0.0,0.0,3.9,3.873333333333333,3.9,3.9
2024-04-19,3.9,0.0,0.0,3.9,3.8755555555555556,3.9,3.9
2024-04-20,3.9,0.0,0.0,3.9,3.8777777777777778,3.9,3.9
2024-04-21,3.9,0.0,0.0,3.9,3.88,3.9,3.9
2024-04-22,3.9,0.0,0.0,3.9,3.882222222222222,3.9,3.9
2024-04-23,3.9,0.0,0.0,3.9,3.884444444444444,3.9,3.9
2024-04-24,3.9,0.0,0.0,3.9,3.8866666666666667,3.9,3.9
2024-04-25,3.9,0.0,0.0,3.9,3.888888888888889,3.9,3.9
2024-04-26,3.9,0.0,0.0,3.9,3.891111111111111,3.9,3.9
2024-04-27,3.9,0.0,0.0,3.9,3.893333333333333,3.9,3.9
2024-04-28,3.9,0.0,0.0,3.9,3.895555555555555,3.9,3.9
2024-04-29,3.9,0.0,0.0,3.9,3.897777777777778,3.9,3.9
2024-04-30,3.9,0.0,0.0,3.9,3.9,3.9,3.9
2024-05-01,4.0,0.10000000000000009,0.025641025641025772,3.9033333333333333,3.9011111111111108,3.9,3.9
2024-05-02,4.0,0.0,0.0,3.9066666666666663,3.902222222222222,3.9,3.9
2024-05-03,4.0,0.0,0.0,3.9099999999999997,3.9033333333333333,3.9,3.9
2024-05-04,4.0,0.0,0.0,3.913333333333333,3.904444444444444,3.9,3.9
2024-05-05,4.0,0.0,0.0,3.9166666666666665,3.9055555555555554,3.9,3.9
2024-05-06,4.0,0.0,0.0,3.92,3.9066666666666663,3.9,3.9
2024-05-07,4.0,0.0,0.0,3.923333333333333,3.9077777777777776,3.9,3.9
2024-05-08,4.0,0.0,0.0,3.9266666666666667,3.908888888888889,4.0,3.9
2024-05-09,4.0,0.0,0.0,3.9299999999999997,3.9099999999999997,4.0,3.9
2024-05-10,4.0,0.0,0.0,3.933333333333333,3.911111111111111,4.0,3.9
2024-05-11,4.0,0.0,0.0,3.9366666666666665,3.912222222222222,4.0,3.9
2024-05-12,4.0,0.0,0.0,3.9399999999999995,3.913333333333333,4.0,3.9
2024-05-13,4.0,0.0,0.0,3.9433333333333334,3.9144444444444444,4.0,3.9
2024-05-14,4.0,0.0,0.0,3.9466666666666663,3.9155555555555552,4.0,3.9
2024-05-15,4.0,0.0,0.0,3.95,3.9166666666666665,4.0,3.9
2024-05-16,4.0,0.0,0.0,3.953333333333333,3.9177777777777774,4.0,3.9
2024-05-17,4.0,0.0,0.0,3.956666666666666,3.9188888888888886,4.0,3.9
2024-05-18,4.0,0.0,0.0,3.96,3.92,4.0,3.9
2024-05-19,4.0,0.0,0.0,3.963333333333333,3.9211111111111108,4.0,3.9
2024-05-20,4.0,0.0,0.0,3.966666666666667,3.922222222222222,4.0,3.9
2024-05-21,4.0,0.0,0.0,3.9699999999999998,3.923333333333333,4.0,3.9
2024-05-22,4.0,0.0,0.0,3.9733333333333336,3.924444444444444,4.0,3.9
2024-05-23,4.0,0.0,0.0,3.9766666666666666,3.9255555555555555,4.0,3.9
2024-05-24,4.0,0.0,0.0,3.9799999999999995,3.9266666666666663,4.0,3.9
2024-05-25,4.0,0.0,0.0,3.9833333333333334,3.9277777777777776,4.0,3.9
2024-05-26,4.0,0.0,0.0,3.9866666666666664,3.9288888888888884,4.0,3.9
2024-05-27,4.0,0.0,0.0,3.99,3.9299999999999997,4.0,3.9
2024-05-28,4.0,0.0,0.0,3.993333333333333,3.9311111111111114,4.0,3.9
2024-05-29,4.0,0.0,0.0,3.9966666666666666,3.932222222222222,4.0,3.9
2024-05-30,4.0,0.0,0.0,4.0,3.933333333333333,4.0,3.9
2024-05-31,4.0,0.0,0.0,4.0,3.934444444444444,4.0,4.0
2024-06-01,4.1,0.09999999999999964,0.02499999999999991,4.003333333333334,3.936666666666667,4.0,4.0
2024-06-02,4.1,0.0,0.0,4.006666666666667,3.938888888888889,4.0,4.0
2024-06-03,4.1,0.0,0.0,4.01,3.941111111111111,4.0,4.0
2024-06-04,4.1,0.0,0.0,4.013333333333334,3.943333333333333,4.0,4.0
2024-06-05,4.1,0.0,0.0,4.016666666666667,3.945555555555555,4.0,4.0
2024-06-06,4.1,0.0,0.0,4.02,3.947777777777778,4.0,4.0
2024-06-07,4.1,0.0,0.0,4.023333333333333,3.95,4.0,4.0
2024-06-08,4.1,0.0,0.0,4.026666666666666,3.9522222222222223,4.1,4.0
2024-06-09,4.1,0.0,0.0,4.03,3.954444444444444,4.1,4.0
2024-06-10,4.1,0.0,0.0,4.033333333333333,3.956666666666667,4.1,4.0
2024-06-11,4.1,0.0,0.0,4.036666666666666,3.958888888888889,4.1,4.0
2024-06-12,4.1,0.0,0.0,4.04,3.9611111111111112,4.1,4.0
2024-06-13,4.1,0.0,0.0,4.043333333333333,3.9633333333333334,4.1,4.0
2024-06-14,4.1,0.0,0.0,4.046666666666667,3.9655555555555555,4.1,4.0
2024-06-15,4.1,0.0,0.0,4.05,3.967777777777778,4.1,4.0
2024-06-16,4.1,0.0,0.0,4.053333333333333,3.97,4.1,4.0
2024-06-17,4.1,0.0,0.0,4.056666666666667,3.9722222222222223,4.1,4.0
2024-06-18,4.1,0.0,0.0,4.06,3.9744444444444444,4.1,4.0
2024-06-19,4.1,0.0,0.0,4.0633333333333335,3.9766666666666666,4.1,4.0
2024-06-20,4.1,0.0,0.0,4.066666666666666,3.978888888888889,4.1,4.0
2024-06-21,4.1,0.0,0.0,4.069999999999999,3.981111111111111,4.1,4.0
2024-06-22,4.1,0.0,0.0,4.073333333333333,3.9833333333333334,4.1,4.0
2024-06-23,4.1,0.0,0.0,4.076666666666666,3.9855555555555555,4.1,4.0
2024-06-24,4.1,0.0,0.0,4.08,3.9877777777777776,4.1,4.0
2024-06-25,4.1,0.0,0.0,4.083333333333333,3.99,4.1,4.0
2024-06-26,4.1,0.0,0.0,4.086666666666667,3.992222222222222,4.1,4.0
2024-06-27,4.1,0.0,0.0,4.09,3.9944444444444445,4.1,4.0
2024-06-28,4.1,0.0,0.0,4.093333333333333,3.9966666666666666,4.1,4.0
2024-06-29,4.1,0.0,0.0,4.096666666666667,3.9988888888888887,4.1,4.0
2024-06-30,4.1,0.0,0.0,4.1,4.001111111111111,4.1,4.0
2024-07-01,4.2,0.10000000000000053,0.024390243902439046,4.103333333333333,4.004444444444444,4.1,4.1
2024-07-02,4.2,0.0,0.0,4.1066666666666665,4.007777777777777,4.1,4.1
2024-07-03,4.2,0.0,0.0,4.11,4.01111111111111,4.1,4.1
2024-07-04,4.2,0.0,0.0,4.113333333333333,4.014444444444445,4.1,4.1
2024-07-05,4.2,0.0,0.0,4.116666666666666,4.017777777777778,4.1,4.1
2024-07-06,4.2,0.0,0.0,4.12,4.021111111111111,4.1,4.1
2024-07-07,4.2,0.0,0.0,4.123333333333333,4.024444444444445,4.1,4.1
2024-07-08,4.2,0.0,0.0,4.126666666666667,4.027777777777777,4.2,4.1
2024-07-09,4.2,0.0,0.0,4.13,4.0311111111111115,4.2,4.1
2024-07-10,4.2,0.0,0.0,4.133333333333334,4.0344444444444445,4.2,4.1
2024-07-11,4.2,0.0,0.0,4.136666666666667,4.0377777777777775,4.2,4.1
2024-07-12,4.2,0.0,0.0,4.14,4.041111111111111,4.2,4.1
2024-07-13,4.2,0.0,0.0,4.1433333333333335,4.044444444444443,4.2,4.1
2024-07-14,4.2,0.0,0.0,4.1466666666666665,4.047777777777778,4.2,4.1
2024-07-15,4.2,0.0,0.0,4.15,4.051111111111111,4.2,4.1
2024-07-16,4.2,0.0,0.0,4.153333333333333,4.054444444444444,4.2,4.1
2024-07-17,4.2,0.0,0.0,4.156666666666666,4.057777777777778,4.2,4.1
2024-07-18,4.2,0.0,0.0,4.16,4.061111111111111,4.2,4.1
2024-07-19,4.2,0.0,0.0,4.163333333333333,4.064444444444445,4.2,4.1
2024-07-20,4.2,0.0,0.0,4.166666666666667,4.067777777777778,4.2,4.1
2024-07-21,4.2,0.0,0.0,4.17,4.071111111111111,4.2,4.1
2024-07-22,4.2,0.0,0.0,4.173333333333333,4.0744444444444445,4.2,4.1
2024-07-23,4.2,0.0,0.0,4.176666666666667,4.0777777777777775,4.2,4.1
2024-07-24,4.2,0.0,0.0,4.180000000000001,4.081111111111111,4.2,4.1
2024-07-25,4.2,0.0,0.0,4.183333333333334,4.084444444444444,4.2,4.1
2024-07-26,4.2,0.0,0.0,4.1866666666666665,4.087777777777777,4.2,4.1
2024-07-27,4.2,0.0,0.0,4.19,4.091111111111111,4.2,4.1
2024-07-28,4.2,0.0,0.0,4.193333333333333,4.094444444444444,4.2,4.1
2024-07-29,4.2,0.0,0.0,4.196666666666667,4.097777777777778,4.2,4.1
2024-07-30,4.2,0.0,0.0,4.2,4.1,4.2,4.1
2024-07-31,4.2,0.0,0.0,4.2,4.102222222222222,4.2,4.2
2024-08-01,4.2,0.0,0.0,4.2,4.104444444444444,4.2,4.2
2024-08-02,4.2,0.0,0.0,4.2,4.106666666666667,4.2,4.2
2024-08-03,4.2,0.0,0.0,4.2,4.108888888888889,4.2,4.2
2024-08-04,4.2,0.0,0.0,4.2,4.111111111111111,4.2,4.2
2024-08-05,4.2,0.0,0.0,4.2,4.113333333333333,4.2,4.2
2024-08-06,4.2,0.0,0.0,4.2,4.115555555555555,4.2,4.2
2024-08-07,4.2,0.0,0.0,4.2,4.117777777777778,4.2,4.2
2024-08-08,4.2,0.0,0.0,4.2,4.12,4.2,4.2
2024-08-09,4.2,0.0,0.0,4.2,4.122222222222222,4.2,4.2
2024-08-10,4.2,0.0,0.0,4.2,4.124444444444444,4.2,4.2
2024-08-11,4.2,0.0,0.0,4.2,4.126666666666666,4.2,4.2
2024-08-12,4.2,0.0,0.0,4.2,4.1288888888888895,4.2,4.2
2024-08-13,4.2,0.0,0.0,4.2,4.131111111111111,4.2,4.2
2024-08-14,4.2,0.0,0.0,4.2,4.133333333333334,4.2,4.2
2024-08-15,4.2,0.0,0.0,4.2,4.135555555555555,4.2,4.2
2024-08-16,4.2,0.0,0.0,4.2,4.137777777777777,4.2,4.2
2024-08-17,4.2,0.0,0.0,4.2,4.140000000000001,4.2,4.2
2024-08-18,4.2,0.0,0.0,4.2,4.142222222222222,4.2,4.2
2024-08-19,4.2,0.0,0.0,4.2,4.144444444444445,4.2,4.2
2024-08-20,4.2,0.0,0.0,4.2,4.1466666666666665,4.2,4.2
2024-08-21,4.2,0.0,0.0,4.2,4.148888888888889,4.2,4.2
2024-08-22,4.2,0.0,0.0,4.2,4.151111111111112,4.2,4.2
2024-08-23,4.2,0.0,0.0,4.2,4.153333333333333,4.2,4.2
2024-08-24,4.2,0.0,0.0,4.2,4.155555555555556,4.2,4.2
2024-08-25,4.2,0.0,0.0,4.2,4.157777777777778,4.2,4.2
2024-08-26,4.2,0.0,0.0,4.2,4.16,4.2,4.2
2024-08-27,4.2,0.0,0.0,4.2,4.162222222222223,4.2,4.2
2024-08-28,4.2,0.0,0.0,4.2,4.164444444444444,4.2,4.2
2024-08-29,4.2,0.0,0.0,4.2,4.166666666666667,4.2,4.2
2024-08-30,4.2,0.0,0.0,4.2,4.167777777777777,4.2,4.2
2024-08-31,4.2,0.0,0.0,4.2,4.168888888888889,4.2,4.2
2024-09-01,4.1,-0.10000000000000053,-0.023809523809523947,4.196666666666667,4.168888888888889,4.2,4.2
2024-09-02,4.1,0.0,0.0,4.193333333333333,4.1688888888888895,4.2,4.2
2024-09-03,4.1,0.0,0.0,4.19,4.168888888888889,4.2,4.2
2024-09-04,4.1,0.0,0.0,4.1866666666666665,4.168888888888889,4.2,4.2
2024-09-05,4.1,0.0,0.0,4.183333333333334,4.168888888888889,4.2,4.2
2024-09-06,4.1,0.0,0.0,4.180000000000001,4.168888888888889,4.2,4.2
2024-09-07,4.1,0.0,0.0,4.176666666666667,4.1688888888888895,4.2,4.2
2024-09-08,4.1,0.0,0.0,4.173333333333334,4.168888888888889,4.1,4.2
2024-09-09,4.1,0.0,0.0,4.17,4.168888888888889,4.1,4.2
2024-09-10,4.1,0.0,0.0,4.166666666666667,4.168888888888889,4.1,4.2
2024-09-11,4.1,0.0,0.0,4.163333333333333,4.168888888888889,4.1,4.2
2024-09-12,4.1,0.0,0.0,4.16,4.1688888888888895,4.1,4.2
2024-09-13,4.1,0.0,0.0,4.156666666666667,4.168888888888889,4.1,4.2
2024-09-14,4.1,0.0,0.0,4.153333333333333,4.168888888888889,4.1,4.2
2024-09-15,4.1,0.0,0.0,4.15,4.168888888888889,4.1,4.2
2024-09-16,4.1,0.0,0.0,4.1466666666666665,4.168888888888889,4.1,4.2
2024-09-17,4.1,0.0,0.0,4.1433333333333335,4.1688888888888895,4.1,4.2
2024-09-18,4.1,0.0,0.0,4.14,4.168888888888889,4.1,4.2
2024-09-19,4.1,0.0,0.0,4.136666666666667,4.1688888888888895,4.1,4.2
2024-09-20,4.1,0.0,0.0,4.133333333333333,4.168888888888889,4.1,4.2
2024-09-21,4.1,0.0,0.0,4.13,4.168888888888889,4.1,4.2
2024-09-22,4.1,0.0,0.0,4.126666666666667,4.1688888888888895,4.1,4.2
2024-09-23,4.1,0.0,0.0,4.123333333333333,4.168888888888889,4.1,4.2
2024-09-24,4.1,0.0,0.0,4.12,4.1688888888888895,4.1,4.2
2024-09-25,4.1,0.0,0.0,4.116666666666666,4.168888888888889,4.1,4.2
2024-09-26,4.1,0.0,0.0,4.113333333333333,4.168888888888889,4.1,4.2
2024-09-27,4.1,0.0,0.0,4.11,4.168888888888889,4.1,4.2
2024-09-28,4.1,0.0,0.0,4.1066666666666665,4.168888888888889,4.1,4.2
2024-09-29,4.1,0.0,0.0,4.1033333333333335,4.167777777777778,4.1,4.2
2024-09-30,4.1,0.0,0.0,4.1,4.166666666666667,4.1,4.2
2024-10-01,4.1,0.0,0.0,4.1,4.165555555555556,4.1,4.1
2024-10-02,4.1,0.0,0.0,4.1,4.1644444444444435,4.1,4.1
2024-10-03,4.1,0.0,0.0,4.1,4.163333333333333,4.1,4.1
2024-10-04,4.1,0.0,0.0,4.1,4.162222222222223,4.1,4.1
2024-10-05,4.1,0.0,0.0,4.1,4.161111111111111,4.1,4.1
2024-10-06,4.1,0.0,0.0,4.1,4.16,4.1,4.1
2024-10-07,4.1,0.0,0.0,4.1,4.158888888888888,4.1,4.1
2024-10-08,4.1,0.0,0.0,4.1,4.157777777777778,4.1,4.1
2024-10-09,4.1,0.0,0.0,4.1,4.156666666666667,4.1,4.1
2024-10-10,4.1,0.0,0.0,4.1,4.155555555555556,4.1,4.1
2024-10-11,4.1,0.0,0.0,4.1,4.154444444444445,4.1,4.1
2024-10-12,4.1,0.0,0.0,4.1,4.153333333333332,4.1,4.1
2024-10-13,4.1,0.0,0.0,4.1,4.152222222222222,4.1,4.1
2024-10-14,4.1,0.0,0.0,4.1,4.151111111111112,4.1,4.1
2024-10-15,4.1,0.0,0.0,4.1,4.15,4.1,4.1
2024-10-16,4.1,0.0,0.0,4.1,4.148888888888889,4.1,4.1
2024-10-17,4.1,0.0,0.0,4.1,4.147777777777777,4.1,4.1
2024-10-18,4.1,0.0,0.0,4.1,4.1466666666666665,4.1,4.1
2024-10-19,4.1,0.0,0.0,4.1,4.145555555555556,4.1,4.1
2024-10-20,4.1,0.0,0.0,4.1,4.144444444444445,4.1,4.1
2024-10-21,4.1,0.0,0.0,4.1,4.143333333333333,4.1,4.1
2024-10-22,4.1,0.0,0.0,4.1,4.142222222222221,4.1,4.1
2024-10-23,4.1,0.0,0.0,4.1,4.141111111111111,4.1,4.1
2024-10-24,4.1,0.0,0.0,4.1,4.140000000000001,4.1,4.1
2024-10-25,4.1,0.0,0.0,4.1,4.138888888888889,4.1,4.1
2024-10-26,4.1,0.0,0.0,4.1,4.137777777777777,4.1,4.1
2024-10-27,4.1,0.0,0.0,4.1,4.136666666666666,4.1,4.1
2024-10-28,4.1,0.0,0.0,4.1,4.135555555555555,4.1,4.1
2024-10-29,4.1,0.0,0.0,4.1,4.134444444444444,4.1,4.1
2024-10-30,4.1,0.0,0.0,4.1,4.133333333333334,4.1,4.1
2024-10-31,4.1,0.0,0.0,4.1,4.132222222222222,4.1,4.1
2024-11-01,4.2,0.10000000000000053,0.024390243902439046,4.1033333333333335,4.132222222222222,4.1,4.1
2024-11-02,4.2,0.0,0.0,4.1066666666666665,4.132222222222222,4.1,4.1
2024-11-03,4.2,0.0,0.0,4.109999999999999,4.132222222222222,4.1,4.1
2024-11-04,4.2,0.0,0.0,4.113333333333333,4.132222222222222,4.1,4.1
2024-11-05,4.2,0.0,0.0,4.116666666666666,4.132222222222222,4.1,4.1
2024-11-06,4.2,0.0,0.0,4.12,4.132222222222222,4.1,4.1
2024-11-07,4.2,0.0,0.0,4.123333333333333,4.132222222222222,4.1,4.1
2024-11-08,4.2,0.0,0.0,4.126666666666667,4.132222222222222,4.2,4.1
2024-11-09,4.2,0.0,0.0,4.13,4.132222222222222,4.2,4.1
2024-11-10,4.2,0.0,0.0,4.133333333333334,4.132222222222222,4.2,4.1
2024-11-11,4.2,0.0,0.0,4.136666666666667,4.132222222222222,4.2,4.1
2024-11-12,4.2,0.0,0.0,4.14,4.132222222222222,4.2,4.1
2024-11-13,4.2,0.0,0.0,4.1433333333333335,4.132222222222222,4.2,4.1
2024-11-14,4.2,0.0,0.0,4.1466666666666665,4.132222222222222,4.2,4.1
2024-11-15,4.2,0.0,0.0,4.15,4.132222222222222,4.2,4.1
2024-11-16,4.2,0.0,0.0,4.153333333333333,4.132222222222222,4.2,4.1
2024-11-17,4.2,0.0,0.0,4.156666666666667,4.132222222222222,4.2,4.1
2024-11-18,4.2,0.0,0.0,4.16,4.132222222222222,4.2,4.1
2024-11-19,4.2,0.0,0.0,4.163333333333333,4.1322222222222225,4.2,4.1
2024-11-20,4.2,0.0,0.0,4.166666666666667,4.132222222222222,4.2,4.1
2024-11-21,4.2,0.0,0.0,4.17,4.132222222222222,4.2,4.1
2024-11-22,4.2,0.0,0.0,4.173333333333334,4.132222222222222,4.2,4.1
2024-11-23,4.2,0.0,0.0,4.176666666666667,4.132222222222222,4.2,4.1
2024-11-24,4.2,0.0,0.0,4.18,4.1322222222222225,4.2,4.1
2024-11-25,4.2,0.0,0.0,4.183333333333334,4.132222222222222,4.2,4.1
2024-11-26,4.2,0.0,0.0,4.1866666666666665,4.132222222222222,4.2,4.1
2024-11-27,4.2,0.0,0.0,4.19,4.132222222222222,4.2,4.1
2024-11-28,4.2,0.0,0.0,4.193333333333333,4.132222222222222,4.2,4.1
2024-11-29,4.2,0.0,0.0,4.196666666666667,4.1322222222222225,4.2,4.1
2024-11-30,4.2,0.0,0.0,4.2,4.133333333333334,4.2,4.1
2024-12-01,4.1,-0.10000000000000053,-0.023809523809523947,4.196666666666667,4.133333333333333,4.2,4.2
2024-12-02,4.1,0.0,0.0,4.193333333333333,4.133333333333334,4.2,4.2
2024-12-03,4.1,0.0,0.0,4.19,4.133333333333334,4.2,4.2
2024-12-04,4.1,0.0,0.0,4.1866666666666665,4.133333333333334,4.2,4.2
2024-12-05,4.1,0.0,0.0,4.183333333333334,4.133333333333334,4.2,4.2
2024-12-06,4.1,0.0,0.0,4.18,4.133333333333333,4.2,4.2
2024-12-07,4.1,0.0,0.0,4.176666666666667,4.133333333333334,4.2,4.2
2024-12-08,4.1,0.0,0.0,4.173333333333334,4.133333333333334,4.1,4.2
2024-12-09,4.1,0.0,0.0,4.17,4.133333333333334,4.1,4.2
2024-12-10,4.1,0.0,0.0,4.166666666666667,4.133333333333334,4.1,4.2
2024-12-11,4.1,0.0,0.0,4.163333333333333,4.133333333333333,4.1,4.2
2024-12-12,4.1,0.0,0.0,4.16,4.133333333333334,4.1,4.2
2024-12-13,4.1,0.0,0.0,4.156666666666667,4.133333333333333,4.1,4.2
2024-12-14,4.1,0.0,0.0,4.153333333333333,4.133333333333334,4.1,4.2
2024-12-15,4.1,0.0,0.0,4.15,4.133333333333334,4.1,4.2
2024-12-16,4.1,0.0,0.0,4.1466666666666665,4.133333333333333,4.1,4.2
2024-12-17,4.1,0.0,0.0,4.143333333333333,4.133333333333334,4.1,4.2
2024-12-18,4.1,0.0,0.0,4.14,4.133333333333333,4.1,4.2
2024-12-19,4.1,0.0,0.0,4.136666666666667,4.133333333333334,4.1,4.2
2024-12-20,4.1,0.0,0.0,4.133333333333334,4.133333333333334,4.1,4.2
2024-12-21,4.1,0.0,0.0,4.13,4.133333333333333,4.1,4.2
2024-12-22,4.1,0.0,0.0,4.126666666666666,4.133333333333334,4.1,4.2
2024-12-23,4.1,0.0,0.0,4.123333333333333,4.133333333333333,4.1,4.2
2024-12-24,4.1,0.0,0.0,4.12,4.133333333333334,4.1,4.2
2024-12-25,4.1,0.0,0.0,4.116666666666666,4.133333333333334,4.1,4.2
2024-12-26,4.1,0.0,0.0,4.113333333333333,4.133333333333334,4.1,4.2
2024-12-27,4.1,0.0,0.0,4.109999999999999,4.133333333333334,4.1,4.2
2024-12-28,4.1,0.0,0.0,4.1066666666666665,4.133333333333333,4.1,4.2
2024-12-29,4.1,0.0,0.0,4.1033333333333335,4.133333333333334,4.1,4.2
2024-12-30,4.1,0.0,0.0,4.1,4.133333333333334,4.1,4.2
2024-12-31,4.1,0.0,0.0,4.1,4.133333333333334,4.1,4.1
2025-01-01,4.0,-0.09999999999999964,-0.024390243902438935,4.096666666666667,4.132222222222222,4.1,4.1
2025-01-02,4.0,0.0,0.0,4.093333333333333,4.13111111111111,4.1,4.1
2025-01-03,4.0,0.0,0.0,4.09,4.13,4.1,4.1
2025-01-04,4.0,0.0,0.0,4.086666666666667,4.128888888888889,4.1,4.1
2025-01-05,4.0,0.0,0.0,4.083333333333333,4.127777777777778,4.1,4.1
2025-01-06,4.0,0.0,0.0,4.08,4.126666666666666,4.1,4.1
2025-01-07,4.0,0.0,0.0,4.076666666666666,4.125555555555555,4.1,4.1
2025-01-08,4.0,0.0,0.0,4.073333333333333,4.124444444444444,4.0,4.1
2025-01-09,4.0,0.0,0.0,4.069999999999999,4.123333333333333,4.0,4.1
2025-01-10,4.0,0.0,0.0,4.066666666666666,4.122222222222222,4.0,4.1
2025-01-11,4.0,0.0,0.0,4.0633333333333335,4.1211111111111105,4.0,4.1
2025-01-12,4.0,0.0,0.0,4.06,4.119999999999999,4.0,4.1
2025-01-13,4.0,0.0,0.0,4.056666666666667,4.118888888888889,4.0,4.1
2025-01-14,4.0,0.0,0.0,4.053333333333333,4.1177777777777775,4.0,4.1
2025-01-15,4.0,0.0,0.0,4.05,4.116666666666666,4.0,4.1
2025-01-16,4.0,0.0,0.0,4.046666666666667,4.115555555555555,4.0,4.1
2025-01-17,4.0,0.0,0.0,4.043333333333333,4.114444444444444,4.0,4.1
2025-01-18,4.0,0.0,0.0,4.04,4.113333333333333,4.0,4.1
2025-01-19,4.0,0.0,0.0,4.036666666666666,4.112222222222222,4.0,4.1
2025-01-20,4.0,0.0,0.0,4.033333333333333,4.111111111111111,4.0,4.1
2025-01-21,4.0,0.0,0.0,4.03,4.109999999999999,4.0,4.1
2025-01-22,4.0,0.0,0.0,4.026666666666666,4.108888888888888,4.0,4.1
2025-01-23,4.0,0.0,0.0,4.023333333333333,4.107777777777778,4.0,4.1
2025-01-24,4.0,0.0,0.0,4.02,4.1066666666666665,4.0,4.1
2025-01-25,4.0,0.0,0.0,4.016666666666667,4.105555555555555,4.0,4.1
2025-01-26,4.0,0.0,0.0,4.013333333333334,4.104444444444444,4.0,4.1
2025-01-27,4.0,0.0,0.0,4.01,4.1033333333333335,4.0,4.1
2025-01-28,4.0,0.0,0.0,4.006666666666667,4.102222222222222,4.0,4.1
2025-01-29,4.0,0.0,0.0,4.003333333333334,4.101111111111111,4.0,4.1
2025-01-30,4.0,0.0,0.0,4.0,4.098888888888888,4.0,4.1
2025-01-31,4.0,0.0,0.0,4.0,4.096666666666667,4.0,4.0
2025-02-01,4.1,0.09999999999999964,0.02499999999999991,4.003333333333333,4.095555555555555,4.0,4.0
2025-02-02,4.1,0.0,0.0,4.006666666666666,4.094444444444444,4.0,4.0
2025-02-03,4.1,0.0,0.0,4.01,4.093333333333333,4.0,4.0
2025-02-04,4.1,0.0,0.0,4.013333333333333,4.092222222222222,4.0,4.0
2025-02-05,4.1,0.0,0.0,4.016666666666667,4.091111111111111,4.0,4.0
2025-02-06,4.1,0.0,0.0,4.02,4.09,4.0,4.0
2025-02-07,4.1,0.0,0.0,4.0233333333333325,4.088888888888889,4.0,4.0
2025-02-08,4.1,0.0,0.0,4.026666666666666,4.087777777777777,4.1,4.0
2025-02-09,4.1,0.0,0.0,4.029999999999999,4.086666666666666,4.1,4.0
2025-02-10,4.1,0.0,0.0,4.033333333333333,4.085555555555556,4.1,4.0
2025-02-11,4.1,0.0,0.0,4.036666666666666,4.084444444444444,4.1,4.0
2025-02-12,4.1,0.0,0.0,4.04,4.083333333333333,4.1,4.0
2025-02-13,4.1,0.0,0.0,4.043333333333333,4.082222222222222,4.1,4.0
2025-02-14,4.1,0.0,0.0,4.046666666666666,4.0811111111111105,4.1,4.0
2025-02-15,4.1,0.0,0.0,4.05,4.08,4.1,4.0
2025-02-16,4.1,0.0,0.0,4.053333333333333,4.078888888888889,4.1,4.0
2025-02-17,4.1,0.0,0.0,4.056666666666667,4.0777777777777775,4.1,4.0
2025-02-18,4.1,0.0,0.0,4.06,4.076666666666666,4.1,4.0
2025-02-19,4.1,0.0,0.0,4.0633333333333335,4.075555555555555,4.1,4.0
2025-02-20,4.1,0.0,0.0,4.066666666666666,4.0744444444444445,4.1,4.0
2025-02-21,4.1,0.0,0.0,4.069999999999999,4.073333333333333,4.1,4.0
2025-02-22,4.1,0.0,0.0,4.073333333333333,4.072222222222222,4.1,4.0
2025-02-23,4.1,0.0,0.0,4.076666666666666,4.071111111111111,4.1,4.0
2025-02-24,4.1,0.0,0.0,4.08,4.069999999999999,4.1,4.0
2025-02-25,4.1,0.0,0.0,4.083333333333333,4.068888888888889,4.1,4.0
2025-02-26,4.1,0.0,0.0,4.086666666666667,4.067777777777778,4.1,4.0
2025-02-27,4.1,0.0,0.0,4.09,4.066666666666666,4.1,4.0
2025-02-28,4.1,0.0,0.0,4.093333333333333,4.065555555555555,4.1,4.0
2025-03-01,4.2,0.10000000000000053,0.024390243902439046,4.1,4.066666666666666,4.1,4.0
2025-03-02,4.2,0.0,0.0,4.1066666666666665,4.067777777777778,4.1,4.0
2025-03-03,4.2,0.0,0.0,4.11,4.068888888888888,4.1,4.1
2025-03-04,4.2,0.0,0.0,4.113333333333332,4.07,4.1,4.1
2025-03-05,4.2,0.0,0.0,4.116666666666666,4.071111111111111,4.1,4.1
2025-03-06,4.2,0.0,0.0,4.12,4.072222222222222,4.1,4.1
2025-03-07,4.2,0.0,0.0,4.123333333333333,4.073333333333333,4.1,4.1
2025-03-08,4.2,0.0,0.0,4.126666666666667,4.0744444444444445,4.2,4.1
2025-03-09,4.2,0.0,0.0,4.13,4.075555555555556,4.2,4.1
2025-03-10,4.2,0.0,0.0,4.133333333333333,4.076666666666666,4.2,4.1
2025-03-11,4.2,0.0,0.0,4.136666666666667,4.0777777777777775,4.2,4.1
2025-03-12,4.2,0.0,0.0,4.14,4.078888888888889,4.2,4.1
2025-03-13,4.2,0.0,0.0,4.1433333333333335,4.08,4.2,4.1
2025-03-14,4.2,0.0,0.0,4.1466666666666665,4.081111111111111,4.2,4.1
2025-03-15,4.2,0.0,0.0,4.1499999999999995,4.082222222222222,4.2,4.1
2025-03-16,4.2,0.0,0.0,4.153333333333333,4.083333333333333,4.2,4.1
2025-03-17,4.2,0.0,0.0,4.156666666666667,4.084444444444444,4.2,4.1
2025-03-18,4.2,0.0,0.0,4.16,4.085555555555556,4.2,4.1
2025-03-19,4.2,0.0,0.0,4.163333333333333,4.086666666666667,4.2,4.1
2025-03-20,4.2,0.0,0.0,4.166666666666667,4.087777777777777,4.2,4.1
2025-03-21,4.2,0.0,0.0,4.17,4.088888888888889,4.2,4.1
2025-03-22,4.2,0.0,0.0,4.173333333333334,4.09,4.2,4.1
2025-03-23,4.2,0.0,0.0,4.176666666666667,4.091111111111111,4.2,4.1
2025-03-24,4.2,0.0,0.0,4.180000000000001,4.092222222222222,4.2,4.1
2025-03-25,4.2,0.0,0.0,4.183333333333334,4.093333333333333,4.2,4.1
2025-03-26,4.2,0.0,0.0,4.1866666666666665,4.094444444444444,4.2,4.1
2025-03-27,4.2,0.0,0.0,4.19,4.095555555555555,4.2,4.1
2025-03-28,4.2,0.0,0.0,4.193333333333333,4.096666666666667,4.2,4.1
2025-03-29,4.2,0.0,0.0,4.196666666666667,4.097777777777778,4.2,4.1
2025-03-30,4.2,0.0,0.0,4.2,4.098888888888888,4.2,4.1
2025-03-31,4.2,0.0,0.0,4.2,4.1,4.2,4.2
2025-04-01,4.2,0.0,0.0,4.2,4.102222222222222,4.2,4.2
2025-04-02,4.2,0.0,0.0,4.2,4.104444444444444,4.2,4.2
2025-04-03,4.2,0.0,0.0,4.2,4.106666666666667,4.2,4.2
2025-04-04,4.2,0.0,0.0,4.2,4.108888888888889,4.2,4.2
2025-04-05,4.2,0.0,0.0,4.2,4.111111111111111,4.2,4.2
2025-04-06,4.2,0.0,0.0,4.2,4.113333333333333,4.2,4.2
2025-04-07,4.2,0.0,0.0,4.2,4.115555555555555,4.2,4.2
2025-04-08,4.2,0.0,0.0,4.2,4.117777777777778,4.2,4.2
2025-04-09,4.2,0.0,0.0,4.2,4.12,4.2,4.2
2025-04-10,4.2,0.0,0.0,4.2,4.122222222222222,4.2,4.2
2025-04-11,4.2,0.0,0.0,4.2,4.124444444444444,4.2,4.2
2025-04-12,4.2,0.0,0.0,4.2,4.126666666666667,4.2,4.2
2025-04-13,4.2,0.0,0.0,4.2,4.1288888888888895,4.2,4.2
2025-04-14,4.2,0.0,0.0,4.2,4.131111111111111,4.2,4.2
2025-04-15,4.2,0.0,0.0,4.2,4.133333333333334,4.2,4.2
2025-04-16,4.2,0.0,0.0,4.2,4.135555555555555,4.2,4.2
2025-04-17,4.2,0.0,0.0,4.2,4.137777777777778,4.2,4.2
2025-04-18,4.2,0.0,0.0,4.2,4.140000000000001,4.2,4.2
2025-04-19,4.2,0.0,0.0,4.2,4.142222222222222,4.2,4.2
2025-04-20,4.2,0.0,0.0,4.2,4.144444444444445,4.2,4.2
2025-04-21,4.2,0.0,0.0,4.2,4.1466666666666665,4.2,4.2
2025-04-22,4.2,0.0,0.0,4.2,4.148888888888889,4.2,4.2
2025-04-23,4.2,0.0,0.0,4.2,4.151111111111112,4.2,4.2
2025-04-24,4.2,0.0,0.0,4.2,4.153333333333333,4.2,4.2
2025-04-25,4.2,0.0,0.0,4.2,4.155555555555556,4.2,4.2
2025-04-26,4.2,0.0,0.0,4.2,4.157777777777778,4.2,4.2
2025-04-27,4.2,0.0,0.0,4.2,4.16,4.2,4.2
2025-04-28,4.2,0.0,0.0,4.2,4.162222222222223,4.2,4.2
2025-04-29,4.2,0.0,0.0,4.2,4.164444444444444,4.2,4.2
2025-04-30,4.2,0.0,0.0,4.2,4.166666666666667,4.2,4.2
2025-05-01,4.2,0.0,0.0,4.2,4.168888888888889,4.2,4.2
2025-05-02,4.2,0.0,0.0,4.2,4.17,4.2,4.2
2025-05-03,4.2,0.0,0.0,4.2,4.171111111111111,4.2,4.2
2025-05-04,4.2,0.0,0.0,4.2,4.1722222222222225,4.2,4.2
2025-05-05,4.2,0.0,0.0,4.2,4.173333333333333,4.2,4.2
2025-05-06,4.2,0.0,0.0,4.2,4.174444444444444,4.2,4.2
2025-05-07,4.2,0.0,0.0,4.2,4.1755555555555555,4.2,4.2
2025-05-08,4.2,0.0,0.0,4.2,4.176666666666667,4.2,4.2
2025-05-09,4.2,0.0,0.0,4.2,4.177777777777778,4.2,4.2
2025-05-10,4.2,0.0,0.0,4.2,4.178888888888888,4.2,4.2
2025-05-11,4.2,0.0,0.0,4.2,4.18,4.2,4.2
2025-05-12,4.2,0.0,0.0,4.2,4.181111111111111,4.2,4.2
2025-05-13,4.2,0.0,0.0,4.2,4.182222222222222,4.2,4.2
2025-05-14,4.2,0.0,0.0,4.2,4.183333333333334,4.2,4.2
2025-05-15,4.2,0.0,0.0,4.2,4.184444444444445,4.2,4.2
2025-05-16,4.2,0.0,0.0,4.2,4.185555555555555,4.2,4.2
2025-05-17,4.2,0.0,0.0,4.2,4.1866666666666665,4.2,4.2
2025-05-18,4.2,0.0,0.0,4.2,4.187777777777778,4.2,4.2
2025-05-19,4.2,0.0,0.0,4.2,4.188888888888889,4.2,4.2
2025-05-20,4.2,0.0,0.0,4.2,4.19,4.2,4.2
2025-05-21,4.2,0.0,0.0,4.2,4.191111111111111,4.2,4.2
2025-05-22,4.2,0.0,0.0,4.2,4.192222222222222,4.2,4.2
2025-05-23,4.2,0.0,0.0,4.2,4.193333333333333,4.2,4.2
2025-05-24,4.2,0.0,0.0,4.2,4.194444444444445,4.2,4.2
2025-05-25,4.2,0.0,0.0,4.2,4.195555555555556,4.2,4.2
2025-05-26,4.2,0.0,0.0,4.2,4.196666666666666,4.2,4.2
2025-05-27,4.2,0.0,0.0,4.2,4.197777777777778,4.2,4.2
2025-05-28,4.2,0.0,0.0,4.2,4.198888888888889,4.2,4.2
2025-05-29,4.2,0.0,0.0,4.2,4.2,4.2,4.2
2025-05-30,4.2,0.0,0.0,4.2,4.2,4.2,4.2
2025-05-31,4.2,0.0,0.0,4.2,4.2,4.2,4.2
2025-06-01,4.1,-0.10000000000000053,-0.023809523809523947,4.196666666666667,4.198888888888889,4.2,4.2
2025-06-02,4.1,0.0,0.0,4.193333333333333,4.197777777777778,4.2,4.2
2025-06-03,4.1,0.0,0.0,4.19,4.196666666666666,4.2,4.2
2025-06-04,4.1,0.0,0.0,4.1866666666666665,4.195555555555556,4.2,4.2
2025-06-05,4.1,0.0,0.0,4.183333333333334,4.194444444444445,4.2,4.2
2025-06-06,4.1,0.0,0.0,4.180000000000001,4.193333333333333,4.2,4.2
2025-06-07,4.1,0.0,0.0,4.176666666666667,4.192222222222222,4.2,4.2
2025-06-08,4.1,0.0,0.0,4.173333333333334,4.191111111111111,4.1,4.2
2025-06-09,4.1,0.0,0.0,4.17,4.19,4.1,4.2
2025-06-10,4.1,0.0,0.0,4.166666666666667,4.188888888888889,4.1,4.2
2025-06-11,4.1,0.0,0.0,4.163333333333333,4.187777777777778,4.1,4.2
2025-06-12,4.1,0.0,0.0,4.16,4.1866666666666665,4.1,4.2
2025-06-13,4.1,0.0,0.0,4.156666666666667,4.185555555555555,4.1,4.2
2025-06-14,4.1,0.0,0.0,4.153333333333333,4.184444444444445,4.1,4.2
2025-06-15,4.1,0.0,0.0,4.15,4.183333333333334,4.1,4.2
2025-06-16,4.1,0.0,0.0,4.1466666666666665,4.182222222222222,4.1,4.2
2025-06-17,4.1,0.0,0.0,4.1433333333333335,4.181111111111111,4.1,4.2
2025-06-18,4.1,0.0,0.0,4.14,4.18,4.1,4.2
2025-06-19,4.1,0.0,0.0,4.136666666666667,4.178888888888889,4.1,4.2
2025-06-20,4.1,0.0,0.0,4.133333333333334,4.177777777777778,4.1,4.2
2025-06-21,4.1,0.0,0.0,4.13,4.176666666666667,4.1,4.2
2025-06-22,4.1,0.0,0.0,4.126666666666666,4.1755555555555555,4.1,4.2
2025-06-23,4.1,0.0,0.0,4.123333333333333,4.174444444444444,4.1,4.2
2025-06-24,4.1,0.0,0.0,4.12,4.173333333333334,4.1,4.2
2025-06-25,4.1,0.0,0.0,4.116666666666666,4.1722222222222225,4.1,4.2
2025-06-26,4.1,0.0,0.0,4.113333333333333,4.171111111111111,4.1,4.2
2025-06-27,4.1,0.0,0.0,4.109999999999999,4.17,4.1,4.2
2025-06-28,4.1,0.0,0.0,4.1066666666666665,4.168888888888889,4.1,4.2
2025-06-29,4.1,0.0,0.0,4.1033333333333335,4.167777777777778,4.1,4.2
2025-06-30,4.1,0.0,0.0,4.1,4.166666666666667,4.1,4.2
2025-07-01,4.2,0.10000000000000053,0.024390243902439046,4.1033333333333335,4.166666666666667,4.1,4.1
2025-07-02,4.2,0.0,0.0,4.1066666666666665,4.166666666666667,4.1,4.1
2025-07-03,4.2,0.0,0.0,4.11,4.166666666666667,4.1,4.1
2025-07-04,4.2,0.0,0.0,4.113333333333332,4.166666666666667,4.1,4.1
2025-07-05,4.2,0.0,0.0,4.116666666666666,4.166666666666667,4.1,4.1
2025-07-06,4.2,0.0,0.0,4.12,4.166666666666667,4.1,4.1
2025-07-07,4.2,0.0,0.0,4.123333333333333,4.166666666666667,4.1,4.1
2025-07-08,4.2,0.0,0.0,4.126666666666667,4.166666666666667,4.2,4.1
2025-07-09,4.2,0.0,0.0,4.13,4.166666666666667,4.2,4.1
2025-07-10,4.2,0.0,0.0,4.133333333333333,4.166666666666667,4.2,4.1
2025-07-11,4.2,0.0,0.0,4.136666666666667,4.166666666666667,4.2,4.1
2025-07-12,4.2,0.0,0.0,4.14,4.166666666666667,4.2,4.1
2025-07-13,4.2,0.0,0.0,4.1433333333333335,4.166666666666667,4.2,4.1
2025-07-14,4.2,0.0,0.0,4.1466666666666665,4.166666666666667,4.2,4.1
2025-07-15,4.2,0.0,0.0,4.1499999999999995,4.166666666666667,4.2,4.1
2025-07-16,4.2,0.0,0.0,4.153333333333333,4.166666666666667,4.2,4.1
2025-07-17,4.2,0.0,0.0,4.156666666666667,4.166666666666667,4.2,4.1
2025-07-18,4.2,0.0,0.0,4.16,4.166666666666667,4.2,4.1
2025-07-19,4.2,0.0,0.0,4.163333333333333,4.166666666666667,4.2,4.1
2025-07-20,4.2,0.0,0.0,4.166666666666667,4.166666666666667,4.2,4.1
2025-07-21,4.2,0.0,0.0,4.17,4.166666666666667,4.2,4.1
2025-07-22,4.2,0.0,0.0,4.173333333333334,4.166666666666667,4.2,4.1
2025-07-23,4.2,0.0,0.0,4.176666666666667,4.166666666666667,4.2,4.1
2025-07-24,4.2,0.0,0.0,4.180000000000001,4.166666666666667,4.2,4.1
2025-07-25,4.2,0.0,0.0,4.183333333333334,4.166666666666667,4.2,4.1
2025-07-26,4.2,0.0,0.0,4.1866666666666665,4.166666666666667,4.2,4.1
2025-07-27,4.2,0.0,0.0,4.19,4.166666666666667,4.2,4.1
2025-07-28,4.2,0.0,0.0,4.193333333333333,4.166666666666667,4.2,4.1
2025-07-29,4.2,0.0,0.0,4.196666666666667,4.166666666666667,4.2,4.1
2025-07-30,4.2,0.0,0.0,4.2,4.166666666666667,4.2,4.1
2025-07-31,4.2,0.0,0.0,4.2,4.166666666666667,4.2,4.2
2025-08-01,4.3,0.09999999999999964,0.023809523809523725,4.203333333333334,4.167777777777777,4.2,4.2
2025-08-02,4.3,0.0,0.0,4.206666666666667,4.168888888888889,4.2,4.2
2025-08-03,4.3,0.0,0.0,4.21,4.17,4.2,4.2
2025-08-04,4.3,0.0,0.0,4.213333333333334,4.171111111111111,4.2,4.2
2025-08-05,4.3,0.0,0.0,4.216666666666667,4.1722222222222225,4.2,4.2
2025-08-06,4.3,0.0,0.0,4.220000000000001,4.173333333333333,4.2,4.2
2025-08-07,4.3,0.0,0.0,4.223333333333334,4.174444444444444,4.2,4.2
2025-08-08,4.3,0.0,0.0,4.226666666666667,4.1755555555555555,4.3,4.2
2025-08-09,4.3,0.0,0.0,4.23,4.176666666666667,4.3,4.2
2025-08-10,4.3,0.0,0.0,4.233333333333333,4.177777777777778,4.3,4.2
2025-08-11,4.3,0.0,0.0,4.236666666666666,4.178888888888888,4.3,4.2
2025-08-12,4.3,0.0,0.0,4.24,4.18,4.3,4.2
2025-08-13,4.3,0.0,0.0,4.243333333333333,4.181111111111111,4.3,4.2
2025-08-14,4.3,0.0,0.0,4.246666666666667,4.182222222222222,4.3,4.2
2025-08-15,4.3,0.0,0.0,4.25,4.183333333333334,4.3,4.2
2025-08-16,4.3,0.0,0.0,4.253333333333333,4.184444444444444,4.3,4.2
2025-08-17,4.3,0.0,0.0,4.256666666666667,4.185555555555555,4.3,4.2
2025-08-18,4.3,0.0,0.0,4.26,4.1866666666666665,4.3,4.2
2025-08-19,4.3,0.0,0.0,4.263333333333333,4.187777777777778,4.3,4.2
2025-08-20,4.3,0.0,0.0,4.266666666666667,4.188888888888889,4.3,4.2
2025-08-21,4.3,0.0,0.0,4.27,4.1899999999999995,4.3,4.2
2025-08-22,4.3,0.0,0.0,4.2733333333333325,4.191111111111111,4.3,4.2
2025-08-23,4.3,0.0,0.0,4.276666666666666,4.192222222222222,4.3,4.2
2025-08-24,4.3,0.0,0.0,4.279999999999999,4.193333333333333,4.3,4.2
2025-08-25,4.3,0.0,0.0,4.283333333333333,4.194444444444445,4.3,4.2
2025-08-26,4.3,0.0,0.0,4.286666666666666,4.195555555555555,4.3,4.2
2025-08-27,4.3,0.0,0.0,4.29,4.196666666666666,4.3,4.2
2025-08-28,4.3,0.0,0.0,4.293333333333333,4.197777777777778,4.3,4.2
2025-08-29,4.3,0.0,0.0,4.296666666666666,4.198888888888889,4.3,4.2
2025-08-30,4.3,0.0,0.0,4.3,4.201111111111111,4.3,4.2
2025-08-31,4.3,0.0,0.0,4.3,4.203333333333333,4.3,4.3
2025-09-01,4.4,0.10000000000000053,0.023255813953488413,4.303333333333333,4.206666666666667,4.3,4.3
