CH06,HORASTRAB,POBRE,CH04_2,NIVEL_ED_2,NIVEL_ED_3,NIVEL_ED_4,NIVEL_ED_5,NIVEL_ED_6,NIVEL_ED_7,ESTADO_2,ESTADO_3,ESTADO_4,CAT_OCUP_1.0,CAT_OCUP_2.0,CAT_OCUP_3.0,CAT_OCUP_4.0,CAT_OCUP_9.0
30.0,0.0,0,0,0,1,0,0,0,0,0,0,0,0,0,1,0,0
82.0,0.0,0,0,0,0,0,0,0,0,0,1,0,0,0,0,0,0
34.0,0.0,0,0,0,0,1,0,0,0,0,0,0,1,0,0,0,0
32.0,0.0,0,1,0,0,1,0,0,0,0,1,0,0,0,0,0,0
10.0,0.0,0,0,0,0,0,0,0,0,0,1,0,0,0,0,0,0
61.0,0.0,0,1,0,0,0,0,0,0,0,1,0,0,0,0,0,0
62.0,0.0,0,0,0,0,0,0,0,0,0,0,0,0,0,1,0,0
41.0,0.0,1,1,1,0,0,0,0,0,1,0,0,0,0,1,0,0
15.0,0.0,1,1,0,1,0,0,0,0,0,1,0,0,0,0,0,0
8.0,0.0,1,0,0,0,0,0,0,0,0,0,1,0,0,0,0,0
3.0,0.0,1,1,0,0,0,0,0,1,0,0,1,0,0,0,0,0
34.0,0.0,0,1,0,0,1,0,0,0,0,1,0,0,0,0,0,0
37.0,0.0,0,0,0,0,1,0,0,0,0,0,0,0,0,1,0,0
13.0,0.0,0,0,0,1,0,0,0,0,0,1,0,0,0,0,0,0
6.0,0.0,0,1,0,0,0,0,0,0,0,0,1,0,0,0,0,0
34.0,0.0,1,1,0,1,0,0,0,0,1,0,0,0,0,0,0,0
15.0,0.0,1,0,0,1,0,0,0,0,0,1,0,0,0,0,0,0
6.0,0.0,1,1,0,0,0,0,0,0,0,0,1,0,0,0,0,0
55.0,37.0,0,0,0,0,1,0,0,0,0,0,0,1,0,0,0,0
52.0,37.0,0,1,0,0,1,0,0,0,0,0,0,0,1,0,0,0
26.0,37.0,0,1,0,0,0,0,1,0,0,0,0,1,0,0,0,0
23.0,37.0,0,1,0,0,1,0,0,0,0,0,0,0,1,0,0,0
41.0,14.0,0,1,0,0,0,1,0,0,0,0,0,0,1,0,0,0
46.0,14.0,0,0,0,0,0,1,0,0,0,0,0,1,0,0,0,0
5.0,14.0,0,0,0,0,0,0,0,1,0,0,1,0,0,0,0,0
3.0,14.0,0,0,0,0,0,0,0,1,0,0,1,0,0,0,0,0
61.0,45.0,0,0,0,0,0,0,1,0,0,0,0,0,0,1,0,0
60.0,45.0,0,1,0,0,0,0,1,0,0,0,0,0,0,1,0,0
29.0,45.0,0,0,0,0,0,0,1,0,0,0,0,0,1,0,0,0
37.0,0.0,0,1,1,0,0,0,0,0,0,1,0,0,0,0,0,0
14.0,0.0,0,0,0,1,0,0,0,0,0,1,0,0,0,0,0,0
12.0,0.0,0,1,0,1,0,0,0,0,0,1,0,0,0,0,0,0
33.0,0.0,0,0,0,1,0,0,0,0,0,0,0,0,0,1,0,0
33.0,45.0,0,0,0,0,0,1,0,0,0,0,0,0,0,1,0,0
49.0,24.0,0,0,0,0,0,1,0,0,0,0,0,0,0,1,0,0
46.0,24.0,0,1,0,0,0,0,1,0,0,1,0,0,0,0,0,0
19.0,24.0,0,0,0,0,0,1,0,0,0,1,0,0,0,0,0,0
50.0,42.0,0,0,0,1,0,0,0,0,0,0,0,0,1,0,0,0
51.0,42.0,0,1,0,0,1,0,0,0,0,1,0,0,0,0,0,0
53.0,45.0,1,0,0,1,0,0,0,0,0,0,0,0,0,1,0,0
47.0,45.0,1,1,0,0,1,0,0,0,0,1,0,0,0,0,0,0
82.0,0.0,0,0,0,0,1,0,0,0,0,1,0,0,0,0,0,0
51.0,0.0,1,1,1,0,0,0,0,0,0,1,0,0,0,0,0,0
28.0,0.0,1,1,0,0,0,0,1,0,0,1,0,0,0,0,0,0
21.0,0.0,1,1,0,0,0,0,1,0,0,1,0,0,0,0,0,0
9.0,0.0,1,0,0,0,0,0,0,0,0,0,1,0,0,0,0,0
1.0,0.0,1,0,0,0,0,0,0,1,0,0,1,0,0,0,0,0
92.0,0.0,0,0,0,0,0,0,0,1,0,1,0,0,0,0,0,0
66.0,0.0,0,0,0,0,0,0,0,1,0,1,0,0,0,0,0,0
50.0,0.0,0,1,0,0,0,0,0,0,0,1,0,0,0,0,0,0
15.0,37.0,0,0,0,1,0,0,0,0,0,1,0,0,0,0,0,0
74.0,0.0,0,0,0,0,0,1,0,0,0,1,0,0,0,0,0,0
34.0,45.0,0,1,0,0,1,0,0,0,0,0,0,0,0,1,0,0
38.0,45.0,0,0,0,0,1,0,0,0,0,0,0,0,0,1,0,0
7.0,45.0,0,1,0,0,0,0,0,0,0,0,1,0,0,0,0,0
5.0,45.0,0,1,0,0,0,0,0,0,0,0,1,0,0,0,0,0
49.0,0.0,0,0,0,0,1,0,0,0,0,0,0,0,0,1,0,0
52.0,0.0,0,1,0,0,0,0,1,0,0,0,0,0,0,1,0,0
21.0,0.0,0,0,0,1,0,0,0,0,0,0,0,0,0,1,0,0
18.0,0.0,0,0,0,0,0,1,0,0,0,0,0,0,0,1,0,0
16.0,0.0,0,0,0,1,0,0,0,0,0,1,0,0,0,0,0,0
17.0,0.0,0,0,0,1,0,0,0,0,0,1,0,0,0,0,0,0
34.0,0.0,0,0,0,0,1,0,0,0,0,0,0,0,0,1,0,0
33.0,10.0,1,0,0,1,0,0,0,0,0,0,0,0,0,1,0,0
35.0,10.0,1,1,0,0,1,0,0,0,0,1,0,0,0,0,0,0
17.0,10.0,1,1,0,1,0,0,0,0,0,1,0,0,0,0,0,0
11.0,10.0,1,1,0,1,0,0,0,0,0,1,0,0,0,0,0,0
73.0,0.0,0,1,0,0,0,0,1,0,0,1,0,0,0,0,0,0
33.0,0.0,0,1,0,0,0,0,0,0,0,1,0,0,0,0,0,0
77.0,0.0,0,1,1,0,0,0,0,0,0,1,0,0,0,0,0,0
35.0,48.0,0,0,0,1,0,0,0,0,0,0,0,0,0,1,0,0
42.0,48.0,0,1,0,0,0,1,0,0,0,0,0,0,0,1,0,0
13.0,48.0,0,0,0,1,0,0,0,0,0,1,0,0,0,0,0,0
8.0,48.0,0,0,0,0,0,0,0,0,0,0,1,0,0,0,0,0
44.0,40.0,0,1,0,0,0,1,0,0,0,0,0,0,0,1,0,0
51.0,40.0,0,0,0,1,0,0,0,0,0,0,0,0,0,1,0,0
21.0,40.0,0,0,0,0,0,1,0,0,0,1,0,0,0,0,0,0
43.0,62.0,0,0,1,0,0,0,0,0,0,0,0,0,0,1,0,0
19.0,62.0,0,0,0,0,1,0,0,0,1,0,0,0,0,1,0,0
17.0,62.0,0,0,0,1,0,0,0,0,0,1,0,0,0,0,0,0
47.0,36.0,0,0,0,0,1,0,0,0,0,0,0,0,0,1,0,0
20.0,36.0,0,1,0,0,0,1,0,0,0,1,0,0,0,0,0,0
61.0,22.0,0,1,0,0,0,0,1,0,0,0,0,0,0,1,0,0
39.0,48.0,0,0,0,1,0,0,0,0,0,0,0,0,0,1,0,0
14.0,45.0,1,1,0,1,0,0,0,0,0,1,0,0,0,0,0,0
7.0,45.0,1,0,0,0,0,0,0,0,0,0,1,0,0,0,0,0
44.0,40.0,1,0,1,0,0,0,0,0,0,0,0,0,0,1,0,0
44.0,40.0,1,1,1,0,0,0,0,0,0,1,0,0,0,0,0,0
9.0,40.0,1,0,0,0,0,0,0,0,0,0,1,0,0,0,0,0
12.0,40.0,1,0,0,0,0,0,0,0,0,1,0,0,0,0,0,0
58.0,21.0,0,0,1,0,0,0,0,0,0,0,0,0,1,0,0,0
58.0,21.0,0,1,0,0,0,1,0,0,0,1,0,0,0,0,0,0
11.0,21.0,0,0,0,0,0,0,0,0,0,1,0,0,0,0,0,0
65.0,0.0,0,1,0,0,0,0,1,0,0,1,0,0,0,0,0,0
28.0,0.0,0,1,0,0,0,1,0,0,0,0,0,0,1,0,0,0
25.0,48.0,1,1,0,0,1,0,0,0,0,1,0,0,0,0,0,0
7.0,48.0,1,0,0,0,0,0,0,0,0,0,1,0,0,0,0,0
5.0,48.0,1,1,0,0,0,0,0,1,0,0,1,0,0,0,0,0
36.0,48.0,1,0,0,1,0,0,0,0,0,0,0,0,1,0,0,0
27.0,36.0,0,0,0,1,0,0,0,0,0,0,0,0,0,1,0,0
74.0,0.0,0,0,0,0,0,0,0,0,0,1,0,0,0,0,0,0
74.0,0.0,0,1,0,0,1,0,0,0,0,1,0,0,0,0,0,0
67.0,0.0,1,1,0,1,0,0,0,0,0,1,0,0,0,0,0,0
31.0,0.0,1,1,0,0,0,0,1,0,1,0,0,0,1,0,0,0
47.0,54.0,0,0,0,0,0,0,1,0,0,0,0,0,0,1,0,0
26.0,48.0,0,1,1,0,0,0,0,0,0,1,0,0,0,0,0,0
1.0,48.0,0,0,0,0,0,0,0,1,0,0,1,0,0,0,0,0
26.0,40.0,0,0,0,0,0,1,0,0,0,0,0,0,0,1,0,0
74.0,0.0,0,1,1,0,0,0,0,0,0,1,0,0,0,0,0,0
11.0,0.0,0,0,0,0,0,0,0,0,0,1,0,0,0,0,0,0
45.0,0.0,0,1,0,0,0,0,1,0,1,0,0,0,0,0,0,0
67.0,0.0,0,0,0,0,0,0,1,0,0,1,0,0,0,0,0,0
61.0,0.0,0,0,0,0,1,0,0,0,0,1,0,0,0,0,0,0
25.0,0.0,0,0,0,0,0,1,0,0,0,1,0,0,0,0,0,0
34.0,0.0,0,0,0,0,0,1,0,0,0,0,0,0,0,1,0,0
46.0,84.0,0,0,0,0,0,1,0,0,0,0,0,0,0,1,0,0
41.0,84.0,0,1,0,0,0,1,0,0,0,0,0,0,0,1,0,0
11.0,84.0,0,0,0,0,0,0,0,0,0,1,0,0,0,0,0,0
3.0,84.0,0,0,0,0,0,0,0,1,0,0,1,0,0,0,0,0
47.0,48.0,0,0,0,1,0,0,0,0,0,0,0,0,0,1,0,0
46.0,48.0,0,1,0,1,0,0,0,0,0,0,0,0,0,1,0,0
23.0,48.0,0,0,0,1,0,0,0,0,0,0,0,0,0,1,0,0
13.0,48.0,0,1,0,1,0,0,0,0,0,1,0,0,0,0,0,0
10.0,48.0,0,1,0,0,0,0,0,0,0,1,0,0,0,0,0,0
56.0,0.0,0,0,0,0,1,0,0,0,0,1,0,0,0,0,0,0
66.0,0.0,0,0,1,0,0,0,0,0,0,1,0,0,0,0,0,0
64.0,0.0,0,1,0,0,1,0,0,0,0,0,0,0,0,1,0,0
68.0,0.0,0,0,0,1,0,0,0,0,1,0,0,0,0,0,0,0
69.0,0.0,0,1,1,0,0,0,0,0,0,1,0,0,0,0,0,0
73.0,18.0,0,0,0,0,1,0,0,0,0,0,0,0,1,0,0,0
68.0,18.0,0,1,0,1,0,0,0,0,0,1,0,0,0,0,0,0
39.0,60.0,0,1,0,0,0,0,1,0,0,0,0,0,1,0,0,0
28.0,48.0,1,1,0,1,0,0,0,0,0,0,0,0,1,0,0,0
28.0,48.0,1,0,0,1,0,0,0,0,0,0,0,0,0,1,0,0
10.0,48.0,1,0,0,0,0,0,0,0,0,1,0,0,0,0,0,0
58.0,36.0,0,1,0,0,0,1,0,0,0,0,0,0,1,0,0,0
81.0,0.0,0,0,0,0,0,0,0,0,0,1,0,0,0,0,0,0
77.0,0.0,0,1,1,0,0,0,0,0,0,1,0,0,0,0,0,0
48.0,0.0,0,1,0,0,0,1,0,0,0,0,0,0,0,1,0,0
16.0,0.0,0,1,0,1,0,0,0,0,0,1,0,0,0,0,0,0
4.0,0.0,0,1,0,0,0,0,0,1,0,0,1,0,0,0,0,0
74.0,0.0,0,0,1,0,0,0,0,0,0,1,0,0,0,0,0,0
71.0,0.0,0,1,0,0,1,0,0,0,0,1,0,0,0,0,0,0
23.0,52.0,0,0,0,0,1,0,0,0,0,0,0,0,0,1,0,0
52.0,0.0,1,1,0,0,0,0,0,0,0,0,0,0,1,0,0,0
25.0,0.0,1,1,0,0,0,1,0,0,0,1,0,0,0,0,0,0
75.0,0.0,1,0,0,0,0,0,1,0,0,1,0,0,0,0,0,0
75.0,0.0,1,0,0,0,0,0,1,0,0,1,0,0,0,0,0,0
4.0,48.0,1,0,0,0,0,0,0,1,0,0,1,0,0,0,0,0
75.0,0.0,1,1,0,0,0,0,1,0,0,1,0,0,0,0,0,0
75.0,0.0,1,1,0,0,0,0,1,0,0,1,0,0,0,0,0,0
54.0,35.0,0,0,0,0,1,0,0,0,0,0,0,0,1,0,0,0
56.0,30.0,0,0,0,0,0,0,0,0,0,0,0,0,1,0,0,0
57.0,0.0,0,1,1,0,0,0,0,0,0,0,0,0,0,1,0,0
36.0,88.0,0,0,0,1,0,0,0,0,0,0,0,0,1,0,0,0
33.0,88.0,0,1,0,1,0,0,0,0,0,0,0,0,1,0,0,0
16.0,88.0,0,0,0,1,0,0,0,0,0,1,0,0,0,0,0,0
13.0,88.0,0,1,0,1,0,0,0,0,0,1,0,0,0,0,0,0
35.0,24.0,0,0,0,0,0,0,1,0,0,0,0,0,0,1,0,0
24.0,56.0,1,1,0,0,0,1,0,0,0,1,0,0,0,0,0,0
8.0,56.0,1,1,0,0,0,0,0,0,0,0,1,0,0,0,0,0
29.0,56.0,1,0,0,0,1,0,0,0,0,0,0,0,0,1,0,0
69.0,0.0,0,1,0,1,0,0,0,0,0,1,0,0,0,0,0,0
58.0,2.0,0,1,0,0,0,0,1,0,0,0,0,0,0,1,0,0
68.0,0.0,0,1,0,1,0,0,0,0,0,1,0,0,0,0,0,0
37.0,0.0,0,0,0,0,0,0,1,0,0,0,0,0,0,1,0,0
11.0,88.0,0,0,0,0,0,0,0,0,0,1,0,0,0,0,0,0
68.0,0.0,1,0,0,0,0,0,0,0,0,1,0,0,0,0,0,0
35.0,0.0,1,1,0,0,0,0,1,0,0,0,0,0,0,1,0,0
3.0,0.0,1,0,0,0,0,0,0,1,0,0,1,0,0,0,0,0
35.0,14.0,1,1,0,0,1,0,0,0,0,0,0,0,1,0,0,0
45.0,14.0,1,0,0,0,1,0,0,0,0,0,0,0,0,1,0,0
12.0,14.0,1,0,0,1,0,0,0,0,0,1,0,0,0,0,0,0
62.0,0.0,1,1,1,0,0,0,0,0,0,1,0,0,0,0,0,0
43.0,0.0,1,0,1,0,0,0,0,0,0,0,0,0,0,1,0,0
31.0,0.0,1,1,0,0,1,0,0,0,0,1,0,0,0,0,0,0
2.0,0.0,1,1,0,0,0,0,0,1,0,0,1,0,0,0,0,0
34.0,0.0,1,1,0,0,0,1,0,0,0,1,0,0,0,0,0,0
10.0,0.0,1,1,0,0,0,0,0,0,0,1,0,0,0,0,0,0
11.0,0.0,1,0,0,1,0,0,0,0,0,1,0,0,0,0,0,0
80.0,0.0,0,0,1,0,0,0,0,0,0,1,0,0,0,0,0,0
69.0,0.0,0,1,0,1,0,0,0,0,0,1,0,0,0,0,0,0
44.0,0.0,0,1,0,0,0,0,1,0,0,0,0,0,0,1,0,0
50.0,27.0,1,1,0,0,0,0,1,0,0,0,0,0,0,1,0,0
51.0,27.0,1,0,0,0,1,0,0,0,0,0,0,0,1,0,0,0
19.0,27.0,1,0,0,0,0,1,0,0,1,0,0,0,0,0,0,0
16.0,27.0,1,0,0,1,0,0,0,0,0,1,0,0,0,0,0,0
29.0,24.0,0,1,0,0,1,0,0,0,0,0,0,0,0,1,0,0
77.0,24.0,0,0,0,0,1,0,0,0,0,1,0,0,0,0,0,0
9.0,24.0,0,0,0,0,0,0,0,0,0,0,1,0,0,0,0,0
69.0,40.0,0,0,0,0,0,0,1,0,0,0,0,0,0,1,0,0
61.0,40.0,0,1,0,1,0,0,0,0,0,1,0,0,0,0,0,0
31.0,40.0,0,0,0,0,0,1,0,0,0,0,0,0,0,1,0,0
27.0,48.0,0,0,0,0,0,0,1,0,0,0,0,0,0,1,0,0
26.0,48.0,0,1,0,0,0,1,0,0,0,1,0,0,0,0,0,0
5.0,48.0,0,1,0,0,0,0,0,0,0,0,1,0,0,0,0,0
47.0,38.0,0,1,0,0,0,0,1,0,0,0,0,0,0,1,0,0
46.0,38.0,0,0,0,0,1,0,0,0,0,0,0,1,0,0,0,0
47.0,18.0,0,0,0,0,0,0,1,0,0,0,0,0,1,0,0,0
20.0,18.0,0,0,0,0,0,1,0,0,0,0,0,0,0,1,0,0
80.0,0.0,0,0,0,0,1,0,0,0,0,1,0,0,0,0,0,0
77.0,0.0,0,1,0,0,1,0,0,0,0,1,0,0,0,0,0,0
64.0,0.0,0,1,1,0,0,0,0,0,0,1,0,0,0,0,0,0
58.0,30.0,0,0,0,0,0,0,1,0,0,0,0,1,0,0,0,0
54.0,30.0,0,1,0,0,1,0,0,0,0,1,0,0,0,0,0,0
21.0,30.0,0,0,0,0,0,1,0,0,0,0,0,0,0,1,0,0
17.0,30.0,0,0,0,1,0,0,0,0,0,1,0,0,0,0,0,0
73.0,0.0,0,1,0,1,0,0,0,0,0,1,0,0,0,0,0,0
30.0,10.0,0,1,0,1,0,0,0,0,0,0,0,0,1,0,0,0
32.0,10.0,0,0,0,0,0,0,1,0,0,0,0,0,0,1,0,0
10.0,10.0,0,1,0,0,0,0,0,0,0,1,0,0,0,0,0,0
88.0,30.0,0,1,0,1,0,0,0,0,0,0,0,0,0,1,0,0
52.0,30.0,0,0,1,0,0,0,0,0,0,0,0,0,0,1,0,0
14.0,30.0,0,1,0,1,0,0,0,0,0,1,0,0,0,0,0,0
10.0,30.0,0,0,0,0,0,0,0,0,0,1,0,0,0,0,0,0
7.0,38.0,0,0,0,0,0,0,0,0,0,0,1,0,0,0,0,0
59.0,0.0,0,0,1,0,0,0,0,0,0,0,0,0,0,1,0,0
53.0,0.0,0,1,0,0,1,0,0,0,0,1,0,0,0,0,0,0
16.0,0.0,1,1,0,1,0,0,0,0,0,1,0,0,0,0,0,0
75.0,0.0,1,1,0,0,0,0,0,0,0,1,0,0,0,0,0,0
75.0,0.0,1,1,0,0,0,0,0,0,0,1,0,0,0,0,0,0
85.0,0.0,1,0,0,0,0,0,0,0,0,1,0,0,0,0,0,0
44.0,40.0,0,0,0,0,0,0,1,0,0,0,0,0,1,0,0,0
38.0,40.0,0,1,0,0,0,0,1,0,0,0,0,0,0,1,0,0
60.0,0.0,0,0,1,0,0,0,0,0,0,1,0,0,0,0,0,0
59.0,0.0,0,1,1,0,0,0,0,0,0,0,0,0,0,1,0,0
34.0,0.0,0,1,0,0,1,0,0,0,0,0,0,0,0,1,0,0
8.0,0.0,0,0,0,0,0,0,0,0,0,0,1,0,0,0,0,0
46.0,20.0,1,1,0,0,0,0,1,0,0,0,0,0,1,0,0,0
10.0,20.0,1,1,0,0,0,0,0,0,0,1,0,0,0,0,0,0
4.0,20.0,1,1,0,0,0,0,0,1,0,0,1,0,0,0,0,0
40.0,35.0,1,0,0,1,0,0,0,0,0,0,0,0,0,1,0,0
35.0,35.0,1,1,0,0,1,0,0,0,0,1,0,0,0,0,0,0
86.0,0.0,0,0,0,1,0,0,0,0,0,1,0,0,0,0,0,0
44.0,60.0,0,0,0,0,0,1,0,0,0,0,0,0,0,1,0,0
17.0,35.0,1,1,0,1,0,0,0,0,0,1,0,0,0,0,0,0
2.0,35.0,1,0,0,0,0,0,0,1,0,0,1,0,0,0,0,0
50.0,84.0,0,0,0,0,1,0,0,0,0,0,0,0,1,0,0,0
44.0,84.0,0,1,1,0,0,0,0,0,0,0,0,0,0,1,0,0
22.0,84.0,0,0,0,0,0,1,0,0,0,1,0,0,0,0,0,0
16.0,84.0,0,0,0,1,0,0,0,0,0,1,0,0,0,0,0,0
28.0,36.0,0,1,0,0,0,1,0,0,0,0,0,1,0,0,0,0
19.0,36.0,0,0,0,0,1,0,0,0,0,0,0,0,0,1,0,0
83.0,0.0,0,1,0,0,0,0,0,0,0,1,0,0,0,0,0,0
44.0,60.0,0,1,0,0,1,0,0,0,0,0,0,0,0,1,0,0
22.0,60.0,0,1,0,0,1,0,0,0,0,1,0,0,0,0,0,0
19.0,60.0,0,0,0,0,1,0,0,0,1,0,0,0,0,1,0,0
16.0,60.0,0,0,0,1,0,0,0,0,0,1,0,0,0,0,0,0
31.0,34.0,0,0,0,0,0,0,1,0,0,0,0,0,0,1,0,0
43.0,0.0,0,0,0,0,0,1,0,0,0,0,0,0,0,1,0,0
27.0,0.0,0,0,0,0,0,0,1,0,1,0,0,0,0,1,0,0
31.0,0.0,0,1,0,0,0,1,0,0,0,0,0,0,0,1,0,0
30.0,40.0,0,0,0,0,1,0,0,0,0,0,0,0,1,0,0,0
41.0,71.0,0,0,0,0,1,0,0,0,0,0,0,0,0,1,0,0
51.0,71.0,0,1,0,0,1,0,0,0,0,0,0,0,0,1,0,0
56.0,0.0,0,0,1,0,0,0,0,0,0,0,0,0,0,1,0,0
56.0,0.0,0,1,0,0,1,0,0,0,0,1,0,0,0,0,0,0
39.0,0.0,0,1,0,0,0,0,1,0,0,0,0,0,0,1,0,0
9.0,0.0,0,1,0,0,0,0,0,0,0,0,1,0,0,0,0,0
70.0,0.0,0,1,1,0,0,0,0,0,0,1,0,0,0,0,0,0
49.0,40.0,0,0,1,0,0,0,0,0,0,0,0,0,0,1,0,0
41.0,40.0,0,1,0,0,1,0,0,0,0,1,0,0,0,0,0,0
9.0,40.0,0,1,0,0,0,0,0,0,0,0,1,0,0,0,0,0
27.0,30.0,0,0,0,0,1,0,0,0,0,0,0,0,1,0,0,0
57.0,0.0,0,1,0,0,1,0,0,0,0,1,0,0,0,0,0,0
30.0,40.0,0,1,0,1,0,0,0,0,0,0,0,0,1,0,0,0
69.0,0.0,1,0,1,0,0,0,0,0,0,1,0,0,0,0,0,0
67.0,0.0,1,1,0,1,0,0,0,0,0,1,0,0,0,0,0,0
39.0,0.0,1,1,1,0,0,0,0,0,0,1,0,0,0,0,0,0
24.0,0.0,1,0,0,0,1,0,0,0,1,0,0,0,0,1,0,0
53.0,40.0,0,0,0,0,0,0,1,0,0,0,0,0,0,1,0,0
47.0,40.0,0,0,0,0,0,0,1,0,0,0,0,0,1,0,0,0
24.0,0.0,0,0,0,0,0,1,0,0,0,0,0,0,0,1,0,0
31.0,28.0,0,0,0,1,0,0,0,0,1,0,0,0,0,1,0,0
47.0,30.0,0,0,0,0,0,0,1,0,0,0,0,0,1,0,0,0
50.0,0.0,0,1,0,0,0,0,1,0,0,0,0,0,1,0,0,0
18.0,0.0,0,1,0,0,0,1,0,0,0,1,0,0,0,0,0,0
14.0,0.0,0,0,0,1,0,0,0,0,0,1,0,0,0,0,0,0
47.0,48.0,0,1,0,0,0,1,0,0,0,0,0,0,0,1,0,0
22.0,48.0,0,1,0,0,0,1,0,0,0,0,0,0,0,1,0,0
18.0,48.0,0,1,0,0,0,1,0,0,0,0,0,0,0,1,0,0
16.0,48.0,0,0,0,1,0,0,0,0,0,1,0,0,0,0,0,0
11.0,0.0,1,0,0,1,0,0,0,0,0,1,0,0,0,0,0,0
59.0,0.0,1,0,0,0,0,0,0,0,0,1,0,0,0,0,0,0
66.0,0.0,1,1,0,0,0,0,0,0,0,1,0,0,0,0,0,0
21.0,0.0,1,0,0,0,0,1,0,0,0,0,0,0,1,0,0,0
59.0,40.0,0,1,0,0,1,0,0,0,0,0,0,0,0,1,0,0
32.0,40.0,0,1,0,0,0,0,1,0,0,0,0,0,0,1,0,0
28.0,40.0,0,1,0,0,0,1,0,0,0,1,0,0,0,0,0,0
12.0,40.0,0,0,0,1,0,0,0,0,0,1,0,0,0,0,0,0
41.0,96.0,0,0,0,0,0,0,1,0,0,0,0,0,1,0,0,0
38.0,96.0,0,1,0,0,0,1,0,0,0,0,0,0,0,1,0,0
20.0,96.0,0,0,0,0,1,0,0,0,0,0,0,0,0,1,0,0
12.0,96.0,0,0,0,1,0,0,0,0,0,1,0,0,0,0,0,0
67.0,0.0,0,1,0,0,0,0,1,0,0,1,0,0,0,0,0,0
78.0,0.0,0,0,1,0,0,0,0,0,0,1,0,0,0,0,0,0
72.0,0.0,0,1,0,1,0,0,0,0,0,1,0,0,0,0,0,0
67.0,0.0,0,0,0,0,1,0,0,0,0,0,0,0,0,1,0,0
71.0,0.0,0,1,1,0,0,0,0,0,0,1,0,0,0,0,0,0
60.0,0.0,0,0,1,0,0,0,0,0,0,1,0,0,0,0,0,0
41.0,54.0,0,0,0,0,0,1,0,0,0,0,0,0,0,1,0,0
44.0,54.0,0,1,0,0,0,0,1,0,0,0,0,0,0,1,0,0
19.0,54.0,0,1,0,0,0,1,0,0,0,1,0,0,0,0,0,0
14.0,54.0,0,1,0,1,0,0,0,0,0,1,0,0,0,0,0,0
14.0,54.0,0,1,0,1,0,0,0,0,0,1,0,0,0,0,0,0
11.0,54.0,0,1,0,0,0,0,0,0,0,1,0,0,0,0,0,0
7.0,54.0,0,1,0,0,0,0,0,0,0,0,1,0,0,0,0,0
41.0,98.0,1,1,0,1,0,0,0,0,0,0,0,0,1,0,0,0
16.0,98.0,1,0,0,1,0,0,0,0,0,1,0,0,0,0,0,0
14.0,98.0,1,0,0,1,0,0,0,0,0,1,0,0,0,0,0,0
12.0,98.0,1,1,0,1,0,0,0,0,0,1,0,0,0,0,0,0
9.0,98.0,1,1,0,0,0,0,0,0,0,0,1,0,0,0,0,0
44.0,48.0,1,0,0,1,0,0,0,0,0,0,0,0,1,0,0,0
41.0,48.0,1,1,0,0,0,0,1,0,0,0,0,0,0,1,0,0
18.0,48.0,1,1,0,1,0,0,0,0,0,1,0,0,0,0,0,0
8.0,48.0,1,0,0,0,0,0,0,0,0,0,1,0,0,0,0,0
46.0,36.0,0,1,0,1,0,0,0,0,0,0,0,0,0,1,0,0
15.0,36.0,0,0,0,1,0,0,0,0,0,1,0,0,0,0,0,0
36.0,0.0,1,1,0,1,0,0,0,0,0,1,0,0,0,0,0,0
38.0,0.0,1,0,0,0,0,0,1,0,0,0,0,0,0,1,0,0
28.0,40.0,0,0,0,0,0,1,0,0,0,0,0,0,0,1,0,0
6.0,98.0,1,1,0,0,0,0,0,0,0,0,1,0,0,0,0,0
56.0,16.0,0,1,0,0,1,0,0,0,0,0,0,0,0,1,0,0
10.0,0.0,1,0,0,0,0,0,0,0,0,1,0,0,0,0,0,0
68.0,24.0,0,1,1,0,0,0,0,0,0,0,0,0,1,0,0,0
38.0,24.0,0,0,0,0,1,0,0,0,0,0,0,0,0,1,0,0
37.0,47.0,1,1,0,1,0,0,0,0,0,0,0,0,0,1,0,0
17.0,47.0,1,0,0,1,0,0,0,0,0,1,0,0,0,0,0,0
8.0,47.0,1,0,0,0,0,0,0,0,0,0,1,0,0,0,0,0
2.0,47.0,1,1,0,0,0,0,0,1,0,0,1,0,0,0,0,0
58.0,36.0,0,0,0,1,0,0,0,0,0,0,0,0,0,1,0,0
22.0,36.0,0,1,0,0,1,0,0,0,0,0,0,0,1,0,0,0
20.0,36.0,0,0,0,0,1,0,0,0,1,0,0,0,0,1,0,0
62.0,84.0,0,0,0,0,0,0,0,0,0,0,0,0,1,0,0,0
23.0,84.0,0,0,0,0,0,1,0,0,0,1,0,0,0,0,0,0
22.0,84.0,0,1,0,0,0,1,0,0,0,0,0,0,0,1,0,0
19.0,84.0,0,1,0,0,0,1,0,0,0,1,0,0,0,0,0,0
17.0,84.0,0,1,0,0,0,0,0,0,0,1,0,0,0,0,0,0
64.0,40.0,0,0,0,0,1,0,0,0,0,0,0,0,0,1,0,0
94.0,0.0,0,1,0,0,0,0,0,0,0,1,0,0,0,0,0,0
61.0,0.0,1,1,0,0,1,0,0,0,1,0,0,0,0,0,0,0
22.0,0.0,1,0,0,1,0,0,0,0,0,0,0,0,0,1,0,0
46.0,49.0,0,0,0,1,0,0,0,0,0,0,0,0,0,1,0,0
38.0,49.0,0,1,0,1,0,0,0,0,0,0,0,0,0,1,0,0
32.0,18.0,0,1,0,0,0,0,1,0,0,0,0,0,0,1,0,0
40.0,18.0,0,0,0,0,0,0,1,0,0,0,0,0,0,1,0,0
1.0,18.0,0,0,0,0,0,0,0,1,0,0,1,0,0,0,0,0
62.0,36.0,0,0,0,0,0,0,0,1,0,0,0,0,1,0,0,0
45.0,60.0,1,0,1,0,0,0,0,0,0,0,0,0,0,1,0,0
38.0,60.0,1,1,0,1,0,0,0,0,0,0,0,0,1,0,0,0
16.0,60.0,1,1,0,1,0,0,0,0,0,1,0,0,0,0,0,0
77.0,0.0,0,1,0,0,0,0,0,0,0,1,0,0,0,0,0,0
63.0,44.0,0,1,0,0,0,0,1,0,0,0,0,0,0,1,0,0
71.0,0.0,0,0,0,0,1,0,0,0,0,1,0,0,0,0,0,0
70.0,0.0,0,1,0,0,0,0,1,0,0,1,0,0,0,0,0,0
43.0,0.0,0,0,0,0,1,0,0,0,0,0,0,0,0,1,0,0
60.0,12.0,0,1,0,0,0,0,1,0,0,0,0,0,1,0,0,0
73.0,0.0,0,0,0,0,1,0,0,0,0,1,0,0,0,0,0,0
73.0,0.0,0,1,1,0,0,0,0,0,0,1,0,0,0,0,0,0
35.0,40.0,0,0,0,0,1,0,0,0,0,0,0,0,0,1,0,0
36.0,40.0,0,1,0,0,0,0,1,0,0,0,0,0,0,1,0,0
13.0,40.0,0,0,0,1,0,0,0,0,0,1,0,0,0,0,0,0
74.0,0.0,0,0,1,0,0,0,0,0,0,1,0,0,0,0,0,0
70.0,0.0,0,1,0,1,0,0,0,0,0,1,0,0,0,0,0,0
74.0,0.0,1,1,0,0,0,1,0,0,0,1,0,0,0,0,0,0
22.0,0.0,1,0,0,0,0,1,0,0,1,0,0,0,0,1,0,0
39.0,24.0,1,1,0,0,1,0,0,0,0,0,0,0,1,0,0,0
62.0,2.0,1,0,0,1,0,0,0,0,0,0,0,0,1,0,0,0
56.0,2.0,1,1,0,0,1,0,0,0,0,0,0,0,1,0,0,0
15.0,24.0,1,0,0,1,0,0,0,0,0,1,0,0,0,0,0,0
11.0,24.0,1,0,0,0,0,0,0,0,0,1,0,0,0,0,0,0
80.0,0.0,0,1,0,0,0,0,0,0,0,1,0,0,0,0,0,0
65.0,0.0,1,0,1,0,0,0,0,0,0,1,0,0,0,0,0,0
60.0,0.0,1,1,0,0,0,0,1,0,0,1,0,0,0,0,0,0
32.0,36.0,0,0,0,1,0,0,0,0,0,0,0,0,0,1,0,0
10.0,36.0,0,0,0,0,0,0,0,0,0,1,0,0,0,0,0,0
23.0,32.0,0,1,0,0,0,0,1,0,0,0,0,0,0,1,0,0
54.0,28.0,0,0,0,1,0,0,0,0,0,0,0,0,0,1,0,0
51.0,30.0,0,0,0,1,0,0,0,0,0,0,0,0,0,1,0,0
47.0,30.0,0,1,0,0,1,0,0,0,0,1,0,0,0,0,0,0
25.0,30.0,0,1,0,0,1,0,0,0,1,0,0,0,0,1,0,0
36.0,36.0,1,1,0,0,1,0,0,0,0,1,0,0,0,0,0,0
37.0,36.0,1,0,1,0,0,0,0,0,0,0,0,0,1,0,0,0
17.0,36.0,1,0,0,1,0,0,0,0,0,1,0,0,0,0,0,0
13.0,36.0,1,0,0,1,0,0,0,0,0,1,0,0,0,0,0,0
9.0,36.0,1,1,0,0,0,0,0,0,0,0,1,0,0,0,0,0
5.0,36.0,1,0,0,0,0,0,0,1,0,0,1,0,0,0,0,0
59.0,36.0,1,1,1,0,0,0,0,0,0,0,0,0,0,1,0,0
51.0,40.0,0,0,0,0,0,0,1,0,0,0,0,0,0,1,0,0
55.0,40.0,0,1,0,0,0,0,1,0,0,0,0,0,0,1,0,0
16.0,40.0,0,1,0,1,0,0,0,0,0,1,0,0,0,0,0,0
12.0,40.0,0,1,0,1,0,0,0,0,0,1,0,0,0,0,0,0
73.0,0.0,0,0,0,0,1,0,0,0,0,1,0,0,0,0,0,0
74.0,0.0,0,1,0,0,0,0,1,0,0,1,0,0,0,0,0,0
78.0,0.0,0,0,0,1,0,0,0,0,0,1,0,0,0,0,0,0
76.0,0.0,0,1,0,0,1,0,0,0,0,1,0,0,0,0,0,0
34.0,60.0,0,0,0,0,0,1,0,0,0,0,0,0,0,1,0,0
29.0,60.0,0,1,0,0,0,1,0,0,0,1,0,0,0,0,0,0
4.0,60.0,0,0,0,0,0,0,0,1,0,0,1,0,0,0,0,0
56.0,12.0,1,1,1,0,0,0,0,0,0,0,0,0,0,1,0,0
17.0,12.0,1,1,0,1,0,0,0,0,0,1,0,0,0,0,0,0
35.0,48.0,0,1,0,0,1,0,0,0,0,1,0,0,0,0,0,0
5.0,48.0,0,1,0,0,0,0,0,1,0,0,1,0,0,0,0,0
12.0,48.0,0,0,0,1,0,0,0,0,0,1,0,0,0,0,0,0
35.0,48.0,0,0,0,0,1,0,0,0,0,0,0,0,0,1,0,0
49.0,8.0,0,1,0,0,1,0,0,0,0,0,0,0,0,1,0,0
77.0,8.0,0,1,1,0,0,0,0,0,0,1,0,0,0,0,0,0
18.0,8.0,0,1,0,0,0,1,0,0,1,0,0,0,0,0,0,0
70.0,20.0,0,0,0,0,0,0,1,0,0,0,0,0,1,0,0,0
54.0,20.0,0,1,0,0,0,0,1,0,0,0,0,0,1,0,0,0
36.0,40.0,1,1,0,0,0,0,1,0,0,0,0,0,0,1,0,0
37.0,40.0,1,0,0,0,0,0,1,0,0,0,0,0,0,1,0,0
18.0,40.0,1,0,0,0,0,1,0,0,0,1,0,0,0,0,0,0
10.0,40.0,1,0,0,0,0,0,0,0,0,1,0,0,0,0,0,0
65.0,8.0,0,0,0,0,0,1,0,0,0,0,0,0,1,0,0,0
61.0,8.0,0,1,0,0,0,0,1,0,0,0,0,0,1,0,0,0
43.0,10.0,1,0,0,0,1,0,0,0,0,0,0,0,0,1,0,0
9.0,10.0,1,1,0,0,0,0,0,0,0,0,1,0,0,0,0,0
6.0,10.0,1,1,0,0,0,0,0,0,0,0,1,0,0,0,0,0
39.0,74.0,1,0,0,1,0,0,0,0,0,0,0,0,0,1,0,0
68.0,0.0,0,1,0,0,0,0,1,0,0,1,0,0,0,0,0,0
37.0,0.0,0,0,0,0,0,0,1,0,0,0,0,0,1,0,0,0
40.0,74.0,1,1,0,0,0,0,0,0,0,0,0,0,1,0,0,0
17.0,74.0,1,1,1,0,0,0,0,0,1,0,0,0,0,1,0,0
15.0,74.0,1,1,0,1,0,0,0,0,0,1,0,0,0,0,0,0
9.0,74.0,1,1,0,0,0,0,0,0,0,0,1,0,0,0,0,0
8.0,74.0,1,1,0,0,0,0,0,0,0,0,1,0,0,0,0,0
60.0,4.0,0,1,0,0,1,0,0,0,0,0,0,0,1,0,0,0
30.0,4.0,0,1,0,0,0,0,0,0,0,0,0,0,1,0,0,0
37.0,4.0,0,1,0,0,0,0,1,0,0,0,0,0,0,1,0,0
32.0,4.0,0,1,0,0,0,0,1,0,0,0,0,0,0,1,0,0
70.0,50.0,0,0,0,0,0,1,0,0,0,0,0,0,1,0,0,0
69.0,50.0,0,1,0,0,0,1,0,0,0,0,0,0,1,0,0,0
44.0,0.0,0,0,0,0,0,0,1,0,0,0,0,0,0,1,0,0
27.0,0.0,0,1,0,0,1,0,0,0,0,0,0,0,1,0,0,0
51.0,31.0,0,1,0,0,0,0,1,0,0,0,0,0,0,1,0,0
51.0,31.0,0,0,0,0,0,1,0,0,0,0,0,1,0,0,0,0
43.0,0.0,1,0,1,0,0,0,0,0,0,0,0,0,0,1,0,0
38.0,0.0,1,1,0,1,0,0,0,0,0,0,0,0,0,1,0,0
21.0,0.0,1,1,0,1,0,0,0,0,0,0,0,0,0,1,0,0
19.0,0.0,1,1,0,0,0,1,0,0,0,1,0,0,0,0,0,0
18.0,0.0,1,1,0,0,1,0,0,0,0,1,0,0,0,0,0,0
16.0,0.0,1,1,0,1,0,0,0,0,0,1,0,0,0,0,0,0
15.0,0.0,1,1,0,1,0,0,0,0,0,1,0,0,0,0,0,0
12.0,0.0,1,1,0,1,0,0,0,0,0,1,0,0,0,0,0,0
9.0,0.0,1,0,0,0,0,0,0,0,0,0,1,0,0,0,0,0
7.0,0.0,1,0,0,0,0,0,0,0,0,0,1,0,0,0,0,0
48.0,40.0,1,0,0,0,0,0,1,0,0,0,0,0,0,1,0,0
43.0,40.0,1,1,0,0,1,0,0,0,0,0,0,0,1,0,0,0
13.0,40.0,1,0,0,1,0,0,0,0,0,1,0,0,0,0,0,0
47.0,45.0,0,0,0,0,1,0,0,0,0,0,0,0,0,1,0,0
44.0,45.0,0,1,0,0,0,0,1,0,0,0,0,0,0,1,0,0
48.0,45.0,0,0,1,0,0,0,0,0,0,0,0,0,0,1,0,0
44.0,45.0,0,1,0,0,1,0,0,0,0,1,0,0,0,0,0,0
9.0,45.0,0,1,0,0,0,0,0,0,0,0,1,0,0,0,0,0
73.0,0.0,0,1,0,1,0,0,0,0,0,1,0,0,0,0,0,0
45.0,0.0,0,0,0,1,0,0,0,0,0,0,0,0,0,1,0,0
66.0,0.0,0,1,1,0,0,0,0,0,0,1,0,0,0,0,0,0
45.0,0.0,0,1,0,0,1,0,0,0,0,0,0,0,0,1,0,0
21.0,0.0,0,0,0,0,1,0,0,0,0,0,0,0,0,1,0,0
79.0,0.0,0,1,1,0,0,0,0,0,0,1,0,0,0,0,0,0
55.0,28.0,0,1,0,0,1,0,0,0,0,0,0,0,0,1,0,0
35.0,7.0,0,0,0,0,0,0,1,0,0,0,0,0,0,1,0,0
64.0,0.0,0,1,1,0,0,0,0,0,0,1,0,0,0,0,0,0
68.0,0.0,0,0,1,0,0,0,0,0,0,1,0,0,0,0,0,0
55.0,0.0,0,0,0,0,0,0,1,0,0,0,0,0,0,1,0,0
26.0,0.0,0,1,0,1,0,0,0,0,0,1,0,0,0,0,0,0
10.0,0.0,0,1,0,0,0,0,0,0,0,1,0,0,0,0,0,0
30.0,0.0,0,1,0,1,0,0,0,0,0,0,0,0,0,1,0,0
38.0,60.0,0,0,0,0,1,0,0,0,0,0,0,0,1,0,0,0
31.0,50.0,0,1,0,0,1,0,0,0,0,0,0,0,1,0,0,0
33.0,50.0,0,0,0,0,1,0,0,0,0,0,0,0,0,1,0,0
9.0,50.0,0,1,0,0,0,0,0,0,0,0,1,0,0,0,0,0
7.0,50.0,0,0,0,0,0,0,0,0,0,0,1,0,0,0,0,0
2.0,50.0,0,0,0,0,0,0,0,1,0,0,1,0,0,0,0,0
43.0,0.0,1,0,1,0,0,0,0,0,1,0,0,0,1,0,0,0
39.0,0.0,1,1,1,0,0,0,0,0,0,1,0,0,0,0,0,0
18.0,0.0,1,0,0,0,0,1,0,0,0,1,0,0,0,0,0,0
13.0,0.0,1,1,0,1,0,0,0,0,0,1,0,0,0,0,0,0
26.0,0.0,0,1,0,0,1,0,0,0,0,0,0,0,0,1,0,0
3.0,0.0,0,0,0,0,0,0,0,1,0,0,1,0,0,0,0,0
24.0,0.0,0,1,0,0,1,0,0,0,0,0,0,0,0,1,0,0
50.0,48.0,0,0,0,0,0,1,0,0,0,0,0,0,0,1,0,0
47.0,48.0,0,1,0,0,0,1,0,0,0,0,0,1,0,0,0,0
9.0,48.0,0,0,0,0,0,0,0,0,0,0,1,0,0,0,0,0
7.0,48.0,0,1,0,0,0,0,0,0,0,0,1,0,0,0,0,0
71.0,0.0,0,1,0,0,0,0,1,0,0,1,0,0,0,0,0,0
47.0,22.0,0,0,0,0,0,0,1,0,0,0,0,0,1,0,0,0
39.0,22.0,0,1,0,0,0,0,1,0,0,1,0,0,0,0,0,0
11.0,22.0,0,0,0,0,0,0,0,0,0,1,0,0,0,0,0,0
9.0,22.0,0,1,0,0,0,0,0,0,0,0,1,0,0,0,0,0
7.0,22.0,0,0,0,0,0,0,0,0,0,0,1,0,0,0,0,0
53.0,0.0,0,1,0,0,0,0,1,0,0,0,0,0,0,1,0,0
65.0,0.0,0,0,0,0,1,0,0,0,0,1,0,0,0,0,0,0
56.0,0.0,0,1,0,0,0,0,1,0,0,0,0,0,0,1,0,0
45.0,0.0,1,0,0,1,0,0,0,0,1,0,0,0,1,0,0,0
45.0,0.0,1,1,0,1,0,0,0,0,0,0,0,0,1,0,0,0
20.0,0.0,1,0,0,0,0,1,0,0,0,1,0,0,0,0,0,0
17.0,0.0,1,0,0,1,0,0,0,0,0,1,0,0,0,0,0,0
77.0,0.0,0,1,0,0,1,0,0,0,0,1,0,0,0,0,0,0
32.0,42.0,0,1,0,0,0,1,0,0,0,0,0,0,0,1,0,0
42.0,45.0,0,0,0,0,0,0,1,0,0,0,0,0,0,1,0,0
36.0,45.0,0,1,0,0,1,0,0,0,0,0,0,0,0,1,0,0
47.0,50.0,0,1,0,0,0,1,0,0,0,0,0,0,0,1,0,0
24.0,25.0,1,1,0,0,0,1,0,0,0,0,0,0,1,0,0,0
20.0,25.0,1,1,0,0,0,1,0,0,0,0,0,0,0,1,0,0
14.0,25.0,1,0,0,1,0,0,0,0,0,1,0,0,0,0,0,0
12.0,25.0,1,0,0,1,0,0,0,0,0,1,0,0,0,0,0,0
11.0,25.0,1,0,0,0,0,0,0,0,0,1,0,0,0,0,0,0
4.0,25.0,1,0,0,0,0,0,0,1,0,0,1,0,0,0,0,0
31.0,50.0,0,0,0,0,0,1,0,0,0,0,0,0,0,1,0,0
52.0,84.0,0,0,0,0,1,0,0,0,0,0,0,0,0,1,0,0
48.0,84.0,0,1,0,0,1,0,0,0,0,0,0,0,0,1,0,0
29.0,0.0,1,0,0,1,0,0,0,0,0,0,0,0,0,1,0,0
6.0,0.0,0,0,0,0,0,0,0,1,0,0,1,0,0,0,0,0
33.0,40.0,0,1,0,0,1,0,0,0,0,0,0,0,0,1,0,0
30.0,40.0,0,1,0,0,1,0,0,0,0,0,0,0,0,1,0,0
64.0,0.0,0,1,1,0,0,0,0,0,0,1,0,0,0,0,0,0
78.0,0.0,0,0,0,0,0,0,1,0,0,1,0,0,0,0,0,0
42.0,0.0,0,0,0,0,0,0,1,0,0,0,0,0,0,1,0,0
40.0,0.0,0,1,0,0,0,0,1,0,0,0,0,0,0,1,0,0
10.0,0.0,0,1,0,0,0,0,0,0,0,1,0,0,0,0,0,0
48.0,0.0,1,1,0,0,0,0,1,0,0,1,0,0,0,0,0,0
50.0,0.0,1,0,1,0,0,0,0,0,0,0,0,0,0,1,0,0
23.0,0.0,1,1,0,0,0,1,0,0,0,1,0,0,0,0,0,0
18.0,0.0,1,1,0,0,0,1,0,0,0,1,0,0,0,0,0,0
15.0,0.0,1,0,0,1,0,0,0,0,0,1,0,0,0,0,0,0
25.0,84.0,0,0,0,0,1,0,0,0,0,0,0,0,0,1,0,0
23.0,84.0,0,1,0,1,0,0,0,0,0,1,0,0,0,0,0,0
18.0,84.0,0,0,0,1,0,0,0,0,0,1,0,0,0,0,0,0
21.0,84.0,0,0,0,1,0,0,0,0,0,0,0,0,0,1,0,0
3.0,84.0,0,0,0,0,0,0,0,1,0,0,1,0,0,0,0,0
65.0,0.0,0,1,1,0,0,0,0,0,0,0,0,0,0,1,0,0
70.0,0.0,0,0,0,0,0,0,0,0,0,1,0,0,0,0,0,0
16.0,0.0,0,0,0,1,0,0,0,0,0,1,0,0,0,0,0,0
28.0,84.0,0,1,0,0,1,0,0,0,0,0,0,0,0,1,0,0
26.0,84.0,0,1,0,0,1,0,0,0,1,0,0,0,0,1,0,0
23.0,0.0,1,1,0,0,0,1,0,0,0,1,0,0,0,0,0,0
36.0,45.0,0,1,0,1,0,0,0,0,0,0,0,0,0,1,0,0
51.0,45.0,0,0,0,1,0,0,0,0,0,0,0,0,0,1,0,0
11.0,45.0,0,0,0,0,0,0,0,0,0,1,0,0,0,0,0,0
13.0,45.0,0,1,0,1,0,0,0,0,0,0,0,0,0,1,0,0
32.0,55.0,0,0,0,0,0,1,0,0,0,0,0,0,0,1,0,0
32.0,55.0,0,1,0,0,1,0,0,0,0,1,0,0,0,0,0,0
2.0,55.0,0,1,0,0,0,0,0,1,0,0,1,0,0,0,0,0
45.0,18.0,0,1,0,0,0,1,0,0,0,0,0,0,0,1,0,0
39.0,40.0,0,1,0,0,0,1,0,0,0,0,0,0,0,1,0,0
12.0,40.0,0,1,0,1,0,0,0,0,0,1,0,0,0,0,0,0
11.0,46.0,0,0,0,0,0,0,0,0,0,1,0,0,0,0,0,0
8.0,46.0,0,1,0,0,0,0,0,0,0,0,1,0,0,0,0,0
53.0,46.0,0,0,0,0,0,0,0,0,0,1,0,0,0,0,0,0
8.0,0.0,0,0,0,0,0,0,0,0,0,0,1,0,0,0,0,0
5.0,0.0,0,1,0,0,0,0,0,1,0,0,1,0,0,0,0,0
64.0,0.0,0,0,0,0,1,0,0,0,0,1,0,0,0,0,0,0
33.0,0.0,0,1,0,0,1,0,0,0,0,0,0,0,0,1,0,0
25.0,0.0,0,1,0,0,1,0,0,0,0,0,0,0,0,1,0,0
15.0,0.0,0,1,0,1,0,0,0,0,0,1,0,0,0,0,0,0
46.0,46.0,0,1,0,0,0,1,0,0,0,0,0,0,0,1,0,0
20.0,46.0,0,0,0,1,0,0,0,0,0,0,0,0,0,1,0,0
13.0,46.0,0,1,0,0,0,0,0,0,0,1,0,0,0,0,0,0
54.0,36.0,0,0,0,0,1,0,0,0,0,0,0,0,1,0,0,0
20.0,30.0,1,1,0,0,0,1,0,0,0,1,0,0,0,0,0,0
15.0,30.0,1,1,0,1,0,0,0,0,0,1,0,0,0,0,0,0
68.0,0.0,1,1,0,0,0,0,0,0,0,1,0,0,0,0,0,0
26.0,0.0,1,0,0,0,1,0,0,0,0,1,0,0,0,0,0,0
44.0,30.0,1,0,0,0,1,0,0,0,0,0,0,0,0,1,0,0
47.0,30.0,1,1,0,0,1,0,0,0,0,0,0,0,1,0,0,0
42.0,40.0,0,0,0,0,0,0,1,0,0,0,0,0,0,1,0,0
46.0,8.0,1,1,0,1,0,0,0,0,0,0,0,0,0,1,0,0
18.0,8.0,1,0,0,0,1,0,0,0,0,0,0,0,0,1,0,0
15.0,8.0,1,0,0,1,0,0,0,0,0,1,0,0,0,0,0,0
12.0,8.0,1,1,0,1,0,0,0,0,0,1,0,0,0,0,0,0
50.0,0.0,0,1,0,0,0,0,1,0,0,0,0,0,1,0,0,0
50.0,36.0,0,1,0,0,0,0,1,0,0,0,0,0,0,1,0,0
22.0,36.0,0,0,0,0,0,1,0,0,0,1,0,0,0,0,0,0
17.0,36.0,0,0,0,0,0,1,0,0,0,1,0,0,0,0,0,0
47.0,45.0,0,0,0,0,1,0,0,0,0,0,0,0,0,1,0,0
49.0,45.0,0,1,0,0,0,0,1,0,0,0,0,0,0,1,0,0
11.0,45.0,0,0,0,0,0,0,0,0,0,1,0,0,0,0,0,0
15.0,45.0,0,0,0,1,0,0,0,0,0,1,0,0,0,0,0,0
24.0,0.0,0,1,0,0,1,0,0,0,0,0,0,0,0,1,0,0
32.0,0.0,0,0,0,0,1,0,0,0,0,0,0,0,0,1,0,0
21.0,45.0,0,0,0,1,0,0,0,0,0,0,0,0,0,1,0,0
66.0,0.0,0,1,0,0,1,0,0,0,0,1,0,0,0,0,0,0
89.0,0.0,0,0,1,0,0,0,0,0,0,1,0,0,0,0,0,0
82.0,0.0,0,1,0,0,1,0,0,0,0,1,0,0,0,0,0,0
59.0,0.0,0,1,0,0,0,0,1,0,0,1,0,0,0,0,0,0
17.0,90.0,1,1,0,1,0,0,0,0,0,1,0,0,0,0,0,0
49.0,90.0,1,1,0,0,1,0,0,0,1,0,0,1,0,0,0,0
65.0,0.0,0,1,0,0,1,0,0,0,0,1,0,0,0,0,0,0
89.0,0.0,0,1,0,1,0,0,0,0,0,1,0,0,0,0,0,0
52.0,90.0,1,0,0,0,0,0,1,0,0,0,0,0,0,1,0,0
28.0,0.0,1,1,0,0,1,0,0,0,1,0,0,0,0,1,0,0
10.0,0.0,1,1,0,0,0,0,0,0,0,1,0,0,0,0,0,0
6.0,0.0,1,1,0,0,0,0,0,0,0,0,1,0,0,0,0,0
13.0,45.0,0,0,0,1,0,0,0,0,0,1,0,0,0,0,0,0
44.0,45.0,0,0,0,0,1,0,0,0,0,0,0,1,0,0,0,0
41.0,45.0,0,1,1,0,0,0,0,0,0,0,0,0,0,1,0,0
54.0,6.0,0,1,0,0,1,0,0,0,0,0,0,0,0,1,0,0
60.0,6.0,0,0,0,0,0,0,0,0,0,1,0,0,0,0,0,0
25.0,38.0,0,0,0,0,0,1,0,0,0,0,0,0,0,1,0,0
42.0,32.0,0,0,0,0,0,1,0,0,0,0,0,0,0,1,0,0
40.0,32.0,0,1,0,0,0,0,1,0,0,0,0,0,0,1,0,0
77.0,0.0,0,0,0,0,0,1,0,0,0,1,0,0,0,0,0,0
75.0,0.0,0,1,0,0,0,1,0,0,0,1,0,0,0,0,0,0
75.0,0.0,0,1,0,0,0,1,0,0,0,1,0,0,0,0,0,0
35.0,40.0,0,0,0,0,0,1,0,0,0,0,0,0,0,1,0,0
80.0,0.0,0,0,0,0,0,1,0,0,0,1,0,0,0,0,0,0
69.0,0.0,0,1,0,0,0,0,1,0,0,1,0,0,0,0,0,0
61.0,0.0,0,1,0,0,1,0,0,0,0,1,0,0,0,0,0,0
28.0,0.0,0,1,0,0,1,0,0,0,0,1,0,0,0,0,0,0
28.0,0.0,0,0,0,0,1,0,0,0,0,0,0,0,0,1,0,0
47.0,45.0,0,1,0,0,0,1,0,0,0,0,0,0,0,1,0,0
52.0,45.0,0,0,0,0,0,1,0,0,0,0,0,0,1,0,0,0
12.0,45.0,0,0,0,1,0,0,0,0,0,1,0,0,0,0,0,0
25.0,45.0,0,1,0,0,0,1,0,0,0,0,0,0,1,0,0,0
57.0,30.0,1,0,0,1,0,0,0,0,0,0,0,0,0,1,0,0
53.0,30.0,1,1,0,0,0,1,0,0,0,1,0,0,0,0,0,0
15.0,30.0,1,1,0,1,0,0,0,0,0,1,0,0,0,0,0,0
19.0,90.0,1,0,0,0,0,1,0,0,0,1,0,0,0,0,0,0
16.0,90.0,1,0,0,1,0,0,0,0,0,1,0,0,0,0,0,0
61.0,54.0,0,0,0,0,0,1,0,0,0,0,0,0,0,1,0,0
54.0,54.0,0,1,0,0,0,0,1,0,0,0,0,0,0,1,0,0
30.0,54.0,0,0,0,0,1,0,0,0,0,0,0,0,0,1,0,0
25.0,54.0,0,1,0,0,0,1,0,0,0,0,0,0,0,1,0,0
42.0,40.0,0,1,0,0,1,0,0,0,0,0,0,0,0,1,0,0
78.0,0.0,0,1,0,0,0,0,0,0,0,1,0,0,0,0,0,0
37.0,40.0,1,1,0,0,1,0,0,0,0,1,0,0,0,0,0,0
27.0,40.0,1,0,0,0,1,0,0,0,1,0,0,0,0,1,0,0
17.0,40.0,1,1,0,1,0,0,0,0,0,1,0,0,0,0,0,0
6.0,40.0,1,1,0,0,0,0,0,0,0,0,1,0,0,0,0,0
20.0,45.0,0,0,0,0,0,1,0,0,0,1,0,0,0,0,0,0
65.0,0.0,1,0,0,0,1,0,0,0,0,1,0,0,0,0,0,0
72.0,0.0,1,1,0,0,1,0,0,0,0,1,0,0,0,0,0,0
65.0,40.0,1,0,1,0,0,0,0,0,0,0,0,0,1,0,0,0
56.0,40.0,1,1,1,0,0,0,0,0,0,0,0,0,1,0,0,0
41.0,40.0,0,1,0,0,0,0,1,0,0,0,0,0,0,1,0,0
33.0,48.0,0,0,0,0,1,0,0,0,0,0,0,0,0,1,0,0
30.0,48.0,0,1,0,0,1,0,0,0,0,1,0,0,0,0,0,0
6.0,48.0,0,1,0,0,0,0,0,0,0,0,1,0,0,0,0,0
86.0,48.0,0,1,1,0,0,0,0,0,0,1,0,0,0,0,0,0
29.0,0.0,1,1,0,0,0,1,0,0,0,0,0,0,0,1,0,0
88.0,0.0,0,1,0,0,1,0,0,0,0,1,0,0,0,0,0,0
38.0,13.0,1,1,0,0,0,1,0,0,0,0,0,0,0,1,0,0
13.0,13.0,1,0,0,1,0,0,0,0,0,1,0,0,0,0,0,0
20.0,13.0,1,0,0,0,0,1,0,0,0,1,0,0,0,0,0,0
53.0,0.0,1,1,0,1,0,0,0,0,0,1,0,0,0,0,0,0
64.0,0.0,1,0,0,0,0,0,0,0,0,0,0,1,0,0,0,0
10.0,35.0,1,1,0,0,0,0,0,0,0,1,0,0,0,0,0,0
5.0,35.0,1,0,0,0,0,0,0,1,0,0,1,0,0,0,0,0
64.0,35.0,1,1,0,0,1,0,0,0,0,0,0,0,1,0,0,0
34.0,35.0,1,0,0,1,0,0,0,0,0,0,0,0,1,0,0,0
33.0,35.0,1,1,0,1,0,0,0,0,0,0,0,0,1,0,0,0
16.0,45.0,0,0,0,1,0,0,0,0,0,1,0,0,0,0,0,0
61.0,45.0,0,1,0,0,0,1,0,0,0,0,0,0,0,1,0,0
67.0,45.0,0,0,1,0,0,0,0,0,0,0,0,0,1,0,0,0
6.0,0.0,0,1,0,0,0,0,0,0,0,0,1,0,0,0,0,0
48.0,45.0,0,0,0,0,1,0,0,0,0,0,0,0,0,1,0,0
46.0,45.0,0,1,0,0,0,0,1,0,0,1,0,0,0,0,0,0
16.0,45.0,0,0,0,1,0,0,0,0,0,1,0,0,0,0,0,0
73.0,0.0,0,1,0,0,1,0,0,0,0,1,0,0,0,0,0,0
44.0,0.0,0,0,0,1,0,0,0,0,0,0,0,0,1,0,0,0
44.0,0.0,0,1,0,0,0,0,1,0,0,0,0,0,0,1,0,0
44.0,24.0,1,0,1,0,0,0,0,0,0,0,0,0,0,1,0,0
39.0,24.0,1,1,0,0,1,0,0,0,0,1,0,0,0,0,0,0
14.0,24.0,1,0,0,1,0,0,0,0,0,1,0,0,0,0,0,0
8.0,24.0,1,1,0,0,0,0,0,0,0,0,1,0,0,0,0,0
6.0,24.0,1,0,0,0,0,0,0,0,0,0,1,0,0,0,0,0
56.0,48.0,0,0,1,0,0,0,0,0,0,0,0,0,0,1,0,0
52.0,48.0,0,1,1,0,0,0,0,0,0,1,0,0,0,0,0,0
29.0,48.0,0,1,0,0,1,0,0,0,0,0,0,0,0,1,0,0
37.0,40.0,0,0,0,0,0,0,1,0,0,0,0,0,0,1,0,0
47.0,6.0,0,1,0,0,0,0,1,0,0,0,0,0,1,0,0,0
26.0,42.0,0,0,0,1,0,0,0,0,0,0,0,0,1,0,0,0
48.0,42.0,0,1,0,0,0,0,1,0,0,0,0,0,0,1,0,0
14.0,40.0,0,1,0,1,0,0,0,0,0,1,0,0,0,0,0,0
46.0,9.0,0,0,0,0,0,0,1,0,0,0,0,0,0,1,0,0
38.0,0.0,0,0,0,0,0,0,1,0,0,0,0,0,0,1,0,0
37.0,0.0,0,1,0,0,0,0,1,0,0,0,0,0,0,1,0,0
3.0,0.0,0,0,0,0,0,0,0,1,0,0,1,0,0,0,0,0
45.0,40.0,0,0,0,1,0,0,0,0,0,0,0,0,1,0,0,0
46.0,40.0,0,1,0,1,0,0,0,0,0,0,0,0,0,1,0,0
19.0,40.0,0,1,0,0,0,1,0,0,0,0,0,0,0,1,0,0
61.0,0.0,0,1,0,0,0,0,1,0,0,1,0,0,0,0,0,0
11.0,0.0,0,1,0,0,0,0,0,0,0,1,0,0,0,0,0,0
49.0,57.0,0,1,0,0,0,1,0,0,0,0,0,0,1,0,0,0
67.0,0.0,0,1,0,1,0,0,0,0,1,0,0,0,1,0,0,0
3.0,36.0,0,0,0,0,0,0,0,1,0,0,1,0,0,0,0,0
36.0,48.0,1,1,0,0,0,0,1,0,0,0,0,0,0,1,0,0
16.0,48.0,1,0,0,1,0,0,0,0,0,1,0,0,0,0,0,0
14.0,48.0,1,1,0,1,0,0,0,0,0,1,0,0,0,0,0,0
10.0,48.0,1,1,0,0,0,0,0,0,0,1,0,0,0,0,0,0
20.0,48.0,0,1,0,0,1,0,0,0,0,0,0,0,0,1,0,0
32.0,48.0,0,1,0,0,1,0,0,0,0,0,0,0,0,1,0,0
5.0,48.0,0,0,0,0,0,0,0,0,0,0,1,0,0,0,0,0
7.0,48.0,0,1,0,0,0,0,0,0,0,0,1,0,0,0,0,0
31.0,36.0,0,1,0,0,0,1,0,0,0,0,0,0,0,1,0,0
7.0,36.0,0,0,0,0,0,0,0,0,0,0,1,0,0,0,0,0
53.0,0.0,0,1,0,1,0,0,0,0,0,0,0,0,0,1,0,0
59.0,0.0,0,0,0,0,1,0,0,0,0,0,0,0,0,1,0,0
34.0,46.0,0,1,0,0,0,0,1,0,0,0,0,0,0,1,0,0
68.0,40.0,0,1,0,1,0,0,0,0,0,0,0,1,0,0,0,0
67.0,40.0,0,0,0,0,0,1,0,0,0,0,0,1,0,0,0,0
56.0,0.0,0,1,0,0,0,0,1,0,0,0,0,1,0,0,0,0
29.0,0.0,0,0,0,0,1,0,0,0,0,0,0,0,0,1,0,0
24.0,0.0,0,1,0,0,1,0,0,0,0,1,0,0,0,0,0,0
2.0,0.0,0,0,0,0,0,0,0,1,0,0,1,0,0,0,0,0
47.0,48.0,0,0,0,0,1,0,0,0,0,0,0,1,0,0,0,0
43.0,48.0,0,1,0,0,1,0,0,0,0,0,0,1,0,0,0,0
29.0,48.0,0,1,0,0,0,1,0,0,0,0,0,0,0,1,0,0
24.0,48.0,0,1,0,0,1,0,0,0,0,0,0,0,0,1,0,0
20.0,48.0,0,1,0,0,1,0,0,0,0,0,0,0,0,1,0,0
54.0,0.0,0,0,1,0,0,0,0,0,0,1,0,0,0,0,0,0
53.0,0.0,0,1,0,0,1,0,0,0,0,1,0,0,0,0,0,0
27.0,0.0,0,0,0,0,1,0,0,0,0,0,0,0,0,1,0,0
27.0,0.0,0,1,0,0,1,0,0,0,0,0,0,0,1,0,0,0
64.0,0.0,0,1,0,0,1,0,0,0,0,0,0,0,0,1,0,0
63.0,0.0,0,1,0,0,1,0,0,0,0,1,0,0,0,0,0,0
75.0,0.0,1,1,1,0,0,0,0,0,0,1,0,0,0,0,0,0
75.0,0.0,1,1,1,0,0,0,0,0,0,1,0,0,0,0,0,0
56.0,20.0,1,1,1,0,0,0,0,0,0,0,0,0,0,1,0,0
48.0,45.0,0,1,0,0,1,0,0,0,0,0,0,0,0,1,0,0
50.0,45.0,0,0,0,0,1,0,0,0,0,1,0,0,0,0,0,0
68.0,0.0,0,1,0,0,1,0,0,0,0,1,0,0,0,0,0,0
59.0,0.0,0,0,0,0,0,0,1,0,0,1,0,0,0,0,0,0
58.0,0.0,0,1,0,0,0,0,1,0,0,0,0,0,0,1,0,0
38.0,45.0,0,1,0,0,0,0,1,0,0,0,0,0,0,1,0,0
18.0,45.0,0,1,0,0,1,0,0,0,0,1,0,0,0,0,0,0
16.0,45.0,0,0,0,1,0,0,0,0,0,1,0,0,0,0,0,0
3.0,45.0,0,1,0,0,0,0,0,1,0,0,1,0,0,0,0,0
32.0,45.0,0,0,0,0,0,0,1,0,0,0,0,0,0,1,0,0
45.0,48.0,1,1,0,0,0,1,0,0,0,0,0,0,0,1,0,0
20.0,48.0,1,0,0,1,0,0,0,0,0,0,0,0,1,0,0,0
36.0,45.0,0,0,0,0,0,0,1,0,0,0,0,0,0,1,0,0
69.0,0.0,1,0,1,0,0,0,0,0,0,1,0,0,0,0,0,0
80.0,0.0,0,0,1,0,0,0,0,0,0,1,0,0,0,0,0,0
47.0,0.0,1,0,0,0,1,0,0,0,0,1,0,0,0,0,0,0
47.0,0.0,1,1,0,0,0,0,1,0,0,0,0,0,0,1,0,0
24.0,0.0,1,0,0,0,0,1,0,0,0,1,0,0,0,0,0,0
19.0,0.0,1,0,0,0,1,0,0,0,0,1,0,0,0,0,0,0
11.0,0.0,1,0,0,0,0,0,0,0,0,1,0,0,0,0,0,0
23.0,0.0,1,1,0,0,0,1,0,0,0,1,0,0,0,0,0,0
15.0,20.0,1,1,0,1,0,0,0,0,0,1,0,0,0,0,0,0
58.0,20.0,1,0,1,0,0,0,0,0,0,0,0,0,0,1,0,0
88.0,0.0,0,1,1,0,0,0,0,0,0,1,0,0,0,0,0,0
75.0,0.0,1,0,1,0,0,0,0,0,0,1,0,0,0,0,0,0
75.0,0.0,1,0,1,0,0,0,0,0,0,1,0,0,0,0,0,0
79.0,0.0,1,1,1,0,0,0,0,0,0,1,0,0,0,0,0,0
38.0,0.0,1,0,0,1,0,0,0,0,0,0,0,0,1,0,0,0
35.0,45.0,0,1,0,0,0,1,0,0,0,0,0,0,1,0,0,0
2.0,45.0,0,1,0,0,0,0,0,1,0,0,1,0,0,0,0,0
79.0,0.0,0,0,0,0,1,0,0,0,0,1,0,0,0,0,0,0
81.0,0.0,0,1,0,0,0,1,0,0,0,1,0,0,0,0,0,0
69.0,0.0,0,0,0,0,1,0,0,0,0,1,0,0,0,0,0,0
62.0,0.0,0,1,0,0,1,0,0,0,0,1,0,0,0,0,0,0
19.0,0.0,0,1,0,0,0,1,0,0,0,1,0,0,0,0,0,0
29.0,48.0,0,0,0,0,0,1,0,0,0,0,0,0,0,1,0,0
32.0,48.0,0,1,0,0,0,1,0,0,0,0,0,0,0,1,0,0
6.0,48.0,0,1,0,0,0,0,0,0,0,0,1,0,0,0,0,0
14.0,48.0,1,0,0,1,0,0,0,0,0,1,0,0,0,0,0,0
24.0,48.0,1,0,0,0,1,0,0,0,0,0,0,0,0,1,0,0
49.0,0.0,0,0,0,1,0,0,0,0,0,1,0,0,0,0,0,0
48.0,0.0,0,1,0,0,0,1,0,0,0,1,0,0,0,0,0,0
24.0,0.0,0,1,0,0,0,0,1,0,0,0,0,0,1,0,0,0
19.0,0.0,0,0,0,0,0,1,0,0,0,1,0,0,0,0,0,0
48.0,48.0,1,1,0,1,0,0,0,0,0,0,0,0,1,0,0,0
64.0,24.0,0,1,1,0,0,0,0,0,0,0,0,0,1,0,0,0
29.0,24.0,0,0,0,1,0,0,0,0,1,0,0,0,0,1,0,0
28.0,40.0,0,1,0,0,0,1,0,0,0,0,0,0,0,1,0,0
60.0,48.0,0,0,0,0,0,0,1,0,0,0,0,0,0,1,0,0
50.0,12.0,0,1,0,0,0,1,0,0,0,0,0,0,0,1,0,0
27.0,12.0,0,1,0,0,0,1,0,0,0,0,0,0,0,1,0,0
55.0,12.0,0,0,1,0,0,0,0,0,0,1,0,0,0,0,0,0
63.0,12.0,0,1,0,0,0,0,1,0,0,0,0,0,0,1,0,0
25.0,12.0,0,1,0,0,0,1,0,0,0,0,0,0,0,1,0,0
38.0,27.0,0,1,0,0,0,0,1,0,0,0,0,0,0,1,0,0
62.0,20.0,1,0,0,0,1,0,0,0,0,0,0,0,0,1,0,0
60.0,20.0,1,1,0,0,0,1,0,0,0,0,0,0,0,1,0,0
33.0,45.0,0,1,0,0,0,0,1,0,0,0,0,0,0,1,0,0
57.0,30.0,0,1,0,0,0,0,1,0,0,0,0,0,0,1,0,0
9.0,0.0,1,1,0,0,0,0,0,0,0,0,1,0,0,0,0,0
6.0,0.0,1,0,0,0,0,0,0,0,0,0,1,0,0,0,0,0
59.0,50.0,0,1,0,0,0,0,1,0,0,0,0,0,1,0,0,0
23.0,50.0,0,1,0,0,0,0,0,1,0,1,0,0,0,0,0,0
25.0,50.0,0,0,0,0,0,1,0,0,1,0,0,0,0,1,0,0
31.0,0.0,1,1,0,1,0,0,0,0,0,1,0,0,0,0,0,0
15.0,0.0,1,0,0,1,0,0,0,0,0,1,0,0,0,0,0,0
13.0,0.0,1,0,0,1,0,0,0,0,0,1,0,0,0,0,0,0
12.0,0.0,1,1,0,1,0,0,0,0,0,1,0,0,0,0,0,0
21.0,60.0,1,0,0,1,0,0,0,0,0,0,0,0,1,0,0,0
20.0,60.0,1,1,0,0,0,1,0,0,1,0,0,0,1,0,0,0
14.0,0.0,0,1,0,1,0,0,0,0,0,1,0,0,0,0,0,0
58.0,56.0,0,0,1,0,0,0,0,0,0,0,0,0,0,1,0,0
31.0,56.0,0,1,0,0,1,0,0,0,0,0,0,0,0,1,0,0
53.0,48.0,0,1,0,0,1,0,0,0,0,1,0,0,0,0,0,0
32.0,48.0,0,1,0,0,1,0,0,0,1,0,0,0,0,1,0,0
16.0,48.0,0,0,0,0,0,0,0,0,0,1,0,0,0,0,0,0
56.0,36.0,0,1,0,1,0,0,0,0,0,0,0,0,1,0,0,0
17.0,36.0,0,1,0,1,0,0,0,0,0,1,0,0,0,0,0,0
64.0,0.0,1,0,1,0,0,0,0,0,0,1,0,0,0,0,0,0
30.0,0.0,1,0,0,0,1,0,0,0,1,0,0,0,0,0,0,0
24.0,0.0,1,0,0,0,0,1,0,0,0,0,0,0,0,1,0,0
6.0,27.0,0,1,0,0,0,0,0,0,0,0,1,0,0,0,0,0
11.0,27.0,0,0,0,1,0,0,0,0,0,1,0,0,0,0,0,0
42.0,27.0,0,0,0,0,1,0,0,0,0,0,0,0,0,1,0,0
38.0,35.0,0,0,0,0,0,0,1,0,0,0,0,0,0,1,0,0
33.0,35.0,0,1,0,0,0,1,0,0,0,1,0,0,0,0,0,0
2.0,35.0,0,0,0,0,0,0,0,1,0,0,1,0,0,0,0,0
28.0,40.0,0,0,0,0,1,0,0,0,0,0,0,0,0,1,0,0
25.0,40.0,0,0,0,0,0,1,0,0,0,0,0,1,0,0,0,0
81.0,0.0,0,1,1,0,0,0,0,0,0,1,0,0,0,0,0,0
48.0,0.0,0,1,0,1,0,0,0,0,0,0,0,0,0,1,0,0
50.0,0.0,0,0,0,1,0,0,0,0,0,0,0,0,0,1,0,0
21.0,0.0,0,0,0,0,0,1,0,0,1,0,0,0,0,1,0,0
14.0,0.0,0,1,0,1,0,0,0,0,0,1,0,0,0,0,0,0
13.0,0.0,0,1,0,1,0,0,0,0,0,1,0,0,0,0,0,0
45.0,48.0,0,1,0,1,0,0,0,0,0,0,0,0,1,0,0,0
18.0,48.0,0,0,0,0,1,0,0,0,0,1,0,0,0,0,0,0
33.0,10.0,0,0,0,1,0,0,0,0,0,0,0,0,1,0,0,0
21.0,10.0,0,1,0,0,0,1,0,0,0,0,0,0,0,1,0,0
11.0,48.0,0,1,0,0,0,0,0,0,0,1,0,0,0,0,0,0
45.0,48.0,0,0,0,0,0,1,0,0,0,0,0,0,0,1,0,0
5.0,0.0,1,1,0,0,0,0,0,1,0,0,1,0,0,0,0,0
3.0,0.0,1,0,0,0,0,0,0,1,0,0,1,0,0,0,0,0
27.0,0.0,1,0,0,0,0,0,0,0,0,0,0,0,0,1,0,0
32.0,20.0,0,1,0,0,1,0,0,0,0,0,0,0,0,1,0,0
33.0,20.0,0,1,0,0,1,0,0,0,0,0,0,0,0,1,0,0
28.0,40.0,0,1,0,0,1,0,0,0,0,1,0,0,0,0,0,0
2.0,40.0,0,1,0,0,0,0,0,1,0,0,1,0,0,0,0,0
70.0,0.0,0,0,0,0,0,0,1,0,0,1,0,0,0,0,0,0
74.0,0.0,0,1,0,0,1,0,0,0,0,1,0,0,0,0,0,0
74.0,0.0,0,0,0,0,0,0,1,0,0,1,0,0,0,0,0,0
67.0,0.0,0,1,0,0,0,0,1,0,0,1,0,0,0,0,0,0
67.0,0.0,0,1,0,1,0,0,0,0,0,1,0,0,0,0,0,0
56.0,36.0,0,1,1,0,0,0,0,0,0,0,0,0,0,1,0,0
36.0,36.0,0,1,0,0,1,0,0,0,0,0,0,0,0,1,0,0
4.0,36.0,0,0,0,0,0,0,0,1,0,0,1,0,0,0,0,0
65.0,0.0,0,0,0,0,0,1,0,0,0,1,0,0,0,0,0,0
63.0,0.0,0,1,0,0,0,1,0,0,0,1,0,0,0,0,0,0
50.0,50.0,0,1,0,0,0,0,1,0,0,0,0,0,0,1,0,0
11.0,50.0,0,0,1,0,0,0,0,0,0,1,0,0,0,0,0,0
51.0,50.0,0,0,0,0,0,0,1,0,0,0,0,0,0,1,0,0
58.0,0.0,1,0,0,0,1,0,0,0,0,1,0,0,0,0,0,0
57.0,0.0,1,1,0,0,1,0,0,0,0,1,0,0,0,0,0,0
30.0,0.0,1,1,0,0,1,0,0,0,0,1,0,0,0,0,0,0
28.0,40.0,1,0,0,0,0,1,0,0,0,0,0,0,0,1,0,0
67.0,0.0,0,1,0,1,0,0,0,0,0,1,0,0,0,0,0,0
69.0,0.0,0,0,0,1,0,0,0,0,0,1,0,0,0,0,0,0
54.0,50.0,0,0,0,1,0,0,0,0,0,1,0,0,0,0,0,0
35.0,40.0,0,0,0,0,0,0,1,0,0,0,0,0,0,1,0,0
49.0,0.0,0,0,0,0,0,0,1,0,0,1,0,0,0,0,0,0
70.0,0.0,0,1,0,1,0,0,0,0,0,1,0,0,0,0,0,0
75.0,0.0,0,0,0,0,0,0,1,0,0,1,0,0,0,0,0,0
75.0,0.0,0,0,0,0,0,0,1,0,0,1,0,0,0,0,0,0
11.0,27.0,1,0,0,0,0,0,0,0,0,1,0,0,0,0,0,0
10.0,27.0,1,0,0,0,0,0,0,0,0,1,0,0,0,0,0,0
8.0,27.0,1,1,0,0,0,0,0,0,0,0,1,0,0,0,0,0
13.0,27.0,1,0,0,1,0,0,0,0,0,1,0,0,0,0,0,0
21.0,27.0,1,1,0,0,0,1,0,0,1,0,0,0,0,0,0,0
59.0,40.0,0,0,0,1,0,0,0,0,0,0,0,0,0,1,0,0
45.0,40.0,0,1,0,0,0,1,0,0,0,0,0,0,0,1,0,0
47.0,27.0,1,1,1,0,0,0,0,0,0,0,0,0,0,1,0,0
59.0,66.0,0,0,0,0,0,0,1,0,0,0,0,0,1,0,0,0
59.0,66.0,0,1,0,0,0,0,1,0,0,0,0,0,1,0,0,0
23.0,66.0,0,1,0,0,0,0,1,0,0,0,0,0,0,1,0,0
46.0,54.0,1,0,0,0,1,0,0,0,0,0,0,0,0,1,0,0
19.0,27.0,1,1,0,0,0,1,0,0,1,0,0,0,0,0,0,0
14.0,72.0,0,1,0,1,0,0,0,0,0,1,0,0,0,0,0,0
46.0,54.0,1,1,0,0,1,0,0,0,0,1,0,0,0,0,0,0
21.0,54.0,1,1,0,0,0,1,0,0,0,1,0,0,0,0,0,0
19.0,54.0,1,0,0,0,1,0,0,0,0,0,0,0,0,1,0,0
16.0,54.0,1,1,0,1,0,0,0,0,0,1,0,0,0,0,0,0
38.0,72.0,0,1,1,0,0,0,0,0,0,0,0,0,1,0,0,0
40.0,72.0,0,0,1,0,0,0,0,0,0,0,0,0,0,1,0,0
21.0,72.0,0,1,0,0,0,1,0,0,0,0,0,0,0,1,0,0
19.0,72.0,0,1,0,1,0,0,0,0,0,1,0,0,0,0,0,0
14.0,0.0,0,1,0,1,0,0,0,0,0,1,0,0,0,0,0,0
21.0,0.0,0,0,0,0,1,0,0,0,0,0,0,0,0,1,0,0
49.0,0.0,0,1,0,0,0,1,0,0,0,0,0,0,1,0,0,0
49.0,0.0,0,0,0,0,0,1,0,0,0,0,0,0,0,1,0,0
12.0,84.0,1,0,0,1,0,0,0,0,0,1,0,0,0,0,0,0
64.0,12.0,0,1,0,0,1,0,0,0,0,0,0,0,0,1,0,0
42.0,12.0,0,0,0,0,0,1,0,0,0,0,0,0,0,1,0,0
36.0,84.0,1,1,0,0,1,0,0,0,0,0,0,0,1,0,0,0
46.0,24.0,1,1,1,0,0,0,0,0,0,0,0,0,0,1,0,0
19.0,24.0,1,0,0,1,0,0,0,0,0,1,0,0,0,0,0,0
4.0,24.0,1,1,0,0,0,0,0,1,0,0,1,0,0,0,0,0
38.0,40.0,0,1,0,0,0,0,1,0,0,0,0,0,0,1,0,0
38.0,40.0,0,0,0,0,1,0,0,0,0,0,0,0,1,0,0,0
19.0,40.0,0,1,0,0,0,1,0,0,0,0,0,0,0,1,0,0
38.0,0.0,1,1,0,1,0,0,0,0,1,0,0,0,1,0,0,0
49.0,32.0,0,0,0,0,0,0,1,0,0,0,0,0,0,1,0,0
37.0,32.0,0,1,0,0,1,0,0,0,0,0,0,0,0,1,0,0
8.0,32.0,0,1,0,0,0,0,0,0,0,0,1,0,0,0,0,0
40.0,44.0,1,1,0,1,0,0,0,0,0,0,0,0,1,0,0,0
74.0,0.0,0,1,0,1,0,0,0,0,0,1,0,0,0,0,0,0
39.0,0.0,0,1,0,0,0,0,1,0,0,0,0,0,1,0,0,0
37.0,59.0,0,0,0,1,0,0,0,0,0,0,0,0,1,0,0,0
30.0,59.0,0,1,0,0,0,1,0,0,0,1,0,0,0,0,0,0
8.0,59.0,0,0,0,0,0,0,0,0,0,0,1,0,0,0,0,0
60.0,36.0,0,0,0,0,0,0,1,0,0,0,0,0,0,1,0,0
44.0,0.0,1,1,0,0,1,0,0,0,0,1,0,0,0,0,0,0
17.0,0.0,1,1,0,1,0,0,0,0,0,1,0,0,0,0,0,0
11.0,0.0,1,1,0,0,0,0,0,0,0,1,0,0,0,0,0,0
57.0,35.0,0,1,0,0,0,0,0,0,0,0,0,0,0,1,0,0
74.0,35.0,0,0,1,0,0,0,0,0,0,0,0,0,0,1,0,0
14.0,44.0,1,0,0,1,0,0,0,0,0,1,0,0,0,0,0,0
40.0,44.0,1,0,0,0,1,0,0,0,0,0,0,0,1,0,0,0
75.0,0.0,0,1,0,0,0,1,0,0,0,1,0,0,0,0,0,0
75.0,0.0,0,1,0,0,0,1,0,0,0,1,0,0,0,0,0,0
26.0,45.0,0,0,0,0,1,0,0,0,0,0,0,0,0,1,0,0
61.0,0.0,0,1,0,0,0,0,1,0,0,1,0,0,0,0,0,0
74.0,0.0,0,0,0,0,0,0,0,0,0,1,0,0,0,0,0,0
73.0,0.0,0,1,0,0,0,0,0,0,0,1,0,0,0,0,0,0
89.0,0.0,0,1,1,0,0,0,0,0,0,1,0,0,0,0,0,0
26.0,40.0,0,0,0,0,1,0,0,0,0,0,0,0,0,1,0,0
1.0,40.0,0,0,0,0,0,0,0,1,0,0,1,0,0,0,0,0
30.0,40.0,0,1,0,0,0,1,0,0,0,0,0,0,0,1,0,0
76.0,59.0,0,1,1,0,0,0,0,0,0,1,0,0,0,0,0,0
17.0,0.0,1,0,0,0,0,1,0,0,0,1,0,0,0,0,0,0
16.0,0.0,1,1,0,1,0,0,0,0,0,1,0,0,0,0,0,0
63.0,0.0,1,1,0,0,1,0,0,0,0,1,0,0,0,0,0,0
63.0,0.0,1,0,0,0,1,0,0,0,0,1,0,0,0,0,0,0
29.0,0.0,1,0,0,0,1,0,0,0,1,0,0,0,0,1,0,0
58.0,0.0,1,1,0,0,0,0,1,0,0,1,0,0,0,0,0,0
39.0,0.0,1,0,0,0,1,0,0,0,0,1,0,0,0,0,0,0
34.0,0.0,1,0,0,0,1,0,0,0,0,0,0,0,0,1,0,0
90.0,0.0,1,1,1,0,0,0,0,0,0,1,0,0,0,0,0,0
41.0,56.0,1,1,0,0,1,0,0,0,0,0,0,0,1,0,0,0
5.0,56.0,1,0,0,0,0,0,0,1,0,0,1,0,0,0,0,0
9.0,56.0,1,0,0,0,0,0,0,0,0,0,1,0,0,0,0,0
57.0,0.0,0,1,0,0,0,1,0,0,0,1,0,0,0,0,0,0
24.0,0.0,0,0,0,0,1,0,0,0,0,0,0,0,0,1,0,0
19.0,0.0,0,0,0,0,0,1,0,0,0,1,0,0,0,0,0,0
93.0,0.0,0,1,0,0,0,0,0,0,0,1,0,0,0,0,0,0
42.0,15.0,1,1,0,0,1,0,0,0,0,0,0,0,0,1,0,0
8.0,15.0,1,1,0,0,0,0,0,0,0,0,1,0,0,0,0,0
60.0,12.0,0,1,1,0,0,0,0,0,0,0,0,0,0,1,0,0
20.0,48.0,0,1,0,0,1,0,0,0,0,1,0,0,0,0,0,0
14.0,48.0,0,1,0,0,0,0,0,0,0,1,0,0,0,0,0,0
46.0,48.0,0,0,0,1,0,0,0,0,0,0,0,0,0,1,0,0
43.0,48.0,0,1,0,0,1,0,0,0,0,1,0,0,0,0,0,0
53.0,0.0,1,1,0,0,0,1,0,0,0,0,0,0,0,1,0,0
26.0,0.0,1,1,0,1,0,0,0,0,0,1,0,0,0,0,0,0
23.0,0.0,1,1,0,0,0,1,0,0,0,0,0,0,0,1,0,0
6.0,0.0,1,0,0,0,0,0,0,0,0,0,1,0,0,0,0,0
58.0,0.0,1,1,0,0,0,0,0,0,0,1,0,0,0,0,0,0
14.0,0.0,1,0,0,1,0,0,0,0,0,1,0,0,0,0,0,0
6.0,0.0,1,1,0,0,0,0,0,0,0,0,1,0,0,0,0,0
37.0,0.0,0,1,0,0,0,0,1,0,0,0,0,0,0,1,0,0
38.0,0.0,0,0,0,0,1,0,0,0,0,0,0,0,0,1,0,0
43.0,0.0,0,1,0,0,0,1,0,0,0,0,0,0,0,1,0,0
50.0,36.0,1,0,0,1,0,0,0,0,0,0,0,0,0,1,0,0
42.0,36.0,1,1,1,0,0,0,0,0,0,1,0,0,0,0,0,0
8.0,36.0,1,1,0,0,0,0,0,0,0,0,1,0,0,0,0,0
56.0,0.0,1,1,0,1,0,0,0,0,0,1,0,0,0,0,0,0
29.0,0.0,1,0,0,1,0,0,0,0,0,0,0,0,0,1,0,0
24.0,0.0,1,0,0,1,0,0,0,0,1,0,0,0,1,0,0,0
19.0,0.0,1,1,0,0,0,1,0,0,1,0,0,0,0,0,0,0
18.0,0.0,1,1,0,1,0,0,0,0,0,1,0,0,0,0,0,0
53.0,40.0,1,0,1,0,0,0,0,0,0,0,0,0,1,0,0,0
49.0,40.0,1,1,0,0,1,0,0,0,1,0,0,0,0,0,0,0
20.0,40.0,1,0,0,0,1,0,0,0,0,1,0,0,0,0,0,0
55.0,40.0,0,0,0,0,0,0,1,0,0,0,0,0,0,1,0,0
44.0,40.0,0,1,0,0,1,0,0,0,0,1,0,0,0,0,0,0
21.0,40.0,0,1,0,0,0,1,0,0,0,0,0,0,0,1,0,0
11.0,40.0,0,1,0,1,0,0,0,0,0,1,0,0,0,0,0,0
9.0,40.0,0,0,0,0,0,0,0,0,0,0,1,0,0,0,0,0
63.0,0.0,0,0,0,0,1,0,0,0,1,0,0,0,0,1,0,0
31.0,0.0,0,1,0,0,0,0,1,0,0,0,0,0,1,0,0,0
12.0,0.0,0,0,0,1,0,0,0,0,0,1,0,0,0,0,0,0
75.0,0.0,1,0,0,0,1,0,0,0,0,1,0,0,0,0,0,0
75.0,0.0,1,0,0,0,1,0,0,0,0,1,0,0,0,0,0,0
52.0,45.0,0,0,1,0,0,0,0,0,0,0,0,0,1,0,0,0
50.0,45.0,0,1,0,0,0,0,1,0,0,0,0,0,1,0,0,0
18.0,45.0,0,0,0,0,0,1,0,0,0,1,0,0,0,0,0,0
14.0,45.0,0,1,0,1,0,0,0,0,0,1,0,0,0,0,0,0
75.0,0.0,1,0,0,0,1,0,0,0,0,1,0,0,0,0,0,0
75.0,0.0,1,0,0,0,1,0,0,0,0,1,0,0,0,0,0,0
34.0,0.0,1,1,0,0,0,1,0,0,0,0,0,0,0,1,0,0
13.0,0.0,1,1,0,1,0,0,0,0,0,1,0,0,0,0,0,0
34.0,40.0,0,0,0,0,0,1,0,0,0,0,0,0,0,1,0,0
26.0,40.0,0,1,0,0,0,0,1,0,0,0,0,0,0,1,0,0
21.0,70.0,0,0,0,0,1,0,0,0,0,0,0,1,0,0,0,0
19.0,70.0,0,0,0,0,0,1,0,0,0,1,0,0,0,0,0,0
24.0,70.0,0,0,0,0,0,1,0,0,0,0,0,1,0,0,0,0
53.0,70.0,0,0,0,1,0,0,0,0,0,0,0,1,0,0,0,0
53.0,70.0,0,1,0,0,0,0,1,0,0,0,0,0,0,1,0,0
10.0,0.0,1,0,0,0,0,0,0,0,0,1,0,0,0,0,0,0
3.0,0.0,1,1,0,0,0,0,0,1,0,0,1,0,0,0,0,0
37.0,48.0,0,1,0,0,0,0,1,0,0,0,0,0,0,1,0,0
38.0,40.0,0,0,0,0,1,0,0,0,0,0,0,1,0,0,0,0
37.0,40.0,0,1,0,1,0,0,0,0,0,1,0,0,0,0,0,0
20.0,40.0,0,0,0,0,0,1,0,0,0,1,0,0,0,0,0,0
13.0,40.0,0,1,0,1,0,0,0,0,0,1,0,0,0,0,0,0
6.0,40.0,0,0,0,0,0,0,0,0,0,0,1,0,0,0,0,0
24.0,40.0,0,0,0,0,1,0,0,0,0,0,0,0,0,1,0,0
22.0,40.0,0,0,0,0,1,0,0,0,0,0,0,0,0,1,0,0
31.0,0.0,1,1,0,1,0,0,0,0,0,1,0,0,0,0,0,0
38.0,0.0,1,0,1,0,0,0,0,0,0,0,0,1,0,0,0,0
13.0,0.0,1,0,0,1,0,0,0,0,0,1,0,0,0,0,0,0
12.0,0.0,0,0,0,1,0,0,0,0,0,1,0,0,0,0,0,0
8.0,0.0,0,0,0,0,0,0,0,0,0,0,1,0,0,0,0,0
34.0,0.0,0,0,0,0,1,0,0,0,0,0,0,0,0,1,0,0
64.0,0.0,0,1,1,0,0,0,0,0,0,1,0,0,0,0,0,0
80.0,0.0,0,0,1,0,0,0,0,0,0,1,0,0,0,0,0,0
36.0,40.0,0,0,0,0,1,0,0,0,0,0,0,0,0,1,0,0
28.0,0.0,0,1,0,0,1,0,0,0,0,1,0,0,0,0,0,0
12.0,0.0,0,0,0,1,0,0,0,0,0,1,0,0,0,0,0,0
39.0,0.0,0,0,0,0,0,0,1,0,0,0,0,1,0,0,0,0
58.0,0.0,0,1,0,0,0,0,1,0,0,0,0,0,0,1,0,0
50.0,0.0,1,0,0,0,0,0,1,0,1,0,0,0,0,1,0,0
36.0,30.0,0,1,0,0,0,1,0,0,0,0,0,0,0,1,0,0
37.0,30.0,0,0,0,0,0,0,1,0,0,0,0,0,0,1,0,0
69.0,16.0,0,0,0,0,0,0,1,0,0,0,0,0,0,1,0,0
73.0,0.0,0,1,0,0,0,1,0,0,0,1,0,0,0,0,0,0
61.0,0.0,0,1,1,0,0,0,0,0,0,1,0,0,0,0,0,0
66.0,48.0,0,0,1,0,0,0,0,0,0,0,0,0,1,0,0,0
65.0,48.0,0,1,1,0,0,0,0,0,0,1,0,0,0,0,0,0
33.0,48.0,0,0,0,0,0,0,0,0,0,1,0,0,0,0,0,0
68.0,0.0,0,0,0,0,0,1,0,0,1,0,0,0,0,1,0,0
63.0,24.0,0,0,0,0,0,1,0,0,0,0,0,0,0,1,0,0
63.0,24.0,0,1,0,0,1,0,0,0,0,1,0,0,0,0,0,0
30.0,24.0,0,0,0,0,0,0,1,0,0,0,0,0,0,1,0,0
39.0,0.0,0,0,0,0,0,1,0,0,0,0,0,0,0,1,0,0
30.0,78.0,1,1,0,0,1,0,0,0,0,0,0,0,1,0,0,0
4.0,78.0,1,1,0,0,0,0,0,1,0,0,1,0,0,0,0,0
73.0,0.0,0,0,1,0,0,0,0,0,0,1,0,0,0,0,0,0
73.0,0.0,0,1,1,0,0,0,0,0,0,1,0,0,0,0,0,0
52.0,54.0,1,1,0,1,0,0,0,0,0,0,0,0,0,1,0,0
22.0,54.0,1,1,0,0,1,0,0,0,0,1,0,0,0,0,0,0
5.0,54.0,1,0,0,0,0,0,0,1,0,0,1,0,0,0,0,0
2.0,54.0,1,1,0,0,0,0,0,1,0,0,1,0,0,0,0,0
31.0,78.0,1,0,0,0,1,0,0,0,0,0,0,0,1,0,0,0
77.0,0.0,0,1,0,0,1,0,0,0,0,1,0,0,0,0,0,0
78.0,0.0,0,1,0,0,1,0,0,0,0,1,0,0,0,0,0,0
38.0,25.0,0,1,0,0,0,1,0,0,0,0,0,0,0,1,0,0
15.0,25.0,0,1,0,1,0,0,0,0,0,1,0,0,0,0,0,0
37.0,56.0,0,0,0,0,0,0,1,0,0,0,0,0,0,1,0,0
40.0,36.0,0,1,0,0,0,0,1,0,0,0,0,0,0,1,0,0
14.0,36.0,0,0,0,1,0,0,0,0,0,1,0,0,0,0,0,0
82.0,0.0,0,0,1,0,0,0,0,0,0,1,0,0,0,0,0,0
77.0,0.0,0,1,0,1,0,0,0,0,0,1,0,0,0,0,0,0
69.0,0.0,0,1,1,0,0,0,0,0,0,1,0,0,0,0,0,0
81.0,0.0,0,0,0,0,0,0,1,0,0,1,0,0,0,0,0,0
76.0,0.0,0,1,0,0,0,0,1,0,0,1,0,0,0,0,0,0
48.0,45.0,0,0,0,0,0,1,0,0,0,0,0,0,0,1,0,0
15.0,45.0,0,0,0,1,0,0,0,0,0,1,0,0,0,0,0,0
76.0,8.0,0,0,0,0,0,0,1,0,0,0,0,0,1,0,0,0
73.0,8.0,0,1,0,0,0,0,1,0,0,1,0,0,0,0,0,0
85.0,0.0,0,1,0,0,0,0,1,0,0,1,0,0,0,0,0,0
74.0,20.0,0,0,0,0,0,0,1,0,0,0,0,0,1,0,0,0
36.0,65.0,0,1,0,0,0,0,1,0,0,0,0,0,0,1,0,0
40.0,65.0,0,0,0,0,0,0,1,0,0,0,0,0,0,1,0,0
56.0,0.0,0,0,0,0,0,0,1,0,0,0,0,0,0,1,0,0
54.0,0.0,0,1,0,0,0,1,0,0,0,1,0,0,0,0,0,0
27.0,0.0,0,0,0,0,0,0,1,0,0,0,0,0,0,1,0,0
6.0,0.0,0,0,0,0,0,0,0,1,0,0,1,0,0,0,0,0
48.0,0.0,0,1,0,1,0,0,0,0,0,0,0,0,0,1,0,0
40.0,0.0,0,1,0,0,0,0,1,0,0,1,0,0,0,0,0,0
44.0,0.0,0,0,0,0,1,0,0,0,0,0,0,0,0,1,0,0
12.0,0.0,0,0,0,0,0,0,0,0,0,1,0,0,0,0,0,0
73.0,0.0,0,0,1,0,0,0,0,0,0,1,0,0,0,0,0,0
73.0,0.0,0,1,1,0,0,0,0,0,0,1,0,0,0,0,0,0
49.0,0.0,1,0,0,0,0,0,1,0,1,0,0,0,0,1,0,0
45.0,0.0,1,1,0,0,1,0,0,0,0,0,0,0,0,1,0,0
16.0,0.0,1,0,0,1,0,0,0,0,0,1,0,0,0,0,0,0
15.0,0.0,1,1,0,1,0,0,0,0,0,1,0,0,0,0,0,0
64.0,0.0,0,1,0,0,0,0,1,0,0,0,0,0,1,0,0,0
46.0,40.0,0,0,0,0,1,0,0,0,0,0,0,0,1,0,0,0
43.0,40.0,0,1,0,0,0,0,1,0,0,0,0,0,1,0,0,0
14.0,40.0,0,0,0,1,0,0,0,0,0,1,0,0,0,0,0,0
66.0,0.0,0,0,0,0,0,0,1,0,0,1,0,0,0,0,0,0
65.0,0.0,0,0,0,0,0,0,1,0,0,1,0,0,0,0,0,0
62.0,0.0,0,1,0,0,0,0,1,0,0,1,0,0,0,0,0,0
82.0,0.0,0,1,0,0,0,0,1,0,0,1,0,0,0,0,0,0
56.0,0.0,0,0,0,0,0,1,0,0,0,0,0,0,0,1,0,0
75.0,0.0,1,0,0,0,1,0,0,0,0,1,0,0,0,0,0,0
75.0,0.0,1,0,0,0,1,0,0,0,0,1,0,0,0,0,0,0
74.0,0.0,1,1,1,0,0,0,0,0,0,1,0,0,0,0,0,0
52.0,49.0,0,0,0,0,0,1,0,0,0,0,0,0,0,1,0,0
75.0,24.0,0,0,1,0,0,0,0,0,0,0,0,0,1,0,0,0
75.0,24.0,0,0,1,0,0,0,0,0,0,0,0,0,1,0,0,0
89.0,24.0,0,1,1,0,0,0,0,0,0,1,0,0,0,0,0,0
71.0,0.0,0,1,0,0,1,0,0,0,0,1,0,0,0,0,0,0
35.0,12.0,0,1,0,0,0,0,1,0,0,0,0,0,0,1,0,0
34.0,12.0,0,0,0,0,1,0,0,0,0,0,0,0,0,1,0,0
5.0,12.0,0,1,0,0,0,0,0,1,0,0,1,0,0,0,0,0
1.0,12.0,0,0,0,0,0,0,0,1,0,0,1,0,0,0,0,0
64.0,12.0,0,1,0,1,0,0,0,0,0,1,0,0,0,0,0,0
72.0,0.0,0,1,0,0,0,1,0,0,0,1,0,0,0,0,0,0
41.0,0.0,0,0,0,0,0,1,0,0,0,0,0,0,0,1,0,0
77.0,0.0,0,1,0,0,1,0,0,0,0,1,0,0,0,0,0,0
40.0,40.0,0,0,0,0,0,0,1,0,0,0,0,0,0,1,0,0
36.0,50.0,0,0,0,0,1,0,0,0,0,0,0,0,0,1,0,0
68.0,0.0,0,0,0,0,0,0,1,0,0,1,0,0,0,0,0,0
58.0,49.0,0,0,0,0,0,0,1,0,0,0,0,0,0,1,0,0
63.0,49.0,0,1,0,0,0,0,1,0,0,1,0,0,0,0,0,0
71.0,0.0,0,0,0,0,1,0,0,0,0,1,0,0,0,0,0,0
19.0,41.0,0,1,0,0,1,0,0,0,1,0,0,0,0,1,0,0
16.0,41.0,0,0,0,1,0,0,0,0,0,1,0,0,0,0,0,0
12.0,41.0,0,0,0,1,0,0,0,0,0,1,0,0,0,0,0,0
32.0,26.0,1,1,0,0,1,0,0,0,0,0,0,0,1,0,0,0
11.0,26.0,1,1,0,0,0,0,0,0,0,1,0,0,0,0,0,0
5.0,26.0,1,1,0,0,0,0,0,1,0,0,1,0,0,0,0,0
38.0,41.0,0,1,0,0,1,0,0,0,0,0,0,0,0,1,0,0
19.0,41.0,0,0,0,0,0,1,0,0,0,0,0,0,0,1,0,0
53.0,8.0,0,0,0,0,1,0,0,0,0,0,0,0,0,1,0,0
87.0,8.0,0,0,0,0,1,0,0,0,0,1,0,0,0,0,0,0
31.0,8.0,0,1,0,0,0,0,1,0,1,0,0,0,0,1,0,0
32.0,0.0,0,0,0,0,0,1,0,0,0,0,0,0,0,1,0,0
22.0,0.0,0,1,0,0,0,1,0,0,1,0,0,0,0,1,0,0
23.0,0.0,0,0,0,0,0,1,0,0,0,0,0,0,0,1,0,0
30.0,32.0,0,0,0,0,1,0,0,0,0,0,0,0,0,1,0,0
27.0,32.0,0,1,0,0,1,0,0,0,0,1,0,0,0,0,0,0
9.0,32.0,0,0,0,0,0,0,0,0,0,0,1,0,0,0,0,0
76.0,0.0,0,1,0,0,1,0,0,0,0,1,0,0,0,0,0,0
74.0,0.0,0,0,1,0,0,0,0,0,0,1,0,0,0,0,0,0
69.0,0.0,0,1,0,0,0,0,1,0,0,1,0,0,0,0,0,0
81.0,0.0,0,0,0,0,1,0,0,0,0,1,0,0,0,0,0,0
68.0,0.0,0,1,0,0,1,0,0,0,0,1,0,0,0,0,0,0
33.0,35.0,0,1,0,0,1,0,0,0,0,0,0,0,0,1,0,0
19.0,35.0,0,1,0,0,0,0,0,0,0,1,0,0,0,0,0,0
5.0,35.0,0,1,0,0,0,0,0,1,0,0,1,0,0,0,0,0
51.0,40.0,0,0,0,0,0,0,1,0,0,0,0,0,0,1,0,0
45.0,40.0,0,1,0,0,0,0,1,0,0,0,0,0,0,1,0,0
66.0,30.0,0,0,0,0,1,0,0,0,0,0,0,0,1,0,0,0
63.0,0.0,0,1,0,0,0,1,0,0,0,1,0,0,0,0,0,0
71.0,0.0,0,0,0,1,0,0,0,0,0,1,0,0,0,0,0,0
58.0,40.0,0,0,0,1,0,0,0,0,0,0,0,0,0,1,0,0
49.0,40.0,0,1,0,1,0,0,0,0,0,0,0,0,1,0,0,0
24.0,40.0,0,0,0,0,1,0,0,0,1,0,0,0,0,1,0,0
50.0,20.0,1,0,0,0,1,0,0,0,0,0,0,0,1,0,0,0
46.0,20.0,1,1,0,0,1,0,0,0,1,0,0,0,0,0,0,0
13.0,20.0,1,0,0,1,0,0,0,0,0,1,0,0,0,0,0,0
37.0,52.0,0,0,0,0,0,1,0,0,0,0,0,0,1,0,0,0
25.0,52.0,0,1,0,0,1,0,0,0,0,0,0,0,1,0,0,0
30.0,0.0,0,1,0,0,1,0,0,0,0,0,0,0,0,1,0,0
5.0,0.0,0,1,0,0,0,0,0,0,0,0,1,0,0,0,0,0
19.0,40.0,0,1,0,0,0,1,0,0,0,1,0,0,0,0,0,0
82.0,40.0,0,1,0,0,0,0,0,0,0,1,0,0,0,0,0,0
34.0,0.0,0,1,0,0,0,1,0,0,0,1,0,0,0,0,0,0
7.0,0.0,0,0,0,0,0,0,0,0,0,0,1,0,0,0,0,0
12.0,0.0,0,0,0,1,0,0,0,0,0,1,0,0,0,0,0,0
15.0,0.0,0,0,0,0,0,0,0,0,0,1,0,0,0,0,0,0
52.0,0.0,0,0,1,0,0,0,0,0,0,0,0,0,0,1,0,0
45.0,12.0,1,1,0,0,1,0,0,0,0,0,0,0,0,1,0,0
8.0,12.0,1,1,0,0,0,0,0,0,0,0,1,0,0,0,0,0
58.0,75.0,1,1,0,0,0,0,0,0,0,0,0,0,0,1,0,0
24.0,75.0,1,0,1,0,0,0,0,0,0,0,0,0,1,0,0,0
75.0,0.0,1,1,1,0,0,0,0,0,0,1,0,0,0,0,0,0
75.0,0.0,1,1,1,0,0,0,0,0,0,1,0,0,0,0,0,0
18.0,0.0,1,0,0,1,0,0,0,0,0,1,0,0,0,0,0,0
5.0,52.0,0,0,0,0,0,0,0,1,0,0,1,0,0,0,0,0
25.0,84.0,0,0,0,0,0,1,0,0,0,0,0,0,0,1,0,0
79.0,84.0,0,1,1,0,0,0,0,0,0,1,0,0,0,0,0,0
57.0,84.0,0,0,0,0,0,1,0,0,0,0,0,0,0,1,0,0
53.0,84.0,0,1,0,0,0,1,0,0,0,1,0,0,0,0,0,0
26.0,35.0,0,0,0,0,0,1,0,0,0,0,0,0,0,1,0,0
54.0,0.0,0,0,0,1,0,0,0,0,0,0,0,0,1,0,0,0
5.0,12.0,1,1,0,0,0,0,0,1,0,0,1,0,0,0,0,0
45.0,0.0,0,0,0,0,0,0,1,0,0,0,0,0,0,1,0,0
35.0,0.0,0,1,0,0,0,0,1,0,0,0,0,0,0,1,0,0
67.0,12.0,0,1,0,0,0,0,1,0,0,0,0,0,0,1,0,0
57.0,40.0,1,0,0,0,0,0,1,0,0,0,0,0,0,1,0,0
50.0,40.0,1,1,0,0,0,1,0,0,0,1,0,0,0,0,0,0
16.0,40.0,1,0,0,1,0,0,0,0,0,1,0,0,0,0,0,0
13.0,40.0,1,1,0,1,0,0,0,0,0,1,0,0,0,0,0,0
75.0,0.0,1,1,1,0,0,0,0,0,0,1,0,0,0,0,0,0
75.0,0.0,1,1,1,0,0,0,0,0,0,1,0,0,0,0,0,0
34.0,40.0,0,0,0,0,0,1,0,0,0,0,0,0,0,1,0,0
24.0,40.0,0,1,0,0,0,1,0,0,0,0,0,0,0,1,0,0
55.0,36.0,0,1,1,0,0,0,0,0,0,0,0,0,0,1,0,0
19.0,36.0,0,1,0,0,0,1,0,0,0,0,0,0,0,1,0,0
84.0,0.0,0,1,0,0,0,1,0,0,0,1,0,0,0,0,0,0
7.0,27.0,0,1,0,0,0,0,0,0,0,0,1,0,0,0,0,0
2.0,27.0,0,0,0,0,0,0,0,1,0,0,1,0,0,0,0,0
24.0,12.0,1,1,0,0,1,0,0,0,0,0,0,0,0,1,0,0
28.0,12.0,1,0,0,1,0,0,0,0,0,0,0,0,0,1,0,0
6.0,12.0,1,1,0,0,0,0,0,0,0,0,1,0,0,0,0,0
3.0,12.0,1,1,0,0,0,0,0,1,0,0,1,0,0,0,0,0
35.0,27.0,0,0,0,0,0,1,0,0,0,0,0,0,0,1,0,0
34.0,27.0,0,1,0,0,1,0,0,0,0,1,0,0,0,0,0,0
77.0,0.0,0,1,1,0,0,0,0,0,0,1,0,0,0,0,0,0
46.0,0.0,0,0,1,0,0,0,0,0,0,1,0,0,0,0,0,0
51.0,36.0,0,0,0,0,0,0,1,0,0,0,0,0,0,1,0,0
48.0,36.0,0,1,0,0,1,0,0,0,0,0,0,0,0,1,0,0
15.0,36.0,0,1,0,1,0,0,0,0,0,1,0,0,0,0,0,0
80.0,50.0,0,1,1,0,0,0,0,0,0,1,0,0,0,0,0,0
53.0,50.0,0,0,0,1,0,0,0,0,0,0,0,0,0,1,0,0
76.0,0.0,0,0,0,0,0,0,1,0,0,1,0,0,0,0,0,0
70.0,0.0,0,0,1,0,0,0,0,0,0,1,0,0,0,0,0,0
32.0,46.0,0,1,0,0,0,1,0,0,0,0,0,0,0,1,0,0
33.0,46.0,0,0,0,0,1,0,0,0,0,0,0,0,0,1,0,0
44.0,0.0,1,0,0,1,0,0,0,0,1,0,0,0,1,0,0,0
73.0,0.0,1,1,0,0,0,0,0,0,0,1,0,0,0,0,0,0
42.0,45.0,0,0,0,0,0,1,0,0,0,0,0,0,0,1,0,0
43.0,45.0,0,1,0,0,1,0,0,0,0,0,0,0,0,1,0,0
17.0,37.0,0,0,0,1,0,0,0,0,0,1,0,0,0,0,0,0
8.0,37.0,0,0,0,0,0,0,0,0,0,0,1,0,0,0,0,0
68.0,33.0,0,0,0,0,0,1,0,0,0,0,0,0,1,0,0,0
45.0,37.0,0,1,0,1,0,0,0,0,0,0,0,0,1,0,0,0
5.0,45.0,0,0,0,0,0,0,0,1,0,0,1,0,0,0,0,0
5.0,0.0,0,1,0,0,0,0,0,0,0,0,1,0,0,0,0,0
81.0,0.0,0,1,0,0,0,0,0,0,0,1,0,0,0,0,0,0
38.0,35.0,1,0,1,0,0,0,0,0,0,0,0,0,1,0,0,0
35.0,0.0,0,0,0,0,0,1,0,0,0,0,0,0,0,1,0,0
29.0,0.0,0,1,0,0,0,0,1,0,0,1,0,0,0,0,0,0
11.0,0.0,0,0,0,0,0,0,0,0,0,1,0,0,0,0,0,0
10.0,35.0,1,1,0,0,0,0,0,0,0,1,0,0,0,0,0,0
34.0,35.0,1,1,1,0,0,0,0,0,0,0,0,0,1,0,0,0
14.0,35.0,1,1,0,1,0,0,0,0,0,1,0,0,0,0,0,0
43.0,35.0,0,0,0,0,0,0,1,0,0,0,0,0,0,1,0,0
50.0,60.0,0,0,0,0,0,1,0,0,0,0,0,1,0,0,0,0
70.0,0.0,0,0,0,0,0,0,1,0,0,1,0,0,0,0,0,0
69.0,0.0,0,1,1,0,0,0,0,0,0,1,0,0,0,0,0,0
61.0,40.0,0,1,0,0,0,0,1,0,0,0,0,0,0,1,0,0
35.0,0.0,0,1,0,0,0,0,1,0,0,0,0,0,0,1,0,0
32.0,0.0,0,0,0,0,0,0,1,0,0,0,0,0,1,0,0,0
3.0,0.0,0,0,0,0,0,0,0,1,0,0,1,0,0,0,0,0
55.0,8.0,0,1,0,0,0,0,1,0,0,0,0,0,0,1,0,0
45.0,8.0,0,0,0,0,0,0,1,0,0,0,0,1,0,0,0,0
9.0,8.0,0,1,0,0,0,0,0,0,0,0,1,0,0,0,0,0
29.0,45.0,0,1,0,0,0,1,0,0,0,0,0,0,0,1,0,0
47.0,48.0,1,0,0,1,0,0,0,0,0,0,0,0,1,0,0,0
46.0,48.0,1,1,0,1,0,0,0,0,0,0,0,0,1,0,0,0
23.0,48.0,1,0,0,0,0,1,0,0,0,1,0,0,0,0,0,0
20.0,48.0,1,1,0,0,0,1,0,0,0,1,0,0,0,0,0,0
19.0,48.0,1,1,0,1,0,0,0,0,0,1,0,0,0,0,0,0
5.0,48.0,1,1,0,0,0,0,0,1,0,0,1,0,0,0,0,0
77.0,0.0,0,0,1,0,0,0,0,0,0,1,0,0,0,0,0,0
79.0,0.0,0,1,0,1,0,0,0,0,0,1,0,0,0,0,0,0
41.0,20.0,0,1,0,1,0,0,0,0,0,0,0,0,0,1,0,0
5.0,20.0,0,0,0,0,0,0,0,1,0,0,1,0,0,0,0,0
47.0,45.0,0,0,0,0,0,0,1,0,0,0,0,0,0,1,0,0
45.0,45.0,0,1,0,0,0,0,1,0,0,0,0,0,0,1,0,0
7.0,45.0,0,1,0,0,0,0,0,0,0,0,1,0,0,0,0,0
32.0,45.0,0,0,0,0,0,1,0,0,0,0,0,0,0,1,0,0
29.0,45.0,0,1,0,0,0,0,1,0,0,0,0,0,0,1,0,0
38.0,50.0,0,1,0,0,0,0,1,0,0,0,0,0,0,1,0,0
43.0,50.0,0,0,0,0,0,0,1,0,0,0,0,0,0,1,0,0
3.0,50.0,0,1,0,0,0,0,0,1,0,0,1,0,0,0,0,0
73.0,50.0,0,0,0,0,0,0,1,0,0,0,0,1,0,0,0,0
27.0,0.0,0,1,0,0,0,1,0,0,0,0,0,0,1,0,0,0
10.0,0.0,0,0,0,0,0,0,0,0,0,1,0,0,0,0,0,0
29.0,0.0,0,0,0,1,0,0,0,0,0,0,0,0,0,1,0,0
81.0,0.0,0,1,1,0,0,0,0,0,0,1,0,0,0,0,0,0
78.0,0.0,0,0,1,0,0,0,0,0,0,1,0,0,0,0,0,0
50.0,60.0,0,1,0,0,0,0,1,0,0,0,0,0,1,0,0,0
19.0,60.0,0,1,0,1,0,0,0,0,0,1,0,0,0,0,0,0
17.0,60.0,0,0,0,1,0,0,0,0,0,1,0,0,0,0,0,0
76.0,0.0,0,1,0,0,0,0,1,0,0,1,0,0,0,0,0,0
38.0,45.0,0,1,0,0,0,0,1,0,0,0,0,0,0,1,0,0
41.0,45.0,0,0,0,0,0,0,1,0,1,0,0,0,0,1,0,0
71.0,0.0,0,1,0,0,1,0,0,0,0,1,0,0,0,0,0,0
65.0,0.0,0,1,1,0,0,0,0,0,0,1,0,0,0,0,0,0
68.0,10.0,0,1,1,0,0,0,0,0,0,0,0,0,1,0,0,0
89.0,10.0,0,1,1,0,0,0,0,0,0,1,0,0,0,0,0,0
48.0,39.0,0,0,0,0,0,0,1,0,0,0,0,0,0,1,0,0
46.0,39.0,0,1,0,0,0,0,1,0,0,0,0,0,0,1,0,0
15.0,39.0,0,0,0,1,0,0,0,0,0,1,0,0,0,0,0,0
12.0,39.0,0,1,0,1,0,0,0,0,0,1,0,0,0,0,0,0
72.0,0.0,0,1,1,0,0,0,0,0,0,1,0,0,0,0,0,0
59.0,25.0,0,0,0,0,0,0,0,0,0,0,0,0,1,0,0,0
50.0,25.0,0,1,0,0,0,0,0,0,0,1,0,0,0,0,0,0
66.0,0.0,0,1,0,0,0,0,1,0,0,1,0,0,0,0,0,0
67.0,0.0,0,0,0,0,0,0,1,0,0,1,0,0,0,0,0,0
26.0,0.0,0,1,0,0,0,0,1,0,1,0,0,0,0,1,0,0
27.0,40.0,0,0,0,0,1,0,0,0,0,0,0,0,1,0,0,0
27.0,40.0,0,1,0,0,1,0,0,0,0,0,0,0,0,1,0,0
21.0,40.0,0,1,0,0,1,0,0,0,0,1,0,0,0,0,0,0
74.0,0.0,0,0,0,0,1,0,0,0,0,1,0,0,0,0,0,0
83.0,0.0,0,1,1,0,0,0,0,0,0,1,0,0,0,0,0,0
37.0,48.0,0,0,0,0,0,0,1,0,0,0,0,0,1,0,0,0
50.0,48.0,0,0,0,0,0,1,0,0,0,0,0,0,1,0,0,0
35.0,24.0,1,1,0,0,0,1,0,0,0,0,0,0,0,1,0,0
10.0,24.0,1,0,0,0,0,0,0,0,0,1,0,0,0,0,0,0
8.0,24.0,1,0,0,0,0,0,0,0,0,0,1,0,0,0,0,0
15.0,24.0,1,0,0,1,0,0,0,0,0,1,0,0,0,0,0,0
74.0,0.0,0,1,1,0,0,0,0,0,0,1,0,0,0,0,0,0
68.0,0.0,0,0,1,0,0,0,0,0,0,1,0,0,0,0,0,0
49.0,40.0,1,0,0,0,0,0,1,0,0,0,0,0,0,1,0,0
41.0,48.0,0,0,0,0,1,0,0,0,0,0,0,0,1,0,0,0
14.0,48.0,0,1,0,1,0,0,0,0,0,1,0,0,0,0,0,0
5.0,48.0,0,1,0,0,0,0,0,1,0,0,1,0,0,0,0,0
63.0,40.0,1,0,1,0,0,0,0,0,0,0,0,0,1,0,0,0
49.0,40.0,1,1,0,1,0,0,0,0,0,0,0,0,0,1,0,0
28.0,40.0,1,0,0,0,0,1,0,0,0,0,0,0,1,0,0,0
10.0,40.0,1,1,0,0,0,0,0,0,0,1,0,0,0,0,0,0
4.0,40.0,1,1,0,0,0,0,0,1,0,0,1,0,0,0,0,0
28.0,40.0,1,1,0,0,1,0,0,0,0,0,0,0,0,1,0,0
17.0,0.0,1,0,0,1,0,0,0,0,0,1,0,0,0,0,0,0
52.0,0.0,0,1,0,0,0,1,0,0,0,1,0,0,0,0,0,0
58.0,0.0,0,0,1,0,0,0,0,0,0,1,0,0,0,0,0,0
48.0,8.0,1,0,0,0,1,0,0,0,0,0,0,0,1,0,0,0
6.0,0.0,1,0,0,0,0,0,0,0,0,0,1,0,0,0,0,0
2.0,0.0,1,0,0,0,0,0,0,1,0,0,1,0,0,0,0,0
59.0,30.0,0,1,0,1,0,0,0,0,0,0,0,0,0,1,0,0
26.0,30.0,0,0,0,1,0,0,0,0,0,0,0,0,0,1,0,0
24.0,30.0,0,0,0,0,1,0,0,0,0,0,0,0,0,1,0,0
78.0,84.0,0,0,0,1,0,0,0,0,0,0,0,0,1,0,0,0
46.0,50.0,0,0,0,0,0,1,0,0,0,0,0,0,0,1,0,0
46.0,50.0,0,1,0,0,0,0,1,0,0,0,0,0,0,1,0,0
45.0,24.0,0,0,0,0,1,0,0,0,0,0,0,0,0,1,0,0
44.0,24.0,0,1,0,0,0,0,1,0,0,0,0,0,0,1,0,0
8.0,24.0,0,0,0,0,0,0,0,0,0,0,1,0,0,0,0,0
4.0,24.0,0,1,0,0,0,0,0,1,0,0,1,0,0,0,0,0
42.0,0.0,1,1,1,0,0,0,0,0,0,1,0,0,0,0,0,0
46.0,0.0,1,0,1,0,0,0,0,0,0,0,0,0,0,1,0,0
65.0,30.0,0,0,1,0,0,0,0,0,0,0,0,0,1,0,0,0
60.0,30.0,0,1,1,0,0,0,0,0,0,1,0,0,0,0,0,0
19.0,30.0,0,0,0,1,0,0,0,0,0,1,0,0,0,0,0,0
37.0,40.0,0,1,0,0,0,0,1,0,0,0,0,0,0,1,0,0
10.0,40.0,0,0,0,0,0,0,0,0,0,1,0,0,0,0,0,0
3.0,40.0,0,0,0,0,0,0,0,1,0,0,1,0,0,0,0,0
64.0,42.0,0,0,0,0,1,0,0,0,0,0,0,0,1,0,0,0
74.0,0.0,0,0,1,0,0,0,0,0,1,0,0,0,1,0,0,0
65.0,44.0,0,0,0,1,0,0,0,0,0,0,0,0,0,1,0,0
61.0,44.0,0,1,0,1,0,0,0,0,0,0,0,0,0,1,0,0
28.0,41.0,0,1,0,0,0,1,0,0,0,0,0,0,0,1,0,0
28.0,28.0,0,0,0,0,0,1,0,0,0,0,0,0,0,1,0,0
26.0,28.0,0,1,0,0,0,1,0,0,0,0,0,0,0,1,0,0
25.0,0.0,0,0,1,0,0,0,0,0,0,0,0,0,0,1,0,0
65.0,0.0,0,1,1,0,0,0,0,0,0,1,0,0,0,0,0,0
39.0,0.0,0,0,0,1,0,0,0,0,0,0,0,0,0,1,0,0
32.0,0.0,0,1,1,0,0,0,0,0,0,1,0,0,0,0,0,0
9.0,40.0,0,1,0,0,0,0,0,0,0,0,1,0,0,0,0,0
50.0,40.0,0,1,0,0,0,0,1,0,0,0,0,0,0,1,0,0
21.0,40.0,0,1,0,0,0,1,0,0,0,0,0,0,0,1,0,0
99.0,84.0,0,1,0,1,0,0,0,0,0,0,0,0,1,0,0,0
23.0,15.0,0,1,0,0,0,1,0,0,0,0,0,0,0,1,0,0
82.0,0.0,0,0,0,0,0,0,1,0,0,1,0,0,0,0,0,0
78.0,0.0,0,1,0,0,0,0,1,0,0,0,0,0,1,0,0,0
72.0,9.0,0,1,0,0,0,0,1,0,0,0,0,0,1,0,0,0
78.0,0.0,0,0,0,0,0,0,1,0,0,1,0,0,0,0,0,0
21.0,45.0,1,0,0,0,1,0,0,0,1,0,0,0,0,1,0,0
73.0,2.0,0,0,0,0,0,1,0,0,0,0,0,0,1,0,0,0
48.0,45.0,1,0,0,0,1,0,0,0,0,0,0,0,0,1,0,0
45.0,45.0,1,1,0,0,1,0,0,0,0,0,0,0,1,0,0,0
25.0,45.0,1,0,0,0,1,0,0,0,0,0,0,0,0,1,0,0
75.0,30.0,0,1,0,0,0,0,1,0,0,0,0,0,0,1,0,0
75.0,30.0,0,1,0,0,0,0,1,0,0,0,0,0,0,1,0,0
68.0,50.0,0,0,0,0,0,0,0,0,0,0,0,0,1,0,0,0
70.0,50.0,0,1,1,0,0,0,0,0,0,1,0,0,0,0,0,0
60.0,40.0,0,0,0,1,0,0,0,0,0,0,0,0,0,1,0,0
18.0,40.0,0,0,0,1,0,0,0,0,0,1,0,0,0,0,0,0
12.0,40.0,0,0,0,1,0,0,0,0,0,1,0,0,0,0,0,0
64.0,38.0,0,0,0,0,0,0,1,0,0,0,0,0,0,1,0,0
57.0,38.0,0,1,0,0,0,0,1,0,0,0,0,0,0,1,0,0
22.0,38.0,0,1,0,0,0,0,1,0,1,0,0,0,0,1,0,0
53.0,40.0,0,1,1,0,0,0,0,0,0,0,0,0,0,1,0,0
62.0,24.0,0,1,0,1,0,0,0,0,0,0,0,0,0,1,0,0
68.0,40.0,0,0,0,0,1,0,0,0,0,0,0,0,1,0,0,0
5.0,0.0,1,0,0,0,0,0,0,1,0,0,1,0,0,0,0,0
60.0,0.0,1,0,0,0,0,0,1,0,0,1,0,0,0,0,0,0
35.0,48.0,1,1,0,1,0,0,0,0,0,0,0,0,0,1,0,0
15.0,48.0,1,0,0,1,0,0,0,0,0,1,0,0,0,0,0,0
12.0,48.0,1,1,0,1,0,0,0,0,0,1,0,0,0,0,0,0
75.0,0.0,0,0,0,0,0,0,0,0,0,1,0,0,0,0,0,0
75.0,0.0,0,0,0,0,0,0,0,0,0,1,0,0,0,0,0,0
71.0,0.0,0,1,1,0,0,0,0,0,0,1,0,0,0,0,0,0
10.0,0.0,1,1,0,0,0,0,0,0,0,1,0,0,0,0,0,0
9.0,0.0,1,0,0,0,0,0,0,0,0,0,1,0,0,0,0,0
59.0,36.0,1,0,0,1,0,0,0,0,0,0,0,0,1,0,0,0
56.0,36.0,1,1,0,1,0,0,0,0,0,1,0,0,0,0,0,0
31.0,0.0,0,1,0,0,1,0,0,0,0,0,0,0,0,1,0,0
35.0,0.0,0,0,0,0,1,0,0,0,0,0,0,0,0,1,0,0
92.0,0.0,0,0,0,0,1,0,0,0,0,1,0,0,0,0,0,0
91.0,0.0,0,1,0,0,0,0,1,0,0,1,0,0,0,0,0,0
18.0,72.0,1,0,0,1,0,0,0,0,0,1,0,0,0,0,0,0
16.0,72.0,1,1,0,1,0,0,0,0,0,0,0,0,1,0,0,0
17.0,72.0,1,1,0,1,0,0,0,0,0,1,0,0,0,0,0,0
15.0,72.0,1,0,0,1,0,0,0,0,0,1,0,0,0,0,0,0
28.0,0.0,1,1,0,0,1,0,0,0,0,0,0,0,0,1,0,0
47.0,0.0,0,1,0,0,0,0,0,0,0,0,0,0,0,1,0,0
25.0,0.0,0,0,0,0,0,0,0,0,0,1,0,0,0,0,0,0
19.0,0.0,0,0,0,0,0,0,0,0,0,0,0,0,0,1,0,0
38.0,16.0,1,1,0,1,0,0,0,0,0,0,0,0,0,1,0,0
14.0,16.0,1,0,0,1,0,0,0,0,0,1,0,0,0,0,0,0
42.0,72.0,1,0,0,0,1,0,0,0,0,0,0,0,1,0,0,0
49.0,40.0,0,0,0,0,0,0,1,0,0,0,0,0,0,1,0,0
40.0,40.0,0,1,0,0,1,0,0,0,0,0,0,0,1,0,0,0
16.0,40.0,0,1,0,1,0,0,0,0,0,1,0,0,0,0,0,0
11.0,40.0,0,1,0,0,0,0,0,0,0,1,0,0,0,0,0,0
7.0,40.0,0,0,0,0,0,0,0,0,0,0,1,0,0,0,0,0
23.0,44.0,0,0,0,0,0,1,0,0,0,1,0,0,0,0,0,0
17.0,44.0,0,0,0,0,0,0,0,0,0,1,0,0,0,0,0,0
51.0,51.0,1,0,0,0,0,0,1,0,0,0,0,0,1,0,0,0
38.0,51.0,1,1,0,0,0,0,1,0,0,1,0,0,0,0,0,0
14.0,51.0,1,0,0,1,0,0,0,0,0,1,0,0,0,0,0,0
1.0,51.0,1,1,0,0,0,0,0,1,0,0,1,0,0,0,0,0
47.0,0.0,0,1,0,0,0,1,0,0,0,0,0,0,0,1,0,0
72.0,0.0,0,1,0,0,1,0,0,0,0,1,0,0,0,0,0,0
14.0,0.0,0,1,0,1,0,0,0,0,0,1,0,0,0,0,0,0
66.0,20.0,0,1,0,0,1,0,0,0,0,0,0,0,1,0,0,0
55.0,44.0,0,0,0,0,0,0,1,0,0,0,0,0,0,1,0,0
53.0,44.0,0,1,0,0,0,0,1,0,0,1,0,0,0,0,0,0
19.0,50.0,0,1,0,1,0,0,0,0,0,1,0,0,0,0,0,0
59.0,3.0,1,1,0,0,1,0,0,0,0,0,0,0,0,1,0,0
59.0,40.0,0,0,0,1,0,0,0,0,0,0,0,0,0,1,0,0
58.0,40.0,0,1,0,1,0,0,0,0,0,0,0,0,1,0,0,0
22.0,50.0,0,0,0,1,0,0,0,0,0,0,0,0,0,1,0,0
51.0,0.0,1,0,0,0,1,0,0,0,0,1,0,0,0,0,0,0
70.0,0.0,0,1,0,0,0,0,1,0,0,1,0,0,0,0,0,0
29.0,8.0,0,1,0,0,0,1,0,0,0,0,0,0,1,0,0,0
3.0,8.0,0,1,0,0,0,0,0,1,0,0,1,0,0,0,0,0
8.0,36.0,1,1,0,0,0,0,0,0,0,0,1,0,0,0,0,0
6.0,36.0,1,1,0,0,0,0,0,0,0,0,1,0,0,0,0,0
3.0,36.0,1,1,0,0,0,0,0,1,0,0,1,0,0,0,0,0
35.0,40.0,0,0,0,0,1,0,0,0,0,0,0,0,0,1,0,0
33.0,40.0,0,1,0,0,1,0,0,0,0,0,0,0,0,1,0,0
56.0,0.0,1,1,0,0,1,0,0,0,0,1,0,0,0,0,0,0
18.0,0.0,1,1,0,0,1,0,0,0,0,1,0,0,0,0,0,0
74.0,48.0,0,0,0,1,0,0,0,0,0,0,0,0,0,1,0,0
33.0,36.0,1,0,0,1,0,0,0,0,0,0,0,0,0,1,0,0
32.0,36.0,1,1,1,0,0,0,0,0,0,0,0,0,0,1,0,0
16.0,36.0,1,1,0,1,0,0,0,0,0,1,0,0,0,0,0,0
14.0,36.0,1,1,0,1,0,0,0,0,0,1,0,0,0,0,0,0
10.0,36.0,1,1,0,0,0,0,0,0,0,1,0,0,0,0,0,0
66.0,40.0,0,0,0,0,1,0,0,0,0,0,0,0,0,1,0,0
54.0,40.0,0,1,0,0,0,0,1,0,1,0,0,0,0,0,0,0
71.0,0.0,0,1,0,0,0,0,1,0,0,1,0,0,0,0,0,0
9.0,42.0,0,0,0,0,0,0,0,0,0,0,1,0,0,0,0,0
39.0,30.0,1,1,0,0,0,1,0,0,0,0,0,0,0,1,0,0
14.0,30.0,1,0,0,1,0,0,0,0,0,1,0,0,0,0,0,0
13.0,30.0,1,0,0,1,0,0,0,0,0,1,0,0,0,0,0,0
65.0,0.0,0,1,0,1,0,0,0,0,0,1,0,0,0,0,0,0
41.0,0.0,0,0,1,0,0,0,0,0,0,1,0,0,0,0,0,0
66.0,0.0,0,1,1,0,0,0,0,0,0,1,0,0,0,0,0,0
69.0,0.0,0,1,1,0,0,0,0,0,0,1,0,0,0,0,0,0
44.0,0.0,0,1,0,0,1,0,0,0,0,0,0,0,0,1,0,0
44.0,0.0,0,0,0,1,0,0,0,0,0,0,0,0,0,1,0,0
7.0,0.0,0,1,0,0,0,0,0,0,0,0,1,0,0,0,0,0
24.0,28.0,0,1,0,0,1,0,0,0,0,0,0,0,0,1,0,0
41.0,52.0,1,0,0,0,1,0,0,0,0,0,0,0,0,1,0,0
40.0,52.0,1,1,0,1,0,0,0,0,0,0,0,0,1,0,0,0
18.0,52.0,1,1,0,0,0,1,0,0,0,1,0,0,0,0,0,0
16.0,52.0,1,0,0,0,0,0,0,0,0,1,0,0,0,0,0,0
13.0,52.0,1,1,0,1,0,0,0,0,0,1,0,0,0,0,0,0
7.0,52.0,1,0,0,0,0,0,0,0,0,0,1,0,0,0,0,0
5.0,52.0,1,0,0,0,0,0,0,1,0,0,1,0,0,0,0,0
78.0,0.0,0,0,0,0,1,0,0,0,0,0,0,0,1,0,0,0
74.0,0.0,0,1,0,1,0,0,0,0,0,0,0,0,1,0,0,0
43.0,27.0,0,0,0,1,0,0,0,0,0,0,0,0,0,1,0,0
43.0,28.0,0,0,0,0,1,0,0,0,0,0,0,0,0,1,0,0
43.0,28.0,0,1,0,0,1,0,0,0,1,0,0,0,0,1,0,0
12.0,28.0,0,0,0,1,0,0,0,0,0,1,0,0,0,0,0,0
37.0,0.0,0,1,0,0,0,1,0,0,1,0,0,0,1,0,0,0
45.0,48.0,0,0,0,1,0,0,0,0,0,0,0,0,0,1,0,0
68.0,0.0,1,0,0,0,0,0,0,0,0,1,0,0,0,0,0,0
68.0,0.0,1,1,0,0,0,0,0,0,0,1,0,0,0,0,0,0
30.0,0.0,1,0,0,1,0,0,0,0,0,0,0,0,0,1,0,0
9.0,42.0,0,0,0,0,0,0,0,0,0,0,1,0,0,0,0,0
45.0,42.0,0,0,0,0,0,0,1,0,0,0,0,0,1,0,0,0
46.0,42.0,0,1,0,0,0,0,1,0,0,0,0,0,1,0,0,0
20.0,42.0,0,1,0,0,0,1,0,0,0,1,0,0,0,0,0,0
16.0,42.0,0,1,0,1,0,0,0,0,0,1,0,0,0,0,0,0
11.0,42.0,0,1,0,1,0,0,0,0,0,1,0,0,0,0,0,0
32.0,36.0,0,0,0,0,0,0,1,0,0,0,0,0,0,1,0,0
31.0,36.0,0,1,0,0,0,0,1,0,0,0,0,0,0,1,0,0
3.0,36.0,0,1,0,0,0,0,0,1,0,0,1,0,0,0,0,0
1.0,36.0,0,1,0,0,0,0,0,1,0,0,1,0,0,0,0,0
76.0,0.0,0,0,0,0,1,0,0,0,0,1,0,0,0,0,0,0
70.0,0.0,0,1,0,0,1,0,0,0,0,1,0,0,0,0,0,0
66.0,0.0,0,1,1,0,0,0,0,0,0,1,0,0,0,0,0,0
73.0,0.0,0,0,1,0,0,0,0,0,0,1,0,0,0,0,0,0
34.0,0.0,0,0,0,0,1,0,0,0,0,0,0,0,0,1,0,0
28.0,0.0,0,0,0,0,1,0,0,0,1,0,0,0,0,1,0,0
30.0,0.0,0,1,0,0,1,0,0,0,0,1,0,0,0,0,0,0
69.0,70.0,0,1,0,0,1,0,0,0,0,0,0,0,1,0,0,0
66.0,0.0,0,0,1,0,0,0,0,0,0,1,0,0,0,0,0,0
38.0,0.0,0,0,0,0,0,1,0,0,0,0,0,0,0,1,0,0
18.0,0.0,0,1,0,0,1,0,0,0,0,1,0,0,0,0,0,0
36.0,62.0,0,1,0,0,1,0,0,0,0,0,0,0,0,1,0,0
40.0,62.0,0,0,0,1,0,0,0,0,0,0,0,0,0,1,0,0
32.0,48.0,0,1,0,0,1,0,0,0,0,0,0,0,0,1,0,0
12.0,48.0,0,1,0,1,0,0,0,0,0,1,0,0,0,0,0,0
7.0,48.0,0,0,0,0,0,0,0,0,0,0,1,0,0,0,0,0
62.0,48.0,0,1,0,1,0,0,0,0,0,1,0,0,0,0,0,0
23.0,0.0,0,0,0,1,0,0,0,0,0,0,0,0,0,1,0,0
16.0,0.0,0,0,0,1,0,0,0,0,0,1,0,0,0,0,0,0
2.0,0.0,0,1,0,0,0,0,0,1,0,0,1,0,0,0,0,0
24.0,28.0,0,0,0,0,1,0,0,0,0,0,0,0,0,1,0,0
67.0,0.0,0,0,1,0,0,0,0,0,0,1,0,0,0,0,0,0
64.0,0.0,0,1,0,0,0,0,1,0,0,0,0,0,0,1,0,0
70.0,0.0,0,1,0,1,0,0,0,0,0,1,0,0,0,0,0,0
47.0,0.0,0,0,1,0,0,0,0,0,0,0,0,0,0,1,0,0
46.0,0.0,0,1,0,1,0,0,0,0,0,1,0,0,0,0,0,0
55.0,0.0,1,0,1,0,0,0,0,0,1,0,0,0,0,0,1,0
46.0,0.0,1,1,0,1,0,0,0,0,0,1,0,0,0,0,0,0
91.0,0.0,0,1,0,0,0,1,0,0,0,1,0,0,0,0,0,0
39.0,18.0,0,1,0,0,0,0,1,0,0,0,0,0,0,1,0,0
3.0,18.0,0,1,0,0,0,0,0,1,0,0,1,0,0,0,0,0
35.0,18.0,0,0,0,0,0,0,1,0,0,0,0,0,0,1,0,0
82.0,0.0,0,1,0,0,0,1,0,0,0,1,0,0,0,0,0,0
72.0,0.0,0,0,0,0,0,0,1,0,0,1,0,0,0,0,0,0
29.0,40.0,0,0,0,0,0,0,1,0,0,0,0,0,0,1,0,0
4.0,0.0,0,1,0,0,0,0,0,1,0,0,1,0,0,0,0,0
56.0,40.0,0,1,0,1,0,0,0,0,0,0,0,0,0,1,0,0
66.0,4.0,1,0,0,1,0,0,0,0,0,0,0,0,1,0,0,0
59.0,4.0,1,1,1,0,0,0,0,0,0,1,0,0,0,0,0,0
19.0,4.0,1,0,0,0,0,1,0,0,0,1,0,0,0,0,0,0
47.0,40.0,0,0,0,1,0,0,0,0,0,0,0,0,0,1,0,0
15.0,0.0,0,1,0,1,0,0,0,0,0,1,0,0,0,0,0,0
13.0,0.0,0,0,0,1,0,0,0,0,0,1,0,0,0,0,0,0
61.0,22.0,0,0,1,0,0,0,0,0,0,0,0,0,0,1,0,0
80.0,0.0,0,1,0,0,0,1,0,0,0,1,0,0,0,0,0,0
52.0,40.0,1,0,1,0,0,0,0,0,0,0,0,0,0,1,0,0
51.0,40.0,1,1,0,0,1,0,0,0,0,1,0,0,0,0,0,0
17.0,40.0,1,0,0,1,0,0,0,0,0,1,0,0,0,0,0,0
78.0,0.0,0,0,0,0,0,0,0,0,0,1,0,0,0,0,0,0
51.0,40.0,0,1,0,0,0,0,1,0,0,0,0,0,1,0,0,0
23.0,40.0,0,1,0,0,0,1,0,0,1,0,0,0,1,0,0,0
50.0,35.0,0,0,0,0,1,0,0,0,0,0,0,0,0,1,0,0
50.0,35.0,0,1,0,0,1,0,0,0,0,0,0,0,0,1,0,0
18.0,35.0,0,1,0,0,1,0,0,0,0,1,0,0,0,0,0,0
71.0,0.0,0,1,0,0,0,0,0,0,0,1,0,0,0,0,0,0
20.0,4.0,1,0,0,0,0,1,0,0,0,1,0,0,0,0,0,0
21.0,4.0,1,1,0,0,1,0,0,0,0,0,0,0,0,1,0,0
41.0,25.0,1,0,0,0,1,0,0,0,0,0,0,0,0,1,0,0
29.0,25.0,1,1,0,1,0,0,0,0,0,1,0,0,0,0,0,0
11.0,25.0,1,0,0,0,0,0,0,0,0,1,0,0,0,0,0,0
9.0,25.0,1,0,0,0,0,0,0,0,0,0,1,0,0,0,0,0
8.0,25.0,1,1,0,0,0,0,0,0,0,0,1,0,0,0,0,0
7.0,25.0,1,0,0,0,0,0,0,0,0,0,1,0,0,0,0,0
53.0,0.0,0,1,0,0,0,0,1,0,0,0,0,0,0,1,0,0
90.0,0.0,0,1,0,0,0,0,1,0,0,1,0,0,0,0,0,0
24.0,0.0,0,1,0,0,0,0,1,0,0,0,0,0,0,1,0,0
36.0,60.0,1,0,0,0,1,0,0,0,0,0,0,0,0,1,0,0
34.0,60.0,1,1,0,0,1,0,0,0,0,0,0,0,0,1,0,0
6.0,60.0,1,0,0,0,0,0,0,0,0,0,1,0,0,0,0,0
12.0,60.0,1,1,0,1,0,0,0,0,0,1,0,0,0,0,0,0
31.0,60.0,1,1,0,0,1,0,0,0,0,1,0,0,0,0,0,0
59.0,45.0,0,1,0,0,1,0,0,0,0,0,0,0,0,1,0,0
54.0,45.0,0,0,0,0,1,0,0,0,0,0,0,0,1,0,0,0
49.0,55.0,0,1,0,1,0,0,0,0,0,0,0,0,0,1,0,0
20.0,55.0,0,1,0,1,0,0,0,0,0,0,0,0,0,1,0,0
21.0,55.0,0,1,0,0,0,1,0,0,0,0,0,0,0,1,0,0
45.0,0.0,1,0,0,1,0,0,0,0,1,0,0,0,1,0,0,0
31.0,24.0,0,0,0,0,0,0,1,0,0,0,0,0,0,1,0,0
23.0,28.0,0,0,0,0,0,1,0,0,0,0,0,0,0,1,0,0
25.0,28.0,0,1,0,0,0,1,0,0,0,0,0,0,0,1,0,0
36.0,52.0,0,1,0,0,1,0,0,0,0,0,0,0,0,1,0,0
18.0,52.0,0,0,0,1,0,0,0,0,0,1,0,0,0,0,0,0
21.0,45.0,0,1,0,0,1,0,0,0,0,0,0,0,0,1,0,0
54.0,45.0,0,0,0,0,0,0,1,0,0,0,0,0,0,1,0,0
54.0,45.0,0,1,0,0,0,0,1,0,0,0,0,0,0,1,0,0
22.0,45.0,0,1,0,0,0,1,0,0,0,0,0,0,1,0,0,0
19.0,45.0,0,1,0,0,0,1,0,0,0,0,0,0,0,1,0,0
14.0,45.0,0,1,0,1,0,0,0,0,0,1,0,0,0,0,0,0
38.0,45.0,0,0,0,0,0,0,1,0,0,0,0,0,0,1,0,0
35.0,45.0,0,1,0,0,0,0,1,0,0,0,0,0,0,1,0,0
2.0,45.0,0,1,0,0,0,0,0,1,0,0,1,0,0,0,0,0
25.0,45.0,0,0,0,1,0,0,0,0,0,0,0,0,0,1,0,0
23.0,45.0,0,1,0,0,0,1,0,0,0,1,0,0,0,0,0,0
59.0,40.0,0,1,0,0,1,0,0,0,0,0,0,0,0,1,0,0
69.0,20.0,0,0,0,1,0,0,0,0,0,0,0,0,0,1,0,0
58.0,30.0,1,1,0,0,0,0,1,0,0,0,0,0,0,1,0,0
71.0,0.0,0,0,1,0,0,0,0,0,0,1,0,0,0,0,0,0
77.0,0.0,0,1,1,0,0,0,0,0,0,1,0,0,0,0,0,0
48.0,0.0,0,0,0,0,1,0,0,0,1,0,0,0,1,0,0,0
44.0,0.0,0,0,0,0,1,0,0,0,0,1,0,0,0,0,0,0
36.0,0.0,0,0,1,0,0,0,0,0,0,1,0,0,0,0,0,0
38.0,6.0,1,0,0,0,1,0,0,0,0,0,0,0,1,0,0,0
34.0,6.0,1,1,0,1,0,0,0,0,0,1,0,0,0,0,0,0
2.0,6.0,1,1,0,0,0,0,0,1,0,0,1,0,0,0,0,0
59.0,0.0,0,1,0,0,0,1,0,0,0,0,0,0,1,0,0,0
29.0,0.0,0,0,0,0,0,0,1,0,0,0,0,0,0,1,0,0
27.0,0.0,0,0,0,0,0,1,0,0,0,1,0,0,0,0,0,0
46.0,0.0,0,1,0,0,0,0,0,0,0,1,0,0,0,0,0,0
53.0,40.0,0,1,0,0,0,0,1,0,0,0,0,0,1,0,0,0
24.0,40.0,0,1,0,0,0,0,1,0,1,0,0,0,0,1,0,0
36.0,45.0,0,0,0,0,0,0,1,0,0,0,0,0,0,1,0,0
90.0,0.0,0,1,0,1,0,0,0,0,0,1,0,0,0,0,0,0
37.0,0.0,0,1,0,0,0,1,0,0,0,0,0,0,0,1,0,0
9.0,0.0,0,0,0,0,0,0,0,0,0,0,1,0,0,0,0,0
7.0,72.0,0,1,0,0,0,0,0,0,0,0,1,0,0,0,0,0
6.0,72.0,0,0,0,0,0,0,0,0,0,0,1,0,0,0,0,0
54.0,18.0,0,1,0,0,1,0,0,0,0,0,0,0,0,1,0,0
25.0,18.0,0,0,0,1,0,0,0,0,0,0,0,0,0,1,0,0
32.0,0.0,1,1,0,1,0,0,0,0,0,1,0,0,0,0,0,0
11.0,0.0,1,0,0,1,0,0,0,0,0,1,0,0,0,0,0,0
9.0,0.0,1,0,0,0,0,0,0,0,0,0,1,0,0,0,0,0
44.0,72.0,0,0,0,0,0,0,1,0,0,0,0,0,0,1,0,0
26.0,72.0,0,1,0,0,0,0,1,0,0,0,0,0,0,1,0,0
1.0,45.0,0,0,0,0,0,0,0,1,0,0,1,0,0,0,0,0
47.0,0.0,0,0,0,0,1,0,0,0,0,1,0,0,0,0,0,0
23.0,30.0,0,0,0,0,1,0,0,0,0,0,0,0,0,1,0,0
58.0,30.0,0,0,0,1,0,0,0,0,0,0,0,0,1,0,0,0
55.0,30.0,0,1,0,1,0,0,0,0,0,0,0,0,1,0,0,0
76.0,0.0,0,0,0,0,1,0,0,0,0,1,0,0,0,0,0,0
75.0,0.0,0,1,1,0,0,0,0,0,0,1,0,0,0,0,0,0
75.0,0.0,0,1,1,0,0,0,0,0,0,1,0,0,0,0,0,0
68.0,20.0,0,1,0,1,0,0,0,0,0,1,0,0,0,0,0,0
59.0,44.0,0,1,1,0,0,0,0,0,0,0,0,0,0,1,0,0
45.0,42.0,0,0,0,0,1,0,0,0,0,0,0,0,0,1,0,0
46.0,42.0,0,1,0,0,0,0,1,0,0,0,0,0,0,1,0,0
19.0,42.0,0,0,0,0,0,1,0,0,0,0,0,0,0,1,0,0
52.0,27.0,0,0,0,1,0,0,0,0,0,0,0,1,0,0,0,0
11.0,27.0,0,0,0,0,0,0,0,0,0,1,0,0,0,0,0,0
11.0,27.0,0,0,0,0,0,0,0,0,0,1,0,0,0,0,0,0
22.0,27.0,0,0,0,0,0,1,0,0,0,1,0,0,0,0,0,0
71.0,0.0,0,1,1,0,0,0,0,0,0,1,0,0,0,0,0,0
78.0,0.0,0,0,0,0,1,0,0,0,0,1,0,0,0,0,0,0
62.0,0.0,0,1,0,0,1,0,0,0,0,0,0,0,0,1,0,0
47.0,50.0,0,0,0,0,0,0,1,0,0,0,0,0,0,1,0,0
46.0,50.0,0,1,0,0,0,0,1,0,0,0,0,0,0,1,0,0
12.0,50.0,0,1,0,1,0,0,0,0,0,1,0,0,0,0,0,0
8.0,50.0,0,1,0,0,0,0,0,0,0,0,1,0,0,0,0,0
40.0,40.0,0,0,0,0,0,0,1,0,0,0,0,0,0,1,0,0
37.0,40.0,0,1,0,0,0,0,1,0,1,0,0,0,0,1,0,0
44.0,44.0,0,0,0,0,0,0,1,0,0,0,0,1,0,0,0,0
38.0,72.0,0,1,0,0,0,0,1,0,0,0,0,0,0,1,0,0
34.0,72.0,0,0,0,0,0,0,1,0,0,0,0,0,0,1,0,0
16.0,6.0,1,0,0,1,0,0,0,0,0,1,0,0,0,0,0,0
48.0,56.0,1,1,1,0,0,0,0,0,0,0,0,0,0,1,0,0
20.0,56.0,1,1,1,0,0,0,0,0,0,1,0,0,0,0,0,0
35.0,0.0,0,0,0,0,0,0,1,0,0,0,0,0,1,0,0,0
69.0,0.0,0,1,0,1,0,0,0,0,0,1,0,0,0,0,0,0
75.0,0.0,1,0,0,1,0,0,0,0,0,1,0,0,0,0,0,0
75.0,0.0,1,0,0,1,0,0,0,0,0,1,0,0,0,0,0,0
38.0,30.0,1,1,0,0,1,0,0,0,1,0,0,0,0,0,0,0
14.0,30.0,1,0,0,1,0,0,0,0,0,1,0,0,0,0,0,0
8.0,30.0,1,0,0,0,0,0,0,0,0,0,1,0,0,0,0,0
56.0,12.0,1,0,0,1,0,0,0,0,0,0,0,0,0,1,0,0
40.0,30.0,1,0,0,0,1,0,0,0,0,0,0,0,0,1,0,0
5.0,0.0,1,1,0,0,0,0,0,0,0,0,1,0,0,0,0,0
3.0,0.0,1,1,0,0,0,0,0,1,0,0,1,0,0,0,0,0
12.0,0.0,1,1,0,1,0,0,0,0,0,1,0,0,0,0,0,0
38.0,0.0,1,0,0,1,0,0,0,0,0,0,0,0,0,1,0,0
65.0,0.0,1,1,1,0,0,0,0,0,0,1,0,0,0,0,0,0
13.0,0.0,1,1,0,1,0,0,0,0,0,1,0,0,0,0,0,0
72.0,0.0,0,0,0,0,0,0,0,1,0,1,0,0,0,0,0,0
37.0,0.0,0,0,0,1,0,0,0,0,0,0,0,0,0,1,0,0
36.0,0.0,0,1,0,0,1,0,0,0,0,0,0,0,0,1,0,0
20.0,0.0,0,0,0,1,0,0,0,0,1,0,0,0,0,1,0,0
7.0,0.0,0,1,0,0,0,0,0,0,0,0,1,0,0,0,0,0
88.0,0.0,0,0,0,0,0,0,1,0,0,1,0,0,0,0,0,0
36.0,0.0,1,0,1,0,0,0,0,0,1,0,0,0,1,0,0,0
44.0,0.0,1,1,1,0,0,0,0,0,0,0,0,0,0,1,0,0
8.0,0.0,1,1,0,0,0,0,0,0,0,0,1,0,0,0,0,0
42.0,40.0,0,1,0,0,0,1,0,0,0,0,0,0,0,1,0,0
50.0,40.0,0,0,0,0,0,0,1,0,0,0,0,1,0,0,0,0
49.0,33.0,0,1,0,0,0,0,1,0,0,0,0,0,0,1,0,0
52.0,40.0,0,0,0,0,0,0,1,0,0,0,0,0,0,1,0,0
24.0,40.0,0,0,0,0,1,0,0,0,0,0,0,0,0,1,0,0
41.0,40.0,0,1,0,0,0,0,1,0,0,0,0,0,0,1,0,0
21.0,12.0,1,0,0,1,0,0,0,0,0,0,0,0,0,1,0,0
19.0,12.0,1,0,0,0,0,0,0,0,0,1,0,0,0,0,0,0
38.0,48.0,0,0,0,0,0,0,1,0,0,0,0,0,0,1,0,0
53.0,0.0,0,1,0,0,0,1,0,0,1,0,0,0,1,0,0,0
26.0,0.0,0,0,0,0,0,1,0,0,0,0,0,0,0,1,0,0
18.0,0.0,0,0,0,0,0,1,0,0,0,1,0,0,0,0,0,0
40.0,48.0,0,1,0,0,1,0,0,0,0,0,0,0,1,0,0,0
45.0,0.0,0,0,0,0,1,0,0,0,0,0,0,0,0,1,0,0
43.0,0.0,0,1,0,0,1,0,0,0,0,0,0,0,0,1,0,0
7.0,0.0,0,1,0,0,0,0,0,0,0,0,1,0,0,0,0,0
17.0,0.0,0,1,0,1,0,0,0,0,0,1,0,0,0,0,0,0
53.0,0.0,0,0,1,0,0,0,0,0,0,0,0,0,0,1,0,0
31.0,40.0,0,0,0,0,0,0,1,0,0,0,0,0,0,1,0,0
41.0,40.0,0,1,0,0,0,0,1,0,0,0,0,0,0,1,0,0
3.0,40.0,0,1,0,0,0,0,0,1,0,0,1,0,0,0,0,0
28.0,32.0,0,1,0,0,1,0,0,0,0,0,0,0,0,1,0,0
39.0,40.0,1,0,0,0,1,0,0,0,0,0,0,0,0,1,0,0
38.0,40.0,1,1,0,0,1,0,0,0,0,1,0,0,0,0,0,0
15.0,40.0,1,1,0,1,0,0,0,0,0,1,0,0,0,0,0,0
13.0,40.0,1,0,0,1,0,0,0,0,0,1,0,0,0,0,0,0
9.0,40.0,1,0,0,0,0,0,0,0,0,0,1,0,0,0,0,0
45.0,0.0,1,1,0,0,1,0,0,0,0,0,0,0,0,1,0,0
23.0,0.0,1,0,0,1,0,0,0,0,0,0,0,0,0,1,0,0
78.0,0.0,0,1,1,0,0,0,0,0,0,1,0,0,0,0,0,0
69.0,0.0,0,0,0,1,0,0,0,0,0,1,0,0,0,0,0,0
69.0,0.0,0,1,0,0,0,0,0,0,0,1,0,0,0,0,0,0
67.0,0.0,0,1,0,0,0,0,1,0,0,1,0,0,0,0,0,0
30.0,0.0,0,0,0,0,1,0,0,0,0,0,0,0,0,1,0,0
22.0,0.0,0,1,0,0,0,1,0,0,0,0,0,0,0,1,0,0
76.0,0.0,0,0,0,0,0,1,0,0,0,1,0,0,0,0,0,0
68.0,0.0,0,0,0,0,0,0,1,0,0,1,0,0,0,0,0,0
25.0,28.0,1,0,0,1,0,0,0,0,0,0,0,0,0,1,0,0
25.0,28.0,1,1,0,1,0,0,0,0,0,1,0,0,0,0,0,0
3.0,28.0,1,1,0,0,0,0,0,1,0,0,1,0,0,0,0,0
33.0,60.0,0,0,0,0,0,0,1,0,0,0,0,1,0,0,0,0
2.0,60.0,0,1,0,0,0,0,0,1,0,0,1,0,0,0,0,0
30.0,60.0,0,1,0,0,0,0,1,0,0,0,0,1,0,0,0,0
75.0,0.0,0,1,0,0,0,0,0,0,0,1,0,0,0,0,0,0
75.0,0.0,0,1,0,0,0,0,0,0,0,1,0,0,0,0,0,0
24.0,40.0,0,0,0,0,1,0,0,0,0,0,0,0,0,1,0,0
52.0,50.0,0,0,0,1,0,0,0,0,0,0,0,0,0,1,0,0
48.0,50.0,0,1,1,0,0,0,0,0,0,0,0,0,0,1,0,0
12.0,50.0,0,0,0,1,0,0,0,0,0,1,0,0,0,0,0,0
45.0,27.0,0,0,0,0,1,0,0,0,0,0,0,0,0,1,0,0
40.0,27.0,0,1,0,1,0,0,0,0,0,0,0,0,0,1,0,0
20.0,27.0,0,1,0,0,0,1,0,0,0,1,0,0,0,0,0,0
65.0,0.0,0,0,0,0,0,0,1,0,0,1,0,0,0,0,0,0
65.0,0.0,0,1,0,0,0,0,1,0,0,0,0,0,0,1,0,0
19.0,0.0,0,1,0,0,0,1,0,0,0,1,0,0,0,0,0,0
55.0,0.0,0,1,0,0,1,0,0,0,0,1,0,0,0,0,0,0
21.0,0.0,0,1,0,0,0,1,0,0,0,1,0,0,0,0,0,0
36.0,30.0,0,1,0,0,0,1,0,0,0,0,0,0,0,1,0,0
5.0,30.0,0,0,0,0,0,0,0,1,0,0,1,0,0,0,0,0
66.0,0.0,1,1,0,0,0,0,0,0,0,1,0,0,0,0,0,0
75.0,0.0,1,0,0,0,0,0,0,0,0,1,0,0,0,0,0,0
75.0,0.0,1,0,0,0,0,0,0,0,0,1,0,0,0,0,0,0
31.0,0.0,1,1,0,0,0,1,0,0,0,1,0,0,0,0,0,0
53.0,24.0,0,0,0,0,1,0,0,0,0,0,0,0,1,0,0,0
52.0,24.0,0,1,0,0,1,0,0,0,0,1,0,0,0,0,0,0
29.0,24.0,0,0,0,0,0,1,0,0,0,0,0,0,0,1,0,0
16.0,24.0,0,0,0,1,0,0,0,0,0,1,0,0,0,0,0,0
60.0,0.0,0,0,0,0,0,0,1,0,0,0,0,0,0,1,0,0
52.0,62.0,1,1,0,0,1,0,0,0,0,0,0,0,0,1,0,0
26.0,62.0,1,1,0,0,1,0,0,0,0,1,0,0,0,0,0,0
5.0,62.0,1,1,0,0,0,0,0,0,0,0,1,0,0,0,0,0
74.0,0.0,0,0,1,0,0,0,0,0,0,1,0,0,0,0,0,0
86.0,0.0,0,1,1,0,0,0,0,0,0,1,0,0,0,0,0,0
71.0,0.0,0,0,1,0,0,0,0,0,0,1,0,0,0,0,0,0
73.0,0.0,0,1,1,0,0,0,0,0,0,1,0,0,0,0,0,0
27.0,40.0,0,1,0,0,0,0,1,0,0,0,0,0,0,1,0,0
12.0,98.0,1,0,0,1,0,0,0,0,0,1,0,0,0,0,0,0
73.0,35.0,0,0,0,0,0,0,1,0,0,0,0,0,0,1,0,0
46.0,35.0,0,1,0,0,0,0,1,0,0,0,0,0,0,1,0,0
6.0,35.0,0,1,0,0,0,0,0,0,0,0,1,0,0,0,0,0
27.0,45.0,0,1,0,0,0,1,0,0,0,0,0,0,0,1,0,0
70.0,30.0,0,1,0,0,0,0,1,0,0,0,0,0,0,1,0,0
49.0,98.0,1,0,1,0,0,0,0,0,0,0,0,0,1,0,0,0
53.0,98.0,1,1,1,0,0,0,0,0,0,0,0,0,0,1,0,0
17.0,98.0,1,0,0,1,0,0,0,0,0,1,0,0,0,0,0,0
35.0,42.0,0,0,0,0,0,0,1,0,0,0,0,0,1,0,0,0
20.0,72.0,1,1,0,0,0,0,0,0,0,1,0,0,0,0,0,0
17.0,72.0,1,0,0,1,0,0,0,0,0,1,0,0,0,0,0,0
7.0,72.0,1,1,0,0,0,0,0,0,0,0,1,0,0,0,0,0
41.0,48.0,1,0,0,0,1,0,0,0,0,0,0,0,0,1,0,0
17.0,48.0,1,0,0,1,0,0,0,0,0,1,0,0,0,0,0,0
11.0,48.0,1,0,0,0,0,0,0,0,0,1,0,0,0,0,0,0
72.0,0.0,0,1,0,0,0,1,0,0,0,1,0,0,0,0,0,0
68.0,0.0,0,1,1,0,0,0,0,0,0,1,0,0,0,0,0,0
71.0,0.0,0,0,1,0,0,0,0,0,0,1,0,0,0,0,0,0
42.0,72.0,1,0,0,0,1,0,0,0,0,0,0,0,0,1,0,0
40.0,72.0,1,1,0,0,1,0,0,0,0,1,0,0,0,0,0,0
51.0,38.0,0,1,0,0,0,0,1,0,0,0,0,0,0,1,0,0
62.0,20.0,0,1,0,1,0,0,0,0,0,0,0,0,0,1,0,0
40.0,0.0,0,0,0,0,1,0,0,0,0,0,0,0,0,1,0,0
60.0,0.0,0,0,0,0,0,0,1,0,0,1,0,0,0,0,0,0
39.0,40.0,0,0,0,0,0,0,1,0,0,0,0,0,0,1,0,0
37.0,40.0,0,1,0,0,0,0,1,0,0,0,0,0,0,1,0,0
49.0,38.0,0,0,0,0,1,0,0,0,0,0,0,0,0,1,0,0
75.0,0.0,0,1,1,0,0,0,0,0,0,1,0,0,0,0,0,0
75.0,0.0,0,1,1,0,0,0,0,0,0,1,0,0,0,0,0,0
29.0,32.0,0,0,0,0,1,0,0,0,0,0,0,0,1,0,0,0
30.0,32.0,0,1,0,1,0,0,0,0,0,0,0,0,0,1,0,0
7.0,32.0,0,1,0,0,0,0,0,0,0,0,1,0,0,0,0,0
47.0,50.0,1,1,1,0,0,0,0,0,0,0,0,0,1,0,0,0
23.0,50.0,1,1,0,0,1,0,0,0,1,0,0,0,0,0,0,0
20.0,50.0,1,0,0,0,1,0,0,0,0,1,0,0,0,0,0,0
43.0,50.0,1,0,1,0,0,0,0,0,1,0,0,0,1,0,0,0
62.0,12.0,0,0,0,0,0,0,0,0,0,0,0,0,0,1,0,0
31.0,48.0,0,0,0,0,0,0,1,0,0,0,0,0,0,1,0,0
40.0,48.0,0,1,0,1,0,0,0,0,0,0,0,0,0,1,0,0
45.0,63.0,1,1,1,0,0,0,0,0,0,0,0,0,1,0,0,0
41.0,63.0,1,1,1,0,0,0,0,0,0,1,0,0,0,0,0,0
21.0,63.0,1,1,0,0,0,1,0,0,0,1,0,0,0,0,0,0
14.0,63.0,1,1,0,1,0,0,0,0,0,1,0,0,0,0,0,0
21.0,38.0,0,0,0,0,0,1,0,0,0,1,0,0,0,0,0,0
22.0,0.0,1,0,0,1,0,0,0,0,0,1,0,0,0,0,0,0
17.0,0.0,1,1,0,0,1,0,0,0,0,1,0,0,0,0,0,0
15.0,0.0,1,1,0,1,0,0,0,0,0,1,0,0,0,0,0,0
14.0,0.0,1,1,0,1,0,0,0,0,0,1,0,0,0,0,0,0
29.0,45.0,1,1,0,1,0,0,0,0,0,1,0,0,0,0,0,0
9.0,45.0,1,0,0,0,0,0,0,0,0,0,1,0,0,0,0,0
8.0,45.0,1,0,0,0,0,0,0,0,0,0,1,0,0,0,0,0
5.0,45.0,1,1,0,0,0,0,0,1,0,0,1,0,0,0,0,0
38.0,45.0,1,0,0,0,1,0,0,0,0,0,0,0,0,1,0,0
38.0,0.0,1,1,0,0,1,0,0,0,0,1,0,0,0,0,0,0
50.0,48.0,0,0,0,0,1,0,0,0,0,0,0,0,1,0,0,0
23.0,48.0,0,0,0,0,0,1,0,0,0,1,0,0,0,0,0,0
33.0,0.0,0,1,0,0,0,1,0,0,0,1,0,0,0,0,0,0
34.0,0.0,0,0,0,0,1,0,0,0,0,0,0,0,0,1,0,0
15.0,0.0,0,0,0,1,0,0,0,0,0,1,0,0,0,0,0,0
41.0,40.0,1,0,1,0,0,0,0,0,0,0,0,0,0,1,0,0
36.0,40.0,1,1,0,0,1,0,0,0,0,0,0,0,1,0,0,0
18.0,40.0,1,1,0,1,0,0,0,0,0,1,0,0,0,0,0,0
16.0,40.0,1,1,0,1,0,0,0,0,0,1,0,0,0,0,0,0
13.0,40.0,1,0,0,1,0,0,0,0,0,1,0,0,0,0,0,0
38.0,84.0,0,0,0,0,1,0,0,0,0,0,0,0,0,1,0,0
30.0,48.0,0,0,0,1,0,0,0,0,0,0,0,0,0,1,0,0
14.0,48.0,0,1,0,1,0,0,0,0,0,1,0,0,0,0,0,0
8.0,48.0,0,0,0,0,0,0,0,0,0,0,1,0,0,0,0,0
68.0,48.0,0,1,0,0,0,1,0,0,0,1,0,0,0,0,0,0
40.0,48.0,1,0,0,0,1,0,0,0,0,0,0,0,0,1,0,0
37.0,48.0,1,1,0,0,0,1,0,0,0,1,0,0,0,0,0,0
8.0,48.0,1,0,0,0,0,0,0,0,0,0,1,0,0,0,0,0
60.0,30.0,0,0,1,0,0,0,0,0,0,0,0,0,1,0,0,0
56.0,30.0,0,1,0,1,0,0,0,0,0,0,0,0,0,1,0,0
58.0,105.0,1,1,0,0,0,0,0,0,0,0,0,0,1,0,0,0
15.0,63.0,1,0,0,1,0,0,0,0,0,1,0,0,0,0,0,0
9.0,63.0,1,0,0,0,0,0,0,0,0,0,1,0,0,0,0,0
42.0,63.0,1,0,0,0,1,0,0,0,0,0,0,0,1,0,0,0
14.0,0.0,1,1,0,1,0,0,0,0,0,1,0,0,0,0,0,0
34.0,50.0,1,1,0,1,0,0,0,0,0,0,0,0,0,1,0,0
17.0,50.0,1,0,0,1,0,0,0,0,0,1,0,0,0,0,0,0
15.0,50.0,1,0,0,1,0,0,0,0,0,1,0,0,0,0,0,0
12.0,50.0,1,1,0,1,0,0,0,0,0,1,0,0,0,0,0,0
11.0,50.0,1,1,0,1,0,0,0,0,0,1,0,0,0,0,0,0
6.0,50.0,1,0,0,0,0,0,0,0,0,0,1,0,0,0,0,0
63.0,0.0,0,1,0,1,0,0,0,0,0,1,0,0,0,0,0,0
64.0,0.0,1,1,0,0,0,0,0,0,1,0,0,0,0,1,0,0
31.0,0.0,1,1,0,1,0,0,0,0,1,0,0,0,0,1,0,0
20.0,48.0,0,1,0,0,0,1,0,0,0,1,0,0,0,0,0,0
11.0,48.0,0,1,0,1,0,0,0,0,0,1,0,0,0,0,0,0
76.0,48.0,0,1,1,0,0,0,0,0,0,1,0,0,0,0,0,0
84.0,0.0,1,0,0,0,0,0,1,0,0,1,0,0,0,0,0,0
82.0,0.0,1,1,0,0,1,0,0,0,0,1,0,0,0,0,0,0
48.0,0.0,1,0,0,0,1,0,0,0,1,0,0,0,1,0,0,0
70.0,0.0,0,0,1,0,0,0,0,0,0,1,0,0,0,0,0,0
21.0,0.0,0,1,0,0,0,1,0,0,1,0,0,0,0,1,0,0
60.0,0.0,0,1,0,0,0,1,0,0,0,1,0,0,0,0,0,0
8.0,40.0,0,1,0,0,0,0,0,0,0,0,1,0,0,0,0,0
5.0,40.0,0,1,0,0,0,0,0,1,0,0,1,0,0,0,0,0
40.0,40.0,0,0,0,0,0,0,1,0,0,0,0,0,0,1,0,0
41.0,40.0,0,1,0,0,0,0,1,0,0,0,0,0,0,1,0,0
18.0,84.0,0,0,0,0,1,0,0,0,0,0,0,0,0,1,0,0
68.0,84.0,0,1,1,0,0,0,0,0,0,1,0,0,0,0,0,0
64.0,0.0,1,1,0,0,1,0,0,0,0,1,0,0,0,0,0,0
89.0,0.0,1,1,1,0,0,0,0,0,0,1,0,0,0,0,0,0
32.0,35.0,0,1,0,0,1,0,0,0,0,0,0,0,0,1,0,0
29.0,0.0,0,0,0,0,1,0,0,0,0,0,0,0,0,1,0,0
1.0,0.0,1,1,0,0,0,0,0,1,0,0,1,0,0,0,0,0
24.0,0.0,1,1,0,1,0,0,0,0,1,0,0,0,0,0,0,0
6.0,0.0,1,1,0,0,0,0,0,0,0,0,1,0,0,0,0,0
5.0,0.0,1,1,0,0,0,0,0,1,0,0,1,0,0,0,0,0
70.0,40.0,0,0,0,0,1,0,0,0,0,0,0,0,0,1,0,0
60.0,40.0,0,1,0,0,0,0,1,0,0,0,0,0,0,1,0,0
31.0,40.0,0,1,0,0,0,0,1,0,0,0,0,0,0,1,0,0
27.0,40.0,0,0,0,0,0,1,0,0,0,0,0,0,0,1,0,0
21.0,50.0,0,0,0,0,0,1,0,0,0,0,0,0,0,1,0,0
16.0,50.0,0,1,0,1,0,0,0,0,1,0,0,0,0,0,0,0
50.0,20.0,0,1,0,0,0,1,0,0,0,0,0,0,0,1,0,0
20.0,20.0,0,1,0,0,0,1,0,0,0,0,0,0,0,1,0,0
37.0,14.0,0,1,0,0,0,1,0,0,0,0,0,0,1,0,0,0
52.0,50.0,0,0,0,0,0,1,0,0,0,0,0,0,0,1,0,0
51.0,50.0,0,1,0,0,0,0,1,0,0,0,0,0,1,0,0,0
23.0,60.0,0,1,1,0,0,0,0,0,0,1,0,0,0,0,0,0
21.0,60.0,0,0,0,1,0,0,0,0,0,1,0,0,0,0,0,0
31.0,40.0,0,0,0,0,0,0,1,0,0,0,0,0,0,1,0,0
31.0,40.0,0,1,0,0,0,0,1,0,0,0,0,0,0,1,0,0
40.0,70.0,0,0,0,1,0,0,0,0,0,0,0,0,0,1,0,0
50.0,70.0,0,1,0,0,1,0,0,0,1,0,0,0,0,0,0,0
22.0,70.0,0,1,0,0,1,0,0,0,0,0,0,0,0,1,0,0
16.0,70.0,0,1,0,1,0,0,0,0,0,1,0,0,0,0,0,0
31.0,25.0,0,0,0,0,0,0,1,0,0,0,0,0,0,1,0,0
36.0,60.0,0,0,1,0,0,0,0,0,0,0,0,0,1,0,0,0
38.0,36.0,0,0,0,1,0,0,0,0,0,0,0,0,0,1,0,0
38.0,36.0,0,1,0,0,0,1,0,0,0,0,0,0,0,1,0,0
84.0,0.0,0,1,1,0,0,0,0,0,0,1,0,0,0,0,0,0
52.0,0.0,0,0,1,0,0,0,0,0,0,0,0,0,0,1,0,0
28.0,0.0,0,0,0,0,1,0,0,0,0,1,0,0,0,0,0,0
23.0,8.0,0,1,0,1,0,0,0,0,0,1,0,0,0,0,0,0
24.0,8.0,0,0,0,1,0,0,0,0,0,0,0,0,0,1,0,0
6.0,8.0,0,0,0,0,0,0,0,0,0,0,1,0,0,0,0,0
1.0,8.0,0,0,0,0,0,0,0,1,0,0,1,0,0,0,0,0
56.0,8.0,0,0,1,0,0,0,0,0,0,0,0,0,0,1,0,0
58.0,8.0,0,1,0,1,0,0,0,0,0,1,0,0,0,0,0,0
22.0,0.0,1,1,0,0,1,0,0,0,0,1,0,0,0,0,0,0
25.0,0.0,1,0,0,0,1,0,0,0,0,0,0,0,0,1,0,0
3.0,0.0,1,0,0,0,0,0,0,1,0,0,1,0,0,0,0,0
27.0,45.0,0,0,0,0,1,0,0,0,0,0,0,0,0,1,0,0
24.0,45.0,0,1,0,1,0,0,0,0,0,1,0,0,0,0,0,0
45.0,60.0,0,1,0,0,0,1,0,0,0,0,0,0,0,1,0,0
46.0,60.0,0,0,0,0,1,0,0,0,0,0,0,0,0,1,0,0
61.0,60.0,0,1,0,0,1,0,0,0,0,0,0,0,0,1,0,0
42.0,8.0,1,1,0,1,0,0,0,0,0,0,0,0,0,1,0,0
16.0,8.0,1,0,0,1,0,0,0,0,0,1,0,0,0,0,0,0
8.0,8.0,1,0,0,0,0,0,0,0,0,0,1,0,0,0,0,0
12.0,8.0,1,0,0,1,0,0,0,0,0,1,0,0,0,0,0,0
67.0,0.0,0,1,0,1,0,0,0,0,0,1,0,0,0,0,0,0
76.0,0.0,0,0,1,0,0,0,0,0,0,0,0,0,1,0,0,0
42.0,0.0,0,0,1,0,0,0,0,0,0,1,0,0,0,0,0,0
55.0,0.0,0,1,1,0,0,0,0,0,0,1,0,0,0,0,0,0
72.0,0.0,0,0,1,0,0,0,0,0,0,1,0,0,0,0,0,0
20.0,0.0,0,0,0,0,0,1,0,0,0,0,0,0,0,1,0,0
30.0,0.0,0,0,0,1,0,0,0,0,0,0,0,0,0,1,0,0
19.0,36.0,0,1,0,0,0,1,0,0,0,1,0,0,0,0,0,0
13.0,36.0,0,0,0,1,0,0,0,0,0,1,0,0,0,0,0,0
9.0,36.0,0,0,0,0,0,0,0,0,0,0,1,0,0,0,0,0
4.0,36.0,0,0,0,0,0,0,0,1,0,0,1,0,0,0,0,0
45.0,28.0,1,1,0,1,0,0,0,0,0,0,0,0,1,0,0,0
45.0,28.0,1,0,1,0,0,0,0,0,0,0,0,0,0,1,0,0
16.0,28.0,1,0,0,1,0,0,0,0,0,1,0,0,0,0,0,0
8.0,28.0,1,0,0,0,0,0,0,0,0,0,1,0,0,0,0,0
28.0,0.0,0,0,0,0,1,0,0,0,0,0,0,0,0,1,0,0
10.0,0.0,0,0,0,0,0,0,0,0,0,1,0,0,0,0,0,0
47.0,0.0,0,1,0,1,0,0,0,0,0,1,0,0,0,0,0,0
54.0,0.0,0,0,0,0,1,0,0,0,0,0,0,0,1,0,0,0
46.0,45.0,0,1,0,0,1,0,0,0,0,0,0,0,0,1,0,0
11.0,45.0,0,1,0,0,0,0,0,0,0,1,0,0,0,0,0,0
17.0,45.0,0,1,0,1,0,0,0,0,0,1,0,0,0,0,0,0
62.0,50.0,0,0,0,1,0,0,0,0,0,0,0,0,1,0,0,0
80.0,50.0,0,1,1,0,0,0,0,0,0,1,0,0,0,0,0,0
44.0,40.0,1,0,0,0,1,0,0,0,0,0,0,0,1,0,0,0
47.0,40.0,1,1,0,0,1,0,0,0,0,0,0,0,1,0,0,0
10.0,40.0,1,0,0,0,0,0,0,0,0,1,0,0,0,0,0,0
44.0,0.0,0,1,0,0,0,0,1,0,0,0,0,0,0,1,0,0
45.0,0.0,0,0,0,0,1,0,0,0,0,0,0,0,0,1,0,0
7.0,0.0,0,1,0,0,0,0,0,0,0,0,1,0,0,0,0,0
18.0,0.0,1,0,0,1,0,0,0,0,1,0,0,0,0,1,0,0
6.0,0.0,1,0,0,0,0,0,0,0,0,0,1,0,0,0,0,0
67.0,12.0,0,0,0,0,0,1,0,0,0,0,0,0,0,0,1,0
28.0,24.0,0,0,0,0,1,0,0,0,0,0,0,0,0,1,0,0
54.0,0.0,1,0,0,1,0,0,0,0,0,1,0,0,0,0,0,0
39.0,0.0,1,1,0,0,1,0,0,0,1,0,0,0,1,0,0,0
58.0,54.0,0,0,0,0,1,0,0,0,0,0,0,0,1,0,0,0
9.0,54.0,0,1,0,0,0,0,0,0,0,0,1,0,0,0,0,0
7.0,54.0,0,0,0,0,0,0,0,0,0,0,1,0,0,0,0,0
79.0,0.0,0,0,0,1,0,0,0,0,0,1,0,0,0,0,0,0
74.0,0.0,0,1,1,0,0,0,0,0,0,1,0,0,0,0,0,0
31.0,40.0,0,0,0,0,1,0,0,0,0,0,0,0,1,0,0,0
28.0,40.0,0,1,0,0,1,0,0,0,1,0,0,0,0,1,0,0
23.0,0.0,0,0,0,0,0,0,0,0,0,1,0,0,0,0,0,0
80.0,0.0,0,1,0,0,0,0,1,0,0,1,0,0,0,0,0,0
72.0,0.0,0,1,0,0,0,0,1,0,0,1,0,0,0,0,0,0
75.0,0.0,0,0,0,0,0,0,1,0,0,1,0,0,0,0,0,0
75.0,0.0,0,0,0,0,0,0,1,0,0,1,0,0,0,0,0,0
74.0,0.0,0,0,0,0,0,0,1,0,0,1,0,0,0,0,0,0
59.0,23.0,0,1,0,0,0,0,1,0,0,0,0,0,0,1,0,0
62.0,50.0,0,1,0,0,0,0,1,0,0,1,0,0,0,0,0,0
6.0,0.0,1,0,0,0,0,0,0,0,0,0,1,0,0,0,0,0
49.0,0.0,0,1,0,0,1,0,0,0,1,0,0,0,1,0,0,0
61.0,40.0,1,1,1,0,0,0,0,0,0,0,0,0,1,0,0,0
17.0,40.0,1,1,0,1,0,0,0,0,0,1,0,0,0,0,0,0
100.0,0.0,0,1,0,0,0,0,1,0,0,1,0,0,0,0,0,0
41.0,0.0,1,1,0,0,0,1,0,0,0,1,0,0,0,0,0,0
17.0,0.0,1,0,0,1,0,0,0,0,1,0,0,0,0,0,0,0
8.0,0.0,1,1,0,0,0,0,0,0,0,0,1,0,0,0,0,0
48.0,32.0,0,1,0,0,0,0,1,0,0,0,0,0,0,1,0,0
57.0,32.0,0,0,0,0,0,0,1,0,0,0,0,0,0,1,0,0
32.0,63.0,0,1,0,0,0,1,0,0,0,0,0,0,0,1,0,0
49.0,0.0,0,0,0,0,0,0,1,0,0,1,0,0,0,0,0,0
52.0,20.0,0,0,0,0,0,0,1,0,0,0,0,0,0,1,0,0
45.0,20.0,0,1,0,0,0,0,1,0,0,0,0,0,0,1,0,0
20.0,20.0,0,0,0,0,0,1,0,0,0,1,0,0,0,0,0,0
17.0,20.0,0,1,0,1,0,0,0,0,0,1,0,0,0,0,0,0
51.0,40.0,0,1,0,0,0,0,1,0,0,0,0,0,0,1,0,0
55.0,40.0,0,0,0,0,0,0,1,0,0,0,0,0,0,1,0,0
68.0,0.0,0,1,0,0,0,1,0,0,0,1,0,0,0,0,0,0
20.0,0.0,0,1,0,0,0,1,0,0,0,0,0,0,1,0,0,0
24.0,0.0,0,0,0,0,0,1,0,0,0,0,0,0,0,1,0,0
49.0,60.0,0,0,0,1,0,0,0,0,0,0,0,0,0,1,0,0
49.0,60.0,0,1,0,1,0,0,0,0,0,0,0,0,0,1,0,0
27.0,60.0,0,1,0,1,0,0,0,0,0,0,0,0,0,1,0,0
5.0,60.0,0,0,0,0,0,0,0,1,0,0,1,0,0,0,0,0
58.0,0.0,0,1,0,1,0,0,0,0,0,0,0,0,0,1,0,0
31.0,0.0,0,0,0,1,0,0,0,0,0,0,0,0,0,1,0,0
18.0,0.0,1,0,0,0,0,0,0,0,0,1,0,0,0,0,0,0
17.0,0.0,1,0,0,0,0,0,0,0,0,1,0,0,0,0,0,0
52.0,0.0,1,1,0,1,0,0,0,0,0,1,0,0,0,0,0,0
61.0,0.0,1,0,0,0,1,0,0,0,0,1,0,0,0,0,0,0
17.0,0.0,0,1,0,1,0,0,0,0,0,1,0,0,0,0,0,0
14.0,0.0,0,0,0,1,0,0,0,0,0,1,0,0,0,0,0,0
41.0,0.0,0,1,0,0,1,0,0,0,0,1,0,0,0,0,0,0
41.0,0.0,0,0,1,0,0,0,0,0,0,0,0,0,0,1,0,0
34.0,63.0,0,0,0,0,1,0,0,0,1,0,0,0,0,1,0,0
13.0,63.0,0,1,0,1,0,0,0,0,0,1,0,0,0,0,0,0
50.0,4.0,1,1,1,0,0,0,0,0,0,0,0,0,1,0,0,0
51.0,4.0,1,0,0,1,0,0,0,0,0,0,0,0,0,1,0,0
27.0,4.0,1,1,0,0,0,1,0,0,0,1,0,0,0,0,0,0
24.0,4.0,1,1,0,0,0,0,0,0,0,1,0,0,0,0,0,0
77.0,0.0,0,1,1,0,0,0,0,0,0,1,0,0,0,0,0,0
75.0,0.0,0,0,1,0,0,0,0,0,0,1,0,0,0,0,0,0
75.0,0.0,0,0,1,0,0,0,0,0,0,1,0,0,0,0,0,0
75.0,0.0,1,0,1,0,0,0,0,0,0,1,0,0,0,0,0,0
75.0,0.0,1,0,1,0,0,0,0,0,0,1,0,0,0,0,0,0
70.0,0.0,1,1,1,0,0,0,0,0,0,1,0,0,0,0,0,0
41.0,40.0,0,0,0,0,1,0,0,0,0,0,0,0,0,1,0,0
43.0,45.0,0,1,0,0,1,0,0,0,0,0,0,0,0,1,0,0
46.0,45.0,0,0,0,0,1,0,0,0,0,0,0,0,0,1,0,0
8.0,84.0,0,1,0,0,0,0,0,0,0,0,1,0,0,0,0,0
34.0,40.0,1,0,0,0,1,0,0,0,0,0,0,0,0,1,0,0
33.0,40.0,1,1,0,0,1,0,0,0,0,1,0,0,0,0,0,0
15.0,40.0,1,0,0,1,0,0,0,0,0,1,0,0,0,0,0,0
10.0,40.0,1,1,0,0,0,0,0,0,0,1,0,0,0,0,0,0
8.0,40.0,1,1,0,0,0,0,0,0,0,0,1,0,0,0,0,0
22.0,40.0,0,0,0,0,0,1,0,0,0,1,0,0,0,0,0,0
37.0,84.0,0,0,0,0,1,0,0,0,0,0,0,0,0,1,0,0
35.0,84.0,0,1,0,0,0,1,0,0,0,1,0,0,0,0,0,0
16.0,84.0,0,1,0,1,0,0,0,0,0,1,0,0,0,0,0,0
10.0,84.0,0,1,0,0,0,0,0,0,0,1,0,0,0,0,0,0
23.0,0.0,1,1,0,0,1,0,0,0,0,1,0,0,0,0,0,0
1.0,0.0,1,1,0,0,0,0,0,1,0,0,1,0,0,0,0,0
58.0,0.0,1,1,0,1,0,0,0,0,0,1,0,0,0,0,0,0
58.0,0.0,1,0,1,0,0,0,0,0,0,0,0,0,0,1,0,0
28.0,0.0,1,1,0,0,0,0,1,0,0,0,0,0,1,0,0,0
16.0,0.0,1,1,0,1,0,0,0,0,0,1,0,0,0,0,0,0
70.0,0.0,0,0,1,0,0,0,0,0,0,1,0,0,0,0,0,0
62.0,0.0,0,1,0,0,0,1,0,0,0,1,0,0,0,0,0,0
34.0,0.0,0,0,0,0,0,0,1,0,0,0,0,0,0,1,0,0
57.0,16.0,1,1,0,0,1,0,0,0,0,0,0,0,0,1,0,0
52.0,0.0,1,0,0,1,0,0,0,0,0,0,0,0,0,1,0,0
50.0,0.0,0,1,0,0,1,0,0,0,0,0,0,0,0,1,0,0
22.0,0.0,0,1,0,0,0,1,0,0,0,0,0,0,1,0,0,0
15.0,0.0,0,1,0,1,0,0,0,0,0,1,0,0,0,0,0,0
45.0,40.0,0,0,1,0,0,0,0,0,0,0,0,0,0,1,0,0
16.0,0.0,1,0,0,1,0,0,0,0,0,0,0,0,1,0,0,0
16.0,0.0,1,1,0,1,0,0,0,0,0,1,0,0,0,0,0,0
15.0,0.0,1,1,0,1,0,0,0,0,0,1,0,0,0,0,0,0
53.0,48.0,0,0,0,1,0,0,0,0,0,0,0,0,1,0,0,0
56.0,48.0,0,1,0,0,1,0,0,0,0,1,0,0,0,0,0,0
76.0,48.0,0,1,1,0,0,0,0,0,0,1,0,0,0,0,0,0
50.0,40.0,0,0,0,0,0,0,0,0,0,0,0,0,1,0,0,0
30.0,40.0,0,1,0,1,0,0,0,0,0,0,0,0,0,1,0,0
21.0,40.0,0,1,1,0,0,0,0,0,0,0,0,0,0,1,0,0
58.0,46.0,0,0,1,0,0,0,0,0,0,0,0,0,0,1,0,0
51.0,46.0,0,1,1,0,0,0,0,0,0,1,0,0,0,0,0,0
10.0,46.0,0,0,0,0,0,0,0,0,0,1,0,0,0,0,0,0
17.0,27.0,1,0,0,1,0,0,0,0,0,1,0,0,0,0,0,0
16.0,27.0,1,0,0,1,0,0,0,0,0,1,0,0,0,0,0,0
65.0,0.0,0,0,0,0,0,0,1,0,0,1,0,0,0,0,0,0
69.0,0.0,0,1,0,0,1,0,0,0,0,1,0,0,0,0,0,0
37.0,27.0,1,1,0,1,0,0,0,0,0,0,0,0,0,1,0,0
49.0,40.0,0,1,0,0,0,0,1,0,0,0,0,0,0,1,0,0
49.0,40.0,0,0,0,0,0,0,1,0,0,0,0,0,0,1,0,0
6.0,40.0,0,0,0,0,0,0,0,0,0,0,1,0,0,0,0,0
65.0,0.0,0,1,0,0,1,0,0,0,0,1,0,0,0,0,0,0
71.0,0.0,0,0,1,0,0,0,0,0,0,1,0,0,0,0,0,0
25.0,0.0,0,0,0,0,0,1,0,0,0,0,0,0,1,0,0,0
31.0,24.0,0,0,0,0,0,0,1,0,0,0,0,0,0,1,0,0
60.0,0.0,0,0,0,0,0,0,0,0,1,0,0,0,0,1,0,0
56.0,0.0,0,1,1,0,0,0,0,0,0,0,0,0,0,1,0,0
19.0,0.0,0,1,0,0,0,1,0,0,0,1,0,0,0,0,0,0
23.0,16.0,0,1,0,0,0,0,1,0,0,0,0,0,0,1,0,0
85.0,0.0,0,0,1,0,0,0,0,0,0,1,0,0,0,0,0,0
26.0,16.0,0,0,0,0,0,1,0,0,0,0,0,0,1,0,0,0
42.0,0.0,1,0,0,0,1,0,0,0,0,0,0,0,0,1,0,0
48.0,0.0,1,1,0,1,0,0,0,0,0,0,0,0,1,0,0,0
14.0,0.0,1,1,0,1,0,0,0,0,0,1,0,0,0,0,0,0
13.0,0.0,1,1,0,1,0,0,0,0,0,1,0,0,0,0,0,0
79.0,40.0,0,0,0,1,0,0,0,0,0,0,0,0,1,0,0,0
74.0,40.0,0,1,0,1,0,0,0,0,0,1,0,0,0,0,0,0
17.0,0.0,1,1,0,1,0,0,0,0,0,1,0,0,0,0,0,0
16.0,0.0,1,1,0,1,0,0,0,0,0,1,0,0,0,0,0,0
13.0,0.0,1,1,0,0,0,0,0,0,0,1,0,0,0,0,0,0
9.0,0.0,1,1,0,0,0,0,0,0,0,0,1,0,0,0,0,0
5.0,0.0,1,0,0,0,0,0,0,0,0,0,1,0,0,0,0,0
2.0,0.0,1,0,0,0,0,0,0,1,0,0,1,0,0,0,0,0
48.0,49.0,1,1,1,0,0,0,0,0,0,0,0,0,1,0,0,0
15.0,49.0,1,1,0,1,0,0,0,0,0,1,0,0,0,0,0,0
46.0,0.0,1,1,0,0,0,1,0,0,0,1,0,0,0,0,0,0
19.0,0.0,1,0,0,0,1,0,0,0,1,0,0,0,0,1,0,0
46.0,34.0,0,1,0,0,1,0,0,0,0,1,0,0,0,0,0,0
22.0,34.0,0,1,0,0,0,1,0,0,0,1,0,0,0,0,0,0
10.0,34.0,0,1,0,0,0,0,0,0,0,1,0,0,0,0,0,0
48.0,34.0,0,0,0,0,1,0,0,0,0,0,0,0,0,1,0,0
32.0,40.0,0,1,0,0,0,1,0,0,0,0,0,0,0,1,0,0
26.0,38.0,0,1,0,0,0,1,0,0,0,0,0,0,0,1,0,0
21.0,38.0,0,0,0,0,0,1,0,0,0,1,0,0,0,0,0,0
13.0,27.0,1,1,0,1,0,0,0,0,0,1,0,0,0,0,0,0
38.0,55.0,1,0,0,0,0,1,0,0,0,0,0,1,0,0,0,0
38.0,55.0,1,1,0,0,0,0,1,0,0,1,0,0,0,0,0,0
5.0,55.0,1,1,0,0,0,0,0,1,0,0,1,0,0,0,0,0
3.0,55.0,1,1,0,0,0,0,0,1,0,0,1,0,0,0,0,0
7.0,0.0,1,0,0,0,0,0,0,0,0,0,1,0,0,0,0,0
6.0,0.0,1,1,0,0,0,0,0,0,0,0,1,0,0,0,0,0
29.0,0.0,1,1,0,0,1,0,0,0,0,1,0,0,0,0,0,0
28.0,0.0,1,0,0,0,1,0,0,0,0,0,0,0,0,1,0,0
8.0,0.0,1,0,0,0,0,0,0,0,0,0,1,0,0,0,0,0
46.0,40.0,0,1,0,0,1,0,0,0,0,0,0,0,0,1,0,0
30.0,40.0,0,0,0,0,1,0,0,0,0,0,0,0,0,1,0,0
25.0,40.0,0,0,0,0,1,0,0,0,0,0,0,0,0,1,0,0
24.0,40.0,0,0,1,0,0,0,0,0,0,1,0,0,0,0,0,0
23.0,40.0,0,0,0,0,1,0,0,0,0,0,0,0,0,1,0,0
14.0,40.0,0,0,0,0,0,0,0,0,0,1,0,0,0,0,0,0
42.0,49.0,0,1,0,0,0,0,1,0,0,0,0,0,0,1,0,0
9.0,49.0,0,1,0,0,0,0,0,0,0,0,1,0,0,0,0,0
32.0,45.0,0,0,0,0,0,0,1,0,0,0,0,0,0,1,0,0
31.0,45.0,0,1,0,0,0,0,1,0,0,0,0,0,0,1,0,0
22.0,49.0,1,0,0,0,1,0,0,0,0,0,0,0,1,0,0,0
49.0,49.0,0,0,0,0,0,1,0,0,0,0,0,0,0,1,0,0
69.0,0.0,0,1,0,1,0,0,0,0,0,1,0,0,0,0,0,0
66.0,0.0,0,0,0,1,0,0,0,0,0,1,0,0,0,0,0,0
35.0,0.0,0,1,0,0,0,1,0,0,0,0,0,0,0,1,0,0
68.0,0.0,0,1,0,0,0,0,1,0,0,1,0,0,0,0,0,0
23.0,44.0,1,0,0,0,1,0,0,0,0,0,0,0,0,1,0,0
23.0,44.0,1,1,0,0,0,1,0,0,1,0,0,0,0,1,0,0
6.0,44.0,1,1,0,0,0,0,0,0,0,0,1,0,0,0,0,0
43.0,49.0,0,0,0,0,1,0,0,0,0,0,0,0,0,1,0,0
46.0,49.0,0,1,0,0,1,0,0,0,0,1,0,0,0,0,0,0
17.0,49.0,0,0,0,0,0,1,0,0,0,1,0,0,0,0,0,0
13.0,49.0,0,0,0,1,0,0,0,0,0,1,0,0,0,0,0,0
20.0,25.0,1,0,0,1,0,0,0,0,0,0,0,0,1,0,0,0
76.0,0.0,0,1,0,0,1,0,0,0,0,1,0,0,0,0,0,0
33.0,48.0,0,1,0,1,0,0,0,0,0,0,0,0,0,1,0,0
12.0,48.0,0,1,0,1,0,0,0,0,0,1,0,0,0,0,0,0
8.0,48.0,0,1,0,0,0,0,0,0,0,0,1,0,0,0,0,0
70.0,32.0,0,0,0,1,0,0,0,0,0,0,0,0,0,1,0,0
57.0,4.0,1,0,1,0,0,0,0,0,0,0,0,0,1,0,0,0
48.0,60.0,1,1,0,1,0,0,0,0,0,0,0,0,0,1,0,0
24.0,60.0,1,0,0,0,1,0,0,0,0,1,0,0,0,0,0,0
27.0,60.0,1,1,0,0,0,1,0,0,0,1,0,0,0,0,0,0
69.0,0.0,0,0,1,0,0,0,0,0,0,1,0,0,0,0,0,0
70.0,0.0,0,1,1,0,0,0,0,0,0,1,0,0,0,0,0,0
26.0,40.0,0,0,0,1,0,0,0,0,0,0,0,0,1,0,0,0
63.0,40.0,0,1,0,1,0,0,0,0,0,1,0,0,0,0,0,0
73.0,0.0,0,0,0,0,1,0,0,0,0,1,0,0,0,0,0,0
57.0,4.0,1,1,1,0,0,0,0,0,0,0,0,0,0,1,0,0
33.0,44.0,0,0,0,0,0,1,0,0,0,0,0,0,0,1,0,0
25.0,44.0,0,0,0,0,0,1,0,0,1,0,0,0,0,1,0,0
58.0,44.0,0,1,0,0,0,1,0,0,0,0,0,0,0,1,0,0
58.0,30.0,0,1,0,1,0,0,0,0,0,0,0,0,0,1,0,0
29.0,30.0,0,0,0,0,0,1,0,0,0,0,0,0,0,1,0,0
55.0,30.0,0,0,0,0,1,0,0,0,0,0,0,0,1,0,0,0
34.0,50.0,0,1,0,0,0,0,1,0,0,0,0,0,1,0,0,0
34.0,50.0,0,0,0,0,0,0,1,0,0,0,0,0,0,1,0,0
3.0,50.0,0,0,0,0,0,0,0,1,0,0,1,0,0,0,0,0
47.0,40.0,0,1,0,0,0,0,1,0,0,0,0,0,0,1,0,0
11.0,40.0,0,0,0,0,0,0,0,0,0,1,0,0,0,0,0,0
10.0,40.0,0,0,0,0,0,0,0,0,0,1,0,0,0,0,0,0
65.0,0.0,0,0,0,0,1,0,0,0,0,1,0,0,0,0,0,0
58.0,0.0,0,0,0,0,0,0,1,0,0,1,0,0,0,0,0,0
63.0,0.0,0,1,0,0,0,0,1,0,0,1,0,0,0,0,0,0
24.0,0.0,0,1,0,0,0,1,0,0,0,1,0,0,0,0,0,0
26.0,0.0,0,1,0,0,0,1,0,0,0,0,0,0,0,1,0,0
54.0,12.0,0,1,0,0,0,0,1,0,0,0,0,0,0,1,0,0
81.0,0.0,0,1,1,0,0,0,0,0,0,1,0,0,0,0,0,0
60.0,40.0,0,0,0,0,0,0,1,0,0,0,0,0,0,1,0,0
58.0,40.0,0,1,0,0,1,0,0,0,0,0,0,0,1,0,0,0
69.0,0.0,1,1,1,0,0,0,0,0,0,1,0,0,0,0,0,0
63.0,0.0,1,0,0,0,0,0,0,1,0,1,0,0,0,0,0,0
90.0,0.0,0,1,1,0,0,0,0,0,0,1,0,0,0,0,0,0
43.0,54.0,1,0,0,0,1,0,0,0,0,0,0,0,0,1,0,0
31.0,54.0,1,1,0,1,0,0,0,0,0,1,0,0,0,0,0,0
10.0,54.0,1,0,0,0,0,0,0,0,0,1,0,0,0,0,0,0
44.0,0.0,0,1,0,0,0,0,1,0,0,0,0,0,0,1,0,0
9.0,0.0,0,0,0,0,0,0,0,0,0,0,1,0,0,0,0,0
81.0,0.0,0,1,0,0,0,0,0,0,0,1,0,0,0,0,0,0
59.0,0.0,0,0,1,0,0,0,0,0,0,0,0,0,0,1,0,0
55.0,48.0,1,0,0,0,1,0,0,0,0,0,0,0,0,1,0,0
57.0,48.0,1,1,0,0,1,0,0,0,0,1,0,0,0,0,0,0
22.0,48.0,1,0,0,0,0,1,0,0,0,1,0,0,0,0,0,0
16.0,48.0,1,0,0,1,0,0,0,0,0,1,0,0,0,0,0,0
13.0,48.0,1,0,0,0,0,0,0,0,0,1,0,0,0,0,0,0
14.0,48.0,1,1,0,1,0,0,0,0,0,1,0,0,0,0,0,0
24.0,48.0,0,0,0,0,1,0,0,0,0,0,0,0,0,1,0,0
77.0,0.0,0,0,0,0,0,1,0,0,0,1,0,0,0,0,0,0
75.0,0.0,0,1,0,0,0,0,1,0,0,1,0,0,0,0,0,0
75.0,0.0,0,1,0,0,0,0,1,0,0,1,0,0,0,0,0,0
31.0,54.0,0,0,0,0,0,0,1,0,0,0,0,0,1,0,0,0
29.0,54.0,0,0,0,0,0,0,1,0,0,0,0,0,1,0,0,0
77.0,0.0,0,1,0,0,1,0,0,0,0,1,0,0,0,0,0,0
81.0,0.0,0,1,0,0,1,0,0,0,0,1,0,0,0,0,0,0
47.0,0.0,0,0,1,0,0,0,0,0,0,0,0,0,0,1,0,0
55.0,40.0,1,1,0,0,0,0,0,0,0,0,0,0,0,1,0,0
25.0,40.0,1,0,0,0,1,0,0,0,0,0,0,0,0,1,0,0
51.0,45.0,0,1,0,0,1,0,0,0,0,0,0,0,0,1,0,0
27.0,45.0,0,1,0,0,0,1,0,0,0,0,0,0,0,1,0,0
37.0,4.0,1,1,0,1,0,0,0,0,0,0,0,0,0,1,0,0
17.0,4.0,1,1,0,1,0,0,0,0,0,1,0,0,0,0,0,0
12.0,4.0,1,0,0,1,0,0,0,0,0,1,0,0,0,0,0,0
11.0,4.0,1,0,0,0,0,0,0,0,0,1,0,0,0,0,0,0
55.0,46.0,0,0,1,0,0,0,0,0,0,0,0,0,0,1,0,0
49.0,46.0,0,1,0,0,0,1,0,0,0,1,0,0,0,0,0,0
11.0,46.0,0,0,0,0,0,0,0,0,0,1,0,0,0,0,0,0
30.0,52.0,0,0,0,0,0,0,1,0,0,0,0,0,0,1,0,0
53.0,40.0,0,1,0,0,1,0,0,0,0,0,0,0,0,1,0,0
28.0,40.0,0,1,0,0,1,0,0,0,0,0,0,0,0,1,0,0
18.0,40.0,0,0,0,0,1,0,0,0,0,1,0,0,0,0,0,0
54.0,48.0,0,0,0,1,0,0,0,0,0,0,0,0,0,1,0,0
28.0,0.0,1,1,0,0,0,1,0,0,1,0,0,0,0,1,0,0
8.0,0.0,1,1,0,0,0,0,0,0,0,0,1,0,0,0,0,0
30.0,40.0,0,0,0,0,0,1,0,0,0,0,0,0,0,1,0,0
26.0,40.0,1,1,0,1,0,0,0,0,0,0,0,0,0,1,0,0
31.0,40.0,1,0,0,0,1,0,0,0,0,0,0,0,0,1,0,0
6.0,40.0,1,0,0,0,0,0,0,0,0,0,1,0,0,0,0,0
8.0,40.0,1,1,0,0,0,0,0,0,0,0,1,0,0,0,0,0
3.0,40.0,1,0,0,0,0,0,0,1,0,0,1,0,0,0,0,0
26.0,45.0,0,0,0,0,1,0,0,0,0,0,0,0,0,1,0,0
38.0,0.0,0,1,0,0,0,0,1,0,0,1,0,0,0,0,0,0
40.0,0.0,0,0,0,0,0,0,1,0,0,0,0,0,0,1,0,0
9.0,0.0,0,1,0,0,0,0,0,0,0,0,1,0,0,0,0,0
46.0,0.0,0,1,0,0,0,0,1,0,0,0,0,0,0,1,0,0
43.0,0.0,1,0,1,0,0,0,0,0,0,0,0,0,0,1,0,0
15.0,32.0,0,0,0,1,0,0,0,0,0,1,0,0,0,0,0,0
12.0,32.0,0,0,0,1,0,0,0,0,0,1,0,0,0,0,0,0
73.0,36.0,0,1,0,1,0,0,0,0,0,0,0,0,1,0,0,0
45.0,26.0,0,1,0,0,0,0,1,0,0,0,0,0,0,1,0,0
17.0,26.0,0,1,0,1,0,0,0,0,0,1,0,0,0,0,0,0
50.0,32.0,0,1,0,0,0,0,1,0,0,0,0,0,1,0,0,0
29.0,40.0,0,1,0,0,0,1,0,0,1,0,0,0,0,1,0,0
34.0,40.0,1,0,1,0,0,0,0,0,0,0,0,0,0,1,0,0
32.0,40.0,1,1,0,0,1,0,0,0,0,1,0,0,0,0,0,0
13.0,40.0,1,0,0,1,0,0,0,0,0,1,0,0,0,0,0,0
11.0,40.0,1,0,0,1,0,0,0,0,0,1,0,0,0,0,0,0
66.0,18.0,0,1,1,0,0,0,0,0,0,1,0,0,0,0,0,0
35.0,18.0,0,0,0,0,0,1,0,0,0,0,0,0,0,1,0,0
63.0,18.0,0,0,1,0,0,0,0,0,0,0,0,0,1,0,0,0
38.0,21.0,0,1,0,0,1,0,0,0,0,0,0,0,0,1,0,0
12.0,21.0,0,0,0,1,0,0,0,0,0,1,0,0,0,0,0,0
9.0,21.0,0,1,0,0,0,0,0,0,0,0,1,0,0,0,0,0
21.0,20.0,1,0,0,0,0,1,0,0,0,0,0,0,0,1,0,0
32.0,20.0,1,0,0,1,0,0,0,0,0,0,0,0,0,1,0,0
50.0,20.0,1,1,0,0,1,0,0,0,0,0,0,0,0,1,0,0
11.0,20.0,1,0,0,0,0,0,0,0,0,1,0,0,0,0,0,0
18.0,20.0,1,0,0,1,0,0,0,0,0,1,0,0,0,0,0,0
46.0,20.0,1,1,0,0,0,0,1,0,0,0,0,0,0,1,0,0
28.0,45.0,0,1,0,0,0,0,1,0,0,0,0,0,1,0,0,0
85.0,0.0,0,0,0,0,1,0,0,0,0,1,0,0,0,0,0,0
21.0,0.0,0,1,0,0,0,1,0,0,0,1,0,0,0,0,0,0
42.0,32.0,0,0,0,0,1,0,0,0,0,0,0,0,0,1,0,0
39.0,32.0,0,1,0,0,0,0,1,0,0,0,0,0,0,1,0,0
4.0,32.0,0,0,0,0,0,0,0,1,0,0,1,0,0,0,0,0
52.0,62.0,0,0,0,0,1,0,0,0,0,0,0,0,1,0,0,0
50.0,62.0,0,1,0,0,1,0,0,0,0,0,0,0,0,1,0,0
57.0,0.0,0,1,1,0,0,0,0,0,0,1,0,0,0,0,0,0
24.0,9.0,0,1,0,0,1,0,0,0,0,0,0,0,1,0,0,0
28.0,9.0,0,0,0,0,1,0,0,0,0,0,0,0,0,1,0,0
36.0,0.0,0,0,0,0,1,0,0,0,0,0,0,0,0,1,0,0
36.0,0.0,0,1,0,0,1,0,0,0,0,0,0,0,0,1,0,0
7.0,0.0,0,1,0,0,0,0,0,0,0,0,1,0,0,0,0,0
3.0,0.0,0,1,0,0,0,0,0,1,0,0,1,0,0,0,0,0
78.0,0.0,0,1,1,0,0,0,0,0,0,1,0,0,0,0,0,0
75.0,0.0,1,0,0,0,1,0,0,0,0,1,0,0,0,0,0,0
75.0,0.0,1,0,0,0,1,0,0,0,0,1,0,0,0,0,0,0
37.0,74.0,0,1,0,1,0,0,0,0,0,0,0,0,1,0,0,0
14.0,74.0,0,0,0,1,0,0,0,0,0,1,0,0,0,0,0,0
4.0,74.0,0,1,0,0,0,0,0,1,0,0,1,0,0,0,0,0
73.0,0.0,1,1,1,0,0,0,0,0,0,1,0,0,0,0,0,0
35.0,84.0,0,1,0,0,1,0,0,0,0,0,0,0,0,1,0,0
17.0,84.0,0,1,0,1,0,0,0,0,0,0,0,0,0,1,0,0
15.0,84.0,0,0,0,1,0,0,0,0,0,1,0,0,0,0,0,0
6.0,84.0,0,0,0,0,0,0,0,0,0,0,1,0,0,0,0,0
77.0,0.0,0,1,0,0,1,0,0,0,0,1,0,0,0,0,0,0
67.0,48.0,0,0,0,1,0,0,0,0,0,0,0,0,0,1,0,0
31.0,40.0,0,1,0,0,0,1,0,0,0,0,0,0,0,1,0,0
23.0,30.0,0,0,0,0,0,0,1,0,0,0,0,0,0,1,0,0
34.0,30.0,0,1,0,0,0,0,1,0,0,0,0,0,0,1,0,0
39.0,30.0,0,0,0,0,0,0,1,0,0,0,0,0,0,1,0,0
4.0,30.0,0,1,0,0,0,0,0,1,0,0,1,0,0,0,0,0
46.0,50.0,0,1,0,0,0,0,1,0,0,0,0,0,0,1,0,0
14.0,50.0,0,1,0,1,0,0,0,0,0,1,0,0,0,0,0,0
20.0,18.0,0,0,0,0,1,0,0,0,0,0,0,0,0,1,0,0
21.0,18.0,0,1,0,0,1,0,0,0,0,0,0,0,0,1,0,0
63.0,48.0,0,1,1,0,0,0,0,0,0,0,0,0,0,1,0,0
65.0,0.0,0,1,0,1,0,0,0,0,0,1,0,0,0,0,0,0
73.0,0.0,0,0,0,1,0,0,0,0,0,1,0,0,0,0,0,0
41.0,40.0,0,0,0,0,1,0,0,0,0,0,0,0,0,1,0,0
39.0,40.0,0,1,0,0,0,0,1,0,0,0,0,0,0,1,0,0
74.0,0.0,0,1,0,0,1,0,0,0,0,1,0,0,0,0,0,0
81.0,0.0,0,0,1,0,0,0,0,0,0,1,0,0,0,0,0,0
36.0,36.0,1,1,0,0,0,1,0,0,0,0,0,0,0,1,0,0
18.0,36.0,1,0,0,0,1,0,0,0,0,1,0,0,0,0,0,0
12.0,36.0,1,0,0,1,0,0,0,0,0,1,0,0,0,0,0,0
11.0,36.0,1,1,0,0,0,0,0,0,0,1,0,0,0,0,0,0
9.0,36.0,1,1,0,0,0,0,0,0,0,0,1,0,0,0,0,0
7.0,36.0,1,1,0,0,0,0,0,0,0,0,1,0,0,0,0,0
74.0,0.0,0,0,0,0,1,0,0,0,0,1,0,0,0,0,0,0
52.0,0.0,1,0,1,0,0,0,0,0,0,1,0,0,0,0,0,0
82.0,0.0,1,1,0,0,0,0,0,0,0,1,0,0,0,0,0,0
20.0,0.0,1,0,0,1,0,0,0,0,0,0,0,0,0,1,0,0
29.0,72.0,1,0,0,0,1,0,0,0,0,0,0,0,0,1,0,0
31.0,72.0,1,1,0,0,1,0,0,0,0,1,0,0,0,0,0,0
71.0,0.0,0,1,0,0,0,0,1,0,0,1,0,0,0,0,0,0
74.0,0.0,0,0,0,0,0,1,0,0,0,1,0,0,0,0,0,0
39.0,76.0,0,0,0,0,0,1,0,0,0,0,0,0,1,0,0,0
12.0,76.0,0,0,0,1,0,0,0,0,0,1,0,0,0,0,0,0
34.0,40.0,0,1,0,0,0,1,0,0,0,0,0,0,0,1,0,0
37.0,76.0,0,0,0,0,0,0,1,0,0,0,0,0,0,1,0,0
39.0,76.0,0,1,0,0,0,0,1,0,0,0,0,0,0,1,0,0
1.0,76.0,0,0,0,0,0,0,0,1,0,0,1,0,0,0,0,0
60.0,0.0,0,1,1,0,0,0,0,0,0,0,0,0,1,0,0,0
31.0,0.0,0,0,0,0,1,0,0,0,0,0,0,0,0,1,0,0
47.0,0.0,0,1,0,0,0,0,1,0,0,0,0,0,0,1,0,0
24.0,0.0,0,1,0,0,0,1,0,0,0,0,0,0,0,1,0,0
19.0,0.0,0,0,0,0,0,1,0,0,0,1,0,0,0,0,0,0
9.0,0.0,0,0,0,0,0,0,0,0,0,0,1,0,0,0,0,0
82.0,0.0,0,1,0,0,0,0,0,1,0,1,0,0,0,0,0,0
43.0,0.0,0,0,1,0,0,0,0,0,0,0,0,0,0,1,0,0
33.0,90.0,0,0,0,0,1,0,0,0,0,0,0,1,0,0,0,0
70.0,0.0,0,1,0,0,0,0,1,0,0,1,0,0,0,0,0,0
61.0,0.0,0,1,0,0,0,0,1,0,0,1,0,0,0,0,0,0
71.0,0.0,0,0,0,0,0,0,1,0,0,1,0,0,0,0,0,0
42.0,38.0,1,1,0,0,1,0,0,0,0,0,0,0,0,1,0,0
13.0,38.0,1,0,0,1,0,0,0,0,0,1,0,0,0,0,0,0
10.0,38.0,1,1,0,0,0,0,0,0,0,1,0,0,0,0,0,0
64.0,0.0,0,1,0,0,0,0,1,0,0,1,0,0,0,0,0,0
54.0,38.0,1,0,1,0,0,0,0,0,0,0,0,0,0,1,0,0
4.0,72.0,1,1,0,0,0,0,0,1,0,0,1,0,0,0,0,0
2.0,72.0,1,1,0,0,0,0,0,1,0,0,1,0,0,0,0,0
43.0,48.0,0,0,0,0,1,0,0,0,0,0,0,0,0,1,0,0
36.0,48.0,0,1,0,0,1,0,0,0,0,0,0,0,0,1,0,0
51.0,35.0,0,0,0,0,0,0,1,0,0,0,0,0,0,1,0,0
46.0,35.0,0,1,0,0,0,1,0,0,0,0,0,0,0,1,0,0
11.0,35.0,0,0,0,0,0,0,0,0,0,1,0,0,0,0,0,0
8.0,35.0,0,1,0,0,0,0,0,0,0,0,1,0,0,0,0,0
63.0,0.0,0,0,0,0,0,0,1,0,0,1,0,0,0,0,0,0
31.0,40.0,0,0,0,0,0,0,1,0,0,0,0,0,0,1,0,0
86.0,0.0,0,1,1,0,0,0,0,0,0,1,0,0,0,0,0,0
67.0,0.0,0,1,0,0,1,0,0,0,0,1,0,0,0,0,0,0
60.0,0.0,0,1,0,1,0,0,0,0,0,1,0,0,0,0,0,0
25.0,0.0,0,1,0,0,0,1,0,0,0,0,0,0,0,1,0,0
76.0,0.0,0,1,0,0,0,0,1,0,0,1,0,0,0,0,0,0
9.0,13.0,1,1,0,0,0,0,0,0,0,0,1,0,0,0,0,0
42.0,13.0,1,1,0,1,0,0,0,0,0,0,0,0,1,0,0,0
46.0,40.0,0,0,0,0,0,0,1,0,0,0,0,0,0,1,0,0
18.0,40.0,0,0,0,0,0,1,0,0,0,1,0,0,0,0,0,0
38.0,40.0,0,0,0,0,0,0,1,0,0,0,0,0,0,1,0,0
64.0,60.0,0,0,0,0,1,0,0,0,0,0,0,0,1,0,0,0
63.0,40.0,0,1,1,0,0,0,0,0,0,0,0,0,0,1,0,0
61.0,54.0,0,0,0,1,0,0,0,0,0,0,0,0,1,0,0,0
74.0,54.0,0,1,0,0,1,0,0,0,0,1,0,0,0,0,0,0
35.0,54.0,0,0,0,0,1,0,0,0,1,0,0,0,0,1,0,0
8.0,54.0,0,0,0,0,0,0,0,0,0,0,1,0,0,0,0,0
5.0,54.0,0,1,0,0,0,0,0,1,0,0,1,0,0,0,0,0
45.0,58.0,0,0,0,0,0,0,1,0,0,0,0,0,1,0,0,0
43.0,45.0,0,0,0,0,1,0,0,0,0,0,0,0,0,1,0,0
81.0,45.0,0,1,0,0,0,0,1,0,0,1,0,0,0,0,0,0
70.0,0.0,1,0,0,0,0,1,0,0,0,1,0,0,0,0,0,0
66.0,0.0,1,1,0,0,1,0,0,0,0,1,0,0,0,0,0,0
35.0,0.0,1,1,0,0,1,0,0,0,1,0,0,0,0,1,0,0
91.0,0.0,0,1,0,0,0,0,1,0,0,1,0,0,0,0,0,0
44.0,63.0,0,1,0,0,0,1,0,0,0,0,0,0,0,1,0,0
16.0,63.0,0,0,0,1,0,0,0,0,0,1,0,0,0,0,0,0
21.0,0.0,1,1,0,0,0,1,0,0,0,0,0,0,0,1,0,0
14.0,0.0,1,1,0,1,0,0,0,0,0,1,0,0,0,0,0,0
30.0,0.0,1,1,1,0,0,0,0,0,0,0,0,0,0,1,0,0
7.0,0.0,1,1,0,0,0,0,0,0,0,0,1,0,0,0,0,0
3.0,0.0,1,1,0,0,0,0,0,1,0,0,1,0,0,0,0,0
57.0,0.0,1,1,1,0,0,0,0,0,0,1,0,0,0,0,0,0
63.0,13.0,1,0,1,0,0,0,0,0,0,0,0,0,1,0,0,0
18.0,13.0,1,1,0,0,1,0,0,0,0,0,0,0,0,1,0,0
12.0,13.0,1,1,0,1,0,0,0,0,0,1,0,0,0,0,0,0
41.0,16.0,1,1,0,1,0,0,0,0,0,0,0,0,0,1,0,0
16.0,16.0,1,0,0,1,0,0,0,0,0,1,0,0,0,0,0,0
11.0,16.0,1,0,0,1,0,0,0,0,0,1,0,0,0,0,0,0
77.0,0.0,0,0,0,0,0,0,1,0,0,1,0,0,0,0,0,0
72.0,0.0,0,1,1,0,0,0,0,0,0,1,0,0,0,0,0,0
67.0,0.0,0,1,0,0,1,0,0,0,0,1,0,0,0,0,0,0
36.0,24.0,0,1,0,0,0,0,1,0,0,0,0,0,0,1,0,0
47.0,40.0,0,0,0,0,0,1,0,0,0,0,0,0,0,1,0,0
40.0,40.0,0,1,0,0,1,0,0,0,0,0,0,0,0,1,0,0
77.0,0.0,0,1,0,0,0,1,0,0,0,1,0,0,0,0,0,0
76.0,0.0,0,0,0,0,0,0,1,0,0,1,0,0,0,0,0,0
53.0,0.0,0,0,0,1,0,0,0,0,0,0,0,0,0,1,0,0
55.0,0.0,0,1,0,1,0,0,0,0,0,0,0,0,0,1,0,0
54.0,45.0,0,0,0,0,1,0,0,0,0,0,0,0,0,1,0,0
54.0,45.0,0,1,0,0,1,0,0,0,0,1,0,0,0,0,0,0
10.0,45.0,0,0,0,0,0,0,0,0,0,1,0,0,0,0,0,0
26.0,40.0,0,1,0,0,0,0,1,0,0,0,0,0,0,1,0,0
45.0,58.0,0,1,0,0,1,0,0,0,0,0,0,0,0,1,0,0
9.0,58.0,0,0,0,0,0,0,0,0,0,0,1,0,0,0,0,0
6.0,58.0,0,1,0,0,0,0,0,0,0,0,1,0,0,0,0,0
48.0,30.0,0,0,0,0,0,1,0,0,0,0,0,0,1,0,0,0
49.0,30.0,0,1,0,0,0,0,1,0,0,1,0,0,0,0,0,0
17.0,30.0,0,0,0,1,0,0,0,0,0,1,0,0,0,0,0,0
12.0,30.0,0,1,0,0,0,0,0,0,0,1,0,0,0,0,0,0
1.0,0.0,1,1,0,0,0,0,0,1,0,0,1,0,0,0,0,0
44.0,55.0,0,0,0,0,1,0,0,0,0,0,0,0,0,1,0,0
27.0,55.0,0,1,1,0,0,0,0,0,0,1,0,0,0,0,0,0
7.0,55.0,0,0,0,0,0,0,0,0,0,0,1,0,0,0,0,0
44.0,0.0,1,0,0,0,0,1,0,0,0,0,0,0,0,1,0,0
13.0,0.0,1,0,0,1,0,0,0,0,0,1,0,0,0,0,0,0
59.0,6.0,0,1,0,0,0,0,1,0,0,0,0,0,0,1,0,0
54.0,6.0,0,1,0,1,0,0,0,0,0,1,0,0,0,0,0,0
65.0,0.0,1,1,0,0,0,0,0,0,0,1,0,0,0,0,0,0
25.0,0.0,1,1,0,1,0,0,0,0,1,0,0,0,0,1,0,0
9.0,0.0,1,1,0,0,0,0,0,0,0,0,1,0,0,0,0,0
45.0,0.0,1,1,0,1,0,0,0,0,0,0,0,0,1,0,0,0
3.0,0.0,1,1,0,0,0,0,0,1,0,0,1,0,0,0,0,0
72.0,32.0,0,0,0,1,0,0,0,0,0,0,0,0,1,0,0,0
72.0,32.0,0,1,1,0,0,0,0,0,0,1,0,0,0,0,0,0
70.0,32.0,0,1,1,0,0,0,0,0,0,1,0,0,0,0,0,0
50.0,48.0,0,0,0,0,1,0,0,0,0,0,0,0,0,1,0,0
45.0,48.0,0,1,0,0,0,0,1,0,0,0,0,0,0,1,0,0
36.0,45.0,0,1,0,0,0,1,0,0,0,0,0,0,0,1,0,0
53.0,15.0,0,1,1,0,0,0,0,0,0,0,0,0,0,1,0,0
56.0,15.0,0,0,1,0,0,0,0,0,0,0,0,0,0,1,0,0
21.0,15.0,0,0,0,1,0,0,0,0,0,0,0,0,0,1,0,0
30.0,0.0,0,0,0,0,0,1,0,0,0,0,0,0,1,0,0,0
65.0,0.0,0,1,0,0,1,0,0,0,0,1,0,0,0,0,0,0
64.0,15.0,0,1,0,1,0,0,0,0,0,0,0,0,0,1,0,0
66.0,15.0,0,0,0,1,0,0,0,0,0,0,0,0,1,0,0,0
29.0,15.0,0,0,0,1,0,0,0,0,0,0,0,0,0,1,0,0
24.0,15.0,0,1,0,0,0,1,0,0,0,0,0,0,0,1,0,0
34.0,0.0,1,0,0,0,0,0,0,0,0,1,0,0,0,0,0,0
37.0,40.0,1,0,0,0,1,0,0,0,0,0,0,0,0,1,0,0
36.0,40.0,1,1,1,0,0,0,0,0,0,1,0,0,0,0,0,0
10.0,40.0,1,1,0,0,0,0,0,0,0,1,0,0,0,0,0,0
15.0,40.0,1,1,0,1,0,0,0,0,0,1,0,0,0,0,0,0
2.0,40.0,1,0,0,0,0,0,0,1,0,0,1,0,0,0,0,0
67.0,0.0,0,1,0,0,1,0,0,0,0,1,0,0,0,0,0,0
37.0,0.0,0,1,0,0,0,0,1,0,0,0,0,0,0,1,0,0
40.0,0.0,1,0,0,0,0,0,1,0,1,0,0,0,1,0,0,0
40.0,0.0,1,1,0,0,0,0,1,0,0,0,0,0,0,1,0,0
3.0,0.0,1,0,0,0,0,0,0,1,0,0,1,0,0,0,0,0
46.0,56.0,1,1,0,0,1,0,0,0,0,0,0,0,1,0,0,0
54.0,56.0,1,0,0,1,0,0,0,0,0,0,0,0,1,0,0,0
17.0,56.0,1,0,0,1,0,0,0,0,0,1,0,0,0,0,0,0
54.0,40.0,1,0,0,0,1,0,0,0,0,0,0,0,1,0,0,0
19.0,40.0,1,0,0,1,0,0,0,0,0,1,0,0,0,0,0,0
24.0,30.0,0,1,0,1,0,0,0,0,0,0,0,0,0,1,0,0
7.0,30.0,0,1,0,0,0,0,0,0,0,0,1,0,0,0,0,0
19.0,30.0,0,0,0,1,0,0,0,0,0,0,0,0,0,1,0,0
71.0,0.0,0,0,1,0,0,0,0,0,0,0,0,0,0,1,0,0
65.0,0.0,0,1,0,0,1,0,0,0,0,1,0,0,0,0,0,0
79.0,0.0,0,1,0,0,0,0,0,1,0,1,0,0,0,0,0,0
7.0,48.0,0,0,0,0,0,0,0,0,0,0,1,0,0,0,0,0
6.0,48.0,0,0,0,0,0,0,0,0,0,0,1,0,0,0,0,0
25.0,44.0,0,0,0,1,0,0,0,0,0,0,0,0,0,1,0,0
47.0,48.0,0,1,0,0,1,0,0,0,0,0,0,1,0,0,0,0
18.0,48.0,0,0,0,0,0,1,0,0,0,1,0,0,0,0,0,0
13.0,48.0,0,0,0,1,0,0,0,0,0,1,0,0,0,0,0,0
22.0,45.0,0,0,0,0,0,1,0,0,0,0,0,0,0,1,0,0
73.0,0.0,0,0,0,0,0,0,1,0,0,0,0,1,0,0,0,0
62.0,0.0,0,1,0,0,0,0,1,0,0,0,0,1,0,0,0,0
46.0,48.0,0,0,0,0,1,0,0,0,0,0,0,1,0,0,0,0
33.0,65.0,0,0,1,0,0,0,0,0,0,0,0,0,0,1,0,0
70.0,65.0,0,1,1,0,0,0,0,0,0,1,0,0,0,0,0,0
7.0,65.0,0,0,0,0,0,0,0,0,0,0,1,0,0,0,0,0
62.0,8.0,0,1,0,1,0,0,0,0,0,0,0,0,0,1,0,0
38.0,8.0,0,0,0,1,0,0,0,0,0,0,0,0,0,1,0,0
48.0,30.0,1,1,0,0,1,0,0,0,0,0,0,0,0,1,0,0
29.0,30.0,1,1,0,1,0,0,0,0,0,1,0,0,0,0,0,0
17.0,30.0,1,1,0,1,0,0,0,0,0,0,0,0,0,1,0,0
11.0,30.0,1,0,0,0,0,0,0,0,0,1,0,0,0,0,0,0
11.0,30.0,1,1,0,0,0,0,0,0,0,1,0,0,0,0,0,0
9.0,30.0,1,0,0,0,0,0,0,0,0,0,1,0,0,0,0,0
44.0,30.0,1,1,1,0,0,0,0,0,0,0,0,0,1,0,0,0
22.0,30.0,1,1,0,0,1,0,0,0,0,1,0,0,0,0,0,0
82.0,0.0,0,0,0,0,1,0,0,0,0,1,0,0,0,0,0,0
41.0,0.0,0,0,0,0,1,0,0,0,0,0,0,0,0,1,0,0
41.0,0.0,0,1,0,0,0,1,0,0,0,1,0,0,0,0,0,0
52.0,26.0,0,1,0,1,0,0,0,0,0,0,0,0,1,0,0,0
18.0,26.0,0,1,0,0,1,0,0,0,0,0,0,0,0,1,0,0
16.0,0.0,0,0,0,1,0,0,0,0,0,1,0,0,0,0,0,0
31.0,0.0,0,0,0,0,1,0,0,0,0,0,0,0,1,0,0,0
65.0,48.0,0,1,0,0,1,0,0,0,0,0,0,0,0,1,0,0
36.0,48.0,0,0,0,0,0,1,0,0,0,1,0,0,0,0,0,0
44.0,35.0,0,1,0,0,0,0,1,0,0,0,0,0,0,1,0,0
15.0,35.0,0,0,0,1,0,0,0,0,0,1,0,0,0,0,0,0
44.0,45.0,0,0,0,0,0,0,1,0,0,0,0,0,1,0,0,0
50.0,50.0,0,0,1,0,0,0,0,0,0,0,0,0,0,1,0,0
52.0,58.0,0,1,0,0,0,0,1,0,0,0,0,0,1,0,0,0
49.0,58.0,0,0,0,0,0,0,1,0,0,0,0,0,1,0,0,0
41.0,45.0,0,1,0,0,0,1,0,0,0,0,0,0,0,1,0,0
68.0,48.0,0,0,0,1,0,0,0,0,0,0,0,0,0,1,0,0
54.0,0.0,1,0,0,0,1,0,0,0,0,0,0,0,1,0,0,0
55.0,0.0,0,0,0,0,1,0,0,0,0,0,0,0,1,0,0,0
52.0,0.0,0,1,0,0,0,0,1,0,0,0,0,0,1,0,0,0
22.0,0.0,0,0,0,0,0,1,0,0,0,1,0,0,0,0,0,0
19.0,0.0,0,0,0,0,0,1,0,0,0,1,0,0,0,0,0,0
69.0,6.0,0,0,0,0,0,0,1,0,0,0,0,0,0,1,0,0
14.0,40.0,0,0,0,1,0,0,0,0,0,1,0,0,0,0,0,0
49.0,40.0,0,0,0,0,0,0,1,0,0,0,0,0,0,1,0,0
17.0,40.0,0,0,0,1,0,0,0,0,0,1,0,0,0,0,0,0
32.0,44.0,0,0,0,0,0,1,0,0,0,0,0,0,0,1,0,0
30.0,44.0,0,1,0,0,0,0,1,0,0,0,0,0,0,1,0,0
7.0,44.0,0,0,0,0,0,0,0,0,0,0,1,0,0,0,0,0
9.0,40.0,1,0,0,0,0,0,0,0,0,0,1,0,0,0,0,0
33.0,40.0,1,1,0,0,1,0,0,0,0,1,0,0,0,0,0,0
6.0,40.0,1,0,0,0,0,0,0,1,0,0,1,0,0,0,0,0
60.0,40.0,1,1,0,0,0,0,0,1,0,0,0,0,0,1,0,0
68.0,40.0,1,0,0,0,0,0,0,1,0,1,0,0,0,0,0,0
25.0,48.0,0,0,0,0,0,0,1,0,0,0,0,0,1,0,0,0
30.0,48.0,0,1,0,0,1,0,0,0,0,0,0,0,0,1,0,0
7.0,48.0,0,1,0,0,0,0,0,0,0,0,1,0,0,0,0,0
70.0,0.0,0,1,0,1,0,0,0,0,0,1,0,0,0,0,0,0
39.0,0.0,0,0,0,0,0,1,0,0,0,0,0,0,0,1,0,0
36.0,0.0,0,1,0,0,1,0,0,0,0,1,0,0,0,0,0,0
7.0,0.0,0,1,0,0,0,0,0,0,0,0,1,0,0,0,0,0
56.0,0.0,0,0,0,0,0,0,1,0,0,0,0,0,0,1,0,0
52.0,0.0,0,1,0,0,0,0,1,0,0,0,0,0,0,1,0,0
16.0,0.0,0,0,0,1,0,0,0,0,0,1,0,0,0,0,0,0
69.0,30.0,0,0,0,0,0,0,1,0,0,0,0,0,1,0,0,0
65.0,30.0,0,1,0,0,0,0,1,0,0,0,0,0,1,0,0,0
77.0,0.0,0,1,1,0,0,0,0,0,0,1,0,0,0,0,0,0
76.0,0.0,0,0,0,0,0,0,1,0,0,1,0,0,0,0,0,0
30.0,0.0,0,0,0,0,0,0,1,0,0,0,0,0,0,1,0,0
15.0,40.0,1,0,0,1,0,0,0,0,0,1,0,0,0,0,0,0
65.0,40.0,0,0,0,0,0,1,0,0,0,0,0,0,0,1,0,0
67.0,40.0,0,1,0,0,0,1,0,0,0,1,0,0,0,0,0,0
32.0,40.0,0,0,0,0,0,1,0,0,0,0,0,0,0,1,0,0
32.0,40.0,0,1,0,0,0,0,1,0,0,0,0,0,0,1,0,0
32.0,40.0,0,1,0,0,0,0,1,0,0,0,0,0,0,1,0,0
38.0,45.0,0,0,0,0,0,0,1,0,0,0,0,0,0,1,0,0
39.0,35.0,0,0,0,0,0,0,1,0,0,0,0,0,0,1,0,0
43.0,0.0,0,0,0,0,1,0,0,0,0,0,0,0,0,1,0,0
40.0,0.0,0,1,0,0,0,0,1,0,0,0,0,0,0,1,0,0
15.0,0.0,0,0,0,1,0,0,0,0,0,1,0,0,0,0,0,0
34.0,30.0,0,1,0,0,0,0,1,0,0,0,0,0,0,1,0,0
82.0,0.0,0,0,1,0,0,0,0,0,0,1,0,0,0,0,0,0
18.0,0.0,0,1,0,0,0,1,0,0,0,1,0,0,0,0,0,0
53.0,0.0,0,1,0,0,0,0,1,0,0,1,0,0,0,0,0,0
59.0,0.0,1,1,0,1,0,0,0,0,0,1,0,0,0,0,0,0
37.0,0.0,1,1,0,1,0,0,0,0,0,0,0,0,0,1,0,0
26.0,0.0,1,1,0,1,0,0,0,0,0,0,0,0,0,1,0,0
38.0,0.0,1,0,0,1,0,0,0,0,0,0,0,0,0,1,0,0
30.0,0.0,1,0,0,1,0,0,0,0,0,0,0,0,0,1,0,0
20.0,0.0,1,1,0,1,0,0,0,0,0,1,0,0,0,0,0,0
79.0,0.0,0,1,0,0,0,0,1,0,0,1,0,0,0,0,0,0
40.0,40.0,0,1,0,0,0,0,1,0,0,0,0,0,0,1,0,0
46.0,40.0,0,0,0,0,1,0,0,0,0,0,0,0,0,1,0,0
20.0,45.0,1,1,0,0,0,1,0,0,0,1,0,0,0,0,0,0
15.0,45.0,1,1,0,1,0,0,0,0,0,1,0,0,0,0,0,0
12.0,45.0,1,1,0,0,0,0,0,0,0,1,0,0,0,0,0,0
9.0,45.0,1,0,0,0,0,0,0,0,0,0,1,0,0,0,0,0
54.0,45.0,1,1,0,0,1,0,0,0,0,0,0,0,0,1,0,0
45.0,40.0,0,0,0,0,0,0,1,0,0,0,0,0,1,0,0,0
14.0,40.0,0,1,0,1,0,0,0,0,0,1,0,0,0,0,0,0
45.0,40.0,0,1,0,0,0,0,1,0,0,0,0,0,0,1,0,0
20.0,40.0,0,1,0,0,1,0,0,0,1,0,0,0,0,1,0,0
46.0,44.0,0,0,0,0,0,1,0,0,0,0,0,0,0,1,0,0
40.0,44.0,0,1,0,0,1,0,0,0,0,0,0,0,0,1,0,0
13.0,44.0,0,1,0,1,0,0,0,0,0,1,0,0,0,0,0,0
37.0,70.0,0,0,0,0,1,0,0,0,0,0,0,0,1,0,0,0
12.0,70.0,0,0,0,0,0,0,0,0,0,1,0,0,0,0,0,0
33.0,40.0,0,0,0,0,1,0,0,0,0,0,0,0,0,1,0,0
13.0,0.0,1,1,0,1,0,0,0,0,0,1,0,0,0,0,0,0
7.0,0.0,1,0,0,0,0,0,0,0,0,0,1,0,0,0,0,0
14.0,0.0,1,1,0,1,0,0,0,0,0,1,0,0,0,0,0,0
11.0,0.0,1,0,0,1,0,0,0,0,0,1,0,0,0,0,0,0
7.0,0.0,1,0,0,0,0,0,0,0,0,0,1,0,0,0,0,0
5.0,0.0,1,1,0,0,0,0,0,0,0,0,1,0,0,0,0,0
32.0,37.0,0,0,0,0,0,1,0,0,0,0,0,0,0,1,0,0
70.0,0.0,0,1,0,0,0,0,1,0,0,1,0,0,0,0,0,0
65.0,0.0,0,1,0,0,1,0,0,0,0,1,0,0,0,0,0,0
36.0,6.0,0,0,0,0,0,1,0,0,0,0,0,0,1,0,0,0
29.0,37.0,0,1,0,0,0,1,0,0,0,0,0,0,0,1,0,0
58.0,48.0,0,1,0,0,1,0,0,0,0,0,0,0,0,1,0,0
28.0,48.0,0,1,0,0,0,1,0,0,0,0,0,0,0,1,0,0
27.0,48.0,0,0,0,0,0,1,0,0,0,1,0,0,0,0,0,0
29.0,10.0,1,1,0,0,0,0,1,0,0,0,0,0,0,1,0,0
25.0,10.0,1,1,0,0,0,1,0,0,0,1,0,0,0,0,0,0
30.0,40.0,0,0,0,0,0,0,1,0,0,0,0,0,0,1,0,0
30.0,40.0,0,1,0,0,0,0,1,0,0,0,0,0,0,1,0,0
63.0,48.0,0,0,0,0,1,0,0,0,0,0,0,0,0,1,0,0
9.0,10.0,0,1,0,0,0,0,0,0,0,0,1,0,0,0,0,0
51.0,10.0,0,1,0,0,0,1,0,0,0,0,0,0,1,0,0,0
46.0,10.0,0,0,0,0,0,1,0,0,0,0,0,1,0,0,0,0
19.0,10.0,0,1,0,0,0,1,0,0,0,0,0,0,0,1,0,0
46.0,46.0,1,0,1,0,0,0,0,0,0,0,0,0,0,1,0,0
44.0,46.0,1,1,0,0,1,0,0,0,0,1,0,0,0,0,0,0
16.0,46.0,1,1,0,1,0,0,0,0,0,1,0,0,0,0,0,0
15.0,46.0,1,0,0,1,0,0,0,0,0,1,0,0,0,0,0,0
34.0,60.0,0,0,0,0,0,1,0,0,0,0,0,0,0,1,0,0
27.0,60.0,0,0,0,0,1,0,0,0,0,0,0,0,0,1,0,0
36.0,23.0,1,1,0,0,0,0,1,0,0,0,0,0,0,1,0,0
47.0,23.0,1,0,0,1,0,0,0,0,0,1,0,0,0,0,0,0
11.0,23.0,1,0,0,0,0,0,0,0,0,1,0,0,0,0,0,0
8.0,23.0,1,1,0,0,0,0,0,0,0,0,1,0,0,0,0,0
65.0,0.0,0,0,1,0,0,0,0,0,0,0,0,0,0,1,0,0
10.0,40.0,0,0,0,0,0,0,0,0,0,1,0,0,0,0,0,0
43.0,38.0,0,1,0,0,0,0,1,0,0,0,0,0,0,1,0,0
8.0,38.0,0,1,0,0,0,0,0,0,0,0,1,0,0,0,0,0
73.0,0.0,0,1,0,0,0,0,1,0,0,1,0,0,0,0,0,0
66.0,0.0,0,1,0,0,0,0,1,0,0,1,0,0,0,0,0,0
38.0,27.0,0,1,0,0,0,0,1,0,0,0,0,0,1,0,0,0
70.0,27.0,0,0,0,0,0,0,1,0,0,1,0,0,0,0,0,0
31.0,24.0,0,0,0,0,0,1,0,0,0,0,0,0,1,0,0,0
58.0,22.0,0,0,0,0,0,1,0,0,0,0,0,0,0,1,0,0
58.0,22.0,0,1,0,0,0,0,1,0,0,0,0,0,0,1,0,0
22.0,22.0,0,1,0,0,0,1,0,0,0,0,0,0,0,1,0,0
18.0,22.0,0,1,0,1,0,0,0,0,0,1,0,0,0,0,0,0
80.0,0.0,0,0,0,0,0,0,1,0,0,1,0,0,0,0,0,0
82.0,0.0,0,1,0,0,0,0,1,0,0,1,0,0,0,0,0,0
28.0,0.0,0,0,0,0,0,1,0,0,1,0,0,0,1,0,0,0
26.0,0.0,0,0,0,0,0,1,0,0,0,0,0,0,0,1,0,0
27.0,28.0,0,1,0,0,0,1,0,0,0,0,0,0,0,1,0,0
30.0,28.0,0,0,0,0,0,1,0,0,0,0,0,0,0,1,0,0
32.0,23.0,1,1,0,0,1,0,0,0,0,0,0,0,0,1,0,0
14.0,23.0,1,0,0,1,0,0,0,0,0,1,0,0,0,0,0,0
71.0,0.0,0,1,0,1,0,0,0,0,0,1,0,0,0,0,0,0
76.0,0.0,0,0,1,0,0,0,0,0,0,1,0,0,0,0,0,0
36.0,23.0,1,0,0,1,0,0,0,0,0,0,0,0,0,1,0,0
71.0,20.0,0,1,0,0,0,1,0,0,0,0,0,0,0,1,0,0
35.0,0.0,0,0,0,0,1,0,0,0,0,1,0,0,0,0,0,0
39.0,0.0,0,0,0,0,0,0,1,0,0,0,0,0,0,1,0,0
55.0,60.0,0,1,0,0,0,0,1,0,0,0,0,0,0,1,0,0
14.0,46.0,1,1,0,1,0,0,0,0,0,1,0,0,0,0,0,0
12.0,46.0,1,1,0,0,0,0,0,0,0,1,0,0,0,0,0,0
86.0,0.0,0,0,0,1,0,0,0,0,0,1,0,0,0,0,0,0
44.0,48.0,0,0,0,0,0,0,1,0,0,0,0,0,0,1,0,0
60.0,24.0,1,0,1,0,0,0,0,0,0,0,0,0,0,1,0,0
23.0,24.0,1,1,1,0,0,0,0,0,1,0,0,0,0,0,0,0
43.0,24.0,1,0,1,0,0,0,0,0,0,0,0,0,0,1,0,0
32.0,38.0,0,1,0,0,0,1,0,0,0,0,0,0,0,1,0,0
52.0,0.0,0,1,1,0,0,0,0,0,0,0,0,0,0,1,0,0
16.0,0.0,0,1,0,1,0,0,0,0,0,1,0,0,0,0,0,0
49.0,46.0,0,0,0,0,1,0,0,0,0,0,0,1,0,0,0,0
44.0,60.0,1,0,0,0,1,0,0,0,0,0,0,0,0,1,0,0
14.0,60.0,1,0,0,1,0,0,0,0,0,1,0,0,0,0,0,0
11.0,60.0,1,0,0,0,0,0,0,0,0,1,0,0,0,0,0,0
40.0,40.0,0,0,0,0,0,0,1,0,0,0,0,0,0,1,0,0
69.0,0.0,0,1,0,0,0,1,0,0,0,1,0,0,0,0,0,0
65.0,0.0,0,0,0,0,1,0,0,0,0,0,0,0,0,1,0,0
50.0,48.0,1,0,0,0,1,0,0,0,0,0,0,0,0,1,0,0
72.0,0.0,0,0,0,0,0,0,0,0,0,1,0,0,0,0,0,0
63.0,0.0,0,1,0,0,1,0,0,0,0,1,0,0,0,0,0,0
23.0,0.0,0,1,0,0,1,0,0,0,0,0,0,0,0,1,0,0
30.0,0.0,0,0,0,0,1,0,0,0,1,0,0,0,1,0,0,0
66.0,0.0,0,1,1,0,0,0,0,0,0,0,0,0,0,1,0,0
71.0,0.0,0,1,1,0,0,0,0,0,0,1,0,0,0,0,0,0
41.0,40.0,0,1,0,0,0,0,1,0,0,1,0,0,0,0,0,0
4.0,40.0,0,0,0,0,0,0,0,1,0,0,1,0,0,0,0,0
3.0,40.0,0,0,0,0,0,0,0,1,0,0,1,0,0,0,0,0
84.0,0.0,0,0,0,1,0,0,0,0,0,1,0,0,0,0,0,0
49.0,48.0,1,1,0,0,1,0,0,0,0,1,0,0,0,0,0,0
18.0,48.0,1,1,0,1,0,0,0,0,0,1,0,0,0,0,0,0
7.0,48.0,1,1,0,0,0,0,0,0,0,0,1,0,0,0,0,0
26.0,0.0,0,0,0,1,0,0,0,0,0,0,0,0,0,1,0,0
33.0,0.0,0,0,0,1,0,0,0,0,0,0,0,0,0,1,0,0
29.0,0.0,0,1,0,0,0,1,0,0,0,0,0,0,0,1,0,0
27.0,30.0,0,1,0,0,0,1,0,0,0,0,0,0,0,1,0,0
27.0,30.0,0,0,0,0,0,1,0,0,0,0,0,1,0,0,0,0
16.0,0.0,0,1,0,1,0,0,0,0,0,1,0,0,0,0,0,0
39.0,40.0,0,1,0,0,0,1,0,0,0,0,0,0,0,1,0,0
19.0,40.0,0,1,0,0,1,0,0,0,1,0,0,0,1,0,0,0
61.0,0.0,0,1,0,1,0,0,0,0,0,1,0,0,0,0,0,0
65.0,0.0,0,0,0,0,1,0,0,0,0,1,0,0,0,0,0,0
61.0,0.0,0,1,0,0,1,0,0,0,0,1,0,0,0,0,0,0
39.0,0.0,0,0,0,0,1,0,0,0,0,0,0,0,0,1,0,0
51.0,0.0,0,1,0,0,1,0,0,0,0,0,0,0,0,1,0,0
49.0,0.0,0,0,0,0,1,0,0,0,0,0,0,0,1,0,0,0
22.0,0.0,0,0,0,0,0,1,0,0,0,0,0,0,0,1,0,0
66.0,0.0,0,1,0,0,0,0,1,0,0,1,0,0,0,0,0,0
51.0,40.0,0,0,0,0,0,1,0,0,0,0,0,0,1,0,0,0
50.0,40.0,0,1,0,0,1,0,0,0,0,1,0,0,0,0,0,0
19.0,40.0,0,0,0,0,0,1,0,0,0,1,0,0,0,0,0,0
14.0,40.0,0,0,0,1,0,0,0,0,0,1,0,0,0,0,0,0
58.0,45.0,0,0,0,0,1,0,0,0,0,0,0,0,0,1,0,0
58.0,6.0,1,1,0,0,1,0,0,0,0,0,0,0,0,1,0,0
65.0,6.0,1,0,1,0,0,0,0,0,0,0,0,0,1,0,0,0
55.0,40.0,0,0,0,0,1,0,0,0,0,0,0,0,0,1,0,0
47.0,72.0,1,1,0,0,0,0,0,0,0,0,0,0,1,0,0,0
37.0,72.0,1,0,0,0,0,0,0,0,0,0,0,0,1,0,0,0
11.0,72.0,1,1,0,0,0,0,0,0,0,1,0,0,0,0,0,0
6.0,72.0,1,0,0,0,0,0,0,0,0,0,1,0,0,0,0,0
2.0,72.0,1,0,0,0,0,0,0,1,0,0,1,0,0,0,0,0
61.0,16.0,1,0,1,0,0,0,0,0,0,0,0,0,1,0,0,0
56.0,16.0,1,1,1,0,0,0,0,0,0,0,0,0,0,1,0,0
52.0,69.0,1,1,0,0,1,0,0,0,0,0,0,0,1,0,0,0
30.0,23.0,0,0,0,0,1,0,0,0,0,0,0,0,0,1,0,0
18.0,23.0,0,0,0,0,1,0,0,0,0,1,0,0,0,0,0,0
9.0,23.0,0,1,0,0,0,0,0,0,0,0,1,0,0,0,0,0
43.0,45.0,0,0,0,0,0,0,1,0,0,0,0,0,0,1,0,0
39.0,45.0,0,1,0,0,0,0,1,0,0,0,0,0,0,1,0,0
84.0,0.0,0,1,0,0,0,0,0,0,0,1,0,0,0,0,0,0
38.0,23.0,0,1,0,0,0,0,1,0,0,0,0,0,0,1,0,0
48.0,0.0,0,0,0,0,0,1,0,0,0,0,0,0,0,1,0,0
44.0,0.0,0,1,0,0,0,0,1,0,0,0,0,0,0,1,0,0
8.0,0.0,1,0,0,0,0,0,0,0,0,0,1,0,0,0,0,0
55.0,40.0,0,1,0,0,0,0,1,0,0,1,0,0,0,0,0,0
13.0,40.0,0,0,0,1,0,0,0,0,0,1,0,0,0,0,0,0
58.0,72.0,1,0,0,0,0,1,0,0,0,0,0,0,1,0,0,0
48.0,72.0,1,1,0,0,0,1,0,0,0,1,0,0,0,0,0,0
16.0,72.0,1,1,0,1,0,0,0,0,0,1,0,0,0,0,0,0
74.0,0.0,0,1,1,0,0,0,0,0,0,1,0,0,0,0,0,0
42.0,0.0,0,1,0,0,0,1,0,0,1,0,0,0,0,1,0,0
23.0,0.0,0,0,0,0,0,1,0,0,1,0,0,0,0,1,0,0
57.0,0.0,0,1,0,0,1,0,0,0,0,1,0,0,0,0,0,0
27.0,0.0,0,0,0,0,1,0,0,0,0,0,0,0,0,1,0,0
37.0,0.0,1,1,0,0,1,0,0,0,1,0,0,0,1,0,0,0
38.0,0.0,1,0,0,0,0,0,1,0,0,0,0,0,0,1,0,0
16.0,0.0,1,0,0,1,0,0,0,0,0,1,0,0,0,0,0,0
35.0,0.0,1,1,0,0,1,0,0,0,0,1,0,0,0,0,0,0
11.0,0.0,1,1,0,0,0,0,0,0,0,1,0,0,0,0,0,0
10.0,0.0,1,1,0,0,0,0,0,0,0,1,0,0,0,0,0,0
8.0,0.0,1,1,0,0,0,0,0,0,0,0,1,0,0,0,0,0
26.0,69.0,1,1,0,0,0,1,0,0,0,1,0,0,0,0,0,0
16.0,69.0,1,1,0,1,0,0,0,0,0,1,0,0,0,0,0,0
18.0,69.0,1,0,0,1,0,0,0,0,0,1,0,0,0,0,0,0
28.0,69.0,1,0,0,0,1,0,0,0,0,0,0,0,0,1,0,0
57.0,69.0,1,0,0,1,0,0,0,0,0,0,0,0,1,0,0,0
59.0,9.0,0,1,0,0,0,1,0,0,0,0,0,1,0,0,0,0
90.0,0.0,0,1,0,0,1,0,0,0,0,1,0,0,0,0,0,0
43.0,0.0,0,1,0,0,0,0,1,0,0,0,0,0,1,0,0,0
40.0,0.0,0,0,0,0,0,0,1,0,0,0,0,0,1,0,0,0
9.0,0.0,0,1,0,0,0,0,0,0,0,0,1,0,0,0,0,0
7.0,0.0,0,1,0,0,0,0,0,0,0,0,1,0,0,0,0,0
36.0,0.0,1,1,0,1,0,0,0,0,0,1,0,0,0,0,0,0
34.0,0.0,1,0,0,1,0,0,0,0,0,0,0,0,1,0,0,0
14.0,0.0,1,0,0,1,0,0,0,0,0,0,0,0,0,1,0,0
7.0,0.0,1,1,0,0,0,0,0,0,0,0,1,0,0,0,0,0
4.0,0.0,1,1,0,0,0,0,0,1,0,0,1,0,0,0,0,0
73.0,9.0,0,0,0,0,0,0,1,0,0,0,0,0,1,0,0,0
19.0,0.0,1,1,0,0,0,1,0,0,1,0,0,0,0,0,0,0
45.0,32.0,0,0,0,0,1,0,0,0,0,0,0,0,0,1,0,0
40.0,32.0,0,1,0,0,1,0,0,0,1,0,0,0,0,0,0,0
5.0,32.0,0,1,0,0,0,0,0,1,0,0,1,0,0,0,0,0
71.0,0.0,0,0,0,0,0,0,0,0,0,1,0,0,0,0,0,0
68.0,0.0,0,1,1,0,0,0,0,0,0,0,0,0,0,1,0,0
6.0,0.0,1,0,0,0,0,0,0,0,0,0,1,0,0,0,0,0
5.0,0.0,1,1,0,0,0,0,0,1,0,0,1,0,0,0,0,0
2.0,0.0,1,0,0,0,0,0,0,1,0,0,1,0,0,0,0,0
54.0,0.0,1,1,0,1,0,0,0,0,1,0,0,0,1,0,0,0
24.0,48.0,0,1,0,1,0,0,0,0,0,0,0,0,0,1,0,0
16.0,48.0,0,1,0,1,0,0,0,0,0,1,0,0,0,0,0,0
45.0,25.0,0,1,0,0,0,0,1,0,0,0,0,0,1,0,0,0
15.0,25.0,0,1,0,1,0,0,0,0,0,1,0,0,0,0,0,0
65.0,0.0,0,0,1,0,0,0,0,0,1,0,0,0,1,0,0,0
58.0,0.0,0,1,1,0,0,0,0,0,0,0,0,0,0,1,0,0
67.0,0.0,1,0,1,0,0,0,0,0,0,1,0,0,0,0,0,0
31.0,0.0,0,1,0,0,0,0,1,0,0,0,0,0,0,1,0,0
40.0,0.0,0,0,0,0,0,0,1,0,0,0,0,0,0,1,0,0
1.0,0.0,0,0,0,0,0,0,0,1,0,0,1,0,0,0,0,0
77.0,0.0,0,1,1,0,0,0,0,0,0,1,0,0,0,0,0,0
43.0,40.0,0,1,0,1,0,0,0,0,0,0,0,0,0,1,0,0
13.0,40.0,0,1,0,1,0,0,0,0,0,1,0,0,0,0,0,0
75.0,0.0,0,0,0,0,0,0,0,0,0,1,0,0,0,0,0,0
75.0,0.0,0,0,0,0,0,0,0,0,0,1,0,0,0,0,0,0
52.0,45.0,0,0,0,0,0,1,0,0,0,0,0,0,0,1,0,0
50.0,45.0,0,1,0,0,0,1,0,0,0,0,0,0,0,1,0,0
23.0,45.0,0,1,0,0,0,1,0,0,0,0,0,0,0,1,0,0
4.0,9.0,1,1,0,0,0,0,0,1,0,0,1,0,0,0,0,0
26.0,0.0,1,0,0,1,0,0,0,0,0,1,0,0,0,0,0,0
44.0,0.0,1,1,0,0,1,0,0,0,0,1,0,0,0,0,0,0
44.0,0.0,1,0,1,0,0,0,0,0,0,0,0,0,0,1,0,0
44.0,12.0,0,1,0,0,1,0,0,0,0,0,0,0,0,1,0,0
44.0,12.0,0,0,0,0,1,0,0,0,0,0,0,0,0,1,0,0
19.0,12.0,0,1,0,0,0,1,0,0,0,1,0,0,0,0,0,0
25.0,12.0,0,1,0,0,1,0,0,0,1,0,0,0,0,1,0,0
4.0,12.0,0,0,0,0,0,0,0,1,0,0,1,0,0,0,0,0
49.0,0.0,0,1,0,0,0,1,0,0,0,1,0,0,0,0,0,0
22.0,0.0,0,1,0,0,0,1,0,0,0,1,0,0,0,0,0,0
15.0,0.0,0,1,0,1,0,0,0,0,0,1,0,0,0,0,0,0
16.0,45.0,0,0,0,1,0,0,0,0,0,1,0,0,0,0,0,0
40.0,72.0,1,0,0,0,1,0,0,0,0,0,0,0,0,1,0,0
41.0,72.0,1,1,0,0,0,0,1,0,0,0,0,0,0,1,0,0
6.0,72.0,1,0,0,0,0,0,0,0,0,0,1,0,0,0,0,0
9.0,72.0,1,1,0,0,0,0,0,0,0,0,1,0,0,0,0,0
39.0,0.0,1,1,0,0,1,0,0,0,0,0,0,0,0,1,0,0
16.0,0.0,1,1,0,1,0,0,0,0,0,1,0,0,0,0,0,0
81.0,0.0,0,0,0,0,0,0,0,0,0,1,0,0,0,0,0,0
77.0,0.0,0,1,1,0,0,0,0,0,0,1,0,0,0,0,0,0
17.0,0.0,1,0,0,1,0,0,0,0,0,0,0,0,0,1,0,0
14.0,0.0,1,0,0,1,0,0,0,0,0,1,0,0,0,0,0,0
29.0,0.0,1,1,0,0,1,0,0,0,1,0,0,0,0,1,0,0
66.0,0.0,0,1,0,0,0,0,1,0,0,1,0,0,0,0,0,0
18.0,40.0,1,1,0,1,0,0,0,0,0,1,0,0,0,0,0,0
17.0,40.0,1,1,0,1,0,0,0,0,0,1,0,0,0,0,0,0
8.0,40.0,1,1,0,0,0,0,0,0,0,0,1,0,0,0,0,0
25.0,40.0,1,1,1,0,0,0,0,0,0,0,0,0,0,1,0,0
13.0,72.0,1,1,0,1,0,0,0,0,0,1,0,0,0,0,0,0
66.0,0.0,1,0,0,1,0,0,0,0,0,1,0,0,0,0,0,0
43.0,0.0,1,1,0,1,0,0,0,0,1,0,0,0,0,0,0,0
23.0,0.0,1,0,0,1,0,0,0,0,0,0,0,0,0,1,0,0
25.0,0.0,1,1,0,1,0,0,0,0,0,1,0,0,0,0,0,0
1.0,0.0,1,1,0,0,0,0,0,1,0,0,1,0,0,0,0,0
20.0,0.0,1,1,0,0,1,0,0,0,0,1,0,0,0,0,0,0
44.0,40.0,1,0,1,0,0,0,0,0,0,0,0,0,0,1,0,0
39.0,40.0,1,1,0,0,1,0,0,0,0,1,0,0,0,0,0,0
26.0,40.0,1,0,0,1,0,0,0,0,0,0,0,0,0,1,0,0
20.0,40.0,1,1,0,0,1,0,0,0,0,1,0,0,0,0,0,0
35.0,20.0,0,1,0,0,1,0,0,0,0,0,0,0,0,1,0,0
10.0,20.0,0,0,0,0,0,0,0,0,0,1,0,0,0,0,0,0
66.0,20.0,0,1,0,0,0,0,0,0,0,1,0,0,0,0,0,0
75.0,0.0,0,1,1,0,0,0,0,0,0,1,0,0,0,0,0,0
75.0,0.0,0,1,1,0,0,0,0,0,0,1,0,0,0,0,0,0
79.0,0.0,0,1,1,0,0,0,0,0,0,1,0,0,0,0,0,0
69.0,4.0,0,0,1,0,0,0,0,0,0,0,0,0,1,0,0,0
37.0,4.0,0,0,0,0,1,0,0,0,0,0,0,0,0,1,0,0
44.0,4.0,0,0,0,0,1,0,0,0,0,0,0,0,0,1,0,0
31.0,45.0,0,1,0,0,0,0,1,0,0,0,0,0,0,1,0,0
31.0,45.0,0,0,0,0,0,0,1,0,0,0,0,0,0,1,0,0
61.0,20.0,0,1,1,0,0,0,0,0,0,0,0,0,0,1,0,0
42.0,38.0,0,1,1,0,0,0,0,0,0,0,0,0,0,1,0,0
40.0,38.0,0,0,1,0,0,0,0,0,0,0,0,0,1,0,0,0
13.0,38.0,0,1,0,1,0,0,0,0,0,1,0,0,0,0,0,0
55.0,38.0,0,1,0,0,0,1,0,0,0,0,0,0,1,0,0,0
18.0,38.0,0,1,0,0,0,1,0,0,0,1,0,0,0,0,0,0
13.0,38.0,0,0,0,1,0,0,0,0,0,1,0,0,0,0,0,0
73.0,0.0,1,1,1,0,0,0,0,0,0,1,0,0,0,0,0,0
36.0,0.0,1,1,0,0,0,0,1,0,0,1,0,0,0,0,0,0
55.0,0.0,1,1,0,0,1,0,0,0,0,0,0,0,0,1,0,0
17.0,0.0,1,0,0,0,0,0,0,0,0,1,0,0,0,0,0,0
38.0,40.0,0,0,0,0,0,1,0,0,0,0,0,0,0,1,0,0
38.0,40.0,0,1,0,0,0,0,1,0,0,0,0,0,0,1,0,0
1.0,40.0,0,1,0,0,0,0,0,1,0,0,1,0,0,0,0,0
33.0,30.0,1,0,1,0,0,0,0,0,0,0,0,0,0,1,0,0
32.0,30.0,1,1,0,0,1,0,0,0,0,1,0,0,0,0,0,0
8.0,30.0,1,1,0,0,0,0,0,0,0,0,1,0,0,0,0,0
3.0,30.0,1,1,0,0,0,0,0,1,0,0,1,0,0,0,0,0
35.0,105.0,0,0,0,0,1,0,0,0,0,0,0,0,1,0,0,0
56.0,40.0,0,1,0,0,0,0,1,0,0,0,0,0,0,1,0,0
25.0,40.0,0,0,0,0,0,0,0,0,0,1,0,0,0,0,0,0
65.0,0.0,0,1,0,0,0,0,1,0,0,1,0,0,0,0,0,0
96.0,0.0,0,1,1,0,0,0,0,0,0,1,0,0,0,0,0,0
33.0,32.0,1,1,0,0,1,0,0,0,0,0,0,0,0,1,0,0
15.0,32.0,1,1,0,1,0,0,0,0,0,1,0,0,0,0,0,0
12.0,32.0,1,1,0,1,0,0,0,0,0,1,0,0,0,0,0,0
10.0,32.0,1,1,0,0,0,0,0,0,0,1,0,0,0,0,0,0
56.0,33.0,0,1,0,0,0,0,1,0,0,0,0,0,0,1,0,0
26.0,33.0,0,1,0,0,0,0,1,0,0,0,0,0,0,1,0,0
64.0,56.0,0,0,1,0,0,0,0,0,0,0,0,0,0,1,0,0
65.0,56.0,0,1,1,0,0,0,0,0,0,1,0,0,0,0,0,0
26.0,56.0,0,1,0,0,1,0,0,0,1,0,0,0,0,1,0,0
9.0,40.0,1,1,0,0,0,0,0,0,0,0,1,0,0,0,0,0
82.0,0.0,0,0,1,0,0,0,0,0,0,1,0,0,0,0,0,0
80.0,0.0,0,1,1,0,0,0,0,0,0,1,0,0,0,0,0,0
62.0,50.0,0,0,0,0,0,1,0,0,0,0,0,0,0,1,0,0
69.0,50.0,0,1,0,0,1,0,0,0,0,1,0,0,0,0,0,0
25.0,16.0,0,0,0,1,0,0,0,0,0,0,0,0,0,1,0,0
43.0,60.0,0,0,0,1,0,0,0,0,0,0,0,0,1,0,0,0
42.0,60.0,0,1,0,0,1,0,0,0,0,0,0,0,0,1,0,0
17.0,60.0,0,1,0,1,0,0,0,0,0,1,0,0,0,0,0,0
13.0,60.0,0,1,0,1,0,0,0,0,0,1,0,0,0,0,0,0
4.0,60.0,0,1,0,0,0,0,0,1,0,0,1,0,0,0,0,0
33.0,57.0,0,0,0,0,0,1,0,0,0,0,0,0,0,1,0,0
34.0,57.0,0,1,0,0,0,0,1,0,0,0,0,0,1,0,0,0
55.0,16.0,0,1,0,1,0,0,0,0,0,0,0,0,0,1,0,0
36.0,40.0,0,1,0,0,0,0,1,0,0,0,0,0,0,1,0,0
14.0,40.0,0,0,0,1,0,0,0,0,0,1,0,0,0,0,0,0
4.0,40.0,0,0,0,0,0,0,0,1,0,0,1,0,0,0,0,0
64.0,56.0,0,0,0,0,0,0,1,0,0,0,0,0,1,0,0,0
46.0,56.0,0,1,0,0,1,0,0,0,0,1,0,0,0,0,0,0
19.0,56.0,0,1,0,0,0,1,0,0,0,1,0,0,0,0,0,0
16.0,56.0,0,0,0,1,0,0,0,0,0,1,0,0,0,0,0,0
54.0,0.0,1,0,0,1,0,0,0,0,0,1,0,0,0,0,0,0
43.0,0.0,1,1,1,0,0,0,0,0,1,0,0,0,0,1,0,0
43.0,48.0,0,1,0,0,1,0,0,0,0,0,0,0,0,1,0,0
22.0,48.0,0,1,0,0,0,1,0,0,0,1,0,0,0,0,0,0
90.0,0.0,0,1,0,0,1,0,0,0,0,1,0,0,0,0,0,0
64.0,40.0,0,0,0,0,0,0,1,0,0,0,0,0,0,1,0,0
65.0,0.0,0,0,0,0,0,0,1,0,0,1,0,0,0,0,0,0
59.0,12.0,0,1,0,0,0,1,0,0,0,0,0,0,1,0,0,0
40.0,84.0,0,0,0,0,1,0,0,0,0,0,0,0,0,1,0,0
38.0,84.0,0,1,0,0,1,0,0,0,0,0,0,0,1,0,0,0
16.0,84.0,0,0,0,1,0,0,0,0,0,1,0,0,0,0,0,0
11.0,84.0,0,0,0,1,0,0,0,0,0,1,0,0,0,0,0,0
22.0,40.0,0,1,0,0,0,1,0,0,0,0,0,0,0,1,0,0
2.0,40.0,0,0,0,0,0,0,0,1,0,0,1,0,0,0,0,0
47.0,0.0,1,0,0,1,0,0,0,0,0,0,0,0,0,1,0,0
35.0,31.0,0,0,0,0,0,1,0,0,0,0,0,0,0,1,0,0
66.0,0.0,0,0,0,0,0,0,1,0,0,1,0,0,0,0,0,0
63.0,0.0,0,1,0,0,1,0,0,0,0,1,0,0,0,0,0,0
42.0,20.0,0,1,0,0,1,0,0,0,0,0,0,0,0,1,0,0
61.0,0.0,0,1,0,0,0,1,0,0,0,1,0,0,0,0,0,0
54.0,0.0,0,0,0,1,0,0,0,0,0,0,0,0,0,1,0,0
32.0,50.0,0,0,0,0,1,0,0,0,0,0,0,0,0,1,0,0
24.0,50.0,0,1,0,0,1,0,0,0,0,0,0,0,1,0,0,0
53.0,0.0,1,1,0,0,0,1,0,0,0,1,0,0,0,0,0,0
23.0,0.0,1,1,0,0,0,0,1,0,0,0,0,0,0,1,0,0
13.0,48.0,0,1,0,1,0,0,0,0,0,1,0,0,0,0,0,0
71.0,0.0,1,0,1,0,0,0,0,0,0,1,0,0,0,0,0,0
66.0,0.0,1,1,0,0,1,0,0,0,0,1,0,0,0,0,0,0
27.0,0.0,1,0,0,0,1,0,0,0,0,1,0,0,0,0,0,0
67.0,0.0,0,1,0,0,0,0,0,0,0,1,0,0,0,0,0,0
35.0,0.0,0,1,0,0,0,1,0,0,0,0,0,0,1,0,0,0
6.0,0.0,0,0,0,0,0,0,0,0,0,0,1,0,0,0,0,0
16.0,0.0,0,0,0,1,0,0,0,0,0,1,0,0,0,0,0,0
31.0,0.0,0,1,0,0,1,0,0,0,0,0,0,0,0,1,0,0
39.0,33.0,0,0,0,0,0,1,0,0,0,0,0,0,0,1,0,0
35.0,33.0,0,1,0,0,1,0,0,0,0,1,0,0,0,0,0,0
15.0,33.0,0,1,0,1,0,0,0,0,0,1,0,0,0,0,0,0
10.0,33.0,0,0,0,0,0,0,0,0,0,1,0,0,0,0,0,0
43.0,20.0,0,0,0,1,0,0,0,0,0,0,0,0,0,1,0,0
19.0,20.0,0,1,0,0,0,1,0,0,0,0,0,0,0,1,0,0
9.0,20.0,0,0,0,0,0,0,0,0,0,0,1,0,0,0,0,0
82.0,0.0,0,1,0,0,0,0,0,0,0,1,0,0,0,0,0,0
59.0,0.0,0,0,1,0,0,0,0,0,1,0,0,0,1,0,0,0
56.0,0.0,0,1,0,0,1,0,0,0,0,1,0,0,0,0,0,0
62.0,25.0,0,1,0,0,1,0,0,0,0,0,0,0,0,1,0,0
89.0,0.0,0,1,0,0,0,0,1,0,0,1,0,0,0,0,0,0
30.0,0.0,0,0,0,0,1,0,0,0,0,0,0,0,1,0,0,0
26.0,0.0,0,1,0,0,1,0,0,0,0,0,0,0,0,1,0,0
24.0,0.0,0,1,0,0,1,0,0,0,0,0,0,0,0,1,0,0
2.0,0.0,0,0,0,0,0,0,0,1,0,0,1,0,0,0,0,0
33.0,60.0,0,0,0,1,0,0,0,0,0,0,0,0,0,1,0,0
39.0,60.0,0,1,0,1,0,0,0,0,0,0,0,0,0,1,0,0
63.0,0.0,0,0,0,0,0,0,1,0,0,0,0,0,0,1,0,0
22.0,0.0,0,1,0,0,0,1,0,0,1,0,0,0,0,1,0,0
71.0,0.0,0,1,0,0,1,0,0,0,0,1,0,0,0,0,0,0
48.0,35.0,0,0,0,0,0,0,1,0,0,0,0,0,0,1,0,0
32.0,0.0,1,0,0,0,1,0,0,0,0,0,0,0,0,1,0,0
26.0,0.0,1,1,0,0,0,0,0,0,0,1,0,0,0,0,0,0
7.0,0.0,1,0,0,0,0,0,0,0,0,0,1,0,0,0,0,0
15.0,0.0,1,1,0,1,0,0,0,0,0,1,0,0,0,0,0,0
1.0,0.0,1,0,0,0,0,0,0,1,0,0,1,0,0,0,0,0
53.0,40.0,0,1,0,1,0,0,0,0,0,0,0,0,1,0,0,0
30.0,40.0,0,1,0,0,0,1,0,0,0,0,0,0,1,0,0,0
36.0,40.0,0,0,0,0,0,0,1,0,0,0,0,0,0,1,0,0
56.0,40.0,0,1,0,0,0,0,1,0,0,0,0,0,1,0,0,0
86.0,0.0,0,1,1,0,0,0,0,0,0,1,0,0,0,0,0,0
28.0,40.0,0,1,0,0,0,0,1,0,0,0,0,0,0,1,0,0
46.0,42.0,0,0,1,0,0,0,0,0,0,0,0,0,0,1,0,0
48.0,42.0,0,1,0,1,0,0,0,0,0,0,0,0,0,1,0,0
36.0,36.0,0,0,0,0,0,1,0,0,0,0,0,0,0,1,0,0
35.0,36.0,0,1,0,0,0,1,0,0,0,0,0,0,0,1,0,0
6.0,36.0,0,0,0,0,0,0,0,0,0,0,1,0,0,0,0,0
2.0,36.0,0,0,0,0,0,0,0,1,0,0,1,0,0,0,0,0
43.0,0.0,0,0,0,0,1,0,0,0,0,0,0,0,1,0,0,0
47.0,0.0,0,1,0,0,0,1,0,0,0,0,0,0,1,0,0,0
7.0,0.0,0,0,0,0,0,0,0,0,0,0,1,0,0,0,0,0
21.0,0.0,0,0,0,0,1,0,0,0,0,1,0,0,0,0,0,0
66.0,11.0,0,0,0,0,0,0,1,0,0,0,0,0,0,1,0,0
63.0,11.0,0,1,0,0,0,0,1,0,0,1,0,0,0,0,0,0
25.0,0.0,0,1,0,0,0,1,0,0,0,0,0,0,0,1,0,0
25.0,0.0,0,0,0,0,0,1,0,0,0,0,0,0,0,1,0,0
57.0,0.0,0,0,0,0,0,0,1,0,0,0,0,0,0,1,0,0
51.0,0.0,0,1,0,0,0,0,1,0,0,0,0,1,0,0,0,0
19.0,0.0,0,0,0,0,0,1,0,0,0,1,0,0,0,0,0,0
19.0,0.0,0,0,0,0,0,1,0,0,0,1,0,0,0,0,0,0
13.0,0.0,0,0,0,1,0,0,0,0,0,1,0,0,0,0,0,0
47.0,48.0,0,0,0,1,0,0,0,0,0,0,0,0,0,1,0,0
36.0,48.0,0,1,0,0,0,0,1,0,1,0,0,0,0,1,0,0
9.0,48.0,0,0,0,0,0,0,0,0,0,0,1,0,0,0,0,0
6.0,48.0,0,1,0,0,0,0,0,0,0,0,1,0,0,0,0,0
16.0,60.0,0,1,0,1,0,0,0,0,0,1,0,0,0,0,0,0
12.0,60.0,0,0,0,1,0,0,0,0,0,1,0,0,0,0,0,0
32.0,12.0,1,1,0,0,1,0,0,0,0,0,0,0,0,1,0,0
29.0,12.0,1,0,1,0,0,0,0,0,0,0,0,0,0,1,0,0
13.0,12.0,1,0,0,1,0,0,0,0,0,1,0,0,0,0,0,0
7.0,12.0,1,0,0,0,0,0,0,0,0,0,1,0,0,0,0,0
1.0,12.0,1,0,0,0,0,0,0,1,0,0,1,0,0,0,0,0
1.0,35.0,0,0,0,0,0,0,0,1,0,0,1,0,0,0,0,0
44.0,38.0,0,0,0,0,1,0,0,0,0,0,0,0,1,0,0,0
65.0,0.0,0,0,0,1,0,0,0,0,0,1,0,0,0,0,0,0
57.0,0.0,0,1,0,0,1,0,0,0,0,0,0,0,0,1,0,0
75.0,0.0,0,1,0,0,0,0,1,0,0,1,0,0,0,0,0,0
75.0,0.0,0,1,0,0,0,0,1,0,0,1,0,0,0,0,0,0
54.0,0.0,0,1,0,0,0,0,1,0,0,0,0,0,0,1,0,0
57.0,0.0,0,0,0,0,1,0,0,0,0,0,0,0,0,1,0,0
25.0,0.0,0,0,0,0,0,1,0,0,0,0,0,0,0,1,0,0
41.0,35.0,0,1,0,0,0,0,1,0,0,1,0,0,0,0,0,0
10.0,35.0,0,0,0,0,0,0,0,0,0,1,0,0,0,0,0,0
40.0,28.0,0,1,0,0,0,0,1,0,0,0,0,0,0,1,0,0
39.0,28.0,0,0,0,0,0,0,1,0,0,0,0,0,0,1,0,0
4.0,28.0,0,1,0,0,0,0,0,1,0,0,1,0,0,0,0,0
2.0,28.0,0,0,0,0,0,0,0,1,0,0,1,0,0,0,0,0
68.0,0.0,0,1,0,0,0,0,1,0,0,1,0,0,0,0,0,0
26.0,44.0,0,1,0,0,0,0,1,0,0,0,0,0,0,1,0,0
37.0,24.0,1,0,0,0,1,0,0,0,0,0,0,0,1,0,0,0
48.0,47.0,0,0,0,0,0,0,1,0,0,0,0,0,0,1,0,0
25.0,44.0,0,0,0,0,0,0,1,0,0,0,0,0,0,1,0,0
46.0,48.0,0,0,0,0,1,0,0,0,0,0,0,0,1,0,0,0
17.0,48.0,0,0,0,1,0,0,0,0,0,1,0,0,0,0,0,0
49.0,8.0,1,1,0,0,1,0,0,0,0,0,0,0,1,0,0,0
55.0,8.0,1,0,1,0,0,0,0,0,0,0,0,0,0,1,0,0
14.0,8.0,1,0,0,1,0,0,0,0,0,1,0,0,0,0,0,0
25.0,8.0,1,1,0,0,0,1,0,0,0,1,0,0,0,0,0,0
59.0,0.0,0,1,0,0,0,0,1,0,0,1,0,0,0,0,0,0
54.0,0.0,0,0,0,1,0,0,0,0,0,0,0,0,0,1,0,0
26.0,0.0,0,1,0,0,0,1,0,0,0,0,0,0,0,1,0,0
15.0,0.0,0,1,0,1,0,0,0,0,0,1,0,0,0,0,0,0
24.0,0.0,1,1,0,0,0,1,0,0,1,0,0,0,0,1,0,0
5.0,0.0,1,1,0,0,0,0,0,0,0,0,1,0,0,0,0,0
48.0,60.0,1,0,0,1,0,0,0,0,0,0,0,0,1,0,0,0
39.0,35.0,0,1,0,0,1,0,0,0,0,0,0,0,0,1,0,0
10.0,35.0,0,0,0,0,0,0,0,0,0,1,0,0,0,0,0,0
18.0,35.0,0,0,0,1,0,0,0,0,0,1,0,0,0,0,0,0
17.0,0.0,1,0,0,1,0,0,0,0,0,1,0,0,0,0,0,0
13.0,0.0,1,0,0,1,0,0,0,0,0,1,0,0,0,0,0,0
10.0,0.0,1,1,0,0,0,0,0,0,0,1,0,0,0,0,0,0
4.0,0.0,1,1,0,0,0,0,0,1,0,0,1,0,0,0,0,0
60.0,40.0,0,1,0,0,1,0,0,0,0,0,0,0,0,1,0,0
60.0,40.0,0,0,0,1,0,0,0,0,0,0,0,0,1,0,0,0
91.0,40.0,0,1,0,0,0,0,0,0,0,1,0,0,0,0,0,0
45.0,48.0,0,0,0,0,1,0,0,0,0,0,0,0,0,1,0,0
47.0,48.0,0,1,0,0,1,0,0,0,0,0,0,0,0,1,0,0
12.0,48.0,0,1,0,1,0,0,0,0,0,1,0,0,0,0,0,0
10.0,48.0,0,0,0,0,0,0,0,0,0,1,0,0,0,0,0,0
37.0,0.0,1,1,0,0,0,1,0,0,1,0,0,0,1,0,0,0
77.0,0.0,0,1,0,0,1,0,0,0,0,1,0,0,0,0,0,0
71.0,0.0,0,1,1,0,0,0,0,0,0,1,0,0,0,0,0,0
6.0,0.0,1,0,0,0,0,0,0,0,0,0,1,0,0,0,0,0
37.0,0.0,1,0,0,0,1,0,0,0,0,0,0,0,0,1,0,0
32.0,0.0,1,1,0,0,0,0,1,0,1,0,0,0,0,1,0,0
43.0,42.0,1,0,0,0,0,0,1,0,0,1,0,0,0,0,0,0
6.0,42.0,1,1,0,0,0,0,0,0,0,0,1,0,0,0,0,0
5.0,42.0,1,0,0,0,0,0,0,1,0,0,1,0,0,0,0,0
50.0,42.0,1,0,0,0,1,0,0,0,0,0,0,0,1,0,0,0
24.0,14.0,0,1,0,0,0,1,0,0,0,0,0,0,1,0,0,0
31.0,40.0,0,1,0,0,0,0,1,0,0,0,0,0,0,1,0,0
36.0,44.0,0,1,0,0,0,0,1,0,0,0,0,1,0,0,0,0
37.0,44.0,0,0,0,0,0,0,1,0,0,0,0,0,0,1,0,0
51.0,30.0,0,0,0,0,0,0,1,0,0,0,0,0,0,1,0,0
54.0,30.0,0,1,0,0,0,0,1,0,0,1,0,0,0,0,0,0
22.0,30.0,0,1,0,0,0,1,0,0,0,1,0,0,0,0,0,0
20.0,30.0,0,1,0,0,0,1,0,0,0,1,0,0,0,0,0,0
13.0,30.0,0,1,0,1,0,0,0,0,0,1,0,0,0,0,0,0
52.0,37.0,0,1,0,0,0,0,1,0,0,0,0,0,1,0,0,0
20.0,37.0,0,0,0,0,0,1,0,0,0,0,0,0,1,0,0,0
14.0,37.0,0,1,0,1,0,0,0,0,0,1,0,0,0,0,0,0
48.0,18.0,0,0,0,0,0,1,0,0,0,0,0,0,0,1,0,0
28.0,18.0,0,1,0,0,1,0,0,0,0,0,0,0,0,1,0,0
7.0,18.0,0,0,0,0,0,0,0,0,0,0,1,0,0,0,0,0
39.0,62.0,0,0,0,0,1,0,0,0,0,0,0,1,0,0,0,0
66.0,96.0,1,1,0,0,1,0,0,0,0,0,0,0,0,1,0,0
38.0,96.0,1,1,0,0,0,1,0,0,0,1,0,0,0,0,0,0
21.0,96.0,1,1,0,1,0,0,0,0,0,1,0,0,0,0,0,0
52.0,0.0,0,1,0,0,1,0,0,0,0,0,0,0,0,1,0,0
67.0,0.0,0,1,0,1,0,0,0,0,0,1,0,0,0,0,0,0
91.0,0.0,0,1,1,0,0,0,0,0,0,1,0,0,0,0,0,0
88.0,0.0,0,0,0,0,1,0,0,0,0,1,0,0,0,0,0,0
54.0,0.0,0,1,0,0,0,0,1,0,0,0,0,0,0,1,0,0
22.0,0.0,0,0,0,0,0,1,0,0,1,0,0,0,0,1,0,0
17.0,0.0,0,1,0,0,1,0,0,0,0,1,0,0,0,0,0,0
51.0,45.0,0,1,0,0,0,0,1,0,0,0,0,0,0,1,0,0
13.0,45.0,0,0,0,1,0,0,0,0,0,1,0,0,0,0,0,0
31.0,40.0,0,0,0,0,0,1,0,0,0,0,0,0,0,1,0,0
59.0,25.0,0,0,0,0,1,0,0,0,0,0,0,0,0,1,0,0
59.0,25.0,0,1,0,0,1,0,0,0,0,0,0,0,0,1,0,0
18.0,25.0,0,0,0,0,0,1,0,0,0,1,0,0,0,0,0,0
38.0,24.0,0,1,0,0,0,0,1,0,0,0,0,0,1,0,0,0
72.0,0.0,1,0,1,0,0,0,0,0,0,1,0,0,0,0,0,0
24.0,0.0,0,1,0,0,0,1,0,0,0,1,0,0,0,0,0,0
73.0,0.0,0,0,0,1,0,0,0,0,1,0,0,0,1,0,0,0
71.0,0.0,0,1,0,1,0,0,0,0,0,1,0,0,0,0,0,0
40.0,54.0,0,0,0,1,0,0,0,0,0,0,0,0,0,1,0,0
47.0,54.0,0,1,0,0,1,0,0,0,0,0,0,0,0,1,0,0
28.0,0.0,1,0,0,1,0,0,0,0,0,0,0,0,0,1,0,0
37.0,0.0,1,1,0,1,0,0,0,0,0,1,0,0,0,0,0,0
54.0,0.0,0,1,0,1,0,0,0,0,0,1,0,0,0,0,0,0
24.0,0.0,0,1,0,0,0,1,0,0,0,0,0,0,0,1,0,0
23.0,0.0,0,0,0,0,1,0,0,0,0,0,0,0,0,1,0,0
39.0,18.0,1,0,0,0,1,0,0,0,0,0,0,0,0,1,0,0
13.0,18.0,1,0,0,1,0,0,0,0,0,1,0,0,0,0,0,0
16.0,18.0,1,1,0,1,0,0,0,0,0,1,0,0,0,0,0,0
11.0,18.0,1,0,0,0,0,0,0,0,0,1,0,0,0,0,0,0
21.0,96.0,1,0,0,0,0,1,0,0,0,1,0,0,0,0,0,0
61.0,40.0,0,0,0,0,1,0,0,0,0,0,0,0,1,0,0,0
57.0,60.0,1,0,0,0,0,0,1,0,0,0,0,0,0,1,0,0
25.0,60.0,1,0,0,0,0,1,0,0,1,0,0,0,0,1,0,0
13.0,60.0,1,0,0,0,0,0,0,0,0,1,0,0,0,0,0,0
7.0,84.0,1,1,0,0,0,0,0,0,0,0,1,0,0,0,0,0
37.0,40.0,0,0,1,0,0,0,0,0,0,0,0,0,0,1,0,0
43.0,40.0,0,1,0,0,0,0,1,0,0,0,0,0,1,0,0,0
3.0,40.0,0,1,0,0,0,0,0,1,0,0,1,0,0,0,0,0
28.0,84.0,1,0,0,1,0,0,0,0,0,0,0,0,1,0,0,0
28.0,84.0,1,1,0,0,0,1,0,0,0,1,0,0,0,0,0,0
59.0,0.0,1,0,1,0,0,0,0,0,1,0,0,0,0,0,0,0
57.0,0.0,1,0,0,0,1,0,0,0,0,1,0,0,0,0,0,0
65.0,6.0,0,0,0,0,0,0,0,0,0,0,0,0,1,0,0,0
50.0,6.0,0,1,1,0,0,0,0,0,0,1,0,0,0,0,0,0
32.0,9.0,1,1,0,1,0,0,0,0,0,0,0,0,1,0,0,0
10.0,9.0,1,0,0,0,0,0,0,0,0,1,0,0,0,0,0,0
8.0,9.0,1,1,0,0,0,0,0,0,0,0,1,0,0,0,0,0
13.0,0.0,1,1,0,1,0,0,0,0,0,1,0,0,0,0,0,0
9.0,0.0,1,1,0,0,0,0,0,0,0,0,1,0,0,0,0,0
7.0,0.0,1,1,0,0,0,0,0,0,0,0,1,0,0,0,0,0
40.0,0.0,0,1,0,0,0,0,1,0,0,1,0,0,0,0,0,0
35.0,0.0,0,0,0,0,1,0,0,0,0,0,0,1,0,0,0,0
10.0,0.0,0,1,0,0,0,0,0,0,0,1,0,0,0,0,0,0
5.0,0.0,0,0,0,0,0,0,0,0,0,0,1,0,0,0,0,0
69.0,0.0,1,1,1,0,0,0,0,0,0,1,0,0,0,0,0,0
26.0,32.0,0,1,0,0,0,0,1,0,0,0,0,0,0,1,0,0
51.0,45.0,0,0,0,0,0,0,1,0,0,0,0,0,0,1,0,0
49.0,45.0,0,1,0,0,0,0,1,0,0,0,0,0,0,1,0,0
48.0,0.0,1,1,0,0,0,0,0,0,0,1,0,0,0,0,0,0
44.0,40.0,0,1,0,0,0,1,0,0,0,0,0,0,0,1,0,0
13.0,40.0,0,1,0,1,0,0,0,0,0,1,0,0,0,0,0,0
9.0,40.0,0,1,0,0,0,0,0,0,0,0,1,0,0,0,0,0
29.0,0.0,0,1,0,0,0,0,1,0,0,0,0,0,0,1,0,0
29.0,0.0,0,0,0,0,0,0,1,0,0,0,0,0,0,1,0,0
49.0,0.0,0,0,1,0,0,0,0,0,0,0,0,0,1,0,0,0
44.0,0.0,0,1,0,0,1,0,0,0,0,1,0,0,0,0,0,0
24.0,0.0,0,1,0,0,1,0,0,0,0,0,0,0,0,1,0,0
27.0,0.0,0,0,0,0,1,0,0,0,0,0,0,0,1,0,0,0
21.0,0.0,0,0,0,0,1,0,0,0,0,0,0,0,1,0,0,0
85.0,0.0,0,1,0,0,0,0,1,0,0,1,0,0,0,0,0,0
28.0,48.0,0,1,0,0,0,0,1,0,0,0,0,0,1,0,0,0
65.0,24.0,0,0,0,0,1,0,0,0,0,0,0,0,0,1,0,0
13.0,48.0,0,1,0,1,0,0,0,0,0,1,0,0,0,0,0,0
6.0,48.0,0,1,0,0,0,0,0,0,0,0,1,0,0,0,0,0
68.0,0.0,0,0,0,0,0,1,0,0,0,1,0,0,0,0,0,0
36.0,48.0,0,1,0,0,1,0,0,0,0,0,0,0,0,1,0,0
36.0,48.0,0,0,0,0,1,0,0,0,0,0,0,0,0,1,0,0
67.0,48.0,0,1,0,0,0,0,0,0,0,1,0,0,0,0,0,0
4.0,9.0,1,1,0,0,0,0,0,1,0,0,1,0,0,0,0,0
82.0,0.0,0,1,1,0,0,0,0,0,0,1,0,0,0,0,0,0
55.0,0.0,0,1,0,0,0,0,1,0,0,0,0,0,0,1,0,0
54.0,0.0,0,0,0,0,0,0,1,0,0,0,0,0,0,1,0,0
19.0,45.0,0,0,0,0,0,1,0,0,0,0,0,0,0,1,0,0
18.0,45.0,0,0,0,0,0,1,0,0,0,1,0,0,0,0,0,0
13.0,45.0,0,0,0,1,0,0,0,0,0,1,0,0,0,0,0,0
13.0,45.0,0,0,0,1,0,0,0,0,0,1,0,0,0,0,0,0
33.0,0.0,0,1,0,1,0,0,0,0,0,0,0,0,0,1,0,0
35.0,0.0,0,0,0,0,1,0,0,0,0,0,0,0,0,1,0,0
2.0,0.0,0,0,0,0,0,0,0,1,0,0,1,0,0,0,0,0
67.0,0.0,1,0,0,0,1,0,0,0,0,1,0,0,0,0,0,0
68.0,0.0,1,1,0,0,0,0,1,0,0,1,0,0,0,0,0,0
36.0,0.0,1,0,0,0,1,0,0,0,1,0,0,0,0,1,0,0
94.0,0.0,0,1,0,0,0,0,1,0,0,1,0,0,0,0,0,0
57.0,35.0,0,0,0,0,1,0,0,0,0,0,0,0,1,0,0,0
73.0,0.0,0,0,1,0,0,0,0,0,0,0,0,0,0,1,0,0
40.0,48.0,0,0,0,0,0,0,1,0,0,0,0,0,0,1,0,0
41.0,48.0,0,1,0,0,0,0,1,0,0,0,0,0,0,1,0,0
58.0,0.0,1,0,0,0,0,1,0,0,0,1,0,0,0,0,0,0
84.0,0.0,0,1,0,0,0,0,1,0,0,1,0,0,0,0,0,0
61.0,0.0,0,1,0,0,0,0,1,0,0,1,0,0,0,0,0,0
68.0,44.0,0,0,0,0,0,0,0,1,0,0,0,0,0,1,0,0
28.0,2.0,0,0,0,0,1,0,0,0,0,0,0,1,0,0,0,0
28.0,2.0,0,1,1,0,0,0,0,0,0,0,0,0,0,1,0,0
8.0,2.0,0,0,0,0,0,0,0,0,0,0,1,0,0,0,0,0
1.0,2.0,0,0,0,0,0,0,0,1,0,0,1,0,0,0,0,0
27.0,0.0,0,0,0,0,0,0,1,0,0,0,0,0,0,1,0,0
22.0,0.0,0,0,0,0,0,1,0,0,0,1,0,0,0,0,0,0
20.0,0.0,0,0,0,0,0,1,0,0,0,1,0,0,0,0,0,0
17.0,0.0,0,1,0,1,0,0,0,0,0,1,0,0,0,0,0,0
90.0,0.0,0,1,0,0,1,0,0,0,0,1,0,0,0,0,0,0
65.0,0.0,1,0,0,1,0,0,0,0,1,0,0,0,0,0,0,0
62.0,0.0,0,1,1,0,0,0,0,0,0,1,0,0,0,0,0,0
36.0,50.0,0,0,0,0,1,0,0,0,0,0,0,1,0,0,0,0
31.0,36.0,0,1,0,0,1,0,0,0,0,0,0,0,1,0,0,0
37.0,36.0,0,0,0,0,1,0,0,0,0,0,0,0,1,0,0,0
9.0,36.0,0,0,0,0,0,0,0,0,0,0,1,0,0,0,0,0
45.0,46.0,0,0,1,0,0,0,0,0,0,0,0,0,0,1,0,0
47.0,46.0,0,1,1,0,0,0,0,0,0,0,0,0,0,1,0,0
28.0,46.0,0,1,0,0,0,1,0,0,0,1,0,0,0,0,0,0
18.0,46.0,0,0,0,0,0,0,1,0,0,0,0,0,0,1,0,0
3.0,46.0,0,1,0,0,0,0,0,1,0,0,1,0,0,0,0,0
45.0,54.0,0,0,1,0,0,0,0,0,0,0,0,0,0,1,0,0
26.0,54.0,0,0,0,1,0,0,0,0,0,0,0,0,0,1,0,0
25.0,54.0,0,1,0,1,0,0,0,0,0,0,0,0,0,1,0,0
6.0,54.0,0,0,0,0,0,0,0,0,0,0,1,0,0,0,0,0
1.0,54.0,0,0,0,0,0,0,0,1,0,0,1,0,0,0,0,0
38.0,9.0,1,1,0,0,0,0,1,0,0,0,0,0,1,0,0,0
39.0,9.0,1,0,0,0,0,0,1,0,0,0,0,0,0,1,0,0
8.0,9.0,1,1,0,0,0,0,0,0,0,0,1,0,0,0,0,0
37.0,24.0,0,1,0,0,0,0,1,0,0,0,0,0,0,1,0,0
61.0,0.0,1,1,0,0,1,0,0,0,0,1,0,0,0,0,0,0
16.0,0.0,1,1,0,1,0,0,0,0,0,1,0,0,0,0,0,0
79.0,0.0,0,0,1,0,0,0,0,0,0,1,0,0,0,0,0,0
77.0,0.0,0,1,0,0,1,0,0,0,0,1,0,0,0,0,0,0
45.0,0.0,0,1,0,0,0,0,1,0,0,1,0,0,0,0,0,0
46.0,0.0,0,0,0,0,1,0,0,0,0,0,0,0,0,1,0,0
12.0,0.0,0,0,0,1,0,0,0,0,0,1,0,0,0,0,0,0
16.0,0.0,0,1,0,1,0,0,0,0,0,1,0,0,0,0,0,0
2.0,0.0,0,1,0,0,0,0,0,1,0,0,1,0,0,0,0,0
47.0,36.0,0,0,1,0,0,0,0,0,0,0,0,0,0,1,0,0
42.0,36.0,0,1,0,0,1,0,0,0,0,1,0,0,0,0,0,0
14.0,36.0,0,1,0,1,0,0,0,0,0,1,0,0,0,0,0,0
66.0,0.0,0,1,1,0,0,0,0,0,0,1,0,0,0,0,0,0
21.0,0.0,0,0,0,1,0,0,0,0,0,1,0,0,0,0,0,0
53.0,0.0,0,0,0,1,0,0,0,0,0,1,0,0,0,0,0,0
25.0,25.0,1,0,0,0,0,1,0,0,0,0,0,0,1,0,0,0
34.0,40.0,0,0,0,0,0,0,1,0,0,0,0,0,0,1,0,0
33.0,40.0,0,1,0,0,0,0,1,0,0,0,0,0,0,1,0,0
6.0,40.0,0,0,0,0,0,0,0,0,0,0,1,0,0,0,0,0
48.0,68.0,0,0,0,0,0,0,1,0,0,0,0,0,0,1,0,0
45.0,40.0,0,1,0,0,0,0,1,0,0,0,0,0,0,1,0,0
60.0,0.0,0,0,0,0,0,0,1,0,0,0,0,0,0,1,0,0
38.0,24.0,0,1,0,0,1,0,0,0,0,0,0,0,0,1,0,0
36.0,24.0,0,0,0,0,1,0,0,0,0,0,0,0,0,1,0,0
4.0,42.0,0,1,0,0,0,0,0,1,0,0,1,0,0,0,0,0
68.0,20.0,0,0,0,0,1,0,0,0,0,0,0,0,0,1,0,0
64.0,20.0,0,1,0,0,1,0,0,0,0,1,0,0,0,0,0,0
40.0,3.0,1,0,0,1,0,0,0,0,0,0,0,0,1,0,0,0
32.0,3.0,1,0,0,1,0,0,0,0,0,0,0,0,1,0,0,0
27.0,3.0,1,1,0,0,1,0,0,0,1,0,0,0,0,1,0,0
7.0,3.0,1,0,0,0,0,0,0,0,0,0,1,0,0,0,0,0
79.0,0.0,0,1,0,1,0,0,0,0,0,1,0,0,0,0,0,0
80.0,0.0,0,0,0,0,1,0,0,0,0,1,0,0,0,0,0,0
43.0,61.0,0,0,0,0,0,0,1,0,0,0,0,0,0,1,0,0
30.0,61.0,0,1,0,0,0,0,1,0,0,0,0,0,0,1,0,0
21.0,44.0,0,0,0,0,0,1,0,0,0,0,0,0,0,1,0,0
21.0,15.0,0,1,0,0,1,0,0,0,0,0,0,0,1,0,0,0
33.0,0.0,0,0,0,0,0,1,0,0,0,0,0,0,0,1,0,0
57.0,30.0,0,1,0,0,1,0,0,0,0,0,0,0,0,1,0,0
47.0,48.0,1,0,0,0,1,0,0,0,0,0,0,0,1,0,0,0
48.0,48.0,1,1,0,1,0,0,0,0,0,0,0,0,0,1,0,0
17.0,48.0,1,1,0,0,0,0,0,0,0,1,0,0,0,0,0,0
11.0,48.0,1,0,0,1,0,0,0,0,0,1,0,0,0,0,0,0
54.0,40.0,1,1,0,0,1,0,0,0,0,0,0,0,0,1,0,0
28.0,40.0,1,0,0,0,1,0,0,0,1,0,0,0,0,1,0,0
18.0,40.0,1,0,0,0,0,1,0,0,0,1,0,0,0,0,0,0
62.0,0.0,1,0,0,0,0,0,0,0,0,1,0,0,0,0,0,0
59.0,0.0,1,1,1,0,0,0,0,0,0,0,0,0,0,1,0,0
44.0,40.0,0,1,0,0,0,0,1,0,0,0,0,0,1,0,0,0
45.0,40.0,0,0,0,0,0,0,1,0,0,0,0,0,1,0,0,0
13.0,40.0,0,0,0,1,0,0,0,0,0,1,0,0,0,0,0,0
10.0,40.0,0,1,0,0,0,0,0,0,0,1,0,0,0,0,0,0
56.0,26.0,0,0,0,0,0,0,1,0,0,0,0,0,0,1,0,0
51.0,26.0,0,1,0,0,1,0,0,0,0,0,0,0,0,1,0,0
11.0,26.0,0,1,0,0,0,0,0,0,0,1,0,0,0,0,0,0
34.0,40.0,0,0,0,0,0,0,1,0,0,0,0,0,0,1,0,0
38.0,44.0,0,1,0,1,0,0,0,0,0,0,0,0,1,0,0,0
57.0,44.0,0,0,1,0,0,0,0,0,0,0,0,0,0,1,0,0
54.0,12.0,0,1,0,0,1,0,0,0,0,0,0,0,0,1,0,0
32.0,12.0,0,0,0,1,0,0,0,0,0,0,0,0,1,0,0,0
25.0,12.0,0,0,0,1,0,0,0,0,0,0,0,0,0,1,0,0
52.0,0.0,1,0,0,0,1,0,0,0,0,1,0,0,0,0,0,0
29.0,12.0,0,1,0,0,0,0,1,0,0,0,0,0,0,1,0,0
46.0,12.0,0,0,0,0,0,0,1,0,0,0,0,0,0,1,0,0
7.0,12.0,0,1,0,0,0,0,0,0,0,0,1,0,0,0,0,0
47.0,0.0,1,1,0,1,0,0,0,0,1,0,0,0,0,0,0,0
70.0,0.0,1,1,1,0,0,0,0,0,0,1,0,0,0,0,0,0
17.0,0.0,1,0,0,1,0,0,0,0,0,1,0,0,0,0,0,0
14.0,0.0,1,0,0,1,0,0,0,0,0,1,0,0,0,0,0,0
32.0,0.0,0,1,0,0,0,0,1,0,0,1,0,0,0,0,0,0
12.0,0.0,0,0,0,1,0,0,0,0,0,1,0,0,0,0,0,0
54.0,0.0,0,0,0,0,0,0,1,0,0,0,0,0,0,1,0,0
46.0,0.0,0,1,0,0,1,0,0,0,0,0,0,0,0,1,0,0
8.0,0.0,0,0,0,0,0,0,0,0,0,0,1,0,0,0,0,0
18.0,0.0,0,0,0,1,0,0,0,0,0,1,0,0,0,0,0,0
59.0,45.0,0,0,1,0,0,0,0,0,0,0,0,0,0,1,0,0
74.0,45.0,0,1,0,0,1,0,0,0,0,1,0,0,0,0,0,0
27.0,40.0,0,1,0,0,0,1,0,0,0,0,0,0,0,1,0,0
61.0,30.0,0,0,0,0,0,0,1,0,0,0,0,0,0,1,0,0
35.0,0.0,0,0,0,1,0,0,0,0,0,0,0,0,1,0,0,0
30.0,81.0,0,1,0,0,1,0,0,0,0,0,0,0,0,1,0,0
31.0,40.0,0,1,0,0,0,0,1,0,0,0,0,0,0,1,0,0
71.0,0.0,0,1,0,0,0,0,1,0,0,0,0,0,0,1,0,0
53.0,0.0,1,1,1,0,0,0,0,0,0,0,0,0,0,1,0,0
44.0,50.0,1,0,0,0,1,0,0,0,0,0,0,0,1,0,0,0
34.0,50.0,1,1,0,0,1,0,0,0,1,0,0,0,0,1,0,0
13.0,50.0,1,1,0,1,0,0,0,0,0,1,0,0,0,0,0,0
10.0,50.0,1,1,0,0,0,0,0,0,0,1,0,0,0,0,0,0
5.0,50.0,1,1,0,0,0,0,0,1,0,0,1,0,0,0,0,0
3.0,50.0,1,1,0,0,0,0,0,1,0,0,1,0,0,0,0,0
19.0,0.0,0,0,0,1,0,0,0,0,0,1,0,0,0,0,0,0
58.0,0.0,0,1,0,0,0,0,1,0,0,0,0,0,1,0,0,0
43.0,27.0,0,0,0,0,0,1,0,0,0,0,0,0,0,1,0,0
62.0,40.0,0,1,0,1,0,0,0,0,0,0,0,0,1,0,0,0
25.0,48.0,0,0,0,0,1,0,0,0,0,0,0,0,0,1,0,0
45.0,48.0,0,1,0,0,1,0,0,0,0,0,0,0,0,1,0,0
34.0,30.0,1,1,0,0,0,1,0,0,0,0,0,0,0,1,0,0
31.0,30.0,1,0,1,0,0,0,0,0,0,1,0,0,0,0,0,0
27.0,30.0,1,0,0,0,1,0,0,0,1,0,0,0,0,1,0,0
23.0,30.0,1,0,0,0,0,0,0,0,1,0,0,0,0,0,0,0
58.0,27.0,0,0,0,0,1,0,0,0,0,0,0,0,0,1,0,0
59.0,27.0,0,1,0,0,0,0,1,0,0,0,0,0,0,1,0,0
62.0,0.0,0,0,0,0,1,0,0,0,0,0,0,0,0,1,0,0
60.0,0.0,0,1,0,0,1,0,0,0,0,1,0,0,0,0,0,0
46.0,0.0,0,0,0,0,0,0,1,0,1,0,0,0,0,1,0,0
46.0,0.0,0,1,0,0,0,0,1,0,0,0,0,0,0,1,0,0
7.0,0.0,0,0,0,0,0,0,0,0,0,0,1,0,0,0,0,0
33.0,40.0,0,0,0,1,0,0,0,0,0,1,0,0,0,0,0,0
34.0,45.0,0,0,0,0,1,0,0,0,0,0,0,0,0,1,0,0
57.0,8.0,1,0,1,0,0,0,0,0,0,0,0,0,0,1,0,0
30.0,8.0,1,1,0,0,0,0,0,0,0,1,0,0,0,0,0,0
82.0,0.0,0,1,0,1,0,0,0,0,0,1,0,0,0,0,0,0
42.0,45.0,0,0,0,0,1,0,0,0,0,0,0,0,0,1,0,0
19.0,45.0,0,0,0,1,0,0,0,0,0,1,0,0,0,0,0,0
17.0,45.0,0,1,0,1,0,0,0,0,0,1,0,0,0,0,0,0
53.0,0.0,0,0,0,0,1,0,0,0,0,1,0,0,0,0,0,0
11.0,0.0,0,0,0,1,0,0,0,0,0,1,0,0,0,0,0,0
78.0,0.0,0,0,0,0,0,0,1,0,0,1,0,0,0,0,0,0
55.0,0.0,0,1,0,0,0,0,1,0,0,1,0,0,0,0,0,0
45.0,30.0,1,0,1,0,0,0,0,0,0,0,0,0,1,0,0,0
56.0,30.0,1,1,1,0,0,0,0,0,0,1,0,0,0,0,0,0
81.0,20.0,0,0,0,0,0,1,0,0,0,0,0,1,0,0,0,0
75.0,20.0,0,1,0,0,0,1,0,0,0,1,0,0,0,0,0,0
75.0,20.0,0,1,0,0,0,1,0,0,0,1,0,0,0,0,0,0
68.0,0.0,0,1,0,0,1,0,0,0,0,1,0,0,0,0,0,0
57.0,12.0,1,0,0,0,1,0,0,0,0,0,0,0,1,0,0,0
35.0,0.0,1,0,0,0,1,0,0,0,0,0,0,0,0,1,0,0
34.0,0.0,1,1,0,0,1,0,0,0,0,1,0,0,0,0,0,0
14.0,0.0,1,0,0,1,0,0,0,0,0,1,0,0,0,0,0,0
5.0,0.0,1,0,0,0,0,0,0,0,0,0,1,0,0,0,0,0
14.0,30.0,1,0,0,1,0,0,0,0,0,1,0,0,0,0,0,0
9.0,30.0,1,0,0,0,0,0,0,0,0,0,1,0,0,0,0,0
86.0,0.0,0,1,0,0,0,0,0,0,0,1,0,0,0,0,0,0
71.0,0.0,0,1,0,0,0,0,1,0,0,1,0,0,0,0,0,0
73.0,0.0,0,1,0,0,0,1,0,0,0,1,0,0,0,0,0,0
39.0,0.0,0,1,0,0,0,1,0,0,1,0,0,0,0,0,0,0
34.0,0.0,0,0,0,0,0,0,1,0,0,0,0,0,0,1,0,0
33.0,0.0,0,0,0,0,0,0,1,0,0,0,0,0,0,1,0,0
1.0,105.0,0,0,0,0,0,0,0,1,0,0,1,0,0,0,0,0
30.0,105.0,0,1,0,0,1,0,0,0,0,0,0,0,1,0,0,0
38.0,105.0,0,0,0,0,1,0,0,0,0,0,0,0,0,1,0,0
11.0,105.0,0,0,0,0,0,0,0,0,0,1,0,0,0,0,0,0
10.0,105.0,0,0,0,0,0,0,0,0,0,1,0,0,0,0,0,0
37.0,2.0,1,1,1,0,0,0,0,0,0,0,0,0,1,0,0,0
42.0,2.0,1,0,1,0,0,0,0,0,0,0,0,0,1,0,0,0
16.0,2.0,1,1,0,1,0,0,0,0,0,1,0,0,0,0,0,0
13.0,2.0,1,1,0,1,0,0,0,0,0,1,0,0,0,0,0,0
8.0,2.0,1,1,0,0,0,0,0,0,0,0,1,0,0,0,0,0
39.0,40.0,1,0,0,0,0,0,1,0,0,0,0,0,0,1,0,0
73.0,0.0,0,1,0,1,0,0,0,0,0,1,0,0,0,0,0,0
25.0,49.0,1,0,0,1,0,0,0,0,0,0,0,0,1,0,0,0
36.0,40.0,0,0,0,0,0,1,0,0,0,0,0,0,0,1,0,0
14.0,0.0,0,0,0,1,0,0,0,0,0,1,0,0,0,0,0,0
41.0,0.0,1,0,0,1,0,0,0,0,0,1,0,0,0,0,0,0
48.0,27.0,0,0,0,0,0,0,0,0,0,0,0,0,0,1,0,0
47.0,27.0,0,1,1,0,0,0,0,0,0,0,0,0,1,0,0,0
13.0,27.0,0,1,0,1,0,0,0,0,0,1,0,0,0,0,0,0
12.0,27.0,0,1,0,0,0,0,0,0,0,1,0,0,0,0,0,0
39.0,44.0,1,0,0,0,1,0,0,0,0,0,0,0,0,1,0,0
36.0,44.0,1,1,0,0,1,0,0,0,0,1,0,0,0,0,0,0
1.0,44.0,1,1,0,0,0,0,0,1,0,0,1,0,0,0,0,0
7.0,44.0,1,0,0,0,0,0,0,0,0,0,1,0,0,0,0,0
69.0,0.0,1,0,1,0,0,0,0,0,0,1,0,0,0,0,0,0
61.0,0.0,1,1,0,0,1,0,0,0,0,1,0,0,0,0,0,0
18.0,0.0,1,0,0,0,1,0,0,0,1,0,0,0,0,0,0,0
33.0,45.0,0,0,0,1,0,0,0,0,0,0,0,0,0,1,0,0
25.0,45.0,0,1,0,0,1,0,0,0,0,1,0,0,0,0,0,0
1.0,45.0,0,1,0,0,0,0,0,1,0,0,1,0,0,0,0,0
19.0,0.0,1,0,0,0,0,1,0,0,0,1,0,0,0,0,0,0
23.0,0.0,1,0,0,0,0,0,1,0,1,0,0,0,0,1,0,0
25.0,14.0,0,1,0,0,0,1,0,0,0,0,0,0,1,0,0,0
20.0,0.0,1,1,0,0,0,1,0,0,1,0,0,0,0,0,0,0
45.0,49.0,0,0,0,0,0,0,1,0,0,0,0,0,0,1,0,0
29.0,55.0,0,0,0,0,0,0,1,0,0,0,0,0,0,1,0,0
27.0,55.0,0,1,0,0,0,0,1,0,0,0,0,0,0,1,0,0
24.0,4.0,1,0,0,1,0,0,0,0,0,0,0,0,0,1,0,0
19.0,4.0,1,0,0,0,0,0,0,1,0,1,0,0,0,0,0,0
6.0,4.0,1,0,0,0,0,0,0,1,0,0,1,0,0,0,0,0
45.0,4.0,1,1,1,0,0,0,0,0,0,0,0,0,1,0,0,0
32.0,40.0,1,1,0,0,1,0,0,0,0,1,0,0,0,0,0,0
11.0,40.0,1,1,0,0,0,0,0,0,0,1,0,0,0,0,0,0
4.0,40.0,1,0,0,0,0,0,0,1,0,0,1,0,0,0,0,0
31.0,0.0,1,1,0,0,1,0,0,0,0,1,0,0,0,0,0,0
32.0,0.0,1,0,0,0,1,0,0,0,0,0,0,0,0,1,0,0
5.0,0.0,1,1,0,0,0,0,0,0,0,0,1,0,0,0,0,0
3.0,0.0,1,1,0,0,0,0,0,1,0,0,1,0,0,0,0,0
14.0,0.0,1,0,0,1,0,0,0,0,0,1,0,0,0,0,0,0
11.0,0.0,1,1,0,0,0,0,0,0,0,1,0,0,0,0,0,0
74.0,0.0,0,1,0,1,0,0,0,0,0,1,0,0,0,0,0,0
50.0,0.0,0,0,0,1,0,0,0,0,0,0,0,0,0,1,0,0
17.0,0.0,0,1,0,1,0,0,0,0,0,0,0,0,0,1,0,0
19.0,0.0,0,0,0,0,1,0,0,0,0,0,0,0,0,1,0,0
82.0,0.0,0,1,1,0,0,0,0,0,0,1,0,0,0,0,0,0
34.0,0.0,0,1,0,0,0,1,0,0,0,0,0,0,0,1,0,0
53.0,0.0,0,1,0,0,1,0,0,0,0,0,0,0,0,1,0,0
55.0,0.0,0,0,1,0,0,0,0,0,0,0,0,0,0,1,0,0
34.0,0.0,0,0,0,1,0,0,0,0,0,0,0,0,0,1,0,0
54.0,0.0,0,1,0,0,0,1,0,0,0,0,0,0,0,1,0,0
22.0,0.0,0,0,0,1,0,0,0,0,0,1,0,0,0,0,0,0
2.0,0.0,0,0,0,0,0,0,0,1,0,0,1,0,0,0,0,0
73.0,30.0,0,0,0,0,0,0,1,0,0,0,0,0,0,1,0,0
55.0,30.0,0,1,0,0,0,0,1,0,0,0,0,0,0,1,0,0
52.0,0.0,0,0,0,0,0,0,1,0,0,0,0,0,0,1,0,0
34.0,40.0,0,1,0,0,0,0,1,0,0,0,0,0,0,1,0,0
32.0,30.0,0,1,0,0,0,1,0,0,0,0,0,0,0,1,0,0
54.0,30.0,0,1,0,0,1,0,0,0,0,0,0,0,0,1,0,0
55.0,0.0,1,0,1,0,0,0,0,0,0,1,0,0,0,0,0,0
18.0,0.0,1,0,0,1,0,0,0,0,1,0,0,0,1,0,0,0
19.0,0.0,1,1,0,1,0,0,0,0,0,1,0,0,0,0,0,0
51.0,0.0,0,0,0,0,0,0,1,0,0,0,0,0,0,1,0,0
51.0,0.0,0,1,0,0,0,0,1,0,0,0,0,0,0,1,0,0
44.0,40.0,1,1,0,0,0,0,1,0,0,0,0,0,0,1,0,0
14.0,40.0,1,0,0,1,0,0,0,0,0,1,0,0,0,0,0,0
44.0,4.0,1,0,0,1,0,0,0,0,0,0,0,0,0,1,0,0
25.0,4.0,1,0,0,1,0,0,0,0,1,0,0,0,0,0,0,0
70.0,10.0,0,1,1,0,0,0,0,0,0,0,0,0,0,1,0,0
63.0,10.0,0,0,0,0,1,0,0,0,0,0,0,0,0,1,0,0
34.0,10.0,0,0,0,0,0,0,1,0,0,0,0,0,0,1,0,0
49.0,8.0,0,1,0,1,0,0,0,0,0,0,0,0,0,1,0,0
13.0,8.0,0,0,0,1,0,0,0,0,0,1,0,0,0,0,0,0
52.0,8.0,0,0,0,0,0,0,1,0,0,0,0,0,0,1,0,0
31.0,20.0,0,1,0,0,0,0,1,0,0,0,0,0,1,0,0,0
43.0,20.0,0,0,0,0,0,0,1,0,0,0,0,0,0,1,0,0
67.0,0.0,1,0,0,0,1,0,0,0,0,1,0,0,0,0,0,0
67.0,0.0,1,1,0,0,0,0,1,0,0,1,0,0,0,0,0,0
32.0,0.0,1,0,0,0,1,0,0,0,0,0,0,0,1,0,0,0
57.0,40.0,0,0,0,0,0,0,1,0,0,0,0,0,0,1,0,0
58.0,40.0,0,1,0,0,0,0,1,0,0,1,0,0,0,0,0,0
22.0,40.0,0,0,0,0,0,1,0,0,0,0,0,0,0,1,0,0
71.0,0.0,0,1,1,0,0,0,0,0,0,1,0,0,0,0,0,0
8.0,40.0,1,1,0,0,0,0,0,0,0,0,1,0,0,0,0,0
43.0,0.0,0,1,0,0,1,0,0,0,0,1,0,0,0,0,0,0
12.0,0.0,0,0,0,0,0,0,0,0,0,1,0,0,0,0,0,0
41.0,60.0,0,0,0,0,0,1,0,0,0,0,0,0,0,1,0,0
73.0,0.0,0,1,0,0,1,0,0,0,0,1,0,0,0,0,0,0
76.0,0.0,0,1,0,0,0,0,1,0,0,1,0,0,0,0,0,0
81.0,0.0,0,1,0,0,0,0,1,0,0,1,0,0,0,0,0,0
66.0,0.0,0,1,0,0,1,0,0,0,0,1,0,0,0,0,0,0
45.0,0.0,0,0,0,0,1,0,0,0,0,0,0,0,0,1,0,0
46.0,45.0,0,1,0,1,0,0,0,0,0,0,0,0,0,1,0,0
23.0,45.0,0,1,0,0,1,0,0,0,0,1,0,0,0,0,0,0
17.0,45.0,0,1,0,1,0,0,0,0,0,0,0,0,0,1,0,0
24.0,45.0,0,1,0,0,1,0,0,0,0,0,0,0,1,0,0,0
64.0,0.0,0,1,0,0,0,0,0,0,0,1,0,0,0,0,0,0
45.0,0.0,1,1,0,0,0,0,1,0,0,0,0,0,1,0,0,0
18.0,0.0,1,1,0,0,1,0,0,0,1,0,0,0,0,0,0,0
12.0,0.0,1,0,0,1,0,0,0,0,0,1,0,0,0,0,0,0
3.0,0.0,1,0,0,0,0,0,0,1,0,0,1,0,0,0,0,0
16.0,0.0,0,0,0,1,0,0,0,0,0,1,0,0,0,0,0,0
13.0,0.0,0,1,0,1,0,0,0,0,0,1,0,0,0,0,0,0
10.0,0.0,0,0,0,0,0,0,0,0,0,1,0,0,0,0,0,0
75.0,0.0,0,0,0,0,0,0,0,0,0,1,0,0,0,0,0,0
75.0,0.0,0,0,0,0,0,0,0,0,0,1,0,0,0,0,0,0
78.0,0.0,0,1,0,0,0,0,0,0,0,1,0,0,0,0,0,0
42.0,0.0,0,1,0,0,1,0,0,0,0,0,0,0,1,0,0,0
11.0,40.0,1,1,0,1,0,0,0,0,0,1,0,0,0,0,0,0
44.0,44.0,0,1,0,0,1,0,0,0,0,0,0,0,0,1,0,0
53.0,44.0,0,0,0,1,0,0,0,0,0,0,0,0,1,0,0,0
28.0,44.0,0,0,1,0,0,0,0,0,1,0,0,0,0,1,0,0
3.0,44.0,0,0,0,0,0,0,0,1,0,0,1,0,0,0,0,0
23.0,44.0,0,1,0,1,0,0,0,0,0,0,0,0,0,1,0,0
69.0,0.0,1,0,1,0,0,0,0,0,0,1,0,0,0,0,0,0
56.0,0.0,1,1,1,0,0,0,0,0,0,1,0,0,0,0,0,0
8.0,0.0,1,1,0,0,0,0,0,0,0,0,1,0,0,0,0,0
44.0,0.0,1,0,1,0,0,0,0,0,1,0,0,0,1,0,0,0
65.0,0.0,1,1,1,0,0,0,0,0,0,1,0,0,0,0,0,0
52.0,66.0,0,1,0,0,0,0,1,0,0,0,0,0,0,1,0,0
41.0,40.0,0,0,0,0,0,1,0,0,0,0,0,0,0,1,0,0
2.0,40.0,1,1,0,0,0,0,0,1,0,0,1,0,0,0,0,0
31.0,40.0,1,0,0,0,1,0,0,0,0,0,0,0,1,0,0,0
25.0,40.0,1,1,0,1,0,0,0,0,0,1,0,0,0,0,0,0
33.0,40.0,0,0,0,0,1,0,0,0,0,0,0,0,1,0,0,0
33.0,40.0,0,1,0,0,1,0,0,0,0,0,0,0,0,1,0,0
13.0,40.0,0,0,0,1,0,0,0,0,0,1,0,0,0,0,0,0
6.0,40.0,0,0,0,0,0,0,0,0,0,0,1,0,0,0,0,0
56.0,48.0,0,0,0,0,1,0,0,0,0,0,0,0,0,1,0,0
51.0,24.0,0,1,0,0,0,0,1,0,0,0,0,0,0,1,0,0
24.0,24.0,0,0,0,0,0,1,0,0,0,0,0,0,1,0,0,0
78.0,0.0,1,1,0,0,1,0,0,0,0,1,0,0,0,0,0,0
65.0,0.0,1,0,0,0,0,0,0,0,0,1,0,0,0,0,0,0
24.0,0.0,0,0,0,0,1,0,0,0,0,0,0,0,1,0,0,0
36.0,24.0,1,0,1,0,0,0,0,0,0,0,0,0,0,1,0,0
32.0,24.0,1,1,0,0,1,0,0,0,0,1,0,0,0,0,0,0
52.0,24.0,1,1,0,0,0,1,0,0,0,0,0,0,1,0,0,0
23.0,24.0,1,0,0,0,1,0,0,0,0,0,0,0,0,1,0,0
80.0,0.0,0,0,0,0,0,0,0,0,0,1,0,0,0,0,0,0
48.0,0.0,0,1,0,0,0,0,1,0,0,0,0,0,0,1,0,0
20.0,0.0,0,0,0,0,0,1,0,0,0,1,0,0,0,0,0,0
68.0,0.0,1,1,0,1,0,0,0,0,0,1,0,0,0,0,0,0
41.0,0.0,1,1,0,0,0,0,1,0,0,0,0,0,1,0,0,0
2.0,0.0,1,0,0,0,0,0,0,1,0,0,1,0,0,0,0,0
24.0,0.0,0,1,0,1,0,0,0,0,0,1,0,0,0,0,0,0
25.0,0.0,0,0,1,0,0,0,0,0,0,0,0,0,0,1,0,0
3.0,0.0,0,0,0,0,0,0,0,1,0,0,1,0,0,0,0,0
59.0,0.0,0,1,0,0,0,0,0,0,0,1,0,0,0,0,0,0
37.0,56.0,1,0,0,0,1,0,0,0,0,0,0,0,0,1,0,0
37.0,56.0,1,1,0,0,1,0,0,0,0,1,0,0,0,0,0,0
2.0,56.0,1,0,0,0,0,0,0,1,0,0,1,0,0,0,0,0
24.0,0.0,0,1,0,0,0,1,0,0,0,0,0,0,1,0,0,0
24.0,0.0,0,0,0,0,0,1,0,0,0,0,0,0,0,1,0,0
54.0,0.0,1,0,1,0,0,0,0,0,0,1,0,0,0,0,0,0
28.0,0.0,1,1,0,0,1,0,0,0,1,0,0,0,0,1,0,0
49.0,0.0,1,1,1,0,0,0,0,0,0,1,0,0,0,0,0,0
21.0,0.0,1,1,0,0,1,0,0,0,0,0,0,0,0,1,0,0
4.0,0.0,1,0,0,0,0,0,0,1,0,0,1,0,0,0,0,0
8.0,0.0,1,0,0,0,0,0,0,0,0,0,1,0,0,0,0,0
2.0,0.0,1,1,0,0,0,0,0,1,0,0,1,0,0,0,0,0
48.0,30.0,0,1,0,0,0,1,0,0,0,0,0,0,1,0,0,0
55.0,35.0,0,0,0,0,0,1,0,0,0,0,0,0,0,1,0,0
48.0,35.0,0,1,0,0,0,0,1,0,0,0,0,0,0,1,0,0
21.0,24.0,0,0,0,0,1,0,0,0,0,0,0,0,1,0,0,0
15.0,24.0,0,0,0,1,0,0,0,0,0,1,0,0,0,0,0,0
41.0,40.0,0,0,0,0,0,0,1,0,0,0,0,0,0,1,0,0
35.0,40.0,0,1,0,0,0,1,0,0,0,0,0,0,0,1,0,0
11.0,40.0,0,0,0,1,0,0,0,0,0,1,0,0,0,0,0,0
82.0,0.0,0,0,0,0,0,0,0,0,0,1,0,0,0,0,0,0
48.0,0.0,0,0,0,0,0,1,0,0,0,1,0,0,0,0,0,0
38.0,36.0,0,0,0,0,1,0,0,0,0,0,0,0,0,1,0,0
33.0,36.0,0,1,0,0,0,1,0,0,0,0,0,0,0,1,0,0
15.0,36.0,0,1,0,1,0,0,0,0,0,1,0,0,0,0,0,0
6.0,36.0,0,1,0,0,0,0,0,0,0,0,1,0,0,0,0,0
57.0,37.0,0,0,0,0,0,0,1,0,0,0,0,0,1,0,0,0
43.0,45.0,0,0,0,0,0,1,0,0,0,0,0,0,0,1,0,0
5.0,45.0,0,1,0,0,0,0,0,0,0,0,1,0,0,0,0,0
85.0,0.0,0,1,0,1,0,0,0,0,0,1,0,0,0,0,0,0
51.0,0.0,1,0,1,0,0,0,0,0,0,1,0,0,0,0,0,0
20.0,0.0,1,1,0,0,1,0,0,0,0,1,0,0,0,0,0,0
14.0,0.0,1,1,0,1,0,0,0,0,0,1,0,0,0,0,0,0
14.0,0.0,1,1,0,1,0,0,0,0,0,1,0,0,0,0,0,0
39.0,42.0,1,1,0,0,1,0,0,0,0,0,0,0,1,0,0,0
21.0,42.0,1,1,0,0,1,0,0,0,0,1,0,0,0,0,0,0
14.0,42.0,1,1,0,1,0,0,0,0,0,1,0,0,0,0,0,0
4.0,0.0,1,1,0,0,0,0,0,1,0,0,1,0,0,0,0,0
32.0,45.0,0,0,0,0,1,0,0,0,0,0,0,0,0,1,0,0
35.0,45.0,0,1,0,0,1,0,0,0,0,0,0,0,0,1,0,0
6.0,45.0,0,1,0,0,0,0,0,0,0,0,1,0,0,0,0,0
58.0,0.0,0,0,0,1,0,0,0,0,0,1,0,0,0,0,0,0
26.0,70.0,1,0,0,1,0,0,0,0,0,0,0,0,0,1,0,0
28.0,70.0,1,1,0,1,0,0,0,0,0,1,0,0,0,0,0,0
6.0,70.0,1,1,0,0,0,0,0,0,0,0,1,0,0,0,0,0
6.0,70.0,1,1,0,0,0,0,0,1,0,0,1,0,0,0,0,0
74.0,0.0,1,0,0,0,1,0,0,0,0,1,0,0,0,0,0,0
73.0,0.0,1,1,1,0,0,0,0,0,0,1,0,0,0,0,0,0
45.0,0.0,1,0,0,1,0,0,0,0,1,0,0,0,0,1,0,0
39.0,36.0,0,0,0,0,0,1,0,0,0,0,0,0,0,1,0,0
35.0,36.0,0,1,0,1,0,0,0,0,0,0,0,0,0,1,0,0
49.0,30.0,0,0,0,0,0,0,1,0,0,0,0,1,0,0,0,0
70.0,0.0,0,0,0,0,1,0,0,0,0,1,0,0,0,0,0,0
26.0,35.0,0,0,0,0,0,1,0,0,0,0,0,0,0,1,0,0
20.0,35.0,0,1,0,0,1,0,0,0,0,0,0,0,0,1,0,0
24.0,0.0,0,0,0,0,0,1,0,0,0,0,0,0,0,1,0,0
24.0,0.0,0,1,0,0,0,1,0,0,0,0,0,0,0,1,0,0
40.0,0.0,0,0,0,0,0,1,0,0,0,0,0,1,0,0,0,0
50.0,0.0,0,1,0,0,1,0,0,0,0,0,0,0,0,1,0,0
14.0,0.0,0,1,0,1,0,0,0,0,0,1,0,0,0,0,0,0
18.0,0.0,0,0,0,0,0,1,0,0,0,1,0,0,0,0,0,0
12.0,36.0,0,0,0,1,0,0,0,0,0,1,0,0,0,0,0,0
5.0,36.0,0,0,0,0,0,0,0,1,0,0,1,0,0,0,0,0
57.0,36.0,0,1,0,1,0,0,0,0,0,0,0,0,0,1,0,0
46.0,27.0,0,0,0,1,0,0,0,0,0,0,0,0,0,1,0,0
31.0,59.0,0,0,0,0,1,0,0,0,0,0,0,0,0,1,0,0
32.0,59.0,0,1,0,0,1,0,0,0,0,0,0,0,0,1,0,0
14.0,59.0,0,0,0,1,0,0,0,0,0,1,0,0,0,0,0,0
43.0,0.0,0,0,0,0,1,0,0,0,0,0,0,0,1,0,0,0
41.0,0.0,0,1,0,0,0,0,1,0,0,0,0,0,0,1,0,0
15.0,0.0,0,1,0,1,0,0,0,0,0,1,0,0,0,0,0,0
12.0,0.0,0,1,0,1,0,0,0,0,0,1,0,0,0,0,0,0
33.0,45.0,0,1,0,0,0,1,0,0,0,0,0,0,0,1,0,0
36.0,60.0,1,1,0,0,0,1,0,0,0,0,0,0,1,0,0,0
35.0,60.0,1,0,0,0,1,0,0,0,0,0,0,0,1,0,0,0
13.0,60.0,1,0,0,1,0,0,0,0,0,1,0,0,0,0,0,0
7.0,60.0,1,1,0,0,0,0,0,0,0,0,1,0,0,0,0,0
1.0,60.0,1,0,0,0,0,0,0,1,0,0,1,0,0,0,0,0
54.0,48.0,0,0,0,0,0,0,0,0,0,0,0,0,0,1,0,0
52.0,48.0,0,1,0,1,0,0,0,0,0,1,0,0,0,0,0,0
30.0,48.0,0,0,0,1,0,0,0,0,0,0,0,0,0,1,0,0
89.0,0.0,0,1,1,0,0,0,0,0,0,1,0,0,0,0,0,0
47.0,4.0,1,1,0,0,1,0,0,0,0,0,0,0,0,1,0,0
46.0,4.0,1,0,0,0,1,0,0,0,0,0,0,0,0,1,0,0
18.0,4.0,1,0,0,1,0,0,0,0,0,1,0,0,0,0,0,0
10.0,4.0,1,0,0,0,0,0,0,0,0,1,0,0,0,0,0,0
61.0,0.0,1,0,0,1,0,0,0,0,0,1,0,0,0,0,0,0
44.0,0.0,1,1,0,0,1,0,0,0,0,1,0,0,0,0,0,0
56.0,0.0,0,0,0,0,0,1,0,0,0,0,0,0,1,0,0,0
66.0,0.0,0,1,0,0,1,0,0,0,0,1,0,0,0,0,0,0
3.0,45.0,0,1,0,0,0,0,0,1,0,0,1,0,0,0,0,0
49.0,45.0,0,0,0,0,1,0,0,0,0,0,0,0,0,1,0,0
51.0,45.0,0,1,0,0,0,0,1,0,0,0,0,0,1,0,0,0
40.0,35.0,0,0,0,0,0,0,1,0,0,0,0,0,0,1,0,0
66.0,0.0,1,0,1,0,0,0,0,0,0,1,0,0,0,0,0,0
62.0,0.0,1,1,0,0,0,0,0,0,0,1,0,0,0,0,0,0
36.0,0.0,1,1,0,1,0,0,0,0,0,1,0,0,0,0,0,0
48.0,0.0,1,0,0,0,1,0,0,0,0,0,0,0,0,1,0,0
15.0,0.0,1,0,0,0,0,0,0,0,0,1,0,0,0,0,0,0
13.0,0.0,1,1,0,1,0,0,0,0,0,1,0,0,0,0,0,0
10.0,0.0,1,0,0,0,0,0,0,0,0,1,0,0,0,0,0,0
74.0,0.0,0,1,0,0,1,0,0,0,0,1,0,0,0,0,0,0
38.0,42.0,0,1,0,0,0,0,1,0,0,0,0,0,0,1,0,0
38.0,42.0,0,0,0,0,0,0,1,0,0,0,0,0,0,1,0,0
44.0,38.0,1,0,0,0,0,1,0,0,0,0,0,0,1,0,0,0
40.0,12.0,0,0,0,0,0,1,0,0,0,0,0,0,1,0,0,0
38.0,12.0,0,1,0,0,0,1,0,0,0,0,0,0,0,1,0,0
5.0,12.0,0,0,0,0,0,0,0,0,0,0,1,0,0,0,0,0
13.0,12.0,0,0,0,1,0,0,0,0,0,1,0,0,0,0,0,0
43.0,35.0,0,1,0,0,1,0,0,0,0,0,0,0,0,1,0,0
18.0,35.0,0,1,0,1,0,0,0,0,0,1,0,0,0,0,0,0
8.0,35.0,0,0,0,0,0,0,0,0,0,0,1,0,0,0,0,0
57.0,40.0,0,0,0,0,0,0,1,0,0,0,0,0,0,1,0,0
51.0,40.0,0,1,0,1,0,0,0,0,0,0,0,0,0,1,0,0
16.0,40.0,0,1,0,1,0,0,0,0,0,1,0,0,0,0,0,0
23.0,40.0,1,0,0,0,1,0,0,0,1,0,0,0,0,1,0,0
58.0,40.0,1,1,0,1,0,0,0,0,0,0,0,0,0,1,0,0
13.0,48.0,1,0,0,1,0,0,0,0,0,1,0,0,0,0,0,0
44.0,48.0,1,1,1,0,0,0,0,0,0,0,0,0,0,1,0,0
23.0,48.0,1,1,0,0,0,1,0,0,1,0,0,0,1,0,0,0
48.0,86.0,0,0,0,0,1,0,0,0,0,0,0,1,0,0,0,0
30.0,86.0,0,1,0,1,0,0,0,0,0,1,0,0,0,0,0,0
10.0,86.0,0,1,0,0,0,0,0,0,0,1,0,0,0,0,0,0
6.0,86.0,0,1,0,0,0,0,0,0,0,0,1,0,0,0,0,0
27.0,60.0,1,0,0,0,1,0,0,0,0,0,0,0,0,1,0,0
20.0,60.0,1,1,0,1,0,0,0,0,1,0,0,0,0,0,0,0
1.0,60.0,1,1,0,0,0,0,0,1,0,0,1,0,0,0,0,0
53.0,0.0,0,1,0,0,1,0,0,0,0,1,0,0,0,0,0,0
33.0,0.0,0,0,0,0,0,0,0,1,0,1,0,0,0,0,0,0
27.0,0.0,0,0,0,0,1,0,0,0,0,0,0,0,0,1,0,0
59.0,0.0,0,0,0,0,0,0,0,0,0,0,0,0,0,1,0,0
32.0,0.0,0,0,0,1,0,0,0,0,1,0,0,0,0,1,0,0
33.0,60.0,1,0,0,1,0,0,0,0,0,0,0,0,1,0,0,0
27.0,60.0,1,1,0,0,0,1,0,0,0,1,0,0,0,0,0,0
5.0,60.0,1,1,0,0,0,0,0,1,0,0,1,0,0,0,0,0
23.0,56.0,0,0,0,0,1,0,0,0,0,0,0,0,1,0,0,0
67.0,24.0,0,1,0,0,0,0,1,0,0,0,0,0,0,1,0,0
78.0,12.0,0,0,0,0,0,0,1,0,0,0,0,0,1,0,0,0
67.0,18.0,0,1,0,0,0,1,0,0,0,0,0,0,0,1,0,0
36.0,60.0,1,0,0,1,0,0,0,0,0,0,0,0,0,1,0,0
51.0,60.0,1,1,0,0,1,0,0,0,0,1,0,0,0,0,0,0
10.0,60.0,1,1,0,0,0,0,0,0,0,1,0,0,0,0,0,0
37.0,42.0,0,0,0,0,1,0,0,0,0,0,0,0,1,0,0,0
34.0,42.0,0,0,0,1,0,0,0,0,0,0,0,0,0,1,0,0
40.0,27.0,0,0,0,0,0,0,1,0,0,0,0,0,0,1,0,0
40.0,27.0,0,1,0,0,0,0,1,0,0,0,0,0,0,1,0,0
2.0,27.0,0,0,0,0,0,0,0,1,0,0,1,0,0,0,0,0
18.0,40.0,0,1,0,1,0,0,0,0,0,0,0,0,0,1,0,0
71.0,0.0,0,1,0,0,1,0,0,0,0,1,0,0,0,0,0,0
78.0,0.0,0,0,0,0,1,0,0,0,0,1,0,0,0,0,0,0
45.0,0.0,0,1,0,0,0,1,0,0,0,0,0,0,0,1,0,0
45.0,0.0,0,0,0,0,1,0,0,0,0,0,0,0,1,0,0,0
14.0,0.0,0,0,0,1,0,0,0,0,0,1,0,0,0,0,0,0
38.0,45.0,0,1,0,0,0,0,1,0,0,0,0,0,0,1,0,0
32.0,48.0,0,0,0,1,0,0,0,0,0,0,0,0,0,1,0,0
28.0,49.0,0,0,0,1,0,0,0,0,0,0,0,0,1,0,0,0
29.0,49.0,0,0,0,0,0,1,0,0,0,0,0,0,0,1,0,0
78.0,0.0,0,0,0,0,0,0,0,0,0,1,0,0,0,0,0,0
74.0,0.0,0,0,1,0,0,0,0,0,0,1,0,0,0,0,0,0
35.0,45.0,0,0,0,0,0,0,0,0,0,0,0,0,0,1,0,0
35.0,45.0,0,1,0,0,0,0,1,0,0,0,0,0,0,1,0,0
6.0,45.0,0,1,0,0,0,0,0,0,0,0,1,0,0,0,0,0
27.0,35.0,1,1,0,0,1,0,0,0,0,0,0,0,1,0,0,0
8.0,35.0,1,1,0,0,0,0,0,0,0,0,1,0,0,0,0,0
6.0,35.0,1,0,0,0,0,0,0,0,0,0,1,0,0,0,0,0
1.0,35.0,1,1,0,0,0,0,0,1,0,0,1,0,0,0,0,0
52.0,25.0,0,1,0,0,1,0,0,0,0,0,0,0,1,0,0,0
61.0,0.0,0,1,0,0,1,0,0,0,0,1,0,0,0,0,0,0
13.0,45.0,0,0,0,1,0,0,0,0,0,1,0,0,0,0,0,0
68.0,0.0,0,1,0,0,1,0,0,0,0,1,0,0,0,0,0,0
29.0,0.0,0,0,0,0,0,1,0,0,0,0,0,0,0,1,0,0
46.0,0.0,1,0,0,0,0,1,0,0,0,1,0,0,0,0,0,0
39.0,0.0,1,1,0,1,0,0,0,0,0,1,0,0,0,0,0,0
17.0,0.0,1,1,0,1,0,0,0,0,0,1,0,0,0,0,0,0
13.0,0.0,1,1,0,1,0,0,0,0,0,1,0,0,0,0,0,0
9.0,0.0,1,1,0,0,0,0,0,0,0,0,1,0,0,0,0,0
61.0,25.0,0,0,0,0,0,0,1,0,0,0,0,0,1,0,0,0
27.0,25.0,0,1,0,0,0,0,1,0,0,1,0,0,0,0,0,0
53.0,4.0,1,1,1,0,0,0,0,0,0,0,0,0,0,1,0,0
36.0,4.0,1,0,0,1,0,0,0,0,1,0,0,0,0,1,0,0
29.0,4.0,1,0,0,1,0,0,0,0,0,0,0,0,1,0,0,0
53.0,16.0,0,0,0,1,0,0,0,0,0,0,0,0,1,0,0,0
77.0,0.0,0,0,0,0,0,0,1,0,0,1,0,0,0,0,0,0
73.0,0.0,0,1,0,0,1,0,0,0,0,1,0,0,0,0,0,0
58.0,47.0,0,0,0,0,0,0,1,0,0,0,0,0,0,1,0,0
57.0,47.0,0,1,0,0,0,0,1,0,0,0,0,0,0,1,0,0
20.0,47.0,0,1,0,0,0,1,0,0,0,0,0,0,0,1,0,0
51.0,32.0,0,1,0,0,0,0,1,0,0,0,0,0,0,1,0,0
37.0,62.0,0,0,0,0,0,0,1,0,0,0,0,0,0,1,0,0
7.0,62.0,0,0,0,0,0,0,0,0,0,0,1,0,0,0,0,0
90.0,0.0,1,1,1,0,0,0,0,0,0,1,0,0,0,0,0,0
57.0,0.0,1,1,0,1,0,0,0,0,0,0,0,0,1,0,0,0
57.0,0.0,1,0,0,1,0,0,0,0,0,1,0,0,0,0,0,0
57.0,0.0,1,0,0,1,0,0,0,0,0,1,0,0,0,0,0,0
52.0,44.0,1,0,0,0,0,0,1,0,0,0,0,0,0,1,0,0
17.0,44.0,1,0,0,1,0,0,0,0,0,1,0,0,0,0,0,0
16.0,44.0,1,1,0,1,0,0,0,0,0,1,0,0,0,0,0,0
58.0,0.0,1,0,0,1,0,0,0,0,0,1,0,0,0,0,0,0
72.0,0.0,0,0,1,0,0,0,0,0,0,1,0,0,0,0,0,0
68.0,0.0,0,1,0,0,1,0,0,0,0,1,0,0,0,0,0,0
71.0,0.0,0,0,1,0,0,0,0,0,0,1,0,0,0,0,0,0
71.0,0.0,0,1,0,0,1,0,0,0,0,1,0,0,0,0,0,0
29.0,85.0,0,0,1,0,0,0,0,0,0,0,0,0,0,1,0,0
38.0,0.0,1,1,1,0,0,0,0,0,1,0,0,0,0,1,0,0
16.0,0.0,1,1,0,1,0,0,0,0,0,1,0,0,0,0,0,0
12.0,0.0,1,0,0,0,0,0,0,0,0,1,0,0,0,0,0,0
8.0,0.0,1,1,0,0,0,0,0,0,0,0,1,0,0,0,0,0
3.0,0.0,1,1,0,0,0,0,0,1,0,0,1,0,0,0,0,0
88.0,0.0,0,0,0,0,1,0,0,0,0,1,0,0,0,0,0,0
79.0,0.0,0,1,0,0,1,0,0,0,0,1,0,0,0,0,0,0
38.0,56.0,0,0,0,1,0,0,0,0,0,0,0,0,1,0,0,0
16.0,56.0,0,0,0,1,0,0,0,0,0,0,0,0,0,1,0,0
70.0,0.0,0,1,0,0,1,0,0,0,0,1,0,0,0,0,0,0
75.0,0.0,0,0,0,0,1,0,0,0,0,1,0,0,0,0,0,0
75.0,0.0,0,0,0,0,1,0,0,0,0,1,0,0,0,0,0,0
54.0,40.0,0,0,0,0,0,0,1,0,0,0,0,0,0,1,0,0
52.0,16.0,0,1,0,0,1,0,0,0,0,0,0,0,0,1,0,0
46.0,35.0,0,1,0,0,0,1,0,0,0,0,0,0,0,1,0,0
22.0,35.0,0,1,0,0,0,1,0,0,0,0,0,0,0,1,0,0
13.0,35.0,0,0,0,1,0,0,0,0,0,1,0,0,0,0,0,0
81.0,0.0,0,0,0,0,0,0,1,0,0,1,0,0,0,0,0,0
76.0,0.0,0,1,0,0,0,0,1,0,0,1,0,0,0,0,0,0
48.0,40.0,0,0,0,0,0,0,1,0,0,0,0,0,1,0,0,0
69.0,0.0,0,1,0,0,0,0,1,0,0,1,0,0,0,0,0,0
31.0,40.0,0,0,0,0,0,1,0,0,0,0,0,0,0,1,0,0
27.0,40.0,0,0,0,0,0,1,0,0,0,0,0,0,0,1,0,0
73.0,0.0,0,1,1,0,0,0,0,0,0,1,0,0,0,0,0,0
32.0,35.0,0,1,0,0,1,0,0,0,0,0,0,0,0,1,0,0
11.0,35.0,0,1,0,0,0,0,0,0,0,1,0,0,0,0,0,0
70.0,32.0,0,1,0,0,1,0,0,0,0,0,0,0,0,1,0,0
16.0,32.0,0,0,0,1,0,0,0,0,0,1,0,0,0,0,0,0
55.0,50.0,0,1,0,0,0,1,0,0,0,0,0,0,0,1,0,0
67.0,0.0,0,0,0,0,0,1,0,0,0,1,0,0,0,0,0,0
60.0,36.0,0,0,0,0,1,0,0,0,0,0,0,1,0,0,0,0
39.0,36.0,0,1,0,0,0,0,1,0,0,0,0,0,1,0,0,0
9.0,36.0,0,0,0,0,0,0,0,0,0,0,1,0,0,0,0,0
7.0,36.0,0,0,0,0,0,0,0,0,0,0,1,0,0,0,0,0
57.0,45.0,0,0,0,0,0,0,1,0,0,0,0,0,0,1,0,0
51.0,45.0,0,1,0,0,1,0,0,0,0,1,0,0,0,0,0,0
26.0,45.0,0,0,0,0,0,1,0,0,1,0,0,0,0,1,0,0
16.0,45.0,0,1,0,1,0,0,0,0,0,1,0,0,0,0,0,0
26.0,40.0,0,1,0,0,0,1,0,0,0,0,0,0,0,1,0,0
25.0,40.0,0,0,0,0,1,0,0,0,0,0,0,0,0,1,0,0
30.0,85.0,0,1,0,1,0,0,0,0,0,0,0,0,0,1,0,0
8.0,85.0,0,1,0,0,0,0,0,0,0,0,1,0,0,0,0,0
5.0,85.0,0,0,0,0,0,0,0,1,0,0,1,0,0,0,0,0
51.0,21.0,0,1,0,0,0,0,1,0,0,0,0,0,0,1,0,0
6.0,21.0,0,1,0,0,0,0,0,0,0,0,1,0,0,0,0,0
45.0,0.0,0,1,0,0,0,0,1,0,0,1,0,0,0,0,0,0
41.0,0.0,0,0,0,0,0,0,1,0,0,0,0,0,0,1,0,0
9.0,0.0,0,0,0,0,0,0,0,0,0,0,1,0,0,0,0,0
14.0,0.0,0,1,0,1,0,0,0,0,0,1,0,0,0,0,0,0
70.0,0.0,0,0,0,0,0,1,0,0,0,1,0,0,0,0,0,0
67.0,0.0,0,1,0,0,0,1,0,0,0,1,0,0,0,0,0,0
54.0,0.0,0,1,0,0,0,1,0,0,0,0,0,0,0,1,0,0
23.0,0.0,0,1,0,0,0,1,0,0,0,0,0,0,0,1,0,0
86.0,0.0,0,1,0,1,0,0,0,0,0,1,0,0,0,0,0,0
70.0,20.0,0,0,0,0,0,0,1,0,0,0,0,0,1,0,0,0
58.0,20.0,0,1,0,0,0,0,1,0,0,0,0,0,1,0,0,0
28.0,20.0,0,1,0,0,0,1,0,0,0,0,0,0,0,1,0,0
24.0,20.0,0,0,0,0,0,1,0,0,0,1,0,0,0,0,0,0
8.0,20.0,0,1,0,0,0,0,0,0,0,0,1,0,0,0,0,0
6.0,20.0,0,0,0,0,0,0,0,0,0,0,1,0,0,0,0,0
67.0,0.0,0,0,0,0,0,0,1,0,0,1,0,0,0,0,0,0
66.0,0.0,0,1,0,0,1,0,0,0,0,1,0,0,0,0,0,0
78.0,0.0,0,0,1,0,0,0,0,0,0,1,0,0,0,0,0,0
83.0,0.0,0,1,0,1,0,0,0,0,0,1,0,0,0,0,0,0
38.0,13.0,1,0,0,0,0,1,0,0,0,0,0,0,1,0,0,0
38.0,13.0,1,1,0,0,0,0,1,0,0,0,0,0,1,0,0,0
3.0,13.0,1,1,0,0,0,0,0,1,0,0,1,0,0,0,0,0
63.0,0.0,1,1,0,0,0,1,0,0,0,1,0,0,0,0,0,0
69.0,40.0,0,0,0,0,0,1,0,0,0,0,0,1,0,0,0,0
64.0,40.0,0,1,0,0,1,0,0,0,0,0,0,0,1,0,0,0
24.0,0.0,0,0,0,0,0,1,0,0,0,1,0,0,0,0,0,0
81.0,0.0,0,1,1,0,0,0,0,0,0,1,0,0,0,0,0,0
75.0,0.0,0,1,0,0,0,0,1,0,0,1,0,0,0,0,0,0
75.0,0.0,0,1,0,0,0,0,1,0,0,1,0,0,0,0,0,0
37.0,45.0,0,1,0,0,0,0,1,0,0,0,0,0,0,1,0,0
18.0,0.0,0,0,0,0,0,1,0,0,0,1,0,0,0,0,0,0
54.0,40.0,0,0,0,0,0,0,1,0,0,0,0,0,0,1,0,0
47.0,40.0,0,1,0,0,0,0,1,0,0,0,0,0,0,1,0,0
21.0,40.0,0,1,0,0,0,1,0,0,0,0,0,0,0,1,0,0
18.0,40.0,0,0,0,0,0,1,0,0,0,1,0,0,0,0,0,0
15.0,40.0,0,1,0,1,0,0,0,0,0,1,0,0,0,0,0,0
66.0,0.0,0,1,0,0,0,0,1,0,0,1,0,0,0,0,0,0
74.0,0.0,0,0,0,0,0,1,0,0,0,1,0,0,0,0,0,0
49.0,52.0,0,1,0,0,0,0,1,0,0,0,0,0,0,1,0,0
67.0,0.0,1,1,0,0,0,0,1,0,0,1,0,0,0,0,0,0
95.0,0.0,1,1,1,0,0,0,0,0,0,1,0,0,0,0,0,0
48.0,45.0,0,1,0,0,0,0,1,0,0,0,0,0,0,1,0,0
59.0,0.0,1,0,0,0,1,0,0,0,1,0,0,0,0,1,0,0
32.0,0.0,1,0,1,0,0,0,0,0,1,0,0,0,0,0,0,0
46.0,40.0,0,0,0,0,1,0,0,0,0,0,0,1,0,0,0,0
43.0,40.0,0,1,0,0,1,0,0,0,0,1,0,0,0,0,0,0
8.0,40.0,0,1,0,0,0,0,0,0,0,0,1,0,0,0,0,0
9.0,40.0,0,1,0,0,0,0,0,0,0,0,1,0,0,0,0,0
72.0,0.0,0,1,0,0,1,0,0,0,0,1,0,0,0,0,0,0
30.0,48.0,0,1,0,0,0,1,0,0,0,0,0,0,0,1,0,0
12.0,48.0,0,1,0,0,0,0,0,0,0,1,0,0,0,0,0,0
35.0,35.0,0,0,0,0,0,1,0,0,0,0,0,0,0,1,0,0
17.0,35.0,0,0,0,0,0,1,0,0,0,1,0,0,0,0,0,0
36.0,40.0,0,1,0,0,0,0,1,0,0,0,0,0,0,1,0,0
38.0,40.0,0,1,0,0,0,0,1,0,0,0,0,0,0,1,0,0
29.0,40.0,0,0,0,0,1,0,0,0,0,1,0,0,0,0,0,0
6.0,40.0,0,0,0,0,0,0,0,0,0,0,1,0,0,0,0,0
1.0,40.0,0,0,0,0,0,0,0,1,0,0,1,0,0,0,0,0
61.0,40.0,0,0,0,0,1,0,0,0,0,1,0,0,0,0,0,0
42.0,51.0,0,0,0,0,0,0,0,1,0,0,0,0,0,1,0,0
37.0,51.0,0,1,0,0,0,0,1,0,0,0,0,0,0,1,0,0
53.0,50.0,0,1,0,0,0,0,1,0,0,0,0,0,0,1,0,0
19.0,50.0,0,1,0,0,0,1,0,0,0,1,0,0,0,0,0,0
14.0,50.0,0,1,0,1,0,0,0,0,0,1,0,0,0,0,0,0
27.0,27.0,1,0,0,0,1,0,0,0,0,0,0,0,0,1,0,0
22.0,27.0,1,1,0,1,0,0,0,0,0,1,0,0,0,0,0,0
63.0,35.0,1,1,0,0,0,0,0,0,0,0,0,0,1,0,0,0
66.0,16.0,0,0,0,0,0,0,1,0,0,0,0,0,0,1,0,0
49.0,54.0,0,1,0,1,0,0,0,0,0,0,0,0,1,0,0,0
65.0,0.0,0,0,0,0,0,0,1,0,0,1,0,0,0,0,0,0
68.0,0.0,0,0,0,0,0,1,0,0,0,1,0,0,0,0,0,0
66.0,0.0,0,1,0,0,1,0,0,0,0,1,0,0,0,0,0,0
1.0,27.0,1,0,0,0,0,0,0,1,0,0,1,0,0,0,0,0
50.0,30.0,0,1,0,0,0,1,0,0,0,0,0,0,0,1,0,0
50.0,30.0,0,0,0,0,1,0,0,0,0,0,0,0,1,0,0,0
42.0,25.0,0,1,0,0,0,0,1,0,0,0,0,0,1,0,0,0
43.0,25.0,0,0,0,0,0,0,1,0,0,0,0,0,0,1,0,0
13.0,25.0,0,0,0,1,0,0,0,0,0,1,0,0,0,0,0,0
12.0,25.0,0,1,0,0,0,0,0,0,0,1,0,0,0,0,0,0
57.0,40.0,0,0,0,0,0,0,1,0,0,0,0,0,0,1,0,0
50.0,40.0,0,1,0,0,0,0,1,0,0,0,0,0,0,1,0,0
17.0,40.0,0,1,0,0,0,1,0,0,0,1,0,0,0,0,0,0
11.0,40.0,0,1,0,0,0,0,0,0,0,1,0,0,0,0,0,0
16.0,40.0,0,1,0,1,0,0,0,0,0,1,0,0,0,0,0,0
58.0,35.0,0,0,0,0,1,0,0,0,0,0,0,0,1,0,0,0
77.0,35.0,0,1,0,0,1,0,0,0,0,1,0,0,0,0,0,0
56.0,0.0,1,0,1,0,0,0,0,0,1,0,0,0,0,0,0,1
86.0,0.0,1,1,0,0,0,0,0,0,0,1,0,0,0,0,0,0
60.0,0.0,0,1,0,0,0,0,1,0,0,1,0,0,0,0,0,0
64.0,0.0,0,0,0,0,0,0,1,0,0,0,0,0,0,1,0,0
62.0,0.0,0,1,1,0,0,0,0,0,0,1,0,0,0,0,0,0
72.0,0.0,0,0,1,0,0,0,0,0,0,1,0,0,0,0,0,0
63.0,40.0,0,0,0,0,0,1,0,0,0,0,0,0,0,1,0,0
72.0,0.0,0,0,0,0,0,0,0,0,0,1,0,0,0,0,0,0
69.0,0.0,0,1,0,0,0,0,0,0,0,1,0,0,0,0,0,0
19.0,0.0,0,1,0,0,0,1,0,0,0,1,0,0,0,0,0,0
56.0,0.0,0,0,0,0,0,0,0,0,0,0,0,0,0,1,0,0
24.0,0.0,0,0,0,1,0,0,0,0,0,0,0,0,0,1,0,0
34.0,32.0,0,0,0,0,0,0,1,0,0,0,0,0,0,1,0,0
69.0,0.0,0,1,0,0,1,0,0,0,0,1,0,0,0,0,0,0
72.0,0.0,0,0,1,0,0,0,0,0,0,0,0,0,0,1,0,0
36.0,40.0,0,1,0,0,0,1,0,0,0,1,0,0,0,0,0,0
13.0,40.0,0,1,0,1,0,0,0,0,0,1,0,0,0,0,0,0
2.0,40.0,0,0,0,0,0,0,0,1,0,0,1,0,0,0,0,0
31.0,40.0,0,0,0,0,0,0,1,0,0,0,0,0,0,1,0,0
54.0,0.0,0,0,1,0,0,0,0,0,0,0,0,0,0,1,0,0
45.0,0.0,0,1,1,0,0,0,0,0,0,1,0,0,0,0,0,0
20.0,0.0,0,0,0,0,1,0,0,0,0,0,0,0,0,1,0,0
22.0,0.0,0,1,0,0,0,0,1,0,0,1,0,0,0,0,0,0
49.0,0.0,0,1,0,1,0,0,0,0,1,0,0,0,0,1,0,0
30.0,60.0,0,0,0,0,1,0,0,0,0,0,0,0,0,1,0,0
25.0,60.0,0,1,0,1,0,0,0,0,1,0,0,0,0,1,0,0
24.0,44.0,0,1,0,0,1,0,0,0,0,0,0,0,0,1,0,0
29.0,0.0,0,1,0,1,0,0,0,0,0,1,0,0,0,0,0,0
30.0,0.0,0,0,0,0,1,0,0,0,0,0,0,0,0,1,0,0
11.0,0.0,0,1,0,0,0,0,0,0,0,1,0,0,0,0,0,0
6.0,0.0,0,1,0,0,0,0,0,0,0,0,1,0,0,0,0,0
66.0,0.0,1,0,0,0,0,0,0,0,1,0,0,0,0,1,0,0
63.0,0.0,1,1,0,0,0,0,0,0,1,0,0,0,0,1,0,0
85.0,0.0,0,0,1,0,0,0,0,0,0,1,0,0,0,0,0,0
48.0,0.0,0,1,1,0,0,0,0,0,0,1,0,0,0,0,0,0
52.0,0.0,0,0,1,0,0,0,0,0,0,0,0,0,0,1,0,0
19.0,0.0,0,1,0,0,1,0,0,0,0,1,0,0,0,0,0,0
7.0,0.0,0,0,0,0,0,0,0,0,0,0,1,0,0,0,0,0
82.0,0.0,0,0,1,0,0,0,0,0,0,1,0,0,0,0,0,0
32.0,40.0,1,0,0,0,0,0,0,0,0,0,0,0,1,0,0,0
57.0,40.0,1,1,0,0,0,0,0,0,0,0,0,0,1,0,0,0
18.0,40.0,1,1,0,1,0,0,0,0,0,1,0,0,0,0,0,0
29.0,35.0,0,1,0,0,0,0,1,0,0,0,0,0,0,1,0,0
30.0,50.0,0,1,0,0,0,0,1,0,0,0,0,0,1,0,0,0
36.0,50.0,0,0,0,0,1,0,0,0,0,0,0,0,1,0,0,0
64.0,0.0,0,1,0,0,1,0,0,0,0,1,0,0,0,0,0,0
26.0,48.0,1,0,0,0,0,0,1,0,0,0,0,0,0,1,0,0
31.0,48.0,1,1,0,0,1,0,0,0,0,1,0,0,0,0,0,0
12.0,48.0,1,0,0,1,0,0,0,0,0,1,0,0,0,0,0,0
11.0,48.0,1,0,0,0,0,0,0,0,0,1,0,0,0,0,0,0
7.0,48.0,1,1,0,0,0,0,0,0,0,0,1,0,0,0,0,0
38.0,8.0,1,1,0,0,1,0,0,0,0,0,0,0,0,1,0,0
9.0,8.0,1,1,0,0,0,0,0,0,0,0,1,0,0,0,0,0
13.0,8.0,1,1,0,1,0,0,0,0,0,1,0,0,0,0,0,0
6.0,8.0,1,1,0,0,0,0,0,0,0,0,1,0,0,0,0,0
34.0,45.0,0,1,0,1,0,0,0,0,0,0,0,0,0,1,0,0
12.0,45.0,0,0,0,1,0,0,0,0,0,1,0,0,0,0,0,0
91.0,0.0,0,1,0,0,0,0,0,0,0,1,0,0,0,0,0,0
45.0,40.0,0,0,0,0,0,0,1,0,0,0,0,0,1,0,0,0
31.0,0.0,1,1,0,0,0,1,0,0,1,0,0,0,0,1,0,0
5.0,0.0,1,1,0,0,0,0,0,1,0,0,1,0,0,0,0,0
69.0,40.0,0,0,1,0,0,0,0,0,0,0,0,0,0,1,0,0
20.0,40.0,0,0,0,0,1,0,0,0,0,0,0,0,0,1,0,0
42.0,20.0,0,1,0,0,0,0,1,0,0,0,0,0,0,1,0,0
40.0,20.0,0,0,0,0,0,0,1,0,0,0,0,0,1,0,0,0
9.0,20.0,0,0,0,0,0,0,0,0,0,0,1,0,0,0,0,0
77.0,0.0,0,1,0,0,1,0,0,0,0,1,0,0,0,0,0,0
43.0,30.0,0,0,1,0,0,0,0,0,0,0,0,0,1,0,0,0
29.0,30.0,0,1,1,0,0,0,0,0,0,1,0,0,0,0,0,0
10.0,30.0,0,1,0,0,0,0,0,0,0,1,0,0,0,0,0,0
33.0,72.0,1,0,0,0,1,0,0,0,0,0,0,0,0,1,0,0
34.0,72.0,1,1,0,0,1,0,0,0,0,0,0,0,0,1,0,0
9.0,72.0,1,1,0,0,0,0,0,0,0,0,1,0,0,0,0,0
14.0,72.0,1,0,0,1,0,0,0,0,0,1,0,0,0,0,0,0
23.0,0.0,1,0,0,0,1,0,0,0,1,0,0,0,0,0,0,0
51.0,0.0,1,0,0,1,0,0,0,0,0,1,0,0,0,0,0,0
10.0,0.0,1,1,0,0,0,0,0,0,0,1,0,0,0,0,0,0
31.0,30.0,0,0,0,0,1,0,0,0,0,0,0,0,0,1,0,0
34.0,30.0,0,1,0,0,1,0,0,0,0,1,0,0,0,0,0,0
48.0,58.0,0,1,0,0,0,0,1,0,0,0,0,0,0,1,0,0
52.0,58.0,0,0,0,0,1,0,0,0,0,0,0,0,0,1,0,0
17.0,58.0,0,0,1,0,0,0,0,0,0,1,0,0,0,0,0,0
32.0,32.0,1,0,0,1,0,0,0,0,0,0,0,0,1,0,0,0
27.0,32.0,1,1,0,1,0,0,0,0,0,0,0,0,0,1,0,0
15.0,32.0,1,0,0,1,0,0,0,0,0,1,0,0,0,0,0,0
13.0,32.0,1,0,0,1,0,0,0,0,0,1,0,0,0,0,0,0
10.0,32.0,1,1,0,0,0,0,0,0,0,1,0,0,0,0,0,0
41.0,32.0,0,1,0,0,0,0,1,0,0,0,0,0,0,1,0,0
69.0,0.0,0,0,1,0,0,0,0,0,0,1,0,0,0,0,0,0
62.0,0.0,0,1,1,0,0,0,0,0,0,0,0,0,0,1,0,0
65.0,24.0,0,1,0,1,0,0,0,0,0,0,0,0,0,1,0,0
21.0,24.0,0,1,0,0,1,0,0,0,0,1,0,0,0,0,0,0
51.0,72.0,0,0,0,0,1,0,0,0,0,0,0,0,0,1,0,0
53.0,72.0,0,1,0,0,0,0,1,0,0,1,0,0,0,0,0,0
16.0,72.0,0,0,0,1,0,0,0,0,0,1,0,0,0,0,0,0
12.0,72.0,0,0,0,1,0,0,0,0,0,1,0,0,0,0,0,0
46.0,40.0,0,0,0,0,1,0,0,0,0,0,0,0,0,1,0,0
48.0,40.0,0,1,0,0,0,0,1,0,0,0,0,0,0,1,0,0
17.0,40.0,0,1,0,1,0,0,0,0,0,1,0,0,0,0,0,0
75.0,0.0,0,0,1,0,0,0,0,0,0,1,0,0,0,0,0,0
75.0,0.0,0,0,1,0,0,0,0,0,0,1,0,0,0,0,0,0
74.0,0.0,0,1,0,0,1,0,0,0,0,1,0,0,0,0,0,0
62.0,40.0,0,0,0,0,0,0,1,0,0,0,0,0,0,1,0,0
63.0,40.0,0,1,0,0,0,0,1,0,0,1,0,0,0,0,0,0
82.0,40.0,0,1,1,0,0,0,0,0,0,1,0,0,0,0,0,0
9.0,20.0,0,1,0,0,0,0,0,0,0,0,1,0,0,0,0,0
80.0,0.0,1,0,0,1,0,0,0,0,0,1,0,0,0,0,0,0
53.0,0.0,1,1,0,0,0,0,1,0,0,1,0,0,0,0,0,0
26.0,0.0,1,0,0,0,0,1,0,0,1,0,0,0,0,0,0,0
15.0,0.0,1,1,0,1,0,0,0,0,0,1,0,0,0,0,0,0
52.0,24.0,0,1,1,0,0,0,0,0,0,0,0,0,0,1,0,0
38.0,0.0,0,1,0,0,0,1,0,0,0,0,0,0,1,0,0,0
19.0,0.0,0,1,0,0,0,1,0,0,0,0,0,0,0,1,0,0
44.0,57.0,0,0,0,0,0,0,1,0,0,0,0,0,0,1,0,0
85.0,57.0,0,1,0,0,1,0,0,0,0,1,0,0,0,0,0,0
80.0,0.0,0,0,0,0,1,0,0,0,0,1,0,0,0,0,0,0
75.0,32.0,0,1,0,0,1,0,0,0,0,1,0,0,0,0,0,0
75.0,32.0,0,1,0,0,1,0,0,0,0,1,0,0,0,0,0,0
24.0,40.0,0,1,0,0,0,0,1,0,0,0,0,0,0,1,0,0
60.0,40.0,0,1,0,0,0,0,1,0,0,1,0,0,0,0,0,0
25.0,40.0,0,0,0,0,0,0,1,0,0,0,0,0,0,1,0,0
21.0,40.0,0,1,0,0,0,1,0,0,0,1,0,0,0,0,0,0
73.0,40.0,0,0,0,0,0,0,1,0,0,1,0,0,0,0,0,0
60.0,0.0,0,0,0,0,0,0,1,0,0,1,0,0,0,0,0,0
56.0,0.0,0,1,0,0,0,0,1,0,0,0,0,0,0,1,0,0
23.0,0.0,0,1,0,0,0,1,0,0,0,0,0,0,0,1,0,0
19.0,0.0,0,1,0,0,0,1,0,0,0,1,0,0,0,0,0,0
50.0,44.0,0,0,0,1,0,0,0,0,0,0,0,0,0,1,0,0
82.0,0.0,0,1,0,0,1,0,0,0,0,1,0,0,0,0,0,0
44.0,0.0,0,0,0,1,0,0,0,0,0,0,0,0,0,1,0,0
77.0,0.0,0,1,0,0,1,0,0,0,0,1,0,0,0,0,0,0
47.0,0.0,0,0,0,0,1,0,0,0,0,0,0,0,0,1,0,0
49.0,20.0,1,1,0,1,0,0,0,0,0,0,0,0,0,1,0,0
24.0,20.0,1,0,0,1,0,0,0,0,1,0,0,0,0,1,0,0
15.0,20.0,1,1,0,1,0,0,0,0,0,1,0,0,0,0,0,0
66.0,48.0,0,0,1,0,0,0,0,0,0,0,0,0,1,0,0,0
63.0,48.0,0,1,1,0,0,0,0,0,0,1,0,0,0,0,0,0
30.0,48.0,0,1,1,0,0,0,0,0,0,1,0,0,0,0,0,0
29.0,24.0,0,0,0,0,1,0,0,0,0,0,0,0,0,1,0,0
2.0,24.0,0,1,0,0,0,0,0,1,0,0,1,0,0,0,0,0
32.0,57.0,0,1,0,0,1,0,0,0,0,0,0,0,1,0,0,0
32.0,57.0,0,0,0,1,0,0,0,0,0,0,0,1,0,0,0,0
13.0,57.0,0,0,0,1,0,0,0,0,0,1,0,0,0,0,0,0
10.0,57.0,0,1,0,0,0,0,0,0,0,1,0,0,0,0,0,0
77.0,0.0,0,1,0,0,1,0,0,0,0,1,0,0,0,0,0,0
56.0,28.0,0,0,0,1,0,0,0,0,0,0,0,0,0,1,0,0
40.0,50.0,0,1,0,0,0,0,1,0,0,0,0,0,0,1,0,0
21.0,50.0,0,0,0,0,0,1,0,0,0,1,0,0,0,0,0,0
48.0,50.0,0,0,0,1,0,0,0,0,0,0,0,0,0,1,0,0
66.0,24.0,0,0,0,0,1,0,0,0,0,0,0,0,0,1,0,0
71.0,24.0,0,1,0,0,1,0,0,0,0,1,0,0,0,0,0,0
29.0,24.0,0,1,0,0,1,0,0,0,0,0,0,0,0,1,0,0
29.0,24.0,0,0,0,0,1,0,0,0,0,0,0,0,0,1,0,0
2.0,24.0,0,0,0,0,0,0,0,1,0,0,1,0,0,0,0,0
51.0,36.0,0,0,0,0,1,0,0,0,0,0,0,0,0,1,0,0
52.0,36.0,0,1,0,0,1,0,0,0,0,0,0,0,0,1,0,0
20.0,36.0,0,1,0,0,1,0,0,0,0,0,0,0,0,1,0,0
61.0,0.0,0,1,0,0,1,0,0,0,0,1,0,0,0,0,0,0
26.0,40.0,1,0,0,0,1,0,0,0,0,0,0,0,0,1,0,0
26.0,40.0,1,1,0,0,1,0,0,0,0,1,0,0,0,0,0,0
6.0,40.0,1,0,0,0,0,0,0,0,0,0,1,0,0,0,0,0
2.0,40.0,1,1,0,0,0,0,0,1,0,0,1,0,0,0,0,0
68.0,0.0,0,0,0,1,0,0,0,0,0,1,0,0,0,0,0,0
46.0,0.0,0,1,0,0,0,0,1,0,0,1,0,0,0,0,0,0
42.0,0.0,0,0,0,0,0,0,1,0,0,0,0,0,0,1,0,0
14.0,0.0,0,0,0,1,0,0,0,0,0,1,0,0,0,0,0,0
9.0,0.0,0,0,0,0,0,0,0,0,0,0,1,0,0,0,0,0
44.0,0.0,0,1,0,0,1,0,0,0,0,1,0,0,0,0,0,0
34.0,0.0,0,0,0,0,1,0,0,0,0,0,0,0,0,1,0,0
14.0,0.0,0,0,0,1,0,0,0,0,0,1,0,0,0,0,0,0
49.0,40.0,0,0,0,0,0,0,1,0,0,0,0,0,0,1,0,0
48.0,40.0,0,1,0,0,0,0,1,0,0,0,0,0,0,1,0,0
13.0,40.0,0,0,0,1,0,0,0,0,0,1,0,0,0,0,0,0
81.0,0.0,0,1,0,0,0,1,0,0,0,1,0,0,0,0,0,0
16.0,36.0,0,1,0,1,0,0,0,0,0,1,0,0,0,0,0,0
26.0,30.0,0,0,0,0,1,0,0,0,0,0,0,0,0,1,0,0
22.0,30.0,0,1,0,1,0,0,0,0,0,1,0,0,0,0,0,0
2.0,30.0,0,1,0,0,0,0,0,1,0,0,1,0,0,0,0,0
46.0,54.0,0,1,0,0,1,0,0,0,0,0,0,0,0,1,0,0
26.0,54.0,0,0,0,0,1,0,0,0,0,0,0,0,0,1,0,0
37.0,0.0,1,1,0,0,1,0,0,0,0,1,0,0,0,0,0,0
46.0,0.0,1,0,0,0,1,0,0,0,0,0,0,0,0,1,0,0
18.0,0.0,1,0,0,1,0,0,0,0,0,1,0,0,0,0,0,0
15.0,0.0,1,0,0,1,0,0,0,0,0,1,0,0,0,0,0,0
14.0,0.0,1,1,0,1,0,0,0,0,0,1,0,0,0,0,0,0
12.0,0.0,1,0,0,1,0,0,0,0,0,1,0,0,0,0,0,0
8.0,0.0,1,0,0,0,0,0,0,0,0,0,1,0,0,0,0,0
6.0,0.0,1,0,0,0,0,0,0,0,0,0,1,0,0,0,0,0
6.0,0.0,1,0,0,0,0,0,0,0,0,0,1,0,0,0,0,0
34.0,20.0,1,0,1,0,0,0,0,0,0,0,0,0,0,1,0,0
30.0,20.0,1,1,1,0,0,0,0,0,0,1,0,0,0,0,0,0
12.0,20.0,1,0,0,1,0,0,0,0,0,1,0,0,0,0,0,0
9.0,20.0,1,1,0,0,0,0,0,0,0,0,1,0,0,0,0,0
66.0,18.0,0,1,0,0,0,1,0,0,0,0,0,1,0,0,0,0
61.0,42.0,0,1,0,0,0,1,0,0,0,0,0,0,0,1,0,0
30.0,42.0,0,0,0,0,0,0,1,0,0,0,0,0,0,1,0,0
35.0,9.0,1,1,0,1,0,0,0,0,0,0,0,0,1,0,0,0
51.0,45.0,0,0,0,0,0,1,0,0,0,0,0,1,0,0,0,0
50.0,45.0,0,1,0,0,0,1,0,0,0,0,0,0,0,1,0,0
16.0,45.0,0,0,0,1,0,0,0,0,0,1,0,0,0,0,0,0
75.0,0.0,0,0,1,0,0,0,0,0,0,1,0,0,0,0,0,0
75.0,0.0,0,0,1,0,0,0,0,0,0,1,0,0,0,0,0,0
72.0,0.0,0,1,0,1,0,0,0,0,0,1,0,0,0,0,0,0
48.0,0.0,0,0,0,0,0,0,1,0,0,1,0,0,0,0,0,0
71.0,18.0,0,0,1,0,0,0,0,0,0,0,0,0,1,0,0,0
37.0,0.0,1,1,1,0,0,0,0,0,0,1,0,0,0,0,0,0
11.0,0.0,1,1,0,0,0,0,0,0,0,1,0,0,0,0,0,0
16.0,0.0,1,1,0,1,0,0,0,0,0,1,0,0,0,0,0,0
41.0,0.0,1,0,1,0,0,0,0,0,0,0,0,0,0,1,0,0
72.0,0.0,0,1,0,0,0,0,1,0,0,1,0,0,0,0,0,0
72.0,0.0,0,0,0,0,0,0,1,0,0,1,0,0,0,0,0,0
98.0,0.0,0,1,1,0,0,0,0,0,0,1,0,0,0,0,0,0
34.0,40.0,0,0,0,0,0,1,0,0,0,0,0,0,0,1,0,0
32.0,12.0,1,1,0,0,1,0,0,0,0,0,0,0,0,1,0,0
11.0,12.0,1,0,0,0,0,0,0,0,0,1,0,0,0,0,0,0
5.0,20.0,1,0,0,0,0,0,0,1,0,0,1,0,0,0,0,0
2.0,20.0,1,0,0,0,0,0,0,1,0,0,1,0,0,0,0,0
56.0,0.0,0,0,0,0,1,0,0,0,0,0,0,0,0,1,0,0
57.0,0.0,0,1,0,0,0,1,0,0,0,1,0,0,0,0,0,0
25.0,0.0,0,1,0,0,0,1,0,0,0,1,0,0,0,0,0,0
18.0,0.0,0,1,0,0,0,1,0,0,0,1,0,0,0,0,0,0
90.0,9.0,1,1,0,0,0,0,0,0,0,1,0,0,0,0,0,0
19.0,9.0,1,1,0,0,0,1,0,0,0,1,0,0,0,0,0,0
12.0,9.0,1,0,0,1,0,0,0,0,0,1,0,0,0,0,0,0
10.0,9.0,1,0,0,0,0,0,0,0,0,1,0,0,0,0,0,0
65.0,40.0,1,0,0,0,1,0,0,0,0,0,0,0,1,0,0,0
61.0,40.0,1,1,0,0,1,0,0,0,0,1,0,0,0,0,0,0
36.0,40.0,1,0,0,0,0,1,0,0,1,0,0,0,0,0,0,0
13.0,45.0,0,0,0,1,0,0,0,0,0,1,0,0,0,0,0,0
32.0,48.0,0,1,0,0,0,1,0,0,0,0,0,0,0,1,0,0
31.0,48.0,0,0,0,0,0,1,0,0,0,0,0,0,0,1,0,0
73.0,0.0,0,1,0,0,0,0,0,0,0,1,0,0,0,0,0,0
46.0,0.0,0,0,1,0,0,0,0,0,0,0,0,0,0,1,0,0
42.0,40.0,0,1,0,0,0,1,0,0,0,0,0,0,0,1,0,0
20.0,40.0,0,1,0,1,0,0,0,0,0,0,0,0,0,1,0,0
59.0,0.0,0,1,0,0,0,0,1,0,0,1,0,0,0,0,0,0
47.0,40.0,0,0,0,0,0,0,1,0,0,0,0,0,0,1,0,0
46.0,40.0,0,1,0,0,0,0,1,0,1,0,0,0,0,0,0,0
12.0,40.0,0,1,0,1,0,0,0,0,0,1,0,0,0,0,0,0
9.0,40.0,0,1,0,0,0,0,0,0,0,0,1,0,0,0,0,0
45.0,47.0,0,0,0,0,0,1,0,0,0,0,0,0,0,1,0,0
27.0,40.0,0,0,0,0,0,0,1,0,0,0,0,0,0,1,0,0
30.0,40.0,0,1,0,0,0,1,0,0,0,0,0,0,0,1,0,0
27.0,40.0,0,1,0,0,1,0,0,0,0,0,0,0,0,1,0,0
51.0,40.0,0,0,0,0,0,1,0,0,0,0,0,0,0,1,0,0
45.0,40.0,0,1,0,0,0,1,0,0,0,0,0,0,0,1,0,0
8.0,40.0,0,1,0,0,0,0,0,0,0,0,1,0,0,0,0,0
13.0,12.0,1,1,0,1,0,0,0,0,0,1,0,0,0,0,0,0
4.0,12.0,1,0,0,0,0,0,0,1,0,0,1,0,0,0,0,0
16.0,12.0,1,0,0,1,0,0,0,0,0,0,0,0,0,1,0,0
2.0,12.0,1,0,0,0,0,0,0,1,0,0,1,0,0,0,0,0
38.0,60.0,0,0,0,0,1,0,0,0,0,0,0,0,1,0,0,0
39.0,60.0,0,1,0,1,0,0,0,0,0,0,0,0,1,0,0,0
13.0,60.0,0,1,0,1,0,0,0,0,0,1,0,0,0,0,0,0
9.0,60.0,0,0,0,0,0,0,0,0,0,0,1,0,0,0,0,0
54.0,23.0,0,0,0,1,0,0,0,0,0,0,0,0,0,1,0,0
48.0,23.0,0,1,0,1,0,0,0,0,0,0,0,0,0,1,0,0
22.0,23.0,0,0,0,0,0,1,0,0,1,0,0,0,0,1,0,0
19.0,23.0,0,1,0,0,1,0,0,0,1,0,0,0,1,0,0,0
32.0,24.0,0,0,0,0,0,0,1,0,0,0,0,0,0,1,0,0
20.0,50.0,0,1,0,0,0,1,0,0,0,1,0,0,0,0,0,0
14.0,50.0,0,1,0,1,0,0,0,0,0,1,0,0,0,0,0,0
50.0,47.0,0,1,0,0,0,1,0,0,0,1,0,0,0,0,0,0
13.0,47.0,0,0,0,0,0,0,0,0,0,1,0,0,0,0,0,0
13.0,47.0,0,0,0,1,0,0,0,0,0,1,0,0,0,0,0,0
75.0,0.0,0,0,0,0,0,1,0,0,0,1,0,0,0,0,0,0
75.0,0.0,0,0,0,0,0,1,0,0,0,1,0,0,0,0,0,0
72.0,0.0,0,1,0,0,1,0,0,0,0,1,0,0,0,0,0,0
50.0,0.0,0,0,0,0,0,1,0,0,0,0,0,0,1,0,0,0
43.0,0.0,0,1,0,0,0,0,1,0,0,0,0,0,0,1,0,0
81.0,0.0,0,0,0,0,1,0,0,0,0,1,0,0,0,0,0,0
46.0,40.0,1,1,0,1,0,0,0,0,0,0,0,0,0,1,0,0
14.0,40.0,1,1,0,1,0,0,0,0,0,1,0,0,0,0,0,0
18.0,40.0,1,0,0,0,1,0,0,0,1,0,0,0,1,0,0,0
24.0,40.0,1,1,0,1,0,0,0,0,1,0,0,0,1,0,0,0
3.0,40.0,1,1,0,0,0,0,0,1,0,0,1,0,0,0,0,0
42.0,36.0,0,0,0,1,0,0,0,0,0,0,0,0,0,1,0,0
85.0,36.0,0,0,0,0,1,0,0,0,0,1,0,0,0,0,0,0
76.0,0.0,1,0,0,0,0,0,0,0,0,1,0,0,0,0,0,0
38.0,58.0,0,0,0,0,0,0,1,0,0,0,0,0,0,1,0,0
30.0,58.0,0,1,0,0,0,1,0,0,0,1,0,0,0,0,0,0
4.0,58.0,0,0,0,0,0,0,0,1,0,0,1,0,0,0,0,0
27.0,35.0,1,1,0,0,1,0,0,0,0,0,0,0,1,0,0,0
7.0,35.0,1,0,0,0,0,0,0,0,0,0,1,0,0,0,0,0
10.0,35.0,1,0,0,0,0,0,0,0,0,0,0,0,0,1,0,0
29.0,35.0,1,0,0,1,0,0,0,0,0,0,0,0,0,1,0,0
37.0,0.0,0,0,0,0,0,0,1,0,0,0,0,0,0,1,0,0
34.0,0.0,0,1,0,0,0,0,1,0,0,0,0,0,0,1,0,0
11.0,0.0,0,0,0,1,0,0,0,0,0,1,0,0,0,0,0,0
2.0,0.0,0,0,0,0,0,0,0,1,0,0,1,0,0,0,0,0
77.0,0.0,0,0,1,0,0,0,0,0,0,1,0,0,0,0,0,0
39.0,0.0,1,1,0,1,0,0,0,0,0,1,0,0,0,0,0,0
30.0,0.0,1,0,0,0,1,0,0,0,0,0,0,0,0,1,0,0
17.0,0.0,1,0,0,1,0,0,0,0,0,1,0,0,0,0,0,0
13.0,0.0,1,1,0,1,0,0,0,0,0,1,0,0,0,0,0,0
12.0,0.0,1,0,0,1,0,0,0,0,0,1,0,0,0,0,0,0
9.0,0.0,1,1,0,0,0,0,0,0,0,0,1,0,0,0,0,0
49.0,48.0,0,0,0,0,1,0,0,0,0,0,0,0,0,1,0,0
20.0,48.0,0,1,0,0,0,1,0,0,0,0,0,0,0,1,0,0
51.0,48.0,0,1,0,0,1,0,0,0,0,1,0,0,0,0,0,0
67.0,0.0,0,0,0,0,1,0,0,0,0,1,0,0,0,0,0,0
64.0,0.0,0,1,0,0,1,0,0,0,0,1,0,0,0,0,0,0
64.0,70.0,1,1,0,0,0,1,0,0,0,0,0,0,1,0,0,0
82.0,70.0,1,1,1,0,0,0,0,0,0,1,0,0,0,0,0,0
43.0,0.0,0,1,0,0,1,0,0,0,0,0,0,0,0,1,0,0
46.0,0.0,0,0,0,0,1,0,0,0,0,0,0,0,0,1,0,0
16.0,0.0,0,1,0,1,0,0,0,0,0,1,0,0,0,0,0,0
6.0,0.0,0,0,0,0,0,0,0,0,0,0,1,0,0,0,0,0
52.0,24.0,0,1,0,0,0,0,1,0,0,0,0,0,0,1,0,0
50.0,86.0,0,0,0,0,1,0,0,0,0,0,0,1,0,0,0,0
40.0,0.0,0,1,0,0,0,0,1,0,0,0,0,0,0,1,0,0
67.0,0.0,0,1,0,0,1,0,0,0,1,0,0,0,1,0,0,0
31.0,20.0,0,0,0,0,1,0,0,0,0,0,0,1,0,0,0,0
31.0,20.0,0,1,0,0,1,0,0,0,0,0,0,0,0,1,0,0
5.0,20.0,0,1,0,0,0,0,0,1,0,0,1,0,0,0,0,0
3.0,20.0,0,0,0,0,0,0,0,1,0,0,1,0,0,0,0,0
6.0,0.0,1,1,0,0,0,0,0,0,0,0,1,0,0,0,0,0
66.0,0.0,0,1,0,0,1,0,0,0,0,1,0,0,0,0,0,0
30.0,32.0,1,0,0,0,1,0,0,0,0,0,0,0,0,1,0,0
30.0,32.0,1,1,0,0,1,0,0,0,0,1,0,0,0,0,0,0
80.0,0.0,0,1,0,0,0,0,0,0,0,1,0,0,0,0,0,0
51.0,0.0,0,0,0,0,0,0,0,0,0,0,0,0,0,1,0,0
49.0,86.0,0,1,0,0,1,0,0,0,0,0,0,0,1,0,0,0
19.0,86.0,0,1,0,0,0,1,0,0,0,1,0,0,0,0,0,0
16.0,86.0,0,1,0,1,0,0,0,0,0,1,0,0,0,0,0,0
12.0,86.0,0,1,0,1,0,0,0,0,0,1,0,0,0,0,0,0
71.0,0.0,0,1,1,0,0,0,0,0,0,1,0,0,0,0,0,0
9.0,16.0,1,0,0,0,0,0,0,0,0,0,1,0,0,0,0,0
59.0,16.0,1,0,1,0,0,0,0,0,0,0,0,0,1,0,0,0
45.0,16.0,1,1,1,0,0,0,0,0,0,1,0,0,0,0,0,0
22.0,16.0,1,0,0,0,1,0,0,0,1,0,0,0,0,1,0,0
18.0,16.0,1,1,0,0,1,0,0,0,0,1,0,0,0,0,0,0
16.0,16.0,1,0,0,1,0,0,0,0,0,1,0,0,0,0,0,0
15.0,16.0,1,1,0,1,0,0,0,0,0,1,0,0,0,0,0,0
44.0,21.0,1,0,0,0,1,0,0,0,0,0,0,0,0,1,0,0
16.0,16.0,1,0,0,1,0,0,0,0,0,1,0,0,0,0,0,0
45.0,16.0,1,1,0,0,1,0,0,0,0,0,0,0,0,1,0,0
50.0,16.0,1,0,1,0,0,0,0,0,0,0,0,0,0,1,0,0
18.0,16.0,1,1,0,0,0,1,0,0,0,1,0,0,0,0,0,0
31.0,0.0,0,1,0,0,1,0,0,0,0,1,0,0,0,0,0,0
71.0,0.0,0,1,1,0,0,0,0,0,0,1,0,0,0,0,0,0
47.0,24.0,0,0,0,0,0,0,1,0,0,0,0,0,0,1,0,0
46.0,24.0,0,1,0,0,0,0,1,0,0,0,0,0,0,1,0,0
21.0,24.0,0,0,0,0,1,0,0,0,0,0,0,0,0,1,0,0
13.0,24.0,0,1,0,1,0,0,0,0,0,1,0,0,0,0,0,0
9.0,24.0,0,1,0,0,0,0,0,0,0,0,1,0,0,0,0,0
49.0,10.0,1,1,0,0,0,0,1,0,0,0,0,0,0,1,0,0
18.0,10.0,1,0,0,0,1,0,0,0,0,1,0,0,0,0,0,0
47.0,21.0,1,1,0,0,1,0,0,0,0,0,0,0,0,1,0,0
17.0,21.0,1,1,0,1,0,0,0,0,0,1,0,0,0,0,0,0
12.0,21.0,1,1,0,1,0,0,0,0,0,1,0,0,0,0,0,0
30.0,32.0,0,1,0,0,0,0,1,0,0,0,0,0,0,1,0,0
18.0,32.0,0,1,0,1,0,0,0,0,0,1,0,0,0,0,0,0
32.0,0.0,0,0,0,0,0,1,0,0,0,0,0,0,0,1,0,0
70.0,0.0,0,0,1,0,0,0,0,0,0,1,0,0,0,0,0,0
7.0,0.0,0,1,0,0,0,0,0,0,0,0,1,0,0,0,0,0
35.0,0.0,0,1,0,0,1,0,0,0,1,0,0,0,0,1,0,0
61.0,0.0,0,0,0,0,1,0,0,0,0,1,0,0,0,0,0,0
63.0,0.0,0,1,0,0,0,0,0,0,0,1,0,0,0,0,0,0
42.0,0.0,0,0,0,0,1,0,0,0,0,0,0,0,0,1,0,0
23.0,0.0,0,1,0,0,0,1,0,0,0,1,0,0,0,0,0,0
56.0,32.0,0,0,0,0,0,0,1,0,0,0,0,0,1,0,0,0
52.0,32.0,0,1,0,0,0,0,1,0,0,1,0,0,0,0,0,0
23.0,32.0,0,1,0,0,0,1,0,0,0,0,0,0,0,1,0,0
16.0,32.0,0,1,0,1,0,0,0,0,0,1,0,0,0,0,0,0
52.0,54.0,0,0,0,0,0,1,0,0,0,0,0,0,0,1,0,0
64.0,0.0,0,1,0,0,1,0,0,0,0,1,0,0,0,0,0,0
66.0,0.0,0,0,0,0,0,0,1,0,0,1,0,0,0,0,0,0
74.0,0.0,0,0,0,0,0,0,1,0,0,0,0,0,1,0,0,0
62.0,0.0,0,1,0,0,1,0,0,0,0,0,0,0,1,0,0,0
21.0,0.0,0,1,0,0,0,1,0,0,0,1,0,0,0,0,0,0
38.0,8.0,1,0,0,1,0,0,0,0,0,0,0,0,1,0,0,0
36.0,75.0,0,1,0,0,0,0,1,0,0,0,0,0,0,1,0,0
9.0,75.0,0,0,0,0,0,0,0,0,0,0,1,0,0,0,0,0
76.0,0.0,0,1,1,0,0,0,0,0,0,1,0,0,0,0,0,0
20.0,0.0,0,0,0,0,1,0,0,0,0,0,0,0,0,1,0,0
31.0,0.0,1,1,1,0,0,0,0,0,0,1,0,0,0,0,0,0
38.0,0.0,1,0,0,0,1,0,0,0,0,0,0,0,0,1,0,0
11.0,0.0,1,0,0,0,0,0,0,0,0,1,0,0,0,0,0,0
8.0,0.0,1,0,0,0,0,0,0,0,0,0,1,0,0,0,0,0
57.0,55.0,0,1,0,1,0,0,0,0,0,0,0,0,1,0,0,0
59.0,55.0,0,0,1,0,0,0,0,0,0,0,0,0,1,0,0,0
37.0,55.0,0,1,0,0,0,1,0,0,0,0,0,0,0,0,1,0
46.0,50.0,1,0,0,0,1,0,0,0,0,0,0,0,1,0,0,0
42.0,50.0,1,1,0,1,0,0,0,0,0,1,0,0,0,0,0,0
26.0,50.0,1,1,0,0,1,0,0,0,1,0,0,0,1,0,0,0
11.0,50.0,1,1,0,0,0,0,0,0,0,1,0,0,0,0,0,0
10.0,50.0,1,0,0,0,0,0,0,0,0,1,0,0,0,0,0,0
4.0,50.0,1,1,0,0,0,0,0,1,0,0,1,0,0,0,0,0
54.0,24.0,1,1,0,1,0,0,0,0,0,0,0,0,0,1,0,0
64.0,24.0,1,0,1,0,0,0,0,0,0,0,0,0,0,1,0,0
17.0,24.0,1,1,0,0,1,0,0,0,0,1,0,0,0,0,0,0
14.0,24.0,1,1,0,1,0,0,0,0,0,1,0,0,0,0,0,0
32.0,72.0,1,1,0,0,0,0,1,0,0,0,0,0,0,1,0,0
13.0,72.0,1,0,0,1,0,0,0,0,0,1,0,0,0,0,0,0
11.0,72.0,1,1,0,0,0,0,0,0,0,1,0,0,0,0,0,0
61.0,0.0,0,1,1,0,0,0,0,0,0,1,0,0,0,0,0,0
46.0,60.0,1,1,0,1,0,0,0,0,0,0,0,0,1,0,0,0
27.0,60.0,1,0,0,0,1,0,0,0,0,0,0,0,1,0,0,0
60.0,28.0,0,0,0,0,0,0,1,0,0,0,0,0,0,1,0,0
22.0,30.0,0,1,0,0,1,0,0,0,0,0,0,0,0,1,0,0
16.0,30.0,0,0,0,1,0,0,0,0,0,1,0,0,0,0,0,0
74.0,0.0,0,0,0,0,0,0,0,0,0,1,0,0,0,0,0,0
50.0,0.0,0,1,0,0,1,0,0,0,0,0,0,0,0,1,0,0
60.0,20.0,0,0,0,0,0,0,1,0,0,0,0,0,1,0,0,0
49.0,28.0,1,0,0,0,1,0,0,0,0,0,0,0,0,1,0,0
51.0,28.0,1,1,0,0,1,0,0,0,0,1,0,0,0,0,0,0
19.0,28.0,1,0,0,0,0,1,0,0,1,0,0,0,0,0,0,0
60.0,40.0,0,0,0,0,1,0,0,0,0,0,0,0,0,1,0,0
53.0,40.0,0,1,0,0,1,0,0,0,0,0,0,0,0,1,0,0
28.0,40.0,0,1,0,0,0,1,0,0,0,1,0,0,0,0,0,0
24.0,40.0,0,1,0,0,1,0,0,0,0,1,0,0,0,0,0,0
4.0,40.0,0,0,0,0,0,0,0,1,0,0,1,0,0,0,0,0
2.0,40.0,0,0,0,0,0,0,0,1,0,0,1,0,0,0,0,0
29.0,30.0,0,1,0,0,0,1,0,0,0,0,0,0,0,1,0,0
71.0,0.0,1,0,1,0,0,0,0,0,0,1,0,0,0,0,0,0
57.0,0.0,1,1,0,0,0,1,0,0,0,1,0,0,0,0,0,0
33.0,0.0,1,1,0,0,1,0,0,0,0,0,0,0,0,1,0,0
31.0,0.0,1,1,0,0,1,0,0,0,0,1,0,0,0,0,0,0
11.0,0.0,1,0,0,1,0,0,0,0,0,1,0,0,0,0,0,0
48.0,0.0,1,0,1,0,0,0,0,0,0,0,0,0,0,1,0,0
51.0,0.0,1,1,1,0,0,0,0,0,0,1,0,0,0,0,0,0
32.0,0.0,1,0,1,0,0,0,0,0,0,0,0,0,0,1,0,0
21.0,0.0,1,1,0,0,1,0,0,0,1,0,0,0,0,1,0,0
24.0,0.0,1,1,0,0,1,0,0,0,0,1,0,0,0,0,0,0
52.0,45.0,0,1,0,0,1,0,0,0,0,0,0,0,0,1,0,0
47.0,45.0,0,0,0,0,1,0,0,0,0,0,0,0,0,1,0,0
24.0,45.0,0,1,0,0,0,1,0,0,0,0,0,0,0,1,0,0
53.0,20.0,0,1,0,0,0,0,1,0,0,0,0,0,0,1,0,0
21.0,20.0,0,1,0,0,0,1,0,0,0,1,0,0,0,0,0,0
58.0,45.0,0,0,0,0,1,0,0,0,0,0,0,0,0,1,0,0
21.0,45.0,0,0,0,0,0,1,0,0,0,1,0,0,0,0,0,0
8.0,40.0,0,0,0,0,0,0,0,0,0,0,1,0,0,0,0,0
6.0,40.0,0,0,0,0,0,0,0,0,0,0,1,0,0,0,0,0
47.0,0.0,0,1,0,1,0,0,0,0,0,0,0,0,0,1,0,0
59.0,45.0,1,0,1,0,0,0,0,0,0,0,0,0,0,1,0,0
50.0,45.0,1,1,0,0,1,0,0,0,0,1,0,0,0,0,0,0
24.0,45.0,1,0,0,0,0,1,0,0,1,0,0,0,0,0,0,0
19.0,45.0,1,1,0,0,0,1,0,0,0,1,0,0,0,0,0,0
52.0,50.0,0,1,0,0,0,0,1,0,0,0,0,0,0,1,0,0
55.0,50.0,0,0,0,0,1,0,0,0,0,0,0,0,1,0,0,0
19.0,50.0,0,0,0,0,0,1,0,0,1,0,0,0,0,0,0,0
15.0,50.0,0,1,0,1,0,0,0,0,0,1,0,0,0,0,0,0
48.0,4.0,1,1,0,0,0,1,0,0,0,0,0,0,1,0,0,0
37.0,4.0,1,0,0,0,1,0,0,0,0,0,0,0,0,1,0,0
14.0,4.0,1,0,0,1,0,0,0,0,0,1,0,0,0,0,0,0
14.0,4.0,1,0,0,1,0,0,0,0,0,1,0,0,0,0,0,0
56.0,0.0,0,0,0,0,0,0,1,0,0,0,0,0,0,1,0,0
74.0,0.0,0,1,1,0,0,0,0,0,0,1,0,0,0,0,0,0
6.0,0.0,0,0,0,0,0,0,0,0,0,0,1,0,0,0,0,0
25.0,30.0,0,0,0,0,1,0,0,0,0,0,0,0,0,1,0,0
49.0,60.0,0,0,1,0,0,0,0,0,0,0,0,0,0,1,0,0
46.0,60.0,0,1,1,0,0,0,0,0,0,0,0,0,0,1,0,0
12.0,60.0,0,0,0,1,0,0,0,0,0,1,0,0,0,0,0,0
35.0,45.0,0,1,0,0,1,0,0,0,0,0,0,0,0,1,0,0
21.0,45.0,0,0,0,0,0,0,1,0,0,0,0,0,0,1,0,0
32.0,0.0,1,1,0,0,1,0,0,0,0,1,0,0,0,0,0,0
25.0,0.0,1,0,0,0,0,1,0,0,1,0,0,0,1,0,0,0
25.0,48.0,0,0,0,0,0,0,1,0,0,0,0,0,1,0,0,0
36.0,0.0,1,1,0,0,1,0,0,0,0,0,0,0,0,1,0,0
12.0,0.0,1,0,0,1,0,0,0,0,0,1,0,0,0,0,0,0
68.0,30.0,0,0,0,0,0,0,1,0,0,0,0,0,0,1,0,0
33.0,45.0,0,0,0,0,0,0,1,0,0,0,0,0,0,1,0,0
30.0,40.0,0,0,0,0,0,0,1,0,0,0,0,0,0,1,0,0
51.0,84.0,1,1,1,0,0,0,0,0,0,0,0,0,0,1,0,0
21.0,84.0,1,1,0,0,1,0,0,0,1,0,0,0,0,1,0,0
9.0,84.0,1,1,0,0,0,0,0,0,0,0,1,0,0,0,0,0
77.0,0.0,0,1,1,0,0,0,0,0,0,1,0,0,0,0,0,0
18.0,0.0,0,1,0,0,0,1,0,0,0,1,0,0,0,0,0,0
51.0,40.0,0,1,1,0,0,0,0,0,0,0,0,0,0,1,0,0
27.0,40.0,0,1,0,0,1,0,0,0,0,0,0,0,0,1,0,0
14.0,50.0,0,0,0,1,0,0,0,0,0,1,0,0,0,0,0,0
13.0,50.0,0,1,0,1,0,0,0,0,0,1,0,0,0,0,0,0
47.0,50.0,0,0,0,0,0,0,1,0,0,0,0,0,0,1,0,0
53.0,50.0,0,1,0,0,0,0,1,0,0,0,0,0,0,1,0,0
23.0,50.0,0,1,0,0,0,0,1,0,0,0,0,0,0,1,0,0
23.0,50.0,0,1,0,0,0,1,0,0,0,1,0,0,0,0,0,0
43.0,0.0,1,1,0,0,1,0,0,0,0,1,0,0,0,0,0,0
20.0,0.0,1,0,0,0,0,1,0,0,0,0,0,0,0,1,0,0
16.0,0.0,1,0,0,1,0,0,0,0,0,1,0,0,0,0,0,0
35.0,0.0,0,1,0,0,1,0,0,0,0,0,0,0,0,1,0,0
5.0,0.0,0,0,0,0,0,0,0,1,0,0,1,0,0,0,0,0
2.0,0.0,0,1,0,0,0,0,0,1,0,0,1,0,0,0,0,0
64.0,0.0,0,0,0,0,0,0,1,0,0,1,0,0,0,0,0,0
63.0,0.0,0,1,0,0,0,0,1,0,0,0,0,0,0,1,0,0
34.0,0.0,0,0,0,0,0,1,0,0,0,0,0,0,0,1,0,0
28.0,0.0,0,1,0,0,0,0,1,0,0,0,0,0,0,1,0,0
44.0,47.0,0,0,0,1,0,0,0,0,0,0,0,0,0,1,0,0
45.0,45.0,0,1,0,0,0,0,1,0,0,0,0,1,0,0,0,0
18.0,45.0,0,0,0,1,0,0,0,0,0,0,0,0,0,1,0,0
8.0,0.0,1,1,0,0,0,0,0,0,0,0,1,0,0,0,0,0
67.0,0.0,0,0,0,1,0,0,0,0,0,1,0,0,0,0,0,0
63.0,0.0,0,1,0,0,1,0,0,0,0,0,0,0,0,1,0,0
37.0,0.0,0,0,0,0,1,0,0,0,1,0,0,0,0,1,0,0
72.0,0.0,0,1,0,0,1,0,0,0,0,1,0,0,0,0,0,0
37.0,30.0,0,0,0,0,0,0,0,0,0,0,0,0,0,1,0,0
11.0,30.0,0,1,0,0,0,0,0,0,0,1,0,0,0,0,0,0
45.0,0.0,0,0,0,0,1,0,0,0,0,0,0,0,1,0,0,0
43.0,0.0,0,1,0,0,0,0,1,0,0,1,0,0,0,0,0,0
86.0,0.0,0,1,1,0,0,0,0,0,0,1,0,0,0,0,0,0
51.0,36.0,0,0,1,0,0,0,0,0,0,0,0,0,0,1,0,0
58.0,60.0,1,0,0,0,1,0,0,0,0,0,0,0,1,0,0,0
45.0,60.0,1,1,0,0,1,0,0,0,0,1,0,0,0,0,0,0
20.0,60.0,1,0,0,0,1,0,0,0,0,0,0,0,1,0,0,0
16.0,60.0,1,0,0,1,0,0,0,0,0,1,0,0,0,0,0,0
65.0,48.0,0,0,1,0,0,0,0,0,0,0,0,0,0,1,0,0
55.0,48.0,0,1,1,0,0,0,0,0,0,0,0,0,1,0,0,0
47.0,0.0,1,0,0,0,1,0,0,0,0,1,0,0,0,0,0,0
43.0,24.0,1,1,0,0,1,0,0,0,0,0,0,0,0,1,0,0
47.0,24.0,1,0,1,0,0,0,0,0,1,0,0,0,1,0,0,0
23.0,24.0,1,0,0,1,0,0,0,0,0,0,0,0,0,1,0,0
14.0,24.0,1,1,0,0,0,0,0,0,0,1,0,0,0,0,0,0
27.0,40.0,0,1,0,0,1,0,0,0,0,0,0,0,0,1,0,0
27.0,40.0,0,0,1,0,0,0,0,0,1,0,0,0,0,0,0,0
2.0,40.0,0,0,0,0,0,0,0,1,0,0,1,0,0,0,0,0
85.0,0.0,0,1,0,1,0,0,0,0,0,1,0,0,0,0,0,0
74.0,0.0,0,1,0,1,0,0,0,0,0,1,0,0,0,0,0,0
61.0,0.0,0,0,0,1,0,0,0,0,0,1,0,0,0,0,0,0
26.0,0.0,1,1,0,1,0,0,0,0,1,0,0,0,0,1,0,0
6.0,0.0,1,1,0,0,0,0,0,0,0,0,1,0,0,0,0,0
4.0,0.0,1,1,0,0,0,0,0,1,0,0,1,0,0,0,0,0
32.0,45.0,1,0,0,1,0,0,0,0,0,0,0,0,0,1,0,0
27.0,45.0,1,1,0,1,0,0,0,0,0,1,0,0,0,0,0,0
9.0,45.0,1,1,0,0,0,0,0,0,0,0,1,0,0,0,0,0
7.0,45.0,1,0,0,0,0,0,0,0,0,0,1,0,0,0,0,0
5.0,45.0,1,1,0,0,0,0,0,0,0,0,1,0,0,0,0,0
74.0,0.0,0,0,1,0,0,0,0,0,0,1,0,0,0,0,0,0
53.0,0.0,0,0,0,1,0,0,0,0,0,1,0,0,0,0,0,0
71.0,30.0,0,1,0,0,0,0,1,0,0,0,0,0,0,1,0,0
56.0,30.0,0,1,0,0,0,0,1,0,0,0,0,0,0,1,0,0
50.0,24.0,0,0,0,0,0,0,1,0,0,0,0,0,0,1,0,0
47.0,24.0,0,1,0,0,1,0,0,0,0,0,0,0,0,1,0,0
19.0,24.0,0,0,0,0,0,1,0,0,0,1,0,0,0,0,0,0
78.0,16.0,0,0,1,0,0,0,0,0,0,0,0,0,1,0,0,0
30.0,40.0,0,0,0,0,1,0,0,0,0,0,0,0,0,1,0,0
85.0,0.0,0,0,1,0,0,0,0,0,0,1,0,0,0,0,0,0
85.0,0.0,0,1,0,0,1,0,0,0,0,1,0,0,0,0,0,0
56.0,0.0,0,1,0,0,0,0,1,0,0,0,0,0,0,1,0,0
48.0,24.0,0,0,0,0,0,0,1,0,0,0,0,0,0,1,0,0
35.0,24.0,0,1,0,0,0,0,1,0,0,0,0,0,0,1,0,0
61.0,0.0,1,1,0,1,0,0,0,0,1,0,0,0,0,1,0,0
44.0,30.0,0,0,0,0,0,1,0,0,0,0,0,0,0,1,0,0
46.0,68.0,0,0,1,0,0,0,0,0,0,0,0,0,0,1,0,0
32.0,0.0,1,1,0,0,1,0,0,0,0,1,0,0,0,0,0,0
15.0,0.0,1,1,0,1,0,0,0,0,0,1,0,0,0,0,0,0
1.0,0.0,1,0,0,0,0,0,0,1,0,0,1,0,0,0,0,0
58.0,0.0,1,0,0,1,0,0,0,0,1,0,0,0,0,1,0,0
40.0,49.0,0,0,0,0,0,1,0,0,0,0,0,0,1,0,0,0
33.0,49.0,0,1,0,0,0,1,0,0,0,0,0,0,0,1,0,0
68.0,30.0,0,0,0,0,0,1,0,0,0,0,0,1,0,0,0,0
63.0,30.0,0,1,0,0,0,0,1,0,0,0,0,0,0,0,1,0
15.0,68.0,0,0,0,1,0,0,0,0,0,1,0,0,0,0,0,0
53.0,40.0,0,1,0,0,0,0,1,0,0,0,0,0,0,1,0,0
50.0,40.0,0,0,0,0,0,0,1,0,0,0,0,0,0,1,0,0
16.0,40.0,0,0,0,1,0,0,0,0,0,1,0,0,0,0,0,0
30.0,40.0,0,0,0,0,0,1,0,0,0,0,0,0,0,1,0,0
55.0,0.0,0,1,0,0,1,0,0,0,0,1,0,0,0,0,0,0
53.0,0.0,0,0,0,0,1,0,0,0,0,0,0,0,0,1,0,0
23.0,0.0,0,0,0,0,0,1,0,0,0,0,0,0,0,1,0,0
44.0,25.0,1,1,0,0,0,0,0,0,0,0,0,0,0,1,0,0
19.0,25.0,1,1,0,0,1,0,0,0,0,1,0,0,0,0,0,0
12.0,25.0,1,1,0,1,0,0,0,0,0,1,0,0,0,0,0,0
35.0,0.0,1,1,0,1,0,0,0,0,0,1,0,0,0,0,0,0
16.0,0.0,1,1,0,1,0,0,0,0,0,1,0,0,0,0,0,0
12.0,0.0,1,1,0,1,0,0,0,0,0,1,0,0,0,0,0,0
12.0,0.0,1,0,0,1,0,0,0,0,0,1,0,0,0,0,0,0
40.0,32.0,0,1,0,0,1,0,0,0,0,0,0,0,0,1,0,0
9.0,32.0,0,0,0,0,0,0,0,0,0,0,1,0,0,0,0,0
45.0,18.0,1,1,0,0,0,0,1,0,0,0,0,0,0,1,0,0
37.0,18.0,1,0,0,0,0,0,1,0,0,0,0,0,0,1,0,0
7.0,18.0,1,0,0,0,0,0,0,0,0,0,1,0,0,0,0,0
15.0,18.0,1,1,0,1,0,0,0,0,0,1,0,0,0,0,0,0
37.0,0.0,0,1,0,0,0,0,1,0,0,0,0,0,0,1,0,0
31.0,0.0,0,1,1,0,0,0,0,0,0,1,0,0,0,0,0,0
35.0,0.0,0,1,0,0,0,0,1,0,0,0,0,0,0,1,0,0
